0,0,0,0,0,0,0,0,0,0,0,0,0,0,0,0,0,0,0,0,0,0,0,0,0,0,0,0,0,0,0,0,0,0,0,0,0,0,0,0,0,0,0,0,0,0,0,0,0,0,0,0,0,0,0,0,0,0,0,0,0,0,0,0,0,0,0,0,0,0,0,0,0,0,0,0,0,0,0,0,0,0,0,0,0,0,0,0,0,0,0,0,0,0,0,0,0,0,0,0,0,0,0,0,0,0,0,0,0,0,0,0,0,0,0,0,0,0,0,0,0,0,0,0,0,0,0,0,0,0,0,0,0,0,0,0,0,0,0,0,0,0,0,0,0,0,0,0,0,0,0,0,0,0,0,0,0,0,0,0,0
0,0.000337271,0.000673139,0.00100622,0.00133516,0.00165865,0.00197547,0.00228445,0.00258453,0.00287474,0.00315421,0.00342219,0.00367804,0.00392124,0.00415138,0.00436815,0.00457135,0.00476089,0.00493675,0.00509903,0.00524786,0.00538349,0.00550619,0.0056163,0.0057142,0.0058003,0.00587506,0.00593894,0.00599242,0.006036,0.00607018,0.00609546,0.00611235,0.00612132,0.00612287,0.00611747,0.00610557,0.00608763,0.00606406,0.00603529,0.00600171,0.00596369,0.00592159,0.00587575,0.0058265,0.00577414,0.00571896,0.00566123,0.00560121,0.00553913,0.00547523,0.0054097,0.00534276,0.00527457,0.00520532,0.00513517,0.00506425,0.00499271,0.00492067,0.00484826,0.00477558,0.00470274,0.00462982,0.00455691,0.00448409,0.00441143,0.004339,0.00426686,0.00419507,0.00412367,0.0040527,0.00398222,0.00391226,0.00384284,0.00377401,0.00370579,0.00363819,0.00357125,0.00350498,0.0034394,0.00337452,0.00331035,0.00324689,0.00318417,0.00312218,0.00306094,0.00300043,0.00294067,0.00288166,0.00282338,0.00276586,0.00270907,0.00265302,0.0025977,0.00254311,0.00248924,0.00243608,0.00238364,0.0023319,0.00228085,0.00223049,0.0021808,0.00213178,0.00208343,0.00203571,0.00198864,0.0019422,0.00189638,0.00185116,0.00180654,0.00176251,0.00171905,0.00167616,0.00163382,0.00159202,0.00155075,0.00151001,0.00146976,0.00143002,0.00139076,0.00135197,0.00131365,0.00127577,0.00123833,0.00120132,0.00116473,0.00112853,0.00109273,0.00105732,0.00102227,0.000987574,0.000953228,0.000919218,0.000885532,0.000852159,0.000819086,0.000786304,0.000753801,0.000721566,0.000689587,0.000657855,0.000626357,0.000595083,0.000564021,0.000533162,0.000502494,0.000472006,0.000441687,0.000411528,0.000381516,0.000351642,0.000321894,0.000292263,0.000262737,0.000233305,0.000203958,0.000174685,0.000145474,0.000116316,8.72004e-05,5.81161e-05
0,0.000675945,0.00134907,0.00201658,0.00267575,0.00332398,0.00395878,0.00457781,0.00517894,0.00576021,0.00631991,0.00685651,0.00736874,0.00785555,0.00831613,0.00874986,0.00915636,0.00953544,0.0098871,0.0102115,0.0105089,0.0107799,0.011025,0.0112448,0.0114402,0.011612,0.011761,0.0118883,0.0119947,0.0120814,0.0121493,0.0121993,0.0122326,0.0122501,0.0122527,0.0122414,0.0122172,0.0121809,0.0121333,0.0120754,0.0120079,0.0119315,0.0118469,0.0117549,0.0116561,0.0115511,0.0114405,0.0113248,0.0112045,0.0110801,0.0109521,0.0108208,0.0106868,0.0105502,0.0104116,0.0102711,0.0101291,0.00998591,0.00984173,0.00969679,0.00955133,0.00940555,0.00925962,0.00911373,0.00896802,0.00882264,0.00867772,0.00853339,0.00838975,0.0082469,0.00810493,0.00796393,0.00782397,0.00768511,0.00754742,0.00741095,0.00727574,0.00714184,0.00700929,0.00687811,0.00674833,0.00661997,0.00649306,0.00636761,0.00624363,0.00612114,0.00600012,0.0058806,0.00576257,0.00564603,0.00553097,0.0054174,0.0053053,0.00519467,0.00508549,0.00497776,0.00487146,0.00476658,0.00466311,0.00456102,0.0044603,0.00436094,0.00426291,0.00416621,0.00407079,0.00397666,0.00388379,0.00379215,0.00370173,0.0036125,0.00352445,0.00343754,0.00335177,0.0032671,0.00318352,0.00310099,0.00301951,0.00293904,0.00285956,0.00278105,0.00270349,0.00262685,0.0025511,0.00247624,0.00240223,0.00232905,0.00225668,0.00218509,0.00211426,0.00204418,0.0019748,0.00190612,0.00183812,0.00177075,0.00170402,0.00163788,0.00157233,0.00150734,0.00144288,0.00137893,0.00131548,0.00125249,0.00118995,0.00112784,0.00106613,0.00100481,0.000943843,0.000883217,0.000822909,0.000762896,0.000703158,0.000643674,0.000584421,0.000525379,0.000466527,0.000407843,0.000349306,0.000290896,0.000232591,0.00017437,0.000116211
0,0.00101744,0.00203061,0.00303527,0.0040273,0.00500275,0.00595784,0.00688907,0.00779319,0.00866727,0.0095087,0.0103152,0.0110849,0.0118161,0.0125077,0.0131588,0.0137688,0.0143374,0.0148647,0.0153509,0.0157965,0.0162022,0.016569,0.0168978,0.0171898,0.0174463,0.0176687,0.0178584,0.0180169,0.0181456,0.0182462,0.01832,0.0183687,0.0183937,0.0183964,0.0183784,0.0183409,0.0182854,0.018213,0.0181251,0.0180229,0.0179074,0.0177797,0.0176409,0.0174919,0.0173337,0.0171671,0.0169929,0.0168118,0.0166247,0.0164322,0.0162348,0.0160332,0.015828,0.0156196,0.0154085,0.0151952,0.0149801,0.0147635,0.0145459,0.0143274,0.0141085,0.0138894,0.0136704,0.0134516,0.0132334,0.0130159,0.0127992,0.0125836,0.0123693,0.0121562,0.0119446,0.0117346,0.0115262,0.0113196,0.0111148,0.010912,0.0107111,0.0105122,0.0103154,0.0101207,0.00992817,0.00973778,0.00954959,0.00936361,0.00917986,0.00899833,0.00881905,0.008642,0.00846719,0.00829462,0.00812427,0.00795613,0.00779019,0.00762644,0.00746486,0.00730543,0.00714813,0.00699294,0.00683982,0.00668877,0.00653975,0.00639273,0.00624769,0.0061046,0.00596343,0.00582414,0.00568671,0.00555111,0.00541729,0.00528524,0.00515491,0.00502628,0.00489931,0.00477396,0.0046502,0.004528,0.00440732,0.00428813,0.0041704,0.00405408,0.00393915,0.00382557,0.0037133,0.00360231,0.00349257,0.00338404,0.00327669,0.00317048,0.00306537,0.00296134,0.00285835,0.00275637,0.00265535,0.00255528,0.00245611,0.0023578,0.00226034,0.00216368,0.00206779,0.00197263,0.00187818,0.0017844,0.00169126,0.00159873,0.00150677,0.00141534,0.00132443,0.001234,0.001144,0.00105442,0.000965222,0.00087637,0.000787833,0.000699581,0.000611582,0.000523803,0.000436214,0.000348782,0.000261476,0.000174265
0,0.00136322,0.00272065,0.00406658,0.00539543,0.00670186,0.00798078,0.00922745,0.0104375,0.011607,0.0127324,0.0138107,0.0148394,0.0158163,0.0167398,0.0176089,0.0184226,0.0191808,0.0198834,0.0205309,0.021124,0.0216636,0.0221509,0.0225875,0.0229749,0.0233148,0.0236092,0.0238598,0.0240687,0.024238,0.0243697,0.0244659,0.0245284,0.0245595,0.0245609,0.0245347,0.0244827,0.0244066,0.0243083,0.0241892,0.0240511,0.0238954,0.0237236,0.0235371,0.023337,0.0231247,0.0229013,0.0226678,0.0224253,0.0221748,0.021917,0.021653,0.0213834,0.0211089,0.0208303,0.0205482,0.0202632,0.0199758,0.0196864,0.0193957,0.019104,0.0188117,0.0185191,0.0182267,0.0179347,0.0176434,0.0173531,0.017064,0.0167763,0.0164903,0.016206,0.0159237,0.0156435,0.0153656,0.01509,0.0148169,0.0145463,0.0142783,0.0140131,0.0137506,0.013491,0.0132342,0.0129803,0.0127294,0.0124814,0.0122364,0.0119943,0.0117553,0.0115192,0.0112861,0.0110561,0.0108289,0.0106048,0.0103835,0.0101652,0.00994983,0.00973728,0.00952758,0.00932069,0.00911658,0.00891522,0.00871656,0.00852059,0.00832725,0.0081365,0.00794832,0.00776265,0.00757946,0.0073987,0.00722034,0.00704432,0.0068706,0.00669914,0.00652989,0.00636281,0.00619786,0.00603498,0.00587413,0.00571526,0.00555834,0.0054033,0.00525011,0.00509872,0.00494909,0.00480116,0.00465489,0.00451024,0.00436715,0.00422559,0.00408551,0.00394685,0.00380958,0.00367366,0.00353902,0.00340564,0.00327346,0.00314245,0.00301254,0.00288371,0.00275591,0.00262909,0.0025032,0.00237822,0.00225408,0.00213075,0.00200819,0.00188634,0.00176517,0.00164464,0.0015247,0.00140531,0.00128643,0.001168,0.00105001,0.000932385,0.000815101,0.000698112,0.000581375,0.000464848,0.000348489,0.000232256
0,0.00171479,0.00342221,0.00511497,0.006786,0.00842848,0.010036,0.0116024,0.0131224,0.0145908,0.0160032,0.0173559,0.0186457,0.0198699,0.0210265,0.0221142,0.023132,0.0240797,0.0249572,0.0257653,0.0265049,0.0271771,0.0277837,0.0283265,0.0288075,0.029229,0.0295933,0.0299029,0.0301603,0.0303681,0.0305289,0.0306452,0.0307197,0.0307549,0.0307531,0.0307169,0.0306485,0.0305502,0.0304242,0.0302724,0.030097,0.0298997,0.0296824,0.0294467,0.0291944,0.0289268,0.0286455,0.0283518,0.0280469,0.027732,0.0274083,0.0270767,0.0267384,0.026394,0.0260446,0.0256909,0.0253335,0.0249733,0.0246108,0.0242466,0.0238812,0.0235151,0.0231488,0.0227827,0.0224171,0.0220525,0.0216892,0.0213274,0.0209674,0.0206095,0.0202539,0.0199007,0.0195503,0.0192026,0.0188579,0.0185163,0.0181779,0.0178429,0.0175112,0.017183,0.0168584,0.0165373,0.0162199,0.0159062,0.0155962,0.0152899,0.0149873,0.0146885,0.0143934,0.0141021,0.0138145,0.0135307,0.0132505,0.012974,0.0127012,0.0124319,0.0121663,0.0119042,0.0116457,0.0113906,0.011139,0.0108907,0.0106458,0.0104042,0.0101659,0.00993071,0.0096987,0.00946979,0.00924393,0.00902105,0.00880111,0.00858404,0.0083698,0.00815833,0.00794956,0.00774345,0.00753994,0.00733896,0.00714047,0.0069444,0.00675069,0.00655929,0.00637014,0.00618318,0.00599836,0.00581561,0.00563488,0.00545611,0.00527924,0.00510422,0.00493098,0.00475948,0.00458966,0.00442145,0.00425481,0.00408967,0.00392598,0.00376369,0.00360273,0.00344306,0.00328461,0.00312734,0.00297119,0.0028161,0.00266202,0.00250889,0.00235666,0.00220529,0.0020547,0.00190485,0.0017557,0.00160717,0.00145922,0.0013118,0.00116485,0.00101833,0.00087217,0.000726327,0.000580747,0.000435376,0.000290163
0,0.00207373,0.00413841,0.0061851,0.00820511,0.0101901,0.0121322,0.014024,0.0158588,0.0176305,0.0193338,0.0209641,0.0225175,0.023991,0.0253821,0.0266893,0.0279116,0.0290486,0.0301006,0.0310683,0.031953,0.0327564,0.0334803,0.0341272,0.0346996,0.0352003,0.0356321,0.0359981,0.0363014,0.0365451,0.0367325,0.0368665,0.0369504,0.0369872,0.0369799,0.0369313,0.0368443,0.0367216,0.0365658,0.0363793,0.0361646,0.0359239,0.0356594,0.0353731,0.035067,0.0347427,0.0344022,0.0340469,0.0336784,0.0332981,0.0329074,0.0325074,0.0320993,0.0316843,0.0312632,0.0308371,0.0304068,0.0299732,0.0295369,0.0290986,0.028659,0.0282187,0.0277782,0.0273381,0.0268986,0.0264604,0.0260238,0.025589,0.0251565,0.0247265,0.0242993,0.0238751,0.0234542,0.0230367,0.0226228,0.0222126,0.0218063,0.0214041,0.0210059,0.0206119,0.0202222,0.0198369,0.0194559,0.0190794,0.0187073,0.0183397,0.0179766,0.017618,0.017264,0.0169144,0.0165693,0.0162287,0.0158925,0.0155608,0.0152335,0.0149105,0.0145918,0.0142774,0.0139672,0.0136612,0.0133593,0.0130615,0.0127678,0.012478,0.012192,0.01191,0.0116317,0.0113571,0.0110862,0.0108188,0.010555,0.0102947,0.0100377,0.00978407,0.00953367,0.00928647,0.00904238,0.00880133,0.00856326,0.0083281,0.00809578,0.00786623,0.00763938,0.00741515,0.00719349,0.00697432,0.00675757,0.00654317,0.00633105,0.00612115,0.0059134,0.00570772,0.00550405,0.00530233,0.00510248,0.00490443,0.00470813,0.0045135,0.00432047,0.00412899,0.00393897,0.00375036,0.0035631,0.00337711,0.00319233,0.0030087,0.00282615,0.00264461,0.00246402,0.00228433,0.00210545,0.00192734,0.00174992,0.00157313,0.00139691,0.00122119,0.00104592,0.000871019,0.000696437,0.000522108,0.000347967
0,0.00244173,0.0048726,0.00728191,0.00965925,0.0119946,0.0142787,0.0165025,0.0186583,0.0207387,0.0227374,0.0246491,0.0264693,0.0281944,0.0298217,0.0313494,0.0327765,0.0341026,0.0353282,0.0364543,0.0374826,0.038415,0.039254,0.0400025,0.0406635,0.0412404,0.0417368,0.0421561,0.0425021,0.0427786,0.0429893,0.043138,0.0432282,0.0432637,0.0432478,0.0431841,0.0430758,0.0429261,0.042738,0.0425145,0.0422583,0.0419721,0.0416583,0.0413194,0.0409576,0.040575,0.0401736,0.0397553,0.0393218,0.0388747,0.0384157,0.0379461,0.0374673,0.0369805,0.0364869,0.0359876,0.0354835,0.0349757,0.0344649,0.033952,0.0334376,0.0329226,0.0324074,0.0318927,0.031379,0.0308667,0.0303564,0.0298484,0.0293431,0.0288407,0.0283417,0.0278463,0.0273547,0.0268672,0.0263839,0.025905,0.0254307,0.0249611,0.0244964,0.0240366,0.0235818,0.023132,0.0226875,0.0222481,0.0218139,0.021385,0.0209614,0.0205431,0.02013,0.0197222,0.0193196,0.0189223,0.0185302,0.0181433,0.0177614,0.0173847,0.017013,0.0166463,0.0162846,0.0159277,0.0155757,0.0152284,0.0148858,0.0145478,0.0142144,0.0138855,0.0135609,0.0132408,0.0129249,0.0126131,0.0123055,0.0120019,0.0117023,0.0114066,0.0111146,0.0108264,0.0105418,0.0102607,0.00998317,0.00970899,0.00943813,0.00917049,0.008906,0.00864458,0.00838615,0.00813062,0.00787792,0.00762796,0.00738066,0.00713595,0.00689374,0.00665396,0.00641652,0.00618134,0.00594835,0.00571747,0.00548862,0.00526172,0.00503669,0.00481345,0.00459193,0.00437206,0.00415375,0.00393692,0.00372151,0.00350744,0.00329462,0.00308299,0.00287247,0.00266298,0.00245446,0.00224681,0.00203998,0.00183389,0.00162846,0.00142361,0.00121929,0.0010154,0.000811878,0.000608651,0.000405645
0,0.00282058,0.00562835,0.00841069,0.0111553,0.0138506,0.0164853,0.0190492,0.0215331,0.0239284,0.0262281,0.0284257,0.0305162,0.0324956,0.0343609,0.0361101,0.0377422,0.0392571,0.0406553,0.0419383,0.043108,0.044167,0.0451182,0.0459652,0.0467115,0.0473612,0.0479184,0.0483874,0.0487724,0.0490779,0.0493083,0.0494679,0.0495608,0.0495914,0.0495637,0.0494815,0.0493487,0.049169,0.0489457,0.0486823,0.048382,0.0480477,0.0476824,0.0472886,0.0468691,0.0464261,0.045962,0.0454788,0.0449787,0.0444633,0.0439346,0.043394,0.0428432,0.0422835,0.0417163,0.0411428,0.040564,0.0399812,0.0393951,0.0388068,0.038217,0.0376266,0.0370361,0.0364464,0.0358579,0.0352712,0.0346868,0.0341051,0.0335266,0.0329517,0.0323806,0.0318137,0.0312512,0.0306935,0.0301406,0.0295929,0.0290504,0.0285134,0.027982,0.0274562,0.0269362,0.0264221,0.0259139,0.0254116,0.0249153,0.0244251,0.023941,0.0234628,0.0229908,0.0225248,0.0220648,0.0216108,0.0211627,0.0207206,0.0202844,0.0198539,0.0194293,0.0190104,0.0185971,0.0181894,0.0177873,0.0173905,0.0169992,0.0166131,0.0162323,0.0158566,0.0154859,0.0151202,0.0147594,0.0144033,0.014052,0.0137053,0.0133631,0.0130253,0.0126919,0.0123627,0.0120377,0.0117167,0.0113997,0.0110866,0.0107773,0.0104716,0.0101696,0.00987104,0.00957592,0.00928412,0.00899554,0.00871011,0.00842771,0.00814827,0.00787168,0.00759787,0.00732674,0.00705819,0.00679214,0.00652849,0.00626717,0.00600807,0.00575112,0.00549621,0.00524327,0.0049922,0.00474292,0.00449533,0.00424936,0.00400492,0.00376192,0.00352027,0.00327988,0.00304068,0.00280258,0.00256549,0.00232932,0.00209399,0.00185942,0.00162553,0.00139222,0.00115941,0.000927027,0.000694977,0.000463178
0,0.00321223,0.00640953,0.00957717,0.0127009,0.015767,0.0187627,0.021676,0.0244964,0.027214,0.0298207,0.0323094,0.0346743,0.036911,0.0390162,0.040988,0.0428253,0.0445282,0.0460977,0.0475355,0.0488441,0.0500267,0.0510868,0.0520285,0.0528562,0.0535745,0.0541883,0.0547025,0.0551222,0.0554524,0.0556981,0.0558643,0.0559559,0.0559775,0.0559339,0.0558295,0.0556686,0.0554553,0.0551936,0.0548872,0.0545397,0.0541545,0.0537348,0.0532837,0.052804,0.0522984,0.0517694,0.0512195,0.0506508,0.0500654,0.0494653,0.0488523,0.048228,0.0475942,0.0469521,0.0463032,0.0456487,0.0449898,0.0443276,0.0436631,0.0429971,0.0423306,0.0416642,0.0409988,0.040335,0.0396733,0.0390144,0.0383587,0.0377067,0.0370588,0.0364153,0.0357766,0.035143,0.0345148,0.0338923,0.0332755,0.0326647,0.0320602,0.0314619,0.0308701,0.0302849,0.0297062,0.0291343,0.0285691,0.0280108,0.0274592,0.0269145,0.0263766,0.0258456,0.0253213,0.0248039,0.0242933,0.0237893,0.0232921,0.0228015,0.0223174,0.0218399,0.0213688,0.0209041,0.0204457,0.0199934,0.0195474,0.0191073,0.0186733,0.0182451,0.0178227,0.0174059,0.0169948,0.0165891,0.0161889,0.0157939,0.0154041,0.0150194,0.0146397,0.0142649,0.0138949,0.0135295,0.0131687,0.0128124,0.0124604,0.0121127,0.0117692,0.0114297,0.0110941,0.0107624,0.0104344,0.0101101,0.00978923,0.00947182,0.00915774,0.00884687,0.00853912,0.00823438,0.00793255,0.00763353,0.00733722,0.00704351,0.00675231,0.00646351,0.00617702,0.00589274,0.00561056,0.0053304,0.00505214,0.0047757,0.00450098,0.00422787,0.00395629,0.00368613,0.0034173,0.0031497,0.00288324,0.00261782,0.00235335,0.00208972,0.00182686,0.00156465,0.00130301,0.00104184,0.000781052,0.000520544
0,0.00361883,0.00722037,0.0107876,0.014304,0.0177538,0.0211223,0.0243959,0.0275623,0.0306106,0.0335314,0.0363168,0.0389605,0.0414578,0.043805,0.0460003,0.0480428,0.0499328,0.0516717,0.0532619,0.0547063,0.0560088,0.0571738,0.0582059,0.0591103,0.0598924,0.0605578,0.0611123,0.0615615,0.0619114,0.0621674,0.0623354,0.0624208,0.0624289,0.062365,0.0622341,0.0620409,0.0617902,0.0614862,0.0611332,0.0607351,0.0602958,0.0598187,0.0593073,0.0587648,0.058194,0.0575978,0.0569789,0.0563396,0.0556822,0.055009,0.0543218,0.0536226,0.052913,0.0521947,0.0514692,0.0507378,0.0500019,0.0492625,0.0485208,0.0477778,0.0470344,0.0462914,0.0455497,0.04481,0.0440728,0.0433389,0.0426087,0.0418827,0.0411614,0.0404452,0.0397345,0.0390295,0.0383307,0.0376381,0.0369521,0.0362729,0.0356006,0.0349355,0.0342775,0.0336269,0.0329837,0.032348,0.0317199,0.0310994,0.0304865,0.0298812,0.0292836,0.0286936,0.0281112,0.0275364,0.0269691,0.0264093,0.025857,0.0253121,0.0247744,0.0242441,0.0237209,0.0232048,0.0226957,0.0221935,0.0216982,0.0212096,0.0207276,0.0202521,0.0197831,0.0193204,0.0188639,0.0184135,0.0179691,0.0175306,0.0170979,0.0166708,0.0162493,0.0158332,0.0154224,0.0150168,0.0146163,0.0142207,0.01383,0.0134441,0.0130627,0.0126858,0.0123134,0.0119452,0.0115811,0.0112211,0.0108649,0.0105126,0.010164,0.00981897,0.00947738,0.00913914,0.00880413,0.00847223,0.00814335,0.00781736,0.00749415,0.00717361,0.00685564,0.00654011,0.00622693,0.00591598,0.00560715,0.00530034,0.00499543,0.00469231,0.00439089,0.00409105,0.00379269,0.00349569,0.00319996,0.00290538,0.00261185,0.00231927,0.00202753,0.00173652,0.00144614,0.00115628,0.000866847,0.000577723
0,0.00404272,0.00806553,0.0120488,0.0159737,0.019822,0.023577,0.027223,0.0307463,0.0341346,0.0373774,0.0404659,0.0433934,0.0461545,0.0487459,0.0511654,0.0534127,0.0554885,0.0573946,0.059134,0.0607105,0.0621287,0.0633936,0.0645109,0.0654866,0.0663269,0.0670383,0.0676273,0.0681003,0.0684641,0.0687249,0.0688892,0.068963,0.0689524,0.0688632,0.0687009,0.0684709,0.0681782,0.0678278,0.0674242,0.0669718,0.0664748,0.065937,0.0653622,0.0647538,0.0641151,0.0634491,0.0627586,0.0620464,0.061315,0.0605666,0.0598034,0.0590274,0.0582406,0.0574446,0.0566411,0.0558316,0.0550173,0.0541997,0.0533799,0.0525589,0.0517378,0.0509174,0.0500987,0.0492824,0.0484691,0.0476596,0.0468544,0.0460541,0.045259,0.0444698,0.0436866,0.04291,0.0421402,0.0413774,0.040622,0.0398742,0.0391341,0.0384018,0.0376776,0.0369616,0.0362538,0.0355543,0.0348631,0.0341804,0.0335061,0.0328403,0.0321829,0.031534,0.0308934,0.0302613,0.0296374,0.0290219,0.0284145,0.0278154,0.0272242,0.0266411,0.0260659,0.0254985,0.0249388,0.0243868,0.0238423,0.0233052,0.0227754,0.0222528,0.0217372,0.0212287,0.020727,0.020232,0.0197435,0.0192616,0.018786,0.0183167,0.0178535,0.0173962,0.0169447,0.016499,0.0160589,0.0156243,0.0151949,0.0147708,0.0143518,0.0139377,0.0135284,0.0131238,0.0127238,0.0123282,0.0119369,0.0115498,0.0111667,0.0107876,0.0104123,0.0100407,0.0096726,0.00930795,0.0089466,0.00858844,0.00823334,0.00788117,0.00753182,0.00718517,0.00684109,0.00649946,0.00616016,0.00582308,0.00548809,0.00515508,0.00482393,0.00449451,0.00416672,0.00384043,0.00351553,0.0031919,0.00286942,0.00254799,0.00222747,0.00190777,0.00158875,0.00127031,0.000952329,0.000634695
0,0.00448652,0.00895019,0.0133685,0.0177199,0.0219836,0.0261404,0.0301729,0.0340654,0.0378042,0.0413776,0.0447762,0.0479925,0.0510211,0.0538585,0.0565029,0.0589542,0.0612138,0.0632841,0.065169,0.066873,0.0684017,0.069761,0.0709576,0.0719984,0.0728905,0.0736412,0.0742581,0.0747485,0.0751197,0.075379,0.0755333,0.0755897,0.0755546,0.0754345,0.0752355,0.0749635,0.0746241,0.0742226,0.073764,0.0732532,0.0726946,0.0720924,0.0714507,0.0707732,0.0700635,0.0693248,0.0685602,0.0677726,0.0669647,0.066139,0.0652978,0.0644433,0.0635774,0.0627021,0.0618191,0.06093,0.0600363,0.0591392,0.0582401,0.0573402,0.0564404,0.0555419,0.0546454,0.0537517,0.0528618,0.0519761,0.0510954,0.0502201,0.0493509,0.0484882,0.0476323,0.0467837,0.0459426,0.0451095,0.0442844,0.0434677,0.0426596,0.0418602,0.0410696,0.040288,0.0395155,0.0387522,0.037998,0.0372531,0.0365174,0.035791,0.0350739,0.034366,0.0336674,0.0329779,0.0322976,0.0316263,0.030964,0.0303106,0.0296661,0.0290303,0.0284032,0.0277846,0.0271744,0.0265726,0.025979,0.0253935,0.024816,0.0242464,0.0236845,0.0231302,0.0225833,0.0220438,0.0215115,0.0209863,0.020468,0.0199565,0.0194517,0.0189534,0.0184614,0.0179757,0.0174961,0.0170225,0.0165547,0.0160925,0.0156359,0.0151847,0.0147387,0.0142979,0.013862,0.013431,0.0130047,0.0125829,0.0121656,0.0117525,0.0113436,0.0109387,0.0105377,0.0101404,0.0097467,0.00935649,0.00896961,0.00858594,0.00820533,0.00782766,0.0074528,0.00708062,0.00671097,0.00634374,0.00597879,0.005616,0.00525523,0.00489636,0.00453925,0.00418379,0.00382984,0.00347727,0.00312596,0.00277579,0.00242662,0.00207833,0.00173079,0.00138388,0.00103747,0.000691437
0,0.00495318,0.00988018,0.0147553,0.0195537,0.024252,0.0288283,0.0332629,0.0375382,0.0416391,0.0455527,0.0492687,0.0527793,0.0560789,0.0591641,0.0620335,0.0646875,0.0671283,0.0693591,0.0713848,0.073211,0.0748441,0.0762913,0.0775602,0.0786588,0.0795953,0.0803781,0.0810155,0.0815158,0.0818873,0.0821379,0.0822756,0.0823077,0.0822418,0.0820847,0.0818431,0.0815236,0.0811321,0.0806745,0.0801562,0.0795824,0.0789579,0.0782873,0.077575,0.0768249,0.0760409,0.0752264,0.0743848,0.0735191,0.0726323,0.0717269,0.0708055,0.0698704,0.0689237,0.0679674,0.0670033,0.0660332,0.0650585,0.0640808,0.0631013,0.0621213,0.061142,0.0601643,0.0591892,0.0582175,0.0572501,0.0562877,0.0553309,0.0543803,0.0534364,0.0524998,0.0515708,0.0506498,0.0497373,0.0488334,0.0479385,0.0470528,0.0461765,0.0453097,0.0444527,0.0436055,0.0427682,0.0419409,0.0411237,0.0403165,0.0395195,0.0387325,0.0379557,0.0371889,0.0364322,0.0356855,0.0349487,0.0342217,0.0335046,0.0327971,0.0320992,0.0314109,0.0307319,0.0300622,0.0294017,0.0287502,0.0281077,0.027474,0.0268489,0.0262323,0.0256241,0.0250242,0.0244324,0.0238485,0.0232725,0.0227041,0.0221432,0.0215897,0.0210434,0.0205042,0.0199719,0.0194464,0.0189274,0.0184149,0.0179087,0.0174087,0.0169147,0.0164265,0.015944,0.0154671,0.0149955,0.0145292,0.0140679,0.0136116,0.0131601,0.0127133,0.0122709,0.0118329,0.011399,0.0109692,0.0105434,0.0101212,0.0097027,0.00928765,0.00887592,0.00846738,0.00806187,0.00765925,0.00725939,0.00686214,0.00646736,0.00607491,0.00568466,0.00529645,0.00491016,0.00452565,0.00414277,0.00376139,0.00338138,0.00300259,0.00262489,0.00224814,0.0018722,0.00149695,0.00112224,0.000747931
0,0.00544602,0.0108621,0.0162187,0.0214877,0.0266423,0.0316579,0.0365122,0.0411855,0.0456612,0.0499253,0.0539667,0.0577771,0.0613511,0.0646855,0.0677794,0.0706342,0.0732526,0.0756394,0.0778002,0.079742,0.0814724,0.0829998,0.0843331,0.0854813,0.086454,0.0872604,0.08791,0.0884121,0.0887758,0.08901,0.0891233,0.089124,0.0890201,0.0888193,0.0885288,0.0881556,0.0877063,0.0871871,0.0866039,0.0859623,0.0852674,0.0845241,0.0837371,0.0829106,0.0820487,0.0811552,0.0802335,0.0792869,0.0783184,0.0773309,0.076327,0.0753092,0.0742796,0.0732405,0.0721936,0.0711408,0.0700838,0.0690241,0.067963,0.0669019,0.0658419,0.0647841,0.0637296,0.0626791,0.0616336,0.0605937,0.0595602,0.0585337,0.0575147,0.0565037,0.0555013,0.0545077,0.0535233,0.0525485,0.0515835,0.0506285,0.0496839,0.0487496,0.047826,0.0469131,0.0460109,0.0451196,0.0442393,0.0433699,0.0425114,0.041664,0.0408274,0.0400018,0.0391871,0.0383832,0.03759,0.0368074,0.0360355,0.035274,0.0345229,0.0337821,0.0330514,0.0323307,0.03162,0.030919,0.0302276,0.0295458,0.0288732,0.0282099,0.0275556,0.0269102,0.0262735,0.0256455,0.0250258,0.0244144,0.0238111,0.0232157,0.0226282,0.0220482,0.0214757,0.0209104,0.0203523,0.0198011,0.0192567,0.018719,0.0181877,0.0176627,0.0171438,0.0166309,0.0161238,0.0156223,0.0151263,0.0146356,0.0141501,0.0136696,0.0131939,0.0127229,0.0122564,0.0117942,0.0113363,0.0108824,0.0104324,0.00998607,0.00954336,0.00910407,0.00866805,0.00823515,0.00780521,0.00737808,0.00695361,0.00653165,0.00611204,0.00569465,0.00527931,0.00486588,0.00445422,0.00404417,0.00363558,0.00322831,0.00282221,0.00241714,0.00201294,0.00160948,0.0012066,0.000804155
0,0.00596884,0.0119033,0.0177698,0.0235361,0.0291716,0.0346487,0.0399423,0.0450306,0.049895,0.0545206,0.0588956,0.0630115,0.0668629,0.0704473,0.0737646,0.076817,0.0796088,0.0821456,0.0844347,0.0864844,0.0883037,0.0899025,0.0912909,0.0924795,0.0934788,0.0942995,0.094952,0.0954468,0.0957938,0.0960029,0.0960836,0.0960449,0.0958954,0.0956436,0.0952972,0.0948638,0.0943505,0.0937638,0.0931102,0.0923954,0.0916252,0.0908046,0.0899387,0.0890318,0.0880883,0.0871122,0.0861071,0.0850765,0.0840236,0.0829514,0.0818626,0.0807597,0.0796452,0.0785213,0.0773898,0.0762528,0.075112,0.0739688,0.0728248,0.0716814,0.0705397,0.0694008,0.0682659,0.0671358,0.0660114,0.0648934,0.0637826,0.0626796,0.061585,0.0604993,0.0594229,0.0583563,0.0572998,0.0562538,0.0552184,0.0541941,0.0531809,0.052179,0.0511886,0.0502099,0.0492428,0.0482875,0.047344,0.0464123,0.0454925,0.0445845,0.0436883,0.0428039,0.0419312,0.0410701,0.0402206,0.0393826,0.038556,0.0377406,0.0369364,0.0361432,0.0353609,0.0345894,0.0338286,0.0330782,0.0323381,0.0316083,0.0308884,0.0301785,0.0294782,0.0287875,0.0281062,0.027434,0.0267709,0.0261167,0.0254711,0.024834,0.0242053,0.0235847,0.0229722,0.0223674,0.0217702,0.0211805,0.0205981,0.0200228,0.0194544,0.0188927,0.0183376,0.0177889,0.0172464,0.01671,0.0161794,0.0156545,0.0151351,0.0146211,0.0141122,0.0136084,0.0131094,0.012615,0.0121252,0.0116397,0.0111583,0.0106809,0.0102074,0.00973752,0.00927115,0.00880811,0.00834824,0.00789138,0.00743737,0.00698604,0.00653723,0.00609079,0.00564656,0.00520437,0.00476406,0.00432548,0.00388847,0.00345287,0.00301852,0.00258527,0.00215296,0.00172143,0.00129053,0.00086009
0,0.00652601,0.0130126,0.0194213,0.025715,0.0318595,0.0378231,0.0435778,0.0490994,0.0543677,0.0593665,0.0640835,0.0685103,0.0726418,0.0764762,0.0800147,0.0832607,0.0862198,0.0888996,0.0913087,0.0934571,0.0953556,0.0970156,0.0984487,0.099667,0.100682,0.101507,0.102152,0.102629,0.10295,0.103124,0.103163,0.103076,0.102873,0.102562,0.102153,0.101652,0.101068,0.100408,0.0996775,0.0988842,0.0980334,0.0971307,0.0961812,0.0951896,0.0941606,0.0930982,0.0920063,0.0908885,0.0897482,0.0885885,0.0874122,0.086222,0.0850204,0.0838096,0.0825917,0.0813687,0.0801424,0.0789144,0.0776862,0.0764592,0.0752346,0.0740137,0.0727975,0.0715869,0.0703828,0.069186,0.0679973,0.0668173,0.0656465,0.0644856,0.0633349,0.0621949,0.0610659,0.0599484,0.0588425,0.0577485,0.0566666,0.0555969,0.0545397,0.0534951,0.052463,0.0514436,0.050437,0.049443,0.0484618,0.0474933,0.0465375,0.0455944,0.0446638,0.0437456,0.0428399,0.0419465,0.0410653,0.0401961,0.0393389,0.0384935,0.0376597,0.0368375,0.0360267,0.0352271,0.0344385,0.0336608,0.0328938,0.0321374,0.0313914,0.0306555,0.0299296,0.0292136,0.0285072,0.0278103,0.0271226,0.026444,0.0257744,0.0251134,0.0244609,0.0238168,0.0231808,0.0225527,0.0219325,0.0213197,0.0207144,0.0201162,0.0195251,0.0189408,0.0183631,0.0177918,0.0172268,0.0166678,0.0161148,0.0155674,0.0150256,0.0144891,0.0139577,0.0134314,0.0129098,0.0123928,0.0118803,0.011372,0.0108678,0.0103675,0.00987093,0.00937792,0.00888828,0.00840185,0.00791846,0.00743793,0.00696008,0.00648476,0.00601178,0.00554098,0.00507219,0.00460524,0.00413996,0.00367619,0.00321374,0.00275247,0.0022922,0.00183276,0.00137399,0.000915714
0,0.00712258,0.0141998,0.0211875,0.0280434,0.0347282,0.0412063,0.0474464,0.0534216,0.05911,0.0644942,0.0695618,0.0743044,0.0787177,0.0828011,0.0865572,0.0899911,0.0931103,0.0959242,0.0984434,0.10068,0.102646,0.104355,0.105821,0.107057,0.108077,0.108893,0.10952,0.109968,0.110252,0.110382,0.110369,0.110224,0.109958,0.10958,0.109099,0.108524,0.107862,0.107121,0.106308,0.10543,0.104494,0.103504,0.102466,0.101385,0.100266,0.0991137,0.0979314,0.0967231,0.0954923,0.0942422,0.0929757,0.0916957,0.0904047,0.089105,0.0877988,0.086488,0.0851746,0.0838602,0.0825464,0.0812346,0.079926,0.078622,0.0773234,0.0760315,0.0747469,0.0734706,0.0722033,0.0709457,0.0696982,0.0684616,0.0672362,0.0660225,0.0648208,0.0636314,0.0624547,0.0612908,0.0601401,0.0590025,0.0578784,0.0567677,0.0556706,0.0545871,0.0535172,0.052461,0.0514185,0.0503895,0.0493742,0.0483723,0.0473839,0.0464088,0.0454469,0.0444982,0.0435625,0.0426397,0.0417296,0.0408321,0.0399471,0.0390743,0.0382137,0.037365,0.036528,0.0357027,0.0348888,0.0340861,0.0332944,0.0325135,0.0317433,0.0309836,0.0302341,0.0294947,0.0287651,0.0280452,0.0273348,0.0266336,0.0259414,0.0252581,0.0245834,0.0239172,0.0232593,0.0226093,0.0219673,0.0213328,0.0207058,0.020086,0.0194733,0.0188674,0.0182682,0.0176754,0.0170888,0.0165083,0.0159337,0.0153647,0.0148012,0.0142429,0.0136898,0.0131416,0.012598,0.012059,0.0115243,0.0109938,0.0104672,0.00994437,0.00942514,0.00890932,0.00839671,0.00788714,0.00738043,0.00687639,0.00637484,0.0058756,0.00537849,0.00488334,0.00438996,0.00389817,0.00340781,0.00291868,0.00243061,0.00194343,0.00145695,0.000971008
0,0.00776448,0.0154767,0.0230856,0.0305428,0.0378036,0.0448276,0.0515798,0.0580307,0.0641563,0.0699387,0.075365,0.0804277,0.0851235,0.0894535,0.0934219,0.0970363,0.100306,0.103243,0.105861,0.108173,0.110194,0.111939,0.113424,0.114664,0.115675,0.11647,0.117065,0.117473,0.117707,0.117781,0.117706,0.117494,0.117156,0.116701,0.11614,0.115482,0.114734,0.113906,0.113004,0.112036,0.111007,0.109924,0.108793,0.107619,0.106406,0.105159,0.103883,0.10258,0.101256,0.0999123,0.0985529,0.0971805,0.0957977,0.0944069,0.0930104,0.0916101,0.0902079,0.0888056,0.0874047,0.0860068,0.084613,0.0832247,0.0818429,0.0804687,0.0791029,0.0777463,0.0763998,0.0750639,0.0737393,0.0724265,0.0711259,0.0698381,0.0685633,0.0673019,0.0660541,0.0648202,0.0636004,0.0623948,0.0612036,0.0600268,0.0588646,0.057717,0.0565839,0.0554655,0.0543616,0.0532722,0.0521973,0.0511369,0.0500907,0.0490588,0.0480409,0.047037,0.046047,0.0450706,0.0441078,0.0431584,0.0422222,0.0412991,0.0403888,0.0394912,0.0386061,0.0377332,0.0368725,0.0360237,0.0351866,0.034361,0.0335466,0.0327434,0.031951,0.0311693,0.030398,0.029637,0.0288859,0.0281447,0.0274131,0.0266908,0.0259777,0.0252735,0.0245781,0.0238912,0.0232125,0.022542,0.0218793,0.0212243,0.0205768,0.0199364,0.0193031,0.0186767,0.0180568,0.0174434,0.0168361,0.0162348,0.0156394,0.0150495,0.014465,0.0138856,0.0133113,0.0127417,0.0121767,0.0116161,0.0110597,0.0105073,0.00995862,0.00941358,0.00887195,0.00833352,0.00779812,0.00726554,0.0067356,0.0062081,0.00568286,0.00515968,0.00463837,0.00411876,0.00360064,0.00308383,0.00256815,0.0020534,0.00153939,0.00102595
0,0.00845867,0.0168568,0.0251354,0.0332387,0.0411157,0.0487208,0.0560146,0.0629649,0.069546,0.0757392,0.081532,0.0869178,0.0918952,0.0964673,0.100641,0.104426,0.107835,0.110882,0.113584,0.115956,0.118017,0.119783,0.121272,0.122501,0.123487,0.124247,0.124797,0.125151,0.125324,0.12533,0.125181,0.12489,0.124469,0.123929,0.123279,0.122529,0.121688,0.120765,0.119767,0.118701,0.117575,0.116394,0.115164,0.113891,0.112579,0.111234,0.10986,0.10846,0.107038,0.105598,0.104143,0.102676,0.101199,0.0997148,0.0982258,0.096734,0.0952413,0.0937495,0.0922602,0.0907748,0.0892946,0.087821,0.0863549,0.0848975,0.0834496,0.0820121,0.0805856,0.0791709,0.0777686,0.0763791,0.075003,0.0736407,0.0722925,0.0709587,0.0696397,0.0683356,0.0670465,0.0657728,0.0645144,0.0632715,0.0620441,0.0608323,0.0596361,0.0584554,0.0572902,0.0561405,0.0550062,0.0538872,0.0527834,0.0516947,0.050621,0.049562,0.0485178,0.0474881,0.0464727,0.0454716,0.0444844,0.043511,0.0425513,0.0416049,0.0406718,0.0397517,0.0388444,0.0379497,0.0370674,0.0361972,0.0353389,0.0344924,0.0336573,0.0328335,0.0320207,0.0312188,0.0304274,0.0296464,0.0288754,0.0281144,0.0273631,0.0266212,0.0258885,0.0251647,0.0244498,0.0237434,0.0230452,0.0223552,0.021673,0.0209985,0.0203314,0.0196714,0.0190185,0.0183723,0.0177326,0.0170992,0.016472,0.0158506,0.015235,0.0146248,0.0140198,0.0134199,0.0128248,0.0122343,0.0116482,0.0110664,0.0104885,0.00991447,0.009344,0.00877691,0.008213,0.00765208,0.00709393,0.00653836,0.00598517,0.00543415,0.00488511,0.00433785,0.00379217,0.00324787,0.00270475,0.00216262,0.00162128,0.00108052
0,0.00921345,0.0183564,0.0273604,0.0361611,0.0446998,0.0529251,0.060793,0.0682682,0.0753236,0.0819401,0.088106,0.0938164,0.0990723,0.10388,0.108248,0.112192,0.115725,0.118867,0.121636,0.124052,0.126134,0.127903,0.129379,0.13058,0.131527,0.132235,0.132724,0.13301,0.133108,0.133032,0.132798,0.132417,0.131902,0.131266,0.130517,0.129667,0.128724,0.127698,0.126597,0.125427,0.124197,0.122912,0.121578,0.120201,0.118786,0.117339,0.115862,0.114361,0.112839,0.1113,0.109746,0.108181,0.106607,0.105028,0.103444,0.101859,0.100274,0.0986911,0.0971118,0.0955376,0.0939698,0.0924097,0.0908584,0.0893169,0.0877861,0.0862668,0.0847598,0.0832657,0.0817851,0.0803185,0.0788665,0.0774293,0.0760074,0.074601,0.0732104,0.0718359,0.0704775,0.0691355,0.0678098,0.0665007,0.0652082,0.0639322,0.0626728,0.0614299,0.0602035,0.0589935,0.0577998,0.0566224,0.0554611,0.0543157,0.0531863,0.0520725,0.0509742,0.0498913,0.0488235,0.0477708,0.0467328,0.0457094,0.0447004,0.0437056,0.0427247,0.0417575,0.0408038,0.0398634,0.0389361,0.0380215,0.0371196,0.03623,0.0353524,0.0344868,0.0336327,0.0327901,0.0319586,0.0311379,0.030328,0.0295284,0.0287391,0.0279596,0.0271899,0.0264296,0.0256785,0.0249365,0.0242031,0.0234783,0.0227617,0.0220532,0.0213524,0.0206592,0.0199734,0.0192947,0.0186228,0.0179576,0.0172988,0.0166462,0.0159996,0.0153587,0.0147233,0.0140932,0.0134682,0.0128481,0.0122326,0.0116215,0.0110147,0.0104118,0.00981268,0.00921713,0.00862493,0.00803586,0.00744971,0.00686627,0.00628532,0.00570667,0.00513009,0.00455538,0.00398233,0.00341073,0.00284038,0.00227106,0.00170257,0.0011347
0,0.0100387,0.0199949,0.0297886,0.0393453,0.0485975,0.0574867,0.0659642,0.0739915,0.0815402,0.0885916,0.0951355,0.10117,0.106698,0.11173,0.116281,0.120367,0.124008,0.127225,0.130042,0.132481,0.134565,0.136317,0.13776,0.138915,0.139803,0.140444,0.140856,0.141057,0.141065,0.140894,0.14056,0.140077,0.139458,0.138714,0.137857,0.136897,0.135844,0.134708,0.133495,0.132215,0.130874,0.129478,0.128035,0.126549,0.125027,0.123472,0.121889,0.120283,0.118657,0.117015,0.11536,0.113694,0.112022,0.110344,0.108664,0.106984,0.105305,0.103629,0.101958,0.100294,0.0986374,0.0969898,0.0953522,0.0937257,0.0921111,0.0905094,0.0889211,0.087347,0.0857876,0.0842435,0.0827151,0.0812027,0.0797068,0.0782275,0.0767652,0.0753201,0.0738922,0.0724818,0.0710888,0.0697135,0.0683557,0.0670156,0.065693,0.0643879,0.0631004,0.0618302,0.0605773,0.0593415,0.0581228,0.056921,0.0557359,0.0545674,0.0534153,0.0522793,0.0511594,0.0500553,0.0489667,0.0478935,0.0468354,0.0457923,0.0447638,0.0437498,0.04275,0.0417642,0.040792,0.0398334,0.0388879,0.0379555,0.0370357,0.0361285,0.0352334,0.0343503,0.0334789,0.0326189,0.0317701,0.0309323,0.0301052,0.0292885,0.0284819,0.0276853,0.0268984,0.0261209,0.0253525,0.0245931,0.0238424,0.0231001,0.022366,0.0216398,0.0209213,0.0202102,0.0195064,0.0188096,0.0181194,0.0174358,0.0167584,0.0160871,0.0154215,0.0147615,0.0141069,0.0134573,0.0128126,0.0121725,0.0115368,0.0109054,0.0102778,0.00965404,0.00903375,0.00841674,0.0078028,0.00719169,0.00658321,0.00597712,0.00537321,0.00477126,0.00417105,0.00357236,0.00297498,0.00237868,0.00178325,0.00118847
0,0.0109466,0.0217959,0.032454,0.042834,0.0528581,0.06246,0.0715855,0.0801933,0.0882542,0.0957505,0.102675,0.109028,0.11482,0.120063,0.124778,0.128987,0.132713,0.135984,0.138826,0.141265,0.143328,0.145041,0.14643,0.147517,0.148327,0.14888,0.149197,0.149298,0.1492,0.148919,0.148473,0.147874,0.147138,0.146276,0.1453,0.144221,0.143049,0.141793,0.140461,0.139063,0.137605,0.136093,0.134535,0.132935,0.131299,0.129633,0.12794,0.126225,0.124492,0.122744,0.120984,0.119215,0.117441,0.115663,0.113885,0.112107,0.110332,0.108562,0.106799,0.105043,0.103296,0.10156,0.099835,0.0981226,0.0964235,0.0947385,0.0930683,0.0914137,0.089775,0.0881529,0.0865477,0.0849598,0.0833895,0.0818372,0.080303,0.078787,0.0772896,0.0758107,0.0743504,0.0729087,0.0714858,0.0700815,0.0686958,0.0673286,0.06598,0.0646497,0.0633377,0.0620437,0.0607678,0.0595097,0.0582691,0.0570461,0.0558403,0.0546515,0.0534796,0.0523243,0.0511853,0.0500625,0.0489556,0.0478644,0.0467886,0.045728,0.0446823,0.0436513,0.0426346,0.0416321,0.0406434,0.0396684,0.0387067,0.037758,0.0368222,0.0358989,0.0349878,0.0340888,0.0332014,0.0323256,0.0314609,0.0306072,0.0297641,0.0289314,0.0281089,0.0272962,0.0264931,0.0256994,0.0249147,0.0241389,0.0233716,0.0226127,0.0218617,0.0211186,0.0203831,0.0196548,0.0189336,0.0182192,0.0175113,0.0168098,0.0161143,0.0154246,0.0147405,0.0140617,0.013388,0.0127191,0.0120549,0.011395,0.0107393,0.0100875,0.0094393,0.00879458,0.00815306,0.00751452,0.00687871,0.00624541,0.00561438,0.00498541,0.00435826,0.0037327,0.0031085,0.00248544,0.00186328,0.00124181
0,0.0119518,0.023788,0.0353976,0.0466786,0.0575411,0.0679096,0.0777246,0.0869419,0.0955327,0.103482,0.110785,0.117449,0.123489,0.128925,0.133782,0.138089,0.141875,0.145172,0.148011,0.150424,0.152441,0.15409,0.1554,0.156397,0.157107,0.157553,0.157756,0.157737,0.157517,0.157111,0.156537,0.15581,0.154943,0.153952,0.152846,0.151637,0.150336,0.148953,0.147495,0.145971,0.144389,0.142755,0.141075,0.139356,0.137603,0.135821,0.134013,0.132186,0.130342,0.128484,0.126617,0.124742,0.122864,0.120984,0.119104,0.117227,0.115355,0.113489,0.111631,0.109782,0.107945,0.106119,0.104305,0.102506,0.100722,0.0989529,0.0972002,0.0954644,0.0937459,0.0920454,0.090363,0.0886993,0.0870545,0.0854288,0.0838225,0.0822357,0.0806685,0.079121,0.0775933,0.0760854,0.0745972,0.0731288,0.0716801,0.0702509,0.0688413,0.067451,0.06608,0.0647281,0.063395,0.0620807,0.060785,0.0595076,0.0582483,0.0570069,0.0557832,0.0545769,0.0533879,0.0522157,0.0510603,0.0499212,0.0487984,0.0476914,0.0466,0.045524,0.0444631,0.043417,0.0423854,0.041368,0.0403646,0.0393748,0.0383985,0.0374352,0.0364848,0.035547,0.0346213,0.0337077,0.0328058,0.0319153,0.0310359,0.0301674,0.0293095,0.0284619,0.0276244,0.0267966,0.0259783,0.0251692,0.024369,0.0235775,0.0227945,0.0220196,0.0212525,0.0204931,0.0197411,0.0189961,0.018258,0.0175264,0.0168012,0.0160821,0.0153687,0.014661,0.0139585,0.0132611,0.0125686,0.0118805,0.0111969,0.0105172,0.00984145,0.00916924,0.00850038,0.00783462,0.00717172,0.00651143,0.00585353,0.00519776,0.00454389,0.00389168,0.00324089,0.00259129,0.00194264,0.0012947
0,0.0130726,0.0260066,0.0386698,0.0509417,0.0627179,0.0739129,0.0844613,0.0943172,0.103453,0.111858,0.119534,0.126495,0.132763,0.138366,0.143337,0.147711,0.151526,0.154818,0.157624,0.15998,0.16192,0.163478,0.164683,0.165565,0.166151,0.166467,0.166536,0.16638,0.166018,0.165471,0.164754,0.163884,0.162875,0.161741,0.160494,0.159146,0.157707,0.156187,0.154595,0.152938,0.151225,0.149462,0.147656,0.145812,0.143936,0.142033,0.140107,0.138163,0.136204,0.134234,0.132256,0.130274,0.128288,0.126304,0.124321,0.122343,0.120372,0.118408,0.116454,0.114512,0.112581,0.110664,0.108762,0.106875,0.105005,0.103151,0.101315,0.0994978,0.0976991,0.0959197,0.0941599,0.09242,0.0907004,0.0890012,0.0873226,0.0856647,0.0840278,0.0824117,0.0808165,0.0792423,0.077689,0.0761566,0.0746449,0.0731538,0.0716833,0.0702332,0.0688033,0.0673935,0.0660036,0.0646334,0.0632826,0.061951,0.0606385,0.0593447,0.0580695,0.0568125,0.0555735,0.0543523,0.0531485,0.0519619,0.0507923,0.0496392,0.0485025,0.0473818,0.0462769,0.0451874,0.0441131,0.0430537,0.0420089,0.0409783,0.0399618,0.0389589,0.0379694,0.036993,0.0360293,0.0350782,0.0341393,0.0332123,0.032297,0.031393,0.0305,0.0296177,0.0287459,0.0278843,0.0270326,0.0261905,0.0253578,0.0245341,0.0237191,0.0229126,0.0221144,0.0213241,0.0205414,0.0197662,0.0189981,0.0182368,0.0174821,0.0167338,0.0159915,0.015255,0.0145241,0.0137984,0.0130777,0.0123618,0.0116504,0.0109432,0.01024,0.00954059,0.00884462,0.00815189,0.00746213,0.0067751,0.00609054,0.00540822,0.00472787,0.00404925,0.00337211,0.00269621,0.00202129,0.00134712
0,0.014332,0.0284962,0.0423334,0.0557005,0.0684759,0.0805629,0.0918904,0.102412,0.112105,0.120963,0.128998,0.136234,0.142701,0.148438,0.153488,0.157893,0.161699,0.16495,0.167687,0.169952,0.171783,0.173218,0.174289,0.175029,0.175466,0.175629,0.175542,0.175227,0.174707,0.174,0.173124,0.172097,0.170932,0.169644,0.168244,0.166746,0.165159,0.163494,0.161759,0.159962,0.158111,0.156213,0.154274,0.1523,0.150296,0.148268,0.14622,0.144155,0.142078,0.139993,0.137901,0.135807,0.133713,0.131621,0.129534,0.127453,0.12538,0.123318,0.121267,0.119228,0.117204,0.115196,0.113203,0.111228,0.10927,0.107332,0.105412,0.103513,0.101633,0.0997745,0.0979368,0.0961206,0.0943259,0.092553,0.090802,0.0890731,0.0873662,0.0856815,0.0840189,0.0823785,0.0807601,0.0791637,0.0775891,0.0760363,0.074505,0.0729953,0.0715067,0.0700392,0.0685926,0.0671666,0.065761,0.0643756,0.06301,0.0616641,0.0603376,0.0590302,0.0577416,0.0564715,0.0552197,0.0539858,0.0527696,0.0515708,0.050389,0.0492239,0.0480753,0.0469428,0.0458261,0.044725,0.043639,0.0425679,0.0415114,0.0404692,0.0394409,0.0384262,0.0374249,0.0364366,0.035461,0.0344978,0.0335468,0.0326075,0.0316797,0.0307631,0.0298574,0.0289623,0.0280775,0.0272027,0.0263376,0.0254819,0.0246353,0.0237976,0.0229684,0.0221474,0.0213345,0.0205292,0.0197314,0.0189407,0.0181568,0.0173795,0.0166085,0.0158436,0.0150844,0.0143306,0.0135821,0.0128386,0.0120997,0.0113652,0.0106349,0.00990847,0.00918566,0.0084662,0.00774983,0.0070363,0.00632535,0.00561671,0.00491013,0.00420535,0.0035021,0.00280014,0.00209921,0.00139905
0,0.0157591,0.0313126,0.0464671,0.061051,0.0749223,0.0879722,0.100125,0.111337,0.121591,0.130892,0.139263,0.14674,0.153369,0.159199,0.164283,0.168675,0.172428,0.175594,0.178222,0.180357,0.182044,0.183321,0.184227,0.184795,0.185057,0.185041,0.184774,0.18428,0.183581,0.182698,0.181647,0.180447,0.179112,0.177657,0.176094,0.174435,0.17269,0.170871,0.168984,0.167039,0.165044,0.163004,0.160927,0.158817,0.156681,0.154523,0.152348,0.150159,0.147961,0.145757,0.143549,0.141341,0.139135,0.136934,0.13474,0.132554,0.130379,0.128216,0.126066,0.123931,0.121813,0.119711,0.117627,0.115563,0.113518,0.111493,0.109489,0.107507,0.105547,0.103608,0.101693,0.0997997,0.0979297,0.096083,0.0942595,0.0924594,0.0906826,0.0889293,0.0871993,0.0854927,0.0838093,0.082149,0.0805117,0.0788972,0.0773054,0.0757361,0.0741891,0.0726642,0.0711611,0.0696796,0.0682194,0.0667803,0.065362,0.0639642,0.0625867,0.0612291,0.0598912,0.0585726,0.057273,0.0559922,0.0547297,0.0534854,0.0522588,0.0510497,0.0498577,0.0486824,0.0475237,0.0463811,0.0452543,0.044143,0.0430469,0.0419656,0.0408988,0.0398462,0.0388075,0.0377823,0.0367704,0.0357713,0.0347848,0.0338106,0.0328483,0.0318977,0.0309583,0.03003,0.0291124,0.0282051,0.027308,0.0264206,0.0255427,0.024674,0.0238141,0.0229629,0.0221199,0.0212849,0.0204576,0.0196377,0.0188249,0.0180189,0.0172195,0.0164264,0.0156392,0.0148577,0.0140816,0.0133107,0.0125446,0.0117831,0.0110259,0.0102728,0.00952336,0.00877743,0.00803472,0.00729495,0.00655786,0.00582316,0.0050906,0.00435991,0.00363082,0.00290306,0.00217636,0.00145046
0,0.0173918,0.0345283,0.0511713,0.067114,0.0821902,0.0962786,0.109301,0.12122,0.132029,0.14175,0.150421,0.158096,0.164836,0.170705,0.17577,0.180096,0.183745,0.186777,0.189249,0.191212,0.192713,0.193796,0.194502,0.194867,0.194924,0.194704,0.194234,0.193539,0.192641,0.191562,0.19032,0.188932,0.187413,0.185778,0.184039,0.182209,0.180297,0.178314,0.176268,0.174168,0.172021,0.169833,0.167612,0.165361,0.163088,0.160796,0.15849,0.156174,0.15385,0.151524,0.149197,0.146873,0.144553,0.14224,0.139937,0.137645,0.135365,0.1331,0.130851,0.128618,0.126404,0.124208,0.122033,0.119878,0.117745,0.115634,0.113545,0.11148,0.109438,0.10742,0.105426,0.103456,0.101511,0.0995898,0.0976937,0.0958224,0.0939758,0.0921538,0.0903565,0.0885837,0.0868354,0.0851114,0.0834115,0.0817356,0.0800834,0.0784548,0.0768496,0.0752674,0.073708,0.0721713,0.0706568,0.0691643,0.0676935,0.0662442,0.0648159,0.0634085,0.0620215,0.0606547,0.0593077,0.0579802,0.0566718,0.0553823,0.0541113,0.0528584,0.0516233,0.0504057,0.0492052,0.0480215,0.0468542,0.045703,0.0445676,0.0434476,0.0423427,0.0412525,0.0401767,0.0391149,0.0380669,0.0370323,0.0360107,0.0350018,0.0340054,0.033021,0.0320483,0.0310871,0.030137,0.0291976,0.0282687,0.0273499,0.026441,0.0255416,0.0246514,0.0237701,0.0228973,0.0220329,0.0211764,0.0203276,0.0194862,0.0186519,0.0178243,0.0170033,0.0161884,0.0153794,0.0145761,0.013778,0.012985,0.0121968,0.011413,0.0106333,0.0098576,0.00908548,0.00831669,0.00755095,0.00678798,0.0060275,0.00526923,0.00451289,0.00375822,0.00300492,0.00225272,0.00150136
0,0.0192798,0.0382374,0.0565758,0.0740434,0.0904461,0.105651,0.119581,0.132212,0.143556,0.153657,0.162575,0.170387,0.177173,0.183016,0.187996,0.192192,0.195678,0.198522,0.200786,0.202527,0.203799,0.204649,0.205118,0.205247,0.205069,0.204617,0.203919,0.202999,0.201883,0.200589,0.199138,0.197547,0.19583,0.194002,0.192076,0.190064,0.187975,0.18582,0.183607,0.181344,0.179038,0.176697,0.174325,0.171929,0.169514,0.167083,0.164642,0.162194,0.159743,0.157292,0.154843,0.152399,0.149964,0.147538,0.145123,0.142723,0.140338,0.137969,0.135618,0.133287,0.130976,0.128686,0.126417,0.124172,0.12195,0.119752,0.117578,0.115429,0.113305,0.111207,0.109134,0.107088,0.105067,0.103072,0.101103,0.0991608,0.0972443,0.0953538,0.0934892,0.0916505,0.0898374,0.0880498,0.0862875,0.0845503,0.082838,0.0811503,0.079487,0.0778479,0.0762325,0.0746408,0.0730723,0.0715267,0.0700038,0.0685031,0.0670245,0.0655675,0.0641318,0.0627171,0.061323,0.0599491,0.0585952,0.0572609,0.0559457,0.0546494,0.0533716,0.0521119,0.05087,0.0496455,0.0484381,0.0472474,0.046073,0.0449146,0.0437719,0.0426444,0.0415318,0.0404339,0.0393501,0.0382802,0.0372239,0.0361807,0.0351504,0.0341326,0.033127,0.0321332,0.0311508,0.0301797,0.0292193,0.0282695,0.0273299,0.0264001,0.0254798,0.0245687,0.0236666,0.022773,0.0218877,0.0210103,0.0201405,0.0192781,0.0184227,0.017574,0.0167317,0.0158956,0.0150652,0.0142403,0.0134207,0.0126059,0.0117958,0.01099,0.0101883,0.00939022,0.00859563,0.0078042,0.00701563,0.00622963,0.00544593,0.00466423,0.00388424,0.00310568,0.00232826,0.0015517
0,0.0214899,0.0425656,0.0628511,0.0820379,0.0999001,0.116296,0.131161,0.144491,0.156328,0.166745,0.175837,0.183705,0.190454,0.196188,0.201006,0.205,0.208254,0.210845,0.212844,0.214313,0.215308,0.215881,0.216076,0.215933,0.215489,0.214776,0.213824,0.212658,0.211301,0.209775,0.208098,0.206287,0.204358,0.202325,0.2002,0.197995,0.19572,0.193384,0.190995,0.188562,0.186092,0.18359,0.181063,0.178516,0.175954,0.173381,0.170802,0.168219,0.165636,0.163057,0.160484,0.157919,0.155365,0.152823,0.150296,0.147786,0.145293,0.14282,0.140367,0.137936,0.135527,0.133141,0.130779,0.128443,0.126131,0.123846,0.121586,0.119354,0.117148,0.114969,0.112818,0.110694,0.108597,0.106528,0.104487,0.102473,0.100487,0.098528,0.0965963,0.0946917,0.092814,0.090963,0.0891385,0.0873402,0.085568,0.0838215,0.0821005,0.0804046,0.0787336,0.0770871,0.0754649,0.0738666,0.0722918,0.0707402,0.0692115,0.0677053,0.0662212,0.064759,0.0633181,0.0618983,0.0604991,0.0591203,0.0577614,0.056422,0.0551018,0.0538005,0.0525175,0.0512526,0.0500054,0.0487755,0.0475625,0.0463661,0.0451859,0.0440215,0.0428725,0.0417387,0.0406195,0.0395148,0.038424,0.0373469,0.0362831,0.0352322,0.0341939,0.0331678,0.0321536,0.031151,0.0301595,0.029179,0.0282089,0.0272491,0.0262991,0.0253586,0.0244273,0.0235049,0.022591,0.0216853,0.0207875,0.0198973,0.0190144,0.0181384,0.017269,0.0164059,0.0155488,0.0146975,0.0138515,0.0130106,0.0121744,0.0113427,0.0105152,0.00969154,0.00887144,0.0080546,0.00724072,0.0064295,0.00562065,0.00481386,0.00400885,0.00320531,0.00240295,0.00160148
0,0.0241143,0.0476841,0.0702252,0.0913569,0.11082,0.128474,0.144276,0.158263,0.170518,0.18116,0.190322,0.19814,0.20475,0.210278,0.214841,0.218547,0.221492,0.223762,0.225433,0.226572,0.227241,0.227491,0.22737,0.22692,0.226178,0.225176,0.223943,0.222507,0.220889,0.219111,0.217191,0.215146,0.212991,0.21074,0.208405,0.205997,0.203525,0.201,0.198428,0.195818,0.193176,0.190509,0.187821,0.185118,0.182405,0.179686,0.176964,0.174243,0.171526,0.168816,0.166116,0.163427,0.160753,0.158094,0.155453,0.152831,0.15023,0.147651,0.145094,0.142562,0.140054,0.137573,0.135117,0.132688,0.130287,0.127913,0.125568,0.123251,0.120963,0.118704,0.116473,0.114272,0.1121,0.109957,0.107843,0.105758,0.103702,0.101675,0.0996763,0.097706,0.0957639,0.0938498,0.0919633,0.0901043,0.0882724,0.0864673,0.0846888,0.0829366,0.0812102,0.0795094,0.0778338,0.076183,0.0745567,0.0729545,0.0713761,0.0698211,0.068289,0.0667795,0.0652923,0.0638268,0.0623828,0.0609599,0.0595576,0.0581756,0.0568134,0.0554707,0.0541471,0.0528421,0.0515555,0.0502868,0.0490356,0.0478015,0.0465842,0.0453832,0.0441982,0.0430288,0.0418747,0.0407354,0.0396105,0.0384998,0.0374028,0.0363192,0.0352486,0.0341906,0.0331449,0.0321111,0.031089,0.030078,0.0290779,0.0280883,0.0271089,0.0261393,0.0251792,0.0242283,0.0232862,0.0223525,0.021427,0.0205094,0.0195992,0.0186962,0.0178,0.0169103,0.0160269,0.0151493,0.0142772,0.0134104,0.0125486,0.0116913,0.0108383,0.00998932,0.00914401,0.00830206,0.00746317,0.00662702,0.00579331,0.00496174,0.00413199,0.00330377,0.00247676,0.00165067
0,0.0272831,0.0538313,0.0790088,0.102344,0.12355,0.142502,0.159208,0.173765,0.186322,0.197056,0.20615,0.213785,0.220127,0.225331,0.229533,0.232856,0.235406,0.237277,0.238552,0.239303,0.239591,0.239472,0.238994,0.2382,0.237126,0.235805,0.234267,0.232537,0.230637,0.228588,0.226409,0.224115,0.22172,0.219239,0.216683,0.214061,0.211385,0.208662,0.2059,0.203106,0.200287,0.197448,0.194594,0.191731,0.188863,0.185993,0.183126,0.180263,0.177409,0.174566,0.171736,0.168922,0.166125,0.163348,0.160591,0.157856,0.155145,0.152459,0.149798,0.147164,0.144557,0.141978,0.139428,0.136906,0.134415,0.131953,0.129521,0.12712,0.124749,0.122409,0.1201,0.117822,0.115574,0.113357,0.111171,0.109015,0.106889,0.104794,0.102728,0.100692,0.098686,0.096709,0.0947608,0.0928412,0.09095,0.0890867,0.0872511,0.0854428,0.0836614,0.0819065,0.0801779,0.0784751,0.0767976,0.0751452,0.0735175,0.071914,0.0703343,0.068778,0.0672447,0.0657341,0.0642456,0.0627789,0.0613337,0.0599093,0.0585055,0.0571219,0.055758,0.0544134,0.0530878,0.0517806,0.0504915,0.0492202,0.0479662,0.046729,0.0455084,0.0443039,0.0431151,0.0419416,0.0407831,0.0396391,0.0385093,0.0373933,0.0362907,0.0352012,0.0341244,0.0330598,0.0320072,0.0309662,0.0299364,0.0289174,0.0279089,0.0269106,0.025922,0.0249429,0.0239729,0.0230116,0.0220588,0.021114,0.0201769,0.0192472,0.0183245,0.0174086,0.016499,0.0155955,0.0146978,0.0138054,0.0129181,0.0120356,0.0111575,0.0102835,0.00941324,0.00854649,0.00768288,0.00682211,0.00596386,0.0051078,0.00425362,0.00340102,0.00254966,0.00169925
0,0.031187,0.0613491,0.0896345,0.115462,0.138532,0.158776,0.17629,0.191267,0.203949,0.21459,0.223438,0.230721,0.236644,0.241386,0.245105,0.247937,0.249998,0.251389,0.252197,0.252495,0.252348,0.251812,0.250935,0.249759,0.248321,0.246653,0.244783,0.242736,0.240534,0.238197,0.235741,0.233183,0.230537,0.227814,0.225025,0.222182,0.219291,0.216363,0.213403,0.210419,0.207417,0.204401,0.201377,0.19835,0.195322,0.192298,0.189282,0.186275,0.183281,0.180303,0.177341,0.174399,0.171478,0.16858,0.165706,0.162858,0.160036,0.157241,0.154475,0.151738,0.149031,0.146355,0.143709,0.141095,0.138513,0.135962,0.133444,0.130958,0.128505,0.126084,0.123696,0.121341,0.119017,0.116726,0.114467,0.112241,0.110046,0.107882,0.10575,0.103649,0.101579,0.0995394,0.0975298,0.09555,0.0935998,0.0916786,0.0897862,0.0879222,0.0860861,0.0842776,0.0824963,0.0807418,0.0790136,0.0773114,0.0756347,0.0739831,0.0723562,0.0707535,0.0691747,0.0676192,0.0660867,0.0645767,0.0630889,0.0616226,0.0601777,0.0587535,0.0573497,0.0559659,0.0546016,0.0532564,0.0519299,0.0506217,0.0493313,0.0480584,0.0468025,0.0455633,0.0443402,0.0431329,0.0419411,0.0407643,0.0396021,0.0384541,0.0373199,0.0361992,0.0350916,0.0339966,0.032914,0.0318432,0.0307841,0.0297361,0.0286989,0.0276721,0.0266555,0.0256485,0.024651,0.0236624,0.0226825,0.0217109,0.0207472,0.0197912,0.0188424,0.0179005,0.0169652,0.0160361,0.015113,0.0141954,0.013283,0.0123755,0.0114725,0.0105738,0.00967903,0.00878779,0.00789979,0.00701471,0.00613222,0.00525199,0.0043737,0.00349702,0.00262164,0.00174722
0,0.0361156,0.0707436,0.102718,0.131338,0.15634,0.17778,0.195908,0.211064,0.223617,0.233919,0.242292,0.249018,0.25434,0.258464,0.261565,0.263789,0.265261,0.266085,0.26635,0.266132,0.265495,0.264494,0.263175,0.261581,0.259747,0.257702,0.255476,0.25309,0.250567,0.247923,0.245177,0.242341,0.23943,0.236454,0.233423,0.230348,0.227236,0.224095,0.220931,0.217751,0.21456,0.211363,0.208164,0.204968,0.201778,0.198597,0.195428,0.192275,0.189139,0.186022,0.182927,0.179856,0.176809,0.173789,0.170796,0.167833,0.164898,0.161995,0.159123,0.156283,0.153475,0.150701,0.14796,0.145252,0.142579,0.13994,0.137335,0.134765,0.132229,0.129727,0.12726,0.124827,0.122428,0.120064,0.117733,0.115435,0.113171,0.11094,0.108741,0.106576,0.104442,0.10234,0.100269,0.0982295,0.0962206,0.0942419,0.0922931,0.0903737,0.0884834,0.0866216,0.0847881,0.0829823,0.0812038,0.0794522,0.077727,0.0760277,0.074354,0.0727054,0.0710814,0.0694815,0.0679054,0.0663525,0.0648225,0.0633148,0.0618291,0.0603648,0.0589216,0.057499,0.0560965,0.0547137,0.0533502,0.0520055,0.0506792,0.0493709,0.0480801,0.0468065,0.0455496,0.044309,0.0430842,0.0418749,0.0406807,0.0395011,0.0383358,0.0371843,0.0360462,0.0349212,0.0338089,0.0327088,0.0316206,0.030544,0.0294784,0.0284237,0.0273792,0.0263448,0.0253201,0.0243046,0.023298,0.0222999,0.02131,0.020328,0.0193534,0.0183859,0.0174252,0.0164709,0.0155226,0.0145801,0.013643,0.0127109,0.0117834,0.0108603,0.00994127,0.00902587,0.00811381,0.00720474,0.00629833,0.00539425,0.00449217,0.00359174,0.00269264,0.00179454
0,0.042532,0.082792,0.119155,0.150832,0.17771,0.200097,0.218497,0.233465,0.245535,0.255176,0.262792,0.268719,0.273234,0.276565,0.2789,0.280393,0.281171,0.28134,0.280988,0.280189,0.279006,0.277492,0.275691,0.273643,0.271381,0.268935,0.266328,0.263583,0.260719,0.257753,0.254701,0.251575,0.248387,0.245148,0.241866,0.238551,0.23521,0.23185,0.228476,0.225094,0.22171,0.218327,0.214949,0.21158,0.208224,0.204883,0.20156,0.198257,0.194976,0.19172,0.18849,0.185287,0.182114,0.17897,0.175858,0.172778,0.169731,0.166718,0.163739,0.160795,0.157886,0.155013,0.152176,0.149375,0.146611,0.143883,0.141191,0.138536,0.135918,0.133336,0.13079,0.12828,0.125806,0.123367,0.120964,0.118596,0.116263,0.113965,0.1117,0.10947,0.107273,0.105109,0.102977,0.100878,0.0988112,0.0967754,0.0947706,0.0927963,0.0908521,0.0889376,0.0870522,0.0851956,0.0833672,0.0815666,0.0797933,0.0780469,0.0763269,0.0746327,0.072964,0.0713202,0.0697009,0.0681056,0.0665339,0.0649852,0.0634592,0.0619552,0.060473,0.059012,0.0575717,0.0561517,0.0547516,0.0533709,0.0520092,0.0506659,0.0493407,0.0480332,0.0467428,0.0454692,0.044212,0.0429706,0.0417448,0.040534,0.0393378,0.0381559,0.0369879,0.0358332,0.0346916,0.0335626,0.0324458,0.0313409,0.0302473,0.0291649,0.0280931,0.0270316,0.02598,0.0249379,0.0239049,0.0228808,0.021865,0.0208573,0.0198573,0.0188646,0.0178788,0.0168996,0.0159266,0.0149595,0.013998,0.0130416,0.01209,0.0111429,0.0101999,0.00926065,0.00832485,0.00739212,0.00646213,0.00553454,0.00460899,0.00368514,0.00276267,0.00184121
0,0.0512202,0.0987373,0.140279,0.175124,0.203572,0.226402,0.244517,0.258766,0.269881,0.278459,0.284982,0.289832,0.293312,0.295663,0.297078,0.297712,0.29769,0.297115,0.296072,0.29463,0.292848,0.290776,0.288455,0.28592,0.283202,0.280327,0.277317,0.274194,0.270973,0.26767,0.264299,0.26087,0.257396,0.253884,0.250343,0.246781,0.243204,0.239618,0.236029,0.232441,0.228858,0.225285,0.221725,0.21818,0.214655,0.211151,0.207671,0.204216,0.20079,0.197392,0.194025,0.19069,0.187388,0.18412,0.180887,0.17769,0.17453,0.171406,0.16832,0.165272,0.162262,0.15929,0.156357,0.153462,0.150607,0.14779,0.145011,0.142272,0.139571,0.136908,0.134283,0.131696,0.129147,0.126636,0.124161,0.121723,0.119321,0.116956,0.114626,0.112331,0.110071,0.107845,0.105654,0.103496,0.101371,0.0992781,0.0972177,0.095189,0.0931914,0.0912245,0.0892878,0.0873808,0.085503,0.0836539,0.081833,0.0800399,0.0782739,0.0765347,0.0748218,0.0731345,0.0714725,0.0698353,0.0682223,0.0666331,0.0650672,0.0635241,0.0620033,0.0605043,0.0590268,0.0575701,0.0561338,0.0547175,0.0533207,0.051943,0.0505838,0.0492427,0.0479194,0.0466133,0.0453239,0.0440509,0.0427939,0.0415523,0.0403257,0.0391139,0.0379162,0.0367323,0.0355618,0.0344042,0.0332592,0.0321264,0.0310053,0.0298955,0.0287967,0.0277085,0.0266304,0.0255621,0.0245032,0.0234533,0.0224121,0.0213791,0.0203539,0.0193363,0.0183258,0.0173221,0.0163248,0.0153335,0.0143478,0.0133675,0.0123921,0.0114213,0.0104547,0.00949202,0.00853283,0.00757679,0.00662356,0.00567279,0.00472412,0.00377719,0.00283167,0.0018872
0,0.0636117,0.120658,0.1681,0.205812,0.235052,0.257422,0.274402,0.287202,0.296763,0.303797,0.308845,0.312315,0.314519,0.315698,0.316037,0.315686,0.314762,0.313359,0.311554,0.309411,0.306981,0.304309,0.301431,0.298379,0.295179,0.291853,0.288422,0.284902,0.281309,0.277656,0.273954,0.270213,0.266442,0.262649,0.258841,0.255025,0.251207,0.24739,0.24358,0.239781,0.235997,0.23223,0.228484,0.224762,0.221065,0.217396,0.213757,0.210149,0.206574,0.203033,0.199528,0.19606,0.192628,0.189235,0.185881,0.182566,0.179292,0.176057,0.172864,0.169711,0.166599,0.163528,0.160499,0.157511,0.154564,0.151658,0.148793,0.145969,0.143185,0.140442,0.137739,0.135076,0.132452,0.129867,0.127321,0.124813,0.122343,0.119911,0.117516,0.115157,0.112835,0.110548,0.108297,0.10608,0.103897,0.101749,0.0996333,0.0975506,0.0955001,0.0934813,0.0914938,0.0895369,0.0876101,0.0857131,0.0838451,0.0820057,0.0801944,0.0784106,0.0766539,0.0749237,0.0732195,0.0715408,0.0698871,0.0682578,0.0666525,0.0650707,0.0635118,0.0619754,0.060461,0.0589681,0.0574961,0.0560447,0.0546134,0.0532015,0.0518088,0.0504347,0.0490788,0.0477406,0.0464196,0.0451154,0.0438276,0.0425556,0.0412991,0.0400576,0.0388308,0.037618,0.036419,0.0352333,0.0340605,0.0329002,0.0317519,0.0306153,0.0294899,0.0283753,0.0272711,0.026177,0.0250925,0.0240173,0.0229509,0.021893,0.0208432,0.019801,0.0187662,0.0177383,0.0167169,0.0157018,0.0146924,0.0136885,0.0126897,0.0116956,0.0107057,0.00971991,0.00873767,0.00775867,0.00678256,0.00580895,0.00483751,0.00386785,0.00289963,0.00193249
0,0.0825686,0.152183,0.205651,0.244974,0.273401,0.293831,0.308466,0.318878,0.32617,0.331122,0.334286,0.336064,0.336752,0.33657,0.335688,0.334234,0.332313,0.330005,0.327375,0.324478,0.321357,0.318048,0.314583,0.310987,0.307281,0.303485,0.299615,0.295684,0.291706,0.287691,0.283647,0.279585,0.27551,0.271429,0.267348,0.263273,0.259207,0.255155,0.251121,0.247107,0.243118,0.239155,0.235221,0.231317,0.227447,0.223611,0.219811,0.216048,0.212324,0.208639,0.204995,0.201392,0.197831,0.194312,0.190836,0.187403,0.184014,0.180668,0.177366,0.174109,0.170895,0.167726,0.1646,0.161518,0.15848,0.155485,0.152534,0.149626,0.14676,0.143937,0.141155,0.138416,0.135717,0.13306,0.130443,0.127866,0.125328,0.122829,0.120369,0.117947,0.115563,0.113216,0.110905,0.10863,0.106391,0.104186,0.102016,0.0998801,0.0977772,0.0957071,0.0936692,0.0916629,0.0896878,0.0877432,0.0858287,0.0839436,0.0820874,0.0802596,0.0784597,0.076687,0.0749411,0.0732215,0.0715275,0.0698587,0.0682145,0.0665945,0.064998,0.0634247,0.0618739,0.0603452,0.0588381,0.057352,0.0558865,0.0544411,0.0530153,0.0516087,0.0502206,0.0488507,0.0474986,0.0461636,0.0448454,0.0435436,0.0422576,0.0409869,0.0397313,0.0384902,0.0372631,0.0360497,0.0348495,0.0336621,0.032487,0.0313239,0.0301722,0.0290317,0.0279019,0.0267823,0.0256727,0.0245725,0.0234814,0.0223989,0.0213247,0.0202584,0.0191996,0.0181479,0.017103,0.0160643,0.0150316,0.0140045,0.0129826,0.0119655,0.0109528,0.00994421,0.0089393,0.0079377,0.00693905,0.00594298,0.00494911,0.00395709,0.00296653,0.00197707
0,0.11448,0.199854,0.257346,0.295032,0.319746,0.336037,0.346755,0.353672,0.357919,0.360233,0.361113,0.360904,0.359854,0.358144,0.355908,0.35325,0.35025,0.346972,0.343464,0.339769,0.33592,0.331945,0.327866,0.323703,0.319474,0.315191,0.310868,0.306514,0.30214,0.297753,0.293361,0.288969,0.284583,0.280209,0.27585,0.27151,0.267194,0.262903,0.258641,0.25441,0.250213,0.246051,0.241926,0.23784,0.233794,0.22979,0.225828,0.221909,0.218035,0.214205,0.210421,0.206682,0.202991,0.199345,0.195747,0.192196,0.188692,0.185235,0.181825,0.178463,0.175147,0.171879,0.168657,0.165482,0.162353,0.15927,0.156232,0.15324,0.150292,0.147389,0.14453,0.141714,0.138942,0.136212,0.133525,0.130879,0.128274,0.125709,0.123185,0.1207,0.118254,0.115847,0.113477,0.111145,0.108849,0.10659,0.104366,0.102176,0.100022,0.0979008,0.0958131,0.093758,0.091735,0.0897435,0.087783,0.0858527,0.0839522,0.0820809,0.0802383,0.0784237,0.0766367,0.0748766,0.0731429,0.071435,0.0697525,0.0680948,0.0664613,0.0648515,0.0632648,0.0617009,0.060159,0.0586388,0.0571397,0.0556612,0.0542028,0.052764,0.0513444,0.0499433,0.0485604,0.0471952,0.0458471,0.0445158,0.0432007,0.0419014,0.0406174,0.0393483,0.0380936,0.0368529,0.0356257,0.0344116,0.0332102,0.032021,0.0308436,0.0296775,0.0285224,0.0273779,0.0262434,0.0251186,0.0240032,0.0228966,0.0217985,0.0207084,0.019626,0.0185509,0.0174827,0.016421,0.0153653,0.0143154,0.0132707,0.012231,0.0111959,0.0101649,0.00913763,0.0081138,0.00709299,0.00607481,0.0050589,0.00404486,0.00303233,0.00202093
0,0.175496,0.275408,0.328846,0.358063,0.374512,0.383817,0.388842,0.391138,0.391601,0.39078,0.389029,0.386586,0.383617,0.380243,0.376551,0.372609,0.368467,0.364167,0.359741,0.355215,0.35061,0.345944,0.341232,0.336487,0.331719,0.326938,0.322151,0.317365,0.312587,0.307822,0.303074,0.298347,0.293646,0.288973,0.284332,0.279725,0.275154,0.270622,0.26613,0.261679,0.257272,0.25291,0.248593,0.244323,0.240101,0.235927,0.231802,0.227726,0.223701,0.219725,0.215801,0.211927,0.208104,0.204332,0.200611,0.196942,0.193323,0.189755,0.186237,0.18277,0.179353,0.175986,0.172668,0.1694,0.16618,0.163008,0.159885,0.156809,0.15378,0.150798,0.147861,0.14497,0.142124,0.139323,0.136565,0.133851,0.131179,0.128549,0.125961,0.123414,0.120907,0.11844,0.116013,0.113623,0.111272,0.108957,0.10668,0.104439,0.102233,0.100061,0.0979245,0.0958212,0.0937509,0.0917131,0.089707,0.0877322,0.0857879,0.0838737,0.081989,0.080133,0.0783054,0.0765054,0.0747325,0.0729862,0.0712659,0.0695709,0.0679009,0.0662552,0.0646332,0.0630345,0.0614585,0.0599046,0.0583724,0.0568613,0.0553708,0.0539004,0.0524496,0.0510179,0.0496047,0.0482096,0.0468322,0.0454718,0.0441281,0.0428006,0.0414887,0.0401921,0.0389102,0.0376427,0.0363889,0.0351486,0.0339213,0.0327064,0.0315036,0.0303125,0.0291325,0.0279633,0.0268045,0.0256556,0.0245162,0.0233858,0.0222642,0.0211508,0.0200452,0.0189471,0.017856,0.0167715,0.0156933,0.0146209,0.013554,0.012492,0.0114348,0.0103817,0.00933259,0.0082869,0.00724431,0.0062044,0.00516681,0.00413114,0.00309701,0.00206403
0,0.312098,0.397437,0.424566,0.433863,0.436423,0.435877,0.433659,0.430437,0.426567,0.422256,0.417636,0.412792,0.407786,0.402659,0.397444,0.392166,0.386842,0.381489,0.376118,0.370739,0.36536,0.35999,0.354632,0.349294,0.343978,0.33869,0.333433,0.328209,0.323021,0.317873,0.312765,0.3077,0.30268,0.297707,0.292781,0.287904,0.283077,0.278301,0.273577,0.268905,0.264287,0.259723,0.255213,0.250759,0.246359,0.242015,0.237726,0.233493,0.229316,0.225195,0.22113,0.21712,0.213167,0.209268,0.205425,0.201637,0.197903,0.194224,0.190599,0.187027,0.183509,0.180043,0.17663,0.173269,0.169959,0.166699,0.163491,0.160332,0.157222,0.15416,0.151147,0.148181,0.145262,0.14239,0.139562,0.13678,0.134042,0.131348,0.128697,0.126088,0.123521,0.120995,0.118509,0.116064,0.113657,0.111289,0.108958,0.106665,0.104409,0.102188,0.100002,0.0978515,0.0957345,0.0936509,0.0916,0.0895812,0.0875938,0.0856372,0.0837109,0.0818142,0.0799465,0.0781072,0.0762957,0.0745115,0.0727539,0.0710224,0.0693164,0.0676353,0.0659785,0.0643456,0.0627359,0.0611489,0.0595841,0.0580409,0.0565189,0.0550173,0.0535359,0.0520739,0.050631,0.0492066,0.0478002,0.0464113,0.0450395,0.0436842,0.0423449,0.0410212,0.0397126,0.0384187,0.0371389,0.0358728,0.0346199,0.0333799,0.0321521,0.0309363,0.0297319,0.0285385,0.0273558,0.0261831,0.0250202,0.0238665,0.0227217,0.0215853,0.020457,0.0193363,0.0182227,0.0171159,0.0160155,0.0149211,0.0138322,0.0127484,0.0116694,0.0105948,0.0095241,0.00845695,0.00739295,0.0063317,0.00527281,0.00421589,0.00316055,0.00210638
1,0.675457,0.577677,0.538116,0.516401,0.501441,0.48961,0.479479,0.470384,0.461973,0.454042,0.446466,0.439162,0.432075,0.425164,0.418402,0.411768,0.405247,0.398828,0.392502,0.386262,0.380103,0.374022,0.368014,0.362077,0.356211,0.350412,0.344681,0.339016,0.333417,0.327883,0.322413,0.317009,0.311668,0.306392,0.30118,0.296032,0.290948,0.285928,0.280971,0.276078,0.271248,0.266482,0.261779,0.257139,0.252562,0.248047,0.243595,0.239205,0.234876,0.230609,0.226404,0.222259,0.218174,0.214149,0.210183,0.206277,0.202429,0.198639,0.194907,0.191231,0.187612,0.184048,0.18054,0.177086,0.173687,0.17034,0.167047,0.163805,0.160615,0.157475,0.154386,0.151346,0.148354,0.145411,0.142515,0.139666,0.136862,0.134104,0.13139,0.12872,0.126094,0.123509,0.120967,0.118465,0.116004,0.113582,0.1112,0.108856,0.106549,0.104279,0.102046,0.0998479,0.0976849,0.0955562,0.093461,0.0913988,0.0893689,0.0873706,0.0854034,0.0834665,0.0815593,0.0796813,0.0778319,0.0760103,0.074216,0.0724484,0.070707,0.0689911,0.0673001,0.0656335,0.0639907,0.0623712,0.0607743,0.0591996,0.0576464,0.0561143,0.0546027,0.0531111,0.0516389,0.0501857,0.0487509,0.0473339,0.0459344,0.0445518,0.0431856,0.0418353,0.0405005,0.0391806,0.0378752,0.0365837,0.0353058,0.034041,0.0327888,0.0315487,0.0303204,0.0291032,0.0278969,0.026701,0.0255149,0.0243383,0.0231708,0.0220119,0.0208612,0.0197183,0.0185827,0.017454,0.0163318,0.0152157,0.0141053,0.0130001,0.0118998,0.0108039,0.00971209,0.00862386,0.00753885,0.00645665,0.00537687,0.00429909,0.00322291,0.00214794
1,0.812053,0.699696,0.633822,0.592182,0.563329,0.541643,0.524264,0.509646,0.496898,0.485474,0.475025,0.465316,0.456187,0.447519,0.439231,0.431257,0.423551,0.416075,0.408801,0.401705,0.39477,0.38798,0.381323,0.374791,0.368375,0.362067,0.355863,0.349758,0.343747,0.337828,0.331997,0.326253,0.320592,0.315014,0.309516,0.304097,0.298756,0.293491,0.288302,0.283187,0.278146,0.273178,0.268282,0.263457,0.258702,0.254017,0.249402,0.244855,0.240375,0.235963,0.231617,0.227336,0.223121,0.21897,0.214883,0.210859,0.206897,0.202997,0.199158,0.195379,0.191659,0.187999,0.184396,0.18085,0.177362,0.173929,0.170551,0.167227,0.163957,0.16074,0.157575,0.154462,0.151399,0.148385,0.145421,0.142505,0.139637,0.136815,0.13404,0.13131,0.128624,0.125982,0.123383,0.120826,0.118311,0.115837,0.113403,0.111009,0.108653,0.106335,0.104054,0.10181,0.0996013,0.097428,0.0952893,0.0931844,0.0911125,0.0890732,0.0870656,0.0850891,0.0831432,0.0812271,0.0793402,0.0774819,0.0756515,0.0738485,0.0720722,0.0703221,0.0685975,0.0668978,0.0652224,0.0635709,0.0619425,0.0603367,0.0587531,0.0571909,0.0556497,0.0541289,0.052628,0.0511464,0.0496837,0.0482392,0.0468126,0.0454032,0.0440105,0.0426341,0.0412735,0.0399281,0.0385976,0.0372813,0.0359788,0.0346897,0.0334134,0.0321496,0.0308976,0.0296572,0.0284278,0.027209,0.0260002,0.0248012,0.0236114,0.0224304,0.0212577,0.020093,0.0189358,0.0177856,0.0166421,0.0155047,0.0143732,0.013247,0.0121258,0.0110091,0.00989648,0.00878758,0.00768196,0.00657921,0.00547893,0.00438069,0.00328408,0.00218871
1,0.873061,0.775232,0.705295,0.655177,0.61805,0.589368,0.566288,0.54704,0.530499,0.515931,0.502843,0.490892,0.479836,0.469497,0.459745,0.450479,0.441624,0.433121,0.424921,0.416987,0.40929,0.401804,0.39451,0.387389,0.380429,0.373618,0.366946,0.360404,0.353986,0.347685,0.341495,0.335413,0.329434,0.323555,0.317773,0.312084,0.306487,0.300979,0.295558,0.290223,0.284971,0.279802,0.274713,0.269704,0.264773,0.259919,0.25514,0.250437,0.245807,0.24125,0.236764,0.232349,0.228004,0.223728,0.21952,0.215379,0.211304,0.207294,0.203349,0.199467,0.195648,0.191891,0.188194,0.184558,0.180981,0.177462,0.174001,0.170596,0.167247,0.163953,0.160713,0.157527,0.154393,0.151311,0.148279,0.145297,0.142365,0.139481,0.136644,0.133854,0.13111,0.128412,0.125757,0.123146,0.120578,0.118052,0.115567,0.113123,0.110718,0.108353,0.106025,0.103736,0.101483,0.0992655,0.0970839,0.0949369,0.0928238,0.090744,0.0886968,0.0866815,0.0846973,0.0827438,0.0808201,0.0789257,0.0770599,0.075222,0.0734115,0.0716277,0.06987,0.0681378,0.0664305,0.0647475,0.0630881,0.061452,0.0598383,0.0582466,0.0566764,0.0551269,0.0535978,0.0520885,0.0505983,0.0491268,0.0476735,0.0462378,0.0448192,0.0434172,0.0420313,0.040661,0.0393057,0.0379651,0.0366385,0.0353255,0.0340257,0.0327385,0.0314635,0.0302002,0.0289482,0.0277069,0.026476,0.0252549,0.0240432,0.0228406,0.0216464,0.0204603,0.0192819,0.0181106,0.0169462,0.015788,0.0146358,0.013489,0.0123472,0.0112101,0.0100772,0.00894803,0.00782222,0.00669933,0.00557895,0.00446066,0.00334404,0.00222866
1,0.904958,0.822875,0.756948,0.70518,0.664326,0.631492,0.604481,0.581726,0.562126,0.544908,0.529523,0.515573,0.502767,0.490888,0.479772,0.469291,0.459347,0.449862,0.440774,0.432034,0.423599,0.415438,0.407521,0.399827,0.392336,0.385031,0.377899,0.370928,0.364108,0.35743,0.350886,0.34447,0.338177,0.332,0.325936,0.31998,0.314129,0.30838,0.302729,0.297175,0.291714,0.286345,0.281065,0.275873,0.270767,0.265744,0.260804,0.255945,0.251166,0.246465,0.241841,0.237293,0.232819,0.228418,0.22409,0.219833,0.215646,0.211527,0.207477,0.203493,0.199575,0.195722,0.191933,0.188206,0.184542,0.180938,0.177394,0.173909,0.170482,0.167112,0.163799,0.16054,0.157336,0.154185,0.151087,0.148041,0.145045,0.142099,0.139202,0.136353,0.133552,0.130797,0.128088,0.125424,0.122803,0.120226,0.117691,0.115198,0.112745,0.110333,0.10796,0.105625,0.103328,0.101068,0.098844,0.0966556,0.094502,0.0923825,0.0902963,0.0882427,0.0862211,0.0842307,0.0822709,0.080341,0.0784403,0.0765683,0.0747242,0.0729073,0.0711172,0.0693531,0.0676144,0.0659005,0.0642108,0.0625447,0.0609017,0.0592811,0.0576823,0.0561048,0.054548,0.0530114,0.0514944,0.0499964,0.048517,0.0470555,0.0456115,0.0441844,0.0427737,0.0413789,0.0399994,0.0386348,0.0372847,0.0359483,0.0346254,0.0333154,0.0320177,0.0307321,0.0294578,0.0281946,0.0269419,0.0256992,0.0244662,0.0232423,0.022027,0.02082,0.0196208,0.0184289,0.017244,0.0160654,0.0148929,0.0137259,0.0125641,0.011407,0.0102542,0.00910517,0.00795958,0.00681697,0.00567691,0.00453898,0.00340275,0.00226779
1,0.923897,0.854363,0.794444,0.744268,0.702583,0.667792,0.638418,0.613256,0.591371,0.572054,0.554768,0.53911,0.524772,0.511517,0.499163,0.487565,0.47661,0.466206,0.456281,0.446774,0.437636,0.428826,0.420311,0.412062,0.404056,0.396271,0.388691,0.381301,0.374088,0.36704,0.360149,0.353406,0.346802,0.340332,0.333991,0.327771,0.32167,0.315682,0.309805,0.304034,0.298366,0.292799,0.28733,0.281957,0.276676,0.271487,0.266387,0.261374,0.256447,0.251604,0.246842,0.242162,0.23756,0.233036,0.228589,0.224217,0.219919,0.215693,0.211538,0.207454,0.203438,0.19949,0.195609,0.191793,0.188042,0.184354,0.180729,0.177164,0.17366,0.170215,0.166829,0.163499,0.160226,0.157007,0.153844,0.150733,0.147675,0.144668,0.141712,0.138805,0.135947,0.133137,0.130374,0.127657,0.124985,0.122358,0.119773,0.117232,0.114733,0.112274,0.109856,0.107477,0.105136,0.102834,0.100569,0.0983398,0.0961463,0.0939878,0.0918633,0.0897722,0.0877137,0.0856872,0.0836919,0.0817272,0.0797924,0.0778868,0.0760097,0.0741605,0.0723385,0.0705431,0.0687736,0.0670294,0.06531,0.0636146,0.0619428,0.0602938,0.0586671,0.0570621,0.0554782,0.0539149,0.0523715,0.0508476,0.0493425,0.0478558,0.0463869,0.0449352,0.0435002,0.0420814,0.0406783,0.0392904,0.037917,0.0365578,0.0352123,0.0338799,0.0325601,0.0312525,0.0299566,0.0286718,0.0273978,0.026134,0.02488,0.0236353,0.0223995,0.021172,0.0199525,0.0187404,0.0175353,0.0163369,0.0151445,0.0139578,0.0127763,0.0115997,0.0104273,0.00925892,0.00809397,0.00693206,0.00577275,0.00461561,0.00346019,0.00230607
1,0.936265,0.876238,0.822195,0.774864,0.733948,0.698674,0.668143,0.64151,0.61805,0.597167,0.578385,0.561327,0.545693,0.531246,0.517798,0.505197,0.493322,0.482073,0.471369,0.461145,0.451343,0.44192,0.432834,0.424055,0.415553,0.407306,0.399294,0.391497,0.383902,0.376495,0.369265,0.362201,0.355294,0.348537,0.341923,0.335444,0.329097,0.322875,0.316773,0.310789,0.304917,0.299155,0.2935,0.287947,0.282495,0.277141,0.271883,0.266718,0.261644,0.25666,0.251763,0.246951,0.242224,0.237578,0.233013,0.228527,0.224119,0.219787,0.215529,0.211345,0.207233,0.203191,0.19922,0.195316,0.191479,0.187708,0.184002,0.180359,0.176779,0.17326,0.169801,0.166402,0.16306,0.159776,0.156547,0.153373,0.150254,0.147187,0.144172,0.141209,0.138295,0.135431,0.132614,0.129845,0.127123,0.124446,0.121813,0.119225,0.116679,0.114175,0.111712,0.10929,0.106907,0.104563,0.102257,0.0999885,0.097756,0.0955591,0.093397,0.0912691,0.0891745,0.0871126,0.0850825,0.0830837,0.0811154,0.0791768,0.0772674,0.0753865,0.0735333,0.0717072,0.0699076,0.0681338,0.0663852,0.0646612,0.0629611,0.0612843,0.0596303,0.0579983,0.0563879,0.0547984,0.0532293,0.05168,0.0501499,0.0486385,0.0471452,0.0456694,0.0442107,0.0427684,0.0413422,0.0399313,0.0385354,0.0371538,0.0357861,0.0344318,0.0330904,0.0317614,0.0304442,0.0291384,0.0278436,0.0265591,0.0252846,0.0240196,0.0227636,0.0215161,0.0202767,0.0190449,0.0178202,0.0166022,0.0153905,0.0141845,0.0129838,0.011788,0.0105966,0.00940922,0.00822535,0.00704458,0.00586645,0.00469052,0.00351635,0.0023435
1,0.944925,0.892127,0.843235,0.799045,0.759671,0.724813,0.69397,0.666592,0.64215,0.620179,0.600279,0.582119,0.565426,0.549976,0.535585,0.522103,0.509407,0.497394,0.485979,0.475092,0.464674,0.454675,0.445052,0.43577,0.426797,0.418108,0.409679,0.401492,0.393528,0.385773,0.378214,0.370838,0.363637,0.356599,0.349719,0.342987,0.336398,0.329946,0.323625,0.317431,0.311359,0.305405,0.299566,0.293837,0.288216,0.2827,0.277286,0.271971,0.266753,0.261629,0.256598,0.251658,0.246805,0.24204,0.237359,0.23276,0.228244,0.223806,0.219447,0.215165,0.210957,0.206824,0.202762,0.198771,0.194851,0.190998,0.187212,0.183492,0.179837,0.176245,0.172715,0.169247,0.165838,0.162488,0.159196,0.15596,0.15278,0.149654,0.146582,0.143562,0.140594,0.137676,0.134807,0.131988,0.129215,0.12649,0.12381,0.121174,0.118583,0.116035,0.113529,0.111064,0.10864,0.106255,0.103909,0.101601,0.0993301,0.0970957,0.0948968,0.0927328,0.0906028,0.0885062,0.0864421,0.0844098,0.0824087,0.0804379,0.0784969,0.0765849,0.0747011,0.0728451,0.071016,0.0692132,0.067436,0.0656839,0.0639562,0.0622523,0.0605715,0.0589132,0.0572768,0.0556618,0.0540674,0.0524933,0.0509387,0.0494031,0.047886,0.0463867,0.0449048,0.0434396,0.0419907,0.0405574,0.0391394,0.037736,0.0363467,0.034971,0.0336084,0.0322584,0.0309205,0.0295942,0.028279,0.0269744,0.0256798,0.024395,0.0231193,0.0218522,0.0205934,0.0193423,0.0180984,0.0168614,0.0156307,0.0144058,0.0131864,0.0119719,0.0107619,0.00955601,0.00835367,0.00715447,0.00595795,0.00476368,0.00357119,0.00238005
1,0.951309,0.90411,0.859575,0.818408,0.780879,0.746935,0.716334,0.688737,0.663781,0.641119,0.620433,0.601445,0.583917,0.567647,0.552464,0.538224,0.524809,0.512116,0.500061,0.488571,0.477586,0.467054,0.456929,0.447174,0.437757,0.428649,0.419825,0.411263,0.402946,0.394856,0.386979,0.379302,0.371815,0.364505,0.357366,0.350387,0.343563,0.336886,0.330351,0.323952,0.317683,0.311541,0.305521,0.29962,0.293832,0.288157,0.282589,0.277126,0.271766,0.266506,0.261343,0.256276,0.251301,0.246416,0.241621,0.236912,0.232289,0.227748,0.223289,0.218909,0.214608,0.210383,0.206234,0.202158,0.198154,0.194221,0.190357,0.186561,0.182832,0.179168,0.175569,0.172032,0.168557,0.165143,0.161788,0.158491,0.155251,0.152068,0.148939,0.145864,0.142842,0.139872,0.136952,0.134082,0.131261,0.128488,0.125761,0.12308,0.120445,0.117853,0.115304,0.112798,0.110332,0.107908,0.105523,0.103176,0.100868,0.0985969,0.096362,0.0941626,0.091998,0.0898674,0.0877699,0.085705,0.0836717,0.0816695,0.0796975,0.0777551,0.0758415,0.0739561,0.0720981,0.070267,0.068462,0.0666824,0.0649277,0.0631972,0.0614902,0.0598062,0.0581445,0.0565045,0.0548855,0.0532871,0.0517086,0.0501494,0.048609,0.0470868,0.0455822,0.0440946,0.0426236,0.0411685,0.0397289,0.0383041,0.0368937,0.0354971,0.0341139,0.0327435,0.0313853,0.0300389,0.0287038,0.0273795,0.0260655,0.0247612,0.0234663,0.0221802,0.0209024,0.0196325,0.0183699,0.0171143,0.0158651,0.0146218,0.0133841,0.0121514,0.0109233,0.00969924,0.00847887,0.00726169,0.00604723,0.00483506,0.0036247,0.00241571
1,0.9562,0.913429,0.872546,0.834134,0.7985,0.765717,0.735693,0.708239,0.683119,0.660083,0.638889,0.619311,0.601151,0.58423,0.568398,0.553522,0.539488,0.526201,0.513578,0.501546,0.490046,0.479024,0.468436,0.458242,0.448409,0.438905,0.429707,0.42079,0.412136,0.403726,0.395544,0.387578,0.379814,0.372242,0.364851,0.357634,0.350581,0.343685,0.336941,0.330341,0.323881,0.317555,0.311359,0.305287,0.299338,0.293505,0.287787,0.28218,0.27668,0.271286,0.265993,0.260801,0.255705,0.250705,0.245797,0.240979,0.236251,0.231608,0.227051,0.222576,0.218183,0.213868,0.209632,0.205472,0.201386,0.197374,0.193433,0.189563,0.185761,0.182027,0.178359,0.174756,0.171216,0.167738,0.164322,0.160965,0.157667,0.154427,0.151243,0.148114,0.145039,0.142017,0.139047,0.136128,0.133259,0.130439,0.127667,0.124942,0.122262,0.119628,0.117037,0.11449,0.111985,0.109521,0.107098,0.104714,0.102369,0.100062,0.0977917,0.0955578,0.0933594,0.0911955,0.0890655,0.0869686,0.084904,0.0828709,0.0808687,0.0788965,0.0769538,0.0750397,0.0731536,0.0712948,0.0694625,0.0676562,0.0658752,0.0641187,0.0623862,0.0606771,0.0589906,0.0573262,0.0556833,0.0540612,0.0524593,0.0508771,0.049314,0.0477693,0.0462426,0.0447332,0.0432406,0.0417642,0.0403035,0.038858,0.037427,0.0360101,0.0346067,0.0332163,0.0318384,0.0304725,0.029118,0.0277745,0.0264414,0.0251183,0.0238046,0.0224999,0.0212036,0.0199153,0.0186345,0.0173608,0.0160935,0.0148324,0.0135768,0.0123263,0.0110805,0.00983885,0.0086009,0.00736619,0.00613426,0.00490464,0.00367686,0.00245047
1,0.960061,0.920862,0.883044,0.847083,0.813272,0.781739,0.752481,0.725408,0.700374,0.677206,0.655727,0.635761,0.617143,0.599726,0.583377,0.567976,0.553422,0.539623,0.526502,0.51399,0.502027,0.490562,0.479549,0.46895,0.45873,0.448858,0.439307,0.430056,0.421082,0.412367,0.403894,0.395651,0.387622,0.379797,0.372164,0.364715,0.357441,0.350334,0.343386,0.336592,0.329945,0.323439,0.317071,0.310834,0.304725,0.29874,0.292875,0.287126,0.28149,0.275963,0.270544,0.265229,0.260015,0.2549,0.249882,0.244958,0.240126,0.235384,0.23073,0.226162,0.221678,0.217276,0.212954,0.208712,0.204546,0.200456,0.19644,0.192496,0.188623,0.18482,0.181085,0.177416,0.173813,0.170273,0.166796,0.163381,0.160026,0.15673,0.153491,0.150309,0.147183,0.144111,0.141092,0.138125,0.135209,0.132343,0.129526,0.126757,0.124035,0.121359,0.118728,0.11614,0.113596,0.111094,0.108634,0.106213,0.103832,0.10149,0.0991854,0.0969178,0.0946862,0.09249,0.0903281,0.0882,0.0861048,0.0840416,0.0820099,0.0800088,0.0780376,0.0760955,0.0741819,0.0722961,0.0704373,0.0686049,0.0667981,0.0650164,0.063259,0.0615254,0.0598148,0.0581266,0.0564602,0.0548151,0.0531905,0.0515858,0.0500006,0.0484341,0.0468858,0.0453551,0.0438415,0.0423444,0.0408632,0.0393973,0.0379463,0.0365095,0.0350865,0.0336767,0.0322796,0.0308946,0.0295213,0.028159,0.0268074,0.0254659,0.024134,0.0228111,0.0214969,0.0201907,0.0188922,0.0176008,0.016316,0.0150374,0.0137644,0.0124966,0.0112336,0.00997477,0.00871971,0.00746794,0.00621899,0.00497238,0.00372764,0.00248431
1,0.963182,0.926914,0.891685,0.857881,0.825766,0.795485,0.767085,0.740538,0.715761,0.692642,0.671053,0.650861,0.631936,0.614155,0.597406,0.581585,0.566599,0.552368,0.538817,0.525884,0.51351,0.501646,0.490249,0.479279,0.468702,0.458488,0.44861,0.439043,0.429768,0.420765,0.412017,0.403508,0.395226,0.387159,0.379294,0.371622,0.364134,0.356822,0.349678,0.342695,0.335866,0.329187,0.322651,0.316253,0.30999,0.303855,0.297846,0.291959,0.286189,0.280534,0.274991,0.269556,0.264226,0.259,0.253873,0.248845,0.243912,0.239072,0.234323,0.229664,0.225091,0.220603,0.216198,0.211875,0.207631,0.203464,0.199374,0.195359,0.191416,0.187545,0.183744,0.180011,0.176345,0.172745,0.16921,0.165737,0.162326,0.158975,0.155683,0.15245,0.149273,0.146151,0.143084,0.14007,0.137109,0.134198,0.131338,0.128526,0.125762,0.123045,0.120374,0.117748,0.115166,0.112626,0.110129,0.107673,0.105257,0.102881,0.100542,0.0982418,0.095978,0.0937501,0.0915572,0.0893987,0.0872736,0.0851812,0.0831207,0.0810913,0.0790924,0.0771231,0.0751827,0.0732705,0.0713859,0.069528,0.0676962,0.0658898,0.0641082,0.0623507,0.0606166,0.0589053,0.0572162,0.0555485,0.0539018,0.0522753,0.0506685,0.0490808,0.0475115,0.0459601,0.0444261,0.0429087,0.0414075,0.039922,0.0384514,0.0369954,0.0355533,0.0341246,0.0327087,0.0313052,0.0299135,0.0285331,0.0271634,0.025804,0.0244543,0.0231138,0.0217821,0.0204586,0.0191428,0.0178342,0.0165323,0.0152367,0.0139469,0.0126623,0.0113825,0.010107,0.00883526,0.00756689,0.00630139,0.00503826,0.00377703,0.00251723
1,0.965754,0.931928,0.898902,0.86699,0.836424,0.80735,0.779838,0.753897,0.72949,0.706547,0.684981,0.664694,0.645584,0.627553,0.610507,0.594357,0.579023,0.564431,0.550516,0.537218,0.524483,0.512265,0.500522,0.489215,0.478312,0.467782,0.4576,0.44774,0.438183,0.428908,0.419899,0.41114,0.402617,0.394318,0.386231,0.378345,0.370652,0.363143,0.355809,0.348643,0.34164,0.334791,0.328093,0.321539,0.315125,0.308845,0.302696,0.296674,0.290774,0.284994,0.279329,0.273777,0.268335,0.262999,0.257767,0.252636,0.247605,0.242669,0.237828,0.233079,0.228419,0.223847,0.219361,0.214958,0.210637,0.206397,0.202234,0.198149,0.194138,0.1902,0.186335,0.182539,0.178813,0.175153,0.17156,0.168031,0.164565,0.161161,0.157818,0.154533,0.151307,0.148138,0.145024,0.141964,0.138958,0.136004,0.1331,0.130247,0.127442,0.124686,0.121976,0.119312,0.116692,0.114117,0.111584,0.109093,0.106643,0.104233,0.101862,0.0995293,0.097234,0.0949753,0.0927522,0.090564,0.0884099,0.0862889,0.0842004,0.0821436,0.0801176,0.0781218,0.0761554,0.0742176,0.0723077,0.0704251,0.068569,0.0667387,0.0649335,0.0631528,0.0613958,0.059662,0.0579507,0.0562612,0.0545929,0.0529452,0.0513175,0.0497091,0.0481194,0.0465479,0.044994,0.043457,0.0419364,0.0404316,0.0389421,0.0374673,0.0360067,0.0345596,0.0331256,0.0317041,0.0302945,0.0288964,0.0275092,0.0261324,0.0247655,0.0234079,0.0220592,0.0207188,0.0193862,0.0180609,0.0167425,0.0154304,0.0141241,0.0128232,0.0115271,0.0102354,0.00894749,0.00766301,0.00638142,0.00510225,0.003825,0.0025492
1,0.967906,0.93614,0.905004,0.874755,0.845591,0.817653,0.791019,0.765723,0.741754,0.719076,0.697631,0.677349,0.658154,0.639967,0.622712,0.606314,0.590704,0.575819,0.561598,0.547988,0.53494,0.52241,0.510358,0.498748,0.487548,0.47673,0.466267,0.456136,0.446315,0.436786,0.427531,0.418535,0.409784,0.401265,0.392966,0.384876,0.376987,0.369288,0.361771,0.35443,0.347257,0.340246,0.333391,0.326685,0.320125,0.313704,0.30742,0.301266,0.29524,0.289338,0.283555,0.277889,0.272336,0.266894,0.261559,0.256329,0.251201,0.246173,0.241241,0.236404,0.23166,0.227006,0.22244,0.21796,0.213564,0.209251,0.205018,0.200863,0.196786,0.192784,0.188856,0.184999,0.181213,0.177496,0.173846,0.170262,0.166743,0.163287,0.159893,0.156559,0.153285,0.150069,0.146909,0.143805,0.140755,0.137758,0.134813,0.131919,0.129075,0.12628,0.123532,0.120831,0.118175,0.115564,0.112997,0.110472,0.107989,0.105546,0.103143,0.100779,0.0984537,0.096165,0.0939125,0.0916955,0.0895131,0.0873644,0.0852487,0.0831651,0.0811129,0.0790913,0.0770996,0.0751369,0.0732026,0.0712959,0.0694161,0.0675625,0.0657344,0.0639312,0.062152,0.0603964,0.0586635,0.0569528,0.0552636,0.0535953,0.0519472,0.0503187,0.0487093,0.0471182,0.045545,0.043989,0.0424495,0.0409262,0.0394183,0.0379253,0.0364466,0.0349817,0.03353,0.032091,0.0306642,0.0292489,0.0278447,0.026451,0.0250674,0.0236932,0.022328,0.0209712,0.0196223,0.0182809,0.0169464,0.0156183,0.0142961,0.0129793,0.0116674,0.0103599,0.00905637,0.00775625,0.00645906,0.00516432,0.00387153,0.00258021
1,0.969731,0.939723,0.91022,0.881433,0.853534,0.82665,0.800864,0.77622,0.752728,0.730372,0.709118,0.688918,0.669715,0.651449,0.634059,0.617482,0.601662,0.586541,0.572069,0.558196,0.544879,0.532076,0.519751,0.507871,0.496404,0.485323,0.474602,0.46422,0.454155,0.444389,0.434905,0.425686,0.416719,0.407992,0.399492,0.391208,0.38313,0.37525,0.367559,0.360049,0.352714,0.345545,0.338538,0.331687,0.324985,0.318428,0.312012,0.305731,0.299583,0.293562,0.287664,0.281888,0.276228,0.270682,0.265247,0.25992,0.254698,0.249579,0.244559,0.239637,0.23481,0.230076,0.225433,0.220877,0.216409,0.212025,0.207723,0.203502,0.199359,0.195294,0.191305,0.187388,0.183544,0.179771,0.176066,0.172429,0.168858,0.165352,0.161908,0.158526,0.155205,0.151943,0.148739,0.145591,0.142499,0.139461,0.136475,0.133542,0.130659,0.127826,0.125042,0.122305,0.119614,0.116968,0.114367,0.111809,0.109294,0.10682,0.104386,0.101992,0.0996364,0.0973186,0.0950376,0.0927926,0.0905827,0.0884071,0.0862649,0.0841554,0.0820777,0.0800311,0.0780148,0.076028,0.0740699,0.0721399,0.0702371,0.068361,0.0665107,0.0646856,0.0628849,0.061108,0.0593543,0.057623,0.0559135,0.0542252,0.0525574,0.0509095,0.0492809,0.0476709,0.0460789,0.0445044,0.0429467,0.0414053,0.0398796,0.0383689,0.0368728,0.0353907,0.0339219,0.032466,0.0310223,0.0295904,0.0281698,0.0267597,0.0253598,0.0239696,0.0225884,0.0212157,0.0198511,0.018494,0.0171439,0.0158003,0.0144626,0.0131305,0.0118033,0.0104806,0.00916185,0.00784658,0.00653428,0.00522446,0.00391661,0.00261025
1,0.971295,0.942802,0.914718,0.887222,0.860461,0.834549,0.809568,0.785566,0.762565,0.740567,0.719552,0.699489,0.680339,0.662056,0.644591,0.627895,0.611919,0.596616,0.58194,0.567849,0.554303,0.541264,0.528701,0.51658,0.504873,0.493554,0.4826,0.471988,0.461697,0.451711,0.442012,0.432585,0.423416,0.414492,0.405801,0.397332,0.389076,0.381024,0.373166,0.365494,0.358003,0.350683,0.343531,0.336538,0.3297,0.323012,0.316469,0.310065,0.303798,0.297662,0.291654,0.285769,0.280006,0.27436,0.268828,0.263406,0.258093,0.252886,0.247781,0.242776,0.237868,0.233056,0.228337,0.223709,0.219169,0.214716,0.210347,0.206061,0.201856,0.197729,0.19368,0.189706,0.185806,0.181977,0.178219,0.17453,0.170909,0.167353,0.163861,0.160433,0.157066,0.15376,0.150512,0.147322,0.144189,0.14111,0.138086,0.135114,0.132194,0.129325,0.126504,0.123732,0.121007,0.118328,0.115694,0.113105,0.110558,0.108053,0.105589,0.103166,0.100782,0.0984355,0.0961268,0.0938547,0.0916182,0.0894165,0.0872487,0.085114,0.0830117,0.0809408,0.0789007,0.0768904,0.0749094,0.0729567,0.0710318,0.0691337,0.0672619,0.0654156,0.0635941,0.0617967,0.0600228,0.0582715,0.0565424,0.0548348,0.0531479,0.0514811,0.0498339,0.0482056,0.0465955,0.0450031,0.0434278,0.0418689,0.0403259,0.0387982,0.0372852,0.0357863,0.034301,0.0328287,0.0313688,0.0299208,0.0284842,0.0270584,0.0256428,0.0242369,0.0228403,0.0214522,0.0200724,0.0187001,0.0173349,0.0159763,0.0146237,0.0132767,0.0119348,0.0105973,0.00926388,0.00793395,0.00660704,0.00528263,0.00396022,0.00263931
1,0.972648,0.94547,0.91863,0.892278,0.86654,0.841519,0.817291,0.793909,0.771401,0.749778,0.729033,0.709148,0.690096,0.671844,0.654355,0.637588,0.621505,0.606064,0.591227,0.576957,0.563218,0.549979,0.537207,0.524875,0.512954,0.501422,0.490255,0.479433,0.468936,0.458746,0.448848,0.439226,0.429867,0.420758,0.411888,0.403245,0.39482,0.386603,0.378586,0.37076,0.363119,0.355655,0.348363,0.341235,0.334266,0.327451,0.320785,0.314263,0.307881,0.301634,0.295519,0.289531,0.283667,0.277923,0.272297,0.266784,0.261383,0.25609,0.250902,0.245816,0.240831,0.235944,0.231151,0.226452,0.221843,0.217323,0.212889,0.20854,0.204274,0.200088,0.19598,0.19195,0.187995,0.184113,0.180304,0.176564,0.172893,0.16929,0.165752,0.162278,0.158867,0.155518,0.152228,0.148997,0.145824,0.142707,0.139644,0.136635,0.133679,0.130774,0.127919,0.125113,0.122355,0.119643,0.116978,0.114357,0.11178,0.109245,0.106753,0.104301,0.101889,0.0995152,0.0971797,0.0948813,0.0926191,0.0903921,0.0881995,0.0860405,0.0839143,0.0818199,0.0797567,0.0777239,0.0757206,0.0737461,0.0717996,0.0698804,0.0679878,0.066121,0.0642793,0.0624621,0.0606686,0.0588981,0.05715,0.0554236,0.0537183,0.0520333,0.0503682,0.0487221,0.0470945,0.0454849,0.0438925,0.0423167,0.040757,0.0392128,0.0376835,0.0361684,0.0346672,0.033179,0.0317035,0.0302399,0.0287879,0.0273468,0.0259161,0.0244952,0.0230836,0.0216807,0.0202861,0.0188992,0.0175194,0.0161463,0.0147794,0.013418,0.0120617,0.01071,0.00936242,0.00801834,0.00667731,0.00533881,0.00400233,0.00266738
1,0.973828,0.9478,0.922054,0.896718,0.871901,0.847695,0.82417,0.801378,0.779353,0.75811,0.737653,0.717973,0.699054,0.680871,0.663396,0.646599,0.630447,0.614907,0.599946,0.585533,0.571636,0.558226,0.545275,0.532757,0.520648,0.508925,0.497566,0.486553,0.475866,0.46549,0.455407,0.445605,0.436069,0.426787,0.417748,0.40894,0.400355,0.391982,0.383814,0.375842,0.368058,0.360456,0.35303,0.345772,0.338678,0.331742,0.324958,0.318322,0.311829,0.305476,0.299257,0.293168,0.287207,0.28137,0.275652,0.270052,0.264565,0.259189,0.25392,0.248757,0.243697,0.238736,0.233873,0.229104,0.224429,0.219844,0.215347,0.210937,0.206611,0.202367,0.198204,0.194119,0.190111,0.186178,0.182318,0.17853,0.174811,0.171162,0.167579,0.164061,0.160607,0.157216,0.153886,0.150615,0.147403,0.144248,0.141149,0.138104,0.135112,0.132173,0.129284,0.126446,0.123656,0.120913,0.118217,0.115566,0.11296,0.110396,0.107876,0.105396,0.102957,0.100557,0.0981958,0.095872,0.0935848,0.0913334,0.0891169,0.0869344,0.0847851,0.0826681,0.0805826,0.0785279,0.0765031,0.0745075,0.0725403,0.0706007,0.0686879,0.0668014,0.0649403,0.0631039,0.0612915,0.0595024,0.057736,0.0559916,0.0542684,0.0525659,0.0508834,0.0492203,0.0475758,0.0459495,0.0443406,0.0427485,0.0411728,0.0396126,0.0380676,0.036537,0.0350203,0.0335168,0.0320262,0.0305477,0.0290808,0.0276249,0.0261796,0.0247442,0.0233182,0.021901,0.0204922,0.0190911,0.0176974,0.0163103,0.0149294,0.0135542,0.0121842,0.0108187,0.00945743,0.00809971,0.00674506,0.00539298,0.00404294,0.00269444
1,0.974862,0.949846,0.925069,0.900639,0.876652,0.853189,0.830315,0.808081,0.786522,0.765657,0.745497,0.726039,0.707275,0.689188,0.671759,0.654964,0.638777,0.623171,0.608119,0.593593,0.579566,0.566013,0.552909,0.540231,0.527956,0.516063,0.504533,0.493346,0.482487,0.471939,0.461687,0.451717,0.442016,0.432573,0.423375,0.414413,0.405677,0.397157,0.388846,0.380734,0.372816,0.365083,0.357528,0.350147,0.342933,0.33588,0.328983,0.322238,0.315639,0.309182,0.302864,0.296679,0.290624,0.284696,0.278891,0.273205,0.267636,0.26218,0.256834,0.251596,0.246462,0.241431,0.236499,0.231664,0.226924,0.222277,0.217719,0.21325,0.208866,0.204567,0.200349,0.196211,0.192152,0.188169,0.184261,0.180425,0.176661,0.172966,0.16934,0.16578,0.162285,0.158853,0.155484,0.152175,0.148925,0.145734,0.142599,0.139519,0.136494,0.133521,0.1306,0.12773,0.124909,0.122136,0.11941,0.116731,0.114096,0.111505,0.108957,0.106451,0.103986,0.101561,0.0991744,0.0968262,0.094515,0.09224,0.0900004,0.0877953,0.0856237,0.0834849,0.081378,0.0793022,0.0772567,0.0752407,0.0732534,0.0712942,0.0693621,0.0674565,0.0655766,0.0637218,0.0618912,0.0600842,0.0583002,0.0565383,0.054798,0.0530786,0.0513794,0.0496998,0.0480391,0.0463967,0.0447719,0.0431642,0.041573,0.0399975,0.0384373,0.0368917,0.0353601,0.033842,0.0323368,0.0308439,0.0293627,0.0278926,0.0264332,0.0249838,0.023544,0.0221131,0.0206905,0.0192759,0.0178686,0.0164681,0.0150738,0.0136853,0.012302,0.0109234,0.00954888,0.00817802,0.00681027,0.00544511,0.00408202,0.00272049
1,0.975776,0.951655,0.927738,0.904118,0.880879,0.858093,0.835821,0.81411,0.792996,0.7725,0.752637,0.733411,0.714818,0.696849,0.679489,0.662722,0.646527,0.630882,0.615765,0.601153,0.587023,0.573352,0.560119,0.547302,0.534882,0.522838,0.511155,0.499813,0.488797,0.478092,0.467684,0.45756,0.447707,0.438113,0.428768,0.419661,0.410783,0.402125,0.393678,0.385435,0.377388,0.36953,0.361854,0.354355,0.347026,0.339862,0.332857,0.326007,0.319307,0.312751,0.306337,0.30006,0.293915,0.2879,0.28201,0.276243,0.270594,0.265061,0.259641,0.25433,0.249126,0.244027,0.239029,0.23413,0.229327,0.224619,0.220003,0.215476,0.211038,0.206684,0.202414,0.198226,0.194117,0.190086,0.186131,0.18225,0.178441,0.174704,0.171035,0.167434,0.163899,0.160429,0.157021,0.153675,0.15039,0.147163,0.143994,0.140881,0.137823,0.134818,0.131866,0.128965,0.126115,0.123313,0.120558,0.117851,0.115189,0.112571,0.109997,0.107466,0.104975,0.102526,0.100115,0.0977434,0.0954091,0.0931115,0.0908497,0.0886227,0.0864297,0.0842699,0.0821423,0.0800463,0.0779808,0.0759453,0.0739388,0.0719606,0.0700099,0.068086,0.0661881,0.0643155,0.0624674,0.0606433,0.0588422,0.0570637,0.0553069,0.0535712,0.051856,0.0501605,0.0484842,0.0468264,0.0451864,0.0435636,0.0419574,0.0403673,0.0387925,0.0372325,0.0356866,0.0341544,0.0326352,0.0311284,0.0296334,0.0281498,0.0266768,0.0252141,0.0237609,0.0223167,0.0208811,0.0194534,0.0180331,0.0166197,0.0152126,0.0138113,0.0124152,0.0110239,0.00963672,0.00825324,0.00687291,0.00549519,0.00411957,0.00274551
1,0.976585,0.953259,0.930109,0.907215,0.884652,0.862484,0.840766,0.819543,0.79885,0.778711,0.759141,0.74015,0.721737,0.703899,0.686627,0.669907,0.653726,0.638065,0.622907,0.608232,0.59402,0.580253,0.566911,0.553976,0.54143,0.529255,0.517435,0.505953,0.494796,0.483949,0.473398,0.463132,0.453138,0.443405,0.433922,0.42468,0.415669,0.406881,0.398307,0.389939,0.381771,0.373795,0.366004,0.358392,0.350954,0.343684,0.336577,0.329626,0.322829,0.31618,0.309674,0.303308,0.297077,0.290978,0.285008,0.279161,0.273437,0.26783,0.262337,0.256957,0.251686,0.246521,0.241459,0.236499,0.231636,0.22687,0.222197,0.217616,0.213124,0.208719,0.204398,0.200161,0.196004,0.191927,0.187927,0.184002,0.180151,0.176372,0.172663,0.169022,0.165449,0.161941,0.158497,0.155116,0.151796,0.148535,0.145333,0.142188,0.139098,0.136063,0.133081,0.130151,0.127271,0.124441,0.12166,0.118925,0.116237,0.113594,0.110995,0.108439,0.105924,0.103451,0.101018,0.0986232,0.0962668,0.0939474,0.0916642,0.0894163,0.0872028,0.0850227,0.0828754,0.0807599,0.0786753,0.076621,0.074596,0.0725996,0.0706311,0.0686896,0.0667744,0.0648848,0.06302,0.0611793,0.059362,0.0575674,0.0557948,0.0540435,0.0523129,0.0506022,0.0489109,0.0472383,0.0455837,0.0439465,0.042326,0.0407217,0.039133,0.0375591,0.0359996,0.0344539,0.0329212,0.0314011,0.029893,0.0283963,0.0269104,0.0254348,0.0239688,0.022512,0.0210637,0.0196235,0.0181908,0.016765,0.0153455,0.013932,0.0125237,0.0111202,0.00972091,0.00832535,0.00693295,0.0055432,0.00415555,0.00276949
1,0.977305,0.954688,0.932223,0.909982,0.88803,0.866424,0.845216,0.824447,0.80415,0.784351,0.765068,0.746309,0.728082,0.710384,0.693211,0.676555,0.660404,0.644746,0.629565,0.614846,0.600573,0.586729,0.573298,0.560262,0.547607,0.535317,0.523376,0.51177,0.500485,0.489509,0.478829,0.468432,0.458308,0.448446,0.438836,0.429467,0.420333,0.411423,0.402729,0.394245,0.385962,0.377874,0.369974,0.362257,0.354715,0.347344,0.340139,0.333093,0.326203,0.319464,0.312871,0.30642,0.300108,0.293929,0.287881,0.281959,0.276161,0.270483,0.264923,0.259476,0.25414,0.248912,0.243789,0.238769,0.233849,0.229027,0.2243,0.219666,0.215123,0.210668,0.206299,0.202015,0.197813,0.193691,0.189648,0.185681,0.181789,0.17797,0.174222,0.170544,0.166933,0.16339,0.159911,0.156496,0.153142,0.149849,0.146615,0.143439,0.140319,0.137255,0.134244,0.131286,0.128379,0.125522,0.122714,0.119954,0.117241,0.114573,0.11195,0.10937,0.106833,0.104337,0.101881,0.0994652,0.0970875,0.0947473,0.0924436,0.0901757,0.0879424,0.0857431,0.0835768,0.0814426,0.0793398,0.0772674,0.0752248,0.073211,0.0712254,0.0692671,0.0673353,0.0654294,0.0635485,0.061692,0.0598592,0.0580492,0.0562615,0.0544953,0.0527499,0.0510248,0.0493191,0.0476323,0.0459637,0.0443127,0.0426786,0.0410608,0.0394586,0.0378716,0.036299,0.0347403,0.0331948,0.031662,0.0301413,0.0286321,0.0271338,0.0256458,0.0241677,0.0226987,0.0212384,0.0197862,0.0183416,0.0169039,0.0154727,0.0140474,0.0126274,0.0112123,0.00980144,0.0083943,0.00699037,0.0055891,0.00418996,0.00279242
1,0.977948,0.955965,0.934114,0.91246,0.89106,0.869967,0.849227,0.828878,0.808953,0.789477,0.770468,0.751939,0.733897,0.716344,0.699279,0.682697,0.666591,0.650949,0.635762,0.621016,0.606697,0.592793,0.579288,0.566168,0.55342,0.541029,0.528982,0.517265,0.505866,0.494774,0.483975,0.473459,0.463216,0.453235,0.443507,0.434022,0.424772,0.415748,0.406943,0.398349,0.389958,0.381765,0.373763,0.365945,0.358306,0.350839,0.343541,0.336405,0.329427,0.322603,0.315927,0.309395,0.303004,0.296749,0.290627,0.284634,0.278766,0.273021,0.267394,0.261883,0.256485,0.251197,0.246017,0.24094,0.235965,0.23109,0.226311,0.221626,0.217034,0.212532,0.208117,0.203787,0.199541,0.195377,0.191292,0.187285,0.183354,0.179497,0.175712,0.171997,0.168352,0.164774,0.161261,0.157813,0.154428,0.151104,0.14784,0.144634,0.141486,0.138393,0.135355,0.132369,0.129436,0.126554,0.123721,0.120936,0.118199,0.115508,0.112862,0.110259,0.1077,0.105182,0.102706,0.100269,0.0978709,0.0955107,0.0931876,0.0909004,0.0886484,0.0864306,0.0842462,0.0820942,0.0799739,0.0778844,0.0758248,0.0737945,0.0717925,0.0698181,0.0678705,0.065949,0.0640529,0.0621813,0.0603335,0.0585089,0.0567067,0.0549263,0.0531669,0.0514279,0.0497085,0.0480082,0.0463263,0.044662,0.0430149,0.0413842,0.0397693,0.0381697,0.0365846,0.0350135,0.0334558,0.0319109,0.0303781,0.028857,0.0273468,0.0258472,0.0243574,0.0228768,0.021405,0.0199414,0.0184854,0.0170365,0.015594,0.0141575,0.0127264,0.0113002,0.00987825,0.00846008,0.00704514,0.00563289,0.00422279,0.0028143
1,0.978524,0.957108,0.935809,0.914684,0.893785,0.873158,0.852846,0.832886,0.813307,0.794135,0.775389,0.757081,0.739222,0.721816,0.704864,0.688364,0.672311,0.656699,0.641517,0.626757,0.612407,0.598457,0.584893,0.571703,0.558875,0.546397,0.534257,0.522442,0.510942,0.499744,0.488838,0.478215,0.467862,0.457772,0.447935,0.438342,0.428985,0.419855,0.410946,0.402249,0.393758,0.385466,0.377367,0.369454,0.361723,0.354167,0.346781,0.339559,0.332498,0.325593,0.318838,0.31223,0.305764,0.299437,0.293244,0.287183,0.281249,0.275439,0.26975,0.264178,0.258722,0.253376,0.24814,0.243009,0.237982,0.233055,0.228227,0.223495,0.218856,0.214308,0.209849,0.205476,0.201189,0.196984,0.192859,0.188814,0.184845,0.180951,0.177131,0.173382,0.169703,0.166092,0.162548,0.159069,0.155653,0.152299,0.149006,0.145772,0.142596,0.139477,0.136412,0.133401,0.130443,0.127536,0.124679,0.121871,0.119111,0.116398,0.11373,0.111106,0.108525,0.105987,0.103491,0.101034,0.0986165,0.0962374,0.0938957,0.0915903,0.0893203,0.0870849,0.0848832,0.0827143,0.0805773,0.0784715,0.0763958,0.0743497,0.0723321,0.0703424,0.0683798,0.0664435,0.0645328,0.0626468,0.0607849,0.0589463,0.0571304,0.0553364,0.0535636,0.0518114,0.050079,0.0483658,0.0466712,0.0449944,0.0433349,0.0416919,0.0400649,0.0384533,0.0368563,0.0352735,0.0337041,0.0321476,0.0306034,0.0290709,0.0275496,0.0260387,0.0245378,0.0230463,0.0215636,0.0200891,0.0186223,0.0171626,0.0157094,0.0142623,0.0128206,0.0113838,0.00995132,0.00852266,0.00709725,0.00567455,0.00425402,0.00283511
1,0.97904,0.958133,0.93733,0.916682,0.896236,0.876034,0.856114,0.836512,0.817255,0.798368,0.77987,0.761776,0.744095,0.726835,0.709998,0.693584,0.677592,0.662017,0.646851,0.632088,0.617719,0.603734,0.590123,0.576876,0.563981,0.551428,0.539207,0.527305,0.515714,0.504422,0.49342,0.482698,0.472247,0.462057,0.452119,0.442426,0.43297,0.423742,0.414736,0.405943,0.397358,0.388974,0.380784,0.372783,0.364965,0.357324,0.349856,0.342554,0.335414,0.328432,0.321602,0.314922,0.308386,0.30199,0.295731,0.289605,0.283608,0.277737,0.271988,0.266359,0.260846,0.255447,0.250157,0.244975,0.239898,0.234923,0.230048,0.22527,0.220586,0.215995,0.211494,0.207081,0.202753,0.19851,0.194348,0.190266,0.186261,0.182333,0.178479,0.174697,0.170986,0.167344,0.163769,0.160261,0.156816,0.153434,0.150114,0.146853,0.143651,0.140506,0.137416,0.134381,0.131399,0.128469,0.125589,0.122759,0.119977,0.117242,0.114553,0.111909,0.109309,0.106751,0.104235,0.10176,0.0993241,0.096927,0.0945675,0.0922448,0.0899578,0.0877058,0.0854877,0.0833026,0.0811499,0.0790284,0.0769376,0.0748764,0.0728441,0.0708399,0.068863,0.0669126,0.064988,0.0630884,0.0612131,0.0593613,0.0575323,0.0557254,0.05394,0.0521752,0.0504305,0.0487051,0.0469984,0.0453097,0.0436384,0.0419838,0.0403453,0.0387222,0.037114,0.03552,0.0339396,0.0323721,0.0308171,0.0292739,0.0277418,0.0262204,0.024709,0.023207,0.0217139,0.0202291,0.0187521,0.0172822,0.0158189,0.0143616,0.0129099,0.0114631,0.0100206,0.008582,0.00714666,0.00571406,0.00428363,0.00285485
1,0.979503,0.959053,0.938697,0.918479,0.898443,0.878626,0.859065,0.839792,0.820833,0.802212,0.783948,0.766056,0.748547,0.73143,0.714708,0.698384,0.682457,0.666924,0.651783,0.637026,0.622646,0.608638,0.59499,0.581696,0.568745,0.556128,0.543836,0.531859,0.520187,0.508811,0.497722,0.486911,0.476369,0.466088,0.456059,0.446275,0.436727,0.427408,0.418312,0.409431,0.400758,0.392288,0.384013,0.37593,0.36803,0.36031,0.352764,0.345386,0.338172,0.331118,0.324219,0.31747,0.310867,0.304407,0.298085,0.291897,0.285841,0.279912,0.274107,0.268424,0.262858,0.257407,0.252067,0.246837,0.241712,0.236692,0.231772,0.22695,0.222224,0.217592,0.213051,0.208599,0.204235,0.199954,0.195757,0.19164,0.187602,0.183641,0.179755,0.175942,0.1722,0.168529,0.164925,0.161389,0.157917,0.154508,0.151162,0.147876,0.144648,0.141479,0.138366,0.135308,0.132303,0.129351,0.12645,0.123599,0.120796,0.118041,0.115332,0.112669,0.11005,0.107474,0.104939,0.102446,0.0999932,0.097579,0.0952028,0.0928637,0.0905606,0.0882928,0.0860592,0.0838589,0.0816912,0.0795551,0.0774497,0.0753743,0.0733281,0.0713101,0.0693197,0.067356,0.0654183,0.0635059,0.0616178,0.0597535,0.0579122,0.0560932,0.0542957,0.0525191,0.0507627,0.0490257,0.0473076,0.0456077,0.0439252,0.0422597,0.0406103,0.0389765,0.0373576,0.035753,0.0341622,0.0325844,0.0310191,0.0294657,0.0279235,0.0263921,0.0248707,0.0233589,0.021856,0.0203615,0.0188747,0.0173952,0.0159223,0.0144555,0.0129943,0.011538,0.0100861,0.00863809,0.00719337,0.0057514,0.00431163,0.0028735
1,0.979918,0.959879,0.939925,0.920095,0.90043,0.880963,0.861729,0.842757,0.824073,0.805699,0.787654,0.769953,0.752608,0.735629,0.71902,0.702785,0.686926,0.671442,0.656329,0.641585,0.627204,0.613179,0.599505,0.586173,0.573175,0.560504,0.548151,0.536107,0.524364,0.512913,0.501747,0.490856,0.480232,0.469867,0.459755,0.449886,0.440254,0.430852,0.421673,0.412709,0.403956,0.395405,0.387052,0.378891,0.370916,0.363122,0.355503,0.348054,0.340772,0.33365,0.326685,0.319871,0.313206,0.306685,0.300304,0.294059,0.287947,0.281963,0.276106,0.270371,0.264755,0.259255,0.253869,0.248592,0.243423,0.238359,0.233397,0.228535,0.223769,0.219098,0.21452,0.210032,0.205631,0.201316,0.197085,0.192936,0.188866,0.184874,0.180957,0.177115,0.173345,0.169646,0.166015,0.162452,0.158954,0.15552,0.152149,0.148839,0.145589,0.142396,0.139261,0.136181,0.133155,0.130182,0.127261,0.12439,0.121568,0.118794,0.116066,0.113385,0.110748,0.108154,0.105603,0.103093,0.100623,0.0981932,0.0958013,0.0934467,0.0911284,0.0888457,0.0865974,0.0843828,0.082201,0.080051,0.0779321,0.0758433,0.0737839,0.071753,0.0697499,0.0677737,0.0658236,0.063899,0.061999,0.0601229,0.0582699,0.0564394,0.0546307,0.0528429,0.0510755,0.0493277,0.0475988,0.0458883,0.0441954,0.0425194,0.0408598,0.0392158,0.0375869,0.0359724,0.0343717,0.0327842,0.0312093,0.0296463,0.0280946,0.0265537,0.025023,0.0235019,0.0219898,0.0204861,0.0189902,0.0175016,0.0160197,0.0145439,0.0130737,0.0116085,0.0101478,0.00869089,0.00723734,0.00578655,0.00433798,0.00289106
1,0.980291,0.960621,0.941028,0.921548,0.902217,0.883068,0.864132,0.845435,0.827003,0.808857,0.791016,0.773494,0.756305,0.739457,0.722958,0.706812,0.691021,0.675587,0.660508,0.645782,0.631404,0.617371,0.603677,0.590315,0.577279,0.564562,0.552156,0.540054,0.528249,0.516732,0.505496,0.494532,0.483835,0.473395,0.463206,0.453261,0.443552,0.434073,0.424818,0.415779,0.40695,0.398326,0.3899,0.381667,0.373622,0.365758,0.358072,0.350557,0.34321,0.336025,0.328998,0.322125,0.315402,0.308824,0.302387,0.296088,0.289923,0.283889,0.277982,0.272199,0.266536,0.260991,0.25556,0.25024,0.24503,0.239925,0.234923,0.230022,0.22522,0.220513,0.215899,0.211376,0.206942,0.202595,0.198332,0.194152,0.190052,0.186031,0.182086,0.178216,0.174419,0.170694,0.167038,0.163449,0.159927,0.15647,0.153076,0.149743,0.146471,0.143257,0.140101,0.137,0.133954,0.130962,0.128021,0.125132,0.122291,0.1195,0.116755,0.114056,0.111402,0.108792,0.106225,0.1037,0.101215,0.0987693,0.0963626,0.0939934,0.091661,0.0893642,0.0871023,0.0848742,0.0826791,0.0805162,0.0783844,0.0762831,0.0742114,0.0721683,0.0701532,0.0681653,0.0662037,0.0642676,0.0623564,0.0604692,0.0586054,0.0567641,0.0549447,0.0531465,0.0513688,0.0496108,0.0478719,0.0461514,0.0444486,0.042763,0.0410937,0.0394403,0.037802,0.0361781,0.0345682,0.0329716,0.0313875,0.0298156,0.028255,0.0267053,0.0251658,0.023636,0.0221152,0.0206029,0.0190985,0.0176014,0.016111,0.0146268,0.0131482,0.0116747,0.0102056,0.0087404,0.00727856,0.00581951,0.00436268,0.00290753
1,0.980625,0.961286,0.942017,0.922852,0.903823,0.884961,0.866294,0.847848,0.829647,0.811711,0.794058,0.776703,0.75966,0.742937,0.726543,0.710483,0.694761,0.679378,0.664334,0.64963,0.635261,0.621224,0.607516,0.594131,0.581064,0.568308,0.555858,0.543706,0.531845,0.52027,0.508971,0.497944,0.48718,0.476672,0.466414,0.456399,0.446621,0.437072,0.427746,0.418637,0.40974,0.401048,0.392555,0.384256,0.376145,0.368218,0.360469,0.352893,0.345486,0.338243,0.331159,0.32423,0.317452,0.310821,0.304333,0.297984,0.29177,0.285688,0.279735,0.273906,0.2682,0.262612,0.25714,0.25178,0.24653,0.241388,0.236349,0.231412,0.226575,0.221834,0.217187,0.212632,0.208167,0.203789,0.199497,0.195288,0.19116,0.187112,0.183141,0.179245,0.175423,0.171673,0.167993,0.164381,0.160836,0.157357,0.153941,0.150588,0.147295,0.144061,0.140885,0.137765,0.134701,0.13169,0.128732,0.125824,0.122967,0.120159,0.117398,0.114683,0.112014,0.109388,0.106806,0.104266,0.101766,0.099307,0.0968864,0.0945037,0.0921579,0.0898481,0.0875734,0.0853327,0.0831253,0.0809502,0.0788065,0.0766935,0.0746102,0.0725559,0.0705296,0.0685307,0.0665583,0.0646116,0.0626899,0.0607924,0.0589184,0.0570671,0.0552378,0.0534298,0.0516424,0.0498749,0.0481266,0.0463969,0.0446849,0.0429902,0.041312,0.0396497,0.0380026,0.0363701,0.0347515,0.0331463,0.0315539,0.0299735,0.0284047,0.0268467,0.025299,0.0237611,0.0222322,0.0207119,0.0191995,0.0176945,0.0161962,0.0147041,0.0132177,0.0117364,0.0102595,0.00878658,0.00731702,0.00585025,0.00438573,0.00292289
1,0.980924,0.961881,0.942902,0.924019,0.905262,0.886658,0.868235,0.850017,0.832025,0.814281,0.796802,0.779601,0.762693,0.746088,0.729793,0.713816,0.69816,0.682829,0.667822,0.653141,0.638785,0.624749,0.611033,0.59763,0.584538,0.57175,0.559261,0.547065,0.535157,0.52353,0.512177,0.501092,0.490268,0.4797,0.46938,0.459302,0.44946,0.439847,0.430457,0.421285,0.412325,0.40357,0.395016,0.386656,0.378486,0.3705,0.362693,0.355061,0.347598,0.340301,0.333164,0.326184,0.319356,0.312675,0.306139,0.299744,0.293485,0.287359,0.281363,0.275492,0.269745,0.264118,0.258607,0.25321,0.247924,0.242746,0.237673,0.232703,0.227833,0.22306,0.218383,0.213798,0.209304,0.204898,0.200579,0.196343,0.192189,0.188115,0.18412,0.1802,0.176354,0.172581,0.168879,0.165246,0.16168,0.15818,0.154744,0.151371,0.148059,0.144807,0.141613,0.138475,0.135393,0.132366,0.129391,0.126467,0.123594,0.12077,0.117994,0.115265,0.112581,0.109941,0.107345,0.104791,0.102278,0.0998059,0.0973725,0.0949772,0.0926191,0.0902972,0.0880105,0.0857582,0.0835393,0.0813529,0.0791982,0.0770743,0.0749803,0.0729154,0.0708788,0.0688697,0.0668873,0.0649307,0.0629993,0.0610922,0.0592087,0.0573481,0.0555097,0.0536926,0.0518963,0.05012,0.048363,0.0466246,0.0449041,0.043201,0.0415145,0.0398439,0.0381887,0.0365481,0.0349216,0.0333085,0.0317082,0.03012,0.0285435,0.0269779,0.0254226,0.0238771,0.0223408,0.020813,0.0192932,0.0177808,0.0162752,0.0147759,0.0132822,0.0117936,0.0103095,0.00882942,0.00735269,0.00587878,0.00440711,0.00293714
1,0.981191,0.962412,0.943692,0.925061,0.906547,0.888175,0.869971,0.851958,0.834157,0.816587,0.799266,0.782208,0.765425,0.748928,0.732727,0.716828,0.701236,0.685954,0.670985,0.656329,0.641987,0.627956,0.614235,0.600819,0.587707,0.574892,0.562371,0.550138,0.538188,0.526516,0.515114,0.503979,0.493102,0.482479,0.472103,0.461969,0.452069,0.442399,0.432952,0.423722,0.414704,0.405893,0.397282,0.388867,0.380642,0.372603,0.364743,0.357059,0.349546,0.342199,0.335013,0.327986,0.321111,0.314386,0.307806,0.301367,0.295067,0.2889,0.282864,0.276956,0.271171,0.265507,0.259961,0.25453,0.24921,0.244,0.238895,0.233894,0.228994,0.224192,0.219487,0.214875,0.210354,0.205922,0.201577,0.197316,0.193138,0.189041,0.185023,0.181081,0.177214,0.17342,0.169697,0.166044,0.162459,0.15894,0.155485,0.152094,0.148764,0.145495,0.142284,0.13913,0.136032,0.132989,0.129999,0.12706,0.124173,0.121334,0.118544,0.115801,0.113104,0.110451,0.107842,0.105276,0.102751,0.100266,0.0978206,0.0954137,0.0930442,0.0907111,0.0884135,0.0861504,0.0839209,0.0817242,0.0795592,0.0774253,0.0753214,0.0732469,0.0712007,0.0691822,0.0671905,0.0652248,0.0632844,0.0613685,0.0594764,0.0576072,0.0557603,0.0539349,0.0521303,0.0503458,0.0485808,0.0468345,0.0451062,0.0433953,0.0417011,0.0400229,0.0383602,0.0367122,0.0350783,0.0334579,0.0318504,0.0302551,0.0286714,0.0270988,0.0255365,0.023984,0.0224408,0.0209062,0.0193795,0.0178604,0.016348,0.014842,0.0133416,0.0118464,0.0103556,0.00886891,0.00738557,0.00590506,0.00442681,0.00295027
1,0.981427,0.962883,0.944394,0.925987,0.907689,0.889524,0.871516,0.853687,0.836058,0.818645,0.801467,0.784538,0.76787,0.751474,0.735359,0.719533,0.704001,0.688767,0.673834,0.659204,0.644878,0.630854,0.61713,0.603706,0.590577,0.577741,0.565193,0.552928,0.540942,0.52923,0.517787,0.506606,0.495683,0.485011,0.474586,0.4644,0.454449,0.444727,0.435228,0.425947,0.416878,0.408015,0.399353,0.390888,0.382614,0.374525,0.366618,0.358887,0.351327,0.343935,0.336705,0.329634,0.322718,0.315951,0.309331,0.302854,0.296515,0.290311,0.284239,0.278295,0.272476,0.266779,0.261201,0.255738,0.250388,0.245147,0.240014,0.234984,0.230057,0.225229,0.220497,0.21586,0.211314,0.206858,0.20249,0.198207,0.194007,0.189889,0.185849,0.181887,0.178,0.174187,0.170446,0.166774,0.163171,0.159635,0.156163,0.152756,0.14941,0.146124,0.142898,0.139729,0.136617,0.133559,0.130555,0.127603,0.124702,0.12185,0.119047,0.116292,0.113582,0.110917,0.108297,0.105719,0.103182,0.100687,0.0982306,0.095813,0.0934331,0.0910898,0.0887821,0.0865092,0.08427,0.0820637,0.0798895,0.0777463,0.0756335,0.07355,0.0714951,0.069468,0.0674679,0.0654939,0.0635453,0.0616213,0.0597211,0.0578441,0.0559894,0.0541564,0.0523443,0.0505524,0.04878,0.0470264,0.0452909,0.0435729,0.0418717,0.0401866,0.038517,0.0368622,0.0352216,0.0335946,0.0319804,0.0303786,0.0287884,0.0272093,0.0256406,0.0240818,0.0225323,0.0209914,0.0194585,0.0179331,0.0164146,0.0149024,0.0133959,0.0118946,0.0103978,0.00890501,0.00741563,0.00592909,0.00444483,0.00296228
1,0.981636,0.963298,0.945012,0.926804,0.908697,0.890716,0.872883,0.855218,0.837741,0.820469,0.80342,0.786607,0.770043,0.753738,0.737702,0.721943,0.706467,0.691279,0.676381,0.661776,0.647466,0.63345,0.619728,0.606297,0.593156,0.580302,0.567731,0.555439,0.543422,0.531676,0.520196,0.508976,0.498012,0.487298,0.476828,0.466598,0.456601,0.446833,0.437288,0.42796,0.418844,0.409936,0.401229,0.392718,0.384399,0.376267,0.368316,0.360543,0.352941,0.345508,0.338239,0.331129,0.324174,0.317371,0.310714,0.304201,0.297828,0.29159,0.285486,0.27951,0.27366,0.267933,0.262325,0.256833,0.251455,0.246188,0.241028,0.235973,0.231021,0.226168,0.221413,0.216753,0.212185,0.207708,0.203318,0.199015,0.194795,0.190657,0.186599,0.182618,0.178713,0.174883,0.171124,0.167436,0.163817,0.160265,0.156778,0.153355,0.149995,0.146695,0.143455,0.140272,0.137147,0.134076,0.131059,0.128094,0.125181,0.122318,0.119503,0.116736,0.114016,0.11134,0.108709,0.10612,0.103574,0.101068,0.0986021,0.0961749,0.0937855,0.0914329,0.0891162,0.0868343,0.0845864,0.0823715,0.0801887,0.0780373,0.0759162,0.0738247,0.0717619,0.069727,0.0677192,0.0657377,0.0637816,0.0618503,0.0599429,0.0580588,0.0561971,0.0543571,0.0525382,0.0507395,0.0489605,0.0472003,0.0454584,0.0437339,0.0420264,0.040335,0.0386592,0.0369982,0.0353515,0.0337184,0.0320983,0.0304905,0.0288944,0.0273095,0.025735,0.0241704,0.0226152,0.0210686,0.0195301,0.0179991,0.016475,0.0149572,0.0134452,0.0119383,0.010436,0.00893772,0.00744287,0.00595087,0.00446116,0.00297315
1,0.981819,0.963662,0.945554,0.927519,0.909581,0.891761,0.87408,0.85656,0.839218,0.822072,0.805137,0.788427,0.771956,0.755733,0.739769,0.724071,0.708646,0.6935,0.678635,0.664054,0.64976,0.635753,0.622033,0.608599,0.595448,0.58258,0.56999,0.557675,0.545632,0.533857,0.522345,0.511091,0.500091,0.489339,0.478831,0.468561,0.458525,0.448716,0.43913,0.429761,0.420605,0.411655,0.402907,0.394357,0.385998,0.377827,0.369837,0.362026,0.354388,0.346919,0.339614,0.332469,0.32548,0.318643,0.311954,0.305409,0.299005,0.292737,0.286603,0.280599,0.274721,0.268967,0.263333,0.257816,0.252413,0.247121,0.241937,0.23686,0.231885,0.227011,0.222235,0.217554,0.212966,0.208469,0.204061,0.199739,0.195501,0.191346,0.187271,0.183273,0.179353,0.175506,0.171732,0.16803,0.164396,0.160829,0.157329,0.153893,0.150519,0.147207,0.143954,0.140759,0.137621,0.134539,0.131511,0.128535,0.125611,0.122737,0.119912,0.117135,0.114404,0.111719,0.109078,0.10648,0.103924,0.10141,0.098935,0.0964992,0.0941014,0.0917405,0.0894155,0.0871256,0.0848698,0.0826472,0.0804569,0.078298,0.0761696,0.0740709,0.072001,0.0699591,0.0679444,0.0659561,0.0639934,0.0620555,0.0601417,0.0582511,0.0563832,0.054537,0.0527119,0.0509072,0.0491222,0.0473561,0.0456084,0.0438782,0.0421649,0.0404679,0.0387865,0.03712,0.0354678,0.0338293,0.0322038,0.0305907,0.0289894,0.0273992,0.0258195,0.0242498,0.0226894,0.0211377,0.0195942,0.0180581,0.016529,0.0150063,0.0134893,0.0119774,0.0104702,0.00896703,0.00746727,0.00597038,0.00447578,0.0029829
1,0.981976,0.963976,0.946023,0.928138,0.910345,0.892665,0.875118,0.857724,0.840499,0.823462,0.806628,0.79001,0.77362,0.75747,0.74157,0.725927,0.710548,0.695439,0.680604,0.666046,0.651767,0.63777,0.624053,0.610616,0.597459,0.584579,0.571973,0.55964,0.547575,0.535775,0.524235,0.512952,0.501921,0.491138,0.480596,0.470292,0.460221,0.450377,0.440755,0.43135,0.422158,0.413172,0.404389,0.395804,0.38741,0.379204,0.371181,0.363337,0.355666,0.348164,0.340828,0.333652,0.326633,0.319767,0.313049,0.306477,0.300045,0.293751,0.287591,0.281562,0.275659,0.269881,0.264224,0.258684,0.253259,0.247946,0.242741,0.237643,0.232649,0.227756,0.222961,0.218262,0.213657,0.209143,0.204717,0.200379,0.196126,0.191955,0.187865,0.183853,0.179918,0.176057,0.17227,0.168554,0.164907,0.161329,0.157816,0.154368,0.150983,0.147659,0.144395,0.141189,0.138041,0.134948,0.13191,0.128925,0.125991,0.123107,0.120273,0.117487,0.114748,0.112054,0.109404,0.106798,0.104234,0.101712,0.0992292,0.0967858,0.0943804,0.0920121,0.08968,0.087383,0.0851203,0.0828908,0.0806938,0.0785283,0.0763934,0.0742883,0.0722122,0.0701641,0.0681433,0.0661491,0.0641805,0.0622368,0.0603172,0.0584211,0.0565475,0.0546959,0.0528654,0.0510554,0.0492651,0.0474938,0.0457409,0.0440056,0.0422873,0.0405853,0.038899,0.0372276,0.0355706,0.0339273,0.0322971,0.0306793,0.0290733,0.0274785,0.0258942,0.0243199,0.022755,0.0211988,0.0196508,0.0181103,0.0165768,0.0150496,0.0135282,0.012012,0.0105005,0.00899292,0.00748883,0.00598762,0.0044887,0.00299151
1,0.982111,0.964244,0.946422,0.928666,0.910997,0.893437,0.876004,0.858717,0.841594,0.824651,0.807903,0.791363,0.775045,0.758958,0.743113,0.727518,0.712179,0.697104,0.682295,0.667758,0.653494,0.639505,0.625792,0.612355,0.599192,0.586303,0.573685,0.561336,0.549253,0.537432,0.525869,0.514562,0.503505,0.492694,0.482124,0.471791,0.461689,0.451815,0.442162,0.432727,0.423504,0.414488,0.405674,0.397058,0.388635,0.380399,0.372347,0.364474,0.356775,0.349245,0.341882,0.33468,0.327635,0.320743,0.314,0.307403,0.300948,0.294631,0.288449,0.282397,0.276474,0.270675,0.264997,0.259438,0.253993,0.248662,0.243439,0.238324,0.233312,0.228402,0.223591,0.218877,0.214256,0.209727,0.205287,0.200935,0.196668,0.192483,0.18838,0.184356,0.180408,0.176536,0.172737,0.169009,0.165352,0.161762,0.158239,0.15478,0.151385,0.148051,0.144778,0.141563,0.138405,0.135304,0.132257,0.129263,0.12632,0.123429,0.120587,0.117793,0.115046,0.112344,0.109687,0.107074,0.104503,0.101974,0.0994845,0.0970344,0.0946225,0.0922479,0.0899095,0.0876064,0.0853376,0.0831022,0.0808994,0.0787281,0.0765876,0.074477,0.0723954,0.070342,0.068316,0.0663165,0.0643428,0.0623941,0.0604696,0.0585685,0.0566901,0.0548337,0.0529986,0.0511839,0.049389,0.0476132,0.0458558,0.0441161,0.0423935,0.0406872,0.0389966,0.037321,0.0356598,0.0340123,0.032378,0.0307561,0.0291461,0.0275472,0.025959,0.0243808,0.0228119,0.0212518,0.0196999,0.0181556,0.0166182,0.0150872,0.013562,0.012042,0.0105267,0.00901537,0.00750753,0.00600257,0.00449991,0.00299898
1,0.982223,0.964468,0.946755,0.929106,0.911541,0.894081,0.876743,0.859547,0.842509,0.825644,0.808969,0.792496,0.776237,0.760204,0.744406,0.728852,0.713548,0.698501,0.683716,0.669197,0.654946,0.640965,0.627256,0.613819,0.600652,0.587756,0.575128,0.562766,0.550668,0.53883,0.527249,0.515921,0.504842,0.494008,0.483415,0.473057,0.462931,0.453031,0.443353,0.433892,0.424643,0.415601,0.406762,0.39812,0.389671,0.381411,0.373334,0.365437,0.357714,0.350161,0.342774,0.33555,0.328483,0.321569,0.314806,0.308189,0.301713,0.295377,0.289175,0.283105,0.277164,0.271347,0.265652,0.260076,0.254616,0.249268,0.244031,0.2389,0.233874,0.22895,0.224125,0.219397,0.214764,0.210222,0.20577,0.201406,0.197127,0.192931,0.188817,0.184782,0.180824,0.176941,0.173132,0.169395,0.165728,0.162129,0.158597,0.155129,0.151725,0.148383,0.145102,0.141879,0.138714,0.135605,0.13255,0.129549,0.1266,0.123701,0.120852,0.118052,0.115298,0.11259,0.109927,0.107308,0.104731,0.102196,0.0997007,0.097245,0.0948276,0.0924476,0.0901039,0.0877955,0.0855217,0.0832813,0.0810735,0.0788974,0.0767521,0.0746368,0.0725506,0.0704926,0.0684622,0.0664583,0.0644803,0.0625273,0.0605986,0.0586934,0.0568109,0.0549505,0.0531113,0.0512927,0.049494,0.0477144,0.0459532,0.0442097,0.0424834,0.0407734,0.0390792,0.0374,0.0357353,0.0340843,0.0324465,0.0308212,0.0292077,0.0276055,0.0260139,0.0244323,0.0228601,0.0212967,0.0197415,0.0181939,0.0166533,0.015119,0.0135906,0.0120674,0.0105489,0.00903439,0.00752337,0.00601523,0.0045094,0.00300531
1,0.982314,0.964648,0.947024,0.929462,0.911981,0.894602,0.877342,0.860219,0.843249,0.826449,0.809833,0.793414,0.777205,0.761215,0.745456,0.729935,0.71466,0.699637,0.684872,0.670367,0.656127,0.642154,0.628448,0.615011,0.601842,0.588941,0.576305,0.563933,0.551823,0.539972,0.528376,0.517031,0.505935,0.495083,0.48447,0.474093,0.463946,0.454026,0.444327,0.434845,0.425575,0.416512,0.407652,0.398989,0.39052,0.382239,0.374142,0.366225,0.358483,0.350911,0.343505,0.336262,0.329177,0.322247,0.315466,0.308832,0.30234,0.295987,0.28977,0.283685,0.277729,0.271898,0.266189,0.2606,0.255126,0.249765,0.244515,0.239373,0.234335,0.229399,0.224563,0.219824,0.21518,0.210628,0.206166,0.201792,0.197503,0.193298,0.189175,0.185131,0.181164,0.177273,0.173456,0.169711,0.166036,0.16243,0.15889,0.155415,0.152005,0.148656,0.145367,0.142138,0.138967,0.135851,0.13279,0.129783,0.126828,0.123924,0.12107,0.118264,0.115505,0.112792,0.110124,0.107499,0.104918,0.102377,0.0998777,0.0974174,0.0949956,0.0926111,0.090263,0.0879504,0.0856724,0.0834279,0.081216,0.079036,0.0768868,0.0747677,0.0726777,0.070616,0.0685819,0.0665744,0.0645928,0.0626363,0.0607042,0.0587956,0.0569098,0.0550461,0.0532037,0.0513819,0.0495799,0.0477972,0.0460329,0.0442864,0.042557,0.0408441,0.0391469,0.0374648,0.0357971,0.0341433,0.0325026,0.0308744,0.0292582,0.0276532,0.0260588,0.0244745,0.0228996,0.0213335,0.0197756,0.0182253,0.016682,0.0151451,0.0136141,0.0120882,0.0105671,0.00904997,0.00753633,0.00602559,0.00451717,0.00301048
1,0.982383,0.964787,0.947232,0.929736,0.91232,0.895003,0.877803,0.860736,0.84382,0.82707,0.8105,0.794123,0.777952,0.761996,0.746267,0.730773,0.71552,0.700516,0.685766,0.671274,0.657042,0.643075,0.629372,0.615936,0.602765,0.58986,0.577218,0.564839,0.55272,0.540858,0.529251,0.517894,0.506784,0.495918,0.48529,0.474898,0.464736,0.4548,0.445085,0.435586,0.4263,0.417221,0.408344,0.399666,0.39118,0.382884,0.374771,0.366838,0.359081,0.351494,0.344074,0.336817,0.329718,0.322774,0.315979,0.309332,0.302828,0.296463,0.290234,0.284137,0.278169,0.272327,0.266607,0.261007,0.255523,0.250152,0.244892,0.23974,0.234693,0.229748,0.224904,0.220156,0.215503,0.210943,0.206474,0.202092,0.197796,0.193584,0.189453,0.185402,0.181429,0.177532,0.173708,0.169957,0.166276,0.162664,0.159118,0.155638,0.152222,0.148868,0.145574,0.14234,0.139163,0.136043,0.132978,0.129966,0.127006,0.124098,0.121239,0.118429,0.115666,0.112949,0.110277,0.107648,0.105063,0.102519,0.100016,0.0975517,0.0951263,0.0927384,0.0903869,0.088071,0.0857897,0.083542,0.081327,0.0791438,0.0769916,0.0748695,0.0727766,0.070712,0.068675,0.0666648,0.0646804,0.0627212,0.0607864,0.0588752,0.0569868,0.0551205,0.0532755,0.0514512,0.0496468,0.0478616,0.0460949,0.0443461,0.0426143,0.040899,0.0391995,0.0375152,0.0358453,0.0341892,0.0325463,0.0309159,0.0292975,0.0276903,0.0260938,0.0245073,0.0229303,0.0213621,0.0198021,0.0182497,0.0167043,0.0151654,0.0136323,0.0121044,0.0105812,0.00906209,0.00754642,0.00603366,0.00452322,0.00301451
1,0.982433,0.964886,0.947379,0.929931,0.912561,0.895288,0.87813,0.861104,0.844226,0.827511,0.810974,0.794627,0.778482,0.762552,0.746844,0.731368,0.716132,0.701142,0.686402,0.671919,0.657694,0.643731,0.63003,0.616594,0.603423,0.590515,0.577869,0.565485,0.55336,0.541491,0.529875,0.518509,0.50739,0.496514,0.485876,0.475473,0.465299,0.455352,0.445625,0.436116,0.426818,0.417727,0.408839,0.400149,0.391652,0.383344,0.375221,0.367277,0.359509,0.351911,0.344481,0.337213,0.330104,0.32315,0.316347,0.30969,0.303177,0.296803,0.290565,0.28446,0.278483,0.272633,0.266906,0.261298,0.255807,0.250429,0.245162,0.240003,0.234949,0.229998,0.225147,0.220393,0.215735,0.211169,0.206694,0.202306,0.198005,0.193788,0.189652,0.185596,0.181619,0.177716,0.173888,0.170133,0.166447,0.162831,0.159281,0.155797,0.152377,0.149019,0.145722,0.142484,0.139304,0.13618,0.133111,0.130096,0.127134,0.124222,0.12136,0.118547,0.115781,0.113061,0.110386,0.107755,0.105167,0.10262,0.100114,0.0976476,0.0952197,0.0928293,0.0904755,0.0881572,0.0858735,0.0836235,0.0814063,0.0792209,0.0770665,0.0749423,0.0728472,0.0707806,0.0687416,0.0667293,0.064743,0.0627819,0.0608452,0.058932,0.0570418,0.0551736,0.0533269,0.0515008,0.0496946,0.0479077,0.0461393,0.0443887,0.0426553,0.0409383,0.0392372,0.0375512,0.0358796,0.034222,0.0325775,0.0309455,0.0293255,0.0277168,0.0261188,0.0245308,0.0229522,0.0213825,0.019821,0.0182672,0.0167203,0.0151799,0.0136453,0.012116,0.0105913,0.00907075,0.00755363,0.00603943,0.00452754,0.00301739
1,0.982463,0.964945,0.947467,0.930047,0.912705,0.895458,0.878326,0.861324,0.844468,0.827775,0.811257,0.794928,0.7788,0.762884,0.747189,0.731725,0.716498,0.701516,0.686783,0.672305,0.658084,0.644123,0.630425,0.616989,0.603817,0.590907,0.57826,0.565872,0.553743,0.54187,0.530249,0.518878,0.507753,0.496871,0.486227,0.475817,0.465637,0.455683,0.44595,0.436433,0.427128,0.418031,0.409136,0.400439,0.391935,0.383621,0.37549,0.36754,0.359765,0.352162,0.344725,0.337451,0.330336,0.323376,0.316567,0.309905,0.303386,0.297007,0.290764,0.284653,0.278672,0.272817,0.267085,0.261473,0.255977,0.250595,0.245324,0.240161,0.235103,0.230148,0.225293,0.220536,0.215874,0.211305,0.206826,0.202435,0.198131,0.19391,0.189772,0.185713,0.181732,0.177827,0.173997,0.170238,0.16655,0.162931,0.159379,0.155893,0.15247,0.14911,0.145811,0.14257,0.139388,0.136262,0.133192,0.130175,0.12721,0.124296,0.121433,0.118617,0.11585,0.113128,0.110451,0.107819,0.105229,0.102681,0.100173,0.0977052,0.0952758,0.0928839,0.0905286,0.0882089,0.0859238,0.0836725,0.0814539,0.0792672,0.0771115,0.074986,0.0728897,0.0708218,0.0687816,0.0667681,0.0647806,0.0628183,0.0608804,0.0589662,0.0570748,0.0552055,0.0533577,0.0515305,0.0497233,0.0479353,0.0461659,0.0444143,0.0426798,0.0409619,0.0392598,0.0375728,0.0359003,0.0342416,0.0325962,0.0309633,0.0293424,0.0277327,0.0261337,0.0245448,0.0229654,0.0213948,0.0198324,0.0182776,0.0167299,0.0151886,0.0136532,0.012123,0.0105974,0.00907594,0.00755796,0.00604289,0.00453013,0.00301912
1,0.982472,0.964964,0.947496,0.930085,0.912752,0.895515,0.878391,0.861397,0.844549,0.827862,0.811351,0.795028,0.778905,0.762994,0.747304,0.731843,0.71662,0.70164,0.68691,0.672433,0.658214,0.644254,0.630556,0.61712,0.603948,0.591038,0.578389,0.566001,0.553871,0.541996,0.530374,0.519001,0.507874,0.49699,0.486344,0.475932,0.46575,0.455794,0.446058,0.436539,0.427232,0.418132,0.409235,0.400535,0.39203,0.383713,0.37558,0.367628,0.359851,0.352245,0.344806,0.337531,0.330414,0.323452,0.31664,0.309976,0.303456,0.297075,0.29083,0.284718,0.278735,0.272879,0.267145,0.261531,0.256034,0.25065,0.245378,0.240213,0.235154,0.230198,0.225342,0.220583,0.21592,0.21135,0.20687,0.202478,0.198173,0.193951,0.189812,0.185752,0.18177,0.177864,0.174033,0.170273,0.166585,0.162965,0.159412,0.155925,0.152501,0.14914,0.14584,0.142599,0.139416,0.13629,0.133218,0.130201,0.127235,0.124321,0.121457,0.118641,0.115873,0.11315,0.110473,0.10784,0.10525,0.102701,0.100193,0.0977244,0.0952944,0.0929021,0.0905463,0.0882261,0.0859406,0.0836888,0.0814697,0.0792826,0.0771265,0.0750005,0.0729038,0.0708355,0.0687949,0.066781,0.0647931,0.0628304,0.0608922,0.0589775,0.0570858,0.0552162,0.053368,0.0515404,0.0497329,0.0479445,0.0461747,0.0444228,0.042688,0.0409697,0.0392673,0.03758,0.0359072,0.0342482,0.0326024,0.0309692,0.029348,0.027738,0.0261387,0.0245495,0.0229698,0.0213989,0.0198362,0.0182811,0.0167331,0.0151915,0.0136558,0.0121253,0.0105994,0.00907768,0.00755941,0.00604404,0.004531,0.0030197
1,0.982463,0.964945,0.947467,0.930047,0.912705,0.895458,0.878326,0.861324,0.844468,0.827775,0.811257,0.794928,0.7788,0.762884,0.747189,0.731725,0.716498,0.701516,0.686783,0.672305,0.658084,0.644123,0.630425,0.616989,0.603817,0.590907,0.57826,0.565872,0.553743,0.54187,0.530249,0.518878,0.507753,0.496871,0.486227,0.475817,0.465637,0.455683,0.44595,0.436433,0.427128,0.418031,0.409136,0.400439,0.391935,0.383621,0.37549,0.36754,0.359765,0.352162,0.344725,0.337451,0.330336,0.323376,0.316567,0.309905,0.303386,0.297007,0.290764,0.284653,0.278672,0.272817,0.267085,0.261473,0.255977,0.250595,0.245324,0.240161,0.235103,0.230148,0.225293,0.220536,0.215874,0.211305,0.206826,0.202435,0.198131,0.19391,0.189772,0.185713,0.181732,0.177827,0.173997,0.170238,0.16655,0.162931,0.159379,0.155893,0.15247,0.14911,0.145811,0.14257,0.139388,0.136262,0.133192,0.130175,0.12721,0.124296,0.121433,0.118617,0.11585,0.113128,0.110451,0.107819,0.105229,0.102681,0.100173,0.0977052,0.0952758,0.0928839,0.0905286,0.0882089,0.0859238,0.0836725,0.0814539,0.0792672,0.0771115,0.074986,0.0728897,0.0708218,0.0687816,0.0667681,0.0647806,0.0628183,0.0608804,0.0589662,0.0570748,0.0552055,0.0533577,0.0515305,0.0497233,0.0479353,0.0461659,0.0444143,0.0426798,0.0409619,0.0392598,0.0375728,0.0359003,0.0342416,0.0325962,0.0309633,0.0293424,0.0277327,0.0261337,0.0245448,0.0229654,0.0213948,0.0198324,0.0182776,0.0167299,0.0151886,0.0136532,0.012123,0.0105974,0.00907594,0.00755796,0.00604289,0.00453013,0.00301912
1,0.982433,0.964886,0.947379,0.929931,0.912561,0.895288,0.87813,0.861104,0.844226,0.827511,0.810974,0.794627,0.778482,0.762552,0.746844,0.731368,0.716132,0.701142,0.686402,0.671919,0.657694,0.643731,0.63003,0.616594,0.603423,0.590515,0.577869,0.565485,0.55336,0.541491,0.529875,0.518509,0.50739,0.496514,0.485876,0.475473,0.465299,0.455352,0.445625,0.436116,0.426818,0.417727,0.408839,0.400149,0.391652,0.383344,0.375221,0.367277,0.359509,0.351911,0.344481,0.337213,0.330104,0.32315,0.316347,0.30969,0.303177,0.296803,0.290565,0.28446,0.278483,0.272633,0.266906,0.261298,0.255807,0.250429,0.245162,0.240003,0.234949,0.229998,0.225147,0.220393,0.215735,0.211169,0.206694,0.202306,0.198005,0.193788,0.189652,0.185596,0.181619,0.177716,0.173888,0.170133,0.166447,0.162831,0.159281,0.155797,0.152377,0.149019,0.145722,0.142484,0.139304,0.13618,0.133111,0.130096,0.127134,0.124222,0.12136,0.118547,0.115781,0.113061,0.110386,0.107755,0.105167,0.10262,0.100114,0.0976476,0.0952197,0.0928293,0.0904755,0.0881572,0.0858735,0.0836235,0.0814063,0.0792209,0.0770665,0.0749423,0.0728472,0.0707806,0.0687416,0.0667293,0.064743,0.0627819,0.0608452,0.058932,0.0570418,0.0551736,0.0533269,0.0515008,0.0496946,0.0479077,0.0461393,0.0443887,0.0426553,0.0409383,0.0392372,0.0375512,0.0358796,0.034222,0.0325775,0.0309455,0.0293255,0.0277168,0.0261188,0.0245308,0.0229522,0.0213825,0.019821,0.0182672,0.0167203,0.0151799,0.0136453,0.012116,0.0105913,0.00907075,0.00755363,0.00603943,0.00452754,0.00301739
1,0.982383,0.964787,0.947232,0.929736,0.91232,0.895003,0.877803,0.860736,0.84382,0.82707,0.8105,0.794123,0.777952,0.761996,0.746267,0.730773,0.71552,0.700516,0.685766,0.671274,0.657042,0.643075,0.629372,0.615936,0.602765,0.58986,0.577218,0.564839,0.55272,0.540858,0.529251,0.517894,0.506784,0.495918,0.48529,0.474898,0.464736,0.4548,0.445085,0.435586,0.4263,0.417221,0.408344,0.399666,0.39118,0.382884,0.374771,0.366838,0.359081,0.351494,0.344074,0.336817,0.329718,0.322774,0.315979,0.309332,0.302828,0.296463,0.290234,0.284137,0.278169,0.272327,0.266607,0.261007,0.255523,0.250152,0.244892,0.23974,0.234693,0.229748,0.224904,0.220156,0.215503,0.210943,0.206474,0.202092,0.197796,0.193584,0.189453,0.185402,0.181429,0.177532,0.173708,0.169957,0.166276,0.162664,0.159118,0.155638,0.152222,0.148868,0.145574,0.14234,0.139163,0.136043,0.132978,0.129966,0.127006,0.124098,0.121239,0.118429,0.115666,0.112949,0.110277,0.107648,0.105063,0.102519,0.100016,0.0975517,0.0951263,0.0927384,0.0903869,0.088071,0.0857897,0.083542,0.081327,0.0791438,0.0769916,0.0748695,0.0727766,0.070712,0.068675,0.0666648,0.0646804,0.0627212,0.0607864,0.0588752,0.0569868,0.0551205,0.0532755,0.0514512,0.0496468,0.0478616,0.0460949,0.0443461,0.0426143,0.040899,0.0391995,0.0375152,0.0358453,0.0341892,0.0325463,0.0309159,0.0292975,0.0276903,0.0260938,0.0245073,0.0229303,0.0213621,0.0198021,0.0182497,0.0167043,0.0151654,0.0136323,0.0121044,0.0105812,0.00906209,0.00754642,0.00603366,0.00452322,0.00301451
1,0.982314,0.964648,0.947024,0.929462,0.911981,0.894602,0.877342,0.860219,0.843249,0.826449,0.809833,0.793414,0.777205,0.761215,0.745456,0.729935,0.71466,0.699637,0.684872,0.670367,0.656127,0.642154,0.628448,0.615011,0.601842,0.588941,0.576305,0.563933,0.551823,0.539972,0.528376,0.517031,0.505935,0.495083,0.48447,0.474093,0.463946,0.454026,0.444327,0.434845,0.425575,0.416512,0.407652,0.398989,0.39052,0.382239,0.374142,0.366225,0.358483,0.350911,0.343505,0.336262,0.329177,0.322247,0.315466,0.308832,0.30234,0.295987,0.28977,0.283685,0.277729,0.271898,0.266189,0.2606,0.255126,0.249765,0.244515,0.239373,0.234335,0.229399,0.224563,0.219824,0.21518,0.210628,0.206166,0.201792,0.197503,0.193298,0.189175,0.185131,0.181164,0.177273,0.173456,0.169711,0.166036,0.16243,0.15889,0.155415,0.152005,0.148656,0.145367,0.142138,0.138967,0.135851,0.13279,0.129783,0.126828,0.123924,0.12107,0.118264,0.115505,0.112792,0.110124,0.107499,0.104918,0.102377,0.0998777,0.0974174,0.0949956,0.0926111,0.090263,0.0879504,0.0856724,0.0834279,0.081216,0.079036,0.0768868,0.0747677,0.0726777,0.070616,0.0685819,0.0665744,0.0645928,0.0626363,0.0607042,0.0587956,0.0569098,0.0550461,0.0532037,0.0513819,0.0495799,0.0477972,0.0460329,0.0442864,0.042557,0.0408441,0.0391469,0.0374648,0.0357971,0.0341433,0.0325026,0.0308744,0.0292582,0.0276532,0.0260588,0.0244745,0.0228996,0.0213335,0.0197756,0.0182253,0.016682,0.0151451,0.0136141,0.0120882,0.0105671,0.00904997,0.00753633,0.00602559,0.00451717,0.00301048
1,0.982223,0.964468,0.946755,0.929106,0.911541,0.894081,0.876743,0.859547,0.842509,0.825644,0.808969,0.792496,0.776237,0.760204,0.744406,0.728852,0.713548,0.698501,0.683716,0.669197,0.654946,0.640965,0.627256,0.613819,0.600652,0.587756,0.575128,0.562766,0.550668,0.53883,0.527249,0.515921,0.504842,0.494008,0.483415,0.473057,0.462931,0.453031,0.443353,0.433892,0.424643,0.415601,0.406762,0.39812,0.389671,0.381411,0.373334,0.365437,0.357714,0.350161,0.342774,0.33555,0.328483,0.321569,0.314806,0.308189,0.301713,0.295377,0.289175,0.283105,0.277164,0.271347,0.265652,0.260076,0.254616,0.249268,0.244031,0.2389,0.233874,0.22895,0.224125,0.219397,0.214764,0.210222,0.20577,0.201406,0.197127,0.192931,0.188817,0.184782,0.180824,0.176941,0.173132,0.169395,0.165728,0.162129,0.158597,0.155129,0.151725,0.148383,0.145102,0.141879,0.138714,0.135605,0.13255,0.129549,0.1266,0.123701,0.120852,0.118052,0.115298,0.11259,0.109927,0.107308,0.104731,0.102196,0.0997007,0.097245,0.0948276,0.0924476,0.0901039,0.0877955,0.0855217,0.0832813,0.0810735,0.0788974,0.0767521,0.0746368,0.0725506,0.0704926,0.0684622,0.0664583,0.0644803,0.0625273,0.0605986,0.0586934,0.0568109,0.0549505,0.0531113,0.0512927,0.049494,0.0477144,0.0459532,0.0442097,0.0424834,0.0407734,0.0390792,0.0374,0.0357353,0.0340843,0.0324465,0.0308212,0.0292077,0.0276055,0.0260139,0.0244323,0.0228601,0.0212967,0.0197415,0.0181939,0.0166533,0.015119,0.0135906,0.0120674,0.0105489,0.00903439,0.00752337,0.00601523,0.0045094,0.00300531
1,0.982111,0.964244,0.946422,0.928666,0.910997,0.893437,0.876004,0.858717,0.841594,0.824651,0.807903,0.791363,0.775045,0.758958,0.743113,0.727518,0.712179,0.697104,0.682295,0.667758,0.653494,0.639505,0.625792,0.612355,0.599192,0.586303,0.573685,0.561336,0.549253,0.537432,0.525869,0.514562,0.503505,0.492694,0.482124,0.471791,0.461689,0.451815,0.442162,0.432727,0.423504,0.414488,0.405674,0.397058,0.388635,0.380399,0.372347,0.364474,0.356775,0.349245,0.341882,0.33468,0.327635,0.320743,0.314,0.307403,0.300948,0.294631,0.288449,0.282397,0.276474,0.270675,0.264997,0.259438,0.253993,0.248662,0.243439,0.238324,0.233312,0.228402,0.223591,0.218877,0.214256,0.209727,0.205287,0.200935,0.196668,0.192483,0.18838,0.184356,0.180408,0.176536,0.172737,0.169009,0.165352,0.161762,0.158239,0.15478,0.151385,0.148051,0.144778,0.141563,0.138405,0.135304,0.132257,0.129263,0.12632,0.123429,0.120587,0.117793,0.115046,0.112344,0.109687,0.107074,0.104503,0.101974,0.0994845,0.0970344,0.0946225,0.0922479,0.0899095,0.0876064,0.0853376,0.0831022,0.0808994,0.0787281,0.0765876,0.074477,0.0723954,0.070342,0.068316,0.0663165,0.0643428,0.0623941,0.0604696,0.0585685,0.0566901,0.0548337,0.0529986,0.0511839,0.049389,0.0476132,0.0458558,0.0441161,0.0423935,0.0406872,0.0389966,0.037321,0.0356598,0.0340123,0.032378,0.0307561,0.0291461,0.0275472,0.025959,0.0243808,0.0228119,0.0212518,0.0196999,0.0181556,0.0166182,0.0150872,0.013562,0.012042,0.0105267,0.00901537,0.00750753,0.00600257,0.00449991,0.00299898
1,0.981976,0.963976,0.946023,0.928138,0.910345,0.892665,0.875118,0.857724,0.840499,0.823462,0.806628,0.79001,0.77362,0.75747,0.74157,0.725927,0.710548,0.695439,0.680604,0.666046,0.651767,0.63777,0.624053,0.610616,0.597459,0.584579,0.571973,0.55964,0.547575,0.535775,0.524235,0.512952,0.501921,0.491138,0.480596,0.470292,0.460221,0.450377,0.440755,0.43135,0.422158,0.413172,0.404389,0.395804,0.38741,0.379204,0.371181,0.363337,0.355666,0.348164,0.340828,0.333652,0.326633,0.319767,0.313049,0.306477,0.300045,0.293751,0.287591,0.281562,0.275659,0.269881,0.264224,0.258684,0.253259,0.247946,0.242741,0.237643,0.232649,0.227756,0.222961,0.218262,0.213657,0.209143,0.204717,0.200379,0.196126,0.191955,0.187865,0.183853,0.179918,0.176057,0.17227,0.168554,0.164907,0.161329,0.157816,0.154368,0.150983,0.147659,0.144395,0.141189,0.138041,0.134948,0.13191,0.128925,0.125991,0.123107,0.120273,0.117487,0.114748,0.112054,0.109404,0.106798,0.104234,0.101712,0.0992292,0.0967858,0.0943804,0.0920121,0.08968,0.087383,0.0851203,0.0828908,0.0806938,0.0785283,0.0763934,0.0742883,0.0722122,0.0701641,0.0681433,0.0661491,0.0641805,0.0622368,0.0603172,0.0584211,0.0565475,0.0546959,0.0528654,0.0510554,0.0492651,0.0474938,0.0457409,0.0440056,0.0422873,0.0405853,0.038899,0.0372276,0.0355706,0.0339273,0.0322971,0.0306793,0.0290733,0.0274785,0.0258942,0.0243199,0.022755,0.0211988,0.0196508,0.0181103,0.0165768,0.0150496,0.0135282,0.012012,0.0105005,0.00899292,0.00748883,0.00598762,0.0044887,0.00299151
1,0.981819,0.963662,0.945554,0.927519,0.909581,0.891761,0.87408,0.85656,0.839218,0.822072,0.805137,0.788427,0.771956,0.755733,0.739769,0.724071,0.708646,0.6935,0.678635,0.664054,0.64976,0.635753,0.622033,0.608599,0.595448,0.58258,0.56999,0.557675,0.545632,0.533857,0.522345,0.511091,0.500091,0.489339,0.478831,0.468561,0.458525,0.448716,0.43913,0.429761,0.420605,0.411655,0.402907,0.394357,0.385998,0.377827,0.369837,0.362026,0.354388,0.346919,0.339614,0.332469,0.32548,0.318643,0.311954,0.305409,0.299005,0.292737,0.286603,0.280599,0.274721,0.268967,0.263333,0.257816,0.252413,0.247121,0.241937,0.23686,0.231885,0.227011,0.222235,0.217554,0.212966,0.208469,0.204061,0.199739,0.195501,0.191346,0.187271,0.183273,0.179353,0.175506,0.171732,0.16803,0.164396,0.160829,0.157329,0.153893,0.150519,0.147207,0.143954,0.140759,0.137621,0.134539,0.131511,0.128535,0.125611,0.122737,0.119912,0.117135,0.114404,0.111719,0.109078,0.10648,0.103924,0.10141,0.098935,0.0964992,0.0941014,0.0917405,0.0894155,0.0871256,0.0848698,0.0826472,0.0804569,0.078298,0.0761696,0.0740709,0.072001,0.0699591,0.0679444,0.0659561,0.0639934,0.0620555,0.0601417,0.0582511,0.0563832,0.054537,0.0527119,0.0509072,0.0491222,0.0473561,0.0456084,0.0438782,0.0421649,0.0404679,0.0387865,0.03712,0.0354678,0.0338293,0.0322038,0.0305907,0.0289894,0.0273992,0.0258195,0.0242498,0.0226894,0.0211377,0.0195942,0.0180581,0.016529,0.0150063,0.0134893,0.0119774,0.0104702,0.00896703,0.00746727,0.00597038,0.00447578,0.0029829
1,0.981636,0.963298,0.945012,0.926804,0.908697,0.890716,0.872883,0.855218,0.837741,0.820469,0.80342,0.786607,0.770043,0.753738,0.737702,0.721943,0.706467,0.691279,0.676381,0.661776,0.647466,0.63345,0.619728,0.606297,0.593156,0.580302,0.567731,0.555439,0.543422,0.531676,0.520196,0.508976,0.498012,0.487298,0.476828,0.466598,0.456601,0.446833,0.437288,0.42796,0.418844,0.409936,0.401229,0.392718,0.384399,0.376267,0.368316,0.360543,0.352941,0.345508,0.338239,0.331129,0.324174,0.317371,0.310714,0.304201,0.297828,0.29159,0.285486,0.27951,0.27366,0.267933,0.262325,0.256833,0.251455,0.246188,0.241028,0.235973,0.231021,0.226168,0.221413,0.216753,0.212185,0.207708,0.203318,0.199015,0.194795,0.190657,0.186599,0.182618,0.178713,0.174883,0.171124,0.167436,0.163817,0.160265,0.156778,0.153355,0.149995,0.146695,0.143455,0.140272,0.137147,0.134076,0.131059,0.128094,0.125181,0.122318,0.119503,0.116736,0.114016,0.11134,0.108709,0.10612,0.103574,0.101068,0.0986021,0.0961749,0.0937855,0.0914329,0.0891162,0.0868343,0.0845864,0.0823715,0.0801887,0.0780373,0.0759162,0.0738247,0.0717619,0.069727,0.0677192,0.0657377,0.0637816,0.0618503,0.0599429,0.0580588,0.0561971,0.0543571,0.0525382,0.0507395,0.0489605,0.0472003,0.0454584,0.0437339,0.0420264,0.040335,0.0386592,0.0369982,0.0353515,0.0337184,0.0320983,0.0304905,0.0288944,0.0273095,0.025735,0.0241704,0.0226152,0.0210686,0.0195301,0.0179991,0.016475,0.0149572,0.0134452,0.0119383,0.010436,0.00893772,0.00744287,0.00595087,0.00446116,0.00297315
1,0.981427,0.962883,0.944394,0.925987,0.907689,0.889524,0.871516,0.853687,0.836058,0.818645,0.801467,0.784538,0.76787,0.751474,0.735359,0.719533,0.704001,0.688767,0.673834,0.659204,0.644878,0.630854,0.61713,0.603706,0.590577,0.577741,0.565193,0.552928,0.540942,0.52923,0.517787,0.506606,0.495683,0.485011,0.474586,0.4644,0.454449,0.444727,0.435228,0.425947,0.416878,0.408015,0.399353,0.390888,0.382614,0.374525,0.366618,0.358887,0.351327,0.343935,0.336705,0.329634,0.322718,0.315951,0.309331,0.302854,0.296515,0.290311,0.284239,0.278295,0.272476,0.266779,0.261201,0.255738,0.250388,0.245147,0.240014,0.234984,0.230057,0.225229,0.220497,0.21586,0.211314,0.206858,0.20249,0.198207,0.194007,0.189889,0.185849,0.181887,0.178,0.174187,0.170446,0.166774,0.163171,0.159635,0.156163,0.152756,0.14941,0.146124,0.142898,0.139729,0.136617,0.133559,0.130555,0.127603,0.124702,0.12185,0.119047,0.116292,0.113582,0.110917,0.108297,0.105719,0.103182,0.100687,0.0982306,0.095813,0.0934331,0.0910898,0.0887821,0.0865092,0.08427,0.0820637,0.0798895,0.0777463,0.0756335,0.07355,0.0714951,0.069468,0.0674679,0.0654939,0.0635453,0.0616213,0.0597211,0.0578441,0.0559894,0.0541564,0.0523443,0.0505524,0.04878,0.0470264,0.0452909,0.0435729,0.0418717,0.0401866,0.038517,0.0368622,0.0352216,0.0335946,0.0319804,0.0303786,0.0287884,0.0272093,0.0256406,0.0240818,0.0225323,0.0209914,0.0194585,0.0179331,0.0164146,0.0149024,0.0133959,0.0118946,0.0103978,0.00890501,0.00741563,0.00592909,0.00444483,0.00296228
1,0.981191,0.962412,0.943692,0.925061,0.906547,0.888175,0.869971,0.851958,0.834157,0.816587,0.799266,0.782208,0.765425,0.748928,0.732727,0.716828,0.701236,0.685954,0.670985,0.656329,0.641987,0.627956,0.614235,0.600819,0.587707,0.574892,0.562371,0.550138,0.538188,0.526516,0.515114,0.503979,0.493102,0.482479,0.472103,0.461969,0.452069,0.442399,0.432952,0.423722,0.414704,0.405893,0.397282,0.388867,0.380642,0.372603,0.364743,0.357059,0.349546,0.342199,0.335013,0.327986,0.321111,0.314386,0.307806,0.301367,0.295067,0.2889,0.282864,0.276956,0.271171,0.265507,0.259961,0.25453,0.24921,0.244,0.238895,0.233894,0.228994,0.224192,0.219487,0.214875,0.210354,0.205922,0.201577,0.197316,0.193138,0.189041,0.185023,0.181081,0.177214,0.17342,0.169697,0.166044,0.162459,0.15894,0.155485,0.152094,0.148764,0.145495,0.142284,0.13913,0.136032,0.132989,0.129999,0.12706,0.124173,0.121334,0.118544,0.115801,0.113104,0.110451,0.107842,0.105276,0.102751,0.100266,0.0978206,0.0954137,0.0930442,0.0907111,0.0884135,0.0861504,0.0839209,0.0817242,0.0795592,0.0774253,0.0753214,0.0732469,0.0712007,0.0691822,0.0671905,0.0652248,0.0632844,0.0613685,0.0594764,0.0576072,0.0557603,0.0539349,0.0521303,0.0503458,0.0485808,0.0468345,0.0451062,0.0433953,0.0417011,0.0400229,0.0383602,0.0367122,0.0350783,0.0334579,0.0318504,0.0302551,0.0286714,0.0270988,0.0255365,0.023984,0.0224408,0.0209062,0.0193795,0.0178604,0.016348,0.014842,0.0133416,0.0118464,0.0103556,0.00886891,0.00738557,0.00590506,0.00442681,0.00295027
1,0.980924,0.961881,0.942902,0.924019,0.905262,0.886658,0.868235,0.850017,0.832025,0.814281,0.796802,0.779601,0.762693,0.746088,0.729793,0.713816,0.69816,0.682829,0.667822,0.653141,0.638785,0.624749,0.611033,0.59763,0.584538,0.57175,0.559261,0.547065,0.535157,0.52353,0.512177,0.501092,0.490268,0.4797,0.46938,0.459302,0.44946,0.439847,0.430457,0.421285,0.412325,0.40357,0.395016,0.386656,0.378486,0.3705,0.362693,0.355061,0.347598,0.340301,0.333164,0.326184,0.319356,0.312675,0.306139,0.299744,0.293485,0.287359,0.281363,0.275492,0.269745,0.264118,0.258607,0.25321,0.247924,0.242746,0.237673,0.232703,0.227833,0.22306,0.218383,0.213798,0.209304,0.204898,0.200579,0.196343,0.192189,0.188115,0.18412,0.1802,0.176354,0.172581,0.168879,0.165246,0.16168,0.15818,0.154744,0.151371,0.148059,0.144807,0.141613,0.138475,0.135393,0.132366,0.129391,0.126467,0.123594,0.12077,0.117994,0.115265,0.112581,0.109941,0.107345,0.104791,0.102278,0.0998059,0.0973725,0.0949772,0.0926191,0.0902972,0.0880105,0.0857582,0.0835393,0.0813529,0.0791982,0.0770743,0.0749803,0.0729154,0.0708788,0.0688697,0.0668873,0.0649307,0.0629993,0.0610922,0.0592087,0.0573481,0.0555097,0.0536926,0.0518963,0.05012,0.048363,0.0466246,0.0449041,0.043201,0.0415145,0.0398439,0.0381887,0.0365481,0.0349216,0.0333085,0.0317082,0.03012,0.0285435,0.0269779,0.0254226,0.0238771,0.0223408,0.020813,0.0192932,0.0177808,0.0162752,0.0147759,0.0132822,0.0117936,0.0103095,0.00882942,0.00735269,0.00587878,0.00440711,0.00293714
1,0.980625,0.961286,0.942017,0.922852,0.903823,0.884961,0.866294,0.847848,0.829647,0.811711,0.794058,0.776703,0.75966,0.742937,0.726543,0.710483,0.694761,0.679378,0.664334,0.64963,0.635261,0.621224,0.607516,0.594131,0.581064,0.568308,0.555858,0.543706,0.531845,0.52027,0.508971,0.497944,0.48718,0.476672,0.466414,0.456399,0.446621,0.437072,0.427746,0.418637,0.40974,0.401048,0.392555,0.384256,0.376145,0.368218,0.360469,0.352893,0.345486,0.338243,0.331159,0.32423,0.317452,0.310821,0.304333,0.297984,0.29177,0.285688,0.279735,0.273906,0.2682,0.262612,0.25714,0.25178,0.24653,0.241388,0.236349,0.231412,0.226575,0.221834,0.217187,0.212632,0.208167,0.203789,0.199497,0.195288,0.19116,0.187112,0.183141,0.179245,0.175423,0.171673,0.167993,0.164381,0.160836,0.157357,0.153941,0.150588,0.147295,0.144061,0.140885,0.137765,0.134701,0.13169,0.128732,0.125824,0.122967,0.120159,0.117398,0.114683,0.112014,0.109388,0.106806,0.104266,0.101766,0.099307,0.0968864,0.0945037,0.0921579,0.0898481,0.0875734,0.0853327,0.0831253,0.0809502,0.0788065,0.0766935,0.0746102,0.0725559,0.0705296,0.0685307,0.0665583,0.0646116,0.0626899,0.0607924,0.0589184,0.0570671,0.0552378,0.0534298,0.0516424,0.0498749,0.0481266,0.0463969,0.0446849,0.0429902,0.041312,0.0396497,0.0380026,0.0363701,0.0347515,0.0331463,0.0315539,0.0299735,0.0284047,0.0268467,0.025299,0.0237611,0.0222322,0.0207119,0.0191995,0.0176945,0.0161962,0.0147041,0.0132177,0.0117364,0.0102595,0.00878658,0.00731702,0.00585025,0.00438573,0.00292289
1,0.980291,0.960621,0.941028,0.921548,0.902217,0.883068,0.864132,0.845435,0.827003,0.808857,0.791016,0.773494,0.756305,0.739457,0.722958,0.706812,0.691021,0.675587,0.660508,0.645782,0.631404,0.617371,0.603677,0.590315,0.577279,0.564562,0.552156,0.540054,0.528249,0.516732,0.505496,0.494532,0.483835,0.473395,0.463206,0.453261,0.443552,0.434073,0.424818,0.415779,0.40695,0.398326,0.3899,0.381667,0.373622,0.365758,0.358072,0.350557,0.34321,0.336025,0.328998,0.322125,0.315402,0.308824,0.302387,0.296088,0.289923,0.283889,0.277982,0.272199,0.266536,0.260991,0.25556,0.25024,0.24503,0.239925,0.234923,0.230022,0.22522,0.220513,0.215899,0.211376,0.206942,0.202595,0.198332,0.194152,0.190052,0.186031,0.182086,0.178216,0.174419,0.170694,0.167038,0.163449,0.159927,0.15647,0.153076,0.149743,0.146471,0.143257,0.140101,0.137,0.133954,0.130962,0.128021,0.125132,0.122291,0.1195,0.116755,0.114056,0.111402,0.108792,0.106225,0.1037,0.101215,0.0987693,0.0963626,0.0939934,0.091661,0.0893642,0.0871023,0.0848742,0.0826791,0.0805162,0.0783844,0.0762831,0.0742114,0.0721683,0.0701532,0.0681653,0.0662037,0.0642676,0.0623564,0.0604692,0.0586054,0.0567641,0.0549447,0.0531465,0.0513688,0.0496108,0.0478719,0.0461514,0.0444486,0.042763,0.0410937,0.0394403,0.037802,0.0361781,0.0345682,0.0329716,0.0313875,0.0298156,0.028255,0.0267053,0.0251658,0.023636,0.0221152,0.0206029,0.0190985,0.0176014,0.016111,0.0146268,0.0131482,0.0116747,0.0102056,0.0087404,0.00727856,0.00581951,0.00436268,0.00290753
1,0.979918,0.959879,0.939925,0.920095,0.90043,0.880963,0.861729,0.842757,0.824073,0.805699,0.787654,0.769953,0.752608,0.735629,0.71902,0.702785,0.686926,0.671442,0.656329,0.641585,0.627204,0.613179,0.599505,0.586173,0.573175,0.560504,0.548151,0.536107,0.524364,0.512913,0.501747,0.490856,0.480232,0.469867,0.459755,0.449886,0.440254,0.430852,0.421673,0.412709,0.403956,0.395405,0.387052,0.378891,0.370916,0.363122,0.355503,0.348054,0.340772,0.33365,0.326685,0.319871,0.313206,0.306685,0.300304,0.294059,0.287947,0.281963,0.276106,0.270371,0.264755,0.259255,0.253869,0.248592,0.243423,0.238359,0.233397,0.228535,0.223769,0.219098,0.21452,0.210032,0.205631,0.201316,0.197085,0.192936,0.188866,0.184874,0.180957,0.177115,0.173345,0.169646,0.166015,0.162452,0.158954,0.15552,0.152149,0.148839,0.145589,0.142396,0.139261,0.136181,0.133155,0.130182,0.127261,0.12439,0.121568,0.118794,0.116066,0.113385,0.110748,0.108154,0.105603,0.103093,0.100623,0.0981932,0.0958013,0.0934467,0.0911284,0.0888457,0.0865974,0.0843828,0.082201,0.080051,0.0779321,0.0758433,0.0737839,0.071753,0.0697499,0.0677737,0.0658236,0.063899,0.061999,0.0601229,0.0582699,0.0564394,0.0546307,0.0528429,0.0510755,0.0493277,0.0475988,0.0458883,0.0441954,0.0425194,0.0408598,0.0392158,0.0375869,0.0359724,0.0343717,0.0327842,0.0312093,0.0296463,0.0280946,0.0265537,0.025023,0.0235019,0.0219898,0.0204861,0.0189902,0.0175016,0.0160197,0.0145439,0.0130737,0.0116085,0.0101478,0.00869089,0.00723734,0.00578655,0.00433798,0.00289106
1,0.979503,0.959053,0.938697,0.918479,0.898443,0.878626,0.859065,0.839792,0.820833,0.802212,0.783948,0.766056,0.748547,0.73143,0.714708,0.698384,0.682457,0.666924,0.651783,0.637026,0.622646,0.608638,0.59499,0.581696,0.568745,0.556128,0.543836,0.531859,0.520187,0.508811,0.497722,0.486911,0.476369,0.466088,0.456059,0.446275,0.436727,0.427408,0.418312,0.409431,0.400758,0.392288,0.384013,0.37593,0.36803,0.36031,0.352764,0.345386,0.338172,0.331118,0.324219,0.31747,0.310867,0.304407,0.298085,0.291897,0.285841,0.279912,0.274107,0.268424,0.262858,0.257407,0.252067,0.246837,0.241712,0.236692,0.231772,0.22695,0.222224,0.217592,0.213051,0.208599,0.204235,0.199954,0.195757,0.19164,0.187602,0.183641,0.179755,0.175942,0.1722,0.168529,0.164925,0.161389,0.157917,0.154508,0.151162,0.147876,0.144648,0.141479,0.138366,0.135308,0.132303,0.129351,0.12645,0.123599,0.120796,0.118041,0.115332,0.112669,0.11005,0.107474,0.104939,0.102446,0.0999932,0.097579,0.0952028,0.0928637,0.0905606,0.0882928,0.0860592,0.0838589,0.0816912,0.0795551,0.0774497,0.0753743,0.0733281,0.0713101,0.0693197,0.067356,0.0654183,0.0635059,0.0616178,0.0597535,0.0579122,0.0560932,0.0542957,0.0525191,0.0507627,0.0490257,0.0473076,0.0456077,0.0439252,0.0422597,0.0406103,0.0389765,0.0373576,0.035753,0.0341622,0.0325844,0.0310191,0.0294657,0.0279235,0.0263921,0.0248707,0.0233589,0.021856,0.0203615,0.0188747,0.0173952,0.0159223,0.0144555,0.0129943,0.011538,0.0100861,0.00863809,0.00719337,0.0057514,0.00431163,0.0028735
1,0.97904,0.958133,0.93733,0.916682,0.896236,0.876034,0.856114,0.836512,0.817255,0.798368,0.77987,0.761776,0.744095,0.726835,0.709998,0.693584,0.677592,0.662017,0.646851,0.632088,0.617719,0.603734,0.590123,0.576876,0.563981,0.551428,0.539207,0.527305,0.515714,0.504422,0.49342,0.482698,0.472247,0.462057,0.452119,0.442426,0.43297,0.423742,0.414736,0.405943,0.397358,0.388974,0.380784,0.372783,0.364965,0.357324,0.349856,0.342554,0.335414,0.328432,0.321602,0.314922,0.308386,0.30199,0.295731,0.289605,0.283608,0.277737,0.271988,0.266359,0.260846,0.255447,0.250157,0.244975,0.239898,0.234923,0.230048,0.22527,0.220586,0.215995,0.211494,0.207081,0.202753,0.19851,0.194348,0.190266,0.186261,0.182333,0.178479,0.174697,0.170986,0.167344,0.163769,0.160261,0.156816,0.153434,0.150114,0.146853,0.143651,0.140506,0.137416,0.134381,0.131399,0.128469,0.125589,0.122759,0.119977,0.117242,0.114553,0.111909,0.109309,0.106751,0.104235,0.10176,0.0993241,0.096927,0.0945675,0.0922448,0.0899578,0.0877058,0.0854877,0.0833026,0.0811499,0.0790284,0.0769376,0.0748764,0.0728441,0.0708399,0.068863,0.0669126,0.064988,0.0630884,0.0612131,0.0593613,0.0575323,0.0557254,0.05394,0.0521752,0.0504305,0.0487051,0.0469984,0.0453097,0.0436384,0.0419838,0.0403453,0.0387222,0.037114,0.03552,0.0339396,0.0323721,0.0308171,0.0292739,0.0277418,0.0262204,0.024709,0.023207,0.0217139,0.0202291,0.0187521,0.0172822,0.0158189,0.0143616,0.0129099,0.0114631,0.0100206,0.008582,0.00714666,0.00571406,0.00428363,0.00285485
1,0.978524,0.957108,0.935809,0.914684,0.893785,0.873158,0.852846,0.832886,0.813307,0.794135,0.775389,0.757081,0.739222,0.721816,0.704864,0.688364,0.672311,0.656699,0.641517,0.626757,0.612407,0.598457,0.584893,0.571703,0.558875,0.546397,0.534257,0.522442,0.510942,0.499744,0.488838,0.478215,0.467862,0.457772,0.447935,0.438342,0.428985,0.419855,0.410946,0.402249,0.393758,0.385466,0.377367,0.369454,0.361723,0.354167,0.346781,0.339559,0.332498,0.325593,0.318838,0.31223,0.305764,0.299437,0.293244,0.287183,0.281249,0.275439,0.26975,0.264178,0.258722,0.253376,0.24814,0.243009,0.237982,0.233055,0.228227,0.223495,0.218856,0.214308,0.209849,0.205476,0.201189,0.196984,0.192859,0.188814,0.184845,0.180951,0.177131,0.173382,0.169703,0.166092,0.162548,0.159069,0.155653,0.152299,0.149006,0.145772,0.142596,0.139477,0.136412,0.133401,0.130443,0.127536,0.124679,0.121871,0.119111,0.116398,0.11373,0.111106,0.108525,0.105987,0.103491,0.101034,0.0986165,0.0962374,0.0938957,0.0915903,0.0893203,0.0870849,0.0848832,0.0827143,0.0805773,0.0784715,0.0763958,0.0743497,0.0723321,0.0703424,0.0683798,0.0664435,0.0645328,0.0626468,0.0607849,0.0589463,0.0571304,0.0553364,0.0535636,0.0518114,0.050079,0.0483658,0.0466712,0.0449944,0.0433349,0.0416919,0.0400649,0.0384533,0.0368563,0.0352735,0.0337041,0.0321476,0.0306034,0.0290709,0.0275496,0.0260387,0.0245378,0.0230463,0.0215636,0.0200891,0.0186223,0.0171626,0.0157094,0.0142623,0.0128206,0.0113838,0.00995132,0.00852266,0.00709725,0.00567455,0.00425402,0.00283511
1,0.977948,0.955965,0.934114,0.91246,0.89106,0.869967,0.849227,0.828878,0.808953,0.789477,0.770468,0.751939,0.733897,0.716344,0.699279,0.682697,0.666591,0.650949,0.635762,0.621016,0.606697,0.592793,0.579288,0.566168,0.55342,0.541029,0.528982,0.517265,0.505866,0.494774,0.483975,0.473459,0.463216,0.453235,0.443507,0.434022,0.424772,0.415748,0.406943,0.398349,0.389958,0.381765,0.373763,0.365945,0.358306,0.350839,0.343541,0.336405,0.329427,0.322603,0.315927,0.309395,0.303004,0.296749,0.290627,0.284634,0.278766,0.273021,0.267394,0.261883,0.256485,0.251197,0.246017,0.24094,0.235965,0.23109,0.226311,0.221626,0.217034,0.212532,0.208117,0.203787,0.199541,0.195377,0.191292,0.187285,0.183354,0.179497,0.175712,0.171997,0.168352,0.164774,0.161261,0.157813,0.154428,0.151104,0.14784,0.144634,0.141486,0.138393,0.135355,0.132369,0.129436,0.126554,0.123721,0.120936,0.118199,0.115508,0.112862,0.110259,0.1077,0.105182,0.102706,0.100269,0.0978709,0.0955107,0.0931876,0.0909004,0.0886484,0.0864306,0.0842462,0.0820942,0.0799739,0.0778844,0.0758248,0.0737945,0.0717925,0.0698181,0.0678705,0.065949,0.0640529,0.0621813,0.0603335,0.0585089,0.0567067,0.0549263,0.0531669,0.0514279,0.0497085,0.0480082,0.0463263,0.044662,0.0430149,0.0413842,0.0397693,0.0381697,0.0365846,0.0350135,0.0334558,0.0319109,0.0303781,0.028857,0.0273468,0.0258472,0.0243574,0.0228768,0.021405,0.0199414,0.0184854,0.0170365,0.015594,0.0141575,0.0127264,0.0113002,0.00987825,0.00846008,0.00704514,0.00563289,0.00422279,0.0028143
1,0.977305,0.954688,0.932223,0.909982,0.88803,0.866424,0.845216,0.824447,0.80415,0.784351,0.765068,0.746309,0.728082,0.710384,0.693211,0.676555,0.660404,0.644746,0.629565,0.614846,0.600573,0.586729,0.573298,0.560262,0.547607,0.535317,0.523376,0.51177,0.500485,0.489509,0.478829,0.468432,0.458308,0.448446,0.438836,0.429467,0.420333,0.411423,0.402729,0.394245,0.385962,0.377874,0.369974,0.362257,0.354715,0.347344,0.340139,0.333093,0.326203,0.319464,0.312871,0.30642,0.300108,0.293929,0.287881,0.281959,0.276161,0.270483,0.264923,0.259476,0.25414,0.248912,0.243789,0.238769,0.233849,0.229027,0.2243,0.219666,0.215123,0.210668,0.206299,0.202015,0.197813,0.193691,0.189648,0.185681,0.181789,0.17797,0.174222,0.170544,0.166933,0.16339,0.159911,0.156496,0.153142,0.149849,0.146615,0.143439,0.140319,0.137255,0.134244,0.131286,0.128379,0.125522,0.122714,0.119954,0.117241,0.114573,0.11195,0.10937,0.106833,0.104337,0.101881,0.0994652,0.0970875,0.0947473,0.0924436,0.0901757,0.0879424,0.0857431,0.0835768,0.0814426,0.0793398,0.0772674,0.0752248,0.073211,0.0712254,0.0692671,0.0673353,0.0654294,0.0635485,0.061692,0.0598592,0.0580492,0.0562615,0.0544953,0.0527499,0.0510248,0.0493191,0.0476323,0.0459637,0.0443127,0.0426786,0.0410608,0.0394586,0.0378716,0.036299,0.0347403,0.0331948,0.031662,0.0301413,0.0286321,0.0271338,0.0256458,0.0241677,0.0226987,0.0212384,0.0197862,0.0183416,0.0169039,0.0154727,0.0140474,0.0126274,0.0112123,0.00980144,0.0083943,0.00699037,0.0055891,0.00418996,0.00279242
1,0.976585,0.953259,0.930109,0.907215,0.884652,0.862484,0.840766,0.819543,0.79885,0.778711,0.759141,0.74015,0.721737,0.703899,0.686627,0.669907,0.653726,0.638065,0.622907,0.608232,0.59402,0.580253,0.566911,0.553976,0.54143,0.529255,0.517435,0.505953,0.494796,0.483949,0.473398,0.463132,0.453138,0.443405,0.433922,0.42468,0.415669,0.406881,0.398307,0.389939,0.381771,0.373795,0.366004,0.358392,0.350954,0.343684,0.336577,0.329626,0.322829,0.31618,0.309674,0.303308,0.297077,0.290978,0.285008,0.279161,0.273437,0.26783,0.262337,0.256957,0.251686,0.246521,0.241459,0.236499,0.231636,0.22687,0.222197,0.217616,0.213124,0.208719,0.204398,0.200161,0.196004,0.191927,0.187927,0.184002,0.180151,0.176372,0.172663,0.169022,0.165449,0.161941,0.158497,0.155116,0.151796,0.148535,0.145333,0.142188,0.139098,0.136063,0.133081,0.130151,0.127271,0.124441,0.12166,0.118925,0.116237,0.113594,0.110995,0.108439,0.105924,0.103451,0.101018,0.0986232,0.0962668,0.0939474,0.0916642,0.0894163,0.0872028,0.0850227,0.0828754,0.0807599,0.0786753,0.076621,0.074596,0.0725996,0.0706311,0.0686896,0.0667744,0.0648848,0.06302,0.0611793,0.059362,0.0575674,0.0557948,0.0540435,0.0523129,0.0506022,0.0489109,0.0472383,0.0455837,0.0439465,0.042326,0.0407217,0.039133,0.0375591,0.0359996,0.0344539,0.0329212,0.0314011,0.029893,0.0283963,0.0269104,0.0254348,0.0239688,0.022512,0.0210637,0.0196235,0.0181908,0.016765,0.0153455,0.013932,0.0125237,0.0111202,0.00972091,0.00832535,0.00693295,0.0055432,0.00415555,0.00276949
1,0.975776,0.951655,0.927738,0.904118,0.880879,0.858093,0.835821,0.81411,0.792996,0.7725,0.752637,0.733411,0.714818,0.696849,0.679489,0.662722,0.646527,0.630882,0.615765,0.601153,0.587023,0.573352,0.560119,0.547302,0.534882,0.522838,0.511155,0.499813,0.488797,0.478092,0.467684,0.45756,0.447707,0.438113,0.428768,0.419661,0.410783,0.402125,0.393678,0.385435,0.377388,0.36953,0.361854,0.354355,0.347026,0.339862,0.332857,0.326007,0.319307,0.312751,0.306337,0.30006,0.293915,0.2879,0.28201,0.276243,0.270594,0.265061,0.259641,0.25433,0.249126,0.244027,0.239029,0.23413,0.229327,0.224619,0.220003,0.215476,0.211038,0.206684,0.202414,0.198226,0.194117,0.190086,0.186131,0.18225,0.178441,0.174704,0.171035,0.167434,0.163899,0.160429,0.157021,0.153675,0.15039,0.147163,0.143994,0.140881,0.137823,0.134818,0.131866,0.128965,0.126115,0.123313,0.120558,0.117851,0.115189,0.112571,0.109997,0.107466,0.104975,0.102526,0.100115,0.0977434,0.0954091,0.0931115,0.0908497,0.0886227,0.0864297,0.0842699,0.0821423,0.0800463,0.0779808,0.0759453,0.0739388,0.0719606,0.0700099,0.068086,0.0661881,0.0643155,0.0624674,0.0606433,0.0588422,0.0570637,0.0553069,0.0535712,0.051856,0.0501605,0.0484842,0.0468264,0.0451864,0.0435636,0.0419574,0.0403673,0.0387925,0.0372325,0.0356866,0.0341544,0.0326352,0.0311284,0.0296334,0.0281498,0.0266768,0.0252141,0.0237609,0.0223167,0.0208811,0.0194534,0.0180331,0.0166197,0.0152126,0.0138113,0.0124152,0.0110239,0.00963672,0.00825324,0.00687291,0.00549519,0.00411957,0.00274551
1,0.974862,0.949846,0.925069,0.900639,0.876652,0.853189,0.830315,0.808081,0.786522,0.765657,0.745497,0.726039,0.707275,0.689188,0.671759,0.654964,0.638777,0.623171,0.608119,0.593593,0.579566,0.566013,0.552909,0.540231,0.527956,0.516063,0.504533,0.493346,0.482487,0.471939,0.461687,0.451717,0.442016,0.432573,0.423375,0.414413,0.405677,0.397157,0.388846,0.380734,0.372816,0.365083,0.357528,0.350147,0.342933,0.33588,0.328983,0.322238,0.315639,0.309182,0.302864,0.296679,0.290624,0.284696,0.278891,0.273205,0.267636,0.26218,0.256834,0.251596,0.246462,0.241431,0.236499,0.231664,0.226924,0.222277,0.217719,0.21325,0.208866,0.204567,0.200349,0.196211,0.192152,0.188169,0.184261,0.180425,0.176661,0.172966,0.16934,0.16578,0.162285,0.158853,0.155484,0.152175,0.148925,0.145734,0.142599,0.139519,0.136494,0.133521,0.1306,0.12773,0.124909,0.122136,0.11941,0.116731,0.114096,0.111505,0.108957,0.106451,0.103986,0.101561,0.0991744,0.0968262,0.094515,0.09224,0.0900004,0.0877953,0.0856237,0.0834849,0.081378,0.0793022,0.0772567,0.0752407,0.0732534,0.0712942,0.0693621,0.0674565,0.0655766,0.0637218,0.0618912,0.0600842,0.0583002,0.0565383,0.054798,0.0530786,0.0513794,0.0496998,0.0480391,0.0463967,0.0447719,0.0431642,0.041573,0.0399975,0.0384373,0.0368917,0.0353601,0.033842,0.0323368,0.0308439,0.0293627,0.0278926,0.0264332,0.0249838,0.023544,0.0221131,0.0206905,0.0192759,0.0178686,0.0164681,0.0150738,0.0136853,0.012302,0.0109234,0.00954888,0.00817802,0.00681027,0.00544511,0.00408202,0.00272049
1,0.973828,0.9478,0.922054,0.896718,0.871901,0.847695,0.82417,0.801378,0.779353,0.75811,0.737653,0.717973,0.699054,0.680871,0.663396,0.646599,0.630447,0.614907,0.599946,0.585533,0.571636,0.558226,0.545275,0.532757,0.520648,0.508925,0.497566,0.486553,0.475866,0.46549,0.455407,0.445605,0.436069,0.426787,0.417748,0.40894,0.400355,0.391982,0.383814,0.375842,0.368058,0.360456,0.35303,0.345772,0.338678,0.331742,0.324958,0.318322,0.311829,0.305476,0.299257,0.293168,0.287207,0.28137,0.275652,0.270052,0.264565,0.259189,0.25392,0.248757,0.243697,0.238736,0.233873,0.229104,0.224429,0.219844,0.215347,0.210937,0.206611,0.202367,0.198204,0.194119,0.190111,0.186178,0.182318,0.17853,0.174811,0.171162,0.167579,0.164061,0.160607,0.157216,0.153886,0.150615,0.147403,0.144248,0.141149,0.138104,0.135112,0.132173,0.129284,0.126446,0.123656,0.120913,0.118217,0.115566,0.11296,0.110396,0.107876,0.105396,0.102957,0.100557,0.0981958,0.095872,0.0935848,0.0913334,0.0891169,0.0869344,0.0847851,0.0826681,0.0805826,0.0785279,0.0765031,0.0745075,0.0725403,0.0706007,0.0686879,0.0668014,0.0649403,0.0631039,0.0612915,0.0595024,0.057736,0.0559916,0.0542684,0.0525659,0.0508834,0.0492203,0.0475758,0.0459495,0.0443406,0.0427485,0.0411728,0.0396126,0.0380676,0.036537,0.0350203,0.0335168,0.0320262,0.0305477,0.0290808,0.0276249,0.0261796,0.0247442,0.0233182,0.021901,0.0204922,0.0190911,0.0176974,0.0163103,0.0149294,0.0135542,0.0121842,0.0108187,0.00945743,0.00809971,0.00674506,0.00539298,0.00404294,0.00269444
1,0.972648,0.94547,0.91863,0.892278,0.86654,0.841519,0.817291,0.793909,0.771401,0.749778,0.729033,0.709148,0.690096,0.671844,0.654355,0.637588,0.621505,0.606064,0.591227,0.576957,0.563218,0.549979,0.537207,0.524875,0.512954,0.501422,0.490255,0.479433,0.468936,0.458746,0.448848,0.439226,0.429867,0.420758,0.411888,0.403245,0.39482,0.386603,0.378586,0.37076,0.363119,0.355655,0.348363,0.341235,0.334266,0.327451,0.320785,0.314263,0.307881,0.301634,0.295519,0.289531,0.283667,0.277923,0.272297,0.266784,0.261383,0.25609,0.250902,0.245816,0.240831,0.235944,0.231151,0.226452,0.221843,0.217323,0.212889,0.20854,0.204274,0.200088,0.19598,0.19195,0.187995,0.184113,0.180304,0.176564,0.172893,0.16929,0.165752,0.162278,0.158867,0.155518,0.152228,0.148997,0.145824,0.142707,0.139644,0.136635,0.133679,0.130774,0.127919,0.125113,0.122355,0.119643,0.116978,0.114357,0.11178,0.109245,0.106753,0.104301,0.101889,0.0995152,0.0971797,0.0948813,0.0926191,0.0903921,0.0881995,0.0860405,0.0839143,0.0818199,0.0797567,0.0777239,0.0757206,0.0737461,0.0717996,0.0698804,0.0679878,0.066121,0.0642793,0.0624621,0.0606686,0.0588981,0.05715,0.0554236,0.0537183,0.0520333,0.0503682,0.0487221,0.0470945,0.0454849,0.0438925,0.0423167,0.040757,0.0392128,0.0376835,0.0361684,0.0346672,0.033179,0.0317035,0.0302399,0.0287879,0.0273468,0.0259161,0.0244952,0.0230836,0.0216807,0.0202861,0.0188992,0.0175194,0.0161463,0.0147794,0.013418,0.0120617,0.01071,0.00936242,0.00801834,0.00667731,0.00533881,0.00400233,0.00266738
1,0.971295,0.942802,0.914718,0.887222,0.860461,0.834549,0.809568,0.785566,0.762565,0.740567,0.719552,0.699489,0.680339,0.662056,0.644591,0.627895,0.611919,0.596616,0.58194,0.567849,0.554303,0.541264,0.528701,0.51658,0.504873,0.493554,0.4826,0.471988,0.461697,0.451711,0.442012,0.432585,0.423416,0.414492,0.405801,0.397332,0.389076,0.381024,0.373166,0.365494,0.358003,0.350683,0.343531,0.336538,0.3297,0.323012,0.316469,0.310065,0.303798,0.297662,0.291654,0.285769,0.280006,0.27436,0.268828,0.263406,0.258093,0.252886,0.247781,0.242776,0.237868,0.233056,0.228337,0.223709,0.219169,0.214716,0.210347,0.206061,0.201856,0.197729,0.19368,0.189706,0.185806,0.181977,0.178219,0.17453,0.170909,0.167353,0.163861,0.160433,0.157066,0.15376,0.150512,0.147322,0.144189,0.14111,0.138086,0.135114,0.132194,0.129325,0.126504,0.123732,0.121007,0.118328,0.115694,0.113105,0.110558,0.108053,0.105589,0.103166,0.100782,0.0984355,0.0961268,0.0938547,0.0916182,0.0894165,0.0872487,0.085114,0.0830117,0.0809408,0.0789007,0.0768904,0.0749094,0.0729567,0.0710318,0.0691337,0.0672619,0.0654156,0.0635941,0.0617967,0.0600228,0.0582715,0.0565424,0.0548348,0.0531479,0.0514811,0.0498339,0.0482056,0.0465955,0.0450031,0.0434278,0.0418689,0.0403259,0.0387982,0.0372852,0.0357863,0.034301,0.0328287,0.0313688,0.0299208,0.0284842,0.0270584,0.0256428,0.0242369,0.0228403,0.0214522,0.0200724,0.0187001,0.0173349,0.0159763,0.0146237,0.0132767,0.0119348,0.0105973,0.00926388,0.00793395,0.00660704,0.00528263,0.00396022,0.00263931
1,0.969731,0.939723,0.91022,0.881433,0.853534,0.82665,0.800864,0.77622,0.752728,0.730372,0.709118,0.688918,0.669715,0.651449,0.634059,0.617482,0.601662,0.586541,0.572069,0.558196,0.544879,0.532076,0.519751,0.507871,0.496404,0.485323,0.474602,0.46422,0.454155,0.444389,0.434905,0.425686,0.416719,0.407992,0.399492,0.391208,0.38313,0.37525,0.367559,0.360049,0.352714,0.345545,0.338538,0.331687,0.324985,0.318428,0.312012,0.305731,0.299583,0.293562,0.287664,0.281888,0.276228,0.270682,0.265247,0.25992,0.254698,0.249579,0.244559,0.239637,0.23481,0.230076,0.225433,0.220877,0.216409,0.212025,0.207723,0.203502,0.199359,0.195294,0.191305,0.187388,0.183544,0.179771,0.176066,0.172429,0.168858,0.165352,0.161908,0.158526,0.155205,0.151943,0.148739,0.145591,0.142499,0.139461,0.136475,0.133542,0.130659,0.127826,0.125042,0.122305,0.119614,0.116968,0.114367,0.111809,0.109294,0.10682,0.104386,0.101992,0.0996364,0.0973186,0.0950376,0.0927926,0.0905827,0.0884071,0.0862649,0.0841554,0.0820777,0.0800311,0.0780148,0.076028,0.0740699,0.0721399,0.0702371,0.068361,0.0665107,0.0646856,0.0628849,0.061108,0.0593543,0.057623,0.0559135,0.0542252,0.0525574,0.0509095,0.0492809,0.0476709,0.0460789,0.0445044,0.0429467,0.0414053,0.0398796,0.0383689,0.0368728,0.0353907,0.0339219,0.032466,0.0310223,0.0295904,0.0281698,0.0267597,0.0253598,0.0239696,0.0225884,0.0212157,0.0198511,0.018494,0.0171439,0.0158003,0.0144626,0.0131305,0.0118033,0.0104806,0.00916185,0.00784658,0.00653428,0.00522446,0.00391661,0.00261025
1,0.967906,0.93614,0.905004,0.874755,0.845591,0.817653,0.791019,0.765723,0.741754,0.719076,0.697631,0.677349,0.658154,0.639967,0.622712,0.606314,0.590704,0.575819,0.561598,0.547988,0.53494,0.52241,0.510358,0.498748,0.487548,0.47673,0.466267,0.456136,0.446315,0.436786,0.427531,0.418535,0.409784,0.401265,0.392966,0.384876,0.376987,0.369288,0.361771,0.35443,0.347257,0.340246,0.333391,0.326685,0.320125,0.313704,0.30742,0.301266,0.29524,0.289338,0.283555,0.277889,0.272336,0.266894,0.261559,0.256329,0.251201,0.246173,0.241241,0.236404,0.23166,0.227006,0.22244,0.21796,0.213564,0.209251,0.205018,0.200863,0.196786,0.192784,0.188856,0.184999,0.181213,0.177496,0.173846,0.170262,0.166743,0.163287,0.159893,0.156559,0.153285,0.150069,0.146909,0.143805,0.140755,0.137758,0.134813,0.131919,0.129075,0.12628,0.123532,0.120831,0.118175,0.115564,0.112997,0.110472,0.107989,0.105546,0.103143,0.100779,0.0984537,0.096165,0.0939125,0.0916955,0.0895131,0.0873644,0.0852487,0.0831651,0.0811129,0.0790913,0.0770996,0.0751369,0.0732026,0.0712959,0.0694161,0.0675625,0.0657344,0.0639312,0.062152,0.0603964,0.0586635,0.0569528,0.0552636,0.0535953,0.0519472,0.0503187,0.0487093,0.0471182,0.045545,0.043989,0.0424495,0.0409262,0.0394183,0.0379253,0.0364466,0.0349817,0.03353,0.032091,0.0306642,0.0292489,0.0278447,0.026451,0.0250674,0.0236932,0.022328,0.0209712,0.0196223,0.0182809,0.0169464,0.0156183,0.0142961,0.0129793,0.0116674,0.0103599,0.00905637,0.00775625,0.00645906,0.00516432,0.00387153,0.00258021
1,0.965754,0.931928,0.898902,0.86699,0.836424,0.80735,0.779838,0.753897,0.72949,0.706547,0.684981,0.664694,0.645584,0.627553,0.610507,0.594357,0.579023,0.564431,0.550516,0.537218,0.524483,0.512265,0.500522,0.489215,0.478312,0.467782,0.4576,0.44774,0.438183,0.428908,0.419899,0.41114,0.402617,0.394318,0.386231,0.378345,0.370652,0.363143,0.355809,0.348643,0.34164,0.334791,0.328093,0.321539,0.315125,0.308845,0.302696,0.296674,0.290774,0.284994,0.279329,0.273777,0.268335,0.262999,0.257767,0.252636,0.247605,0.242669,0.237828,0.233079,0.228419,0.223847,0.219361,0.214958,0.210637,0.206397,0.202234,0.198149,0.194138,0.1902,0.186335,0.182539,0.178813,0.175153,0.17156,0.168031,0.164565,0.161161,0.157818,0.154533,0.151307,0.148138,0.145024,0.141964,0.138958,0.136004,0.1331,0.130247,0.127442,0.124686,0.121976,0.119312,0.116692,0.114117,0.111584,0.109093,0.106643,0.104233,0.101862,0.0995293,0.097234,0.0949753,0.0927522,0.090564,0.0884099,0.0862889,0.0842004,0.0821436,0.0801176,0.0781218,0.0761554,0.0742176,0.0723077,0.0704251,0.068569,0.0667387,0.0649335,0.0631528,0.0613958,0.059662,0.0579507,0.0562612,0.0545929,0.0529452,0.0513175,0.0497091,0.0481194,0.0465479,0.044994,0.043457,0.0419364,0.0404316,0.0389421,0.0374673,0.0360067,0.0345596,0.0331256,0.0317041,0.0302945,0.0288964,0.0275092,0.0261324,0.0247655,0.0234079,0.0220592,0.0207188,0.0193862,0.0180609,0.0167425,0.0154304,0.0141241,0.0128232,0.0115271,0.0102354,0.00894749,0.00766301,0.00638142,0.00510225,0.003825,0.0025492
1,0.963182,0.926914,0.891685,0.857881,0.825766,0.795485,0.767085,0.740538,0.715761,0.692642,0.671053,0.650861,0.631936,0.614155,0.597406,0.581585,0.566599,0.552368,0.538817,0.525884,0.51351,0.501646,0.490249,0.479279,0.468702,0.458488,0.44861,0.439043,0.429768,0.420765,0.412017,0.403508,0.395226,0.387159,0.379294,0.371622,0.364134,0.356822,0.349678,0.342695,0.335866,0.329187,0.322651,0.316253,0.30999,0.303855,0.297846,0.291959,0.286189,0.280534,0.274991,0.269556,0.264226,0.259,0.253873,0.248845,0.243912,0.239072,0.234323,0.229664,0.225091,0.220603,0.216198,0.211875,0.207631,0.203464,0.199374,0.195359,0.191416,0.187545,0.183744,0.180011,0.176345,0.172745,0.16921,0.165737,0.162326,0.158975,0.155683,0.15245,0.149273,0.146151,0.143084,0.14007,0.137109,0.134198,0.131338,0.128526,0.125762,0.123045,0.120374,0.117748,0.115166,0.112626,0.110129,0.107673,0.105257,0.102881,0.100542,0.0982418,0.095978,0.0937501,0.0915572,0.0893987,0.0872736,0.0851812,0.0831207,0.0810913,0.0790924,0.0771231,0.0751827,0.0732705,0.0713859,0.069528,0.0676962,0.0658898,0.0641082,0.0623507,0.0606166,0.0589053,0.0572162,0.0555485,0.0539018,0.0522753,0.0506685,0.0490808,0.0475115,0.0459601,0.0444261,0.0429087,0.0414075,0.039922,0.0384514,0.0369954,0.0355533,0.0341246,0.0327087,0.0313052,0.0299135,0.0285331,0.0271634,0.025804,0.0244543,0.0231138,0.0217821,0.0204586,0.0191428,0.0178342,0.0165323,0.0152367,0.0139469,0.0126623,0.0113825,0.010107,0.00883526,0.00756689,0.00630139,0.00503826,0.00377703,0.00251723
1,0.960061,0.920862,0.883044,0.847083,0.813272,0.781739,0.752481,0.725408,0.700374,0.677206,0.655727,0.635761,0.617143,0.599726,0.583377,0.567976,0.553422,0.539623,0.526502,0.51399,0.502027,0.490562,0.479549,0.46895,0.45873,0.448858,0.439307,0.430056,0.421082,0.412367,0.403894,0.395651,0.387622,0.379797,0.372164,0.364715,0.357441,0.350334,0.343386,0.336592,0.329945,0.323439,0.317071,0.310834,0.304725,0.29874,0.292875,0.287126,0.28149,0.275963,0.270544,0.265229,0.260015,0.2549,0.249882,0.244958,0.240126,0.235384,0.23073,0.226162,0.221678,0.217276,0.212954,0.208712,0.204546,0.200456,0.19644,0.192496,0.188623,0.18482,0.181085,0.177416,0.173813,0.170273,0.166796,0.163381,0.160026,0.15673,0.153491,0.150309,0.147183,0.144111,0.141092,0.138125,0.135209,0.132343,0.129526,0.126757,0.124035,0.121359,0.118728,0.11614,0.113596,0.111094,0.108634,0.106213,0.103832,0.10149,0.0991854,0.0969178,0.0946862,0.09249,0.0903281,0.0882,0.0861048,0.0840416,0.0820099,0.0800088,0.0780376,0.0760955,0.0741819,0.0722961,0.0704373,0.0686049,0.0667981,0.0650164,0.063259,0.0615254,0.0598148,0.0581266,0.0564602,0.0548151,0.0531905,0.0515858,0.0500006,0.0484341,0.0468858,0.0453551,0.0438415,0.0423444,0.0408632,0.0393973,0.0379463,0.0365095,0.0350865,0.0336767,0.0322796,0.0308946,0.0295213,0.028159,0.0268074,0.0254659,0.024134,0.0228111,0.0214969,0.0201907,0.0188922,0.0176008,0.016316,0.0150374,0.0137644,0.0124966,0.0112336,0.00997477,0.00871971,0.00746794,0.00621899,0.00497238,0.00372764,0.00248431
1,0.9562,0.913429,0.872546,0.834134,0.7985,0.765717,0.735693,0.708239,0.683119,0.660083,0.638889,0.619311,0.601151,0.58423,0.568398,0.553522,0.539488,0.526201,0.513578,0.501546,0.490046,0.479024,0.468436,0.458242,0.448409,0.438905,0.429707,0.42079,0.412136,0.403726,0.395544,0.387578,0.379814,0.372242,0.364851,0.357634,0.350581,0.343685,0.336941,0.330341,0.323881,0.317555,0.311359,0.305287,0.299338,0.293505,0.287787,0.28218,0.27668,0.271286,0.265993,0.260801,0.255705,0.250705,0.245797,0.240979,0.236251,0.231608,0.227051,0.222576,0.218183,0.213868,0.209632,0.205472,0.201386,0.197374,0.193433,0.189563,0.185761,0.182027,0.178359,0.174756,0.171216,0.167738,0.164322,0.160965,0.157667,0.154427,0.151243,0.148114,0.145039,0.142017,0.139047,0.136128,0.133259,0.130439,0.127667,0.124942,0.122262,0.119628,0.117037,0.11449,0.111985,0.109521,0.107098,0.104714,0.102369,0.100062,0.0977917,0.0955578,0.0933594,0.0911955,0.0890655,0.0869686,0.084904,0.0828709,0.0808687,0.0788965,0.0769538,0.0750397,0.0731536,0.0712948,0.0694625,0.0676562,0.0658752,0.0641187,0.0623862,0.0606771,0.0589906,0.0573262,0.0556833,0.0540612,0.0524593,0.0508771,0.049314,0.0477693,0.0462426,0.0447332,0.0432406,0.0417642,0.0403035,0.038858,0.037427,0.0360101,0.0346067,0.0332163,0.0318384,0.0304725,0.029118,0.0277745,0.0264414,0.0251183,0.0238046,0.0224999,0.0212036,0.0199153,0.0186345,0.0173608,0.0160935,0.0148324,0.0135768,0.0123263,0.0110805,0.00983885,0.0086009,0.00736619,0.00613426,0.00490464,0.00367686,0.00245047
1,0.951309,0.90411,0.859575,0.818408,0.780879,0.746935,0.716334,0.688737,0.663781,0.641119,0.620433,0.601445,0.583917,0.567647,0.552464,0.538224,0.524809,0.512116,0.500061,0.488571,0.477586,0.467054,0.456929,0.447174,0.437757,0.428649,0.419825,0.411263,0.402946,0.394856,0.386979,0.379302,0.371815,0.364505,0.357366,0.350387,0.343563,0.336886,0.330351,0.323952,0.317683,0.311541,0.305521,0.29962,0.293832,0.288157,0.282589,0.277126,0.271766,0.266506,0.261343,0.256276,0.251301,0.246416,0.241621,0.236912,0.232289,0.227748,0.223289,0.218909,0.214608,0.210383,0.206234,0.202158,0.198154,0.194221,0.190357,0.186561,0.182832,0.179168,0.175569,0.172032,0.168557,0.165143,0.161788,0.158491,0.155251,0.152068,0.148939,0.145864,0.142842,0.139872,0.136952,0.134082,0.131261,0.128488,0.125761,0.12308,0.120445,0.117853,0.115304,0.112798,0.110332,0.107908,0.105523,0.103176,0.100868,0.0985969,0.096362,0.0941626,0.091998,0.0898674,0.0877699,0.085705,0.0836717,0.0816695,0.0796975,0.0777551,0.0758415,0.0739561,0.0720981,0.070267,0.068462,0.0666824,0.0649277,0.0631972,0.0614902,0.0598062,0.0581445,0.0565045,0.0548855,0.0532871,0.0517086,0.0501494,0.048609,0.0470868,0.0455822,0.0440946,0.0426236,0.0411685,0.0397289,0.0383041,0.0368937,0.0354971,0.0341139,0.0327435,0.0313853,0.0300389,0.0287038,0.0273795,0.0260655,0.0247612,0.0234663,0.0221802,0.0209024,0.0196325,0.0183699,0.0171143,0.0158651,0.0146218,0.0133841,0.0121514,0.0109233,0.00969924,0.00847887,0.00726169,0.00604723,0.00483506,0.0036247,0.00241571
1,0.944925,0.892127,0.843235,0.799045,0.759671,0.724813,0.69397,0.666592,0.64215,0.620179,0.600279,0.582119,0.565426,0.549976,0.535585,0.522103,0.509407,0.497394,0.485979,0.475092,0.464674,0.454675,0.445052,0.43577,0.426797,0.418108,0.409679,0.401492,0.393528,0.385773,0.378214,0.370838,0.363637,0.356599,0.349719,0.342987,0.336398,0.329946,0.323625,0.317431,0.311359,0.305405,0.299566,0.293837,0.288216,0.2827,0.277286,0.271971,0.266753,0.261629,0.256598,0.251658,0.246805,0.24204,0.237359,0.23276,0.228244,0.223806,0.219447,0.215165,0.210957,0.206824,0.202762,0.198771,0.194851,0.190998,0.187212,0.183492,0.179837,0.176245,0.172715,0.169247,0.165838,0.162488,0.159196,0.15596,0.15278,0.149654,0.146582,0.143562,0.140594,0.137676,0.134807,0.131988,0.129215,0.12649,0.12381,0.121174,0.118583,0.116035,0.113529,0.111064,0.10864,0.106255,0.103909,0.101601,0.0993301,0.0970957,0.0948968,0.0927328,0.0906028,0.0885062,0.0864421,0.0844098,0.0824087,0.0804379,0.0784969,0.0765849,0.0747011,0.0728451,0.071016,0.0692132,0.067436,0.0656839,0.0639562,0.0622523,0.0605715,0.0589132,0.0572768,0.0556618,0.0540674,0.0524933,0.0509387,0.0494031,0.047886,0.0463867,0.0449048,0.0434396,0.0419907,0.0405574,0.0391394,0.037736,0.0363467,0.034971,0.0336084,0.0322584,0.0309205,0.0295942,0.028279,0.0269744,0.0256798,0.024395,0.0231193,0.0218522,0.0205934,0.0193423,0.0180984,0.0168614,0.0156307,0.0144058,0.0131864,0.0119719,0.0107619,0.00955601,0.00835367,0.00715447,0.00595795,0.00476368,0.00357119,0.00238005
1,0.936265,0.876238,0.822195,0.774864,0.733948,0.698674,0.668143,0.64151,0.61805,0.597167,0.578385,0.561327,0.545693,0.531246,0.517798,0.505197,0.493322,0.482073,0.471369,0.461145,0.451343,0.44192,0.432834,0.424055,0.415553,0.407306,0.399294,0.391497,0.383902,0.376495,0.369265,0.362201,0.355294,0.348537,0.341923,0.335444,0.329097,0.322875,0.316773,0.310789,0.304917,0.299155,0.2935,0.287947,0.282495,0.277141,0.271883,0.266718,0.261644,0.25666,0.251763,0.246951,0.242224,0.237578,0.233013,0.228527,0.224119,0.219787,0.215529,0.211345,0.207233,0.203191,0.19922,0.195316,0.191479,0.187708,0.184002,0.180359,0.176779,0.17326,0.169801,0.166402,0.16306,0.159776,0.156547,0.153373,0.150254,0.147187,0.144172,0.141209,0.138295,0.135431,0.132614,0.129845,0.127123,0.124446,0.121813,0.119225,0.116679,0.114175,0.111712,0.10929,0.106907,0.104563,0.102257,0.0999885,0.097756,0.0955591,0.093397,0.0912691,0.0891745,0.0871126,0.0850825,0.0830837,0.0811154,0.0791768,0.0772674,0.0753865,0.0735333,0.0717072,0.0699076,0.0681338,0.0663852,0.0646612,0.0629611,0.0612843,0.0596303,0.0579983,0.0563879,0.0547984,0.0532293,0.05168,0.0501499,0.0486385,0.0471452,0.0456694,0.0442107,0.0427684,0.0413422,0.0399313,0.0385354,0.0371538,0.0357861,0.0344318,0.0330904,0.0317614,0.0304442,0.0291384,0.0278436,0.0265591,0.0252846,0.0240196,0.0227636,0.0215161,0.0202767,0.0190449,0.0178202,0.0166022,0.0153905,0.0141845,0.0129838,0.011788,0.0105966,0.00940922,0.00822535,0.00704458,0.00586645,0.00469052,0.00351635,0.0023435
1,0.923897,0.854363,0.794444,0.744268,0.702583,0.667792,0.638418,0.613256,0.591371,0.572054,0.554768,0.53911,0.524772,0.511517,0.499163,0.487565,0.47661,0.466206,0.456281,0.446774,0.437636,0.428826,0.420311,0.412062,0.404056,0.396271,0.388691,0.381301,0.374088,0.36704,0.360149,0.353406,0.346802,0.340332,0.333991,0.327771,0.32167,0.315682,0.309805,0.304034,0.298366,0.292799,0.28733,0.281957,0.276676,0.271487,0.266387,0.261374,0.256447,0.251604,0.246842,0.242162,0.23756,0.233036,0.228589,0.224217,0.219919,0.215693,0.211538,0.207454,0.203438,0.19949,0.195609,0.191793,0.188042,0.184354,0.180729,0.177164,0.17366,0.170215,0.166829,0.163499,0.160226,0.157007,0.153844,0.150733,0.147675,0.144668,0.141712,0.138805,0.135947,0.133137,0.130374,0.127657,0.124985,0.122358,0.119773,0.117232,0.114733,0.112274,0.109856,0.107477,0.105136,0.102834,0.100569,0.0983398,0.0961463,0.0939878,0.0918633,0.0897722,0.0877137,0.0856872,0.0836919,0.0817272,0.0797924,0.0778868,0.0760097,0.0741605,0.0723385,0.0705431,0.0687736,0.0670294,0.06531,0.0636146,0.0619428,0.0602938,0.0586671,0.0570621,0.0554782,0.0539149,0.0523715,0.0508476,0.0493425,0.0478558,0.0463869,0.0449352,0.0435002,0.0420814,0.0406783,0.0392904,0.037917,0.0365578,0.0352123,0.0338799,0.0325601,0.0312525,0.0299566,0.0286718,0.0273978,0.026134,0.02488,0.0236353,0.0223995,0.021172,0.0199525,0.0187404,0.0175353,0.0163369,0.0151445,0.0139578,0.0127763,0.0115997,0.0104273,0.00925892,0.00809397,0.00693206,0.00577275,0.00461561,0.00346019,0.00230607
1,0.904958,0.822875,0.756948,0.70518,0.664326,0.631492,0.604481,0.581726,0.562126,0.544908,0.529523,0.515573,0.502767,0.490888,0.479772,0.469291,0.459347,0.449862,0.440774,0.432034,0.423599,0.415438,0.407521,0.399827,0.392336,0.385031,0.377899,0.370928,0.364108,0.35743,0.350886,0.34447,0.338177,0.332,0.325936,0.31998,0.314129,0.30838,0.302729,0.297175,0.291714,0.286345,0.281065,0.275873,0.270767,0.265744,0.260804,0.255945,0.251166,0.246465,0.241841,0.237293,0.232819,0.228418,0.22409,0.219833,0.215646,0.211527,0.207477,0.203493,0.199575,0.195722,0.191933,0.188206,0.184542,0.180938,0.177394,0.173909,0.170482,0.167112,0.163799,0.16054,0.157336,0.154185,0.151087,0.148041,0.145045,0.142099,0.139202,0.136353,0.133552,0.130797,0.128088,0.125424,0.122803,0.120226,0.117691,0.115198,0.112745,0.110333,0.10796,0.105625,0.103328,0.101068,0.098844,0.0966556,0.094502,0.0923825,0.0902963,0.0882427,0.0862211,0.0842307,0.0822709,0.080341,0.0784403,0.0765683,0.0747242,0.0729073,0.0711172,0.0693531,0.0676144,0.0659005,0.0642108,0.0625447,0.0609017,0.0592811,0.0576823,0.0561048,0.054548,0.0530114,0.0514944,0.0499964,0.048517,0.0470555,0.0456115,0.0441844,0.0427737,0.0413789,0.0399994,0.0386348,0.0372847,0.0359483,0.0346254,0.0333154,0.0320177,0.0307321,0.0294578,0.0281946,0.0269419,0.0256992,0.0244662,0.0232423,0.022027,0.02082,0.0196208,0.0184289,0.017244,0.0160654,0.0148929,0.0137259,0.0125641,0.011407,0.0102542,0.00910517,0.00795958,0.00681697,0.00567691,0.00453898,0.00340275,0.00226779
1,0.873061,0.775232,0.705295,0.655177,0.61805,0.589368,0.566288,0.54704,0.530499,0.515931,0.502843,0.490892,0.479836,0.469497,0.459745,0.450479,0.441624,0.433121,0.424921,0.416987,0.40929,0.401804,0.39451,0.387389,0.380429,0.373618,0.366946,0.360404,0.353986,0.347685,0.341495,0.335413,0.329434,0.323555,0.317773,0.312084,0.306487,0.300979,0.295558,0.290223,0.284971,0.279802,0.274713,0.269704,0.264773,0.259919,0.25514,0.250437,0.245807,0.24125,0.236764,0.232349,0.228004,0.223728,0.21952,0.215379,0.211304,0.207294,0.203349,0.199467,0.195648,0.191891,0.188194,0.184558,0.180981,0.177462,0.174001,0.170596,0.167247,0.163953,0.160713,0.157527,0.154393,0.151311,0.148279,0.145297,0.142365,0.139481,0.136644,0.133854,0.13111,0.128412,0.125757,0.123146,0.120578,0.118052,0.115567,0.113123,0.110718,0.108353,0.106025,0.103736,0.101483,0.0992655,0.0970839,0.0949369,0.0928238,0.090744,0.0886968,0.0866815,0.0846973,0.0827438,0.0808201,0.0789257,0.0770599,0.075222,0.0734115,0.0716277,0.06987,0.0681378,0.0664305,0.0647475,0.0630881,0.061452,0.0598383,0.0582466,0.0566764,0.0551269,0.0535978,0.0520885,0.0505983,0.0491268,0.0476735,0.0462378,0.0448192,0.0434172,0.0420313,0.040661,0.0393057,0.0379651,0.0366385,0.0353255,0.0340257,0.0327385,0.0314635,0.0302002,0.0289482,0.0277069,0.026476,0.0252549,0.0240432,0.0228406,0.0216464,0.0204603,0.0192819,0.0181106,0.0169462,0.015788,0.0146358,0.013489,0.0123472,0.0112101,0.0100772,0.00894803,0.00782222,0.00669933,0.00557895,0.00446066,0.00334404,0.00222866
1,0.812053,0.699696,0.633822,0.592182,0.563329,0.541643,0.524264,0.509646,0.496898,0.485474,0.475025,0.465316,0.456187,0.447519,0.439231,0.431257,0.423551,0.416075,0.408801,0.401705,0.39477,0.38798,0.381323,0.374791,0.368375,0.362067,0.355863,0.349758,0.343747,0.337828,0.331997,0.326253,0.320592,0.315014,0.309516,0.304097,0.298756,0.293491,0.288302,0.283187,0.278146,0.273178,0.268282,0.263457,0.258702,0.254017,0.249402,0.244855,0.240375,0.235963,0.231617,0.227336,0.223121,0.21897,0.214883,0.210859,0.206897,0.202997,0.199158,0.195379,0.191659,0.187999,0.184396,0.18085,0.177362,0.173929,0.170551,0.167227,0.163957,0.16074,0.157575,0.154462,0.151399,0.148385,0.145421,0.142505,0.139637,0.136815,0.13404,0.13131,0.128624,0.125982,0.123383,0.120826,0.118311,0.115837,0.113403,0.111009,0.108653,0.106335,0.104054,0.10181,0.0996013,0.097428,0.0952893,0.0931844,0.0911125,0.0890732,0.0870656,0.0850891,0.0831432,0.0812271,0.0793402,0.0774819,0.0756515,0.0738485,0.0720722,0.0703221,0.0685975,0.0668978,0.0652224,0.0635709,0.0619425,0.0603367,0.0587531,0.0571909,0.0556497,0.0541289,0.052628,0.0511464,0.0496837,0.0482392,0.0468126,0.0454032,0.0440105,0.0426341,0.0412735,0.0399281,0.0385976,0.0372813,0.0359788,0.0346897,0.0334134,0.0321496,0.0308976,0.0296572,0.0284278,0.027209,0.0260002,0.0248012,0.0236114,0.0224304,0.0212577,0.020093,0.0189358,0.0177856,0.0166421,0.0155047,0.0143732,0.013247,0.0121258,0.0110091,0.00989648,0.00878758,0.00768196,0.00657921,0.00547893,0.00438069,0.00328408,0.00218871
1,0.675457,0.577677,0.538116,0.516401,0.501441,0.48961,0.479479,0.470384,0.461973,0.454042,0.446466,0.439162,0.432075,0.425164,0.418402,0.411768,0.405247,0.398828,0.392502,0.386262,0.380103,0.374022,0.368014,0.362077,0.356211,0.350412,0.344681,0.339016,0.333417,0.327883,0.322413,0.317009,0.311668,0.306392,0.30118,0.296032,0.290948,0.285928,0.280971,0.276078,0.271248,0.266482,0.261779,0.257139,0.252562,0.248047,0.243595,0.239205,0.234876,0.230609,0.226404,0.222259,0.218174,0.214149,0.210183,0.206277,0.202429,0.198639,0.194907,0.191231,0.187612,0.184048,0.18054,0.177086,0.173687,0.17034,0.167047,0.163805,0.160615,0.157475,0.154386,0.151346,0.148354,0.145411,0.142515,0.139666,0.136862,0.134104,0.13139,0.12872,0.126094,0.123509,0.120967,0.118465,0.116004,0.113582,0.1112,0.108856,0.106549,0.104279,0.102046,0.0998479,0.0976849,0.0955562,0.093461,0.0913988,0.0893689,0.0873706,0.0854034,0.0834665,0.0815593,0.0796813,0.0778319,0.0760103,0.074216,0.0724484,0.070707,0.0689911,0.0673001,0.0656335,0.0639907,0.0623712,0.0607743,0.0591996,0.0576464,0.0561143,0.0546027,0.0531111,0.0516389,0.0501857,0.0487509,0.0473339,0.0459344,0.0445518,0.0431856,0.0418353,0.0405005,0.0391806,0.0378752,0.0365837,0.0353058,0.034041,0.0327888,0.0315487,0.0303204,0.0291032,0.0278969,0.026701,0.0255149,0.0243383,0.0231708,0.0220119,0.0208612,0.0197183,0.0185827,0.017454,0.0163318,0.0152157,0.0141053,0.0130001,0.0118998,0.0108039,0.00971209,0.00862386,0.00753885,0.00645665,0.00537687,0.00429909,0.00322291,0.00214794
0,0.312098,0.397437,0.424566,0.433863,0.436423,0.435877,0.433659,0.430437,0.426567,0.422256,0.417636,0.412792,0.407786,0.402659,0.397444,0.392166,0.386842,0.381489,0.376118,0.370739,0.36536,0.35999,0.354632,0.349294,0.343978,0.33869,0.333433,0.328209,0.323021,0.317873,0.312765,0.3077,0.30268,0.297707,0.292781,0.287904,0.283077,0.278301,0.273577,0.268905,0.264287,0.259723,0.255213,0.250759,0.246359,0.242015,0.237726,0.233493,0.229316,0.225195,0.22113,0.21712,0.213167,0.209268,0.205425,0.201637,0.197903,0.194224,0.190599,0.187027,0.183509,0.180043,0.17663,0.173269,0.169959,0.166699,0.163491,0.160332,0.157222,0.15416,0.151147,0.148181,0.145262,0.14239,0.139562,0.13678,0.134042,0.131348,0.128697,0.126088,0.123521,0.120995,0.118509,0.116064,0.113657,0.111289,0.108958,0.106665,0.104409,0.102188,0.100002,0.0978515,0.0957345,0.0936509,0.0916,0.0895812,0.0875938,0.0856372,0.0837109,0.0818142,0.0799465,0.0781072,0.0762957,0.0745115,0.0727539,0.0710224,0.0693164,0.0676353,0.0659785,0.0643456,0.0627359,0.0611489,0.0595841,0.0580409,0.0565189,0.0550173,0.0535359,0.0520739,0.050631,0.0492066,0.0478002,0.0464113,0.0450395,0.0436842,0.0423449,0.0410212,0.0397126,0.0384187,0.0371389,0.0358728,0.0346199,0.0333799,0.0321521,0.0309363,0.0297319,0.0285385,0.0273558,0.0261831,0.0250202,0.0238665,0.0227217,0.0215853,0.020457,0.0193363,0.0182227,0.0171159,0.0160155,0.0149211,0.0138322,0.0127484,0.0116694,0.0105948,0.0095241,0.00845695,0.00739295,0.0063317,0.00527281,0.00421589,0.00316055,0.00210638
0,0.175496,0.275408,0.328846,0.358063,0.374512,0.383817,0.388842,0.391138,0.391601,0.39078,0.389029,0.386586,0.383617,0.380243,0.376551,0.372609,0.368467,0.364167,0.359741,0.355215,0.35061,0.345944,0.341232,0.336487,0.331719,0.326938,0.322151,0.317365,0.312587,0.307822,0.303074,0.298347,0.293646,0.288973,0.284332,0.279725,0.275154,0.270622,0.26613,0.261679,0.257272,0.25291,0.248593,0.244323,0.240101,0.235927,0.231802,0.227726,0.223701,0.219725,0.215801,0.211927,0.208104,0.204332,0.200611,0.196942,0.193323,0.189755,0.186237,0.18277,0.179353,0.175986,0.172668,0.1694,0.16618,0.163008,0.159885,0.156809,0.15378,0.150798,0.147861,0.14497,0.142124,0.139323,0.136565,0.133851,0.131179,0.128549,0.125961,0.123414,0.120907,0.11844,0.116013,0.113623,0.111272,0.108957,0.10668,0.104439,0.102233,0.100061,0.0979245,0.0958212,0.0937509,0.0917131,0.089707,0.0877322,0.0857879,0.0838737,0.081989,0.080133,0.0783054,0.0765054,0.0747325,0.0729862,0.0712659,0.0695709,0.0679009,0.0662552,0.0646332,0.0630345,0.0614585,0.0599046,0.0583724,0.0568613,0.0553708,0.0539004,0.0524496,0.0510179,0.0496047,0.0482096,0.0468322,0.0454718,0.0441281,0.0428006,0.0414887,0.0401921,0.0389102,0.0376427,0.0363889,0.0351486,0.0339213,0.0327064,0.0315036,0.0303125,0.0291325,0.0279633,0.0268045,0.0256556,0.0245162,0.0233858,0.0222642,0.0211508,0.0200452,0.0189471,0.017856,0.0167715,0.0156933,0.0146209,0.013554,0.012492,0.0114348,0.0103817,0.00933259,0.0082869,0.00724431,0.0062044,0.00516681,0.00413114,0.00309701,0.00206403
0,0.11448,0.199854,0.257346,0.295032,0.319746,0.336037,0.346755,0.353672,0.357919,0.360233,0.361113,0.360904,0.359854,0.358144,0.355908,0.35325,0.35025,0.346972,0.343464,0.339769,0.33592,0.331945,0.327866,0.323703,0.319474,0.315191,0.310868,0.306514,0.30214,0.297753,0.293361,0.288969,0.284583,0.280209,0.27585,0.27151,0.267194,0.262903,0.258641,0.25441,0.250213,0.246051,0.241926,0.23784,0.233794,0.22979,0.225828,0.221909,0.218035,0.214205,0.210421,0.206682,0.202991,0.199345,0.195747,0.192196,0.188692,0.185235,0.181825,0.178463,0.175147,0.171879,0.168657,0.165482,0.162353,0.15927,0.156232,0.15324,0.150292,0.147389,0.14453,0.141714,0.138942,0.136212,0.133525,0.130879,0.128274,0.125709,0.123185,0.1207,0.118254,0.115847,0.113477,0.111145,0.108849,0.10659,0.104366,0.102176,0.100022,0.0979008,0.0958131,0.093758,0.091735,0.0897435,0.087783,0.0858527,0.0839522,0.0820809,0.0802383,0.0784237,0.0766367,0.0748766,0.0731429,0.071435,0.0697525,0.0680948,0.0664613,0.0648515,0.0632648,0.0617009,0.060159,0.0586388,0.0571397,0.0556612,0.0542028,0.052764,0.0513444,0.0499433,0.0485604,0.0471952,0.0458471,0.0445158,0.0432007,0.0419014,0.0406174,0.0393483,0.0380936,0.0368529,0.0356257,0.0344116,0.0332102,0.032021,0.0308436,0.0296775,0.0285224,0.0273779,0.0262434,0.0251186,0.0240032,0.0228966,0.0217985,0.0207084,0.019626,0.0185509,0.0174827,0.016421,0.0153653,0.0143154,0.0132707,0.012231,0.0111959,0.0101649,0.00913763,0.0081138,0.00709299,0.00607481,0.0050589,0.00404486,0.00303233,0.00202093
0,0.0825686,0.152183,0.205651,0.244974,0.273401,0.293831,0.308466,0.318878,0.32617,0.331122,0.334286,0.336064,0.336752,0.33657,0.335688,0.334234,0.332313,0.330005,0.327375,0.324478,0.321357,0.318048,0.314583,0.310987,0.307281,0.303485,0.299615,0.295684,0.291706,0.287691,0.283647,0.279585,0.27551,0.271429,0.267348,0.263273,0.259207,0.255155,0.251121,0.247107,0.243118,0.239155,0.235221,0.231317,0.227447,0.223611,0.219811,0.216048,0.212324,0.208639,0.204995,0.201392,0.197831,0.194312,0.190836,0.187403,0.184014,0.180668,0.177366,0.174109,0.170895,0.167726,0.1646,0.161518,0.15848,0.155485,0.152534,0.149626,0.14676,0.143937,0.141155,0.138416,0.135717,0.13306,0.130443,0.127866,0.125328,0.122829,0.120369,0.117947,0.115563,0.113216,0.110905,0.10863,0.106391,0.104186,0.102016,0.0998801,0.0977772,0.0957071,0.0936692,0.0916629,0.0896878,0.0877432,0.0858287,0.0839436,0.0820874,0.0802596,0.0784597,0.076687,0.0749411,0.0732215,0.0715275,0.0698587,0.0682145,0.0665945,0.064998,0.0634247,0.0618739,0.0603452,0.0588381,0.057352,0.0558865,0.0544411,0.0530153,0.0516087,0.0502206,0.0488507,0.0474986,0.0461636,0.0448454,0.0435436,0.0422576,0.0409869,0.0397313,0.0384902,0.0372631,0.0360497,0.0348495,0.0336621,0.032487,0.0313239,0.0301722,0.0290317,0.0279019,0.0267823,0.0256727,0.0245725,0.0234814,0.0223989,0.0213247,0.0202584,0.0191996,0.0181479,0.017103,0.0160643,0.0150316,0.0140045,0.0129826,0.0119655,0.0109528,0.00994421,0.0089393,0.0079377,0.00693905,0.00594298,0.00494911,0.00395709,0.00296653,0.00197707
0,0.0636117,0.120658,0.1681,0.205812,0.235052,0.257422,0.274402,0.287202,0.296763,0.303797,0.308845,0.312315,0.314519,0.315698,0.316037,0.315686,0.314762,0.313359,0.311554,0.309411,0.306981,0.304309,0.301431,0.298379,0.295179,0.291853,0.288422,0.284902,0.281309,0.277656,0.273954,0.270213,0.266442,0.262649,0.258841,0.255025,0.251207,0.24739,0.24358,0.239781,0.235997,0.23223,0.228484,0.224762,0.221065,0.217396,0.213757,0.210149,0.206574,0.203033,0.199528,0.19606,0.192628,0.189235,0.185881,0.182566,0.179292,0.176057,0.172864,0.169711,0.166599,0.163528,0.160499,0.157511,0.154564,0.151658,0.148793,0.145969,0.143185,0.140442,0.137739,0.135076,0.132452,0.129867,0.127321,0.124813,0.122343,0.119911,0.117516,0.115157,0.112835,0.110548,0.108297,0.10608,0.103897,0.101749,0.0996333,0.0975506,0.0955001,0.0934813,0.0914938,0.0895369,0.0876101,0.0857131,0.0838451,0.0820057,0.0801944,0.0784106,0.0766539,0.0749237,0.0732195,0.0715408,0.0698871,0.0682578,0.0666525,0.0650707,0.0635118,0.0619754,0.060461,0.0589681,0.0574961,0.0560447,0.0546134,0.0532015,0.0518088,0.0504347,0.0490788,0.0477406,0.0464196,0.0451154,0.0438276,0.0425556,0.0412991,0.0400576,0.0388308,0.037618,0.036419,0.0352333,0.0340605,0.0329002,0.0317519,0.0306153,0.0294899,0.0283753,0.0272711,0.026177,0.0250925,0.0240173,0.0229509,0.021893,0.0208432,0.019801,0.0187662,0.0177383,0.0167169,0.0157018,0.0146924,0.0136885,0.0126897,0.0116956,0.0107057,0.00971991,0.00873767,0.00775867,0.00678256,0.00580895,0.00483751,0.00386785,0.00289963,0.00193249
0,0.0512202,0.0987373,0.140279,0.175124,0.203572,0.226402,0.244517,0.258766,0.269881,0.278459,0.284982,0.289832,0.293312,0.295663,0.297078,0.297712,0.29769,0.297115,0.296072,0.29463,0.292848,0.290776,0.288455,0.28592,0.283202,0.280327,0.277317,0.274194,0.270973,0.26767,0.264299,0.26087,0.257396,0.253884,0.250343,0.246781,0.243204,0.239618,0.236029,0.232441,0.228858,0.225285,0.221725,0.21818,0.214655,0.211151,0.207671,0.204216,0.20079,0.197392,0.194025,0.19069,0.187388,0.18412,0.180887,0.17769,0.17453,0.171406,0.16832,0.165272,0.162262,0.15929,0.156357,0.153462,0.150607,0.14779,0.145011,0.142272,0.139571,0.136908,0.134283,0.131696,0.129147,0.126636,0.124161,0.121723,0.119321,0.116956,0.114626,0.112331,0.110071,0.107845,0.105654,0.103496,0.101371,0.0992781,0.0972177,0.095189,0.0931914,0.0912245,0.0892878,0.0873808,0.085503,0.0836539,0.081833,0.0800399,0.0782739,0.0765347,0.0748218,0.0731345,0.0714725,0.0698353,0.0682223,0.0666331,0.0650672,0.0635241,0.0620033,0.0605043,0.0590268,0.0575701,0.0561338,0.0547175,0.0533207,0.051943,0.0505838,0.0492427,0.0479194,0.0466133,0.0453239,0.0440509,0.0427939,0.0415523,0.0403257,0.0391139,0.0379162,0.0367323,0.0355618,0.0344042,0.0332592,0.0321264,0.0310053,0.0298955,0.0287967,0.0277085,0.0266304,0.0255621,0.0245032,0.0234533,0.0224121,0.0213791,0.0203539,0.0193363,0.0183258,0.0173221,0.0163248,0.0153335,0.0143478,0.0133675,0.0123921,0.0114213,0.0104547,0.00949202,0.00853283,0.00757679,0.00662356,0.00567279,0.00472412,0.00377719,0.00283167,0.0018872
0,0.042532,0.082792,0.119155,0.150832,0.17771,0.200097,0.218497,0.233465,0.245535,0.255176,0.262792,0.268719,0.273234,0.276565,0.2789,0.280393,0.281171,0.28134,0.280988,0.280189,0.279006,0.277492,0.275691,0.273643,0.271381,0.268935,0.266328,0.263583,0.260719,0.257753,0.254701,0.251575,0.248387,0.245148,0.241866,0.238551,0.23521,0.23185,0.228476,0.225094,0.22171,0.218327,0.214949,0.21158,0.208224,0.204883,0.20156,0.198257,0.194976,0.19172,0.18849,0.185287,0.182114,0.17897,0.175858,0.172778,0.169731,0.166718,0.163739,0.160795,0.157886,0.155013,0.152176,0.149375,0.146611,0.143883,0.141191,0.138536,0.135918,0.133336,0.13079,0.12828,0.125806,0.123367,0.120964,0.118596,0.116263,0.113965,0.1117,0.10947,0.107273,0.105109,0.102977,0.100878,0.0988112,0.0967754,0.0947706,0.0927963,0.0908521,0.0889376,0.0870522,0.0851956,0.0833672,0.0815666,0.0797933,0.0780469,0.0763269,0.0746327,0.072964,0.0713202,0.0697009,0.0681056,0.0665339,0.0649852,0.0634592,0.0619552,0.060473,0.059012,0.0575717,0.0561517,0.0547516,0.0533709,0.0520092,0.0506659,0.0493407,0.0480332,0.0467428,0.0454692,0.044212,0.0429706,0.0417448,0.040534,0.0393378,0.0381559,0.0369879,0.0358332,0.0346916,0.0335626,0.0324458,0.0313409,0.0302473,0.0291649,0.0280931,0.0270316,0.02598,0.0249379,0.0239049,0.0228808,0.021865,0.0208573,0.0198573,0.0188646,0.0178788,0.0168996,0.0159266,0.0149595,0.013998,0.0130416,0.01209,0.0111429,0.0101999,0.00926065,0.00832485,0.00739212,0.00646213,0.00553454,0.00460899,0.00368514,0.00276267,0.00184121
0,0.0361156,0.0707436,0.102718,0.131338,0.15634,0.17778,0.195908,0.211064,0.223617,0.233919,0.242292,0.249018,0.25434,0.258464,0.261565,0.263789,0.265261,0.266085,0.26635,0.266132,0.265495,0.264494,0.263175,0.261581,0.259747,0.257702,0.255476,0.25309,0.250567,0.247923,0.245177,0.242341,0.23943,0.236454,0.233423,0.230348,0.227236,0.224095,0.220931,0.217751,0.21456,0.211363,0.208164,0.204968,0.201778,0.198597,0.195428,0.192275,0.189139,0.186022,0.182927,0.179856,0.176809,0.173789,0.170796,0.167833,0.164898,0.161995,0.159123,0.156283,0.153475,0.150701,0.14796,0.145252,0.142579,0.13994,0.137335,0.134765,0.132229,0.129727,0.12726,0.124827,0.122428,0.120064,0.117733,0.115435,0.113171,0.11094,0.108741,0.106576,0.104442,0.10234,0.100269,0.0982295,0.0962206,0.0942419,0.0922931,0.0903737,0.0884834,0.0866216,0.0847881,0.0829823,0.0812038,0.0794522,0.077727,0.0760277,0.074354,0.0727054,0.0710814,0.0694815,0.0679054,0.0663525,0.0648225,0.0633148,0.0618291,0.0603648,0.0589216,0.057499,0.0560965,0.0547137,0.0533502,0.0520055,0.0506792,0.0493709,0.0480801,0.0468065,0.0455496,0.044309,0.0430842,0.0418749,0.0406807,0.0395011,0.0383358,0.0371843,0.0360462,0.0349212,0.0338089,0.0327088,0.0316206,0.030544,0.0294784,0.0284237,0.0273792,0.0263448,0.0253201,0.0243046,0.023298,0.0222999,0.02131,0.020328,0.0193534,0.0183859,0.0174252,0.0164709,0.0155226,0.0145801,0.013643,0.0127109,0.0117834,0.0108603,0.00994127,0.00902587,0.00811381,0.00720474,0.00629833,0.00539425,0.00449217,0.00359174,0.00269264,0.00179454
0,0.031187,0.0613491,0.0896345,0.115462,0.138532,0.158776,0.17629,0.191267,0.203949,0.21459,0.223438,0.230721,0.236644,0.241386,0.245105,0.247937,0.249998,0.251389,0.252197,0.252495,0.252348,0.251812,0.250935,0.249759,0.248321,0.246653,0.244783,0.242736,0.240534,0.238197,0.235741,0.233183,0.230537,0.227814,0.225025,0.222182,0.219291,0.216363,0.213403,0.210419,0.207417,0.204401,0.201377,0.19835,0.195322,0.192298,0.189282,0.186275,0.183281,0.180303,0.177341,0.174399,0.171478,0.16858,0.165706,0.162858,0.160036,0.157241,0.154475,0.151738,0.149031,0.146355,0.143709,0.141095,0.138513,0.135962,0.133444,0.130958,0.128505,0.126084,0.123696,0.121341,0.119017,0.116726,0.114467,0.112241,0.110046,0.107882,0.10575,0.103649,0.101579,0.0995394,0.0975298,0.09555,0.0935998,0.0916786,0.0897862,0.0879222,0.0860861,0.0842776,0.0824963,0.0807418,0.0790136,0.0773114,0.0756347,0.0739831,0.0723562,0.0707535,0.0691747,0.0676192,0.0660867,0.0645767,0.0630889,0.0616226,0.0601777,0.0587535,0.0573497,0.0559659,0.0546016,0.0532564,0.0519299,0.0506217,0.0493313,0.0480584,0.0468025,0.0455633,0.0443402,0.0431329,0.0419411,0.0407643,0.0396021,0.0384541,0.0373199,0.0361992,0.0350916,0.0339966,0.032914,0.0318432,0.0307841,0.0297361,0.0286989,0.0276721,0.0266555,0.0256485,0.024651,0.0236624,0.0226825,0.0217109,0.0207472,0.0197912,0.0188424,0.0179005,0.0169652,0.0160361,0.015113,0.0141954,0.013283,0.0123755,0.0114725,0.0105738,0.00967903,0.00878779,0.00789979,0.00701471,0.00613222,0.00525199,0.0043737,0.00349702,0.00262164,0.00174722
0,0.0272831,0.0538313,0.0790088,0.102344,0.12355,0.142502,0.159208,0.173765,0.186322,0.197056,0.20615,0.213785,0.220127,0.225331,0.229533,0.232856,0.235406,0.237277,0.238552,0.239303,0.239591,0.239472,0.238994,0.2382,0.237126,0.235805,0.234267,0.232537,0.230637,0.228588,0.226409,0.224115,0.22172,0.219239,0.216683,0.214061,0.211385,0.208662,0.2059,0.203106,0.200287,0.197448,0.194594,0.191731,0.188863,0.185993,0.183126,0.180263,0.177409,0.174566,0.171736,0.168922,0.166125,0.163348,0.160591,0.157856,0.155145,0.152459,0.149798,0.147164,0.144557,0.141978,0.139428,0.136906,0.134415,0.131953,0.129521,0.12712,0.124749,0.122409,0.1201,0.117822,0.115574,0.113357,0.111171,0.109015,0.106889,0.104794,0.102728,0.100692,0.098686,0.096709,0.0947608,0.0928412,0.09095,0.0890867,0.0872511,0.0854428,0.0836614,0.0819065,0.0801779,0.0784751,0.0767976,0.0751452,0.0735175,0.071914,0.0703343,0.068778,0.0672447,0.0657341,0.0642456,0.0627789,0.0613337,0.0599093,0.0585055,0.0571219,0.055758,0.0544134,0.0530878,0.0517806,0.0504915,0.0492202,0.0479662,0.046729,0.0455084,0.0443039,0.0431151,0.0419416,0.0407831,0.0396391,0.0385093,0.0373933,0.0362907,0.0352012,0.0341244,0.0330598,0.0320072,0.0309662,0.0299364,0.0289174,0.0279089,0.0269106,0.025922,0.0249429,0.0239729,0.0230116,0.0220588,0.021114,0.0201769,0.0192472,0.0183245,0.0174086,0.016499,0.0155955,0.0146978,0.0138054,0.0129181,0.0120356,0.0111575,0.0102835,0.00941324,0.00854649,0.00768288,0.00682211,0.00596386,0.0051078,0.00425362,0.00340102,0.00254966,0.00169925
0,0.0241143,0.0476841,0.0702252,0.0913569,0.11082,0.128474,0.144276,0.158263,0.170518,0.18116,0.190322,0.19814,0.20475,0.210278,0.214841,0.218547,0.221492,0.223762,0.225433,0.226572,0.227241,0.227491,0.22737,0.22692,0.226178,0.225176,0.223943,0.222507,0.220889,0.219111,0.217191,0.215146,0.212991,0.21074,0.208405,0.205997,0.203525,0.201,0.198428,0.195818,0.193176,0.190509,0.187821,0.185118,0.182405,0.179686,0.176964,0.174243,0.171526,0.168816,0.166116,0.163427,0.160753,0.158094,0.155453,0.152831,0.15023,0.147651,0.145094,0.142562,0.140054,0.137573,0.135117,0.132688,0.130287,0.127913,0.125568,0.123251,0.120963,0.118704,0.116473,0.114272,0.1121,0.109957,0.107843,0.105758,0.103702,0.101675,0.0996763,0.097706,0.0957639,0.0938498,0.0919633,0.0901043,0.0882724,0.0864673,0.0846888,0.0829366,0.0812102,0.0795094,0.0778338,0.076183,0.0745567,0.0729545,0.0713761,0.0698211,0.068289,0.0667795,0.0652923,0.0638268,0.0623828,0.0609599,0.0595576,0.0581756,0.0568134,0.0554707,0.0541471,0.0528421,0.0515555,0.0502868,0.0490356,0.0478015,0.0465842,0.0453832,0.0441982,0.0430288,0.0418747,0.0407354,0.0396105,0.0384998,0.0374028,0.0363192,0.0352486,0.0341906,0.0331449,0.0321111,0.031089,0.030078,0.0290779,0.0280883,0.0271089,0.0261393,0.0251792,0.0242283,0.0232862,0.0223525,0.021427,0.0205094,0.0195992,0.0186962,0.0178,0.0169103,0.0160269,0.0151493,0.0142772,0.0134104,0.0125486,0.0116913,0.0108383,0.00998932,0.00914401,0.00830206,0.00746317,0.00662702,0.00579331,0.00496174,0.00413199,0.00330377,0.00247676,0.00165067
0,0.0214899,0.0425656,0.0628511,0.0820379,0.0999001,0.116296,0.131161,0.144491,0.156328,0.166745,0.175837,0.183705,0.190454,0.196188,0.201006,0.205,0.208254,0.210845,0.212844,0.214313,0.215308,0.215881,0.216076,0.215933,0.215489,0.214776,0.213824,0.212658,0.211301,0.209775,0.208098,0.206287,0.204358,0.202325,0.2002,0.197995,0.19572,0.193384,0.190995,0.188562,0.186092,0.18359,0.181063,0.178516,0.175954,0.173381,0.170802,0.168219,0.165636,0.163057,0.160484,0.157919,0.155365,0.152823,0.150296,0.147786,0.145293,0.14282,0.140367,0.137936,0.135527,0.133141,0.130779,0.128443,0.126131,0.123846,0.121586,0.119354,0.117148,0.114969,0.112818,0.110694,0.108597,0.106528,0.104487,0.102473,0.100487,0.098528,0.0965963,0.0946917,0.092814,0.090963,0.0891385,0.0873402,0.085568,0.0838215,0.0821005,0.0804046,0.0787336,0.0770871,0.0754649,0.0738666,0.0722918,0.0707402,0.0692115,0.0677053,0.0662212,0.064759,0.0633181,0.0618983,0.0604991,0.0591203,0.0577614,0.056422,0.0551018,0.0538005,0.0525175,0.0512526,0.0500054,0.0487755,0.0475625,0.0463661,0.0451859,0.0440215,0.0428725,0.0417387,0.0406195,0.0395148,0.038424,0.0373469,0.0362831,0.0352322,0.0341939,0.0331678,0.0321536,0.031151,0.0301595,0.029179,0.0282089,0.0272491,0.0262991,0.0253586,0.0244273,0.0235049,0.022591,0.0216853,0.0207875,0.0198973,0.0190144,0.0181384,0.017269,0.0164059,0.0155488,0.0146975,0.0138515,0.0130106,0.0121744,0.0113427,0.0105152,0.00969154,0.00887144,0.0080546,0.00724072,0.0064295,0.00562065,0.00481386,0.00400885,0.00320531,0.00240295,0.00160148
0,0.0192798,0.0382374,0.0565758,0.0740434,0.0904461,0.105651,0.119581,0.132212,0.143556,0.153657,0.162575,0.170387,0.177173,0.183016,0.187996,0.192192,0.195678,0.198522,0.200786,0.202527,0.203799,0.204649,0.205118,0.205247,0.205069,0.204617,0.203919,0.202999,0.201883,0.200589,0.199138,0.197547,0.19583,0.194002,0.192076,0.190064,0.187975,0.18582,0.183607,0.181344,0.179038,0.176697,0.174325,0.171929,0.169514,0.167083,0.164642,0.162194,0.159743,0.157292,0.154843,0.152399,0.149964,0.147538,0.145123,0.142723,0.140338,0.137969,0.135618,0.133287,0.130976,0.128686,0.126417,0.124172,0.12195,0.119752,0.117578,0.115429,0.113305,0.111207,0.109134,0.107088,0.105067,0.103072,0.101103,0.0991608,0.0972443,0.0953538,0.0934892,0.0916505,0.0898374,0.0880498,0.0862875,0.0845503,0.082838,0.0811503,0.079487,0.0778479,0.0762325,0.0746408,0.0730723,0.0715267,0.0700038,0.0685031,0.0670245,0.0655675,0.0641318,0.0627171,0.061323,0.0599491,0.0585952,0.0572609,0.0559457,0.0546494,0.0533716,0.0521119,0.05087,0.0496455,0.0484381,0.0472474,0.046073,0.0449146,0.0437719,0.0426444,0.0415318,0.0404339,0.0393501,0.0382802,0.0372239,0.0361807,0.0351504,0.0341326,0.033127,0.0321332,0.0311508,0.0301797,0.0292193,0.0282695,0.0273299,0.0264001,0.0254798,0.0245687,0.0236666,0.022773,0.0218877,0.0210103,0.0201405,0.0192781,0.0184227,0.017574,0.0167317,0.0158956,0.0150652,0.0142403,0.0134207,0.0126059,0.0117958,0.01099,0.0101883,0.00939022,0.00859563,0.0078042,0.00701563,0.00622963,0.00544593,0.00466423,0.00388424,0.00310568,0.00232826,0.0015517
0,0.0173918,0.0345283,0.0511713,0.067114,0.0821902,0.0962786,0.109301,0.12122,0.132029,0.14175,0.150421,0.158096,0.164836,0.170705,0.17577,0.180096,0.183745,0.186777,0.189249,0.191212,0.192713,0.193796,0.194502,0.194867,0.194924,0.194704,0.194234,0.193539,0.192641,0.191562,0.19032,0.188932,0.187413,0.185778,0.184039,0.182209,0.180297,0.178314,0.176268,0.174168,0.172021,0.169833,0.167612,0.165361,0.163088,0.160796,0.15849,0.156174,0.15385,0.151524,0.149197,0.146873,0.144553,0.14224,0.139937,0.137645,0.135365,0.1331,0.130851,0.128618,0.126404,0.124208,0.122033,0.119878,0.117745,0.115634,0.113545,0.11148,0.109438,0.10742,0.105426,0.103456,0.101511,0.0995898,0.0976937,0.0958224,0.0939758,0.0921538,0.0903565,0.0885837,0.0868354,0.0851114,0.0834115,0.0817356,0.0800834,0.0784548,0.0768496,0.0752674,0.073708,0.0721713,0.0706568,0.0691643,0.0676935,0.0662442,0.0648159,0.0634085,0.0620215,0.0606547,0.0593077,0.0579802,0.0566718,0.0553823,0.0541113,0.0528584,0.0516233,0.0504057,0.0492052,0.0480215,0.0468542,0.045703,0.0445676,0.0434476,0.0423427,0.0412525,0.0401767,0.0391149,0.0380669,0.0370323,0.0360107,0.0350018,0.0340054,0.033021,0.0320483,0.0310871,0.030137,0.0291976,0.0282687,0.0273499,0.026441,0.0255416,0.0246514,0.0237701,0.0228973,0.0220329,0.0211764,0.0203276,0.0194862,0.0186519,0.0178243,0.0170033,0.0161884,0.0153794,0.0145761,0.013778,0.012985,0.0121968,0.011413,0.0106333,0.0098576,0.00908548,0.00831669,0.00755095,0.00678798,0.0060275,0.00526923,0.00451289,0.00375822,0.00300492,0.00225272,0.00150136
0,0.0157591,0.0313126,0.0464671,0.061051,0.0749223,0.0879722,0.100125,0.111337,0.121591,0.130892,0.139263,0.14674,0.153369,0.159199,0.164283,0.168675,0.172428,0.175594,0.178222,0.180357,0.182044,0.183321,0.184227,0.184795,0.185057,0.185041,0.184774,0.18428,0.183581,0.182698,0.181647,0.180447,0.179112,0.177657,0.176094,0.174435,0.17269,0.170871,0.168984,0.167039,0.165044,0.163004,0.160927,0.158817,0.156681,0.154523,0.152348,0.150159,0.147961,0.145757,0.143549,0.141341,0.139135,0.136934,0.13474,0.132554,0.130379,0.128216,0.126066,0.123931,0.121813,0.119711,0.117627,0.115563,0.113518,0.111493,0.109489,0.107507,0.105547,0.103608,0.101693,0.0997997,0.0979297,0.096083,0.0942595,0.0924594,0.0906826,0.0889293,0.0871993,0.0854927,0.0838093,0.082149,0.0805117,0.0788972,0.0773054,0.0757361,0.0741891,0.0726642,0.0711611,0.0696796,0.0682194,0.0667803,0.065362,0.0639642,0.0625867,0.0612291,0.0598912,0.0585726,0.057273,0.0559922,0.0547297,0.0534854,0.0522588,0.0510497,0.0498577,0.0486824,0.0475237,0.0463811,0.0452543,0.044143,0.0430469,0.0419656,0.0408988,0.0398462,0.0388075,0.0377823,0.0367704,0.0357713,0.0347848,0.0338106,0.0328483,0.0318977,0.0309583,0.03003,0.0291124,0.0282051,0.027308,0.0264206,0.0255427,0.024674,0.0238141,0.0229629,0.0221199,0.0212849,0.0204576,0.0196377,0.0188249,0.0180189,0.0172195,0.0164264,0.0156392,0.0148577,0.0140816,0.0133107,0.0125446,0.0117831,0.0110259,0.0102728,0.00952336,0.00877743,0.00803472,0.00729495,0.00655786,0.00582316,0.0050906,0.00435991,0.00363082,0.00290306,0.00217636,0.00145046
0,0.014332,0.0284962,0.0423334,0.0557005,0.0684759,0.0805629,0.0918904,0.102412,0.112105,0.120963,0.128998,0.136234,0.142701,0.148438,0.153488,0.157893,0.161699,0.16495,0.167687,0.169952,0.171783,0.173218,0.174289,0.175029,0.175466,0.175629,0.175542,0.175227,0.174707,0.174,0.173124,0.172097,0.170932,0.169644,0.168244,0.166746,0.165159,0.163494,0.161759,0.159962,0.158111,0.156213,0.154274,0.1523,0.150296,0.148268,0.14622,0.144155,0.142078,0.139993,0.137901,0.135807,0.133713,0.131621,0.129534,0.127453,0.12538,0.123318,0.121267,0.119228,0.117204,0.115196,0.113203,0.111228,0.10927,0.107332,0.105412,0.103513,0.101633,0.0997745,0.0979368,0.0961206,0.0943259,0.092553,0.090802,0.0890731,0.0873662,0.0856815,0.0840189,0.0823785,0.0807601,0.0791637,0.0775891,0.0760363,0.074505,0.0729953,0.0715067,0.0700392,0.0685926,0.0671666,0.065761,0.0643756,0.06301,0.0616641,0.0603376,0.0590302,0.0577416,0.0564715,0.0552197,0.0539858,0.0527696,0.0515708,0.050389,0.0492239,0.0480753,0.0469428,0.0458261,0.044725,0.043639,0.0425679,0.0415114,0.0404692,0.0394409,0.0384262,0.0374249,0.0364366,0.035461,0.0344978,0.0335468,0.0326075,0.0316797,0.0307631,0.0298574,0.0289623,0.0280775,0.0272027,0.0263376,0.0254819,0.0246353,0.0237976,0.0229684,0.0221474,0.0213345,0.0205292,0.0197314,0.0189407,0.0181568,0.0173795,0.0166085,0.0158436,0.0150844,0.0143306,0.0135821,0.0128386,0.0120997,0.0113652,0.0106349,0.00990847,0.00918566,0.0084662,0.00774983,0.0070363,0.00632535,0.00561671,0.00491013,0.00420535,0.0035021,0.00280014,0.00209921,0.00139905
0,0.0130726,0.0260066,0.0386698,0.0509417,0.0627179,0.0739129,0.0844613,0.0943172,0.103453,0.111858,0.119534,0.126495,0.132763,0.138366,0.143337,0.147711,0.151526,0.154818,0.157624,0.15998,0.16192,0.163478,0.164683,0.165565,0.166151,0.166467,0.166536,0.16638,0.166018,0.165471,0.164754,0.163884,0.162875,0.161741,0.160494,0.159146,0.157707,0.156187,0.154595,0.152938,0.151225,0.149462,0.147656,0.145812,0.143936,0.142033,0.140107,0.138163,0.136204,0.134234,0.132256,0.130274,0.128288,0.126304,0.124321,0.122343,0.120372,0.118408,0.116454,0.114512,0.112581,0.110664,0.108762,0.106875,0.105005,0.103151,0.101315,0.0994978,0.0976991,0.0959197,0.0941599,0.09242,0.0907004,0.0890012,0.0873226,0.0856647,0.0840278,0.0824117,0.0808165,0.0792423,0.077689,0.0761566,0.0746449,0.0731538,0.0716833,0.0702332,0.0688033,0.0673935,0.0660036,0.0646334,0.0632826,0.061951,0.0606385,0.0593447,0.0580695,0.0568125,0.0555735,0.0543523,0.0531485,0.0519619,0.0507923,0.0496392,0.0485025,0.0473818,0.0462769,0.0451874,0.0441131,0.0430537,0.0420089,0.0409783,0.0399618,0.0389589,0.0379694,0.036993,0.0360293,0.0350782,0.0341393,0.0332123,0.032297,0.031393,0.0305,0.0296177,0.0287459,0.0278843,0.0270326,0.0261905,0.0253578,0.0245341,0.0237191,0.0229126,0.0221144,0.0213241,0.0205414,0.0197662,0.0189981,0.0182368,0.0174821,0.0167338,0.0159915,0.015255,0.0145241,0.0137984,0.0130777,0.0123618,0.0116504,0.0109432,0.01024,0.00954059,0.00884462,0.00815189,0.00746213,0.0067751,0.00609054,0.00540822,0.00472787,0.00404925,0.00337211,0.00269621,0.00202129,0.00134712
0,0.0119518,0.023788,0.0353976,0.0466786,0.0575411,0.0679096,0.0777246,0.0869419,0.0955327,0.103482,0.110785,0.117449,0.123489,0.128925,0.133782,0.138089,0.141875,0.145172,0.148011,0.150424,0.152441,0.15409,0.1554,0.156397,0.157107,0.157553,0.157756,0.157737,0.157517,0.157111,0.156537,0.15581,0.154943,0.153952,0.152846,0.151637,0.150336,0.148953,0.147495,0.145971,0.144389,0.142755,0.141075,0.139356,0.137603,0.135821,0.134013,0.132186,0.130342,0.128484,0.126617,0.124742,0.122864,0.120984,0.119104,0.117227,0.115355,0.113489,0.111631,0.109782,0.107945,0.106119,0.104305,0.102506,0.100722,0.0989529,0.0972002,0.0954644,0.0937459,0.0920454,0.090363,0.0886993,0.0870545,0.0854288,0.0838225,0.0822357,0.0806685,0.079121,0.0775933,0.0760854,0.0745972,0.0731288,0.0716801,0.0702509,0.0688413,0.067451,0.06608,0.0647281,0.063395,0.0620807,0.060785,0.0595076,0.0582483,0.0570069,0.0557832,0.0545769,0.0533879,0.0522157,0.0510603,0.0499212,0.0487984,0.0476914,0.0466,0.045524,0.0444631,0.043417,0.0423854,0.041368,0.0403646,0.0393748,0.0383985,0.0374352,0.0364848,0.035547,0.0346213,0.0337077,0.0328058,0.0319153,0.0310359,0.0301674,0.0293095,0.0284619,0.0276244,0.0267966,0.0259783,0.0251692,0.024369,0.0235775,0.0227945,0.0220196,0.0212525,0.0204931,0.0197411,0.0189961,0.018258,0.0175264,0.0168012,0.0160821,0.0153687,0.014661,0.0139585,0.0132611,0.0125686,0.0118805,0.0111969,0.0105172,0.00984145,0.00916924,0.00850038,0.00783462,0.00717172,0.00651143,0.00585353,0.00519776,0.00454389,0.00389168,0.00324089,0.00259129,0.00194264,0.0012947
0,0.0109466,0.0217959,0.032454,0.042834,0.0528581,0.06246,0.0715855,0.0801933,0.0882542,0.0957505,0.102675,0.109028,0.11482,0.120063,0.124778,0.128987,0.132713,0.135984,0.138826,0.141265,0.143328,0.145041,0.14643,0.147517,0.148327,0.14888,0.149197,0.149298,0.1492,0.148919,0.148473,0.147874,0.147138,0.146276,0.1453,0.144221,0.143049,0.141793,0.140461,0.139063,0.137605,0.136093,0.134535,0.132935,0.131299,0.129633,0.12794,0.126225,0.124492,0.122744,0.120984,0.119215,0.117441,0.115663,0.113885,0.112107,0.110332,0.108562,0.106799,0.105043,0.103296,0.10156,0.099835,0.0981226,0.0964235,0.0947385,0.0930683,0.0914137,0.089775,0.0881529,0.0865477,0.0849598,0.0833895,0.0818372,0.080303,0.078787,0.0772896,0.0758107,0.0743504,0.0729087,0.0714858,0.0700815,0.0686958,0.0673286,0.06598,0.0646497,0.0633377,0.0620437,0.0607678,0.0595097,0.0582691,0.0570461,0.0558403,0.0546515,0.0534796,0.0523243,0.0511853,0.0500625,0.0489556,0.0478644,0.0467886,0.045728,0.0446823,0.0436513,0.0426346,0.0416321,0.0406434,0.0396684,0.0387067,0.037758,0.0368222,0.0358989,0.0349878,0.0340888,0.0332014,0.0323256,0.0314609,0.0306072,0.0297641,0.0289314,0.0281089,0.0272962,0.0264931,0.0256994,0.0249147,0.0241389,0.0233716,0.0226127,0.0218617,0.0211186,0.0203831,0.0196548,0.0189336,0.0182192,0.0175113,0.0168098,0.0161143,0.0154246,0.0147405,0.0140617,0.013388,0.0127191,0.0120549,0.011395,0.0107393,0.0100875,0.0094393,0.00879458,0.00815306,0.00751452,0.00687871,0.00624541,0.00561438,0.00498541,0.00435826,0.0037327,0.0031085,0.00248544,0.00186328,0.00124181
0,0.0100387,0.0199949,0.0297886,0.0393453,0.0485975,0.0574867,0.0659642,0.0739915,0.0815402,0.0885916,0.0951355,0.10117,0.106698,0.11173,0.116281,0.120367,0.124008,0.127225,0.130042,0.132481,0.134565,0.136317,0.13776,0.138915,0.139803,0.140444,0.140856,0.141057,0.141065,0.140894,0.14056,0.140077,0.139458,0.138714,0.137857,0.136897,0.135844,0.134708,0.133495,0.132215,0.130874,0.129478,0.128035,0.126549,0.125027,0.123472,0.121889,0.120283,0.118657,0.117015,0.11536,0.113694,0.112022,0.110344,0.108664,0.106984,0.105305,0.103629,0.101958,0.100294,0.0986374,0.0969898,0.0953522,0.0937257,0.0921111,0.0905094,0.0889211,0.087347,0.0857876,0.0842435,0.0827151,0.0812027,0.0797068,0.0782275,0.0767652,0.0753201,0.0738922,0.0724818,0.0710888,0.0697135,0.0683557,0.0670156,0.065693,0.0643879,0.0631004,0.0618302,0.0605773,0.0593415,0.0581228,0.056921,0.0557359,0.0545674,0.0534153,0.0522793,0.0511594,0.0500553,0.0489667,0.0478935,0.0468354,0.0457923,0.0447638,0.0437498,0.04275,0.0417642,0.040792,0.0398334,0.0388879,0.0379555,0.0370357,0.0361285,0.0352334,0.0343503,0.0334789,0.0326189,0.0317701,0.0309323,0.0301052,0.0292885,0.0284819,0.0276853,0.0268984,0.0261209,0.0253525,0.0245931,0.0238424,0.0231001,0.022366,0.0216398,0.0209213,0.0202102,0.0195064,0.0188096,0.0181194,0.0174358,0.0167584,0.0160871,0.0154215,0.0147615,0.0141069,0.0134573,0.0128126,0.0121725,0.0115368,0.0109054,0.0102778,0.00965404,0.00903375,0.00841674,0.0078028,0.00719169,0.00658321,0.00597712,0.00537321,0.00477126,0.00417105,0.00357236,0.00297498,0.00237868,0.00178325,0.00118847
0,0.00921345,0.0183564,0.0273604,0.0361611,0.0446998,0.0529251,0.060793,0.0682682,0.0753236,0.0819401,0.088106,0.0938164,0.0990723,0.10388,0.108248,0.112192,0.115725,0.118867,0.121636,0.124052,0.126134,0.127903,0.129379,0.13058,0.131527,0.132235,0.132724,0.13301,0.133108,0.133032,0.132798,0.132417,0.131902,0.131266,0.130517,0.129667,0.128724,0.127698,0.126597,0.125427,0.124197,0.122912,0.121578,0.120201,0.118786,0.117339,0.115862,0.114361,0.112839,0.1113,0.109746,0.108181,0.106607,0.105028,0.103444,0.101859,0.100274,0.0986911,0.0971118,0.0955376,0.0939698,0.0924097,0.0908584,0.0893169,0.0877861,0.0862668,0.0847598,0.0832657,0.0817851,0.0803185,0.0788665,0.0774293,0.0760074,0.074601,0.0732104,0.0718359,0.0704775,0.0691355,0.0678098,0.0665007,0.0652082,0.0639322,0.0626728,0.0614299,0.0602035,0.0589935,0.0577998,0.0566224,0.0554611,0.0543157,0.0531863,0.0520725,0.0509742,0.0498913,0.0488235,0.0477708,0.0467328,0.0457094,0.0447004,0.0437056,0.0427247,0.0417575,0.0408038,0.0398634,0.0389361,0.0380215,0.0371196,0.03623,0.0353524,0.0344868,0.0336327,0.0327901,0.0319586,0.0311379,0.030328,0.0295284,0.0287391,0.0279596,0.0271899,0.0264296,0.0256785,0.0249365,0.0242031,0.0234783,0.0227617,0.0220532,0.0213524,0.0206592,0.0199734,0.0192947,0.0186228,0.0179576,0.0172988,0.0166462,0.0159996,0.0153587,0.0147233,0.0140932,0.0134682,0.0128481,0.0122326,0.0116215,0.0110147,0.0104118,0.00981268,0.00921713,0.00862493,0.00803586,0.00744971,0.00686627,0.00628532,0.00570667,0.00513009,0.00455538,0.00398233,0.00341073,0.00284038,0.00227106,0.00170257,0.0011347
0,0.00845867,0.0168568,0.0251354,0.0332387,0.0411157,0.0487208,0.0560146,0.0629649,0.069546,0.0757392,0.081532,0.0869178,0.0918952,0.0964673,0.100641,0.104426,0.107835,0.110882,0.113584,0.115956,0.118017,0.119783,0.121272,0.122501,0.123487,0.124247,0.124797,0.125151,0.125324,0.12533,0.125181,0.12489,0.124469,0.123929,0.123279,0.122529,0.121688,0.120765,0.119767,0.118701,0.117575,0.116394,0.115164,0.113891,0.112579,0.111234,0.10986,0.10846,0.107038,0.105598,0.104143,0.102676,0.101199,0.0997148,0.0982258,0.096734,0.0952413,0.0937495,0.0922602,0.0907748,0.0892946,0.087821,0.0863549,0.0848975,0.0834496,0.0820121,0.0805856,0.0791709,0.0777686,0.0763791,0.075003,0.0736407,0.0722925,0.0709587,0.0696397,0.0683356,0.0670465,0.0657728,0.0645144,0.0632715,0.0620441,0.0608323,0.0596361,0.0584554,0.0572902,0.0561405,0.0550062,0.0538872,0.0527834,0.0516947,0.050621,0.049562,0.0485178,0.0474881,0.0464727,0.0454716,0.0444844,0.043511,0.0425513,0.0416049,0.0406718,0.0397517,0.0388444,0.0379497,0.0370674,0.0361972,0.0353389,0.0344924,0.0336573,0.0328335,0.0320207,0.0312188,0.0304274,0.0296464,0.0288754,0.0281144,0.0273631,0.0266212,0.0258885,0.0251647,0.0244498,0.0237434,0.0230452,0.0223552,0.021673,0.0209985,0.0203314,0.0196714,0.0190185,0.0183723,0.0177326,0.0170992,0.016472,0.0158506,0.015235,0.0146248,0.0140198,0.0134199,0.0128248,0.0122343,0.0116482,0.0110664,0.0104885,0.00991447,0.009344,0.00877691,0.008213,0.00765208,0.00709393,0.00653836,0.00598517,0.00543415,0.00488511,0.00433785,0.00379217,0.00324787,0.00270475,0.00216262,0.00162128,0.00108052
0,0.00776448,0.0154767,0.0230856,0.0305428,0.0378036,0.0448276,0.0515798,0.0580307,0.0641563,0.0699387,0.075365,0.0804277,0.0851235,0.0894535,0.0934219,0.0970363,0.100306,0.103243,0.105861,0.108173,0.110194,0.111939,0.113424,0.114664,0.115675,0.11647,0.117065,0.117473,0.117707,0.117781,0.117706,0.117494,0.117156,0.116701,0.11614,0.115482,0.114734,0.113906,0.113004,0.112036,0.111007,0.109924,0.108793,0.107619,0.106406,0.105159,0.103883,0.10258,0.101256,0.0999123,0.0985529,0.0971805,0.0957977,0.0944069,0.0930104,0.0916101,0.0902079,0.0888056,0.0874047,0.0860068,0.084613,0.0832247,0.0818429,0.0804687,0.0791029,0.0777463,0.0763998,0.0750639,0.0737393,0.0724265,0.0711259,0.0698381,0.0685633,0.0673019,0.0660541,0.0648202,0.0636004,0.0623948,0.0612036,0.0600268,0.0588646,0.057717,0.0565839,0.0554655,0.0543616,0.0532722,0.0521973,0.0511369,0.0500907,0.0490588,0.0480409,0.047037,0.046047,0.0450706,0.0441078,0.0431584,0.0422222,0.0412991,0.0403888,0.0394912,0.0386061,0.0377332,0.0368725,0.0360237,0.0351866,0.034361,0.0335466,0.0327434,0.031951,0.0311693,0.030398,0.029637,0.0288859,0.0281447,0.0274131,0.0266908,0.0259777,0.0252735,0.0245781,0.0238912,0.0232125,0.022542,0.0218793,0.0212243,0.0205768,0.0199364,0.0193031,0.0186767,0.0180568,0.0174434,0.0168361,0.0162348,0.0156394,0.0150495,0.014465,0.0138856,0.0133113,0.0127417,0.0121767,0.0116161,0.0110597,0.0105073,0.00995862,0.00941358,0.00887195,0.00833352,0.00779812,0.00726554,0.0067356,0.0062081,0.00568286,0.00515968,0.00463837,0.00411876,0.00360064,0.00308383,0.00256815,0.0020534,0.00153939,0.00102595
0,0.00712258,0.0141998,0.0211875,0.0280434,0.0347282,0.0412063,0.0474464,0.0534216,0.05911,0.0644942,0.0695618,0.0743044,0.0787177,0.0828011,0.0865572,0.0899911,0.0931103,0.0959242,0.0984434,0.10068,0.102646,0.104355,0.105821,0.107057,0.108077,0.108893,0.10952,0.109968,0.110252,0.110382,0.110369,0.110224,0.109958,0.10958,0.109099,0.108524,0.107862,0.107121,0.106308,0.10543,0.104494,0.103504,0.102466,0.101385,0.100266,0.0991137,0.0979314,0.0967231,0.0954923,0.0942422,0.0929757,0.0916957,0.0904047,0.089105,0.0877988,0.086488,0.0851746,0.0838602,0.0825464,0.0812346,0.079926,0.078622,0.0773234,0.0760315,0.0747469,0.0734706,0.0722033,0.0709457,0.0696982,0.0684616,0.0672362,0.0660225,0.0648208,0.0636314,0.0624547,0.0612908,0.0601401,0.0590025,0.0578784,0.0567677,0.0556706,0.0545871,0.0535172,0.052461,0.0514185,0.0503895,0.0493742,0.0483723,0.0473839,0.0464088,0.0454469,0.0444982,0.0435625,0.0426397,0.0417296,0.0408321,0.0399471,0.0390743,0.0382137,0.037365,0.036528,0.0357027,0.0348888,0.0340861,0.0332944,0.0325135,0.0317433,0.0309836,0.0302341,0.0294947,0.0287651,0.0280452,0.0273348,0.0266336,0.0259414,0.0252581,0.0245834,0.0239172,0.0232593,0.0226093,0.0219673,0.0213328,0.0207058,0.020086,0.0194733,0.0188674,0.0182682,0.0176754,0.0170888,0.0165083,0.0159337,0.0153647,0.0148012,0.0142429,0.0136898,0.0131416,0.012598,0.012059,0.0115243,0.0109938,0.0104672,0.00994437,0.00942514,0.00890932,0.00839671,0.00788714,0.00738043,0.00687639,0.00637484,0.0058756,0.00537849,0.00488334,0.00438996,0.00389817,0.00340781,0.00291868,0.00243061,0.00194343,0.00145695,0.000971008
0,0.00652601,0.0130126,0.0194213,0.025715,0.0318595,0.0378231,0.0435778,0.0490994,0.0543677,0.0593665,0.0640835,0.0685103,0.0726418,0.0764762,0.0800147,0.0832607,0.0862198,0.0888996,0.0913087,0.0934571,0.0953556,0.0970156,0.0984487,0.099667,0.100682,0.101507,0.102152,0.102629,0.10295,0.103124,0.103163,0.103076,0.102873,0.102562,0.102153,0.101652,0.101068,0.100408,0.0996775,0.0988842,0.0980334,0.0971307,0.0961812,0.0951896,0.0941606,0.0930982,0.0920063,0.0908885,0.0897482,0.0885885,0.0874122,0.086222,0.0850204,0.0838096,0.0825917,0.0813687,0.0801424,0.0789144,0.0776862,0.0764592,0.0752346,0.0740137,0.0727975,0.0715869,0.0703828,0.069186,0.0679973,0.0668173,0.0656465,0.0644856,0.0633349,0.0621949,0.0610659,0.0599484,0.0588425,0.0577485,0.0566666,0.0555969,0.0545397,0.0534951,0.052463,0.0514436,0.050437,0.049443,0.0484618,0.0474933,0.0465375,0.0455944,0.0446638,0.0437456,0.0428399,0.0419465,0.0410653,0.0401961,0.0393389,0.0384935,0.0376597,0.0368375,0.0360267,0.0352271,0.0344385,0.0336608,0.0328938,0.0321374,0.0313914,0.0306555,0.0299296,0.0292136,0.0285072,0.0278103,0.0271226,0.026444,0.0257744,0.0251134,0.0244609,0.0238168,0.0231808,0.0225527,0.0219325,0.0213197,0.0207144,0.0201162,0.0195251,0.0189408,0.0183631,0.0177918,0.0172268,0.0166678,0.0161148,0.0155674,0.0150256,0.0144891,0.0139577,0.0134314,0.0129098,0.0123928,0.0118803,0.011372,0.0108678,0.0103675,0.00987093,0.00937792,0.00888828,0.00840185,0.00791846,0.00743793,0.00696008,0.00648476,0.00601178,0.00554098,0.00507219,0.00460524,0.00413996,0.00367619,0.00321374,0.00275247,0.0022922,0.00183276,0.00137399,0.000915714
0,0.00596884,0.0119033,0.0177698,0.0235361,0.0291716,0.0346487,0.0399423,0.0450306,0.049895,0.0545206,0.0588956,0.0630115,0.0668629,0.0704473,0.0737646,0.076817,0.0796088,0.0821456,0.0844347,0.0864844,0.0883037,0.0899025,0.0912909,0.0924795,0.0934788,0.0942995,0.094952,0.0954468,0.0957938,0.0960029,0.0960836,0.0960449,0.0958954,0.0956436,0.0952972,0.0948638,0.0943505,0.0937638,0.0931102,0.0923954,0.0916252,0.0908046,0.0899387,0.0890318,0.0880883,0.0871122,0.0861071,0.0850765,0.0840236,0.0829514,0.0818626,0.0807597,0.0796452,0.0785213,0.0773898,0.0762528,0.075112,0.0739688,0.0728248,0.0716814,0.0705397,0.0694008,0.0682659,0.0671358,0.0660114,0.0648934,0.0637826,0.0626796,0.061585,0.0604993,0.0594229,0.0583563,0.0572998,0.0562538,0.0552184,0.0541941,0.0531809,0.052179,0.0511886,0.0502099,0.0492428,0.0482875,0.047344,0.0464123,0.0454925,0.0445845,0.0436883,0.0428039,0.0419312,0.0410701,0.0402206,0.0393826,0.038556,0.0377406,0.0369364,0.0361432,0.0353609,0.0345894,0.0338286,0.0330782,0.0323381,0.0316083,0.0308884,0.0301785,0.0294782,0.0287875,0.0281062,0.027434,0.0267709,0.0261167,0.0254711,0.024834,0.0242053,0.0235847,0.0229722,0.0223674,0.0217702,0.0211805,0.0205981,0.0200228,0.0194544,0.0188927,0.0183376,0.0177889,0.0172464,0.01671,0.0161794,0.0156545,0.0151351,0.0146211,0.0141122,0.0136084,0.0131094,0.012615,0.0121252,0.0116397,0.0111583,0.0106809,0.0102074,0.00973752,0.00927115,0.00880811,0.00834824,0.00789138,0.00743737,0.00698604,0.00653723,0.00609079,0.00564656,0.00520437,0.00476406,0.00432548,0.00388847,0.00345287,0.00301852,0.00258527,0.00215296,0.00172143,0.00129053,0.00086009
0,0.00544602,0.0108621,0.0162187,0.0214877,0.0266423,0.0316579,0.0365122,0.0411855,0.0456612,0.0499253,0.0539667,0.0577771,0.0613511,0.0646855,0.0677794,0.0706342,0.0732526,0.0756394,0.0778002,0.079742,0.0814724,0.0829998,0.0843331,0.0854813,0.086454,0.0872604,0.08791,0.0884121,0.0887758,0.08901,0.0891233,0.089124,0.0890201,0.0888193,0.0885288,0.0881556,0.0877063,0.0871871,0.0866039,0.0859623,0.0852674,0.0845241,0.0837371,0.0829106,0.0820487,0.0811552,0.0802335,0.0792869,0.0783184,0.0773309,0.076327,0.0753092,0.0742796,0.0732405,0.0721936,0.0711408,0.0700838,0.0690241,0.067963,0.0669019,0.0658419,0.0647841,0.0637296,0.0626791,0.0616336,0.0605937,0.0595602,0.0585337,0.0575147,0.0565037,0.0555013,0.0545077,0.0535233,0.0525485,0.0515835,0.0506285,0.0496839,0.0487496,0.047826,0.0469131,0.0460109,0.0451196,0.0442393,0.0433699,0.0425114,0.041664,0.0408274,0.0400018,0.0391871,0.0383832,0.03759,0.0368074,0.0360355,0.035274,0.0345229,0.0337821,0.0330514,0.0323307,0.03162,0.030919,0.0302276,0.0295458,0.0288732,0.0282099,0.0275556,0.0269102,0.0262735,0.0256455,0.0250258,0.0244144,0.0238111,0.0232157,0.0226282,0.0220482,0.0214757,0.0209104,0.0203523,0.0198011,0.0192567,0.018719,0.0181877,0.0176627,0.0171438,0.0166309,0.0161238,0.0156223,0.0151263,0.0146356,0.0141501,0.0136696,0.0131939,0.0127229,0.0122564,0.0117942,0.0113363,0.0108824,0.0104324,0.00998607,0.00954336,0.00910407,0.00866805,0.00823515,0.00780521,0.00737808,0.00695361,0.00653165,0.00611204,0.00569465,0.00527931,0.00486588,0.00445422,0.00404417,0.00363558,0.00322831,0.00282221,0.00241714,0.00201294,0.00160948,0.0012066,0.000804155
0,0.00495318,0.00988018,0.0147553,0.0195537,0.024252,0.0288283,0.0332629,0.0375382,0.0416391,0.0455527,0.0492687,0.0527793,0.0560789,0.0591641,0.0620335,0.0646875,0.0671283,0.0693591,0.0713848,0.073211,0.0748441,0.0762913,0.0775602,0.0786588,0.0795953,0.0803781,0.0810155,0.0815158,0.0818873,0.0821379,0.0822756,0.0823077,0.0822418,0.0820847,0.0818431,0.0815236,0.0811321,0.0806745,0.0801562,0.0795824,0.0789579,0.0782873,0.077575,0.0768249,0.0760409,0.0752264,0.0743848,0.0735191,0.0726323,0.0717269,0.0708055,0.0698704,0.0689237,0.0679674,0.0670033,0.0660332,0.0650585,0.0640808,0.0631013,0.0621213,0.061142,0.0601643,0.0591892,0.0582175,0.0572501,0.0562877,0.0553309,0.0543803,0.0534364,0.0524998,0.0515708,0.0506498,0.0497373,0.0488334,0.0479385,0.0470528,0.0461765,0.0453097,0.0444527,0.0436055,0.0427682,0.0419409,0.0411237,0.0403165,0.0395195,0.0387325,0.0379557,0.0371889,0.0364322,0.0356855,0.0349487,0.0342217,0.0335046,0.0327971,0.0320992,0.0314109,0.0307319,0.0300622,0.0294017,0.0287502,0.0281077,0.027474,0.0268489,0.0262323,0.0256241,0.0250242,0.0244324,0.0238485,0.0232725,0.0227041,0.0221432,0.0215897,0.0210434,0.0205042,0.0199719,0.0194464,0.0189274,0.0184149,0.0179087,0.0174087,0.0169147,0.0164265,0.015944,0.0154671,0.0149955,0.0145292,0.0140679,0.0136116,0.0131601,0.0127133,0.0122709,0.0118329,0.011399,0.0109692,0.0105434,0.0101212,0.0097027,0.00928765,0.00887592,0.00846738,0.00806187,0.00765925,0.00725939,0.00686214,0.00646736,0.00607491,0.00568466,0.00529645,0.00491016,0.00452565,0.00414277,0.00376139,0.00338138,0.00300259,0.00262489,0.00224814,0.0018722,0.00149695,0.00112224,0.000747931
0,0.00448652,0.00895019,0.0133685,0.0177199,0.0219836,0.0261404,0.0301729,0.0340654,0.0378042,0.0413776,0.0447762,0.0479925,0.0510211,0.0538585,0.0565029,0.0589542,0.0612138,0.0632841,0.065169,0.066873,0.0684017,0.069761,0.0709576,0.0719984,0.0728905,0.0736412,0.0742581,0.0747485,0.0751197,0.075379,0.0755333,0.0755897,0.0755546,0.0754345,0.0752355,0.0749635,0.0746241,0.0742226,0.073764,0.0732532,0.0726946,0.0720924,0.0714507,0.0707732,0.0700635,0.0693248,0.0685602,0.0677726,0.0669647,0.066139,0.0652978,0.0644433,0.0635774,0.0627021,0.0618191,0.06093,0.0600363,0.0591392,0.0582401,0.0573402,0.0564404,0.0555419,0.0546454,0.0537517,0.0528618,0.0519761,0.0510954,0.0502201,0.0493509,0.0484882,0.0476323,0.0467837,0.0459426,0.0451095,0.0442844,0.0434677,0.0426596,0.0418602,0.0410696,0.040288,0.0395155,0.0387522,0.037998,0.0372531,0.0365174,0.035791,0.0350739,0.034366,0.0336674,0.0329779,0.0322976,0.0316263,0.030964,0.0303106,0.0296661,0.0290303,0.0284032,0.0277846,0.0271744,0.0265726,0.025979,0.0253935,0.024816,0.0242464,0.0236845,0.0231302,0.0225833,0.0220438,0.0215115,0.0209863,0.020468,0.0199565,0.0194517,0.0189534,0.0184614,0.0179757,0.0174961,0.0170225,0.0165547,0.0160925,0.0156359,0.0151847,0.0147387,0.0142979,0.013862,0.013431,0.0130047,0.0125829,0.0121656,0.0117525,0.0113436,0.0109387,0.0105377,0.0101404,0.0097467,0.00935649,0.00896961,0.00858594,0.00820533,0.00782766,0.0074528,0.00708062,0.00671097,0.00634374,0.00597879,0.005616,0.00525523,0.00489636,0.00453925,0.00418379,0.00382984,0.00347727,0.00312596,0.00277579,0.00242662,0.00207833,0.00173079,0.00138388,0.00103747,0.000691437
0,0.00404272,0.00806553,0.0120488,0.0159737,0.019822,0.023577,0.027223,0.0307463,0.0341346,0.0373774,0.0404659,0.0433934,0.0461545,0.0487459,0.0511654,0.0534127,0.0554885,0.0573946,0.059134,0.0607105,0.0621287,0.0633936,0.0645109,0.0654866,0.0663269,0.0670383,0.0676273,0.0681003,0.0684641,0.0687249,0.0688892,0.068963,0.0689524,0.0688632,0.0687009,0.0684709,0.0681782,0.0678278,0.0674242,0.0669718,0.0664748,0.065937,0.0653622,0.0647538,0.0641151,0.0634491,0.0627586,0.0620464,0.061315,0.0605666,0.0598034,0.0590274,0.0582406,0.0574446,0.0566411,0.0558316,0.0550173,0.0541997,0.0533799,0.0525589,0.0517378,0.0509174,0.0500987,0.0492824,0.0484691,0.0476596,0.0468544,0.0460541,0.045259,0.0444698,0.0436866,0.04291,0.0421402,0.0413774,0.040622,0.0398742,0.0391341,0.0384018,0.0376776,0.0369616,0.0362538,0.0355543,0.0348631,0.0341804,0.0335061,0.0328403,0.0321829,0.031534,0.0308934,0.0302613,0.0296374,0.0290219,0.0284145,0.0278154,0.0272242,0.0266411,0.0260659,0.0254985,0.0249388,0.0243868,0.0238423,0.0233052,0.0227754,0.0222528,0.0217372,0.0212287,0.020727,0.020232,0.0197435,0.0192616,0.018786,0.0183167,0.0178535,0.0173962,0.0169447,0.016499,0.0160589,0.0156243,0.0151949,0.0147708,0.0143518,0.0139377,0.0135284,0.0131238,0.0127238,0.0123282,0.0119369,0.0115498,0.0111667,0.0107876,0.0104123,0.0100407,0.0096726,0.00930795,0.0089466,0.00858844,0.00823334,0.00788117,0.00753182,0.00718517,0.00684109,0.00649946,0.00616016,0.00582308,0.00548809,0.00515508,0.00482393,0.00449451,0.00416672,0.00384043,0.00351553,0.0031919,0.00286942,0.00254799,0.00222747,0.00190777,0.00158875,0.00127031,0.000952329,0.000634695
0,0.00361883,0.00722037,0.0107876,0.014304,0.0177538,0.0211223,0.0243959,0.0275623,0.0306106,0.0335314,0.0363168,0.0389605,0.0414578,0.043805,0.0460003,0.0480428,0.0499328,0.0516717,0.0532619,0.0547063,0.0560088,0.0571738,0.0582059,0.0591103,0.0598924,0.0605578,0.0611123,0.0615615,0.0619114,0.0621674,0.0623354,0.0624208,0.0624289,0.062365,0.0622341,0.0620409,0.0617902,0.0614862,0.0611332,0.0607351,0.0602958,0.0598187,0.0593073,0.0587648,0.058194,0.0575978,0.0569789,0.0563396,0.0556822,0.055009,0.0543218,0.0536226,0.052913,0.0521947,0.0514692,0.0507378,0.0500019,0.0492625,0.0485208,0.0477778,0.0470344,0.0462914,0.0455497,0.04481,0.0440728,0.0433389,0.0426087,0.0418827,0.0411614,0.0404452,0.0397345,0.0390295,0.0383307,0.0376381,0.0369521,0.0362729,0.0356006,0.0349355,0.0342775,0.0336269,0.0329837,0.032348,0.0317199,0.0310994,0.0304865,0.0298812,0.0292836,0.0286936,0.0281112,0.0275364,0.0269691,0.0264093,0.025857,0.0253121,0.0247744,0.0242441,0.0237209,0.0232048,0.0226957,0.0221935,0.0216982,0.0212096,0.0207276,0.0202521,0.0197831,0.0193204,0.0188639,0.0184135,0.0179691,0.0175306,0.0170979,0.0166708,0.0162493,0.0158332,0.0154224,0.0150168,0.0146163,0.0142207,0.01383,0.0134441,0.0130627,0.0126858,0.0123134,0.0119452,0.0115811,0.0112211,0.0108649,0.0105126,0.010164,0.00981897,0.00947738,0.00913914,0.00880413,0.00847223,0.00814335,0.00781736,0.00749415,0.00717361,0.00685564,0.00654011,0.00622693,0.00591598,0.00560715,0.00530034,0.00499543,0.00469231,0.00439089,0.00409105,0.00379269,0.00349569,0.00319996,0.00290538,0.00261185,0.00231927,0.00202753,0.00173652,0.00144614,0.00115628,0.000866847,0.000577723
0,0.00321223,0.00640953,0.00957717,0.0127009,0.015767,0.0187627,0.021676,0.0244964,0.027214,0.0298207,0.0323094,0.0346743,0.036911,0.0390162,0.040988,0.0428253,0.0445282,0.0460977,0.0475355,0.0488441,0.0500267,0.0510868,0.0520285,0.0528562,0.0535745,0.0541883,0.0547025,0.0551222,0.0554524,0.0556981,0.0558643,0.0559559,0.0559775,0.0559339,0.0558295,0.0556686,0.0554553,0.0551936,0.0548872,0.0545397,0.0541545,0.0537348,0.0532837,0.052804,0.0522984,0.0517694,0.0512195,0.0506508,0.0500654,0.0494653,0.0488523,0.048228,0.0475942,0.0469521,0.0463032,0.0456487,0.0449898,0.0443276,0.0436631,0.0429971,0.0423306,0.0416642,0.0409988,0.040335,0.0396733,0.0390144,0.0383587,0.0377067,0.0370588,0.0364153,0.0357766,0.035143,0.0345148,0.0338923,0.0332755,0.0326647,0.0320602,0.0314619,0.0308701,0.0302849,0.0297062,0.0291343,0.0285691,0.0280108,0.0274592,0.0269145,0.0263766,0.0258456,0.0253213,0.0248039,0.0242933,0.0237893,0.0232921,0.0228015,0.0223174,0.0218399,0.0213688,0.0209041,0.0204457,0.0199934,0.0195474,0.0191073,0.0186733,0.0182451,0.0178227,0.0174059,0.0169948,0.0165891,0.0161889,0.0157939,0.0154041,0.0150194,0.0146397,0.0142649,0.0138949,0.0135295,0.0131687,0.0128124,0.0124604,0.0121127,0.0117692,0.0114297,0.0110941,0.0107624,0.0104344,0.0101101,0.00978923,0.00947182,0.00915774,0.00884687,0.00853912,0.00823438,0.00793255,0.00763353,0.00733722,0.00704351,0.00675231,0.00646351,0.00617702,0.00589274,0.00561056,0.0053304,0.00505214,0.0047757,0.00450098,0.00422787,0.00395629,0.00368613,0.0034173,0.0031497,0.00288324,0.00261782,0.00235335,0.00208972,0.00182686,0.00156465,0.00130301,0.00104184,0.000781052,0.000520544
0,0.00282058,0.00562835,0.00841069,0.0111553,0.0138506,0.0164853,0.0190492,0.0215331,0.0239284,0.0262281,0.0284257,0.0305162,0.0324956,0.0343609,0.0361101,0.0377422,0.0392571,0.0406553,0.0419383,0.043108,0.044167,0.0451182,0.0459652,0.0467115,0.0473612,0.0479184,0.0483874,0.0487724,0.0490779,0.0493083,0.0494679,0.0495608,0.0495914,0.0495637,0.0494815,0.0493487,0.049169,0.0489457,0.0486823,0.048382,0.0480477,0.0476824,0.0472886,0.0468691,0.0464261,0.045962,0.0454788,0.0449787,0.0444633,0.0439346,0.043394,0.0428432,0.0422835,0.0417163,0.0411428,0.040564,0.0399812,0.0393951,0.0388068,0.038217,0.0376266,0.0370361,0.0364464,0.0358579,0.0352712,0.0346868,0.0341051,0.0335266,0.0329517,0.0323806,0.0318137,0.0312512,0.0306935,0.0301406,0.0295929,0.0290504,0.0285134,0.027982,0.0274562,0.0269362,0.0264221,0.0259139,0.0254116,0.0249153,0.0244251,0.023941,0.0234628,0.0229908,0.0225248,0.0220648,0.0216108,0.0211627,0.0207206,0.0202844,0.0198539,0.0194293,0.0190104,0.0185971,0.0181894,0.0177873,0.0173905,0.0169992,0.0166131,0.0162323,0.0158566,0.0154859,0.0151202,0.0147594,0.0144033,0.014052,0.0137053,0.0133631,0.0130253,0.0126919,0.0123627,0.0120377,0.0117167,0.0113997,0.0110866,0.0107773,0.0104716,0.0101696,0.00987104,0.00957592,0.00928412,0.00899554,0.00871011,0.00842771,0.00814827,0.00787168,0.00759787,0.00732674,0.00705819,0.00679214,0.00652849,0.00626717,0.00600807,0.00575112,0.00549621,0.00524327,0.0049922,0.00474292,0.00449533,0.00424936,0.00400492,0.00376192,0.00352027,0.00327988,0.00304068,0.00280258,0.00256549,0.00232932,0.00209399,0.00185942,0.00162553,0.00139222,0.00115941,0.000927027,0.000694977,0.000463178
0,0.00244173,0.0048726,0.00728191,0.00965925,0.0119946,0.0142787,0.0165025,0.0186583,0.0207387,0.0227374,0.0246491,0.0264693,0.0281944,0.0298217,0.0313494,0.0327765,0.0341026,0.0353282,0.0364543,0.0374826,0.038415,0.039254,0.0400025,0.0406635,0.0412404,0.0417368,0.0421561,0.0425021,0.0427786,0.0429893,0.043138,0.0432282,0.0432637,0.0432478,0.0431841,0.0430758,0.0429261,0.042738,0.0425145,0.0422583,0.0419721,0.0416583,0.0413194,0.0409576,0.040575,0.0401736,0.0397553,0.0393218,0.0388747,0.0384157,0.0379461,0.0374673,0.0369805,0.0364869,0.0359876,0.0354835,0.0349757,0.0344649,0.033952,0.0334376,0.0329226,0.0324074,0.0318927,0.031379,0.0308667,0.0303564,0.0298484,0.0293431,0.0288407,0.0283417,0.0278463,0.0273547,0.0268672,0.0263839,0.025905,0.0254307,0.0249611,0.0244964,0.0240366,0.0235818,0.023132,0.0226875,0.0222481,0.0218139,0.021385,0.0209614,0.0205431,0.02013,0.0197222,0.0193196,0.0189223,0.0185302,0.0181433,0.0177614,0.0173847,0.017013,0.0166463,0.0162846,0.0159277,0.0155757,0.0152284,0.0148858,0.0145478,0.0142144,0.0138855,0.0135609,0.0132408,0.0129249,0.0126131,0.0123055,0.0120019,0.0117023,0.0114066,0.0111146,0.0108264,0.0105418,0.0102607,0.00998317,0.00970899,0.00943813,0.00917049,0.008906,0.00864458,0.00838615,0.00813062,0.00787792,0.00762796,0.00738066,0.00713595,0.00689374,0.00665396,0.00641652,0.00618134,0.00594835,0.00571747,0.00548862,0.00526172,0.00503669,0.00481345,0.00459193,0.00437206,0.00415375,0.00393692,0.00372151,0.00350744,0.00329462,0.00308299,0.00287247,0.00266298,0.00245446,0.00224681,0.00203998,0.00183389,0.00162846,0.00142361,0.00121929,0.0010154,0.000811878,0.000608651,0.000405645
0,0.00207373,0.00413841,0.0061851,0.00820511,0.0101901,0.0121322,0.014024,0.0158588,0.0176305,0.0193338,0.0209641,0.0225175,0.023991,0.0253821,0.0266893,0.0279116,0.0290486,0.0301006,0.0310683,0.031953,0.0327564,0.0334803,0.0341272,0.0346996,0.0352003,0.0356321,0.0359981,0.0363014,0.0365451,0.0367325,0.0368665,0.0369504,0.0369872,0.0369799,0.0369313,0.0368443,0.0367216,0.0365658,0.0363793,0.0361646,0.0359239,0.0356594,0.0353731,0.035067,0.0347427,0.0344022,0.0340469,0.0336784,0.0332981,0.0329074,0.0325074,0.0320993,0.0316843,0.0312632,0.0308371,0.0304068,0.0299732,0.0295369,0.0290986,0.028659,0.0282187,0.0277782,0.0273381,0.0268986,0.0264604,0.0260238,0.025589,0.0251565,0.0247265,0.0242993,0.0238751,0.0234542,0.0230367,0.0226228,0.0222126,0.0218063,0.0214041,0.0210059,0.0206119,0.0202222,0.0198369,0.0194559,0.0190794,0.0187073,0.0183397,0.0179766,0.017618,0.017264,0.0169144,0.0165693,0.0162287,0.0158925,0.0155608,0.0152335,0.0149105,0.0145918,0.0142774,0.0139672,0.0136612,0.0133593,0.0130615,0.0127678,0.012478,0.012192,0.01191,0.0116317,0.0113571,0.0110862,0.0108188,0.010555,0.0102947,0.0100377,0.00978407,0.00953367,0.00928647,0.00904238,0.00880133,0.00856326,0.0083281,0.00809578,0.00786623,0.00763938,0.00741515,0.00719349,0.00697432,0.00675757,0.00654317,0.00633105,0.00612115,0.0059134,0.00570772,0.00550405,0.00530233,0.00510248,0.00490443,0.00470813,0.0045135,0.00432047,0.00412899,0.00393897,0.00375036,0.0035631,0.00337711,0.00319233,0.0030087,0.00282615,0.00264461,0.00246402,0.00228433,0.00210545,0.00192734,0.00174992,0.00157313,0.00139691,0.00122119,0.00104592,0.000871019,0.000696437,0.000522108,0.000347967
0,0.00171479,0.00342221,0.00511497,0.006786,0.00842848,0.010036,0.0116024,0.0131224,0.0145908,0.0160032,0.0173559,0.0186457,0.0198699,0.0210265,0.0221142,0.023132,0.0240797,0.0249572,0.0257653,0.0265049,0.0271771,0.0277837,0.0283265,0.0288075,0.029229,0.0295933,0.0299029,0.0301603,0.0303681,0.0305289,0.0306452,0.0307197,0.0307549,0.0307531,0.0307169,0.0306485,0.0305502,0.0304242,0.0302724,0.030097,0.0298997,0.0296824,0.0294467,0.0291944,0.0289268,0.0286455,0.0283518,0.0280469,0.027732,0.0274083,0.0270767,0.0267384,0.026394,0.0260446,0.0256909,0.0253335,0.0249733,0.0246108,0.0242466,0.0238812,0.0235151,0.0231488,0.0227827,0.0224171,0.0220525,0.0216892,0.0213274,0.0209674,0.0206095,0.0202539,0.0199007,0.0195503,0.0192026,0.0188579,0.0185163,0.0181779,0.0178429,0.0175112,0.017183,0.0168584,0.0165373,0.0162199,0.0159062,0.0155962,0.0152899,0.0149873,0.0146885,0.0143934,0.0141021,0.0138145,0.0135307,0.0132505,0.012974,0.0127012,0.0124319,0.0121663,0.0119042,0.0116457,0.0113906,0.011139,0.0108907,0.0106458,0.0104042,0.0101659,0.00993071,0.0096987,0.00946979,0.00924393,0.00902105,0.00880111,0.00858404,0.0083698,0.00815833,0.00794956,0.00774345,0.00753994,0.00733896,0.00714047,0.0069444,0.00675069,0.00655929,0.00637014,0.00618318,0.00599836,0.00581561,0.00563488,0.00545611,0.00527924,0.00510422,0.00493098,0.00475948,0.00458966,0.00442145,0.00425481,0.00408967,0.00392598,0.00376369,0.00360273,0.00344306,0.00328461,0.00312734,0.00297119,0.0028161,0.00266202,0.00250889,0.00235666,0.00220529,0.0020547,0.00190485,0.0017557,0.00160717,0.00145922,0.0013118,0.00116485,0.00101833,0.00087217,0.000726327,0.000580747,0.000435376,0.000290163
0,0.00136322,0.00272065,0.00406658,0.00539543,0.00670186,0.00798078,0.00922745,0.0104375,0.011607,0.0127324,0.0138107,0.0148394,0.0158163,0.0167398,0.0176089,0.0184226,0.0191808,0.0198834,0.0205309,0.021124,0.0216636,0.0221509,0.0225875,0.0229749,0.0233148,0.0236092,0.0238598,0.0240687,0.024238,0.0243697,0.0244659,0.0245284,0.0245595,0.0245609,0.0245347,0.0244827,0.0244066,0.0243083,0.0241892,0.0240511,0.0238954,0.0237236,0.0235371,0.023337,0.0231247,0.0229013,0.0226678,0.0224253,0.0221748,0.021917,0.021653,0.0213834,0.0211089,0.0208303,0.0205482,0.0202632,0.0199758,0.0196864,0.0193957,0.019104,0.0188117,0.0185191,0.0182267,0.0179347,0.0176434,0.0173531,0.017064,0.0167763,0.0164903,0.016206,0.0159237,0.0156435,0.0153656,0.01509,0.0148169,0.0145463,0.0142783,0.0140131,0.0137506,0.013491,0.0132342,0.0129803,0.0127294,0.0124814,0.0122364,0.0119943,0.0117553,0.0115192,0.0112861,0.0110561,0.0108289,0.0106048,0.0103835,0.0101652,0.00994983,0.00973728,0.00952758,0.00932069,0.00911658,0.00891522,0.00871656,0.00852059,0.00832725,0.0081365,0.00794832,0.00776265,0.00757946,0.0073987,0.00722034,0.00704432,0.0068706,0.00669914,0.00652989,0.00636281,0.00619786,0.00603498,0.00587413,0.00571526,0.00555834,0.0054033,0.00525011,0.00509872,0.00494909,0.00480116,0.00465489,0.00451024,0.00436715,0.00422559,0.00408551,0.00394685,0.00380958,0.00367366,0.00353902,0.00340564,0.00327346,0.00314245,0.00301254,0.00288371,0.00275591,0.00262909,0.0025032,0.00237822,0.00225408,0.00213075,0.00200819,0.00188634,0.00176517,0.00164464,0.0015247,0.00140531,0.00128643,0.001168,0.00105001,0.000932385,0.000815101,0.000698112,0.000581375,0.000464848,0.000348489,0.000232256
0,0.00101744,0.00203061,0.00303527,0.0040273,0.00500275,0.00595784,0.00688907,0.00779319,0.00866727,0.0095087,0.0103152,0.0110849,0.0118161,0.0125077,0.0131588,0.0137688,0.0143374,0.0148647,0.0153509,0.0157965,0.0162022,0.016569,0.0168978,0.0171898,0.0174463,0.0176687,0.0178584,0.0180169,0.0181456,0.0182462,0.01832,0.0183687,0.0183937,0.0183964,0.0183784,0.0183409,0.0182854,0.018213,0.0181251,0.0180229,0.0179074,0.0177797,0.0176409,0.0174919,0.0173337,0.0171671,0.0169929,0.0168118,0.0166247,0.0164322,0.0162348,0.0160332,0.015828,0.0156196,0.0154085,0.0151952,0.0149801,0.0147635,0.0145459,0.0143274,0.0141085,0.0138894,0.0136704,0.0134516,0.0132334,0.0130159,0.0127992,0.0125836,0.0123693,0.0121562,0.0119446,0.0117346,0.0115262,0.0113196,0.0111148,0.010912,0.0107111,0.0105122,0.0103154,0.0101207,0.00992817,0.00973778,0.00954959,0.00936361,0.00917986,0.00899833,0.00881905,0.008642,0.00846719,0.00829462,0.00812427,0.00795613,0.00779019,0.00762644,0.00746486,0.00730543,0.00714813,0.00699294,0.00683982,0.00668877,0.00653975,0.00639273,0.00624769,0.0061046,0.00596343,0.00582414,0.00568671,0.00555111,0.00541729,0.00528524,0.00515491,0.00502628,0.00489931,0.00477396,0.0046502,0.004528,0.00440732,0.00428813,0.0041704,0.00405408,0.00393915,0.00382557,0.0037133,0.00360231,0.00349257,0.00338404,0.00327669,0.00317048,0.00306537,0.00296134,0.00285835,0.00275637,0.00265535,0.00255528,0.00245611,0.0023578,0.00226034,0.00216368,0.00206779,0.00197263,0.00187818,0.0017844,0.00169126,0.00159873,0.00150677,0.00141534,0.00132443,0.001234,0.001144,0.00105442,0.000965222,0.00087637,0.000787833,0.000699581,0.000611582,0.000523803,0.000436214,0.000348782,0.000261476,0.000174265
0,0.000675945,0.00134907,0.00201658,0.00267575,0.00332398,0.00395878,0.00457781,0.00517894,0.00576021,0.00631991,0.00685651,0.00736874,0.00785555,0.00831613,0.00874986,0.00915636,0.00953544,0.0098871,0.0102115,0.0105089,0.0107799,0.011025,0.0112448,0.0114402,0.011612,0.011761,0.0118883,0.0119947,0.0120814,0.0121493,0.0121993,0.0122326,0.0122501,0.0122527,0.0122414,0.0122172,0.0121809,0.0121333,0.0120754,0.0120079,0.0119315,0.0118469,0.0117549,0.0116561,0.0115511,0.0114405,0.0113248,0.0112045,0.0110801,0.0109521,0.0108208,0.0106868,0.0105502,0.0104116,0.0102711,0.0101291,0.00998591,0.00984173,0.00969679,0.00955133,0.00940555,0.00925962,0.00911373,0.00896802,0.00882264,0.00867772,0.00853339,0.00838975,0.0082469,0.00810493,0.00796393,0.00782397,0.00768511,0.00754742,0.00741095,0.00727574,0.00714184,0.00700929,0.00687811,0.00674833,0.00661997,0.00649306,0.00636761,0.00624363,0.00612114,0.00600012,0.0058806,0.00576257,0.00564603,0.00553097,0.0054174,0.0053053,0.00519467,0.00508549,0.00497776,0.00487146,0.00476658,0.00466311,0.00456102,0.0044603,0.00436094,0.00426291,0.00416621,0.00407079,0.00397666,0.00388379,0.00379215,0.00370173,0.0036125,0.00352445,0.00343754,0.00335177,0.0032671,0.00318352,0.00310099,0.00301951,0.00293904,0.00285956,0.00278105,0.00270349,0.00262685,0.0025511,0.00247624,0.00240223,0.00232905,0.00225668,0.00218509,0.00211426,0.00204418,0.0019748,0.00190612,0.00183812,0.00177075,0.00170402,0.00163788,0.00157233,0.00150734,0.00144288,0.00137893,0.00131548,0.00125249,0.00118995,0.00112784,0.00106613,0.00100481,0.000943843,0.000883217,0.000822909,0.000762896,0.000703158,0.000643674,0.000584421,0.000525379,0.000466527,0.000407843,0.000349306,0.000290896,0.000232591,0.00017437,0.000116211
