0,0,0,0,0,0,0,0,0,0,0,0,0,0,0,0,0,0,0,0,0,0,0,0,0,0,0,0,0,0,0,0,0,0,0,0,0,0,0,0,0,0,0,0,0,0,0,0,0,0,0,0,0,0,0,0,0,0,0,0,0,0,0,0,0,0,0,0,0,0,0,0,0,0,0,0,0,0,0,0,0,0,0,0,0,0,0,0,0,0,0,0,0,0,0,0,0,0,0,0,0,0,0,0,0,0,0,0,0,0,0,0,0,0,0,0,0,0,0,0,0,0,0,0,0,0,0,0,0,0,0,0,0,0,0,0,0,0,0,0,0,0,0,0,0,0,0,0,0,0,0,0,0,0,0,0,0,0,0,0,0
0,0.000337315,0.000673227,0.00100635,0.00133533,0.00165887,0.00197573,0.00228476,0.00258488,0.00287513,0.00315465,0.00342267,0.00367857,0.00392181,0.00415199,0.0043688,0.00457204,0.00476162,0.00493753,0.00509985,0.00524873,0.00538439,0.00550713,0.00561728,0.00571522,0.00580137,0.00587616,0.00594008,0.0059936,0.00603722,0.00607144,0.00609675,0.00611367,0.00612268,0.00612426,0.0061189,0.00610704,0.00608913,0.0060656,0.00603686,0.0060033,0.00596531,0.00592325,0.00587744,0.00582822,0.00577589,0.00572074,0.00566303,0.00560304,0.00554099,0.00547711,0.00541161,0.00534469,0.00527653,0.0052073,0.00513716,0.00506626,0.00499474,0.00492273,0.00485034,0.00477767,0.00470485,0.00463194,0.00455905,0.00448624,0.0044136,0.00434119,0.00426906,0.00419727,0.00412588,0.00405493,0.00398446,0.0039145,0.0038451,0.00377627,0.00370805,0.00364046,0.00357353,0.00350726,0.00344168,0.0033768,0.00331262,0.00324917,0.00318645,0.00312446,0.00306321,0.0030027,0.00294293,0.00288391,0.00282564,0.0027681,0.0027113,0.00265524,0.00259991,0.00254531,0.00249143,0.00243827,0.00238581,0.00233406,0.00228299,0.00223261,0.00218291,0.00213388,0.0020855,0.00203777,0.00199068,0.00194422,0.00189837,0.00185313,0.00180849,0.00176444,0.00172096,0.00167804,0.00163567,0.00159385,0.00155256,0.00151178,0.00147151,0.00143174,0.00139245,0.00135363,0.00131527,0.00127737,0.0012399,0.00120285,0.00116622,0.00113,0.00109416,0.00105871,0.00102363,0.000988899,0.000954517,0.000920471,0.000886747,0.000853336,0.000820226,0.000787405,0.000754863,0.000722589,0.00069057,0.000658798,0.000627259,0.000595944,0.000564842,0.000533941,0.000503232,0.000472702,0.000442341,0.000412139,0.000382085,0.000352168,0.000322377,0.000292702,0.000263132,0.000233657,0.000204266,0.000174949,0.000145695,0.000116493,8.73329e-05,5.82045e-05
0,0.000676034,0.00134924,0.00201684,0.00267611,0.00332442,0.0039593,0.00457843,0.00517964,0.005761,0.00632078,0.00685747,0.00736979,0.00785669,0.00831735,0.00875117,0.00915775,0.00953692,0.00988865,0.0102131,0.0105107,0.0107817,0.0110269,0.0112468,0.0114422,0.0116141,0.0117632,0.0118906,0.0119971,0.0120838,0.0121518,0.0122019,0.0122353,0.0122528,0.0122555,0.0122443,0.0122201,0.0121839,0.0121364,0.0120785,0.012011,0.0119347,0.0118502,0.0117583,0.0116595,0.0115546,0.011444,0.0113284,0.0112081,0.0110838,0.0109558,0.0108246,0.0106906,0.0105541,0.0104155,0.0102751,0.0101332,0.00998999,0.00984584,0.00970094,0.00955552,0.00940977,0.00926388,0.00911801,0.00897233,0.00882698,0.00868209,0.00853778,0.00839416,0.00825133,0.00810938,0.0079684,0.00782845,0.00768961,0.00755193,0.00741547,0.00728028,0.00714638,0.00701384,0.00688266,0.00675288,0.00662453,0.00649762,0.00637217,0.00624818,0.00612568,0.00600466,0.00588513,0.00576709,0.00565053,0.00553546,0.00542187,0.00530976,0.0051991,0.00508991,0.00498215,0.00487583,0.00477092,0.00466742,0.0045653,0.00446455,0.00436516,0.0042671,0.00417035,0.00407491,0.00398073,0.00388782,0.00379614,0.00370567,0.0036164,0.0035283,0.00344135,0.00335553,0.00327081,0.00318717,0.00310459,0.00302305,0.00294253,0.00286299,0.00278442,0.0027068,0.0026301,0.0025543,0.00247937,0.00240529,0.00233205,0.00225961,0.00218795,0.00211705,0.0020469,0.00197745,0.0019087,0.00184062,0.00177318,0.00170637,0.00164016,0.00157453,0.00150946,0.00144492,0.0013809,0.00131736,0.0012543,0.00119168,0.00112948,0.00106769,0.00100628,0.000945235,0.000884524,0.000824131,0.000764033,0.000704209,0.000644638,0.000585299,0.00052617,0.000467231,0.00040846,0.000349835,0.000291337,0.000232944,0.000174634,0.000116388
0,0.00101758,0.00203087,0.00303566,0.00402783,0.00500341,0.00595864,0.00689,0.00779425,0.00866846,0.00951001,0.0103166,0.0110864,0.0118178,0.0125096,0.0131608,0.0137709,0.0143396,0.014867,0.0153534,0.0157991,0.0162049,0.0165718,0.0169007,0.0171929,0.0174495,0.017672,0.0178618,0.0180204,0.0181493,0.0182499,0.0183239,0.0183726,0.0183977,0.0184006,0.0183827,0.0183453,0.0182898,0.0182176,0.0181298,0.0180277,0.0179122,0.0177847,0.017646,0.0174971,0.0173389,0.0171724,0.0169983,0.0168173,0.0166303,0.0164378,0.0162405,0.016039,0.0158338,0.0156255,0.0154145,0.0152013,0.0149862,0.0147697,0.0145521,0.0143337,0.0141148,0.0138958,0.0136768,0.0134581,0.0132399,0.0130224,0.0128058,0.0125903,0.0123759,0.0121629,0.0119513,0.0117413,0.011533,0.0113264,0.0111216,0.0109188,0.0107179,0.010519,0.0103222,0.0101276,0.009935,0.00974461,0.00955642,0.00937043,0.00918667,0.00900513,0.00882584,0.00864877,0.00847395,0.00830135,0.00813097,0.00796281,0.00779684,0.00763306,0.00747145,0.00731198,0.00715464,0.0069994,0.00684625,0.00669515,0.00654608,0.00639901,0.00625392,0.00611077,0.00596954,0.00583019,0.0056927,0.00555703,0.00542314,0.00529102,0.00516062,0.00503192,0.00490486,0.00477944,0.0046556,0.00453332,0.00441256,0.00429328,0.00417546,0.00405905,0.00394403,0.00383035,0.00371799,0.00360691,0.00349707,0.00338844,0.00328098,0.00317466,0.00306945,0.00296532,0.00286222,0.00276012,0.002659,0.00255881,0.00245952,0.00236111,0.00226352,0.00216674,0.00207073,0.00197546,0.00188089,0.00178699,0.00169372,0.00160106,0.00150898,0.00141743,0.00132639,0.00123583,0.00114571,0.001056,0.000966669,0.000877687,0.00078902,0.000700637,0.000612506,0.000524596,0.000436875,0.000349311,0.000261873,0.00017453
0,0.0013634,0.00272101,0.00406711,0.00539614,0.00670274,0.00798184,0.00922868,0.0104389,0.0116086,0.0127342,0.0138127,0.0148415,0.0158186,0.0167423,0.0176115,0.0184254,0.0191837,0.0198865,0.0205342,0.0211274,0.0216672,0.0221547,0.0225915,0.022979,0.0233191,0.0236136,0.0238643,0.0240734,0.0242429,0.0243747,0.024471,0.0245337,0.0245649,0.0245665,0.0245404,0.0244885,0.0244126,0.0243144,0.0241955,0.0240575,0.023902,0.0237303,0.0235438,0.0233439,0.0231317,0.0229084,0.022675,0.0224326,0.0221822,0.0219246,0.0216606,0.0213911,0.0211167,0.0208382,0.0205562,0.0202712,0.0199839,0.0196947,0.019404,0.0191124,0.0188201,0.0185276,0.0182353,0.0179433,0.0176521,0.0173619,0.0170728,0.0167852,0.0164991,0.0162149,0.0159327,0.0156525,0.0153746,0.015099,0.0148259,0.0145553,0.0142874,0.0140222,0.0137597,0.0135001,0.0132433,0.0129894,0.0127385,0.0124905,0.0122454,0.0120034,0.0117643,0.0115282,0.0112951,0.011065,0.0108379,0.0106137,0.0103924,0.0101741,0.0099586,0.00974601,0.00953625,0.00932931,0.00912514,0.00892371,0.008725,0.00852895,0.00833554,0.00814472,0.00795646,0.00777071,0.00758744,0.00740659,0.00722814,0.00705202,0.00687821,0.00670665,0.0065373,0.00637012,0.00620506,0.00604207,0.00588111,0.00572213,0.00556508,0.00540993,0.00525662,0.0051051,0.00495534,0.00480728,0.00466088,0.00451609,0.00437287,0.00423117,0.00409095,0.00395215,0.00381474,0.00367866,0.00354388,0.00341035,0.00327802,0.00314685,0.00301679,0.0028878,0.00275984,0.00263286,0.00250681,0.00238166,0.00225736,0.00213387,0.00201113,0.00188912,0.00176779,0.00164708,0.00152697,0.00140741,0.00128835,0.00116976,0.00105159,0.000933792,0.000816334,0.000699169,0.000582256,0.000465553,0.000349018,0.000232609
0,0.00171501,0.00342265,0.00511563,0.00678688,0.00842958,0.0100373,0.011604,0.0131241,0.0145927,0.0160054,0.0173583,0.0186483,0.0198727,0.0210295,0.0221174,0.0231355,0.0240833,0.0249611,0.0257694,0.0265092,0.0271816,0.0277884,0.0283314,0.0288126,0.0292343,0.0295988,0.0299085,0.0301662,0.0303741,0.0305351,0.0306517,0.0307264,0.0307617,0.0307601,0.0307241,0.0306558,0.0305577,0.0304318,0.0302802,0.0301049,0.0299078,0.0296906,0.0294552,0.029203,0.0289355,0.0286544,0.0283608,0.028056,0.0277413,0.0274177,0.0270863,0.026748,0.0264038,0.0260545,0.0257008,0.0253436,0.0249835,0.0246211,0.0242569,0.0238916,0.0235256,0.0231594,0.0227934,0.0224279,0.0220634,0.0217001,0.0213384,0.0209785,0.0206206,0.020265,0.0199119,0.0195615,0.0192138,0.0188692,0.0185276,0.0181893,0.0178542,0.0175226,0.0171944,0.0168698,0.0165487,0.0162313,0.0159176,0.0156075,0.0153012,0.0149987,0.0146998,0.0144047,0.0141134,0.0138257,0.0135418,0.0132616,0.0129851,0.0127122,0.0124429,0.0121772,0.0119151,0.0116564,0.0114013,0.0111496,0.0109013,0.0106563,0.0104146,0.0101761,0.00994087,0.00970877,0.00947975,0.00925378,0.00903079,0.00881073,0.00859355,0.00837918,0.00816758,0.00795869,0.00775245,0.0075488,0.00734768,0.00714904,0.00695282,0.00675897,0.00656741,0.00637811,0.00619099,0.006006,0.00582309,0.00564219,0.00546325,0.00528621,0.00511101,0.0049376,0.00476592,0.00459591,0.00442752,0.00426069,0.00409536,0.00393148,0.00376899,0.00360784,0.00344796,0.00328932,0.00313185,0.00297549,0.00282019,0.00266591,0.00251257,0.00236014,0.00220855,0.00205775,0.00190769,0.00175832,0.00160958,0.00146141,0.00131378,0.00116661,0.00101987,0.000873491,0.000727429,0.000581628,0.000436038,0.000290605
0,0.002074,0.00413894,0.00618589,0.00820617,0.0101914,0.0121338,0.0140258,0.0158609,0.0176329,0.0193364,0.020967,0.0225207,0.0239944,0.0253858,0.0266932,0.0279158,0.029053,0.0301053,0.0310732,0.0319582,0.0327618,0.033486,0.0341331,0.0347058,0.0352066,0.0356387,0.0360049,0.0363085,0.0365524,0.03674,0.0368742,0.0369584,0.0369954,0.0369882,0.0369399,0.0368531,0.0367306,0.0365749,0.0363887,0.0361742,0.0359337,0.0356694,0.0353832,0.0350772,0.0347532,0.0344128,0.0340577,0.0336893,0.0333092,0.0329186,0.0325188,0.0321108,0.0316959,0.031275,0.0308491,0.0304189,0.0299854,0.0295492,0.029111,0.0286716,0.0282314,0.027791,0.0273509,0.0269116,0.0264734,0.0260368,0.0256022,0.0251697,0.0247398,0.0243126,0.0238885,0.0234676,0.0230502,0.0226363,0.0222262,0.0218199,0.0214177,0.0210195,0.0206256,0.0202359,0.0198505,0.0194695,0.019093,0.0187209,0.0183533,0.0179902,0.0176316,0.0172775,0.0169279,0.0165827,0.0162421,0.0159059,0.0155741,0.0152467,0.0149236,0.0146049,0.0142904,0.0139801,0.013674,0.0133721,0.0130742,0.0127803,0.0124904,0.0122043,0.0119222,0.0116437,0.011369,0.011098,0.0108305,0.0105666,0.0103061,0.010049,0.00979517,0.00954462,0.00929725,0.009053,0.00881178,0.00857354,0.00833821,0.00810571,0.00787597,0.00764893,0.00742452,0.00720266,0.00698329,0.00676634,0.00655173,0.00633941,0.0061293,0.00592133,0.00571544,0.00551155,0.0053096,0.00510953,0.00491126,0.00471472,0.00451986,0.0043266,0.00413487,0.00394462,0.00375577,0.00356826,0.00338202,0.003197,0.00301312,0.00283031,0.00264852,0.00246768,0.00228773,0.0021086,0.00193022,0.00175255,0.0015755,0.00139901,0.00122304,0.0010475,0.00087234,0.000697495,0.000522901,0.000348496
0,0.00244203,0.00487321,0.00728283,0.00966048,0.0119962,0.0142805,0.0165047,0.0186607,0.0207414,0.0227405,0.0246525,0.026473,0.0281984,0.029826,0.031354,0.0327813,0.0341077,0.0353336,0.0364601,0.0374886,0.0384213,0.0392606,0.0400093,0.0406707,0.0412479,0.0417444,0.042164,0.0425103,0.0427871,0.0429981,0.043147,0.0432375,0.0432732,0.0432576,0.0431941,0.043086,0.0429365,0.0427487,0.0425254,0.0422694,0.0419834,0.0416699,0.0413312,0.0409696,0.0405872,0.040186,0.0397678,0.0393345,0.0388877,0.0384288,0.0379594,0.0374807,0.0369941,0.0365007,0.0360015,0.0354976,0.0349899,0.0344792,0.0339665,0.0334522,0.0329373,0.0324222,0.0319076,0.031394,0.0308819,0.0303716,0.0298637,0.0293585,0.0288562,0.0283573,0.0278619,0.0273704,0.0268829,0.0263996,0.0259208,0.0254466,0.024977,0.0245123,0.0240525,0.0235977,0.0231479,0.0227034,0.022264,0.0218298,0.0214009,0.0209772,0.0205589,0.0201457,0.0197379,0.0193353,0.0189379,0.0185457,0.0181587,0.0177768,0.0174,0.0170283,0.0166615,0.0162996,0.0159427,0.0155905,0.0152431,0.0149004,0.0145623,0.0142287,0.0138997,0.013575,0.0132547,0.0129386,0.0126267,0.012319,0.0120152,0.0117154,0.0114195,0.0111274,0.010839,0.0105542,0.0102729,0.00999515,0.00972077,0.00944969,0.00918184,0.00891714,0.0086555,0.00839684,0.00814108,0.00788814,0.00763794,0.00739041,0.00714545,0.00690299,0.00666296,0.00642526,0.00618982,0.00595657,0.00572542,0.0054963,0.00526913,0.00504382,0.00482031,0.00459851,0.00437836,0.00415976,0.00394265,0.00372695,0.00351258,0.00329948,0.00308755,0.00287673,0.00266695,0.00245812,0.00225018,0.00204305,0.00183665,0.00163091,0.00142577,0.00122113,0.00101694,0.00081311,0.000609576,0.000406262
0,0.00282093,0.00562905,0.00841175,0.0111567,0.0138523,0.0164874,0.0190517,0.0215359,0.0239316,0.0262316,0.0284295,0.0305204,0.0325002,0.0343658,0.0361153,0.0377478,0.039263,0.0406615,0.0419448,0.0431148,0.0441741,0.0451257,0.045973,0.0467197,0.0473697,0.0479272,0.0483964,0.0487818,0.0490876,0.0493183,0.0494781,0.0495714,0.0496023,0.0495748,0.0494929,0.0493604,0.0491809,0.0489579,0.0486948,0.0483947,0.0480607,0.0476956,0.0473021,0.0468827,0.04644,0.0459761,0.0454932,0.0449932,0.0444781,0.0439496,0.0434092,0.0428586,0.0422991,0.041732,0.0411587,0.0405801,0.0399974,0.0394115,0.0388233,0.0382337,0.0376434,0.0370531,0.0364634,0.0358751,0.0352885,0.0347042,0.0341226,0.0335442,0.0329693,0.0323983,0.0318315,0.0312691,0.0307114,0.0301586,0.0296109,0.0290685,0.0285315,0.0280001,0.0274744,0.0269544,0.0264402,0.025932,0.0254297,0.0249335,0.0244432,0.023959,0.0234809,0.0230088,0.0225427,0.0220826,0.0216286,0.0211805,0.0207383,0.0203019,0.0198714,0.0194467,0.0190277,0.0186143,0.0182065,0.0178042,0.0174074,0.0170159,0.0166297,0.0162487,0.0158728,0.015502,0.0151361,0.0147751,0.0144189,0.0140674,0.0137204,0.0133781,0.0130401,0.0127064,0.012377,0.0120518,0.0117306,0.0114134,0.0111,0.0107905,0.0104846,0.0101823,0.0098835,0.00958812,0.00929606,0.00900722,0.00872151,0.00843884,0.00815911,0.00788224,0.00760814,0.00733671,0.00706787,0.00680152,0.00653757,0.00627594,0.00601654,0.00575927,0.00550404,0.00525078,0.00499939,0.00474978,0.00450187,0.00425558,0.0040108,0.00376746,0.00352548,0.00328475,0.00304521,0.00280677,0.00256933,0.00233282,0.00209715,0.00186223,0.00162798,0.00139433,0.00116117,0.000928434,0.000696032,0.000463882
0,0.00321263,0.00641032,0.00957836,0.0127024,0.015769,0.018765,0.0216788,0.0244995,0.0272176,0.0298246,0.0323137,0.034679,0.0369161,0.0390217,0.0409938,0.0428315,0.0445348,0.0461047,0.0475428,0.0488518,0.0500348,0.0510952,0.0520373,0.0528654,0.053584,0.0541982,0.0547127,0.0551328,0.0554633,0.0557093,0.0558759,0.0559677,0.0559897,0.0559464,0.0558423,0.0556817,0.0554687,0.0552073,0.0549012,0.054554,0.0541691,0.0537497,0.0532988,0.0528193,0.052314,0.0517853,0.0512356,0.0506671,0.050082,0.0494821,0.0488693,0.0482453,0.0476116,0.0469698,0.0463211,0.0456668,0.0450081,0.044346,0.0436816,0.0430158,0.0423495,0.0416833,0.041018,0.0403543,0.0396928,0.039034,0.0383784,0.0377265,0.0370786,0.0364352,0.0357966,0.0351631,0.034535,0.0339125,0.0332958,0.0326851,0.0320805,0.0314823,0.0308905,0.0303053,0.0297266,0.0291547,0.0285895,0.0280311,0.0274795,0.0269348,0.0263969,0.0258658,0.0253415,0.024824,0.0243133,0.0238093,0.0233119,0.0228212,0.0223371,0.0218594,0.0213882,0.0209234,0.0204648,0.0200125,0.0195663,0.0191261,0.0186919,0.0182635,0.0178409,0.017424,0.0170126,0.0166068,0.0162063,0.0158112,0.0154212,0.0150363,0.0146563,0.0142813,0.013911,0.0135454,0.0131843,0.0128278,0.0124755,0.0121276,0.0117837,0.011444,0.0111081,0.0107761,0.0104478,0.0101232,0.00980204,0.00948433,0.00916993,0.00885874,0.00855066,0.0082456,0.00794343,0.00764407,0.00734742,0.00705337,0.00676182,0.00647267,0.00618582,0.00590118,0.00561865,0.00533812,0.00505949,0.00478268,0.00450758,0.0042341,0.00396214,0.0036916,0.00342239,0.00315441,0.00288756,0.00262175,0.00235689,0.00209288,0.00182962,0.00156702,0.00130499,0.00104342,0.000782239,0.000521336
0,0.00361927,0.00722125,0.0107889,0.0143057,0.017756,0.021125,0.024399,0.0275658,0.0306145,0.0335357,0.0363216,0.0389658,0.0414634,0.0438111,0.0460068,0.0480497,0.0499401,0.0516795,0.05327,0.0547149,0.0560178,0.0571831,0.0582156,0.0591204,0.0599029,0.0605688,0.0611236,0.0615732,0.0619234,0.0621799,0.0623482,0.062434,0.0624425,0.0623789,0.0622483,0.0620555,0.0618051,0.0615014,0.0611487,0.060751,0.0603119,0.0598352,0.0593241,0.0587818,0.0582113,0.0576155,0.0569968,0.0563577,0.0557006,0.0550276,0.0543407,0.0536417,0.0529324,0.0522143,0.051489,0.0507579,0.0500221,0.0492829,0.0485414,0.0477986,0.0470553,0.0463126,0.045571,0.0448314,0.0440944,0.0433606,0.0426305,0.0419046,0.0411835,0.0404674,0.0397567,0.0390518,0.038353,0.0376605,0.0369746,0.0362955,0.0356232,0.0349581,0.0343002,0.0336496,0.0330064,0.0323707,0.0317425,0.031122,0.0305091,0.0299037,0.0293061,0.028716,0.0281335,0.0275587,0.0269913,0.0264314,0.025879,0.025334,0.0247963,0.0242658,0.0237424,0.0232262,0.022717,0.0222146,0.0217191,0.0212304,0.0207482,0.0202726,0.0198033,0.0193404,0.0188837,0.0184331,0.0179885,0.0175498,0.0171168,0.0166895,0.0162677,0.0158513,0.0154403,0.0150344,0.0146336,0.0142378,0.0138468,0.0134605,0.0130789,0.0127017,0.0123289,0.0119604,0.011596,0.0112356,0.0108792,0.0105265,0.0101775,0.00983214,0.00949019,0.00915158,0.0088162,0.00848394,0.00815467,0.0078283,0.0075047,0.00718378,0.00686541,0.00654949,0.0062359,0.00592455,0.00561531,0.00530808,0.00500276,0.00469923,0.00439739,0.00409713,0.00379834,0.00350091,0.00320475,0.00290975,0.00261579,0.00232277,0.00203059,0.00173915,0.00144833,0.00115804,0.000868163,0.000578601
0,0.0040432,0.00806649,0.0120503,0.0159756,0.0198244,0.0235798,0.0272264,0.0307502,0.0341389,0.0373822,0.0404712,0.0433991,0.0461607,0.0487525,0.0511726,0.0534203,0.0554965,0.0574031,0.0591429,0.0607199,0.0621385,0.0634039,0.0645216,0.0654978,0.0663385,0.0670503,0.0676397,0.0681132,0.0684773,0.0687386,0.0689032,0.0689775,0.0689673,0.0688785,0.0687165,0.0684869,0.0681946,0.0678445,0.0674413,0.0669892,0.0664925,0.0659551,0.0653806,0.0647726,0.0641341,0.0634684,0.0627783,0.0620664,0.0613352,0.0605871,0.0598242,0.0590485,0.0582619,0.0574662,0.0566629,0.0558536,0.0550396,0.0542222,0.0534025,0.0525817,0.0517608,0.0509407,0.0501221,0.0493059,0.0484928,0.0476835,0.0468784,0.0460782,0.0452832,0.0444941,0.043711,0.0429345,0.0421648,0.0414021,0.0406467,0.0398989,0.0391589,0.0384267,0.0377025,0.0369865,0.0362786,0.0355791,0.034888,0.0342053,0.033531,0.0328651,0.0322076,0.0315586,0.030918,0.0302858,0.0296619,0.0290462,0.0284388,0.0278394,0.0272482,0.026665,0.0260896,0.0255221,0.0249622,0.02441,0.0238653,0.023328,0.022798,0.0222752,0.0217595,0.0212507,0.0207487,0.0202535,0.0197649,0.0192827,0.0188068,0.0183372,0.0178737,0.0174161,0.0169644,0.0165184,0.016078,0.015643,0.0152134,0.0147889,0.0143695,0.0139551,0.0135455,0.0131405,0.0127401,0.0123442,0.0119525,0.011565,0.0111816,0.0108021,0.0104264,0.0100544,0.00968587,0.00932081,0.00895904,0.00860046,0.00824493,0.00789234,0.00754256,0.00719546,0.00685094,0.00650887,0.00616912,0.00583159,0.00549615,0.00516268,0.00483106,0.00450118,0.00417292,0.00384617,0.0035208,0.00319669,0.00287374,0.00255183,0.00223084,0.00191065,0.00159116,0.00127224,0.000953776,0.000635659
0,0.00448705,0.00895125,0.0133701,0.017722,0.0219862,0.0261436,0.0301766,0.0340696,0.0378089,0.0413828,0.0447819,0.0479987,0.0510278,0.0538657,0.0565107,0.0589625,0.0612225,0.0632934,0.0651787,0.0668833,0.0684124,0.0697723,0.0709693,0.0720105,0.0729031,0.0736543,0.0742717,0.0747625,0.0751342,0.0753939,0.0755487,0.0756054,0.0755708,0.0754511,0.0752525,0.0749809,0.0746419,0.0742408,0.0737826,0.0732722,0.0727139,0.0721121,0.0714708,0.0707936,0.0700842,0.0693459,0.0685816,0.0677943,0.0669867,0.0661613,0.0653204,0.0644662,0.0636006,0.0627256,0.0618429,0.060954,0.0600605,0.0591637,0.0582648,0.0573651,0.0564655,0.0555672,0.0546708,0.0537774,0.0528876,0.0520021,0.0511215,0.0502464,0.0493773,0.0485147,0.0476589,0.0468104,0.0459694,0.0451363,0.0443114,0.0434947,0.0426866,0.0418872,0.0410967,0.0403151,0.0395426,0.0387793,0.0380251,0.0372801,0.0365444,0.035818,0.0351008,0.0343929,0.0336942,0.0330046,0.0323242,0.0316528,0.0309904,0.0303369,0.0296922,0.0290563,0.028429,0.0278102,0.0271999,0.0265979,0.0260041,0.0254184,0.0248407,0.0242708,0.0237087,0.0231541,0.0226071,0.0220673,0.0215347,0.0210092,0.0204907,0.0199789,0.0194737,0.0189751,0.0184828,0.0179968,0.0175169,0.0170429,0.0165747,0.0161122,0.0156553,0.0152037,0.0147573,0.0143161,0.0138799,0.0134484,0.0130217,0.0125995,0.0121818,0.0117683,0.0113589,0.0109536,0.0105521,0.0101544,0.00976025,0.00936958,0.00898224,0.0085981,0.00821702,0.00783888,0.00746354,0.00709087,0.00672073,0.00635301,0.00598757,0.00562428,0.005263,0.00490363,0.00454602,0.00419004,0.00383558,0.00348249,0.00313067,0.00277998,0.00243029,0.00208147,0.00173341,0.00138598,0.00103905,0.000692488
0,0.00495375,0.00988132,0.014757,0.019556,0.0242548,0.0288317,0.0332669,0.0375428,0.0416442,0.0455583,0.0492749,0.052786,0.0560862,0.0591719,0.0620419,0.0646965,0.0671378,0.0693692,0.0713954,0.0732221,0.0748557,0.0763034,0.0775728,0.0786719,0.079609,0.0803923,0.0810302,0.081531,0.081903,0.0821541,0.0822921,0.0823248,0.0822593,0.0821026,0.0818615,0.0815424,0.0811514,0.0806942,0.0801763,0.0796029,0.0789788,0.0783087,0.0775967,0.076847,0.0760633,0.0752492,0.074408,0.0735426,0.0726561,0.0717511,0.07083,0.0698952,0.0689488,0.0679928,0.067029,0.0660591,0.0650847,0.0641072,0.063128,0.0621482,0.0611691,0.0601916,0.0592167,0.0582453,0.057278,0.0563158,0.0553591,0.0544087,0.0534649,0.0525284,0.0515995,0.0506787,0.0497663,0.0488625,0.0479676,0.047082,0.0462057,0.045339,0.044482,0.0436348,0.0427975,0.0419702,0.041153,0.0403458,0.0395487,0.0387617,0.0379848,0.037218,0.0364612,0.0357143,0.0349774,0.0342504,0.0335331,0.0328255,0.0321275,0.0314389,0.0307598,0.03009,0.0294293,0.0287776,0.0281348,0.0275009,0.0268756,0.0262588,0.0256503,0.0250502,0.0244581,0.0238739,0.0232976,0.0227289,0.0221677,0.0216139,0.0210673,0.0205277,0.0199951,0.0194692,0.0189499,0.018437,0.0179305,0.01743,0.0169356,0.016447,0.0159641,0.0154868,0.0150148,0.014548,0.0140863,0.0136296,0.0131776,0.0127303,0.0122875,0.011849,0.0114147,0.0109844,0.010558,0.0101354,0.00971636,0.00930081,0.00888857,0.00847951,0.00807348,0.00767034,0.00726995,0.00687216,0.00647685,0.00608386,0.00569306,0.00530431,0.00491748,0.00453241,0.00414898,0.00376704,0.00338647,0.00300712,0.00262886,0.00225154,0.00187504,0.00149922,0.00112394,0.000749068
0,0.00544663,0.0108633,0.0162206,0.0214901,0.0266453,0.0316615,0.0365164,0.0411904,0.0456667,0.0499314,0.0539733,0.0577844,0.0613589,0.0646939,0.0677885,0.0706438,0.0732629,0.0756502,0.0778116,0.0797539,0.0814849,0.0830128,0.0843466,0.0854955,0.0864686,0.0872756,0.0879258,0.0884284,0.0887926,0.0890273,0.0891411,0.0891423,0.0890389,0.0888386,0.0885486,0.0881759,0.0877271,0.0872083,0.0866256,0.0859843,0.0852899,0.084547,0.0837604,0.0829344,0.0820729,0.0811797,0.0802584,0.0793122,0.0783441,0.0773569,0.0763534,0.0753359,0.0743066,0.0732678,0.0722212,0.0711687,0.070112,0.0690525,0.0679917,0.0669308,0.0658711,0.0648135,0.0637592,0.0627089,0.0616636,0.0606239,0.0595906,0.0585642,0.0575454,0.0565345,0.0555322,0.0545387,0.0535544,0.0525797,0.0516148,0.0506599,0.0497153,0.0487811,0.0478575,0.0469446,0.0460424,0.0451511,0.0442708,0.0434013,0.0425429,0.0416953,0.0408588,0.0400331,0.0392182,0.0384142,0.0376209,0.0368382,0.0360661,0.0353045,0.0345533,0.0338123,0.0330814,0.0323606,0.0316496,0.0309484,0.0302568,0.0295747,0.0289019,0.0282383,0.0275838,0.0269381,0.0263011,0.0256728,0.0250528,0.0244411,0.0238374,0.0232417,0.0226538,0.0220735,0.0215006,0.0209349,0.0203764,0.0198249,0.0192801,0.0187419,0.0182102,0.0176847,0.0171654,0.016652,0.0161445,0.0156425,0.0151461,0.0146549,0.0141689,0.0136879,0.0132117,0.0127402,0.0122732,0.0118105,0.011352,0.0108976,0.010447,0.0100002,0.00955695,0.00911711,0.00868054,0.00824707,0.00781656,0.00738886,0.00696381,0.00654127,0.00612108,0.0057031,0.00528717,0.00487315,0.00446089,0.00405024,0.00364105,0.00323318,0.00282648,0.0024208,0.002016,0.00161192,0.00120843,0.000805378
0,0.0059695,0.0119046,0.0177718,0.0235387,0.0291749,0.0346526,0.0399469,0.0450358,0.0499009,0.0545271,0.0589027,0.0630192,0.0668713,0.0704563,0.0737743,0.0768273,0.0796197,0.0821571,0.0844469,0.0864971,0.0883171,0.0899164,0.0913055,0.0924946,0.0934945,0.0943158,0.0949689,0.0954642,0.0958118,0.0960215,0.0961027,0.0960645,0.0959155,0.0956642,0.0953184,0.0948855,0.0943726,0.0937865,0.0931333,0.092419,0.0916493,0.0908292,0.0899636,0.0890572,0.0881141,0.0871384,0.0861338,0.0851036,0.0840511,0.0829792,0.0818907,0.0807883,0.0796741,0.0785505,0.0774193,0.0762827,0.0751421,0.0739992,0.0728555,0.0717123,0.0705709,0.0694323,0.0682976,0.0671677,0.0660435,0.0649257,0.0638151,0.0627123,0.0616178,0.0605322,0.059456,0.0583895,0.0573331,0.0562872,0.0552519,0.0542276,0.0532145,0.0522127,0.0512223,0.0502436,0.0492765,0.0483212,0.0473777,0.046446,0.0455261,0.0446181,0.0437218,0.0428373,0.0419645,0.0411033,0.0402537,0.0394156,0.0385888,0.0377732,0.0369689,0.0361755,0.035393,0.0346213,0.0338602,0.0331096,0.0323693,0.0316392,0.0309191,0.0302089,0.0295084,0.0288173,0.0281357,0.0274632,0.0267998,0.0261452,0.0254993,0.0248618,0.0242327,0.0236118,0.0229988,0.0223936,0.0217961,0.0212059,0.0206231,0.0200473,0.0194784,0.0189163,0.0183607,0.0178116,0.0172686,0.0167316,0.0162005,0.0156751,0.0151552,0.0146407,0.0141313,0.0136269,0.0131273,0.0126324,0.012142,0.0116559,0.011174,0.0106961,0.0102219,0.00975147,0.0092845,0.00882085,0.00836038,0.00790291,0.00744828,0.00699633,0.0065469,0.00609983,0.00565497,0.00521214,0.0047712,0.00433198,0.00389432,0.00345808,0.00302308,0.00258919,0.00215622,0.00172404,0.00129249,0.000861397
0,0.00652671,0.013014,0.0194233,0.0257178,0.031863,0.0378272,0.0435827,0.049105,0.054374,0.0593734,0.0640911,0.0685186,0.0726507,0.0764858,0.080025,0.0832716,0.0862314,0.0889118,0.0913216,0.0934707,0.0953698,0.0970304,0.0984642,0.0996831,0.100699,0.101524,0.10217,0.102648,0.102969,0.103144,0.103184,0.103097,0.102895,0.102584,0.102175,0.101675,0.101092,0.100432,0.0997021,0.0989093,0.098059,0.0971568,0.0962077,0.0952167,0.0941881,0.0931261,0.0920347,0.0909173,0.0897774,0.0886181,0.0874422,0.0862523,0.0850511,0.0838406,0.0826231,0.0814005,0.0801745,0.0789468,0.0777189,0.0764921,0.0752679,0.0740472,0.0728312,0.0716208,0.0704169,0.0692204,0.0680319,0.066852,0.0656814,0.0645206,0.0633701,0.0622302,0.0611014,0.0599839,0.0588781,0.0577842,0.0567024,0.0556328,0.0545756,0.0535309,0.0524989,0.0514795,0.0504728,0.0494788,0.0484976,0.0475291,0.0465732,0.0456299,0.0446992,0.043781,0.0428751,0.0419816,0.0411002,0.0402308,0.0393735,0.0385279,0.0376939,0.0368715,0.0360604,0.0352606,0.0344717,0.0336938,0.0329265,0.0321698,0.0314234,0.0306872,0.0299611,0.0292447,0.0285379,0.0278406,0.0271526,0.0264736,0.0258036,0.0251422,0.0244893,0.0238447,0.0232083,0.0225798,0.021959,0.0213458,0.02074,0.0201414,0.0195497,0.0189649,0.0183867,0.0178149,0.0172493,0.0166898,0.0161362,0.0155883,0.0150459,0.0145088,0.0139769,0.0134499,0.0129277,0.0124101,0.011897,0.0113881,0.0108833,0.0103823,0.00988514,0.00939149,0.00890121,0.00841413,0.00793008,0.00744888,0.00697037,0.00649438,0.00602073,0.00554926,0.00507979,0.00461215,0.00414619,0.00368173,0.0032186,0.00275664,0.00229567,0.00183554,0.00137607,0.000917105
0,0.00712332,0.0142013,0.0211897,0.0280463,0.0347319,0.0412107,0.0474515,0.0534275,0.0591166,0.0645016,0.0695698,0.0743131,0.0787272,0.0828113,0.0865681,0.0900027,0.0931227,0.0959372,0.0984571,0.100694,0.102661,0.104371,0.105838,0.107074,0.108095,0.108912,0.109539,0.109988,0.110272,0.110402,0.11039,0.110247,0.109981,0.109604,0.109123,0.108548,0.107887,0.107146,0.106334,0.105457,0.104521,0.103531,0.102494,0.101414,0.100295,0.0991433,0.0979615,0.0967536,0.0955233,0.0942736,0.0930075,0.0917279,0.0904373,0.0891379,0.0878321,0.0865217,0.0852086,0.0838946,0.0825811,0.0812695,0.0799613,0.0786574,0.0773592,0.0760675,0.0747831,0.0735071,0.07224,0.0709825,0.0697353,0.0684988,0.0672735,0.0660599,0.0648584,0.0636691,0.0624925,0.0613287,0.060178,0.0590405,0.0579164,0.0568057,0.0557086,0.0546251,0.0535552,0.052499,0.0514564,0.0504274,0.049412,0.04841,0.0474215,0.0464463,0.0454843,0.0445354,0.0435996,0.0426766,0.0417663,0.0408686,0.0399833,0.0391103,0.0382494,0.0374005,0.0365633,0.0357376,0.0349234,0.0341204,0.0333284,0.0325472,0.0317767,0.0310166,0.0302667,0.0295269,0.0287969,0.0280766,0.0273657,0.0266641,0.0259715,0.0252877,0.0246126,0.0239459,0.0232874,0.022637,0.0219944,0.0213595,0.0207319,0.0201116,0.0194983,0.0188919,0.0182921,0.0176987,0.0171115,0.0165304,0.0159552,0.0153856,0.0148215,0.0142626,0.0137088,0.0131599,0.0126157,0.0120761,0.0115407,0.0110095,0.0104823,0.00995876,0.00943884,0.00892233,0.00840903,0.00789876,0.00739134,0.00688659,0.00638433,0.00588437,0.00538655,0.00489067,0.00439657,0.00390405,0.00341296,0.0029231,0.00243429,0.00194638,0.00145917,0.000972483
0,0.00776526,0.0154782,0.0230879,0.0305459,0.0378075,0.0448323,0.0515853,0.0580369,0.0641633,0.0699465,0.0753736,0.080437,0.0851335,0.0894642,0.0934335,0.0970486,0.100319,0.103257,0.105875,0.108188,0.110209,0.111956,0.113441,0.114682,0.115693,0.116489,0.117085,0.117494,0.117729,0.117803,0.117729,0.117518,0.11718,0.116726,0.116165,0.115508,0.114761,0.113933,0.113032,0.112064,0.111036,0.109954,0.108823,0.107649,0.106437,0.10519,0.103914,0.102613,0.101288,0.0999454,0.0985865,0.0972145,0.0958322,0.0944418,0.0930456,0.0916456,0.0902438,0.0888418,0.0874413,0.0860437,0.0846502,0.0832622,0.0818807,0.0805067,0.0791411,0.0777848,0.0764385,0.0751028,0.0737784,0.0724658,0.0711654,0.0698777,0.068603,0.0673417,0.066094,0.0648602,0.0636405,0.0624349,0.0612438,0.060067,0.0589048,0.0577572,0.0566241,0.0555056,0.0544017,0.0533122,0.0522373,0.0511767,0.0501304,0.0490983,0.0480803,0.0470763,0.0460861,0.0451096,0.0441466,0.0431969,0.0422605,0.0413371,0.0404266,0.0395287,0.0386433,0.0377701,0.0369091,0.03606,0.0352225,0.0343965,0.0335818,0.0327782,0.0319854,0.0312033,0.0304316,0.0296701,0.0289186,0.028177,0.0274449,0.0267221,0.0260085,0.0253038,0.0246079,0.0239204,0.0232412,0.0225701,0.0219069,0.0212513,0.0206032,0.0199623,0.0193284,0.0187013,0.0180808,0.0174667,0.0168588,0.0162569,0.0156608,0.0150702,0.0144851,0.013905,0.01333,0.0127597,0.0121941,0.0116327,0.0110756,0.0105225,0.0099731,0.00942733,0.00888496,0.0083458,0.00780965,0.00727632,0.00674562,0.00621737,0.00569137,0.00516742,0.00464535,0.00412497,0.00360608,0.0030885,0.00257204,0.00205651,0.00154173,0.00102751
0,0.0084595,0.0168584,0.0251378,0.033242,0.0411198,0.0487257,0.0560203,0.0629714,0.0695534,0.0757474,0.081541,0.0869276,0.0919058,0.0964786,0.100653,0.104439,0.107849,0.110897,0.113599,0.115972,0.118033,0.1198,0.12129,0.12252,0.123507,0.124268,0.124818,0.125173,0.125346,0.125353,0.125205,0.124915,0.124495,0.123955,0.123305,0.122556,0.121716,0.120793,0.119796,0.118731,0.117605,0.116424,0.115195,0.113923,0.112612,0.111267,0.109893,0.108494,0.107073,0.105633,0.104179,0.102712,0.101235,0.0997514,0.0982628,0.0967715,0.0952792,0.0937877,0.0922987,0.0908136,0.0893338,0.0878605,0.0863947,0.0849376,0.0834899,0.0820526,0.0806264,0.0792119,0.0778098,0.0764205,0.0750446,0.0736824,0.0723343,0.0710007,0.0696817,0.0683777,0.0670887,0.065815,0.0645567,0.0633138,0.0620865,0.0608747,0.0596784,0.0584977,0.0573324,0.0561826,0.0550482,0.0539291,0.0528252,0.0517364,0.0506625,0.0496034,0.048559,0.0475291,0.0465135,0.0455121,0.0445247,0.0435511,0.042591,0.0416444,0.040711,0.0397906,0.038883,0.0379879,0.0371052,0.0362346,0.035376,0.034529,0.0336936,0.0328693,0.0320561,0.0312537,0.0304618,0.0296803,0.0289089,0.0281474,0.0273955,0.0266531,0.0259198,0.0251955,0.02448,0.023773,0.0230743,0.0223836,0.0217009,0.0210257,0.0203579,0.0196974,0.0190437,0.0183969,0.0177565,0.0171225,0.0164946,0.0158725,0.0152561,0.0146452,0.0140395,0.0134389,0.012843,0.0122518,0.011665,0.0110824,0.0105038,0.00992894,0.0093577,0.00878983,0.00822514,0.00766343,0.00710449,0.00654813,0.00599413,0.00544231,0.00489247,0.00434439,0.0037979,0.00325278,0.00270885,0.0021659,0.00162374,0.00108216
0,0.00921431,0.0183581,0.0273629,0.0361645,0.0447041,0.0529302,0.060799,0.0682751,0.0753314,0.0819487,0.0881154,0.0938267,0.0990834,0.103891,0.108261,0.112205,0.11574,0.118883,0.121652,0.124069,0.126152,0.127922,0.129398,0.1306,0.131547,0.132257,0.132747,0.133033,0.133131,0.133057,0.132823,0.132443,0.131929,0.131293,0.130545,0.129695,0.128754,0.127728,0.126627,0.125459,0.124229,0.122944,0.121611,0.120235,0.11882,0.117373,0.115897,0.114397,0.112875,0.111336,0.109783,0.108218,0.106645,0.105066,0.103483,0.101898,0.100314,0.0987312,0.0971522,0.0955784,0.094011,0.0924512,0.0909002,0.089359,0.0878284,0.0863094,0.0848026,0.0833087,0.0818283,0.080362,0.0789101,0.0774731,0.0760513,0.074645,0.0732546,0.0718801,0.0705218,0.0691798,0.0678543,0.0665452,0.0652526,0.0639766,0.0627172,0.0614742,0.0602478,0.0590377,0.057844,0.0566664,0.055505,0.0543595,0.0532299,0.0521159,0.0510174,0.0499343,0.0488663,0.0478134,0.0467751,0.0457515,0.0447422,0.043747,0.0427658,0.0417983,0.0408443,0.0399035,0.0389758,0.0380609,0.0371585,0.0362684,0.0353905,0.0345244,0.0336699,0.0328267,0.0319947,0.0311736,0.0303631,0.029563,0.0287731,0.0279931,0.0272228,0.0264619,0.0257103,0.0249676,0.0242336,0.0235081,0.0227909,0.0220817,0.0213803,0.0206865,0.0199999,0.0193205,0.0186479,0.017982,0.0173225,0.0166692,0.0160218,0.0153801,0.014744,0.0141132,0.0134874,0.0128665,0.0122502,0.0116383,0.0110307,0.010427,0.00982707,0.0092307,0.00863768,0.00804778,0.0074608,0.00687652,0.00629473,0.00571523,0.00513781,0.00456225,0.00398835,0.00341589,0.00284468,0.00227451,0.00170516,0.00113643
0,0.0100396,0.0199967,0.0297914,0.0393489,0.048602,0.0574921,0.0659705,0.0739987,0.0815483,0.0886006,0.0951453,0.10118,0.10671,0.111743,0.116294,0.120381,0.124023,0.127241,0.130059,0.132499,0.134584,0.136337,0.13778,0.138936,0.139825,0.140466,0.140879,0.141081,0.141089,0.14092,0.140587,0.140104,0.139486,0.138743,0.137886,0.136927,0.135875,0.134739,0.133527,0.132247,0.130907,0.129512,0.12807,0.126585,0.125062,0.123508,0.121926,0.120321,0.118695,0.117053,0.115399,0.113734,0.112062,0.110384,0.108705,0.107025,0.105346,0.103671,0.102001,0.100337,0.0986805,0.0970332,0.0953959,0.0937697,0.0921555,0.090554,0.088966,0.0873921,0.0858329,0.084289,0.0827607,0.0812485,0.0797528,0.0782736,0.0768115,0.0753664,0.0739386,0.0725282,0.0711354,0.06976,0.0684023,0.0670621,0.0657395,0.0644344,0.0631468,0.0618765,0.0606235,0.0593877,0.0581688,0.0569669,0.0557816,0.0546129,0.0534606,0.0523244,0.0512043,0.0500999,0.049011,0.0479375,0.0468792,0.0458357,0.0448069,0.0437926,0.0427924,0.0418062,0.0408336,0.0398746,0.0389287,0.0379958,0.0370756,0.0361678,0.0352723,0.0343887,0.0335167,0.0326563,0.0318069,0.0309686,0.0301408,0.0293235,0.0285164,0.0277192,0.0269316,0.0261535,0.0253845,0.0246244,0.023873,0.02313,0.0223952,0.0216683,0.0209491,0.0202373,0.0195327,0.0188351,0.0181443,0.0174599,0.0167817,0.0161096,0.0154432,0.0147824,0.014127,0.0134766,0.012831,0.0121901,0.0115536,0.0109213,0.0102929,0.00966825,0.0090471,0.00842922,0.00781441,0.00720243,0.00659306,0.00598609,0.00538129,0.00477845,0.00417735,0.00357777,0.00297949,0.00238229,0.00178596,0.00119028
0,0.0109475,0.0217978,0.0324569,0.0428378,0.0528628,0.0624656,0.0715921,0.0802008,0.0882626,0.0957599,0.102685,0.10904,0.114832,0.120076,0.124792,0.129002,0.132729,0.136001,0.138843,0.141283,0.143347,0.145061,0.146451,0.147539,0.148349,0.148904,0.149222,0.149323,0.149225,0.148946,0.1485,0.147903,0.147167,0.146306,0.14533,0.144252,0.143081,0.141825,0.140495,0.139097,0.137639,0.136128,0.134571,0.132972,0.131337,0.129671,0.127979,0.126264,0.124532,0.122784,0.121024,0.119257,0.117483,0.115705,0.113927,0.11215,0.110376,0.108606,0.106843,0.105087,0.103341,0.101605,0.0998807,0.0981686,0.0964698,0.0947851,0.0931152,0.0914608,0.0898223,0.0882004,0.0865954,0.0850077,0.0834376,0.0818854,0.0803513,0.0788355,0.0773381,0.0758592,0.074399,0.0729574,0.0715344,0.0701301,0.0687444,0.0673772,0.0660285,0.0646981,0.063386,0.0620919,0.0608158,0.0595576,0.0583169,0.0570936,0.0558876,0.0546986,0.0535264,0.0523708,0.0512316,0.0501085,0.0490013,0.0479098,0.0468337,0.0457727,0.0447266,0.0436951,0.0426781,0.0416751,0.040686,0.0397105,0.0387483,0.0377992,0.0368628,0.035939,0.0350274,0.0341278,0.0332399,0.0323634,0.0314982,0.0306438,0.0298001,0.0289668,0.0281436,0.0273302,0.0265265,0.025732,0.0249467,0.0241701,0.0234021,0.0226424,0.0218908,0.0211469,0.0204106,0.0196816,0.0189596,0.0182443,0.0175357,0.0168333,0.0161369,0.0154464,0.0147614,0.0140818,0.0134072,0.0127375,0.0120724,0.0114116,0.010755,0.0101023,0.00945325,0.00880762,0.00816519,0.00752573,0.006889,0.00625478,0.00562283,0.00499293,0.00436484,0.00373834,0.00311321,0.00248921,0.00186611,0.0012437
0,0.0119528,0.0237899,0.0354006,0.0466825,0.057546,0.0679155,0.0777314,0.0869498,0.0955415,0.103491,0.110796,0.117461,0.123502,0.128939,0.133797,0.138104,0.141891,0.145189,0.14803,0.150443,0.152461,0.154111,0.155422,0.15642,0.157131,0.157577,0.157781,0.157764,0.157544,0.157139,0.156565,0.155839,0.154974,0.153983,0.152878,0.15167,0.15037,0.148987,0.14753,0.146007,0.144425,0.142792,0.141113,0.139394,0.137642,0.13586,0.134054,0.132227,0.130383,0.128526,0.126659,0.124785,0.122907,0.121028,0.119149,0.117272,0.1154,0.113535,0.111677,0.109829,0.107992,0.106166,0.104353,0.102554,0.10077,0.0990014,0.0972491,0.0955135,0.0937953,0.0920949,0.0904128,0.0887492,0.0871046,0.085479,0.0838728,0.0822861,0.080719,0.0791716,0.077644,0.0761361,0.0746479,0.0731795,0.0717307,0.0703016,0.0688918,0.0675015,0.0661304,0.0647783,0.0634451,0.0621307,0.0608347,0.0595571,0.0582976,0.057056,0.0558321,0.0546255,0.0534361,0.0522637,0.0511079,0.0499685,0.0488453,0.0477379,0.0466462,0.0455698,0.0445084,0.0434618,0.0424298,0.0414119,0.040408,0.0394177,0.0384408,0.037477,0.0365261,0.0355876,0.0346614,0.0337472,0.0328446,0.0319535,0.0310735,0.0302043,0.0293457,0.0284974,0.0276592,0.0268306,0.0260116,0.0252017,0.0244008,0.0236086,0.0228247,0.022049,0.0212812,0.020521,0.0197681,0.0190223,0.0182833,0.0175509,0.0168248,0.0161048,0.0153906,0.014682,0.0139786,0.0132803,0.0125868,0.0118979,0.0112133,0.0105327,0.00985599,0.00918284,0.00851303,0.00784631,0.00718245,0.0065212,0.00586233,0.00520559,0.00455075,0.00389756,0.0032458,0.00259522,0.00194559,0.00129667
0,0.0130736,0.0260087,0.0386729,0.0509458,0.062723,0.073919,0.0844684,0.0943253,0.103462,0.111868,0.119545,0.126507,0.132776,0.13838,0.143352,0.147727,0.151543,0.154836,0.157643,0.16,0.161941,0.1635,0.164706,0.165589,0.166176,0.166493,0.166562,0.166407,0.166047,0.1655,0.164784,0.163914,0.162907,0.161773,0.160528,0.15918,0.157742,0.156223,0.154631,0.152975,0.151263,0.1495,0.147695,0.145852,0.143976,0.142074,0.140149,0.138205,0.136247,0.134278,0.132301,0.130318,0.128334,0.126349,0.124367,0.12239,0.120419,0.118456,0.116502,0.11456,0.11263,0.110714,0.108812,0.106925,0.105055,0.103202,0.101366,0.0995489,0.0977505,0.0959712,0.0942116,0.0924719,0.0907525,0.0890534,0.087375,0.0857172,0.0840803,0.0824643,0.0808693,0.0792951,0.0777418,0.0762093,0.0746976,0.0732065,0.0717359,0.0702857,0.0688557,0.0674458,0.0660557,0.0646853,0.0633343,0.0620026,0.0606898,0.0593958,0.0581203,0.056863,0.0556238,0.0544022,0.0531981,0.0520112,0.0508411,0.0496876,0.0485505,0.0474294,0.046324,0.0452341,0.0441593,0.0430994,0.042054,0.041023,0.0400058,0.0390024,0.0380123,0.0370353,0.036071,0.0351193,0.0341797,0.0332521,0.032336,0.0314313,0.0305376,0.0296547,0.0287821,0.0279198,0.0270673,0.0262245,0.0253909,0.0245664,0.0237506,0.0229433,0.0221442,0.0213531,0.0205696,0.0197935,0.0190245,0.0182623,0.0175067,0.0167575,0.0160143,0.0152768,0.0145449,0.0138183,0.0130967,0.0123798,0.0116675,0.0109593,0.0102552,0.00955473,0.00885778,0.00816405,0.00747329,0.00678526,0.0060997,0.00541637,0.004735,0.00405537,0.00337722,0.0027003,0.00202436,0.00134916
0,0.014333,0.0284983,0.0423366,0.0557047,0.0684812,0.0805692,0.0918978,0.102421,0.112114,0.120974,0.12901,0.136246,0.142715,0.148453,0.153503,0.15791,0.161717,0.164968,0.167707,0.169973,0.171805,0.17324,0.174313,0.175053,0.175492,0.175656,0.175569,0.175255,0.174736,0.17403,0.173155,0.172129,0.170965,0.169677,0.168279,0.166781,0.165195,0.163531,0.161796,0.16,0.15815,0.156252,0.154314,0.152341,0.150338,0.148311,0.146263,0.144199,0.142123,0.140038,0.137947,0.135854,0.13376,0.131668,0.129582,0.127501,0.125429,0.123367,0.121316,0.119279,0.117255,0.115247,0.113255,0.11128,0.109323,0.107384,0.105465,0.103566,0.101686,0.099828,0.0979906,0.0961745,0.09438,0.0926073,0.0908564,0.0891276,0.0874208,0.0857362,0.0840737,0.0824333,0.0808149,0.0792184,0.0776438,0.076091,0.0745597,0.0730498,0.0715611,0.0700935,0.0686467,0.0672206,0.0658148,0.0644291,0.0630633,0.0617172,0.0603904,0.0590827,0.0577937,0.0565233,0.0552712,0.0540369,0.0528203,0.0516211,0.0504388,0.0492733,0.0481242,0.0469913,0.0458741,0.0447724,0.0436859,0.0426143,0.0415572,0.0405143,0.0394854,0.0384702,0.0374682,0.0364792,0.035503,0.0345391,0.0335873,0.0326473,0.0317188,0.0308015,0.029895,0.0289991,0.0281135,0.0272379,0.0263719,0.0255154,0.024668,0.0238294,0.0229993,0.0221775,0.0213637,0.0205575,0.0197588,0.0189671,0.0181823,0.0174041,0.0166321,0.0158662,0.015106,0.0143513,0.0136019,0.0128573,0.0121174,0.011382,0.0106506,0.00992316,0.00919932,0.00847883,0.00776143,0.00704686,0.00633486,0.00562517,0.00491754,0.0042117,0.0035074,0.00280439,0.00210239,0.00140117
0,0.0157602,0.0313148,0.0464704,0.0610554,0.0749278,0.0879788,0.100133,0.111346,0.1216,0.130902,0.139275,0.146753,0.153383,0.159214,0.164299,0.168692,0.172447,0.175614,0.178242,0.180379,0.182066,0.183344,0.184251,0.18482,0.185083,0.185068,0.184803,0.18431,0.183612,0.182729,0.181679,0.18048,0.179146,0.177692,0.176129,0.174471,0.172728,0.170909,0.169023,0.167079,0.165084,0.163045,0.160969,0.15886,0.156725,0.154568,0.152393,0.150205,0.148007,0.145803,0.143596,0.141389,0.139184,0.136983,0.134789,0.132604,0.130429,0.128267,0.126118,0.123983,0.121865,0.119764,0.117681,0.115616,0.113572,0.111548,0.109544,0.107562,0.105602,0.103664,0.101748,0.0998556,0.0979858,0.0961392,0.0943159,0.0925159,0.0907392,0.088986,0.0872561,0.0855495,0.083866,0.0822057,0.0805684,0.0789539,0.077362,0.0757927,0.0742455,0.0727204,0.0712172,0.0697355,0.0682751,0.0668358,0.0654172,0.0640192,0.0626414,0.0612835,0.0599452,0.0586263,0.0573264,0.0560451,0.0547823,0.0535375,0.0523105,0.0511009,0.0499084,0.0487327,0.0475734,0.0464303,0.0453029,0.0441911,0.0430943,0.0420124,0.040945,0.0398918,0.0388524,0.0378265,0.0368139,0.0358141,0.0348269,0.0338519,0.0328888,0.0319374,0.0309973,0.0300682,0.0291497,0.0282416,0.0273436,0.0264554,0.0255766,0.024707,0.0238463,0.0229941,0.0221502,0.0213142,0.020486,0.0196651,0.0188514,0.0180444,0.017244,0.0164499,0.0156617,0.0148792,0.0141021,0.0133301,0.012563,0.0118005,0.0110422,0.010288,0.00953752,0.00879053,0.00804674,0.00730589,0.00656772,0.00583194,0.00509829,0.0043665,0.00363632,0.00290746,0.00217966,0.00145267
0,0.0173929,0.0345305,0.0511747,0.0671185,0.0821959,0.0962854,0.109309,0.121229,0.132039,0.141761,0.150433,0.15811,0.16485,0.170721,0.175787,0.180113,0.183764,0.186798,0.18927,0.191234,0.192736,0.19382,0.194527,0.194893,0.194952,0.194732,0.194263,0.193569,0.192673,0.191594,0.190353,0.188966,0.187448,0.185814,0.184076,0.182246,0.180336,0.178353,0.176308,0.174209,0.172063,0.169876,0.167655,0.165406,0.163133,0.160842,0.158536,0.156221,0.153898,0.151572,0.149246,0.146922,0.144603,0.142291,0.139988,0.137697,0.135418,0.133153,0.130904,0.128672,0.126458,0.124263,0.122088,0.119934,0.117801,0.11569,0.113602,0.111537,0.109495,0.107477,0.105483,0.103514,0.101569,0.099648,0.0977521,0.0958809,0.0940343,0.0922125,0.0904152,0.0886425,0.0868942,0.0851701,0.0834702,0.0817943,0.080142,0.0785133,0.0769079,0.0753256,0.0737661,0.0722291,0.0707144,0.0692217,0.0677507,0.0663011,0.0648726,0.0634648,0.0620775,0.0607103,0.0593629,0.058035,0.0567262,0.0554363,0.0541648,0.0529114,0.0516758,0.0504577,0.0492567,0.0480724,0.0469045,0.0457528,0.0446167,0.0434961,0.0423905,0.0412996,0.0402231,0.0391607,0.0381119,0.0370765,0.0360542,0.0350446,0.0340473,0.0330621,0.0320887,0.0311266,0.0301756,0.0292354,0.0283056,0.0273859,0.0264761,0.0255758,0.0246846,0.0238024,0.0229287,0.0220633,0.0212058,0.020356,0.0195136,0.0186783,0.0178497,0.0170276,0.0162117,0.0154016,0.0145972,0.0137981,0.013004,0.0122147,0.0114298,0.0106491,0.00987226,0.00909903,0.00832913,0.00756227,0.00679818,0.00603658,0.00527718,0.00451971,0.0037639,0.00300947,0.00225614,0.00150363
0,0.0192809,0.0382397,0.0565793,0.0740481,0.090452,0.105658,0.11959,0.132221,0.143567,0.153668,0.162588,0.170401,0.177188,0.183032,0.188014,0.192211,0.195698,0.198542,0.200807,0.20255,0.203823,0.204674,0.205144,0.205274,0.205098,0.204646,0.203949,0.203031,0.201915,0.200623,0.199173,0.197582,0.195866,0.19404,0.192115,0.190103,0.188015,0.185861,0.183648,0.181386,0.179081,0.176741,0.17437,0.171975,0.16956,0.167131,0.16469,0.162243,0.159793,0.157342,0.154894,0.152451,0.150016,0.14759,0.145177,0.142777,0.140392,0.138024,0.135674,0.133343,0.131032,0.128742,0.126474,0.124229,0.122008,0.11981,0.117637,0.115488,0.113365,0.111266,0.109194,0.107147,0.105127,0.103132,0.101164,0.0992212,0.0973048,0.0954144,0.0935499,0.0917112,0.0898981,0.0881105,0.0863482,0.0846109,0.0828985,0.0812108,0.0795473,0.077908,0.0762925,0.0747006,0.0731319,0.0715861,0.0700629,0.068562,0.067083,0.0656257,0.0641896,0.0627745,0.06138,0.0600058,0.0586514,0.0573166,0.056001,0.0547042,0.0534259,0.0521657,0.0509232,0.0496981,0.0484901,0.0472988,0.0461238,0.0449647,0.0438213,0.0426931,0.0415798,0.0404811,0.0393966,0.038326,0.0372689,0.0362249,0.0351938,0.0341751,0.0331686,0.032174,0.0311908,0.0302187,0.0292575,0.0283067,0.0273661,0.0264354,0.0255142,0.0246021,0.023699,0.0228044,0.021918,0.0210396,0.0201688,0.0193053,0.0184489,0.0175991,0.0167558,0.0159185,0.0150871,0.0142611,0.0134403,0.0126245,0.0118132,0.0110063,0.0102034,0.00940422,0.00860849,0.0078159,0.00702617,0.00623902,0.00545415,0.00467128,0.00389012,0.00311039,0.00233179,0.00155405
0,0.0214911,0.0425681,0.0628548,0.0820427,0.0999062,0.116304,0.13117,0.144501,0.156339,0.166757,0.17585,0.183719,0.19047,0.196205,0.201024,0.205019,0.208274,0.210867,0.212867,0.214337,0.215333,0.215907,0.216103,0.215961,0.215518,0.214807,0.213855,0.21269,0.211334,0.209809,0.208133,0.206324,0.204396,0.202364,0.20024,0.198035,0.195761,0.193426,0.191038,0.188606,0.186136,0.183636,0.181109,0.178563,0.176002,0.17343,0.170851,0.168269,0.165687,0.163109,0.160536,0.157972,0.155418,0.152877,0.150351,0.147841,0.145349,0.142877,0.140424,0.137993,0.135585,0.1332,0.130838,0.128502,0.126191,0.123906,0.121647,0.119414,0.117209,0.11503,0.112879,0.110755,0.108659,0.10659,0.104549,0.102536,0.100549,0.0985905,0.0966589,0.0947543,0.0928766,0.0910256,0.0892011,0.0874028,0.0856305,0.0838839,0.0821627,0.0804667,0.0787955,0.0771489,0.0755264,0.0739278,0.0723528,0.0708009,0.0692719,0.0677653,0.0662809,0.0648183,0.063377,0.0619567,0.0605571,0.0591778,0.0578184,0.0564786,0.0551578,0.0538559,0.0525724,0.0513069,0.0500591,0.0488285,0.0476149,0.0464178,0.0452369,0.0440717,0.0429221,0.0417874,0.0406675,0.039562,0.0384704,0.0373925,0.0363278,0.035276,0.0342369,0.0332099,0.0321948,0.0311913,0.0301989,0.0292174,0.0282464,0.0272855,0.0263345,0.025393,0.0244607,0.0235372,0.0226223,0.0217156,0.0208167,0.0199255,0.0190414,0.0181643,0.0172938,0.0164296,0.0155714,0.0147189,0.0138718,0.0130297,0.0121924,0.0113595,0.0105308,0.00970599,0.0088847,0.00806667,0.0072516,0.00643918,0.00562913,0.00482114,0.00401491,0.00321016,0.00240659,0.00160391
0,0.0241155,0.0476866,0.070229,0.0913619,0.110826,0.128481,0.144285,0.158273,0.170529,0.181173,0.190336,0.198155,0.204766,0.210295,0.21486,0.218567,0.221513,0.223784,0.225456,0.226597,0.227266,0.227518,0.227398,0.226949,0.226208,0.225207,0.223976,0.22254,0.220923,0.219146,0.217227,0.215183,0.21303,0.21078,0.208446,0.206038,0.203568,0.201043,0.198472,0.195863,0.193222,0.190556,0.187869,0.185167,0.182455,0.179736,0.177015,0.174295,0.171579,0.168869,0.16617,0.163482,0.160808,0.15815,0.15551,0.152888,0.150288,0.147709,0.145153,0.142621,0.140114,0.137633,0.135178,0.132749,0.130348,0.127975,0.12563,0.123314,0.121026,0.118767,0.116537,0.114336,0.112164,0.110021,0.107907,0.105823,0.103767,0.101739,0.0997409,0.0977706,0.0958285,0.0939143,0.0920278,0.0901687,0.0883368,0.0865316,0.084753,0.0830006,0.081274,0.079573,0.0778971,0.0762461,0.0746196,0.0730171,0.0714383,0.0698829,0.0683505,0.0668406,0.065353,0.0638871,0.0624426,0.0610192,0.0596164,0.0582338,0.0568711,0.0555278,0.0542036,0.0528981,0.0516108,0.0503414,0.0490895,0.0478547,0.0466367,0.045435,0.0442493,0.0430791,0.0419241,0.040784,0.0396584,0.0385468,0.0374489,0.0363644,0.0352929,0.034234,0.0331874,0.0321527,0.0311295,0.0301175,0.0291164,0.0281258,0.0271454,0.0261748,0.0252136,0.0242616,0.0233184,0.0223837,0.0214571,0.0205383,0.019627,0.0187229,0.0178256,0.0169348,0.0160501,0.0151714,0.0142981,0.0134301,0.0125671,0.0117086,0.0108544,0.0100042,0.00915768,0.00831451,0.00747438,0.006637,0.00580205,0.00496923,0.00413824,0.00330877,0.00248052,0.00165317
0,0.0272844,0.0538339,0.0790127,0.10235,0.123556,0.14251,0.159217,0.173775,0.186333,0.197068,0.206164,0.2138,0.220144,0.225349,0.229552,0.232876,0.235427,0.2373,0.238576,0.239328,0.239617,0.2395,0.239023,0.23823,0.237157,0.235838,0.2343,0.232571,0.230672,0.228625,0.226446,0.224153,0.22176,0.21928,0.216724,0.214104,0.211429,0.208706,0.205945,0.203153,0.200334,0.197496,0.194644,0.191781,0.188914,0.186045,0.183178,0.180317,0.177463,0.174621,0.171792,0.168978,0.166182,0.163405,0.160649,0.157915,0.155205,0.152519,0.149858,0.147225,0.144618,0.14204,0.13949,0.136969,0.134478,0.132017,0.129585,0.127184,0.124814,0.122474,0.120165,0.117887,0.11564,0.113423,0.111237,0.109081,0.106955,0.10486,0.102795,0.100759,0.0987525,0.0967754,0.0948272,0.0929076,0.0910163,0.0891529,0.0873171,0.0855086,0.0837271,0.081972,0.0802431,0.07854,0.0768623,0.0752096,0.0735815,0.0719776,0.0703976,0.0688409,0.0673072,0.0657961,0.0643072,0.06284,0.0613942,0.0599693,0.058565,0.0571807,0.0558162,0.054471,0.0531447,0.0518368,0.0505471,0.049275,0.0480202,0.0467823,0.0455609,0.0443556,0.043166,0.0419917,0.0408323,0.0396874,0.0385568,0.0374399,0.0363364,0.0352459,0.0341681,0.0331025,0.0320489,0.0310069,0.029976,0.028956,0.0279465,0.0269471,0.0259575,0.0249773,0.0240061,0.0230437,0.0220897,0.0211438,0.0202055,0.0192747,0.0183508,0.0174337,0.016523,0.0156183,0.0147193,0.0138257,0.0129372,0.0120534,0.011174,0.0102988,0.00942731,0.0085593,0.00769443,0.00683238,0.00597285,0.00511551,0.00426006,0.00340617,0.00255353,0.00170183
0,0.0311883,0.0613517,0.0896385,0.115467,0.138539,0.158784,0.176299,0.191278,0.203961,0.214604,0.223453,0.230737,0.236661,0.241404,0.245125,0.247958,0.25002,0.251413,0.252221,0.252521,0.252375,0.251841,0.250965,0.24979,0.248353,0.246686,0.244817,0.242771,0.24057,0.238234,0.23578,0.233223,0.230578,0.227856,0.225068,0.222225,0.219336,0.216409,0.21345,0.210467,0.207466,0.204451,0.201428,0.198401,0.195375,0.192352,0.189336,0.18633,0.183337,0.180359,0.177398,0.174457,0.171537,0.168639,0.165766,0.162918,0.160097,0.157303,0.154537,0.151801,0.149094,0.146418,0.143773,0.14116,0.138578,0.136028,0.13351,0.131025,0.128572,0.126151,0.123763,0.121408,0.119085,0.116794,0.114535,0.112309,0.110114,0.107951,0.105819,0.103718,0.101647,0.0996077,0.0975981,0.0956183,0.0936679,0.0917466,0.0898541,0.0879899,0.0861536,0.0843449,0.0825634,0.0808086,0.0790801,0.0773776,0.0757005,0.0740486,0.0724213,0.0708182,0.0692389,0.067683,0.06615,0.0646395,0.0631511,0.0616843,0.0602387,0.058814,0.0574096,0.0560251,0.0546601,0.0533142,0.051987,0.0506781,0.0493869,0.0481132,0.0468565,0.0456164,0.0443925,0.0431844,0.0419917,0.040814,0.0396509,0.0385019,0.0373668,0.0362452,0.0351365,0.0340406,0.0329569,0.0318851,0.0308249,0.0297758,0.0287375,0.0277097,0.0266919,0.0256838,0.0246851,0.0236954,0.0227143,0.0217415,0.0207767,0.0198194,0.0188694,0.0179263,0.0169898,0.0160595,0.0151351,0.0142162,0.0133026,0.0123938,0.0114896,0.0105896,0.0096935,0.00880096,0.00791166,0.00702527,0.00614147,0.00525992,0.00438031,0.00350232,0.00262561,0.00174987
0,0.036117,0.0707464,0.102722,0.131343,0.156347,0.177788,0.195917,0.211075,0.223629,0.233932,0.242307,0.249034,0.254357,0.258483,0.261585,0.26381,0.265283,0.266109,0.266376,0.266159,0.265523,0.264523,0.263206,0.261613,0.259779,0.257736,0.255511,0.253126,0.250604,0.247962,0.245216,0.242382,0.239471,0.236497,0.233467,0.230393,0.227282,0.224142,0.22098,0.217801,0.21461,0.211414,0.208216,0.205021,0.201831,0.198651,0.195484,0.192331,0.189196,0.18608,0.182986,0.179915,0.176869,0.17385,0.170858,0.167895,0.164961,0.162058,0.159187,0.156347,0.15354,0.150766,0.148025,0.145319,0.142646,0.140007,0.137403,0.134833,0.132297,0.129796,0.127329,0.124896,0.122498,0.120133,0.117802,0.115505,0.113241,0.11101,0.108812,0.106646,0.104512,0.10241,0.100339,0.0982996,0.0962905,0.0943117,0.0923628,0.0904432,0.0885527,0.0866908,0.084857,0.0830509,0.0812721,0.0795201,0.0777946,0.076095,0.0744208,0.0727718,0.0711473,0.069547,0.0679704,0.066417,0.0648864,0.0633782,0.0618918,0.0604269,0.0589831,0.0575597,0.0561565,0.054773,0.0534088,0.0520633,0.0507363,0.0494272,0.0481356,0.0468611,0.0456034,0.0443619,0.0431362,0.041926,0.0407308,0.0395503,0.0383839,0.0372314,0.0360924,0.0349663,0.0338529,0.0327518,0.0316626,0.0305848,0.0295181,0.0284622,0.0274167,0.0263811,0.0253552,0.0243385,0.0233307,0.0223314,0.0213403,0.020357,0.0193812,0.0184124,0.0174504,0.0164949,0.0155454,0.0146015,0.0136631,0.0127297,0.0118009,0.0108765,0.00995613,0.0090394,0.00812599,0.00721558,0.00630783,0.0054024,0.00449896,0.00359718,0.00269673,0.00179726
0,0.0425334,0.0827948,0.119159,0.150837,0.177717,0.200106,0.218507,0.233477,0.245547,0.25519,0.262808,0.268736,0.273252,0.276585,0.278921,0.280415,0.281194,0.281364,0.281014,0.280216,0.279035,0.277521,0.275722,0.273676,0.271415,0.268969,0.266364,0.26362,0.260757,0.257793,0.254742,0.251617,0.24843,0.245192,0.241912,0.238598,0.235258,0.231898,0.228526,0.225145,0.221761,0.218379,0.215002,0.211635,0.208279,0.204939,0.201617,0.198314,0.195035,0.191779,0.18855,0.185348,0.182175,0.179032,0.175921,0.172842,0.169795,0.166783,0.163804,0.160861,0.157953,0.15508,0.152244,0.149444,0.14668,0.143952,0.141261,0.138606,0.135988,0.133406,0.13086,0.128351,0.125877,0.123439,0.121036,0.118668,0.116335,0.114037,0.111772,0.109542,0.107345,0.105181,0.103049,0.10095,0.098883,0.0968471,0.0948421,0.0928676,0.0909233,0.0890085,0.0871229,0.085266,0.0834373,0.0816363,0.0798627,0.0781159,0.0763954,0.0747008,0.0730316,0.0713874,0.0697676,0.0681717,0.0665994,0.0650502,0.0635235,0.0620189,0.060536,0.0590743,0.0576333,0.0562127,0.0548118,0.0534303,0.0520677,0.0507237,0.0493976,0.0480892,0.046798,0.0455235,0.0442653,0.043023,0.0417962,0.0405844,0.0393872,0.0382043,0.0370352,0.0358795,0.0347368,0.0336067,0.0324888,0.0313827,0.0302881,0.0292044,0.0281315,0.0270688,0.026016,0.0249727,0.0239385,0.0229131,0.0218961,0.0208871,0.0198858,0.0188918,0.0179047,0.0169242,0.0159499,0.0149815,0.0140186,0.0130609,0.0121079,0.0111595,0.0102151,0.00927452,0.00833735,0.00740325,0.00647188,0.0055429,0.00461596,0.00369072,0.00276685,0.001844
0,0.0512217,0.0987402,0.140283,0.175129,0.203579,0.22641,0.244527,0.258778,0.269893,0.278473,0.284998,0.289849,0.293331,0.295683,0.297099,0.297734,0.297714,0.29714,0.296098,0.294658,0.292878,0.290806,0.288486,0.285953,0.283236,0.280362,0.277354,0.274232,0.271012,0.267711,0.264341,0.260913,0.25744,0.253929,0.250389,0.246828,0.243252,0.239668,0.236079,0.232492,0.228911,0.225338,0.221779,0.218236,0.214712,0.211209,0.207729,0.204276,0.20085,0.197453,0.194087,0.190752,0.187451,0.184184,0.180952,0.177756,0.174596,0.171473,0.168387,0.16534,0.16233,0.159359,0.156426,0.153532,0.150677,0.14786,0.145083,0.142343,0.139642,0.13698,0.134356,0.131769,0.12922,0.126709,0.124234,0.121796,0.119395,0.117029,0.114699,0.112405,0.110145,0.107919,0.105727,0.103569,0.101444,0.0993515,0.097291,0.0952621,0.0932643,0.0912972,0.0893602,0.0874529,0.0855748,0.0837253,0.0819041,0.0801105,0.0783442,0.0766045,0.0748911,0.0732034,0.0715408,0.069903,0.0682895,0.0666997,0.0651331,0.0635894,0.0620679,0.0605682,0.0590899,0.0576325,0.0561955,0.0547784,0.0533808,0.0520022,0.0506421,0.0493002,0.0479759,0.0466688,0.0453786,0.0441046,0.0428465,0.0416039,0.0403764,0.0391634,0.0379647,0.0367797,0.0356081,0.0344494,0.0333033,0.0321693,0.031047,0.0299361,0.0288361,0.0277466,0.0266673,0.0255978,0.0245376,0.0234864,0.0224439,0.0214096,0.0203832,0.0193642,0.0183524,0.0173473,0.0163487,0.015356,0.014369,0.0133873,0.0124105,0.0114383,0.0104704,0.00950624,0.00854564,0.00758819,0.00663355,0.00568135,0.00473126,0.00378291,0.00283596,0.00189006
0,0.0636132,0.120661,0.168104,0.205818,0.235059,0.25743,0.274412,0.287214,0.296776,0.303812,0.308861,0.312333,0.314538,0.315718,0.316059,0.315709,0.314786,0.313385,0.311581,0.309439,0.307011,0.304341,0.301464,0.298413,0.295214,0.291889,0.28846,0.284941,0.28135,0.277698,0.273996,0.270257,0.266487,0.262695,0.258889,0.255074,0.251256,0.247441,0.243632,0.239834,0.236051,0.232285,0.22854,0.224819,0.221123,0.217455,0.213816,0.210209,0.206635,0.203096,0.199591,0.196123,0.192693,0.189301,0.185947,0.182633,0.179359,0.176126,0.172932,0.16978,0.166669,0.163599,0.16057,0.157582,0.154636,0.15173,0.148866,0.146042,0.143259,0.140516,0.137813,0.13515,0.132526,0.129942,0.127396,0.124888,0.122419,0.119986,0.117591,0.115233,0.11291,0.110624,0.108372,0.106155,0.103973,0.101824,0.0997083,0.0976254,0.0955747,0.0935557,0.0915679,0.0896107,0.0876837,0.0857862,0.0839179,0.0820781,0.0802663,0.0784821,0.0767249,0.0749942,0.0732895,0.0716102,0.0699559,0.068326,0.06672,0.0651375,0.063578,0.0620409,0.0605257,0.059032,0.0575593,0.056107,0.0546748,0.0532621,0.0518685,0.0504935,0.0491367,0.0477975,0.0464755,0.0451703,0.0438815,0.0426085,0.041351,0.0401084,0.0388804,0.0376666,0.0364665,0.0352796,0.0341056,0.0329441,0.0317946,0.0306568,0.0295301,0.0284143,0.0273089,0.0262135,0.0251277,0.0240512,0.0229835,0.0219243,0.0208731,0.0198296,0.0187934,0.0177641,0.0167414,0.0157248,0.0147141,0.0137088,0.0127085,0.011713,0.0107217,0.00973446,0.00875079,0.00777035,0.00679278,0.00581772,0.00484482,0.00387371,0.00290403,0.00193542
0,0.0825701,0.152186,0.205655,0.24498,0.273408,0.29384,0.308477,0.31889,0.326184,0.331137,0.334302,0.336082,0.336771,0.336591,0.33571,0.334258,0.332338,0.330031,0.327403,0.324507,0.321388,0.31808,0.314616,0.311021,0.307317,0.303522,0.299653,0.295724,0.291747,0.287733,0.283691,0.27963,0.275556,0.271476,0.267397,0.263322,0.259258,0.255207,0.251174,0.247162,0.243173,0.239211,0.235278,0.231376,0.227506,0.223671,0.219872,0.21611,0.212387,0.208703,0.20506,0.201457,0.197897,0.194379,0.190903,0.187471,0.184083,0.180738,0.177437,0.17418,0.170967,0.167798,0.164673,0.161591,0.158554,0.155559,0.152608,0.1497,0.146835,0.144012,0.141231,0.138492,0.135794,0.133136,0.130519,0.127942,0.125405,0.122907,0.120447,0.118025,0.11564,0.113293,0.110982,0.108707,0.106468,0.104263,0.102093,0.0999566,0.0978536,0.0957832,0.093745,0.0917385,0.089763,0.0878181,0.0859031,0.0840176,0.082161,0.0803328,0.0785323,0.0767591,0.0750127,0.0732924,0.0715978,0.0699284,0.0682836,0.0666628,0.0650657,0.0634916,0.0619401,0.0604106,0.0589026,0.0574157,0.0559494,0.0545031,0.0530764,0.0516688,0.0502798,0.048909,0.0475558,0.0462198,0.0449006,0.0435977,0.0423106,0.0410389,0.0397821,0.0385398,0.0373116,0.036097,0.0348956,0.033707,0.0325307,0.0313663,0.0302134,0.0290716,0.0279405,0.0268197,0.0257087,0.0246072,0.0235147,0.0224309,0.0213553,0.0202877,0.0192275,0.0181744,0.017128,0.0160879,0.0150538,0.0140252,0.0130019,0.0119833,0.0109692,0.0099591,0.00895272,0.00794964,0.00694951,0.00595195,0.00495659,0.00396307,0.00297102,0.00198007
0,0.114481,0.199857,0.25735,0.295038,0.319753,0.336046,0.346765,0.353685,0.357933,0.360249,0.36113,0.360923,0.359874,0.358165,0.355931,0.353274,0.350276,0.346999,0.343493,0.339799,0.335951,0.331977,0.3279,0.323739,0.31951,0.315229,0.310907,0.306555,0.302182,0.297797,0.293406,0.289015,0.284631,0.280257,0.275899,0.271561,0.267245,0.262956,0.258695,0.254465,0.250269,0.246108,0.241985,0.2379,0.233855,0.229851,0.22589,0.221973,0.218099,0.21427,0.210487,0.206749,0.203058,0.199414,0.195816,0.192266,0.188762,0.185306,0.181897,0.178535,0.175221,0.171953,0.168731,0.165557,0.162428,0.159345,0.156308,0.153316,0.150369,0.147466,0.144608,0.141792,0.13902,0.136291,0.133603,0.130957,0.128352,0.125788,0.123264,0.120779,0.118333,0.115926,0.113556,0.111224,0.108928,0.106668,0.104444,0.102255,0.1001,0.0979786,0.0958906,0.0938352,0.0918119,0.08982,0.087859,0.0859284,0.0840274,0.0821557,0.0803125,0.0784974,0.0767098,0.0749491,0.0732148,0.0715063,0.0698231,0.0681646,0.0665304,0.0649199,0.0633325,0.0617677,0.060225,0.058704,0.057204,0.0557246,0.0542653,0.0528255,0.0514049,0.0500028,0.0486189,0.0472526,0.0459035,0.0445711,0.0432549,0.0419545,0.0406693,0.0393991,0.0381432,0.0369013,0.0356729,0.0344576,0.0332549,0.0320644,0.0308857,0.0297183,0.0285619,0.027416,0.0262802,0.0251541,0.0240372,0.0229293,0.0218297,0.0207383,0.0196545,0.0185779,0.0175083,0.0164451,0.015388,0.0143365,0.0132904,0.0122492,0.0112126,0.0101801,0.00915134,0.008126,0.00710368,0.00608398,0.00506654,0.00405098,0.00303692,0.00202399
0,0.175498,0.275411,0.32885,0.35807,0.37452,0.383827,0.388853,0.391151,0.391615,0.390795,0.389046,0.386604,0.383637,0.380264,0.376574,0.372633,0.368493,0.364195,0.35977,0.355245,0.350642,0.345977,0.341267,0.336523,0.331757,0.326977,0.322191,0.317407,0.31263,0.307866,0.303119,0.298394,0.293694,0.289023,0.284383,0.279777,0.275207,0.270676,0.266185,0.261736,0.25733,0.252968,0.248653,0.244384,0.240163,0.23599,0.231865,0.227791,0.223766,0.219792,0.215868,0.211995,0.208173,0.204402,0.200682,0.197013,0.193395,0.189827,0.18631,0.182844,0.179428,0.176061,0.172744,0.169476,0.166257,0.163086,0.159963,0.156887,0.153859,0.150877,0.14794,0.14505,0.142204,0.139403,0.136645,0.133931,0.131259,0.12863,0.126042,0.123495,0.120988,0.118521,0.116093,0.113704,0.111352,0.109038,0.10676,0.104518,0.102312,0.100141,0.0980036,0.0959,0.0938294,0.0917912,0.0897847,0.0878094,0.0858647,0.08395,0.0820647,0.0802083,0.07838,0.0765794,0.0748059,0.073059,0.0713379,0.0696423,0.0679715,0.066325,0.0647023,0.0631027,0.0615259,0.0599711,0.058438,0.056926,0.0554346,0.0539632,0.0525114,0.0510786,0.0496644,0.0482683,0.0468898,0.0455283,0.0441835,0.0428548,0.0415418,0.0402439,0.0389609,0.0376921,0.0364371,0.0351955,0.0339669,0.0327507,0.0315466,0.0303542,0.0291729,0.0280023,0.0268421,0.0256918,0.024551,0.0234192,0.0222961,0.0211813,0.0200743,0.0189747,0.0178821,0.0167962,0.0157164,0.0146425,0.0135741,0.0125106,0.0114518,0.0103973,0.00934659,0.00829937,0.00725522,0.00621377,0.00517462,0.00413739,0.0031017,0.00206716
0,0.312099,0.39744,0.42457,0.43387,0.436431,0.435887,0.43367,0.43045,0.426581,0.422272,0.417653,0.412811,0.407806,0.402681,0.397468,0.392191,0.386869,0.381517,0.376147,0.37077,0.365393,0.360024,0.354668,0.349331,0.344017,0.33873,0.333474,0.328251,0.323065,0.317918,0.312812,0.307748,0.30273,0.297757,0.292832,0.287957,0.283131,0.278356,0.273633,0.268963,0.264346,0.259783,0.255274,0.250821,0.246422,0.242079,0.237791,0.233559,0.229383,0.225263,0.221199,0.21719,0.213237,0.209339,0.205497,0.201709,0.197977,0.194298,0.190673,0.187103,0.183585,0.18012,0.176707,0.173346,0.170037,0.166778,0.16357,0.160411,0.157302,0.154241,0.151228,0.148262,0.145344,0.142471,0.139644,0.136862,0.134124,0.13143,0.128779,0.12617,0.123603,0.121077,0.118592,0.116146,0.113739,0.111371,0.10904,0.106747,0.10449,0.102269,0.100083,0.0979319,0.0958146,0.0937306,0.0916793,0.08966,0.0876721,0.0857151,0.0837882,0.081891,0.0800227,0.0781828,0.0763706,0.0745857,0.0728274,0.0710952,0.0693884,0.0677065,0.066049,0.0644152,0.0628047,0.0612168,0.0596511,0.0581069,0.0565839,0.0550814,0.0535989,0.0521359,0.050692,0.0492665,0.047859,0.046469,0.045096,0.0437395,0.042399,0.0410741,0.0397643,0.0384691,0.037188,0.0359206,0.0346665,0.0334251,0.032196,0.0309788,0.0297731,0.0285783,0.0273941,0.02622,0.0250557,0.0239005,0.0227543,0.0216165,0.0204866,0.0193644,0.0182493,0.0171411,0.0160391,0.0149431,0.0138527,0.0127674,0.0116869,0.0106107,0.00953839,0.00846966,0.00740408,0.00634125,0.00528078,0.00422227,0.00316533,0.00210957
1,0.675458,0.57768,0.538121,0.516407,0.501449,0.48962,0.479491,0.470397,0.461987,0.454058,0.446484,0.439182,0.432096,0.425186,0.418426,0.411794,0.405275,0.398857,0.392533,0.386294,0.380137,0.374056,0.36805,0.362115,0.35625,0.350453,0.344723,0.339059,0.333461,0.327929,0.322461,0.317058,0.311719,0.306444,0.301233,0.296086,0.291003,0.285984,0.281029,0.276137,0.271308,0.266543,0.261841,0.257202,0.252626,0.248112,0.243661,0.239272,0.234945,0.230679,0.226474,0.22233,0.218246,0.214222,0.210257,0.206351,0.202504,0.198715,0.194983,0.191308,0.187689,0.184127,0.180619,0.177166,0.173767,0.170421,0.167128,0.163886,0.160696,0.157557,0.154468,0.151428,0.148437,0.145494,0.142598,0.139749,0.136946,0.134188,0.131474,0.128804,0.126177,0.123593,0.121051,0.118549,0.116088,0.113666,0.111283,0.108939,0.106632,0.104362,0.102128,0.0999299,0.0977666,0.0956375,0.0935419,0.0914792,0.0894488,0.08745,0.0854822,0.0835447,0.081637,0.0797584,0.0779082,0.076086,0.074291,0.0725227,0.0707805,0.0690637,0.0673719,0.0657045,0.0640608,0.0624404,0.0608426,0.0592669,0.0577127,0.0561796,0.054667,0.0531743,0.051701,0.0502467,0.0488108,0.0473927,0.045992,0.0446082,0.0432408,0.0418893,0.0405532,0.039232,0.0379253,0.0366325,0.0353533,0.0340871,0.0328335,0.0315921,0.0303623,0.0291438,0.027936,0.0267386,0.0255511,0.0243731,0.0232041,0.0220437,0.0208914,0.019747,0.0186098,0.0174796,0.0163559,0.0152382,0.0141262,0.0130195,0.0119176,0.0108201,0.00972666,0.00863682,0.0075502,0.00646639,0.00538499,0.00430559,0.00322779,0.00215119
1,0.812055,0.699699,0.633827,0.592189,0.563337,0.541653,0.524276,0.50966,0.496913,0.48549,0.475043,0.465336,0.456208,0.447542,0.439255,0.431283,0.423579,0.416104,0.408832,0.401737,0.394803,0.388015,0.38136,0.374829,0.368414,0.362108,0.355906,0.349802,0.343793,0.337875,0.332046,0.326303,0.320644,0.315066,0.30957,0.304152,0.298812,0.293549,0.288361,0.283247,0.278207,0.27324,0.268345,0.263521,0.258768,0.254084,0.249469,0.244923,0.240445,0.236033,0.231688,0.227409,0.223194,0.219044,0.214958,0.210935,0.206974,0.203074,0.199236,0.195457,0.191738,0.188078,0.184476,0.180931,0.177443,0.174011,0.170633,0.16731,0.164041,0.160824,0.157659,0.154546,0.151483,0.14847,0.145506,0.14259,0.139722,0.136901,0.134125,0.131395,0.128709,0.126067,0.123468,0.120912,0.118397,0.115922,0.113488,0.111093,0.108737,0.106419,0.104138,0.101893,0.0996844,0.0975108,0.0953717,0.0932662,0.0911939,0.089154,0.0871459,0.0851689,0.0832223,0.0813056,0.079418,0.077559,0.0757279,0.0739242,0.0721471,0.0703961,0.0686707,0.0669701,0.0652939,0.0636414,0.062012,0.0604053,0.0588206,0.0572574,0.0557152,0.0541933,0.0526913,0.0512086,0.0497447,0.0482991,0.0468712,0.0454606,0.0440667,0.0426891,0.0413272,0.0399805,0.0386486,0.037331,0.0360271,0.0347366,0.033459,0.0321937,0.0309404,0.0296985,0.0284676,0.0272473,0.0260371,0.0248366,0.0236453,0.0224627,0.0212885,0.0201223,0.0189635,0.0178117,0.0166666,0.0155277,0.0143945,0.0132667,0.0121439,0.0110255,0.00991132,0.00880079,0.00769353,0.00658914,0.0054872,0.00438731,0.00328905,0.00219202
1,0.873063,0.775235,0.7053,0.655183,0.618058,0.589378,0.5663,0.547053,0.530514,0.515948,0.502861,0.490912,0.479857,0.46952,0.45977,0.450506,0.441653,0.43315,0.424952,0.41702,0.409325,0.40184,0.394547,0.387428,0.38047,0.37366,0.36699,0.360449,0.354032,0.347733,0.341545,0.335464,0.329486,0.323609,0.317827,0.31214,0.306544,0.301038,0.295618,0.290284,0.285033,0.279865,0.274778,0.269769,0.264839,0.259986,0.255209,0.250506,0.245878,0.241321,0.236837,0.232423,0.228079,0.223804,0.219596,0.215456,0.211382,0.207373,0.203428,0.199547,0.195729,0.191972,0.188276,0.18464,0.181064,0.177545,0.174085,0.17068,0.167332,0.164038,0.160799,0.157613,0.154479,0.151397,0.148365,0.145384,0.142452,0.139568,0.136731,0.133941,0.131197,0.128499,0.125844,0.123233,0.120665,0.118139,0.115654,0.113209,0.110804,0.108439,0.106111,0.103821,0.101567,0.0993498,0.0971677,0.0950203,0.0929067,0.0908264,0.0887786,0.0867627,0.0847779,0.0828237,0.0808993,0.0790042,0.0771376,0.075299,0.0734877,0.0717031,0.0699445,0.0682114,0.0665032,0.0648192,0.063159,0.0615218,0.0599071,0.0583144,0.056743,0.0551925,0.0536623,0.0521518,0.0506605,0.0491878,0.0477333,0.0462963,0.0448765,0.0434732,0.042086,0.0407143,0.0393577,0.0380157,0.0366877,0.0353733,0.0340721,0.0327835,0.031507,0.0302423,0.0289887,0.027746,0.0265135,0.0252909,0.0240777,0.0228735,0.0216778,0.0204901,0.0193101,0.0181372,0.0169711,0.0158113,0.0146575,0.013509,0.0123657,0.0112269,0.0100923,0.00896148,0.007834,0.00670944,0.00558738,0.0044674,0.0033491,0.00223204
1,0.90496,0.822879,0.756953,0.705187,0.664335,0.631502,0.604493,0.581739,0.562141,0.544925,0.529542,0.515593,0.502789,0.490912,0.479797,0.469318,0.459375,0.449892,0.440806,0.432067,0.423634,0.415474,0.407559,0.399867,0.392377,0.385074,0.377943,0.370974,0.364155,0.357479,0.350936,0.344522,0.33823,0.332054,0.325991,0.320037,0.314187,0.30844,0.30279,0.297237,0.291778,0.28641,0.281131,0.27594,0.270834,0.265813,0.260874,0.256016,0.251238,0.246538,0.241915,0.237368,0.232895,0.228495,0.224168,0.219911,0.215725,0.211607,0.207558,0.203575,0.199657,0.195805,0.192016,0.18829,0.184626,0.181023,0.177479,0.173995,0.170568,0.167199,0.163885,0.160627,0.157423,0.154273,0.151175,0.148129,0.145133,0.142187,0.139291,0.136442,0.133641,0.130886,0.128176,0.125512,0.122891,0.120314,0.117779,0.115286,0.112833,0.11042,0.108047,0.105712,0.103414,0.101154,0.0989293,0.0967405,0.0945864,0.0924663,0.0903795,0.0883253,0.086303,0.084312,0.0823515,0.0804209,0.0785195,0.0766466,0.0748017,0.072984,0.071193,0.069428,0.0676884,0.0659735,0.0642829,0.0626158,0.0609717,0.05935,0.0577501,0.0561715,0.0546136,0.0530758,0.0515576,0.0500584,0.0485777,0.047115,0.0456697,0.0442413,0.0428293,0.0414331,0.0400523,0.0386863,0.0373347,0.035997,0.0346726,0.0333611,0.032062,0.0307748,0.0294991,0.0282343,0.0269801,0.0257359,0.0245013,0.0232758,0.0220589,0.0208503,0.0196495,0.018456,0.0172693,0.0160892,0.014915,0.0137464,0.0125829,0.0114241,0.0102695,0.00911885,0.00797156,0.00682725,0.00568548,0.00454584,0.00340789,0.00227122
1,0.923898,0.854367,0.794449,0.744275,0.702592,0.667802,0.63843,0.61327,0.591387,0.572071,0.554787,0.53913,0.524794,0.511541,0.499189,0.487593,0.476639,0.466237,0.456313,0.446808,0.437671,0.428863,0.42035,0.412102,0.404098,0.396315,0.388736,0.381348,0.374136,0.36709,0.3602,0.353458,0.346856,0.340388,0.334047,0.327829,0.321729,0.315743,0.309866,0.304097,0.29843,0.292865,0.287397,0.282024,0.276745,0.271557,0.266458,0.261447,0.25652,0.251678,0.246917,0.242238,0.237637,0.233114,0.228668,0.224297,0.219999,0.215774,0.21162,0.207536,0.203521,0.199574,0.195694,0.191878,0.188128,0.18444,0.180815,0.177252,0.173748,0.170303,0.166917,0.163588,0.160315,0.157097,0.153933,0.150823,0.147765,0.144758,0.141802,0.138895,0.136037,0.133227,0.130464,0.127747,0.125075,0.122447,0.119863,0.117321,0.114821,0.112363,0.109944,0.107565,0.105224,0.102921,0.100655,0.098426,0.0962321,0.0940729,0.0919479,0.0898561,0.087797,0.0857698,0.0837739,0.0818084,0.0798728,0.0779664,0.0760885,0.0742384,0.0724155,0.0706192,0.0688488,0.0671037,0.0653833,0.0636869,0.0620139,0.0603639,0.058736,0.0571299,0.0555449,0.0539803,0.0524358,0.0509106,0.0494043,0.0479163,0.0464461,0.0449931,0.0435567,0.0421366,0.0407321,0.0393427,0.037968,0.0366073,0.0352603,0.0339264,0.0326051,0.031296,0.0299985,0.0287122,0.0274367,0.0261713,0.0249157,0.0236694,0.0224319,0.0212028,0.0199816,0.0187679,0.0175612,0.016361,0.0151669,0.0139786,0.0127954,0.011617,0.010443,0.00927283,0.00810616,0.00694251,0.00578147,0.00462258,0.00346542,0.00230956
1,0.936267,0.876241,0.8222,0.774871,0.733957,0.698685,0.668156,0.641524,0.618066,0.597184,0.578404,0.561348,0.545715,0.53127,0.517824,0.505225,0.493351,0.482104,0.471402,0.461179,0.45138,0.441957,0.432874,0.424096,0.415596,0.407351,0.399339,0.391544,0.383951,0.376545,0.369316,0.362254,0.355349,0.348593,0.34198,0.335503,0.329157,0.322936,0.316836,0.310853,0.304983,0.299222,0.293567,0.288016,0.282565,0.277212,0.271955,0.266791,0.261719,0.256735,0.251839,0.247029,0.242302,0.237657,0.233093,0.228608,0.224201,0.219869,0.215613,0.211429,0.207318,0.203277,0.199306,0.195402,0.191566,0.187796,0.18409,0.180448,0.176868,0.17335,0.169891,0.166492,0.163151,0.159866,0.156638,0.153464,0.150345,0.147278,0.144264,0.1413,0.138387,0.135522,0.132706,0.129937,0.127214,0.124537,0.121904,0.119315,0.116769,0.114265,0.111802,0.109379,0.106996,0.104652,0.102345,0.100076,0.0978431,0.0956456,0.093483,0.0913544,0.0892592,0.0871966,0.0851658,0.0831662,0.0811971,0.0792578,0.0773475,0.0754657,0.0736116,0.0717846,0.069984,0.0682093,0.0664597,0.0647346,0.0630334,0.0613555,0.0597003,0.0580672,0.0564556,0.054865,0.0532946,0.0517441,0.0502127,0.0487,0.0472053,0.0457282,0.0442681,0.0428245,0.0413968,0.0399845,0.0385871,0.0372041,0.0358349,0.0344791,0.0331362,0.0318056,0.0304868,0.0291795,0.027883,0.026597,0.0253209,0.0240542,0.0227966,0.0215474,0.0203063,0.0190728,0.0178464,0.0166267,0.0154133,0.0142056,0.0130032,0.0118056,0.0106125,0.00942335,0.00823773,0.0070552,0.0058753,0.0046976,0.00352166,0.00234704
1,0.944927,0.892131,0.843241,0.799052,0.75968,0.724823,0.693983,0.666606,0.642167,0.620197,0.600299,0.582141,0.565449,0.550001,0.535612,0.522132,0.509437,0.497426,0.486013,0.475127,0.464711,0.454713,0.445092,0.435811,0.42684,0.418153,0.409726,0.40154,0.393578,0.385824,0.378266,0.370892,0.363692,0.356656,0.349777,0.343047,0.336459,0.330009,0.323689,0.317496,0.311426,0.305473,0.299635,0.293907,0.288287,0.282772,0.277359,0.272045,0.266828,0.261706,0.256676,0.251736,0.246885,0.24212,0.23744,0.232843,0.228327,0.22389,0.219532,0.21525,0.211043,0.20691,0.202849,0.198859,0.194939,0.191087,0.187302,0.183582,0.179928,0.176336,0.172807,0.169338,0.16593,0.16258,0.159288,0.156052,0.152872,0.149747,0.146675,0.143655,0.140687,0.137769,0.1349,0.13208,0.129308,0.126582,0.123902,0.121266,0.118675,0.116126,0.11362,0.111155,0.10873,0.106345,0.103998,0.10169,0.0994186,0.0971836,0.0949841,0.0928195,0.0906888,0.0885915,0.0865266,0.0844936,0.0824917,0.0805201,0.0785782,0.0766653,0.0747807,0.0729236,0.0710936,0.0692898,0.0675116,0.0657584,0.0640296,0.0623246,0.0606426,0.0589832,0.0573456,0.0557293,0.0541338,0.0525583,0.0510025,0.0494655,0.0479471,0.0464464,0.0449631,0.0434965,0.0420461,0.0406115,0.0391919,0.037787,0.0363962,0.035019,0.0336549,0.0323033,0.0309638,0.0296359,0.028319,0.0270128,0.0257166,0.0244301,0.0231527,0.021884,0.0206235,0.0193706,0.0181251,0.0168863,0.0156538,0.0144273,0.0132061,0.0119898,0.0107781,0.00957037,0.00836624,0.00716525,0.00596694,0.00477087,0.00357659,0.00238365
1,0.951311,0.904114,0.85958,0.818415,0.780888,0.746946,0.716347,0.688751,0.663798,0.641137,0.620453,0.601467,0.583941,0.567672,0.552491,0.538253,0.52484,0.512149,0.500095,0.488607,0.477624,0.467093,0.45697,0.447217,0.437801,0.428694,0.419872,0.411312,0.402996,0.394908,0.387032,0.379357,0.371871,0.364563,0.357425,0.350448,0.343625,0.33695,0.330416,0.324018,0.317751,0.31161,0.305591,0.299691,0.293905,0.28823,0.282663,0.277202,0.271843,0.266584,0.261422,0.256355,0.251381,0.246498,0.241703,0.236996,0.232373,0.227833,0.223375,0.218996,0.214695,0.210471,0.206322,0.202247,0.198244,0.194311,0.190448,0.186652,0.182924,0.17926,0.175661,0.172125,0.16865,0.165236,0.161881,0.158585,0.155345,0.152162,0.149033,0.145959,0.142936,0.139966,0.137046,0.134176,0.131355,0.128582,0.125855,0.123174,0.120538,0.117946,0.115397,0.11289,0.110424,0.107999,0.105614,0.103267,0.100958,0.0986861,0.0964506,0.0942506,0.0920853,0.0899539,0.0878558,0.08579,0.083756,0.0817529,0.07978,0.0778367,0.0759222,0.0740358,0.0721769,0.0703447,0.0685386,0.066758,0.0650022,0.0632706,0.0615625,0.0598772,0.0582143,0.056573,0.0549528,0.0533531,0.0517733,0.0502128,0.048671,0.0471474,0.0456414,0.0441524,0.0426799,0.0412233,0.0397822,0.0383559,0.036944,0.0355459,0.034161,0.032789,0.0314292,0.0300812,0.0287445,0.0274185,0.0261028,0.0247969,0.0235003,0.0222124,0.0209329,0.0196612,0.018397,0.0171396,0.0158886,0.0146436,0.0134041,0.0121696,0.0109396,0.00971381,0.00849163,0.00727263,0.00605636,0.00484236,0.00363018,0.00241937
1,0.956202,0.913433,0.872551,0.834142,0.79851,0.765728,0.735706,0.708254,0.683136,0.660102,0.638909,0.619333,0.601174,0.584256,0.568426,0.553551,0.539519,0.526234,0.513612,0.501582,0.490084,0.479064,0.468477,0.458285,0.448453,0.438952,0.429755,0.42084,0.412187,0.403778,0.395598,0.387633,0.379871,0.3723,0.364911,0.357695,0.350644,0.34375,0.337007,0.330408,0.323949,0.317625,0.311429,0.305359,0.299411,0.29358,0.287863,0.282257,0.276758,0.271365,0.266073,0.260882,0.255787,0.250787,0.24588,0.241064,0.236336,0.231695,0.227138,0.222664,0.218271,0.213958,0.209722,0.205562,0.201477,0.197466,0.193525,0.189655,0.185854,0.18212,0.178453,0.17485,0.17131,0.167833,0.164417,0.16106,0.157763,0.154522,0.151338,0.148209,0.145135,0.142113,0.139143,0.136224,0.133355,0.130534,0.127762,0.125036,0.122357,0.119722,0.117131,0.114583,0.112078,0.109614,0.10719,0.104806,0.10246,0.100152,0.0978816,0.095647,0.0934479,0.0912833,0.0891525,0.0870548,0.0849894,0.0829555,0.0809524,0.0789794,0.0770357,0.0751206,0.0732335,0.0713736,0.0695403,0.0677329,0.0659507,0.0641931,0.0624595,0.0607491,0.0590614,0.0573958,0.0557515,0.0541281,0.0525249,0.0509414,0.0493769,0.0478308,0.0463026,0.0447918,0.0432977,0.0418198,0.0403576,0.0389105,0.037478,0.0360595,0.0346545,0.0332625,0.031883,0.0305154,0.0291592,0.027814,0.0264793,0.0251544,0.023839,0.0225326,0.0212345,0.0199445,0.018662,0.0173864,0.0161174,0.0148544,0.013597,0.0123448,0.0110971,0.00985362,0.00861384,0.00737729,0.00614351,0.00491204,0.00368242,0.00245418
1,0.960063,0.920866,0.88305,0.84709,0.813281,0.78175,0.752494,0.725423,0.70039,0.677225,0.655748,0.635783,0.617168,0.599752,0.583404,0.568006,0.553453,0.539656,0.526537,0.514026,0.502065,0.490602,0.479591,0.468994,0.458775,0.448904,0.439356,0.430106,0.421133,0.41242,0.403949,0.395707,0.38768,0.379856,0.372225,0.364778,0.357505,0.350399,0.343452,0.33666,0.330014,0.32351,0.317143,0.310907,0.3048,0.298816,0.292951,0.287203,0.281568,0.276043,0.270625,0.265311,0.260098,0.254984,0.249967,0.245044,0.240213,0.235472,0.230818,0.226251,0.221767,0.217366,0.213045,0.208803,0.204638,0.200549,0.196533,0.19259,0.188718,0.184915,0.18118,0.177511,0.173908,0.170369,0.166893,0.163478,0.160123,0.156826,0.153588,0.150406,0.14728,0.144208,0.141189,0.138222,0.135306,0.13244,0.129622,0.126853,0.124131,0.121454,0.118823,0.116235,0.113691,0.111188,0.108727,0.106306,0.103925,0.101582,0.0992765,0.0970082,0.094776,0.0925789,0.0904164,0.0882874,0.0861914,0.0841274,0.0820948,0.0800927,0.0781206,0.0761775,0.0742629,0.072376,0.0705162,0.0686826,0.0668747,0.0650918,0.0633333,0.0615984,0.0598865,0.0581971,0.0565294,0.0548829,0.053257,0.051651,0.0500643,0.0484964,0.0469467,0.0454145,0.0438994,0.0424007,0.040918,0.0394506,0.037998,0.0365596,0.035135,0.0337235,0.0323248,0.0309381,0.0295631,0.0281991,0.0268458,0.0255025,0.0241689,0.0228443,0.0215282,0.0202203,0.01892,0.0176268,0.0163402,0.0150597,0.0137849,0.0125153,0.0112504,0.00998975,0.00873283,0.00747919,0.00622837,0.00497989,0.00373328,0.00248807
1,0.963184,0.926918,0.891691,0.857889,0.825775,0.795496,0.767099,0.740553,0.715778,0.692661,0.671074,0.650883,0.63196,0.614182,0.597434,0.581615,0.566631,0.552401,0.538853,0.525921,0.513549,0.501687,0.490291,0.479323,0.468748,0.458535,0.448659,0.439094,0.429821,0.420819,0.412072,0.403565,0.395285,0.387219,0.379356,0.371685,0.364199,0.356888,0.349745,0.342764,0.335937,0.329258,0.322724,0.316327,0.310065,0.303932,0.297924,0.292037,0.286269,0.280615,0.275073,0.269639,0.26431,0.259085,0.253959,0.248932,0.244,0.239161,0.234413,0.229754,0.225182,0.220694,0.21629,0.211967,0.207724,0.203558,0.199469,0.195454,0.191512,0.187641,0.18384,0.180108,0.176442,0.172843,0.169307,0.165835,0.162424,0.159073,0.155781,0.152548,0.149371,0.146249,0.143182,0.140169,0.137207,0.134296,0.131435,0.128623,0.125859,0.123142,0.12047,0.117844,0.115261,0.112721,0.110224,0.107767,0.105351,0.102973,0.100635,0.0983334,0.0960689,0.0938402,0.0916466,0.0894873,0.0873613,0.085268,0.0832066,0.0811764,0.0791764,0.0772061,0.0752647,0.0733515,0.0714657,0.0696067,0.0677738,0.0659663,0.0641835,0.0624247,0.0606893,0.0589767,0.0572863,0.0556173,0.0539692,0.0523413,0.0507331,0.0491439,0.0475731,0.0460203,0.0444847,0.0429658,0.0414631,0.0399759,0.0385038,0.0370461,0.0356024,0.034172,0.0327545,0.0313493,0.0299559,0.0285737,0.0272023,0.0258411,0.0244897,0.0231474,0.0218139,0.0204886,0.0191709,0.0178605,0.0165568,0.0152594,0.0139677,0.0126812,0.0113995,0.0101221,0.00884855,0.00757829,0.00631089,0.00504586,0.00378274,0.00252103
1,0.965756,0.931932,0.898908,0.866998,0.836434,0.807362,0.779851,0.753912,0.729507,0.706566,0.685002,0.664717,0.645609,0.62758,0.610535,0.594387,0.579055,0.564465,0.550552,0.537255,0.524522,0.512306,0.500565,0.48926,0.478358,0.467831,0.45765,0.447792,0.438236,0.428963,0.419955,0.411198,0.402676,0.394379,0.386293,0.378409,0.370718,0.363209,0.355877,0.348713,0.341711,0.334864,0.328167,0.321614,0.315201,0.308922,0.302775,0.296753,0.290855,0.285076,0.279412,0.273861,0.26842,0.263085,0.257854,0.252724,0.247694,0.242759,0.237919,0.23317,0.228511,0.22394,0.219454,0.215052,0.210732,0.206492,0.20233,0.198245,0.194235,0.190298,0.186432,0.182637,0.178911,0.175252,0.171659,0.16813,0.164664,0.161261,0.157917,0.154633,0.151407,0.148237,0.145123,0.142063,0.139057,0.136103,0.133199,0.130345,0.127541,0.124784,0.122073,0.119409,0.116789,0.114213,0.11168,0.109188,0.106737,0.104327,0.101955,0.099622,0.0973261,0.0950666,0.0928428,0.0906537,0.0884987,0.0863769,0.0842875,0.0822297,0.0802028,0.0782059,0.0762384,0.0742996,0.0723886,0.0705049,0.0686476,0.0668161,0.0650097,0.0632277,0.0614695,0.0597343,0.0580217,0.0563308,0.0546611,0.053012,0.0513828,0.049773,0.0481818,0.0466088,0.0450533,0.0435148,0.0419926,0.0404863,0.0389952,0.0375187,0.0360564,0.0346076,0.0331719,0.0317487,0.0303374,0.0289376,0.0275486,0.02617,0.0248013,0.0234419,0.0220913,0.0207491,0.0194147,0.0180876,0.0167673,0.0154533,0.0141452,0.0128423,0.0115444,0.0102507,0.00896095,0.00767455,0.00639105,0.00510995,0.00383078,0.00255305
1,0.967908,0.936144,0.90501,0.874762,0.845601,0.817664,0.791033,0.765738,0.741772,0.719096,0.697652,0.677372,0.658179,0.639994,0.62274,0.606345,0.590737,0.575853,0.561634,0.548026,0.53498,0.522451,0.510401,0.498793,0.487595,0.476779,0.466317,0.456188,0.446369,0.436841,0.427588,0.418594,0.409844,0.401327,0.393029,0.384941,0.377053,0.369355,0.361841,0.354501,0.347329,0.340319,0.333465,0.326761,0.320202,0.313783,0.307499,0.301347,0.295322,0.289421,0.283639,0.277974,0.272423,0.266981,0.261648,0.256418,0.251291,0.246263,0.241333,0.236497,0.231753,0.227099,0.222534,0.218055,0.21366,0.209347,0.205115,0.200961,0.196884,0.192882,0.188954,0.185098,0.181312,0.177596,0.173946,0.170363,0.166844,0.163388,0.159994,0.15666,0.153386,0.150169,0.147009,0.143905,0.140855,0.137858,0.134913,0.132019,0.129175,0.126379,0.123631,0.120929,0.118273,0.115662,0.113094,0.110568,0.108084,0.105641,0.103238,0.100873,0.0985468,0.0962574,0.0940041,0.0917863,0.089603,0.0874534,0.0853368,0.0832523,0.0811991,0.0791764,0.0771836,0.0752199,0.0732844,0.0713766,0.0694956,0.0676408,0.0658115,0.064007,0.0622265,0.0604696,0.0587353,0.0570233,0.0553327,0.0536629,0.0520134,0.0503834,0.0487725,0.0471799,0.0456051,0.0440475,0.0425065,0.0409815,0.0394719,0.0379773,0.0364969,0.0350303,0.0335769,0.0321362,0.0307076,0.0292906,0.0278846,0.0264891,0.0251036,0.0237276,0.0223605,0.0210019,0.0196512,0.0183079,0.0169715,0.0156415,0.0143174,0.0129987,0.0116849,0.0103755,0.00906999,0.00776793,0.00646881,0.00517212,0.00387738,0.00258411
1,0.969733,0.939727,0.910226,0.881441,0.853544,0.826662,0.800878,0.776236,0.752746,0.730392,0.70914,0.688941,0.66974,0.651476,0.634088,0.617513,0.601695,0.586576,0.572105,0.558234,0.544919,0.532118,0.519795,0.507916,0.496451,0.485372,0.474653,0.464273,0.45421,0.444445,0.434962,0.425745,0.41678,0.408054,0.399555,0.391273,0.383197,0.375319,0.367629,0.360121,0.352786,0.345619,0.338614,0.331763,0.325063,0.318508,0.312092,0.305813,0.299665,0.293645,0.287749,0.281974,0.276315,0.27077,0.265336,0.26001,0.254789,0.249671,0.244652,0.239731,0.234905,0.230171,0.225528,0.220974,0.216506,0.212122,0.207821,0.2036,0.199459,0.195394,0.191404,0.187489,0.183645,0.179872,0.176167,0.172531,0.16896,0.165453,0.16201,0.158628,0.155307,0.152045,0.14884,0.145693,0.1426,0.139562,0.136577,0.133643,0.13076,0.127927,0.125142,0.122404,0.119713,0.117067,0.114465,0.111907,0.109391,0.106916,0.104482,0.102087,0.0997306,0.097412,0.0951303,0.0928844,0.0906737,0.0884971,0.086354,0.0842436,0.0821649,0.0801172,0.0780998,0.0761119,0.0741527,0.0722215,0.0703176,0.0684402,0.0665887,0.0647622,0.0629603,0.0611821,0.059427,0.0576943,0.0559834,0.0542936,0.0526243,0.0509749,0.0493448,0.0477332,0.0461397,0.0445636,0.0430043,0.0414612,0.0399338,0.0384215,0.0369237,0.0354398,0.0339693,0.0325116,0.0310662,0.0296326,0.0282101,0.0267982,0.0253965,0.0240044,0.0226213,0.0212468,0.0198803,0.0185213,0.0171692,0.0158237,0.0144842,0.0131501,0.011821,0.0104963,0.00917562,0.00785839,0.00654413,0.00523234,0.00392253,0.0026142
1,0.971297,0.942806,0.914724,0.88723,0.860471,0.834561,0.809582,0.785581,0.762583,0.740587,0.719573,0.699513,0.680365,0.662083,0.644621,0.627927,0.611953,0.596651,0.581977,0.567888,0.554343,0.541307,0.528745,0.516626,0.504921,0.493604,0.482651,0.472041,0.461752,0.451768,0.44207,0.432645,0.423477,0.414555,0.405866,0.397399,0.389144,0.381093,0.373236,0.365566,0.358076,0.350758,0.343607,0.336616,0.329779,0.323092,0.31655,0.310148,0.303881,0.297747,0.29174,0.285857,0.280094,0.274449,0.268918,0.263497,0.258185,0.252978,0.247874,0.24287,0.237964,0.233152,0.228434,0.223806,0.219267,0.214815,0.210446,0.206161,0.201956,0.19783,0.193781,0.189807,0.185907,0.182079,0.178322,0.174633,0.171011,0.167456,0.163964,0.160536,0.157169,0.153863,0.150615,0.147425,0.144291,0.141213,0.138188,0.135216,0.132296,0.129426,0.126605,0.123833,0.121107,0.118428,0.115794,0.113203,0.110656,0.10815,0.105686,0.103262,0.100877,0.09853,0.0962205,0.0939475,0.0917101,0.0895075,0.0873388,0.0852032,0.0830998,0.0810279,0.0789866,0.0769753,0.0749931,0.0730393,0.0711131,0.0692138,0.0673407,0.0654931,0.0636703,0.0618716,0.0600962,0.0583436,0.056613,0.0549039,0.0532155,0.0515473,0.0498985,0.0482686,0.046657,0.0450629,0.043486,0.0419254,0.0403808,0.0388513,0.0373366,0.035836,0.0343489,0.0328748,0.0314132,0.0299634,0.028525,0.0270973,0.0256798,0.0242721,0.0228736,0.0214837,0.0201019,0.0187277,0.0173606,0.016,0.0146455,0.0132966,0.0119526,0.0106132,0.0092778,0.0079459,0.006617,0.0052906,0.0039662,0.0026433
1,0.97265,0.945474,0.918636,0.892286,0.86655,0.841531,0.817305,0.793925,0.771419,0.749798,0.729055,0.709172,0.690122,0.671872,0.654385,0.63762,0.621538,0.606099,0.591264,0.576996,0.56326,0.550022,0.537252,0.524921,0.513003,0.501473,0.490307,0.479487,0.468991,0.458803,0.448907,0.439287,0.429929,0.420822,0.411953,0.403312,0.394888,0.386673,0.378657,0.370833,0.363193,0.355731,0.34844,0.341313,0.334346,0.327532,0.320868,0.314347,0.307966,0.30172,0.295606,0.289619,0.283756,0.278013,0.272388,0.266876,0.261476,0.256184,0.250996,0.245912,0.240927,0.236041,0.231249,0.22655,0.221942,0.217423,0.21299,0.208641,0.204375,0.200189,0.196082,0.192052,0.188098,0.184216,0.180407,0.176668,0.172997,0.169394,0.165856,0.162382,0.158971,0.155622,0.152332,0.149101,0.145928,0.14281,0.139747,0.136738,0.133782,0.130876,0.128021,0.125214,0.122456,0.119744,0.117078,0.114457,0.111879,0.109344,0.10685,0.104398,0.101985,0.0996106,0.0972744,0.0949751,0.092712,0.0904841,0.0882905,0.0861306,0.0840033,0.0819079,0.0798436,0.0778096,0.0758052,0.0738295,0.0718818,0.0699613,0.0680674,0.0661993,0.0643563,0.0625377,0.0607428,0.0589709,0.0572214,0.0554935,0.0537867,0.0521002,0.0504334,0.0487858,0.0471566,0.0455453,0.0439513,0.0423738,0.0408125,0.0392665,0.0377355,0.0362187,0.0347156,0.0332257,0.0317483,0.030283,0.0288291,0.0273861,0.0259535,0.0245307,0.0231172,0.0217125,0.0203159,0.0189271,0.0175454,0.0161703,0.0148014,0.013438,0.0120798,0.0107261,0.00937649,0.00803041,0.00668737,0.00534687,0.00400838,0.00267141
1,0.97383,0.947804,0.92206,0.896726,0.871911,0.847707,0.824184,0.801395,0.779371,0.75813,0.737675,0.717998,0.69908,0.680899,0.663426,0.646631,0.630481,0.614943,0.599984,0.585573,0.571677,0.558269,0.54532,0.532804,0.520697,0.508976,0.497619,0.486607,0.475922,0.465547,0.455467,0.445666,0.436132,0.426851,0.417813,0.409008,0.400424,0.392053,0.383886,0.375915,0.368133,0.360533,0.353108,0.345852,0.338759,0.331824,0.325041,0.318406,0.311915,0.305562,0.299344,0.293257,0.287297,0.281461,0.275744,0.270145,0.264659,0.259283,0.254016,0.248854,0.243794,0.238834,0.233971,0.229204,0.224529,0.219945,0.215449,0.211039,0.206713,0.20247,0.198307,0.194222,0.190215,0.186282,0.182422,0.178634,0.174916,0.171266,0.167683,0.164166,0.160712,0.157321,0.153991,0.15072,0.147508,0.144353,0.141253,0.138208,0.135216,0.132276,0.129387,0.126548,0.123758,0.121015,0.118318,0.115667,0.11306,0.110496,0.107974,0.105494,0.103054,0.100654,0.0982914,0.0959667,0.0936787,0.0914263,0.0892089,0.0870253,0.084875,0.0827569,0.0806704,0.0786145,0.0765886,0.0745917,0.0726233,0.0706824,0.0687684,0.0668805,0.065018,0.0631803,0.0613665,0.059576,0.0578081,0.0560622,0.0543375,0.0526334,0.0509493,0.0492846,0.0476385,0.0460105,0.0444,0.0428063,0.0412288,0.0396669,0.0381201,0.0365877,0.0350692,0.033564,0.0320715,0.0305911,0.0291224,0.0276646,0.0262174,0.0247801,0.0233522,0.0219331,0.0205223,0.0191193,0.0177236,0.0163345,0.0149517,0.0135745,0.0122024,0.010835,0.00947164,0.0081119,0.00675523,0.00540112,0.00404905,0.00269851
1,0.974864,0.949851,0.925076,0.900647,0.876662,0.853201,0.83033,0.808098,0.78654,0.765678,0.745519,0.726063,0.707301,0.689217,0.67179,0.654997,0.638812,0.623208,0.608157,0.593633,0.579608,0.566057,0.552955,0.540279,0.528005,0.516114,0.504586,0.493401,0.482544,0.471997,0.461747,0.451779,0.44208,0.432638,0.423442,0.414482,0.405747,0.397229,0.388919,0.380809,0.372891,0.36516,0.357607,0.350227,0.343014,0.335962,0.329067,0.322323,0.315725,0.30927,0.302952,0.296769,0.290715,0.284788,0.278984,0.273299,0.267731,0.262276,0.256931,0.251693,0.246561,0.24153,0.236599,0.231765,0.227025,0.222378,0.217821,0.213352,0.208969,0.20467,0.200453,0.196316,0.192257,0.188274,0.184366,0.180531,0.176767,0.173072,0.169446,0.165886,0.162391,0.158959,0.15559,0.152281,0.149031,0.145839,0.142704,0.139624,0.136599,0.133626,0.130704,0.127834,0.125012,0.122239,0.119513,0.116832,0.114197,0.111606,0.109057,0.10655,0.104084,0.101658,0.0992709,0.0969218,0.0946097,0.0923339,0.0900933,0.0878871,0.0857145,0.0835746,0.0814665,0.0793896,0.0773429,0.0753257,0.0733372,0.0713767,0.0694433,0.0675364,0.0656551,0.0637989,0.0619669,0.0601585,0.0583729,0.0566096,0.0548678,0.0531468,0.051446,0.0497648,0.0481024,0.0464583,0.0448319,0.0432225,0.0416295,0.0400523,0.0384903,0.0369429,0.0354095,0.0338896,0.0323825,0.0308877,0.0294046,0.0279327,0.0264714,0.0250201,0.0235783,0.0221454,0.020721,0.0193043,0.0178951,0.0164925,0.0150963,0.0137058,0.0123204,0.0109397,0.00956322,0.00819033,0.00682054,0.00545333,0.00408819,0.0027246
1,0.975778,0.951659,0.927744,0.904126,0.880889,0.858105,0.835836,0.814127,0.793014,0.772521,0.75266,0.733436,0.714844,0.696877,0.67952,0.662755,0.646561,0.630919,0.615804,0.601194,0.587065,0.573396,0.560165,0.54735,0.534931,0.52289,0.511208,0.499868,0.488854,0.478151,0.467745,0.457622,0.447771,0.438178,0.428835,0.41973,0.410853,0.402197,0.393751,0.38551,0.377464,0.369608,0.361933,0.354435,0.347108,0.339945,0.332942,0.326093,0.319394,0.31284,0.306427,0.30015,0.294007,0.287993,0.282104,0.276337,0.27069,0.265157,0.259738,0.254428,0.249225,0.244126,0.239129,0.234231,0.229429,0.224722,0.220106,0.21558,0.211142,0.206789,0.202519,0.198331,0.194223,0.190192,0.186237,0.182356,0.178548,0.17481,0.171142,0.167541,0.164006,0.160536,0.157128,0.153782,0.150497,0.14727,0.1441,0.140987,0.137928,0.134924,0.131971,0.12907,0.126219,0.123416,0.120661,0.117953,0.115291,0.112673,0.110098,0.107565,0.105074,0.102624,0.100213,0.0978399,0.0955047,0.0932062,0.0909433,0.0887153,0.0865213,0.0843604,0.0822317,0.0801345,0.0780679,0.0760311,0.0740234,0.0720439,0.0700919,0.0681666,0.0662673,0.0643933,0.0625438,0.0607182,0.0589157,0.0571356,0.0553773,0.05364,0.0519232,0.0502261,0.0485481,0.0468886,0.0452469,0.0436224,0.0420145,0.0404226,0.038846,0.0372842,0.0357365,0.0342024,0.0326813,0.0311727,0.0296758,0.0281902,0.0267154,0.0252507,0.0237955,0.0223494,0.0209118,0.0194821,0.0180598,0.0166443,0.0152352,0.0138319,0.0124338,0.0110404,0.00965119,0.00826566,0.00688327,0.00550348,0.00412579,0.00274966
1,0.976587,0.953263,0.930115,0.907223,0.884662,0.862496,0.840781,0.81956,0.798869,0.778731,0.759164,0.740175,0.721764,0.703928,0.686658,0.66994,0.653761,0.638102,0.622946,0.608272,0.594063,0.580298,0.566958,0.554025,0.54148,0.529307,0.517489,0.506009,0.494854,0.484008,0.47346,0.463195,0.453202,0.443471,0.43399,0.424749,0.41574,0.406953,0.398381,0.390015,0.381848,0.373873,0.366084,0.358474,0.351037,0.343768,0.336662,0.329713,0.322917,0.316269,0.309764,0.303399,0.29717,0.291072,0.285102,0.279257,0.273533,0.267927,0.262436,0.257056,0.251786,0.246621,0.241561,0.236601,0.231739,0.226973,0.222301,0.21772,0.213229,0.208824,0.204504,0.200267,0.196111,0.192034,0.188034,0.184109,0.180258,0.176479,0.17277,0.16913,0.165557,0.162049,0.158605,0.155224,0.151903,0.148643,0.14544,0.142295,0.139205,0.136169,0.133187,0.130256,0.127376,0.124546,0.121764,0.119029,0.11634,0.113696,0.111096,0.108539,0.106024,0.10355,0.101116,0.0987206,0.0963632,0.0940429,0.0917587,0.0895097,0.0872951,0.085114,0.0829656,0.0808489,0.0787631,0.0767075,0.0746813,0.0726836,0.0707138,0.0687709,0.0668543,0.0649633,0.063097,0.0612548,0.059436,0.0576399,0.0558657,0.0541129,0.0523806,0.0506684,0.0489754,0.047301,0.0456447,0.0440058,0.0423836,0.0407775,0.0391869,0.0376113,0.0360499,0.0345023,0.0329678,0.0314458,0.0299358,0.0284371,0.0269493,0.0254717,0.0240037,0.0225449,0.0210947,0.0196525,0.0182177,0.0167899,0.0153684,0.0139528,0.0125424,0.0111369,0.00973552,0.00833788,0.0069434,0.00555156,0.00416183,0.00277367
1,0.977308,0.954692,0.93223,0.90999,0.88804,0.866437,0.845231,0.824464,0.804169,0.784372,0.765091,0.746335,0.728109,0.710413,0.693242,0.676588,0.66044,0.644783,0.629604,0.614888,0.600616,0.586774,0.573345,0.560311,0.547658,0.535369,0.52343,0.511826,0.500543,0.489569,0.47889,0.468495,0.458373,0.448512,0.438904,0.429537,0.420404,0.411496,0.402804,0.394321,0.38604,0.377953,0.370055,0.362339,0.354799,0.347429,0.340225,0.333181,0.326292,0.319554,0.312962,0.306512,0.300201,0.294023,0.287976,0.282055,0.276259,0.270582,0.265022,0.259576,0.25424,0.249013,0.243891,0.238872,0.233953,0.229132,0.224405,0.219772,0.215229,0.210774,0.206406,0.202122,0.197921,0.193799,0.189756,0.185789,0.181897,0.178078,0.174331,0.170652,0.167042,0.163499,0.16002,0.156604,0.153251,0.149957,0.146723,0.143547,0.140427,0.137362,0.134351,0.131392,0.128485,0.125627,0.122819,0.120058,0.117344,0.114676,0.112052,0.109472,0.106934,0.104437,0.10198,0.0995633,0.0971847,0.0948435,0.0925389,0.0902699,0.0880356,0.0858351,0.0836677,0.0815323,0.0794283,0.0773547,0.0753108,0.0732957,0.0713087,0.069349,0.0674159,0.0655085,0.0636262,0.0617682,0.0599338,0.0581223,0.056333,0.0545652,0.0528182,0.0510914,0.0493841,0.0476956,0.0460252,0.0443724,0.0427366,0.041117,0.039513,0.0379242,0.0363497,0.0347891,0.0332417,0.031707,0.0301844,0.0286732,0.027173,0.025683,0.0242029,0.0227319,0.0212696,0.0198154,0.0183687,0.016929,0.0154957,0.0140684,0.0126463,0.0112291,0.00981616,0.00840693,0.0070009,0.00559753,0.00419629,0.00279664
1,0.977951,0.955969,0.934121,0.912469,0.891071,0.86998,0.849242,0.828895,0.808972,0.789498,0.770491,0.751964,0.733924,0.716374,0.699311,0.682731,0.666626,0.650987,0.635801,0.621057,0.606741,0.592838,0.579335,0.566217,0.553471,0.541082,0.529036,0.517322,0.505925,0.494834,0.484037,0.473523,0.463282,0.453302,0.443576,0.434093,0.424844,0.415822,0.407018,0.398425,0.390037,0.381845,0.373844,0.366027,0.35839,0.350925,0.343628,0.336493,0.329517,0.322693,0.316018,0.309488,0.303098,0.296844,0.290723,0.284731,0.278864,0.27312,0.267494,0.261984,0.256587,0.2513,0.24612,0.241044,0.23607,0.231195,0.226417,0.221733,0.217141,0.212639,0.208224,0.203895,0.19965,0.195486,0.191401,0.187394,0.183463,0.179606,0.175821,0.172107,0.168461,0.164883,0.161371,0.157923,0.154537,0.151213,0.147949,0.144743,0.141594,0.138501,0.135462,0.132477,0.129543,0.12666,0.123826,0.121041,0.118303,0.115612,0.112965,0.110362,0.107801,0.105283,0.102806,0.100368,0.0979688,0.0956077,0.0932836,0.0909954,0.0887423,0.0865234,0.0843378,0.0821846,0.0800631,0.0779723,0.0759115,0.0738798,0.0718765,0.0699007,0.0679517,0.0660288,0.0641311,0.062258,0.0604088,0.0585826,0.0567788,0.0549968,0.0532357,0.051495,0.049774,0.048072,0.0463883,0.0447223,0.0430733,0.0414409,0.0398242,0.0382226,0.0366357,0.0350627,0.0335031,0.0319562,0.0304215,0.0288984,0.0273863,0.0258847,0.0243928,0.0229103,0.0214365,0.0199708,0.0185128,0.0170618,0.0156172,0.0141787,0.0127455,0.0113171,0.00989309,0.00847281,0.00705576,0.00564139,0.00422917,0.00281855
1,0.978526,0.957112,0.935815,0.914693,0.893795,0.873171,0.852861,0.832903,0.813327,0.794157,0.775412,0.757107,0.73925,0.721846,0.704896,0.688398,0.672347,0.656736,0.641557,0.626799,0.612451,0.598502,0.58494,0.571753,0.558927,0.546451,0.534312,0.522499,0.511001,0.499805,0.488901,0.478279,0.467928,0.45784,0.448004,0.438413,0.429057,0.419929,0.411021,0.402326,0.393837,0.385546,0.377449,0.369538,0.361808,0.354253,0.346868,0.339648,0.332588,0.325684,0.31893,0.312323,0.305858,0.299532,0.293341,0.287281,0.281348,0.275539,0.26985,0.26428,0.258824,0.253479,0.248244,0.243114,0.238087,0.233161,0.228334,0.223602,0.218963,0.214416,0.209957,0.205585,0.201298,0.197093,0.192969,0.188924,0.184955,0.181062,0.177241,0.173492,0.169813,0.166203,0.162658,0.159179,0.155763,0.152409,0.149116,0.145882,0.142705,0.139585,0.136521,0.133509,0.130551,0.127643,0.124786,0.121977,0.119216,0.116502,0.113833,0.111209,0.108628,0.106089,0.103591,0.101134,0.0987152,0.0963351,0.0939923,0.0916859,0.0894149,0.0871784,0.0849755,0.0828054,0.0806672,0.07856,0.0764831,0.0744356,0.0724167,0.0704257,0.0684616,0.0665239,0.0646116,0.0627241,0.0608607,0.0590206,0.057203,0.0554074,0.053633,0.0518791,0.050145,0.0484301,0.0467337,0.0450551,0.0433938,0.041749,0.0401201,0.0385066,0.0369078,0.035323,0.0337517,0.0321933,0.0306472,0.0291127,0.0275893,0.0260765,0.0245736,0.02308,0.0215952,0.0201187,0.0186498,0.017188,0.0157328,0.0142836,0.0128398,0.0114008,0.00996626,0.00853548,0.00710794,0.00568311,0.00426044,0.00283939
1,0.979042,0.958137,0.937337,0.916691,0.896247,0.876046,0.856129,0.836529,0.817274,0.79839,0.779894,0.761801,0.744123,0.726864,0.71003,0.693618,0.677628,0.662055,0.646891,0.63213,0.617763,0.60378,0.590171,0.576926,0.564033,0.551482,0.539262,0.527363,0.515773,0.504484,0.493483,0.482763,0.472313,0.462125,0.452189,0.442498,0.433043,0.423817,0.414812,0.406021,0.397438,0.389055,0.380867,0.372867,0.36505,0.357411,0.349943,0.342643,0.335504,0.328523,0.321695,0.315016,0.308481,0.302086,0.295828,0.289703,0.283707,0.277837,0.272089,0.266461,0.260949,0.25555,0.250262,0.24508,0.240004,0.23503,0.230155,0.225377,0.220694,0.216104,0.211603,0.20719,0.202863,0.19862,0.194458,0.190376,0.186372,0.182444,0.17859,0.174808,0.171097,0.167455,0.163881,0.160372,0.156927,0.153545,0.150224,0.146963,0.143761,0.140615,0.137525,0.13449,0.131507,0.128576,0.125696,0.122866,0.120083,0.117347,0.114658,0.112013,0.109412,0.106853,0.104336,0.10186,0.0994235,0.0970254,0.0946649,0.0923411,0.090053,0.0877998,0.0855806,0.0833943,0.0812403,0.0791176,0.0770254,0.0749629,0.0729293,0.0709236,0.0689453,0.0669935,0.0650674,0.0631663,0.0612894,0.059436,0.0576054,0.0557969,0.0540098,0.0522433,0.0504969,0.0487697,0.0470613,0.0453708,0.0436977,0.0420412,0.0404009,0.0387759,0.0371658,0.0355699,0.0339875,0.0324182,0.0308612,0.0293159,0.0277819,0.0262584,0.024745,0.0232409,0.0217458,0.0202589,0.0187798,0.0173078,0.0158424,0.0143831,0.0129292,0.0114802,0.0100357,0.00859491,0.00715743,0.00572267,0.0042901,0.00285916
1,0.979505,0.959057,0.938703,0.918488,0.898454,0.878639,0.859081,0.839809,0.820852,0.802234,0.783972,0.766082,0.748575,0.73146,0.71474,0.698418,0.682493,0.666963,0.651823,0.637068,0.622691,0.608684,0.595039,0.581746,0.568797,0.556182,0.543892,0.531917,0.520247,0.508873,0.497786,0.486976,0.476436,0.466157,0.456129,0.446347,0.4368,0.427483,0.418389,0.409509,0.400838,0.392369,0.384096,0.376014,0.368116,0.360397,0.352852,0.345476,0.338263,0.33121,0.324312,0.317564,0.310963,0.304503,0.298183,0.291996,0.285941,0.280013,0.274209,0.268527,0.262961,0.257511,0.252172,0.246943,0.241819,0.236799,0.231879,0.227058,0.222333,0.217702,0.213161,0.20871,0.204345,0.200065,0.195868,0.191751,0.187714,0.183752,0.179866,0.176054,0.172312,0.168641,0.165037,0.1615,0.158028,0.15462,0.151273,0.147986,0.144759,0.141589,0.138476,0.135417,0.132412,0.129459,0.126558,0.123706,0.120903,0.118147,0.115438,0.112773,0.110153,0.107576,0.105041,0.102547,0.100093,0.097678,0.0953008,0.0929606,0.0906565,0.0883874,0.0861527,0.0839512,0.0817822,0.0796448,0.0775382,0.0754614,0.0734138,0.0713945,0.0694026,0.0674375,0.0654982,0.0635842,0.0616946,0.0598287,0.0579858,0.0561651,0.0543659,0.0525876,0.0508295,0.0490908,0.0473709,0.0456692,0.0439849,0.0423175,0.0406662,0.0390305,0.0374097,0.0358032,0.0342104,0.0326307,0.0310634,0.029508,0.0279638,0.0264304,0.024907,0.0233931,0.0218881,0.0203915,0.0189026,0.017421,0.015946,0.0144771,0.0130137,0.0115553,0.0101013,0.00865108,0.0072042,0.00576007,0.00431813,0.00287784
1,0.97992,0.959884,0.939931,0.920104,0.900441,0.880977,0.861745,0.842775,0.824093,0.805721,0.787678,0.769979,0.752637,0.735659,0.719052,0.70282,0.686963,0.67148,0.65637,0.641628,0.627248,0.613226,0.599553,0.586223,0.573228,0.560558,0.548207,0.536165,0.524424,0.512975,0.50181,0.490921,0.480299,0.469936,0.459825,0.449958,0.440328,0.430928,0.42175,0.412788,0.404036,0.395487,0.387136,0.378976,0.371002,0.363209,0.355592,0.348145,0.340863,0.333743,0.326779,0.319967,0.313303,0.306783,0.300402,0.294159,0.288047,0.282065,0.276208,0.270474,0.264859,0.25936,0.253974,0.248699,0.243531,0.238467,0.233506,0.228644,0.223879,0.219208,0.214631,0.210143,0.205742,0.201428,0.197197,0.193048,0.188978,0.184986,0.18107,0.177228,0.173458,0.169758,0.166128,0.162564,0.159066,0.155632,0.152261,0.148951,0.1457,0.142507,0.139371,0.136291,0.133265,0.130291,0.127369,0.124497,0.121675,0.1189,0.116172,0.11349,0.110852,0.108258,0.105705,0.103195,0.100724,0.0982928,0.0958999,0.0935442,0.0912248,0.0889409,0.0866915,0.0844757,0.0822926,0.0801413,0.0780211,0.075931,0.0738702,0.0718379,0.0698333,0.0678556,0.065904,0.0639778,0.0620762,0.0601985,0.058344,0.0565118,0.0547013,0.0529119,0.0511427,0.0493932,0.0476625,0.0459502,0.0442554,0.0425776,0.0409161,0.0392702,0.0376394,0.036023,0.0344203,0.0328308,0.0312538,0.0296888,0.0281352,0.0265922,0.0250595,0.0235363,0.0220221,0.0205163,0.0190183,0.0175276,0.0160435,0.0145656,0.0130933,0.0116259,0.010163,0.00870396,0.00724824,0.00579528,0.00434452,0.00289543
1,0.980293,0.960626,0.941034,0.921557,0.902228,0.883081,0.864147,0.845452,0.827023,0.808879,0.79104,0.77352,0.756333,0.739487,0.72299,0.706846,0.691058,0.675626,0.660549,0.645825,0.631449,0.617418,0.603726,0.590366,0.577332,0.564617,0.552213,0.540113,0.528309,0.516794,0.50556,0.494598,0.483902,0.473464,0.463277,0.453334,0.443627,0.434149,0.424895,0.415858,0.407031,0.398408,0.389984,0.381753,0.373708,0.365847,0.358161,0.350648,0.343302,0.336119,0.329093,0.322221,0.315499,0.308922,0.302486,0.296188,0.290025,0.283991,0.278085,0.272303,0.266641,0.261096,0.255666,0.250348,0.245138,0.240033,0.235032,0.230132,0.22533,0.220623,0.21601,0.211488,0.207054,0.202707,0.198445,0.194265,0.190165,0.186144,0.182199,0.17833,0.174533,0.170807,0.167151,0.163562,0.16004,0.156583,0.153188,0.149855,0.146583,0.143369,0.140212,0.137111,0.134065,0.131072,0.12813,0.12524,0.122399,0.119607,0.116861,0.114162,0.111507,0.108896,0.106328,0.103802,0.101316,0.0988695,0.0964617,0.0940915,0.0917579,0.08946,0.0871969,0.0849676,0.0827712,0.080607,0.0784739,0.0763712,0.0742981,0.0722536,0.0702371,0.0682476,0.0662845,0.0643469,0.0624341,0.0605453,0.0586798,0.0568369,0.0550158,0.0532159,0.0514364,0.0496766,0.0479359,0.0462136,0.044509,0.0428215,0.0411503,0.039495,0.0378547,0.036229,0.0346171,0.0330184,0.0314324,0.0298584,0.0282958,0.026744,0.0252025,0.0236706,0.0221477,0.0206333,0.0191267,0.0176275,0.016135,0.0146486,0.0131679,0.0116922,0.0102209,0.00875354,0.00728952,0.00582828,0.00436927,0.00291192
1,0.980628,0.961291,0.942024,0.922861,0.903834,0.884974,0.866309,0.847866,0.829667,0.811733,0.794082,0.77673,0.759688,0.742967,0.726575,0.710518,0.694797,0.679417,0.664375,0.649673,0.635306,0.621271,0.607565,0.594182,0.581117,0.568363,0.555915,0.543765,0.531906,0.520332,0.509036,0.49801,0.487248,0.476742,0.466486,0.456473,0.446696,0.437148,0.427824,0.418717,0.409821,0.40113,0.392639,0.384342,0.376233,0.368307,0.360559,0.352985,0.345579,0.338337,0.331254,0.324326,0.317549,0.310919,0.304432,0.298084,0.291872,0.285791,0.279838,0.274011,0.268305,0.262718,0.257247,0.251888,0.246639,0.241497,0.236459,0.231522,0.226685,0.221945,0.217299,0.212744,0.208279,0.203902,0.19961,0.195401,0.191274,0.187225,0.183254,0.179359,0.175537,0.171786,0.168106,0.164495,0.16095,0.15747,0.154054,0.1507,0.147407,0.144173,0.140996,0.137876,0.134811,0.1318,0.128841,0.125933,0.123076,0.120266,0.117505,0.114789,0.112119,0.109493,0.10691,0.104368,0.101868,0.0994077,0.096986,0.0946023,0.0922554,0.0899444,0.0876685,0.0854266,0.0832179,0.0810415,0.0788965,0.0767821,0.0746974,0.0726416,0.0706139,0.0686135,0.0666395,0.0646913,0.062768,0.0608689,0.0589932,0.0571402,0.0553092,0.0534995,0.0517104,0.0499411,0.048191,0.0464594,0.0447456,0.043049,0.0413689,0.0397046,0.0380556,0.0364211,0.0348006,0.0331934,0.031599,0.0300166,0.0284457,0.0268856,0.0253359,0.0237958,0.0222649,0.0207424,0.0192279,0.0177207,0.0162203,0.0147261,0.0132375,0.011754,0.0102749,0.0087998,0.00732804,0.00585907,0.00439235,0.0029273
1,0.980927,0.961886,0.942909,0.924028,0.905273,0.886671,0.86825,0.850034,0.832045,0.814303,0.796826,0.779628,0.762722,0.746119,0.729826,0.713851,0.698197,0.682868,0.667864,0.653185,0.63883,0.624797,0.611082,0.597681,0.584591,0.571805,0.559318,0.547125,0.535218,0.523593,0.512241,0.501158,0.490337,0.47977,0.469452,0.459375,0.449535,0.439924,0.430536,0.421366,0.412407,0.403654,0.395101,0.386742,0.378573,0.370589,0.362784,0.355153,0.347691,0.340395,0.33326,0.326281,0.319453,0.312774,0.30624,0.299845,0.293587,0.287462,0.281467,0.275598,0.269851,0.264225,0.258715,0.253319,0.248033,0.242856,0.237783,0.232814,0.227944,0.223172,0.218495,0.213911,0.209417,0.205012,0.200692,0.196457,0.192303,0.18823,0.184234,0.180314,0.176469,0.172696,0.168994,0.16536,0.161794,0.158294,0.154858,0.151485,0.148172,0.144919,0.141725,0.138587,0.135505,0.132476,0.129501,0.126577,0.123703,0.120878,0.118102,0.115371,0.112687,0.110046,0.107449,0.104894,0.102381,0.0999071,0.0974726,0.0950762,0.092717,0.0903939,0.0881061,0.0858525,0.0836323,0.0814447,0.0792886,0.0771633,0.0750679,0.0730016,0.0709635,0.0689529,0.0669689,0.0650108,0.0630777,0.061169,0.0592839,0.0574216,0.0555815,0.0537627,0.0519646,0.0501865,0.0484276,0.0466874,0.0449651,0.0432601,0.0415716,0.0398991,0.038242,0.0365994,0.0349709,0.0333558,0.0317535,0.0301633,0.0285847,0.027017,0.0254596,0.023912,0.0223736,0.0208437,0.0193217,0.0178072,0.0162994,0.0147979,0.0133021,0.0118113,0.010325,0.0088427,0.00736376,0.00588764,0.00441376,0.00294157
1,0.981193,0.962416,0.943699,0.92507,0.906558,0.888188,0.869987,0.851976,0.834177,0.81661,0.79929,0.782234,0.765453,0.748959,0.73276,0.716863,0.701273,0.685993,0.671026,0.656373,0.642032,0.628004,0.614284,0.600871,0.58776,0.574947,0.562428,0.550197,0.538249,0.526579,0.515179,0.504045,0.493171,0.482549,0.472175,0.462042,0.452145,0.442476,0.43303,0.423803,0.414786,0.405976,0.397367,0.388954,0.38073,0.372692,0.364834,0.357151,0.349639,0.342293,0.335109,0.328083,0.32121,0.314485,0.307907,0.301469,0.295169,0.289004,0.282969,0.277061,0.271277,0.265615,0.260069,0.254639,0.24932,0.24411,0.239006,0.234005,0.229106,0.224305,0.219599,0.214988,0.210467,0.206036,0.201691,0.197431,0.193253,0.189156,0.185137,0.181196,0.177329,0.173535,0.169812,0.166159,0.162573,0.159054,0.155599,0.152208,0.148878,0.145608,0.142397,0.139242,0.136144,0.1331,0.130109,0.12717,0.124282,0.121443,0.118652,0.115908,0.11321,0.110557,0.107947,0.105379,0.102853,0.100368,0.0979212,0.0955132,0.0931426,0.0908083,0.0885095,0.0862451,0.0840144,0.0818163,0.07965,0.0775147,0.0754094,0.0733334,0.0712858,0.0692657,0.0672725,0.0653053,0.0633633,0.0614457,0.0595519,0.057681,0.0558324,0.0540052,0.0521989,0.0504126,0.0486457,0.0468976,0.0451674,0.0434546,0.0417585,0.0400784,0.0384137,0.0367637,0.0351279,0.0335054,0.0318959,0.0302985,0.0287128,0.027138,0.0255737,0.0240191,0.0224737,0.020937,0.0194082,0.0178869,0.0163723,0.0148641,0.0133616,0.0118641,0.0103712,0.00888224,0.00739669,0.00591396,0.00443349,0.00295472
1,0.98143,0.962887,0.9444,0.925996,0.9077,0.889537,0.871532,0.853705,0.836078,0.818668,0.801492,0.784564,0.767898,0.751505,0.735392,0.719568,0.704038,0.688806,0.673876,0.659248,0.644923,0.630901,0.61718,0.603758,0.590631,0.577797,0.56525,0.552988,0.541004,0.529294,0.517852,0.506673,0.495752,0.485082,0.474658,0.464474,0.454525,0.444805,0.435308,0.426028,0.41696,0.408099,0.399439,0.390975,0.382702,0.374615,0.366709,0.358979,0.351421,0.34403,0.336802,0.329732,0.322816,0.316051,0.309432,0.302956,0.296618,0.290415,0.284344,0.278401,0.272583,0.266887,0.261309,0.255847,0.250497,0.245258,0.240125,0.235096,0.230169,0.225341,0.22061,0.215973,0.211428,0.206973,0.202605,0.198322,0.194122,0.190004,0.185964,0.182002,0.178116,0.174302,0.170561,0.166889,0.163286,0.159749,0.156278,0.15287,0.149524,0.146238,0.143011,0.139842,0.136729,0.133671,0.130666,0.127713,0.124811,0.121959,0.119156,0.116399,0.113689,0.111023,0.108402,0.105823,0.103285,0.100789,0.0983315,0.0959129,0.0935318,0.0911873,0.0888785,0.0866043,0.0843638,0.0821562,0.0799806,0.0778361,0.0757218,0.0736369,0.0715805,0.0695519,0.0675502,0.0655746,0.0636244,0.0616988,0.059797,0.0579182,0.0560618,0.054227,0.0524131,0.0506194,0.0488452,0.0470898,0.0453524,0.0436325,0.0419294,0.0402424,0.0385708,0.036914,0.0352714,0.0336423,0.0320261,0.0304222,0.0288299,0.0272487,0.025678,0.024117,0.0225653,0.0210223,0.0194873,0.0179597,0.016439,0.0149246,0.013416,0.0119124,0.0104134,0.0089184,0.00742679,0.00593803,0.00445154,0.00296675
1,0.981638,0.963303,0.945019,0.926813,0.908709,0.89073,0.872898,0.855235,0.837761,0.820492,0.803445,0.786634,0.770071,0.753769,0.737736,0.721979,0.706505,0.691318,0.676423,0.66182,0.647512,0.633498,0.619778,0.606349,0.59321,0.580358,0.567789,0.555499,0.543484,0.53174,0.520261,0.509043,0.498081,0.487368,0.476901,0.466672,0.456677,0.446911,0.437367,0.428041,0.418927,0.41002,0.401314,0.392805,0.384488,0.376357,0.368408,0.360635,0.353036,0.345604,0.338336,0.331227,0.324273,0.317471,0.310815,0.304303,0.297931,0.291695,0.285591,0.279616,0.273767,0.268041,0.262434,0.256943,0.251565,0.246299,0.241139,0.236085,0.231133,0.226281,0.221527,0.216867,0.2123,0.207822,0.203433,0.19913,0.19491,0.190773,0.186714,0.182734,0.178829,0.174998,0.17124,0.167552,0.163932,0.16038,0.156893,0.15347,0.150109,0.146809,0.143568,0.140385,0.137259,0.134188,0.13117,0.128205,0.125291,0.122427,0.119612,0.116844,0.114123,0.111446,0.108814,0.106225,0.103677,0.10117,0.0987034,0.0962752,0.0938846,0.0915309,0.0892129,0.0869297,0.0846805,0.0824643,0.0802802,0.0781274,0.0760049,0.0739119,0.0718476,0.0698112,0.0678018,0.0658187,0.063861,0.0619281,0.060019,0.0581332,0.0562698,0.054428,0.0526073,0.0508068,0.0490259,0.0472639,0.0455201,0.0437937,0.0420842,0.0403909,0.0387131,0.0370501,0.0354014,0.0337663,0.0321441,0.0305343,0.0289361,0.027349,0.0257725,0.0242058,0.0226484,0.0210996,0.0195589,0.0180257,0.0164995,0.0149795,0.0134653,0.0119562,0.0104517,0.00895116,0.00745407,0.00595984,0.00446789,0.00297764
1,0.981821,0.963666,0.945561,0.927528,0.909592,0.891774,0.874096,0.856578,0.839238,0.822094,0.805161,0.788454,0.771985,0.755764,0.739802,0.724107,0.708684,0.693539,0.678676,0.664098,0.649806,0.635801,0.622083,0.608651,0.595502,0.582636,0.570048,0.557735,0.545694,0.533921,0.52241,0.511159,0.50016,0.48941,0.478904,0.468636,0.458601,0.448794,0.43921,0.429842,0.420687,0.411739,0.402993,0.394444,0.386087,0.377917,0.369929,0.362119,0.354482,0.347014,0.339711,0.332567,0.325579,0.318743,0.312055,0.305512,0.299109,0.292842,0.286709,0.280706,0.274829,0.269075,0.263442,0.257925,0.252523,0.247232,0.242049,0.236972,0.231998,0.227124,0.222349,0.217668,0.213081,0.208584,0.204176,0.199855,0.195617,0.191462,0.187387,0.18339,0.179469,0.175622,0.171849,0.168146,0.164512,0.160945,0.157444,0.154008,0.150634,0.147321,0.144068,0.140873,0.137734,0.134651,0.131623,0.128646,0.125722,0.122847,0.120021,0.117243,0.114512,0.111826,0.109184,0.106585,0.104028,0.101513,0.0990367,0.0965998,0.0942008,0.0918387,0.0895125,0.0872214,0.0849643,0.0827404,0.0805487,0.0783883,0.0762585,0.0741583,0.072087,0.0700435,0.0680273,0.0660374,0.0640731,0.0621335,0.060218,0.0583258,0.0564561,0.0546081,0.0527813,0.0509747,0.0491879,0.0474199,0.0456703,0.0439382,0.042223,0.040524,0.0388406,0.0371721,0.0355179,0.0338774,0.0322498,0.0306346,0.0290312,0.0274389,0.0258571,0.0242853,0.0227227,0.0211689,0.0196231,0.0180849,0.0165536,0.0150286,0.0135094,0.0119954,0.0104859,0.00898051,0.00747851,0.00597938,0.00448253,0.0029874
1,0.981979,0.963981,0.946029,0.928147,0.910357,0.892679,0.875134,0.857742,0.84052,0.823485,0.806652,0.790036,0.773649,0.757501,0.741603,0.725962,0.710585,0.695478,0.680645,0.66609,0.651814,0.637818,0.624103,0.610668,0.597513,0.584635,0.572031,0.5597,0.547637,0.535839,0.524301,0.51302,0.501991,0.491209,0.480669,0.470367,0.460297,0.450455,0.440835,0.431432,0.422241,0.413257,0.404476,0.395891,0.387499,0.379295,0.371273,0.36343,0.355761,0.34826,0.340925,0.333751,0.326733,0.319868,0.313151,0.30658,0.300149,0.293856,0.287697,0.281669,0.275767,0.26999,0.264333,0.258794,0.25337,0.248057,0.242854,0.237756,0.232762,0.22787,0.223075,0.218377,0.213772,0.209258,0.204833,0.200495,0.196242,0.192071,0.187981,0.183969,0.180034,0.176174,0.172387,0.16867,0.165024,0.161445,0.157932,0.154483,0.151098,0.147773,0.144509,0.141303,0.138154,0.135061,0.132022,0.129036,0.126102,0.123218,0.120383,0.117596,0.114855,0.112161,0.10951,0.106903,0.104338,0.101815,0.0993312,0.0968866,0.0944801,0.0921107,0.0897773,0.0874791,0.085215,0.0829842,0.0807858,0.0786189,0.0764826,0.074376,0.0722984,0.0702488,0.0682265,0.0662306,0.0642604,0.062315,0.0603938,0.0584959,0.0566206,0.0547672,0.0529349,0.0511231,0.0493309,0.0475578,0.0458029,0.0440658,0.0423455,0.0406416,0.0389532,0.0372799,0.0356209,0.0339755,0.0323432,0.0307233,0.0291152,0.0275183,0.0259319,0.0243555,0.0227884,0.02123,0.0196798,0.0181371,0.0166014,0.015072,0.0135484,0.01203,0.0105162,0.00900643,0.0075001,0.00599664,0.00449547,0.00299603
1,0.982113,0.964249,0.946429,0.928675,0.911009,0.89345,0.87602,0.858735,0.841614,0.824673,0.807927,0.79139,0.775074,0.758989,0.743146,0.727553,0.712217,0.697144,0.682337,0.667802,0.65354,0.639554,0.625843,0.612407,0.599247,0.586359,0.573743,0.561396,0.549315,0.537496,0.525935,0.51463,0.503574,0.492765,0.482197,0.471866,0.461766,0.451893,0.442243,0.432809,0.423587,0.414573,0.405761,0.397146,0.388724,0.38049,0.372439,0.364567,0.35687,0.349342,0.341979,0.334778,0.327735,0.320844,0.314103,0.307507,0.301053,0.294736,0.288555,0.282504,0.276582,0.270784,0.265107,0.259548,0.254105,0.248774,0.243552,0.238437,0.233426,0.228516,0.223706,0.218991,0.214371,0.209843,0.205403,0.201051,0.196784,0.1926,0.188497,0.184472,0.180525,0.176653,0.172854,0.169126,0.165468,0.161878,0.158355,0.154896,0.1515,0.148166,0.144892,0.141677,0.138519,0.135417,0.132369,0.129374,0.126432,0.123539,0.120696,0.117902,0.115154,0.112451,0.109794,0.10718,0.104608,0.102077,0.0995867,0.0971355,0.0947225,0.0923467,0.090007,0.0877026,0.0854326,0.0831959,0.0809916,0.078819,0.076677,0.0745649,0.0724818,0.0704269,0.0683993,0.0663982,0.0644229,0.0624725,0.0605463,0.0586435,0.0567634,0.0549052,0.0530683,0.0512518,0.049455,0.0476774,0.0459181,0.0441764,0.0424518,0.0407436,0.039051,0.0373734,0.0357101,0.0340606,0.0324242,0.0308003,0.0291881,0.0275872,0.0259968,0.0244164,0.0228454,0.0212831,0.019729,0.0181825,0.0166429,0.0151097,0.0135823,0.0120601,0.0105425,0.00902893,0.00751883,0.00601161,0.0045067,0.00300351
1,0.982225,0.964472,0.946762,0.929115,0.911553,0.894094,0.876759,0.859565,0.842529,0.825667,0.808994,0.792523,0.776266,0.760235,0.74444,0.728887,0.713586,0.698541,0.683758,0.669241,0.654992,0.641014,0.627307,0.613871,0.600707,0.587812,0.575187,0.562827,0.55073,0.538894,0.527315,0.515989,0.504912,0.49408,0.483488,0.473133,0.463008,0.45311,0.443433,0.433974,0.424727,0.415686,0.406849,0.398208,0.389761,0.381502,0.373427,0.36553,0.357809,0.350258,0.342872,0.335649,0.328583,0.321671,0.314908,0.308292,0.301818,0.295482,0.289282,0.283213,0.277272,0.271456,0.265762,0.260187,0.254727,0.249381,0.244144,0.239014,0.233988,0.229065,0.22424,0.219512,0.214879,0.210338,0.205886,0.201522,0.197244,0.193048,0.188934,0.184899,0.180941,0.177058,0.173249,0.169512,0.165845,0.162245,0.158713,0.155245,0.151841,0.148499,0.145217,0.141993,0.138828,0.135718,0.132663,0.129661,0.126711,0.123812,0.120962,0.118161,0.115406,0.112698,0.110034,0.107413,0.104836,0.102299,0.0998031,0.0973463,0.0949278,0.0925465,0.0902016,0.087892,0.0856168,0.0833751,0.0811659,0.0789884,0.0768417,0.0747249,0.0726372,0.0705777,0.0685457,0.0665402,0.0645605,0.0626059,0.0606755,0.0587686,0.0568844,0.0550221,0.0531812,0.0513608,0.0495601,0.0477786,0.0460155,0.0442702,0.0425419,0.0408299,0.0391337,0.0374525,0.0357858,0.0341327,0.0324928,0.0308654,0.0292498,0.0276455,0.0260518,0.024468,0.0228937,0.0213281,0.0197707,0.0182209,0.016678,0.0151416,0.0136109,0.0120855,0.0105647,0.00904797,0.00753469,0.00602429,0.0045162,0.00300984
1,0.982316,0.964653,0.947031,0.929471,0.911993,0.894615,0.877357,0.860237,0.84327,0.826472,0.809858,0.793441,0.777234,0.761247,0.74549,0.729971,0.714698,0.699677,0.684914,0.670412,0.656174,0.642202,0.628499,0.615064,0.601897,0.588997,0.576364,0.563994,0.551886,0.540036,0.528442,0.5171,0.506005,0.495155,0.484544,0.474168,0.464023,0.454105,0.444408,0.434927,0.425659,0.416597,0.407739,0.399078,0.39061,0.38233,0.374235,0.366319,0.358578,0.351007,0.343603,0.336362,0.329278,0.322348,0.315568,0.308935,0.302445,0.296093,0.289877,0.283793,0.277837,0.272007,0.266299,0.26071,0.255238,0.249878,0.244628,0.239486,0.234449,0.229514,0.224678,0.219939,0.215295,0.210744,0.206282,0.201908,0.19762,0.193415,0.189292,0.185248,0.181281,0.17739,0.173573,0.169828,0.166153,0.162546,0.159006,0.155532,0.15212,0.148771,0.145482,0.142253,0.139081,0.135965,0.132903,0.129896,0.12694,0.124035,0.12118,0.118373,0.115613,0.112899,0.11023,0.107605,0.105022,0.102481,0.0999803,0.0975189,0.0950959,0.0927102,0.0903609,0.0880471,0.0857677,0.0835219,0.0813087,0.0791272,0.0769766,0.0748559,0.0727644,0.0707012,0.0686655,0.0666564,0.0646732,0.0627151,0.0607812,0.0588709,0.0569834,0.0551179,0.0532736,0.05145,0.0496462,0.0478616,0.0460954,0.0443469,0.0426156,0.0409007,0.0392015,0.0375174,0.0358477,0.0341918,0.032549,0.0309188,0.0293004,0.0276932,0.0260967,0.0245103,0.0229332,0.0213649,0.0198048,0.0182523,0.0167068,0.0151677,0.0136344,0.0121064,0.0105829,0.00906357,0.00754768,0.00603467,0.00452398,0.00301503
1,0.982386,0.964792,0.947238,0.929745,0.912332,0.895017,0.877819,0.860755,0.843841,0.827093,0.810525,0.79415,0.777981,0.762028,0.746301,0.730809,0.715558,0.700556,0.685808,0.671318,0.657089,0.643123,0.629423,0.615988,0.60282,0.589916,0.577277,0.5649,0.552783,0.540923,0.529317,0.517962,0.506854,0.49599,0.485364,0.474973,0.464813,0.454878,0.445165,0.435668,0.426384,0.417306,0.408431,0.399754,0.39127,0.382975,0.374864,0.366933,0.359176,0.351591,0.344172,0.336916,0.329819,0.322875,0.316082,0.309436,0.302933,0.296569,0.290341,0.284245,0.278278,0.272436,0.266717,0.261118,0.255635,0.250265,0.245005,0.239854,0.234807,0.229863,0.225019,0.220272,0.215619,0.21106,0.20659,0.202209,0.197913,0.193701,0.18957,0.18552,0.181546,0.177649,0.173826,0.170074,0.166393,0.16278,0.159235,0.155754,0.152338,0.148983,0.145689,0.142454,0.139277,0.136157,0.133091,0.130078,0.127118,0.124209,0.121349,0.118538,0.115774,0.113056,0.110383,0.107754,0.105168,0.102623,0.100118,0.0976533,0.0952267,0.0928376,0.0904849,0.0881678,0.0858851,0.0836361,0.0814197,0.0792352,0.0770815,0.0749579,0.0728635,0.0707974,0.0687588,0.0667469,0.0647609,0.0628001,0.0608635,0.0589506,0.0570604,0.0551923,0.0533456,0.0515194,0.0497132,0.0479261,0.0461575,0.0444067,0.042673,0.0409557,0.0392542,0.0375678,0.0358959,0.0342377,0.0325927,0.0309603,0.0293397,0.0277304,0.0261318,0.0245431,0.0229639,0.0213935,0.0198313,0.0182768,0.0167292,0.015188,0.0136527,0.0121226,0.0105971,0.00907571,0.00755778,0.00604275,0.00453004,0.00301906
1,0.982435,0.964891,0.947386,0.92994,0.912572,0.895302,0.878146,0.861122,0.844246,0.827534,0.810998,0.794654,0.778512,0.762583,0.746878,0.731404,0.71617,0.701182,0.686445,0.671963,0.65774,0.643779,0.630081,0.616647,0.603477,0.590571,0.577928,0.565546,0.553422,0.541555,0.529941,0.518577,0.50746,0.496586,0.48595,0.475548,0.465377,0.455431,0.445706,0.436198,0.426902,0.417812,0.408926,0.400237,0.391742,0.383436,0.375313,0.367371,0.359604,0.352008,0.344579,0.337313,0.330205,0.323252,0.316449,0.309794,0.303282,0.296909,0.290672,0.284567,0.278592,0.272743,0.267016,0.261409,0.255918,0.250541,0.245275,0.240117,0.235064,0.230113,0.225262,0.220509,0.215851,0.211285,0.20681,0.202423,0.198122,0.193905,0.18977,0.185714,0.181736,0.177834,0.174006,0.17025,0.166564,0.162948,0.159398,0.155914,0.152493,0.149135,0.145837,0.142599,0.139418,0.136294,0.133224,0.130209,0.127245,0.124333,0.12147,0.118656,0.115889,0.113169,0.110493,0.107861,0.105272,0.102724,0.100217,0.0977493,0.0953202,0.0929287,0.0905736,0.088254,0.085969,0.0837177,0.0814991,0.0793123,0.0771565,0.0750308,0.0729342,0.0708661,0.0688254,0.0668116,0.0648236,0.0628608,0.0609224,0.0590075,0.0571155,0.0552456,0.053397,0.0515691,0.049761,0.0479722,0.0462019,0.0444494,0.042714,0.040995,0.0392919,0.0376039,0.0359303,0.0342706,0.032624,0.0309899,0.0293678,0.027757,0.0261568,0.0245666,0.0229859,0.021414,0.0198503,0.0182942,0.0167452,0.0152025,0.0136657,0.0121342,0.0106072,0.00908438,0.007565,0.00604853,0.00453437,0.00302195
1,0.982465,0.964949,0.947473,0.930056,0.912716,0.895472,0.878342,0.861342,0.844489,0.827797,0.811282,0.794955,0.778829,0.762915,0.747223,0.731761,0.716536,0.701556,0.686825,0.672349,0.65813,0.644172,0.630475,0.617042,0.603871,0.590964,0.578318,0.565933,0.553806,0.541934,0.530316,0.518946,0.507824,0.496943,0.486301,0.475893,0.465715,0.455762,0.446031,0.436516,0.427212,0.418116,0.409223,0.400527,0.392025,0.383712,0.375583,0.367634,0.359861,0.352258,0.344823,0.337551,0.330437,0.323478,0.31667,0.310009,0.303491,0.297113,0.290871,0.284761,0.278781,0.272927,0.267196,0.261584,0.256089,0.250708,0.245437,0.240275,0.235217,0.230263,0.225408,0.220652,0.21599,0.211421,0.206942,0.202552,0.198248,0.194028,0.189889,0.185831,0.18185,0.177945,0.174114,0.170356,0.166667,0.163048,0.159496,0.156009,0.152586,0.149226,0.145926,0.142685,0.139503,0.136376,0.133305,0.130287,0.127322,0.124407,0.121543,0.118727,0.115958,0.113236,0.110558,0.107925,0.105334,0.102785,0.100276,0.0978069,0.0953764,0.0929833,0.0906268,0.0883058,0.0860194,0.0837667,0.0815468,0.0793587,0.0772015,0.0750745,0.0729767,0.0709073,0.0688655,0.0668504,0.0648612,0.0628973,0.0609577,0.0590417,0.0571486,0.0552775,0.0534279,0.0515989,0.0497898,0.0479999,0.0462285,0.044475,0.0427386,0.0410187,0.0393145,0.0376255,0.035951,0.0342903,0.0326427,0.0310077,0.0293847,0.0277729,0.0261718,0.0245807,0.0229991,0.0214263,0.0198617,0.0183047,0.0167548,0.0152113,0.0136736,0.0121411,0.0106133,0.00908958,0.00756934,0.00605199,0.00453697,0.00302368
1,0.982475,0.964969,0.947503,0.930095,0.912764,0.895529,0.878407,0.861415,0.844569,0.827885,0.811376,0.795055,0.778935,0.763026,0.747338,0.731879,0.716658,0.701681,0.686952,0.672478,0.65826,0.644303,0.630607,0.617173,0.604003,0.591095,0.578448,0.566062,0.553933,0.54206,0.53044,0.519069,0.507945,0.497062,0.486418,0.476008,0.465827,0.455873,0.446139,0.436621,0.427316,0.418217,0.409322,0.400624,0.39212,0.383804,0.375673,0.367722,0.359946,0.352342,0.344905,0.33763,0.330514,0.323553,0.316743,0.31008,0.303561,0.297181,0.290937,0.284826,0.278844,0.272988,0.267255,0.261642,0.256146,0.250763,0.245491,0.240327,0.235269,0.230313,0.225457,0.220699,0.216036,0.211466,0.206987,0.202595,0.19829,0.194069,0.189929,0.185869,0.181888,0.177982,0.17415,0.170391,0.166702,0.163082,0.159529,0.156041,0.152617,0.149256,0.145955,0.142714,0.139531,0.136404,0.133332,0.130313,0.127347,0.124432,0.121567,0.118751,0.115981,0.113258,0.11058,0.107946,0.105355,0.102805,0.100296,0.0978261,0.0953951,0.0930015,0.0906445,0.088323,0.0860362,0.083783,0.0815626,0.0793741,0.0772165,0.0750891,0.0729908,0.070921,0.0688788,0.0668633,0.0648738,0.0629094,0.0609694,0.0590531,0.0571596,0.0552882,0.0534382,0.0516088,0.0497993,0.0480091,0.0462374,0.0444835,0.0427468,0.0410265,0.0393221,0.0376327,0.0359579,0.0342968,0.032649,0.0310137,0.0293903,0.0277782,0.0261768,0.0245854,0.0230035,0.0214304,0.0198655,0.0183082,0.016758,0.0152142,0.0136762,0.0121434,0.0106153,0.00909132,0.00757078,0.00605315,0.00453783,0.00302426
1,0.982465,0.964949,0.947473,0.930056,0.912716,0.895472,0.878342,0.861342,0.844489,0.827797,0.811282,0.794955,0.778829,0.762915,0.747223,0.731761,0.716536,0.701556,0.686825,0.672349,0.65813,0.644172,0.630475,0.617042,0.603871,0.590964,0.578318,0.565933,0.553806,0.541934,0.530316,0.518946,0.507824,0.496943,0.486301,0.475893,0.465715,0.455762,0.446031,0.436516,0.427212,0.418116,0.409223,0.400527,0.392025,0.383712,0.375583,0.367634,0.359861,0.352258,0.344823,0.337551,0.330437,0.323478,0.31667,0.310009,0.303491,0.297113,0.290871,0.284761,0.278781,0.272927,0.267196,0.261584,0.256089,0.250708,0.245437,0.240275,0.235217,0.230263,0.225408,0.220652,0.21599,0.211421,0.206942,0.202552,0.198248,0.194028,0.189889,0.185831,0.18185,0.177945,0.174114,0.170356,0.166667,0.163048,0.159496,0.156009,0.152586,0.149226,0.145926,0.142685,0.139503,0.136376,0.133305,0.130287,0.127322,0.124407,0.121543,0.118727,0.115958,0.113236,0.110558,0.107925,0.105334,0.102785,0.100276,0.0978069,0.0953764,0.0929833,0.0906268,0.0883058,0.0860194,0.0837667,0.0815468,0.0793587,0.0772015,0.0750745,0.0729767,0.0709073,0.0688655,0.0668504,0.0648612,0.0628973,0.0609577,0.0590417,0.0571486,0.0552775,0.0534279,0.0515989,0.0497898,0.0479999,0.0462285,0.044475,0.0427386,0.0410187,0.0393145,0.0376255,0.035951,0.0342903,0.0326427,0.0310077,0.0293847,0.0277729,0.0261718,0.0245807,0.0229991,0.0214263,0.0198617,0.0183047,0.0167548,0.0152113,0.0136736,0.0121411,0.0106133,0.00908958,0.00756934,0.00605199,0.00453697,0.00302368
1,0.982435,0.964891,0.947386,0.92994,0.912572,0.895302,0.878146,0.861122,0.844246,0.827534,0.810998,0.794654,0.778512,0.762583,0.746878,0.731404,0.71617,0.701182,0.686445,0.671963,0.65774,0.643779,0.630081,0.616647,0.603477,0.590571,0.577928,0.565546,0.553422,0.541555,0.529941,0.518577,0.50746,0.496586,0.48595,0.475548,0.465377,0.455431,0.445706,0.436198,0.426902,0.417812,0.408926,0.400237,0.391742,0.383436,0.375313,0.367371,0.359604,0.352008,0.344579,0.337313,0.330205,0.323252,0.316449,0.309794,0.303282,0.296909,0.290672,0.284567,0.278592,0.272743,0.267016,0.261409,0.255918,0.250541,0.245275,0.240117,0.235064,0.230113,0.225262,0.220509,0.215851,0.211285,0.20681,0.202423,0.198122,0.193905,0.18977,0.185714,0.181736,0.177834,0.174006,0.17025,0.166564,0.162948,0.159398,0.155914,0.152493,0.149135,0.145837,0.142599,0.139418,0.136294,0.133224,0.130209,0.127245,0.124333,0.12147,0.118656,0.115889,0.113169,0.110493,0.107861,0.105272,0.102724,0.100217,0.0977493,0.0953202,0.0929287,0.0905736,0.088254,0.085969,0.0837177,0.0814991,0.0793123,0.0771565,0.0750308,0.0729342,0.0708661,0.0688254,0.0668116,0.0648236,0.0628608,0.0609224,0.0590075,0.0571155,0.0552456,0.053397,0.0515691,0.049761,0.0479722,0.0462019,0.0444494,0.042714,0.040995,0.0392919,0.0376039,0.0359303,0.0342706,0.032624,0.0309899,0.0293678,0.027757,0.0261568,0.0245666,0.0229859,0.021414,0.0198503,0.0182942,0.0167452,0.0152025,0.0136657,0.0121342,0.0106072,0.00908438,0.007565,0.00604853,0.00453437,0.00302195
1,0.982386,0.964792,0.947238,0.929745,0.912332,0.895017,0.877819,0.860755,0.843841,0.827093,0.810525,0.79415,0.777981,0.762028,0.746301,0.730809,0.715558,0.700556,0.685808,0.671318,0.657089,0.643123,0.629423,0.615988,0.60282,0.589916,0.577277,0.5649,0.552783,0.540923,0.529317,0.517962,0.506854,0.49599,0.485364,0.474973,0.464813,0.454878,0.445165,0.435668,0.426384,0.417306,0.408431,0.399754,0.39127,0.382975,0.374864,0.366933,0.359176,0.351591,0.344172,0.336916,0.329819,0.322875,0.316082,0.309436,0.302933,0.296569,0.290341,0.284245,0.278278,0.272436,0.266717,0.261118,0.255635,0.250265,0.245005,0.239854,0.234807,0.229863,0.225019,0.220272,0.215619,0.21106,0.20659,0.202209,0.197913,0.193701,0.18957,0.18552,0.181546,0.177649,0.173826,0.170074,0.166393,0.16278,0.159235,0.155754,0.152338,0.148983,0.145689,0.142454,0.139277,0.136157,0.133091,0.130078,0.127118,0.124209,0.121349,0.118538,0.115774,0.113056,0.110383,0.107754,0.105168,0.102623,0.100118,0.0976533,0.0952267,0.0928376,0.0904849,0.0881678,0.0858851,0.0836361,0.0814197,0.0792352,0.0770815,0.0749579,0.0728635,0.0707974,0.0687588,0.0667469,0.0647609,0.0628001,0.0608635,0.0589506,0.0570604,0.0551923,0.0533456,0.0515194,0.0497132,0.0479261,0.0461575,0.0444067,0.042673,0.0409557,0.0392542,0.0375678,0.0358959,0.0342377,0.0325927,0.0309603,0.0293397,0.0277304,0.0261318,0.0245431,0.0229639,0.0213935,0.0198313,0.0182768,0.0167292,0.015188,0.0136527,0.0121226,0.0105971,0.00907571,0.00755778,0.00604275,0.00453004,0.00301906
1,0.982316,0.964653,0.947031,0.929471,0.911993,0.894615,0.877357,0.860237,0.84327,0.826472,0.809858,0.793441,0.777234,0.761247,0.74549,0.729971,0.714698,0.699677,0.684914,0.670412,0.656174,0.642202,0.628499,0.615064,0.601897,0.588997,0.576364,0.563994,0.551886,0.540036,0.528442,0.5171,0.506005,0.495155,0.484544,0.474168,0.464023,0.454105,0.444408,0.434927,0.425659,0.416597,0.407739,0.399078,0.39061,0.38233,0.374235,0.366319,0.358578,0.351007,0.343603,0.336362,0.329278,0.322348,0.315568,0.308935,0.302445,0.296093,0.289877,0.283793,0.277837,0.272007,0.266299,0.26071,0.255238,0.249878,0.244628,0.239486,0.234449,0.229514,0.224678,0.219939,0.215295,0.210744,0.206282,0.201908,0.19762,0.193415,0.189292,0.185248,0.181281,0.17739,0.173573,0.169828,0.166153,0.162546,0.159006,0.155532,0.15212,0.148771,0.145482,0.142253,0.139081,0.135965,0.132903,0.129896,0.12694,0.124035,0.12118,0.118373,0.115613,0.112899,0.11023,0.107605,0.105022,0.102481,0.0999803,0.0975189,0.0950959,0.0927102,0.0903609,0.0880471,0.0857677,0.0835219,0.0813087,0.0791272,0.0769766,0.0748559,0.0727644,0.0707012,0.0686655,0.0666564,0.0646732,0.0627151,0.0607812,0.0588709,0.0569834,0.0551179,0.0532736,0.05145,0.0496462,0.0478616,0.0460954,0.0443469,0.0426156,0.0409007,0.0392015,0.0375174,0.0358477,0.0341918,0.032549,0.0309188,0.0293004,0.0276932,0.0260967,0.0245103,0.0229332,0.0213649,0.0198048,0.0182523,0.0167068,0.0151677,0.0136344,0.0121064,0.0105829,0.00906357,0.00754768,0.00603467,0.00452398,0.00301503
1,0.982225,0.964472,0.946762,0.929115,0.911553,0.894094,0.876759,0.859565,0.842529,0.825667,0.808994,0.792523,0.776266,0.760235,0.74444,0.728887,0.713586,0.698541,0.683758,0.669241,0.654992,0.641014,0.627307,0.613871,0.600707,0.587812,0.575187,0.562827,0.55073,0.538894,0.527315,0.515989,0.504912,0.49408,0.483488,0.473133,0.463008,0.45311,0.443433,0.433974,0.424727,0.415686,0.406849,0.398208,0.389761,0.381502,0.373427,0.36553,0.357809,0.350258,0.342872,0.335649,0.328583,0.321671,0.314908,0.308292,0.301818,0.295482,0.289282,0.283213,0.277272,0.271456,0.265762,0.260187,0.254727,0.249381,0.244144,0.239014,0.233988,0.229065,0.22424,0.219512,0.214879,0.210338,0.205886,0.201522,0.197244,0.193048,0.188934,0.184899,0.180941,0.177058,0.173249,0.169512,0.165845,0.162245,0.158713,0.155245,0.151841,0.148499,0.145217,0.141993,0.138828,0.135718,0.132663,0.129661,0.126711,0.123812,0.120962,0.118161,0.115406,0.112698,0.110034,0.107413,0.104836,0.102299,0.0998031,0.0973463,0.0949278,0.0925465,0.0902016,0.087892,0.0856168,0.0833751,0.0811659,0.0789884,0.0768417,0.0747249,0.0726372,0.0705777,0.0685457,0.0665402,0.0645605,0.0626059,0.0606755,0.0587686,0.0568844,0.0550221,0.0531812,0.0513608,0.0495601,0.0477786,0.0460155,0.0442702,0.0425419,0.0408299,0.0391337,0.0374525,0.0357858,0.0341327,0.0324928,0.0308654,0.0292498,0.0276455,0.0260518,0.024468,0.0228937,0.0213281,0.0197707,0.0182209,0.016678,0.0151416,0.0136109,0.0120855,0.0105647,0.00904797,0.00753469,0.00602429,0.0045162,0.00300984
1,0.982113,0.964249,0.946429,0.928675,0.911009,0.89345,0.87602,0.858735,0.841614,0.824673,0.807927,0.79139,0.775074,0.758989,0.743146,0.727553,0.712217,0.697144,0.682337,0.667802,0.65354,0.639554,0.625843,0.612407,0.599247,0.586359,0.573743,0.561396,0.549315,0.537496,0.525935,0.51463,0.503574,0.492765,0.482197,0.471866,0.461766,0.451893,0.442243,0.432809,0.423587,0.414573,0.405761,0.397146,0.388724,0.38049,0.372439,0.364567,0.35687,0.349342,0.341979,0.334778,0.327735,0.320844,0.314103,0.307507,0.301053,0.294736,0.288555,0.282504,0.276582,0.270784,0.265107,0.259548,0.254105,0.248774,0.243552,0.238437,0.233426,0.228516,0.223706,0.218991,0.214371,0.209843,0.205403,0.201051,0.196784,0.1926,0.188497,0.184472,0.180525,0.176653,0.172854,0.169126,0.165468,0.161878,0.158355,0.154896,0.1515,0.148166,0.144892,0.141677,0.138519,0.135417,0.132369,0.129374,0.126432,0.123539,0.120696,0.117902,0.115154,0.112451,0.109794,0.10718,0.104608,0.102077,0.0995867,0.0971355,0.0947225,0.0923467,0.090007,0.0877026,0.0854326,0.0831959,0.0809916,0.078819,0.076677,0.0745649,0.0724818,0.0704269,0.0683993,0.0663982,0.0644229,0.0624725,0.0605463,0.0586435,0.0567634,0.0549052,0.0530683,0.0512518,0.049455,0.0476774,0.0459181,0.0441764,0.0424518,0.0407436,0.039051,0.0373734,0.0357101,0.0340606,0.0324242,0.0308003,0.0291881,0.0275872,0.0259968,0.0244164,0.0228454,0.0212831,0.019729,0.0181825,0.0166429,0.0151097,0.0135823,0.0120601,0.0105425,0.00902893,0.00751883,0.00601161,0.0045067,0.00300351
1,0.981979,0.963981,0.946029,0.928147,0.910357,0.892679,0.875134,0.857742,0.84052,0.823485,0.806652,0.790036,0.773649,0.757501,0.741603,0.725962,0.710585,0.695478,0.680645,0.66609,0.651814,0.637818,0.624103,0.610668,0.597513,0.584635,0.572031,0.5597,0.547637,0.535839,0.524301,0.51302,0.501991,0.491209,0.480669,0.470367,0.460297,0.450455,0.440835,0.431432,0.422241,0.413257,0.404476,0.395891,0.387499,0.379295,0.371273,0.36343,0.355761,0.34826,0.340925,0.333751,0.326733,0.319868,0.313151,0.30658,0.300149,0.293856,0.287697,0.281669,0.275767,0.26999,0.264333,0.258794,0.25337,0.248057,0.242854,0.237756,0.232762,0.22787,0.223075,0.218377,0.213772,0.209258,0.204833,0.200495,0.196242,0.192071,0.187981,0.183969,0.180034,0.176174,0.172387,0.16867,0.165024,0.161445,0.157932,0.154483,0.151098,0.147773,0.144509,0.141303,0.138154,0.135061,0.132022,0.129036,0.126102,0.123218,0.120383,0.117596,0.114855,0.112161,0.10951,0.106903,0.104338,0.101815,0.0993312,0.0968866,0.0944801,0.0921107,0.0897773,0.0874791,0.085215,0.0829842,0.0807858,0.0786189,0.0764826,0.074376,0.0722984,0.0702488,0.0682265,0.0662306,0.0642604,0.062315,0.0603938,0.0584959,0.0566206,0.0547672,0.0529349,0.0511231,0.0493309,0.0475578,0.0458029,0.0440658,0.0423455,0.0406416,0.0389532,0.0372799,0.0356209,0.0339755,0.0323432,0.0307233,0.0291152,0.0275183,0.0259319,0.0243555,0.0227884,0.02123,0.0196798,0.0181371,0.0166014,0.015072,0.0135484,0.01203,0.0105162,0.00900643,0.0075001,0.00599664,0.00449547,0.00299603
1,0.981821,0.963666,0.945561,0.927528,0.909592,0.891774,0.874096,0.856578,0.839238,0.822094,0.805161,0.788454,0.771985,0.755764,0.739802,0.724107,0.708684,0.693539,0.678676,0.664098,0.649806,0.635801,0.622083,0.608651,0.595502,0.582636,0.570048,0.557735,0.545694,0.533921,0.52241,0.511159,0.50016,0.48941,0.478904,0.468636,0.458601,0.448794,0.43921,0.429842,0.420687,0.411739,0.402993,0.394444,0.386087,0.377917,0.369929,0.362119,0.354482,0.347014,0.339711,0.332567,0.325579,0.318743,0.312055,0.305512,0.299109,0.292842,0.286709,0.280706,0.274829,0.269075,0.263442,0.257925,0.252523,0.247232,0.242049,0.236972,0.231998,0.227124,0.222349,0.217668,0.213081,0.208584,0.204176,0.199855,0.195617,0.191462,0.187387,0.18339,0.179469,0.175622,0.171849,0.168146,0.164512,0.160945,0.157444,0.154008,0.150634,0.147321,0.144068,0.140873,0.137734,0.134651,0.131623,0.128646,0.125722,0.122847,0.120021,0.117243,0.114512,0.111826,0.109184,0.106585,0.104028,0.101513,0.0990367,0.0965998,0.0942008,0.0918387,0.0895125,0.0872214,0.0849643,0.0827404,0.0805487,0.0783883,0.0762585,0.0741583,0.072087,0.0700435,0.0680273,0.0660374,0.0640731,0.0621335,0.060218,0.0583258,0.0564561,0.0546081,0.0527813,0.0509747,0.0491879,0.0474199,0.0456703,0.0439382,0.042223,0.040524,0.0388406,0.0371721,0.0355179,0.0338774,0.0322498,0.0306346,0.0290312,0.0274389,0.0258571,0.0242853,0.0227227,0.0211689,0.0196231,0.0180849,0.0165536,0.0150286,0.0135094,0.0119954,0.0104859,0.00898051,0.00747851,0.00597938,0.00448253,0.0029874
1,0.981638,0.963303,0.945019,0.926813,0.908709,0.89073,0.872898,0.855235,0.837761,0.820492,0.803445,0.786634,0.770071,0.753769,0.737736,0.721979,0.706505,0.691318,0.676423,0.66182,0.647512,0.633498,0.619778,0.606349,0.59321,0.580358,0.567789,0.555499,0.543484,0.53174,0.520261,0.509043,0.498081,0.487368,0.476901,0.466672,0.456677,0.446911,0.437367,0.428041,0.418927,0.41002,0.401314,0.392805,0.384488,0.376357,0.368408,0.360635,0.353036,0.345604,0.338336,0.331227,0.324273,0.317471,0.310815,0.304303,0.297931,0.291695,0.285591,0.279616,0.273767,0.268041,0.262434,0.256943,0.251565,0.246299,0.241139,0.236085,0.231133,0.226281,0.221527,0.216867,0.2123,0.207822,0.203433,0.19913,0.19491,0.190773,0.186714,0.182734,0.178829,0.174998,0.17124,0.167552,0.163932,0.16038,0.156893,0.15347,0.150109,0.146809,0.143568,0.140385,0.137259,0.134188,0.13117,0.128205,0.125291,0.122427,0.119612,0.116844,0.114123,0.111446,0.108814,0.106225,0.103677,0.10117,0.0987034,0.0962752,0.0938846,0.0915309,0.0892129,0.0869297,0.0846805,0.0824643,0.0802802,0.0781274,0.0760049,0.0739119,0.0718476,0.0698112,0.0678018,0.0658187,0.063861,0.0619281,0.060019,0.0581332,0.0562698,0.054428,0.0526073,0.0508068,0.0490259,0.0472639,0.0455201,0.0437937,0.0420842,0.0403909,0.0387131,0.0370501,0.0354014,0.0337663,0.0321441,0.0305343,0.0289361,0.027349,0.0257725,0.0242058,0.0226484,0.0210996,0.0195589,0.0180257,0.0164995,0.0149795,0.0134653,0.0119562,0.0104517,0.00895116,0.00745407,0.00595984,0.00446789,0.00297764
1,0.98143,0.962887,0.9444,0.925996,0.9077,0.889537,0.871532,0.853705,0.836078,0.818668,0.801492,0.784564,0.767898,0.751505,0.735392,0.719568,0.704038,0.688806,0.673876,0.659248,0.644923,0.630901,0.61718,0.603758,0.590631,0.577797,0.56525,0.552988,0.541004,0.529294,0.517852,0.506673,0.495752,0.485082,0.474658,0.464474,0.454525,0.444805,0.435308,0.426028,0.41696,0.408099,0.399439,0.390975,0.382702,0.374615,0.366709,0.358979,0.351421,0.34403,0.336802,0.329732,0.322816,0.316051,0.309432,0.302956,0.296618,0.290415,0.284344,0.278401,0.272583,0.266887,0.261309,0.255847,0.250497,0.245258,0.240125,0.235096,0.230169,0.225341,0.22061,0.215973,0.211428,0.206973,0.202605,0.198322,0.194122,0.190004,0.185964,0.182002,0.178116,0.174302,0.170561,0.166889,0.163286,0.159749,0.156278,0.15287,0.149524,0.146238,0.143011,0.139842,0.136729,0.133671,0.130666,0.127713,0.124811,0.121959,0.119156,0.116399,0.113689,0.111023,0.108402,0.105823,0.103285,0.100789,0.0983315,0.0959129,0.0935318,0.0911873,0.0888785,0.0866043,0.0843638,0.0821562,0.0799806,0.0778361,0.0757218,0.0736369,0.0715805,0.0695519,0.0675502,0.0655746,0.0636244,0.0616988,0.059797,0.0579182,0.0560618,0.054227,0.0524131,0.0506194,0.0488452,0.0470898,0.0453524,0.0436325,0.0419294,0.0402424,0.0385708,0.036914,0.0352714,0.0336423,0.0320261,0.0304222,0.0288299,0.0272487,0.025678,0.024117,0.0225653,0.0210223,0.0194873,0.0179597,0.016439,0.0149246,0.013416,0.0119124,0.0104134,0.0089184,0.00742679,0.00593803,0.00445154,0.00296675
1,0.981193,0.962416,0.943699,0.92507,0.906558,0.888188,0.869987,0.851976,0.834177,0.81661,0.79929,0.782234,0.765453,0.748959,0.73276,0.716863,0.701273,0.685993,0.671026,0.656373,0.642032,0.628004,0.614284,0.600871,0.58776,0.574947,0.562428,0.550197,0.538249,0.526579,0.515179,0.504045,0.493171,0.482549,0.472175,0.462042,0.452145,0.442476,0.43303,0.423803,0.414786,0.405976,0.397367,0.388954,0.38073,0.372692,0.364834,0.357151,0.349639,0.342293,0.335109,0.328083,0.32121,0.314485,0.307907,0.301469,0.295169,0.289004,0.282969,0.277061,0.271277,0.265615,0.260069,0.254639,0.24932,0.24411,0.239006,0.234005,0.229106,0.224305,0.219599,0.214988,0.210467,0.206036,0.201691,0.197431,0.193253,0.189156,0.185137,0.181196,0.177329,0.173535,0.169812,0.166159,0.162573,0.159054,0.155599,0.152208,0.148878,0.145608,0.142397,0.139242,0.136144,0.1331,0.130109,0.12717,0.124282,0.121443,0.118652,0.115908,0.11321,0.110557,0.107947,0.105379,0.102853,0.100368,0.0979212,0.0955132,0.0931426,0.0908083,0.0885095,0.0862451,0.0840144,0.0818163,0.07965,0.0775147,0.0754094,0.0733334,0.0712858,0.0692657,0.0672725,0.0653053,0.0633633,0.0614457,0.0595519,0.057681,0.0558324,0.0540052,0.0521989,0.0504126,0.0486457,0.0468976,0.0451674,0.0434546,0.0417585,0.0400784,0.0384137,0.0367637,0.0351279,0.0335054,0.0318959,0.0302985,0.0287128,0.027138,0.0255737,0.0240191,0.0224737,0.020937,0.0194082,0.0178869,0.0163723,0.0148641,0.0133616,0.0118641,0.0103712,0.00888224,0.00739669,0.00591396,0.00443349,0.00295472
1,0.980927,0.961886,0.942909,0.924028,0.905273,0.886671,0.86825,0.850034,0.832045,0.814303,0.796826,0.779628,0.762722,0.746119,0.729826,0.713851,0.698197,0.682868,0.667864,0.653185,0.63883,0.624797,0.611082,0.597681,0.584591,0.571805,0.559318,0.547125,0.535218,0.523593,0.512241,0.501158,0.490337,0.47977,0.469452,0.459375,0.449535,0.439924,0.430536,0.421366,0.412407,0.403654,0.395101,0.386742,0.378573,0.370589,0.362784,0.355153,0.347691,0.340395,0.33326,0.326281,0.319453,0.312774,0.30624,0.299845,0.293587,0.287462,0.281467,0.275598,0.269851,0.264225,0.258715,0.253319,0.248033,0.242856,0.237783,0.232814,0.227944,0.223172,0.218495,0.213911,0.209417,0.205012,0.200692,0.196457,0.192303,0.18823,0.184234,0.180314,0.176469,0.172696,0.168994,0.16536,0.161794,0.158294,0.154858,0.151485,0.148172,0.144919,0.141725,0.138587,0.135505,0.132476,0.129501,0.126577,0.123703,0.120878,0.118102,0.115371,0.112687,0.110046,0.107449,0.104894,0.102381,0.0999071,0.0974726,0.0950762,0.092717,0.0903939,0.0881061,0.0858525,0.0836323,0.0814447,0.0792886,0.0771633,0.0750679,0.0730016,0.0709635,0.0689529,0.0669689,0.0650108,0.0630777,0.061169,0.0592839,0.0574216,0.0555815,0.0537627,0.0519646,0.0501865,0.0484276,0.0466874,0.0449651,0.0432601,0.0415716,0.0398991,0.038242,0.0365994,0.0349709,0.0333558,0.0317535,0.0301633,0.0285847,0.027017,0.0254596,0.023912,0.0223736,0.0208437,0.0193217,0.0178072,0.0162994,0.0147979,0.0133021,0.0118113,0.010325,0.0088427,0.00736376,0.00588764,0.00441376,0.00294157
1,0.980628,0.961291,0.942024,0.922861,0.903834,0.884974,0.866309,0.847866,0.829667,0.811733,0.794082,0.77673,0.759688,0.742967,0.726575,0.710518,0.694797,0.679417,0.664375,0.649673,0.635306,0.621271,0.607565,0.594182,0.581117,0.568363,0.555915,0.543765,0.531906,0.520332,0.509036,0.49801,0.487248,0.476742,0.466486,0.456473,0.446696,0.437148,0.427824,0.418717,0.409821,0.40113,0.392639,0.384342,0.376233,0.368307,0.360559,0.352985,0.345579,0.338337,0.331254,0.324326,0.317549,0.310919,0.304432,0.298084,0.291872,0.285791,0.279838,0.274011,0.268305,0.262718,0.257247,0.251888,0.246639,0.241497,0.236459,0.231522,0.226685,0.221945,0.217299,0.212744,0.208279,0.203902,0.19961,0.195401,0.191274,0.187225,0.183254,0.179359,0.175537,0.171786,0.168106,0.164495,0.16095,0.15747,0.154054,0.1507,0.147407,0.144173,0.140996,0.137876,0.134811,0.1318,0.128841,0.125933,0.123076,0.120266,0.117505,0.114789,0.112119,0.109493,0.10691,0.104368,0.101868,0.0994077,0.096986,0.0946023,0.0922554,0.0899444,0.0876685,0.0854266,0.0832179,0.0810415,0.0788965,0.0767821,0.0746974,0.0726416,0.0706139,0.0686135,0.0666395,0.0646913,0.062768,0.0608689,0.0589932,0.0571402,0.0553092,0.0534995,0.0517104,0.0499411,0.048191,0.0464594,0.0447456,0.043049,0.0413689,0.0397046,0.0380556,0.0364211,0.0348006,0.0331934,0.031599,0.0300166,0.0284457,0.0268856,0.0253359,0.0237958,0.0222649,0.0207424,0.0192279,0.0177207,0.0162203,0.0147261,0.0132375,0.011754,0.0102749,0.0087998,0.00732804,0.00585907,0.00439235,0.0029273
1,0.980293,0.960626,0.941034,0.921557,0.902228,0.883081,0.864147,0.845452,0.827023,0.808879,0.79104,0.77352,0.756333,0.739487,0.72299,0.706846,0.691058,0.675626,0.660549,0.645825,0.631449,0.617418,0.603726,0.590366,0.577332,0.564617,0.552213,0.540113,0.528309,0.516794,0.50556,0.494598,0.483902,0.473464,0.463277,0.453334,0.443627,0.434149,0.424895,0.415858,0.407031,0.398408,0.389984,0.381753,0.373708,0.365847,0.358161,0.350648,0.343302,0.336119,0.329093,0.322221,0.315499,0.308922,0.302486,0.296188,0.290025,0.283991,0.278085,0.272303,0.266641,0.261096,0.255666,0.250348,0.245138,0.240033,0.235032,0.230132,0.22533,0.220623,0.21601,0.211488,0.207054,0.202707,0.198445,0.194265,0.190165,0.186144,0.182199,0.17833,0.174533,0.170807,0.167151,0.163562,0.16004,0.156583,0.153188,0.149855,0.146583,0.143369,0.140212,0.137111,0.134065,0.131072,0.12813,0.12524,0.122399,0.119607,0.116861,0.114162,0.111507,0.108896,0.106328,0.103802,0.101316,0.0988695,0.0964617,0.0940915,0.0917579,0.08946,0.0871969,0.0849676,0.0827712,0.080607,0.0784739,0.0763712,0.0742981,0.0722536,0.0702371,0.0682476,0.0662845,0.0643469,0.0624341,0.0605453,0.0586798,0.0568369,0.0550158,0.0532159,0.0514364,0.0496766,0.0479359,0.0462136,0.044509,0.0428215,0.0411503,0.039495,0.0378547,0.036229,0.0346171,0.0330184,0.0314324,0.0298584,0.0282958,0.026744,0.0252025,0.0236706,0.0221477,0.0206333,0.0191267,0.0176275,0.016135,0.0146486,0.0131679,0.0116922,0.0102209,0.00875354,0.00728952,0.00582828,0.00436927,0.00291192
1,0.97992,0.959884,0.939931,0.920104,0.900441,0.880977,0.861745,0.842775,0.824093,0.805721,0.787678,0.769979,0.752637,0.735659,0.719052,0.70282,0.686963,0.67148,0.65637,0.641628,0.627248,0.613226,0.599553,0.586223,0.573228,0.560558,0.548207,0.536165,0.524424,0.512975,0.50181,0.490921,0.480299,0.469936,0.459825,0.449958,0.440328,0.430928,0.42175,0.412788,0.404036,0.395487,0.387136,0.378976,0.371002,0.363209,0.355592,0.348145,0.340863,0.333743,0.326779,0.319967,0.313303,0.306783,0.300402,0.294159,0.288047,0.282065,0.276208,0.270474,0.264859,0.25936,0.253974,0.248699,0.243531,0.238467,0.233506,0.228644,0.223879,0.219208,0.214631,0.210143,0.205742,0.201428,0.197197,0.193048,0.188978,0.184986,0.18107,0.177228,0.173458,0.169758,0.166128,0.162564,0.159066,0.155632,0.152261,0.148951,0.1457,0.142507,0.139371,0.136291,0.133265,0.130291,0.127369,0.124497,0.121675,0.1189,0.116172,0.11349,0.110852,0.108258,0.105705,0.103195,0.100724,0.0982928,0.0958999,0.0935442,0.0912248,0.0889409,0.0866915,0.0844757,0.0822926,0.0801413,0.0780211,0.075931,0.0738702,0.0718379,0.0698333,0.0678556,0.065904,0.0639778,0.0620762,0.0601985,0.058344,0.0565118,0.0547013,0.0529119,0.0511427,0.0493932,0.0476625,0.0459502,0.0442554,0.0425776,0.0409161,0.0392702,0.0376394,0.036023,0.0344203,0.0328308,0.0312538,0.0296888,0.0281352,0.0265922,0.0250595,0.0235363,0.0220221,0.0205163,0.0190183,0.0175276,0.0160435,0.0145656,0.0130933,0.0116259,0.010163,0.00870396,0.00724824,0.00579528,0.00434452,0.00289543
1,0.979505,0.959057,0.938703,0.918488,0.898454,0.878639,0.859081,0.839809,0.820852,0.802234,0.783972,0.766082,0.748575,0.73146,0.71474,0.698418,0.682493,0.666963,0.651823,0.637068,0.622691,0.608684,0.595039,0.581746,0.568797,0.556182,0.543892,0.531917,0.520247,0.508873,0.497786,0.486976,0.476436,0.466157,0.456129,0.446347,0.4368,0.427483,0.418389,0.409509,0.400838,0.392369,0.384096,0.376014,0.368116,0.360397,0.352852,0.345476,0.338263,0.33121,0.324312,0.317564,0.310963,0.304503,0.298183,0.291996,0.285941,0.280013,0.274209,0.268527,0.262961,0.257511,0.252172,0.246943,0.241819,0.236799,0.231879,0.227058,0.222333,0.217702,0.213161,0.20871,0.204345,0.200065,0.195868,0.191751,0.187714,0.183752,0.179866,0.176054,0.172312,0.168641,0.165037,0.1615,0.158028,0.15462,0.151273,0.147986,0.144759,0.141589,0.138476,0.135417,0.132412,0.129459,0.126558,0.123706,0.120903,0.118147,0.115438,0.112773,0.110153,0.107576,0.105041,0.102547,0.100093,0.097678,0.0953008,0.0929606,0.0906565,0.0883874,0.0861527,0.0839512,0.0817822,0.0796448,0.0775382,0.0754614,0.0734138,0.0713945,0.0694026,0.0674375,0.0654982,0.0635842,0.0616946,0.0598287,0.0579858,0.0561651,0.0543659,0.0525876,0.0508295,0.0490908,0.0473709,0.0456692,0.0439849,0.0423175,0.0406662,0.0390305,0.0374097,0.0358032,0.0342104,0.0326307,0.0310634,0.029508,0.0279638,0.0264304,0.024907,0.0233931,0.0218881,0.0203915,0.0189026,0.017421,0.015946,0.0144771,0.0130137,0.0115553,0.0101013,0.00865108,0.0072042,0.00576007,0.00431813,0.00287784
1,0.979042,0.958137,0.937337,0.916691,0.896247,0.876046,0.856129,0.836529,0.817274,0.79839,0.779894,0.761801,0.744123,0.726864,0.71003,0.693618,0.677628,0.662055,0.646891,0.63213,0.617763,0.60378,0.590171,0.576926,0.564033,0.551482,0.539262,0.527363,0.515773,0.504484,0.493483,0.482763,0.472313,0.462125,0.452189,0.442498,0.433043,0.423817,0.414812,0.406021,0.397438,0.389055,0.380867,0.372867,0.36505,0.357411,0.349943,0.342643,0.335504,0.328523,0.321695,0.315016,0.308481,0.302086,0.295828,0.289703,0.283707,0.277837,0.272089,0.266461,0.260949,0.25555,0.250262,0.24508,0.240004,0.23503,0.230155,0.225377,0.220694,0.216104,0.211603,0.20719,0.202863,0.19862,0.194458,0.190376,0.186372,0.182444,0.17859,0.174808,0.171097,0.167455,0.163881,0.160372,0.156927,0.153545,0.150224,0.146963,0.143761,0.140615,0.137525,0.13449,0.131507,0.128576,0.125696,0.122866,0.120083,0.117347,0.114658,0.112013,0.109412,0.106853,0.104336,0.10186,0.0994235,0.0970254,0.0946649,0.0923411,0.090053,0.0877998,0.0855806,0.0833943,0.0812403,0.0791176,0.0770254,0.0749629,0.0729293,0.0709236,0.0689453,0.0669935,0.0650674,0.0631663,0.0612894,0.059436,0.0576054,0.0557969,0.0540098,0.0522433,0.0504969,0.0487697,0.0470613,0.0453708,0.0436977,0.0420412,0.0404009,0.0387759,0.0371658,0.0355699,0.0339875,0.0324182,0.0308612,0.0293159,0.0277819,0.0262584,0.024745,0.0232409,0.0217458,0.0202589,0.0187798,0.0173078,0.0158424,0.0143831,0.0129292,0.0114802,0.0100357,0.00859491,0.00715743,0.00572267,0.0042901,0.00285916
1,0.978526,0.957112,0.935815,0.914693,0.893795,0.873171,0.852861,0.832903,0.813327,0.794157,0.775412,0.757107,0.73925,0.721846,0.704896,0.688398,0.672347,0.656736,0.641557,0.626799,0.612451,0.598502,0.58494,0.571753,0.558927,0.546451,0.534312,0.522499,0.511001,0.499805,0.488901,0.478279,0.467928,0.45784,0.448004,0.438413,0.429057,0.419929,0.411021,0.402326,0.393837,0.385546,0.377449,0.369538,0.361808,0.354253,0.346868,0.339648,0.332588,0.325684,0.31893,0.312323,0.305858,0.299532,0.293341,0.287281,0.281348,0.275539,0.26985,0.26428,0.258824,0.253479,0.248244,0.243114,0.238087,0.233161,0.228334,0.223602,0.218963,0.214416,0.209957,0.205585,0.201298,0.197093,0.192969,0.188924,0.184955,0.181062,0.177241,0.173492,0.169813,0.166203,0.162658,0.159179,0.155763,0.152409,0.149116,0.145882,0.142705,0.139585,0.136521,0.133509,0.130551,0.127643,0.124786,0.121977,0.119216,0.116502,0.113833,0.111209,0.108628,0.106089,0.103591,0.101134,0.0987152,0.0963351,0.0939923,0.0916859,0.0894149,0.0871784,0.0849755,0.0828054,0.0806672,0.07856,0.0764831,0.0744356,0.0724167,0.0704257,0.0684616,0.0665239,0.0646116,0.0627241,0.0608607,0.0590206,0.057203,0.0554074,0.053633,0.0518791,0.050145,0.0484301,0.0467337,0.0450551,0.0433938,0.041749,0.0401201,0.0385066,0.0369078,0.035323,0.0337517,0.0321933,0.0306472,0.0291127,0.0275893,0.0260765,0.0245736,0.02308,0.0215952,0.0201187,0.0186498,0.017188,0.0157328,0.0142836,0.0128398,0.0114008,0.00996626,0.00853548,0.00710794,0.00568311,0.00426044,0.00283939
1,0.977951,0.955969,0.934121,0.912469,0.891071,0.86998,0.849242,0.828895,0.808972,0.789498,0.770491,0.751964,0.733924,0.716374,0.699311,0.682731,0.666626,0.650987,0.635801,0.621057,0.606741,0.592838,0.579335,0.566217,0.553471,0.541082,0.529036,0.517322,0.505925,0.494834,0.484037,0.473523,0.463282,0.453302,0.443576,0.434093,0.424844,0.415822,0.407018,0.398425,0.390037,0.381845,0.373844,0.366027,0.35839,0.350925,0.343628,0.336493,0.329517,0.322693,0.316018,0.309488,0.303098,0.296844,0.290723,0.284731,0.278864,0.27312,0.267494,0.261984,0.256587,0.2513,0.24612,0.241044,0.23607,0.231195,0.226417,0.221733,0.217141,0.212639,0.208224,0.203895,0.19965,0.195486,0.191401,0.187394,0.183463,0.179606,0.175821,0.172107,0.168461,0.164883,0.161371,0.157923,0.154537,0.151213,0.147949,0.144743,0.141594,0.138501,0.135462,0.132477,0.129543,0.12666,0.123826,0.121041,0.118303,0.115612,0.112965,0.110362,0.107801,0.105283,0.102806,0.100368,0.0979688,0.0956077,0.0932836,0.0909954,0.0887423,0.0865234,0.0843378,0.0821846,0.0800631,0.0779723,0.0759115,0.0738798,0.0718765,0.0699007,0.0679517,0.0660288,0.0641311,0.062258,0.0604088,0.0585826,0.0567788,0.0549968,0.0532357,0.051495,0.049774,0.048072,0.0463883,0.0447223,0.0430733,0.0414409,0.0398242,0.0382226,0.0366357,0.0350627,0.0335031,0.0319562,0.0304215,0.0288984,0.0273863,0.0258847,0.0243928,0.0229103,0.0214365,0.0199708,0.0185128,0.0170618,0.0156172,0.0141787,0.0127455,0.0113171,0.00989309,0.00847281,0.00705576,0.00564139,0.00422917,0.00281855
1,0.977308,0.954692,0.93223,0.90999,0.88804,0.866437,0.845231,0.824464,0.804169,0.784372,0.765091,0.746335,0.728109,0.710413,0.693242,0.676588,0.66044,0.644783,0.629604,0.614888,0.600616,0.586774,0.573345,0.560311,0.547658,0.535369,0.52343,0.511826,0.500543,0.489569,0.47889,0.468495,0.458373,0.448512,0.438904,0.429537,0.420404,0.411496,0.402804,0.394321,0.38604,0.377953,0.370055,0.362339,0.354799,0.347429,0.340225,0.333181,0.326292,0.319554,0.312962,0.306512,0.300201,0.294023,0.287976,0.282055,0.276259,0.270582,0.265022,0.259576,0.25424,0.249013,0.243891,0.238872,0.233953,0.229132,0.224405,0.219772,0.215229,0.210774,0.206406,0.202122,0.197921,0.193799,0.189756,0.185789,0.181897,0.178078,0.174331,0.170652,0.167042,0.163499,0.16002,0.156604,0.153251,0.149957,0.146723,0.143547,0.140427,0.137362,0.134351,0.131392,0.128485,0.125627,0.122819,0.120058,0.117344,0.114676,0.112052,0.109472,0.106934,0.104437,0.10198,0.0995633,0.0971847,0.0948435,0.0925389,0.0902699,0.0880356,0.0858351,0.0836677,0.0815323,0.0794283,0.0773547,0.0753108,0.0732957,0.0713087,0.069349,0.0674159,0.0655085,0.0636262,0.0617682,0.0599338,0.0581223,0.056333,0.0545652,0.0528182,0.0510914,0.0493841,0.0476956,0.0460252,0.0443724,0.0427366,0.041117,0.039513,0.0379242,0.0363497,0.0347891,0.0332417,0.031707,0.0301844,0.0286732,0.027173,0.025683,0.0242029,0.0227319,0.0212696,0.0198154,0.0183687,0.016929,0.0154957,0.0140684,0.0126463,0.0112291,0.00981616,0.00840693,0.0070009,0.00559753,0.00419629,0.00279664
1,0.976587,0.953263,0.930115,0.907223,0.884662,0.862496,0.840781,0.81956,0.798869,0.778731,0.759164,0.740175,0.721764,0.703928,0.686658,0.66994,0.653761,0.638102,0.622946,0.608272,0.594063,0.580298,0.566958,0.554025,0.54148,0.529307,0.517489,0.506009,0.494854,0.484008,0.47346,0.463195,0.453202,0.443471,0.43399,0.424749,0.41574,0.406953,0.398381,0.390015,0.381848,0.373873,0.366084,0.358474,0.351037,0.343768,0.336662,0.329713,0.322917,0.316269,0.309764,0.303399,0.29717,0.291072,0.285102,0.279257,0.273533,0.267927,0.262436,0.257056,0.251786,0.246621,0.241561,0.236601,0.231739,0.226973,0.222301,0.21772,0.213229,0.208824,0.204504,0.200267,0.196111,0.192034,0.188034,0.184109,0.180258,0.176479,0.17277,0.16913,0.165557,0.162049,0.158605,0.155224,0.151903,0.148643,0.14544,0.142295,0.139205,0.136169,0.133187,0.130256,0.127376,0.124546,0.121764,0.119029,0.11634,0.113696,0.111096,0.108539,0.106024,0.10355,0.101116,0.0987206,0.0963632,0.0940429,0.0917587,0.0895097,0.0872951,0.085114,0.0829656,0.0808489,0.0787631,0.0767075,0.0746813,0.0726836,0.0707138,0.0687709,0.0668543,0.0649633,0.063097,0.0612548,0.059436,0.0576399,0.0558657,0.0541129,0.0523806,0.0506684,0.0489754,0.047301,0.0456447,0.0440058,0.0423836,0.0407775,0.0391869,0.0376113,0.0360499,0.0345023,0.0329678,0.0314458,0.0299358,0.0284371,0.0269493,0.0254717,0.0240037,0.0225449,0.0210947,0.0196525,0.0182177,0.0167899,0.0153684,0.0139528,0.0125424,0.0111369,0.00973552,0.00833788,0.0069434,0.00555156,0.00416183,0.00277367
1,0.975778,0.951659,0.927744,0.904126,0.880889,0.858105,0.835836,0.814127,0.793014,0.772521,0.75266,0.733436,0.714844,0.696877,0.67952,0.662755,0.646561,0.630919,0.615804,0.601194,0.587065,0.573396,0.560165,0.54735,0.534931,0.52289,0.511208,0.499868,0.488854,0.478151,0.467745,0.457622,0.447771,0.438178,0.428835,0.41973,0.410853,0.402197,0.393751,0.38551,0.377464,0.369608,0.361933,0.354435,0.347108,0.339945,0.332942,0.326093,0.319394,0.31284,0.306427,0.30015,0.294007,0.287993,0.282104,0.276337,0.27069,0.265157,0.259738,0.254428,0.249225,0.244126,0.239129,0.234231,0.229429,0.224722,0.220106,0.21558,0.211142,0.206789,0.202519,0.198331,0.194223,0.190192,0.186237,0.182356,0.178548,0.17481,0.171142,0.167541,0.164006,0.160536,0.157128,0.153782,0.150497,0.14727,0.1441,0.140987,0.137928,0.134924,0.131971,0.12907,0.126219,0.123416,0.120661,0.117953,0.115291,0.112673,0.110098,0.107565,0.105074,0.102624,0.100213,0.0978399,0.0955047,0.0932062,0.0909433,0.0887153,0.0865213,0.0843604,0.0822317,0.0801345,0.0780679,0.0760311,0.0740234,0.0720439,0.0700919,0.0681666,0.0662673,0.0643933,0.0625438,0.0607182,0.0589157,0.0571356,0.0553773,0.05364,0.0519232,0.0502261,0.0485481,0.0468886,0.0452469,0.0436224,0.0420145,0.0404226,0.038846,0.0372842,0.0357365,0.0342024,0.0326813,0.0311727,0.0296758,0.0281902,0.0267154,0.0252507,0.0237955,0.0223494,0.0209118,0.0194821,0.0180598,0.0166443,0.0152352,0.0138319,0.0124338,0.0110404,0.00965119,0.00826566,0.00688327,0.00550348,0.00412579,0.00274966
1,0.974864,0.949851,0.925076,0.900647,0.876662,0.853201,0.83033,0.808098,0.78654,0.765678,0.745519,0.726063,0.707301,0.689217,0.67179,0.654997,0.638812,0.623208,0.608157,0.593633,0.579608,0.566057,0.552955,0.540279,0.528005,0.516114,0.504586,0.493401,0.482544,0.471997,0.461747,0.451779,0.44208,0.432638,0.423442,0.414482,0.405747,0.397229,0.388919,0.380809,0.372891,0.36516,0.357607,0.350227,0.343014,0.335962,0.329067,0.322323,0.315725,0.30927,0.302952,0.296769,0.290715,0.284788,0.278984,0.273299,0.267731,0.262276,0.256931,0.251693,0.246561,0.24153,0.236599,0.231765,0.227025,0.222378,0.217821,0.213352,0.208969,0.20467,0.200453,0.196316,0.192257,0.188274,0.184366,0.180531,0.176767,0.173072,0.169446,0.165886,0.162391,0.158959,0.15559,0.152281,0.149031,0.145839,0.142704,0.139624,0.136599,0.133626,0.130704,0.127834,0.125012,0.122239,0.119513,0.116832,0.114197,0.111606,0.109057,0.10655,0.104084,0.101658,0.0992709,0.0969218,0.0946097,0.0923339,0.0900933,0.0878871,0.0857145,0.0835746,0.0814665,0.0793896,0.0773429,0.0753257,0.0733372,0.0713767,0.0694433,0.0675364,0.0656551,0.0637989,0.0619669,0.0601585,0.0583729,0.0566096,0.0548678,0.0531468,0.051446,0.0497648,0.0481024,0.0464583,0.0448319,0.0432225,0.0416295,0.0400523,0.0384903,0.0369429,0.0354095,0.0338896,0.0323825,0.0308877,0.0294046,0.0279327,0.0264714,0.0250201,0.0235783,0.0221454,0.020721,0.0193043,0.0178951,0.0164925,0.0150963,0.0137058,0.0123204,0.0109397,0.00956322,0.00819033,0.00682054,0.00545333,0.00408819,0.0027246
1,0.97383,0.947804,0.92206,0.896726,0.871911,0.847707,0.824184,0.801395,0.779371,0.75813,0.737675,0.717998,0.69908,0.680899,0.663426,0.646631,0.630481,0.614943,0.599984,0.585573,0.571677,0.558269,0.54532,0.532804,0.520697,0.508976,0.497619,0.486607,0.475922,0.465547,0.455467,0.445666,0.436132,0.426851,0.417813,0.409008,0.400424,0.392053,0.383886,0.375915,0.368133,0.360533,0.353108,0.345852,0.338759,0.331824,0.325041,0.318406,0.311915,0.305562,0.299344,0.293257,0.287297,0.281461,0.275744,0.270145,0.264659,0.259283,0.254016,0.248854,0.243794,0.238834,0.233971,0.229204,0.224529,0.219945,0.215449,0.211039,0.206713,0.20247,0.198307,0.194222,0.190215,0.186282,0.182422,0.178634,0.174916,0.171266,0.167683,0.164166,0.160712,0.157321,0.153991,0.15072,0.147508,0.144353,0.141253,0.138208,0.135216,0.132276,0.129387,0.126548,0.123758,0.121015,0.118318,0.115667,0.11306,0.110496,0.107974,0.105494,0.103054,0.100654,0.0982914,0.0959667,0.0936787,0.0914263,0.0892089,0.0870253,0.084875,0.0827569,0.0806704,0.0786145,0.0765886,0.0745917,0.0726233,0.0706824,0.0687684,0.0668805,0.065018,0.0631803,0.0613665,0.059576,0.0578081,0.0560622,0.0543375,0.0526334,0.0509493,0.0492846,0.0476385,0.0460105,0.0444,0.0428063,0.0412288,0.0396669,0.0381201,0.0365877,0.0350692,0.033564,0.0320715,0.0305911,0.0291224,0.0276646,0.0262174,0.0247801,0.0233522,0.0219331,0.0205223,0.0191193,0.0177236,0.0163345,0.0149517,0.0135745,0.0122024,0.010835,0.00947164,0.0081119,0.00675523,0.00540112,0.00404905,0.00269851
1,0.97265,0.945474,0.918636,0.892286,0.86655,0.841531,0.817305,0.793925,0.771419,0.749798,0.729055,0.709172,0.690122,0.671872,0.654385,0.63762,0.621538,0.606099,0.591264,0.576996,0.56326,0.550022,0.537252,0.524921,0.513003,0.501473,0.490307,0.479487,0.468991,0.458803,0.448907,0.439287,0.429929,0.420822,0.411953,0.403312,0.394888,0.386673,0.378657,0.370833,0.363193,0.355731,0.34844,0.341313,0.334346,0.327532,0.320868,0.314347,0.307966,0.30172,0.295606,0.289619,0.283756,0.278013,0.272388,0.266876,0.261476,0.256184,0.250996,0.245912,0.240927,0.236041,0.231249,0.22655,0.221942,0.217423,0.21299,0.208641,0.204375,0.200189,0.196082,0.192052,0.188098,0.184216,0.180407,0.176668,0.172997,0.169394,0.165856,0.162382,0.158971,0.155622,0.152332,0.149101,0.145928,0.14281,0.139747,0.136738,0.133782,0.130876,0.128021,0.125214,0.122456,0.119744,0.117078,0.114457,0.111879,0.109344,0.10685,0.104398,0.101985,0.0996106,0.0972744,0.0949751,0.092712,0.0904841,0.0882905,0.0861306,0.0840033,0.0819079,0.0798436,0.0778096,0.0758052,0.0738295,0.0718818,0.0699613,0.0680674,0.0661993,0.0643563,0.0625377,0.0607428,0.0589709,0.0572214,0.0554935,0.0537867,0.0521002,0.0504334,0.0487858,0.0471566,0.0455453,0.0439513,0.0423738,0.0408125,0.0392665,0.0377355,0.0362187,0.0347156,0.0332257,0.0317483,0.030283,0.0288291,0.0273861,0.0259535,0.0245307,0.0231172,0.0217125,0.0203159,0.0189271,0.0175454,0.0161703,0.0148014,0.013438,0.0120798,0.0107261,0.00937649,0.00803041,0.00668737,0.00534687,0.00400838,0.00267141
1,0.971297,0.942806,0.914724,0.88723,0.860471,0.834561,0.809582,0.785581,0.762583,0.740587,0.719573,0.699513,0.680365,0.662083,0.644621,0.627927,0.611953,0.596651,0.581977,0.567888,0.554343,0.541307,0.528745,0.516626,0.504921,0.493604,0.482651,0.472041,0.461752,0.451768,0.44207,0.432645,0.423477,0.414555,0.405866,0.397399,0.389144,0.381093,0.373236,0.365566,0.358076,0.350758,0.343607,0.336616,0.329779,0.323092,0.31655,0.310148,0.303881,0.297747,0.29174,0.285857,0.280094,0.274449,0.268918,0.263497,0.258185,0.252978,0.247874,0.24287,0.237964,0.233152,0.228434,0.223806,0.219267,0.214815,0.210446,0.206161,0.201956,0.19783,0.193781,0.189807,0.185907,0.182079,0.178322,0.174633,0.171011,0.167456,0.163964,0.160536,0.157169,0.153863,0.150615,0.147425,0.144291,0.141213,0.138188,0.135216,0.132296,0.129426,0.126605,0.123833,0.121107,0.118428,0.115794,0.113203,0.110656,0.10815,0.105686,0.103262,0.100877,0.09853,0.0962205,0.0939475,0.0917101,0.0895075,0.0873388,0.0852032,0.0830998,0.0810279,0.0789866,0.0769753,0.0749931,0.0730393,0.0711131,0.0692138,0.0673407,0.0654931,0.0636703,0.0618716,0.0600962,0.0583436,0.056613,0.0549039,0.0532155,0.0515473,0.0498985,0.0482686,0.046657,0.0450629,0.043486,0.0419254,0.0403808,0.0388513,0.0373366,0.035836,0.0343489,0.0328748,0.0314132,0.0299634,0.028525,0.0270973,0.0256798,0.0242721,0.0228736,0.0214837,0.0201019,0.0187277,0.0173606,0.016,0.0146455,0.0132966,0.0119526,0.0106132,0.0092778,0.0079459,0.006617,0.0052906,0.0039662,0.0026433
1,0.969733,0.939727,0.910226,0.881441,0.853544,0.826662,0.800878,0.776236,0.752746,0.730392,0.70914,0.688941,0.66974,0.651476,0.634088,0.617513,0.601695,0.586576,0.572105,0.558234,0.544919,0.532118,0.519795,0.507916,0.496451,0.485372,0.474653,0.464273,0.45421,0.444445,0.434962,0.425745,0.41678,0.408054,0.399555,0.391273,0.383197,0.375319,0.367629,0.360121,0.352786,0.345619,0.338614,0.331763,0.325063,0.318508,0.312092,0.305813,0.299665,0.293645,0.287749,0.281974,0.276315,0.27077,0.265336,0.26001,0.254789,0.249671,0.244652,0.239731,0.234905,0.230171,0.225528,0.220974,0.216506,0.212122,0.207821,0.2036,0.199459,0.195394,0.191404,0.187489,0.183645,0.179872,0.176167,0.172531,0.16896,0.165453,0.16201,0.158628,0.155307,0.152045,0.14884,0.145693,0.1426,0.139562,0.136577,0.133643,0.13076,0.127927,0.125142,0.122404,0.119713,0.117067,0.114465,0.111907,0.109391,0.106916,0.104482,0.102087,0.0997306,0.097412,0.0951303,0.0928844,0.0906737,0.0884971,0.086354,0.0842436,0.0821649,0.0801172,0.0780998,0.0761119,0.0741527,0.0722215,0.0703176,0.0684402,0.0665887,0.0647622,0.0629603,0.0611821,0.059427,0.0576943,0.0559834,0.0542936,0.0526243,0.0509749,0.0493448,0.0477332,0.0461397,0.0445636,0.0430043,0.0414612,0.0399338,0.0384215,0.0369237,0.0354398,0.0339693,0.0325116,0.0310662,0.0296326,0.0282101,0.0267982,0.0253965,0.0240044,0.0226213,0.0212468,0.0198803,0.0185213,0.0171692,0.0158237,0.0144842,0.0131501,0.011821,0.0104963,0.00917562,0.00785839,0.00654413,0.00523234,0.00392253,0.0026142
1,0.967908,0.936144,0.90501,0.874762,0.845601,0.817664,0.791033,0.765738,0.741772,0.719096,0.697652,0.677372,0.658179,0.639994,0.62274,0.606345,0.590737,0.575853,0.561634,0.548026,0.53498,0.522451,0.510401,0.498793,0.487595,0.476779,0.466317,0.456188,0.446369,0.436841,0.427588,0.418594,0.409844,0.401327,0.393029,0.384941,0.377053,0.369355,0.361841,0.354501,0.347329,0.340319,0.333465,0.326761,0.320202,0.313783,0.307499,0.301347,0.295322,0.289421,0.283639,0.277974,0.272423,0.266981,0.261648,0.256418,0.251291,0.246263,0.241333,0.236497,0.231753,0.227099,0.222534,0.218055,0.21366,0.209347,0.205115,0.200961,0.196884,0.192882,0.188954,0.185098,0.181312,0.177596,0.173946,0.170363,0.166844,0.163388,0.159994,0.15666,0.153386,0.150169,0.147009,0.143905,0.140855,0.137858,0.134913,0.132019,0.129175,0.126379,0.123631,0.120929,0.118273,0.115662,0.113094,0.110568,0.108084,0.105641,0.103238,0.100873,0.0985468,0.0962574,0.0940041,0.0917863,0.089603,0.0874534,0.0853368,0.0832523,0.0811991,0.0791764,0.0771836,0.0752199,0.0732844,0.0713766,0.0694956,0.0676408,0.0658115,0.064007,0.0622265,0.0604696,0.0587353,0.0570233,0.0553327,0.0536629,0.0520134,0.0503834,0.0487725,0.0471799,0.0456051,0.0440475,0.0425065,0.0409815,0.0394719,0.0379773,0.0364969,0.0350303,0.0335769,0.0321362,0.0307076,0.0292906,0.0278846,0.0264891,0.0251036,0.0237276,0.0223605,0.0210019,0.0196512,0.0183079,0.0169715,0.0156415,0.0143174,0.0129987,0.0116849,0.0103755,0.00906999,0.00776793,0.00646881,0.00517212,0.00387738,0.00258411
1,0.965756,0.931932,0.898908,0.866998,0.836434,0.807362,0.779851,0.753912,0.729507,0.706566,0.685002,0.664717,0.645609,0.62758,0.610535,0.594387,0.579055,0.564465,0.550552,0.537255,0.524522,0.512306,0.500565,0.48926,0.478358,0.467831,0.45765,0.447792,0.438236,0.428963,0.419955,0.411198,0.402676,0.394379,0.386293,0.378409,0.370718,0.363209,0.355877,0.348713,0.341711,0.334864,0.328167,0.321614,0.315201,0.308922,0.302775,0.296753,0.290855,0.285076,0.279412,0.273861,0.26842,0.263085,0.257854,0.252724,0.247694,0.242759,0.237919,0.23317,0.228511,0.22394,0.219454,0.215052,0.210732,0.206492,0.20233,0.198245,0.194235,0.190298,0.186432,0.182637,0.178911,0.175252,0.171659,0.16813,0.164664,0.161261,0.157917,0.154633,0.151407,0.148237,0.145123,0.142063,0.139057,0.136103,0.133199,0.130345,0.127541,0.124784,0.122073,0.119409,0.116789,0.114213,0.11168,0.109188,0.106737,0.104327,0.101955,0.099622,0.0973261,0.0950666,0.0928428,0.0906537,0.0884987,0.0863769,0.0842875,0.0822297,0.0802028,0.0782059,0.0762384,0.0742996,0.0723886,0.0705049,0.0686476,0.0668161,0.0650097,0.0632277,0.0614695,0.0597343,0.0580217,0.0563308,0.0546611,0.053012,0.0513828,0.049773,0.0481818,0.0466088,0.0450533,0.0435148,0.0419926,0.0404863,0.0389952,0.0375187,0.0360564,0.0346076,0.0331719,0.0317487,0.0303374,0.0289376,0.0275486,0.02617,0.0248013,0.0234419,0.0220913,0.0207491,0.0194147,0.0180876,0.0167673,0.0154533,0.0141452,0.0128423,0.0115444,0.0102507,0.00896095,0.00767455,0.00639105,0.00510995,0.00383078,0.00255305
1,0.963184,0.926918,0.891691,0.857889,0.825775,0.795496,0.767099,0.740553,0.715778,0.692661,0.671074,0.650883,0.63196,0.614182,0.597434,0.581615,0.566631,0.552401,0.538853,0.525921,0.513549,0.501687,0.490291,0.479323,0.468748,0.458535,0.448659,0.439094,0.429821,0.420819,0.412072,0.403565,0.395285,0.387219,0.379356,0.371685,0.364199,0.356888,0.349745,0.342764,0.335937,0.329258,0.322724,0.316327,0.310065,0.303932,0.297924,0.292037,0.286269,0.280615,0.275073,0.269639,0.26431,0.259085,0.253959,0.248932,0.244,0.239161,0.234413,0.229754,0.225182,0.220694,0.21629,0.211967,0.207724,0.203558,0.199469,0.195454,0.191512,0.187641,0.18384,0.180108,0.176442,0.172843,0.169307,0.165835,0.162424,0.159073,0.155781,0.152548,0.149371,0.146249,0.143182,0.140169,0.137207,0.134296,0.131435,0.128623,0.125859,0.123142,0.12047,0.117844,0.115261,0.112721,0.110224,0.107767,0.105351,0.102973,0.100635,0.0983334,0.0960689,0.0938402,0.0916466,0.0894873,0.0873613,0.085268,0.0832066,0.0811764,0.0791764,0.0772061,0.0752647,0.0733515,0.0714657,0.0696067,0.0677738,0.0659663,0.0641835,0.0624247,0.0606893,0.0589767,0.0572863,0.0556173,0.0539692,0.0523413,0.0507331,0.0491439,0.0475731,0.0460203,0.0444847,0.0429658,0.0414631,0.0399759,0.0385038,0.0370461,0.0356024,0.034172,0.0327545,0.0313493,0.0299559,0.0285737,0.0272023,0.0258411,0.0244897,0.0231474,0.0218139,0.0204886,0.0191709,0.0178605,0.0165568,0.0152594,0.0139677,0.0126812,0.0113995,0.0101221,0.00884855,0.00757829,0.00631089,0.00504586,0.00378274,0.00252103
1,0.960063,0.920866,0.88305,0.84709,0.813281,0.78175,0.752494,0.725423,0.70039,0.677225,0.655748,0.635783,0.617168,0.599752,0.583404,0.568006,0.553453,0.539656,0.526537,0.514026,0.502065,0.490602,0.479591,0.468994,0.458775,0.448904,0.439356,0.430106,0.421133,0.41242,0.403949,0.395707,0.38768,0.379856,0.372225,0.364778,0.357505,0.350399,0.343452,0.33666,0.330014,0.32351,0.317143,0.310907,0.3048,0.298816,0.292951,0.287203,0.281568,0.276043,0.270625,0.265311,0.260098,0.254984,0.249967,0.245044,0.240213,0.235472,0.230818,0.226251,0.221767,0.217366,0.213045,0.208803,0.204638,0.200549,0.196533,0.19259,0.188718,0.184915,0.18118,0.177511,0.173908,0.170369,0.166893,0.163478,0.160123,0.156826,0.153588,0.150406,0.14728,0.144208,0.141189,0.138222,0.135306,0.13244,0.129622,0.126853,0.124131,0.121454,0.118823,0.116235,0.113691,0.111188,0.108727,0.106306,0.103925,0.101582,0.0992765,0.0970082,0.094776,0.0925789,0.0904164,0.0882874,0.0861914,0.0841274,0.0820948,0.0800927,0.0781206,0.0761775,0.0742629,0.072376,0.0705162,0.0686826,0.0668747,0.0650918,0.0633333,0.0615984,0.0598865,0.0581971,0.0565294,0.0548829,0.053257,0.051651,0.0500643,0.0484964,0.0469467,0.0454145,0.0438994,0.0424007,0.040918,0.0394506,0.037998,0.0365596,0.035135,0.0337235,0.0323248,0.0309381,0.0295631,0.0281991,0.0268458,0.0255025,0.0241689,0.0228443,0.0215282,0.0202203,0.01892,0.0176268,0.0163402,0.0150597,0.0137849,0.0125153,0.0112504,0.00998975,0.00873283,0.00747919,0.00622837,0.00497989,0.00373328,0.00248807
1,0.956202,0.913433,0.872551,0.834142,0.79851,0.765728,0.735706,0.708254,0.683136,0.660102,0.638909,0.619333,0.601174,0.584256,0.568426,0.553551,0.539519,0.526234,0.513612,0.501582,0.490084,0.479064,0.468477,0.458285,0.448453,0.438952,0.429755,0.42084,0.412187,0.403778,0.395598,0.387633,0.379871,0.3723,0.364911,0.357695,0.350644,0.34375,0.337007,0.330408,0.323949,0.317625,0.311429,0.305359,0.299411,0.29358,0.287863,0.282257,0.276758,0.271365,0.266073,0.260882,0.255787,0.250787,0.24588,0.241064,0.236336,0.231695,0.227138,0.222664,0.218271,0.213958,0.209722,0.205562,0.201477,0.197466,0.193525,0.189655,0.185854,0.18212,0.178453,0.17485,0.17131,0.167833,0.164417,0.16106,0.157763,0.154522,0.151338,0.148209,0.145135,0.142113,0.139143,0.136224,0.133355,0.130534,0.127762,0.125036,0.122357,0.119722,0.117131,0.114583,0.112078,0.109614,0.10719,0.104806,0.10246,0.100152,0.0978816,0.095647,0.0934479,0.0912833,0.0891525,0.0870548,0.0849894,0.0829555,0.0809524,0.0789794,0.0770357,0.0751206,0.0732335,0.0713736,0.0695403,0.0677329,0.0659507,0.0641931,0.0624595,0.0607491,0.0590614,0.0573958,0.0557515,0.0541281,0.0525249,0.0509414,0.0493769,0.0478308,0.0463026,0.0447918,0.0432977,0.0418198,0.0403576,0.0389105,0.037478,0.0360595,0.0346545,0.0332625,0.031883,0.0305154,0.0291592,0.027814,0.0264793,0.0251544,0.023839,0.0225326,0.0212345,0.0199445,0.018662,0.0173864,0.0161174,0.0148544,0.013597,0.0123448,0.0110971,0.00985362,0.00861384,0.00737729,0.00614351,0.00491204,0.00368242,0.00245418
1,0.951311,0.904114,0.85958,0.818415,0.780888,0.746946,0.716347,0.688751,0.663798,0.641137,0.620453,0.601467,0.583941,0.567672,0.552491,0.538253,0.52484,0.512149,0.500095,0.488607,0.477624,0.467093,0.45697,0.447217,0.437801,0.428694,0.419872,0.411312,0.402996,0.394908,0.387032,0.379357,0.371871,0.364563,0.357425,0.350448,0.343625,0.33695,0.330416,0.324018,0.317751,0.31161,0.305591,0.299691,0.293905,0.28823,0.282663,0.277202,0.271843,0.266584,0.261422,0.256355,0.251381,0.246498,0.241703,0.236996,0.232373,0.227833,0.223375,0.218996,0.214695,0.210471,0.206322,0.202247,0.198244,0.194311,0.190448,0.186652,0.182924,0.17926,0.175661,0.172125,0.16865,0.165236,0.161881,0.158585,0.155345,0.152162,0.149033,0.145959,0.142936,0.139966,0.137046,0.134176,0.131355,0.128582,0.125855,0.123174,0.120538,0.117946,0.115397,0.11289,0.110424,0.107999,0.105614,0.103267,0.100958,0.0986861,0.0964506,0.0942506,0.0920853,0.0899539,0.0878558,0.08579,0.083756,0.0817529,0.07978,0.0778367,0.0759222,0.0740358,0.0721769,0.0703447,0.0685386,0.066758,0.0650022,0.0632706,0.0615625,0.0598772,0.0582143,0.056573,0.0549528,0.0533531,0.0517733,0.0502128,0.048671,0.0471474,0.0456414,0.0441524,0.0426799,0.0412233,0.0397822,0.0383559,0.036944,0.0355459,0.034161,0.032789,0.0314292,0.0300812,0.0287445,0.0274185,0.0261028,0.0247969,0.0235003,0.0222124,0.0209329,0.0196612,0.018397,0.0171396,0.0158886,0.0146436,0.0134041,0.0121696,0.0109396,0.00971381,0.00849163,0.00727263,0.00605636,0.00484236,0.00363018,0.00241937
1,0.944927,0.892131,0.843241,0.799052,0.75968,0.724823,0.693983,0.666606,0.642167,0.620197,0.600299,0.582141,0.565449,0.550001,0.535612,0.522132,0.509437,0.497426,0.486013,0.475127,0.464711,0.454713,0.445092,0.435811,0.42684,0.418153,0.409726,0.40154,0.393578,0.385824,0.378266,0.370892,0.363692,0.356656,0.349777,0.343047,0.336459,0.330009,0.323689,0.317496,0.311426,0.305473,0.299635,0.293907,0.288287,0.282772,0.277359,0.272045,0.266828,0.261706,0.256676,0.251736,0.246885,0.24212,0.23744,0.232843,0.228327,0.22389,0.219532,0.21525,0.211043,0.20691,0.202849,0.198859,0.194939,0.191087,0.187302,0.183582,0.179928,0.176336,0.172807,0.169338,0.16593,0.16258,0.159288,0.156052,0.152872,0.149747,0.146675,0.143655,0.140687,0.137769,0.1349,0.13208,0.129308,0.126582,0.123902,0.121266,0.118675,0.116126,0.11362,0.111155,0.10873,0.106345,0.103998,0.10169,0.0994186,0.0971836,0.0949841,0.0928195,0.0906888,0.0885915,0.0865266,0.0844936,0.0824917,0.0805201,0.0785782,0.0766653,0.0747807,0.0729236,0.0710936,0.0692898,0.0675116,0.0657584,0.0640296,0.0623246,0.0606426,0.0589832,0.0573456,0.0557293,0.0541338,0.0525583,0.0510025,0.0494655,0.0479471,0.0464464,0.0449631,0.0434965,0.0420461,0.0406115,0.0391919,0.037787,0.0363962,0.035019,0.0336549,0.0323033,0.0309638,0.0296359,0.028319,0.0270128,0.0257166,0.0244301,0.0231527,0.021884,0.0206235,0.0193706,0.0181251,0.0168863,0.0156538,0.0144273,0.0132061,0.0119898,0.0107781,0.00957037,0.00836624,0.00716525,0.00596694,0.00477087,0.00357659,0.00238365
1,0.936267,0.876241,0.8222,0.774871,0.733957,0.698685,0.668156,0.641524,0.618066,0.597184,0.578404,0.561348,0.545715,0.53127,0.517824,0.505225,0.493351,0.482104,0.471402,0.461179,0.45138,0.441957,0.432874,0.424096,0.415596,0.407351,0.399339,0.391544,0.383951,0.376545,0.369316,0.362254,0.355349,0.348593,0.34198,0.335503,0.329157,0.322936,0.316836,0.310853,0.304983,0.299222,0.293567,0.288016,0.282565,0.277212,0.271955,0.266791,0.261719,0.256735,0.251839,0.247029,0.242302,0.237657,0.233093,0.228608,0.224201,0.219869,0.215613,0.211429,0.207318,0.203277,0.199306,0.195402,0.191566,0.187796,0.18409,0.180448,0.176868,0.17335,0.169891,0.166492,0.163151,0.159866,0.156638,0.153464,0.150345,0.147278,0.144264,0.1413,0.138387,0.135522,0.132706,0.129937,0.127214,0.124537,0.121904,0.119315,0.116769,0.114265,0.111802,0.109379,0.106996,0.104652,0.102345,0.100076,0.0978431,0.0956456,0.093483,0.0913544,0.0892592,0.0871966,0.0851658,0.0831662,0.0811971,0.0792578,0.0773475,0.0754657,0.0736116,0.0717846,0.069984,0.0682093,0.0664597,0.0647346,0.0630334,0.0613555,0.0597003,0.0580672,0.0564556,0.054865,0.0532946,0.0517441,0.0502127,0.0487,0.0472053,0.0457282,0.0442681,0.0428245,0.0413968,0.0399845,0.0385871,0.0372041,0.0358349,0.0344791,0.0331362,0.0318056,0.0304868,0.0291795,0.027883,0.026597,0.0253209,0.0240542,0.0227966,0.0215474,0.0203063,0.0190728,0.0178464,0.0166267,0.0154133,0.0142056,0.0130032,0.0118056,0.0106125,0.00942335,0.00823773,0.0070552,0.0058753,0.0046976,0.00352166,0.00234704
1,0.923898,0.854367,0.794449,0.744275,0.702592,0.667802,0.63843,0.61327,0.591387,0.572071,0.554787,0.53913,0.524794,0.511541,0.499189,0.487593,0.476639,0.466237,0.456313,0.446808,0.437671,0.428863,0.42035,0.412102,0.404098,0.396315,0.388736,0.381348,0.374136,0.36709,0.3602,0.353458,0.346856,0.340388,0.334047,0.327829,0.321729,0.315743,0.309866,0.304097,0.29843,0.292865,0.287397,0.282024,0.276745,0.271557,0.266458,0.261447,0.25652,0.251678,0.246917,0.242238,0.237637,0.233114,0.228668,0.224297,0.219999,0.215774,0.21162,0.207536,0.203521,0.199574,0.195694,0.191878,0.188128,0.18444,0.180815,0.177252,0.173748,0.170303,0.166917,0.163588,0.160315,0.157097,0.153933,0.150823,0.147765,0.144758,0.141802,0.138895,0.136037,0.133227,0.130464,0.127747,0.125075,0.122447,0.119863,0.117321,0.114821,0.112363,0.109944,0.107565,0.105224,0.102921,0.100655,0.098426,0.0962321,0.0940729,0.0919479,0.0898561,0.087797,0.0857698,0.0837739,0.0818084,0.0798728,0.0779664,0.0760885,0.0742384,0.0724155,0.0706192,0.0688488,0.0671037,0.0653833,0.0636869,0.0620139,0.0603639,0.058736,0.0571299,0.0555449,0.0539803,0.0524358,0.0509106,0.0494043,0.0479163,0.0464461,0.0449931,0.0435567,0.0421366,0.0407321,0.0393427,0.037968,0.0366073,0.0352603,0.0339264,0.0326051,0.031296,0.0299985,0.0287122,0.0274367,0.0261713,0.0249157,0.0236694,0.0224319,0.0212028,0.0199816,0.0187679,0.0175612,0.016361,0.0151669,0.0139786,0.0127954,0.011617,0.010443,0.00927283,0.00810616,0.00694251,0.00578147,0.00462258,0.00346542,0.00230956
1,0.90496,0.822879,0.756953,0.705187,0.664335,0.631502,0.604493,0.581739,0.562141,0.544925,0.529542,0.515593,0.502789,0.490912,0.479797,0.469318,0.459375,0.449892,0.440806,0.432067,0.423634,0.415474,0.407559,0.399867,0.392377,0.385074,0.377943,0.370974,0.364155,0.357479,0.350936,0.344522,0.33823,0.332054,0.325991,0.320037,0.314187,0.30844,0.30279,0.297237,0.291778,0.28641,0.281131,0.27594,0.270834,0.265813,0.260874,0.256016,0.251238,0.246538,0.241915,0.237368,0.232895,0.228495,0.224168,0.219911,0.215725,0.211607,0.207558,0.203575,0.199657,0.195805,0.192016,0.18829,0.184626,0.181023,0.177479,0.173995,0.170568,0.167199,0.163885,0.160627,0.157423,0.154273,0.151175,0.148129,0.145133,0.142187,0.139291,0.136442,0.133641,0.130886,0.128176,0.125512,0.122891,0.120314,0.117779,0.115286,0.112833,0.11042,0.108047,0.105712,0.103414,0.101154,0.0989293,0.0967405,0.0945864,0.0924663,0.0903795,0.0883253,0.086303,0.084312,0.0823515,0.0804209,0.0785195,0.0766466,0.0748017,0.072984,0.071193,0.069428,0.0676884,0.0659735,0.0642829,0.0626158,0.0609717,0.05935,0.0577501,0.0561715,0.0546136,0.0530758,0.0515576,0.0500584,0.0485777,0.047115,0.0456697,0.0442413,0.0428293,0.0414331,0.0400523,0.0386863,0.0373347,0.035997,0.0346726,0.0333611,0.032062,0.0307748,0.0294991,0.0282343,0.0269801,0.0257359,0.0245013,0.0232758,0.0220589,0.0208503,0.0196495,0.018456,0.0172693,0.0160892,0.014915,0.0137464,0.0125829,0.0114241,0.0102695,0.00911885,0.00797156,0.00682725,0.00568548,0.00454584,0.00340789,0.00227122
1,0.873063,0.775235,0.7053,0.655183,0.618058,0.589378,0.5663,0.547053,0.530514,0.515948,0.502861,0.490912,0.479857,0.46952,0.45977,0.450506,0.441653,0.43315,0.424952,0.41702,0.409325,0.40184,0.394547,0.387428,0.38047,0.37366,0.36699,0.360449,0.354032,0.347733,0.341545,0.335464,0.329486,0.323609,0.317827,0.31214,0.306544,0.301038,0.295618,0.290284,0.285033,0.279865,0.274778,0.269769,0.264839,0.259986,0.255209,0.250506,0.245878,0.241321,0.236837,0.232423,0.228079,0.223804,0.219596,0.215456,0.211382,0.207373,0.203428,0.199547,0.195729,0.191972,0.188276,0.18464,0.181064,0.177545,0.174085,0.17068,0.167332,0.164038,0.160799,0.157613,0.154479,0.151397,0.148365,0.145384,0.142452,0.139568,0.136731,0.133941,0.131197,0.128499,0.125844,0.123233,0.120665,0.118139,0.115654,0.113209,0.110804,0.108439,0.106111,0.103821,0.101567,0.0993498,0.0971677,0.0950203,0.0929067,0.0908264,0.0887786,0.0867627,0.0847779,0.0828237,0.0808993,0.0790042,0.0771376,0.075299,0.0734877,0.0717031,0.0699445,0.0682114,0.0665032,0.0648192,0.063159,0.0615218,0.0599071,0.0583144,0.056743,0.0551925,0.0536623,0.0521518,0.0506605,0.0491878,0.0477333,0.0462963,0.0448765,0.0434732,0.042086,0.0407143,0.0393577,0.0380157,0.0366877,0.0353733,0.0340721,0.0327835,0.031507,0.0302423,0.0289887,0.027746,0.0265135,0.0252909,0.0240777,0.0228735,0.0216778,0.0204901,0.0193101,0.0181372,0.0169711,0.0158113,0.0146575,0.013509,0.0123657,0.0112269,0.0100923,0.00896148,0.007834,0.00670944,0.00558738,0.0044674,0.0033491,0.00223204
1,0.812055,0.699699,0.633827,0.592189,0.563337,0.541653,0.524276,0.50966,0.496913,0.48549,0.475043,0.465336,0.456208,0.447542,0.439255,0.431283,0.423579,0.416104,0.408832,0.401737,0.394803,0.388015,0.38136,0.374829,0.368414,0.362108,0.355906,0.349802,0.343793,0.337875,0.332046,0.326303,0.320644,0.315066,0.30957,0.304152,0.298812,0.293549,0.288361,0.283247,0.278207,0.27324,0.268345,0.263521,0.258768,0.254084,0.249469,0.244923,0.240445,0.236033,0.231688,0.227409,0.223194,0.219044,0.214958,0.210935,0.206974,0.203074,0.199236,0.195457,0.191738,0.188078,0.184476,0.180931,0.177443,0.174011,0.170633,0.16731,0.164041,0.160824,0.157659,0.154546,0.151483,0.14847,0.145506,0.14259,0.139722,0.136901,0.134125,0.131395,0.128709,0.126067,0.123468,0.120912,0.118397,0.115922,0.113488,0.111093,0.108737,0.106419,0.104138,0.101893,0.0996844,0.0975108,0.0953717,0.0932662,0.0911939,0.089154,0.0871459,0.0851689,0.0832223,0.0813056,0.079418,0.077559,0.0757279,0.0739242,0.0721471,0.0703961,0.0686707,0.0669701,0.0652939,0.0636414,0.062012,0.0604053,0.0588206,0.0572574,0.0557152,0.0541933,0.0526913,0.0512086,0.0497447,0.0482991,0.0468712,0.0454606,0.0440667,0.0426891,0.0413272,0.0399805,0.0386486,0.037331,0.0360271,0.0347366,0.033459,0.0321937,0.0309404,0.0296985,0.0284676,0.0272473,0.0260371,0.0248366,0.0236453,0.0224627,0.0212885,0.0201223,0.0189635,0.0178117,0.0166666,0.0155277,0.0143945,0.0132667,0.0121439,0.0110255,0.00991132,0.00880079,0.00769353,0.00658914,0.0054872,0.00438731,0.00328905,0.00219202
1,0.675458,0.57768,0.538121,0.516407,0.501449,0.48962,0.479491,0.470397,0.461987,0.454058,0.446484,0.439182,0.432096,0.425186,0.418426,0.411794,0.405275,0.398857,0.392533,0.386294,0.380137,0.374056,0.36805,0.362115,0.35625,0.350453,0.344723,0.339059,0.333461,0.327929,0.322461,0.317058,0.311719,0.306444,0.301233,0.296086,0.291003,0.285984,0.281029,0.276137,0.271308,0.266543,0.261841,0.257202,0.252626,0.248112,0.243661,0.239272,0.234945,0.230679,0.226474,0.22233,0.218246,0.214222,0.210257,0.206351,0.202504,0.198715,0.194983,0.191308,0.187689,0.184127,0.180619,0.177166,0.173767,0.170421,0.167128,0.163886,0.160696,0.157557,0.154468,0.151428,0.148437,0.145494,0.142598,0.139749,0.136946,0.134188,0.131474,0.128804,0.126177,0.123593,0.121051,0.118549,0.116088,0.113666,0.111283,0.108939,0.106632,0.104362,0.102128,0.0999299,0.0977666,0.0956375,0.0935419,0.0914792,0.0894488,0.08745,0.0854822,0.0835447,0.081637,0.0797584,0.0779082,0.076086,0.074291,0.0725227,0.0707805,0.0690637,0.0673719,0.0657045,0.0640608,0.0624404,0.0608426,0.0592669,0.0577127,0.0561796,0.054667,0.0531743,0.051701,0.0502467,0.0488108,0.0473927,0.045992,0.0446082,0.0432408,0.0418893,0.0405532,0.039232,0.0379253,0.0366325,0.0353533,0.0340871,0.0328335,0.0315921,0.0303623,0.0291438,0.027936,0.0267386,0.0255511,0.0243731,0.0232041,0.0220437,0.0208914,0.019747,0.0186098,0.0174796,0.0163559,0.0152382,0.0141262,0.0130195,0.0119176,0.0108201,0.00972666,0.00863682,0.0075502,0.00646639,0.00538499,0.00430559,0.00322779,0.00215119
0,0.312099,0.39744,0.42457,0.43387,0.436431,0.435887,0.43367,0.43045,0.426581,0.422272,0.417653,0.412811,0.407806,0.402681,0.397468,0.392191,0.386869,0.381517,0.376147,0.37077,0.365393,0.360024,0.354668,0.349331,0.344017,0.33873,0.333474,0.328251,0.323065,0.317918,0.312812,0.307748,0.30273,0.297757,0.292832,0.287957,0.283131,0.278356,0.273633,0.268963,0.264346,0.259783,0.255274,0.250821,0.246422,0.242079,0.237791,0.233559,0.229383,0.225263,0.221199,0.21719,0.213237,0.209339,0.205497,0.201709,0.197977,0.194298,0.190673,0.187103,0.183585,0.18012,0.176707,0.173346,0.170037,0.166778,0.16357,0.160411,0.157302,0.154241,0.151228,0.148262,0.145344,0.142471,0.139644,0.136862,0.134124,0.13143,0.128779,0.12617,0.123603,0.121077,0.118592,0.116146,0.113739,0.111371,0.10904,0.106747,0.10449,0.102269,0.100083,0.0979319,0.0958146,0.0937306,0.0916793,0.08966,0.0876721,0.0857151,0.0837882,0.081891,0.0800227,0.0781828,0.0763706,0.0745857,0.0728274,0.0710952,0.0693884,0.0677065,0.066049,0.0644152,0.0628047,0.0612168,0.0596511,0.0581069,0.0565839,0.0550814,0.0535989,0.0521359,0.050692,0.0492665,0.047859,0.046469,0.045096,0.0437395,0.042399,0.0410741,0.0397643,0.0384691,0.037188,0.0359206,0.0346665,0.0334251,0.032196,0.0309788,0.0297731,0.0285783,0.0273941,0.02622,0.0250557,0.0239005,0.0227543,0.0216165,0.0204866,0.0193644,0.0182493,0.0171411,0.0160391,0.0149431,0.0138527,0.0127674,0.0116869,0.0106107,0.00953839,0.00846966,0.00740408,0.00634125,0.00528078,0.00422227,0.00316533,0.00210957
0,0.175498,0.275411,0.32885,0.35807,0.37452,0.383827,0.388853,0.391151,0.391615,0.390795,0.389046,0.386604,0.383637,0.380264,0.376574,0.372633,0.368493,0.364195,0.35977,0.355245,0.350642,0.345977,0.341267,0.336523,0.331757,0.326977,0.322191,0.317407,0.31263,0.307866,0.303119,0.298394,0.293694,0.289023,0.284383,0.279777,0.275207,0.270676,0.266185,0.261736,0.25733,0.252968,0.248653,0.244384,0.240163,0.23599,0.231865,0.227791,0.223766,0.219792,0.215868,0.211995,0.208173,0.204402,0.200682,0.197013,0.193395,0.189827,0.18631,0.182844,0.179428,0.176061,0.172744,0.169476,0.166257,0.163086,0.159963,0.156887,0.153859,0.150877,0.14794,0.14505,0.142204,0.139403,0.136645,0.133931,0.131259,0.12863,0.126042,0.123495,0.120988,0.118521,0.116093,0.113704,0.111352,0.109038,0.10676,0.104518,0.102312,0.100141,0.0980036,0.0959,0.0938294,0.0917912,0.0897847,0.0878094,0.0858647,0.08395,0.0820647,0.0802083,0.07838,0.0765794,0.0748059,0.073059,0.0713379,0.0696423,0.0679715,0.066325,0.0647023,0.0631027,0.0615259,0.0599711,0.058438,0.056926,0.0554346,0.0539632,0.0525114,0.0510786,0.0496644,0.0482683,0.0468898,0.0455283,0.0441835,0.0428548,0.0415418,0.0402439,0.0389609,0.0376921,0.0364371,0.0351955,0.0339669,0.0327507,0.0315466,0.0303542,0.0291729,0.0280023,0.0268421,0.0256918,0.024551,0.0234192,0.0222961,0.0211813,0.0200743,0.0189747,0.0178821,0.0167962,0.0157164,0.0146425,0.0135741,0.0125106,0.0114518,0.0103973,0.00934659,0.00829937,0.00725522,0.00621377,0.00517462,0.00413739,0.0031017,0.00206716
0,0.114481,0.199857,0.25735,0.295038,0.319753,0.336046,0.346765,0.353685,0.357933,0.360249,0.36113,0.360923,0.359874,0.358165,0.355931,0.353274,0.350276,0.346999,0.343493,0.339799,0.335951,0.331977,0.3279,0.323739,0.31951,0.315229,0.310907,0.306555,0.302182,0.297797,0.293406,0.289015,0.284631,0.280257,0.275899,0.271561,0.267245,0.262956,0.258695,0.254465,0.250269,0.246108,0.241985,0.2379,0.233855,0.229851,0.22589,0.221973,0.218099,0.21427,0.210487,0.206749,0.203058,0.199414,0.195816,0.192266,0.188762,0.185306,0.181897,0.178535,0.175221,0.171953,0.168731,0.165557,0.162428,0.159345,0.156308,0.153316,0.150369,0.147466,0.144608,0.141792,0.13902,0.136291,0.133603,0.130957,0.128352,0.125788,0.123264,0.120779,0.118333,0.115926,0.113556,0.111224,0.108928,0.106668,0.104444,0.102255,0.1001,0.0979786,0.0958906,0.0938352,0.0918119,0.08982,0.087859,0.0859284,0.0840274,0.0821557,0.0803125,0.0784974,0.0767098,0.0749491,0.0732148,0.0715063,0.0698231,0.0681646,0.0665304,0.0649199,0.0633325,0.0617677,0.060225,0.058704,0.057204,0.0557246,0.0542653,0.0528255,0.0514049,0.0500028,0.0486189,0.0472526,0.0459035,0.0445711,0.0432549,0.0419545,0.0406693,0.0393991,0.0381432,0.0369013,0.0356729,0.0344576,0.0332549,0.0320644,0.0308857,0.0297183,0.0285619,0.027416,0.0262802,0.0251541,0.0240372,0.0229293,0.0218297,0.0207383,0.0196545,0.0185779,0.0175083,0.0164451,0.015388,0.0143365,0.0132904,0.0122492,0.0112126,0.0101801,0.00915134,0.008126,0.00710368,0.00608398,0.00506654,0.00405098,0.00303692,0.00202399
0,0.0825701,0.152186,0.205655,0.24498,0.273408,0.29384,0.308477,0.31889,0.326184,0.331137,0.334302,0.336082,0.336771,0.336591,0.33571,0.334258,0.332338,0.330031,0.327403,0.324507,0.321388,0.31808,0.314616,0.311021,0.307317,0.303522,0.299653,0.295724,0.291747,0.287733,0.283691,0.27963,0.275556,0.271476,0.267397,0.263322,0.259258,0.255207,0.251174,0.247162,0.243173,0.239211,0.235278,0.231376,0.227506,0.223671,0.219872,0.21611,0.212387,0.208703,0.20506,0.201457,0.197897,0.194379,0.190903,0.187471,0.184083,0.180738,0.177437,0.17418,0.170967,0.167798,0.164673,0.161591,0.158554,0.155559,0.152608,0.1497,0.146835,0.144012,0.141231,0.138492,0.135794,0.133136,0.130519,0.127942,0.125405,0.122907,0.120447,0.118025,0.11564,0.113293,0.110982,0.108707,0.106468,0.104263,0.102093,0.0999566,0.0978536,0.0957832,0.093745,0.0917385,0.089763,0.0878181,0.0859031,0.0840176,0.082161,0.0803328,0.0785323,0.0767591,0.0750127,0.0732924,0.0715978,0.0699284,0.0682836,0.0666628,0.0650657,0.0634916,0.0619401,0.0604106,0.0589026,0.0574157,0.0559494,0.0545031,0.0530764,0.0516688,0.0502798,0.048909,0.0475558,0.0462198,0.0449006,0.0435977,0.0423106,0.0410389,0.0397821,0.0385398,0.0373116,0.036097,0.0348956,0.033707,0.0325307,0.0313663,0.0302134,0.0290716,0.0279405,0.0268197,0.0257087,0.0246072,0.0235147,0.0224309,0.0213553,0.0202877,0.0192275,0.0181744,0.017128,0.0160879,0.0150538,0.0140252,0.0130019,0.0119833,0.0109692,0.0099591,0.00895272,0.00794964,0.00694951,0.00595195,0.00495659,0.00396307,0.00297102,0.00198007
0,0.0636132,0.120661,0.168104,0.205818,0.235059,0.25743,0.274412,0.287214,0.296776,0.303812,0.308861,0.312333,0.314538,0.315718,0.316059,0.315709,0.314786,0.313385,0.311581,0.309439,0.307011,0.304341,0.301464,0.298413,0.295214,0.291889,0.28846,0.284941,0.28135,0.277698,0.273996,0.270257,0.266487,0.262695,0.258889,0.255074,0.251256,0.247441,0.243632,0.239834,0.236051,0.232285,0.22854,0.224819,0.221123,0.217455,0.213816,0.210209,0.206635,0.203096,0.199591,0.196123,0.192693,0.189301,0.185947,0.182633,0.179359,0.176126,0.172932,0.16978,0.166669,0.163599,0.16057,0.157582,0.154636,0.15173,0.148866,0.146042,0.143259,0.140516,0.137813,0.13515,0.132526,0.129942,0.127396,0.124888,0.122419,0.119986,0.117591,0.115233,0.11291,0.110624,0.108372,0.106155,0.103973,0.101824,0.0997083,0.0976254,0.0955747,0.0935557,0.0915679,0.0896107,0.0876837,0.0857862,0.0839179,0.0820781,0.0802663,0.0784821,0.0767249,0.0749942,0.0732895,0.0716102,0.0699559,0.068326,0.06672,0.0651375,0.063578,0.0620409,0.0605257,0.059032,0.0575593,0.056107,0.0546748,0.0532621,0.0518685,0.0504935,0.0491367,0.0477975,0.0464755,0.0451703,0.0438815,0.0426085,0.041351,0.0401084,0.0388804,0.0376666,0.0364665,0.0352796,0.0341056,0.0329441,0.0317946,0.0306568,0.0295301,0.0284143,0.0273089,0.0262135,0.0251277,0.0240512,0.0229835,0.0219243,0.0208731,0.0198296,0.0187934,0.0177641,0.0167414,0.0157248,0.0147141,0.0137088,0.0127085,0.011713,0.0107217,0.00973446,0.00875079,0.00777035,0.00679278,0.00581772,0.00484482,0.00387371,0.00290403,0.00193542
0,0.0512217,0.0987402,0.140283,0.175129,0.203579,0.22641,0.244527,0.258778,0.269893,0.278473,0.284998,0.289849,0.293331,0.295683,0.297099,0.297734,0.297714,0.29714,0.296098,0.294658,0.292878,0.290806,0.288486,0.285953,0.283236,0.280362,0.277354,0.274232,0.271012,0.267711,0.264341,0.260913,0.25744,0.253929,0.250389,0.246828,0.243252,0.239668,0.236079,0.232492,0.228911,0.225338,0.221779,0.218236,0.214712,0.211209,0.207729,0.204276,0.20085,0.197453,0.194087,0.190752,0.187451,0.184184,0.180952,0.177756,0.174596,0.171473,0.168387,0.16534,0.16233,0.159359,0.156426,0.153532,0.150677,0.14786,0.145083,0.142343,0.139642,0.13698,0.134356,0.131769,0.12922,0.126709,0.124234,0.121796,0.119395,0.117029,0.114699,0.112405,0.110145,0.107919,0.105727,0.103569,0.101444,0.0993515,0.097291,0.0952621,0.0932643,0.0912972,0.0893602,0.0874529,0.0855748,0.0837253,0.0819041,0.0801105,0.0783442,0.0766045,0.0748911,0.0732034,0.0715408,0.069903,0.0682895,0.0666997,0.0651331,0.0635894,0.0620679,0.0605682,0.0590899,0.0576325,0.0561955,0.0547784,0.0533808,0.0520022,0.0506421,0.0493002,0.0479759,0.0466688,0.0453786,0.0441046,0.0428465,0.0416039,0.0403764,0.0391634,0.0379647,0.0367797,0.0356081,0.0344494,0.0333033,0.0321693,0.031047,0.0299361,0.0288361,0.0277466,0.0266673,0.0255978,0.0245376,0.0234864,0.0224439,0.0214096,0.0203832,0.0193642,0.0183524,0.0173473,0.0163487,0.015356,0.014369,0.0133873,0.0124105,0.0114383,0.0104704,0.00950624,0.00854564,0.00758819,0.00663355,0.00568135,0.00473126,0.00378291,0.00283596,0.00189006
0,0.0425334,0.0827948,0.119159,0.150837,0.177717,0.200106,0.218507,0.233477,0.245547,0.25519,0.262808,0.268736,0.273252,0.276585,0.278921,0.280415,0.281194,0.281364,0.281014,0.280216,0.279035,0.277521,0.275722,0.273676,0.271415,0.268969,0.266364,0.26362,0.260757,0.257793,0.254742,0.251617,0.24843,0.245192,0.241912,0.238598,0.235258,0.231898,0.228526,0.225145,0.221761,0.218379,0.215002,0.211635,0.208279,0.204939,0.201617,0.198314,0.195035,0.191779,0.18855,0.185348,0.182175,0.179032,0.175921,0.172842,0.169795,0.166783,0.163804,0.160861,0.157953,0.15508,0.152244,0.149444,0.14668,0.143952,0.141261,0.138606,0.135988,0.133406,0.13086,0.128351,0.125877,0.123439,0.121036,0.118668,0.116335,0.114037,0.111772,0.109542,0.107345,0.105181,0.103049,0.10095,0.098883,0.0968471,0.0948421,0.0928676,0.0909233,0.0890085,0.0871229,0.085266,0.0834373,0.0816363,0.0798627,0.0781159,0.0763954,0.0747008,0.0730316,0.0713874,0.0697676,0.0681717,0.0665994,0.0650502,0.0635235,0.0620189,0.060536,0.0590743,0.0576333,0.0562127,0.0548118,0.0534303,0.0520677,0.0507237,0.0493976,0.0480892,0.046798,0.0455235,0.0442653,0.043023,0.0417962,0.0405844,0.0393872,0.0382043,0.0370352,0.0358795,0.0347368,0.0336067,0.0324888,0.0313827,0.0302881,0.0292044,0.0281315,0.0270688,0.026016,0.0249727,0.0239385,0.0229131,0.0218961,0.0208871,0.0198858,0.0188918,0.0179047,0.0169242,0.0159499,0.0149815,0.0140186,0.0130609,0.0121079,0.0111595,0.0102151,0.00927452,0.00833735,0.00740325,0.00647188,0.0055429,0.00461596,0.00369072,0.00276685,0.001844
0,0.036117,0.0707464,0.102722,0.131343,0.156347,0.177788,0.195917,0.211075,0.223629,0.233932,0.242307,0.249034,0.254357,0.258483,0.261585,0.26381,0.265283,0.266109,0.266376,0.266159,0.265523,0.264523,0.263206,0.261613,0.259779,0.257736,0.255511,0.253126,0.250604,0.247962,0.245216,0.242382,0.239471,0.236497,0.233467,0.230393,0.227282,0.224142,0.22098,0.217801,0.21461,0.211414,0.208216,0.205021,0.201831,0.198651,0.195484,0.192331,0.189196,0.18608,0.182986,0.179915,0.176869,0.17385,0.170858,0.167895,0.164961,0.162058,0.159187,0.156347,0.15354,0.150766,0.148025,0.145319,0.142646,0.140007,0.137403,0.134833,0.132297,0.129796,0.127329,0.124896,0.122498,0.120133,0.117802,0.115505,0.113241,0.11101,0.108812,0.106646,0.104512,0.10241,0.100339,0.0982996,0.0962905,0.0943117,0.0923628,0.0904432,0.0885527,0.0866908,0.084857,0.0830509,0.0812721,0.0795201,0.0777946,0.076095,0.0744208,0.0727718,0.0711473,0.069547,0.0679704,0.066417,0.0648864,0.0633782,0.0618918,0.0604269,0.0589831,0.0575597,0.0561565,0.054773,0.0534088,0.0520633,0.0507363,0.0494272,0.0481356,0.0468611,0.0456034,0.0443619,0.0431362,0.041926,0.0407308,0.0395503,0.0383839,0.0372314,0.0360924,0.0349663,0.0338529,0.0327518,0.0316626,0.0305848,0.0295181,0.0284622,0.0274167,0.0263811,0.0253552,0.0243385,0.0233307,0.0223314,0.0213403,0.020357,0.0193812,0.0184124,0.0174504,0.0164949,0.0155454,0.0146015,0.0136631,0.0127297,0.0118009,0.0108765,0.00995613,0.0090394,0.00812599,0.00721558,0.00630783,0.0054024,0.00449896,0.00359718,0.00269673,0.00179726
0,0.0311883,0.0613517,0.0896385,0.115467,0.138539,0.158784,0.176299,0.191278,0.203961,0.214604,0.223453,0.230737,0.236661,0.241404,0.245125,0.247958,0.25002,0.251413,0.252221,0.252521,0.252375,0.251841,0.250965,0.24979,0.248353,0.246686,0.244817,0.242771,0.24057,0.238234,0.23578,0.233223,0.230578,0.227856,0.225068,0.222225,0.219336,0.216409,0.21345,0.210467,0.207466,0.204451,0.201428,0.198401,0.195375,0.192352,0.189336,0.18633,0.183337,0.180359,0.177398,0.174457,0.171537,0.168639,0.165766,0.162918,0.160097,0.157303,0.154537,0.151801,0.149094,0.146418,0.143773,0.14116,0.138578,0.136028,0.13351,0.131025,0.128572,0.126151,0.123763,0.121408,0.119085,0.116794,0.114535,0.112309,0.110114,0.107951,0.105819,0.103718,0.101647,0.0996077,0.0975981,0.0956183,0.0936679,0.0917466,0.0898541,0.0879899,0.0861536,0.0843449,0.0825634,0.0808086,0.0790801,0.0773776,0.0757005,0.0740486,0.0724213,0.0708182,0.0692389,0.067683,0.06615,0.0646395,0.0631511,0.0616843,0.0602387,0.058814,0.0574096,0.0560251,0.0546601,0.0533142,0.051987,0.0506781,0.0493869,0.0481132,0.0468565,0.0456164,0.0443925,0.0431844,0.0419917,0.040814,0.0396509,0.0385019,0.0373668,0.0362452,0.0351365,0.0340406,0.0329569,0.0318851,0.0308249,0.0297758,0.0287375,0.0277097,0.0266919,0.0256838,0.0246851,0.0236954,0.0227143,0.0217415,0.0207767,0.0198194,0.0188694,0.0179263,0.0169898,0.0160595,0.0151351,0.0142162,0.0133026,0.0123938,0.0114896,0.0105896,0.0096935,0.00880096,0.00791166,0.00702527,0.00614147,0.00525992,0.00438031,0.00350232,0.00262561,0.00174987
0,0.0272844,0.0538339,0.0790127,0.10235,0.123556,0.14251,0.159217,0.173775,0.186333,0.197068,0.206164,0.2138,0.220144,0.225349,0.229552,0.232876,0.235427,0.2373,0.238576,0.239328,0.239617,0.2395,0.239023,0.23823,0.237157,0.235838,0.2343,0.232571,0.230672,0.228625,0.226446,0.224153,0.22176,0.21928,0.216724,0.214104,0.211429,0.208706,0.205945,0.203153,0.200334,0.197496,0.194644,0.191781,0.188914,0.186045,0.183178,0.180317,0.177463,0.174621,0.171792,0.168978,0.166182,0.163405,0.160649,0.157915,0.155205,0.152519,0.149858,0.147225,0.144618,0.14204,0.13949,0.136969,0.134478,0.132017,0.129585,0.127184,0.124814,0.122474,0.120165,0.117887,0.11564,0.113423,0.111237,0.109081,0.106955,0.10486,0.102795,0.100759,0.0987525,0.0967754,0.0948272,0.0929076,0.0910163,0.0891529,0.0873171,0.0855086,0.0837271,0.081972,0.0802431,0.07854,0.0768623,0.0752096,0.0735815,0.0719776,0.0703976,0.0688409,0.0673072,0.0657961,0.0643072,0.06284,0.0613942,0.0599693,0.058565,0.0571807,0.0558162,0.054471,0.0531447,0.0518368,0.0505471,0.049275,0.0480202,0.0467823,0.0455609,0.0443556,0.043166,0.0419917,0.0408323,0.0396874,0.0385568,0.0374399,0.0363364,0.0352459,0.0341681,0.0331025,0.0320489,0.0310069,0.029976,0.028956,0.0279465,0.0269471,0.0259575,0.0249773,0.0240061,0.0230437,0.0220897,0.0211438,0.0202055,0.0192747,0.0183508,0.0174337,0.016523,0.0156183,0.0147193,0.0138257,0.0129372,0.0120534,0.011174,0.0102988,0.00942731,0.0085593,0.00769443,0.00683238,0.00597285,0.00511551,0.00426006,0.00340617,0.00255353,0.00170183
0,0.0241155,0.0476866,0.070229,0.0913619,0.110826,0.128481,0.144285,0.158273,0.170529,0.181173,0.190336,0.198155,0.204766,0.210295,0.21486,0.218567,0.221513,0.223784,0.225456,0.226597,0.227266,0.227518,0.227398,0.226949,0.226208,0.225207,0.223976,0.22254,0.220923,0.219146,0.217227,0.215183,0.21303,0.21078,0.208446,0.206038,0.203568,0.201043,0.198472,0.195863,0.193222,0.190556,0.187869,0.185167,0.182455,0.179736,0.177015,0.174295,0.171579,0.168869,0.16617,0.163482,0.160808,0.15815,0.15551,0.152888,0.150288,0.147709,0.145153,0.142621,0.140114,0.137633,0.135178,0.132749,0.130348,0.127975,0.12563,0.123314,0.121026,0.118767,0.116537,0.114336,0.112164,0.110021,0.107907,0.105823,0.103767,0.101739,0.0997409,0.0977706,0.0958285,0.0939143,0.0920278,0.0901687,0.0883368,0.0865316,0.084753,0.0830006,0.081274,0.079573,0.0778971,0.0762461,0.0746196,0.0730171,0.0714383,0.0698829,0.0683505,0.0668406,0.065353,0.0638871,0.0624426,0.0610192,0.0596164,0.0582338,0.0568711,0.0555278,0.0542036,0.0528981,0.0516108,0.0503414,0.0490895,0.0478547,0.0466367,0.045435,0.0442493,0.0430791,0.0419241,0.040784,0.0396584,0.0385468,0.0374489,0.0363644,0.0352929,0.034234,0.0331874,0.0321527,0.0311295,0.0301175,0.0291164,0.0281258,0.0271454,0.0261748,0.0252136,0.0242616,0.0233184,0.0223837,0.0214571,0.0205383,0.019627,0.0187229,0.0178256,0.0169348,0.0160501,0.0151714,0.0142981,0.0134301,0.0125671,0.0117086,0.0108544,0.0100042,0.00915768,0.00831451,0.00747438,0.006637,0.00580205,0.00496923,0.00413824,0.00330877,0.00248052,0.00165317
0,0.0214911,0.0425681,0.0628548,0.0820427,0.0999062,0.116304,0.13117,0.144501,0.156339,0.166757,0.17585,0.183719,0.19047,0.196205,0.201024,0.205019,0.208274,0.210867,0.212867,0.214337,0.215333,0.215907,0.216103,0.215961,0.215518,0.214807,0.213855,0.21269,0.211334,0.209809,0.208133,0.206324,0.204396,0.202364,0.20024,0.198035,0.195761,0.193426,0.191038,0.188606,0.186136,0.183636,0.181109,0.178563,0.176002,0.17343,0.170851,0.168269,0.165687,0.163109,0.160536,0.157972,0.155418,0.152877,0.150351,0.147841,0.145349,0.142877,0.140424,0.137993,0.135585,0.1332,0.130838,0.128502,0.126191,0.123906,0.121647,0.119414,0.117209,0.11503,0.112879,0.110755,0.108659,0.10659,0.104549,0.102536,0.100549,0.0985905,0.0966589,0.0947543,0.0928766,0.0910256,0.0892011,0.0874028,0.0856305,0.0838839,0.0821627,0.0804667,0.0787955,0.0771489,0.0755264,0.0739278,0.0723528,0.0708009,0.0692719,0.0677653,0.0662809,0.0648183,0.063377,0.0619567,0.0605571,0.0591778,0.0578184,0.0564786,0.0551578,0.0538559,0.0525724,0.0513069,0.0500591,0.0488285,0.0476149,0.0464178,0.0452369,0.0440717,0.0429221,0.0417874,0.0406675,0.039562,0.0384704,0.0373925,0.0363278,0.035276,0.0342369,0.0332099,0.0321948,0.0311913,0.0301989,0.0292174,0.0282464,0.0272855,0.0263345,0.025393,0.0244607,0.0235372,0.0226223,0.0217156,0.0208167,0.0199255,0.0190414,0.0181643,0.0172938,0.0164296,0.0155714,0.0147189,0.0138718,0.0130297,0.0121924,0.0113595,0.0105308,0.00970599,0.0088847,0.00806667,0.0072516,0.00643918,0.00562913,0.00482114,0.00401491,0.00321016,0.00240659,0.00160391
0,0.0192809,0.0382397,0.0565793,0.0740481,0.090452,0.105658,0.11959,0.132221,0.143567,0.153668,0.162588,0.170401,0.177188,0.183032,0.188014,0.192211,0.195698,0.198542,0.200807,0.20255,0.203823,0.204674,0.205144,0.205274,0.205098,0.204646,0.203949,0.203031,0.201915,0.200623,0.199173,0.197582,0.195866,0.19404,0.192115,0.190103,0.188015,0.185861,0.183648,0.181386,0.179081,0.176741,0.17437,0.171975,0.16956,0.167131,0.16469,0.162243,0.159793,0.157342,0.154894,0.152451,0.150016,0.14759,0.145177,0.142777,0.140392,0.138024,0.135674,0.133343,0.131032,0.128742,0.126474,0.124229,0.122008,0.11981,0.117637,0.115488,0.113365,0.111266,0.109194,0.107147,0.105127,0.103132,0.101164,0.0992212,0.0973048,0.0954144,0.0935499,0.0917112,0.0898981,0.0881105,0.0863482,0.0846109,0.0828985,0.0812108,0.0795473,0.077908,0.0762925,0.0747006,0.0731319,0.0715861,0.0700629,0.068562,0.067083,0.0656257,0.0641896,0.0627745,0.06138,0.0600058,0.0586514,0.0573166,0.056001,0.0547042,0.0534259,0.0521657,0.0509232,0.0496981,0.0484901,0.0472988,0.0461238,0.0449647,0.0438213,0.0426931,0.0415798,0.0404811,0.0393966,0.038326,0.0372689,0.0362249,0.0351938,0.0341751,0.0331686,0.032174,0.0311908,0.0302187,0.0292575,0.0283067,0.0273661,0.0264354,0.0255142,0.0246021,0.023699,0.0228044,0.021918,0.0210396,0.0201688,0.0193053,0.0184489,0.0175991,0.0167558,0.0159185,0.0150871,0.0142611,0.0134403,0.0126245,0.0118132,0.0110063,0.0102034,0.00940422,0.00860849,0.0078159,0.00702617,0.00623902,0.00545415,0.00467128,0.00389012,0.00311039,0.00233179,0.00155405
0,0.0173929,0.0345305,0.0511747,0.0671185,0.0821959,0.0962854,0.109309,0.121229,0.132039,0.141761,0.150433,0.15811,0.16485,0.170721,0.175787,0.180113,0.183764,0.186798,0.18927,0.191234,0.192736,0.19382,0.194527,0.194893,0.194952,0.194732,0.194263,0.193569,0.192673,0.191594,0.190353,0.188966,0.187448,0.185814,0.184076,0.182246,0.180336,0.178353,0.176308,0.174209,0.172063,0.169876,0.167655,0.165406,0.163133,0.160842,0.158536,0.156221,0.153898,0.151572,0.149246,0.146922,0.144603,0.142291,0.139988,0.137697,0.135418,0.133153,0.130904,0.128672,0.126458,0.124263,0.122088,0.119934,0.117801,0.11569,0.113602,0.111537,0.109495,0.107477,0.105483,0.103514,0.101569,0.099648,0.0977521,0.0958809,0.0940343,0.0922125,0.0904152,0.0886425,0.0868942,0.0851701,0.0834702,0.0817943,0.080142,0.0785133,0.0769079,0.0753256,0.0737661,0.0722291,0.0707144,0.0692217,0.0677507,0.0663011,0.0648726,0.0634648,0.0620775,0.0607103,0.0593629,0.058035,0.0567262,0.0554363,0.0541648,0.0529114,0.0516758,0.0504577,0.0492567,0.0480724,0.0469045,0.0457528,0.0446167,0.0434961,0.0423905,0.0412996,0.0402231,0.0391607,0.0381119,0.0370765,0.0360542,0.0350446,0.0340473,0.0330621,0.0320887,0.0311266,0.0301756,0.0292354,0.0283056,0.0273859,0.0264761,0.0255758,0.0246846,0.0238024,0.0229287,0.0220633,0.0212058,0.020356,0.0195136,0.0186783,0.0178497,0.0170276,0.0162117,0.0154016,0.0145972,0.0137981,0.013004,0.0122147,0.0114298,0.0106491,0.00987226,0.00909903,0.00832913,0.00756227,0.00679818,0.00603658,0.00527718,0.00451971,0.0037639,0.00300947,0.00225614,0.00150363
0,0.0157602,0.0313148,0.0464704,0.0610554,0.0749278,0.0879788,0.100133,0.111346,0.1216,0.130902,0.139275,0.146753,0.153383,0.159214,0.164299,0.168692,0.172447,0.175614,0.178242,0.180379,0.182066,0.183344,0.184251,0.18482,0.185083,0.185068,0.184803,0.18431,0.183612,0.182729,0.181679,0.18048,0.179146,0.177692,0.176129,0.174471,0.172728,0.170909,0.169023,0.167079,0.165084,0.163045,0.160969,0.15886,0.156725,0.154568,0.152393,0.150205,0.148007,0.145803,0.143596,0.141389,0.139184,0.136983,0.134789,0.132604,0.130429,0.128267,0.126118,0.123983,0.121865,0.119764,0.117681,0.115616,0.113572,0.111548,0.109544,0.107562,0.105602,0.103664,0.101748,0.0998556,0.0979858,0.0961392,0.0943159,0.0925159,0.0907392,0.088986,0.0872561,0.0855495,0.083866,0.0822057,0.0805684,0.0789539,0.077362,0.0757927,0.0742455,0.0727204,0.0712172,0.0697355,0.0682751,0.0668358,0.0654172,0.0640192,0.0626414,0.0612835,0.0599452,0.0586263,0.0573264,0.0560451,0.0547823,0.0535375,0.0523105,0.0511009,0.0499084,0.0487327,0.0475734,0.0464303,0.0453029,0.0441911,0.0430943,0.0420124,0.040945,0.0398918,0.0388524,0.0378265,0.0368139,0.0358141,0.0348269,0.0338519,0.0328888,0.0319374,0.0309973,0.0300682,0.0291497,0.0282416,0.0273436,0.0264554,0.0255766,0.024707,0.0238463,0.0229941,0.0221502,0.0213142,0.020486,0.0196651,0.0188514,0.0180444,0.017244,0.0164499,0.0156617,0.0148792,0.0141021,0.0133301,0.012563,0.0118005,0.0110422,0.010288,0.00953752,0.00879053,0.00804674,0.00730589,0.00656772,0.00583194,0.00509829,0.0043665,0.00363632,0.00290746,0.00217966,0.00145267
0,0.014333,0.0284983,0.0423366,0.0557047,0.0684812,0.0805692,0.0918978,0.102421,0.112114,0.120974,0.12901,0.136246,0.142715,0.148453,0.153503,0.15791,0.161717,0.164968,0.167707,0.169973,0.171805,0.17324,0.174313,0.175053,0.175492,0.175656,0.175569,0.175255,0.174736,0.17403,0.173155,0.172129,0.170965,0.169677,0.168279,0.166781,0.165195,0.163531,0.161796,0.16,0.15815,0.156252,0.154314,0.152341,0.150338,0.148311,0.146263,0.144199,0.142123,0.140038,0.137947,0.135854,0.13376,0.131668,0.129582,0.127501,0.125429,0.123367,0.121316,0.119279,0.117255,0.115247,0.113255,0.11128,0.109323,0.107384,0.105465,0.103566,0.101686,0.099828,0.0979906,0.0961745,0.09438,0.0926073,0.0908564,0.0891276,0.0874208,0.0857362,0.0840737,0.0824333,0.0808149,0.0792184,0.0776438,0.076091,0.0745597,0.0730498,0.0715611,0.0700935,0.0686467,0.0672206,0.0658148,0.0644291,0.0630633,0.0617172,0.0603904,0.0590827,0.0577937,0.0565233,0.0552712,0.0540369,0.0528203,0.0516211,0.0504388,0.0492733,0.0481242,0.0469913,0.0458741,0.0447724,0.0436859,0.0426143,0.0415572,0.0405143,0.0394854,0.0384702,0.0374682,0.0364792,0.035503,0.0345391,0.0335873,0.0326473,0.0317188,0.0308015,0.029895,0.0289991,0.0281135,0.0272379,0.0263719,0.0255154,0.024668,0.0238294,0.0229993,0.0221775,0.0213637,0.0205575,0.0197588,0.0189671,0.0181823,0.0174041,0.0166321,0.0158662,0.015106,0.0143513,0.0136019,0.0128573,0.0121174,0.011382,0.0106506,0.00992316,0.00919932,0.00847883,0.00776143,0.00704686,0.00633486,0.00562517,0.00491754,0.0042117,0.0035074,0.00280439,0.00210239,0.00140117
0,0.0130736,0.0260087,0.0386729,0.0509458,0.062723,0.073919,0.0844684,0.0943253,0.103462,0.111868,0.119545,0.126507,0.132776,0.13838,0.143352,0.147727,0.151543,0.154836,0.157643,0.16,0.161941,0.1635,0.164706,0.165589,0.166176,0.166493,0.166562,0.166407,0.166047,0.1655,0.164784,0.163914,0.162907,0.161773,0.160528,0.15918,0.157742,0.156223,0.154631,0.152975,0.151263,0.1495,0.147695,0.145852,0.143976,0.142074,0.140149,0.138205,0.136247,0.134278,0.132301,0.130318,0.128334,0.126349,0.124367,0.12239,0.120419,0.118456,0.116502,0.11456,0.11263,0.110714,0.108812,0.106925,0.105055,0.103202,0.101366,0.0995489,0.0977505,0.0959712,0.0942116,0.0924719,0.0907525,0.0890534,0.087375,0.0857172,0.0840803,0.0824643,0.0808693,0.0792951,0.0777418,0.0762093,0.0746976,0.0732065,0.0717359,0.0702857,0.0688557,0.0674458,0.0660557,0.0646853,0.0633343,0.0620026,0.0606898,0.0593958,0.0581203,0.056863,0.0556238,0.0544022,0.0531981,0.0520112,0.0508411,0.0496876,0.0485505,0.0474294,0.046324,0.0452341,0.0441593,0.0430994,0.042054,0.041023,0.0400058,0.0390024,0.0380123,0.0370353,0.036071,0.0351193,0.0341797,0.0332521,0.032336,0.0314313,0.0305376,0.0296547,0.0287821,0.0279198,0.0270673,0.0262245,0.0253909,0.0245664,0.0237506,0.0229433,0.0221442,0.0213531,0.0205696,0.0197935,0.0190245,0.0182623,0.0175067,0.0167575,0.0160143,0.0152768,0.0145449,0.0138183,0.0130967,0.0123798,0.0116675,0.0109593,0.0102552,0.00955473,0.00885778,0.00816405,0.00747329,0.00678526,0.0060997,0.00541637,0.004735,0.00405537,0.00337722,0.0027003,0.00202436,0.00134916
0,0.0119528,0.0237899,0.0354006,0.0466825,0.057546,0.0679155,0.0777314,0.0869498,0.0955415,0.103491,0.110796,0.117461,0.123502,0.128939,0.133797,0.138104,0.141891,0.145189,0.14803,0.150443,0.152461,0.154111,0.155422,0.15642,0.157131,0.157577,0.157781,0.157764,0.157544,0.157139,0.156565,0.155839,0.154974,0.153983,0.152878,0.15167,0.15037,0.148987,0.14753,0.146007,0.144425,0.142792,0.141113,0.139394,0.137642,0.13586,0.134054,0.132227,0.130383,0.128526,0.126659,0.124785,0.122907,0.121028,0.119149,0.117272,0.1154,0.113535,0.111677,0.109829,0.107992,0.106166,0.104353,0.102554,0.10077,0.0990014,0.0972491,0.0955135,0.0937953,0.0920949,0.0904128,0.0887492,0.0871046,0.085479,0.0838728,0.0822861,0.080719,0.0791716,0.077644,0.0761361,0.0746479,0.0731795,0.0717307,0.0703016,0.0688918,0.0675015,0.0661304,0.0647783,0.0634451,0.0621307,0.0608347,0.0595571,0.0582976,0.057056,0.0558321,0.0546255,0.0534361,0.0522637,0.0511079,0.0499685,0.0488453,0.0477379,0.0466462,0.0455698,0.0445084,0.0434618,0.0424298,0.0414119,0.040408,0.0394177,0.0384408,0.037477,0.0365261,0.0355876,0.0346614,0.0337472,0.0328446,0.0319535,0.0310735,0.0302043,0.0293457,0.0284974,0.0276592,0.0268306,0.0260116,0.0252017,0.0244008,0.0236086,0.0228247,0.022049,0.0212812,0.020521,0.0197681,0.0190223,0.0182833,0.0175509,0.0168248,0.0161048,0.0153906,0.014682,0.0139786,0.0132803,0.0125868,0.0118979,0.0112133,0.0105327,0.00985599,0.00918284,0.00851303,0.00784631,0.00718245,0.0065212,0.00586233,0.00520559,0.00455075,0.00389756,0.0032458,0.00259522,0.00194559,0.00129667
0,0.0109475,0.0217978,0.0324569,0.0428378,0.0528628,0.0624656,0.0715921,0.0802008,0.0882626,0.0957599,0.102685,0.10904,0.114832,0.120076,0.124792,0.129002,0.132729,0.136001,0.138843,0.141283,0.143347,0.145061,0.146451,0.147539,0.148349,0.148904,0.149222,0.149323,0.149225,0.148946,0.1485,0.147903,0.147167,0.146306,0.14533,0.144252,0.143081,0.141825,0.140495,0.139097,0.137639,0.136128,0.134571,0.132972,0.131337,0.129671,0.127979,0.126264,0.124532,0.122784,0.121024,0.119257,0.117483,0.115705,0.113927,0.11215,0.110376,0.108606,0.106843,0.105087,0.103341,0.101605,0.0998807,0.0981686,0.0964698,0.0947851,0.0931152,0.0914608,0.0898223,0.0882004,0.0865954,0.0850077,0.0834376,0.0818854,0.0803513,0.0788355,0.0773381,0.0758592,0.074399,0.0729574,0.0715344,0.0701301,0.0687444,0.0673772,0.0660285,0.0646981,0.063386,0.0620919,0.0608158,0.0595576,0.0583169,0.0570936,0.0558876,0.0546986,0.0535264,0.0523708,0.0512316,0.0501085,0.0490013,0.0479098,0.0468337,0.0457727,0.0447266,0.0436951,0.0426781,0.0416751,0.040686,0.0397105,0.0387483,0.0377992,0.0368628,0.035939,0.0350274,0.0341278,0.0332399,0.0323634,0.0314982,0.0306438,0.0298001,0.0289668,0.0281436,0.0273302,0.0265265,0.025732,0.0249467,0.0241701,0.0234021,0.0226424,0.0218908,0.0211469,0.0204106,0.0196816,0.0189596,0.0182443,0.0175357,0.0168333,0.0161369,0.0154464,0.0147614,0.0140818,0.0134072,0.0127375,0.0120724,0.0114116,0.010755,0.0101023,0.00945325,0.00880762,0.00816519,0.00752573,0.006889,0.00625478,0.00562283,0.00499293,0.00436484,0.00373834,0.00311321,0.00248921,0.00186611,0.0012437
0,0.0100396,0.0199967,0.0297914,0.0393489,0.048602,0.0574921,0.0659705,0.0739987,0.0815483,0.0886006,0.0951453,0.10118,0.10671,0.111743,0.116294,0.120381,0.124023,0.127241,0.130059,0.132499,0.134584,0.136337,0.13778,0.138936,0.139825,0.140466,0.140879,0.141081,0.141089,0.14092,0.140587,0.140104,0.139486,0.138743,0.137886,0.136927,0.135875,0.134739,0.133527,0.132247,0.130907,0.129512,0.12807,0.126585,0.125062,0.123508,0.121926,0.120321,0.118695,0.117053,0.115399,0.113734,0.112062,0.110384,0.108705,0.107025,0.105346,0.103671,0.102001,0.100337,0.0986805,0.0970332,0.0953959,0.0937697,0.0921555,0.090554,0.088966,0.0873921,0.0858329,0.084289,0.0827607,0.0812485,0.0797528,0.0782736,0.0768115,0.0753664,0.0739386,0.0725282,0.0711354,0.06976,0.0684023,0.0670621,0.0657395,0.0644344,0.0631468,0.0618765,0.0606235,0.0593877,0.0581688,0.0569669,0.0557816,0.0546129,0.0534606,0.0523244,0.0512043,0.0500999,0.049011,0.0479375,0.0468792,0.0458357,0.0448069,0.0437926,0.0427924,0.0418062,0.0408336,0.0398746,0.0389287,0.0379958,0.0370756,0.0361678,0.0352723,0.0343887,0.0335167,0.0326563,0.0318069,0.0309686,0.0301408,0.0293235,0.0285164,0.0277192,0.0269316,0.0261535,0.0253845,0.0246244,0.023873,0.02313,0.0223952,0.0216683,0.0209491,0.0202373,0.0195327,0.0188351,0.0181443,0.0174599,0.0167817,0.0161096,0.0154432,0.0147824,0.014127,0.0134766,0.012831,0.0121901,0.0115536,0.0109213,0.0102929,0.00966825,0.0090471,0.00842922,0.00781441,0.00720243,0.00659306,0.00598609,0.00538129,0.00477845,0.00417735,0.00357777,0.00297949,0.00238229,0.00178596,0.00119028
0,0.00921431,0.0183581,0.0273629,0.0361645,0.0447041,0.0529302,0.060799,0.0682751,0.0753314,0.0819487,0.0881154,0.0938267,0.0990834,0.103891,0.108261,0.112205,0.11574,0.118883,0.121652,0.124069,0.126152,0.127922,0.129398,0.1306,0.131547,0.132257,0.132747,0.133033,0.133131,0.133057,0.132823,0.132443,0.131929,0.131293,0.130545,0.129695,0.128754,0.127728,0.126627,0.125459,0.124229,0.122944,0.121611,0.120235,0.11882,0.117373,0.115897,0.114397,0.112875,0.111336,0.109783,0.108218,0.106645,0.105066,0.103483,0.101898,0.100314,0.0987312,0.0971522,0.0955784,0.094011,0.0924512,0.0909002,0.089359,0.0878284,0.0863094,0.0848026,0.0833087,0.0818283,0.080362,0.0789101,0.0774731,0.0760513,0.074645,0.0732546,0.0718801,0.0705218,0.0691798,0.0678543,0.0665452,0.0652526,0.0639766,0.0627172,0.0614742,0.0602478,0.0590377,0.057844,0.0566664,0.055505,0.0543595,0.0532299,0.0521159,0.0510174,0.0499343,0.0488663,0.0478134,0.0467751,0.0457515,0.0447422,0.043747,0.0427658,0.0417983,0.0408443,0.0399035,0.0389758,0.0380609,0.0371585,0.0362684,0.0353905,0.0345244,0.0336699,0.0328267,0.0319947,0.0311736,0.0303631,0.029563,0.0287731,0.0279931,0.0272228,0.0264619,0.0257103,0.0249676,0.0242336,0.0235081,0.0227909,0.0220817,0.0213803,0.0206865,0.0199999,0.0193205,0.0186479,0.017982,0.0173225,0.0166692,0.0160218,0.0153801,0.014744,0.0141132,0.0134874,0.0128665,0.0122502,0.0116383,0.0110307,0.010427,0.00982707,0.0092307,0.00863768,0.00804778,0.0074608,0.00687652,0.00629473,0.00571523,0.00513781,0.00456225,0.00398835,0.00341589,0.00284468,0.00227451,0.00170516,0.00113643
0,0.0084595,0.0168584,0.0251378,0.033242,0.0411198,0.0487257,0.0560203,0.0629714,0.0695534,0.0757474,0.081541,0.0869276,0.0919058,0.0964786,0.100653,0.104439,0.107849,0.110897,0.113599,0.115972,0.118033,0.1198,0.12129,0.12252,0.123507,0.124268,0.124818,0.125173,0.125346,0.125353,0.125205,0.124915,0.124495,0.123955,0.123305,0.122556,0.121716,0.120793,0.119796,0.118731,0.117605,0.116424,0.115195,0.113923,0.112612,0.111267,0.109893,0.108494,0.107073,0.105633,0.104179,0.102712,0.101235,0.0997514,0.0982628,0.0967715,0.0952792,0.0937877,0.0922987,0.0908136,0.0893338,0.0878605,0.0863947,0.0849376,0.0834899,0.0820526,0.0806264,0.0792119,0.0778098,0.0764205,0.0750446,0.0736824,0.0723343,0.0710007,0.0696817,0.0683777,0.0670887,0.065815,0.0645567,0.0633138,0.0620865,0.0608747,0.0596784,0.0584977,0.0573324,0.0561826,0.0550482,0.0539291,0.0528252,0.0517364,0.0506625,0.0496034,0.048559,0.0475291,0.0465135,0.0455121,0.0445247,0.0435511,0.042591,0.0416444,0.040711,0.0397906,0.038883,0.0379879,0.0371052,0.0362346,0.035376,0.034529,0.0336936,0.0328693,0.0320561,0.0312537,0.0304618,0.0296803,0.0289089,0.0281474,0.0273955,0.0266531,0.0259198,0.0251955,0.02448,0.023773,0.0230743,0.0223836,0.0217009,0.0210257,0.0203579,0.0196974,0.0190437,0.0183969,0.0177565,0.0171225,0.0164946,0.0158725,0.0152561,0.0146452,0.0140395,0.0134389,0.012843,0.0122518,0.011665,0.0110824,0.0105038,0.00992894,0.0093577,0.00878983,0.00822514,0.00766343,0.00710449,0.00654813,0.00599413,0.00544231,0.00489247,0.00434439,0.0037979,0.00325278,0.00270885,0.0021659,0.00162374,0.00108216
0,0.00776526,0.0154782,0.0230879,0.0305459,0.0378075,0.0448323,0.0515853,0.0580369,0.0641633,0.0699465,0.0753736,0.080437,0.0851335,0.0894642,0.0934335,0.0970486,0.100319,0.103257,0.105875,0.108188,0.110209,0.111956,0.113441,0.114682,0.115693,0.116489,0.117085,0.117494,0.117729,0.117803,0.117729,0.117518,0.11718,0.116726,0.116165,0.115508,0.114761,0.113933,0.113032,0.112064,0.111036,0.109954,0.108823,0.107649,0.106437,0.10519,0.103914,0.102613,0.101288,0.0999454,0.0985865,0.0972145,0.0958322,0.0944418,0.0930456,0.0916456,0.0902438,0.0888418,0.0874413,0.0860437,0.0846502,0.0832622,0.0818807,0.0805067,0.0791411,0.0777848,0.0764385,0.0751028,0.0737784,0.0724658,0.0711654,0.0698777,0.068603,0.0673417,0.066094,0.0648602,0.0636405,0.0624349,0.0612438,0.060067,0.0589048,0.0577572,0.0566241,0.0555056,0.0544017,0.0533122,0.0522373,0.0511767,0.0501304,0.0490983,0.0480803,0.0470763,0.0460861,0.0451096,0.0441466,0.0431969,0.0422605,0.0413371,0.0404266,0.0395287,0.0386433,0.0377701,0.0369091,0.03606,0.0352225,0.0343965,0.0335818,0.0327782,0.0319854,0.0312033,0.0304316,0.0296701,0.0289186,0.028177,0.0274449,0.0267221,0.0260085,0.0253038,0.0246079,0.0239204,0.0232412,0.0225701,0.0219069,0.0212513,0.0206032,0.0199623,0.0193284,0.0187013,0.0180808,0.0174667,0.0168588,0.0162569,0.0156608,0.0150702,0.0144851,0.013905,0.01333,0.0127597,0.0121941,0.0116327,0.0110756,0.0105225,0.0099731,0.00942733,0.00888496,0.0083458,0.00780965,0.00727632,0.00674562,0.00621737,0.00569137,0.00516742,0.00464535,0.00412497,0.00360608,0.0030885,0.00257204,0.00205651,0.00154173,0.00102751
0,0.00712332,0.0142013,0.0211897,0.0280463,0.0347319,0.0412107,0.0474515,0.0534275,0.0591166,0.0645016,0.0695698,0.0743131,0.0787272,0.0828113,0.0865681,0.0900027,0.0931227,0.0959372,0.0984571,0.100694,0.102661,0.104371,0.105838,0.107074,0.108095,0.108912,0.109539,0.109988,0.110272,0.110402,0.11039,0.110247,0.109981,0.109604,0.109123,0.108548,0.107887,0.107146,0.106334,0.105457,0.104521,0.103531,0.102494,0.101414,0.100295,0.0991433,0.0979615,0.0967536,0.0955233,0.0942736,0.0930075,0.0917279,0.0904373,0.0891379,0.0878321,0.0865217,0.0852086,0.0838946,0.0825811,0.0812695,0.0799613,0.0786574,0.0773592,0.0760675,0.0747831,0.0735071,0.07224,0.0709825,0.0697353,0.0684988,0.0672735,0.0660599,0.0648584,0.0636691,0.0624925,0.0613287,0.060178,0.0590405,0.0579164,0.0568057,0.0557086,0.0546251,0.0535552,0.052499,0.0514564,0.0504274,0.049412,0.04841,0.0474215,0.0464463,0.0454843,0.0445354,0.0435996,0.0426766,0.0417663,0.0408686,0.0399833,0.0391103,0.0382494,0.0374005,0.0365633,0.0357376,0.0349234,0.0341204,0.0333284,0.0325472,0.0317767,0.0310166,0.0302667,0.0295269,0.0287969,0.0280766,0.0273657,0.0266641,0.0259715,0.0252877,0.0246126,0.0239459,0.0232874,0.022637,0.0219944,0.0213595,0.0207319,0.0201116,0.0194983,0.0188919,0.0182921,0.0176987,0.0171115,0.0165304,0.0159552,0.0153856,0.0148215,0.0142626,0.0137088,0.0131599,0.0126157,0.0120761,0.0115407,0.0110095,0.0104823,0.00995876,0.00943884,0.00892233,0.00840903,0.00789876,0.00739134,0.00688659,0.00638433,0.00588437,0.00538655,0.00489067,0.00439657,0.00390405,0.00341296,0.0029231,0.00243429,0.00194638,0.00145917,0.000972483
0,0.00652671,0.013014,0.0194233,0.0257178,0.031863,0.0378272,0.0435827,0.049105,0.054374,0.0593734,0.0640911,0.0685186,0.0726507,0.0764858,0.080025,0.0832716,0.0862314,0.0889118,0.0913216,0.0934707,0.0953698,0.0970304,0.0984642,0.0996831,0.100699,0.101524,0.10217,0.102648,0.102969,0.103144,0.103184,0.103097,0.102895,0.102584,0.102175,0.101675,0.101092,0.100432,0.0997021,0.0989093,0.098059,0.0971568,0.0962077,0.0952167,0.0941881,0.0931261,0.0920347,0.0909173,0.0897774,0.0886181,0.0874422,0.0862523,0.0850511,0.0838406,0.0826231,0.0814005,0.0801745,0.0789468,0.0777189,0.0764921,0.0752679,0.0740472,0.0728312,0.0716208,0.0704169,0.0692204,0.0680319,0.066852,0.0656814,0.0645206,0.0633701,0.0622302,0.0611014,0.0599839,0.0588781,0.0577842,0.0567024,0.0556328,0.0545756,0.0535309,0.0524989,0.0514795,0.0504728,0.0494788,0.0484976,0.0475291,0.0465732,0.0456299,0.0446992,0.043781,0.0428751,0.0419816,0.0411002,0.0402308,0.0393735,0.0385279,0.0376939,0.0368715,0.0360604,0.0352606,0.0344717,0.0336938,0.0329265,0.0321698,0.0314234,0.0306872,0.0299611,0.0292447,0.0285379,0.0278406,0.0271526,0.0264736,0.0258036,0.0251422,0.0244893,0.0238447,0.0232083,0.0225798,0.021959,0.0213458,0.02074,0.0201414,0.0195497,0.0189649,0.0183867,0.0178149,0.0172493,0.0166898,0.0161362,0.0155883,0.0150459,0.0145088,0.0139769,0.0134499,0.0129277,0.0124101,0.011897,0.0113881,0.0108833,0.0103823,0.00988514,0.00939149,0.00890121,0.00841413,0.00793008,0.00744888,0.00697037,0.00649438,0.00602073,0.00554926,0.00507979,0.00461215,0.00414619,0.00368173,0.0032186,0.00275664,0.00229567,0.00183554,0.00137607,0.000917105
0,0.0059695,0.0119046,0.0177718,0.0235387,0.0291749,0.0346526,0.0399469,0.0450358,0.0499009,0.0545271,0.0589027,0.0630192,0.0668713,0.0704563,0.0737743,0.0768273,0.0796197,0.0821571,0.0844469,0.0864971,0.0883171,0.0899164,0.0913055,0.0924946,0.0934945,0.0943158,0.0949689,0.0954642,0.0958118,0.0960215,0.0961027,0.0960645,0.0959155,0.0956642,0.0953184,0.0948855,0.0943726,0.0937865,0.0931333,0.092419,0.0916493,0.0908292,0.0899636,0.0890572,0.0881141,0.0871384,0.0861338,0.0851036,0.0840511,0.0829792,0.0818907,0.0807883,0.0796741,0.0785505,0.0774193,0.0762827,0.0751421,0.0739992,0.0728555,0.0717123,0.0705709,0.0694323,0.0682976,0.0671677,0.0660435,0.0649257,0.0638151,0.0627123,0.0616178,0.0605322,0.059456,0.0583895,0.0573331,0.0562872,0.0552519,0.0542276,0.0532145,0.0522127,0.0512223,0.0502436,0.0492765,0.0483212,0.0473777,0.046446,0.0455261,0.0446181,0.0437218,0.0428373,0.0419645,0.0411033,0.0402537,0.0394156,0.0385888,0.0377732,0.0369689,0.0361755,0.035393,0.0346213,0.0338602,0.0331096,0.0323693,0.0316392,0.0309191,0.0302089,0.0295084,0.0288173,0.0281357,0.0274632,0.0267998,0.0261452,0.0254993,0.0248618,0.0242327,0.0236118,0.0229988,0.0223936,0.0217961,0.0212059,0.0206231,0.0200473,0.0194784,0.0189163,0.0183607,0.0178116,0.0172686,0.0167316,0.0162005,0.0156751,0.0151552,0.0146407,0.0141313,0.0136269,0.0131273,0.0126324,0.012142,0.0116559,0.011174,0.0106961,0.0102219,0.00975147,0.0092845,0.00882085,0.00836038,0.00790291,0.00744828,0.00699633,0.0065469,0.00609983,0.00565497,0.00521214,0.0047712,0.00433198,0.00389432,0.00345808,0.00302308,0.00258919,0.00215622,0.00172404,0.00129249,0.000861397
0,0.00544663,0.0108633,0.0162206,0.0214901,0.0266453,0.0316615,0.0365164,0.0411904,0.0456667,0.0499314,0.0539733,0.0577844,0.0613589,0.0646939,0.0677885,0.0706438,0.0732629,0.0756502,0.0778116,0.0797539,0.0814849,0.0830128,0.0843466,0.0854955,0.0864686,0.0872756,0.0879258,0.0884284,0.0887926,0.0890273,0.0891411,0.0891423,0.0890389,0.0888386,0.0885486,0.0881759,0.0877271,0.0872083,0.0866256,0.0859843,0.0852899,0.084547,0.0837604,0.0829344,0.0820729,0.0811797,0.0802584,0.0793122,0.0783441,0.0773569,0.0763534,0.0753359,0.0743066,0.0732678,0.0722212,0.0711687,0.070112,0.0690525,0.0679917,0.0669308,0.0658711,0.0648135,0.0637592,0.0627089,0.0616636,0.0606239,0.0595906,0.0585642,0.0575454,0.0565345,0.0555322,0.0545387,0.0535544,0.0525797,0.0516148,0.0506599,0.0497153,0.0487811,0.0478575,0.0469446,0.0460424,0.0451511,0.0442708,0.0434013,0.0425429,0.0416953,0.0408588,0.0400331,0.0392182,0.0384142,0.0376209,0.0368382,0.0360661,0.0353045,0.0345533,0.0338123,0.0330814,0.0323606,0.0316496,0.0309484,0.0302568,0.0295747,0.0289019,0.0282383,0.0275838,0.0269381,0.0263011,0.0256728,0.0250528,0.0244411,0.0238374,0.0232417,0.0226538,0.0220735,0.0215006,0.0209349,0.0203764,0.0198249,0.0192801,0.0187419,0.0182102,0.0176847,0.0171654,0.016652,0.0161445,0.0156425,0.0151461,0.0146549,0.0141689,0.0136879,0.0132117,0.0127402,0.0122732,0.0118105,0.011352,0.0108976,0.010447,0.0100002,0.00955695,0.00911711,0.00868054,0.00824707,0.00781656,0.00738886,0.00696381,0.00654127,0.00612108,0.0057031,0.00528717,0.00487315,0.00446089,0.00405024,0.00364105,0.00323318,0.00282648,0.0024208,0.002016,0.00161192,0.00120843,0.000805378
0,0.00495375,0.00988132,0.014757,0.019556,0.0242548,0.0288317,0.0332669,0.0375428,0.0416442,0.0455583,0.0492749,0.052786,0.0560862,0.0591719,0.0620419,0.0646965,0.0671378,0.0693692,0.0713954,0.0732221,0.0748557,0.0763034,0.0775728,0.0786719,0.079609,0.0803923,0.0810302,0.081531,0.081903,0.0821541,0.0822921,0.0823248,0.0822593,0.0821026,0.0818615,0.0815424,0.0811514,0.0806942,0.0801763,0.0796029,0.0789788,0.0783087,0.0775967,0.076847,0.0760633,0.0752492,0.074408,0.0735426,0.0726561,0.0717511,0.07083,0.0698952,0.0689488,0.0679928,0.067029,0.0660591,0.0650847,0.0641072,0.063128,0.0621482,0.0611691,0.0601916,0.0592167,0.0582453,0.057278,0.0563158,0.0553591,0.0544087,0.0534649,0.0525284,0.0515995,0.0506787,0.0497663,0.0488625,0.0479676,0.047082,0.0462057,0.045339,0.044482,0.0436348,0.0427975,0.0419702,0.041153,0.0403458,0.0395487,0.0387617,0.0379848,0.037218,0.0364612,0.0357143,0.0349774,0.0342504,0.0335331,0.0328255,0.0321275,0.0314389,0.0307598,0.03009,0.0294293,0.0287776,0.0281348,0.0275009,0.0268756,0.0262588,0.0256503,0.0250502,0.0244581,0.0238739,0.0232976,0.0227289,0.0221677,0.0216139,0.0210673,0.0205277,0.0199951,0.0194692,0.0189499,0.018437,0.0179305,0.01743,0.0169356,0.016447,0.0159641,0.0154868,0.0150148,0.014548,0.0140863,0.0136296,0.0131776,0.0127303,0.0122875,0.011849,0.0114147,0.0109844,0.010558,0.0101354,0.00971636,0.00930081,0.00888857,0.00847951,0.00807348,0.00767034,0.00726995,0.00687216,0.00647685,0.00608386,0.00569306,0.00530431,0.00491748,0.00453241,0.00414898,0.00376704,0.00338647,0.00300712,0.00262886,0.00225154,0.00187504,0.00149922,0.00112394,0.000749068
0,0.00448705,0.00895125,0.0133701,0.017722,0.0219862,0.0261436,0.0301766,0.0340696,0.0378089,0.0413828,0.0447819,0.0479987,0.0510278,0.0538657,0.0565107,0.0589625,0.0612225,0.0632934,0.0651787,0.0668833,0.0684124,0.0697723,0.0709693,0.0720105,0.0729031,0.0736543,0.0742717,0.0747625,0.0751342,0.0753939,0.0755487,0.0756054,0.0755708,0.0754511,0.0752525,0.0749809,0.0746419,0.0742408,0.0737826,0.0732722,0.0727139,0.0721121,0.0714708,0.0707936,0.0700842,0.0693459,0.0685816,0.0677943,0.0669867,0.0661613,0.0653204,0.0644662,0.0636006,0.0627256,0.0618429,0.060954,0.0600605,0.0591637,0.0582648,0.0573651,0.0564655,0.0555672,0.0546708,0.0537774,0.0528876,0.0520021,0.0511215,0.0502464,0.0493773,0.0485147,0.0476589,0.0468104,0.0459694,0.0451363,0.0443114,0.0434947,0.0426866,0.0418872,0.0410967,0.0403151,0.0395426,0.0387793,0.0380251,0.0372801,0.0365444,0.035818,0.0351008,0.0343929,0.0336942,0.0330046,0.0323242,0.0316528,0.0309904,0.0303369,0.0296922,0.0290563,0.028429,0.0278102,0.0271999,0.0265979,0.0260041,0.0254184,0.0248407,0.0242708,0.0237087,0.0231541,0.0226071,0.0220673,0.0215347,0.0210092,0.0204907,0.0199789,0.0194737,0.0189751,0.0184828,0.0179968,0.0175169,0.0170429,0.0165747,0.0161122,0.0156553,0.0152037,0.0147573,0.0143161,0.0138799,0.0134484,0.0130217,0.0125995,0.0121818,0.0117683,0.0113589,0.0109536,0.0105521,0.0101544,0.00976025,0.00936958,0.00898224,0.0085981,0.00821702,0.00783888,0.00746354,0.00709087,0.00672073,0.00635301,0.00598757,0.00562428,0.005263,0.00490363,0.00454602,0.00419004,0.00383558,0.00348249,0.00313067,0.00277998,0.00243029,0.00208147,0.00173341,0.00138598,0.00103905,0.000692488
0,0.0040432,0.00806649,0.0120503,0.0159756,0.0198244,0.0235798,0.0272264,0.0307502,0.0341389,0.0373822,0.0404712,0.0433991,0.0461607,0.0487525,0.0511726,0.0534203,0.0554965,0.0574031,0.0591429,0.0607199,0.0621385,0.0634039,0.0645216,0.0654978,0.0663385,0.0670503,0.0676397,0.0681132,0.0684773,0.0687386,0.0689032,0.0689775,0.0689673,0.0688785,0.0687165,0.0684869,0.0681946,0.0678445,0.0674413,0.0669892,0.0664925,0.0659551,0.0653806,0.0647726,0.0641341,0.0634684,0.0627783,0.0620664,0.0613352,0.0605871,0.0598242,0.0590485,0.0582619,0.0574662,0.0566629,0.0558536,0.0550396,0.0542222,0.0534025,0.0525817,0.0517608,0.0509407,0.0501221,0.0493059,0.0484928,0.0476835,0.0468784,0.0460782,0.0452832,0.0444941,0.043711,0.0429345,0.0421648,0.0414021,0.0406467,0.0398989,0.0391589,0.0384267,0.0377025,0.0369865,0.0362786,0.0355791,0.034888,0.0342053,0.033531,0.0328651,0.0322076,0.0315586,0.030918,0.0302858,0.0296619,0.0290462,0.0284388,0.0278394,0.0272482,0.026665,0.0260896,0.0255221,0.0249622,0.02441,0.0238653,0.023328,0.022798,0.0222752,0.0217595,0.0212507,0.0207487,0.0202535,0.0197649,0.0192827,0.0188068,0.0183372,0.0178737,0.0174161,0.0169644,0.0165184,0.016078,0.015643,0.0152134,0.0147889,0.0143695,0.0139551,0.0135455,0.0131405,0.0127401,0.0123442,0.0119525,0.011565,0.0111816,0.0108021,0.0104264,0.0100544,0.00968587,0.00932081,0.00895904,0.00860046,0.00824493,0.00789234,0.00754256,0.00719546,0.00685094,0.00650887,0.00616912,0.00583159,0.00549615,0.00516268,0.00483106,0.00450118,0.00417292,0.00384617,0.0035208,0.00319669,0.00287374,0.00255183,0.00223084,0.00191065,0.00159116,0.00127224,0.000953776,0.000635659
0,0.00361927,0.00722125,0.0107889,0.0143057,0.017756,0.021125,0.024399,0.0275658,0.0306145,0.0335357,0.0363216,0.0389658,0.0414634,0.0438111,0.0460068,0.0480497,0.0499401,0.0516795,0.05327,0.0547149,0.0560178,0.0571831,0.0582156,0.0591204,0.0599029,0.0605688,0.0611236,0.0615732,0.0619234,0.0621799,0.0623482,0.062434,0.0624425,0.0623789,0.0622483,0.0620555,0.0618051,0.0615014,0.0611487,0.060751,0.0603119,0.0598352,0.0593241,0.0587818,0.0582113,0.0576155,0.0569968,0.0563577,0.0557006,0.0550276,0.0543407,0.0536417,0.0529324,0.0522143,0.051489,0.0507579,0.0500221,0.0492829,0.0485414,0.0477986,0.0470553,0.0463126,0.045571,0.0448314,0.0440944,0.0433606,0.0426305,0.0419046,0.0411835,0.0404674,0.0397567,0.0390518,0.038353,0.0376605,0.0369746,0.0362955,0.0356232,0.0349581,0.0343002,0.0336496,0.0330064,0.0323707,0.0317425,0.031122,0.0305091,0.0299037,0.0293061,0.028716,0.0281335,0.0275587,0.0269913,0.0264314,0.025879,0.025334,0.0247963,0.0242658,0.0237424,0.0232262,0.022717,0.0222146,0.0217191,0.0212304,0.0207482,0.0202726,0.0198033,0.0193404,0.0188837,0.0184331,0.0179885,0.0175498,0.0171168,0.0166895,0.0162677,0.0158513,0.0154403,0.0150344,0.0146336,0.0142378,0.0138468,0.0134605,0.0130789,0.0127017,0.0123289,0.0119604,0.011596,0.0112356,0.0108792,0.0105265,0.0101775,0.00983214,0.00949019,0.00915158,0.0088162,0.00848394,0.00815467,0.0078283,0.0075047,0.00718378,0.00686541,0.00654949,0.0062359,0.00592455,0.00561531,0.00530808,0.00500276,0.00469923,0.00439739,0.00409713,0.00379834,0.00350091,0.00320475,0.00290975,0.00261579,0.00232277,0.00203059,0.00173915,0.00144833,0.00115804,0.000868163,0.000578601
0,0.00321263,0.00641032,0.00957836,0.0127024,0.015769,0.018765,0.0216788,0.0244995,0.0272176,0.0298246,0.0323137,0.034679,0.0369161,0.0390217,0.0409938,0.0428315,0.0445348,0.0461047,0.0475428,0.0488518,0.0500348,0.0510952,0.0520373,0.0528654,0.053584,0.0541982,0.0547127,0.0551328,0.0554633,0.0557093,0.0558759,0.0559677,0.0559897,0.0559464,0.0558423,0.0556817,0.0554687,0.0552073,0.0549012,0.054554,0.0541691,0.0537497,0.0532988,0.0528193,0.052314,0.0517853,0.0512356,0.0506671,0.050082,0.0494821,0.0488693,0.0482453,0.0476116,0.0469698,0.0463211,0.0456668,0.0450081,0.044346,0.0436816,0.0430158,0.0423495,0.0416833,0.041018,0.0403543,0.0396928,0.039034,0.0383784,0.0377265,0.0370786,0.0364352,0.0357966,0.0351631,0.034535,0.0339125,0.0332958,0.0326851,0.0320805,0.0314823,0.0308905,0.0303053,0.0297266,0.0291547,0.0285895,0.0280311,0.0274795,0.0269348,0.0263969,0.0258658,0.0253415,0.024824,0.0243133,0.0238093,0.0233119,0.0228212,0.0223371,0.0218594,0.0213882,0.0209234,0.0204648,0.0200125,0.0195663,0.0191261,0.0186919,0.0182635,0.0178409,0.017424,0.0170126,0.0166068,0.0162063,0.0158112,0.0154212,0.0150363,0.0146563,0.0142813,0.013911,0.0135454,0.0131843,0.0128278,0.0124755,0.0121276,0.0117837,0.011444,0.0111081,0.0107761,0.0104478,0.0101232,0.00980204,0.00948433,0.00916993,0.00885874,0.00855066,0.0082456,0.00794343,0.00764407,0.00734742,0.00705337,0.00676182,0.00647267,0.00618582,0.00590118,0.00561865,0.00533812,0.00505949,0.00478268,0.00450758,0.0042341,0.00396214,0.0036916,0.00342239,0.00315441,0.00288756,0.00262175,0.00235689,0.00209288,0.00182962,0.00156702,0.00130499,0.00104342,0.000782239,0.000521336
0,0.00282093,0.00562905,0.00841175,0.0111567,0.0138523,0.0164874,0.0190517,0.0215359,0.0239316,0.0262316,0.0284295,0.0305204,0.0325002,0.0343658,0.0361153,0.0377478,0.039263,0.0406615,0.0419448,0.0431148,0.0441741,0.0451257,0.045973,0.0467197,0.0473697,0.0479272,0.0483964,0.0487818,0.0490876,0.0493183,0.0494781,0.0495714,0.0496023,0.0495748,0.0494929,0.0493604,0.0491809,0.0489579,0.0486948,0.0483947,0.0480607,0.0476956,0.0473021,0.0468827,0.04644,0.0459761,0.0454932,0.0449932,0.0444781,0.0439496,0.0434092,0.0428586,0.0422991,0.041732,0.0411587,0.0405801,0.0399974,0.0394115,0.0388233,0.0382337,0.0376434,0.0370531,0.0364634,0.0358751,0.0352885,0.0347042,0.0341226,0.0335442,0.0329693,0.0323983,0.0318315,0.0312691,0.0307114,0.0301586,0.0296109,0.0290685,0.0285315,0.0280001,0.0274744,0.0269544,0.0264402,0.025932,0.0254297,0.0249335,0.0244432,0.023959,0.0234809,0.0230088,0.0225427,0.0220826,0.0216286,0.0211805,0.0207383,0.0203019,0.0198714,0.0194467,0.0190277,0.0186143,0.0182065,0.0178042,0.0174074,0.0170159,0.0166297,0.0162487,0.0158728,0.015502,0.0151361,0.0147751,0.0144189,0.0140674,0.0137204,0.0133781,0.0130401,0.0127064,0.012377,0.0120518,0.0117306,0.0114134,0.0111,0.0107905,0.0104846,0.0101823,0.0098835,0.00958812,0.00929606,0.00900722,0.00872151,0.00843884,0.00815911,0.00788224,0.00760814,0.00733671,0.00706787,0.00680152,0.00653757,0.00627594,0.00601654,0.00575927,0.00550404,0.00525078,0.00499939,0.00474978,0.00450187,0.00425558,0.0040108,0.00376746,0.00352548,0.00328475,0.00304521,0.00280677,0.00256933,0.00233282,0.00209715,0.00186223,0.00162798,0.00139433,0.00116117,0.000928434,0.000696032,0.000463882
0,0.00244203,0.00487321,0.00728283,0.00966048,0.0119962,0.0142805,0.0165047,0.0186607,0.0207414,0.0227405,0.0246525,0.026473,0.0281984,0.029826,0.031354,0.0327813,0.0341077,0.0353336,0.0364601,0.0374886,0.0384213,0.0392606,0.0400093,0.0406707,0.0412479,0.0417444,0.042164,0.0425103,0.0427871,0.0429981,0.043147,0.0432375,0.0432732,0.0432576,0.0431941,0.043086,0.0429365,0.0427487,0.0425254,0.0422694,0.0419834,0.0416699,0.0413312,0.0409696,0.0405872,0.040186,0.0397678,0.0393345,0.0388877,0.0384288,0.0379594,0.0374807,0.0369941,0.0365007,0.0360015,0.0354976,0.0349899,0.0344792,0.0339665,0.0334522,0.0329373,0.0324222,0.0319076,0.031394,0.0308819,0.0303716,0.0298637,0.0293585,0.0288562,0.0283573,0.0278619,0.0273704,0.0268829,0.0263996,0.0259208,0.0254466,0.024977,0.0245123,0.0240525,0.0235977,0.0231479,0.0227034,0.022264,0.0218298,0.0214009,0.0209772,0.0205589,0.0201457,0.0197379,0.0193353,0.0189379,0.0185457,0.0181587,0.0177768,0.0174,0.0170283,0.0166615,0.0162996,0.0159427,0.0155905,0.0152431,0.0149004,0.0145623,0.0142287,0.0138997,0.013575,0.0132547,0.0129386,0.0126267,0.012319,0.0120152,0.0117154,0.0114195,0.0111274,0.010839,0.0105542,0.0102729,0.00999515,0.00972077,0.00944969,0.00918184,0.00891714,0.0086555,0.00839684,0.00814108,0.00788814,0.00763794,0.00739041,0.00714545,0.00690299,0.00666296,0.00642526,0.00618982,0.00595657,0.00572542,0.0054963,0.00526913,0.00504382,0.00482031,0.00459851,0.00437836,0.00415976,0.00394265,0.00372695,0.00351258,0.00329948,0.00308755,0.00287673,0.00266695,0.00245812,0.00225018,0.00204305,0.00183665,0.00163091,0.00142577,0.00122113,0.00101694,0.00081311,0.000609576,0.000406262
0,0.002074,0.00413894,0.00618589,0.00820617,0.0101914,0.0121338,0.0140258,0.0158609,0.0176329,0.0193364,0.020967,0.0225207,0.0239944,0.0253858,0.0266932,0.0279158,0.029053,0.0301053,0.0310732,0.0319582,0.0327618,0.033486,0.0341331,0.0347058,0.0352066,0.0356387,0.0360049,0.0363085,0.0365524,0.03674,0.0368742,0.0369584,0.0369954,0.0369882,0.0369399,0.0368531,0.0367306,0.0365749,0.0363887,0.0361742,0.0359337,0.0356694,0.0353832,0.0350772,0.0347532,0.0344128,0.0340577,0.0336893,0.0333092,0.0329186,0.0325188,0.0321108,0.0316959,0.031275,0.0308491,0.0304189,0.0299854,0.0295492,0.029111,0.0286716,0.0282314,0.027791,0.0273509,0.0269116,0.0264734,0.0260368,0.0256022,0.0251697,0.0247398,0.0243126,0.0238885,0.0234676,0.0230502,0.0226363,0.0222262,0.0218199,0.0214177,0.0210195,0.0206256,0.0202359,0.0198505,0.0194695,0.019093,0.0187209,0.0183533,0.0179902,0.0176316,0.0172775,0.0169279,0.0165827,0.0162421,0.0159059,0.0155741,0.0152467,0.0149236,0.0146049,0.0142904,0.0139801,0.013674,0.0133721,0.0130742,0.0127803,0.0124904,0.0122043,0.0119222,0.0116437,0.011369,0.011098,0.0108305,0.0105666,0.0103061,0.010049,0.00979517,0.00954462,0.00929725,0.009053,0.00881178,0.00857354,0.00833821,0.00810571,0.00787597,0.00764893,0.00742452,0.00720266,0.00698329,0.00676634,0.00655173,0.00633941,0.0061293,0.00592133,0.00571544,0.00551155,0.0053096,0.00510953,0.00491126,0.00471472,0.00451986,0.0043266,0.00413487,0.00394462,0.00375577,0.00356826,0.00338202,0.003197,0.00301312,0.00283031,0.00264852,0.00246768,0.00228773,0.0021086,0.00193022,0.00175255,0.0015755,0.00139901,0.00122304,0.0010475,0.00087234,0.000697495,0.000522901,0.000348496
0,0.00171501,0.00342265,0.00511563,0.00678688,0.00842958,0.0100373,0.011604,0.0131241,0.0145927,0.0160054,0.0173583,0.0186483,0.0198727,0.0210295,0.0221174,0.0231355,0.0240833,0.0249611,0.0257694,0.0265092,0.0271816,0.0277884,0.0283314,0.0288126,0.0292343,0.0295988,0.0299085,0.0301662,0.0303741,0.0305351,0.0306517,0.0307264,0.0307617,0.0307601,0.0307241,0.0306558,0.0305577,0.0304318,0.0302802,0.0301049,0.0299078,0.0296906,0.0294552,0.029203,0.0289355,0.0286544,0.0283608,0.028056,0.0277413,0.0274177,0.0270863,0.026748,0.0264038,0.0260545,0.0257008,0.0253436,0.0249835,0.0246211,0.0242569,0.0238916,0.0235256,0.0231594,0.0227934,0.0224279,0.0220634,0.0217001,0.0213384,0.0209785,0.0206206,0.020265,0.0199119,0.0195615,0.0192138,0.0188692,0.0185276,0.0181893,0.0178542,0.0175226,0.0171944,0.0168698,0.0165487,0.0162313,0.0159176,0.0156075,0.0153012,0.0149987,0.0146998,0.0144047,0.0141134,0.0138257,0.0135418,0.0132616,0.0129851,0.0127122,0.0124429,0.0121772,0.0119151,0.0116564,0.0114013,0.0111496,0.0109013,0.0106563,0.0104146,0.0101761,0.00994087,0.00970877,0.00947975,0.00925378,0.00903079,0.00881073,0.00859355,0.00837918,0.00816758,0.00795869,0.00775245,0.0075488,0.00734768,0.00714904,0.00695282,0.00675897,0.00656741,0.00637811,0.00619099,0.006006,0.00582309,0.00564219,0.00546325,0.00528621,0.00511101,0.0049376,0.00476592,0.00459591,0.00442752,0.00426069,0.00409536,0.00393148,0.00376899,0.00360784,0.00344796,0.00328932,0.00313185,0.00297549,0.00282019,0.00266591,0.00251257,0.00236014,0.00220855,0.00205775,0.00190769,0.00175832,0.00160958,0.00146141,0.00131378,0.00116661,0.00101987,0.000873491,0.000727429,0.000581628,0.000436038,0.000290605
0,0.0013634,0.00272101,0.00406711,0.00539614,0.00670274,0.00798184,0.00922868,0.0104389,0.0116086,0.0127342,0.0138127,0.0148415,0.0158186,0.0167423,0.0176115,0.0184254,0.0191837,0.0198865,0.0205342,0.0211274,0.0216672,0.0221547,0.0225915,0.022979,0.0233191,0.0236136,0.0238643,0.0240734,0.0242429,0.0243747,0.024471,0.0245337,0.0245649,0.0245665,0.0245404,0.0244885,0.0244126,0.0243144,0.0241955,0.0240575,0.023902,0.0237303,0.0235438,0.0233439,0.0231317,0.0229084,0.022675,0.0224326,0.0221822,0.0219246,0.0216606,0.0213911,0.0211167,0.0208382,0.0205562,0.0202712,0.0199839,0.0196947,0.019404,0.0191124,0.0188201,0.0185276,0.0182353,0.0179433,0.0176521,0.0173619,0.0170728,0.0167852,0.0164991,0.0162149,0.0159327,0.0156525,0.0153746,0.015099,0.0148259,0.0145553,0.0142874,0.0140222,0.0137597,0.0135001,0.0132433,0.0129894,0.0127385,0.0124905,0.0122454,0.0120034,0.0117643,0.0115282,0.0112951,0.011065,0.0108379,0.0106137,0.0103924,0.0101741,0.0099586,0.00974601,0.00953625,0.00932931,0.00912514,0.00892371,0.008725,0.00852895,0.00833554,0.00814472,0.00795646,0.00777071,0.00758744,0.00740659,0.00722814,0.00705202,0.00687821,0.00670665,0.0065373,0.00637012,0.00620506,0.00604207,0.00588111,0.00572213,0.00556508,0.00540993,0.00525662,0.0051051,0.00495534,0.00480728,0.00466088,0.00451609,0.00437287,0.00423117,0.00409095,0.00395215,0.00381474,0.00367866,0.00354388,0.00341035,0.00327802,0.00314685,0.00301679,0.0028878,0.00275984,0.00263286,0.00250681,0.00238166,0.00225736,0.00213387,0.00201113,0.00188912,0.00176779,0.00164708,0.00152697,0.00140741,0.00128835,0.00116976,0.00105159,0.000933792,0.000816334,0.000699169,0.000582256,0.000465553,0.000349018,0.000232609
0,0.00101758,0.00203087,0.00303566,0.00402783,0.00500341,0.00595864,0.00689,0.00779425,0.00866846,0.00951001,0.0103166,0.0110864,0.0118178,0.0125096,0.0131608,0.0137709,0.0143396,0.014867,0.0153534,0.0157991,0.0162049,0.0165718,0.0169007,0.0171929,0.0174495,0.017672,0.0178618,0.0180204,0.0181493,0.0182499,0.0183239,0.0183726,0.0183977,0.0184006,0.0183827,0.0183453,0.0182898,0.0182176,0.0181298,0.0180277,0.0179122,0.0177847,0.017646,0.0174971,0.0173389,0.0171724,0.0169983,0.0168173,0.0166303,0.0164378,0.0162405,0.016039,0.0158338,0.0156255,0.0154145,0.0152013,0.0149862,0.0147697,0.0145521,0.0143337,0.0141148,0.0138958,0.0136768,0.0134581,0.0132399,0.0130224,0.0128058,0.0125903,0.0123759,0.0121629,0.0119513,0.0117413,0.011533,0.0113264,0.0111216,0.0109188,0.0107179,0.010519,0.0103222,0.0101276,0.009935,0.00974461,0.00955642,0.00937043,0.00918667,0.00900513,0.00882584,0.00864877,0.00847395,0.00830135,0.00813097,0.00796281,0.00779684,0.00763306,0.00747145,0.00731198,0.00715464,0.0069994,0.00684625,0.00669515,0.00654608,0.00639901,0.00625392,0.00611077,0.00596954,0.00583019,0.0056927,0.00555703,0.00542314,0.00529102,0.00516062,0.00503192,0.00490486,0.00477944,0.0046556,0.00453332,0.00441256,0.00429328,0.00417546,0.00405905,0.00394403,0.00383035,0.00371799,0.00360691,0.00349707,0.00338844,0.00328098,0.00317466,0.00306945,0.00296532,0.00286222,0.00276012,0.002659,0.00255881,0.00245952,0.00236111,0.00226352,0.00216674,0.00207073,0.00197546,0.00188089,0.00178699,0.00169372,0.00160106,0.00150898,0.00141743,0.00132639,0.00123583,0.00114571,0.001056,0.000966669,0.000877687,0.00078902,0.000700637,0.000612506,0.000524596,0.000436875,0.000349311,0.000261873,0.00017453
0,0.000676034,0.00134924,0.00201684,0.00267611,0.00332442,0.0039593,0.00457843,0.00517964,0.005761,0.00632078,0.00685747,0.00736979,0.00785669,0.00831735,0.00875117,0.00915775,0.00953692,0.00988865,0.0102131,0.0105107,0.0107817,0.0110269,0.0112468,0.0114422,0.0116141,0.0117632,0.0118906,0.0119971,0.0120838,0.0121518,0.0122019,0.0122353,0.0122528,0.0122555,0.0122443,0.0122201,0.0121839,0.0121364,0.0120785,0.012011,0.0119347,0.0118502,0.0117583,0.0116595,0.0115546,0.011444,0.0113284,0.0112081,0.0110838,0.0109558,0.0108246,0.0106906,0.0105541,0.0104155,0.0102751,0.0101332,0.00998999,0.00984584,0.00970094,0.00955552,0.00940977,0.00926388,0.00911801,0.00897233,0.00882698,0.00868209,0.00853778,0.00839416,0.00825133,0.00810938,0.0079684,0.00782845,0.00768961,0.00755193,0.00741547,0.00728028,0.00714638,0.00701384,0.00688266,0.00675288,0.00662453,0.00649762,0.00637217,0.00624818,0.00612568,0.00600466,0.00588513,0.00576709,0.00565053,0.00553546,0.00542187,0.00530976,0.0051991,0.00508991,0.00498215,0.00487583,0.00477092,0.00466742,0.0045653,0.00446455,0.00436516,0.0042671,0.00417035,0.00407491,0.00398073,0.00388782,0.00379614,0.00370567,0.0036164,0.0035283,0.00344135,0.00335553,0.00327081,0.00318717,0.00310459,0.00302305,0.00294253,0.00286299,0.00278442,0.0027068,0.0026301,0.0025543,0.00247937,0.00240529,0.00233205,0.00225961,0.00218795,0.00211705,0.0020469,0.00197745,0.0019087,0.00184062,0.00177318,0.00170637,0.00164016,0.00157453,0.00150946,0.00144492,0.0013809,0.00131736,0.0012543,0.00119168,0.00112948,0.00106769,0.00100628,0.000945235,0.000884524,0.000824131,0.000764033,0.000704209,0.000644638,0.000585299,0.00052617,0.000467231,0.00040846,0.000349835,0.000291337,0.000232944,0.000174634,0.000116388
