0,0,0,0,0,0,0,0,0,0,0,0,0,0,0,0,0,0,0,0,0,0,0,0,0,0,0,0,0,0,0,0,0,0,0,0,0,0,0,0,0,0,0,0,0,0,0,0,0,0,0,0,0,0,0,0,0,0,0,0,0,0,0,0,0,0,0,0,0,0,0,0,0,0,0,0,0,0,0,0,0,0,0,0,0,0,0,0,0,0,0,0,0,0,0,0,0,0,0,0,0,0,0,0,0,0,0,0,0,0,0,0,0,0,0,0,0,0,0,0,0,0,0,0,0,0,0,0,0,0,0,0,0,0,0,0,0,0,0,0,0,0,0,0,0,0,0,0,0,0,0,0,0,0,0,0,0,0,0,0,0
0,0.000337224,0.000673045,0.00100608,0.00133497,0.00165842,0.00197519,0.00228413,0.00258416,0.00287432,0.00315374,0.00342168,0.00367749,0.00392064,0.00415073,0.00436745,0.00457061,0.0047601,0.00493593,0.00509816,0.00524695,0.00538253,0.00550519,0.00561526,0.00571311,0.00579918,0.00587389,0.00593773,0.00599117,0.00603471,0.00606886,0.0060941,0.00611094,0.00611988,0.00612139,0.00611595,0.00610402,0.00608604,0.00606244,0.00603364,0.00600002,0.00596196,0.00591983,0.00587396,0.00582468,0.00577229,0.00571708,0.00565932,0.00559927,0.00553717,0.00547324,0.00540769,0.00534072,0.00527251,0.00520323,0.00513305,0.00506211,0.00499055,0.0049185,0.00484606,0.00477337,0.0047005,0.00462756,0.00455464,0.0044818,0.00440913,0.00433669,0.00426454,0.00419273,0.00412132,0.00405034,0.00397985,0.00390988,0.00384046,0.00377162,0.00370339,0.00363579,0.00356885,0.00350257,0.00343699,0.0033721,0.00330793,0.00324448,0.00318176,0.00311978,0.00305853,0.00299803,0.00293827,0.00287926,0.002821,0.00276348,0.0027067,0.00265066,0.00259535,0.00254077,0.00248691,0.00243377,0.00238134,0.00232962,0.00227858,0.00222824,0.00217857,0.00212957,0.00208123,0.00203354,0.00198649,0.00194007,0.00189426,0.00184907,0.00180448,0.00176047,0.00171704,0.00167417,0.00163186,0.00159009,0.00154885,0.00150813,0.00146792,0.0014282,0.00138897,0.00135022,0.00131192,0.00127408,0.00123668,0.0011997,0.00116314,0.00112698,0.00109122,0.00105584,0.00102082,0.00098617,0.000951864,0.000917892,0.000884245,0.000850912,0.00081788,0.000785138,0.000752676,0.000720483,0.000688546,0.000656856,0.000625401,0.00059417,0.000563152,0.000532337,0.000501713,0.000471269,0.000440995,0.000410881,0.000380914,0.000351085,0.000321383,0.000291798,0.000262318,0.000232932,0.000203631,0.000174404,0.00014524,0.000116129,8.70601e-05,5.80225e-05
0,0.000675852,0.00134888,0.00201629,0.00267538,0.00332351,0.00395822,0.00457716,0.00517819,0.00575937,0.00631898,0.00685549,0.00736763,0.00785435,0.00831483,0.00874848,0.00915489,0.00953388,0.00988545,0.0102098,0.0105071,0.010778,0.011023,0.0112427,0.011438,0.0116097,0.0117587,0.0118859,0.0119922,0.0120788,0.0121466,0.0121966,0.0122298,0.0122472,0.0122497,0.0122384,0.0122141,0.0121777,0.0121301,0.0120721,0.0120045,0.011928,0.0118434,0.0117513,0.0116525,0.0115474,0.0114367,0.0113209,0.0112006,0.0110762,0.0109481,0.0108168,0.0106827,0.0105461,0.0104074,0.0102669,0.0101249,0.0099816,0.00983737,0.0096924,0.0095469,0.00940108,0.00925512,0.00910919,0.00896345,0.00881804,0.0086731,0.00852874,0.00838507,0.0082422,0.00810021,0.00795919,0.00781921,0.00768034,0.00754264,0.00740615,0.00727094,0.00713703,0.00700447,0.00687328,0.0067435,0.00661515,0.00648824,0.00636279,0.00623882,0.00611632,0.00599532,0.00587581,0.00575779,0.00564126,0.00552622,0.00541266,0.00530059,0.00518997,0.00508082,0.00497311,0.00486684,0.00476199,0.00465854,0.00455648,0.0044558,0.00435647,0.00425848,0.00416181,0.00406644,0.00397235,0.00387952,0.00378792,0.00369755,0.00360837,0.00352036,0.00343351,0.00334779,0.00326318,0.00317965,0.00309718,0.00301575,0.00293534,0.00285592,0.00277748,0.00269998,0.0026234,0.00254773,0.00247293,0.00239899,0.00232588,0.00225358,0.00218206,0.00211131,0.00204129,0.001972,0.00190339,0.00183546,0.00176818,0.00170152,0.00163547,0.00157,0.00150509,0.00144071,0.00137685,0.00131348,0.00125058,0.00118813,0.0011261,0.00106448,0.00100325,0.00094237,0.000881833,0.000821615,0.000761692,0.000702045,0.000642652,0.000583491,0.000524541,0.000465781,0.00040719,0.000348746,0.000290429,0.000232217,0.000174089,0.000116024
0,0.0010173,0.00203033,0.00303484,0.00402674,0.00500204,0.005957,0.00688809,0.00779208,0.00866601,0.0095073,0.0103137,0.0110832,0.0118143,0.0125058,0.0131567,0.0137666,0.0143351,0.0148622,0.0153483,0.0157938,0.0161994,0.016566,0.0168947,0.0171866,0.017443,0.0176652,0.0178548,0.0180131,0.0181418,0.0182422,0.0183159,0.0183645,0.0183893,0.018392,0.0183738,0.0183362,0.0182806,0.0182082,0.0181202,0.0180178,0.0179022,0.0177744,0.0176355,0.0174865,0.0173282,0.0171614,0.0169871,0.016806,0.0166188,0.0164262,0.0162288,0.0160271,0.0158218,0.0156133,0.0154022,0.0151888,0.0149736,0.014757,0.0145393,0.0143208,0.0141018,0.0138827,0.0136636,0.0134448,0.0132265,0.0130089,0.0127923,0.0125766,0.0123622,0.0121491,0.0119375,0.0117275,0.0115191,0.0113124,0.0111077,0.0109048,0.0107039,0.010505,0.0103082,0.0101135,0.00992093,0.00973055,0.00954236,0.00935639,0.00917264,0.00899113,0.00881186,0.00863483,0.00846004,0.00828749,0.00811717,0.00794906,0.00778315,0.00761944,0.00745789,0.0072985,0.00714124,0.00698609,0.00683302,0.00668202,0.00653305,0.00638609,0.00624111,0.00609807,0.00595696,0.00581774,0.00568038,0.00554484,0.0054111,0.00527912,0.00514887,0.00502031,0.00489342,0.00476815,0.00464448,0.00452237,0.00440178,0.00428268,0.00416504,0.00404882,0.00393398,0.0038205,0.00370834,0.00359745,0.00348781,0.00337939,0.00327215,0.00316604,0.00306105,0.00295714,0.00285426,0.00275239,0.0026515,0.00255154,0.00245249,0.00235431,0.00225697,0.00216043,0.00206466,0.00196964,0.00187532,0.00178167,0.00168866,0.00159625,0.00150442,0.00141314,0.00132236,0.00123206,0.0011422,0.00105275,0.000963691,0.000874975,0.000786577,0.000698463,0.000610602,0.000522963,0.000435513,0.000348221,0.000261055,0.000173984
0,0.00136303,0.00272028,0.00406602,0.00539469,0.00670093,0.00797966,0.00922614,0.010436,0.0116053,0.0127305,0.0138087,0.0148372,0.0158139,0.0167373,0.0176061,0.0184197,0.0191776,0.0198801,0.0205274,0.0211203,0.0216597,0.022147,0.0225834,0.0229706,0.0233103,0.0236045,0.023855,0.0240638,0.0242329,0.0243644,0.0244604,0.0245228,0.0245537,0.024555,0.0245287,0.0244765,0.0244003,0.0243018,0.0241826,0.0240444,0.0238886,0.0237166,0.0235299,0.0233298,0.0231173,0.0228938,0.0226602,0.0224176,0.0221669,0.0219091,0.0216449,0.0213752,0.0211007,0.020822,0.0205398,0.0202547,0.0199671,0.0196777,0.0193869,0.0190951,0.0188027,0.0185101,0.0182177,0.0179256,0.0176343,0.0173439,0.0170547,0.016767,0.0164809,0.0161966,0.0159143,0.015634,0.0153561,0.0150804,0.0148073,0.0145367,0.0142687,0.0140035,0.013741,0.0134813,0.0132246,0.0129707,0.0127197,0.0124717,0.0122267,0.0119847,0.0117457,0.0115097,0.0112766,0.0110466,0.0108195,0.0105953,0.0103742,0.0101559,0.00994053,0.00972804,0.0095184,0.00931157,0.00910752,0.00890622,0.00870764,0.00851173,0.00831847,0.0081278,0.0079397,0.00775412,0.00757102,0.00739035,0.00721208,0.00703616,0.00686254,0.00669119,0.00652205,0.00635508,0.00619024,0.00602747,0.00586674,0.005708,0.0055512,0.00539629,0.00524323,0.00509197,0.00494247,0.00479468,0.00464855,0.00450404,0.0043611,0.00421968,0.00407975,0.00394125,0.00380413,0.00366836,0.00353388,0.00340066,0.00326864,0.00313779,0.00300805,0.00287939,0.00275175,0.0026251,0.00249939,0.00237457,0.00225061,0.00212745,0.00200506,0.0018834,0.00176241,0.00164206,0.0015223,0.00140309,0.00128438,0.00116615,0.00104833,0.000930895,0.000813796,0.000696992,0.000580441,0.0004641,0.000347928,0.000231882
0,0.00171456,0.00342174,0.00511427,0.00678507,0.00842731,0.0100346,0.0116008,0.0131205,0.0145887,0.0160009,0.0173534,0.0186429,0.0198669,0.0210233,0.0221107,0.0231283,0.0240757,0.0249531,0.025761,0.0265003,0.0271723,0.0277787,0.0283213,0.0288021,0.0292234,0.0295874,0.0298968,0.030154,0.0303617,0.0305223,0.0306384,0.0307127,0.0307477,0.0307458,0.0307094,0.0306408,0.0305423,0.0304161,0.0302641,0.0300885,0.0298911,0.0296736,0.0294378,0.0291853,0.0289176,0.0286361,0.0283422,0.0280372,0.0277222,0.0273983,0.0270667,0.0267282,0.0263837,0.0260342,0.0256803,0.0253229,0.0249625,0.0245999,0.0242356,0.0238701,0.0235039,0.0231375,0.0227713,0.0224057,0.0220411,0.0216777,0.0213158,0.0209558,0.0205978,0.0202421,0.0198889,0.0195384,0.0191907,0.018846,0.0185044,0.018166,0.0178309,0.0174992,0.017171,0.0168463,0.0165253,0.0162079,0.0158942,0.0155842,0.0152779,0.0149753,0.0146765,0.0143815,0.0140902,0.0138027,0.0135188,0.0132387,0.0129623,0.0126895,0.0124203,0.0121548,0.0118928,0.0116343,0.0113793,0.0111277,0.0108796,0.0106348,0.0103932,0.010155,0.00991994,0.00968804,0.00945924,0.00923349,0.00901073,0.00879091,0.00857397,0.00835986,0.00814852,0.0079399,0.00773393,0.00753056,0.00732973,0.00713139,0.00693547,0.00674193,0.00655069,0.0063617,0.00617491,0.00599026,0.00580768,0.00562713,0.00544854,0.00527186,0.00509702,0.00492398,0.00475267,0.00458304,0.00441503,0.00424858,0.00408365,0.00392016,0.00375807,0.00359732,0.00343786,0.00327963,0.00312257,0.00296663,0.00281176,0.00265789,0.00250499,0.00235299,0.00220183,0.00205147,0.00190185,0.00175292,0.00160462,0.0014569,0.00130971,0.00116299,0.0010167,0.000870771,0.000725161,0.000579813,0.000434676,0.000289696
0,0.00207345,0.00413785,0.00618426,0.00820399,0.0101887,0.0121305,0.014022,0.0158565,0.017628,0.019331,0.020961,0.0225142,0.0239874,0.0253782,0.0266852,0.0279072,0.0290439,0.0300956,0.0310631,0.0319476,0.0327506,0.0334743,0.034121,0.0346931,0.0351935,0.0356251,0.0359909,0.0362939,0.0365374,0.0367245,0.0368584,0.036942,0.0369786,0.036971,0.0369222,0.036835,0.0367121,0.0365561,0.0363694,0.0361545,0.0359136,0.0356489,0.0353624,0.0350561,0.0347317,0.0343909,0.0340355,0.0336668,0.0332864,0.0328954,0.0324953,0.0320871,0.0316719,0.0312507,0.0308245,0.030394,0.0299602,0.0295238,0.0290854,0.0286458,0.0282053,0.0277648,0.0273245,0.026885,0.0264467,0.0260099,0.0255751,0.0251425,0.0247125,0.0242852,0.023861,0.02344,0.0230224,0.0226084,0.0221983,0.0217919,0.0213896,0.0209915,0.0205975,0.0202078,0.0198224,0.0194415,0.0190649,0.0186929,0.0183253,0.0179622,0.0176037,0.0172496,0.0169001,0.0165551,0.0162145,0.0158784,0.0155467,0.0152195,0.0148966,0.014578,0.0142636,0.0139535,0.0136476,0.0133459,0.0130482,0.0127545,0.0124648,0.012179,0.0118971,0.0116189,0.0113444,0.0110737,0.0108065,0.0105428,0.0102826,0.0100258,0.00977231,0.00952209,0.00927505,0.00903113,0.00879026,0.00855238,0.00831741,0.00808527,0.00785592,0.00762926,0.00740524,0.00718378,0.00696482,0.00674828,0.0065341,0.0063222,0.00611252,0.005905,0.00569955,0.00549611,0.00529463,0.00509501,0.00489721,0.00470115,0.00450676,0.00431399,0.00412275,0.00393299,0.00374464,0.00355764,0.00337191,0.00318739,0.00300402,0.00282174,0.00264047,0.00246015,0.00228072,0.00210212,0.00192428,0.00174713,0.00157062,0.00139467,0.00121924,0.00104424,0.00086962,0.000695318,0.000521268,0.000347407
0,0.0024414,0.00487194,0.00728093,0.00965794,0.011993,0.0142767,0.0165002,0.0186557,0.0207357,0.0227342,0.0246456,0.0264654,0.0281902,0.0298172,0.0313446,0.0327713,0.0340971,0.0353224,0.0364483,0.0374762,0.0384083,0.039247,0.0399952,0.040656,0.0412326,0.0417286,0.0421477,0.0424934,0.0427697,0.0429801,0.0431285,0.0432184,0.0432536,0.0432375,0.0431735,0.043065,0.042915,0.0427267,0.0425029,0.0422465,0.04196,0.0416461,0.0413069,0.0409449,0.0405621,0.0401605,0.039742,0.0393082,0.038861,0.0384018,0.037932,0.037453,0.0369661,0.0364723,0.0359728,0.0354686,0.0349606,0.0344497,0.0339366,0.0334222,0.032907,0.0323917,0.0318769,0.031363,0.0308507,0.0303403,0.0298322,0.0293267,0.0288243,0.0283253,0.0278298,0.0273381,0.0268505,0.0263672,0.0258883,0.025414,0.0249443,0.0244796,0.0240197,0.0235649,0.0231152,0.0226706,0.0222312,0.0217971,0.0213682,0.0209446,0.0205263,0.0201133,0.0197055,0.019303,0.0189058,0.0185137,0.0181269,0.0177451,0.0173685,0.0169969,0.0166303,0.0162687,0.0159119,0.01556,0.0152128,0.0148703,0.0145325,0.0141992,0.0138704,0.013546,0.013226,0.0129103,0.0125987,0.0122913,0.0119879,0.0116884,0.0113929,0.0111011,0.0108131,0.0105287,0.0102478,0.00997048,0.00969652,0.00942587,0.00915846,0.00889421,0.00863302,0.00837483,0.00811955,0.00786709,0.00761739,0.00737035,0.0071259,0.00688395,0.00664443,0.00640726,0.00617236,0.00593965,0.00570905,0.00548048,0.00525387,0.00502913,0.00480619,0.00458496,0.00436539,0.00414738,0.00393086,0.00371575,0.00350198,0.00328948,0.00307816,0.00286795,0.00265878,0.00245057,0.00224325,0.00203674,0.00183096,0.00162585,0.00142133,0.00121733,0.00101377,0.000810573,0.000607672,0.000404992
0,0.0028202,0.0056276,0.00840957,0.0111538,0.0138487,0.016483,0.0190466,0.0215301,0.0239251,0.0262244,0.0284216,0.0305118,0.0324908,0.0343558,0.0361046,0.0377364,0.0392509,0.0406487,0.0419313,0.0431007,0.0441593,0.0451103,0.0459569,0.0467029,0.0473523,0.0479091,0.0483777,0.0487625,0.0490677,0.0492977,0.049457,0.0495497,0.0495799,0.0495519,0.0494694,0.0493363,0.0491563,0.0489328,0.0486691,0.0483685,0.048034,0.0476684,0.0472744,0.0468546,0.0464114,0.045947,0.0454636,0.0449632,0.0444477,0.0439187,0.043378,0.0428269,0.0422671,0.0416997,0.0411259,0.040547,0.039964,0.0393777,0.0387893,0.0381994,0.0376088,0.0370182,0.0364283,0.0358397,0.0352529,0.0346683,0.0340866,0.033508,0.032933,0.0323618,0.0317948,0.0312323,0.0306744,0.0301216,0.0295738,0.0290313,0.0284943,0.0279628,0.027437,0.026917,0.0264028,0.0258946,0.0253924,0.0248961,0.024406,0.0239218,0.0234437,0.0229717,0.0225058,0.0220458,0.0215919,0.0211439,0.0207019,0.0202657,0.0198354,0.0194109,0.0189921,0.0185789,0.0181714,0.0177693,0.0173727,0.0169815,0.0165956,0.0162149,0.0158394,0.0154689,0.0151034,0.0147427,0.0143869,0.0140357,0.0136892,0.0133472,0.0130097,0.0126764,0.0123475,0.0120227,0.011702,0.0113852,0.0110723,0.0107633,0.0104579,0.0101561,0.00985785,0.009563,0.00927147,0.00898318,0.00869803,0.00841593,0.00813678,0.0078605,0.00758699,0.00731617,0.00704793,0.0067822,0.00651888,0.00625788,0.00599911,0.00574249,0.00548791,0.00523531,0.00498458,0.00473564,0.00448841,0.00424279,0.0039987,0.00375605,0.00351475,0.00327473,0.00303589,0.00279814,0.00256141,0.00232561,0.00209065,0.00185645,0.00162292,0.00138999,0.00115755,0.000925537,0.000693859,0.000462432
0,0.00321182,0.00640869,0.00957591,0.0126992,0.0157649,0.0187601,0.0216731,0.024493,0.0272103,0.0298165,0.0323048,0.0346693,0.0369056,0.0390104,0.0409818,0.0428187,0.0445212,0.0460903,0.0475277,0.0488359,0.0500181,0.0510778,0.0520192,0.0528465,0.0535645,0.0541779,0.0546917,0.055111,0.0554409,0.0556862,0.0558521,0.0559433,0.0559646,0.0559207,0.055816,0.0556547,0.0554411,0.0551791,0.0548724,0.0545246,0.0541391,0.0537191,0.0532677,0.0527877,0.0522818,0.0517526,0.0512024,0.0506334,0.0500478,0.0494475,0.0488342,0.0482098,0.0475757,0.0469334,0.0462843,0.0456296,0.0449705,0.0443081,0.0436434,0.0429772,0.0423106,0.0416441,0.0409785,0.0403145,0.0396528,0.0389937,0.0383379,0.0376858,0.0370377,0.0363942,0.0357554,0.0351218,0.0344935,0.0338708,0.033254,0.0326432,0.0320386,0.0314404,0.0308485,0.0302633,0.0296846,0.0291127,0.0285475,0.0279892,0.0274377,0.026893,0.0263551,0.0258241,0.0253,0.0247826,0.0242721,0.0237682,0.0232711,0.0227805,0.0222966,0.0218192,0.0213482,0.0208836,0.0204253,0.0199733,0.0195274,0.0190875,0.0186536,0.0182256,0.0178033,0.0173868,0.0169759,0.0165704,0.0161704,0.0157756,0.0153861,0.0150016,0.0146221,0.0142476,0.0138778,0.0135127,0.0131522,0.0127961,0.0124444,0.012097,0.0117537,0.0114145,0.0110793,0.0107479,0.0104202,0.0100962,0.00977566,0.00945859,0.00914484,0.00883431,0.0085269,0.00822251,0.00792103,0.00762236,0.00732641,0.00703307,0.00674223,0.00645381,0.0061677,0.00588379,0.005602,0.00532222,0.00504436,0.00476831,0.00449398,0.00422127,0.00395009,0.00368033,0.00341191,0.00314472,0.00287866,0.00261365,0.00234959,0.00208638,0.00182393,0.00156214,0.00130092,0.00104017,0.000779795,0.000519706
0,0.00361837,0.00721944,0.0107862,0.0143021,0.0177515,0.0211196,0.0243927,0.0275586,0.0306064,0.0335267,0.0363117,0.038955,0.0414518,0.0437986,0.0459934,0.0480355,0.049925,0.0516635,0.0532532,0.0546973,0.0559993,0.0571638,0.0581955,0.0590995,0.0598812,0.0605462,0.0611003,0.0615491,0.0618986,0.0621543,0.0623219,0.0624069,0.0624146,0.0623503,0.062219,0.0620255,0.0617744,0.06147,0.0611167,0.0607183,0.0602786,0.0598013,0.0592896,0.0587467,0.0581756,0.0575791,0.0569599,0.0563203,0.0556627,0.0549892,0.0543017,0.0536023,0.0528925,0.052174,0.0514482,0.0507166,0.0499804,0.0492408,0.048499,0.0477558,0.0470122,0.0462691,0.0455272,0.0447873,0.04405,0.0433159,0.0425856,0.0418595,0.0411381,0.0404218,0.039711,0.0390059,0.038307,0.0376143,0.0369283,0.036249,0.0355767,0.0349115,0.0342536,0.0336029,0.0329597,0.0323241,0.0316959,0.0310754,0.0304626,0.0298573,0.0292597,0.0286698,0.0280875,0.0275127,0.0269455,0.0263859,0.0258337,0.0252888,0.0247513,0.0242211,0.023698,0.0231821,0.0226732,0.0221711,0.021676,0.0211875,0.0207057,0.0202305,0.0197617,0.0192992,0.0188429,0.0183927,0.0179486,0.0175103,0.0170779,0.016651,0.0162298,0.0158139,0.0154034,0.0149981,0.0145979,0.0142027,0.0138123,0.0134266,0.0130456,0.012669,0.0122969,0.011929,0.0115653,0.0112056,0.0108499,0.0104979,0.0101497,0.00980502,0.00946382,0.00912596,0.00879134,0.00845984,0.00813136,0.00780577,0.00748297,0.00716285,0.00684529,0.00653019,0.00621743,0.00590691,0.00559851,0.00529213,0.00498766,0.00468499,0.00438401,0.00408462,0.0037867,0.00349016,0.00319488,0.00290076,0.00260769,0.00231557,0.00202428,0.00173374,0.00144382,0.00115443,0.000865452,0.000576793
0,0.00404221,0.00806451,0.0120473,0.0159716,0.0198195,0.0235739,0.0272195,0.0307423,0.03413,0.0373723,0.0404603,0.0433873,0.0461479,0.0487388,0.0511579,0.0534047,0.0554799,0.0573855,0.0591245,0.0607005,0.0621182,0.0633827,0.0644995,0.0654748,0.0663147,0.0670256,0.0676141,0.0680867,0.06845,0.0687104,0.0688743,0.0689477,0.0689367,0.0688471,0.0686844,0.068454,0.0681609,0.0678101,0.0674061,0.0669534,0.066456,0.0659178,0.0653427,0.064734,0.0640949,0.0634286,0.0627378,0.0620253,0.0612935,0.0605448,0.0597814,0.0590052,0.0582181,0.0574218,0.0566181,0.0558083,0.0549938,0.0541759,0.0533559,0.0525347,0.0517134,0.0508929,0.050074,0.0492575,0.048444,0.0476344,0.046829,0.0460285,0.0452334,0.044444,0.0436608,0.042884,0.0421141,0.0413513,0.0405959,0.0398479,0.0391078,0.0383755,0.0376513,0.0369352,0.0362274,0.0355279,0.0348368,0.0341541,0.0334799,0.0328141,0.0321568,0.0315079,0.0308674,0.0302353,0.0296116,0.0289961,0.0283889,0.0277898,0.0271989,0.0266159,0.0260408,0.0254736,0.0249141,0.0243622,0.0238179,0.023281,0.0227514,0.022229,0.0217137,0.0212054,0.0207039,0.0202091,0.019721,0.0192393,0.018764,0.018295,0.017832,0.017375,0.0169239,0.0164785,0.0160387,0.0156044,0.0151754,0.0147516,0.014333,0.0139192,0.0135103,0.0131061,0.0127064,0.0123112,0.0119204,0.0115337,0.011151,0.0107723,0.0103974,0.0100262,0.00965855,0.00929434,0.00893343,0.00857571,0.00822106,0.00786935,0.00752046,0.00717427,0.00683065,0.00648949,0.00615067,0.00581407,0.00547956,0.00514704,0.00481637,0.00448745,0.00416015,0.00383435,0.00350995,0.00318682,0.00286485,0.00254392,0.00222391,0.00190471,0.0015862,0.00126827,0.000950798,0.000633673
0,0.00448597,0.00894908,0.0133669,0.0177176,0.0219808,0.0261371,0.0301691,0.034061,0.0377992,0.0413721,0.0447701,0.0479858,0.0510139,0.0538508,0.0564947,0.0589455,0.0612045,0.0632743,0.0651586,0.0668622,0.0683903,0.0697492,0.0709452,0.0719855,0.0728771,0.0736274,0.0742438,0.0747337,0.0751044,0.0753632,0.0755171,0.075573,0.0755374,0.0754169,0.0752175,0.0749451,0.0746052,0.0742033,0.0737443,0.0732331,0.0726741,0.0720715,0.0714294,0.0707516,0.0700415,0.0693024,0.0685375,0.0677496,0.0669413,0.0661153,0.0652738,0.064419,0.0635528,0.0626773,0.061794,0.0609046,0.0600106,0.0591133,0.058214,0.0573138,0.0564139,0.0555151,0.0546184,0.0537246,0.0528344,0.0519486,0.0510677,0.0501923,0.049323,0.0484601,0.0476041,0.0467554,0.0459143,0.045081,0.0442559,0.0434392,0.042631,0.0418315,0.0410409,0.0402593,0.0394868,0.0387235,0.0379693,0.0372244,0.0364888,0.0357625,0.0350454,0.0343376,0.033639,0.0329496,0.0322694,0.0315982,0.0309361,0.0302828,0.0296384,0.0290028,0.0283758,0.0277574,0.0271475,0.0265458,0.0259525,0.0253672,0.0247899,0.0242205,0.0236588,0.0231048,0.0225582,0.022019,0.021487,0.020962,0.020444,0.0199328,0.0194283,0.0189303,0.0184387,0.0179534,0.0174741,0.0170009,0.0165334,0.0160716,0.0156154,0.0151646,0.014719,0.0142786,0.0138432,0.0134126,0.0129867,0.0125653,0.0121484,0.0117358,0.0113274,0.0109229,0.0105224,0.0101256,0.00973235,0.00934262,0.00895624,0.00857306,0.00819295,0.00781579,0.00744144,0.00706976,0.00670064,0.00633393,0.0059695,0.00560724,0.005247,0.00488866,0.0045321,0.00417717,0.00382376,0.00347174,0.00312098,0.00277135,0.00242273,0.00207499,0.00172801,0.00138165,0.0010358,0.000690324
0,0.00495258,0.00987898,0.0147535,0.0195513,0.024249,0.0288247,0.0332587,0.0375334,0.0416337,0.0455467,0.0492621,0.0527721,0.0560711,0.0591557,0.0620246,0.064678,0.0671182,0.0693485,0.0713736,0.0731992,0.0748318,0.0762784,0.0775468,0.0786449,0.0795809,0.0803631,0.081,0.0814998,0.0818708,0.0821209,0.082258,0.0822897,0.0822232,0.0820656,0.0818236,0.0815036,0.0811117,0.0806536,0.0801349,0.0795606,0.0789357,0.0782648,0.077552,0.0768015,0.0760171,0.0752022,0.0743602,0.0734942,0.072607,0.0717013,0.0707796,0.0698441,0.0688971,0.0679405,0.0669761,0.0660057,0.0650307,0.0640527,0.063073,0.0620928,0.0611132,0.0601353,0.05916,0.0581881,0.0572206,0.0562579,0.055301,0.0543502,0.0534062,0.0524694,0.0515403,0.0506193,0.0497066,0.0488027,0.0479077,0.0470219,0.0461455,0.0452788,0.0444217,0.0435744,0.0427371,0.0419099,0.0410926,0.0402855,0.0394885,0.0387016,0.0379249,0.0371582,0.0364015,0.0356549,0.0349182,0.0341914,0.0334743,0.032767,0.0320693,0.0313811,0.0307023,0.0300328,0.0293725,0.0287213,0.028079,0.0274455,0.0268206,0.0262043,0.0255964,0.0249967,0.0244052,0.0238216,0.0232459,0.0226778,0.0221173,0.0215641,0.0210182,0.0204793,0.0199474,0.0194222,0.0189036,0.0183915,0.0178858,0.0173861,0.0168925,0.0164048,0.0159227,0.0154462,0.0149751,0.0145092,0.0140485,0.0135926,0.0131416,0.0126952,0.0122533,0.0118158,0.0113825,0.0109532,0.0105278,0.0101062,0.00968824,0.00927372,0.00886253,0.00845453,0.00804957,0.00764751,0.00724821,0.00685152,0.00645731,0.00606543,0.00567575,0.00528813,0.00490242,0.00451849,0.0041362,0.00375541,0.00337599,0.00299779,0.00262069,0.00224453,0.0018692,0.00149454,0.00112043,0.000746727
0,0.00544537,0.0108608,0.0162168,0.0214851,0.0266391,0.031654,0.0365076,0.0411804,0.0456554,0.0499188,0.0539596,0.0577694,0.0613428,0.0646765,0.0677698,0.070624,0.0732418,0.075628,0.0777882,0.0797294,0.0814592,0.082986,0.0843186,0.0854663,0.0864384,0.0872443,0.0878933,0.0883948,0.088758,0.0889916,0.0891044,0.0891046,0.0890002,0.0887988,0.0885078,0.0881342,0.0876844,0.0871647,0.086581,0.0859389,0.0852435,0.0844998,0.0837124,0.0828855,0.0820232,0.0811292,0.0802071,0.0792601,0.0782913,0.0773034,0.0762992,0.075281,0.0742511,0.0732115,0.0721644,0.0711113,0.070054,0.068994,0.0679326,0.0668712,0.065811,0.064753,0.0636982,0.0626475,0.0616018,0.0605617,0.059528,0.0585014,0.0574822,0.0564711,0.0554685,0.0544748,0.0534903,0.0525154,0.0515503,0.0505953,0.0496506,0.0487163,0.0477926,0.0468797,0.0459775,0.0450863,0.0442059,0.0433366,0.0424782,0.0416308,0.0407943,0.0399688,0.0391541,0.0383503,0.0375572,0.0367748,0.036003,0.0352417,0.0344908,0.0337501,0.0330196,0.0322992,0.0315886,0.0308879,0.0301967,0.0295151,0.0288428,0.0281798,0.0275258,0.0268807,0.0262443,0.0256166,0.0249972,0.0243862,0.0237832,0.0231882,0.022601,0.0220214,0.0214493,0.0208844,0.0203267,0.019776,0.019232,0.0186947,0.0181638,0.0176393,0.0171209,0.0166084,0.0161018,0.0156008,0.0151053,0.0146152,0.0141302,0.0136502,0.013175,0.0127045,0.0122386,0.011777,0.0113196,0.0108662,0.0104168,0.00997109,0.00952896,0.00909026,0.00865483,0.00822253,0.00779319,0.00736666,0.0069428,0.00652146,0.00610247,0.0056857,0.00527098,0.00485819,0.00444715,0.00403773,0.00362978,0.00322315,0.0028177,0.00241327,0.00200971,0.00160689,0.00120466,0.000802861
0,0.00596815,0.011902,0.0177678,0.0235333,0.0291682,0.0346446,0.0399375,0.0450251,0.0498888,0.0545137,0.058888,0.0630032,0.066854,0.0704377,0.0737544,0.0768061,0.0795972,0.0821334,0.0844219,0.0864709,0.0882896,0.0898877,0.0912755,0.0924635,0.0934622,0.0942822,0.0949342,0.0954283,0.0957748,0.0959833,0.0960634,0.0960241,0.0958741,0.0956217,0.0952748,0.0948409,0.094327,0.0937398,0.0930857,0.0923704,0.0915997,0.0907787,0.0899122,0.0890049,0.088061,0.0870844,0.0860789,0.0850479,0.0839946,0.082922,0.0818327,0.0807295,0.0796147,0.0784903,0.0773586,0.0762212,0.0750801,0.0739366,0.0727923,0.0716486,0.0705066,0.0693675,0.0682324,0.067102,0.0659774,0.0648592,0.0637482,0.0626451,0.0615503,0.0604644,0.0593879,0.0583211,0.0572645,0.0562184,0.055183,0.0541585,0.0531453,0.0521434,0.051153,0.0501742,0.0492071,0.0482518,0.0473083,0.0463767,0.0454569,0.044549,0.0436529,0.0427686,0.0418959,0.041035,0.0401856,0.0393477,0.0385212,0.037706,0.036902,0.036109,0.0353269,0.0345557,0.033795,0.0330449,0.0323051,0.0315755,0.030856,0.0301463,0.0294463,0.0287559,0.0280749,0.0274031,0.0267404,0.0260865,0.0254413,0.0248046,0.0241763,0.0235561,0.022944,0.0223396,0.0217429,0.0211536,0.0205717,0.0199968,0.0194289,0.0188677,0.0183131,0.0177649,0.0172229,0.016687,0.016157,0.0156326,0.0151138,0.0146003,0.014092,0.0135888,0.0130903,0.0125966,0.0121073,0.0116224,0.0111417,0.0106649,0.010192,0.00972275,0.00925701,0.00879461,0.00833538,0.00787917,0.00742581,0.00697514,0.006527,0.00608122,0.00563766,0.00519614,0.0047565,0.0043186,0.00388227,0.00344736,0.00301369,0.00258113,0.0021495,0.00171866,0.00128845,0.000858706
0,0.00652527,0.0130111,0.019419,0.0257121,0.0318558,0.0378187,0.0435727,0.0490936,0.0543611,0.0593592,0.0640755,0.0685015,0.0726323,0.076466,0.0800038,0.0832491,0.0862075,0.0888866,0.091295,0.0934427,0.0953406,0.0969998,0.0984323,0.0996499,0.100665,0.101488,0.102133,0.10261,0.10293,0.103104,0.103142,0.103054,0.10285,0.102539,0.102129,0.101628,0.101043,0.100382,0.0996514,0.0988576,0.0980063,0.097103,0.096153,0.095161,0.0941315,0.0930686,0.0919763,0.090858,0.0897173,0.0885571,0.0873804,0.0861898,0.0849878,0.0837766,0.0825584,0.0813351,0.0801085,0.0788801,0.0776516,0.0764243,0.0751995,0.0739783,0.0727617,0.0715509,0.0703466,0.0691496,0.0679607,0.0667805,0.0656095,0.0644484,0.0632976,0.0621575,0.0610284,0.0599107,0.0588047,0.0577106,0.0566287,0.055559,0.0545018,0.0534571,0.052425,0.0514056,0.050399,0.0494051,0.0484239,0.0474555,0.0464998,0.0455567,0.0446262,0.0437082,0.0428026,0.0419093,0.0410283,0.0401593,0.0393023,0.0384571,0.0376236,0.0368016,0.035991,0.0351916,0.0344033,0.0336259,0.0328593,0.0321031,0.0313574,0.0306219,0.0298964,0.0291807,0.0284747,0.0277781,0.0270909,0.0264127,0.0257434,0.0250829,0.0244309,0.0237872,0.0231517,0.0225241,0.0219043,0.0212921,0.0206873,0.0200896,0.019499,0.0189152,0.0183381,0.0177674,0.0172029,0.0166446,0.0160921,0.0155453,0.0150041,0.0144682,0.0139375,0.0134117,0.0128908,0.0123744,0.0118626,0.0113549,0.0108514,0.0103518,0.00985588,0.00936355,0.0088746,0.00838886,0.00790616,0.00742632,0.00694918,0.00647457,0.0060023,0.00553222,0.00506415,0.00459792,0.00413336,0.00367031,0.0032086,0.00274806,0.00228852,0.00182982,0.00137178,0.000914241
0,0.0071218,0.0141983,0.0211852,0.0280403,0.0347243,0.0412016,0.0474409,0.0534154,0.059103,0.0644865,0.0695533,0.0742951,0.0787076,0.0827903,0.0865457,0.0899788,0.0930973,0.0959104,0.0984288,0.100665,0.10263,0.104339,0.105804,0.107039,0.108058,0.108874,0.109499,0.109948,0.11023,0.110359,0.110346,0.110201,0.109934,0.109556,0.109074,0.108498,0.107835,0.107094,0.106281,0.105402,0.104465,0.103474,0.102436,0.101355,0.100235,0.0990824,0.0978996,0.0966908,0.0954595,0.094209,0.0929421,0.0916616,0.0903702,0.0890701,0.0877635,0.0864524,0.0851386,0.0838239,0.0825097,0.0811976,0.0798887,0.0785844,0.0772856,0.0759933,0.0747085,0.073432,0.0721645,0.0709066,0.069659,0.0684222,0.0671967,0.0659828,0.0647809,0.0635915,0.0624147,0.0612507,0.0600999,0.0589623,0.0578381,0.0567274,0.0556303,0.0545468,0.053477,0.0524208,0.0513783,0.0503494,0.0493341,0.0483324,0.0473441,0.0463691,0.0454074,0.0444588,0.0435233,0.0426007,0.0416908,0.0407935,0.0399087,0.0390362,0.0381758,0.0373274,0.0364907,0.0356657,0.0348521,0.0340497,0.0332584,0.0324779,0.0317081,0.0309487,0.0301996,0.0294606,0.0287315,0.028012,0.027302,0.0266012,0.0259096,0.0252267,0.0245526,0.0238869,0.0232294,0.02258,0.0219385,0.0213046,0.0206782,0.020059,0.0194468,0.0188415,0.0182429,0.0176507,0.0170647,0.0164849,0.0159109,0.0153425,0.0147797,0.0142221,0.0136697,0.0131221,0.0125792,0.0120409,0.0115069,0.0109771,0.0104512,0.00992913,0.00941063,0.00889554,0.00838367,0.00787484,0.00736887,0.00686558,0.00636479,0.00586631,0.00536996,0.00487558,0.00438296,0.00389195,0.00340236,0.002914,0.00242671,0.00194031,0.00145461,0.000969445
0,0.00776366,0.015475,0.0230831,0.0305395,0.0377995,0.0448227,0.0515741,0.0580241,0.0641489,0.0699305,0.075356,0.0804179,0.0851129,0.089442,0.0934097,0.0970233,0.100292,0.103229,0.105845,0.108157,0.110177,0.111921,0.113406,0.114645,0.115655,0.116449,0.117044,0.117451,0.117685,0.117758,0.117682,0.117469,0.11713,0.116675,0.116113,0.115454,0.114706,0.113877,0.112975,0.112006,0.110977,0.109893,0.108762,0.107587,0.106373,0.105126,0.103849,0.102546,0.101221,0.0998772,0.0985173,0.0971445,0.0957613,0.0943701,0.0929731,0.0915724,0.0901698,0.0887672,0.087366,0.0859677,0.0845736,0.083185,0.0818029,0.0804284,0.0790623,0.0777055,0.0763588,0.0750227,0.0736979,0.0723849,0.0710842,0.0697962,0.0685212,0.0672597,0.0660118,0.0647778,0.0635579,0.0623523,0.0611611,0.0599843,0.058822,0.0576744,0.0565414,0.055423,0.0543191,0.0532299,0.0521551,0.0510947,0.0500486,0.0490168,0.0479991,0.0469954,0.0460056,0.0450294,0.0440668,0.0431176,0.0421817,0.0412588,0.0403488,0.0394515,0.0385666,0.0376941,0.0368338,0.0359853,0.0351486,0.0343233,0.0335094,0.0327065,0.0319146,0.0311333,0.0303625,0.0296019,0.0288513,0.0281106,0.0273794,0.0266577,0.0259451,0.0252415,0.0245466,0.0238602,0.0231822,0.0225122,0.0218501,0.0211957,0.0205488,0.0199091,0.0192764,0.0186506,0.0180314,0.0174186,0.016812,0.0162114,0.0156167,0.0150275,0.0144437,0.0138651,0.0132914,0.0127226,0.0121584,0.0115985,0.0110428,0.0104912,0.00994329,0.00939902,0.00885817,0.00832053,0.00778591,0.00725413,0.00672498,0.00619828,0.00567385,0.00515148,0.00463098,0.00411218,0.00359488,0.00307889,0.00256403,0.0020501,0.00153692,0.0010243
0,0.00845781,0.016855,0.0251328,0.0332353,0.0411114,0.0487155,0.0560085,0.062958,0.0695382,0.0757306,0.0815225,0.0869075,0.091884,0.0964552,0.100628,0.104412,0.10782,0.110867,0.113568,0.115939,0.117999,0.119764,0.121252,0.122481,0.123466,0.124226,0.124774,0.125128,0.1253,0.125305,0.125156,0.124864,0.124443,0.123901,0.123251,0.1225,0.121659,0.120735,0.119736,0.11867,0.117543,0.116361,0.115131,0.113857,0.112545,0.111199,0.109824,0.108424,0.107002,0.105561,0.104106,0.102638,0.10116,0.0996759,0.0981865,0.0966943,0.0952013,0.0937091,0.0922194,0.0907336,0.0892531,0.0877792,0.0863128,0.0848551,0.0834069,0.0819691,0.0805424,0.0791275,0.077725,0.0763353,0.0749591,0.0735966,0.0722482,0.0709143,0.0695952,0.0682909,0.0670018,0.065728,0.0644696,0.0632267,0.0619993,0.0607875,0.0595913,0.0584106,0.0572455,0.0560959,0.0549617,0.0538428,0.0527391,0.0516505,0.050577,0.0495182,0.0484742,0.0474447,0.0464296,0.0454286,0.0444417,0.0434686,0.0425091,0.0415631,0.0406303,0.0397106,0.0388036,0.0379093,0.0370273,0.0361575,0.0352997,0.0344536,0.0336189,0.0327956,0.0319833,0.0311818,0.0303909,0.0296104,0.02884,0.0280795,0.0273287,0.0265874,0.0258553,0.0251321,0.0244178,0.023712,0.0230145,0.0223251,0.0216436,0.0209697,0.0203032,0.019644,0.0189917,0.0183462,0.0177072,0.0170746,0.0164481,0.0158275,0.0152126,0.0146031,0.0139989,0.0133998,0.0128054,0.0122158,0.0116305,0.0110494,0.0104724,0.00989914,0.00932948,0.00876322,0.00820015,0.00764006,0.00708275,0.00652803,0.00597568,0.00542552,0.00487733,0.00433093,0.0037861,0.00324267,0.00270041,0.00215915,0.00161867,0.00107878
0,0.00921253,0.0183545,0.0273576,0.0361574,0.0446953,0.0529196,0.0607866,0.068261,0.0753155,0.081931,0.088096,0.0938056,0.0990606,0.103867,0.108235,0.112177,0.11571,0.118851,0.121619,0.124034,0.126116,0.127884,0.129359,0.130559,0.131505,0.132213,0.132701,0.132986,0.133083,0.133006,0.132771,0.13239,0.131874,0.131237,0.130487,0.129637,0.128694,0.127667,0.126565,0.125394,0.124163,0.122877,0.121543,0.120166,0.11875,0.117302,0.115825,0.114323,0.112801,0.111261,0.109706,0.108141,0.106567,0.104987,0.103403,0.101817,0.100232,0.0986486,0.0970689,0.0954943,0.0939262,0.0923658,0.0908142,0.0892724,0.0877413,0.0862217,0.0847144,0.0832201,0.0817393,0.0802725,0.0788203,0.0773829,0.0759609,0.0745544,0.0731637,0.071789,0.0704306,0.0690885,0.0677628,0.0664537,0.0651611,0.0638851,0.0626257,0.0613829,0.0601565,0.0589466,0.0577531,0.0565757,0.0554146,0.0542694,0.0531401,0.0520265,0.0509284,0.0498457,0.0487782,0.0477257,0.046688,0.0456649,0.0446562,0.0436616,0.0426811,0.0417143,0.040761,0.039821,0.038894,0.0379799,0.0370784,0.0361892,0.0353121,0.0344469,0.0335934,0.0327513,0.0319203,0.0311002,0.0302908,0.0294918,0.028703,0.0279242,0.027155,0.0263954,0.0256449,0.0249035,0.0241708,0.0234466,0.0227308,0.0220229,0.0213229,0.0206304,0.0199453,0.0192673,0.0185962,0.0179317,0.0172737,0.0166219,0.015976,0.0153359,0.0147014,0.0140721,0.0134479,0.0128286,0.012214,0.0116037,0.0109977,0.0103957,0.00979744,0.00920276,0.00861143,0.00802324,0.00743797,0.00685541,0.00627536,0.0056976,0.00512192,0.00454811,0.00397596,0.00340527,0.00283582,0.00226741,0.00169983,0.00113288
0,0.0100378,0.019993,0.0297858,0.0393415,0.0485927,0.0574809,0.0659575,0.0739838,0.0815316,0.0885821,0.0951251,0.101158,0.106686,0.111717,0.116267,0.120352,0.123992,0.127208,0.130024,0.132462,0.134546,0.136297,0.137739,0.138893,0.13978,0.14042,0.140831,0.141031,0.141038,0.140867,0.140533,0.140049,0.139428,0.138684,0.137826,0.136866,0.135812,0.134675,0.133461,0.13218,0.130838,0.129442,0.127999,0.126512,0.124989,0.123434,0.12185,0.120244,0.118617,0.116974,0.115319,0.113653,0.111979,0.110301,0.108621,0.10694,0.105261,0.103585,0.101913,0.100249,0.0985918,0.0969438,0.0953059,0.093679,0.0920642,0.0904621,0.0888736,0.0872993,0.0857397,0.0841953,0.0826667,0.0811542,0.0796581,0.0781787,0.0767163,0.075271,0.0738431,0.0724326,0.0710396,0.0696642,0.0683064,0.0669663,0.0656437,0.0643387,0.0630512,0.0617811,0.0605283,0.0592927,0.0580741,0.0568725,0.0556876,0.0545192,0.0533673,0.0522316,0.0511119,0.050008,0.0489198,0.0478469,0.0467891,0.0457463,0.0447182,0.0437046,0.0427051,0.0417197,0.040748,0.0397898,0.0388448,0.0379128,0.0369935,0.0360868,0.0351922,0.0343096,0.0334388,0.0325794,0.0317312,0.030894,0.0300674,0.0292513,0.0284454,0.0276495,0.0268632,0.0260864,0.0253187,0.02456,0.02381,0.0230684,0.022335,0.0216096,0.0208918,0.0201816,0.0194785,0.0187825,0.0180932,0.0174103,0.0167338,0.0160633,0.0153986,0.0147394,0.0140856,0.0134369,0.0127931,0.0121539,0.0115191,0.0108885,0.0102619,0.00963899,0.00901961,0.00840352,0.0077905,0.00718032,0.00657277,0.00596762,0.00536465,0.00476364,0.00416438,0.00356664,0.00297021,0.00237486,0.00178038,0.00118656
0,0.0109456,0.0217939,0.032451,0.04283,0.0528531,0.062454,0.0715785,0.0801853,0.0882452,0.0957406,0.102664,0.109016,0.114807,0.12005,0.124764,0.128971,0.132697,0.135966,0.138807,0.141245,0.143307,0.14502,0.146407,0.147494,0.148303,0.148855,0.149172,0.149271,0.149172,0.148891,0.148444,0.147844,0.147107,0.146244,0.145267,0.144188,0.143015,0.141758,0.140426,0.139027,0.137568,0.136056,0.134496,0.132896,0.13126,0.129593,0.1279,0.126184,0.12445,0.122701,0.120941,0.119172,0.117397,0.115619,0.11384,0.112061,0.110286,0.108516,0.106752,0.104995,0.103248,0.101512,0.0997866,0.0980738,0.0963744,0.0946891,0.0930187,0.0913638,0.0897249,0.0881025,0.0864971,0.0849091,0.0833386,0.0817861,0.0802518,0.0787358,0.0772382,0.0757592,0.0742989,0.0728572,0.0714343,0.07003,0.0686443,0.0672772,0.0659286,0.0645984,0.0632865,0.0619927,0.0607169,0.0594589,0.0582186,0.0569957,0.0557902,0.0546016,0.05343,0.0522749,0.0511363,0.0500138,0.0489072,0.0478164,0.046741,0.0456807,0.0446354,0.0436048,0.0425886,0.0415865,0.0405983,0.0396238,0.0386626,0.0377144,0.0367791,0.0358564,0.0349459,0.0340475,0.0331607,0.0322855,0.0314215,0.0305684,0.029726,0.028894,0.0280721,0.0272601,0.0264578,0.0256648,0.0248808,0.0241058,0.0233393,0.0225811,0.021831,0.0210887,0.020354,0.0196265,0.0189062,0.0181926,0.0174856,0.0167849,0.0160903,0.0154015,0.0147182,0.0140404,0.0133676,0.0126996,0.0120363,0.0113774,0.0107226,0.0100717,0.00942453,0.00878077,0.00814022,0.00750264,0.0068678,0.00623548,0.00560544,0.00497745,0.00435129,0.00372672,0.00310351,0.00248145,0.00186029,0.00123981
0,0.0119508,0.0237859,0.0353945,0.0466744,0.0575359,0.0679034,0.0777173,0.0869336,0.0955234,0.103471,0.110774,0.117437,0.123476,0.128911,0.133767,0.138072,0.141858,0.145154,0.147992,0.150404,0.152419,0.154068,0.155377,0.156373,0.157082,0.157527,0.157729,0.15771,0.157488,0.157081,0.156506,0.155778,0.154911,0.153919,0.152812,0.151603,0.150301,0.148917,0.147458,0.145934,0.144351,0.142716,0.141036,0.139316,0.137562,0.135779,0.133971,0.132143,0.130298,0.12844,0.126572,0.124697,0.122818,0.120937,0.119057,0.11718,0.115307,0.113441,0.111582,0.109733,0.107895,0.106068,0.104255,0.102455,0.100671,0.0989014,0.0971485,0.0954124,0.0936937,0.0919929,0.0903103,0.0886464,0.0870014,0.0853756,0.0837691,0.0821822,0.0806149,0.0790674,0.0775396,0.0760317,0.0745435,0.0730751,0.0716264,0.0701973,0.0687878,0.0673976,0.0660267,0.0646749,0.063342,0.0620279,0.0607323,0.0594551,0.0581961,0.0569549,0.0557315,0.0545255,0.0533367,0.0521649,0.0510098,0.0498711,0.0487487,0.0476421,0.0465512,0.0454756,0.0444151,0.0433695,0.0423384,0.0413215,0.0403186,0.0393294,0.0383536,0.037391,0.0364411,0.0355039,0.0345789,0.0336659,0.0327647,0.0318749,0.0309962,0.0301284,0.0292712,0.0284243,0.0275875,0.0267605,0.025943,0.0251346,0.0243353,0.0235446,0.0227624,0.0219883,0.0212222,0.0204636,0.0197124,0.0189684,0.0182311,0.0175005,0.0167762,0.016058,0.0153456,0.0146388,0.0139373,0.0132408,0.0125492,0.0118622,0.0111795,0.0105008,0.00982605,0.00915485,0.00848699,0.00782224,0.00716035,0.00650109,0.0058442,0.00518946,0.00453662,0.00388545,0.0032357,0.00258713,0.00193952,0.00129262
0,0.0130715,0.0260045,0.0386666,0.0509374,0.0627125,0.0739064,0.0844537,0.0943085,0.103443,0.111847,0.119522,0.126482,0.132749,0.138351,0.143321,0.147694,0.151508,0.154799,0.157604,0.159959,0.161898,0.163455,0.164659,0.16554,0.166125,0.16644,0.166508,0.166351,0.165989,0.16544,0.164722,0.163851,0.162842,0.161707,0.160459,0.15911,0.157671,0.15615,0.154556,0.152899,0.151185,0.149421,0.147614,0.14577,0.143893,0.141989,0.140063,0.138118,0.136159,0.134188,0.13221,0.130226,0.128241,0.126255,0.124272,0.122294,0.120322,0.118358,0.116403,0.11446,0.112529,0.110612,0.10871,0.106822,0.104951,0.103098,0.101261,0.0994437,0.0976448,0.0958651,0.0941051,0.092365,0.0906452,0.0889458,0.0872671,0.0856091,0.0839721,0.0823559,0.0807607,0.0791865,0.0776332,0.0761007,0.074589,0.0730981,0.0716276,0.0701776,0.0687479,0.0673382,0.0659484,0.0645784,0.0632278,0.0618964,0.0605841,0.0592906,0.0580157,0.056759,0.0555204,0.0542995,0.053096,0.0519098,0.0507406,0.0495879,0.0484516,0.0473314,0.046227,0.045138,0.0440642,0.0430054,0.0419611,0.0409311,0.0399151,0.0389128,0.0379239,0.0369481,0.0359852,0.0350348,0.0340965,0.0331703,0.0322556,0.0313523,0.0304601,0.0295786,0.0287076,0.0278468,0.0269959,0.0261546,0.0253227,0.0244998,0.0236858,0.0228802,0.0220828,0.0212934,0.0205117,0.0197373,0.0189702,0.0182098,0.0174561,0.0167087,0.0159674,0.0152319,0.0145019,0.0137773,0.0130576,0.0123427,0.0116323,0.0109262,0.010224,0.00952561,0.00883069,0.00813901,0.0074503,0.00676433,0.00608084,0.00539959,0.00472031,0.00404276,0.0033667,0.00269188,0.00201805,0.00134495
0,0.0143308,0.0284939,0.04233,0.055696,0.0684703,0.0805561,0.0918826,0.102403,0.112095,0.120952,0.128986,0.13622,0.142686,0.148423,0.153471,0.157876,0.16168,0.16493,0.167666,0.16993,0.17176,0.173194,0.174264,0.175003,0.175439,0.175601,0.175513,0.175197,0.174676,0.173968,0.173092,0.172063,0.170897,0.169608,0.168208,0.166709,0.165121,0.163455,0.161719,0.159921,0.158069,0.15617,0.154231,0.152256,0.150252,0.148223,0.146174,0.144109,0.142031,0.139945,0.137853,0.135758,0.133663,0.131571,0.129483,0.127401,0.125328,0.123265,0.121214,0.119175,0.117151,0.115142,0.113149,0.111173,0.109215,0.107276,0.105356,0.103456,0.101577,0.0997178,0.0978799,0.0960634,0.0942686,0.0924955,0.0907444,0.0890153,0.0873084,0.0856236,0.083961,0.0823205,0.0807021,0.0791057,0.0775311,0.0759784,0.0744472,0.0729375,0.0714491,0.0699818,0.0685353,0.0671095,0.0657041,0.0643189,0.0629536,0.061608,0.0602817,0.0589746,0.0576863,0.0564166,0.0551652,0.0539317,0.0527159,0.0515175,0.0503362,0.0491716,0.0480235,0.0468915,0.0457754,0.0446747,0.0435893,0.0425189,0.041463,0.0404213,0.0393937,0.0383797,0.0373791,0.0363915,0.0354166,0.0344541,0.0335038,0.0325653,0.0316383,0.0307225,0.0298176,0.0289233,0.0280393,0.0271654,0.0263011,0.0254463,0.0246007,0.0237638,0.0229356,0.0221156,0.0213036,0.0204993,0.0197024,0.0189126,0.0181298,0.0173535,0.0165835,0.0158196,0.0150614,0.0143087,0.0135612,0.0128187,0.0120809,0.0113475,0.0106183,0.00989292,0.00917119,0.00845282,0.00773755,0.00702513,0.00631528,0.00560775,0.00490228,0.00419861,0.00349649,0.00279565,0.00209584,0.0013968
0,0.0157579,0.0313103,0.0464636,0.0610463,0.0749165,0.0879653,0.100117,0.111328,0.12158,0.13088,0.13925,0.146727,0.153354,0.159183,0.164266,0.168657,0.172409,0.175574,0.1782,0.180334,0.18202,0.183296,0.184201,0.184768,0.185029,0.185012,0.184744,0.184249,0.183549,0.182665,0.181613,0.180412,0.179076,0.17762,0.176056,0.174396,0.172651,0.17083,0.168943,0.166997,0.165001,0.16296,0.160882,0.158772,0.156635,0.154477,0.152301,0.150111,0.147912,0.145707,0.143499,0.14129,0.139084,0.136882,0.134687,0.132501,0.130325,0.128161,0.126011,0.123876,0.121757,0.119655,0.117571,0.115506,0.113461,0.111436,0.109431,0.107449,0.105488,0.10355,0.101634,0.0997404,0.0978703,0.0960234,0.0941998,0.0923995,0.0906227,0.0888693,0.0871392,0.0854326,0.0837491,0.0820889,0.0804516,0.0788372,0.0772455,0.0756763,0.0741294,0.0726046,0.0711017,0.0696203,0.0681604,0.0667215,0.0653035,0.063906,0.0625288,0.0611715,0.0598339,0.0585157,0.0572165,0.0559361,0.0546741,0.0534302,0.0522041,0.0509954,0.0498039,0.0486293,0.0474711,0.046329,0.0452028,0.0440922,0.0429967,0.041916,0.0408499,0.039798,0.03876,0.0377355,0.0367243,0.035726,0.0347403,0.0337669,0.0328054,0.0318556,0.0309171,0.0299896,0.0290729,0.0281665,0.0272702,0.0263838,0.0255068,0.024639,0.0237801,0.0229298,0.0220878,0.0212538,0.0204275,0.0196086,0.0187969,0.017992,0.0171936,0.0164015,0.0156154,0.014835,0.01406,0.0132901,0.0125252,0.0117648,0.0110087,0.0102566,0.00950836,0.00876357,0.00802199,0.00728337,0.00654742,0.00581387,0.00508247,0.00435293,0.003625,0.0028984,0.00217287,0.00144813
0,0.0173906,0.0345259,0.0511677,0.0671092,0.0821842,0.0962713,0.109293,0.12121,0.132018,0.141738,0.150408,0.158082,0.16482,0.170688,0.175752,0.180077,0.183725,0.186756,0.189227,0.191188,0.192688,0.19377,0.194475,0.194839,0.194895,0.194674,0.194203,0.193506,0.192608,0.191528,0.190285,0.188895,0.187376,0.18574,0.184,0.182169,0.180256,0.178272,0.176225,0.174124,0.171976,0.169788,0.167565,0.165315,0.16304,0.160748,0.158441,0.156124,0.1538,0.151473,0.149145,0.14682,0.1445,0.142186,0.139883,0.13759,0.13531,0.133044,0.130794,0.128561,0.126346,0.12415,0.121974,0.119819,0.117686,0.115574,0.113485,0.11142,0.109377,0.107359,0.105365,0.103395,0.101449,0.0995281,0.0976319,0.0957604,0.0939137,0.0920917,0.0902943,0.0885215,0.0867732,0.0850492,0.0833493,0.0816735,0.0800214,0.0783929,0.0767878,0.0752057,0.0736466,0.07211,0.0705957,0.0691035,0.067633,0.0661839,0.064756,0.0633489,0.0619623,0.0605958,0.0592492,0.0579221,0.0566142,0.0553252,0.0540546,0.0528023,0.0515677,0.0503506,0.0491507,0.0479676,0.0468009,0.0456504,0.0445156,0.0433963,0.0422921,0.0412026,0.0401275,0.0390665,0.0380192,0.0369854,0.0359646,0.0349566,0.0339609,0.0329774,0.0320056,0.0310453,0.030096,0.0291576,0.0282296,0.0273118,0.0264039,0.0255054,0.0246162,0.0237359,0.0228642,0.0220007,0.0211453,0.0202976,0.0194572,0.018624,0.0177975,0.0169775,0.0161637,0.0153559,0.0145536,0.0137567,0.0129649,0.0121778,0.0113951,0.0106166,0.00984208,0.00907113,0.00830352,0.00753896,0.00677717,0.00601788,0.00526081,0.00450567,0.00375219,0.0030001,0.0022491,0.00149894
0,0.0192785,0.0382349,0.0565721,0.0740385,0.0904399,0.105643,0.119573,0.132202,0.143545,0.153644,0.162562,0.170372,0.177157,0.182998,0.187978,0.192173,0.195657,0.1985,0.200762,0.202503,0.203774,0.204622,0.20509,0.205218,0.205039,0.204586,0.203886,0.202966,0.201848,0.200554,0.199102,0.197509,0.195792,0.193963,0.192036,0.190022,0.187933,0.185777,0.183562,0.181299,0.178992,0.17665,0.174277,0.171881,0.169464,0.167033,0.164591,0.162143,0.159691,0.157239,0.154789,0.152345,0.149909,0.147482,0.145067,0.142666,0.14028,0.137911,0.13556,0.133228,0.130916,0.128626,0.126357,0.124111,0.121889,0.11969,0.117516,0.115367,0.113243,0.111144,0.109071,0.107024,0.105003,0.103008,0.101039,0.0990968,0.0971802,0.0952896,0.093425,0.0915862,0.0897731,0.0879855,0.0862232,0.0844861,0.0827739,0.0810863,0.0794232,0.0777841,0.076169,0.0745774,0.0730092,0.0714639,0.0699412,0.0684409,0.0669626,0.0655059,0.0640706,0.0626562,0.0612626,0.0598892,0.0585357,0.0572018,0.0558872,0.0545914,0.0533141,0.052055,0.0508137,0.0495899,0.0483831,0.047193,0.0460193,0.0448616,0.0437196,0.0425928,0.041481,0.0403838,0.0393009,0.0382318,0.0371763,0.036134,0.0351045,0.0340876,0.0330828,0.0320899,0.0311086,0.0301383,0.029179,0.0282301,0.0272915,0.0263627,0.0254434,0.0245334,0.0236323,0.0227398,0.0218555,0.0209792,0.0201105,0.0192492,0.018395,0.0175474,0.0167063,0.0158712,0.015042,0.0142183,0.0133999,0.0125863,0.0117774,0.0109728,0.0101722,0.00937539,0.00858202,0.0077918,0.00700446,0.0062197,0.00543723,0.00465676,0.00387802,0.0031007,0.00232452,0.00154921
0,0.0214886,0.0425631,0.0628473,0.0820327,0.0998937,0.116289,0.131152,0.144481,0.156316,0.166733,0.175823,0.183689,0.190437,0.196171,0.200987,0.20498,0.208232,0.210823,0.21282,0.214288,0.215282,0.215853,0.216047,0.215903,0.215458,0.214744,0.213791,0.212623,0.211266,0.209738,0.20806,0.206249,0.204319,0.202285,0.200159,0.197953,0.195676,0.193339,0.19095,0.188516,0.186044,0.183542,0.181014,0.178466,0.175903,0.173329,0.170749,0.168166,0.165582,0.163002,0.160428,0.157863,0.155308,0.152766,0.150238,0.147727,0.145234,0.14276,0.140307,0.137875,0.135465,0.133079,0.130717,0.12838,0.126068,0.123782,0.121522,0.119289,0.117083,0.114904,0.112752,0.110628,0.108532,0.106463,0.104421,0.102407,0.100421,0.0984617,0.09653,0.0946253,0.0927476,0.0908966,0.0890721,0.087274,0.0855018,0.0837554,0.0820345,0.0803388,0.078668,0.0770218,0.0753998,0.0738017,0.0722272,0.070676,0.0691476,0.0676417,0.0661581,0.0646962,0.0632557,0.0618364,0.0604377,0.0590594,0.057701,0.0563622,0.0550425,0.0537418,0.0524594,0.0511952,0.0499486,0.0487194,0.0475071,0.0463114,0.0451319,0.0439683,0.0428201,0.041687,0.0405687,0.0394648,0.0383749,0.0372986,0.0362357,0.0351857,0.0341483,0.0331232,0.03211,0.0311083,0.0301179,0.0291383,0.0281693,0.0272105,0.0262615,0.0253221,0.0243919,0.0234706,0.0225578,0.0216533,0.0207566,0.0198676,0.0189858,0.0181109,0.0172427,0.0163808,0.015525,0.0146748,0.01383,0.0129903,0.0121554,0.0113249,0.0104986,0.00967624,0.00885739,0.00804181,0.0072292,0.00641925,0.00561167,0.00480616,0.00400242,0.00320017,0.00239909,0.0015989
0,0.024113,0.0476815,0.0702213,0.0913516,0.110813,0.128466,0.144267,0.158252,0.170506,0.181147,0.190307,0.198124,0.204733,0.210259,0.214821,0.218526,0.22147,0.223739,0.225408,0.226546,0.227214,0.227463,0.227341,0.22689,0.226146,0.225143,0.223909,0.222471,0.220852,0.219073,0.217152,0.215106,0.21295,0.210698,0.208362,0.205953,0.20348,0.200954,0.198381,0.19577,0.193127,0.190459,0.18777,0.185067,0.182353,0.179633,0.17691,0.174188,0.17147,0.16876,0.166059,0.163369,0.160694,0.158035,0.155393,0.152771,0.150169,0.147589,0.145032,0.142499,0.139991,0.137509,0.135053,0.132623,0.130222,0.127848,0.125502,0.123185,0.120896,0.118637,0.116406,0.114205,0.112032,0.109889,0.107775,0.10569,0.103634,0.101607,0.099608,0.0976376,0.0956955,0.0937814,0.0918949,0.090036,0.0882042,0.0863993,0.0846209,0.0828688,0.0811426,0.079442,0.0777667,0.0761162,0.0744902,0.0728883,0.0713102,0.0697555,0.0682239,0.0667148,0.065228,0.063763,0.0623195,0.0608971,0.0594953,0.0581139,0.0567523,0.0554102,0.0540872,0.0527829,0.0514969,0.0502289,0.0489784,0.0477451,0.0465285,0.0453283,0.0441442,0.0429756,0.0418223,0.0406838,0.0395599,0.0384501,0.037354,0.0362713,0.0352017,0.0341446,0.0330999,0.0320672,0.031046,0.0300361,0.029037,0.0280485,0.0270702,0.0261017,0.0251427,0.0241929,0.023252,0.0223195,0.0213952,0.0204787,0.0195697,0.0186679,0.0177729,0.0168845,0.0160022,0.0151259,0.0142551,0.0133895,0.0125289,0.0116729,0.0108213,0.00997355,0.00912953,0.00828888,0.00745129,0.00661645,0.00578406,0.0049538,0.00412537,0.00329847,0.00247278,0.00164802
0,0.0272818,0.0538286,0.0790048,0.102339,0.123543,0.142494,0.159199,0.173754,0.18631,0.197042,0.206135,0.213768,0.22011,0.225312,0.229513,0.232834,0.235383,0.237253,0.238527,0.239276,0.239563,0.239443,0.238964,0.238168,0.237093,0.235771,0.234232,0.2325,0.230599,0.228549,0.226369,0.224074,0.221678,0.219196,0.216639,0.214016,0.211339,0.208614,0.205851,0.203057,0.200236,0.197397,0.194542,0.191678,0.188809,0.185938,0.18307,0.180207,0.177352,0.174508,0.171677,0.168862,0.166065,0.163287,0.160529,0.157794,0.155082,0.152395,0.149734,0.147099,0.144492,0.141912,0.139361,0.13684,0.134348,0.131885,0.129453,0.127052,0.124681,0.122341,0.120031,0.117752,0.115504,0.113287,0.111101,0.108945,0.106819,0.104723,0.102658,0.100622,0.0986156,0.0966386,0.0946904,0.092771,0.0908798,0.0890167,0.0871812,0.085373,0.0835918,0.0818372,0.0801088,0.0784063,0.0767291,0.0750771,0.0734497,0.0718465,0.0702672,0.0687114,0.0671786,0.0656684,0.0641805,0.0627143,0.0612696,0.0598458,0.0584426,0.0570596,0.0556964,0.0543525,0.0530275,0.0517211,0.0504327,0.0491622,0.0479089,0.0466726,0.0454527,0.0442491,0.0430611,0.0418885,0.0407309,0.0395879,0.038459,0.037344,0.0362424,0.0351539,0.0340781,0.0330146,0.031963,0.0309231,0.0298943,0.0288765,0.0278691,0.0268719,0.0258845,0.0249065,0.0239377,0.0229776,0.022026,0.0210824,0.0201465,0.019218,0.0182966,0.017382,0.0164737,0.0155715,0.014675,0.0137839,0.0128979,0.0120167,0.0111399,0.0102672,0.00939834,0.00853292,0.00767066,0.00681124,0.00595433,0.00509963,0.00424681,0.00339556,0.00254557,0.00169652
0,0.0311856,0.0613463,0.0896303,0.115457,0.138525,0.158768,0.17628,0.191256,0.203936,0.214577,0.223423,0.230704,0.236625,0.241366,0.245084,0.247915,0.249975,0.251365,0.252171,0.252468,0.25232,0.251782,0.250904,0.249727,0.248288,0.246618,0.244747,0.242699,0.240495,0.238157,0.2357,0.233141,0.230494,0.227769,0.22498,0.222135,0.219244,0.216314,0.213354,0.210369,0.207365,0.204349,0.201324,0.198295,0.195267,0.192242,0.189225,0.186217,0.183223,0.180243,0.177281,0.174338,0.171416,0.168518,0.165643,0.162794,0.159971,0.157176,0.154409,0.151672,0.148964,0.146287,0.143641,0.141027,0.138444,0.135893,0.133374,0.130888,0.128435,0.126014,0.123625,0.121269,0.118946,0.116655,0.114396,0.112169,0.109974,0.10781,0.105678,0.103577,0.101507,0.099467,0.0974575,0.0954778,0.0935276,0.0916066,0.0897143,0.0878505,0.0860146,0.0842063,0.0824253,0.0806711,0.0789432,0.0772413,0.075565,0.0739138,0.0722873,0.0706851,0.0691067,0.0675517,0.0660197,0.0645103,0.063023,0.0615574,0.060113,0.0586895,0.0572864,0.0559032,0.0545397,0.0531952,0.0518695,0.050562,0.0492725,0.0480004,0.0467453,0.0455069,0.0442848,0.0430784,0.0418875,0.0407116,0.0395504,0.0384034,0.0372703,0.0361506,0.035044,0.0339501,0.0328685,0.0317989,0.0307408,0.029694,0.0286579,0.0276324,0.0266169,0.0256111,0.0246148,0.0236274,0.0226488,0.0216784,0.020716,0.0197612,0.0188137,0.0178731,0.0169391,0.0160114,0.0150895,0.0141733,0.0132622,0.0123561,0.0114545,0.0105571,0.00966371,0.00877385,0.00788723,0.00700353,0.00612242,0.00524359,0.00436669,0.00349141,0.00261743,0.00174441
0,0.0361142,0.0707408,0.102713,0.131332,0.156333,0.177772,0.195898,0.211053,0.223604,0.233904,0.242276,0.249001,0.254321,0.258444,0.261543,0.263766,0.265237,0.26606,0.266324,0.266104,0.265466,0.264463,0.263143,0.261548,0.259712,0.257667,0.255439,0.253052,0.250527,0.247882,0.245135,0.242298,0.239385,0.236408,0.233377,0.2303,0.227187,0.224045,0.22088,0.217699,0.214507,0.211309,0.208109,0.204912,0.201721,0.198539,0.195369,0.192215,0.189078,0.185961,0.182865,0.179793,0.176746,0.173725,0.170731,0.167767,0.164832,0.161928,0.159055,0.156214,0.153406,0.150631,0.14789,0.145182,0.142508,0.139869,0.137263,0.134693,0.132156,0.129654,0.127187,0.124754,0.122355,0.11999,0.117659,0.115361,0.113097,0.110866,0.108667,0.106501,0.104367,0.102265,0.100195,0.0981553,0.0961465,0.0941679,0.0922192,0.0903001,0.0884099,0.0865484,0.0847152,0.0829097,0.0811315,0.0793802,0.0776554,0.0759565,0.0742832,0.072635,0.0710115,0.0694122,0.0678366,0.0662843,0.0647548,0.0632478,0.0617627,0.0602991,0.0588565,0.0574346,0.0560328,0.0546508,0.0532881,0.0519442,0.0506187,0.0493113,0.0480214,0.0467487,0.0454927,0.044253,0.0430292,0.0418209,0.0406276,0.0394491,0.0382848,0.0371343,0.0359973,0.0348734,0.0337622,0.0326633,0.0315763,0.0305008,0.0294364,0.0283828,0.0273396,0.0263064,0.0252829,0.0242687,0.0232633,0.0222665,0.021278,0.0202972,0.0193239,0.0183578,0.0173984,0.0164455,0.0154986,0.0145574,0.0136217,0.0126909,0.0117649,0.0108432,0.00992554,0.00901155,0.0081009,0.00719326,0.00628827,0.00538562,0.00448497,0.00358598,0.00268832,0.00179166
0,0.0425305,0.0827891,0.119151,0.150826,0.177703,0.200088,0.218486,0.233454,0.245522,0.255162,0.262776,0.268702,0.273215,0.276545,0.278878,0.28037,0.281146,0.281314,0.28096,0.28016,0.278976,0.27746,0.275658,0.273609,0.271346,0.268898,0.266289,0.263543,0.260678,0.257711,0.254658,0.25153,0.248341,0.245101,0.241818,0.238502,0.23516,0.231799,0.228424,0.225041,0.221655,0.218271,0.214892,0.211523,0.208166,0.204823,0.201499,0.198196,0.194914,0.191657,0.188426,0.185223,0.182048,0.178904,0.175791,0.17271,0.169663,0.166649,0.163669,0.160725,0.157816,0.154942,0.152105,0.149303,0.146538,0.14381,0.141118,0.138463,0.135844,0.133261,0.130715,0.128205,0.12573,0.123292,0.120888,0.11852,0.116187,0.113889,0.111624,0.109394,0.107197,0.105033,0.102901,0.100802,0.0987352,0.0966995,0.0946949,0.0927208,0.0907768,0.0888625,0.0869774,0.0851211,0.083293,0.0814928,0.0797199,0.0779739,0.0762543,0.0745606,0.0728923,0.0712491,0.0696303,0.0680356,0.0664645,0.0649164,0.063391,0.0618878,0.0604062,0.0589459,0.0575064,0.0560872,0.0546879,0.053308,0.0519471,0.0506048,0.0492805,0.0479738,0.0466844,0.0454118,0.0441555,0.0429152,0.0416903,0.0404806,0.0392855,0.0381047,0.0369377,0.0357842,0.0346437,0.0335159,0.0324003,0.0312965,0.0302042,0.029123,0.0280524,0.0269922,0.0259418,0.0249011,0.0238694,0.0228466,0.0218321,0.0208258,0.0198271,0.0188357,0.0178513,0.0168735,0.0159019,0.0149363,0.0139761,0.0130211,0.012071,0.0111253,0.0101837,0.00924596,0.00831161,0.00738034,0.00645182,0.00552569,0.00460161,0.00367924,0.00275823,0.00183825
0,0.0512187,0.0987343,0.140274,0.175118,0.203564,0.226393,0.244506,0.258754,0.269867,0.278444,0.284966,0.289814,0.293293,0.295642,0.297056,0.297688,0.297665,0.297088,0.296044,0.2946,0.292817,0.290744,0.288421,0.285885,0.283165,0.280289,0.277278,0.274153,0.270931,0.267627,0.264255,0.260825,0.257349,0.253836,0.250294,0.246731,0.243153,0.239566,0.235975,0.232386,0.228802,0.225228,0.221667,0.218121,0.214595,0.21109,0.207609,0.204154,0.200726,0.197327,0.19396,0.190624,0.187321,0.184052,0.180819,0.177621,0.17446,0.171336,0.168249,0.1652,0.162189,0.159217,0.156283,0.153388,0.150532,0.147715,0.144936,0.142196,0.139495,0.136832,0.134207,0.131619,0.12907,0.126558,0.124083,0.121645,0.119243,0.116878,0.114548,0.112253,0.109993,0.107767,0.105576,0.103418,0.101293,0.0992003,0.0971401,0.0951115,0.0931142,0.0911475,0.0892111,0.0873044,0.0854269,0.0835782,0.0817577,0.079965,0.0781995,0.0764608,0.0747483,0.0730616,0.0714002,0.0697635,0.0681512,0.0665626,0.0649974,0.0634549,0.0619349,0.0604367,0.0589599,0.057504,0.0560685,0.0546531,0.0532572,0.0518803,0.050522,0.0491819,0.0478595,0.0465544,0.0452661,0.0439941,0.0427381,0.0414976,0.0402721,0.0390613,0.0378648,0.0366821,0.0355127,0.0343563,0.0332126,0.0320809,0.0309611,0.0298526,0.0287551,0.0276681,0.0265913,0.0255244,0.0244668,0.0234183,0.0223784,0.0213467,0.020323,0.0193068,0.0182977,0.0172954,0.0162995,0.0153096,0.0143254,0.0133466,0.0123726,0.0114033,0.0104382,0.00947697,0.00851926,0.00756472,0.00661299,0.00566372,0.00471655,0.00377114,0.00282713,0.00188417
0,0.0636101,0.120655,0.168095,0.205806,0.235044,0.257412,0.274391,0.28719,0.296749,0.303782,0.308828,0.312297,0.314499,0.315676,0.316014,0.315662,0.314736,0.313332,0.311525,0.309381,0.30695,0.304276,0.301397,0.298343,0.295141,0.291814,0.288382,0.284861,0.281267,0.277612,0.273908,0.270166,0.266394,0.2626,0.258791,0.254974,0.251154,0.247336,0.243525,0.239725,0.23594,0.232172,0.228425,0.224701,0.221003,0.217334,0.213693,0.210085,0.206509,0.202967,0.199461,0.195992,0.19256,0.189166,0.185811,0.182496,0.17922,0.175985,0.172791,0.169637,0.166525,0.163454,0.160424,0.157435,0.154488,0.151581,0.148716,0.145891,0.143108,0.140364,0.137661,0.134997,0.132373,0.129788,0.127241,0.124733,0.122263,0.119831,0.117436,0.115077,0.112755,0.110468,0.108217,0.106,0.103818,0.101669,0.0995538,0.0974713,0.095421,0.0934025,0.0914153,0.0894587,0.0875323,0.0856356,0.083768,0.0819291,0.0801182,0.0783349,0.0765787,0.0748491,0.0731455,0.0714674,0.0698142,0.0681856,0.066581,0.0649999,0.0634418,0.0619062,0.0603925,0.0589004,0.0574293,0.0559788,0.0545483,0.0531374,0.0517456,0.0503725,0.0490175,0.0476803,0.0463603,0.0450572,0.0437704,0.0424996,0.0412442,0.0400039,0.0387782,0.0375666,0.0363688,0.0351843,0.0340128,0.0328537,0.0317067,0.0305713,0.0294472,0.0283339,0.0272311,0.0261384,0.0250553,0.0239814,0.0229164,0.0218599,0.0208115,0.0197708,0.0187374,0.0177109,0.016691,0.0156774,0.0146695,0.0136671,0.0126697,0.0116771,0.0106888,0.00970449,0.00872378,0.00774631,0.00677173,0.00579967,0.00482976,0.00386165,0.00289498,0.00192939
0,0.082567,0.15218,0.205646,0.244968,0.273393,0.293822,0.308455,0.318865,0.326156,0.331106,0.334269,0.336046,0.336732,0.336548,0.335664,0.334209,0.332286,0.329977,0.327346,0.324447,0.321325,0.318015,0.314548,0.31095,0.307243,0.303445,0.299574,0.295642,0.291663,0.287646,0.283601,0.279537,0.275461,0.271379,0.267297,0.26322,0.259153,0.2551,0.251065,0.24705,0.24306,0.239095,0.23516,0.231256,0.227384,0.223547,0.219746,0.215982,0.212257,0.208572,0.204927,0.201323,0.197761,0.194241,0.190764,0.18733,0.18394,0.180594,0.177292,0.174034,0.170819,0.167649,0.164523,0.161441,0.158402,0.155407,0.152455,0.149546,0.14668,0.143857,0.141075,0.138335,0.135636,0.132979,0.130361,0.127784,0.125246,0.122748,0.120288,0.117866,0.115481,0.113134,0.110823,0.108548,0.106309,0.104105,0.101935,0.099799,0.0976964,0.0956265,0.0935889,0.091583,0.0896082,0.087664,0.0857498,0.0838652,0.0820095,0.0801822,0.0783828,0.0766107,0.0748654,0.0731463,0.071453,0.0697849,0.0681414,0.0665221,0.0649264,0.0633538,0.0618038,0.060276,0.0587697,0.0572845,0.05582,0.0543755,0.0529507,0.051545,0.0501579,0.0487891,0.047438,0.0461041,0.044787,0.0434863,0.0422014,0.040932,0.0396775,0.0384376,0.0372117,0.0359996,0.0348006,0.0336145,0.0324407,0.0312789,0.0301286,0.0289894,0.027861,0.0267428,0.0256345,0.0245358,0.0234461,0.022365,0.0212923,0.0202275,0.0191702,0.01812,0.0170765,0.0160393,0.0150082,0.0139826,0.0129622,0.0119466,0.0109355,0.00992844,0.00892509,0.00792506,0.00692798,0.00593348,0.00494119,0.00395075,0.00296177,0.0019739
0,0.114478,0.199851,0.257341,0.295026,0.319738,0.336028,0.346743,0.35366,0.357905,0.360217,0.361095,0.360885,0.359834,0.358121,0.355884,0.353225,0.350223,0.346943,0.343434,0.339738,0.335887,0.33191,0.32783,0.323666,0.319435,0.315151,0.310826,0.306471,0.302096,0.297707,0.293314,0.28892,0.284533,0.280158,0.275797,0.271456,0.267139,0.262847,0.258583,0.254351,0.250153,0.24599,0.241864,0.237777,0.23373,0.229725,0.225762,0.221842,0.217967,0.214136,0.210351,0.206612,0.202919,0.199273,0.195674,0.192122,0.188617,0.185159,0.181749,0.178386,0.17507,0.171801,0.168579,0.165403,0.162273,0.15919,0.156151,0.153159,0.150211,0.147307,0.144448,0.141632,0.138859,0.136129,0.133442,0.130795,0.12819,0.125626,0.123101,0.120617,0.118171,0.115763,0.113394,0.111061,0.108766,0.106506,0.104282,0.102094,0.0999391,0.0978184,0.095731,0.0936763,0.0916537,0.0896625,0.0877024,0.0857726,0.0838726,0.0820018,0.0801597,0.0783457,0.0765592,0.0747998,0.0730667,0.0713596,0.0696778,0.0680208,0.066388,0.064779,0.0631932,0.0616301,0.0600892,0.0585699,0.0570717,0.0555941,0.0541367,0.0526989,0.0512803,0.0498803,0.0484985,0.0471343,0.0457874,0.0444572,0.0431433,0.0418452,0.0405624,0.0392945,0.0380411,0.0368017,0.0355758,0.034363,0.0331629,0.031975,0.030799,0.0296343,0.0284806,0.0273375,0.0262044,0.0250811,0.0239671,0.022862,0.0217653,0.0206768,0.0195959,0.0185223,0.0174556,0.0163954,0.0153413,0.0142929,0.0132499,0.0122117,0.0111782,0.0101487,0.00912311,0.00810088,0.00708167,0.0060651,0.0050508,0.00403838,0.00302747,0.00201768
0,0.175495,0.275405,0.328841,0.358057,0.374504,0.383807,0.388831,0.391125,0.391586,0.390763,0.389011,0.386566,0.383596,0.38022,0.376526,0.372582,0.368439,0.364138,0.35971,0.355182,0.350576,0.345909,0.341195,0.336449,0.331679,0.326897,0.322108,0.317321,0.312542,0.307775,0.303025,0.298298,0.293595,0.288921,0.284279,0.27967,0.275098,0.270564,0.266071,0.261619,0.257211,0.252848,0.24853,0.244259,0.240035,0.23586,0.231734,0.227658,0.223631,0.219655,0.215729,0.211855,0.208031,0.204258,0.200537,0.196866,0.193246,0.189677,0.186159,0.182691,0.179274,0.175906,0.172588,0.169319,0.166098,0.162927,0.159803,0.156726,0.153697,0.150714,0.147777,0.144886,0.14204,0.139238,0.13648,0.133766,0.131094,0.128464,0.125876,0.123329,0.120822,0.118355,0.115927,0.113538,0.111186,0.108872,0.106595,0.104354,0.102148,0.0999773,0.0978407,0.0957377,0.0936678,0.0916304,0.0896247,0.0876503,0.0857066,0.0837929,0.0819087,0.0800533,0.0782263,0.0764269,0.0746548,0.0729091,0.0711895,0.0694954,0.0678261,0.0661812,0.0645601,0.0629623,0.0613871,0.0598342,0.0583029,0.0567928,0.0553033,0.053834,0.0523842,0.0509535,0.0495415,0.0481475,0.0467712,0.045412,0.0440695,0.0427432,0.0414326,0.0401372,0.0388566,0.0375903,0.036338,0.035099,0.033873,0.0326595,0.0314581,0.0302684,0.0290898,0.0279221,0.0267647,0.0256173,0.0244793,0.0233505,0.0222304,0.0211185,0.0200144,0.0189179,0.0178283,0.0167455,0.0156688,0.014598,0.0135327,0.0124723,0.0114167,0.0103653,0.00931776,0.00827371,0.00723275,0.00619449,0.00515854,0.00412452,0.00309204,0.00206072
0,0.312096,0.397434,0.42456,0.433856,0.436415,0.435867,0.433647,0.430423,0.426552,0.422239,0.417617,0.412772,0.407764,0.402636,0.397419,0.392139,0.386814,0.381459,0.376086,0.370706,0.365326,0.359953,0.354595,0.349255,0.343938,0.338648,0.333389,0.328164,0.322975,0.317825,0.312716,0.30765,0.302628,0.297653,0.292726,0.287848,0.283019,0.278242,0.273517,0.268844,0.264225,0.25966,0.255149,0.250693,0.246292,0.241947,0.237657,0.233423,0.229245,0.225123,0.221057,0.217047,0.213092,0.209193,0.205349,0.201559,0.197825,0.194145,0.190519,0.186947,0.183428,0.179962,0.176548,0.173186,0.169876,0.166616,0.163407,0.160247,0.157137,0.154075,0.151062,0.148096,0.145176,0.142303,0.139476,0.136693,0.133955,0.131261,0.12861,0.126001,0.123434,0.120908,0.118422,0.115977,0.11357,0.111202,0.108872,0.106579,0.104323,0.102102,0.0999169,0.0977663,0.0956497,0.0935665,0.091516,0.0894977,0.0875108,0.0855548,0.083629,0.0817329,0.0798658,0.0780272,0.0762164,0.0744329,0.072676,0.0709453,0.0692401,0.0675598,0.0659039,0.0642719,0.0626631,0.0610771,0.0595132,0.057971,0.05645,0.0549495,0.0534691,0.0520083,0.0505665,0.0491432,0.047738,0.0463503,0.0449797,0.0436256,0.0422876,0.0409652,0.0396579,0.0383653,0.0370868,0.0358221,0.0345706,0.033332,0.0321057,0.0308913,0.0296883,0.0284964,0.0273151,0.026144,0.0249826,0.0238304,0.0226872,0.0215524,0.0204256,0.0193064,0.0181945,0.0170893,0.0159905,0.0148977,0.0138104,0.0127283,0.011651,0.010578,0.00950897,0.00844348,0.00738115,0.00632158,0.00526438,0.00420914,0.00315548,0.002103
1,0.675455,0.577673,0.538111,0.516394,0.501432,0.4896,0.479467,0.47037,0.461957,0.454025,0.446448,0.439142,0.432052,0.42514,0.418376,0.411741,0.405219,0.398798,0.39247,0.386229,0.380068,0.373985,0.367975,0.362037,0.356169,0.350369,0.344636,0.33897,0.333369,0.327834,0.322363,0.316957,0.311615,0.306338,0.301125,0.295975,0.29089,0.285868,0.28091,0.276016,0.271185,0.266417,0.261713,0.257072,0.252494,0.247978,0.243525,0.239133,0.234804,0.230536,0.226329,0.222183,0.218098,0.214072,0.210106,0.206198,0.20235,0.198559,0.194826,0.191149,0.18753,0.183965,0.180457,0.177002,0.173602,0.170255,0.166961,0.163719,0.160528,0.157388,0.154299,0.151258,0.148267,0.145323,0.142427,0.139577,0.136774,0.134015,0.131301,0.128631,0.126005,0.12342,0.120878,0.118376,0.115915,0.113494,0.111112,0.108768,0.106461,0.104192,0.101959,0.0997611,0.0975985,0.0954702,0.0933754,0.0913137,0.0892843,0.0872866,0.0853199,0.0833836,0.0814771,0.0795997,0.077751,0.0759301,0.0741366,0.0723698,0.0706292,0.0689141,0.067224,0.0655583,0.0639165,0.0622979,0.060702,0.0591283,0.0575762,0.0560452,0.0545346,0.0530441,0.0515731,0.050121,0.0486874,0.0472717,0.0458735,0.0444921,0.0431272,0.0417782,0.0404447,0.0391262,0.0378221,0.0365321,0.0352556,0.0339922,0.0327414,0.0315028,0.0302759,0.0290603,0.0278555,0.0266611,0.0254766,0.0243016,0.0231356,0.0219783,0.0208292,0.0196879,0.0185539,0.0174269,0.0163063,0.0151919,0.0140831,0.0129796,0.011881,0.0107868,0.00969666,0.00861013,0.00752683,0.00644634,0.00536827,0.0042922,0.00321775,0.00214449
1,0.812052,0.699692,0.633817,0.592175,0.56332,0.541632,0.524252,0.509632,0.496882,0.485457,0.475006,0.465296,0.456164,0.447495,0.439205,0.43123,0.423522,0.416044,0.408768,0.401671,0.394734,0.387942,0.381284,0.37475,0.368332,0.362023,0.355818,0.349711,0.343699,0.337778,0.331946,0.3262,0.320538,0.314959,0.309459,0.304039,0.298696,0.29343,0.28824,0.283124,0.278081,0.273112,0.268215,0.263388,0.258633,0.253947,0.24933,0.244782,0.240301,0.235888,0.231541,0.22726,0.223044,0.218892,0.214804,0.210779,0.206816,0.202915,0.199075,0.195296,0.191575,0.187914,0.184311,0.180765,0.177275,0.173842,0.170464,0.16714,0.163869,0.160652,0.157486,0.154372,0.151309,0.148296,0.145331,0.142415,0.139547,0.136725,0.133949,0.131219,0.128533,0.125891,0.123293,0.120736,0.118221,0.115747,0.113313,0.110919,0.108563,0.106245,0.103965,0.101721,0.0995132,0.0973404,0.0952021,0.0930976,0.0910263,0.0889875,0.0869805,0.0850047,0.0830594,0.081144,0.0792578,0.0774002,0.0755706,0.0737684,0.071993,0.0702437,0.06852,0.0668212,0.0651468,0.0634962,0.0618688,0.0602641,0.0586815,0.0571204,0.0555803,0.0540607,0.052561,0.0510806,0.0496191,0.0481758,0.0467504,0.0453423,0.043951,0.0425759,0.0412167,0.0398727,0.0385435,0.0372286,0.0359276,0.0346399,0.0333651,0.0321028,0.0308524,0.0296135,0.0283856,0.0271683,0.0259612,0.0247638,0.0235756,0.0223962,0.0212251,0.0200621,0.0189065,0.017758,0.0166161,0.0154805,0.0143506,0.0132261,0.0121066,0.0109916,0.00988076,0.00877359,0.00766971,0.00656871,0.00547016,0.00437367,0.00327882,0.0021852
1,0.873059,0.775228,0.705289,0.655169,0.618041,0.589358,0.566276,0.547026,0.530483,0.515913,0.502823,0.490871,0.479813,0.469472,0.459718,0.450451,0.441595,0.433089,0.424888,0.416952,0.409254,0.401766,0.39447,0.387348,0.380387,0.373574,0.3669,0.360357,0.353937,0.347634,0.341443,0.33536,0.329379,0.323499,0.317715,0.312025,0.306426,0.300917,0.295495,0.290158,0.284905,0.279735,0.274645,0.269634,0.264702,0.259847,0.255067,0.250363,0.245732,0.241174,0.236687,0.232271,0.227925,0.223648,0.219439,0.215297,0.211222,0.207211,0.203265,0.199383,0.195563,0.191805,0.188108,0.184471,0.180893,0.177374,0.173912,0.170507,0.167157,0.163863,0.160623,0.157436,0.154302,0.151219,0.148187,0.145206,0.142273,0.139389,0.136552,0.133762,0.131018,0.128319,0.125665,0.123054,0.120486,0.11796,0.115476,0.113032,0.110627,0.108262,0.105935,0.103646,0.101393,0.0991763,0.0969951,0.0948486,0.0927361,0.0906568,0.0886102,0.0865955,0.084612,0.0826591,0.0807362,0.0788425,0.0769775,0.0751405,0.0733308,0.0715479,0.0697911,0.0680598,0.0663535,0.0646715,0.0630132,0.061378,0.0597655,0.0581749,0.0566058,0.0550575,0.0535296,0.0520214,0.0505325,0.0490623,0.0476103,0.0461759,0.0447586,0.043358,0.0419735,0.0406045,0.0392507,0.0379115,0.0365864,0.0352749,0.0339766,0.0326909,0.0314174,0.0301557,0.0289052,0.0276655,0.0264362,0.0252168,0.0240067,0.0228057,0.0216132,0.0204288,0.019252,0.0180825,0.0169197,0.0157633,0.0146128,0.0134677,0.0123277,0.0111924,0.0100612,0.00893379,0.00780975,0.00668864,0.00557003,0.00445352,0.00333868,0.00222509
1,0.904956,0.822872,0.756943,0.705172,0.664317,0.631481,0.604468,0.581711,0.56211,0.54489,0.529503,0.515551,0.502744,0.490863,0.479745,0.469262,0.459316,0.44983,0.440741,0.431998,0.423562,0.415399,0.407481,0.399785,0.392292,0.384986,0.377852,0.37088,0.364058,0.357378,0.350833,0.344416,0.338121,0.331943,0.325877,0.31992,0.314068,0.308317,0.302665,0.297109,0.291647,0.286277,0.280996,0.275802,0.270695,0.265671,0.26073,0.25587,0.25109,0.246388,0.241763,0.237213,0.232739,0.228337,0.224008,0.21975,0.215562,0.211443,0.207392,0.203407,0.199489,0.195635,0.191845,0.188118,0.184452,0.180848,0.177304,0.173818,0.170391,0.167021,0.163707,0.160448,0.157243,0.154092,0.150994,0.147947,0.144951,0.142005,0.139108,0.13626,0.133458,0.130703,0.127994,0.12533,0.12271,0.120133,0.117598,0.115105,0.112653,0.110241,0.107868,0.105533,0.103237,0.100977,0.0987537,0.0965658,0.0944127,0.0922938,0.0902082,0.0881552,0.0861343,0.0841446,0.0821855,0.0802564,0.0783566,0.0764853,0.0746421,0.0728261,0.0710369,0.0692737,0.067536,0.0658232,0.0641345,0.0624695,0.0608276,0.0592081,0.0576105,0.0560342,0.0544786,0.0529432,0.0514274,0.0499308,0.0484526,0.0469925,0.0455498,0.0441241,0.0427148,0.0413214,0.0399434,0.0385803,0.0372316,0.0358968,0.0345754,0.0332669,0.0319709,0.0306868,0.0294141,0.0281525,0.0269014,0.0256604,0.024429,0.0232068,0.0219933,0.020788,0.0195905,0.0184003,0.0172171,0.0160403,0.0148695,0.0137043,0.0125443,0.0113889,0.0102379,0.00909068,0.00794689,0.00680608,0.00566783,0.00453171,0.00339729,0.00226415
1,0.923895,0.85436,0.794438,0.74426,0.702574,0.667781,0.638405,0.613242,0.591355,0.572035,0.554748,0.539088,0.524748,0.511491,0.499135,0.487536,0.476579,0.466174,0.456247,0.446738,0.437598,0.428786,0.42027,0.412019,0.404011,0.396225,0.388644,0.381252,0.374037,0.366988,0.360095,0.35335,0.346745,0.340274,0.333931,0.32771,0.321607,0.315618,0.309739,0.303967,0.298298,0.29273,0.28726,0.281885,0.276603,0.271413,0.266312,0.261298,0.256369,0.251525,0.246763,0.242081,0.237478,0.232954,0.228506,0.224133,0.219833,0.215607,0.211451,0.207366,0.20335,0.199401,0.195519,0.191703,0.187951,0.184263,0.180637,0.177072,0.173567,0.170122,0.166735,0.163405,0.160131,0.156913,0.153749,0.150638,0.14758,0.144573,0.141617,0.13871,0.135852,0.133042,0.130279,0.127562,0.12489,0.122263,0.119679,0.117138,0.114638,0.11218,0.109762,0.107384,0.105044,0.102742,0.100477,0.0982484,0.0960556,0.0938975,0.0917737,0.0896832,0.0876254,0.0855996,0.0836051,0.0816412,0.0797072,0.0778024,0.0759262,0.0740779,0.0722568,0.0704624,0.0686939,0.0669508,0.0652324,0.0635382,0.0618674,0.0602196,0.058594,0.0569902,0.0554076,0.0538455,0.0523034,0.0507808,0.0492771,0.0477918,0.0463242,0.0448739,0.0434404,0.042023,0.0406214,0.0392349,0.0378631,0.0365055,0.0351615,0.0338306,0.0325125,0.0312065,0.0299122,0.0286291,0.0273567,0.0260946,0.0248423,0.0235993,0.0223652,0.0211394,0.0199216,0.0187113,0.017508,0.0163113,0.0151207,0.0139358,0.0127562,0.0115813,0.0104108,0.00924419,0.00808107,0.006921,0.00576352,0.00460822,0.00345465,0.00230238
1,0.936263,0.876234,0.822189,0.774856,0.733939,0.698663,0.66813,0.641495,0.618033,0.597148,0.578365,0.561304,0.545668,0.53122,0.51777,0.505167,0.49329,0.48204,0.471334,0.461108,0.451305,0.44188,0.432792,0.424011,0.415508,0.40726,0.399245,0.391447,0.38385,0.376442,0.36921,0.362144,0.355236,0.348478,0.341862,0.335382,0.329033,0.32281,0.316707,0.310721,0.304848,0.299085,0.293428,0.287874,0.282421,0.277066,0.271806,0.26664,0.261566,0.25658,0.251682,0.246869,0.242141,0.237494,0.232928,0.228442,0.224032,0.219699,0.215441,0.211256,0.207143,0.203101,0.199128,0.195224,0.191387,0.187615,0.183909,0.180266,0.176685,0.173166,0.169706,0.166306,0.162965,0.15968,0.156451,0.153277,0.150157,0.14709,0.144076,0.141112,0.138198,0.135334,0.132518,0.129749,0.127026,0.124349,0.121717,0.119129,0.116583,0.11408,0.111617,0.109195,0.106813,0.10447,0.102164,0.0998957,0.0976637,0.0954674,0.093306,0.0911787,0.0890848,0.0870236,0.0849943,0.0829963,0.0810288,0.0790911,0.0771826,0.0753026,0.0734503,0.0716253,0.0698267,0.0680539,0.0663064,0.0645835,0.0628845,0.0612089,0.0595561,0.0579253,0.0563162,0.054728,0.0531602,0.0516122,0.0500834,0.0485734,0.0470815,0.0456071,0.0441499,0.0427091,0.0412843,0.039875,0.0384806,0.0371006,0.0357345,0.0343818,0.033042,0.0317146,0.0303991,0.029095,0.0278018,0.0265191,0.0252463,0.023983,0.0227287,0.021483,0.0202453,0.0190153,0.0177924,0.0165762,0.0153663,0.0141621,0.0129633,0.0117693,0.0105798,0.00939425,0.00821225,0.00703333,0.00585707,0.00468301,0.00351071,0.00233974
1,0.944923,0.892123,0.84323,0.799037,0.759661,0.724801,0.693957,0.666577,0.642133,0.62016,0.600258,0.582097,0.565402,0.54995,0.535557,0.522073,0.509375,0.49736,0.485944,0.475055,0.464635,0.454634,0.445009,0.435725,0.426751,0.41806,0.40963,0.401441,0.393476,0.385719,0.378158,0.370781,0.363578,0.356539,0.349657,0.342924,0.336334,0.32988,0.323558,0.317362,0.311289,0.305334,0.299493,0.293763,0.288141,0.282623,0.277208,0.271892,0.266673,0.261548,0.256516,0.251574,0.246721,0.241954,0.237272,0.232673,0.228156,0.223718,0.219358,0.215074,0.210866,0.206732,0.20267,0.198678,0.194757,0.190904,0.187117,0.183397,0.179741,0.176149,0.172619,0.16915,0.165741,0.162391,0.159098,0.155862,0.152682,0.149556,0.146484,0.143464,0.140495,0.137578,0.134709,0.131889,0.129117,0.126392,0.123712,0.121077,0.118486,0.115938,0.113432,0.110968,0.108544,0.10616,0.103814,0.101507,0.0992365,0.0970026,0.0948044,0.092641,0.0905118,0.0884159,0.0863525,0.0843211,0.0823208,0.0803509,0.0784108,0.0764997,0.0746169,0.0727618,0.0709338,0.069132,0.067356,0.065605,0.0638785,0.0621757,0.0604961,0.0588391,0.057204,0.0555902,0.0539972,0.0524244,0.0508712,0.049337,0.0478213,0.0463235,0.044843,0.0433793,0.0419319,0.0405002,0.0390837,0.0376819,0.0362942,0.0349202,0.0335592,0.0322109,0.0308747,0.0295501,0.0282365,0.0269336,0.0256409,0.0243578,0.0230838,0.0218186,0.0205615,0.0193123,0.0180702,0.016835,0.0156061,0.0143832,0.0131656,0.011953,0.0107449,0.00954082,0.00834036,0.00714305,0.00594843,0.00475605,0.00356547,0.00237623
1,0.951307,0.904106,0.859569,0.8184,0.780869,0.746924,0.71632,0.688721,0.663764,0.6411,0.620412,0.601422,0.583892,0.56762,0.552435,0.538194,0.524777,0.512082,0.500025,0.488534,0.477547,0.467012,0.456886,0.44713,0.437711,0.428601,0.419775,0.411212,0.402892,0.394801,0.386923,0.379244,0.371755,0.364444,0.357303,0.350323,0.343498,0.336819,0.330283,0.323882,0.317612,0.311469,0.305447,0.299544,0.293756,0.288079,0.28251,0.277046,0.271685,0.266424,0.26126,0.256191,0.251215,0.24633,0.241534,0.236824,0.232199,0.227658,0.223198,0.218818,0.214516,0.21029,0.20614,0.202063,0.198059,0.194125,0.190261,0.186464,0.182735,0.179071,0.175471,0.171934,0.168458,0.165044,0.161689,0.158392,0.155152,0.151968,0.148839,0.145764,0.142742,0.139772,0.136852,0.133983,0.131162,0.128388,0.125662,0.122981,0.120346,0.117754,0.115206,0.1127,0.110235,0.107811,0.105427,0.103081,0.100773,0.0985024,0.0962682,0.0940695,0.0919056,0.0897757,0.0876791,0.0856149,0.0835825,0.0815812,0.0796101,0.0776686,0.075756,0.0738716,0.0720147,0.0701846,0.0683807,0.0666023,0.0648488,0.0631195,0.0614138,0.059731,0.0580706,0.0564319,0.0548143,0.0532172,0.0516401,0.0500824,0.0485434,0.0470226,0.0455195,0.0440335,0.042564,0.0411105,0.0396724,0.0382492,0.0368405,0.0354456,0.034064,0.0326952,0.0313388,0.0299941,0.0286608,0.0273382,0.0260259,0.0247235,0.0234303,0.022146,0.0208701,0.019602,0.0183413,0.0170875,0.0158402,0.0145988,0.013363,0.0121322,0.0109059,0.00968382,0.00846536,0.0072501,0.00603757,0.00482732,0.0036189,0.00241184
1,0.956198,0.913425,0.87254,0.834126,0.798491,0.765705,0.735679,0.708223,0.683102,0.660064,0.638867,0.619288,0.601125,0.584203,0.568369,0.553491,0.539456,0.526167,0.513541,0.501508,0.490006,0.478982,0.468393,0.458197,0.448361,0.438857,0.429656,0.420738,0.412082,0.40367,0.395487,0.387519,0.379753,0.37218,0.364788,0.357569,0.350514,0.343617,0.336871,0.33027,0.323809,0.317481,0.311284,0.305211,0.29926,0.293427,0.287707,0.282099,0.276598,0.271202,0.265909,0.260715,0.255619,0.250617,0.245708,0.24089,0.23616,0.231517,0.226959,0.222483,0.218089,0.213774,0.209537,0.205376,0.20129,0.197277,0.193336,0.189465,0.185663,0.181928,0.17826,0.174656,0.171116,0.167638,0.164221,0.160865,0.157566,0.154326,0.151142,0.148013,0.144938,0.141916,0.138946,0.136027,0.133158,0.130339,0.127566,0.124841,0.122162,0.119528,0.116938,0.114391,0.111886,0.109423,0.107,0.104617,0.102273,0.0999661,0.0976966,0.0954634,0.0932656,0.0911025,0.0889733,0.0868772,0.0848135,0.0827813,0.08078,0.0788089,0.0768671,0.0749541,0.073069,0.0712113,0.0693801,0.067575,0.0657951,0.0640399,0.0623087,0.0606008,0.0589156,0.0572526,0.055611,0.0539903,0.0523898,0.0508091,0.0492474,0.0477043,0.046179,0.0446712,0.0431802,0.0417054,0.0402463,0.0388023,0.037373,0.0359578,0.0345561,0.0331674,0.0317912,0.030427,0.0290743,0.0277326,0.0264013,0.02508,0.0237681,0.0224652,0.0211708,0.0198844,0.0186055,0.0173336,0.0160683,0.014809,0.0135554,0.0123068,0.0110629,0.0098232,0.0085872,0.00735444,0.00612446,0.00489679,0.00367097,0.00244655
1,0.960059,0.920858,0.883038,0.847075,0.813262,0.781727,0.752467,0.725392,0.700356,0.677187,0.655705,0.635737,0.617118,0.599699,0.583347,0.567945,0.553389,0.539588,0.526465,0.513951,0.501986,0.490519,0.479505,0.468904,0.458682,0.448808,0.439256,0.430003,0.421027,0.41231,0.403836,0.395591,0.387561,0.379734,0.3721,0.364649,0.357373,0.350265,0.343316,0.33652,0.329871,0.323365,0.316995,0.310757,0.304647,0.29866,0.292794,0.287043,0.281406,0.275879,0.270458,0.265142,0.259927,0.254811,0.249792,0.244867,0.240034,0.235291,0.230637,0.226068,0.221583,0.21718,0.212858,0.208615,0.204448,0.200358,0.196341,0.192397,0.188523,0.18472,0.180984,0.177315,0.173711,0.170171,0.166694,0.163279,0.159924,0.156627,0.153389,0.150207,0.14708,0.144008,0.140989,0.138022,0.135107,0.132241,0.129424,0.126655,0.123934,0.121258,0.118627,0.11604,0.113496,0.110995,0.108535,0.106115,0.103735,0.101393,0.099089,0.096822,0.0945912,0.0923957,0.0902347,0.0881074,0.086013,0.0839508,0.0819201,0.0799199,0.0779497,0.0760087,0.0740962,0.0722115,0.0703538,0.0685225,0.066717,0.0649365,0.0631804,0.061448,0.0597388,0.058052,0.056387,0.0547432,0.05312,0.0515169,0.0499331,0.0483681,0.0468214,0.0452923,0.0437802,0.0422847,0.0408051,0.0393409,0.0378916,0.0364565,0.0350352,0.0336271,0.0322318,0.0308486,0.029477,0.0281166,0.0267668,0.0254271,0.024097,0.022776,0.0214636,0.0201594,0.0188628,0.0175733,0.0162904,0.0150137,0.0137427,0.0124769,0.0112158,0.00995891,0.00870582,0.00745603,0.00620905,0.00496442,0.00372168,0.00248033
1,0.96318,0.92691,0.891679,0.857873,0.825755,0.795473,0.767071,0.740522,0.715743,0.692622,0.671031,0.650837,0.63191,0.614127,0.597376,0.581553,0.566566,0.552332,0.53878,0.525844,0.513469,0.501603,0.490204,0.479232,0.468654,0.458438,0.448558,0.43899,0.429713,0.420708,0.411958,0.403448,0.395164,0.387095,0.379229,0.371555,0.364066,0.356752,0.349607,0.342622,0.335792,0.329111,0.322574,0.316175,0.30991,0.303774,0.297764,0.291875,0.286104,0.280448,0.274904,0.269468,0.264137,0.25891,0.253782,0.248753,0.243819,0.238978,0.234229,0.229568,0.224994,0.220506,0.2161,0.211776,0.207531,0.203365,0.199274,0.195258,0.191315,0.187443,0.183642,0.179909,0.176243,0.172642,0.169106,0.165633,0.162222,0.158871,0.155579,0.152346,0.149169,0.146047,0.14298,0.139967,0.137005,0.134095,0.131234,0.128423,0.125659,0.122943,0.120272,0.117646,0.115065,0.112526,0.110029,0.107573,0.105158,0.102782,0.100445,0.0981448,0.0958817,0.0936546,0.0914626,0.0893049,0.0871807,0.0850892,0.0830296,0.0810013,0.0790033,0.0770351,0.0750958,0.0731848,0.0713013,0.0694446,0.067614,0.0658089,0.0640286,0.0622724,0.0605396,0.0588297,0.0571419,0.0554757,0.0538304,0.0522054,0.0506001,0.0490139,0.0474462,0.0458964,0.044364,0.0428483,0.0413487,0.0398648,0.038396,0.0369416,0.0355013,0.0340743,0.0326603,0.0312585,0.0298686,0.02849,0.0271222,0.0257647,0.0244169,0.0230783,0.0217484,0.0204268,0.019113,0.0178063,0.0165064,0.0152128,0.0139249,0.0126423,0.0113644,0.0100909,0.00882119,0.00755482,0.00629132,0.0050302,0.00377098,0.0025132
1,0.965752,0.931924,0.898896,0.866982,0.836414,0.807338,0.779824,0.753881,0.729471,0.706527,0.684959,0.66467,0.645558,0.627525,0.610477,0.594325,0.578989,0.564395,0.550478,0.537178,0.524441,0.512222,0.500476,0.489168,0.478263,0.467732,0.457547,0.447686,0.438127,0.42885,0.419839,0.411079,0.402554,0.394253,0.386165,0.378278,0.370583,0.363072,0.355737,0.34857,0.341564,0.334715,0.328015,0.32146,0.315044,0.308763,0.302613,0.296589,0.290688,0.284907,0.279241,0.273688,0.268244,0.262908,0.257675,0.252543,0.247511,0.242574,0.237732,0.232982,0.228321,0.223749,0.219262,0.214858,0.210537,0.206296,0.202133,0.198047,0.194035,0.190097,0.186231,0.182436,0.178709,0.175049,0.171455,0.167926,0.16446,0.161056,0.157713,0.154428,0.151202,0.148032,0.144918,0.141859,0.138853,0.135899,0.132996,0.130143,0.127338,0.124582,0.121873,0.119209,0.11659,0.114015,0.111482,0.108992,0.106542,0.104133,0.101763,0.099431,0.0971365,0.0948786,0.0926564,0.0904691,0.0883158,0.0861958,0.0841082,0.0820524,0.0800275,0.0780327,0.0760674,0.0741308,0.0722221,0.0703407,0.0684858,0.0666567,0.0648528,0.0630734,0.0613179,0.0595854,0.0578755,0.0561875,0.0545207,0.0528745,0.0512482,0.0496414,0.0480533,0.0464834,0.0449311,0.0433958,0.0418769,0.0403738,0.038886,0.0374129,0.035954,0.0345087,0.0330765,0.0316568,0.0302491,0.0288529,0.0274675,0.0260926,0.0247276,0.0233719,0.0220251,0.0206866,0.019356,0.0180327,0.0167162,0.0154061,0.0141018,0.0128029,0.0115088,0.0102191,0.00893325,0.00765079,0.00637123,0.00509409,0.00381888,0.00254511
1,0.967904,0.936136,0.904998,0.874746,0.845581,0.81764,0.791005,0.765706,0.741736,0.719056,0.697609,0.677325,0.658127,0.639938,0.622681,0.606281,0.59067,0.575782,0.561559,0.547947,0.534897,0.522365,0.510312,0.4987,0.487499,0.476679,0.466214,0.456081,0.446258,0.436727,0.427471,0.418473,0.409721,0.4012,0.392899,0.384808,0.376916,0.369216,0.361698,0.354356,0.347181,0.340169,0.333312,0.326605,0.320043,0.313621,0.307335,0.301181,0.295153,0.28925,0.283466,0.277799,0.272245,0.266802,0.261466,0.256235,0.251106,0.246076,0.241144,0.236306,0.231561,0.226906,0.222339,0.217859,0.213463,0.209149,0.204915,0.20076,0.196682,0.19268,0.188751,0.184894,0.181108,0.17739,0.17374,0.170156,0.166637,0.163181,0.159787,0.156453,0.153178,0.149962,0.146802,0.143698,0.140649,0.137652,0.134707,0.131814,0.12897,0.126175,0.123427,0.120727,0.118072,0.115461,0.112894,0.11037,0.107887,0.105445,0.103043,0.10068,0.098355,0.0960671,0.0938155,0.0915994,0.0894179,0.0872701,0.0851554,0.0830728,0.0810217,0.0790012,0.0770105,0.075049,0.0731159,0.0712104,0.0693319,0.0674796,0.0656528,0.0638509,0.0620731,0.0603189,0.0585874,0.0568782,0.0551905,0.0535237,0.0518771,0.0502502,0.0486424,0.047053,0.0454814,0.043927,0.0423893,0.0408676,0.0393615,0.0378702,0.0363933,0.0349302,0.0334804,0.0320432,0.0306182,0.0292048,0.0278025,0.0264107,0.025029,0.0236567,0.0222935,0.0209386,0.0195918,0.0182523,0.0169198,0.0155937,0.0142735,0.0129587,0.0116489,0.0103435,0.00904195,0.00774388,0.00644875,0.00515606,0.00386534,0.00257608
1,0.969729,0.939719,0.910213,0.881424,0.853523,0.826638,0.80085,0.776203,0.752709,0.730351,0.709095,0.688893,0.669688,0.65142,0.634028,0.617449,0.601627,0.586504,0.57203,0.558155,0.544836,0.532031,0.519705,0.507822,0.496353,0.485271,0.474549,0.464165,0.454098,0.44433,0.434844,0.425623,0.416655,0.407926,0.399424,0.391138,0.383059,0.375178,0.367485,0.359974,0.352637,0.345467,0.338458,0.331605,0.324902,0.318344,0.311927,0.305645,0.299495,0.293473,0.287574,0.281796,0.276136,0.270589,0.265153,0.259825,0.254602,0.249482,0.244461,0.239538,0.234711,0.229976,0.225331,0.220775,0.216306,0.211921,0.207619,0.203397,0.199255,0.195189,0.191199,0.187282,0.183438,0.179664,0.175959,0.172322,0.168751,0.165244,0.1618,0.158419,0.155097,0.151835,0.148631,0.145484,0.142391,0.139353,0.136368,0.133435,0.130553,0.12772,0.124936,0.122199,0.119509,0.116864,0.114263,0.111706,0.109191,0.106718,0.104285,0.101891,0.0995366,0.0972196,0.0949395,0.0926953,0.0904864,0.0883117,0.0861706,0.0840621,0.0819855,0.0799399,0.0779247,0.0759391,0.0739822,0.0720534,0.070152,0.0682771,0.0664281,0.0646044,0.0628051,0.0610296,0.0592774,0.0575475,0.0558396,0.0541528,0.0524866,0.0508402,0.0492132,0.0476048,0.0460146,0.0444417,0.0428858,0.0413461,0.0398221,0.0383132,0.0368189,0.0353386,0.0338717,0.0324176,0.0309758,0.0295458,0.0281271,0.026719,0.025321,0.0239327,0.0225535,0.0211828,0.0198202,0.0184651,0.017117,0.0157754,0.0144398,0.0131097,0.0117846,0.0104639,0.00914726,0.00783407,0.00652385,0.0052161,0.00391035,0.00260607
1,0.971293,0.942797,0.914712,0.887214,0.860451,0.834537,0.809553,0.785549,0.762546,0.740546,0.719529,0.699464,0.680312,0.662027,0.64456,0.627862,0.611884,0.596579,0.581901,0.567808,0.554259,0.541219,0.528654,0.516531,0.504822,0.493502,0.482545,0.471931,0.461639,0.451651,0.441951,0.432522,0.423351,0.414425,0.405732,0.397262,0.389005,0.38095,0.373091,0.365418,0.357925,0.350604,0.34345,0.336456,0.329617,0.322927,0.316382,0.309978,0.303709,0.297572,0.291563,0.285677,0.279913,0.274265,0.268732,0.26331,0.257996,0.252787,0.247681,0.242676,0.237767,0.232955,0.228235,0.223606,0.219065,0.214612,0.210242,0.205956,0.20175,0.197623,0.193573,0.189599,0.185698,0.181869,0.178111,0.174422,0.1708,0.167244,0.163753,0.160324,0.156957,0.153651,0.150403,0.147214,0.14408,0.141002,0.137978,0.135006,0.132087,0.129217,0.126397,0.123626,0.120901,0.118223,0.115589,0.113,0.110454,0.10795,0.105487,0.103064,0.100681,0.0983354,0.0960276,0.0937564,0.0915208,0.0893201,0.0871533,0.0850197,0.0829184,0.0808486,0.0788096,0.0768006,0.0748207,0.0728693,0.0709456,0.0690489,0.0671784,0.0653335,0.0635134,0.0617175,0.059945,0.0581952,0.0564677,0.0547615,0.0530762,0.0514111,0.0497655,0.0481388,0.0465304,0.0449398,0.0433661,0.041809,0.0402678,0.0387419,0.0372307,0.0357336,0.0342502,0.0327798,0.0313218,0.0298757,0.028441,0.0270172,0.0256035,0.0241997,0.022805,0.021419,0.0200411,0.0186709,0.0173077,0.0159512,0.0146007,0.0132557,0.0119158,0.0105805,0.00924913,0.0079213,0.00659649,0.00527418,0.00395388,0.00263509
1,0.972646,0.945466,0.918624,0.892269,0.866529,0.841506,0.817276,0.793892,0.771382,0.749756,0.729009,0.709122,0.690069,0.671815,0.654323,0.637555,0.621469,0.606026,0.591187,0.576915,0.563175,0.549933,0.53716,0.524825,0.512903,0.501369,0.4902,0.479376,0.468877,0.458686,0.448786,0.439162,0.429802,0.420691,0.411819,0.403174,0.394747,0.386529,0.37851,0.370683,0.36304,0.355575,0.348281,0.341152,0.334182,0.327366,0.320698,0.314175,0.307792,0.301543,0.295427,0.289438,0.283573,0.277828,0.2722,0.266687,0.261285,0.25599,0.250801,0.245715,0.240729,0.235841,0.231048,0.226348,0.221738,0.217218,0.212783,0.208434,0.204166,0.19998,0.195872,0.191842,0.187886,0.184004,0.180194,0.176455,0.172784,0.16918,0.165642,0.162168,0.158757,0.155408,0.152118,0.148887,0.145714,0.142597,0.139535,0.136526,0.13357,0.130665,0.127811,0.125005,0.122248,0.119537,0.116872,0.114252,0.111675,0.109141,0.106649,0.104198,0.101787,0.0994141,0.0970795,0.094782,0.0925207,0.0902947,0.0881031,0.0859451,0.08382,0.0817268,0.0796647,0.0776331,0.075631,0.0736577,0.0717126,0.0697947,0.0679034,0.066038,0.0641978,0.062382,0.06059,0.058821,0.0570745,0.0553496,0.0536459,0.0519626,0.050299,0.0486547,0.0470288,0.0454208,0.0438302,0.0422562,0.0406983,0.0391559,0.0376284,0.0361153,0.0346158,0.0331296,0.031656,0.0301944,0.0287443,0.0273052,0.0258764,0.0244575,0.0230479,0.0216471,0.0202545,0.0188697,0.017492,0.0161209,0.0147561,0.0133968,0.0120426,0.010693,0.00934752,0.00800556,0.00666665,0.00533028,0.00399593,0.00266311
1,0.973825,0.947795,0.922048,0.896709,0.87189,0.847682,0.824155,0.801361,0.779334,0.758089,0.73763,0.717948,0.699026,0.680841,0.663364,0.646565,0.630411,0.614869,0.599906,0.585491,0.571592,0.55818,0.545227,0.532707,0.520596,0.508871,0.497511,0.486495,0.475807,0.465429,0.455344,0.44554,0.436002,0.426719,0.417678,0.408869,0.400282,0.391907,0.383737,0.375764,0.367979,0.360376,0.352948,0.345689,0.338593,0.331655,0.32487,0.318233,0.311739,0.305384,0.299164,0.293074,0.287112,0.281273,0.275555,0.269953,0.264465,0.259088,0.253819,0.248655,0.243594,0.238632,0.233768,0.228999,0.224323,0.219737,0.21524,0.210829,0.206503,0.202258,0.198095,0.194009,0.190001,0.186068,0.182207,0.178419,0.1747,0.17105,0.167467,0.16395,0.160496,0.157105,0.153775,0.150504,0.147292,0.144137,0.141038,0.137994,0.135002,0.132063,0.129175,0.126337,0.123547,0.120805,0.11811,0.115459,0.112854,0.110291,0.107771,0.105292,0.102854,0.100455,0.0980945,0.0957716,0.0934854,0.091235,0.0890195,0.0868381,0.0846898,0.082574,0.0804897,0.0784362,0.0764126,0.0744183,0.0724524,0.0705141,0.0686027,0.0667176,0.0648579,0.063023,0.0612121,0.0594246,0.0576597,0.0559168,0.0541953,0.0524944,0.0508136,0.0491521,0.0475094,0.0458848,0.0442777,0.0426874,0.0411135,0.0395552,0.038012,0.0364832,0.0349684,0.0334669,0.0319782,0.0305016,0.0290367,0.0275829,0.0261395,0.0247061,0.0232822,0.0218671,0.0204603,0.0190613,0.0176696,0.0162846,0.0149059,0.0135328,0.0121649,0.0108016,0.00944238,0.0080868,0.0067343,0.00538436,0.00403648,0.00269013
1,0.97486,0.949842,0.925063,0.90063,0.876641,0.853176,0.8303,0.808064,0.786502,0.765636,0.745473,0.726013,0.707247,0.689158,0.671727,0.65493,0.638741,0.623133,0.608078,0.59355,0.579522,0.565967,0.552861,0.540181,0.527904,0.516009,0.504476,0.493288,0.482427,0.471877,0.461623,0.451652,0.441949,0.432504,0.423305,0.414341,0.405603,0.397082,0.388769,0.380656,0.372736,0.365001,0.357445,0.350062,0.342847,0.335792,0.328894,0.322148,0.315548,0.30909,0.30277,0.296584,0.290528,0.284599,0.278793,0.273106,0.267536,0.262079,0.256732,0.251493,0.246358,0.241326,0.236394,0.231558,0.226817,0.222169,0.217611,0.213141,0.208757,0.204457,0.200239,0.196101,0.192041,0.188058,0.184149,0.180313,0.176549,0.172854,0.169228,0.165668,0.162172,0.158741,0.155371,0.152063,0.148813,0.145622,0.142487,0.139408,0.136383,0.133411,0.13049,0.12762,0.1248,0.122027,0.119302,0.116623,0.113989,0.111399,0.108852,0.106346,0.103882,0.101458,0.0990722,0.0967249,0.0944147,0.0921407,0.0899021,0.087698,0.0855276,0.0833899,0.0812842,0.0792096,0.0771653,0.0751506,0.0731647,0.0712068,0.0692761,0.0673719,0.0654935,0.0636401,0.061811,0.0600056,0.0582231,0.0564629,0.0547242,0.0530065,0.0513089,0.049631,0.0479721,0.0463314,0.0447084,0.0431025,0.0415131,0.0399395,0.0383812,0.0368375,0.0353078,0.0337916,0.0322884,0.0307974,0.0293182,0.0278502,0.0263928,0.0249454,0.0235076,0.0220788,0.0206583,0.0192458,0.0178406,0.0164422,0.0150501,0.0136637,0.0122825,0.010906,0.00953368,0.00816498,0.0067994,0.00543641,0.0040755,0.00271613
1,0.975773,0.95165,0.927731,0.904109,0.880868,0.85808,0.835806,0.814093,0.792976,0.772478,0.752613,0.733385,0.714789,0.696818,0.679457,0.662687,0.64649,0.630843,0.615724,0.60111,0.586978,0.573305,0.56007,0.547251,0.534829,0.522784,0.511098,0.499754,0.488737,0.47803,0.46762,0.457494,0.447639,0.438044,0.428697,0.419588,0.410708,0.402049,0.3936,0.385355,0.377307,0.369447,0.36177,0.354269,0.346939,0.339773,0.332767,0.325916,0.319214,0.312658,0.306243,0.299964,0.293818,0.287802,0.281911,0.276142,0.270493,0.264959,0.259537,0.254226,0.249021,0.243921,0.238922,0.234022,0.229219,0.224511,0.219894,0.215367,0.210927,0.206573,0.202303,0.198114,0.194005,0.189974,0.186018,0.182137,0.178328,0.17459,0.170922,0.167321,0.163786,0.160315,0.156908,0.153562,0.150277,0.14705,0.143881,0.140769,0.137711,0.134707,0.131755,0.128855,0.126004,0.123203,0.120449,0.117742,0.115081,0.112464,0.109891,0.10736,0.10487,0.102422,0.100012,0.0976412,0.0953079,0.0930113,0.0907505,0.0885246,0.0863327,0.084174,0.0820477,0.0799528,0.0778887,0.0758544,0.0738492,0.0718724,0.0699231,0.0680006,0.0661042,0.0642331,0.0623866,0.0605639,0.0587645,0.0569876,0.0552324,0.0534984,0.0517849,0.0500911,0.0484165,0.0467605,0.0451223,0.0435013,0.041897,0.0403087,0.0387358,0.0371777,0.0356338,0.0341036,0.0325863,0.0310815,0.0295886,0.0281069,0.026636,0.0251753,0.0237242,0.0222821,0.0208486,0.019423,0.0180048,0.0165935,0.0151886,0.0137894,0.0123955,0.0110064,0.00962138,0.00824009,0.00686194,0.00548641,0.00411298,0.00274111
1,0.976583,0.953255,0.930102,0.907206,0.884641,0.86247,0.840751,0.819526,0.79883,0.778689,0.759117,0.740123,0.721709,0.703868,0.686594,0.669872,0.653689,0.638026,0.622866,0.608188,0.593975,0.580206,0.566862,0.553925,0.541377,0.5292,0.517377,0.505894,0.494735,0.483886,0.473334,0.463066,0.45307,0.443335,0.43385,0.424606,0.415594,0.406804,0.398228,0.389859,0.381689,0.373711,0.365919,0.358306,0.350867,0.343595,0.336486,0.329535,0.322736,0.316085,0.309578,0.303211,0.296979,0.290879,0.284908,0.27906,0.273334,0.267726,0.262233,0.256852,0.25158,0.246414,0.241352,0.23639,0.231527,0.22676,0.222087,0.217505,0.213013,0.208607,0.204286,0.200048,0.195892,0.191814,0.187813,0.183888,0.180037,0.176257,0.172548,0.168908,0.165335,0.161827,0.158383,0.155002,0.151682,0.148421,0.145219,0.142074,0.138985,0.13595,0.132969,0.130039,0.12716,0.124331,0.12155,0.118816,0.116128,0.113486,0.110888,0.108332,0.105819,0.103346,0.100914,0.0985201,0.0961646,0.0938463,0.0915642,0.0893173,0.0871049,0.0849261,0.0827799,0.0806656,0.0785824,0.0765293,0.0745057,0.0725107,0.0705436,0.0686035,0.0666898,0.0648017,0.0629384,0.0610993,0.0592836,0.0574906,0.0557197,0.0539701,0.0522411,0.0505322,0.0488427,0.0471718,0.045519,0.0438837,0.0422651,0.0406627,0.0390758,0.0375039,0.0359464,0.0344026,0.0328719,0.0313539,0.0298478,0.0283531,0.0268692,0.0253957,0.0239318,0.0224771,0.021031,0.0195929,0.0181623,0.0167386,0.0153214,0.0139099,0.0125038,0.0111025,0.00970545,0.00831208,0.00692189,0.00553434,0.00414891,0.00276506
1,0.977303,0.954684,0.932217,0.909973,0.888018,0.866411,0.8452,0.824429,0.80413,0.784329,0.765043,0.746283,0.728053,0.710353,0.693178,0.67652,0.660367,0.644707,0.629524,0.614803,0.600528,0.586681,0.573248,0.560211,0.547553,0.535261,0.523318,0.51171,0.500424,0.489446,0.478763,0.468365,0.458239,0.448375,0.438763,0.429393,0.420257,0.411345,0.40265,0.394164,0.38588,0.37779,0.369889,0.36217,0.354627,0.347255,0.340048,0.333001,0.32611,0.319369,0.312775,0.306323,0.300009,0.293829,0.28778,0.281857,0.276058,0.27038,0.264818,0.25937,0.254033,0.248804,0.243681,0.23866,0.23374,0.228917,0.224189,0.219555,0.215011,0.210556,0.206186,0.201902,0.197699,0.193577,0.189533,0.185566,0.181674,0.177855,0.174107,0.170428,0.166818,0.163275,0.159796,0.15638,0.153027,0.149734,0.146501,0.143325,0.140206,0.137141,0.134131,0.131173,0.128267,0.12541,0.122603,0.119844,0.117131,0.114464,0.111842,0.109263,0.106726,0.104231,0.101776,0.0993612,0.0969845,0.0946453,0.0923428,0.0900759,0.0878438,0.0856456,0.0834805,0.0813476,0.0792461,0.077175,0.0751337,0.0731214,0.0711371,0.0691803,0.06725,0.0653456,0.0634663,0.0616114,0.0597801,0.0579718,0.0561857,0.0544212,0.0526776,0.0509542,0.0492503,0.0475653,0.0458985,0.0442494,0.0426171,0.0410012,0.039401,0.0378159,0.0362453,0.0346886,0.0331451,0.0316143,0.0300957,0.0285885,0.0270923,0.0256064,0.0241304,0.0226635,0.0212054,0.0197553,0.0183128,0.0168774,0.0154483,0.0140252,0.0126074,0.0111945,0.00978585,0.00838093,0.00697922,0.00558018,0.00418327,0.00278796
1,0.977946,0.95596,0.934107,0.912451,0.891049,0.869954,0.849211,0.82886,0.808933,0.789455,0.770443,0.751912,0.733868,0.716313,0.699246,0.682662,0.666553,0.650909,0.63572,0.620972,0.606651,0.592745,0.579238,0.566116,0.553366,0.540973,0.528923,0.517205,0.505804,0.49471,0.483909,0.473392,0.463147,0.453164,0.443434,0.433947,0.424696,0.41567,0.406863,0.398267,0.389875,0.381681,0.373677,0.365857,0.358217,0.350749,0.343449,0.336312,0.329333,0.322507,0.31583,0.309297,0.302904,0.296648,0.290525,0.284531,0.278662,0.272916,0.267288,0.261777,0.256378,0.251089,0.245907,0.24083,0.235855,0.230978,0.226199,0.221514,0.216921,0.212418,0.208003,0.203673,0.199427,0.195262,0.191177,0.18717,0.183238,0.179381,0.175596,0.171881,0.168236,0.164658,0.161145,0.157697,0.154312,0.150989,0.147725,0.144519,0.141371,0.138279,0.135241,0.132256,0.129323,0.126441,0.123609,0.120825,0.118088,0.115398,0.112753,0.110151,0.107593,0.105076,0.1026,0.100164,0.0977671,0.095408,0.0930859,0.0907999,0.088549,0.0863324,0.0841492,0.0819985,0.0798794,0.0777912,0.0757331,0.0737041,0.0717035,0.0697306,0.0677846,0.0658646,0.06397,0.0621,0.0602539,0.0584309,0.0566304,0.0548517,0.053094,0.0513567,0.0496392,0.0479407,0.0462606,0.0445982,0.042953,0.0413242,0.0397113,0.0381136,0.0365305,0.0349614,0.0334057,0.0318628,0.0303321,0.0288131,0.027305,0.0258075,0.0243198,0.0228414,0.0213718,0.0199103,0.0184565,0.0170097,0.0155694,0.0141352,0.0127063,0.0112822,0.00986254,0.00844661,0.00703391,0.0056239,0.00421604,0.0028098
1,0.978522,0.957103,0.935802,0.914675,0.893773,0.873144,0.85283,0.832868,0.813287,0.794113,0.775364,0.757054,0.739193,0.721785,0.704831,0.688329,0.672274,0.656659,0.641475,0.626713,0.612361,0.598408,0.584842,0.57165,0.558821,0.546341,0.534198,0.522382,0.510879,0.49968,0.488772,0.478147,0.467793,0.457701,0.447862,0.438267,0.428908,0.419777,0.410865,0.402167,0.393674,0.385381,0.37728,0.369366,0.361633,0.354076,0.346688,0.339466,0.332403,0.325496,0.31874,0.312131,0.305664,0.299335,0.293142,0.287079,0.281144,0.275333,0.269643,0.264071,0.258613,0.253267,0.24803,0.242899,0.237871,0.232943,0.228114,0.223381,0.218742,0.214193,0.209734,0.205361,0.201073,0.196868,0.192743,0.188697,0.184728,0.180835,0.177014,0.173265,0.169586,0.165975,0.162431,0.158952,0.155536,0.152183,0.14889,0.145657,0.142481,0.139362,0.136297,0.133287,0.130329,0.127423,0.124567,0.121759,0.119,0.116287,0.11362,0.110997,0.108417,0.10588,0.103384,0.100928,0.098512,0.096134,0.0937933,0.091489,0.0892202,0.086986,0.0847855,0.0826179,0.0804822,0.0783777,0.0763034,0.0742586,0.0722425,0.0702543,0.0682932,0.0663585,0.0644493,0.0625649,0.0607046,0.0588678,0.0570535,0.0552612,0.0534902,0.0517398,0.0500092,0.0482978,0.0466051,0.0449302,0.0432725,0.0416315,0.0400065,0.0383968,0.0368018,0.035221,0.0336536,0.0320992,0.0305571,0.0290267,0.0275074,0.0259987,0.0245,0.0230106,0.02153,0.0200577,0.0185931,0.0171356,0.0156847,0.0142397,0.0128003,0.0113657,0.00993549,0.00850908,0.00708593,0.00566549,0.00424722,0.00283058
1,0.979038,0.958128,0.937323,0.916673,0.896224,0.87602,0.856098,0.836494,0.817235,0.798345,0.779845,0.761748,0.744066,0.726803,0.709964,0.693549,0.677554,0.661976,0.646809,0.632044,0.617672,0.603685,0.590072,0.576823,0.563926,0.551371,0.539148,0.527245,0.515651,0.504358,0.493354,0.48263,0.472176,0.461984,0.452045,0.442351,0.432893,0.423663,0.414655,0.405861,0.397274,0.388888,0.380697,0.372695,0.364875,0.357233,0.349762,0.342459,0.335318,0.328335,0.321504,0.314822,0.308285,0.301888,0.295628,0.2895,0.283502,0.27763,0.271881,0.266251,0.260737,0.255337,0.250046,0.244864,0.239786,0.23481,0.229934,0.225156,0.220471,0.21588,0.211378,0.206965,0.202637,0.198393,0.194231,0.190148,0.186144,0.182215,0.178361,0.174579,0.170868,0.167226,0.163652,0.160143,0.156699,0.153317,0.149997,0.146736,0.143535,0.14039,0.137301,0.134266,0.131284,0.128355,0.125476,0.122646,0.119865,0.117131,0.114443,0.111799,0.1092,0.106643,0.104128,0.101654,0.0992189,0.0968228,0.0944644,0.0921428,0.089857,0.0876061,0.0853893,0.0832055,0.0810541,0.078934,0.0768445,0.0747847,0.0727539,0.0707512,0.0687758,0.0668269,0.0649039,0.0630059,0.0611323,0.0592821,0.0574549,0.0556497,0.053866,0.0521031,0.0503601,0.0486366,0.0469318,0.045245,0.0435756,0.0419229,0.0402864,0.0386653,0.0370591,0.0354671,0.0338888,0.0323234,0.0307705,0.0292293,0.0276994,0.0261801,0.0246708,0.023171,0.0216801,0.0201975,0.0187227,0.017255,0.0157939,0.0143389,0.0128894,0.0114449,0.0100047,0.00856833,0.00713527,0.00570493,0.00427679,0.00285028
1,0.9795,0.959048,0.93869,0.91847,0.898431,0.878613,0.859049,0.839774,0.820812,0.802189,0.783923,0.766029,0.748518,0.731398,0.714674,0.698347,0.682418,0.666884,0.65174,0.636981,0.622599,0.608588,0.594939,0.581643,0.56869,0.556071,0.543777,0.531798,0.520124,0.508746,0.497655,0.486842,0.476299,0.466015,0.455985,0.446198,0.436649,0.427328,0.41823,0.409348,0.400673,0.392201,0.383926,0.37584,0.367939,0.360218,0.35267,0.345291,0.338076,0.33102,0.32412,0.317369,0.310765,0.304304,0.297981,0.291792,0.285735,0.279805,0.274,0.268315,0.262748,0.257296,0.251956,0.246725,0.2416,0.236578,0.231657,0.226835,0.222109,0.217476,0.212935,0.208483,0.204117,0.199837,0.195639,0.191522,0.187484,0.183522,0.179636,0.175823,0.172082,0.16841,0.164807,0.16127,0.157799,0.15439,0.151044,0.147758,0.144531,0.141362,0.13825,0.135192,0.132188,0.129236,0.126336,0.123485,0.120683,0.117929,0.115221,0.112558,0.10994,0.107365,0.104832,0.102339,0.0998873,0.0974742,0.0950991,0.0927611,0.0904592,0.0881925,0.0859601,0.0837612,0.0815948,0.07946,0.077356,0.0752821,0.0732373,0.0712208,0.069232,0.0672698,0.0653337,0.0634229,0.0615365,0.0596739,0.0578343,0.056017,0.0542213,0.0524465,0.0506919,0.0489568,0.0472406,0.0455426,0.0438621,0.0421984,0.040551,0.0389192,0.0373023,0.0356998,0.034111,0.0325353,0.0309721,0.0294208,0.0278808,0.0263515,0.0248324,0.0233227,0.021822,0.0203297,0.0188452,0.0173679,0.0158972,0.0144327,0.0129737,0.0115197,0.0100701,0.00862433,0.00718189,0.00574221,0.00430473,0.00286891
1,0.979916,0.959875,0.939918,0.920086,0.900418,0.88095,0.861713,0.842739,0.824052,0.805676,0.787629,0.769926,0.752579,0.735597,0.718986,0.702749,0.686888,0.671401,0.656286,0.64154,0.627157,0.61313,0.599453,0.586119,0.57312,0.560446,0.548091,0.536045,0.524301,0.512848,0.501679,0.490786,0.480161,0.469794,0.45968,0.449809,0.440176,0.430772,0.421591,0.412626,0.40387,0.395319,0.386964,0.378801,0.370825,0.363029,0.355409,0.347959,0.340675,0.333552,0.326585,0.319771,0.313104,0.306582,0.300199,0.293953,0.28784,0.281856,0.275997,0.270261,0.264645,0.259144,0.253757,0.248479,0.24331,0.238245,0.233282,0.228419,0.223653,0.218982,0.214403,0.209914,0.205513,0.201198,0.196967,0.192817,0.188747,0.184755,0.180838,0.176996,0.173226,0.169526,0.165896,0.162333,0.158835,0.155402,0.152031,0.148721,0.145471,0.142279,0.139144,0.136064,0.133039,0.130067,0.127146,0.124275,0.121454,0.118681,0.115954,0.113274,0.110637,0.108045,0.105494,0.102986,0.100517,0.0980877,0.0956969,0.0933434,0.0910264,0.0887448,0.0864978,0.0842845,0.082104,0.0799554,0.0778379,0.0757505,0.0736926,0.0716632,0.0696616,0.067687,0.0657385,0.0638155,0.0619172,0.0600428,0.0581916,0.0563628,0.0545558,0.0527699,0.0510043,0.0492584,0.0475314,0.0458228,0.0441318,0.0424578,0.0408002,0.0391582,0.0375314,0.0359189,0.0343203,0.0327349,0.031162,0.0296012,0.0280517,0.026513,0.0249844,0.0234655,0.0219556,0.0204541,0.0189605,0.0174741,0.0159945,0.014521,0.013053,0.0115901,0.0101316,0.00867705,0.0072258,0.00577731,0.00433105,0.00288644
1,0.980289,0.960616,0.941021,0.921539,0.902206,0.883054,0.864115,0.845416,0.826982,0.808834,0.79099,0.773467,0.756275,0.739425,0.722923,0.706775,0.690983,0.675546,0.660465,0.645736,0.631357,0.617322,0.603625,0.590261,0.577223,0.564504,0.552096,0.539992,0.528185,0.516666,0.505428,0.494463,0.483763,0.473322,0.463131,0.453184,0.443473,0.433993,0.424735,0.415695,0.406864,0.398238,0.389811,0.381577,0.37353,0.365665,0.357977,0.350461,0.343112,0.335926,0.328898,0.322024,0.315299,0.30872,0.302282,0.295982,0.289816,0.283781,0.277873,0.272089,0.266425,0.260879,0.255447,0.250127,0.244916,0.23981,0.234808,0.229906,0.225103,0.220395,0.215781,0.211258,0.206824,0.202476,0.198213,0.194033,0.189933,0.185911,0.181966,0.178096,0.1743,0.170574,0.166918,0.16333,0.159808,0.156351,0.152957,0.149625,0.146352,0.143139,0.139983,0.136883,0.133838,0.130846,0.127906,0.125017,0.122177,0.119386,0.116642,0.113944,0.111291,0.108682,0.106116,0.103591,0.101108,0.0986632,0.0962576,0.0938896,0.0915583,0.0892628,0.0870021,0.0847753,0.0825816,0.08042,0.0782897,0.0761898,0.0741195,0.072078,0.0700645,0.0680781,0.0661181,0.0641837,0.0622741,0.0603887,0.0585265,0.0566871,0.0548695,0.0530731,0.0512972,0.0495411,0.0478041,0.0460855,0.0443847,0.042701,0.0410338,0.0393823,0.0377461,0.0361243,0.0345165,0.0329219,0.0313401,0.0297702,0.0282118,0.0266643,0.025127,0.0235994,0.0220808,0.0205707,0.0190686,0.0175737,0.0160856,0.0146037,0.0131274,0.0116561,0.0101894,0.00872648,0.00726696,0.00581022,0.00435571,0.00290288
1,0.980623,0.961282,0.94201,0.922842,0.903811,0.884947,0.866277,0.847829,0.829626,0.811688,0.794032,0.776675,0.75963,0.742905,0.726508,0.710446,0.694721,0.679336,0.664291,0.649584,0.635213,0.621174,0.607464,0.594077,0.581008,0.56825,0.555797,0.543643,0.531781,0.520203,0.508903,0.497874,0.487108,0.476598,0.466339,0.456322,0.446541,0.436991,0.427663,0.418553,0.409654,0.40096,0.392466,0.384165,0.376053,0.368124,0.360374,0.352797,0.345388,0.338143,0.331058,0.324128,0.317349,0.310717,0.304227,0.297877,0.291662,0.285579,0.279625,0.273796,0.268088,0.2625,0.257027,0.251666,0.246416,0.241272,0.236233,0.231296,0.226457,0.221716,0.217069,0.212513,0.208048,0.20367,0.199377,0.195168,0.19104,0.186991,0.18302,0.179124,0.175302,0.171552,0.167872,0.164261,0.160716,0.157237,0.153821,0.150468,0.147175,0.143942,0.140767,0.137647,0.134583,0.131573,0.128615,0.125709,0.122852,0.120045,0.117284,0.114571,0.111902,0.109278,0.106696,0.104157,0.101659,0.0992003,0.0967809,0.0943993,0.0920547,0.0897462,0.0874727,0.0852333,0.0830272,0.0808535,0.0787113,0.0765997,0.0745179,0.0724651,0.0704404,0.068443,0.0664722,0.0645272,0.0626072,0.0607114,0.0588391,0.0569896,0.0551621,0.053356,0.0515705,0.0498048,0.0480585,0.0463306,0.0446207,0.0429279,0.0412517,0.0395914,0.0379464,0.036316,0.0346995,0.0330965,0.0315061,0.0299279,0.0283613,0.0268055,0.02526,0.0237243,0.0221977,0.0206796,0.0191694,0.0176667,0.0161707,0.0146809,0.0131968,0.0117178,0.0102432,0.00877259,0.00730535,0.00584092,0.00437873,0.00291822
1,0.980922,0.961877,0.942895,0.92401,0.90525,0.886644,0.868218,0.849998,0.832004,0.814258,0.796776,0.779574,0.762663,0.746056,0.729759,0.713779,0.698121,0.682787,0.667779,0.653096,0.638737,0.624699,0.61098,0.597576,0.584481,0.571691,0.5592,0.547003,0.535093,0.523463,0.512108,0.501021,0.490196,0.479626,0.469304,0.459224,0.44938,0.439765,0.430374,0.421201,0.412239,0.403482,0.394926,0.386565,0.378393,0.370406,0.362597,0.354964,0.3475,0.340201,0.333063,0.326081,0.319252,0.312571,0.306033,0.299637,0.293377,0.28725,0.281252,0.275381,0.269633,0.264005,0.258493,0.253096,0.247809,0.24263,0.237557,0.232586,0.227715,0.222942,0.218264,0.213679,0.209185,0.204778,0.200458,0.196222,0.192068,0.187994,0.183998,0.180079,0.176233,0.17246,0.168758,0.165125,0.16156,0.15806,0.154624,0.151251,0.14794,0.144688,0.141494,0.138357,0.135276,0.132248,0.129274,0.126351,0.123479,0.120656,0.11788,0.115152,0.112469,0.10983,0.107235,0.104682,0.10217,0.0996988,0.0972664,0.0948723,0.0925154,0.0901947,0.0879093,0.0856583,0.0834408,0.0812558,0.0791025,0.07698,0.0748875,0.0728242,0.0707891,0.0687816,0.0668008,0.0648459,0.0629162,0.0610108,0.0591291,0.0572703,0.0554336,0.0536184,0.051824,0.0500496,0.0482945,0.046558,0.0448396,0.0431384,0.0414539,0.0397854,0.0381322,0.0364938,0.0348693,0.0332584,0.0316602,0.0300743,0.0284999,0.0269365,0.0253834,0.0238401,0.022306,0.0207805,0.019263,0.0177529,0.0162496,0.0147525,0.0132612,0.0117749,0.0102932,0.00881537,0.00734097,0.00586939,0.00440007,0.00293244
1,0.981189,0.962407,0.943685,0.925052,0.906535,0.888161,0.869955,0.851939,0.834136,0.816564,0.79924,0.782179,0.765394,0.748896,0.732692,0.716791,0.701196,0.685912,0.670941,0.656283,0.641939,0.627906,0.614182,0.600765,0.58765,0.574833,0.56231,0.550075,0.538123,0.526449,0.515046,0.503908,0.49303,0.482405,0.472027,0.46189,0.451989,0.442317,0.432868,0.423637,0.414618,0.405804,0.397192,0.388775,0.380549,0.372508,0.364647,0.356961,0.349447,0.342098,0.334912,0.327883,0.321007,0.314281,0.307699,0.30126,0.294958,0.28879,0.282754,0.276844,0.271059,0.265394,0.259847,0.254415,0.249094,0.243883,0.238778,0.233776,0.228876,0.224074,0.219367,0.214755,0.210233,0.205801,0.201456,0.197195,0.193017,0.18892,0.184901,0.180959,0.177092,0.173298,0.169576,0.165923,0.162337,0.158819,0.155365,0.151974,0.148644,0.145375,0.142164,0.139011,0.135914,0.132871,0.129881,0.126944,0.124057,0.121219,0.11843,0.115687,0.112991,0.110339,0.107731,0.105166,0.102642,0.100158,0.0977141,0.0953084,0.0929401,0.0906082,0.0883119,0.0860501,0.083822,0.0816266,0.0794631,0.0773306,0.0752283,0.0731552,0.0711106,0.0690937,0.0671037,0.0651397,0.063201,0.0612868,0.0593964,0.057529,0.0556839,0.0538604,0.0520577,0.0502751,0.048512,0.0467676,0.0450413,0.0433324,0.0416403,0.0399642,0.0383035,0.0366576,0.0350258,0.0334076,0.0318022,0.0302091,0.0286276,0.0270572,0.0254971,0.0239469,0.0224059,0.0208735,0.0193492,0.0178323,0.0163223,0.0148185,0.0133205,0.0118276,0.0103392,0.00885479,0.00737379,0.00589563,0.00441974,0.00294555
1,0.981425,0.962878,0.944386,0.925977,0.907677,0.88951,0.8715,0.853668,0.836036,0.818622,0.801441,0.78451,0.767839,0.751441,0.735324,0.719495,0.703961,0.688725,0.67379,0.659158,0.644829,0.630803,0.617078,0.603651,0.59052,0.577682,0.565131,0.552865,0.540877,0.529163,0.517717,0.506535,0.49561,0.484936,0.474509,0.464322,0.454369,0.444645,0.435145,0.425862,0.41679,0.407926,0.399263,0.390796,0.38252,0.37443,0.366521,0.358789,0.351228,0.343834,0.336603,0.329531,0.322613,0.315846,0.309224,0.302745,0.296406,0.290201,0.284128,0.278183,0.272363,0.266665,0.261086,0.255622,0.250271,0.24503,0.239896,0.234866,0.229938,0.225109,0.220377,0.215739,0.211193,0.206737,0.202369,0.198085,0.193885,0.189767,0.185727,0.181765,0.177878,0.174065,0.170323,0.166652,0.163049,0.159513,0.156042,0.152635,0.149289,0.146004,0.142778,0.13961,0.136498,0.133441,0.130437,0.127486,0.124585,0.121735,0.118932,0.116178,0.113469,0.110805,0.108185,0.105609,0.103073,0.100579,0.0981236,0.0957073,0.0933285,0.0909865,0.0886801,0.0864084,0.0841707,0.0819658,0.079793,0.0776513,0.0755399,0.073458,0.0714047,0.0693792,0.0673807,0.0654084,0.0634615,0.0615392,0.0596408,0.0577656,0.0559128,0.0540816,0.0522714,0.0504814,0.0487109,0.0469593,0.0452258,0.0435098,0.0418107,0.0401276,0.0384601,0.0368074,0.035169,0.033544,0.0319321,0.0303324,0.0287444,0.0271675,0.0256011,0.0240446,0.0224973,0.0209586,0.019428,0.017905,0.0163888,0.0148789,0.0133747,0.0118757,0.0103813,0.00889083,0.00740381,0.00591963,0.00443773,0.00295754
1,0.981634,0.963293,0.945005,0.926794,0.908685,0.890702,0.872866,0.855199,0.837719,0.820446,0.803394,0.786579,0.770012,0.753705,0.737667,0.721906,0.706428,0.691237,0.676337,0.66173,0.647418,0.633399,0.619675,0.606242,0.593099,0.580243,0.567669,0.555376,0.543357,0.531609,0.520127,0.508905,0.497939,0.487222,0.476751,0.466519,0.456521,0.446751,0.437204,0.427874,0.418757,0.409847,0.401138,0.392626,0.384305,0.376171,0.368219,0.360444,0.352842,0.345407,0.338137,0.331025,0.324069,0.317264,0.310607,0.304093,0.297718,0.29148,0.285374,0.279397,0.273547,0.267818,0.26221,0.256717,0.251338,0.24607,0.24091,0.235854,0.230902,0.226049,0.221293,0.216632,0.212064,0.207586,0.203197,0.198893,0.194673,0.190535,0.186476,0.182496,0.178591,0.17476,0.171002,0.167314,0.163695,0.160143,0.156656,0.153234,0.149874,0.146574,0.143334,0.140153,0.137027,0.133957,0.130941,0.127977,0.125064,0.122202,0.119388,0.116622,0.113902,0.111228,0.108597,0.10601,0.103464,0.10096,0.0984948,0.0960688,0.0936806,0.0913293,0.0890138,0.0867332,0.0844866,0.0822732,0.0800919,0.0779419,0.0758223,0.0737324,0.0716712,0.0696379,0.0676317,0.0656518,0.0636975,0.0617679,0.0598624,0.05798,0.0561202,0.0542821,0.052465,0.0506683,0.0488912,0.047133,0.045393,0.0436706,0.0419651,0.0402758,0.038602,0.0369432,0.0352986,0.0336677,0.0320497,0.0304441,0.0288503,0.0272675,0.0256953,0.024133,0.02258,0.0210357,0.0194995,0.0179708,0.016449,0.0149336,0.0134239,0.0119194,0.0104194,0.00892349,0.007431,0.00594137,0.00445403,0.0029684
1,0.981816,0.963657,0.945547,0.92751,0.909569,0.891746,0.874064,0.856541,0.839197,0.822048,0.805111,0.788399,0.771925,0.7557,0.739734,0.724034,0.708607,0.693457,0.67859,0.664008,0.649712,0.635702,0.62198,0.608543,0.595391,0.58252,0.569928,0.557612,0.545567,0.533789,0.522275,0.511019,0.500017,0.489264,0.478754,0.468482,0.458444,0.448633,0.439045,0.429675,0.420517,0.411566,0.402816,0.394264,0.385904,0.377731,0.36974,0.361928,0.354288,0.346817,0.339511,0.332365,0.325374,0.318536,0.311846,0.3053,0.298895,0.292626,0.286491,0.280486,0.274607,0.268852,0.263217,0.257699,0.252295,0.247003,0.241819,0.236741,0.231765,0.226891,0.222114,0.217433,0.212845,0.208347,0.203939,0.199617,0.195379,0.191223,0.187148,0.183151,0.17923,0.175383,0.17161,0.167907,0.164273,0.160707,0.157207,0.153771,0.150398,0.147086,0.143833,0.140639,0.137502,0.13442,0.131392,0.128417,0.125494,0.122621,0.119797,0.11702,0.11429,0.111606,0.108966,0.106369,0.103815,0.101301,0.0988274,0.0963927,0.0939961,0.0916364,0.0893128,0.0870242,0.0847698,0.0825486,0.0803597,0.0782023,0.0760754,0.0739782,0.0719099,0.0698696,0.0678566,0.06587,0.063909,0.0619729,0.0600608,0.0581721,0.056306,0.0544617,0.0526385,0.0508357,0.0490527,0.0472886,0.0455428,0.0438146,0.0421034,0.0404085,0.0387292,0.0370648,0.0354148,0.0337784,0.0321551,0.0305442,0.0289451,0.0273571,0.0257797,0.0242123,0.0226542,0.0211048,0.0195635,0.0180298,0.016503,0.0149826,0.0134679,0.0119584,0.0104536,0.00895275,0.00745537,0.00596085,0.00446863,0.00297813
1,0.981974,0.963971,0.946015,0.928129,0.910333,0.892651,0.875102,0.857705,0.840478,0.823439,0.806602,0.789981,0.773589,0.757437,0.741534,0.725889,0.710508,0.695396,0.680559,0.665999,0.651719,0.637719,0.624,0.610561,0.597401,0.584519,0.571912,0.559576,0.547509,0.535707,0.524166,0.512881,0.501848,0.491062,0.480519,0.470213,0.46014,0.450294,0.44067,0.431264,0.42207,0.413083,0.404298,0.395711,0.387316,0.379108,0.371084,0.363238,0.355566,0.348063,0.340725,0.333548,0.326528,0.31966,0.312941,0.306368,0.299935,0.29364,0.287479,0.281448,0.275545,0.269766,0.264108,0.258567,0.253141,0.247827,0.242623,0.237524,0.232529,0.227635,0.22284,0.21814,0.213535,0.20902,0.204595,0.200257,0.196003,0.191832,0.187741,0.18373,0.179794,0.175934,0.172147,0.168431,0.164785,0.161206,0.157693,0.154246,0.150861,0.147537,0.144274,0.141069,0.137921,0.134829,0.131791,0.128806,0.125873,0.122991,0.120157,0.117372,0.114633,0.111941,0.109292,0.106687,0.104124,0.101603,0.0991212,0.096679,0.0942748,0.0919078,0.089577,0.0872813,0.08502,0.0827919,0.0805963,0.0784323,0.076299,0.0741954,0.0721208,0.0700744,0.0680553,0.0660627,0.0640959,0.0621539,0.0602362,0.0583418,0.0564701,0.0546203,0.0527918,0.0509837,0.0491953,0.047426,0.0456751,0.0439419,0.0422256,0.0405257,0.0388415,0.0371723,0.0355174,0.0338763,0.0322483,0.0306327,0.0290289,0.0274363,0.0258543,0.0242823,0.0227196,0.0211658,0.01962,0.0180819,0.0165507,0.0150258,0.0135068,0.011993,0.0104838,0.0089786,0.00747689,0.00597806,0.00448153,0.00298673
1,0.982108,0.964239,0.946415,0.928656,0.910985,0.893422,0.875987,0.858698,0.841573,0.824627,0.807877,0.791335,0.775014,0.758925,0.743077,0.72748,0.712139,0.697061,0.682251,0.667711,0.653445,0.639454,0.625739,0.612299,0.599134,0.586243,0.573623,0.561272,0.549187,0.537364,0.5258,0.51449,0.503431,0.492618,0.482046,0.471711,0.461608,0.451732,0.442078,0.432641,0.423416,0.414398,0.405583,0.396965,0.38854,0.380303,0.372249,0.364375,0.356674,0.349144,0.341779,0.334575,0.327529,0.320636,0.313892,0.307294,0.300838,0.29452,0.288336,0.282284,0.276359,0.270559,0.264881,0.259321,0.253876,0.248543,0.24332,0.238204,0.233192,0.228282,0.22347,0.218755,0.214134,0.209604,0.205165,0.200812,0.196545,0.19236,0.188257,0.184232,0.180285,0.176412,0.172613,0.168886,0.165228,0.161639,0.158116,0.154658,0.151263,0.147929,0.144656,0.141442,0.138285,0.135184,0.132137,0.129144,0.126203,0.123312,0.120471,0.117677,0.114931,0.112231,0.109575,0.106963,0.104393,0.101864,0.0993762,0.0969273,0.0945167,0.0921433,0.0898062,0.0875044,0.085237,0.0830031,0.0808017,0.0786319,0.0764929,0.0743839,0.0723039,0.0702521,0.0682277,0.0662299,0.064258,0.062311,0.0603883,0.058489,0.0566125,0.054758,0.0529247,0.051112,0.0493191,0.0475453,0.0457899,0.0440523,0.0423317,0.0406275,0.038939,0.0372655,0.0356065,0.0339612,0.032329,0.0307094,0.0291015,0.027505,0.025919,0.024343,0.0227765,0.0212187,0.0196691,0.018127,0.016592,0.0150634,0.0135405,0.0120229,0.01051,0.00900102,0.00749556,0.00599299,0.00449272,0.00299419
1,0.982221,0.964463,0.946748,0.929096,0.911529,0.894066,0.876727,0.859528,0.842487,0.825621,0.808943,0.792467,0.776206,0.760171,0.744371,0.728814,0.713508,0.698459,0.683672,0.66915,0.654897,0.640914,0.627203,0.613763,0.600594,0.587696,0.575066,0.562702,0.550602,0.538762,0.527179,0.515849,0.504768,0.493932,0.483337,0.472978,0.46285,0.452948,0.443268,0.433805,0.424555,0.415511,0.40667,0.398027,0.389577,0.381315,0.373236,0.365337,0.357613,0.350059,0.342671,0.335445,0.328377,0.321462,0.314698,0.308079,0.301603,0.295265,0.289062,0.282992,0.277049,0.271232,0.265536,0.259959,0.254498,0.24915,0.243911,0.23878,0.233754,0.228829,0.224004,0.219275,0.214641,0.210099,0.205647,0.201283,0.197003,0.192808,0.188693,0.184658,0.1807,0.176817,0.173009,0.169271,0.165604,0.162006,0.158474,0.155007,0.151603,0.148261,0.14498,0.141758,0.138593,0.135485,0.132431,0.12943,0.126482,0.123584,0.120736,0.117936,0.115183,0.112477,0.109815,0.107196,0.10462,0.102086,0.0995922,0.0971377,0.0947216,0.0923428,0.0900004,0.0876934,0.0854209,0.0831819,0.0809756,0.078801,0.0766572,0.0745435,0.0724589,0.0704026,0.0683737,0.0663716,0.0643953,0.062444,0.0605171,0.0586137,0.0567332,0.0548746,0.0530374,0.0512207,0.0494239,0.0476463,0.0458871,0.0441457,0.0424215,0.0407136,0.0390215,0.0373445,0.0356819,0.0340331,0.0323974,0.0307743,0.0291631,0.0275631,0.0259738,0.0243945,0.0228246,0.0212635,0.0197106,0.0181653,0.016627,0.0150952,0.0135691,0.0120483,0.0105321,0.00902001,0.00751137,0.00600563,0.0045022,0.0030005
1,0.982311,0.964643,0.947017,0.929452,0.911969,0.894587,0.877325,0.860199,0.843228,0.826425,0.809807,0.793386,0.777174,0.761182,0.74542,0.729897,0.71462,0.699595,0.684827,0.67032,0.656078,0.642103,0.628395,0.614955,0.601784,0.588881,0.576243,0.563869,0.551757,0.539904,0.528306,0.516959,0.505861,0.495007,0.484392,0.474013,0.463865,0.453943,0.444242,0.434758,0.425486,0.416422,0.40756,0.398896,0.390425,0.382143,0.374044,0.366125,0.358382,0.350808,0.343402,0.336157,0.329071,0.322139,0.315357,0.308722,0.302229,0.295876,0.289657,0.283571,0.277614,0.271782,0.266073,0.260482,0.255008,0.249647,0.244396,0.239252,0.234214,0.229278,0.224441,0.219702,0.215057,0.210505,0.206042,0.201668,0.197379,0.193174,0.189051,0.185007,0.18104,0.177149,0.173332,0.169587,0.165912,0.162306,0.158767,0.155292,0.151882,0.148534,0.145246,0.142017,0.138846,0.135731,0.132671,0.129664,0.12671,0.123807,0.120953,0.118148,0.11539,0.112678,0.110011,0.107387,0.104807,0.102268,0.0997691,0.09731,0.0948893,0.0925061,0.0901594,0.0878481,0.0855714,0.0833283,0.081118,0.0789394,0.0767918,0.0746742,0.0725858,0.0705258,0.0684933,0.0664875,0.0645077,0.062553,0.0606226,0.0587158,0.0568319,0.0549701,0.0531296,0.0513097,0.0495097,0.047729,0.0459667,0.0442223,0.042495,0.0407841,0.039089,0.0374091,0.0357436,0.034092,0.0324535,0.0308275,0.0292135,0.0276107,0.0260186,0.0244366,0.022864,0.0213002,0.0197446,0.0181967,0.0166557,0.0151212,0.0135925,0.0120691,0.0105503,0.00903556,0.00752432,0.00601598,0.00450996,0.00300567
1,0.982381,0.964782,0.947224,0.929727,0.912308,0.894989,0.877786,0.860717,0.843799,0.827046,0.810474,0.794094,0.777921,0.761963,0.746232,0.730735,0.71548,0.700474,0.685721,0.671227,0.656993,0.643023,0.629319,0.61588,0.602707,0.5898,0.577156,0.564775,0.552654,0.54079,0.52918,0.517822,0.50671,0.495842,0.485212,0.474818,0.464654,0.454716,0.444999,0.435499,0.426211,0.41713,0.408252,0.399572,0.391085,0.382787,0.374673,0.366739,0.35898,0.351392,0.343971,0.336712,0.329612,0.322666,0.315871,0.309222,0.302717,0.296351,0.290121,0.284023,0.278054,0.272211,0.26649,0.260889,0.255405,0.250033,0.244773,0.23962,0.234572,0.229627,0.224782,0.220034,0.215381,0.21082,0.20635,0.201968,0.197672,0.19346,0.189329,0.185278,0.181305,0.177408,0.173584,0.169833,0.166152,0.16254,0.158995,0.155515,0.152099,0.148745,0.145452,0.142218,0.139042,0.135923,0.132858,0.129847,0.126888,0.12398,0.121122,0.118313,0.115551,0.112835,0.110163,0.107536,0.104952,0.102409,0.0999068,0.0974441,0.0950199,0.0926332,0.0902831,0.0879685,0.0856886,0.0834423,0.0812288,0.0790471,0.0768965,0.0747759,0.0726846,0.0706217,0.0685863,0.0665778,0.0645952,0.0626377,0.0607047,0.0587953,0.0569088,0.0550444,0.0532013,0.051379,0.0495765,0.0477934,0.0460287,0.0442819,0.0425522,0.040839,0.0391416,0.0374594,0.0357917,0.0341378,0.0324971,0.0308689,0.0292527,0.0276478,0.0260536,0.0244694,0.0228946,0.0213287,0.0197711,0.018221,0.016678,0.0151415,0.0136107,0.0120852,0.0105644,0.00904766,0.0075344,0.00602404,0.004516,0.0030097
1,0.982431,0.964881,0.947371,0.929921,0.912549,0.895274,0.878113,0.861085,0.844204,0.827487,0.810947,0.794598,0.778451,0.762518,0.746808,0.73133,0.716092,0.701099,0.686357,0.671871,0.657645,0.643679,0.629977,0.616539,0.603365,0.590455,0.577807,0.565421,0.553293,0.541422,0.529804,0.518437,0.507316,0.496437,0.485798,0.475393,0.465218,0.455268,0.44554,0.436029,0.426729,0.417637,0.408747,0.400055,0.391557,0.383247,0.375122,0.367177,0.359407,0.351809,0.344377,0.337108,0.329998,0.323042,0.316238,0.30958,0.303065,0.29669,0.290452,0.284345,0.278368,0.272517,0.266789,0.26118,0.255688,0.25031,0.245042,0.239883,0.234828,0.229877,0.225025,0.220271,0.215612,0.211046,0.20657,0.202183,0.197881,0.193664,0.189528,0.185472,0.181494,0.177592,0.173764,0.170009,0.166323,0.162707,0.159158,0.155674,0.152254,0.148897,0.1456,0.142362,0.139183,0.13606,0.132992,0.129977,0.127015,0.124104,0.121243,0.118431,0.115665,0.112946,0.110273,0.107643,0.105055,0.10251,0.100005,0.0975399,0.0951132,0.0927241,0.0903716,0.0880546,0.0857723,0.0835238,0.081308,0.0791241,0.0769713,0.0748486,0.0727552,0.0706902,0.0686528,0.0666423,0.0646577,0.0626983,0.0607634,0.0588521,0.0569637,0.0550975,0.0532526,0.0514285,0.0496243,0.0478393,0.046073,0.0443244,0.0425931,0.0408782,0.0391792,0.0374953,0.035826,0.0341705,0.0325282,0.0308985,0.0292807,0.0276743,0.0260785,0.0244928,0.0229166,0.0213492,0.01979,0.0182385,0.016694,0.0151559,0.0136237,0.0120968,0.0105745,0.00905631,0.0075416,0.00602979,0.00452031,0.00301257
1,0.98246,0.96494,0.947459,0.930037,0.912693,0.895444,0.878309,0.861305,0.844447,0.827751,0.81123,0.794899,0.778769,0.76285,0.747153,0.731687,0.716458,0.701473,0.686738,0.672258,0.658035,0.644072,0.630371,0.616933,0.603759,0.590847,0.578197,0.565808,0.553677,0.541801,0.530179,0.518806,0.507679,0.496795,0.486149,0.475737,0.465556,0.4556,0.445865,0.436346,0.42704,0.41794,0.409044,0.400345,0.39184,0.383524,0.375392,0.36744,0.359664,0.352059,0.344621,0.337346,0.33023,0.323268,0.316458,0.309795,0.303275,0.296894,0.29065,0.284539,0.278557,0.272701,0.266968,0.261355,0.255858,0.250476,0.245204,0.24004,0.234982,0.230026,0.225171,0.220413,0.215751,0.211181,0.206702,0.202311,0.198007,0.193786,0.189647,0.185589,0.181608,0.177703,0.173872,0.170114,0.166426,0.162807,0.159256,0.15577,0.152347,0.148987,0.145688,0.142449,0.139267,0.136142,0.133072,0.130055,0.127091,0.124179,0.121316,0.118501,0.115734,0.113014,0.110338,0.107706,0.105118,0.102571,0.100064,0.0975974,0.0951692,0.0927786,0.0904246,0.0881063,0.0858226,0.0835726,0.0813555,0.0791703,0.0770162,0.0748922,0.0727975,0.0707313,0.0686927,0.066681,0.0646952,0.0627347,0.0607986,0.0588862,0.0569967,0.0551293,0.0532834,0.0514582,0.0496529,0.0478669,0.0460995,0.04435,0.0426176,0.0409018,0.0392018,0.0375169,0.0358466,0.0341901,0.0325469,0.0309163,0.0292975,0.0276902,0.0260935,0.0245069,0.0229297,0.0213614,0.0198013,0.0182489,0.0167036,0.0151646,0.0136316,0.0121037,0.0105806,0.0090615,0.00754592,0.00603325,0.0045229,0.0030143
1,0.98247,0.96496,0.947489,0.930076,0.91274,0.895501,0.878374,0.861378,0.844527,0.827838,0.811325,0.794999,0.778874,0.762961,0.747268,0.731805,0.71658,0.701598,0.686865,0.672386,0.658164,0.644202,0.630502,0.617065,0.60389,0.590978,0.578327,0.565937,0.553804,0.541927,0.530303,0.518929,0.5078,0.496914,0.486266,0.475852,0.465668,0.45571,0.445973,0.436452,0.427143,0.418041,0.409143,0.400442,0.391934,0.383616,0.375482,0.367528,0.359749,0.352142,0.344702,0.337425,0.330307,0.323344,0.316531,0.309866,0.303344,0.296962,0.290717,0.284604,0.27862,0.272763,0.267028,0.261413,0.255915,0.250531,0.245258,0.240093,0.235033,0.230076,0.22522,0.220461,0.215797,0.211226,0.206746,0.202354,0.198049,0.193827,0.189687,0.185627,0.181646,0.17774,0.173908,0.170149,0.166461,0.162841,0.159288,0.155801,0.152378,0.149018,0.145718,0.142478,0.139295,0.136169,0.133098,0.130081,0.127117,0.124203,0.12134,0.118525,0.115757,0.113036,0.11036,0.107728,0.105138,0.102591,0.100084,0.0976166,0.0951879,0.0927968,0.0904423,0.0881235,0.0858393,0.0835889,0.0813714,0.0791857,0.0770312,0.0749067,0.0728116,0.070745,0.068706,0.0666939,0.0647077,0.0627468,0.0608103,0.0588975,0.0570077,0.0551399,0.0532937,0.0514681,0.0496625,0.0478762,0.0461084,0.0443585,0.0426258,0.0409096,0.0392093,0.0375241,0.0358535,0.0341967,0.0325531,0.0309222,0.0293032,0.0276955,0.0260985,0.0245115,0.0229341,0.0213655,0.0198051,0.0182524,0.0167068,0.0151675,0.0136342,0.012106,0.0105826,0.00906323,0.00754736,0.0060344,0.00452376,0.00301487
1,0.98246,0.96494,0.947459,0.930037,0.912693,0.895444,0.878309,0.861305,0.844447,0.827751,0.81123,0.794899,0.778769,0.76285,0.747153,0.731687,0.716458,0.701473,0.686738,0.672258,0.658035,0.644072,0.630371,0.616933,0.603759,0.590847,0.578197,0.565808,0.553677,0.541801,0.530179,0.518806,0.507679,0.496795,0.486149,0.475737,0.465556,0.4556,0.445865,0.436346,0.42704,0.41794,0.409044,0.400345,0.39184,0.383524,0.375392,0.36744,0.359664,0.352059,0.344621,0.337346,0.33023,0.323268,0.316458,0.309795,0.303275,0.296894,0.29065,0.284539,0.278557,0.272701,0.266968,0.261355,0.255858,0.250476,0.245204,0.24004,0.234982,0.230026,0.225171,0.220413,0.215751,0.211181,0.206702,0.202311,0.198007,0.193786,0.189647,0.185589,0.181608,0.177703,0.173872,0.170114,0.166426,0.162807,0.159256,0.15577,0.152347,0.148987,0.145688,0.142449,0.139267,0.136142,0.133072,0.130055,0.127091,0.124179,0.121316,0.118501,0.115734,0.113014,0.110338,0.107706,0.105118,0.102571,0.100064,0.0975974,0.0951692,0.0927786,0.0904246,0.0881063,0.0858226,0.0835726,0.0813555,0.0791703,0.0770162,0.0748922,0.0727975,0.0707313,0.0686927,0.066681,0.0646952,0.0627347,0.0607986,0.0588862,0.0569967,0.0551293,0.0532834,0.0514582,0.0496529,0.0478669,0.0460995,0.04435,0.0426176,0.0409018,0.0392018,0.0375169,0.0358466,0.0341901,0.0325469,0.0309163,0.0292975,0.0276902,0.0260935,0.0245069,0.0229297,0.0213614,0.0198013,0.0182489,0.0167036,0.0151646,0.0136316,0.0121037,0.0105806,0.0090615,0.00754592,0.00603325,0.0045229,0.0030143
1,0.982431,0.964881,0.947371,0.929921,0.912549,0.895274,0.878113,0.861085,0.844204,0.827487,0.810947,0.794598,0.778451,0.762518,0.746808,0.73133,0.716092,0.701099,0.686357,0.671871,0.657645,0.643679,0.629977,0.616539,0.603365,0.590455,0.577807,0.565421,0.553293,0.541422,0.529804,0.518437,0.507316,0.496437,0.485798,0.475393,0.465218,0.455268,0.44554,0.436029,0.426729,0.417637,0.408747,0.400055,0.391557,0.383247,0.375122,0.367177,0.359407,0.351809,0.344377,0.337108,0.329998,0.323042,0.316238,0.30958,0.303065,0.29669,0.290452,0.284345,0.278368,0.272517,0.266789,0.26118,0.255688,0.25031,0.245042,0.239883,0.234828,0.229877,0.225025,0.220271,0.215612,0.211046,0.20657,0.202183,0.197881,0.193664,0.189528,0.185472,0.181494,0.177592,0.173764,0.170009,0.166323,0.162707,0.159158,0.155674,0.152254,0.148897,0.1456,0.142362,0.139183,0.13606,0.132992,0.129977,0.127015,0.124104,0.121243,0.118431,0.115665,0.112946,0.110273,0.107643,0.105055,0.10251,0.100005,0.0975399,0.0951132,0.0927241,0.0903716,0.0880546,0.0857723,0.0835238,0.081308,0.0791241,0.0769713,0.0748486,0.0727552,0.0706902,0.0686528,0.0666423,0.0646577,0.0626983,0.0607634,0.0588521,0.0569637,0.0550975,0.0532526,0.0514285,0.0496243,0.0478393,0.046073,0.0443244,0.0425931,0.0408782,0.0391792,0.0374953,0.035826,0.0341705,0.0325282,0.0308985,0.0292807,0.0276743,0.0260785,0.0244928,0.0229166,0.0213492,0.01979,0.0182385,0.016694,0.0151559,0.0136237,0.0120968,0.0105745,0.00905631,0.0075416,0.00602979,0.00452031,0.00301257
1,0.982381,0.964782,0.947224,0.929727,0.912308,0.894989,0.877786,0.860717,0.843799,0.827046,0.810474,0.794094,0.777921,0.761963,0.746232,0.730735,0.71548,0.700474,0.685721,0.671227,0.656993,0.643023,0.629319,0.61588,0.602707,0.5898,0.577156,0.564775,0.552654,0.54079,0.52918,0.517822,0.50671,0.495842,0.485212,0.474818,0.464654,0.454716,0.444999,0.435499,0.426211,0.41713,0.408252,0.399572,0.391085,0.382787,0.374673,0.366739,0.35898,0.351392,0.343971,0.336712,0.329612,0.322666,0.315871,0.309222,0.302717,0.296351,0.290121,0.284023,0.278054,0.272211,0.26649,0.260889,0.255405,0.250033,0.244773,0.23962,0.234572,0.229627,0.224782,0.220034,0.215381,0.21082,0.20635,0.201968,0.197672,0.19346,0.189329,0.185278,0.181305,0.177408,0.173584,0.169833,0.166152,0.16254,0.158995,0.155515,0.152099,0.148745,0.145452,0.142218,0.139042,0.135923,0.132858,0.129847,0.126888,0.12398,0.121122,0.118313,0.115551,0.112835,0.110163,0.107536,0.104952,0.102409,0.0999068,0.0974441,0.0950199,0.0926332,0.0902831,0.0879685,0.0856886,0.0834423,0.0812288,0.0790471,0.0768965,0.0747759,0.0726846,0.0706217,0.0685863,0.0665778,0.0645952,0.0626377,0.0607047,0.0587953,0.0569088,0.0550444,0.0532013,0.051379,0.0495765,0.0477934,0.0460287,0.0442819,0.0425522,0.040839,0.0391416,0.0374594,0.0357917,0.0341378,0.0324971,0.0308689,0.0292527,0.0276478,0.0260536,0.0244694,0.0228946,0.0213287,0.0197711,0.018221,0.016678,0.0151415,0.0136107,0.0120852,0.0105644,0.00904766,0.0075344,0.00602404,0.004516,0.0030097
1,0.982311,0.964643,0.947017,0.929452,0.911969,0.894587,0.877325,0.860199,0.843228,0.826425,0.809807,0.793386,0.777174,0.761182,0.74542,0.729897,0.71462,0.699595,0.684827,0.67032,0.656078,0.642103,0.628395,0.614955,0.601784,0.588881,0.576243,0.563869,0.551757,0.539904,0.528306,0.516959,0.505861,0.495007,0.484392,0.474013,0.463865,0.453943,0.444242,0.434758,0.425486,0.416422,0.40756,0.398896,0.390425,0.382143,0.374044,0.366125,0.358382,0.350808,0.343402,0.336157,0.329071,0.322139,0.315357,0.308722,0.302229,0.295876,0.289657,0.283571,0.277614,0.271782,0.266073,0.260482,0.255008,0.249647,0.244396,0.239252,0.234214,0.229278,0.224441,0.219702,0.215057,0.210505,0.206042,0.201668,0.197379,0.193174,0.189051,0.185007,0.18104,0.177149,0.173332,0.169587,0.165912,0.162306,0.158767,0.155292,0.151882,0.148534,0.145246,0.142017,0.138846,0.135731,0.132671,0.129664,0.12671,0.123807,0.120953,0.118148,0.11539,0.112678,0.110011,0.107387,0.104807,0.102268,0.0997691,0.09731,0.0948893,0.0925061,0.0901594,0.0878481,0.0855714,0.0833283,0.081118,0.0789394,0.0767918,0.0746742,0.0725858,0.0705258,0.0684933,0.0664875,0.0645077,0.062553,0.0606226,0.0587158,0.0568319,0.0549701,0.0531296,0.0513097,0.0495097,0.047729,0.0459667,0.0442223,0.042495,0.0407841,0.039089,0.0374091,0.0357436,0.034092,0.0324535,0.0308275,0.0292135,0.0276107,0.0260186,0.0244366,0.022864,0.0213002,0.0197446,0.0181967,0.0166557,0.0151212,0.0135925,0.0120691,0.0105503,0.00903556,0.00752432,0.00601598,0.00450996,0.00300567
1,0.982221,0.964463,0.946748,0.929096,0.911529,0.894066,0.876727,0.859528,0.842487,0.825621,0.808943,0.792467,0.776206,0.760171,0.744371,0.728814,0.713508,0.698459,0.683672,0.66915,0.654897,0.640914,0.627203,0.613763,0.600594,0.587696,0.575066,0.562702,0.550602,0.538762,0.527179,0.515849,0.504768,0.493932,0.483337,0.472978,0.46285,0.452948,0.443268,0.433805,0.424555,0.415511,0.40667,0.398027,0.389577,0.381315,0.373236,0.365337,0.357613,0.350059,0.342671,0.335445,0.328377,0.321462,0.314698,0.308079,0.301603,0.295265,0.289062,0.282992,0.277049,0.271232,0.265536,0.259959,0.254498,0.24915,0.243911,0.23878,0.233754,0.228829,0.224004,0.219275,0.214641,0.210099,0.205647,0.201283,0.197003,0.192808,0.188693,0.184658,0.1807,0.176817,0.173009,0.169271,0.165604,0.162006,0.158474,0.155007,0.151603,0.148261,0.14498,0.141758,0.138593,0.135485,0.132431,0.12943,0.126482,0.123584,0.120736,0.117936,0.115183,0.112477,0.109815,0.107196,0.10462,0.102086,0.0995922,0.0971377,0.0947216,0.0923428,0.0900004,0.0876934,0.0854209,0.0831819,0.0809756,0.078801,0.0766572,0.0745435,0.0724589,0.0704026,0.0683737,0.0663716,0.0643953,0.062444,0.0605171,0.0586137,0.0567332,0.0548746,0.0530374,0.0512207,0.0494239,0.0476463,0.0458871,0.0441457,0.0424215,0.0407136,0.0390215,0.0373445,0.0356819,0.0340331,0.0323974,0.0307743,0.0291631,0.0275631,0.0259738,0.0243945,0.0228246,0.0212635,0.0197106,0.0181653,0.016627,0.0150952,0.0135691,0.0120483,0.0105321,0.00902001,0.00751137,0.00600563,0.0045022,0.0030005
1,0.982108,0.964239,0.946415,0.928656,0.910985,0.893422,0.875987,0.858698,0.841573,0.824627,0.807877,0.791335,0.775014,0.758925,0.743077,0.72748,0.712139,0.697061,0.682251,0.667711,0.653445,0.639454,0.625739,0.612299,0.599134,0.586243,0.573623,0.561272,0.549187,0.537364,0.5258,0.51449,0.503431,0.492618,0.482046,0.471711,0.461608,0.451732,0.442078,0.432641,0.423416,0.414398,0.405583,0.396965,0.38854,0.380303,0.372249,0.364375,0.356674,0.349144,0.341779,0.334575,0.327529,0.320636,0.313892,0.307294,0.300838,0.29452,0.288336,0.282284,0.276359,0.270559,0.264881,0.259321,0.253876,0.248543,0.24332,0.238204,0.233192,0.228282,0.22347,0.218755,0.214134,0.209604,0.205165,0.200812,0.196545,0.19236,0.188257,0.184232,0.180285,0.176412,0.172613,0.168886,0.165228,0.161639,0.158116,0.154658,0.151263,0.147929,0.144656,0.141442,0.138285,0.135184,0.132137,0.129144,0.126203,0.123312,0.120471,0.117677,0.114931,0.112231,0.109575,0.106963,0.104393,0.101864,0.0993762,0.0969273,0.0945167,0.0921433,0.0898062,0.0875044,0.085237,0.0830031,0.0808017,0.0786319,0.0764929,0.0743839,0.0723039,0.0702521,0.0682277,0.0662299,0.064258,0.062311,0.0603883,0.058489,0.0566125,0.054758,0.0529247,0.051112,0.0493191,0.0475453,0.0457899,0.0440523,0.0423317,0.0406275,0.038939,0.0372655,0.0356065,0.0339612,0.032329,0.0307094,0.0291015,0.027505,0.025919,0.024343,0.0227765,0.0212187,0.0196691,0.018127,0.016592,0.0150634,0.0135405,0.0120229,0.01051,0.00900102,0.00749556,0.00599299,0.00449272,0.00299419
1,0.981974,0.963971,0.946015,0.928129,0.910333,0.892651,0.875102,0.857705,0.840478,0.823439,0.806602,0.789981,0.773589,0.757437,0.741534,0.725889,0.710508,0.695396,0.680559,0.665999,0.651719,0.637719,0.624,0.610561,0.597401,0.584519,0.571912,0.559576,0.547509,0.535707,0.524166,0.512881,0.501848,0.491062,0.480519,0.470213,0.46014,0.450294,0.44067,0.431264,0.42207,0.413083,0.404298,0.395711,0.387316,0.379108,0.371084,0.363238,0.355566,0.348063,0.340725,0.333548,0.326528,0.31966,0.312941,0.306368,0.299935,0.29364,0.287479,0.281448,0.275545,0.269766,0.264108,0.258567,0.253141,0.247827,0.242623,0.237524,0.232529,0.227635,0.22284,0.21814,0.213535,0.20902,0.204595,0.200257,0.196003,0.191832,0.187741,0.18373,0.179794,0.175934,0.172147,0.168431,0.164785,0.161206,0.157693,0.154246,0.150861,0.147537,0.144274,0.141069,0.137921,0.134829,0.131791,0.128806,0.125873,0.122991,0.120157,0.117372,0.114633,0.111941,0.109292,0.106687,0.104124,0.101603,0.0991212,0.096679,0.0942748,0.0919078,0.089577,0.0872813,0.08502,0.0827919,0.0805963,0.0784323,0.076299,0.0741954,0.0721208,0.0700744,0.0680553,0.0660627,0.0640959,0.0621539,0.0602362,0.0583418,0.0564701,0.0546203,0.0527918,0.0509837,0.0491953,0.047426,0.0456751,0.0439419,0.0422256,0.0405257,0.0388415,0.0371723,0.0355174,0.0338763,0.0322483,0.0306327,0.0290289,0.0274363,0.0258543,0.0242823,0.0227196,0.0211658,0.01962,0.0180819,0.0165507,0.0150258,0.0135068,0.011993,0.0104838,0.0089786,0.00747689,0.00597806,0.00448153,0.00298673
1,0.981816,0.963657,0.945547,0.92751,0.909569,0.891746,0.874064,0.856541,0.839197,0.822048,0.805111,0.788399,0.771925,0.7557,0.739734,0.724034,0.708607,0.693457,0.67859,0.664008,0.649712,0.635702,0.62198,0.608543,0.595391,0.58252,0.569928,0.557612,0.545567,0.533789,0.522275,0.511019,0.500017,0.489264,0.478754,0.468482,0.458444,0.448633,0.439045,0.429675,0.420517,0.411566,0.402816,0.394264,0.385904,0.377731,0.36974,0.361928,0.354288,0.346817,0.339511,0.332365,0.325374,0.318536,0.311846,0.3053,0.298895,0.292626,0.286491,0.280486,0.274607,0.268852,0.263217,0.257699,0.252295,0.247003,0.241819,0.236741,0.231765,0.226891,0.222114,0.217433,0.212845,0.208347,0.203939,0.199617,0.195379,0.191223,0.187148,0.183151,0.17923,0.175383,0.17161,0.167907,0.164273,0.160707,0.157207,0.153771,0.150398,0.147086,0.143833,0.140639,0.137502,0.13442,0.131392,0.128417,0.125494,0.122621,0.119797,0.11702,0.11429,0.111606,0.108966,0.106369,0.103815,0.101301,0.0988274,0.0963927,0.0939961,0.0916364,0.0893128,0.0870242,0.0847698,0.0825486,0.0803597,0.0782023,0.0760754,0.0739782,0.0719099,0.0698696,0.0678566,0.06587,0.063909,0.0619729,0.0600608,0.0581721,0.056306,0.0544617,0.0526385,0.0508357,0.0490527,0.0472886,0.0455428,0.0438146,0.0421034,0.0404085,0.0387292,0.0370648,0.0354148,0.0337784,0.0321551,0.0305442,0.0289451,0.0273571,0.0257797,0.0242123,0.0226542,0.0211048,0.0195635,0.0180298,0.016503,0.0149826,0.0134679,0.0119584,0.0104536,0.00895275,0.00745537,0.00596085,0.00446863,0.00297813
1,0.981634,0.963293,0.945005,0.926794,0.908685,0.890702,0.872866,0.855199,0.837719,0.820446,0.803394,0.786579,0.770012,0.753705,0.737667,0.721906,0.706428,0.691237,0.676337,0.66173,0.647418,0.633399,0.619675,0.606242,0.593099,0.580243,0.567669,0.555376,0.543357,0.531609,0.520127,0.508905,0.497939,0.487222,0.476751,0.466519,0.456521,0.446751,0.437204,0.427874,0.418757,0.409847,0.401138,0.392626,0.384305,0.376171,0.368219,0.360444,0.352842,0.345407,0.338137,0.331025,0.324069,0.317264,0.310607,0.304093,0.297718,0.29148,0.285374,0.279397,0.273547,0.267818,0.26221,0.256717,0.251338,0.24607,0.24091,0.235854,0.230902,0.226049,0.221293,0.216632,0.212064,0.207586,0.203197,0.198893,0.194673,0.190535,0.186476,0.182496,0.178591,0.17476,0.171002,0.167314,0.163695,0.160143,0.156656,0.153234,0.149874,0.146574,0.143334,0.140153,0.137027,0.133957,0.130941,0.127977,0.125064,0.122202,0.119388,0.116622,0.113902,0.111228,0.108597,0.10601,0.103464,0.10096,0.0984948,0.0960688,0.0936806,0.0913293,0.0890138,0.0867332,0.0844866,0.0822732,0.0800919,0.0779419,0.0758223,0.0737324,0.0716712,0.0696379,0.0676317,0.0656518,0.0636975,0.0617679,0.0598624,0.05798,0.0561202,0.0542821,0.052465,0.0506683,0.0488912,0.047133,0.045393,0.0436706,0.0419651,0.0402758,0.038602,0.0369432,0.0352986,0.0336677,0.0320497,0.0304441,0.0288503,0.0272675,0.0256953,0.024133,0.02258,0.0210357,0.0194995,0.0179708,0.016449,0.0149336,0.0134239,0.0119194,0.0104194,0.00892349,0.007431,0.00594137,0.00445403,0.0029684
1,0.981425,0.962878,0.944386,0.925977,0.907677,0.88951,0.8715,0.853668,0.836036,0.818622,0.801441,0.78451,0.767839,0.751441,0.735324,0.719495,0.703961,0.688725,0.67379,0.659158,0.644829,0.630803,0.617078,0.603651,0.59052,0.577682,0.565131,0.552865,0.540877,0.529163,0.517717,0.506535,0.49561,0.484936,0.474509,0.464322,0.454369,0.444645,0.435145,0.425862,0.41679,0.407926,0.399263,0.390796,0.38252,0.37443,0.366521,0.358789,0.351228,0.343834,0.336603,0.329531,0.322613,0.315846,0.309224,0.302745,0.296406,0.290201,0.284128,0.278183,0.272363,0.266665,0.261086,0.255622,0.250271,0.24503,0.239896,0.234866,0.229938,0.225109,0.220377,0.215739,0.211193,0.206737,0.202369,0.198085,0.193885,0.189767,0.185727,0.181765,0.177878,0.174065,0.170323,0.166652,0.163049,0.159513,0.156042,0.152635,0.149289,0.146004,0.142778,0.13961,0.136498,0.133441,0.130437,0.127486,0.124585,0.121735,0.118932,0.116178,0.113469,0.110805,0.108185,0.105609,0.103073,0.100579,0.0981236,0.0957073,0.0933285,0.0909865,0.0886801,0.0864084,0.0841707,0.0819658,0.079793,0.0776513,0.0755399,0.073458,0.0714047,0.0693792,0.0673807,0.0654084,0.0634615,0.0615392,0.0596408,0.0577656,0.0559128,0.0540816,0.0522714,0.0504814,0.0487109,0.0469593,0.0452258,0.0435098,0.0418107,0.0401276,0.0384601,0.0368074,0.035169,0.033544,0.0319321,0.0303324,0.0287444,0.0271675,0.0256011,0.0240446,0.0224973,0.0209586,0.019428,0.017905,0.0163888,0.0148789,0.0133747,0.0118757,0.0103813,0.00889083,0.00740381,0.00591963,0.00443773,0.00295754
1,0.981189,0.962407,0.943685,0.925052,0.906535,0.888161,0.869955,0.851939,0.834136,0.816564,0.79924,0.782179,0.765394,0.748896,0.732692,0.716791,0.701196,0.685912,0.670941,0.656283,0.641939,0.627906,0.614182,0.600765,0.58765,0.574833,0.56231,0.550075,0.538123,0.526449,0.515046,0.503908,0.49303,0.482405,0.472027,0.46189,0.451989,0.442317,0.432868,0.423637,0.414618,0.405804,0.397192,0.388775,0.380549,0.372508,0.364647,0.356961,0.349447,0.342098,0.334912,0.327883,0.321007,0.314281,0.307699,0.30126,0.294958,0.28879,0.282754,0.276844,0.271059,0.265394,0.259847,0.254415,0.249094,0.243883,0.238778,0.233776,0.228876,0.224074,0.219367,0.214755,0.210233,0.205801,0.201456,0.197195,0.193017,0.18892,0.184901,0.180959,0.177092,0.173298,0.169576,0.165923,0.162337,0.158819,0.155365,0.151974,0.148644,0.145375,0.142164,0.139011,0.135914,0.132871,0.129881,0.126944,0.124057,0.121219,0.11843,0.115687,0.112991,0.110339,0.107731,0.105166,0.102642,0.100158,0.0977141,0.0953084,0.0929401,0.0906082,0.0883119,0.0860501,0.083822,0.0816266,0.0794631,0.0773306,0.0752283,0.0731552,0.0711106,0.0690937,0.0671037,0.0651397,0.063201,0.0612868,0.0593964,0.057529,0.0556839,0.0538604,0.0520577,0.0502751,0.048512,0.0467676,0.0450413,0.0433324,0.0416403,0.0399642,0.0383035,0.0366576,0.0350258,0.0334076,0.0318022,0.0302091,0.0286276,0.0270572,0.0254971,0.0239469,0.0224059,0.0208735,0.0193492,0.0178323,0.0163223,0.0148185,0.0133205,0.0118276,0.0103392,0.00885479,0.00737379,0.00589563,0.00441974,0.00294555
1,0.980922,0.961877,0.942895,0.92401,0.90525,0.886644,0.868218,0.849998,0.832004,0.814258,0.796776,0.779574,0.762663,0.746056,0.729759,0.713779,0.698121,0.682787,0.667779,0.653096,0.638737,0.624699,0.61098,0.597576,0.584481,0.571691,0.5592,0.547003,0.535093,0.523463,0.512108,0.501021,0.490196,0.479626,0.469304,0.459224,0.44938,0.439765,0.430374,0.421201,0.412239,0.403482,0.394926,0.386565,0.378393,0.370406,0.362597,0.354964,0.3475,0.340201,0.333063,0.326081,0.319252,0.312571,0.306033,0.299637,0.293377,0.28725,0.281252,0.275381,0.269633,0.264005,0.258493,0.253096,0.247809,0.24263,0.237557,0.232586,0.227715,0.222942,0.218264,0.213679,0.209185,0.204778,0.200458,0.196222,0.192068,0.187994,0.183998,0.180079,0.176233,0.17246,0.168758,0.165125,0.16156,0.15806,0.154624,0.151251,0.14794,0.144688,0.141494,0.138357,0.135276,0.132248,0.129274,0.126351,0.123479,0.120656,0.11788,0.115152,0.112469,0.10983,0.107235,0.104682,0.10217,0.0996988,0.0972664,0.0948723,0.0925154,0.0901947,0.0879093,0.0856583,0.0834408,0.0812558,0.0791025,0.07698,0.0748875,0.0728242,0.0707891,0.0687816,0.0668008,0.0648459,0.0629162,0.0610108,0.0591291,0.0572703,0.0554336,0.0536184,0.051824,0.0500496,0.0482945,0.046558,0.0448396,0.0431384,0.0414539,0.0397854,0.0381322,0.0364938,0.0348693,0.0332584,0.0316602,0.0300743,0.0284999,0.0269365,0.0253834,0.0238401,0.022306,0.0207805,0.019263,0.0177529,0.0162496,0.0147525,0.0132612,0.0117749,0.0102932,0.00881537,0.00734097,0.00586939,0.00440007,0.00293244
1,0.980623,0.961282,0.94201,0.922842,0.903811,0.884947,0.866277,0.847829,0.829626,0.811688,0.794032,0.776675,0.75963,0.742905,0.726508,0.710446,0.694721,0.679336,0.664291,0.649584,0.635213,0.621174,0.607464,0.594077,0.581008,0.56825,0.555797,0.543643,0.531781,0.520203,0.508903,0.497874,0.487108,0.476598,0.466339,0.456322,0.446541,0.436991,0.427663,0.418553,0.409654,0.40096,0.392466,0.384165,0.376053,0.368124,0.360374,0.352797,0.345388,0.338143,0.331058,0.324128,0.317349,0.310717,0.304227,0.297877,0.291662,0.285579,0.279625,0.273796,0.268088,0.2625,0.257027,0.251666,0.246416,0.241272,0.236233,0.231296,0.226457,0.221716,0.217069,0.212513,0.208048,0.20367,0.199377,0.195168,0.19104,0.186991,0.18302,0.179124,0.175302,0.171552,0.167872,0.164261,0.160716,0.157237,0.153821,0.150468,0.147175,0.143942,0.140767,0.137647,0.134583,0.131573,0.128615,0.125709,0.122852,0.120045,0.117284,0.114571,0.111902,0.109278,0.106696,0.104157,0.101659,0.0992003,0.0967809,0.0943993,0.0920547,0.0897462,0.0874727,0.0852333,0.0830272,0.0808535,0.0787113,0.0765997,0.0745179,0.0724651,0.0704404,0.068443,0.0664722,0.0645272,0.0626072,0.0607114,0.0588391,0.0569896,0.0551621,0.053356,0.0515705,0.0498048,0.0480585,0.0463306,0.0446207,0.0429279,0.0412517,0.0395914,0.0379464,0.036316,0.0346995,0.0330965,0.0315061,0.0299279,0.0283613,0.0268055,0.02526,0.0237243,0.0221977,0.0206796,0.0191694,0.0176667,0.0161707,0.0146809,0.0131968,0.0117178,0.0102432,0.00877259,0.00730535,0.00584092,0.00437873,0.00291822
1,0.980289,0.960616,0.941021,0.921539,0.902206,0.883054,0.864115,0.845416,0.826982,0.808834,0.79099,0.773467,0.756275,0.739425,0.722923,0.706775,0.690983,0.675546,0.660465,0.645736,0.631357,0.617322,0.603625,0.590261,0.577223,0.564504,0.552096,0.539992,0.528185,0.516666,0.505428,0.494463,0.483763,0.473322,0.463131,0.453184,0.443473,0.433993,0.424735,0.415695,0.406864,0.398238,0.389811,0.381577,0.37353,0.365665,0.357977,0.350461,0.343112,0.335926,0.328898,0.322024,0.315299,0.30872,0.302282,0.295982,0.289816,0.283781,0.277873,0.272089,0.266425,0.260879,0.255447,0.250127,0.244916,0.23981,0.234808,0.229906,0.225103,0.220395,0.215781,0.211258,0.206824,0.202476,0.198213,0.194033,0.189933,0.185911,0.181966,0.178096,0.1743,0.170574,0.166918,0.16333,0.159808,0.156351,0.152957,0.149625,0.146352,0.143139,0.139983,0.136883,0.133838,0.130846,0.127906,0.125017,0.122177,0.119386,0.116642,0.113944,0.111291,0.108682,0.106116,0.103591,0.101108,0.0986632,0.0962576,0.0938896,0.0915583,0.0892628,0.0870021,0.0847753,0.0825816,0.08042,0.0782897,0.0761898,0.0741195,0.072078,0.0700645,0.0680781,0.0661181,0.0641837,0.0622741,0.0603887,0.0585265,0.0566871,0.0548695,0.0530731,0.0512972,0.0495411,0.0478041,0.0460855,0.0443847,0.042701,0.0410338,0.0393823,0.0377461,0.0361243,0.0345165,0.0329219,0.0313401,0.0297702,0.0282118,0.0266643,0.025127,0.0235994,0.0220808,0.0205707,0.0190686,0.0175737,0.0160856,0.0146037,0.0131274,0.0116561,0.0101894,0.00872648,0.00726696,0.00581022,0.00435571,0.00290288
1,0.979916,0.959875,0.939918,0.920086,0.900418,0.88095,0.861713,0.842739,0.824052,0.805676,0.787629,0.769926,0.752579,0.735597,0.718986,0.702749,0.686888,0.671401,0.656286,0.64154,0.627157,0.61313,0.599453,0.586119,0.57312,0.560446,0.548091,0.536045,0.524301,0.512848,0.501679,0.490786,0.480161,0.469794,0.45968,0.449809,0.440176,0.430772,0.421591,0.412626,0.40387,0.395319,0.386964,0.378801,0.370825,0.363029,0.355409,0.347959,0.340675,0.333552,0.326585,0.319771,0.313104,0.306582,0.300199,0.293953,0.28784,0.281856,0.275997,0.270261,0.264645,0.259144,0.253757,0.248479,0.24331,0.238245,0.233282,0.228419,0.223653,0.218982,0.214403,0.209914,0.205513,0.201198,0.196967,0.192817,0.188747,0.184755,0.180838,0.176996,0.173226,0.169526,0.165896,0.162333,0.158835,0.155402,0.152031,0.148721,0.145471,0.142279,0.139144,0.136064,0.133039,0.130067,0.127146,0.124275,0.121454,0.118681,0.115954,0.113274,0.110637,0.108045,0.105494,0.102986,0.100517,0.0980877,0.0956969,0.0933434,0.0910264,0.0887448,0.0864978,0.0842845,0.082104,0.0799554,0.0778379,0.0757505,0.0736926,0.0716632,0.0696616,0.067687,0.0657385,0.0638155,0.0619172,0.0600428,0.0581916,0.0563628,0.0545558,0.0527699,0.0510043,0.0492584,0.0475314,0.0458228,0.0441318,0.0424578,0.0408002,0.0391582,0.0375314,0.0359189,0.0343203,0.0327349,0.031162,0.0296012,0.0280517,0.026513,0.0249844,0.0234655,0.0219556,0.0204541,0.0189605,0.0174741,0.0159945,0.014521,0.013053,0.0115901,0.0101316,0.00867705,0.0072258,0.00577731,0.00433105,0.00288644
1,0.9795,0.959048,0.93869,0.91847,0.898431,0.878613,0.859049,0.839774,0.820812,0.802189,0.783923,0.766029,0.748518,0.731398,0.714674,0.698347,0.682418,0.666884,0.65174,0.636981,0.622599,0.608588,0.594939,0.581643,0.56869,0.556071,0.543777,0.531798,0.520124,0.508746,0.497655,0.486842,0.476299,0.466015,0.455985,0.446198,0.436649,0.427328,0.41823,0.409348,0.400673,0.392201,0.383926,0.37584,0.367939,0.360218,0.35267,0.345291,0.338076,0.33102,0.32412,0.317369,0.310765,0.304304,0.297981,0.291792,0.285735,0.279805,0.274,0.268315,0.262748,0.257296,0.251956,0.246725,0.2416,0.236578,0.231657,0.226835,0.222109,0.217476,0.212935,0.208483,0.204117,0.199837,0.195639,0.191522,0.187484,0.183522,0.179636,0.175823,0.172082,0.16841,0.164807,0.16127,0.157799,0.15439,0.151044,0.147758,0.144531,0.141362,0.13825,0.135192,0.132188,0.129236,0.126336,0.123485,0.120683,0.117929,0.115221,0.112558,0.10994,0.107365,0.104832,0.102339,0.0998873,0.0974742,0.0950991,0.0927611,0.0904592,0.0881925,0.0859601,0.0837612,0.0815948,0.07946,0.077356,0.0752821,0.0732373,0.0712208,0.069232,0.0672698,0.0653337,0.0634229,0.0615365,0.0596739,0.0578343,0.056017,0.0542213,0.0524465,0.0506919,0.0489568,0.0472406,0.0455426,0.0438621,0.0421984,0.040551,0.0389192,0.0373023,0.0356998,0.034111,0.0325353,0.0309721,0.0294208,0.0278808,0.0263515,0.0248324,0.0233227,0.021822,0.0203297,0.0188452,0.0173679,0.0158972,0.0144327,0.0129737,0.0115197,0.0100701,0.00862433,0.00718189,0.00574221,0.00430473,0.00286891
1,0.979038,0.958128,0.937323,0.916673,0.896224,0.87602,0.856098,0.836494,0.817235,0.798345,0.779845,0.761748,0.744066,0.726803,0.709964,0.693549,0.677554,0.661976,0.646809,0.632044,0.617672,0.603685,0.590072,0.576823,0.563926,0.551371,0.539148,0.527245,0.515651,0.504358,0.493354,0.48263,0.472176,0.461984,0.452045,0.442351,0.432893,0.423663,0.414655,0.405861,0.397274,0.388888,0.380697,0.372695,0.364875,0.357233,0.349762,0.342459,0.335318,0.328335,0.321504,0.314822,0.308285,0.301888,0.295628,0.2895,0.283502,0.27763,0.271881,0.266251,0.260737,0.255337,0.250046,0.244864,0.239786,0.23481,0.229934,0.225156,0.220471,0.21588,0.211378,0.206965,0.202637,0.198393,0.194231,0.190148,0.186144,0.182215,0.178361,0.174579,0.170868,0.167226,0.163652,0.160143,0.156699,0.153317,0.149997,0.146736,0.143535,0.14039,0.137301,0.134266,0.131284,0.128355,0.125476,0.122646,0.119865,0.117131,0.114443,0.111799,0.1092,0.106643,0.104128,0.101654,0.0992189,0.0968228,0.0944644,0.0921428,0.089857,0.0876061,0.0853893,0.0832055,0.0810541,0.078934,0.0768445,0.0747847,0.0727539,0.0707512,0.0687758,0.0668269,0.0649039,0.0630059,0.0611323,0.0592821,0.0574549,0.0556497,0.053866,0.0521031,0.0503601,0.0486366,0.0469318,0.045245,0.0435756,0.0419229,0.0402864,0.0386653,0.0370591,0.0354671,0.0338888,0.0323234,0.0307705,0.0292293,0.0276994,0.0261801,0.0246708,0.023171,0.0216801,0.0201975,0.0187227,0.017255,0.0157939,0.0143389,0.0128894,0.0114449,0.0100047,0.00856833,0.00713527,0.00570493,0.00427679,0.00285028
1,0.978522,0.957103,0.935802,0.914675,0.893773,0.873144,0.85283,0.832868,0.813287,0.794113,0.775364,0.757054,0.739193,0.721785,0.704831,0.688329,0.672274,0.656659,0.641475,0.626713,0.612361,0.598408,0.584842,0.57165,0.558821,0.546341,0.534198,0.522382,0.510879,0.49968,0.488772,0.478147,0.467793,0.457701,0.447862,0.438267,0.428908,0.419777,0.410865,0.402167,0.393674,0.385381,0.37728,0.369366,0.361633,0.354076,0.346688,0.339466,0.332403,0.325496,0.31874,0.312131,0.305664,0.299335,0.293142,0.287079,0.281144,0.275333,0.269643,0.264071,0.258613,0.253267,0.24803,0.242899,0.237871,0.232943,0.228114,0.223381,0.218742,0.214193,0.209734,0.205361,0.201073,0.196868,0.192743,0.188697,0.184728,0.180835,0.177014,0.173265,0.169586,0.165975,0.162431,0.158952,0.155536,0.152183,0.14889,0.145657,0.142481,0.139362,0.136297,0.133287,0.130329,0.127423,0.124567,0.121759,0.119,0.116287,0.11362,0.110997,0.108417,0.10588,0.103384,0.100928,0.098512,0.096134,0.0937933,0.091489,0.0892202,0.086986,0.0847855,0.0826179,0.0804822,0.0783777,0.0763034,0.0742586,0.0722425,0.0702543,0.0682932,0.0663585,0.0644493,0.0625649,0.0607046,0.0588678,0.0570535,0.0552612,0.0534902,0.0517398,0.0500092,0.0482978,0.0466051,0.0449302,0.0432725,0.0416315,0.0400065,0.0383968,0.0368018,0.035221,0.0336536,0.0320992,0.0305571,0.0290267,0.0275074,0.0259987,0.0245,0.0230106,0.02153,0.0200577,0.0185931,0.0171356,0.0156847,0.0142397,0.0128003,0.0113657,0.00993549,0.00850908,0.00708593,0.00566549,0.00424722,0.00283058
1,0.977946,0.95596,0.934107,0.912451,0.891049,0.869954,0.849211,0.82886,0.808933,0.789455,0.770443,0.751912,0.733868,0.716313,0.699246,0.682662,0.666553,0.650909,0.63572,0.620972,0.606651,0.592745,0.579238,0.566116,0.553366,0.540973,0.528923,0.517205,0.505804,0.49471,0.483909,0.473392,0.463147,0.453164,0.443434,0.433947,0.424696,0.41567,0.406863,0.398267,0.389875,0.381681,0.373677,0.365857,0.358217,0.350749,0.343449,0.336312,0.329333,0.322507,0.31583,0.309297,0.302904,0.296648,0.290525,0.284531,0.278662,0.272916,0.267288,0.261777,0.256378,0.251089,0.245907,0.24083,0.235855,0.230978,0.226199,0.221514,0.216921,0.212418,0.208003,0.203673,0.199427,0.195262,0.191177,0.18717,0.183238,0.179381,0.175596,0.171881,0.168236,0.164658,0.161145,0.157697,0.154312,0.150989,0.147725,0.144519,0.141371,0.138279,0.135241,0.132256,0.129323,0.126441,0.123609,0.120825,0.118088,0.115398,0.112753,0.110151,0.107593,0.105076,0.1026,0.100164,0.0977671,0.095408,0.0930859,0.0907999,0.088549,0.0863324,0.0841492,0.0819985,0.0798794,0.0777912,0.0757331,0.0737041,0.0717035,0.0697306,0.0677846,0.0658646,0.06397,0.0621,0.0602539,0.0584309,0.0566304,0.0548517,0.053094,0.0513567,0.0496392,0.0479407,0.0462606,0.0445982,0.042953,0.0413242,0.0397113,0.0381136,0.0365305,0.0349614,0.0334057,0.0318628,0.0303321,0.0288131,0.027305,0.0258075,0.0243198,0.0228414,0.0213718,0.0199103,0.0184565,0.0170097,0.0155694,0.0141352,0.0127063,0.0112822,0.00986254,0.00844661,0.00703391,0.0056239,0.00421604,0.0028098
1,0.977303,0.954684,0.932217,0.909973,0.888018,0.866411,0.8452,0.824429,0.80413,0.784329,0.765043,0.746283,0.728053,0.710353,0.693178,0.67652,0.660367,0.644707,0.629524,0.614803,0.600528,0.586681,0.573248,0.560211,0.547553,0.535261,0.523318,0.51171,0.500424,0.489446,0.478763,0.468365,0.458239,0.448375,0.438763,0.429393,0.420257,0.411345,0.40265,0.394164,0.38588,0.37779,0.369889,0.36217,0.354627,0.347255,0.340048,0.333001,0.32611,0.319369,0.312775,0.306323,0.300009,0.293829,0.28778,0.281857,0.276058,0.27038,0.264818,0.25937,0.254033,0.248804,0.243681,0.23866,0.23374,0.228917,0.224189,0.219555,0.215011,0.210556,0.206186,0.201902,0.197699,0.193577,0.189533,0.185566,0.181674,0.177855,0.174107,0.170428,0.166818,0.163275,0.159796,0.15638,0.153027,0.149734,0.146501,0.143325,0.140206,0.137141,0.134131,0.131173,0.128267,0.12541,0.122603,0.119844,0.117131,0.114464,0.111842,0.109263,0.106726,0.104231,0.101776,0.0993612,0.0969845,0.0946453,0.0923428,0.0900759,0.0878438,0.0856456,0.0834805,0.0813476,0.0792461,0.077175,0.0751337,0.0731214,0.0711371,0.0691803,0.06725,0.0653456,0.0634663,0.0616114,0.0597801,0.0579718,0.0561857,0.0544212,0.0526776,0.0509542,0.0492503,0.0475653,0.0458985,0.0442494,0.0426171,0.0410012,0.039401,0.0378159,0.0362453,0.0346886,0.0331451,0.0316143,0.0300957,0.0285885,0.0270923,0.0256064,0.0241304,0.0226635,0.0212054,0.0197553,0.0183128,0.0168774,0.0154483,0.0140252,0.0126074,0.0111945,0.00978585,0.00838093,0.00697922,0.00558018,0.00418327,0.00278796
1,0.976583,0.953255,0.930102,0.907206,0.884641,0.86247,0.840751,0.819526,0.79883,0.778689,0.759117,0.740123,0.721709,0.703868,0.686594,0.669872,0.653689,0.638026,0.622866,0.608188,0.593975,0.580206,0.566862,0.553925,0.541377,0.5292,0.517377,0.505894,0.494735,0.483886,0.473334,0.463066,0.45307,0.443335,0.43385,0.424606,0.415594,0.406804,0.398228,0.389859,0.381689,0.373711,0.365919,0.358306,0.350867,0.343595,0.336486,0.329535,0.322736,0.316085,0.309578,0.303211,0.296979,0.290879,0.284908,0.27906,0.273334,0.267726,0.262233,0.256852,0.25158,0.246414,0.241352,0.23639,0.231527,0.22676,0.222087,0.217505,0.213013,0.208607,0.204286,0.200048,0.195892,0.191814,0.187813,0.183888,0.180037,0.176257,0.172548,0.168908,0.165335,0.161827,0.158383,0.155002,0.151682,0.148421,0.145219,0.142074,0.138985,0.13595,0.132969,0.130039,0.12716,0.124331,0.12155,0.118816,0.116128,0.113486,0.110888,0.108332,0.105819,0.103346,0.100914,0.0985201,0.0961646,0.0938463,0.0915642,0.0893173,0.0871049,0.0849261,0.0827799,0.0806656,0.0785824,0.0765293,0.0745057,0.0725107,0.0705436,0.0686035,0.0666898,0.0648017,0.0629384,0.0610993,0.0592836,0.0574906,0.0557197,0.0539701,0.0522411,0.0505322,0.0488427,0.0471718,0.045519,0.0438837,0.0422651,0.0406627,0.0390758,0.0375039,0.0359464,0.0344026,0.0328719,0.0313539,0.0298478,0.0283531,0.0268692,0.0253957,0.0239318,0.0224771,0.021031,0.0195929,0.0181623,0.0167386,0.0153214,0.0139099,0.0125038,0.0111025,0.00970545,0.00831208,0.00692189,0.00553434,0.00414891,0.00276506
1,0.975773,0.95165,0.927731,0.904109,0.880868,0.85808,0.835806,0.814093,0.792976,0.772478,0.752613,0.733385,0.714789,0.696818,0.679457,0.662687,0.64649,0.630843,0.615724,0.60111,0.586978,0.573305,0.56007,0.547251,0.534829,0.522784,0.511098,0.499754,0.488737,0.47803,0.46762,0.457494,0.447639,0.438044,0.428697,0.419588,0.410708,0.402049,0.3936,0.385355,0.377307,0.369447,0.36177,0.354269,0.346939,0.339773,0.332767,0.325916,0.319214,0.312658,0.306243,0.299964,0.293818,0.287802,0.281911,0.276142,0.270493,0.264959,0.259537,0.254226,0.249021,0.243921,0.238922,0.234022,0.229219,0.224511,0.219894,0.215367,0.210927,0.206573,0.202303,0.198114,0.194005,0.189974,0.186018,0.182137,0.178328,0.17459,0.170922,0.167321,0.163786,0.160315,0.156908,0.153562,0.150277,0.14705,0.143881,0.140769,0.137711,0.134707,0.131755,0.128855,0.126004,0.123203,0.120449,0.117742,0.115081,0.112464,0.109891,0.10736,0.10487,0.102422,0.100012,0.0976412,0.0953079,0.0930113,0.0907505,0.0885246,0.0863327,0.084174,0.0820477,0.0799528,0.0778887,0.0758544,0.0738492,0.0718724,0.0699231,0.0680006,0.0661042,0.0642331,0.0623866,0.0605639,0.0587645,0.0569876,0.0552324,0.0534984,0.0517849,0.0500911,0.0484165,0.0467605,0.0451223,0.0435013,0.041897,0.0403087,0.0387358,0.0371777,0.0356338,0.0341036,0.0325863,0.0310815,0.0295886,0.0281069,0.026636,0.0251753,0.0237242,0.0222821,0.0208486,0.019423,0.0180048,0.0165935,0.0151886,0.0137894,0.0123955,0.0110064,0.00962138,0.00824009,0.00686194,0.00548641,0.00411298,0.00274111
1,0.97486,0.949842,0.925063,0.90063,0.876641,0.853176,0.8303,0.808064,0.786502,0.765636,0.745473,0.726013,0.707247,0.689158,0.671727,0.65493,0.638741,0.623133,0.608078,0.59355,0.579522,0.565967,0.552861,0.540181,0.527904,0.516009,0.504476,0.493288,0.482427,0.471877,0.461623,0.451652,0.441949,0.432504,0.423305,0.414341,0.405603,0.397082,0.388769,0.380656,0.372736,0.365001,0.357445,0.350062,0.342847,0.335792,0.328894,0.322148,0.315548,0.30909,0.30277,0.296584,0.290528,0.284599,0.278793,0.273106,0.267536,0.262079,0.256732,0.251493,0.246358,0.241326,0.236394,0.231558,0.226817,0.222169,0.217611,0.213141,0.208757,0.204457,0.200239,0.196101,0.192041,0.188058,0.184149,0.180313,0.176549,0.172854,0.169228,0.165668,0.162172,0.158741,0.155371,0.152063,0.148813,0.145622,0.142487,0.139408,0.136383,0.133411,0.13049,0.12762,0.1248,0.122027,0.119302,0.116623,0.113989,0.111399,0.108852,0.106346,0.103882,0.101458,0.0990722,0.0967249,0.0944147,0.0921407,0.0899021,0.087698,0.0855276,0.0833899,0.0812842,0.0792096,0.0771653,0.0751506,0.0731647,0.0712068,0.0692761,0.0673719,0.0654935,0.0636401,0.061811,0.0600056,0.0582231,0.0564629,0.0547242,0.0530065,0.0513089,0.049631,0.0479721,0.0463314,0.0447084,0.0431025,0.0415131,0.0399395,0.0383812,0.0368375,0.0353078,0.0337916,0.0322884,0.0307974,0.0293182,0.0278502,0.0263928,0.0249454,0.0235076,0.0220788,0.0206583,0.0192458,0.0178406,0.0164422,0.0150501,0.0136637,0.0122825,0.010906,0.00953368,0.00816498,0.0067994,0.00543641,0.0040755,0.00271613
1,0.973825,0.947795,0.922048,0.896709,0.87189,0.847682,0.824155,0.801361,0.779334,0.758089,0.73763,0.717948,0.699026,0.680841,0.663364,0.646565,0.630411,0.614869,0.599906,0.585491,0.571592,0.55818,0.545227,0.532707,0.520596,0.508871,0.497511,0.486495,0.475807,0.465429,0.455344,0.44554,0.436002,0.426719,0.417678,0.408869,0.400282,0.391907,0.383737,0.375764,0.367979,0.360376,0.352948,0.345689,0.338593,0.331655,0.32487,0.318233,0.311739,0.305384,0.299164,0.293074,0.287112,0.281273,0.275555,0.269953,0.264465,0.259088,0.253819,0.248655,0.243594,0.238632,0.233768,0.228999,0.224323,0.219737,0.21524,0.210829,0.206503,0.202258,0.198095,0.194009,0.190001,0.186068,0.182207,0.178419,0.1747,0.17105,0.167467,0.16395,0.160496,0.157105,0.153775,0.150504,0.147292,0.144137,0.141038,0.137994,0.135002,0.132063,0.129175,0.126337,0.123547,0.120805,0.11811,0.115459,0.112854,0.110291,0.107771,0.105292,0.102854,0.100455,0.0980945,0.0957716,0.0934854,0.091235,0.0890195,0.0868381,0.0846898,0.082574,0.0804897,0.0784362,0.0764126,0.0744183,0.0724524,0.0705141,0.0686027,0.0667176,0.0648579,0.063023,0.0612121,0.0594246,0.0576597,0.0559168,0.0541953,0.0524944,0.0508136,0.0491521,0.0475094,0.0458848,0.0442777,0.0426874,0.0411135,0.0395552,0.038012,0.0364832,0.0349684,0.0334669,0.0319782,0.0305016,0.0290367,0.0275829,0.0261395,0.0247061,0.0232822,0.0218671,0.0204603,0.0190613,0.0176696,0.0162846,0.0149059,0.0135328,0.0121649,0.0108016,0.00944238,0.0080868,0.0067343,0.00538436,0.00403648,0.00269013
1,0.972646,0.945466,0.918624,0.892269,0.866529,0.841506,0.817276,0.793892,0.771382,0.749756,0.729009,0.709122,0.690069,0.671815,0.654323,0.637555,0.621469,0.606026,0.591187,0.576915,0.563175,0.549933,0.53716,0.524825,0.512903,0.501369,0.4902,0.479376,0.468877,0.458686,0.448786,0.439162,0.429802,0.420691,0.411819,0.403174,0.394747,0.386529,0.37851,0.370683,0.36304,0.355575,0.348281,0.341152,0.334182,0.327366,0.320698,0.314175,0.307792,0.301543,0.295427,0.289438,0.283573,0.277828,0.2722,0.266687,0.261285,0.25599,0.250801,0.245715,0.240729,0.235841,0.231048,0.226348,0.221738,0.217218,0.212783,0.208434,0.204166,0.19998,0.195872,0.191842,0.187886,0.184004,0.180194,0.176455,0.172784,0.16918,0.165642,0.162168,0.158757,0.155408,0.152118,0.148887,0.145714,0.142597,0.139535,0.136526,0.13357,0.130665,0.127811,0.125005,0.122248,0.119537,0.116872,0.114252,0.111675,0.109141,0.106649,0.104198,0.101787,0.0994141,0.0970795,0.094782,0.0925207,0.0902947,0.0881031,0.0859451,0.08382,0.0817268,0.0796647,0.0776331,0.075631,0.0736577,0.0717126,0.0697947,0.0679034,0.066038,0.0641978,0.062382,0.06059,0.058821,0.0570745,0.0553496,0.0536459,0.0519626,0.050299,0.0486547,0.0470288,0.0454208,0.0438302,0.0422562,0.0406983,0.0391559,0.0376284,0.0361153,0.0346158,0.0331296,0.031656,0.0301944,0.0287443,0.0273052,0.0258764,0.0244575,0.0230479,0.0216471,0.0202545,0.0188697,0.017492,0.0161209,0.0147561,0.0133968,0.0120426,0.010693,0.00934752,0.00800556,0.00666665,0.00533028,0.00399593,0.00266311
1,0.971293,0.942797,0.914712,0.887214,0.860451,0.834537,0.809553,0.785549,0.762546,0.740546,0.719529,0.699464,0.680312,0.662027,0.64456,0.627862,0.611884,0.596579,0.581901,0.567808,0.554259,0.541219,0.528654,0.516531,0.504822,0.493502,0.482545,0.471931,0.461639,0.451651,0.441951,0.432522,0.423351,0.414425,0.405732,0.397262,0.389005,0.38095,0.373091,0.365418,0.357925,0.350604,0.34345,0.336456,0.329617,0.322927,0.316382,0.309978,0.303709,0.297572,0.291563,0.285677,0.279913,0.274265,0.268732,0.26331,0.257996,0.252787,0.247681,0.242676,0.237767,0.232955,0.228235,0.223606,0.219065,0.214612,0.210242,0.205956,0.20175,0.197623,0.193573,0.189599,0.185698,0.181869,0.178111,0.174422,0.1708,0.167244,0.163753,0.160324,0.156957,0.153651,0.150403,0.147214,0.14408,0.141002,0.137978,0.135006,0.132087,0.129217,0.126397,0.123626,0.120901,0.118223,0.115589,0.113,0.110454,0.10795,0.105487,0.103064,0.100681,0.0983354,0.0960276,0.0937564,0.0915208,0.0893201,0.0871533,0.0850197,0.0829184,0.0808486,0.0788096,0.0768006,0.0748207,0.0728693,0.0709456,0.0690489,0.0671784,0.0653335,0.0635134,0.0617175,0.059945,0.0581952,0.0564677,0.0547615,0.0530762,0.0514111,0.0497655,0.0481388,0.0465304,0.0449398,0.0433661,0.041809,0.0402678,0.0387419,0.0372307,0.0357336,0.0342502,0.0327798,0.0313218,0.0298757,0.028441,0.0270172,0.0256035,0.0241997,0.022805,0.021419,0.0200411,0.0186709,0.0173077,0.0159512,0.0146007,0.0132557,0.0119158,0.0105805,0.00924913,0.0079213,0.00659649,0.00527418,0.00395388,0.00263509
1,0.969729,0.939719,0.910213,0.881424,0.853523,0.826638,0.80085,0.776203,0.752709,0.730351,0.709095,0.688893,0.669688,0.65142,0.634028,0.617449,0.601627,0.586504,0.57203,0.558155,0.544836,0.532031,0.519705,0.507822,0.496353,0.485271,0.474549,0.464165,0.454098,0.44433,0.434844,0.425623,0.416655,0.407926,0.399424,0.391138,0.383059,0.375178,0.367485,0.359974,0.352637,0.345467,0.338458,0.331605,0.324902,0.318344,0.311927,0.305645,0.299495,0.293473,0.287574,0.281796,0.276136,0.270589,0.265153,0.259825,0.254602,0.249482,0.244461,0.239538,0.234711,0.229976,0.225331,0.220775,0.216306,0.211921,0.207619,0.203397,0.199255,0.195189,0.191199,0.187282,0.183438,0.179664,0.175959,0.172322,0.168751,0.165244,0.1618,0.158419,0.155097,0.151835,0.148631,0.145484,0.142391,0.139353,0.136368,0.133435,0.130553,0.12772,0.124936,0.122199,0.119509,0.116864,0.114263,0.111706,0.109191,0.106718,0.104285,0.101891,0.0995366,0.0972196,0.0949395,0.0926953,0.0904864,0.0883117,0.0861706,0.0840621,0.0819855,0.0799399,0.0779247,0.0759391,0.0739822,0.0720534,0.070152,0.0682771,0.0664281,0.0646044,0.0628051,0.0610296,0.0592774,0.0575475,0.0558396,0.0541528,0.0524866,0.0508402,0.0492132,0.0476048,0.0460146,0.0444417,0.0428858,0.0413461,0.0398221,0.0383132,0.0368189,0.0353386,0.0338717,0.0324176,0.0309758,0.0295458,0.0281271,0.026719,0.025321,0.0239327,0.0225535,0.0211828,0.0198202,0.0184651,0.017117,0.0157754,0.0144398,0.0131097,0.0117846,0.0104639,0.00914726,0.00783407,0.00652385,0.0052161,0.00391035,0.00260607
1,0.967904,0.936136,0.904998,0.874746,0.845581,0.81764,0.791005,0.765706,0.741736,0.719056,0.697609,0.677325,0.658127,0.639938,0.622681,0.606281,0.59067,0.575782,0.561559,0.547947,0.534897,0.522365,0.510312,0.4987,0.487499,0.476679,0.466214,0.456081,0.446258,0.436727,0.427471,0.418473,0.409721,0.4012,0.392899,0.384808,0.376916,0.369216,0.361698,0.354356,0.347181,0.340169,0.333312,0.326605,0.320043,0.313621,0.307335,0.301181,0.295153,0.28925,0.283466,0.277799,0.272245,0.266802,0.261466,0.256235,0.251106,0.246076,0.241144,0.236306,0.231561,0.226906,0.222339,0.217859,0.213463,0.209149,0.204915,0.20076,0.196682,0.19268,0.188751,0.184894,0.181108,0.17739,0.17374,0.170156,0.166637,0.163181,0.159787,0.156453,0.153178,0.149962,0.146802,0.143698,0.140649,0.137652,0.134707,0.131814,0.12897,0.126175,0.123427,0.120727,0.118072,0.115461,0.112894,0.11037,0.107887,0.105445,0.103043,0.10068,0.098355,0.0960671,0.0938155,0.0915994,0.0894179,0.0872701,0.0851554,0.0830728,0.0810217,0.0790012,0.0770105,0.075049,0.0731159,0.0712104,0.0693319,0.0674796,0.0656528,0.0638509,0.0620731,0.0603189,0.0585874,0.0568782,0.0551905,0.0535237,0.0518771,0.0502502,0.0486424,0.047053,0.0454814,0.043927,0.0423893,0.0408676,0.0393615,0.0378702,0.0363933,0.0349302,0.0334804,0.0320432,0.0306182,0.0292048,0.0278025,0.0264107,0.025029,0.0236567,0.0222935,0.0209386,0.0195918,0.0182523,0.0169198,0.0155937,0.0142735,0.0129587,0.0116489,0.0103435,0.00904195,0.00774388,0.00644875,0.00515606,0.00386534,0.00257608
1,0.965752,0.931924,0.898896,0.866982,0.836414,0.807338,0.779824,0.753881,0.729471,0.706527,0.684959,0.66467,0.645558,0.627525,0.610477,0.594325,0.578989,0.564395,0.550478,0.537178,0.524441,0.512222,0.500476,0.489168,0.478263,0.467732,0.457547,0.447686,0.438127,0.42885,0.419839,0.411079,0.402554,0.394253,0.386165,0.378278,0.370583,0.363072,0.355737,0.34857,0.341564,0.334715,0.328015,0.32146,0.315044,0.308763,0.302613,0.296589,0.290688,0.284907,0.279241,0.273688,0.268244,0.262908,0.257675,0.252543,0.247511,0.242574,0.237732,0.232982,0.228321,0.223749,0.219262,0.214858,0.210537,0.206296,0.202133,0.198047,0.194035,0.190097,0.186231,0.182436,0.178709,0.175049,0.171455,0.167926,0.16446,0.161056,0.157713,0.154428,0.151202,0.148032,0.144918,0.141859,0.138853,0.135899,0.132996,0.130143,0.127338,0.124582,0.121873,0.119209,0.11659,0.114015,0.111482,0.108992,0.106542,0.104133,0.101763,0.099431,0.0971365,0.0948786,0.0926564,0.0904691,0.0883158,0.0861958,0.0841082,0.0820524,0.0800275,0.0780327,0.0760674,0.0741308,0.0722221,0.0703407,0.0684858,0.0666567,0.0648528,0.0630734,0.0613179,0.0595854,0.0578755,0.0561875,0.0545207,0.0528745,0.0512482,0.0496414,0.0480533,0.0464834,0.0449311,0.0433958,0.0418769,0.0403738,0.038886,0.0374129,0.035954,0.0345087,0.0330765,0.0316568,0.0302491,0.0288529,0.0274675,0.0260926,0.0247276,0.0233719,0.0220251,0.0206866,0.019356,0.0180327,0.0167162,0.0154061,0.0141018,0.0128029,0.0115088,0.0102191,0.00893325,0.00765079,0.00637123,0.00509409,0.00381888,0.00254511
1,0.96318,0.92691,0.891679,0.857873,0.825755,0.795473,0.767071,0.740522,0.715743,0.692622,0.671031,0.650837,0.63191,0.614127,0.597376,0.581553,0.566566,0.552332,0.53878,0.525844,0.513469,0.501603,0.490204,0.479232,0.468654,0.458438,0.448558,0.43899,0.429713,0.420708,0.411958,0.403448,0.395164,0.387095,0.379229,0.371555,0.364066,0.356752,0.349607,0.342622,0.335792,0.329111,0.322574,0.316175,0.30991,0.303774,0.297764,0.291875,0.286104,0.280448,0.274904,0.269468,0.264137,0.25891,0.253782,0.248753,0.243819,0.238978,0.234229,0.229568,0.224994,0.220506,0.2161,0.211776,0.207531,0.203365,0.199274,0.195258,0.191315,0.187443,0.183642,0.179909,0.176243,0.172642,0.169106,0.165633,0.162222,0.158871,0.155579,0.152346,0.149169,0.146047,0.14298,0.139967,0.137005,0.134095,0.131234,0.128423,0.125659,0.122943,0.120272,0.117646,0.115065,0.112526,0.110029,0.107573,0.105158,0.102782,0.100445,0.0981448,0.0958817,0.0936546,0.0914626,0.0893049,0.0871807,0.0850892,0.0830296,0.0810013,0.0790033,0.0770351,0.0750958,0.0731848,0.0713013,0.0694446,0.067614,0.0658089,0.0640286,0.0622724,0.0605396,0.0588297,0.0571419,0.0554757,0.0538304,0.0522054,0.0506001,0.0490139,0.0474462,0.0458964,0.044364,0.0428483,0.0413487,0.0398648,0.038396,0.0369416,0.0355013,0.0340743,0.0326603,0.0312585,0.0298686,0.02849,0.0271222,0.0257647,0.0244169,0.0230783,0.0217484,0.0204268,0.019113,0.0178063,0.0165064,0.0152128,0.0139249,0.0126423,0.0113644,0.0100909,0.00882119,0.00755482,0.00629132,0.0050302,0.00377098,0.0025132
1,0.960059,0.920858,0.883038,0.847075,0.813262,0.781727,0.752467,0.725392,0.700356,0.677187,0.655705,0.635737,0.617118,0.599699,0.583347,0.567945,0.553389,0.539588,0.526465,0.513951,0.501986,0.490519,0.479505,0.468904,0.458682,0.448808,0.439256,0.430003,0.421027,0.41231,0.403836,0.395591,0.387561,0.379734,0.3721,0.364649,0.357373,0.350265,0.343316,0.33652,0.329871,0.323365,0.316995,0.310757,0.304647,0.29866,0.292794,0.287043,0.281406,0.275879,0.270458,0.265142,0.259927,0.254811,0.249792,0.244867,0.240034,0.235291,0.230637,0.226068,0.221583,0.21718,0.212858,0.208615,0.204448,0.200358,0.196341,0.192397,0.188523,0.18472,0.180984,0.177315,0.173711,0.170171,0.166694,0.163279,0.159924,0.156627,0.153389,0.150207,0.14708,0.144008,0.140989,0.138022,0.135107,0.132241,0.129424,0.126655,0.123934,0.121258,0.118627,0.11604,0.113496,0.110995,0.108535,0.106115,0.103735,0.101393,0.099089,0.096822,0.0945912,0.0923957,0.0902347,0.0881074,0.086013,0.0839508,0.0819201,0.0799199,0.0779497,0.0760087,0.0740962,0.0722115,0.0703538,0.0685225,0.066717,0.0649365,0.0631804,0.061448,0.0597388,0.058052,0.056387,0.0547432,0.05312,0.0515169,0.0499331,0.0483681,0.0468214,0.0452923,0.0437802,0.0422847,0.0408051,0.0393409,0.0378916,0.0364565,0.0350352,0.0336271,0.0322318,0.0308486,0.029477,0.0281166,0.0267668,0.0254271,0.024097,0.022776,0.0214636,0.0201594,0.0188628,0.0175733,0.0162904,0.0150137,0.0137427,0.0124769,0.0112158,0.00995891,0.00870582,0.00745603,0.00620905,0.00496442,0.00372168,0.00248033
1,0.956198,0.913425,0.87254,0.834126,0.798491,0.765705,0.735679,0.708223,0.683102,0.660064,0.638867,0.619288,0.601125,0.584203,0.568369,0.553491,0.539456,0.526167,0.513541,0.501508,0.490006,0.478982,0.468393,0.458197,0.448361,0.438857,0.429656,0.420738,0.412082,0.40367,0.395487,0.387519,0.379753,0.37218,0.364788,0.357569,0.350514,0.343617,0.336871,0.33027,0.323809,0.317481,0.311284,0.305211,0.29926,0.293427,0.287707,0.282099,0.276598,0.271202,0.265909,0.260715,0.255619,0.250617,0.245708,0.24089,0.23616,0.231517,0.226959,0.222483,0.218089,0.213774,0.209537,0.205376,0.20129,0.197277,0.193336,0.189465,0.185663,0.181928,0.17826,0.174656,0.171116,0.167638,0.164221,0.160865,0.157566,0.154326,0.151142,0.148013,0.144938,0.141916,0.138946,0.136027,0.133158,0.130339,0.127566,0.124841,0.122162,0.119528,0.116938,0.114391,0.111886,0.109423,0.107,0.104617,0.102273,0.0999661,0.0976966,0.0954634,0.0932656,0.0911025,0.0889733,0.0868772,0.0848135,0.0827813,0.08078,0.0788089,0.0768671,0.0749541,0.073069,0.0712113,0.0693801,0.067575,0.0657951,0.0640399,0.0623087,0.0606008,0.0589156,0.0572526,0.055611,0.0539903,0.0523898,0.0508091,0.0492474,0.0477043,0.046179,0.0446712,0.0431802,0.0417054,0.0402463,0.0388023,0.037373,0.0359578,0.0345561,0.0331674,0.0317912,0.030427,0.0290743,0.0277326,0.0264013,0.02508,0.0237681,0.0224652,0.0211708,0.0198844,0.0186055,0.0173336,0.0160683,0.014809,0.0135554,0.0123068,0.0110629,0.0098232,0.0085872,0.00735444,0.00612446,0.00489679,0.00367097,0.00244655
1,0.951307,0.904106,0.859569,0.8184,0.780869,0.746924,0.71632,0.688721,0.663764,0.6411,0.620412,0.601422,0.583892,0.56762,0.552435,0.538194,0.524777,0.512082,0.500025,0.488534,0.477547,0.467012,0.456886,0.44713,0.437711,0.428601,0.419775,0.411212,0.402892,0.394801,0.386923,0.379244,0.371755,0.364444,0.357303,0.350323,0.343498,0.336819,0.330283,0.323882,0.317612,0.311469,0.305447,0.299544,0.293756,0.288079,0.28251,0.277046,0.271685,0.266424,0.26126,0.256191,0.251215,0.24633,0.241534,0.236824,0.232199,0.227658,0.223198,0.218818,0.214516,0.21029,0.20614,0.202063,0.198059,0.194125,0.190261,0.186464,0.182735,0.179071,0.175471,0.171934,0.168458,0.165044,0.161689,0.158392,0.155152,0.151968,0.148839,0.145764,0.142742,0.139772,0.136852,0.133983,0.131162,0.128388,0.125662,0.122981,0.120346,0.117754,0.115206,0.1127,0.110235,0.107811,0.105427,0.103081,0.100773,0.0985024,0.0962682,0.0940695,0.0919056,0.0897757,0.0876791,0.0856149,0.0835825,0.0815812,0.0796101,0.0776686,0.075756,0.0738716,0.0720147,0.0701846,0.0683807,0.0666023,0.0648488,0.0631195,0.0614138,0.059731,0.0580706,0.0564319,0.0548143,0.0532172,0.0516401,0.0500824,0.0485434,0.0470226,0.0455195,0.0440335,0.042564,0.0411105,0.0396724,0.0382492,0.0368405,0.0354456,0.034064,0.0326952,0.0313388,0.0299941,0.0286608,0.0273382,0.0260259,0.0247235,0.0234303,0.022146,0.0208701,0.019602,0.0183413,0.0170875,0.0158402,0.0145988,0.013363,0.0121322,0.0109059,0.00968382,0.00846536,0.0072501,0.00603757,0.00482732,0.0036189,0.00241184
1,0.944923,0.892123,0.84323,0.799037,0.759661,0.724801,0.693957,0.666577,0.642133,0.62016,0.600258,0.582097,0.565402,0.54995,0.535557,0.522073,0.509375,0.49736,0.485944,0.475055,0.464635,0.454634,0.445009,0.435725,0.426751,0.41806,0.40963,0.401441,0.393476,0.385719,0.378158,0.370781,0.363578,0.356539,0.349657,0.342924,0.336334,0.32988,0.323558,0.317362,0.311289,0.305334,0.299493,0.293763,0.288141,0.282623,0.277208,0.271892,0.266673,0.261548,0.256516,0.251574,0.246721,0.241954,0.237272,0.232673,0.228156,0.223718,0.219358,0.215074,0.210866,0.206732,0.20267,0.198678,0.194757,0.190904,0.187117,0.183397,0.179741,0.176149,0.172619,0.16915,0.165741,0.162391,0.159098,0.155862,0.152682,0.149556,0.146484,0.143464,0.140495,0.137578,0.134709,0.131889,0.129117,0.126392,0.123712,0.121077,0.118486,0.115938,0.113432,0.110968,0.108544,0.10616,0.103814,0.101507,0.0992365,0.0970026,0.0948044,0.092641,0.0905118,0.0884159,0.0863525,0.0843211,0.0823208,0.0803509,0.0784108,0.0764997,0.0746169,0.0727618,0.0709338,0.069132,0.067356,0.065605,0.0638785,0.0621757,0.0604961,0.0588391,0.057204,0.0555902,0.0539972,0.0524244,0.0508712,0.049337,0.0478213,0.0463235,0.044843,0.0433793,0.0419319,0.0405002,0.0390837,0.0376819,0.0362942,0.0349202,0.0335592,0.0322109,0.0308747,0.0295501,0.0282365,0.0269336,0.0256409,0.0243578,0.0230838,0.0218186,0.0205615,0.0193123,0.0180702,0.016835,0.0156061,0.0143832,0.0131656,0.011953,0.0107449,0.00954082,0.00834036,0.00714305,0.00594843,0.00475605,0.00356547,0.00237623
1,0.936263,0.876234,0.822189,0.774856,0.733939,0.698663,0.66813,0.641495,0.618033,0.597148,0.578365,0.561304,0.545668,0.53122,0.51777,0.505167,0.49329,0.48204,0.471334,0.461108,0.451305,0.44188,0.432792,0.424011,0.415508,0.40726,0.399245,0.391447,0.38385,0.376442,0.36921,0.362144,0.355236,0.348478,0.341862,0.335382,0.329033,0.32281,0.316707,0.310721,0.304848,0.299085,0.293428,0.287874,0.282421,0.277066,0.271806,0.26664,0.261566,0.25658,0.251682,0.246869,0.242141,0.237494,0.232928,0.228442,0.224032,0.219699,0.215441,0.211256,0.207143,0.203101,0.199128,0.195224,0.191387,0.187615,0.183909,0.180266,0.176685,0.173166,0.169706,0.166306,0.162965,0.15968,0.156451,0.153277,0.150157,0.14709,0.144076,0.141112,0.138198,0.135334,0.132518,0.129749,0.127026,0.124349,0.121717,0.119129,0.116583,0.11408,0.111617,0.109195,0.106813,0.10447,0.102164,0.0998957,0.0976637,0.0954674,0.093306,0.0911787,0.0890848,0.0870236,0.0849943,0.0829963,0.0810288,0.0790911,0.0771826,0.0753026,0.0734503,0.0716253,0.0698267,0.0680539,0.0663064,0.0645835,0.0628845,0.0612089,0.0595561,0.0579253,0.0563162,0.054728,0.0531602,0.0516122,0.0500834,0.0485734,0.0470815,0.0456071,0.0441499,0.0427091,0.0412843,0.039875,0.0384806,0.0371006,0.0357345,0.0343818,0.033042,0.0317146,0.0303991,0.029095,0.0278018,0.0265191,0.0252463,0.023983,0.0227287,0.021483,0.0202453,0.0190153,0.0177924,0.0165762,0.0153663,0.0141621,0.0129633,0.0117693,0.0105798,0.00939425,0.00821225,0.00703333,0.00585707,0.00468301,0.00351071,0.00233974
1,0.923895,0.85436,0.794438,0.74426,0.702574,0.667781,0.638405,0.613242,0.591355,0.572035,0.554748,0.539088,0.524748,0.511491,0.499135,0.487536,0.476579,0.466174,0.456247,0.446738,0.437598,0.428786,0.42027,0.412019,0.404011,0.396225,0.388644,0.381252,0.374037,0.366988,0.360095,0.35335,0.346745,0.340274,0.333931,0.32771,0.321607,0.315618,0.309739,0.303967,0.298298,0.29273,0.28726,0.281885,0.276603,0.271413,0.266312,0.261298,0.256369,0.251525,0.246763,0.242081,0.237478,0.232954,0.228506,0.224133,0.219833,0.215607,0.211451,0.207366,0.20335,0.199401,0.195519,0.191703,0.187951,0.184263,0.180637,0.177072,0.173567,0.170122,0.166735,0.163405,0.160131,0.156913,0.153749,0.150638,0.14758,0.144573,0.141617,0.13871,0.135852,0.133042,0.130279,0.127562,0.12489,0.122263,0.119679,0.117138,0.114638,0.11218,0.109762,0.107384,0.105044,0.102742,0.100477,0.0982484,0.0960556,0.0938975,0.0917737,0.0896832,0.0876254,0.0855996,0.0836051,0.0816412,0.0797072,0.0778024,0.0759262,0.0740779,0.0722568,0.0704624,0.0686939,0.0669508,0.0652324,0.0635382,0.0618674,0.0602196,0.058594,0.0569902,0.0554076,0.0538455,0.0523034,0.0507808,0.0492771,0.0477918,0.0463242,0.0448739,0.0434404,0.042023,0.0406214,0.0392349,0.0378631,0.0365055,0.0351615,0.0338306,0.0325125,0.0312065,0.0299122,0.0286291,0.0273567,0.0260946,0.0248423,0.0235993,0.0223652,0.0211394,0.0199216,0.0187113,0.017508,0.0163113,0.0151207,0.0139358,0.0127562,0.0115813,0.0104108,0.00924419,0.00808107,0.006921,0.00576352,0.00460822,0.00345465,0.00230238
1,0.904956,0.822872,0.756943,0.705172,0.664317,0.631481,0.604468,0.581711,0.56211,0.54489,0.529503,0.515551,0.502744,0.490863,0.479745,0.469262,0.459316,0.44983,0.440741,0.431998,0.423562,0.415399,0.407481,0.399785,0.392292,0.384986,0.377852,0.37088,0.364058,0.357378,0.350833,0.344416,0.338121,0.331943,0.325877,0.31992,0.314068,0.308317,0.302665,0.297109,0.291647,0.286277,0.280996,0.275802,0.270695,0.265671,0.26073,0.25587,0.25109,0.246388,0.241763,0.237213,0.232739,0.228337,0.224008,0.21975,0.215562,0.211443,0.207392,0.203407,0.199489,0.195635,0.191845,0.188118,0.184452,0.180848,0.177304,0.173818,0.170391,0.167021,0.163707,0.160448,0.157243,0.154092,0.150994,0.147947,0.144951,0.142005,0.139108,0.13626,0.133458,0.130703,0.127994,0.12533,0.12271,0.120133,0.117598,0.115105,0.112653,0.110241,0.107868,0.105533,0.103237,0.100977,0.0987537,0.0965658,0.0944127,0.0922938,0.0902082,0.0881552,0.0861343,0.0841446,0.0821855,0.0802564,0.0783566,0.0764853,0.0746421,0.0728261,0.0710369,0.0692737,0.067536,0.0658232,0.0641345,0.0624695,0.0608276,0.0592081,0.0576105,0.0560342,0.0544786,0.0529432,0.0514274,0.0499308,0.0484526,0.0469925,0.0455498,0.0441241,0.0427148,0.0413214,0.0399434,0.0385803,0.0372316,0.0358968,0.0345754,0.0332669,0.0319709,0.0306868,0.0294141,0.0281525,0.0269014,0.0256604,0.024429,0.0232068,0.0219933,0.020788,0.0195905,0.0184003,0.0172171,0.0160403,0.0148695,0.0137043,0.0125443,0.0113889,0.0102379,0.00909068,0.00794689,0.00680608,0.00566783,0.00453171,0.00339729,0.00226415
1,0.873059,0.775228,0.705289,0.655169,0.618041,0.589358,0.566276,0.547026,0.530483,0.515913,0.502823,0.490871,0.479813,0.469472,0.459718,0.450451,0.441595,0.433089,0.424888,0.416952,0.409254,0.401766,0.39447,0.387348,0.380387,0.373574,0.3669,0.360357,0.353937,0.347634,0.341443,0.33536,0.329379,0.323499,0.317715,0.312025,0.306426,0.300917,0.295495,0.290158,0.284905,0.279735,0.274645,0.269634,0.264702,0.259847,0.255067,0.250363,0.245732,0.241174,0.236687,0.232271,0.227925,0.223648,0.219439,0.215297,0.211222,0.207211,0.203265,0.199383,0.195563,0.191805,0.188108,0.184471,0.180893,0.177374,0.173912,0.170507,0.167157,0.163863,0.160623,0.157436,0.154302,0.151219,0.148187,0.145206,0.142273,0.139389,0.136552,0.133762,0.131018,0.128319,0.125665,0.123054,0.120486,0.11796,0.115476,0.113032,0.110627,0.108262,0.105935,0.103646,0.101393,0.0991763,0.0969951,0.0948486,0.0927361,0.0906568,0.0886102,0.0865955,0.084612,0.0826591,0.0807362,0.0788425,0.0769775,0.0751405,0.0733308,0.0715479,0.0697911,0.0680598,0.0663535,0.0646715,0.0630132,0.061378,0.0597655,0.0581749,0.0566058,0.0550575,0.0535296,0.0520214,0.0505325,0.0490623,0.0476103,0.0461759,0.0447586,0.043358,0.0419735,0.0406045,0.0392507,0.0379115,0.0365864,0.0352749,0.0339766,0.0326909,0.0314174,0.0301557,0.0289052,0.0276655,0.0264362,0.0252168,0.0240067,0.0228057,0.0216132,0.0204288,0.019252,0.0180825,0.0169197,0.0157633,0.0146128,0.0134677,0.0123277,0.0111924,0.0100612,0.00893379,0.00780975,0.00668864,0.00557003,0.00445352,0.00333868,0.00222509
1,0.812052,0.699692,0.633817,0.592175,0.56332,0.541632,0.524252,0.509632,0.496882,0.485457,0.475006,0.465296,0.456164,0.447495,0.439205,0.43123,0.423522,0.416044,0.408768,0.401671,0.394734,0.387942,0.381284,0.37475,0.368332,0.362023,0.355818,0.349711,0.343699,0.337778,0.331946,0.3262,0.320538,0.314959,0.309459,0.304039,0.298696,0.29343,0.28824,0.283124,0.278081,0.273112,0.268215,0.263388,0.258633,0.253947,0.24933,0.244782,0.240301,0.235888,0.231541,0.22726,0.223044,0.218892,0.214804,0.210779,0.206816,0.202915,0.199075,0.195296,0.191575,0.187914,0.184311,0.180765,0.177275,0.173842,0.170464,0.16714,0.163869,0.160652,0.157486,0.154372,0.151309,0.148296,0.145331,0.142415,0.139547,0.136725,0.133949,0.131219,0.128533,0.125891,0.123293,0.120736,0.118221,0.115747,0.113313,0.110919,0.108563,0.106245,0.103965,0.101721,0.0995132,0.0973404,0.0952021,0.0930976,0.0910263,0.0889875,0.0869805,0.0850047,0.0830594,0.081144,0.0792578,0.0774002,0.0755706,0.0737684,0.071993,0.0702437,0.06852,0.0668212,0.0651468,0.0634962,0.0618688,0.0602641,0.0586815,0.0571204,0.0555803,0.0540607,0.052561,0.0510806,0.0496191,0.0481758,0.0467504,0.0453423,0.043951,0.0425759,0.0412167,0.0398727,0.0385435,0.0372286,0.0359276,0.0346399,0.0333651,0.0321028,0.0308524,0.0296135,0.0283856,0.0271683,0.0259612,0.0247638,0.0235756,0.0223962,0.0212251,0.0200621,0.0189065,0.017758,0.0166161,0.0154805,0.0143506,0.0132261,0.0121066,0.0109916,0.00988076,0.00877359,0.00766971,0.00656871,0.00547016,0.00437367,0.00327882,0.0021852
1,0.675455,0.577673,0.538111,0.516394,0.501432,0.4896,0.479467,0.47037,0.461957,0.454025,0.446448,0.439142,0.432052,0.42514,0.418376,0.411741,0.405219,0.398798,0.39247,0.386229,0.380068,0.373985,0.367975,0.362037,0.356169,0.350369,0.344636,0.33897,0.333369,0.327834,0.322363,0.316957,0.311615,0.306338,0.301125,0.295975,0.29089,0.285868,0.28091,0.276016,0.271185,0.266417,0.261713,0.257072,0.252494,0.247978,0.243525,0.239133,0.234804,0.230536,0.226329,0.222183,0.218098,0.214072,0.210106,0.206198,0.20235,0.198559,0.194826,0.191149,0.18753,0.183965,0.180457,0.177002,0.173602,0.170255,0.166961,0.163719,0.160528,0.157388,0.154299,0.151258,0.148267,0.145323,0.142427,0.139577,0.136774,0.134015,0.131301,0.128631,0.126005,0.12342,0.120878,0.118376,0.115915,0.113494,0.111112,0.108768,0.106461,0.104192,0.101959,0.0997611,0.0975985,0.0954702,0.0933754,0.0913137,0.0892843,0.0872866,0.0853199,0.0833836,0.0814771,0.0795997,0.077751,0.0759301,0.0741366,0.0723698,0.0706292,0.0689141,0.067224,0.0655583,0.0639165,0.0622979,0.060702,0.0591283,0.0575762,0.0560452,0.0545346,0.0530441,0.0515731,0.050121,0.0486874,0.0472717,0.0458735,0.0444921,0.0431272,0.0417782,0.0404447,0.0391262,0.0378221,0.0365321,0.0352556,0.0339922,0.0327414,0.0315028,0.0302759,0.0290603,0.0278555,0.0266611,0.0254766,0.0243016,0.0231356,0.0219783,0.0208292,0.0196879,0.0185539,0.0174269,0.0163063,0.0151919,0.0140831,0.0129796,0.011881,0.0107868,0.00969666,0.00861013,0.00752683,0.00644634,0.00536827,0.0042922,0.00321775,0.00214449
0,0.312096,0.397434,0.42456,0.433856,0.436415,0.435867,0.433647,0.430423,0.426552,0.422239,0.417617,0.412772,0.407764,0.402636,0.397419,0.392139,0.386814,0.381459,0.376086,0.370706,0.365326,0.359953,0.354595,0.349255,0.343938,0.338648,0.333389,0.328164,0.322975,0.317825,0.312716,0.30765,0.302628,0.297653,0.292726,0.287848,0.283019,0.278242,0.273517,0.268844,0.264225,0.25966,0.255149,0.250693,0.246292,0.241947,0.237657,0.233423,0.229245,0.225123,0.221057,0.217047,0.213092,0.209193,0.205349,0.201559,0.197825,0.194145,0.190519,0.186947,0.183428,0.179962,0.176548,0.173186,0.169876,0.166616,0.163407,0.160247,0.157137,0.154075,0.151062,0.148096,0.145176,0.142303,0.139476,0.136693,0.133955,0.131261,0.12861,0.126001,0.123434,0.120908,0.118422,0.115977,0.11357,0.111202,0.108872,0.106579,0.104323,0.102102,0.0999169,0.0977663,0.0956497,0.0935665,0.091516,0.0894977,0.0875108,0.0855548,0.083629,0.0817329,0.0798658,0.0780272,0.0762164,0.0744329,0.072676,0.0709453,0.0692401,0.0675598,0.0659039,0.0642719,0.0626631,0.0610771,0.0595132,0.057971,0.05645,0.0549495,0.0534691,0.0520083,0.0505665,0.0491432,0.047738,0.0463503,0.0449797,0.0436256,0.0422876,0.0409652,0.0396579,0.0383653,0.0370868,0.0358221,0.0345706,0.033332,0.0321057,0.0308913,0.0296883,0.0284964,0.0273151,0.026144,0.0249826,0.0238304,0.0226872,0.0215524,0.0204256,0.0193064,0.0181945,0.0170893,0.0159905,0.0148977,0.0138104,0.0127283,0.011651,0.010578,0.00950897,0.00844348,0.00738115,0.00632158,0.00526438,0.00420914,0.00315548,0.002103
0,0.175495,0.275405,0.328841,0.358057,0.374504,0.383807,0.388831,0.391125,0.391586,0.390763,0.389011,0.386566,0.383596,0.38022,0.376526,0.372582,0.368439,0.364138,0.35971,0.355182,0.350576,0.345909,0.341195,0.336449,0.331679,0.326897,0.322108,0.317321,0.312542,0.307775,0.303025,0.298298,0.293595,0.288921,0.284279,0.27967,0.275098,0.270564,0.266071,0.261619,0.257211,0.252848,0.24853,0.244259,0.240035,0.23586,0.231734,0.227658,0.223631,0.219655,0.215729,0.211855,0.208031,0.204258,0.200537,0.196866,0.193246,0.189677,0.186159,0.182691,0.179274,0.175906,0.172588,0.169319,0.166098,0.162927,0.159803,0.156726,0.153697,0.150714,0.147777,0.144886,0.14204,0.139238,0.13648,0.133766,0.131094,0.128464,0.125876,0.123329,0.120822,0.118355,0.115927,0.113538,0.111186,0.108872,0.106595,0.104354,0.102148,0.0999773,0.0978407,0.0957377,0.0936678,0.0916304,0.0896247,0.0876503,0.0857066,0.0837929,0.0819087,0.0800533,0.0782263,0.0764269,0.0746548,0.0729091,0.0711895,0.0694954,0.0678261,0.0661812,0.0645601,0.0629623,0.0613871,0.0598342,0.0583029,0.0567928,0.0553033,0.053834,0.0523842,0.0509535,0.0495415,0.0481475,0.0467712,0.045412,0.0440695,0.0427432,0.0414326,0.0401372,0.0388566,0.0375903,0.036338,0.035099,0.033873,0.0326595,0.0314581,0.0302684,0.0290898,0.0279221,0.0267647,0.0256173,0.0244793,0.0233505,0.0222304,0.0211185,0.0200144,0.0189179,0.0178283,0.0167455,0.0156688,0.014598,0.0135327,0.0124723,0.0114167,0.0103653,0.00931776,0.00827371,0.00723275,0.00619449,0.00515854,0.00412452,0.00309204,0.00206072
0,0.114478,0.199851,0.257341,0.295026,0.319738,0.336028,0.346743,0.35366,0.357905,0.360217,0.361095,0.360885,0.359834,0.358121,0.355884,0.353225,0.350223,0.346943,0.343434,0.339738,0.335887,0.33191,0.32783,0.323666,0.319435,0.315151,0.310826,0.306471,0.302096,0.297707,0.293314,0.28892,0.284533,0.280158,0.275797,0.271456,0.267139,0.262847,0.258583,0.254351,0.250153,0.24599,0.241864,0.237777,0.23373,0.229725,0.225762,0.221842,0.217967,0.214136,0.210351,0.206612,0.202919,0.199273,0.195674,0.192122,0.188617,0.185159,0.181749,0.178386,0.17507,0.171801,0.168579,0.165403,0.162273,0.15919,0.156151,0.153159,0.150211,0.147307,0.144448,0.141632,0.138859,0.136129,0.133442,0.130795,0.12819,0.125626,0.123101,0.120617,0.118171,0.115763,0.113394,0.111061,0.108766,0.106506,0.104282,0.102094,0.0999391,0.0978184,0.095731,0.0936763,0.0916537,0.0896625,0.0877024,0.0857726,0.0838726,0.0820018,0.0801597,0.0783457,0.0765592,0.0747998,0.0730667,0.0713596,0.0696778,0.0680208,0.066388,0.064779,0.0631932,0.0616301,0.0600892,0.0585699,0.0570717,0.0555941,0.0541367,0.0526989,0.0512803,0.0498803,0.0484985,0.0471343,0.0457874,0.0444572,0.0431433,0.0418452,0.0405624,0.0392945,0.0380411,0.0368017,0.0355758,0.034363,0.0331629,0.031975,0.030799,0.0296343,0.0284806,0.0273375,0.0262044,0.0250811,0.0239671,0.022862,0.0217653,0.0206768,0.0195959,0.0185223,0.0174556,0.0163954,0.0153413,0.0142929,0.0132499,0.0122117,0.0111782,0.0101487,0.00912311,0.00810088,0.00708167,0.0060651,0.0050508,0.00403838,0.00302747,0.00201768
0,0.082567,0.15218,0.205646,0.244968,0.273393,0.293822,0.308455,0.318865,0.326156,0.331106,0.334269,0.336046,0.336732,0.336548,0.335664,0.334209,0.332286,0.329977,0.327346,0.324447,0.321325,0.318015,0.314548,0.31095,0.307243,0.303445,0.299574,0.295642,0.291663,0.287646,0.283601,0.279537,0.275461,0.271379,0.267297,0.26322,0.259153,0.2551,0.251065,0.24705,0.24306,0.239095,0.23516,0.231256,0.227384,0.223547,0.219746,0.215982,0.212257,0.208572,0.204927,0.201323,0.197761,0.194241,0.190764,0.18733,0.18394,0.180594,0.177292,0.174034,0.170819,0.167649,0.164523,0.161441,0.158402,0.155407,0.152455,0.149546,0.14668,0.143857,0.141075,0.138335,0.135636,0.132979,0.130361,0.127784,0.125246,0.122748,0.120288,0.117866,0.115481,0.113134,0.110823,0.108548,0.106309,0.104105,0.101935,0.099799,0.0976964,0.0956265,0.0935889,0.091583,0.0896082,0.087664,0.0857498,0.0838652,0.0820095,0.0801822,0.0783828,0.0766107,0.0748654,0.0731463,0.071453,0.0697849,0.0681414,0.0665221,0.0649264,0.0633538,0.0618038,0.060276,0.0587697,0.0572845,0.05582,0.0543755,0.0529507,0.051545,0.0501579,0.0487891,0.047438,0.0461041,0.044787,0.0434863,0.0422014,0.040932,0.0396775,0.0384376,0.0372117,0.0359996,0.0348006,0.0336145,0.0324407,0.0312789,0.0301286,0.0289894,0.027861,0.0267428,0.0256345,0.0245358,0.0234461,0.022365,0.0212923,0.0202275,0.0191702,0.01812,0.0170765,0.0160393,0.0150082,0.0139826,0.0129622,0.0119466,0.0109355,0.00992844,0.00892509,0.00792506,0.00692798,0.00593348,0.00494119,0.00395075,0.00296177,0.0019739
0,0.0636101,0.120655,0.168095,0.205806,0.235044,0.257412,0.274391,0.28719,0.296749,0.303782,0.308828,0.312297,0.314499,0.315676,0.316014,0.315662,0.314736,0.313332,0.311525,0.309381,0.30695,0.304276,0.301397,0.298343,0.295141,0.291814,0.288382,0.284861,0.281267,0.277612,0.273908,0.270166,0.266394,0.2626,0.258791,0.254974,0.251154,0.247336,0.243525,0.239725,0.23594,0.232172,0.228425,0.224701,0.221003,0.217334,0.213693,0.210085,0.206509,0.202967,0.199461,0.195992,0.19256,0.189166,0.185811,0.182496,0.17922,0.175985,0.172791,0.169637,0.166525,0.163454,0.160424,0.157435,0.154488,0.151581,0.148716,0.145891,0.143108,0.140364,0.137661,0.134997,0.132373,0.129788,0.127241,0.124733,0.122263,0.119831,0.117436,0.115077,0.112755,0.110468,0.108217,0.106,0.103818,0.101669,0.0995538,0.0974713,0.095421,0.0934025,0.0914153,0.0894587,0.0875323,0.0856356,0.083768,0.0819291,0.0801182,0.0783349,0.0765787,0.0748491,0.0731455,0.0714674,0.0698142,0.0681856,0.066581,0.0649999,0.0634418,0.0619062,0.0603925,0.0589004,0.0574293,0.0559788,0.0545483,0.0531374,0.0517456,0.0503725,0.0490175,0.0476803,0.0463603,0.0450572,0.0437704,0.0424996,0.0412442,0.0400039,0.0387782,0.0375666,0.0363688,0.0351843,0.0340128,0.0328537,0.0317067,0.0305713,0.0294472,0.0283339,0.0272311,0.0261384,0.0250553,0.0239814,0.0229164,0.0218599,0.0208115,0.0197708,0.0187374,0.0177109,0.016691,0.0156774,0.0146695,0.0136671,0.0126697,0.0116771,0.0106888,0.00970449,0.00872378,0.00774631,0.00677173,0.00579967,0.00482976,0.00386165,0.00289498,0.00192939
0,0.0512187,0.0987343,0.140274,0.175118,0.203564,0.226393,0.244506,0.258754,0.269867,0.278444,0.284966,0.289814,0.293293,0.295642,0.297056,0.297688,0.297665,0.297088,0.296044,0.2946,0.292817,0.290744,0.288421,0.285885,0.283165,0.280289,0.277278,0.274153,0.270931,0.267627,0.264255,0.260825,0.257349,0.253836,0.250294,0.246731,0.243153,0.239566,0.235975,0.232386,0.228802,0.225228,0.221667,0.218121,0.214595,0.21109,0.207609,0.204154,0.200726,0.197327,0.19396,0.190624,0.187321,0.184052,0.180819,0.177621,0.17446,0.171336,0.168249,0.1652,0.162189,0.159217,0.156283,0.153388,0.150532,0.147715,0.144936,0.142196,0.139495,0.136832,0.134207,0.131619,0.12907,0.126558,0.124083,0.121645,0.119243,0.116878,0.114548,0.112253,0.109993,0.107767,0.105576,0.103418,0.101293,0.0992003,0.0971401,0.0951115,0.0931142,0.0911475,0.0892111,0.0873044,0.0854269,0.0835782,0.0817577,0.079965,0.0781995,0.0764608,0.0747483,0.0730616,0.0714002,0.0697635,0.0681512,0.0665626,0.0649974,0.0634549,0.0619349,0.0604367,0.0589599,0.057504,0.0560685,0.0546531,0.0532572,0.0518803,0.050522,0.0491819,0.0478595,0.0465544,0.0452661,0.0439941,0.0427381,0.0414976,0.0402721,0.0390613,0.0378648,0.0366821,0.0355127,0.0343563,0.0332126,0.0320809,0.0309611,0.0298526,0.0287551,0.0276681,0.0265913,0.0255244,0.0244668,0.0234183,0.0223784,0.0213467,0.020323,0.0193068,0.0182977,0.0172954,0.0162995,0.0153096,0.0143254,0.0133466,0.0123726,0.0114033,0.0104382,0.00947697,0.00851926,0.00756472,0.00661299,0.00566372,0.00471655,0.00377114,0.00282713,0.00188417
0,0.0425305,0.0827891,0.119151,0.150826,0.177703,0.200088,0.218486,0.233454,0.245522,0.255162,0.262776,0.268702,0.273215,0.276545,0.278878,0.28037,0.281146,0.281314,0.28096,0.28016,0.278976,0.27746,0.275658,0.273609,0.271346,0.268898,0.266289,0.263543,0.260678,0.257711,0.254658,0.25153,0.248341,0.245101,0.241818,0.238502,0.23516,0.231799,0.228424,0.225041,0.221655,0.218271,0.214892,0.211523,0.208166,0.204823,0.201499,0.198196,0.194914,0.191657,0.188426,0.185223,0.182048,0.178904,0.175791,0.17271,0.169663,0.166649,0.163669,0.160725,0.157816,0.154942,0.152105,0.149303,0.146538,0.14381,0.141118,0.138463,0.135844,0.133261,0.130715,0.128205,0.12573,0.123292,0.120888,0.11852,0.116187,0.113889,0.111624,0.109394,0.107197,0.105033,0.102901,0.100802,0.0987352,0.0966995,0.0946949,0.0927208,0.0907768,0.0888625,0.0869774,0.0851211,0.083293,0.0814928,0.0797199,0.0779739,0.0762543,0.0745606,0.0728923,0.0712491,0.0696303,0.0680356,0.0664645,0.0649164,0.063391,0.0618878,0.0604062,0.0589459,0.0575064,0.0560872,0.0546879,0.053308,0.0519471,0.0506048,0.0492805,0.0479738,0.0466844,0.0454118,0.0441555,0.0429152,0.0416903,0.0404806,0.0392855,0.0381047,0.0369377,0.0357842,0.0346437,0.0335159,0.0324003,0.0312965,0.0302042,0.029123,0.0280524,0.0269922,0.0259418,0.0249011,0.0238694,0.0228466,0.0218321,0.0208258,0.0198271,0.0188357,0.0178513,0.0168735,0.0159019,0.0149363,0.0139761,0.0130211,0.012071,0.0111253,0.0101837,0.00924596,0.00831161,0.00738034,0.00645182,0.00552569,0.00460161,0.00367924,0.00275823,0.00183825
0,0.0361142,0.0707408,0.102713,0.131332,0.156333,0.177772,0.195898,0.211053,0.223604,0.233904,0.242276,0.249001,0.254321,0.258444,0.261543,0.263766,0.265237,0.26606,0.266324,0.266104,0.265466,0.264463,0.263143,0.261548,0.259712,0.257667,0.255439,0.253052,0.250527,0.247882,0.245135,0.242298,0.239385,0.236408,0.233377,0.2303,0.227187,0.224045,0.22088,0.217699,0.214507,0.211309,0.208109,0.204912,0.201721,0.198539,0.195369,0.192215,0.189078,0.185961,0.182865,0.179793,0.176746,0.173725,0.170731,0.167767,0.164832,0.161928,0.159055,0.156214,0.153406,0.150631,0.14789,0.145182,0.142508,0.139869,0.137263,0.134693,0.132156,0.129654,0.127187,0.124754,0.122355,0.11999,0.117659,0.115361,0.113097,0.110866,0.108667,0.106501,0.104367,0.102265,0.100195,0.0981553,0.0961465,0.0941679,0.0922192,0.0903001,0.0884099,0.0865484,0.0847152,0.0829097,0.0811315,0.0793802,0.0776554,0.0759565,0.0742832,0.072635,0.0710115,0.0694122,0.0678366,0.0662843,0.0647548,0.0632478,0.0617627,0.0602991,0.0588565,0.0574346,0.0560328,0.0546508,0.0532881,0.0519442,0.0506187,0.0493113,0.0480214,0.0467487,0.0454927,0.044253,0.0430292,0.0418209,0.0406276,0.0394491,0.0382848,0.0371343,0.0359973,0.0348734,0.0337622,0.0326633,0.0315763,0.0305008,0.0294364,0.0283828,0.0273396,0.0263064,0.0252829,0.0242687,0.0232633,0.0222665,0.021278,0.0202972,0.0193239,0.0183578,0.0173984,0.0164455,0.0154986,0.0145574,0.0136217,0.0126909,0.0117649,0.0108432,0.00992554,0.00901155,0.0081009,0.00719326,0.00628827,0.00538562,0.00448497,0.00358598,0.00268832,0.00179166
0,0.0311856,0.0613463,0.0896303,0.115457,0.138525,0.158768,0.17628,0.191256,0.203936,0.214577,0.223423,0.230704,0.236625,0.241366,0.245084,0.247915,0.249975,0.251365,0.252171,0.252468,0.25232,0.251782,0.250904,0.249727,0.248288,0.246618,0.244747,0.242699,0.240495,0.238157,0.2357,0.233141,0.230494,0.227769,0.22498,0.222135,0.219244,0.216314,0.213354,0.210369,0.207365,0.204349,0.201324,0.198295,0.195267,0.192242,0.189225,0.186217,0.183223,0.180243,0.177281,0.174338,0.171416,0.168518,0.165643,0.162794,0.159971,0.157176,0.154409,0.151672,0.148964,0.146287,0.143641,0.141027,0.138444,0.135893,0.133374,0.130888,0.128435,0.126014,0.123625,0.121269,0.118946,0.116655,0.114396,0.112169,0.109974,0.10781,0.105678,0.103577,0.101507,0.099467,0.0974575,0.0954778,0.0935276,0.0916066,0.0897143,0.0878505,0.0860146,0.0842063,0.0824253,0.0806711,0.0789432,0.0772413,0.075565,0.0739138,0.0722873,0.0706851,0.0691067,0.0675517,0.0660197,0.0645103,0.063023,0.0615574,0.060113,0.0586895,0.0572864,0.0559032,0.0545397,0.0531952,0.0518695,0.050562,0.0492725,0.0480004,0.0467453,0.0455069,0.0442848,0.0430784,0.0418875,0.0407116,0.0395504,0.0384034,0.0372703,0.0361506,0.035044,0.0339501,0.0328685,0.0317989,0.0307408,0.029694,0.0286579,0.0276324,0.0266169,0.0256111,0.0246148,0.0236274,0.0226488,0.0216784,0.020716,0.0197612,0.0188137,0.0178731,0.0169391,0.0160114,0.0150895,0.0141733,0.0132622,0.0123561,0.0114545,0.0105571,0.00966371,0.00877385,0.00788723,0.00700353,0.00612242,0.00524359,0.00436669,0.00349141,0.00261743,0.00174441
0,0.0272818,0.0538286,0.0790048,0.102339,0.123543,0.142494,0.159199,0.173754,0.18631,0.197042,0.206135,0.213768,0.22011,0.225312,0.229513,0.232834,0.235383,0.237253,0.238527,0.239276,0.239563,0.239443,0.238964,0.238168,0.237093,0.235771,0.234232,0.2325,0.230599,0.228549,0.226369,0.224074,0.221678,0.219196,0.216639,0.214016,0.211339,0.208614,0.205851,0.203057,0.200236,0.197397,0.194542,0.191678,0.188809,0.185938,0.18307,0.180207,0.177352,0.174508,0.171677,0.168862,0.166065,0.163287,0.160529,0.157794,0.155082,0.152395,0.149734,0.147099,0.144492,0.141912,0.139361,0.13684,0.134348,0.131885,0.129453,0.127052,0.124681,0.122341,0.120031,0.117752,0.115504,0.113287,0.111101,0.108945,0.106819,0.104723,0.102658,0.100622,0.0986156,0.0966386,0.0946904,0.092771,0.0908798,0.0890167,0.0871812,0.085373,0.0835918,0.0818372,0.0801088,0.0784063,0.0767291,0.0750771,0.0734497,0.0718465,0.0702672,0.0687114,0.0671786,0.0656684,0.0641805,0.0627143,0.0612696,0.0598458,0.0584426,0.0570596,0.0556964,0.0543525,0.0530275,0.0517211,0.0504327,0.0491622,0.0479089,0.0466726,0.0454527,0.0442491,0.0430611,0.0418885,0.0407309,0.0395879,0.038459,0.037344,0.0362424,0.0351539,0.0340781,0.0330146,0.031963,0.0309231,0.0298943,0.0288765,0.0278691,0.0268719,0.0258845,0.0249065,0.0239377,0.0229776,0.022026,0.0210824,0.0201465,0.019218,0.0182966,0.017382,0.0164737,0.0155715,0.014675,0.0137839,0.0128979,0.0120167,0.0111399,0.0102672,0.00939834,0.00853292,0.00767066,0.00681124,0.00595433,0.00509963,0.00424681,0.00339556,0.00254557,0.00169652
0,0.024113,0.0476815,0.0702213,0.0913516,0.110813,0.128466,0.144267,0.158252,0.170506,0.181147,0.190307,0.198124,0.204733,0.210259,0.214821,0.218526,0.22147,0.223739,0.225408,0.226546,0.227214,0.227463,0.227341,0.22689,0.226146,0.225143,0.223909,0.222471,0.220852,0.219073,0.217152,0.215106,0.21295,0.210698,0.208362,0.205953,0.20348,0.200954,0.198381,0.19577,0.193127,0.190459,0.18777,0.185067,0.182353,0.179633,0.17691,0.174188,0.17147,0.16876,0.166059,0.163369,0.160694,0.158035,0.155393,0.152771,0.150169,0.147589,0.145032,0.142499,0.139991,0.137509,0.135053,0.132623,0.130222,0.127848,0.125502,0.123185,0.120896,0.118637,0.116406,0.114205,0.112032,0.109889,0.107775,0.10569,0.103634,0.101607,0.099608,0.0976376,0.0956955,0.0937814,0.0918949,0.090036,0.0882042,0.0863993,0.0846209,0.0828688,0.0811426,0.079442,0.0777667,0.0761162,0.0744902,0.0728883,0.0713102,0.0697555,0.0682239,0.0667148,0.065228,0.063763,0.0623195,0.0608971,0.0594953,0.0581139,0.0567523,0.0554102,0.0540872,0.0527829,0.0514969,0.0502289,0.0489784,0.0477451,0.0465285,0.0453283,0.0441442,0.0429756,0.0418223,0.0406838,0.0395599,0.0384501,0.037354,0.0362713,0.0352017,0.0341446,0.0330999,0.0320672,0.031046,0.0300361,0.029037,0.0280485,0.0270702,0.0261017,0.0251427,0.0241929,0.023252,0.0223195,0.0213952,0.0204787,0.0195697,0.0186679,0.0177729,0.0168845,0.0160022,0.0151259,0.0142551,0.0133895,0.0125289,0.0116729,0.0108213,0.00997355,0.00912953,0.00828888,0.00745129,0.00661645,0.00578406,0.0049538,0.00412537,0.00329847,0.00247278,0.00164802
0,0.0214886,0.0425631,0.0628473,0.0820327,0.0998937,0.116289,0.131152,0.144481,0.156316,0.166733,0.175823,0.183689,0.190437,0.196171,0.200987,0.20498,0.208232,0.210823,0.21282,0.214288,0.215282,0.215853,0.216047,0.215903,0.215458,0.214744,0.213791,0.212623,0.211266,0.209738,0.20806,0.206249,0.204319,0.202285,0.200159,0.197953,0.195676,0.193339,0.19095,0.188516,0.186044,0.183542,0.181014,0.178466,0.175903,0.173329,0.170749,0.168166,0.165582,0.163002,0.160428,0.157863,0.155308,0.152766,0.150238,0.147727,0.145234,0.14276,0.140307,0.137875,0.135465,0.133079,0.130717,0.12838,0.126068,0.123782,0.121522,0.119289,0.117083,0.114904,0.112752,0.110628,0.108532,0.106463,0.104421,0.102407,0.100421,0.0984617,0.09653,0.0946253,0.0927476,0.0908966,0.0890721,0.087274,0.0855018,0.0837554,0.0820345,0.0803388,0.078668,0.0770218,0.0753998,0.0738017,0.0722272,0.070676,0.0691476,0.0676417,0.0661581,0.0646962,0.0632557,0.0618364,0.0604377,0.0590594,0.057701,0.0563622,0.0550425,0.0537418,0.0524594,0.0511952,0.0499486,0.0487194,0.0475071,0.0463114,0.0451319,0.0439683,0.0428201,0.041687,0.0405687,0.0394648,0.0383749,0.0372986,0.0362357,0.0351857,0.0341483,0.0331232,0.03211,0.0311083,0.0301179,0.0291383,0.0281693,0.0272105,0.0262615,0.0253221,0.0243919,0.0234706,0.0225578,0.0216533,0.0207566,0.0198676,0.0189858,0.0181109,0.0172427,0.0163808,0.015525,0.0146748,0.01383,0.0129903,0.0121554,0.0113249,0.0104986,0.00967624,0.00885739,0.00804181,0.0072292,0.00641925,0.00561167,0.00480616,0.00400242,0.00320017,0.00239909,0.0015989
0,0.0192785,0.0382349,0.0565721,0.0740385,0.0904399,0.105643,0.119573,0.132202,0.143545,0.153644,0.162562,0.170372,0.177157,0.182998,0.187978,0.192173,0.195657,0.1985,0.200762,0.202503,0.203774,0.204622,0.20509,0.205218,0.205039,0.204586,0.203886,0.202966,0.201848,0.200554,0.199102,0.197509,0.195792,0.193963,0.192036,0.190022,0.187933,0.185777,0.183562,0.181299,0.178992,0.17665,0.174277,0.171881,0.169464,0.167033,0.164591,0.162143,0.159691,0.157239,0.154789,0.152345,0.149909,0.147482,0.145067,0.142666,0.14028,0.137911,0.13556,0.133228,0.130916,0.128626,0.126357,0.124111,0.121889,0.11969,0.117516,0.115367,0.113243,0.111144,0.109071,0.107024,0.105003,0.103008,0.101039,0.0990968,0.0971802,0.0952896,0.093425,0.0915862,0.0897731,0.0879855,0.0862232,0.0844861,0.0827739,0.0810863,0.0794232,0.0777841,0.076169,0.0745774,0.0730092,0.0714639,0.0699412,0.0684409,0.0669626,0.0655059,0.0640706,0.0626562,0.0612626,0.0598892,0.0585357,0.0572018,0.0558872,0.0545914,0.0533141,0.052055,0.0508137,0.0495899,0.0483831,0.047193,0.0460193,0.0448616,0.0437196,0.0425928,0.041481,0.0403838,0.0393009,0.0382318,0.0371763,0.036134,0.0351045,0.0340876,0.0330828,0.0320899,0.0311086,0.0301383,0.029179,0.0282301,0.0272915,0.0263627,0.0254434,0.0245334,0.0236323,0.0227398,0.0218555,0.0209792,0.0201105,0.0192492,0.018395,0.0175474,0.0167063,0.0158712,0.015042,0.0142183,0.0133999,0.0125863,0.0117774,0.0109728,0.0101722,0.00937539,0.00858202,0.0077918,0.00700446,0.0062197,0.00543723,0.00465676,0.00387802,0.0031007,0.00232452,0.00154921
0,0.0173906,0.0345259,0.0511677,0.0671092,0.0821842,0.0962713,0.109293,0.12121,0.132018,0.141738,0.150408,0.158082,0.16482,0.170688,0.175752,0.180077,0.183725,0.186756,0.189227,0.191188,0.192688,0.19377,0.194475,0.194839,0.194895,0.194674,0.194203,0.193506,0.192608,0.191528,0.190285,0.188895,0.187376,0.18574,0.184,0.182169,0.180256,0.178272,0.176225,0.174124,0.171976,0.169788,0.167565,0.165315,0.16304,0.160748,0.158441,0.156124,0.1538,0.151473,0.149145,0.14682,0.1445,0.142186,0.139883,0.13759,0.13531,0.133044,0.130794,0.128561,0.126346,0.12415,0.121974,0.119819,0.117686,0.115574,0.113485,0.11142,0.109377,0.107359,0.105365,0.103395,0.101449,0.0995281,0.0976319,0.0957604,0.0939137,0.0920917,0.0902943,0.0885215,0.0867732,0.0850492,0.0833493,0.0816735,0.0800214,0.0783929,0.0767878,0.0752057,0.0736466,0.07211,0.0705957,0.0691035,0.067633,0.0661839,0.064756,0.0633489,0.0619623,0.0605958,0.0592492,0.0579221,0.0566142,0.0553252,0.0540546,0.0528023,0.0515677,0.0503506,0.0491507,0.0479676,0.0468009,0.0456504,0.0445156,0.0433963,0.0422921,0.0412026,0.0401275,0.0390665,0.0380192,0.0369854,0.0359646,0.0349566,0.0339609,0.0329774,0.0320056,0.0310453,0.030096,0.0291576,0.0282296,0.0273118,0.0264039,0.0255054,0.0246162,0.0237359,0.0228642,0.0220007,0.0211453,0.0202976,0.0194572,0.018624,0.0177975,0.0169775,0.0161637,0.0153559,0.0145536,0.0137567,0.0129649,0.0121778,0.0113951,0.0106166,0.00984208,0.00907113,0.00830352,0.00753896,0.00677717,0.00601788,0.00526081,0.00450567,0.00375219,0.0030001,0.0022491,0.00149894
0,0.0157579,0.0313103,0.0464636,0.0610463,0.0749165,0.0879653,0.100117,0.111328,0.12158,0.13088,0.13925,0.146727,0.153354,0.159183,0.164266,0.168657,0.172409,0.175574,0.1782,0.180334,0.18202,0.183296,0.184201,0.184768,0.185029,0.185012,0.184744,0.184249,0.183549,0.182665,0.181613,0.180412,0.179076,0.17762,0.176056,0.174396,0.172651,0.17083,0.168943,0.166997,0.165001,0.16296,0.160882,0.158772,0.156635,0.154477,0.152301,0.150111,0.147912,0.145707,0.143499,0.14129,0.139084,0.136882,0.134687,0.132501,0.130325,0.128161,0.126011,0.123876,0.121757,0.119655,0.117571,0.115506,0.113461,0.111436,0.109431,0.107449,0.105488,0.10355,0.101634,0.0997404,0.0978703,0.0960234,0.0941998,0.0923995,0.0906227,0.0888693,0.0871392,0.0854326,0.0837491,0.0820889,0.0804516,0.0788372,0.0772455,0.0756763,0.0741294,0.0726046,0.0711017,0.0696203,0.0681604,0.0667215,0.0653035,0.063906,0.0625288,0.0611715,0.0598339,0.0585157,0.0572165,0.0559361,0.0546741,0.0534302,0.0522041,0.0509954,0.0498039,0.0486293,0.0474711,0.046329,0.0452028,0.0440922,0.0429967,0.041916,0.0408499,0.039798,0.03876,0.0377355,0.0367243,0.035726,0.0347403,0.0337669,0.0328054,0.0318556,0.0309171,0.0299896,0.0290729,0.0281665,0.0272702,0.0263838,0.0255068,0.024639,0.0237801,0.0229298,0.0220878,0.0212538,0.0204275,0.0196086,0.0187969,0.017992,0.0171936,0.0164015,0.0156154,0.014835,0.01406,0.0132901,0.0125252,0.0117648,0.0110087,0.0102566,0.00950836,0.00876357,0.00802199,0.00728337,0.00654742,0.00581387,0.00508247,0.00435293,0.003625,0.0028984,0.00217287,0.00144813
0,0.0143308,0.0284939,0.04233,0.055696,0.0684703,0.0805561,0.0918826,0.102403,0.112095,0.120952,0.128986,0.13622,0.142686,0.148423,0.153471,0.157876,0.16168,0.16493,0.167666,0.16993,0.17176,0.173194,0.174264,0.175003,0.175439,0.175601,0.175513,0.175197,0.174676,0.173968,0.173092,0.172063,0.170897,0.169608,0.168208,0.166709,0.165121,0.163455,0.161719,0.159921,0.158069,0.15617,0.154231,0.152256,0.150252,0.148223,0.146174,0.144109,0.142031,0.139945,0.137853,0.135758,0.133663,0.131571,0.129483,0.127401,0.125328,0.123265,0.121214,0.119175,0.117151,0.115142,0.113149,0.111173,0.109215,0.107276,0.105356,0.103456,0.101577,0.0997178,0.0978799,0.0960634,0.0942686,0.0924955,0.0907444,0.0890153,0.0873084,0.0856236,0.083961,0.0823205,0.0807021,0.0791057,0.0775311,0.0759784,0.0744472,0.0729375,0.0714491,0.0699818,0.0685353,0.0671095,0.0657041,0.0643189,0.0629536,0.061608,0.0602817,0.0589746,0.0576863,0.0564166,0.0551652,0.0539317,0.0527159,0.0515175,0.0503362,0.0491716,0.0480235,0.0468915,0.0457754,0.0446747,0.0435893,0.0425189,0.041463,0.0404213,0.0393937,0.0383797,0.0373791,0.0363915,0.0354166,0.0344541,0.0335038,0.0325653,0.0316383,0.0307225,0.0298176,0.0289233,0.0280393,0.0271654,0.0263011,0.0254463,0.0246007,0.0237638,0.0229356,0.0221156,0.0213036,0.0204993,0.0197024,0.0189126,0.0181298,0.0173535,0.0165835,0.0158196,0.0150614,0.0143087,0.0135612,0.0128187,0.0120809,0.0113475,0.0106183,0.00989292,0.00917119,0.00845282,0.00773755,0.00702513,0.00631528,0.00560775,0.00490228,0.00419861,0.00349649,0.00279565,0.00209584,0.0013968
0,0.0130715,0.0260045,0.0386666,0.0509374,0.0627125,0.0739064,0.0844537,0.0943085,0.103443,0.111847,0.119522,0.126482,0.132749,0.138351,0.143321,0.147694,0.151508,0.154799,0.157604,0.159959,0.161898,0.163455,0.164659,0.16554,0.166125,0.16644,0.166508,0.166351,0.165989,0.16544,0.164722,0.163851,0.162842,0.161707,0.160459,0.15911,0.157671,0.15615,0.154556,0.152899,0.151185,0.149421,0.147614,0.14577,0.143893,0.141989,0.140063,0.138118,0.136159,0.134188,0.13221,0.130226,0.128241,0.126255,0.124272,0.122294,0.120322,0.118358,0.116403,0.11446,0.112529,0.110612,0.10871,0.106822,0.104951,0.103098,0.101261,0.0994437,0.0976448,0.0958651,0.0941051,0.092365,0.0906452,0.0889458,0.0872671,0.0856091,0.0839721,0.0823559,0.0807607,0.0791865,0.0776332,0.0761007,0.074589,0.0730981,0.0716276,0.0701776,0.0687479,0.0673382,0.0659484,0.0645784,0.0632278,0.0618964,0.0605841,0.0592906,0.0580157,0.056759,0.0555204,0.0542995,0.053096,0.0519098,0.0507406,0.0495879,0.0484516,0.0473314,0.046227,0.045138,0.0440642,0.0430054,0.0419611,0.0409311,0.0399151,0.0389128,0.0379239,0.0369481,0.0359852,0.0350348,0.0340965,0.0331703,0.0322556,0.0313523,0.0304601,0.0295786,0.0287076,0.0278468,0.0269959,0.0261546,0.0253227,0.0244998,0.0236858,0.0228802,0.0220828,0.0212934,0.0205117,0.0197373,0.0189702,0.0182098,0.0174561,0.0167087,0.0159674,0.0152319,0.0145019,0.0137773,0.0130576,0.0123427,0.0116323,0.0109262,0.010224,0.00952561,0.00883069,0.00813901,0.0074503,0.00676433,0.00608084,0.00539959,0.00472031,0.00404276,0.0033667,0.00269188,0.00201805,0.00134495
0,0.0119508,0.0237859,0.0353945,0.0466744,0.0575359,0.0679034,0.0777173,0.0869336,0.0955234,0.103471,0.110774,0.117437,0.123476,0.128911,0.133767,0.138072,0.141858,0.145154,0.147992,0.150404,0.152419,0.154068,0.155377,0.156373,0.157082,0.157527,0.157729,0.15771,0.157488,0.157081,0.156506,0.155778,0.154911,0.153919,0.152812,0.151603,0.150301,0.148917,0.147458,0.145934,0.144351,0.142716,0.141036,0.139316,0.137562,0.135779,0.133971,0.132143,0.130298,0.12844,0.126572,0.124697,0.122818,0.120937,0.119057,0.11718,0.115307,0.113441,0.111582,0.109733,0.107895,0.106068,0.104255,0.102455,0.100671,0.0989014,0.0971485,0.0954124,0.0936937,0.0919929,0.0903103,0.0886464,0.0870014,0.0853756,0.0837691,0.0821822,0.0806149,0.0790674,0.0775396,0.0760317,0.0745435,0.0730751,0.0716264,0.0701973,0.0687878,0.0673976,0.0660267,0.0646749,0.063342,0.0620279,0.0607323,0.0594551,0.0581961,0.0569549,0.0557315,0.0545255,0.0533367,0.0521649,0.0510098,0.0498711,0.0487487,0.0476421,0.0465512,0.0454756,0.0444151,0.0433695,0.0423384,0.0413215,0.0403186,0.0393294,0.0383536,0.037391,0.0364411,0.0355039,0.0345789,0.0336659,0.0327647,0.0318749,0.0309962,0.0301284,0.0292712,0.0284243,0.0275875,0.0267605,0.025943,0.0251346,0.0243353,0.0235446,0.0227624,0.0219883,0.0212222,0.0204636,0.0197124,0.0189684,0.0182311,0.0175005,0.0167762,0.016058,0.0153456,0.0146388,0.0139373,0.0132408,0.0125492,0.0118622,0.0111795,0.0105008,0.00982605,0.00915485,0.00848699,0.00782224,0.00716035,0.00650109,0.0058442,0.00518946,0.00453662,0.00388545,0.0032357,0.00258713,0.00193952,0.00129262
0,0.0109456,0.0217939,0.032451,0.04283,0.0528531,0.062454,0.0715785,0.0801853,0.0882452,0.0957406,0.102664,0.109016,0.114807,0.12005,0.124764,0.128971,0.132697,0.135966,0.138807,0.141245,0.143307,0.14502,0.146407,0.147494,0.148303,0.148855,0.149172,0.149271,0.149172,0.148891,0.148444,0.147844,0.147107,0.146244,0.145267,0.144188,0.143015,0.141758,0.140426,0.139027,0.137568,0.136056,0.134496,0.132896,0.13126,0.129593,0.1279,0.126184,0.12445,0.122701,0.120941,0.119172,0.117397,0.115619,0.11384,0.112061,0.110286,0.108516,0.106752,0.104995,0.103248,0.101512,0.0997866,0.0980738,0.0963744,0.0946891,0.0930187,0.0913638,0.0897249,0.0881025,0.0864971,0.0849091,0.0833386,0.0817861,0.0802518,0.0787358,0.0772382,0.0757592,0.0742989,0.0728572,0.0714343,0.07003,0.0686443,0.0672772,0.0659286,0.0645984,0.0632865,0.0619927,0.0607169,0.0594589,0.0582186,0.0569957,0.0557902,0.0546016,0.05343,0.0522749,0.0511363,0.0500138,0.0489072,0.0478164,0.046741,0.0456807,0.0446354,0.0436048,0.0425886,0.0415865,0.0405983,0.0396238,0.0386626,0.0377144,0.0367791,0.0358564,0.0349459,0.0340475,0.0331607,0.0322855,0.0314215,0.0305684,0.029726,0.028894,0.0280721,0.0272601,0.0264578,0.0256648,0.0248808,0.0241058,0.0233393,0.0225811,0.021831,0.0210887,0.020354,0.0196265,0.0189062,0.0181926,0.0174856,0.0167849,0.0160903,0.0154015,0.0147182,0.0140404,0.0133676,0.0126996,0.0120363,0.0113774,0.0107226,0.0100717,0.00942453,0.00878077,0.00814022,0.00750264,0.0068678,0.00623548,0.00560544,0.00497745,0.00435129,0.00372672,0.00310351,0.00248145,0.00186029,0.00123981
0,0.0100378,0.019993,0.0297858,0.0393415,0.0485927,0.0574809,0.0659575,0.0739838,0.0815316,0.0885821,0.0951251,0.101158,0.106686,0.111717,0.116267,0.120352,0.123992,0.127208,0.130024,0.132462,0.134546,0.136297,0.137739,0.138893,0.13978,0.14042,0.140831,0.141031,0.141038,0.140867,0.140533,0.140049,0.139428,0.138684,0.137826,0.136866,0.135812,0.134675,0.133461,0.13218,0.130838,0.129442,0.127999,0.126512,0.124989,0.123434,0.12185,0.120244,0.118617,0.116974,0.115319,0.113653,0.111979,0.110301,0.108621,0.10694,0.105261,0.103585,0.101913,0.100249,0.0985918,0.0969438,0.0953059,0.093679,0.0920642,0.0904621,0.0888736,0.0872993,0.0857397,0.0841953,0.0826667,0.0811542,0.0796581,0.0781787,0.0767163,0.075271,0.0738431,0.0724326,0.0710396,0.0696642,0.0683064,0.0669663,0.0656437,0.0643387,0.0630512,0.0617811,0.0605283,0.0592927,0.0580741,0.0568725,0.0556876,0.0545192,0.0533673,0.0522316,0.0511119,0.050008,0.0489198,0.0478469,0.0467891,0.0457463,0.0447182,0.0437046,0.0427051,0.0417197,0.040748,0.0397898,0.0388448,0.0379128,0.0369935,0.0360868,0.0351922,0.0343096,0.0334388,0.0325794,0.0317312,0.030894,0.0300674,0.0292513,0.0284454,0.0276495,0.0268632,0.0260864,0.0253187,0.02456,0.02381,0.0230684,0.022335,0.0216096,0.0208918,0.0201816,0.0194785,0.0187825,0.0180932,0.0174103,0.0167338,0.0160633,0.0153986,0.0147394,0.0140856,0.0134369,0.0127931,0.0121539,0.0115191,0.0108885,0.0102619,0.00963899,0.00901961,0.00840352,0.0077905,0.00718032,0.00657277,0.00596762,0.00536465,0.00476364,0.00416438,0.00356664,0.00297021,0.00237486,0.00178038,0.00118656
0,0.00921253,0.0183545,0.0273576,0.0361574,0.0446953,0.0529196,0.0607866,0.068261,0.0753155,0.081931,0.088096,0.0938056,0.0990606,0.103867,0.108235,0.112177,0.11571,0.118851,0.121619,0.124034,0.126116,0.127884,0.129359,0.130559,0.131505,0.132213,0.132701,0.132986,0.133083,0.133006,0.132771,0.13239,0.131874,0.131237,0.130487,0.129637,0.128694,0.127667,0.126565,0.125394,0.124163,0.122877,0.121543,0.120166,0.11875,0.117302,0.115825,0.114323,0.112801,0.111261,0.109706,0.108141,0.106567,0.104987,0.103403,0.101817,0.100232,0.0986486,0.0970689,0.0954943,0.0939262,0.0923658,0.0908142,0.0892724,0.0877413,0.0862217,0.0847144,0.0832201,0.0817393,0.0802725,0.0788203,0.0773829,0.0759609,0.0745544,0.0731637,0.071789,0.0704306,0.0690885,0.0677628,0.0664537,0.0651611,0.0638851,0.0626257,0.0613829,0.0601565,0.0589466,0.0577531,0.0565757,0.0554146,0.0542694,0.0531401,0.0520265,0.0509284,0.0498457,0.0487782,0.0477257,0.046688,0.0456649,0.0446562,0.0436616,0.0426811,0.0417143,0.040761,0.039821,0.038894,0.0379799,0.0370784,0.0361892,0.0353121,0.0344469,0.0335934,0.0327513,0.0319203,0.0311002,0.0302908,0.0294918,0.028703,0.0279242,0.027155,0.0263954,0.0256449,0.0249035,0.0241708,0.0234466,0.0227308,0.0220229,0.0213229,0.0206304,0.0199453,0.0192673,0.0185962,0.0179317,0.0172737,0.0166219,0.015976,0.0153359,0.0147014,0.0140721,0.0134479,0.0128286,0.012214,0.0116037,0.0109977,0.0103957,0.00979744,0.00920276,0.00861143,0.00802324,0.00743797,0.00685541,0.00627536,0.0056976,0.00512192,0.00454811,0.00397596,0.00340527,0.00283582,0.00226741,0.00169983,0.00113288
0,0.00845781,0.016855,0.0251328,0.0332353,0.0411114,0.0487155,0.0560085,0.062958,0.0695382,0.0757306,0.0815225,0.0869075,0.091884,0.0964552,0.100628,0.104412,0.10782,0.110867,0.113568,0.115939,0.117999,0.119764,0.121252,0.122481,0.123466,0.124226,0.124774,0.125128,0.1253,0.125305,0.125156,0.124864,0.124443,0.123901,0.123251,0.1225,0.121659,0.120735,0.119736,0.11867,0.117543,0.116361,0.115131,0.113857,0.112545,0.111199,0.109824,0.108424,0.107002,0.105561,0.104106,0.102638,0.10116,0.0996759,0.0981865,0.0966943,0.0952013,0.0937091,0.0922194,0.0907336,0.0892531,0.0877792,0.0863128,0.0848551,0.0834069,0.0819691,0.0805424,0.0791275,0.077725,0.0763353,0.0749591,0.0735966,0.0722482,0.0709143,0.0695952,0.0682909,0.0670018,0.065728,0.0644696,0.0632267,0.0619993,0.0607875,0.0595913,0.0584106,0.0572455,0.0560959,0.0549617,0.0538428,0.0527391,0.0516505,0.050577,0.0495182,0.0484742,0.0474447,0.0464296,0.0454286,0.0444417,0.0434686,0.0425091,0.0415631,0.0406303,0.0397106,0.0388036,0.0379093,0.0370273,0.0361575,0.0352997,0.0344536,0.0336189,0.0327956,0.0319833,0.0311818,0.0303909,0.0296104,0.02884,0.0280795,0.0273287,0.0265874,0.0258553,0.0251321,0.0244178,0.023712,0.0230145,0.0223251,0.0216436,0.0209697,0.0203032,0.019644,0.0189917,0.0183462,0.0177072,0.0170746,0.0164481,0.0158275,0.0152126,0.0146031,0.0139989,0.0133998,0.0128054,0.0122158,0.0116305,0.0110494,0.0104724,0.00989914,0.00932948,0.00876322,0.00820015,0.00764006,0.00708275,0.00652803,0.00597568,0.00542552,0.00487733,0.00433093,0.0037861,0.00324267,0.00270041,0.00215915,0.00161867,0.00107878
0,0.00776366,0.015475,0.0230831,0.0305395,0.0377995,0.0448227,0.0515741,0.0580241,0.0641489,0.0699305,0.075356,0.0804179,0.0851129,0.089442,0.0934097,0.0970233,0.100292,0.103229,0.105845,0.108157,0.110177,0.111921,0.113406,0.114645,0.115655,0.116449,0.117044,0.117451,0.117685,0.117758,0.117682,0.117469,0.11713,0.116675,0.116113,0.115454,0.114706,0.113877,0.112975,0.112006,0.110977,0.109893,0.108762,0.107587,0.106373,0.105126,0.103849,0.102546,0.101221,0.0998772,0.0985173,0.0971445,0.0957613,0.0943701,0.0929731,0.0915724,0.0901698,0.0887672,0.087366,0.0859677,0.0845736,0.083185,0.0818029,0.0804284,0.0790623,0.0777055,0.0763588,0.0750227,0.0736979,0.0723849,0.0710842,0.0697962,0.0685212,0.0672597,0.0660118,0.0647778,0.0635579,0.0623523,0.0611611,0.0599843,0.058822,0.0576744,0.0565414,0.055423,0.0543191,0.0532299,0.0521551,0.0510947,0.0500486,0.0490168,0.0479991,0.0469954,0.0460056,0.0450294,0.0440668,0.0431176,0.0421817,0.0412588,0.0403488,0.0394515,0.0385666,0.0376941,0.0368338,0.0359853,0.0351486,0.0343233,0.0335094,0.0327065,0.0319146,0.0311333,0.0303625,0.0296019,0.0288513,0.0281106,0.0273794,0.0266577,0.0259451,0.0252415,0.0245466,0.0238602,0.0231822,0.0225122,0.0218501,0.0211957,0.0205488,0.0199091,0.0192764,0.0186506,0.0180314,0.0174186,0.016812,0.0162114,0.0156167,0.0150275,0.0144437,0.0138651,0.0132914,0.0127226,0.0121584,0.0115985,0.0110428,0.0104912,0.00994329,0.00939902,0.00885817,0.00832053,0.00778591,0.00725413,0.00672498,0.00619828,0.00567385,0.00515148,0.00463098,0.00411218,0.00359488,0.00307889,0.00256403,0.0020501,0.00153692,0.0010243
0,0.0071218,0.0141983,0.0211852,0.0280403,0.0347243,0.0412016,0.0474409,0.0534154,0.059103,0.0644865,0.0695533,0.0742951,0.0787076,0.0827903,0.0865457,0.0899788,0.0930973,0.0959104,0.0984288,0.100665,0.10263,0.104339,0.105804,0.107039,0.108058,0.108874,0.109499,0.109948,0.11023,0.110359,0.110346,0.110201,0.109934,0.109556,0.109074,0.108498,0.107835,0.107094,0.106281,0.105402,0.104465,0.103474,0.102436,0.101355,0.100235,0.0990824,0.0978996,0.0966908,0.0954595,0.094209,0.0929421,0.0916616,0.0903702,0.0890701,0.0877635,0.0864524,0.0851386,0.0838239,0.0825097,0.0811976,0.0798887,0.0785844,0.0772856,0.0759933,0.0747085,0.073432,0.0721645,0.0709066,0.069659,0.0684222,0.0671967,0.0659828,0.0647809,0.0635915,0.0624147,0.0612507,0.0600999,0.0589623,0.0578381,0.0567274,0.0556303,0.0545468,0.053477,0.0524208,0.0513783,0.0503494,0.0493341,0.0483324,0.0473441,0.0463691,0.0454074,0.0444588,0.0435233,0.0426007,0.0416908,0.0407935,0.0399087,0.0390362,0.0381758,0.0373274,0.0364907,0.0356657,0.0348521,0.0340497,0.0332584,0.0324779,0.0317081,0.0309487,0.0301996,0.0294606,0.0287315,0.028012,0.027302,0.0266012,0.0259096,0.0252267,0.0245526,0.0238869,0.0232294,0.02258,0.0219385,0.0213046,0.0206782,0.020059,0.0194468,0.0188415,0.0182429,0.0176507,0.0170647,0.0164849,0.0159109,0.0153425,0.0147797,0.0142221,0.0136697,0.0131221,0.0125792,0.0120409,0.0115069,0.0109771,0.0104512,0.00992913,0.00941063,0.00889554,0.00838367,0.00787484,0.00736887,0.00686558,0.00636479,0.00586631,0.00536996,0.00487558,0.00438296,0.00389195,0.00340236,0.002914,0.00242671,0.00194031,0.00145461,0.000969445
0,0.00652527,0.0130111,0.019419,0.0257121,0.0318558,0.0378187,0.0435727,0.0490936,0.0543611,0.0593592,0.0640755,0.0685015,0.0726323,0.076466,0.0800038,0.0832491,0.0862075,0.0888866,0.091295,0.0934427,0.0953406,0.0969998,0.0984323,0.0996499,0.100665,0.101488,0.102133,0.10261,0.10293,0.103104,0.103142,0.103054,0.10285,0.102539,0.102129,0.101628,0.101043,0.100382,0.0996514,0.0988576,0.0980063,0.097103,0.096153,0.095161,0.0941315,0.0930686,0.0919763,0.090858,0.0897173,0.0885571,0.0873804,0.0861898,0.0849878,0.0837766,0.0825584,0.0813351,0.0801085,0.0788801,0.0776516,0.0764243,0.0751995,0.0739783,0.0727617,0.0715509,0.0703466,0.0691496,0.0679607,0.0667805,0.0656095,0.0644484,0.0632976,0.0621575,0.0610284,0.0599107,0.0588047,0.0577106,0.0566287,0.055559,0.0545018,0.0534571,0.052425,0.0514056,0.050399,0.0494051,0.0484239,0.0474555,0.0464998,0.0455567,0.0446262,0.0437082,0.0428026,0.0419093,0.0410283,0.0401593,0.0393023,0.0384571,0.0376236,0.0368016,0.035991,0.0351916,0.0344033,0.0336259,0.0328593,0.0321031,0.0313574,0.0306219,0.0298964,0.0291807,0.0284747,0.0277781,0.0270909,0.0264127,0.0257434,0.0250829,0.0244309,0.0237872,0.0231517,0.0225241,0.0219043,0.0212921,0.0206873,0.0200896,0.019499,0.0189152,0.0183381,0.0177674,0.0172029,0.0166446,0.0160921,0.0155453,0.0150041,0.0144682,0.0139375,0.0134117,0.0128908,0.0123744,0.0118626,0.0113549,0.0108514,0.0103518,0.00985588,0.00936355,0.0088746,0.00838886,0.00790616,0.00742632,0.00694918,0.00647457,0.0060023,0.00553222,0.00506415,0.00459792,0.00413336,0.00367031,0.0032086,0.00274806,0.00228852,0.00182982,0.00137178,0.000914241
0,0.00596815,0.011902,0.0177678,0.0235333,0.0291682,0.0346446,0.0399375,0.0450251,0.0498888,0.0545137,0.058888,0.0630032,0.066854,0.0704377,0.0737544,0.0768061,0.0795972,0.0821334,0.0844219,0.0864709,0.0882896,0.0898877,0.0912755,0.0924635,0.0934622,0.0942822,0.0949342,0.0954283,0.0957748,0.0959833,0.0960634,0.0960241,0.0958741,0.0956217,0.0952748,0.0948409,0.094327,0.0937398,0.0930857,0.0923704,0.0915997,0.0907787,0.0899122,0.0890049,0.088061,0.0870844,0.0860789,0.0850479,0.0839946,0.082922,0.0818327,0.0807295,0.0796147,0.0784903,0.0773586,0.0762212,0.0750801,0.0739366,0.0727923,0.0716486,0.0705066,0.0693675,0.0682324,0.067102,0.0659774,0.0648592,0.0637482,0.0626451,0.0615503,0.0604644,0.0593879,0.0583211,0.0572645,0.0562184,0.055183,0.0541585,0.0531453,0.0521434,0.051153,0.0501742,0.0492071,0.0482518,0.0473083,0.0463767,0.0454569,0.044549,0.0436529,0.0427686,0.0418959,0.041035,0.0401856,0.0393477,0.0385212,0.037706,0.036902,0.036109,0.0353269,0.0345557,0.033795,0.0330449,0.0323051,0.0315755,0.030856,0.0301463,0.0294463,0.0287559,0.0280749,0.0274031,0.0267404,0.0260865,0.0254413,0.0248046,0.0241763,0.0235561,0.022944,0.0223396,0.0217429,0.0211536,0.0205717,0.0199968,0.0194289,0.0188677,0.0183131,0.0177649,0.0172229,0.016687,0.016157,0.0156326,0.0151138,0.0146003,0.014092,0.0135888,0.0130903,0.0125966,0.0121073,0.0116224,0.0111417,0.0106649,0.010192,0.00972275,0.00925701,0.00879461,0.00833538,0.00787917,0.00742581,0.00697514,0.006527,0.00608122,0.00563766,0.00519614,0.0047565,0.0043186,0.00388227,0.00344736,0.00301369,0.00258113,0.0021495,0.00171866,0.00128845,0.000858706
0,0.00544537,0.0108608,0.0162168,0.0214851,0.0266391,0.031654,0.0365076,0.0411804,0.0456554,0.0499188,0.0539596,0.0577694,0.0613428,0.0646765,0.0677698,0.070624,0.0732418,0.075628,0.0777882,0.0797294,0.0814592,0.082986,0.0843186,0.0854663,0.0864384,0.0872443,0.0878933,0.0883948,0.088758,0.0889916,0.0891044,0.0891046,0.0890002,0.0887988,0.0885078,0.0881342,0.0876844,0.0871647,0.086581,0.0859389,0.0852435,0.0844998,0.0837124,0.0828855,0.0820232,0.0811292,0.0802071,0.0792601,0.0782913,0.0773034,0.0762992,0.075281,0.0742511,0.0732115,0.0721644,0.0711113,0.070054,0.068994,0.0679326,0.0668712,0.065811,0.064753,0.0636982,0.0626475,0.0616018,0.0605617,0.059528,0.0585014,0.0574822,0.0564711,0.0554685,0.0544748,0.0534903,0.0525154,0.0515503,0.0505953,0.0496506,0.0487163,0.0477926,0.0468797,0.0459775,0.0450863,0.0442059,0.0433366,0.0424782,0.0416308,0.0407943,0.0399688,0.0391541,0.0383503,0.0375572,0.0367748,0.036003,0.0352417,0.0344908,0.0337501,0.0330196,0.0322992,0.0315886,0.0308879,0.0301967,0.0295151,0.0288428,0.0281798,0.0275258,0.0268807,0.0262443,0.0256166,0.0249972,0.0243862,0.0237832,0.0231882,0.022601,0.0220214,0.0214493,0.0208844,0.0203267,0.019776,0.019232,0.0186947,0.0181638,0.0176393,0.0171209,0.0166084,0.0161018,0.0156008,0.0151053,0.0146152,0.0141302,0.0136502,0.013175,0.0127045,0.0122386,0.011777,0.0113196,0.0108662,0.0104168,0.00997109,0.00952896,0.00909026,0.00865483,0.00822253,0.00779319,0.00736666,0.0069428,0.00652146,0.00610247,0.0056857,0.00527098,0.00485819,0.00444715,0.00403773,0.00362978,0.00322315,0.0028177,0.00241327,0.00200971,0.00160689,0.00120466,0.000802861
0,0.00495258,0.00987898,0.0147535,0.0195513,0.024249,0.0288247,0.0332587,0.0375334,0.0416337,0.0455467,0.0492621,0.0527721,0.0560711,0.0591557,0.0620246,0.064678,0.0671182,0.0693485,0.0713736,0.0731992,0.0748318,0.0762784,0.0775468,0.0786449,0.0795809,0.0803631,0.081,0.0814998,0.0818708,0.0821209,0.082258,0.0822897,0.0822232,0.0820656,0.0818236,0.0815036,0.0811117,0.0806536,0.0801349,0.0795606,0.0789357,0.0782648,0.077552,0.0768015,0.0760171,0.0752022,0.0743602,0.0734942,0.072607,0.0717013,0.0707796,0.0698441,0.0688971,0.0679405,0.0669761,0.0660057,0.0650307,0.0640527,0.063073,0.0620928,0.0611132,0.0601353,0.05916,0.0581881,0.0572206,0.0562579,0.055301,0.0543502,0.0534062,0.0524694,0.0515403,0.0506193,0.0497066,0.0488027,0.0479077,0.0470219,0.0461455,0.0452788,0.0444217,0.0435744,0.0427371,0.0419099,0.0410926,0.0402855,0.0394885,0.0387016,0.0379249,0.0371582,0.0364015,0.0356549,0.0349182,0.0341914,0.0334743,0.032767,0.0320693,0.0313811,0.0307023,0.0300328,0.0293725,0.0287213,0.028079,0.0274455,0.0268206,0.0262043,0.0255964,0.0249967,0.0244052,0.0238216,0.0232459,0.0226778,0.0221173,0.0215641,0.0210182,0.0204793,0.0199474,0.0194222,0.0189036,0.0183915,0.0178858,0.0173861,0.0168925,0.0164048,0.0159227,0.0154462,0.0149751,0.0145092,0.0140485,0.0135926,0.0131416,0.0126952,0.0122533,0.0118158,0.0113825,0.0109532,0.0105278,0.0101062,0.00968824,0.00927372,0.00886253,0.00845453,0.00804957,0.00764751,0.00724821,0.00685152,0.00645731,0.00606543,0.00567575,0.00528813,0.00490242,0.00451849,0.0041362,0.00375541,0.00337599,0.00299779,0.00262069,0.00224453,0.0018692,0.00149454,0.00112043,0.000746727
0,0.00448597,0.00894908,0.0133669,0.0177176,0.0219808,0.0261371,0.0301691,0.034061,0.0377992,0.0413721,0.0447701,0.0479858,0.0510139,0.0538508,0.0564947,0.0589455,0.0612045,0.0632743,0.0651586,0.0668622,0.0683903,0.0697492,0.0709452,0.0719855,0.0728771,0.0736274,0.0742438,0.0747337,0.0751044,0.0753632,0.0755171,0.075573,0.0755374,0.0754169,0.0752175,0.0749451,0.0746052,0.0742033,0.0737443,0.0732331,0.0726741,0.0720715,0.0714294,0.0707516,0.0700415,0.0693024,0.0685375,0.0677496,0.0669413,0.0661153,0.0652738,0.064419,0.0635528,0.0626773,0.061794,0.0609046,0.0600106,0.0591133,0.058214,0.0573138,0.0564139,0.0555151,0.0546184,0.0537246,0.0528344,0.0519486,0.0510677,0.0501923,0.049323,0.0484601,0.0476041,0.0467554,0.0459143,0.045081,0.0442559,0.0434392,0.042631,0.0418315,0.0410409,0.0402593,0.0394868,0.0387235,0.0379693,0.0372244,0.0364888,0.0357625,0.0350454,0.0343376,0.033639,0.0329496,0.0322694,0.0315982,0.0309361,0.0302828,0.0296384,0.0290028,0.0283758,0.0277574,0.0271475,0.0265458,0.0259525,0.0253672,0.0247899,0.0242205,0.0236588,0.0231048,0.0225582,0.022019,0.021487,0.020962,0.020444,0.0199328,0.0194283,0.0189303,0.0184387,0.0179534,0.0174741,0.0170009,0.0165334,0.0160716,0.0156154,0.0151646,0.014719,0.0142786,0.0138432,0.0134126,0.0129867,0.0125653,0.0121484,0.0117358,0.0113274,0.0109229,0.0105224,0.0101256,0.00973235,0.00934262,0.00895624,0.00857306,0.00819295,0.00781579,0.00744144,0.00706976,0.00670064,0.00633393,0.0059695,0.00560724,0.005247,0.00488866,0.0045321,0.00417717,0.00382376,0.00347174,0.00312098,0.00277135,0.00242273,0.00207499,0.00172801,0.00138165,0.0010358,0.000690324
0,0.00404221,0.00806451,0.0120473,0.0159716,0.0198195,0.0235739,0.0272195,0.0307423,0.03413,0.0373723,0.0404603,0.0433873,0.0461479,0.0487388,0.0511579,0.0534047,0.0554799,0.0573855,0.0591245,0.0607005,0.0621182,0.0633827,0.0644995,0.0654748,0.0663147,0.0670256,0.0676141,0.0680867,0.06845,0.0687104,0.0688743,0.0689477,0.0689367,0.0688471,0.0686844,0.068454,0.0681609,0.0678101,0.0674061,0.0669534,0.066456,0.0659178,0.0653427,0.064734,0.0640949,0.0634286,0.0627378,0.0620253,0.0612935,0.0605448,0.0597814,0.0590052,0.0582181,0.0574218,0.0566181,0.0558083,0.0549938,0.0541759,0.0533559,0.0525347,0.0517134,0.0508929,0.050074,0.0492575,0.048444,0.0476344,0.046829,0.0460285,0.0452334,0.044444,0.0436608,0.042884,0.0421141,0.0413513,0.0405959,0.0398479,0.0391078,0.0383755,0.0376513,0.0369352,0.0362274,0.0355279,0.0348368,0.0341541,0.0334799,0.0328141,0.0321568,0.0315079,0.0308674,0.0302353,0.0296116,0.0289961,0.0283889,0.0277898,0.0271989,0.0266159,0.0260408,0.0254736,0.0249141,0.0243622,0.0238179,0.023281,0.0227514,0.022229,0.0217137,0.0212054,0.0207039,0.0202091,0.019721,0.0192393,0.018764,0.018295,0.017832,0.017375,0.0169239,0.0164785,0.0160387,0.0156044,0.0151754,0.0147516,0.014333,0.0139192,0.0135103,0.0131061,0.0127064,0.0123112,0.0119204,0.0115337,0.011151,0.0107723,0.0103974,0.0100262,0.00965855,0.00929434,0.00893343,0.00857571,0.00822106,0.00786935,0.00752046,0.00717427,0.00683065,0.00648949,0.00615067,0.00581407,0.00547956,0.00514704,0.00481637,0.00448745,0.00416015,0.00383435,0.00350995,0.00318682,0.00286485,0.00254392,0.00222391,0.00190471,0.0015862,0.00126827,0.000950798,0.000633673
0,0.00361837,0.00721944,0.0107862,0.0143021,0.0177515,0.0211196,0.0243927,0.0275586,0.0306064,0.0335267,0.0363117,0.038955,0.0414518,0.0437986,0.0459934,0.0480355,0.049925,0.0516635,0.0532532,0.0546973,0.0559993,0.0571638,0.0581955,0.0590995,0.0598812,0.0605462,0.0611003,0.0615491,0.0618986,0.0621543,0.0623219,0.0624069,0.0624146,0.0623503,0.062219,0.0620255,0.0617744,0.06147,0.0611167,0.0607183,0.0602786,0.0598013,0.0592896,0.0587467,0.0581756,0.0575791,0.0569599,0.0563203,0.0556627,0.0549892,0.0543017,0.0536023,0.0528925,0.052174,0.0514482,0.0507166,0.0499804,0.0492408,0.048499,0.0477558,0.0470122,0.0462691,0.0455272,0.0447873,0.04405,0.0433159,0.0425856,0.0418595,0.0411381,0.0404218,0.039711,0.0390059,0.038307,0.0376143,0.0369283,0.036249,0.0355767,0.0349115,0.0342536,0.0336029,0.0329597,0.0323241,0.0316959,0.0310754,0.0304626,0.0298573,0.0292597,0.0286698,0.0280875,0.0275127,0.0269455,0.0263859,0.0258337,0.0252888,0.0247513,0.0242211,0.023698,0.0231821,0.0226732,0.0221711,0.021676,0.0211875,0.0207057,0.0202305,0.0197617,0.0192992,0.0188429,0.0183927,0.0179486,0.0175103,0.0170779,0.016651,0.0162298,0.0158139,0.0154034,0.0149981,0.0145979,0.0142027,0.0138123,0.0134266,0.0130456,0.012669,0.0122969,0.011929,0.0115653,0.0112056,0.0108499,0.0104979,0.0101497,0.00980502,0.00946382,0.00912596,0.00879134,0.00845984,0.00813136,0.00780577,0.00748297,0.00716285,0.00684529,0.00653019,0.00621743,0.00590691,0.00559851,0.00529213,0.00498766,0.00468499,0.00438401,0.00408462,0.0037867,0.00349016,0.00319488,0.00290076,0.00260769,0.00231557,0.00202428,0.00173374,0.00144382,0.00115443,0.000865452,0.000576793
0,0.00321182,0.00640869,0.00957591,0.0126992,0.0157649,0.0187601,0.0216731,0.024493,0.0272103,0.0298165,0.0323048,0.0346693,0.0369056,0.0390104,0.0409818,0.0428187,0.0445212,0.0460903,0.0475277,0.0488359,0.0500181,0.0510778,0.0520192,0.0528465,0.0535645,0.0541779,0.0546917,0.055111,0.0554409,0.0556862,0.0558521,0.0559433,0.0559646,0.0559207,0.055816,0.0556547,0.0554411,0.0551791,0.0548724,0.0545246,0.0541391,0.0537191,0.0532677,0.0527877,0.0522818,0.0517526,0.0512024,0.0506334,0.0500478,0.0494475,0.0488342,0.0482098,0.0475757,0.0469334,0.0462843,0.0456296,0.0449705,0.0443081,0.0436434,0.0429772,0.0423106,0.0416441,0.0409785,0.0403145,0.0396528,0.0389937,0.0383379,0.0376858,0.0370377,0.0363942,0.0357554,0.0351218,0.0344935,0.0338708,0.033254,0.0326432,0.0320386,0.0314404,0.0308485,0.0302633,0.0296846,0.0291127,0.0285475,0.0279892,0.0274377,0.026893,0.0263551,0.0258241,0.0253,0.0247826,0.0242721,0.0237682,0.0232711,0.0227805,0.0222966,0.0218192,0.0213482,0.0208836,0.0204253,0.0199733,0.0195274,0.0190875,0.0186536,0.0182256,0.0178033,0.0173868,0.0169759,0.0165704,0.0161704,0.0157756,0.0153861,0.0150016,0.0146221,0.0142476,0.0138778,0.0135127,0.0131522,0.0127961,0.0124444,0.012097,0.0117537,0.0114145,0.0110793,0.0107479,0.0104202,0.0100962,0.00977566,0.00945859,0.00914484,0.00883431,0.0085269,0.00822251,0.00792103,0.00762236,0.00732641,0.00703307,0.00674223,0.00645381,0.0061677,0.00588379,0.005602,0.00532222,0.00504436,0.00476831,0.00449398,0.00422127,0.00395009,0.00368033,0.00341191,0.00314472,0.00287866,0.00261365,0.00234959,0.00208638,0.00182393,0.00156214,0.00130092,0.00104017,0.000779795,0.000519706
0,0.0028202,0.0056276,0.00840957,0.0111538,0.0138487,0.016483,0.0190466,0.0215301,0.0239251,0.0262244,0.0284216,0.0305118,0.0324908,0.0343558,0.0361046,0.0377364,0.0392509,0.0406487,0.0419313,0.0431007,0.0441593,0.0451103,0.0459569,0.0467029,0.0473523,0.0479091,0.0483777,0.0487625,0.0490677,0.0492977,0.049457,0.0495497,0.0495799,0.0495519,0.0494694,0.0493363,0.0491563,0.0489328,0.0486691,0.0483685,0.048034,0.0476684,0.0472744,0.0468546,0.0464114,0.045947,0.0454636,0.0449632,0.0444477,0.0439187,0.043378,0.0428269,0.0422671,0.0416997,0.0411259,0.040547,0.039964,0.0393777,0.0387893,0.0381994,0.0376088,0.0370182,0.0364283,0.0358397,0.0352529,0.0346683,0.0340866,0.033508,0.032933,0.0323618,0.0317948,0.0312323,0.0306744,0.0301216,0.0295738,0.0290313,0.0284943,0.0279628,0.027437,0.026917,0.0264028,0.0258946,0.0253924,0.0248961,0.024406,0.0239218,0.0234437,0.0229717,0.0225058,0.0220458,0.0215919,0.0211439,0.0207019,0.0202657,0.0198354,0.0194109,0.0189921,0.0185789,0.0181714,0.0177693,0.0173727,0.0169815,0.0165956,0.0162149,0.0158394,0.0154689,0.0151034,0.0147427,0.0143869,0.0140357,0.0136892,0.0133472,0.0130097,0.0126764,0.0123475,0.0120227,0.011702,0.0113852,0.0110723,0.0107633,0.0104579,0.0101561,0.00985785,0.009563,0.00927147,0.00898318,0.00869803,0.00841593,0.00813678,0.0078605,0.00758699,0.00731617,0.00704793,0.0067822,0.00651888,0.00625788,0.00599911,0.00574249,0.00548791,0.00523531,0.00498458,0.00473564,0.00448841,0.00424279,0.0039987,0.00375605,0.00351475,0.00327473,0.00303589,0.00279814,0.00256141,0.00232561,0.00209065,0.00185645,0.00162292,0.00138999,0.00115755,0.000925537,0.000693859,0.000462432
0,0.0024414,0.00487194,0.00728093,0.00965794,0.011993,0.0142767,0.0165002,0.0186557,0.0207357,0.0227342,0.0246456,0.0264654,0.0281902,0.0298172,0.0313446,0.0327713,0.0340971,0.0353224,0.0364483,0.0374762,0.0384083,0.039247,0.0399952,0.040656,0.0412326,0.0417286,0.0421477,0.0424934,0.0427697,0.0429801,0.0431285,0.0432184,0.0432536,0.0432375,0.0431735,0.043065,0.042915,0.0427267,0.0425029,0.0422465,0.04196,0.0416461,0.0413069,0.0409449,0.0405621,0.0401605,0.039742,0.0393082,0.038861,0.0384018,0.037932,0.037453,0.0369661,0.0364723,0.0359728,0.0354686,0.0349606,0.0344497,0.0339366,0.0334222,0.032907,0.0323917,0.0318769,0.031363,0.0308507,0.0303403,0.0298322,0.0293267,0.0288243,0.0283253,0.0278298,0.0273381,0.0268505,0.0263672,0.0258883,0.025414,0.0249443,0.0244796,0.0240197,0.0235649,0.0231152,0.0226706,0.0222312,0.0217971,0.0213682,0.0209446,0.0205263,0.0201133,0.0197055,0.019303,0.0189058,0.0185137,0.0181269,0.0177451,0.0173685,0.0169969,0.0166303,0.0162687,0.0159119,0.01556,0.0152128,0.0148703,0.0145325,0.0141992,0.0138704,0.013546,0.013226,0.0129103,0.0125987,0.0122913,0.0119879,0.0116884,0.0113929,0.0111011,0.0108131,0.0105287,0.0102478,0.00997048,0.00969652,0.00942587,0.00915846,0.00889421,0.00863302,0.00837483,0.00811955,0.00786709,0.00761739,0.00737035,0.0071259,0.00688395,0.00664443,0.00640726,0.00617236,0.00593965,0.00570905,0.00548048,0.00525387,0.00502913,0.00480619,0.00458496,0.00436539,0.00414738,0.00393086,0.00371575,0.00350198,0.00328948,0.00307816,0.00286795,0.00265878,0.00245057,0.00224325,0.00203674,0.00183096,0.00162585,0.00142133,0.00121733,0.00101377,0.000810573,0.000607672,0.000404992
0,0.00207345,0.00413785,0.00618426,0.00820399,0.0101887,0.0121305,0.014022,0.0158565,0.017628,0.019331,0.020961,0.0225142,0.0239874,0.0253782,0.0266852,0.0279072,0.0290439,0.0300956,0.0310631,0.0319476,0.0327506,0.0334743,0.034121,0.0346931,0.0351935,0.0356251,0.0359909,0.0362939,0.0365374,0.0367245,0.0368584,0.036942,0.0369786,0.036971,0.0369222,0.036835,0.0367121,0.0365561,0.0363694,0.0361545,0.0359136,0.0356489,0.0353624,0.0350561,0.0347317,0.0343909,0.0340355,0.0336668,0.0332864,0.0328954,0.0324953,0.0320871,0.0316719,0.0312507,0.0308245,0.030394,0.0299602,0.0295238,0.0290854,0.0286458,0.0282053,0.0277648,0.0273245,0.026885,0.0264467,0.0260099,0.0255751,0.0251425,0.0247125,0.0242852,0.023861,0.02344,0.0230224,0.0226084,0.0221983,0.0217919,0.0213896,0.0209915,0.0205975,0.0202078,0.0198224,0.0194415,0.0190649,0.0186929,0.0183253,0.0179622,0.0176037,0.0172496,0.0169001,0.0165551,0.0162145,0.0158784,0.0155467,0.0152195,0.0148966,0.014578,0.0142636,0.0139535,0.0136476,0.0133459,0.0130482,0.0127545,0.0124648,0.012179,0.0118971,0.0116189,0.0113444,0.0110737,0.0108065,0.0105428,0.0102826,0.0100258,0.00977231,0.00952209,0.00927505,0.00903113,0.00879026,0.00855238,0.00831741,0.00808527,0.00785592,0.00762926,0.00740524,0.00718378,0.00696482,0.00674828,0.0065341,0.0063222,0.00611252,0.005905,0.00569955,0.00549611,0.00529463,0.00509501,0.00489721,0.00470115,0.00450676,0.00431399,0.00412275,0.00393299,0.00374464,0.00355764,0.00337191,0.00318739,0.00300402,0.00282174,0.00264047,0.00246015,0.00228072,0.00210212,0.00192428,0.00174713,0.00157062,0.00139467,0.00121924,0.00104424,0.00086962,0.000695318,0.000521268,0.000347407
0,0.00171456,0.00342174,0.00511427,0.00678507,0.00842731,0.0100346,0.0116008,0.0131205,0.0145887,0.0160009,0.0173534,0.0186429,0.0198669,0.0210233,0.0221107,0.0231283,0.0240757,0.0249531,0.025761,0.0265003,0.0271723,0.0277787,0.0283213,0.0288021,0.0292234,0.0295874,0.0298968,0.030154,0.0303617,0.0305223,0.0306384,0.0307127,0.0307477,0.0307458,0.0307094,0.0306408,0.0305423,0.0304161,0.0302641,0.0300885,0.0298911,0.0296736,0.0294378,0.0291853,0.0289176,0.0286361,0.0283422,0.0280372,0.0277222,0.0273983,0.0270667,0.0267282,0.0263837,0.0260342,0.0256803,0.0253229,0.0249625,0.0245999,0.0242356,0.0238701,0.0235039,0.0231375,0.0227713,0.0224057,0.0220411,0.0216777,0.0213158,0.0209558,0.0205978,0.0202421,0.0198889,0.0195384,0.0191907,0.018846,0.0185044,0.018166,0.0178309,0.0174992,0.017171,0.0168463,0.0165253,0.0162079,0.0158942,0.0155842,0.0152779,0.0149753,0.0146765,0.0143815,0.0140902,0.0138027,0.0135188,0.0132387,0.0129623,0.0126895,0.0124203,0.0121548,0.0118928,0.0116343,0.0113793,0.0111277,0.0108796,0.0106348,0.0103932,0.010155,0.00991994,0.00968804,0.00945924,0.00923349,0.00901073,0.00879091,0.00857397,0.00835986,0.00814852,0.0079399,0.00773393,0.00753056,0.00732973,0.00713139,0.00693547,0.00674193,0.00655069,0.0063617,0.00617491,0.00599026,0.00580768,0.00562713,0.00544854,0.00527186,0.00509702,0.00492398,0.00475267,0.00458304,0.00441503,0.00424858,0.00408365,0.00392016,0.00375807,0.00359732,0.00343786,0.00327963,0.00312257,0.00296663,0.00281176,0.00265789,0.00250499,0.00235299,0.00220183,0.00205147,0.00190185,0.00175292,0.00160462,0.0014569,0.00130971,0.00116299,0.0010167,0.000870771,0.000725161,0.000579813,0.000434676,0.000289696
0,0.00136303,0.00272028,0.00406602,0.00539469,0.00670093,0.00797966,0.00922614,0.010436,0.0116053,0.0127305,0.0138087,0.0148372,0.0158139,0.0167373,0.0176061,0.0184197,0.0191776,0.0198801,0.0205274,0.0211203,0.0216597,0.022147,0.0225834,0.0229706,0.0233103,0.0236045,0.023855,0.0240638,0.0242329,0.0243644,0.0244604,0.0245228,0.0245537,0.024555,0.0245287,0.0244765,0.0244003,0.0243018,0.0241826,0.0240444,0.0238886,0.0237166,0.0235299,0.0233298,0.0231173,0.0228938,0.0226602,0.0224176,0.0221669,0.0219091,0.0216449,0.0213752,0.0211007,0.020822,0.0205398,0.0202547,0.0199671,0.0196777,0.0193869,0.0190951,0.0188027,0.0185101,0.0182177,0.0179256,0.0176343,0.0173439,0.0170547,0.016767,0.0164809,0.0161966,0.0159143,0.015634,0.0153561,0.0150804,0.0148073,0.0145367,0.0142687,0.0140035,0.013741,0.0134813,0.0132246,0.0129707,0.0127197,0.0124717,0.0122267,0.0119847,0.0117457,0.0115097,0.0112766,0.0110466,0.0108195,0.0105953,0.0103742,0.0101559,0.00994053,0.00972804,0.0095184,0.00931157,0.00910752,0.00890622,0.00870764,0.00851173,0.00831847,0.0081278,0.0079397,0.00775412,0.00757102,0.00739035,0.00721208,0.00703616,0.00686254,0.00669119,0.00652205,0.00635508,0.00619024,0.00602747,0.00586674,0.005708,0.0055512,0.00539629,0.00524323,0.00509197,0.00494247,0.00479468,0.00464855,0.00450404,0.0043611,0.00421968,0.00407975,0.00394125,0.00380413,0.00366836,0.00353388,0.00340066,0.00326864,0.00313779,0.00300805,0.00287939,0.00275175,0.0026251,0.00249939,0.00237457,0.00225061,0.00212745,0.00200506,0.0018834,0.00176241,0.00164206,0.0015223,0.00140309,0.00128438,0.00116615,0.00104833,0.000930895,0.000813796,0.000696992,0.000580441,0.0004641,0.000347928,0.000231882
0,0.0010173,0.00203033,0.00303484,0.00402674,0.00500204,0.005957,0.00688809,0.00779208,0.00866601,0.0095073,0.0103137,0.0110832,0.0118143,0.0125058,0.0131567,0.0137666,0.0143351,0.0148622,0.0153483,0.0157938,0.0161994,0.016566,0.0168947,0.0171866,0.017443,0.0176652,0.0178548,0.0180131,0.0181418,0.0182422,0.0183159,0.0183645,0.0183893,0.018392,0.0183738,0.0183362,0.0182806,0.0182082,0.0181202,0.0180178,0.0179022,0.0177744,0.0176355,0.0174865,0.0173282,0.0171614,0.0169871,0.016806,0.0166188,0.0164262,0.0162288,0.0160271,0.0158218,0.0156133,0.0154022,0.0151888,0.0149736,0.014757,0.0145393,0.0143208,0.0141018,0.0138827,0.0136636,0.0134448,0.0132265,0.0130089,0.0127923,0.0125766,0.0123622,0.0121491,0.0119375,0.0117275,0.0115191,0.0113124,0.0111077,0.0109048,0.0107039,0.010505,0.0103082,0.0101135,0.00992093,0.00973055,0.00954236,0.00935639,0.00917264,0.00899113,0.00881186,0.00863483,0.00846004,0.00828749,0.00811717,0.00794906,0.00778315,0.00761944,0.00745789,0.0072985,0.00714124,0.00698609,0.00683302,0.00668202,0.00653305,0.00638609,0.00624111,0.00609807,0.00595696,0.00581774,0.00568038,0.00554484,0.0054111,0.00527912,0.00514887,0.00502031,0.00489342,0.00476815,0.00464448,0.00452237,0.00440178,0.00428268,0.00416504,0.00404882,0.00393398,0.0038205,0.00370834,0.00359745,0.00348781,0.00337939,0.00327215,0.00316604,0.00306105,0.00295714,0.00285426,0.00275239,0.0026515,0.00255154,0.00245249,0.00235431,0.00225697,0.00216043,0.00206466,0.00196964,0.00187532,0.00178167,0.00168866,0.00159625,0.00150442,0.00141314,0.00132236,0.00123206,0.0011422,0.00105275,0.000963691,0.000874975,0.000786577,0.000698463,0.000610602,0.000522963,0.000435513,0.000348221,0.000261055,0.000173984
0,0.000675852,0.00134888,0.00201629,0.00267538,0.00332351,0.00395822,0.00457716,0.00517819,0.00575937,0.00631898,0.00685549,0.00736763,0.00785435,0.00831483,0.00874848,0.00915489,0.00953388,0.00988545,0.0102098,0.0105071,0.010778,0.011023,0.0112427,0.011438,0.0116097,0.0117587,0.0118859,0.0119922,0.0120788,0.0121466,0.0121966,0.0122298,0.0122472,0.0122497,0.0122384,0.0122141,0.0121777,0.0121301,0.0120721,0.0120045,0.011928,0.0118434,0.0117513,0.0116525,0.0115474,0.0114367,0.0113209,0.0112006,0.0110762,0.0109481,0.0108168,0.0106827,0.0105461,0.0104074,0.0102669,0.0101249,0.0099816,0.00983737,0.0096924,0.0095469,0.00940108,0.00925512,0.00910919,0.00896345,0.00881804,0.0086731,0.00852874,0.00838507,0.0082422,0.00810021,0.00795919,0.00781921,0.00768034,0.00754264,0.00740615,0.00727094,0.00713703,0.00700447,0.00687328,0.0067435,0.00661515,0.00648824,0.00636279,0.00623882,0.00611632,0.00599532,0.00587581,0.00575779,0.00564126,0.00552622,0.00541266,0.00530059,0.00518997,0.00508082,0.00497311,0.00486684,0.00476199,0.00465854,0.00455648,0.0044558,0.00435647,0.00425848,0.00416181,0.00406644,0.00397235,0.00387952,0.00378792,0.00369755,0.00360837,0.00352036,0.00343351,0.00334779,0.00326318,0.00317965,0.00309718,0.00301575,0.00293534,0.00285592,0.00277748,0.00269998,0.0026234,0.00254773,0.00247293,0.00239899,0.00232588,0.00225358,0.00218206,0.00211131,0.00204129,0.001972,0.00190339,0.00183546,0.00176818,0.00170152,0.00163547,0.00157,0.00150509,0.00144071,0.00137685,0.00131348,0.00125058,0.00118813,0.0011261,0.00106448,0.00100325,0.00094237,0.000881833,0.000821615,0.000761692,0.000702045,0.000642652,0.000583491,0.000524541,0.000465781,0.00040719,0.000348746,0.000290429,0.000232217,0.000174089,0.000116024
