0,0,0,0,0,0,0,0,0,0,0,0,0,0,0,0,0,0,0,0,0,0,0,0,0,0,0,0,0,0,0,0,0,0,0,0,0,0,0,0,0,0,0,0,0,0,0,0,0,0,0,0,0,0,0,0,0,0,0,0,0,0,0,0,0,0,0,0,0,0,0,0,0,0,0,0,0,0,0,0,0,0,0,0,0,0,0,0,0,0,0,0,0,0,0,0,0,0,0,0,0,0,0,0,0,0,0,0,0,0,0,0,0,0,0,0,0,0,0,0,0,0,0,0,0,0,0,0,0,0,0,0,0,0,0,0,0,0,0,0,0,0,0,0,0,0,0,0,0,0,0,0,0,0,0,0,0,0,0,0,0
0,0.000336912,0.000672421,0.00100514,0.00133372,0.00165686,0.00197332,0.00228195,0.00258167,0.00287152,0.00315064,0.00341827,0.00367377,0.00391662,0.00414641,0.00436284,0.00456569,0.00475489,0.00493042,0.00509236,0.00524086,0.00537616,0.00549853,0.00560831,0.00570589,0.00579167,0.00586611,0.00592968,0.00598285,0.00602613,0.00606001,0.00608499,0.00610158,0.00611026,0.00611153,0.00610584,0.00609367,0.00607545,0.00605162,0.00602259,0.00598874,0.00595047,0.00590812,0.00586204,0.00581255,0.00575996,0.00570455,0.0056466,0.00558636,0.00552407,0.00545996,0.00539424,0.0053271,0.00525872,0.00518929,0.00511896,0.00504787,0.00497616,0.00490397,0.00483141,0.00475858,0.0046856,0.00461255,0.00453951,0.00446657,0.0043938,0.00432127,0.00424903,0.00417714,0.00410565,0.00403461,0.00396406,0.00389403,0.00382456,0.00375567,0.0036874,0.00361977,0.0035528,0.00348651,0.00342091,0.00335601,0.00329184,0.00322839,0.00316568,0.00310371,0.00304249,0.00298201,0.00292229,0.00286332,0.0028051,0.00274763,0.00269091,0.00263493,0.00257969,0.00252519,0.00247141,0.00241836,0.00236602,0.00231439,0.00226346,0.00221323,0.00216367,0.00211479,0.00206658,0.00201902,0.00197211,0.00192583,0.00188018,0.00183514,0.0017907,0.00174686,0.00170359,0.0016609,0.00161877,0.00157718,0.00153613,0.0014956,0.00145559,0.00141608,0.00137706,0.00133851,0.00130044,0.00126282,0.00122564,0.00118889,0.00115256,0.00111664,0.00108112,0.00104598,0.00101122,0.000976816,0.000942765,0.000909053,0.000875668,0.0008426,0.000809837,0.000777367,0.00074518,0.000713263,0.000681607,0.0006502,0.00061903,0.000588086,0.000557358,0.000526835,0.000496505,0.000466358,0.000436382,0.000406567,0.000376902,0.000347376,0.000317978,0.000288698,0.000259524,0.000230447,0.000201455,0.000172537,0.000143683,0.000114883,8.61248e-05,5.73988e-05
0,0.000675227,0.00134763,0.00201442,0.00267288,0.0033204,0.00395448,0.0045728,0.00517321,0.00575378,0.00631277,0.00684867,0.0073602,0.00784632,0.0083062,0.00873924,0.00914506,0.00952345,0.00987443,0.0101982,0.0104949,0.0107652,0.0110097,0.0112288,0.0114236,0.0115947,0.0117431,0.0118698,0.0119756,0.0120617,0.0121289,0.0121784,0.0122111,0.012228,0.01223,0.0122182,0.0121934,0.0121565,0.0121085,0.01205,0.0119819,0.011905,0.01182,0.0117275,0.0116282,0.0115227,0.0114117,0.0112955,0.0111748,0.01105,0.0109215,0.0107899,0.0106554,0.0105185,0.0103795,0.0102387,0.0100964,0.00995283,0.00980833,0.00966309,0.00951734,0.00937128,0.00922509,0.00907894,0.00893299,0.00878739,0.00864226,0.00849773,0.0083539,0.00821088,0.00806875,0.00792761,0.00778751,0.00764854,0.00751075,0.00737418,0.0072389,0.00710494,0.00697234,0.00684112,0.00671132,0.00658296,0.00645606,0.00633063,0.00620669,0.00608424,0.00596329,0.00584384,0.0057259,0.00560947,0.00549453,0.00538109,0.00526914,0.00515866,0.00504966,0.00494211,0.00483601,0.00473135,0.0046281,0.00452625,0.00442578,0.00432669,0.00422894,0.00413252,0.00403741,0.0039436,0.00385105,0.00375975,0.00366969,0.00358082,0.00349315,0.00340663,0.00332126,0.003237,0.00315384,0.00307175,0.00299071,0.0029107,0.00283168,0.00275365,0.00267658,0.00260043,0.0025252,0.00245085,0.00237737,0.00230473,0.0022329,0.00216186,0.0020916,0.00202208,0.00195329,0.0018852,0.00181779,0.00175103,0.0016849,0.00161939,0.00155446,0.0014901,0.00142627,0.00136297,0.00130017,0.00123784,0.00117596,0.00111452,0.00105348,0.000992833,0.000932549,0.000872608,0.000812989,0.000753669,0.000694628,0.000635843,0.000577293,0.000518956,0.000460811,0.000402837,0.000345012,0.000287315,0.000229724,0.000172219,0.000114777
0,0.00101637,0.00202845,0.00303204,0.004023,0.00499737,0.0059514,0.00688156,0.00778461,0.00865763,0.00949799,0.0103034,0.0110721,0.0118023,0.0124928,0.0131429,0.0137518,0.0143195,0.0148457,0.0153309,0.0157755,0.0161802,0.016546,0.0168738,0.0171649,0.0174205,0.0176419,0.0178307,0.0179882,0.018116,0.0182156,0.0182886,0.0183364,0.0183605,0.0183624,0.0183435,0.0183052,0.0182488,0.0181757,0.018087,0.017984,0.0178677,0.0177393,0.0175998,0.0174501,0.0172912,0.0171239,0.016949,0.0167673,0.0165795,0.0163864,0.0161884,0.0159863,0.0157805,0.0155715,0.0153599,0.0151461,0.0149305,0.0147135,0.0144953,0.0142765,0.0140571,0.0138376,0.0136182,0.0133991,0.0131805,0.0129627,0.0127458,0.0125299,0.0123152,0.012102,0.0118901,0.0116799,0.0114714,0.0112646,0.0110597,0.0108567,0.0106558,0.0104568,0.01026,0.0100652,0.00987267,0.0096823,0.00949414,0.00930821,0.00912453,0.0089431,0.00876393,0.00858702,0.00841237,0.00823997,0.00806982,0.0079019,0.0077362,0.00757271,0.00741141,0.00725227,0.00709529,0.00694044,0.00678768,0.00663701,0.00648838,0.00634179,0.00619718,0.00605455,0.00591385,0.00577505,0.00563813,0.00550306,0.00536979,0.0052383,0.00510856,0.00498053,0.00485417,0.00472946,0.00460635,0.00448482,0.00436482,0.00424634,0.00412932,0.00401373,0.00389954,0.00378672,0.00367523,0.00356503,0.0034561,0.00334838,0.00324186,0.0031365,0.00303225,0.00292909,0.00282698,0.00272589,0.00262578,0.00252662,0.00242837,0.00233101,0.00223449,0.00213878,0.00204386,0.00194968,0.00185621,0.00176342,0.00167128,0.00157976,0.00148881,0.00139841,0.00130852,0.00121912,0.00113017,0.00104163,0.00095348,0.000865681,0.000778202,0.000691011,0.000604075,0.000517364,0.000430844,0.000344484,0.000258251,0.000172114
0,0.00136179,0.00271778,0.00406228,0.0053897,0.0066947,0.00797219,0.00921743,0.0104261,0.0115941,0.0127181,0.0137951,0.0148223,0.0157978,0.01672,0.0175876,0.0184,0.0191568,0.0198581,0.0205042,0.021096,0.0216343,0.0221203,0.0225556,0.0229417,0.0232804,0.0235734,0.0238228,0.0240305,0.0241986,0.0243291,0.024424,0.0244854,0.0245153,0.0245156,0.0244883,0.0244351,0.024358,0.0242585,0.0241384,0.0239993,0.0238426,0.0236698,0.0234823,0.0232813,0.023068,0.0228437,0.0226093,0.022366,0.0221146,0.021856,0.0215912,0.0213208,0.0210456,0.0207663,0.0204835,0.0201977,0.0199096,0.0196197,0.0193284,0.0190361,0.0187432,0.0184501,0.0181572,0.0178647,0.017573,0.0172823,0.0169928,0.0167047,0.0164183,0.0161337,0.0158511,0.0155707,0.0152925,0.0150167,0.0147434,0.0144727,0.0142046,0.0139393,0.0136767,0.013417,0.0131602,0.0129064,0.0126555,0.0124075,0.0121626,0.0119207,0.0116818,0.0114459,0.0112131,0.0109832,0.0107564,0.0105325,0.0103116,0.0100936,0.00987858,0.00966644,0.00945716,0.00925072,0.00904709,0.00884623,0.00864811,0.00845269,0.00825993,0.00806979,0.00788224,0.00769723,0.00751472,0.00733467,0.00715703,0.00698176,0.00680882,0.00663816,0.00646974,0.00630351,0.00613942,0.00597743,0.00581749,0.00565956,0.00550358,0.00534952,0.00519733,0.00504695,0.00489835,0.00475148,0.00460628,0.00446272,0.00432074,0.0041803,0.00404136,0.00390386,0.00376777,0.00363303,0.00349961,0.00336744,0.0032365,0.00310673,0.00297809,0.00285053,0.00272402,0.0025985,0.00247392,0.00235026,0.00222745,0.00210547,0.00198425,0.00186377,0.00174397,0.00162482,0.00150626,0.00138826,0.00127078,0.00115376,0.00103717,0.000920962,0.000805097,0.00068953,0.000574218,0.000459119,0.000344191,0.000229389
0,0.001713,0.00341862,0.0051096,0.00677883,0.00841953,0.0100252,0.0115899,0.0131081,0.0145747,0.0159854,0.0173364,0.0186243,0.0198468,0.0210017,0.0220877,0.0231038,0.0240497,0.0249256,0.025732,0.0264699,0.0271405,0.0277455,0.0282866,0.028766,0.0291859,0.0295486,0.0298566,0.0301125,0.0303188,0.0304781,0.030593,0.030666,0.0306997,0.0306965,0.0306589,0.0305891,0.0304894,0.030362,0.030209,0.0300322,0.0298337,0.0296151,0.0293783,0.0291247,0.028856,0.0285736,0.0282787,0.0279727,0.0276568,0.0273321,0.0269995,0.0266602,0.0263149,0.0259646,0.0256099,0.0252518,0.0248907,0.0245274,0.0241624,0.0237963,0.0234295,0.0230626,0.0226958,0.0223297,0.0219645,0.0216007,0.0212384,0.0208779,0.0205196,0.0201636,0.0198101,0.0194593,0.0191113,0.0187664,0.0184245,0.018086,0.0177508,0.017419,0.0170907,0.016766,0.0164449,0.0161276,0.0158139,0.0155039,0.0151978,0.0148954,0.0145967,0.0143019,0.0140108,0.0137235,0.01344,0.0131602,0.0128841,0.0126117,0.0123429,0.0120778,0.0118163,0.0115583,0.0113038,0.0110528,0.0108052,0.010561,0.0103201,0.0100825,0.00984815,0.00961697,0.00938891,0.00916392,0.00894196,0.00872296,0.00850686,0.00829362,0.00808318,0.00787547,0.00767044,0.00746804,0.0072682,0.00707087,0.00687599,0.0066835,0.00649335,0.00630546,0.0061198,0.00593629,0.00575488,0.00557551,0.00539812,0.00522266,0.00504906,0.00487728,0.00470724,0.00453891,0.00437221,0.00420709,0.00404349,0.00388136,0.00372064,0.00356128,0.00340322,0.00324639,0.00309076,0.00293626,0.00278283,0.00263043,0.00247899,0.00232847,0.0021788,0.00202993,0.00188182,0.0017344,0.00158762,0.00144142,0.00129576,0.00115058,0.00100583,0.000861449,0.000717386,0.00057359,0.000430007,0.000286582
0,0.00207158,0.00413411,0.00617865,0.00819652,0.0101794,0.0121193,0.014009,0.0158416,0.0176112,0.0193124,0.0209406,0.0224919,0.0239633,0.0253524,0.0266575,0.0278777,0.0290127,0.0300627,0.0310284,0.0319111,0.0327124,0.0334344,0.0340794,0.0346499,0.0351486,0.0355785,0.0359427,0.0362441,0.036486,0.0366716,0.0368038,0.036886,0.036921,0.0369119,0.0368617,0.036773,0.0366487,0.0364913,0.0363032,0.036087,0.0358448,0.0355788,0.035291,0.0349834,0.0346578,0.0343159,0.0339593,0.0335895,0.0332079,0.0328159,0.0324148,0.0320055,0.0315894,0.0311672,0.0307401,0.0303088,0.0298741,0.0294369,0.0289977,0.0285573,0.0281161,0.0276748,0.0272339,0.0267938,0.0263549,0.0259176,0.0254822,0.0250492,0.0246187,0.024191,0.0237664,0.0233451,0.0229272,0.022513,0.0221025,0.021696,0.0212936,0.0208953,0.0205012,0.0201114,0.0197261,0.0193451,0.0189686,0.0185967,0.0182292,0.0178663,0.017508,0.0171542,0.0168049,0.0164602,0.01612,0.0157843,0.015453,0.0151262,0.0148037,0.0144857,0.0141719,0.0138624,0.0135571,0.013256,0.012959,0.012666,0.0123771,0.0120921,0.011811,0.0115337,0.0112601,0.0109902,0.010724,0.0104613,0.0102021,0.00994636,0.00969395,0.00944482,0.00919892,0.00895616,0.00871648,0.00847981,0.00824608,0.00801522,0.00778715,0.00756182,0.00733914,0.00711906,0.00690149,0.00668637,0.00647363,0.0062632,0.00605501,0.00584899,0.00564508,0.00544319,0.00524327,0.00504525,0.00484906,0.00465462,0.00446188,0.00427077,0.00408121,0.00389314,0.0037065,0.00352121,0.00333722,0.00315445,0.00297285,0.00279233,0.00261285,0.00243433,0.0022567,0.00207991,0.00190389,0.00172857,0.0015539,0.00137979,0.0012062,0.00103306,0.000860298,0.000687855,0.000515668,0.000343673
0,0.00243922,0.00486759,0.00727439,0.00964923,0.0119821,0.0142636,0.016485,0.0186383,0.0207162,0.0227125,0.0246218,0.0264395,0.0281622,0.0297871,0.0313123,0.032737,0.0340607,0.035284,0.0364078,0.0374337,0.0383638,0.0392005,0.0399467,0.0406055,0.0411802,0.0416743,0.0420915,0.0424354,0.0427097,0.0429183,0.0430649,0.0431531,0.0431865,0.0431687,0.043103,0.0429927,0.0428411,0.0426512,0.0424258,0.0421678,0.0418798,0.0415643,0.0412237,0.0408602,0.040476,0.040073,0.0396531,0.0392181,0.0387696,0.0383091,0.0378381,0.037358,0.0368699,0.036375,0.0358744,0.0353692,0.0348602,0.0343483,0.0338344,0.033319,0.032803,0.0322869,0.0317713,0.0312567,0.0307437,0.0302326,0.0297239,0.029218,0.028715,0.0282155,0.0277195,0.0272275,0.0267395,0.0262559,0.0257767,0.0253022,0.0248324,0.0243674,0.0239075,0.0234526,0.0230029,0.0225583,0.022119,0.021685,0.0212563,0.0208329,0.0204148,0.020002,0.0195946,0.0191924,0.0187956,0.018404,0.0180176,0.0176364,0.0172603,0.0168893,0.0165234,0.0161624,0.0158064,0.0154552,0.0151088,0.0147672,0.0144302,0.0140979,0.0137701,0.0134467,0.0131277,0.012813,0.0125026,0.0121963,0.0118941,0.0115958,0.0113015,0.011011,0.0107243,0.0104413,0.0101618,0.00988589,0.00961337,0.00934421,0.00907831,0.00881559,0.00855598,0.00829938,0.00804572,0.00779492,0.0075469,0.00730157,0.00705885,0.00681867,0.00658093,0.00634557,0.0061125,0.00588164,0.00565292,0.00542625,0.00520155,0.00497874,0.00475776,0.00453851,0.00432092,0.00410492,0.00389042,0.00367736,0.00346564,0.0032552,0.00304596,0.00283785,0.00263078,0.00242468,0.00221948,0.0020151,0.00181147,0.00160851,0.00140614,0.0012043,0.0010029,0.000801874,0.000601145,0.00040064
0,0.00281772,0.00562263,0.00840211,0.0111439,0.0138363,0.0164681,0.0190293,0.0215103,0.0239028,0.0261996,0.0283945,0.0304822,0.0324588,0.0343214,0.0360678,0.0376972,0.0392093,0.0406048,0.0418851,0.0430522,0.0441085,0.0450572,0.0459015,0.0466453,0.0472925,0.0478471,0.0483136,0.0486962,0.0489993,0.0492272,0.0493844,0.049475,0.0495033,0.0494733,0.0493889,0.0492539,0.0490719,0.0488466,0.0485811,0.0482787,0.0479424,0.047575,0.0471794,0.0467579,0.0463131,0.0458471,0.0453622,0.0448603,0.0443433,0.0438129,0.0432708,0.0427184,0.0421572,0.0415886,0.0410136,0.0404335,0.0398493,0.039262,0.0386725,0.0380816,0.03749,0.0368985,0.0363078,0.0357183,0.0351307,0.0345455,0.033963,0.0333838,0.0328081,0.0322364,0.0316689,0.031106,0.0305477,0.0299945,0.0294464,0.0289036,0.0283664,0.0278347,0.0273088,0.0267888,0.0262746,0.0257664,0.0252642,0.0247681,0.0242781,0.0237942,0.0233164,0.0228447,0.0223791,0.0219195,0.0214661,0.0210186,0.0205771,0.0201416,0.0197119,0.019288,0.01887,0.0184576,0.0180509,0.0176497,0.017254,0.0168638,0.0164789,0.0160993,0.0157248,0.0153554,0.0149911,0.0146317,0.0142771,0.0139273,0.0135821,0.0132415,0.0129054,0.0125736,0.0122462,0.0119229,0.0116038,0.0112886,0.0109774,0.01067,0.0103664,0.0100663,0.00976987,0.00947685,0.00918719,0.00890078,0.00861755,0.0083374,0.00806024,0.00778596,0.00751449,0.00724573,0.00697959,0.00671597,0.00645479,0.00619595,0.00593937,0.00568496,0.00543262,0.00518227,0.00493381,0.00468717,0.00444224,0.00419895,0.0039572,0.00371691,0.00347799,0.00324035,0.00300392,0.00276859,0.00253428,0.00230091,0.0020684,0.00183665,0.00160558,0.00137511,0.00114514,0.000915604,0.000686406,0.000457462
0,0.00320902,0.0064031,0.00956753,0.012688,0.0157509,0.0187434,0.0216536,0.0244707,0.0271852,0.0297887,0.0322743,0.034636,0.0368696,0.0389718,0.0409404,0.0427747,0.0444745,0.046041,0.0474757,0.0487814,0.049961,0.0510182,0.051957,0.0527818,0.0534972,0.0541082,0.0546196,0.0550365,0.055364,0.055607,0.0557705,0.0558594,0.0558785,0.0558324,0.0557254,0.055562,0.0553463,0.0550822,0.0547734,0.0544236,0.0540361,0.0536142,0.0531609,0.052679,0.0521713,0.0516403,0.0510884,0.0505178,0.0499305,0.0493286,0.0487138,0.0480878,0.0474522,0.0468085,0.046158,0.045502,0.0448417,0.044178,0.0435121,0.0428449,0.0421771,0.0415096,0.040843,0.0401782,0.0395155,0.0388556,0.038199,0.0375462,0.0368975,0.0362533,0.035614,0.0349798,0.0343511,0.033728,0.0331109,0.0324998,0.0318949,0.0312965,0.0307045,0.0301192,0.0295405,0.0289686,0.0284035,0.0278453,0.027294,0.0267495,0.026212,0.0256814,0.0251576,0.0246407,0.0241306,0.0236274,0.0231308,0.022641,0.0221578,0.0216811,0.021211,0.0207473,0.0202899,0.0198389,0.019394,0.0189552,0.0185224,0.0180956,0.0176746,0.0172593,0.0168497,0.0164456,0.016047,0.0156537,0.0152657,0.0148828,0.0145049,0.014132,0.0137639,0.0134005,0.0130418,0.0126876,0.0123377,0.0119922,0.0116509,0.0113137,0.0109804,0.0106511,0.0103255,0.0100036,0.00968522,0.00937034,0.00905881,0.00875054,0.00844542,0.00814335,0.00784422,0.00754793,0.00725438,0.00696347,0.0066751,0.00638916,0.00610556,0.00582419,0.00554495,0.00526775,0.00499248,0.00471905,0.00444735,0.00417729,0.00390878,0.0036417,0.00337598,0.0031115,0.00284817,0.0025859,0.00232458,0.00206413,0.00180444,0.00154542,0.00128697,0.00102901,0.00077142,0.000514121
0,0.00361526,0.00721323,0.0107769,0.0142897,0.017736,0.021101,0.024371,0.0275339,0.0305786,0.0334959,0.0362778,0.0389181,0.0414119,0.0437557,0.0459475,0.0479866,0.0498732,0.0516088,0.0531956,0.0546367,0.055936,0.0570976,0.0581265,0.0590277,0.0598066,0.0604689,0.0610203,0.0614665,0.0618132,0.0620663,0.0622313,0.0623138,0.0623191,0.0622523,0.0621186,0.0619227,0.0616692,0.0613625,0.0610069,0.0606062,0.0601644,0.0596849,0.0591711,0.0586261,0.058053,0.0574546,0.0568334,0.056192,0.0555325,0.0548572,0.0541681,0.0534669,0.0527555,0.0520354,0.0513081,0.050575,0.0498374,0.0490965,0.0483533,0.0476088,0.0468641,0.0461198,0.0453769,0.0446359,0.0438976,0.0431626,0.0424314,0.0417046,0.0409824,0.0402654,0.039554,0.0388484,0.0381489,0.0374558,0.0367694,0.0360898,0.0354173,0.0347518,0.0340937,0.033443,0.0327998,0.0321641,0.0315361,0.0309158,0.0303031,0.0296981,0.0291009,0.0285113,0.0279295,0.0273552,0.0267886,0.0262296,0.025678,0.025134,0.0245973,0.0240679,0.0235458,0.0230308,0.0225229,0.022022,0.0215279,0.0210407,0.0205602,0.0200862,0.0196188,0.0191577,0.0187029,0.0182543,0.0178117,0.0173751,0.0169443,0.0165192,0.0160997,0.0156857,0.0152771,0.0148737,0.0144754,0.0140822,0.0136939,0.0133103,0.0129314,0.0125571,0.0121872,0.0118216,0.0114602,0.0111029,0.0107495,0.0104,0.0100542,0.00971206,0.00937339,0.00903811,0.0087061,0.00837724,0.00805142,0.00772854,0.00740847,0.0070911,0.00677633,0.00646404,0.00615412,0.00584645,0.00554094,0.00523746,0.00493591,0.00463618,0.00433817,0.00404175,0.00374683,0.0034533,0.00316104,0.00286995,0.00257993,0.00229087,0.00200265,0.00171518,0.00142834,0.00114204,0.000856158,0.000570595
0,0.0040388,0.00805769,0.0120371,0.015958,0.0198024,0.0235535,0.0271957,0.0307151,0.0340995,0.0373384,0.0404231,0.0433467,0.0461041,0.0486917,0.0511075,0.053351,0.055423,0.0573254,0.0590612,0.060634,0.0620486,0.0633099,0.0644237,0.0653959,0.0662327,0.0669406,0.0675262,0.0679959,0.0683563,0.0686138,0.0687748,0.0688455,0.0688317,0.0687394,0.068574,0.068341,0.0680453,0.0676919,0.0672855,0.0668303,0.0663305,0.06579,0.0652125,0.0646015,0.0639602,0.0632917,0.0625989,0.0618843,0.0611505,0.0603999,0.0596345,0.0588565,0.0580676,0.0572696,0.0564642,0.0556527,0.0548367,0.0540174,0.0531959,0.0523733,0.0515507,0.0507289,0.0499088,0.0490912,0.0482767,0.047466,0.0466597,0.0458584,0.0450624,0.0442722,0.0434883,0.042711,0.0419405,0.0411772,0.0404213,0.039673,0.0389326,0.0382001,0.0374757,0.0367595,0.0360517,0.0353522,0.0346612,0.0339787,0.0333047,0.0326392,0.0319822,0.0313338,0.0306938,0.0300623,0.0294392,0.0288244,0.0282179,0.0276197,0.0270296,0.0264476,0.0258735,0.0253074,0.024749,0.0241983,0.0236553,0.0231197,0.0225915,0.0220705,0.0215567,0.0210499,0.0205501,0.020057,0.0195706,0.0190907,0.0186173,0.0181501,0.0176891,0.0172342,0.0167851,0.0163418,0.0159042,0.0154721,0.0150453,0.0146239,0.0142076,0.0137962,0.0133898,0.0129881,0.012591,0.0121983,0.0118101,0.0114261,0.0110461,0.0106702,0.0102981,0.0099297,0.00956491,0.00920359,0.00884562,0.00849087,0.00813921,0.00779053,0.0074447,0.00710159,0.00676109,0.00642308,0.00608742,0.005754,0.00542271,0.00509342,0.004766,0.00444035,0.00411634,0.00379386,0.00347277,0.00315298,0.00283436,0.00251678,0.00220014,0.00188432,0.0015692,0.00125466,0.000940587,0.000626864
0,0.00448225,0.00894165,0.0133557,0.0177028,0.0219622,0.0261149,0.0301431,0.0340314,0.0377659,0.0413351,0.0447295,0.0479417,0.0509661,0.0537994,0.0564397,0.058887,0.0611425,0.0632088,0.0650897,0.0667897,0.0683145,0.0696699,0.0708626,0.0718995,0.0727878,0.0735349,0.074148,0.0746347,0.0750023,0.075258,0.0754088,0.0754616,0.0754231,0.0752996,0.0750973,0.074822,0.0744793,0.0740746,0.0736129,0.073099,0.0725373,0.0719322,0.0712876,0.0706073,0.0698948,0.0691534,0.0683861,0.067596,0.0667856,0.0659574,0.0651138,0.064257,0.0633889,0.0625115,0.0616264,0.0607352,0.0598395,0.0589406,0.0580397,0.057138,0.0562366,0.0553365,0.0544385,0.0535434,0.0526521,0.0517652,0.0508833,0.050007,0.0491367,0.048273,0.0474163,0.0465669,0.0457252,0.0448914,0.0440658,0.0432487,0.0424401,0.0416404,0.0408497,0.040068,0.0392954,0.0385321,0.037778,0.0370333,0.036298,0.035572,0.0348553,0.034148,0.0334499,0.0327612,0.0320816,0.0314112,0.0307498,0.0300975,0.0294541,0.0288195,0.0281936,0.0275763,0.0269676,0.0263673,0.0257753,0.0251915,0.0246157,0.0240479,0.0234878,0.0229355,0.0223906,0.0218532,0.0213231,0.0208001,0.0202842,0.0197751,0.0192727,0.0187769,0.0182875,0.0178045,0.0173276,0.0168567,0.0163917,0.0159325,0.0154788,0.0150306,0.0145877,0.01415,0.0137174,0.0132896,0.0128666,0.0124481,0.0120342,0.0116246,0.0112192,0.0108178,0.0104204,0.0100267,0.0096367,0.0092502,0.00886708,0.0084872,0.00811043,0.00773662,0.00736566,0.00699741,0.00663173,0.0062685,0.00590757,0.00554883,0.00519214,0.00483736,0.00448438,0.00413306,0.00378326,0.00343488,0.00308776,0.00274179,0.00239685,0.00205279,0.00170949,0.00136683,0.00102468,0.000682907
0,0.00494856,0.00987094,0.0147414,0.0195352,0.0242289,0.0288006,0.0332307,0.0375014,0.0415977,0.0455067,0.0492183,0.0527243,0.0560195,0.0591002,0.0619652,0.0646148,0.0670511,0.0692777,0.071299,0.0731209,0.0747497,0.0761927,0.0774574,0.0785519,0.0794843,0.080263,0.0808964,0.0813928,0.0817603,0.0820071,0.0821408,0.0821692,0.0820995,0.0819387,0.0816936,0.0813705,0.0809755,0.0805144,0.0799928,0.0794156,0.0787879,0.0781141,0.0773986,0.0766455,0.0758584,0.075041,0.0741965,0.0733281,0.0724385,0.0715305,0.0706065,0.0696689,0.0687198,0.0677611,0.0667948,0.0658224,0.0648457,0.0638659,0.0628845,0.0619027,0.0609215,0.0599421,0.0589654,0.0579922,0.0570234,0.0560596,0.0551015,0.0541497,0.0532047,0.052267,0.0513371,0.0504154,0.049502,0.0485975,0.047702,0.0468158,0.0459391,0.0450721,0.0442148,0.0433674,0.0425301,0.0417029,0.0408858,0.0400788,0.0392821,0.0384956,0.0377192,0.0369531,0.036197,0.035451,0.0347151,0.0339891,0.0332729,0.0325666,0.0318699,0.0311828,0.0305052,0.029837,0.029178,0.0285282,0.0278874,0.0272554,0.0266322,0.0260176,0.0254114,0.0248136,0.024224,0.0236424,0.0230687,0.0225027,0.0219444,0.0213934,0.0208498,0.0203133,0.0197838,0.0192611,0.0187451,0.0182356,0.0177325,0.0172356,0.0167448,0.0162599,0.0157807,0.0153071,0.014839,0.0143762,0.0139185,0.0134659,0.013018,0.0125749,0.0121363,0.0117021,0.0112721,0.0108463,0.0104244,0.0100063,0.0095918,0.00918085,0.00877327,0.0083689,0.00796761,0.00756925,0.00717368,0.00678075,0.00639032,0.00600226,0.00561641,0.00523264,0.00485081,0.00447077,0.0040924,0.00371554,0.00334006,0.00296582,0.00259269,0.00222051,0.00184917,0.00147851,0.0011084,0.000738705
0,0.00544106,0.0108521,0.0162038,0.0214678,0.0266175,0.0316281,0.0364775,0.041146,0.0456168,0.0498759,0.0539124,0.0577181,0.0612872,0.0646168,0.067706,0.070556,0.0731697,0.0755518,0.077708,0.0796451,0.081371,0.0828938,0.0842226,0.0853664,0.0863346,0.0871367,0.087782,0.0882798,0.0886392,0.0888693,0.0889784,0.0889751,0.0888672,0.0886624,0.088368,0.087991,0.087538,0.0870151,0.0864282,0.085783,0.0850845,0.0843378,0.0835475,0.0827177,0.0818526,0.0809559,0.0800311,0.0790815,0.0781101,0.0771198,0.0761131,0.0750926,0.0740604,0.0730187,0.0719694,0.0709143,0.069855,0.0687931,0.0677299,0.0666668,0.0656049,0.0645453,0.063489,0.0624369,0.0613898,0.0603485,0.0593136,0.0582858,0.0572656,0.0562535,0.0552501,0.0542556,0.0532704,0.0522949,0.0513292,0.0503738,0.0494287,0.0484941,0.0475702,0.0466571,0.0457549,0.0448637,0.0439835,0.0431144,0.0422563,0.0414092,0.0405732,0.0397482,0.0389342,0.0381311,0.0373388,0.0365573,0.0357864,0.0350262,0.0342764,0.0335369,0.0328077,0.0320886,0.0313795,0.0306803,0.0299907,0.0293108,0.0286403,0.027979,0.0273269,0.0266838,0.0260495,0.0254239,0.0248067,0.0241979,0.0235973,0.0230047,0.02242,0.0218429,0.0212734,0.0207112,0.0201563,0.0196083,0.0190672,0.0185329,0.018005,0.0174835,0.0169682,0.0164589,0.0159555,0.0154578,0.0149657,0.0144789,0.0139973,0.0135208,0.0130492,0.0125823,0.0121199,0.011662,0.0112084,0.0107588,0.0103131,0.00987125,0.009433,0.00899821,0.00856672,0.00813839,0.00771306,0.00729058,0.00687079,0.00645353,0.00603867,0.00562604,0.0052155,0.00480689,0.00440006,0.00399487,0.00359116,0.00318878,0.00278759,0.00238744,0.00198818,0.00158966,0.00119172,0.000794236
0,0.00596353,0.0118927,0.0177539,0.0235148,0.0291451,0.0346169,0.0399052,0.0449883,0.0498475,0.0544678,0.0588376,0.0629483,0.0667946,0.0703738,0.073686,0.0767334,0.0795201,0.0820519,0.0843361,0.0863808,0.0881952,0.0897892,0.0911728,0.0923566,0.0933512,0.0941672,0.0948151,0.0953053,0.0956478,0.0958524,0.0959287,0.0958856,0.0957319,0.0954758,0.0951253,0.0946878,0.0941704,0.0935798,0.0929222,0.0922037,0.0914297,0.0906055,0.0897359,0.0888255,0.0878785,0.086899,0.0858907,0.0848569,0.0838009,0.0827256,0.0816338,0.0805281,0.0794108,0.0782841,0.0771501,0.0760106,0.0748673,0.0737218,0.0725756,0.07143,0.0702862,0.0691454,0.0680086,0.0668767,0.0657506,0.0646311,0.0635189,0.0624145,0.0613186,0.0602317,0.0591543,0.0580867,0.0570293,0.0559825,0.0549465,0.0539216,0.0529079,0.0519057,0.0509151,0.0499362,0.0489691,0.0480138,0.0470705,0.0461391,0.0452196,0.0443121,0.0434165,0.0425327,0.0416608,0.0408006,0.0399521,0.0391151,0.0382896,0.0374755,0.0366727,0.035881,0.0351003,0.0343305,0.0335714,0.0328229,0.0320848,0.031357,0.0306393,0.0299316,0.0292337,0.0285454,0.0278666,0.027197,0.0265366,0.0258851,0.0252425,0.0246084,0.0239827,0.0233652,0.0227559,0.0221544,0.0215606,0.0209744,0.0203955,0.0198237,0.019259,0.0187011,0.0181498,0.017605,0.0170665,0.0165341,0.0160076,0.0154869,0.0149717,0.014462,0.0139575,0.013458,0.0129635,0.0124736,0.0119884,0.0115075,0.0110308,0.0105581,0.0100894,0.0096243,0.00916278,0.00870463,0.00824969,0.0077978,0.00734879,0.0069025,0.00645877,0.00601742,0.00557831,0.00514127,0.00470614,0.00427276,0.00384096,0.0034106,0.0029815,0.00255351,0.00212647,0.00170023,0.00127462,0.000849481
0,0.00652036,0.0130013,0.0194043,0.0256925,0.0318313,0.0377892,0.0435383,0.0490544,0.0543171,0.0593103,0.0640218,0.068443,0.072569,0.076398,0.079931,0.0831716,0.0861254,0.0887998,0.0912037,0.0933468,0.0952401,0.0968949,0.0983229,0.0995361,0.100546,0.101366,0.102006,0.102479,0.102794,0.102964,0.102998,0.102907,0.102699,0.102384,0.10197,0.101465,0.100876,0.100212,0.0994774,0.09868,0.0978253,0.0969186,0.0959653,0.09497,0.0939373,0.0928713,0.0917759,0.0906547,0.0895111,0.0883481,0.0871686,0.0859754,0.0847708,0.0835571,0.0823365,0.0811108,0.0798819,0.0786514,0.0774208,0.0761915,0.0749648,0.0737418,0.0725236,0.0713111,0.0701052,0.0689068,0.0677165,0.066535,0.0653629,0.0642007,0.0630489,0.0619079,0.060778,0.0596596,0.058553,0.0574584,0.056376,0.055306,0.0542485,0.0532037,0.0521716,0.0511523,0.0501458,0.0491521,0.0481713,0.0472033,0.0462481,0.0453056,0.0443759,0.0434587,0.042554,0.0416617,0.0407817,0.0399139,0.0390582,0.0382143,0.0373823,0.0365619,0.0357529,0.0349553,0.0341688,0.0333933,0.0326286,0.0318746,0.031131,0.0303977,0.0296746,0.0289613,0.0282578,0.0275638,0.0268792,0.0262038,0.0255374,0.0248797,0.0242307,0.02359,0.0229576,0.0223333,0.0217167,0.0211078,0.0205064,0.0199123,0.0193252,0.018745,0.0181715,0.0176045,0.0170439,0.0164894,0.0159408,0.015398,0.0148608,0.014329,0.0138024,0.0132809,0.0127641,0.0122521,0.0117445,0.0112413,0.0107421,0.010247,0.00975556,0.00926776,0.00878337,0.00830223,0.00782417,0.00734899,0.00687654,0.00640665,0.00593913,0.00547381,0.00501053,0.00454911,0.00408938,0.00363118,0.00317433,0.00271866,0.002264,0.00181019,0.00135705,0.00090442
0,0.00711659,0.0141879,0.0211695,0.0280194,0.0346983,0.0411704,0.0474045,0.0533738,0.0590563,0.0644347,0.0694963,0.0742331,0.0786406,0.0827182,0.0864685,0.0898967,0.0930102,0.0958184,0.098332,0.100563,0.102524,0.104228,0.105688,0.106919,0.107933,0.108744,0.109365,0.109809,0.110087,0.110212,0.110194,0.110045,0.109774,0.109391,0.108905,0.108325,0.107658,0.106913,0.106096,0.105214,0.104273,0.103279,0.102237,0.101152,0.100029,0.0988731,0.0976871,0.0964752,0.0952408,0.0939873,0.0927175,0.0914342,0.0901401,0.0888373,0.0875281,0.0862146,0.0848984,0.0835814,0.0822651,0.0809508,0.0796399,0.0783336,0.077033,0.075739,0.0744526,0.0731746,0.0719056,0.0706464,0.0693975,0.0681596,0.066933,0.0657181,0.0645154,0.0633252,0.0621478,0.0609833,0.059832,0.058694,0.0575696,0.0564588,0.0553616,0.0542781,0.0532085,0.0521526,0.0511104,0.050082,0.0490673,0.0480662,0.0470786,0.0461045,0.0451438,0.0441963,0.0432619,0.0423405,0.041432,0.0405362,0.0396529,0.038782,0.0379234,0.0370768,0.0362421,0.035419,0.0346075,0.0338074,0.0330183,0.0322402,0.0314729,0.0307161,0.0299696,0.0292334,0.028507,0.0277905,0.0270835,0.0263858,0.0256973,0.0250177,0.0243468,0.0236845,0.0230305,0.0223847,0.0217467,0.0211165,0.0204939,0.0198785,0.0192702,0.0186689,0.0180743,0.0174862,0.0169044,0.0163287,0.015759,0.015195,0.0146365,0.0140834,0.0135354,0.0129924,0.0124541,0.0119204,0.0113911,0.010866,0.0103449,0.00982757,0.00931391,0.00880369,0.00829673,0.00779285,0.00729185,0.00679357,0.0062978,0.00580438,0.00531311,0.00482383,0.00433633,0.00385046,0.00336601,0.00288283,0.00240071,0.0019195,0.001439,0.000959033
0,0.00775815,0.015464,0.0230666,0.0305175,0.037772,0.0447897,0.0515356,0.0579802,0.0640996,0.0698758,0.0752959,0.0803524,0.085042,0.0893659,0.0933283,0.0969366,0.100201,0.103132,0.105743,0.108049,0.110064,0.111804,0.113283,0.114518,0.115522,0.116312,0.116902,0.117304,0.117533,0.117602,0.117522,0.117304,0.116961,0.116501,0.115935,0.115272,0.11452,0.113687,0.11278,0.111807,0.110774,0.109687,0.108551,0.107373,0.106156,0.104905,0.103624,0.102318,0.10099,0.099643,0.0982801,0.0969043,0.0955182,0.0941242,0.0927245,0.0913211,0.0899161,0.088511,0.0871075,0.0857069,0.0843107,0.0829201,0.0815361,0.0801598,0.078792,0.0774335,0.0760852,0.0747477,0.0734216,0.0721074,0.0708056,0.0695166,0.0682407,0.0669784,0.0657298,0.0644953,0.0632749,0.0620689,0.0608774,0.0597004,0.0585382,0.0573906,0.0562577,0.0551396,0.0540361,0.0529473,0.0518731,0.0508134,0.0497682,0.0487373,0.0477206,0.046718,0.0457294,0.0447546,0.0437934,0.0428457,0.0419114,0.0409903,0.0400821,0.0391867,0.0383039,0.0374335,0.0365754,0.0357293,0.0348949,0.0340722,0.0332609,0.0324608,0.0316716,0.0308932,0.0301254,0.0293678,0.0286205,0.027883,0.0271551,0.0264368,0.0257277,0.0250277,0.0243364,0.0236538,0.0229796,0.0223135,0.0216554,0.021005,0.0203622,0.0197267,0.0190983,0.0184768,0.017862,0.0172536,0.0166515,0.0160555,0.0154654,0.0148809,0.0143018,0.013728,0.0131592,0.0125953,0.012036,0.0114811,0.0109305,0.0103839,0.0098411,0.00930199,0.00876632,0.0082339,0.00770454,0.00717804,0.00665421,0.00613286,0.00561378,0.0050968,0.00458172,0.00406834,0.00355649,0.00304595,0.00253656,0.00202811,0.00152042,0.0010133
0,0.008452,0.0168434,0.0251154,0.0332121,0.0410824,0.0486808,0.0559681,0.0629117,0.0694863,0.0756729,0.0814592,0.0868385,0.0918094,0.096375,0.100542,0.104321,0.107724,0.110765,0.11346,0.115826,0.11788,0.11964,0.121123,0.122347,0.123327,0.124081,0.124625,0.124973,0.12514,0.125141,0.124986,0.12469,0.124264,0.123718,0.123063,0.122308,0.121462,0.120534,0.119531,0.11846,0.117329,0.116143,0.114909,0.113632,0.112316,0.110966,0.109588,0.108184,0.106758,0.105315,0.103856,0.102385,0.100904,0.099417,0.0979247,0.0964298,0.094934,0.0934393,0.0919471,0.090459,0.0889763,0.0875002,0.0860318,0.0845722,0.0831222,0.0816827,0.0802544,0.078838,0.077434,0.0760431,0.0746657,0.0733021,0.0719528,0.0706181,0.0692982,0.0679934,0.0667038,0.0654296,0.0641709,0.0629278,0.0617004,0.0604886,0.0592926,0.0581122,0.0569475,0.0557984,0.0546648,0.0535466,0.0524438,0.0513562,0.0502837,0.0492261,0.0481833,0.0471552,0.0461416,0.0451423,0.0441571,0.0431858,0.0422283,0.0412843,0.0403536,0.0394361,0.0385315,0.0376396,0.0367602,0.0358931,0.035038,0.0341947,0.0333631,0.0325428,0.0317336,0.0309354,0.0301478,0.0293707,0.0286038,0.0278469,0.0270998,0.0263622,0.025634,0.0249148,0.0242044,0.0235027,0.0228094,0.0221243,0.0214471,0.0207776,0.0201156,0.0194609,0.0188133,0.0181724,0.0175382,0.0169104,0.0162888,0.0156731,0.0150632,0.0144588,0.0138597,0.0132657,0.0126765,0.0120921,0.0115121,0.0109364,0.0103648,0.00979695,0.00923276,0.008672,0.00811446,0.00755994,0.00700823,0.00645913,0.00591243,0.00536794,0.00482545,0.00428476,0.00374567,0.00320798,0.00267149,0.00213599,0.0016013,0.0010672
0,0.00920644,0.0183424,0.0273394,0.0361331,0.0446649,0.0528831,0.0607441,0.0682124,0.0752609,0.0818705,0.0880295,0.0937331,0.0989822,0.103783,0.108145,0.112081,0.115608,0.118744,0.121506,0.123915,0.125991,0.127754,0.129223,0.130418,0.131358,0.132061,0.132544,0.132823,0.132915,0.132834,0.132593,0.132207,0.131687,0.131044,0.13029,0.129435,0.128487,0.127456,0.126349,0.125175,0.123939,0.122649,0.12131,0.119929,0.11851,0.117058,0.115577,0.114071,0.112545,0.111002,0.109444,0.107875,0.106298,0.104715,0.103128,0.101539,0.0999513,0.0983653,0.0967831,0.095206,0.0936356,0.0920729,0.0905192,0.0889753,0.0874423,0.0859209,0.084412,0.0829161,0.0814338,0.0799657,0.0785122,0.0770738,0.0756507,0.0742433,0.0728519,0.0714766,0.0701176,0.0687751,0.0674491,0.0661398,0.0648472,0.0635713,0.0623121,0.0610695,0.0598436,0.0586342,0.0574413,0.0562648,0.0551045,0.0539603,0.0528321,0.0517197,0.050623,0.0495418,0.0484758,0.047425,0.0463891,0.0453679,0.0443613,0.0433689,0.0423906,0.0414261,0.0404753,0.0395378,0.0386136,0.0377022,0.0368036,0.0359174,0.0350435,0.0341815,0.0333312,0.0324925,0.031665,0.0308485,0.0300428,0.0292476,0.0284626,0.0276878,0.0269227,0.0261671,0.0254209,0.0246838,0.0239555,0.0232358,0.0225244,0.0218212,0.0211259,0.0204382,0.0197579,0.0190849,0.0184187,0.0177593,0.0171064,0.0164598,0.0158192,0.0151844,0.0145552,0.0139313,0.0133126,0.0126988,0.0120897,0.0114851,0.0108847,0.0102884,0.00969588,0.00910698,0.00852146,0.00793911,0.00735972,0.00678307,0.00620895,0.00563714,0.00506744,0.00449963,0.00393351,0.00336885,0.00280545,0.0022431,0.00168159,0.00112071
0,0.0100314,0.0199802,0.0297667,0.039316,0.0485609,0.0574428,0.065913,0.073933,0.0814745,0.0885187,0.0950554,0.101082,0.106604,0.111629,0.116172,0.120251,0.123885,0.127096,0.129906,0.132338,0.134415,0.136161,0.137597,0.138745,0.139627,0.140261,0.140666,0.140862,0.140863,0.140686,0.140347,0.139857,0.139232,0.138482,0.13762,0.136654,0.135596,0.134454,0.133236,0.13195,0.130604,0.129203,0.127755,0.126265,0.124737,0.123178,0.121591,0.11998,0.11835,0.116703,0.115044,0.113374,0.111698,0.110017,0.108333,0.106649,0.104967,0.103288,0.101614,0.0999468,0.0982874,0.096637,0.0949969,0.0933679,0.0917511,0.0901471,0.0885569,0.0869809,0.0854197,0.083874,0.0823441,0.0808304,0.0793332,0.0778529,0.0763897,0.0749438,0.0735153,0.0721044,0.0707111,0.0693355,0.0679777,0.0666376,0.0653152,0.0640106,0.0627235,0.0614539,0.0602018,0.058967,0.0577494,0.0565488,0.055365,0.054198,0.0530475,0.0519133,0.0507953,0.0496932,0.0486068,0.0475359,0.0464803,0.0454397,0.0444139,0.0434028,0.0424059,0.0414232,0.0404543,0.039499,0.038557,0.0376282,0.0367122,0.0358087,0.0349176,0.0340386,0.0331714,0.0323158,0.0314714,0.0306382,0.0298157,0.0290037,0.0282021,0.0274105,0.0266286,0.0258563,0.0250932,0.0243392,0.0235939,0.0228572,0.0221287,0.0214083,0.0206956,0.0199905,0.0192927,0.0186019,0.017918,0.0172406,0.0165695,0.0159045,0.0152454,0.014592,0.0139439,0.0133009,0.0126629,0.0120296,0.0114008,0.0107761,0.0101555,0.00953867,0.00892538,0.00831541,0.00770855,0.00710456,0.00650322,0.0059043,0.0053076,0.00471288,0.00411992,0.0035285,0.0029384,0.0023494,0.00176128,0.00117382
0,0.0109389,0.0217806,0.0324311,0.0428034,0.0528199,0.0624141,0.071532,0.0801322,0.0881855,0.0956744,0.102591,0.108937,0.114721,0.119957,0.124665,0.128866,0.132585,0.135849,0.138683,0.141115,0.143171,0.144878,0.146259,0.14734,0.148143,0.148689,0.149,0.149094,0.148989,0.148702,0.148249,0.147645,0.146902,0.146034,0.145052,0.143967,0.142789,0.141527,0.14019,0.138786,0.137323,0.135806,0.134242,0.132637,0.130997,0.129326,0.127628,0.125908,0.12417,0.122418,0.120654,0.118881,0.117103,0.115321,0.113539,0.111757,0.109979,0.108206,0.106439,0.10468,0.10293,0.101191,0.0994638,0.0977488,0.0960473,0.0943601,0.0926878,0.0910311,0.0893906,0.0877668,0.0861601,0.0845708,0.0829993,0.0814458,0.0799106,0.0783939,0.0768958,0.0754163,0.0739557,0.0725138,0.0710908,0.0696866,0.0683011,0.0669343,0.0655862,0.0642566,0.0629454,0.0616524,0.0603776,0.0591207,0.0578816,0.0566601,0.055456,0.0542691,0.0530991,0.0519459,0.0508093,0.0496889,0.0485846,0.047496,0.0464231,0.0453654,0.0443228,0.043295,0.0422817,0.0412827,0.0402977,0.0393264,0.0383686,0.037424,0.0364923,0.0355732,0.0346666,0.0337721,0.0328894,0.0320183,0.0311585,0.0303097,0.0294717,0.0286442,0.027827,0.0270197,0.0262222,0.025434,0.0246551,0.0238851,0.0231237,0.0223708,0.021626,0.0208891,0.0201598,0.0194379,0.0187231,0.0180152,0.017314,0.0166191,0.0159303,0.0152474,0.0145702,0.0138983,0.0132316,0.0125698,0.0119127,0.01126,0.0106115,0.00996693,0.00932608,0.00868872,0.0080546,0.00742348,0.00679514,0.00616933,0.00554584,0.00492442,0.00430484,0.00368687,0.00307028,0.00245485,0.00184033,0.0012265
0,0.0119438,0.023772,0.0353737,0.0466467,0.0575012,0.0678618,0.0776688,0.0868783,0.0954612,0.103402,0.110698,0.117354,0.123386,0.128815,0.133664,0.137963,0.141742,0.145031,0.147863,0.150268,0.152277,0.153919,0.155222,0.156212,0.156915,0.157354,0.15755,0.157525,0.157297,0.156884,0.156304,0.15557,0.154698,0.153699,0.152587,0.151373,0.150066,0.148676,0.147212,0.145683,0.144095,0.142455,0.14077,0.139046,0.137288,0.1355,0.133688,0.131855,0.130006,0.128144,0.126273,0.124394,0.122511,0.120627,0.118744,0.116863,0.114987,0.113118,0.111256,0.109404,0.107563,0.105734,0.103918,0.102117,0.10033,0.0985584,0.0968035,0.0950656,0.0933452,0.0916429,0.089959,0.0882938,0.0866476,0.0850208,0.0834135,0.0818258,0.080258,0.0787099,0.0771819,0.0756737,0.0741855,0.0727171,0.0712686,0.0698399,0.0684308,0.0670412,0.0656711,0.0643201,0.0629883,0.0616753,0.060381,0.0591052,0.0578477,0.0566082,0.0553866,0.0541826,0.0529958,0.0518262,0.0506734,0.0495372,0.0484173,0.0473134,0.0462253,0.0451527,0.0440953,0.0430528,0.042025,0.0410115,0.0400121,0.0390266,0.0380546,0.0370958,0.03615,0.0352168,0.034296,0.0333874,0.0324905,0.0316052,0.0307311,0.0298681,0.0290157,0.0281737,0.0273419,0.02652,0.0257076,0.0249046,0.0241106,0.0233254,0.0225487,0.0217802,0.0210197,0.020267,0.0195216,0.0187835,0.0180522,0.0173276,0.0166094,0.0158974,0.0151912,0.0144907,0.0137955,0.0131055,0.0124203,0.0117398,0.0110636,0.0103916,0.00972342,0.00905888,0.00839773,0.00773972,0.0070846,0.00643213,0.00578207,0.00513417,0.0044882,0.00384391,0.00320105,0.0025594,0.00191871,0.00127874
0,0.0130643,0.02599,0.0386449,0.0509085,0.0626764,0.0738631,0.0844033,0.0942509,0.103379,0.111775,0.119443,0.126396,0.132656,0.138251,0.143214,0.14758,0.151387,0.154671,0.15747,0.159818,0.161751,0.1633,0.164498,0.165373,0.165952,0.16626,0.166322,0.166158,0.16579,0.165235,0.164511,0.163635,0.162619,0.161479,0.160225,0.158871,0.157426,0.155899,0.154301,0.152638,0.150919,0.14915,0.147338,0.145489,0.143608,0.141699,0.139769,0.137819,0.135856,0.133881,0.131898,0.129911,0.127922,0.125932,0.123946,0.121964,0.119989,0.118022,0.116064,0.114118,0.112185,0.110265,0.108359,0.10647,0.104597,0.102741,0.100903,0.0990829,0.0972823,0.095501,0.0937395,0.0919981,0.0902771,0.0885767,0.0868971,0.0852384,0.0836007,0.081984,0.0803885,0.078814,0.0772607,0.0757283,0.0742168,0.0727262,0.0712563,0.0698069,0.0683779,0.0669691,0.0655804,0.0642115,0.0628623,0.0615324,0.0602217,0.05893,0.0576569,0.0564022,0.0551657,0.0539471,0.0527461,0.0515624,0.0503958,0.049246,0.0481126,0.0469955,0.0458942,0.0448085,0.0437382,0.0426829,0.0416422,0.040616,0.039604,0.0386057,0.037621,0.0366495,0.0356909,0.0347449,0.0338113,0.0328897,0.0319799,0.0310815,0.0301943,0.0293179,0.0284521,0.0275966,0.0267511,0.0259153,0.025089,0.0242718,0.0234634,0.0226637,0.0218722,0.0210888,0.0203131,0.019545,0.018784,0.01803,0.0172826,0.0165416,0.0158068,0.0150778,0.0143545,0.0136365,0.0129235,0.0122154,0.0115118,0.0108125,0.0101172,0.00942577,0.00873783,0.00805315,0.00737149,0.00669259,0.0060162,0.00534206,0.00466993,0.00399955,0.00333066,0.00266303,0.0019964,0.00133052
0,0.0143233,0.0284789,0.0423075,0.055666,0.0684328,0.0805112,0.0918302,0.102344,0.112028,0.120877,0.128904,0.136131,0.14259,0.148319,0.15336,0.157757,0.161555,0.164797,0.167527,0.169784,0.171607,0.173034,0.174097,0.174829,0.175259,0.175414,0.175319,0.174997,0.174469,0.173755,0.172873,0.171838,0.170666,0.169371,0.167965,0.16646,0.164867,0.163195,0.161453,0.15965,0.157793,0.155889,0.153944,0.151964,0.149955,0.147922,0.145868,0.143798,0.141716,0.139626,0.13753,0.135431,0.133332,0.131236,0.129144,0.127059,0.124982,0.122916,0.120861,0.11882,0.116793,0.114781,0.112785,0.110807,0.108847,0.106905,0.104984,0.103082,0.1012,0.0993397,0.0975003,0.0956825,0.0938864,0.0921122,0.0903602,0.0886303,0.0869227,0.0852374,0.0835744,0.0819337,0.0803153,0.0787189,0.0771446,0.0755922,0.0740616,0.0725525,0.0710649,0.0695985,0.0681532,0.0667286,0.0653246,0.0639409,0.0625772,0.0612334,0.0599091,0.0586041,0.0573181,0.0560507,0.0548018,0.053571,0.0523579,0.0511624,0.0499841,0.0488227,0.0476779,0.0465493,0.0454368,0.0443399,0.0432583,0.0421917,0.0411399,0.0401025,0.0390791,0.0380695,0.0370734,0.0360905,0.0351204,0.0341628,0.0332175,0.0322841,0.0313622,0.0304518,0.0295523,0.0286635,0.0277851,0.0269169,0.0260584,0.0252095,0.0243698,0.023539,0.0227169,0.0219031,0.0210974,0.0202995,0.0195091,0.0187259,0.0179496,0.01718,0.0164167,0.0156596,0.0149083,0.0141625,0.013422,0.0126865,0.0119558,0.0112295,0.0105074,0.00978925,0.00907476,0.00836367,0.00765571,0.00695063,0.00624815,0.00554801,0.00484996,0.00415373,0.00345906,0.00276569,0.00207336,0.00138181
0,0.0157502,0.0312948,0.0464402,0.0610152,0.0748777,0.0879187,0.100063,0.111266,0.121511,0.130803,0.139165,0.146634,0.153254,0.159075,0.164151,0.168534,0.172279,0.175436,0.178056,0.180183,0.181861,0.18313,0.184028,0.184588,0.184842,0.184818,0.184543,0.184042,0.183335,0.182444,0.181386,0.180179,0.178837,0.177374,0.175804,0.174138,0.172387,0.170561,0.168668,0.166716,0.164714,0.162668,0.160585,0.15847,0.156328,0.154164,0.151983,0.149789,0.147586,0.145376,0.143164,0.140951,0.13874,0.136535,0.134336,0.132146,0.129967,0.127799,0.125646,0.123508,0.121386,0.119281,0.117194,0.115126,0.113079,0.111051,0.109045,0.10706,0.105098,0.103158,0.10124,0.0993455,0.0974741,0.0956261,0.0938015,0.0920004,0.0902229,0.0884689,0.0867386,0.0850316,0.0833481,0.0816879,0.0800509,0.0784369,0.0768457,0.0752772,0.0737312,0.0722073,0.0707055,0.0692255,0.067767,0.0663297,0.0649134,0.0635177,0.0621425,0.0607874,0.0594522,0.0581364,0.0568398,0.0555621,0.054303,0.0530621,0.0518391,0.0506338,0.0494457,0.0482746,0.0471201,0.0459819,0.0448596,0.043753,0.0426618,0.0415855,0.0405238,0.0394765,0.0384432,0.0374235,0.0364173,0.035424,0.0344435,0.0334753,0.0325192,0.0315749,0.030642,0.0297203,0.0288093,0.0279089,0.0270186,0.0261383,0.0252675,0.024406,0.0235535,0.0227096,0.0218741,0.0210467,0.0202271,0.019415,0.0186101,0.0178121,0.0170207,0.0162357,0.0154567,0.0146834,0.0139156,0.0131531,0.0123954,0.0116424,0.0108938,0.0101492,0.0094084,0.00867115,0.00793716,0.00720614,0.00647783,0.00575195,0.00502824,0.00430641,0.0035862,0.00286735,0.00214957,0.00143259
0,0.0173825,0.0345098,0.0511435,0.067077,0.082144,0.0962231,0.109237,0.121146,0.131946,0.141658,0.15032,0.157986,0.164717,0.170577,0.175633,0.17995,0.18359,0.186614,0.189077,0.191031,0.192523,0.193598,0.194296,0.194653,0.194702,0.194473,0.193995,0.193292,0.192387,0.1913,0.19005,0.188654,0.187128,0.185485,0.183739,0.181902,0.179983,0.177993,0.17594,0.173834,0.17168,0.169486,0.167258,0.165002,0.162722,0.160425,0.158113,0.155791,0.153462,0.15113,0.148798,0.146469,0.144144,0.141827,0.139519,0.137222,0.134939,0.132669,0.130416,0.12818,0.125962,0.123763,0.121584,0.119426,0.11729,0.115176,0.113085,0.111018,0.108973,0.106953,0.104957,0.102986,0.101039,0.0991169,0.0972197,0.0953474,0.0934999,0.0916774,0.0898796,0.0881066,0.0863582,0.0846343,0.0829346,0.0812592,0.0796077,0.0779799,0.0763756,0.0747946,0.0732366,0.0717013,0.0701885,0.0686979,0.0672292,0.0657821,0.0643563,0.0629514,0.0615672,0.0602032,0.0588593,0.0575351,0.0562302,0.0549442,0.0536769,0.052428,0.051197,0.0499836,0.0487875,0.0476083,0.0464458,0.0452994,0.044169,0.0430542,0.0419546,0.0408698,0.0397996,0.0387436,0.0377014,0.0366728,0.0356574,0.0346548,0.0336648,0.0326869,0.031721,0.0307665,0.0298233,0.028891,0.0279692,0.0270577,0.0261562,0.0252642,0.0243816,0.023508,0.022643,0.0217864,0.0209379,0.0200972,0.0192639,0.0184378,0.0176186,0.0168059,0.0159995,0.015199,0.0144043,0.0136149,0.0128306,0.0120511,0.0112762,0.0105054,0.00973862,0.00897548,0.00821571,0.00745903,0.00670515,0.0059538,0.00520468,0.00445752,0.00371204,0.00296796,0.00222499,0.00148286
0,0.0192702,0.0382182,0.0565471,0.0740052,0.0903983,0.105593,0.119515,0.132136,0.143471,0.153562,0.162471,0.170274,0.17705,0.182883,0.187855,0.192042,0.195518,0.198353,0.200608,0.202341,0.203604,0.204444,0.204905,0.205025,0.204839,0.204379,0.203672,0.202744,0.20162,0.200318,0.198859,0.19726,0.195535,0.1937,0.191767,0.189747,0.187651,0.185488,0.183268,0.180998,0.178686,0.176338,0.17396,0.171557,0.169136,0.166699,0.164252,0.161799,0.159342,0.156885,0.154431,0.151982,0.149541,0.14711,0.144692,0.142287,0.139897,0.137524,0.135169,0.132834,0.130519,0.128225,0.125954,0.123705,0.12148,0.119279,0.117103,0.114952,0.112825,0.110725,0.10865,0.106602,0.10458,0.102583,0.100613,0.0986699,0.0967526,0.0948614,0.0929964,0.0911574,0.0893442,0.0875567,0.0857947,0.084058,0.0823463,0.0806595,0.0789972,0.0773593,0.0757453,0.0741551,0.0725884,0.0710448,0.069524,0.0680256,0.0665495,0.0650951,0.0636623,0.0622506,0.0608596,0.0594892,0.0581388,0.0568081,0.0554969,0.0542046,0.052931,0.0516757,0.0504383,0.0492186,0.048016,0.0468303,0.0456611,0.0445081,0.0433708,0.0422489,0.0411422,0.0400501,0.0389725,0.0379088,0.0368588,0.0358222,0.0347985,0.0337874,0.0327887,0.0318019,0.0308267,0.0298628,0.0289099,0.0279675,0.0270355,0.0261134,0.025201,0.0242979,0.0234037,0.0225183,0.0216412,0.0207721,0.0199108,0.0190569,0.0182101,0.01737,0.0165365,0.0157091,0.0148877,0.0140717,0.0132611,0.0124554,0.0116545,0.0108578,0.0100653,0.00927655,0.00849128,0.00770921,0.00693004,0.00615347,0.00537923,0.00460701,0.00383652,0.00306748,0.0022996,0.00153259
0,0.0214801,0.0425459,0.0628215,0.0819984,0.0998508,0.116237,0.131092,0.144412,0.156239,0.166647,0.175729,0.183587,0.190327,0.196052,0.20086,0.204845,0.208089,0.210671,0.212661,0.21412,0.215107,0.21567,0.215856,0.215704,0.215252,0.21453,0.213569,0.212395,0.211029,0.209495,0.20781,0.205991,0.204054,0.202013,0.199881,0.197668,0.195385,0.193041,0.190646,0.188206,0.185728,0.18322,0.180686,0.178133,0.175564,0.172985,0.170399,0.16781,0.165222,0.162637,0.160058,0.157488,0.154929,0.152382,0.149851,0.147336,0.144839,0.142361,0.139904,0.137468,0.135055,0.132666,0.130301,0.127961,0.125647,0.123358,0.121096,0.118861,0.116652,0.114471,0.112318,0.110192,0.108094,0.106024,0.103981,0.101967,0.0999795,0.0980199,0.0960877,0.0941828,0.092305,0.0904541,0.0886299,0.0868322,0.0850606,0.083315,0.081595,0.0799004,0.0782308,0.076586,0.0749656,0.0733692,0.0717966,0.0702475,0.0687213,0.0672178,0.0657367,0.0642775,0.06284,0.0614236,0.0600281,0.0586531,0.0572982,0.055963,0.0546472,0.0533503,0.052072,0.050812,0.0495698,0.0483451,0.0471375,0.0459465,0.044772,0.0436134,0.0424704,0.0413427,0.0402298,0.0391315,0.0380473,0.0369768,0.0359199,0.0348759,0.0338448,0.0328259,0.0318191,0.030824,0.0298402,0.0288673,0.0279052,0.0269533,0.0260113,0.0250791,0.0241561,0.023242,0.0223366,0.0214396,0.0205505,0.019669,0.0187949,0.0179279,0.0170675,0.0162135,0.0153656,0.0145235,0.0136868,0.0128552,0.0120285,0.0112063,0.0103883,0.00957424,0.00876376,0.00795658,0.00715239,0.0063509,0.00555181,0.00475481,0.00395961,0.00316589,0.00237337,0.00158175
0,0.0241041,0.0476638,0.0701947,0.0913162,0.110769,0.128413,0.144205,0.158181,0.170427,0.181059,0.190211,0.198019,0.204619,0.210137,0.214691,0.218387,0.221322,0.223582,0.225244,0.226374,0.227033,0.227274,0.227144,0.226685,0.225933,0.224922,0.223681,0.222235,0.220609,0.218822,0.216894,0.214841,0.212678,0.210419,0.208076,0.205659,0.20318,0.200647,0.198068,0.195451,0.192802,0.190127,0.187433,0.184723,0.182003,0.179278,0.176549,0.173822,0.171099,0.168384,0.165677,0.162983,0.160304,0.15764,0.154994,0.152367,0.149761,0.147178,0.144617,0.14208,0.139569,0.137083,0.134624,0.132192,0.129787,0.127411,0.125063,0.122743,0.120452,0.118191,0.115959,0.113756,0.111582,0.109437,0.107322,0.105236,0.103179,0.101151,0.0991522,0.0971816,0.0952394,0.0933254,0.0914392,0.0895807,0.0877495,0.0859453,0.0841679,0.082417,0.0806921,0.0789929,0.0773192,0.0756705,0.0740464,0.0724467,0.0708709,0.0693187,0.0677896,0.0662834,0.0647995,0.0633377,0.0618974,0.0604784,0.0590802,0.0577025,0.0563448,0.0550068,0.053688,0.052388,0.0511066,0.0498432,0.0485975,0.0473691,0.0461576,0.0449626,0.0437838,0.0426207,0.041473,0.0403403,0.0392223,0.0381185,0.0370285,0.0359521,0.0348888,0.0338383,0.0328002,0.0317742,0.0307598,0.0297568,0.0287648,0.0277834,0.0268124,0.0258512,0.0248997,0.0239574,0.023024,0.0220993,0.0211827,0.0202741,0.019373,0.0184792,0.0175924,0.0167121,0.015838,0.01497,0.0141075,0.0132504,0.0123982,0.0115507,0.0107076,0.00986843,0.00903303,0.00820104,0.00737214,0.00654602,0.00572237,0.00490088,0.00408124,0.00326315,0.00244628,0.00163034
0,0.0272727,0.0538104,0.0789774,0.102303,0.123497,0.142439,0.159135,0.173681,0.186228,0.196952,0.206036,0.21366,0.219992,0.225186,0.229378,0.232691,0.235231,0.237093,0.238358,0.239098,0.239377,0.239249,0.238761,0.237958,0.236874,0.235545,0.233997,0.232258,0.230349,0.228291,0.226103,0.223801,0.221398,0.218908,0.216344,0.213714,0.21103,0.208299,0.205529,0.202728,0.199901,0.197055,0.194194,0.191324,0.188449,0.185573,0.182699,0.17983,0.17697,0.174121,0.171285,0.168465,0.165663,0.16288,0.160118,0.157378,0.154663,0.151972,0.149306,0.146668,0.144057,0.141474,0.13892,0.136395,0.1339,0.131436,0.129001,0.126597,0.124224,0.121882,0.11957,0.11729,0.115041,0.112822,0.110634,0.108477,0.106351,0.104255,0.102189,0.100153,0.0981462,0.0961692,0.0942214,0.0923023,0.0904118,0.0885495,0.0867149,0.0849079,0.0831281,0.0813749,0.0796482,0.0779475,0.0762724,0.0746225,0.0729975,0.0713969,0.0698203,0.0682673,0.0667375,0.0652306,0.063746,0.0622834,0.0608423,0.0594224,0.0580232,0.0566444,0.0552855,0.053946,0.0526257,0.051324,0.0500406,0.0487751,0.0475271,0.0462961,0.0450818,0.0438838,0.0427017,0.041535,0.0403834,0.0392466,0.038124,0.0370154,0.0359204,0.0348386,0.0337695,0.032713,0.0316684,0.0306356,0.0296141,0.0286036,0.0276037,0.0266141,0.0256343,0.0246641,0.0237031,0.0227509,0.0218073,0.0208718,0.0199441,0.0190239,0.0181108,0.0172045,0.0163047,0.015411,0.0145231,0.0136407,0.0127634,0.0118909,0.0110229,0.010159,0.00929901,0.00844251,0.00758919,0.00673874,0.00589084,0.00504516,0.00420139,0.00335921,0.00251829,0.00167833
0,0.0311762,0.0613276,0.0896022,0.115419,0.138478,0.158711,0.176215,0.191181,0.203853,0.214483,0.223321,0.230593,0.236505,0.241237,0.244946,0.247767,0.249818,0.251199,0.251997,0.252285,0.252128,0.251583,0.250696,0.24951,0.248063,0.246385,0.244505,0.242449,0.240238,0.237892,0.235427,0.232861,0.230205,0.227474,0.224677,0.221825,0.218926,0.21599,0.213022,0.210031,0.20702,0.203997,0.200966,0.197931,0.194897,0.191866,0.188843,0.18583,0.18283,0.179845,0.176878,0.17393,0.171003,0.168099,0.16522,0.162366,0.159539,0.15674,0.15397,0.151228,0.148517,0.145837,0.143188,0.14057,0.137984,0.135431,0.132909,0.130421,0.127965,0.125542,0.123152,0.120794,0.118469,0.116176,0.113916,0.111688,0.109492,0.107328,0.105196,0.103094,0.101024,0.0989845,0.0969752,0.094996,0.0930465,0.0911262,0.089235,0.0873723,0.0855378,0.0837311,0.0819518,0.0801994,0.0784736,0.076774,0.0751001,0.0734515,0.0718278,0.0702285,0.0686532,0.0671016,0.065573,0.0640672,0.0625837,0.061122,0.0596818,0.0582626,0.0568639,0.0554854,0.0541266,0.052787,0.0514664,0.0501642,0.04888,0.0476134,0.046364,0.0451314,0.0439152,0.0427149,0.0415302,0.0403607,0.039206,0.0380656,0.0369392,0.0358264,0.0347268,0.03364,0.0325657,0.0315034,0.0304528,0.0294135,0.0283851,0.0273673,0.0263597,0.0253619,0.0243736,0.0233944,0.0224239,0.0214619,0.0205079,0.0195616,0.0186227,0.0176907,0.0167654,0.0158464,0.0149334,0.014026,0.0131239,0.0122267,0.0113342,0.0104459,0.0095616,0.00868089,0.00780347,0.006929,0.00605715,0.00518759,0.00431999,0.00345403,0.00258938,0.00172571
0,0.0361046,0.0707215,0.102685,0.131294,0.156285,0.177714,0.195831,0.210976,0.223518,0.233809,0.242171,0.248887,0.254198,0.258311,0.261401,0.263615,0.265076,0.26589,0.266145,0.265917,0.265269,0.264258,0.262929,0.261325,0.259481,0.257427,0.255191,0.252796,0.250263,0.24761,0.244854,0.24201,0.239089,0.236104,0.233065,0.229982,0.226861,0.223712,0.22054,0.217352,0.214153,0.210948,0.207742,0.204538,0.201341,0.198153,0.194978,0.191817,0.188675,0.185552,0.182451,0.179373,0.176321,0.173295,0.170297,0.167328,0.164389,0.161481,0.158604,0.155759,0.152947,0.150169,0.147424,0.144713,0.142036,0.139394,0.136786,0.134213,0.131674,0.12917,0.126701,0.124266,0.121865,0.119499,0.117166,0.114868,0.112603,0.110371,0.108172,0.106006,0.103872,0.10177,0.0996996,0.0976605,0.0956523,0.0936746,0.091727,0.089809,0.0879203,0.0860604,0.0842289,0.0824253,0.0806493,0.0789003,0.0771779,0.0754818,0.0738113,0.0721662,0.0705459,0.0689499,0.0673779,0.0658293,0.0643037,0.0628008,0.0613199,0.0598607,0.0584227,0.0570055,0.0556086,0.0542316,0.0528741,0.0515356,0.0502156,0.0489139,0.0476298,0.046363,0.0451131,0.0438797,0.0426623,0.0414605,0.0402739,0.0391022,0.0379448,0.0368014,0.0356716,0.034555,0.0334512,0.0323598,0.0312804,0.0302127,0.0291562,0.0281106,0.0270755,0.0260505,0.0250352,0.0240293,0.0230325,0.0220442,0.0210643,0.0200922,0.0191277,0.0181704,0.01722,0.016276,0.0153382,0.0144062,0.0134796,0.0125581,0.0116413,0.010729,0.00982068,0.00891609,0.00801489,0.00711672,0.00622124,0.00532812,0.00443702,0.0035476,0.00265952,0.00177246
0,0.0425206,0.0827693,0.119121,0.150786,0.177654,0.200029,0.218418,0.233375,0.245433,0.255063,0.262669,0.268584,0.273088,0.276409,0.278732,0.280214,0.280981,0.28114,0.280777,0.279968,0.278774,0.27725,0.275439,0.273381,0.271109,0.268652,0.266035,0.26328,0.260407,0.257432,0.25437,0.251235,0.248038,0.244789,0.241499,0.238175,0.234826,0.231457,0.228075,0.224685,0.221292,0.217901,0.214516,0.21114,0.207776,0.204428,0.201097,0.197788,0.1945,0.191238,0.188001,0.184792,0.181613,0.178464,0.175346,0.17226,0.169208,0.16619,0.163206,0.160258,0.157345,0.154468,0.151627,0.148822,0.146054,0.143323,0.140628,0.13797,0.135349,0.132764,0.130216,0.127704,0.125228,0.122788,0.120383,0.118014,0.11568,0.113381,0.111116,0.108885,0.106688,0.104524,0.102393,0.100295,0.0982283,0.0961935,0.0941899,0.092217,0.0902745,0.0883618,0.0864785,0.0846242,0.0827983,0.0810005,0.0792301,0.0774869,0.0757702,0.0740796,0.0724146,0.0707748,0.0691597,0.0675689,0.0660017,0.0644578,0.0629368,0.061438,0.0599612,0.0585057,0.0570712,0.0556572,0.0542633,0.0528889,0.0515336,0.0501971,0.0488787,0.0475782,0.0462951,0.0450289,0.0437791,0.0425455,0.0413275,0.0401247,0.0389367,0.0377632,0.0366036,0.0354575,0.0343247,0.0332046,0.0320968,0.031001,0.0299168,0.0288437,0.0277815,0.0267296,0.0256878,0.0246555,0.0236326,0.0226185,0.0216129,0.0206155,0.0196258,0.0186435,0.0176683,0.0166997,0.0157374,0.0147811,0.0138304,0.0128849,0.0119442,0.0110081,0.0100762,0.00914803,0.00822337,0.00730182,0.00638305,0.00546669,0.00455241,0.00363986,0.00272869,0.00181855
0,0.0512086,0.0987141,0.140244,0.175077,0.203514,0.226332,0.244435,0.258674,0.269776,0.278343,0.284855,0.289694,0.293163,0.295503,0.296906,0.297529,0.297496,0.29691,0.295856,0.294403,0.292611,0.290528,0.288196,0.285651,0.282922,0.280037,0.277018,0.273884,0.270653,0.267341,0.26396,0.260522,0.257038,0.253517,0.249967,0.246396,0.24281,0.239215,0.235617,0.232021,0.22843,0.224849,0.221281,0.217729,0.214196,0.210685,0.207197,0.203736,0.200302,0.196898,0.193524,0.190183,0.186875,0.183601,0.180363,0.17716,0.173994,0.170865,0.167774,0.164721,0.161707,0.158731,0.155794,0.152895,0.150036,0.147216,0.144434,0.141691,0.138988,0.136322,0.133695,0.131106,0.128555,0.126042,0.123566,0.121126,0.118724,0.116357,0.114027,0.111732,0.109472,0.107246,0.105055,0.102897,0.100773,0.0986817,0.0966225,0.0945953,0.0925994,0.0906344,0.0886999,0.0867952,0.08492,0.0830737,0.0812558,0.0794659,0.0777034,0.0759679,0.0742588,0.0725756,0.0709179,0.0692852,0.0676769,0.0660926,0.0645318,0.062994,0.0614788,0.0599855,0.0585139,0.0570633,0.0556333,0.0542235,0.0528334,0.0514625,0.0501103,0.0487765,0.0474605,0.0461619,0.0448803,0.0436152,0.0423662,0.0411329,0.0399147,0.0387113,0.0375223,0.0363473,0.0351857,0.0340373,0.0329015,0.0317781,0.0306665,0.0295664,0.0284774,0.027399,0.0263309,0.0252728,0.0242241,0.0231845,0.0221537,0.0211312,0.0201167,0.0191098,0.0181101,0.0171173,0.0161309,0.0151506,0.0141761,0.0132069,0.0122427,0.0112832,0.0103279,0.00937661,0.00842883,0.00748425,0.00654251,0.00560326,0.00466614,0.00373078,0.00279685,0.00186398
0,0.0635998,0.120634,0.168064,0.205765,0.234992,0.25735,0.274319,0.287107,0.296656,0.303679,0.308715,0.312174,0.314366,0.315533,0.315861,0.315499,0.314563,0.313149,0.311333,0.309179,0.306738,0.304055,0.301167,0.298104,0.294893,0.291556,0.288115,0.284585,0.280982,0.277319,0.273607,0.269856,0.266075,0.262273,0.258456,0.254631,0.250803,0.246977,0.243159,0.239351,0.235559,0.231784,0.22803,0.224299,0.220595,0.216918,0.213271,0.209656,0.206075,0.202527,0.199015,0.19554,0.192103,0.188704,0.185344,0.182024,0.178743,0.175504,0.172305,0.169147,0.166031,0.162956,0.159922,0.15693,0.15398,0.15107,0.148202,0.145375,0.142588,0.139843,0.137137,0.134471,0.131846,0.129259,0.126711,0.124202,0.121732,0.119298,0.116903,0.114544,0.112221,0.109935,0.107684,0.105467,0.103286,0.101138,0.0990239,0.0969427,0.094894,0.0928772,0.0908918,0.0889373,0.0870132,0.085119,0.0832541,0.081418,0.0796103,0.0778303,0.0760775,0.0743515,0.0726517,0.0709776,0.0693287,0.0677045,0.0661044,0.064528,0.0629748,0.0614443,0.0599359,0.0584492,0.0569837,0.0555389,0.0541144,0.0527096,0.0513241,0.0499574,0.048609,0.0472785,0.0459654,0.0446693,0.0433897,0.0421262,0.0408783,0.0396455,0.0384275,0.0372238,0.036034,0.0348577,0.0336943,0.0325436,0.0314051,0.0302783,0.0291629,0.0280584,0.0269645,0.0258808,0.0248068,0.0237421,0.0226864,0.0216392,0.0206003,0.0195691,0.0185453,0.0175286,0.0165184,0.0155146,0.0145166,0.0135241,0.0125367,0.0115541,0.0105759,0.00960174,0.00863119,0.00766393,0.00669957,0.00573777,0.00477814,0.00382034,0.00286398,0.00190872
0,0.0825564,0.152158,0.205614,0.244925,0.27334,0.293759,0.308381,0.318781,0.326061,0.331001,0.334153,0.33592,0.336595,0.336402,0.335507,0.334043,0.33211,0.32979,0.327149,0.324241,0.321108,0.317789,0.314312,0.310705,0.306988,0.303181,0.299301,0.29536,0.291371,0.287346,0.283292,0.27922,0.275135,0.271044,0.266954,0.262869,0.258794,0.254733,0.25069,0.246668,0.24267,0.238698,0.234756,0.230844,0.226966,0.223122,0.219315,0.215545,0.211813,0.208122,0.20447,0.200861,0.197293,0.193768,0.190286,0.186847,0.183453,0.180102,0.176795,0.173532,0.170314,0.16714,0.16401,0.160924,0.157882,0.154884,0.151929,0.149018,0.146149,0.143323,0.140539,0.137798,0.135097,0.132438,0.129819,0.127241,0.124702,0.122203,0.119742,0.11732,0.114935,0.112588,0.110278,0.108004,0.105765,0.103562,0.101393,0.0992583,0.0971572,0.0950891,0.0930534,0.0910497,0.0890772,0.0871356,0.0852242,0.0833425,0.0814899,0.079666,0.0778701,0.0761017,0.0743603,0.0726453,0.0709563,0.0692926,0.0676538,0.0660394,0.0644487,0.0628813,0.0613367,0.0598144,0.0583139,0.0568346,0.0553761,0.0539379,0.0525195,0.0511203,0.04974,0.0483781,0.047034,0.0457073,0.0443976,0.0431043,0.0418271,0.0405654,0.0393188,0.0380869,0.0368693,0.0356654,0.0344749,0.0332973,0.0321322,0.0309791,0.0298378,0.0287076,0.0275883,0.0264793,0.0253803,0.024291,0.0232108,0.0221393,0.0210763,0.0200212,0.0189737,0.0179334,0.0168999,0.0158728,0.0148517,0.0138363,0.0128261,0.0118208,0.01082,0.00982334,0.00883038,0.00784078,0.00685417,0.00587016,0.00488839,0.00390848,0.00293006,0.00195275
0,0.114467,0.199829,0.257308,0.294982,0.319683,0.335963,0.346668,0.353573,0.357808,0.36011,0.360977,0.360756,0.359694,0.357972,0.355724,0.353054,0.350043,0.346752,0.343233,0.339527,0.335666,0.331679,0.327589,0.323415,0.319174,0.314881,0.310547,0.306183,0.301798,0.297401,0.292998,0.288596,0.2842,0.279816,0.275447,0.271098,0.266772,0.262472,0.2582,0.253961,0.249755,0.245584,0.241451,0.237357,0.233303,0.229291,0.225321,0.221395,0.217513,0.213676,0.209885,0.20614,0.202441,0.19879,0.195185,0.191628,0.188118,0.184656,0.181241,0.177874,0.174553,0.17128,0.168054,0.164875,0.161742,0.158655,0.155614,0.152618,0.149668,0.146762,0.143901,0.141083,0.138308,0.135577,0.132888,0.13024,0.127634,0.125069,0.122544,0.120059,0.117613,0.115206,0.112836,0.110505,0.10821,0.105951,0.103728,0.101541,0.099388,0.0972692,0.0951838,0.0931312,0.091111,0.0891225,0.0871651,0.0852383,0.0833415,0.0814742,0.0796357,0.0778255,0.076043,0.0742877,0.0725591,0.0708565,0.0691795,0.0675274,0.0658998,0.0642961,0.0627158,0.0611584,0.0596233,0.05811,0.0566181,0.0551469,0.053696,0.052265,0.0508532,0.0494602,0.0480856,0.0467288,0.0453894,0.0440668,0.0427607,0.0414705,0.0401958,0.0389362,0.0376911,0.0364601,0.0352429,0.0340388,0.0328476,0.0316687,0.0305017,0.0293463,0.0282019,0.0270681,0.0259446,0.0248309,0.0237266,0.0226313,0.0215445,0.020466,0.0193951,0.0183317,0.0172752,0.0162252,0.0151814,0.0141434,0.0131108,0.0120832,0.0110601,0.0100413,0.00902631,0.00801474,0.00700623,0.00600039,0.00499683,0.00399518,0.00299506,0.00199607
0,0.175484,0.275383,0.328808,0.358013,0.374449,0.383741,0.388754,0.391037,0.391487,0.390654,0.38889,0.386435,0.383454,0.380067,0.376363,0.372408,0.368255,0.363943,0.359505,0.354967,0.35035,0.345673,0.34095,0.336193,0.331414,0.326621,0.321823,0.317027,0.312238,0.307462,0.302703,0.297966,0.293255,0.288572,0.283921,0.279304,0.274723,0.270181,0.26568,0.26122,0.256804,0.252433,0.248108,0.243829,0.239599,0.235417,0.231284,0.227201,0.223168,0.219185,0.215253,0.211373,0.207543,0.203765,0.200038,0.196362,0.192737,0.189163,0.185641,0.182168,0.178746,0.175375,0.172052,0.16878,0.165556,0.162381,0.159254,0.156175,0.153143,0.150157,0.147218,0.144325,0.141477,0.138674,0.135915,0.133199,0.130526,0.127895,0.125307,0.122759,0.120252,0.117786,0.115358,0.112969,0.110619,0.108306,0.106029,0.10379,0.101585,0.0994164,0.0972818,0.0951811,0.0931137,0.0910789,0.0890761,0.0871048,0.0851643,0.0832541,0.0813736,0.0795221,0.0776991,0.0759041,0.0741364,0.0723954,0.0706807,0.0689916,0.0673276,0.0656881,0.0640726,0.0624806,0.0609114,0.0593646,0.0578397,0.0563361,0.0548533,0.0533908,0.051948,0.0505246,0.0491198,0.0477334,0.0463647,0.0450134,0.0436788,0.0423606,0.0410582,0.0397712,0.0384992,0.0372416,0.035998,0.0347679,0.033551,0.0323467,0.0311546,0.0299742,0.0288052,0.0276471,0.0264994,0.0253618,0.0242338,0.0231149,0.0220049,0.0209032,0.0198094,0.0187232,0.0176441,0.0165717,0.0155056,0.0144454,0.0133907,0.0123411,0.0112962,0.0102556,0.00921891,0.00818575,0.00715571,0.0061284,0.00510343,0.00408041,0.00305895,0.00203865
0,0.312085,0.397411,0.424527,0.433811,0.436359,0.4358,0.433568,0.430334,0.426451,0.422127,0.417494,0.412638,0.407619,0.40248,0.397253,0.391962,0.386626,0.38126,0.375877,0.370486,0.365096,0.359713,0.354344,0.348994,0.343667,0.338367,0.333098,0.327863,0.322665,0.317505,0.312387,0.307312,0.302281,0.297297,0.292361,0.287474,0.282637,0.277851,0.273118,0.268437,0.26381,0.259237,0.254718,0.250255,0.245847,0.241494,0.237198,0.232957,0.228772,0.224644,0.220571,0.216555,0.212594,0.208689,0.204839,0.201045,0.197306,0.193621,0.18999,0.186413,0.18289,0.17942,0.176002,0.172636,0.169322,0.166059,0.162847,0.159684,0.156571,0.153507,0.150491,0.147523,0.144602,0.141727,0.138899,0.136115,0.133376,0.130681,0.128029,0.12542,0.122853,0.120327,0.117842,0.115396,0.112991,0.110624,0.108295,0.106003,0.103748,0.10153,0.0993467,0.0971984,0.0950843,0.0930038,0.0909562,0.088941,0.0869575,0.085005,0.083083,0.0811908,0.0793279,0.0774937,0.0756874,0.0739087,0.0721568,0.0704312,0.0687313,0.0670566,0.0654065,0.0637803,0.0621777,0.0605979,0.0590406,0.057505,0.0559908,0.0544973,0.0530241,0.0515706,0.0501363,0.0487207,0.0473233,0.0459436,0.044581,0.0432352,0.0419057,0.0405918,0.0392932,0.0380094,0.0367399,0.0354843,0.0342421,0.0330128,0.0317959,0.0305911,0.0293979,0.0282158,0.0270444,0.0258833,0.024732,0.0235901,0.0224571,0.0213327,0.0202164,0.0191078,0.0180065,0.016912,0.0158239,0.0147419,0.0136656,0.0125944,0.011528,0.0104661,0.00940811,0.00835373,0.00730255,0.00625415,0.00520815,0.00416413,0.00312171,0.00208048
1,0.675444,0.57765,0.538077,0.516348,0.501375,0.489531,0.479387,0.470278,0.461854,0.453911,0.446322,0.439005,0.431905,0.424981,0.418206,0.41156,0.405027,0.398595,0.392257,0.386005,0.379833,0.373739,0.36772,0.361771,0.355893,0.350083,0.34434,0.338664,0.333053,0.327508,0.322028,0.316612,0.311261,0.305975,0.300752,0.295594,0.2905,0.28547,0.280503,0.275601,0.270762,0.265986,0.261274,0.256625,0.25204,0.247517,0.243056,0.238658,0.234322,0.230047,0.225834,0.221682,0.21759,0.213559,0.209587,0.205674,0.20182,0.198024,0.194286,0.190605,0.186981,0.183413,0.1799,0.176442,0.173038,0.169687,0.16639,0.163145,0.159952,0.156809,0.153717,0.150675,0.147681,0.144736,0.141838,0.138987,0.136183,0.133424,0.130709,0.128039,0.125412,0.122828,0.120286,0.117785,0.115325,0.112904,0.110523,0.108181,0.105876,0.103608,0.101377,0.099182,0.097022,0.0948964,0.0928047,0.0907461,0.0887201,0.086726,0.0847632,0.0828309,0.0809287,0.0790558,0.0772117,0.0753957,0.0736072,0.0718457,0.0701105,0.0684011,0.0667169,0.0650572,0.0634216,0.0618094,0.0602201,0.0586532,0.057108,0.0555841,0.0540809,0.0525979,0.0511345,0.0496902,0.0482646,0.046857,0.045467,0.0440941,0.0427378,0.0413975,0.0400729,0.0387633,0.0374684,0.0361877,0.0349206,0.0336667,0.0324256,0.0311968,0.0299798,0.0287742,0.0275795,0.0263953,0.0252211,0.0240565,0.0229011,0.0217544,0.0206159,0.0194853,0.0183622,0.0172461,0.0161365,0.0150331,0.0139354,0.0128431,0.0117556,0.0106727,0.00959382,0.00851862,0.00744668,0.00637759,0.00531093,0.00424631,0.00318331,0.00212153
1,0.81204,0.699669,0.633782,0.592128,0.563262,0.541562,0.52417,0.509539,0.496777,0.48534,0.474878,0.465156,0.456013,0.447333,0.439032,0.431045,0.423326,0.415838,0.408551,0.401442,0.394494,0.387692,0.381024,0.374479,0.368051,0.361731,0.355516,0.349399,0.343377,0.337446,0.331605,0.325849,0.320178,0.314589,0.30908,0.303651,0.298299,0.293024,0.287825,0.282701,0.27765,0.272673,0.267767,0.262933,0.25817,0.253477,0.248853,0.244297,0.23981,0.23539,0.231036,0.226749,0.222527,0.218369,0.214275,0.210245,0.206277,0.202371,0.198526,0.194741,0.191016,0.187351,0.183743,0.180193,0.1767,0.173263,0.169882,0.166555,0.163282,0.160062,0.156894,0.153778,0.150713,0.147697,0.144731,0.141814,0.138945,0.136122,0.133346,0.130615,0.12793,0.125288,0.122689,0.120133,0.117619,0.115146,0.112714,0.110321,0.107967,0.105651,0.103373,0.101131,0.0989258,0.0967558,0.0946206,0.0925194,0.0904515,0.0884164,0.0864133,0.0844416,0.0825006,0.0805898,0.0787083,0.0768557,0.0750313,0.0732344,0.0714645,0.069721,0.0680032,0.0663106,0.0646426,0.0629985,0.0613779,0.05978,0.0582045,0.0566507,0.055118,0.053606,0.0521141,0.0506416,0.0491882,0.0477533,0.0463363,0.0449368,0.0435542,0.0421881,0.0408378,0.039503,0.0381832,0.0368777,0.0355863,0.0343083,0.0330434,0.031791,0.0305507,0.029322,0.0281044,0.0268975,0.0257009,0.0245141,0.0233366,0.022168,0.0210078,0.0198557,0.0187112,0.0175737,0.0164431,0.0153187,0.0142001,0.013087,0.0119789,0.0108754,0.00977599,0.00868036,0.00758806,0.00649866,0.00541175,0.00432692,0.00324374,0.0021618
1,0.873047,0.775204,0.705254,0.655122,0.617982,0.589286,0.566193,0.546931,0.530376,0.515795,0.502693,0.490729,0.479659,0.469307,0.459542,0.450263,0.441395,0.432879,0.424666,0.41672,0.40901,0.401512,0.394204,0.387072,0.3801,0.373277,0.366593,0.360039,0.353609,0.347296,0.341095,0.335002,0.329012,0.323122,0.317329,0.31163,0.306022,0.300504,0.295073,0.289728,0.284466,0.279288,0.274189,0.269171,0.264231,0.259368,0.254581,0.24987,0.245232,0.240667,0.236173,0.231751,0.227399,0.223116,0.218901,0.214753,0.210672,0.206657,0.202705,0.198818,0.194994,0.191231,0.18753,0.183889,0.180308,0.176785,0.17332,0.169911,0.166559,0.163262,0.16002,0.156831,0.153695,0.15061,0.147577,0.144594,0.14166,0.138775,0.135938,0.133148,0.130404,0.127705,0.125051,0.122441,0.119874,0.117349,0.114865,0.112423,0.11002,0.107657,0.105332,0.103045,0.100795,0.0985812,0.0964031,0.0942599,0.0921509,0.0900754,0.0880327,0.0860222,0.0840431,0.0820949,0.0801768,0.0782882,0.0764284,0.0745968,0.0727928,0.0710157,0.069265,0.06754,0.0658401,0.0641647,0.0625133,0.0608852,0.0592798,0.0576966,0.0561351,0.0545946,0.0530746,0.0515745,0.0500939,0.0486321,0.0471887,0.045763,0.0443547,0.0429631,0.0415878,0.0402282,0.0388838,0.0375542,0.0362389,0.0349373,0.033649,0.0323735,0.0311103,0.0298589,0.0286189,0.0273898,0.0261712,0.0249626,0.0237634,0.0225734,0.021392,0.0202187,0.0190532,0.0178949,0.0167435,0.0155986,0.0144595,0.0133261,0.0121977,0.011074,0.00995452,0.00883888,0.00772662,0.00661732,0.00551056,0.00440592,0.00330296,0.00220127
1,0.904944,0.822847,0.756907,0.705124,0.664257,0.631408,0.604384,0.581615,0.562001,0.54477,0.529371,0.515407,0.502588,0.490695,0.479565,0.469071,0.459114,0.449616,0.440515,0.431761,0.423314,0.41514,0.407211,0.399504,0.392,0.384683,0.377539,0.370556,0.363724,0.357034,0.350479,0.344052,0.337747,0.331559,0.325484,0.319518,0.313656,0.307897,0.302236,0.296671,0.291201,0.285822,0.280533,0.275331,0.270215,0.265184,0.260236,0.255368,0.250581,0.245872,0.24124,0.236684,0.232203,0.227795,0.22346,0.219196,0.215003,0.210878,0.206822,0.202833,0.19891,0.195051,0.191257,0.187526,0.183857,0.180249,0.176701,0.173213,0.169782,0.166409,0.163093,0.159832,0.156625,0.153473,0.150373,0.147325,0.144328,0.141381,0.138483,0.135634,0.132833,0.130078,0.127369,0.124706,0.122086,0.11951,0.116977,0.114485,0.112035,0.109625,0.107254,0.104922,0.102628,0.100372,0.0981513,0.0959668,0.0938174,0.0917022,0.0896206,0.087572,0.0855555,0.0835705,0.0816164,0.0796924,0.0777979,0.0759322,0.0740947,0.0722847,0.0705017,0.0687449,0.0670137,0.0653076,0.063626,0.0619681,0.0603335,0.0587215,0.0571316,0.0555632,0.0540157,0.0524885,0.0509812,0.0494931,0.0480237,0.0465724,0.0451388,0.0437223,0.0423224,0.0409385,0.0395702,0.0382169,0.0368781,0.0355533,0.0342421,0.032944,0.0316584,0.0303848,0.0291229,0.027872,0.0266318,0.0254018,0.0241815,0.0229704,0.0217682,0.0205742,0.0193881,0.0182095,0.0170378,0.0158727,0.0147136,0.0135602,0.012412,0.0112685,0.0101294,0.00899411,0.00786231,0.00673353,0.00560733,0.00448328,0.00336096,0.00223992
1,0.923882,0.854335,0.794401,0.744211,0.702513,0.667707,0.638319,0.613143,0.591244,0.571913,0.554613,0.538941,0.524589,0.511321,0.498953,0.487342,0.476373,0.465956,0.456017,0.446497,0.437346,0.428523,0.419995,0.411734,0.403715,0.395918,0.388325,0.380923,0.373698,0.366639,0.359735,0.35298,0.346365,0.339884,0.333531,0.327301,0.321189,0.315191,0.309303,0.303522,0.297844,0.292267,0.286788,0.281406,0.276116,0.270918,0.265809,0.260788,0.255852,0.251,0.246231,0.241543,0.236934,0.232403,0.227949,0.22357,0.219265,0.215033,0.210872,0.206782,0.202761,0.198808,0.194922,0.191101,0.187346,0.183654,0.180024,0.176456,0.172949,0.169501,0.166111,0.162779,0.159503,0.156283,0.153117,0.150005,0.146946,0.143938,0.140981,0.138074,0.135216,0.132406,0.129644,0.126927,0.124256,0.12163,0.119047,0.116508,0.11401,0.111554,0.109138,0.106762,0.104425,0.102126,0.0998645,0.0976394,0.0954502,0.0932961,0.0911763,0.0890902,0.087037,0.085016,0.0830264,0.0810677,0.0791392,0.07724,0.0753697,0.0735274,0.0717126,0.0699247,0.0681629,0.0664267,0.0647154,0.0630284,0.0613651,0.0597249,0.0581072,0.0565114,0.0549369,0.0533832,0.0518497,0.0503358,0.048841,0.0473647,0.0459063,0.0444654,0.0430414,0.0416337,0.0402419,0.0388654,0.0375037,0.0361563,0.0348226,0.0335023,0.0321947,0.0308995,0.029616,0.0283439,0.0270826,0.0258316,0.0245906,0.023359,0.0221363,0.0209221,0.0197159,0.0185173,0.0173258,0.0161409,0.0149622,0.0137893,0.0126216,0.0114588,0.0103004,0.009146,0.00799508,0.00684723,0.00570201,0.00455898,0.0034177,0.00227774
1,0.93625,0.876209,0.822152,0.774806,0.733876,0.698588,0.668043,0.641395,0.617921,0.597024,0.578228,0.561155,0.545507,0.531046,0.517584,0.50497,0.493081,0.481819,0.471102,0.460864,0.451049,0.441612,0.432514,0.423721,0.415207,0.406947,0.398922,0.391113,0.383506,0.376087,0.368844,0.361768,0.35485,0.348082,0.341456,0.334967,0.328608,0.322375,0.316263,0.310269,0.304387,0.298615,0.292949,0.287387,0.281926,0.276563,0.271296,0.266122,0.26104,0.256047,0.251142,0.246323,0.241587,0.236935,0.232363,0.22787,0.223455,0.219116,0.214853,0.210663,0.206545,0.202498,0.198521,0.194613,0.190772,0.186996,0.183286,0.17964,0.176056,0.172534,0.169072,0.16567,0.162326,0.15904,0.155809,0.152634,0.149513,0.146445,0.14343,0.140466,0.137552,0.134688,0.131872,0.129104,0.126382,0.123706,0.121075,0.118489,0.115945,0.113443,0.110983,0.108564,0.106185,0.103844,0.101542,0.0992769,0.0970486,0.0948563,0.092699,0.0905762,0.0884869,0.0864305,0.0844064,0.0824136,0.0804516,0.0785197,0.0766171,0.0747433,0.0728974,0.0710789,0.0692871,0.0675214,0.065781,0.0640655,0.0623741,0.0607063,0.0590613,0.0574388,0.0558379,0.0542583,0.0526991,0.05116,0.0496403,0.0481394,0.0466569,0.0451921,0.0437445,0.0423135,0.0408987,0.0394995,0.0381153,0.0367458,0.0353902,0.0340482,0.0327191,0.0314026,0.0300981,0.0288052,0.0275232,0.0262519,0.0249905,0.0237388,0.0224962,0.0212622,0.0200363,0.0188182,0.0176073,0.0164031,0.0152052,0.0140132,0.0128266,0.0116449,0.0104677,0.00929449,0.00812487,0.00695838,0.00579456,0.00463298,0.00347317,0.00231471
1,0.94491,0.892098,0.843191,0.798986,0.759598,0.724725,0.693868,0.666475,0.642019,0.620033,0.600119,0.581945,0.565238,0.549774,0.535369,0.521873,0.509163,0.497136,0.485707,0.474807,0.464375,0.454362,0.444726,0.435431,0.426445,0.417743,0.409302,0.401102,0.393126,0.385358,0.377787,0.370399,0.363186,0.356137,0.349245,0.342502,0.335902,0.329439,0.323108,0.316903,0.310821,0.304856,0.299007,0.293268,0.287638,0.282112,0.276689,0.271365,0.266139,0.261007,0.255968,0.251019,0.246159,0.241386,0.236698,0.232093,0.227569,0.223126,0.21876,0.214472,0.210259,0.20612,0.202053,0.198058,0.194132,0.190275,0.186485,0.182762,0.179103,0.175508,0.171975,0.168504,0.165093,0.16174,0.158446,0.155209,0.152028,0.148901,0.145828,0.142808,0.139839,0.136922,0.134054,0.131234,0.128463,0.125739,0.12306,0.120427,0.117838,0.115292,0.112789,0.110327,0.107906,0.105524,0.103182,0.100878,0.0986119,0.096382,0.0941881,0.0920292,0.0899046,0.0878136,0.0857555,0.0837294,0.0817347,0.0797706,0.0778365,0.0759317,0.0740554,0.072207,0.0703858,0.0685912,0.0668225,0.065079,0.0633601,0.0616653,0.0599938,0.058345,0.0567183,0.0551132,0.0535291,0.0519653,0.0504212,0.0488964,0.0473901,0.045902,0.0444313,0.0429777,0.0415404,0.040119,0.0387129,0.0373216,0.0359446,0.0345814,0.0332314,0.0318941,0.0305691,0.0292558,0.0279537,0.0266623,0.0253812,0.0241098,0.0228477,0.0215943,0.0203493,0.0191121,0.0178822,0.0166592,0.0154426,0.014232,0.0130268,0.0118266,0.010631,0.00943951,0.00825163,0.00706693,0.00588496,0.00470525,0.00352735,0.00235081
1,0.951294,0.90408,0.85953,0.818349,0.780805,0.746847,0.71623,0.688618,0.663648,0.640972,0.620271,0.601268,0.583726,0.567441,0.552244,0.537991,0.524561,0.511854,0.499785,0.488282,0.477283,0.466737,0.456599,0.446831,0.4374,0.428279,0.419442,0.410867,0.402537,0.394435,0.386546,0.378857,0.371357,0.364036,0.356885,0.349895,0.34306,0.336372,0.329826,0.323415,0.317136,0.310984,0.304954,0.299042,0.293246,0.28756,0.281984,0.276512,0.271143,0.265875,0.260703,0.255628,0.250645,0.245753,0.24095,0.236235,0.231604,0.227057,0.222592,0.218206,0.213899,0.209669,0.205514,0.201433,0.197425,0.193487,0.189619,0.185819,0.182087,0.17842,0.174817,0.171278,0.167801,0.164384,0.161027,0.157729,0.154488,0.151304,0.148174,0.145099,0.142077,0.139106,0.136187,0.133318,0.130498,0.127726,0.125001,0.122322,0.119688,0.117099,0.114553,0.112049,0.109588,0.107166,0.104785,0.102443,0.100139,0.0978726,0.0956427,0.0934485,0.0912894,0.0891645,0.0870731,0.0850144,0.0829877,0.0809923,0.0790273,0.0770922,0.0751862,0.0733086,0.0714587,0.0696358,0.0678393,0.0660685,0.0643228,0.0626015,0.060904,0.0592296,0.0575777,0.0559478,0.0543392,0.0527513,0.0511834,0.0496352,0.0481058,0.0465949,0.0451017,0.0436258,0.0421666,0.0407235,0.039296,0.0378836,0.0364857,0.0351018,0.0337313,0.0323738,0.0310287,0.0296955,0.0283737,0.0270629,0.0257624,0.0244718,0.0231907,0.0219185,0.0206547,0.0193988,0.0181505,0.0169091,0.0156742,0.0144454,0.0132221,0.0120039,0.0107904,0.00958101,0.00837532,0.00717285,0.00597316,0.00477576,0.00358021,0.00238604
1,0.956185,0.913399,0.8725,0.834074,0.798425,0.765627,0.735588,0.708119,0.682984,0.659934,0.638724,0.619132,0.600957,0.584022,0.568175,0.553285,0.539237,0.525936,0.513298,0.501252,0.489738,0.478703,0.468101,0.457894,0.448047,0.43853,0.429318,0.420389,0.411722,0.403299,0.395105,0.387126,0.37935,0.371766,0.364364,0.357134,0.35007,0.343163,0.336408,0.329797,0.323326,0.31699,0.310783,0.304702,0.298743,0.292901,0.287173,0.281557,0.276048,0.270645,0.265344,0.260144,0.25504,0.250032,0.245117,0.240292,0.235556,0.230908,0.226344,0.221863,0.217464,0.213144,0.208902,0.204737,0.200647,0.19663,0.192685,0.188811,0.185006,0.181268,0.177597,0.173991,0.170449,0.166969,0.163551,0.160192,0.156893,0.153652,0.150467,0.147337,0.144262,0.141241,0.138271,0.135353,0.132485,0.129666,0.126896,0.124172,0.121495,0.118863,0.116275,0.113731,0.111229,0.108769,0.10635,0.10397,0.10163,0.0993273,0.0970622,0.0948336,0.0926407,0.0904827,0.0883588,0.0862682,0.0842102,0.0821841,0.080189,0.0782243,0.0762892,0.074383,0.072505,0.0706546,0.068831,0.0670336,0.0652616,0.0635145,0.0617916,0.0600922,0.0584158,0.0567616,0.0551291,0.0535177,0.0519267,0.0503555,0.0488036,0.0472704,0.0457553,0.0442577,0.0427771,0.0413129,0.0398645,0.0384315,0.0370131,0.035609,0.0342186,0.0328413,0.0314767,0.0301241,0.0287832,0.0274533,0.026134,0.0248247,0.023525,0.0222344,0.0209523,0.0196784,0.018412,0.0171527,0.0159,0.0146534,0.0134125,0.0121768,0.0109457,0.00971893,0.00849587,0.00727609,0.00605912,0.0048445,0.00363174,0.00242038
1,0.960046,0.920832,0.882998,0.847022,0.813196,0.781647,0.752375,0.725286,0.700237,0.677055,0.65556,0.635579,0.616947,0.599515,0.583151,0.567736,0.553167,0.539354,0.526218,0.513692,0.501715,0.490236,0.47921,0.468597,0.458363,0.448477,0.438914,0.429649,0.420662,0.411934,0.403449,0.395193,0.387152,0.379314,0.37167,0.364209,0.356923,0.349804,0.342846,0.33604,0.329382,0.322867,0.316488,0.310241,0.304122,0.298127,0.292252,0.286494,0.280849,0.275314,0.269886,0.264563,0.259341,0.254218,0.249193,0.244261,0.239423,0.234674,0.230013,0.225439,0.220949,0.216541,0.212215,0.207967,0.203796,0.199702,0.195682,0.191734,0.187857,0.184051,0.180312,0.176641,0.173035,0.169493,0.166015,0.162598,0.159241,0.155944,0.152705,0.149522,0.146396,0.143324,0.140305,0.137339,0.134424,0.13156,0.128744,0.125977,0.123257,0.120584,0.117955,0.115371,0.112831,0.110332,0.107875,0.105459,0.103083,0.100745,0.0984459,0.0961836,0.0939577,0.0917674,0.0896117,0.08749,0.0854015,0.0833454,0.0813209,0.0793273,0.0773639,0.0754298,0.0735245,0.0716472,0.0697971,0.0679737,0.0661762,0.0644039,0.0626563,0.0609325,0.0592321,0.0575543,0.0558985,0.0542641,0.0526505,0.0510571,0.0494832,0.0479284,0.0463919,0.0448732,0.0433717,0.0418869,0.0404182,0.038965,0.0375268,0.036103,0.0346932,0.0332966,0.0319129,0.0305415,0.0291819,0.0278335,0.0264958,0.0251683,0.0238506,0.022542,0.0212422,0.0199505,0.0186666,0.0173898,0.0161198,0.0148559,0.0135979,0.012345,0.011097,0.00985321,0.00861325,0.00737661,0.00614283,0.00491141,0.0036819,0.00245381
1,0.963167,0.926883,0.891639,0.857819,0.825688,0.795392,0.766977,0.740414,0.715622,0.692488,0.670884,0.650677,0.631737,0.613941,0.597177,0.581341,0.566341,0.552095,0.53853,0.525582,0.513194,0.501316,0.489905,0.478921,0.46833,0.458102,0.448211,0.438631,0.429343,0.420326,0.411565,0.403044,0.39475,0.38667,0.378793,0.371109,0.36361,0.356286,0.34913,0.342136,0.335297,0.328607,0.32206,0.315652,0.309378,0.303234,0.297216,0.291319,0.28554,0.279876,0.274324,0.268881,0.263543,0.258309,0.253175,0.248139,0.243199,0.238353,0.233597,0.228931,0.224352,0.219859,0.215449,0.21112,0.206871,0.2027,0.198606,0.194586,0.19064,0.186766,0.182961,0.179226,0.175557,0.171955,0.168417,0.164943,0.161531,0.158179,0.154887,0.151652,0.148475,0.145354,0.142287,0.139274,0.136314,0.133405,0.130546,0.127736,0.124974,0.12226,0.119592,0.116969,0.11439,0.111854,0.109361,0.106909,0.104498,0.102126,0.0997932,0.097498,0.0952399,0.093018,0.0908314,0.0886794,0.0865611,0.0844758,0.0824226,0.0804009,0.0784098,0.0764486,0.0745166,0.0726131,0.0707373,0.0688885,0.0670661,0.0652694,0.0634976,0.0617501,0.0600263,0.0583255,0.0566471,0.0549904,0.0533548,0.0517396,0.0501444,0.0485684,0.0470111,0.0454718,0.0439501,0.0424452,0.0409567,0.039484,0.0380264,0.0365835,0.0351547,0.0337395,0.0323373,0.0309475,0.0295697,0.0282032,0.0268477,0.0255025,0.0241672,0.0228412,0.0215241,0.0202152,0.0189142,0.0176205,0.0163335,0.0150529,0.0137782,0.0125087,0.0112441,0.00998381,0.0087274,0.00747437,0.00622423,0.00497649,0.00373069,0.00248632
1,0.965738,0.931896,0.898855,0.866928,0.836346,0.807256,0.779729,0.753772,0.729349,0.706392,0.68481,0.664508,0.645383,0.627337,0.610275,0.59411,0.578761,0.564155,0.550225,0.536912,0.524163,0.511931,0.500173,0.488853,0.477936,0.467392,0.457196,0.447323,0.437752,0.428464,0.419442,0.41067,0.402135,0.393823,0.385724,0.377826,0.370121,0.3626,0.355254,0.348078,0.341063,0.334204,0.327495,0.32093,0.314506,0.308216,0.302058,0.296026,0.290117,0.284328,0.278654,0.273094,0.267643,0.262299,0.25706,0.251922,0.246883,0.241941,0.237093,0.232337,0.227671,0.223094,0.218602,0.214194,0.209868,0.205623,0.201456,0.197366,0.193352,0.189411,0.185542,0.181744,0.178015,0.174353,0.170758,0.167227,0.16376,0.160355,0.157011,0.153726,0.1505,0.14733,0.144217,0.141158,0.138153,0.1352,0.132298,0.129447,0.126645,0.123891,0.121184,0.118523,0.115907,0.113335,0.110806,0.108319,0.105874,0.103469,0.101103,0.0987761,0.0964867,0.094234,0.0920173,0.0898357,0.0876885,0.0855747,0.0834936,0.0814445,0.0794265,0.0774389,0.075481,0.0735519,0.071651,0.0697776,0.067931,0.0661104,0.0643152,0.0625446,0.0607981,0.0590749,0.0573744,0.055696,0.054039,0.0524028,0.0507868,0.0491903,0.0476127,0.0460535,0.044512,0.0429877,0.0414799,0.0399881,0.0385118,0.0370503,0.0356031,0.0341697,0.0327495,0.0313419,0.0299464,0.0285624,0.0271896,0.0258272,0.0244748,0.0231319,0.0217979,0.0204723,0.0191547,0.0178445,0.0165412,0.0152443,0.0139533,0.0126677,0.011387,0.0101107,0.00883828,0.00756932,0.00630329,0.00503971,0.00377807,0.0025179
1,0.967891,0.936109,0.904957,0.874691,0.845512,0.817558,0.790909,0.765596,0.741612,0.718919,0.697458,0.677161,0.65795,0.639748,0.622477,0.606064,0.59044,0.575539,0.561303,0.547678,0.534616,0.522071,0.510005,0.498381,0.487167,0.476335,0.465858,0.455713,0.445879,0.436337,0.427069,0.41806,0.409296,0.400764,0.392453,0.384351,0.376449,0.368738,0.36121,0.353858,0.346674,0.339652,0.332785,0.326069,0.319498,0.313068,0.306773,0.30061,0.294575,0.288663,0.282872,0.277197,0.271637,0.266186,0.260844,0.255606,0.250471,0.245435,0.240497,0.235654,0.230903,0.226243,0.221671,0.217186,0.212786,0.208468,0.20423,0.200072,0.195991,0.191985,0.188054,0.184194,0.180406,0.176686,0.173034,0.169449,0.165928,0.162471,0.159076,0.155742,0.152468,0.149252,0.146092,0.142989,0.13994,0.136945,0.134002,0.13111,0.128268,0.125475,0.12273,0.120032,0.11738,0.114773,0.11221,0.109689,0.107211,0.104773,0.102376,0.100017,0.0976973,0.0954148,0.0931688,0.0909585,0.088783,0.0866416,0.0845334,0.0824576,0.0804135,0.0784002,0.076417,0.0744632,0.072538,0.0706406,0.0687704,0.0669267,0.0651087,0.0633157,0.0615471,0.0598022,0.0580803,0.0563808,0.054703,0.0530464,0.0514101,0.0497937,0.0481965,0.0466178,0.0450572,0.043514,0.0419875,0.0404773,0.0389827,0.0375032,0.0360382,0.0345871,0.0331494,0.0317245,0.0303118,0.0289109,0.0275212,0.0261421,0.0247732,0.0234138,0.0220635,0.0207218,0.0193881,0.0180619,0.0167426,0.0154299,0.0141231,0.0128219,0.0115256,0.0102337,0.00894584,0.00766143,0.00638,0.00510103,0.00382404,0.00254854
1,0.969715,0.939691,0.910172,0.881369,0.853454,0.826554,0.800752,0.776092,0.752584,0.730213,0.708943,0.688727,0.669509,0.651227,0.633821,0.61723,0.601394,0.586258,0.571771,0.557883,0.544551,0.531734,0.519394,0.507499,0.496018,0.484923,0.474189,0.463793,0.453715,0.443935,0.434437,0.425205,0.416226,0.407485,0.398972,0.390676,0.382586,0.374694,0.366992,0.35947,0.352123,0.344944,0.337926,0.331064,0.324351,0.317785,0.311358,0.305068,0.29891,0.29288,0.286974,0.281188,0.27552,0.269966,0.264523,0.259189,0.25396,0.248833,0.243807,0.238878,0.234045,0.229305,0.224656,0.220095,0.215621,0.211233,0.206926,0.202701,0.198555,0.194486,0.190493,0.186574,0.182728,0.178952,0.175245,0.171606,0.168034,0.164526,0.161082,0.1577,0.154379,0.151117,0.147913,0.144766,0.141675,0.138638,0.135655,0.132723,0.129843,0.127012,0.124231,0.121497,0.11881,0.116168,0.113571,0.111018,0.108507,0.106038,0.103609,0.101221,0.0988713,0.0965597,0.0942853,0.092047,0.0898442,0.0876759,0.0855414,0.0834398,0.0813702,0.079332,0.0773244,0.0753465,0.0733977,0.0714771,0.069584,0.0677178,0.0658777,0.064063,0.062273,0.060507,0.0587644,0.0570444,0.0553465,0.05367,0.0520141,0.0503784,0.0487621,0.0471647,0.0455855,0.044024,0.0424794,0.0409513,0.039439,0.037942,0.0364597,0.0349915,0.0335368,0.0320952,0.0306659,0.0292486,0.0278425,0.0264473,0.0250623,0.023687,0.0223209,0.0209634,0.0196141,0.0182724,0.0169378,0.0156097,0.0142877,0.0129713,0.0116598,0.0103529,0.00905004,0.00775067,0.0064543,0.00516044,0.00386858,0.00257822
1,0.971279,0.942769,0.91467,0.887158,0.86038,0.834452,0.809454,0.785436,0.76242,0.740406,0.719375,0.699296,0.68013,0.661832,0.644351,0.62764,0.611649,0.59633,0.581639,0.567533,0.553971,0.540918,0.52834,0.516204,0.504483,0.493151,0.482182,0.471556,0.461252,0.451252,0.441539,0.432099,0.422917,0.41398,0.405276,0.396795,0.388527,0.380462,0.372592,0.364909,0.357406,0.350075,0.342911,0.335908,0.32906,0.322361,0.315808,0.309395,0.303118,0.296972,0.290955,0.285062,0.27929,0.273636,0.268096,0.262667,0.257346,0.252131,0.24702,0.242008,0.237095,0.232277,0.227552,0.222918,0.218373,0.213915,0.209542,0.205252,0.201043,0.196913,0.19286,0.188883,0.18498,0.181149,0.177389,0.173699,0.170075,0.166519,0.163026,0.159598,0.156231,0.152924,0.149677,0.146488,0.143356,0.140279,0.137256,0.134286,0.131369,0.128502,0.125684,0.122916,0.120194,0.117519,0.114889,0.112304,0.109762,0.107262,0.104804,0.102386,0.100008,0.0976683,0.0953662,0.0931009,0.0908716,0.0886773,0.0865172,0.0843905,0.0822964,0.080234,0.0782027,0.0762015,0.0742297,0.0722866,0.0703715,0.0684835,0.066622,0.0647862,0.0629755,0.0611891,0.0594264,0.0576866,0.0559692,0.0542734,0.0525986,0.0509442,0.0493095,0.0476938,0.0460967,0.0445174,0.0429553,0.0414099,0.0398805,0.0383666,0.0368675,0.0353828,0.0339117,0.0324538,0.0310085,0.0295752,0.0281534,0.0267425,0.0253419,0.0239513,0.0225699,0.0211972,0.0198328,0.0184761,0.0171266,0.0157837,0.0144469,0.0131158,0.0117897,0.0104683,0.00915084,0.00783699,0.00652618,0.0052179,0.00391165,0.00260693
1,0.972632,0.945437,0.918581,0.892212,0.866458,0.841421,0.817177,0.793779,0.771255,0.749615,0.728854,0.708953,0.689885,0.671618,0.654113,0.63733,0.621231,0.605775,0.590922,0.576637,0.562884,0.549629,0.536843,0.524495,0.512561,0.501014,0.489833,0.478996,0.468485,0.458282,0.44837,0.438735,0.429363,0.420241,0.411358,0.402702,0.394264,0.386035,0.378006,0.370169,0.362516,0.355041,0.347737,0.340598,0.333619,0.326794,0.320118,0.313586,0.307194,0.300938,0.294813,0.288816,0.282944,0.277192,0.271557,0.266037,0.260628,0.255328,0.250133,0.245041,0.240049,0.235156,0.230358,0.225653,0.221039,0.216514,0.212076,0.207722,0.203452,0.199262,0.195152,0.191118,0.187161,0.183277,0.179465,0.175724,0.172052,0.168447,0.164908,0.161434,0.158023,0.154673,0.151384,0.148154,0.144982,0.141866,0.138805,0.135799,0.132845,0.129942,0.12709,0.124288,0.121533,0.118826,0.116164,0.113548,0.110976,0.108447,0.105959,0.103513,0.101107,0.0987399,0.0964111,0.0941196,0.0918646,0.0896451,0.0874603,0.0853094,0.0831915,0.0811057,0.0790514,0.0770277,0.0750338,0.0730689,0.0711323,0.0692233,0.0673411,0.065485,0.0636542,0.0618481,0.0600659,0.058307,0.0565707,0.0548564,0.0531633,0.0514908,0.0498382,0.048205,0.0465905,0.044994,0.043415,0.0418529,0.040307,0.0387767,0.0372614,0.0357607,0.0342738,0.0328002,0.0313394,0.0298907,0.0284536,0.0270276,0.0256121,0.0242065,0.0228103,0.021423,0.020044,0.0186728,0.0173089,0.0159517,0.0146007,0.0132554,0.0119152,0.0105796,0.0092482,0.00792036,0.0065956,0.0052734,0.00395326,0.00263465
1,0.973811,0.947766,0.922005,0.896652,0.871818,0.847595,0.824054,0.801246,0.779205,0.757946,0.737472,0.717777,0.698841,0.680642,0.663151,0.646338,0.630171,0.614615,0.599639,0.58521,0.571298,0.557873,0.544907,0.532374,0.52025,0.508513,0.49714,0.486112,0.475411,0.465021,0.454925,0.445109,0.435559,0.426264,0.417212,0.408392,0.399794,0.391409,0.383228,0.375244,0.367449,0.359836,0.352398,0.34513,0.338025,0.331078,0.324284,0.317638,0.311135,0.304772,0.298544,0.292447,0.286477,0.280631,0.274905,0.269297,0.263802,0.258419,0.253144,0.247974,0.242907,0.23794,0.233071,0.228297,0.223617,0.219027,0.214525,0.210111,0.205781,0.201533,0.197367,0.193279,0.189268,0.185333,0.181471,0.177681,0.173961,0.17031,0.166726,0.163208,0.159754,0.156363,0.153033,0.149764,0.146553,0.143399,0.140302,0.137259,0.13427,0.131333,0.128448,0.125612,0.122826,0.120087,0.117395,0.114749,0.112147,0.10959,0.107074,0.104601,0.102167,0.0997741,0.0974195,0.0951027,0.0928228,0.090579,0.0883703,0.0861959,0.084055,0.0819467,0.0798702,0.0778247,0.0758094,0.0738236,0.0718663,0.069937,0.0680348,0.066159,0.0643089,0.0624837,0.0606828,0.0589054,0.0571509,0.0554186,0.0537078,0.0520179,0.0503482,0.048698,0.0470667,0.0454537,0.0438584,0.0422801,0.0407182,0.0391721,0.0376413,0.0361251,0.0346229,0.0331342,0.0316584,0.0301949,0.0287431,0.0273025,0.0258725,0.0244526,0.0230422,0.0216407,0.0202477,0.0188625,0.0174847,0.0161137,0.0147489,0.0133899,0.0120361,0.010687,0.00934206,0.00800074,0.00666253,0.00532692,0.00399338,0.00266139
1,0.974846,0.949813,0.925019,0.900572,0.876568,0.853089,0.830199,0.807948,0.786372,0.765491,0.745314,0.72584,0.70706,0.688957,0.671512,0.654701,0.638498,0.622877,0.607809,0.593267,0.579225,0.565657,0.552538,0.539844,0.527554,0.515647,0.504102,0.492901,0.482028,0.471466,0.4612,0.451216,0.441502,0.432045,0.422835,0.41386,0.405111,0.396579,0.388255,0.380131,0.372201,0.364456,0.35689,0.349498,0.342273,0.335209,0.328302,0.321547,0.314938,0.308472,0.302144,0.29595,0.289887,0.28395,0.278137,0.272443,0.266866,0.261403,0.25605,0.250805,0.245665,0.240627,0.23569,0.230849,0.226104,0.221451,0.216889,0.212416,0.208028,0.203725,0.199504,0.195363,0.191301,0.187316,0.183405,0.179568,0.175802,0.172107,0.168479,0.164919,0.161424,0.157992,0.154623,0.151315,0.148067,0.144877,0.141744,0.138666,0.135643,0.132673,0.129756,0.126889,0.124071,0.121302,0.118581,0.115906,0.113276,0.110691,0.108148,0.105648,0.103189,0.10077,0.0983907,0.0960495,0.0937457,0.0914784,0.0892467,0.0870497,0.0848867,0.0827566,0.0806587,0.0785923,0.0765564,0.0745502,0.0725731,0.0706241,0.0687027,0.0668079,0.0649392,0.0630957,0.0612767,0.0594815,0.0577095,0.0559599,0.0542321,0.0525254,0.0508391,0.0491725,0.0475251,0.0458962,0.0442851,0.0426913,0.041114,0.0395528,0.038007,0.0364759,0.034959,0.0334558,0.0319655,0.0304877,0.0290218,0.0275671,0.0261232,0.0246895,0.0232653,0.0218503,0.0204437,0.0190451,0.0176539,0.0162696,0.0148916,0.0135195,0.0121526,0.0107904,0.00943241,0.00807811,0.00672695,0.00537842,0.00403198,0.00268712
1,0.975759,0.951621,0.927687,0.90405,0.880794,0.857992,0.835704,0.813976,0.792845,0.772333,0.752453,0.73321,0.714601,0.696615,0.67924,0.662456,0.646245,0.630585,0.615452,0.600824,0.586678,0.572992,0.559744,0.546912,0.534476,0.522418,0.51072,0.499364,0.488334,0.477615,0.467193,0.457055,0.447188,0.43758,0.428222,0.419102,0.410211,0.401541,0.393082,0.384826,0.376767,0.368897,0.36121,0.3537,0.34636,0.339185,0.33217,0.32531,0.318599,0.312035,0.305611,0.299325,0.293171,0.287147,0.281249,0.275474,0.269817,0.264277,0.258849,0.253532,0.248322,0.243216,0.238212,0.233307,0.2285,0.223787,0.219166,0.214635,0.210192,0.205835,0.201562,0.19737,0.193258,0.189225,0.185268,0.181385,0.177575,0.173836,0.170167,0.166565,0.16303,0.15956,0.156153,0.152808,0.149524,0.146298,0.143131,0.14002,0.136964,0.133963,0.131014,0.128116,0.125269,0.122471,0.119721,0.117019,0.114362,0.111749,0.109181,0.106655,0.104171,0.101728,0.0993244,0.0969597,0.0946328,0.0923429,0.0900891,0.0878704,0.085686,0.083535,0.0814166,0.0793299,0.0772742,0.0752485,0.0732522,0.0712845,0.0693445,0.0674316,0.0655449,0.0636837,0.0618473,0.0600351,0.0582462,0.05648,0.0547358,0.0530129,0.0513107,0.0496285,0.0479656,0.0463213,0.0446951,0.0430864,0.0414944,0.0399185,0.0383582,0.0368129,0.0352819,0.0337646,0.0322605,0.030769,0.0292895,0.0278213,0.026364,0.024917,0.0234797,0.0220516,0.020632,0.0192205,0.0178165,0.0164194,0.0150287,0.0136439,0.0122644,0.0108897,0.00951919,0.00815242,0.00678884,0.0054279,0.00406907,0.00271183
1,0.976568,0.953225,0.930058,0.907147,0.884567,0.862382,0.840647,0.819408,0.798698,0.778542,0.758956,0.739947,0.721518,0.703664,0.686375,0.66964,0.653442,0.637765,0.622591,0.6079,0.593673,0.57989,0.566533,0.553583,0.541021,0.528831,0.516996,0.5055,0.494329,0.483467,0.472903,0.462622,0.452614,0.442867,0.433371,0.424116,0.415093,0.406292,0.397705,0.389325,0.381145,0.373157,0.365355,0.357732,0.350283,0.343002,0.335884,0.328923,0.322116,0.315457,0.308941,0.302566,0.296327,0.290219,0.28424,0.278386,0.272653,0.267039,0.261539,0.256152,0.250874,0.245703,0.240635,0.235669,0.230802,0.22603,0.221353,0.216767,0.212271,0.207862,0.203538,0.199298,0.195138,0.191059,0.187056,0.18313,0.179277,0.175497,0.171787,0.168146,0.164572,0.161065,0.157621,0.154241,0.150922,0.147663,0.144463,0.141319,0.138232,0.1352,0.132221,0.129294,0.126419,0.123593,0.120816,0.118086,0.115403,0.112765,0.110172,0.107621,0.105113,0.102647,0.10022,0.0978327,0.0954838,0.0931722,0.0908971,0.0886575,0.0864526,0.0842815,0.0821434,0.0800373,0.0779626,0.0759182,0.0739035,0.0719177,0.06996,0.0680295,0.0661256,0.0642475,0.0623945,0.0605658,0.0587608,0.0569787,0.0552188,0.0534804,0.0517629,0.0500656,0.0483878,0.0467289,0.0450882,0.0434651,0.0418589,0.0402691,0.038695,0.037136,0.0355914,0.0340607,0.0325433,0.0310387,0.0295461,0.028065,0.0265949,0.0251352,0.0236852,0.0222445,0.0208125,0.0193886,0.0179723,0.016563,0.0151601,0.0137632,0.0123716,0.0109848,0.00960238,0.00822366,0.00684815,0.00547532,0.00410462,0.00273552
1,0.977288,0.954654,0.932172,0.909913,0.887944,0.866322,0.845096,0.82431,0.803997,0.784181,0.76488,0.746106,0.727861,0.710147,0.692958,0.676285,0.660118,0.644444,0.629247,0.614512,0.600223,0.586363,0.572916,0.559866,0.547195,0.534889,0.522934,0.511313,0.500014,0.489023,0.478329,0.467918,0.45778,0.447904,0.438281,0.428899,0.419752,0.410829,0.402123,0.393626,0.385331,0.377231,0.36932,0.361591,0.354038,0.346656,0.33944,0.332384,0.325484,0.318735,0.312133,0.305673,0.299351,0.293163,0.287107,0.281177,0.275371,0.269686,0.264118,0.258664,0.253322,0.248087,0.242959,0.237933,0.233008,0.228181,0.223449,0.218811,0.214263,0.209804,0.205432,0.201145,0.19694,0.192816,0.18877,0.184801,0.180908,0.177087,0.173339,0.16966,0.16605,0.162506,0.159028,0.155613,0.152261,0.14897,0.145738,0.142564,0.139446,0.136385,0.133377,0.130422,0.127519,0.124666,0.121863,0.119108,0.1164,0.113737,0.11112,0.108546,0.106015,0.103526,0.101077,0.0986682,0.0962981,0.0939657,0.0916702,0.0894107,0.0871862,0.0849958,0.0828388,0.0807142,0.0786212,0.0765589,0.0745267,0.0725235,0.0705488,0.0686016,0.0666812,0.0647869,0.062918,0.0610736,0.0592531,0.0574557,0.0556807,0.0539276,0.0521954,0.0504837,0.0487917,0.0471187,0.0454642,0.0438274,0.0422077,0.0406044,0.0390171,0.0374449,0.0358874,0.0343439,0.0328138,0.0312966,0.0297915,0.0282981,0.0268157,0.0253438,0.0238818,0.0224291,0.0209851,0.0195494,0.0181213,0.0167003,0.0152858,0.0138772,0.0124741,0.0110759,0.00968193,0.00829178,0.00690488,0.00552067,0.00413862,0.00275818
1,0.977931,0.95593,0.934062,0.912391,0.890974,0.869864,0.849106,0.828741,0.808799,0.789305,0.770279,0.751733,0.733675,0.716105,0.699024,0.682425,0.666302,0.650644,0.635441,0.620679,0.606344,0.592424,0.578903,0.565768,0.553005,0.540598,0.528536,0.516805,0.505391,0.494284,0.483471,0.472941,0.462684,0.45269,0.442948,0.433449,0.424186,0.415149,0.406332,0.397725,0.389322,0.381117,0.373103,0.365274,0.357623,0.350146,0.342837,0.335691,0.328703,0.321868,0.315182,0.308642,0.302241,0.295978,0.289847,0.283846,0.27797,0.272217,0.266583,0.261066,0.255661,0.250367,0.24518,0.240097,0.235117,0.230237,0.225453,0.220764,0.216168,0.211661,0.207243,0.20291,0.198662,0.194495,0.190408,0.186399,0.182466,0.178608,0.174822,0.171107,0.167461,0.163883,0.160372,0.156925,0.15354,0.150218,0.146956,0.143752,0.140606,0.137516,0.134481,0.131499,0.12857,0.125692,0.122863,0.120083,0.117351,0.114666,0.112025,0.109429,0.106876,0.104365,0.101895,0.0994658,0.0970754,0.0947231,0.0924082,0.0901295,0.0878863,0.0856776,0.0835025,0.0813601,0.0792497,0.0771704,0.0751213,0.0731016,0.0711106,0.0691475,0.0672114,0.0653016,0.0634174,0.061558,0.0597227,0.0579108,0.0561215,0.0543542,0.0526081,0.0508826,0.049177,0.0474907,0.0458229,0.044173,0.0425403,0.0409243,0.0393243,0.0377397,0.0361698,0.0346141,0.0330719,0.0315426,0.0300256,0.0285204,0.0270263,0.0255428,0.0240692,0.0226051,0.0211498,0.0197028,0.0182634,0.0168312,0.0154056,0.013986,0.0125719,0.0111627,0.00975782,0.00835677,0.00695899,0.00556393,0.00417105,0.00277979
1,0.978507,0.957073,0.935757,0.914614,0.893698,0.873054,0.852725,0.832747,0.813152,0.793962,0.775199,0.756874,0.738999,0.721576,0.704607,0.68809,0.672021,0.656392,0.641194,0.626418,0.612052,0.598085,0.584506,0.5713,0.558457,0.545964,0.533808,0.521979,0.510463,0.499251,0.488331,0.477693,0.467327,0.457223,0.447372,0.437765,0.428395,0.419252,0.41033,0.40162,0.393117,0.384813,0.376702,0.368778,0.361036,0.353468,0.346071,0.33884,0.331768,0.324853,0.318088,0.311471,0.304996,0.29866,0.292459,0.286389,0.280447,0.27463,0.268933,0.263355,0.257891,0.252539,0.247297,0.24216,0.237128,0.232196,0.227363,0.222626,0.217983,0.213431,0.208968,0.204593,0.200302,0.196095,0.191968,0.187921,0.183951,0.180056,0.176235,0.172485,0.168806,0.165195,0.161652,0.158173,0.154759,0.151407,0.148116,0.144884,0.14171,0.138594,0.135532,0.132525,0.129571,0.126668,0.123815,0.121012,0.118257,0.115549,0.112887,0.110269,0.107695,0.105164,0.102674,0.100225,0.0978152,0.0954441,0.0931106,0.0908137,0.0885526,0.0863264,0.0841341,0.0819749,0.0798479,0.0777523,0.0756872,0.0736518,0.0716453,0.0696669,0.0677159,0.0657914,0.0638927,0.062019,0.0601697,0.0583439,0.0565409,0.0547601,0.0530008,0.0512622,0.0495437,0.0478445,0.0461641,0.0445018,0.0428569,0.0412287,0.0396167,0.0380202,0.0364385,0.0348711,0.0333174,0.0317766,0.0302484,0.0287319,0.0272267,0.0257321,0.0242476,0.0227726,0.0213065,0.0198487,0.0183987,0.0169558,0.0155197,0.0140895,0.0126649,0.0112453,0.00983001,0.00841859,0.00701047,0.00560509,0.0042019,0.00280035
1,0.979022,0.958098,0.937278,0.916612,0.896148,0.875929,0.855992,0.836372,0.817098,0.798194,0.779679,0.761567,0.74387,0.726592,0.709739,0.693309,0.6773,0.661708,0.646526,0.631746,0.617361,0.60336,0.589733,0.57647,0.56356,0.550992,0.538755,0.526839,0.515232,0.503926,0.492909,0.482173,0.471707,0.461503,0.451552,0.441846,0.432376,0.423135,0.414116,0.405311,0.396713,0.388317,0.380115,0.372103,0.364273,0.356621,0.349141,0.341829,0.334679,0.327687,0.320848,0.314158,0.307612,0.301208,0.29494,0.288805,0.2828,0.276922,0.271166,0.26553,0.26001,0.254604,0.249308,0.244121,0.239038,0.234058,0.229178,0.224395,0.219707,0.215112,0.210608,0.206191,0.201861,0.197615,0.193451,0.189367,0.185361,0.181431,0.177576,0.173794,0.170083,0.166441,0.162867,0.159359,0.155916,0.152536,0.149217,0.145958,0.142759,0.139616,0.13653,0.133498,0.13052,0.127594,0.124719,0.121894,0.119117,0.116388,0.113705,0.111067,0.108473,0.105922,0.103413,0.100945,0.0985173,0.0961282,0.093777,0.0914629,0.0891849,0.086942,0.0847334,0.0825581,0.0804154,0.0783043,0.076224,0.0741737,0.0721525,0.0701597,0.0681945,0.066256,0.0643435,0.0624563,0.0605936,0.0587547,0.0569388,0.0551452,0.0533732,0.0516222,0.0498914,0.0481802,0.0464878,0.0448137,0.0431571,0.0415174,0.039894,0.0382862,0.0366933,0.0351149,0.0335502,0.0319986,0.0304596,0.0289325,0.0274167,0.0259117,0.0244168,0.0229314,0.021455,0.0199871,0.0185269,0.017074,0.0156278,0.0141877,0.0127531,0.0113236,0.00989847,0.00847722,0.00705929,0.00564412,0.00423116,0.00281985
1,0.979485,0.959018,0.938644,0.918409,0.898355,0.878521,0.858942,0.839651,0.820675,0.802037,0.783756,0.765846,0.74832,0.731186,0.714447,0.698106,0.682162,0.666613,0.651455,0.636682,0.622286,0.608261,0.594598,0.581288,0.568321,0.555689,0.543382,0.531389,0.519702,0.508312,0.497208,0.486383,0.475826,0.465531,0.455488,0.44569,0.436129,0.426797,0.417688,0.408794,0.400109,0.391626,0.38334,0.375244,0.367334,0.359602,0.352045,0.344657,0.337433,0.330368,0.323459,0.316701,0.310089,0.303619,0.297289,0.291093,0.285028,0.279092,0.27328,0.267589,0.262016,0.256559,0.251213,0.245977,0.240847,0.235821,0.230896,0.22607,0.22134,0.216704,0.212159,0.207704,0.203336,0.199054,0.194854,0.190735,0.186696,0.182733,0.178846,0.175033,0.171292,0.16762,0.164017,0.160481,0.157011,0.153604,0.150259,0.146975,0.143751,0.140584,0.137474,0.13442,0.131419,0.128471,0.125574,0.122728,0.119931,0.117181,0.114478,0.111821,0.109209,0.106639,0.104112,0.101627,0.0991812,0.0967751,0.0944073,0.0920768,0.0897827,0.0875241,0.0853,0.0831096,0.080952,0.0788263,0.0767316,0.0746671,0.0726321,0.0706256,0.0686469,0.0666952,0.0647697,0.0628697,0.0609944,0.059143,0.0573148,0.0555092,0.0537253,0.0519625,0.0502201,0.0484975,0.0467938,0.0451085,0.0434409,0.0417903,0.040156,0.0385376,0.0369342,0.0353453,0.0337703,0.0322085,0.0306593,0.0291221,0.0275963,0.0260814,0.0245766,0.0230815,0.0215955,0.0201179,0.0186481,0.0171857,0.01573,0.0142805,0.0128365,0.0113976,0.00996318,0.00853263,0.00710543,0.005681,0.00425881,0.00283828
1,0.979901,0.959844,0.939872,0.920025,0.900341,0.880857,0.861606,0.842616,0.823914,0.805523,0.78746,0.769742,0.75238,0.735383,0.718758,0.702506,0.68663,0.671129,0.656,0.641239,0.626841,0.612801,0.59911,0.585762,0.572749,0.560062,0.547693,0.535634,0.523876,0.512411,0.501229,0.490324,0.479685,0.469307,0.45918,0.449298,0.439653,0.430237,0.421045,0.412069,0.403303,0.39474,0.386375,0.378202,0.370216,0.36241,0.35478,0.347321,0.340028,0.332896,0.32592,0.319098,0.312423,0.305893,0.299503,0.29325,0.287129,0.281138,0.275273,0.269531,0.263908,0.258402,0.253009,0.247727,0.242552,0.237483,0.232516,0.227649,0.222879,0.218205,0.213623,0.209131,0.204728,0.20041,0.196177,0.192026,0.187954,0.183961,0.180044,0.176201,0.172431,0.168731,0.165101,0.161539,0.158042,0.15461,0.151241,0.147933,0.144685,0.141496,0.138364,0.135287,0.132266,0.129297,0.12638,0.123514,0.120697,0.117929,0.115207,0.112532,0.109901,0.107315,0.104771,0.102268,0.0998066,0.0973844,0.0950009,0.092655,0.0903458,0.0880724,0.0858337,0.083629,0.0814574,0.0793178,0.0772096,0.0751319,0.0730837,0.0710644,0.069073,0.0671088,0.0651711,0.063259,0.0613718,0.0595087,0.057669,0.0558519,0.0540569,0.052283,0.0505297,0.0487962,0.0470819,0.0453861,0.0437081,0.0420472,0.0404028,0.0387743,0.037161,0.0355623,0.0339775,0.032406,0.0308473,0.0293006,0.0277655,0.0262412,0.0247272,0.0232229,0.0217277,0.020241,0.0187623,0.0172909,0.0158262,0.0143678,0.012915,0.0114673,0.0100241,0.0085848,0.00714887,0.00571573,0.00428484,0.00285563
1,0.980273,0.960585,0.940974,0.921477,0.902128,0.882961,0.864007,0.845293,0.826843,0.80868,0.790821,0.773282,0.756075,0.73921,0.722694,0.706531,0.690724,0.675273,0.660177,0.645434,0.63104,0.61699,0.60328,0.589902,0.57685,0.564117,0.551696,0.539579,0.527758,0.516226,0.504975,0.493997,0.483285,0.472832,0.462629,0.45267,0.442947,0.433455,0.424186,0.415134,0.406293,0.397657,0.389219,0.380974,0.372917,0.365042,0.357345,0.34982,0.342462,0.335267,0.32823,0.321347,0.314614,0.308027,0.301582,0.295274,0.289102,0.28306,0.277145,0.271354,0.265685,0.260133,0.254696,0.24937,0.244154,0.239044,0.234037,0.229132,0.224325,0.219614,0.214996,0.210471,0.206034,0.201684,0.197419,0.193237,0.189135,0.185113,0.181167,0.177297,0.1735,0.169774,0.166119,0.162531,0.159011,0.155555,0.152163,0.148832,0.145562,0.142352,0.139199,0.136102,0.13306,0.130072,0.127136,0.124251,0.121416,0.11863,0.115891,0.113199,0.110551,0.107948,0.105388,0.10287,0.100393,0.097956,0.0955577,0.0931973,0.0908739,0.0885866,0.0863343,0.0841161,0.0819313,0.0797788,0.0776579,0.0755677,0.0735072,0.0714758,0.0694726,0.0674967,0.0655475,0.063624,0.0617256,0.0598516,0.058001,0.0561733,0.0543677,0.0525835,0.0508199,0.0490763,0.047352,0.0456464,0.0439586,0.0422881,0.0406342,0.0389963,0.0373736,0.0357657,0.0341718,0.0325913,0.0310235,0.029468,0.027924,0.026391,0.0248683,0.0233554,0.0218516,0.0203564,0.0188692,0.0173894,0.0159165,0.0144497,0.0129887,0.0115327,0.0100812,0.00863371,0.00718959,0.00574829,0.00430925,0.00287189
1,0.980608,0.96125,0.941963,0.92278,0.903733,0.884853,0.866169,0.847705,0.829486,0.811533,0.793862,0.77649,0.759429,0.742689,0.726277,0.7102,0.694461,0.679061,0.664001,0.64928,0.634894,0.620842,0.607117,0.593716,0.580633,0.567862,0.555395,0.543228,0.531352,0.519761,0.508448,0.497406,0.486628,0.476106,0.465834,0.455805,0.446013,0.43645,0.427111,0.41799,0.40908,0.400375,0.39187,0.383559,0.375437,0.367498,0.359738,0.352152,0.344734,0.33748,0.330386,0.323448,0.31666,0.31002,0.303523,0.297166,0.290944,0.284854,0.278893,0.273058,0.267344,0.26175,0.256271,0.250906,0.24565,0.240502,0.235458,0.230517,0.225675,0.22093,0.21628,0.211722,0.207254,0.202873,0.198579,0.194368,0.190239,0.186189,0.182217,0.178321,0.174498,0.170748,0.167069,0.163458,0.159915,0.156437,0.153023,0.149672,0.146381,0.143151,0.139978,0.136862,0.133801,0.130795,0.127841,0.124939,0.122087,0.119284,0.116529,0.113821,0.111158,0.10854,0.105965,0.103432,0.100941,0.0984894,0.0960773,0.0937034,0.0913668,0.0890664,0.0868014,0.0845707,0.0823736,0.080209,0.0780762,0.0759743,0.0739024,0.0718597,0.0698454,0.0678586,0.0658986,0.0639646,0.0620558,0.0601715,0.0583109,0.0564732,0.0546578,0.0528638,0.0510907,0.0493377,0.0476041,0.0458892,0.0441923,0.0425128,0.0408501,0.0392033,0.037572,0.0359554,0.034353,0.0327641,0.031188,0.0296241,0.0280719,0.0265307,0.025,0.023479,0.0219673,0.0204641,0.0189691,0.0174814,0.0160006,0.0145261,0.0130573,0.0115936,0.0101345,0.00867934,0.00722759,0.00577867,0.00433202,0.00288707
1,0.980906,0.961845,0.942848,0.923947,0.905172,0.88655,0.868109,0.849873,0.831864,0.814102,0.796605,0.779387,0.762462,0.745839,0.729527,0.713532,0.697859,0.682511,0.667488,0.65279,0.638417,0.624365,0.610632,0.597213,0.584104,0.571301,0.558796,0.546585,0.534662,0.523019,0.511651,0.500552,0.489714,0.479131,0.468796,0.458705,0.448849,0.439222,0.42982,0.420635,0.411662,0.402895,0.394328,0.385956,0.377774,0.369777,0.361959,0.354316,0.346843,0.339535,0.332388,0.325398,0.31856,0.311871,0.305326,0.298922,0.292655,0.286521,0.280517,0.27464,0.268885,0.263251,0.257734,0.252331,0.24704,0.241856,0.236778,0.231804,0.226929,0.222153,0.217472,0.212884,0.208387,0.203978,0.199656,0.195419,0.191263,0.187188,0.183191,0.179271,0.175426,0.171653,0.167951,0.164319,0.160754,0.157256,0.153822,0.150451,0.147142,0.143892,0.140701,0.137568,0.13449,0.131466,0.128496,0.125578,0.12271,0.119892,0.117122,0.114398,0.111721,0.109089,0.1065,0.103953,0.101449,0.0989844,0.0965595,0.0941731,0.0918242,0.0895117,0.0872348,0.0849925,0.082784,0.0806082,0.0784644,0.0763516,0.0742691,0.0722159,0.0701913,0.0681944,0.0662245,0.0642806,0.0623622,0.0604683,0.0585983,0.0567514,0.0549269,0.0531239,0.0513419,0.0495802,0.0478379,0.0461145,0.0444092,0.0427213,0.0410503,0.0393954,0.037756,0.0361315,0.0345211,0.0329244,0.0313405,0.029769,0.0282091,0.0266604,0.0251221,0.0235937,0.0220745,0.0205641,0.0190616,0.0175667,0.0160787,0.014597,0.013121,0.0116502,0.0101839,0.00872166,0.00726283,0.00580685,0.00435314,0.00290114
1,0.981173,0.962376,0.943638,0.924989,0.906456,0.888067,0.869845,0.851814,0.833995,0.816408,0.799068,0.781992,0.765192,0.748678,0.73246,0.716543,0.700933,0.685635,0.670649,0.655976,0.641617,0.62757,0.613832,0.6004,0.587272,0.574441,0.561904,0.549656,0.537691,0.526003,0.514586,0.503436,0.492545,0.481907,0.471517,0.461369,0.451455,0.441772,0.432311,0.423069,0.414038,0.405214,0.396591,0.388164,0.379927,0.371876,0.364006,0.356311,0.348787,0.341429,0.334234,0.327196,0.320312,0.313578,0.306989,0.300542,0.294233,0.288058,0.282015,0.276099,0.270307,0.264637,0.259085,0.253647,0.248322,0.243106,0.237996,0.232991,0.228086,0.223281,0.218571,0.213956,0.209432,0.204997,0.20065,0.196388,0.192208,0.18811,0.18409,0.180148,0.176281,0.172487,0.168765,0.165113,0.161529,0.158011,0.154559,0.15117,0.147843,0.144576,0.141369,0.138219,0.135125,0.132086,0.1291,0.126167,0.123284,0.120452,0.117668,0.114931,0.11224,0.109595,0.106993,0.104434,0.101917,0.0994408,0.0970041,0.0946061,0.0922458,0.0899222,0.0876344,0.0853814,0.0831623,0.0809762,0.0788222,0.0766995,0.0746071,0.0725443,0.0705102,0.0685039,0.0665248,0.0645719,0.0626446,0.0607419,0.0588633,0.0570078,0.0551749,0.0533637,0.0515735,0.0498036,0.0480534,0.0463221,0.044609,0.0429135,0.0412349,0.0395725,0.0379257,0.0362937,0.0346761,0.0330721,0.0314811,0.0299025,0.0283356,0.0267799,0.0252347,0.0236994,0.0221734,0.0206561,0.019147,0.0176454,0.0161507,0.0146623,0.0131797,0.0117023,0.0102295,0.00876067,0.00729531,0.00583281,0.00437261,0.00291412
1,0.981409,0.962846,0.944339,0.925914,0.907598,0.889415,0.871389,0.853543,0.835895,0.818465,0.801269,0.784322,0.767636,0.751222,0.73509,0.719247,0.703697,0.688446,0.673497,0.65885,0.644507,0.630466,0.616726,0.603285,0.590141,0.577288,0.564724,0.552444,0.540443,0.528715,0.517257,0.506061,0.495123,0.484437,0.473997,0.463798,0.453833,0.444098,0.434585,0.425291,0.416209,0.407333,0.39866,0.390182,0.381896,0.373796,0.365877,0.358135,0.350565,0.343162,0.335923,0.328842,0.321916,0.31514,0.308511,0.302025,0.295678,0.289466,0.283386,0.277435,0.271609,0.265905,0.26032,0.254852,0.249496,0.24425,0.239111,0.234077,0.229145,0.224313,0.219578,0.214937,0.210389,0.20593,0.20156,0.197275,0.193073,0.188954,0.184913,0.180951,0.177064,0.173251,0.16951,0.165839,0.162237,0.158702,0.155233,0.151828,0.148484,0.145202,0.141979,0.138814,0.135705,0.132652,0.129653,0.126706,0.12381,0.120964,0.118167,0.115418,0.112715,0.110058,0.107444,0.104874,0.102346,0.0998582,0.0974107,0.0950022,0.0926315,0.0902977,0.0879998,0.085737,0.0835083,0.0813127,0.0791495,0.0770176,0.0749163,0.0728446,0.0708018,0.068787,0.0667995,0.0648383,0.0629028,0.0609922,0.0591056,0.0572423,0.0554017,0.0535829,0.0517852,0.050008,0.0482505,0.046512,0.0447918,0.0430892,0.0414037,0.0397344,0.0380808,0.0364421,0.0348178,0.0332072,0.0316097,0.0300246,0.0284513,0.0268891,0.0253376,0.023796,0.0222638,0.0207403,0.019225,0.0177173,0.0162165,0.014722,0.0132334,0.01175,0.0102711,0.00879634,0.00732501,0.00585656,0.00439041,0.00292598
1,0.981618,0.963262,0.944958,0.926731,0.908606,0.890607,0.872755,0.855072,0.837577,0.820288,0.803221,0.78639,0.769808,0.753486,0.737433,0.721656,0.706163,0.690957,0.676042,0.661421,0.647094,0.633061,0.619322,0.605875,0.592718,0.579847,0.567261,0.554953,0.542921,0.53116,0.519664,0.508429,0.49745,0.486721,0.476238,0.465993,0.455983,0.446201,0.436643,0.427302,0.418173,0.409252,0.400532,0.39201,0.383679,0.375535,0.367573,0.359788,0.352177,0.344733,0.337453,0.330334,0.323369,0.316556,0.309891,0.303369,0.296987,0.290742,0.28463,0.278647,0.27279,0.267056,0.261441,0.255944,0.25056,0.245287,0.240122,0.235063,0.230106,0.22525,0.220491,0.215827,0.211256,0.206776,0.202385,0.198079,0.193858,0.189719,0.185659,0.181678,0.177773,0.173943,0.170185,0.166498,0.16288,0.159329,0.155844,0.152424,0.149066,0.145769,0.142533,0.139354,0.136232,0.133166,0.130153,0.127194,0.124286,0.121429,0.11862,0.11586,0.113146,0.110477,0.107853,0.105272,0.102734,0.100237,0.0977793,0.0953611,0.092981,0.090638,0.0883311,0.0860594,0.0838219,0.0816178,0.0794461,0.0773059,0.0751964,0.0731168,0.0710661,0.0690436,0.0670484,0.0650797,0.0631368,0.0612189,0.0593252,0.0574548,0.0556072,0.0537816,0.0519771,0.0501932,0.0484291,0.046684,0.0449574,0.0432485,0.0415566,0.0398811,0.0382213,0.0365766,0.0349462,0.0333296,0.0317262,0.0301352,0.028556,0.0269881,0.0254309,0.0238836,0.0223457,0.0208166,0.0192957,0.0177824,0.0162761,0.0147761,0.013282,0.0117931,0.0103089,0.00882866,0.00735192,0.00587807,0.00440653,0.00293673
1,0.9818,0.963625,0.945499,0.927446,0.909489,0.891651,0.873953,0.856414,0.839054,0.82189,0.804937,0.78821,0.77172,0.75548,0.739499,0.723783,0.708341,0.693177,0.678295,0.663697,0.649387,0.635363,0.621626,0.608175,0.595008,0.582124,0.569518,0.557188,0.545129,0.533339,0.521811,0.510542,0.499527,0.488761,0.478239,0.467955,0.457904,0.448082,0.438482,0.429101,0.419931,0.410969,0.402209,0.393646,0.385275,0.377092,0.369092,0.361269,0.353621,0.346141,0.338825,0.331671,0.324672,0.317826,0.311128,0.304574,0.298162,0.291886,0.285744,0.279733,0.273848,0.268087,0.262446,0.256923,0.251514,0.246217,0.241029,0.235946,0.230967,0.226089,0.221309,0.216625,0.212034,0.207535,0.203124,0.1988,0.194561,0.190404,0.186328,0.182331,0.17841,0.174563,0.17079,0.167088,0.163456,0.159891,0.156392,0.152958,0.149587,0.146278,0.143029,0.139838,0.136704,0.133626,0.130602,0.127632,0.124713,0.121845,0.119026,0.116255,0.113531,0.110853,0.10822,0.10563,0.103082,0.100576,0.0981096,0.0956828,0.0932942,0.0909429,0.0886279,0.0863482,0.0841029,0.0818911,0.0797118,0.0775642,0.0754474,0.0733606,0.0713029,0.0692734,0.0672714,0.065296,0.0633465,0.0614221,0.0595219,0.0576452,0.0557914,0.0539596,0.0521491,0.0503591,0.0485891,0.0468382,0.0451058,0.0433912,0.0416936,0.0400125,0.0383472,0.036697,0.0350613,0.0334393,0.0318305,0.0302343,0.0286499,0.0270768,0.0255144,0.0239621,0.0224191,0.020885,0.0193591,0.0178408,0.0163295,0.0148246,0.0133256,0.0118318,0.0103427,0.00885761,0.00737603,0.00589735,0.00442098,0.00294636
1,0.981958,0.96394,0.945968,0.928065,0.910254,0.892555,0.87499,0.857577,0.840335,0.82328,0.806427,0.789791,0.773384,0.757216,0.741298,0.725638,0.710241,0.695115,0.680263,0.665688,0.651393,0.637378,0.623645,0.610192,0.597018,0.584121,0.5715,0.559151,0.54707,0.535255,0.5237,0.512402,0.501356,0.490558,0.480002,0.469684,0.459599,0.449741,0.440105,0.430688,0.421482,0.412484,0.403689,0.395091,0.386685,0.378468,0.370434,0.362578,0.354896,0.347384,0.340038,0.332852,0.325823,0.318948,0.312221,0.30564,0.2992,0.292898,0.28673,0.280693,0.274784,0.268999,0.263335,0.257789,0.252358,0.24704,0.24183,0.236728,0.231729,0.226831,0.222033,0.21733,0.212722,0.208205,0.203778,0.199438,0.195183,0.191011,0.18692,0.182907,0.178972,0.175112,0.171325,0.16761,0.163965,0.160387,0.156877,0.153431,0.150048,0.146727,0.143467,0.140265,0.137121,0.134033,0.130999,0.128019,0.12509,0.122213,0.119385,0.116605,0.113872,0.111186,0.108544,0.105945,0.10339,0.100875,0.0984014,0.095967,0.093571,0.0912123,0.0888901,0.0866034,0.0843512,0.0821325,0.0799466,0.0777925,0.0756692,0.0735761,0.0715121,0.0694765,0.0674685,0.0654871,0.0635318,0.0616015,0.0596957,0.0578135,0.0559541,0.0541168,0.0523009,0.0505057,0.0487304,0.0469744,0.0452369,0.0435172,0.0418147,0.0401287,0.0384585,0.0368034,0.0351629,0.0335362,0.0319227,0.0303218,0.0287328,0.0271552,0.0255882,0.0240314,0.0224839,0.0209453,0.019415,0.0178923,0.0163767,0.0148675,0.0133641,0.011866,0.0103725,0.00888319,0.00739733,0.00591437,0.00443375,0.00295486
1,0.982092,0.964207,0.946367,0.928592,0.910905,0.893327,0.875875,0.858571,0.841429,0.824468,0.807702,0.791144,0.774808,0.758704,0.742841,0.727228,0.711872,0.696779,0.681954,0.667399,0.653118,0.639113,0.625383,0.611929,0.59875,0.585845,0.573211,0.560846,0.548747,0.53691,0.525333,0.51401,0.502938,0.492113,0.481528,0.471181,0.461066,0.451177,0.441512,0.432063,0.422827,0.413798,0.404972,0.396344,0.387908,0.379661,0.371598,0.363713,0.356003,0.348463,0.34109,0.333877,0.326823,0.319922,0.31317,0.306564,0.300101,0.293776,0.287585,0.281527,0.275596,0.26979,0.264106,0.258541,0.253091,0.247753,0.242526,0.237406,0.23239,0.227476,0.222661,0.217943,0.213319,0.208788,0.204346,0.199991,0.195723,0.191537,0.187433,0.183408,0.17946,0.175588,0.17179,0.168063,0.164406,0.160818,0.157297,0.153841,0.150448,0.147118,0.143847,0.140636,0.137483,0.134386,0.131343,0.128355,0.125418,0.122532,0.119696,0.116909,0.114168,0.111474,0.108825,0.106219,0.103656,0.101135,0.0986547,0.0962136,0.0938111,0.0914461,0.0891177,0.0868248,0.0845666,0.0823421,0.0801503,0.0779905,0.0758617,0.073763,0.0716936,0.0696527,0.0676394,0.0656529,0.0636925,0.0617573,0.0598465,0.0579594,0.0560952,0.0542532,0.0524327,0.0506329,0.048853,0.0470925,0.0453506,0.0436265,0.0419197,0.0402294,0.038555,0.0368957,0.035251,0.0336202,0.0320027,0.0303978,0.0288048,0.0272232,0.0256523,0.0240915,0.0225402,0.0209977,0.0194636,0.017937,0.0164176,0.0149046,0.0133975,0.0118956,0.0103985,0.00890538,0.0074158,0.00592914,0.00444482,0.00296224
1,0.982205,0.964431,0.9467,0.929032,0.911449,0.89397,0.876615,0.8594,0.842344,0.825461,0.808768,0.792277,0.776,0.759949,0.744134,0.728562,0.71324,0.698176,0.683374,0.668837,0.654569,0.640572,0.626846,0.613392,0.600209,0.587297,0.574653,0.562275,0.550161,0.538308,0.526712,0.515368,0.504275,0.493426,0.482818,0.472446,0.462306,0.452393,0.442701,0.433227,0.423965,0.41491,0.406058,0.397404,0.388943,0.380671,0.372583,0.364674,0.356941,0.349377,0.341981,0.334746,0.327669,0.320747,0.313974,0.307348,0.300864,0.29452,0.28831,0.282233,0.276284,0.270461,0.26476,0.259177,0.253711,0.248358,0.243116,0.23798,0.23295,0.228022,0.223193,0.218462,0.213825,0.209281,0.204827,0.20046,0.19618,0.191983,0.187868,0.183832,0.179874,0.175991,0.172183,0.168447,0.164781,0.161183,0.157653,0.154188,0.150787,0.147448,0.14417,0.140951,0.13779,0.134685,0.131635,0.128639,0.125695,0.122803,0.11996,0.117166,0.114419,0.111718,0.109063,0.106451,0.103882,0.101355,0.0988691,0.0964225,0.0940145,0.0916441,0.0893104,0.0870124,0.084749,0.0825195,0.0803229,0.0781582,0.0760246,0.0739213,0.0718473,0.0698019,0.0677842,0.0657934,0.0638286,0.0618891,0.0599742,0.058083,0.0562148,0.0543688,0.0525443,0.0507406,0.0489569,0.0471926,0.0454469,0.0437191,0.0420086,0.0403147,0.0386367,0.0369739,0.0353257,0.0336914,0.0320704,0.0304621,0.0288657,0.0272807,0.0257065,0.0241424,0.0225878,0.0210421,0.0195047,0.0179749,0.0164523,0.0149361,0.0134258,0.0119207,0.0104204,0.00892417,0.00743145,0.00594165,0.00445419,0.00296849
1,0.982295,0.964611,0.946969,0.929388,0.911889,0.894491,0.877213,0.860071,0.843084,0.826266,0.809631,0.793195,0.776967,0.76096,0.745183,0.729644,0.714352,0.699312,0.684529,0.670007,0.65575,0.64176,0.628038,0.614584,0.601399,0.588481,0.575829,0.563442,0.551316,0.539449,0.527837,0.516478,0.505367,0.4945,0.483873,0.473481,0.46332,0.453386,0.443674,0.434179,0.424895,0.41582,0.406947,0.398272,0.389791,0.381498,0.37339,0.365461,0.357708,0.350126,0.34271,0.335457,0.328362,0.321422,0.314632,0.307989,0.301489,0.295129,0.288904,0.282811,0.276848,0.27101,0.265295,0.259699,0.25422,0.248854,0.243598,0.238451,0.233409,0.228469,0.223629,0.218887,0.214239,0.209685,0.20522,0.200844,0.196554,0.192348,0.188224,0.184179,0.180213,0.176322,0.172505,0.168761,0.165087,0.161482,0.157945,0.154473,0.151064,0.147719,0.144434,0.141208,0.138041,0.13493,0.131874,0.128872,0.125922,0.123024,0.120176,0.117376,0.114624,0.111918,0.109258,0.106641,0.104067,0.101536,0.0990448,0.0965936,0.0941811,0.0918063,0.0894682,0.0871659,0.0848984,0.0826648,0.0804642,0.0782955,0.0761581,0.0740509,0.0719732,0.0699241,0.0679028,0.0659083,0.0639401,0.0619971,0.0600788,0.0581842,0.0563126,0.0544634,0.0526357,0.0508288,0.0490419,0.0472745,0.0455257,0.043795,0.0420814,0.0403846,0.0387036,0.0370379,0.0353868,0.0337497,0.0321259,0.0305147,0.0289156,0.0273279,0.0257509,0.0241841,0.0226268,0.0210784,0.0195383,0.0180059,0.0164806,0.0149618,0.0134489,0.0119413,0.0104384,0.00893955,0.00744426,0.00595189,0.00446187,0.00297361
1,0.982365,0.96475,0.947176,0.929662,0.912228,0.894893,0.877674,0.860589,0.843655,0.826886,0.810298,0.793903,0.777714,0.761741,0.745994,0.730482,0.715212,0.70019,0.685423,0.670913,0.656665,0.64268,0.628961,0.615508,0.602321,0.589399,0.576742,0.564347,0.552212,0.540334,0.528711,0.517339,0.506215,0.495334,0.484692,0.474285,0.464109,0.454159,0.44443,0.434919,0.425619,0.416527,0.407638,0.398948,0.39045,0.382142,0.374018,0.366074,0.358305,0.350708,0.343278,0.336011,0.328902,0.321948,0.315145,0.308489,0.301976,0.295603,0.289366,0.283262,0.277287,0.271438,0.265712,0.260105,0.254615,0.249239,0.243974,0.238817,0.233766,0.228817,0.223968,0.219218,0.214562,0.209999,0.205527,0.201143,0.196846,0.192632,0.188501,0.18445,0.180476,0.176579,0.172756,0.169006,0.165326,0.161715,0.158172,0.154694,0.15128,0.147929,0.144639,0.141409,0.138236,0.13512,0.13206,0.129053,0.126099,0.123196,0.120344,0.11754,0.114784,0.112074,0.109409,0.106789,0.104212,0.101676,0.0991815,0.0967267,0.0943107,0.0919325,0.0895911,0.0872855,0.0850147,0.0827779,0.0805741,0.0784024,0.076262,0.0741518,0.0720712,0.0700192,0.067995,0.0659978,0.0640268,0.0620812,0.0601601,0.0582629,0.0563888,0.054537,0.0527068,0.0508974,0.0491081,0.0473383,0.0455871,0.043854,0.0421381,0.0404389,0.0387557,0.0370877,0.0354344,0.0337951,0.0321691,0.0305557,0.0289544,0.0273646,0.0257855,0.0242165,0.0226571,0.0211067,0.0195645,0.0180301,0.0165027,0.0149819,0.0134669,0.0119573,0.0104523,0.00895153,0.00745423,0.00595986,0.00446785,0.00297759
1,0.982414,0.964849,0.947323,0.929857,0.912469,0.895177,0.878001,0.860957,0.84406,0.827327,0.810772,0.794407,0.778244,0.762296,0.74657,0.731077,0.715823,0.700815,0.686059,0.671558,0.657316,0.643336,0.629619,0.616166,0.602978,0.590054,0.577392,0.564992,0.552851,0.540966,0.529335,0.517954,0.50682,0.495929,0.485277,0.474859,0.464672,0.454711,0.444971,0.435448,0.426137,0.417033,0.408132,0.39943,0.390921,0.382602,0.374467,0.366512,0.358732,0.351125,0.343684,0.336406,0.329288,0.322324,0.315511,0.308846,0.302324,0.295942,0.289696,0.283584,0.2776,0.271743,0.266009,0.260395,0.254898,0.249515,0.244243,0.239079,0.234021,0.229066,0.224211,0.219454,0.214792,0.210224,0.205746,0.201357,0.197054,0.192836,0.188699,0.184643,0.180665,0.176763,0.172935,0.169181,0.165497,0.161882,0.158334,0.154852,0.151435,0.14808,0.144786,0.141552,0.138376,0.135257,0.132193,0.129183,0.126225,0.12332,0.120464,0.117657,0.114898,0.112185,0.109518,0.106895,0.104314,0.101776,0.0992792,0.0968219,0.0944034,0.0920227,0.0896788,0.0873709,0.0850978,0.0828587,0.0806527,0.0784788,0.0763362,0.0742239,0.0721412,0.0700872,0.068061,0.0660618,0.0640888,0.0621412,0.0602183,0.0583192,0.0564433,0.0545896,0.0527576,0.0509464,0.0491554,0.0473838,0.045631,0.0438961,0.0421786,0.0404778,0.0387929,0.0371233,0.0354684,0.0338275,0.0321999,0.030585,0.0289822,0.0273908,0.0258102,0.0242397,0.0226788,0.0211269,0.0195832,0.0180473,0.0165185,0.0149962,0.0134798,0.0119687,0.0104623,0.00896008,0.00746135,0.00596556,0.00447212,0.00298043
1,0.982444,0.964908,0.947411,0.929973,0.912612,0.895348,0.878197,0.861176,0.844302,0.827591,0.811055,0.794708,0.778562,0.762628,0.746915,0.731433,0.716189,0.701189,0.686439,0.671944,0.657706,0.643728,0.630013,0.616561,0.603372,0.590446,0.577782,0.565379,0.553234,0.541345,0.529709,0.518323,0.507183,0.496286,0.485628,0.475204,0.46501,0.455042,0.445295,0.435765,0.426447,0.417336,0.408429,0.39972,0.391204,0.382878,0.374736,0.366774,0.358989,0.351374,0.343927,0.336644,0.329519,0.32255,0.315731,0.30906,0.302533,0.296146,0.289895,0.283777,0.277789,0.271927,0.266188,0.26057,0.255068,0.249681,0.244404,0.239237,0.234174,0.229215,0.224357,0.219596,0.214931,0.210359,0.205878,0.201485,0.197179,0.192958,0.188818,0.184759,0.180778,0.176873,0.173043,0.169286,0.165599,0.161981,0.158432,0.154947,0.151528,0.14817,0.144874,0.141638,0.13846,0.135338,0.132272,0.12926,0.126301,0.123394,0.120536,0.117727,0.114966,0.112252,0.109583,0.106958,0.104376,0.101837,0.0993378,0.096879,0.094459,0.0920768,0.0897315,0.0874221,0.0851477,0.0829072,0.0806999,0.0785247,0.0763807,0.0742672,0.0721832,0.070128,0.0681005,0.0661002,0.064126,0.0621773,0.0602532,0.058353,0.0564759,0.0546212,0.0527881,0.0509759,0.0491838,0.0474112,0.0456573,0.0439214,0.0422029,0.0405011,0.0388152,0.0371447,0.0354888,0.0338469,0.0322184,0.0306026,0.0289988,0.0274065,0.025825,0.0242536,0.0226918,0.021139,0.0195945,0.0180577,0.016528,0.0150048,0.0134875,0.0119756,0.0104683,0.00896522,0.00746563,0.00596898,0.00447468,0.00298214
1,0.982454,0.964927,0.94744,0.930011,0.91266,0.895404,0.878262,0.861249,0.844383,0.827678,0.811149,0.794808,0.778667,0.762738,0.74703,0.731552,0.716311,0.701314,0.686566,0.672072,0.657835,0.643859,0.630144,0.616692,0.603503,0.590577,0.577912,0.565508,0.553362,0.541471,0.529834,0.518446,0.507304,0.496405,0.485745,0.475318,0.465122,0.455152,0.445403,0.43587,0.42655,0.417437,0.408528,0.399816,0.391298,0.38297,0.374826,0.366862,0.359074,0.351458,0.344009,0.336723,0.329596,0.322625,0.315804,0.309132,0.302602,0.296213,0.289961,0.283841,0.277851,0.271988,0.266248,0.260628,0.255125,0.249736,0.244458,0.239289,0.234225,0.229265,0.224405,0.219643,0.214977,0.210404,0.205922,0.201528,0.197221,0.192998,0.188858,0.184798,0.180816,0.17691,0.173079,0.169321,0.165633,0.162015,0.158464,0.154979,0.151558,0.1482,0.144904,0.141667,0.138488,0.135366,0.132299,0.129286,0.126327,0.123418,0.12056,0.117751,0.114989,0.112274,0.109605,0.106979,0.104397,0.101857,0.0993574,0.096898,0.0944775,0.0920949,0.0897491,0.0874392,0.0851643,0.0829234,0.0807156,0.07854,0.0763956,0.0742816,0.0721973,0.0701416,0.0681137,0.0661129,0.0641384,0.0621893,0.0602648,0.0583643,0.0564868,0.0546317,0.0527983,0.0509857,0.0491933,0.0474203,0.0456661,0.0439299,0.042211,0.0405089,0.0388227,0.0371518,0.0354956,0.0338534,0.0322246,0.0306084,0.0290044,0.0274117,0.0258299,0.0242583,0.0226962,0.021143,0.0195982,0.0180611,0.0165311,0.0150077,0.0134901,0.0119779,0.0104703,0.00896693,0.00746705,0.00597012,0.00447553,0.00298271
1,0.982444,0.964908,0.947411,0.929973,0.912612,0.895348,0.878197,0.861176,0.844302,0.827591,0.811055,0.794708,0.778562,0.762628,0.746915,0.731433,0.716189,0.701189,0.686439,0.671944,0.657706,0.643728,0.630013,0.616561,0.603372,0.590446,0.577782,0.565379,0.553234,0.541345,0.529709,0.518323,0.507183,0.496286,0.485628,0.475204,0.46501,0.455042,0.445295,0.435765,0.426447,0.417336,0.408429,0.39972,0.391204,0.382878,0.374736,0.366774,0.358989,0.351374,0.343927,0.336644,0.329519,0.32255,0.315731,0.30906,0.302533,0.296146,0.289895,0.283777,0.277789,0.271927,0.266188,0.26057,0.255068,0.249681,0.244404,0.239237,0.234174,0.229215,0.224357,0.219596,0.214931,0.210359,0.205878,0.201485,0.197179,0.192958,0.188818,0.184759,0.180778,0.176873,0.173043,0.169286,0.165599,0.161981,0.158432,0.154947,0.151528,0.14817,0.144874,0.141638,0.13846,0.135338,0.132272,0.12926,0.126301,0.123394,0.120536,0.117727,0.114966,0.112252,0.109583,0.106958,0.104376,0.101837,0.0993378,0.096879,0.094459,0.0920768,0.0897315,0.0874221,0.0851477,0.0829072,0.0806999,0.0785247,0.0763807,0.0742672,0.0721832,0.070128,0.0681005,0.0661002,0.064126,0.0621773,0.0602532,0.058353,0.0564759,0.0546212,0.0527881,0.0509759,0.0491838,0.0474112,0.0456573,0.0439214,0.0422029,0.0405011,0.0388152,0.0371447,0.0354888,0.0338469,0.0322184,0.0306026,0.0289988,0.0274065,0.025825,0.0242536,0.0226918,0.021139,0.0195945,0.0180577,0.016528,0.0150048,0.0134875,0.0119756,0.0104683,0.00896522,0.00746563,0.00596898,0.00447468,0.00298214
1,0.982414,0.964849,0.947323,0.929857,0.912469,0.895177,0.878001,0.860957,0.84406,0.827327,0.810772,0.794407,0.778244,0.762296,0.74657,0.731077,0.715823,0.700815,0.686059,0.671558,0.657316,0.643336,0.629619,0.616166,0.602978,0.590054,0.577392,0.564992,0.552851,0.540966,0.529335,0.517954,0.50682,0.495929,0.485277,0.474859,0.464672,0.454711,0.444971,0.435448,0.426137,0.417033,0.408132,0.39943,0.390921,0.382602,0.374467,0.366512,0.358732,0.351125,0.343684,0.336406,0.329288,0.322324,0.315511,0.308846,0.302324,0.295942,0.289696,0.283584,0.2776,0.271743,0.266009,0.260395,0.254898,0.249515,0.244243,0.239079,0.234021,0.229066,0.224211,0.219454,0.214792,0.210224,0.205746,0.201357,0.197054,0.192836,0.188699,0.184643,0.180665,0.176763,0.172935,0.169181,0.165497,0.161882,0.158334,0.154852,0.151435,0.14808,0.144786,0.141552,0.138376,0.135257,0.132193,0.129183,0.126225,0.12332,0.120464,0.117657,0.114898,0.112185,0.109518,0.106895,0.104314,0.101776,0.0992792,0.0968219,0.0944034,0.0920227,0.0896788,0.0873709,0.0850978,0.0828587,0.0806527,0.0784788,0.0763362,0.0742239,0.0721412,0.0700872,0.068061,0.0660618,0.0640888,0.0621412,0.0602183,0.0583192,0.0564433,0.0545896,0.0527576,0.0509464,0.0491554,0.0473838,0.045631,0.0438961,0.0421786,0.0404778,0.0387929,0.0371233,0.0354684,0.0338275,0.0321999,0.030585,0.0289822,0.0273908,0.0258102,0.0242397,0.0226788,0.0211269,0.0195832,0.0180473,0.0165185,0.0149962,0.0134798,0.0119687,0.0104623,0.00896008,0.00746135,0.00596556,0.00447212,0.00298043
1,0.982365,0.96475,0.947176,0.929662,0.912228,0.894893,0.877674,0.860589,0.843655,0.826886,0.810298,0.793903,0.777714,0.761741,0.745994,0.730482,0.715212,0.70019,0.685423,0.670913,0.656665,0.64268,0.628961,0.615508,0.602321,0.589399,0.576742,0.564347,0.552212,0.540334,0.528711,0.517339,0.506215,0.495334,0.484692,0.474285,0.464109,0.454159,0.44443,0.434919,0.425619,0.416527,0.407638,0.398948,0.39045,0.382142,0.374018,0.366074,0.358305,0.350708,0.343278,0.336011,0.328902,0.321948,0.315145,0.308489,0.301976,0.295603,0.289366,0.283262,0.277287,0.271438,0.265712,0.260105,0.254615,0.249239,0.243974,0.238817,0.233766,0.228817,0.223968,0.219218,0.214562,0.209999,0.205527,0.201143,0.196846,0.192632,0.188501,0.18445,0.180476,0.176579,0.172756,0.169006,0.165326,0.161715,0.158172,0.154694,0.15128,0.147929,0.144639,0.141409,0.138236,0.13512,0.13206,0.129053,0.126099,0.123196,0.120344,0.11754,0.114784,0.112074,0.109409,0.106789,0.104212,0.101676,0.0991815,0.0967267,0.0943107,0.0919325,0.0895911,0.0872855,0.0850147,0.0827779,0.0805741,0.0784024,0.076262,0.0741518,0.0720712,0.0700192,0.067995,0.0659978,0.0640268,0.0620812,0.0601601,0.0582629,0.0563888,0.054537,0.0527068,0.0508974,0.0491081,0.0473383,0.0455871,0.043854,0.0421381,0.0404389,0.0387557,0.0370877,0.0354344,0.0337951,0.0321691,0.0305557,0.0289544,0.0273646,0.0257855,0.0242165,0.0226571,0.0211067,0.0195645,0.0180301,0.0165027,0.0149819,0.0134669,0.0119573,0.0104523,0.00895153,0.00745423,0.00595986,0.00446785,0.00297759
1,0.982295,0.964611,0.946969,0.929388,0.911889,0.894491,0.877213,0.860071,0.843084,0.826266,0.809631,0.793195,0.776967,0.76096,0.745183,0.729644,0.714352,0.699312,0.684529,0.670007,0.65575,0.64176,0.628038,0.614584,0.601399,0.588481,0.575829,0.563442,0.551316,0.539449,0.527837,0.516478,0.505367,0.4945,0.483873,0.473481,0.46332,0.453386,0.443674,0.434179,0.424895,0.41582,0.406947,0.398272,0.389791,0.381498,0.37339,0.365461,0.357708,0.350126,0.34271,0.335457,0.328362,0.321422,0.314632,0.307989,0.301489,0.295129,0.288904,0.282811,0.276848,0.27101,0.265295,0.259699,0.25422,0.248854,0.243598,0.238451,0.233409,0.228469,0.223629,0.218887,0.214239,0.209685,0.20522,0.200844,0.196554,0.192348,0.188224,0.184179,0.180213,0.176322,0.172505,0.168761,0.165087,0.161482,0.157945,0.154473,0.151064,0.147719,0.144434,0.141208,0.138041,0.13493,0.131874,0.128872,0.125922,0.123024,0.120176,0.117376,0.114624,0.111918,0.109258,0.106641,0.104067,0.101536,0.0990448,0.0965936,0.0941811,0.0918063,0.0894682,0.0871659,0.0848984,0.0826648,0.0804642,0.0782955,0.0761581,0.0740509,0.0719732,0.0699241,0.0679028,0.0659083,0.0639401,0.0619971,0.0600788,0.0581842,0.0563126,0.0544634,0.0526357,0.0508288,0.0490419,0.0472745,0.0455257,0.043795,0.0420814,0.0403846,0.0387036,0.0370379,0.0353868,0.0337497,0.0321259,0.0305147,0.0289156,0.0273279,0.0257509,0.0241841,0.0226268,0.0210784,0.0195383,0.0180059,0.0164806,0.0149618,0.0134489,0.0119413,0.0104384,0.00893955,0.00744426,0.00595189,0.00446187,0.00297361
1,0.982205,0.964431,0.9467,0.929032,0.911449,0.89397,0.876615,0.8594,0.842344,0.825461,0.808768,0.792277,0.776,0.759949,0.744134,0.728562,0.71324,0.698176,0.683374,0.668837,0.654569,0.640572,0.626846,0.613392,0.600209,0.587297,0.574653,0.562275,0.550161,0.538308,0.526712,0.515368,0.504275,0.493426,0.482818,0.472446,0.462306,0.452393,0.442701,0.433227,0.423965,0.41491,0.406058,0.397404,0.388943,0.380671,0.372583,0.364674,0.356941,0.349377,0.341981,0.334746,0.327669,0.320747,0.313974,0.307348,0.300864,0.29452,0.28831,0.282233,0.276284,0.270461,0.26476,0.259177,0.253711,0.248358,0.243116,0.23798,0.23295,0.228022,0.223193,0.218462,0.213825,0.209281,0.204827,0.20046,0.19618,0.191983,0.187868,0.183832,0.179874,0.175991,0.172183,0.168447,0.164781,0.161183,0.157653,0.154188,0.150787,0.147448,0.14417,0.140951,0.13779,0.134685,0.131635,0.128639,0.125695,0.122803,0.11996,0.117166,0.114419,0.111718,0.109063,0.106451,0.103882,0.101355,0.0988691,0.0964225,0.0940145,0.0916441,0.0893104,0.0870124,0.084749,0.0825195,0.0803229,0.0781582,0.0760246,0.0739213,0.0718473,0.0698019,0.0677842,0.0657934,0.0638286,0.0618891,0.0599742,0.058083,0.0562148,0.0543688,0.0525443,0.0507406,0.0489569,0.0471926,0.0454469,0.0437191,0.0420086,0.0403147,0.0386367,0.0369739,0.0353257,0.0336914,0.0320704,0.0304621,0.0288657,0.0272807,0.0257065,0.0241424,0.0225878,0.0210421,0.0195047,0.0179749,0.0164523,0.0149361,0.0134258,0.0119207,0.0104204,0.00892417,0.00743145,0.00594165,0.00445419,0.00296849
1,0.982092,0.964207,0.946367,0.928592,0.910905,0.893327,0.875875,0.858571,0.841429,0.824468,0.807702,0.791144,0.774808,0.758704,0.742841,0.727228,0.711872,0.696779,0.681954,0.667399,0.653118,0.639113,0.625383,0.611929,0.59875,0.585845,0.573211,0.560846,0.548747,0.53691,0.525333,0.51401,0.502938,0.492113,0.481528,0.471181,0.461066,0.451177,0.441512,0.432063,0.422827,0.413798,0.404972,0.396344,0.387908,0.379661,0.371598,0.363713,0.356003,0.348463,0.34109,0.333877,0.326823,0.319922,0.31317,0.306564,0.300101,0.293776,0.287585,0.281527,0.275596,0.26979,0.264106,0.258541,0.253091,0.247753,0.242526,0.237406,0.23239,0.227476,0.222661,0.217943,0.213319,0.208788,0.204346,0.199991,0.195723,0.191537,0.187433,0.183408,0.17946,0.175588,0.17179,0.168063,0.164406,0.160818,0.157297,0.153841,0.150448,0.147118,0.143847,0.140636,0.137483,0.134386,0.131343,0.128355,0.125418,0.122532,0.119696,0.116909,0.114168,0.111474,0.108825,0.106219,0.103656,0.101135,0.0986547,0.0962136,0.0938111,0.0914461,0.0891177,0.0868248,0.0845666,0.0823421,0.0801503,0.0779905,0.0758617,0.073763,0.0716936,0.0696527,0.0676394,0.0656529,0.0636925,0.0617573,0.0598465,0.0579594,0.0560952,0.0542532,0.0524327,0.0506329,0.048853,0.0470925,0.0453506,0.0436265,0.0419197,0.0402294,0.038555,0.0368957,0.035251,0.0336202,0.0320027,0.0303978,0.0288048,0.0272232,0.0256523,0.0240915,0.0225402,0.0209977,0.0194636,0.017937,0.0164176,0.0149046,0.0133975,0.0118956,0.0103985,0.00890538,0.0074158,0.00592914,0.00444482,0.00296224
1,0.981958,0.96394,0.945968,0.928065,0.910254,0.892555,0.87499,0.857577,0.840335,0.82328,0.806427,0.789791,0.773384,0.757216,0.741298,0.725638,0.710241,0.695115,0.680263,0.665688,0.651393,0.637378,0.623645,0.610192,0.597018,0.584121,0.5715,0.559151,0.54707,0.535255,0.5237,0.512402,0.501356,0.490558,0.480002,0.469684,0.459599,0.449741,0.440105,0.430688,0.421482,0.412484,0.403689,0.395091,0.386685,0.378468,0.370434,0.362578,0.354896,0.347384,0.340038,0.332852,0.325823,0.318948,0.312221,0.30564,0.2992,0.292898,0.28673,0.280693,0.274784,0.268999,0.263335,0.257789,0.252358,0.24704,0.24183,0.236728,0.231729,0.226831,0.222033,0.21733,0.212722,0.208205,0.203778,0.199438,0.195183,0.191011,0.18692,0.182907,0.178972,0.175112,0.171325,0.16761,0.163965,0.160387,0.156877,0.153431,0.150048,0.146727,0.143467,0.140265,0.137121,0.134033,0.130999,0.128019,0.12509,0.122213,0.119385,0.116605,0.113872,0.111186,0.108544,0.105945,0.10339,0.100875,0.0984014,0.095967,0.093571,0.0912123,0.0888901,0.0866034,0.0843512,0.0821325,0.0799466,0.0777925,0.0756692,0.0735761,0.0715121,0.0694765,0.0674685,0.0654871,0.0635318,0.0616015,0.0596957,0.0578135,0.0559541,0.0541168,0.0523009,0.0505057,0.0487304,0.0469744,0.0452369,0.0435172,0.0418147,0.0401287,0.0384585,0.0368034,0.0351629,0.0335362,0.0319227,0.0303218,0.0287328,0.0271552,0.0255882,0.0240314,0.0224839,0.0209453,0.019415,0.0178923,0.0163767,0.0148675,0.0133641,0.011866,0.0103725,0.00888319,0.00739733,0.00591437,0.00443375,0.00295486
1,0.9818,0.963625,0.945499,0.927446,0.909489,0.891651,0.873953,0.856414,0.839054,0.82189,0.804937,0.78821,0.77172,0.75548,0.739499,0.723783,0.708341,0.693177,0.678295,0.663697,0.649387,0.635363,0.621626,0.608175,0.595008,0.582124,0.569518,0.557188,0.545129,0.533339,0.521811,0.510542,0.499527,0.488761,0.478239,0.467955,0.457904,0.448082,0.438482,0.429101,0.419931,0.410969,0.402209,0.393646,0.385275,0.377092,0.369092,0.361269,0.353621,0.346141,0.338825,0.331671,0.324672,0.317826,0.311128,0.304574,0.298162,0.291886,0.285744,0.279733,0.273848,0.268087,0.262446,0.256923,0.251514,0.246217,0.241029,0.235946,0.230967,0.226089,0.221309,0.216625,0.212034,0.207535,0.203124,0.1988,0.194561,0.190404,0.186328,0.182331,0.17841,0.174563,0.17079,0.167088,0.163456,0.159891,0.156392,0.152958,0.149587,0.146278,0.143029,0.139838,0.136704,0.133626,0.130602,0.127632,0.124713,0.121845,0.119026,0.116255,0.113531,0.110853,0.10822,0.10563,0.103082,0.100576,0.0981096,0.0956828,0.0932942,0.0909429,0.0886279,0.0863482,0.0841029,0.0818911,0.0797118,0.0775642,0.0754474,0.0733606,0.0713029,0.0692734,0.0672714,0.065296,0.0633465,0.0614221,0.0595219,0.0576452,0.0557914,0.0539596,0.0521491,0.0503591,0.0485891,0.0468382,0.0451058,0.0433912,0.0416936,0.0400125,0.0383472,0.036697,0.0350613,0.0334393,0.0318305,0.0302343,0.0286499,0.0270768,0.0255144,0.0239621,0.0224191,0.020885,0.0193591,0.0178408,0.0163295,0.0148246,0.0133256,0.0118318,0.0103427,0.00885761,0.00737603,0.00589735,0.00442098,0.00294636
1,0.981618,0.963262,0.944958,0.926731,0.908606,0.890607,0.872755,0.855072,0.837577,0.820288,0.803221,0.78639,0.769808,0.753486,0.737433,0.721656,0.706163,0.690957,0.676042,0.661421,0.647094,0.633061,0.619322,0.605875,0.592718,0.579847,0.567261,0.554953,0.542921,0.53116,0.519664,0.508429,0.49745,0.486721,0.476238,0.465993,0.455983,0.446201,0.436643,0.427302,0.418173,0.409252,0.400532,0.39201,0.383679,0.375535,0.367573,0.359788,0.352177,0.344733,0.337453,0.330334,0.323369,0.316556,0.309891,0.303369,0.296987,0.290742,0.28463,0.278647,0.27279,0.267056,0.261441,0.255944,0.25056,0.245287,0.240122,0.235063,0.230106,0.22525,0.220491,0.215827,0.211256,0.206776,0.202385,0.198079,0.193858,0.189719,0.185659,0.181678,0.177773,0.173943,0.170185,0.166498,0.16288,0.159329,0.155844,0.152424,0.149066,0.145769,0.142533,0.139354,0.136232,0.133166,0.130153,0.127194,0.124286,0.121429,0.11862,0.11586,0.113146,0.110477,0.107853,0.105272,0.102734,0.100237,0.0977793,0.0953611,0.092981,0.090638,0.0883311,0.0860594,0.0838219,0.0816178,0.0794461,0.0773059,0.0751964,0.0731168,0.0710661,0.0690436,0.0670484,0.0650797,0.0631368,0.0612189,0.0593252,0.0574548,0.0556072,0.0537816,0.0519771,0.0501932,0.0484291,0.046684,0.0449574,0.0432485,0.0415566,0.0398811,0.0382213,0.0365766,0.0349462,0.0333296,0.0317262,0.0301352,0.028556,0.0269881,0.0254309,0.0238836,0.0223457,0.0208166,0.0192957,0.0177824,0.0162761,0.0147761,0.013282,0.0117931,0.0103089,0.00882866,0.00735192,0.00587807,0.00440653,0.00293673
1,0.981409,0.962846,0.944339,0.925914,0.907598,0.889415,0.871389,0.853543,0.835895,0.818465,0.801269,0.784322,0.767636,0.751222,0.73509,0.719247,0.703697,0.688446,0.673497,0.65885,0.644507,0.630466,0.616726,0.603285,0.590141,0.577288,0.564724,0.552444,0.540443,0.528715,0.517257,0.506061,0.495123,0.484437,0.473997,0.463798,0.453833,0.444098,0.434585,0.425291,0.416209,0.407333,0.39866,0.390182,0.381896,0.373796,0.365877,0.358135,0.350565,0.343162,0.335923,0.328842,0.321916,0.31514,0.308511,0.302025,0.295678,0.289466,0.283386,0.277435,0.271609,0.265905,0.26032,0.254852,0.249496,0.24425,0.239111,0.234077,0.229145,0.224313,0.219578,0.214937,0.210389,0.20593,0.20156,0.197275,0.193073,0.188954,0.184913,0.180951,0.177064,0.173251,0.16951,0.165839,0.162237,0.158702,0.155233,0.151828,0.148484,0.145202,0.141979,0.138814,0.135705,0.132652,0.129653,0.126706,0.12381,0.120964,0.118167,0.115418,0.112715,0.110058,0.107444,0.104874,0.102346,0.0998582,0.0974107,0.0950022,0.0926315,0.0902977,0.0879998,0.085737,0.0835083,0.0813127,0.0791495,0.0770176,0.0749163,0.0728446,0.0708018,0.068787,0.0667995,0.0648383,0.0629028,0.0609922,0.0591056,0.0572423,0.0554017,0.0535829,0.0517852,0.050008,0.0482505,0.046512,0.0447918,0.0430892,0.0414037,0.0397344,0.0380808,0.0364421,0.0348178,0.0332072,0.0316097,0.0300246,0.0284513,0.0268891,0.0253376,0.023796,0.0222638,0.0207403,0.019225,0.0177173,0.0162165,0.014722,0.0132334,0.01175,0.0102711,0.00879634,0.00732501,0.00585656,0.00439041,0.00292598
1,0.981173,0.962376,0.943638,0.924989,0.906456,0.888067,0.869845,0.851814,0.833995,0.816408,0.799068,0.781992,0.765192,0.748678,0.73246,0.716543,0.700933,0.685635,0.670649,0.655976,0.641617,0.62757,0.613832,0.6004,0.587272,0.574441,0.561904,0.549656,0.537691,0.526003,0.514586,0.503436,0.492545,0.481907,0.471517,0.461369,0.451455,0.441772,0.432311,0.423069,0.414038,0.405214,0.396591,0.388164,0.379927,0.371876,0.364006,0.356311,0.348787,0.341429,0.334234,0.327196,0.320312,0.313578,0.306989,0.300542,0.294233,0.288058,0.282015,0.276099,0.270307,0.264637,0.259085,0.253647,0.248322,0.243106,0.237996,0.232991,0.228086,0.223281,0.218571,0.213956,0.209432,0.204997,0.20065,0.196388,0.192208,0.18811,0.18409,0.180148,0.176281,0.172487,0.168765,0.165113,0.161529,0.158011,0.154559,0.15117,0.147843,0.144576,0.141369,0.138219,0.135125,0.132086,0.1291,0.126167,0.123284,0.120452,0.117668,0.114931,0.11224,0.109595,0.106993,0.104434,0.101917,0.0994408,0.0970041,0.0946061,0.0922458,0.0899222,0.0876344,0.0853814,0.0831623,0.0809762,0.0788222,0.0766995,0.0746071,0.0725443,0.0705102,0.0685039,0.0665248,0.0645719,0.0626446,0.0607419,0.0588633,0.0570078,0.0551749,0.0533637,0.0515735,0.0498036,0.0480534,0.0463221,0.044609,0.0429135,0.0412349,0.0395725,0.0379257,0.0362937,0.0346761,0.0330721,0.0314811,0.0299025,0.0283356,0.0267799,0.0252347,0.0236994,0.0221734,0.0206561,0.019147,0.0176454,0.0161507,0.0146623,0.0131797,0.0117023,0.0102295,0.00876067,0.00729531,0.00583281,0.00437261,0.00291412
1,0.980906,0.961845,0.942848,0.923947,0.905172,0.88655,0.868109,0.849873,0.831864,0.814102,0.796605,0.779387,0.762462,0.745839,0.729527,0.713532,0.697859,0.682511,0.667488,0.65279,0.638417,0.624365,0.610632,0.597213,0.584104,0.571301,0.558796,0.546585,0.534662,0.523019,0.511651,0.500552,0.489714,0.479131,0.468796,0.458705,0.448849,0.439222,0.42982,0.420635,0.411662,0.402895,0.394328,0.385956,0.377774,0.369777,0.361959,0.354316,0.346843,0.339535,0.332388,0.325398,0.31856,0.311871,0.305326,0.298922,0.292655,0.286521,0.280517,0.27464,0.268885,0.263251,0.257734,0.252331,0.24704,0.241856,0.236778,0.231804,0.226929,0.222153,0.217472,0.212884,0.208387,0.203978,0.199656,0.195419,0.191263,0.187188,0.183191,0.179271,0.175426,0.171653,0.167951,0.164319,0.160754,0.157256,0.153822,0.150451,0.147142,0.143892,0.140701,0.137568,0.13449,0.131466,0.128496,0.125578,0.12271,0.119892,0.117122,0.114398,0.111721,0.109089,0.1065,0.103953,0.101449,0.0989844,0.0965595,0.0941731,0.0918242,0.0895117,0.0872348,0.0849925,0.082784,0.0806082,0.0784644,0.0763516,0.0742691,0.0722159,0.0701913,0.0681944,0.0662245,0.0642806,0.0623622,0.0604683,0.0585983,0.0567514,0.0549269,0.0531239,0.0513419,0.0495802,0.0478379,0.0461145,0.0444092,0.0427213,0.0410503,0.0393954,0.037756,0.0361315,0.0345211,0.0329244,0.0313405,0.029769,0.0282091,0.0266604,0.0251221,0.0235937,0.0220745,0.0205641,0.0190616,0.0175667,0.0160787,0.014597,0.013121,0.0116502,0.0101839,0.00872166,0.00726283,0.00580685,0.00435314,0.00290114
1,0.980608,0.96125,0.941963,0.92278,0.903733,0.884853,0.866169,0.847705,0.829486,0.811533,0.793862,0.77649,0.759429,0.742689,0.726277,0.7102,0.694461,0.679061,0.664001,0.64928,0.634894,0.620842,0.607117,0.593716,0.580633,0.567862,0.555395,0.543228,0.531352,0.519761,0.508448,0.497406,0.486628,0.476106,0.465834,0.455805,0.446013,0.43645,0.427111,0.41799,0.40908,0.400375,0.39187,0.383559,0.375437,0.367498,0.359738,0.352152,0.344734,0.33748,0.330386,0.323448,0.31666,0.31002,0.303523,0.297166,0.290944,0.284854,0.278893,0.273058,0.267344,0.26175,0.256271,0.250906,0.24565,0.240502,0.235458,0.230517,0.225675,0.22093,0.21628,0.211722,0.207254,0.202873,0.198579,0.194368,0.190239,0.186189,0.182217,0.178321,0.174498,0.170748,0.167069,0.163458,0.159915,0.156437,0.153023,0.149672,0.146381,0.143151,0.139978,0.136862,0.133801,0.130795,0.127841,0.124939,0.122087,0.119284,0.116529,0.113821,0.111158,0.10854,0.105965,0.103432,0.100941,0.0984894,0.0960773,0.0937034,0.0913668,0.0890664,0.0868014,0.0845707,0.0823736,0.080209,0.0780762,0.0759743,0.0739024,0.0718597,0.0698454,0.0678586,0.0658986,0.0639646,0.0620558,0.0601715,0.0583109,0.0564732,0.0546578,0.0528638,0.0510907,0.0493377,0.0476041,0.0458892,0.0441923,0.0425128,0.0408501,0.0392033,0.037572,0.0359554,0.034353,0.0327641,0.031188,0.0296241,0.0280719,0.0265307,0.025,0.023479,0.0219673,0.0204641,0.0189691,0.0174814,0.0160006,0.0145261,0.0130573,0.0115936,0.0101345,0.00867934,0.00722759,0.00577867,0.00433202,0.00288707
1,0.980273,0.960585,0.940974,0.921477,0.902128,0.882961,0.864007,0.845293,0.826843,0.80868,0.790821,0.773282,0.756075,0.73921,0.722694,0.706531,0.690724,0.675273,0.660177,0.645434,0.63104,0.61699,0.60328,0.589902,0.57685,0.564117,0.551696,0.539579,0.527758,0.516226,0.504975,0.493997,0.483285,0.472832,0.462629,0.45267,0.442947,0.433455,0.424186,0.415134,0.406293,0.397657,0.389219,0.380974,0.372917,0.365042,0.357345,0.34982,0.342462,0.335267,0.32823,0.321347,0.314614,0.308027,0.301582,0.295274,0.289102,0.28306,0.277145,0.271354,0.265685,0.260133,0.254696,0.24937,0.244154,0.239044,0.234037,0.229132,0.224325,0.219614,0.214996,0.210471,0.206034,0.201684,0.197419,0.193237,0.189135,0.185113,0.181167,0.177297,0.1735,0.169774,0.166119,0.162531,0.159011,0.155555,0.152163,0.148832,0.145562,0.142352,0.139199,0.136102,0.13306,0.130072,0.127136,0.124251,0.121416,0.11863,0.115891,0.113199,0.110551,0.107948,0.105388,0.10287,0.100393,0.097956,0.0955577,0.0931973,0.0908739,0.0885866,0.0863343,0.0841161,0.0819313,0.0797788,0.0776579,0.0755677,0.0735072,0.0714758,0.0694726,0.0674967,0.0655475,0.063624,0.0617256,0.0598516,0.058001,0.0561733,0.0543677,0.0525835,0.0508199,0.0490763,0.047352,0.0456464,0.0439586,0.0422881,0.0406342,0.0389963,0.0373736,0.0357657,0.0341718,0.0325913,0.0310235,0.029468,0.027924,0.026391,0.0248683,0.0233554,0.0218516,0.0203564,0.0188692,0.0173894,0.0159165,0.0144497,0.0129887,0.0115327,0.0100812,0.00863371,0.00718959,0.00574829,0.00430925,0.00287189
1,0.979901,0.959844,0.939872,0.920025,0.900341,0.880857,0.861606,0.842616,0.823914,0.805523,0.78746,0.769742,0.75238,0.735383,0.718758,0.702506,0.68663,0.671129,0.656,0.641239,0.626841,0.612801,0.59911,0.585762,0.572749,0.560062,0.547693,0.535634,0.523876,0.512411,0.501229,0.490324,0.479685,0.469307,0.45918,0.449298,0.439653,0.430237,0.421045,0.412069,0.403303,0.39474,0.386375,0.378202,0.370216,0.36241,0.35478,0.347321,0.340028,0.332896,0.32592,0.319098,0.312423,0.305893,0.299503,0.29325,0.287129,0.281138,0.275273,0.269531,0.263908,0.258402,0.253009,0.247727,0.242552,0.237483,0.232516,0.227649,0.222879,0.218205,0.213623,0.209131,0.204728,0.20041,0.196177,0.192026,0.187954,0.183961,0.180044,0.176201,0.172431,0.168731,0.165101,0.161539,0.158042,0.15461,0.151241,0.147933,0.144685,0.141496,0.138364,0.135287,0.132266,0.129297,0.12638,0.123514,0.120697,0.117929,0.115207,0.112532,0.109901,0.107315,0.104771,0.102268,0.0998066,0.0973844,0.0950009,0.092655,0.0903458,0.0880724,0.0858337,0.083629,0.0814574,0.0793178,0.0772096,0.0751319,0.0730837,0.0710644,0.069073,0.0671088,0.0651711,0.063259,0.0613718,0.0595087,0.057669,0.0558519,0.0540569,0.052283,0.0505297,0.0487962,0.0470819,0.0453861,0.0437081,0.0420472,0.0404028,0.0387743,0.037161,0.0355623,0.0339775,0.032406,0.0308473,0.0293006,0.0277655,0.0262412,0.0247272,0.0232229,0.0217277,0.020241,0.0187623,0.0172909,0.0158262,0.0143678,0.012915,0.0114673,0.0100241,0.0085848,0.00714887,0.00571573,0.00428484,0.00285563
1,0.979485,0.959018,0.938644,0.918409,0.898355,0.878521,0.858942,0.839651,0.820675,0.802037,0.783756,0.765846,0.74832,0.731186,0.714447,0.698106,0.682162,0.666613,0.651455,0.636682,0.622286,0.608261,0.594598,0.581288,0.568321,0.555689,0.543382,0.531389,0.519702,0.508312,0.497208,0.486383,0.475826,0.465531,0.455488,0.44569,0.436129,0.426797,0.417688,0.408794,0.400109,0.391626,0.38334,0.375244,0.367334,0.359602,0.352045,0.344657,0.337433,0.330368,0.323459,0.316701,0.310089,0.303619,0.297289,0.291093,0.285028,0.279092,0.27328,0.267589,0.262016,0.256559,0.251213,0.245977,0.240847,0.235821,0.230896,0.22607,0.22134,0.216704,0.212159,0.207704,0.203336,0.199054,0.194854,0.190735,0.186696,0.182733,0.178846,0.175033,0.171292,0.16762,0.164017,0.160481,0.157011,0.153604,0.150259,0.146975,0.143751,0.140584,0.137474,0.13442,0.131419,0.128471,0.125574,0.122728,0.119931,0.117181,0.114478,0.111821,0.109209,0.106639,0.104112,0.101627,0.0991812,0.0967751,0.0944073,0.0920768,0.0897827,0.0875241,0.0853,0.0831096,0.080952,0.0788263,0.0767316,0.0746671,0.0726321,0.0706256,0.0686469,0.0666952,0.0647697,0.0628697,0.0609944,0.059143,0.0573148,0.0555092,0.0537253,0.0519625,0.0502201,0.0484975,0.0467938,0.0451085,0.0434409,0.0417903,0.040156,0.0385376,0.0369342,0.0353453,0.0337703,0.0322085,0.0306593,0.0291221,0.0275963,0.0260814,0.0245766,0.0230815,0.0215955,0.0201179,0.0186481,0.0171857,0.01573,0.0142805,0.0128365,0.0113976,0.00996318,0.00853263,0.00710543,0.005681,0.00425881,0.00283828
1,0.979022,0.958098,0.937278,0.916612,0.896148,0.875929,0.855992,0.836372,0.817098,0.798194,0.779679,0.761567,0.74387,0.726592,0.709739,0.693309,0.6773,0.661708,0.646526,0.631746,0.617361,0.60336,0.589733,0.57647,0.56356,0.550992,0.538755,0.526839,0.515232,0.503926,0.492909,0.482173,0.471707,0.461503,0.451552,0.441846,0.432376,0.423135,0.414116,0.405311,0.396713,0.388317,0.380115,0.372103,0.364273,0.356621,0.349141,0.341829,0.334679,0.327687,0.320848,0.314158,0.307612,0.301208,0.29494,0.288805,0.2828,0.276922,0.271166,0.26553,0.26001,0.254604,0.249308,0.244121,0.239038,0.234058,0.229178,0.224395,0.219707,0.215112,0.210608,0.206191,0.201861,0.197615,0.193451,0.189367,0.185361,0.181431,0.177576,0.173794,0.170083,0.166441,0.162867,0.159359,0.155916,0.152536,0.149217,0.145958,0.142759,0.139616,0.13653,0.133498,0.13052,0.127594,0.124719,0.121894,0.119117,0.116388,0.113705,0.111067,0.108473,0.105922,0.103413,0.100945,0.0985173,0.0961282,0.093777,0.0914629,0.0891849,0.086942,0.0847334,0.0825581,0.0804154,0.0783043,0.076224,0.0741737,0.0721525,0.0701597,0.0681945,0.066256,0.0643435,0.0624563,0.0605936,0.0587547,0.0569388,0.0551452,0.0533732,0.0516222,0.0498914,0.0481802,0.0464878,0.0448137,0.0431571,0.0415174,0.039894,0.0382862,0.0366933,0.0351149,0.0335502,0.0319986,0.0304596,0.0289325,0.0274167,0.0259117,0.0244168,0.0229314,0.021455,0.0199871,0.0185269,0.017074,0.0156278,0.0141877,0.0127531,0.0113236,0.00989847,0.00847722,0.00705929,0.00564412,0.00423116,0.00281985
1,0.978507,0.957073,0.935757,0.914614,0.893698,0.873054,0.852725,0.832747,0.813152,0.793962,0.775199,0.756874,0.738999,0.721576,0.704607,0.68809,0.672021,0.656392,0.641194,0.626418,0.612052,0.598085,0.584506,0.5713,0.558457,0.545964,0.533808,0.521979,0.510463,0.499251,0.488331,0.477693,0.467327,0.457223,0.447372,0.437765,0.428395,0.419252,0.41033,0.40162,0.393117,0.384813,0.376702,0.368778,0.361036,0.353468,0.346071,0.33884,0.331768,0.324853,0.318088,0.311471,0.304996,0.29866,0.292459,0.286389,0.280447,0.27463,0.268933,0.263355,0.257891,0.252539,0.247297,0.24216,0.237128,0.232196,0.227363,0.222626,0.217983,0.213431,0.208968,0.204593,0.200302,0.196095,0.191968,0.187921,0.183951,0.180056,0.176235,0.172485,0.168806,0.165195,0.161652,0.158173,0.154759,0.151407,0.148116,0.144884,0.14171,0.138594,0.135532,0.132525,0.129571,0.126668,0.123815,0.121012,0.118257,0.115549,0.112887,0.110269,0.107695,0.105164,0.102674,0.100225,0.0978152,0.0954441,0.0931106,0.0908137,0.0885526,0.0863264,0.0841341,0.0819749,0.0798479,0.0777523,0.0756872,0.0736518,0.0716453,0.0696669,0.0677159,0.0657914,0.0638927,0.062019,0.0601697,0.0583439,0.0565409,0.0547601,0.0530008,0.0512622,0.0495437,0.0478445,0.0461641,0.0445018,0.0428569,0.0412287,0.0396167,0.0380202,0.0364385,0.0348711,0.0333174,0.0317766,0.0302484,0.0287319,0.0272267,0.0257321,0.0242476,0.0227726,0.0213065,0.0198487,0.0183987,0.0169558,0.0155197,0.0140895,0.0126649,0.0112453,0.00983001,0.00841859,0.00701047,0.00560509,0.0042019,0.00280035
1,0.977931,0.95593,0.934062,0.912391,0.890974,0.869864,0.849106,0.828741,0.808799,0.789305,0.770279,0.751733,0.733675,0.716105,0.699024,0.682425,0.666302,0.650644,0.635441,0.620679,0.606344,0.592424,0.578903,0.565768,0.553005,0.540598,0.528536,0.516805,0.505391,0.494284,0.483471,0.472941,0.462684,0.45269,0.442948,0.433449,0.424186,0.415149,0.406332,0.397725,0.389322,0.381117,0.373103,0.365274,0.357623,0.350146,0.342837,0.335691,0.328703,0.321868,0.315182,0.308642,0.302241,0.295978,0.289847,0.283846,0.27797,0.272217,0.266583,0.261066,0.255661,0.250367,0.24518,0.240097,0.235117,0.230237,0.225453,0.220764,0.216168,0.211661,0.207243,0.20291,0.198662,0.194495,0.190408,0.186399,0.182466,0.178608,0.174822,0.171107,0.167461,0.163883,0.160372,0.156925,0.15354,0.150218,0.146956,0.143752,0.140606,0.137516,0.134481,0.131499,0.12857,0.125692,0.122863,0.120083,0.117351,0.114666,0.112025,0.109429,0.106876,0.104365,0.101895,0.0994658,0.0970754,0.0947231,0.0924082,0.0901295,0.0878863,0.0856776,0.0835025,0.0813601,0.0792497,0.0771704,0.0751213,0.0731016,0.0711106,0.0691475,0.0672114,0.0653016,0.0634174,0.061558,0.0597227,0.0579108,0.0561215,0.0543542,0.0526081,0.0508826,0.049177,0.0474907,0.0458229,0.044173,0.0425403,0.0409243,0.0393243,0.0377397,0.0361698,0.0346141,0.0330719,0.0315426,0.0300256,0.0285204,0.0270263,0.0255428,0.0240692,0.0226051,0.0211498,0.0197028,0.0182634,0.0168312,0.0154056,0.013986,0.0125719,0.0111627,0.00975782,0.00835677,0.00695899,0.00556393,0.00417105,0.00277979
1,0.977288,0.954654,0.932172,0.909913,0.887944,0.866322,0.845096,0.82431,0.803997,0.784181,0.76488,0.746106,0.727861,0.710147,0.692958,0.676285,0.660118,0.644444,0.629247,0.614512,0.600223,0.586363,0.572916,0.559866,0.547195,0.534889,0.522934,0.511313,0.500014,0.489023,0.478329,0.467918,0.45778,0.447904,0.438281,0.428899,0.419752,0.410829,0.402123,0.393626,0.385331,0.377231,0.36932,0.361591,0.354038,0.346656,0.33944,0.332384,0.325484,0.318735,0.312133,0.305673,0.299351,0.293163,0.287107,0.281177,0.275371,0.269686,0.264118,0.258664,0.253322,0.248087,0.242959,0.237933,0.233008,0.228181,0.223449,0.218811,0.214263,0.209804,0.205432,0.201145,0.19694,0.192816,0.18877,0.184801,0.180908,0.177087,0.173339,0.16966,0.16605,0.162506,0.159028,0.155613,0.152261,0.14897,0.145738,0.142564,0.139446,0.136385,0.133377,0.130422,0.127519,0.124666,0.121863,0.119108,0.1164,0.113737,0.11112,0.108546,0.106015,0.103526,0.101077,0.0986682,0.0962981,0.0939657,0.0916702,0.0894107,0.0871862,0.0849958,0.0828388,0.0807142,0.0786212,0.0765589,0.0745267,0.0725235,0.0705488,0.0686016,0.0666812,0.0647869,0.062918,0.0610736,0.0592531,0.0574557,0.0556807,0.0539276,0.0521954,0.0504837,0.0487917,0.0471187,0.0454642,0.0438274,0.0422077,0.0406044,0.0390171,0.0374449,0.0358874,0.0343439,0.0328138,0.0312966,0.0297915,0.0282981,0.0268157,0.0253438,0.0238818,0.0224291,0.0209851,0.0195494,0.0181213,0.0167003,0.0152858,0.0138772,0.0124741,0.0110759,0.00968193,0.00829178,0.00690488,0.00552067,0.00413862,0.00275818
1,0.976568,0.953225,0.930058,0.907147,0.884567,0.862382,0.840647,0.819408,0.798698,0.778542,0.758956,0.739947,0.721518,0.703664,0.686375,0.66964,0.653442,0.637765,0.622591,0.6079,0.593673,0.57989,0.566533,0.553583,0.541021,0.528831,0.516996,0.5055,0.494329,0.483467,0.472903,0.462622,0.452614,0.442867,0.433371,0.424116,0.415093,0.406292,0.397705,0.389325,0.381145,0.373157,0.365355,0.357732,0.350283,0.343002,0.335884,0.328923,0.322116,0.315457,0.308941,0.302566,0.296327,0.290219,0.28424,0.278386,0.272653,0.267039,0.261539,0.256152,0.250874,0.245703,0.240635,0.235669,0.230802,0.22603,0.221353,0.216767,0.212271,0.207862,0.203538,0.199298,0.195138,0.191059,0.187056,0.18313,0.179277,0.175497,0.171787,0.168146,0.164572,0.161065,0.157621,0.154241,0.150922,0.147663,0.144463,0.141319,0.138232,0.1352,0.132221,0.129294,0.126419,0.123593,0.120816,0.118086,0.115403,0.112765,0.110172,0.107621,0.105113,0.102647,0.10022,0.0978327,0.0954838,0.0931722,0.0908971,0.0886575,0.0864526,0.0842815,0.0821434,0.0800373,0.0779626,0.0759182,0.0739035,0.0719177,0.06996,0.0680295,0.0661256,0.0642475,0.0623945,0.0605658,0.0587608,0.0569787,0.0552188,0.0534804,0.0517629,0.0500656,0.0483878,0.0467289,0.0450882,0.0434651,0.0418589,0.0402691,0.038695,0.037136,0.0355914,0.0340607,0.0325433,0.0310387,0.0295461,0.028065,0.0265949,0.0251352,0.0236852,0.0222445,0.0208125,0.0193886,0.0179723,0.016563,0.0151601,0.0137632,0.0123716,0.0109848,0.00960238,0.00822366,0.00684815,0.00547532,0.00410462,0.00273552
1,0.975759,0.951621,0.927687,0.90405,0.880794,0.857992,0.835704,0.813976,0.792845,0.772333,0.752453,0.73321,0.714601,0.696615,0.67924,0.662456,0.646245,0.630585,0.615452,0.600824,0.586678,0.572992,0.559744,0.546912,0.534476,0.522418,0.51072,0.499364,0.488334,0.477615,0.467193,0.457055,0.447188,0.43758,0.428222,0.419102,0.410211,0.401541,0.393082,0.384826,0.376767,0.368897,0.36121,0.3537,0.34636,0.339185,0.33217,0.32531,0.318599,0.312035,0.305611,0.299325,0.293171,0.287147,0.281249,0.275474,0.269817,0.264277,0.258849,0.253532,0.248322,0.243216,0.238212,0.233307,0.2285,0.223787,0.219166,0.214635,0.210192,0.205835,0.201562,0.19737,0.193258,0.189225,0.185268,0.181385,0.177575,0.173836,0.170167,0.166565,0.16303,0.15956,0.156153,0.152808,0.149524,0.146298,0.143131,0.14002,0.136964,0.133963,0.131014,0.128116,0.125269,0.122471,0.119721,0.117019,0.114362,0.111749,0.109181,0.106655,0.104171,0.101728,0.0993244,0.0969597,0.0946328,0.0923429,0.0900891,0.0878704,0.085686,0.083535,0.0814166,0.0793299,0.0772742,0.0752485,0.0732522,0.0712845,0.0693445,0.0674316,0.0655449,0.0636837,0.0618473,0.0600351,0.0582462,0.05648,0.0547358,0.0530129,0.0513107,0.0496285,0.0479656,0.0463213,0.0446951,0.0430864,0.0414944,0.0399185,0.0383582,0.0368129,0.0352819,0.0337646,0.0322605,0.030769,0.0292895,0.0278213,0.026364,0.024917,0.0234797,0.0220516,0.020632,0.0192205,0.0178165,0.0164194,0.0150287,0.0136439,0.0122644,0.0108897,0.00951919,0.00815242,0.00678884,0.0054279,0.00406907,0.00271183
1,0.974846,0.949813,0.925019,0.900572,0.876568,0.853089,0.830199,0.807948,0.786372,0.765491,0.745314,0.72584,0.70706,0.688957,0.671512,0.654701,0.638498,0.622877,0.607809,0.593267,0.579225,0.565657,0.552538,0.539844,0.527554,0.515647,0.504102,0.492901,0.482028,0.471466,0.4612,0.451216,0.441502,0.432045,0.422835,0.41386,0.405111,0.396579,0.388255,0.380131,0.372201,0.364456,0.35689,0.349498,0.342273,0.335209,0.328302,0.321547,0.314938,0.308472,0.302144,0.29595,0.289887,0.28395,0.278137,0.272443,0.266866,0.261403,0.25605,0.250805,0.245665,0.240627,0.23569,0.230849,0.226104,0.221451,0.216889,0.212416,0.208028,0.203725,0.199504,0.195363,0.191301,0.187316,0.183405,0.179568,0.175802,0.172107,0.168479,0.164919,0.161424,0.157992,0.154623,0.151315,0.148067,0.144877,0.141744,0.138666,0.135643,0.132673,0.129756,0.126889,0.124071,0.121302,0.118581,0.115906,0.113276,0.110691,0.108148,0.105648,0.103189,0.10077,0.0983907,0.0960495,0.0937457,0.0914784,0.0892467,0.0870497,0.0848867,0.0827566,0.0806587,0.0785923,0.0765564,0.0745502,0.0725731,0.0706241,0.0687027,0.0668079,0.0649392,0.0630957,0.0612767,0.0594815,0.0577095,0.0559599,0.0542321,0.0525254,0.0508391,0.0491725,0.0475251,0.0458962,0.0442851,0.0426913,0.041114,0.0395528,0.038007,0.0364759,0.034959,0.0334558,0.0319655,0.0304877,0.0290218,0.0275671,0.0261232,0.0246895,0.0232653,0.0218503,0.0204437,0.0190451,0.0176539,0.0162696,0.0148916,0.0135195,0.0121526,0.0107904,0.00943241,0.00807811,0.00672695,0.00537842,0.00403198,0.00268712
1,0.973811,0.947766,0.922005,0.896652,0.871818,0.847595,0.824054,0.801246,0.779205,0.757946,0.737472,0.717777,0.698841,0.680642,0.663151,0.646338,0.630171,0.614615,0.599639,0.58521,0.571298,0.557873,0.544907,0.532374,0.52025,0.508513,0.49714,0.486112,0.475411,0.465021,0.454925,0.445109,0.435559,0.426264,0.417212,0.408392,0.399794,0.391409,0.383228,0.375244,0.367449,0.359836,0.352398,0.34513,0.338025,0.331078,0.324284,0.317638,0.311135,0.304772,0.298544,0.292447,0.286477,0.280631,0.274905,0.269297,0.263802,0.258419,0.253144,0.247974,0.242907,0.23794,0.233071,0.228297,0.223617,0.219027,0.214525,0.210111,0.205781,0.201533,0.197367,0.193279,0.189268,0.185333,0.181471,0.177681,0.173961,0.17031,0.166726,0.163208,0.159754,0.156363,0.153033,0.149764,0.146553,0.143399,0.140302,0.137259,0.13427,0.131333,0.128448,0.125612,0.122826,0.120087,0.117395,0.114749,0.112147,0.10959,0.107074,0.104601,0.102167,0.0997741,0.0974195,0.0951027,0.0928228,0.090579,0.0883703,0.0861959,0.084055,0.0819467,0.0798702,0.0778247,0.0758094,0.0738236,0.0718663,0.069937,0.0680348,0.066159,0.0643089,0.0624837,0.0606828,0.0589054,0.0571509,0.0554186,0.0537078,0.0520179,0.0503482,0.048698,0.0470667,0.0454537,0.0438584,0.0422801,0.0407182,0.0391721,0.0376413,0.0361251,0.0346229,0.0331342,0.0316584,0.0301949,0.0287431,0.0273025,0.0258725,0.0244526,0.0230422,0.0216407,0.0202477,0.0188625,0.0174847,0.0161137,0.0147489,0.0133899,0.0120361,0.010687,0.00934206,0.00800074,0.00666253,0.00532692,0.00399338,0.00266139
1,0.972632,0.945437,0.918581,0.892212,0.866458,0.841421,0.817177,0.793779,0.771255,0.749615,0.728854,0.708953,0.689885,0.671618,0.654113,0.63733,0.621231,0.605775,0.590922,0.576637,0.562884,0.549629,0.536843,0.524495,0.512561,0.501014,0.489833,0.478996,0.468485,0.458282,0.44837,0.438735,0.429363,0.420241,0.411358,0.402702,0.394264,0.386035,0.378006,0.370169,0.362516,0.355041,0.347737,0.340598,0.333619,0.326794,0.320118,0.313586,0.307194,0.300938,0.294813,0.288816,0.282944,0.277192,0.271557,0.266037,0.260628,0.255328,0.250133,0.245041,0.240049,0.235156,0.230358,0.225653,0.221039,0.216514,0.212076,0.207722,0.203452,0.199262,0.195152,0.191118,0.187161,0.183277,0.179465,0.175724,0.172052,0.168447,0.164908,0.161434,0.158023,0.154673,0.151384,0.148154,0.144982,0.141866,0.138805,0.135799,0.132845,0.129942,0.12709,0.124288,0.121533,0.118826,0.116164,0.113548,0.110976,0.108447,0.105959,0.103513,0.101107,0.0987399,0.0964111,0.0941196,0.0918646,0.0896451,0.0874603,0.0853094,0.0831915,0.0811057,0.0790514,0.0770277,0.0750338,0.0730689,0.0711323,0.0692233,0.0673411,0.065485,0.0636542,0.0618481,0.0600659,0.058307,0.0565707,0.0548564,0.0531633,0.0514908,0.0498382,0.048205,0.0465905,0.044994,0.043415,0.0418529,0.040307,0.0387767,0.0372614,0.0357607,0.0342738,0.0328002,0.0313394,0.0298907,0.0284536,0.0270276,0.0256121,0.0242065,0.0228103,0.021423,0.020044,0.0186728,0.0173089,0.0159517,0.0146007,0.0132554,0.0119152,0.0105796,0.0092482,0.00792036,0.0065956,0.0052734,0.00395326,0.00263465
1,0.971279,0.942769,0.91467,0.887158,0.86038,0.834452,0.809454,0.785436,0.76242,0.740406,0.719375,0.699296,0.68013,0.661832,0.644351,0.62764,0.611649,0.59633,0.581639,0.567533,0.553971,0.540918,0.52834,0.516204,0.504483,0.493151,0.482182,0.471556,0.461252,0.451252,0.441539,0.432099,0.422917,0.41398,0.405276,0.396795,0.388527,0.380462,0.372592,0.364909,0.357406,0.350075,0.342911,0.335908,0.32906,0.322361,0.315808,0.309395,0.303118,0.296972,0.290955,0.285062,0.27929,0.273636,0.268096,0.262667,0.257346,0.252131,0.24702,0.242008,0.237095,0.232277,0.227552,0.222918,0.218373,0.213915,0.209542,0.205252,0.201043,0.196913,0.19286,0.188883,0.18498,0.181149,0.177389,0.173699,0.170075,0.166519,0.163026,0.159598,0.156231,0.152924,0.149677,0.146488,0.143356,0.140279,0.137256,0.134286,0.131369,0.128502,0.125684,0.122916,0.120194,0.117519,0.114889,0.112304,0.109762,0.107262,0.104804,0.102386,0.100008,0.0976683,0.0953662,0.0931009,0.0908716,0.0886773,0.0865172,0.0843905,0.0822964,0.080234,0.0782027,0.0762015,0.0742297,0.0722866,0.0703715,0.0684835,0.066622,0.0647862,0.0629755,0.0611891,0.0594264,0.0576866,0.0559692,0.0542734,0.0525986,0.0509442,0.0493095,0.0476938,0.0460967,0.0445174,0.0429553,0.0414099,0.0398805,0.0383666,0.0368675,0.0353828,0.0339117,0.0324538,0.0310085,0.0295752,0.0281534,0.0267425,0.0253419,0.0239513,0.0225699,0.0211972,0.0198328,0.0184761,0.0171266,0.0157837,0.0144469,0.0131158,0.0117897,0.0104683,0.00915084,0.00783699,0.00652618,0.0052179,0.00391165,0.00260693
1,0.969715,0.939691,0.910172,0.881369,0.853454,0.826554,0.800752,0.776092,0.752584,0.730213,0.708943,0.688727,0.669509,0.651227,0.633821,0.61723,0.601394,0.586258,0.571771,0.557883,0.544551,0.531734,0.519394,0.507499,0.496018,0.484923,0.474189,0.463793,0.453715,0.443935,0.434437,0.425205,0.416226,0.407485,0.398972,0.390676,0.382586,0.374694,0.366992,0.35947,0.352123,0.344944,0.337926,0.331064,0.324351,0.317785,0.311358,0.305068,0.29891,0.29288,0.286974,0.281188,0.27552,0.269966,0.264523,0.259189,0.25396,0.248833,0.243807,0.238878,0.234045,0.229305,0.224656,0.220095,0.215621,0.211233,0.206926,0.202701,0.198555,0.194486,0.190493,0.186574,0.182728,0.178952,0.175245,0.171606,0.168034,0.164526,0.161082,0.1577,0.154379,0.151117,0.147913,0.144766,0.141675,0.138638,0.135655,0.132723,0.129843,0.127012,0.124231,0.121497,0.11881,0.116168,0.113571,0.111018,0.108507,0.106038,0.103609,0.101221,0.0988713,0.0965597,0.0942853,0.092047,0.0898442,0.0876759,0.0855414,0.0834398,0.0813702,0.079332,0.0773244,0.0753465,0.0733977,0.0714771,0.069584,0.0677178,0.0658777,0.064063,0.062273,0.060507,0.0587644,0.0570444,0.0553465,0.05367,0.0520141,0.0503784,0.0487621,0.0471647,0.0455855,0.044024,0.0424794,0.0409513,0.039439,0.037942,0.0364597,0.0349915,0.0335368,0.0320952,0.0306659,0.0292486,0.0278425,0.0264473,0.0250623,0.023687,0.0223209,0.0209634,0.0196141,0.0182724,0.0169378,0.0156097,0.0142877,0.0129713,0.0116598,0.0103529,0.00905004,0.00775067,0.0064543,0.00516044,0.00386858,0.00257822
1,0.967891,0.936109,0.904957,0.874691,0.845512,0.817558,0.790909,0.765596,0.741612,0.718919,0.697458,0.677161,0.65795,0.639748,0.622477,0.606064,0.59044,0.575539,0.561303,0.547678,0.534616,0.522071,0.510005,0.498381,0.487167,0.476335,0.465858,0.455713,0.445879,0.436337,0.427069,0.41806,0.409296,0.400764,0.392453,0.384351,0.376449,0.368738,0.36121,0.353858,0.346674,0.339652,0.332785,0.326069,0.319498,0.313068,0.306773,0.30061,0.294575,0.288663,0.282872,0.277197,0.271637,0.266186,0.260844,0.255606,0.250471,0.245435,0.240497,0.235654,0.230903,0.226243,0.221671,0.217186,0.212786,0.208468,0.20423,0.200072,0.195991,0.191985,0.188054,0.184194,0.180406,0.176686,0.173034,0.169449,0.165928,0.162471,0.159076,0.155742,0.152468,0.149252,0.146092,0.142989,0.13994,0.136945,0.134002,0.13111,0.128268,0.125475,0.12273,0.120032,0.11738,0.114773,0.11221,0.109689,0.107211,0.104773,0.102376,0.100017,0.0976973,0.0954148,0.0931688,0.0909585,0.088783,0.0866416,0.0845334,0.0824576,0.0804135,0.0784002,0.076417,0.0744632,0.072538,0.0706406,0.0687704,0.0669267,0.0651087,0.0633157,0.0615471,0.0598022,0.0580803,0.0563808,0.054703,0.0530464,0.0514101,0.0497937,0.0481965,0.0466178,0.0450572,0.043514,0.0419875,0.0404773,0.0389827,0.0375032,0.0360382,0.0345871,0.0331494,0.0317245,0.0303118,0.0289109,0.0275212,0.0261421,0.0247732,0.0234138,0.0220635,0.0207218,0.0193881,0.0180619,0.0167426,0.0154299,0.0141231,0.0128219,0.0115256,0.0102337,0.00894584,0.00766143,0.00638,0.00510103,0.00382404,0.00254854
1,0.965738,0.931896,0.898855,0.866928,0.836346,0.807256,0.779729,0.753772,0.729349,0.706392,0.68481,0.664508,0.645383,0.627337,0.610275,0.59411,0.578761,0.564155,0.550225,0.536912,0.524163,0.511931,0.500173,0.488853,0.477936,0.467392,0.457196,0.447323,0.437752,0.428464,0.419442,0.41067,0.402135,0.393823,0.385724,0.377826,0.370121,0.3626,0.355254,0.348078,0.341063,0.334204,0.327495,0.32093,0.314506,0.308216,0.302058,0.296026,0.290117,0.284328,0.278654,0.273094,0.267643,0.262299,0.25706,0.251922,0.246883,0.241941,0.237093,0.232337,0.227671,0.223094,0.218602,0.214194,0.209868,0.205623,0.201456,0.197366,0.193352,0.189411,0.185542,0.181744,0.178015,0.174353,0.170758,0.167227,0.16376,0.160355,0.157011,0.153726,0.1505,0.14733,0.144217,0.141158,0.138153,0.1352,0.132298,0.129447,0.126645,0.123891,0.121184,0.118523,0.115907,0.113335,0.110806,0.108319,0.105874,0.103469,0.101103,0.0987761,0.0964867,0.094234,0.0920173,0.0898357,0.0876885,0.0855747,0.0834936,0.0814445,0.0794265,0.0774389,0.075481,0.0735519,0.071651,0.0697776,0.067931,0.0661104,0.0643152,0.0625446,0.0607981,0.0590749,0.0573744,0.055696,0.054039,0.0524028,0.0507868,0.0491903,0.0476127,0.0460535,0.044512,0.0429877,0.0414799,0.0399881,0.0385118,0.0370503,0.0356031,0.0341697,0.0327495,0.0313419,0.0299464,0.0285624,0.0271896,0.0258272,0.0244748,0.0231319,0.0217979,0.0204723,0.0191547,0.0178445,0.0165412,0.0152443,0.0139533,0.0126677,0.011387,0.0101107,0.00883828,0.00756932,0.00630329,0.00503971,0.00377807,0.0025179
1,0.963167,0.926883,0.891639,0.857819,0.825688,0.795392,0.766977,0.740414,0.715622,0.692488,0.670884,0.650677,0.631737,0.613941,0.597177,0.581341,0.566341,0.552095,0.53853,0.525582,0.513194,0.501316,0.489905,0.478921,0.46833,0.458102,0.448211,0.438631,0.429343,0.420326,0.411565,0.403044,0.39475,0.38667,0.378793,0.371109,0.36361,0.356286,0.34913,0.342136,0.335297,0.328607,0.32206,0.315652,0.309378,0.303234,0.297216,0.291319,0.28554,0.279876,0.274324,0.268881,0.263543,0.258309,0.253175,0.248139,0.243199,0.238353,0.233597,0.228931,0.224352,0.219859,0.215449,0.21112,0.206871,0.2027,0.198606,0.194586,0.19064,0.186766,0.182961,0.179226,0.175557,0.171955,0.168417,0.164943,0.161531,0.158179,0.154887,0.151652,0.148475,0.145354,0.142287,0.139274,0.136314,0.133405,0.130546,0.127736,0.124974,0.12226,0.119592,0.116969,0.11439,0.111854,0.109361,0.106909,0.104498,0.102126,0.0997932,0.097498,0.0952399,0.093018,0.0908314,0.0886794,0.0865611,0.0844758,0.0824226,0.0804009,0.0784098,0.0764486,0.0745166,0.0726131,0.0707373,0.0688885,0.0670661,0.0652694,0.0634976,0.0617501,0.0600263,0.0583255,0.0566471,0.0549904,0.0533548,0.0517396,0.0501444,0.0485684,0.0470111,0.0454718,0.0439501,0.0424452,0.0409567,0.039484,0.0380264,0.0365835,0.0351547,0.0337395,0.0323373,0.0309475,0.0295697,0.0282032,0.0268477,0.0255025,0.0241672,0.0228412,0.0215241,0.0202152,0.0189142,0.0176205,0.0163335,0.0150529,0.0137782,0.0125087,0.0112441,0.00998381,0.0087274,0.00747437,0.00622423,0.00497649,0.00373069,0.00248632
1,0.960046,0.920832,0.882998,0.847022,0.813196,0.781647,0.752375,0.725286,0.700237,0.677055,0.65556,0.635579,0.616947,0.599515,0.583151,0.567736,0.553167,0.539354,0.526218,0.513692,0.501715,0.490236,0.47921,0.468597,0.458363,0.448477,0.438914,0.429649,0.420662,0.411934,0.403449,0.395193,0.387152,0.379314,0.37167,0.364209,0.356923,0.349804,0.342846,0.33604,0.329382,0.322867,0.316488,0.310241,0.304122,0.298127,0.292252,0.286494,0.280849,0.275314,0.269886,0.264563,0.259341,0.254218,0.249193,0.244261,0.239423,0.234674,0.230013,0.225439,0.220949,0.216541,0.212215,0.207967,0.203796,0.199702,0.195682,0.191734,0.187857,0.184051,0.180312,0.176641,0.173035,0.169493,0.166015,0.162598,0.159241,0.155944,0.152705,0.149522,0.146396,0.143324,0.140305,0.137339,0.134424,0.13156,0.128744,0.125977,0.123257,0.120584,0.117955,0.115371,0.112831,0.110332,0.107875,0.105459,0.103083,0.100745,0.0984459,0.0961836,0.0939577,0.0917674,0.0896117,0.08749,0.0854015,0.0833454,0.0813209,0.0793273,0.0773639,0.0754298,0.0735245,0.0716472,0.0697971,0.0679737,0.0661762,0.0644039,0.0626563,0.0609325,0.0592321,0.0575543,0.0558985,0.0542641,0.0526505,0.0510571,0.0494832,0.0479284,0.0463919,0.0448732,0.0433717,0.0418869,0.0404182,0.038965,0.0375268,0.036103,0.0346932,0.0332966,0.0319129,0.0305415,0.0291819,0.0278335,0.0264958,0.0251683,0.0238506,0.022542,0.0212422,0.0199505,0.0186666,0.0173898,0.0161198,0.0148559,0.0135979,0.012345,0.011097,0.00985321,0.00861325,0.00737661,0.00614283,0.00491141,0.0036819,0.00245381
1,0.956185,0.913399,0.8725,0.834074,0.798425,0.765627,0.735588,0.708119,0.682984,0.659934,0.638724,0.619132,0.600957,0.584022,0.568175,0.553285,0.539237,0.525936,0.513298,0.501252,0.489738,0.478703,0.468101,0.457894,0.448047,0.43853,0.429318,0.420389,0.411722,0.403299,0.395105,0.387126,0.37935,0.371766,0.364364,0.357134,0.35007,0.343163,0.336408,0.329797,0.323326,0.31699,0.310783,0.304702,0.298743,0.292901,0.287173,0.281557,0.276048,0.270645,0.265344,0.260144,0.25504,0.250032,0.245117,0.240292,0.235556,0.230908,0.226344,0.221863,0.217464,0.213144,0.208902,0.204737,0.200647,0.19663,0.192685,0.188811,0.185006,0.181268,0.177597,0.173991,0.170449,0.166969,0.163551,0.160192,0.156893,0.153652,0.150467,0.147337,0.144262,0.141241,0.138271,0.135353,0.132485,0.129666,0.126896,0.124172,0.121495,0.118863,0.116275,0.113731,0.111229,0.108769,0.10635,0.10397,0.10163,0.0993273,0.0970622,0.0948336,0.0926407,0.0904827,0.0883588,0.0862682,0.0842102,0.0821841,0.080189,0.0782243,0.0762892,0.074383,0.072505,0.0706546,0.068831,0.0670336,0.0652616,0.0635145,0.0617916,0.0600922,0.0584158,0.0567616,0.0551291,0.0535177,0.0519267,0.0503555,0.0488036,0.0472704,0.0457553,0.0442577,0.0427771,0.0413129,0.0398645,0.0384315,0.0370131,0.035609,0.0342186,0.0328413,0.0314767,0.0301241,0.0287832,0.0274533,0.026134,0.0248247,0.023525,0.0222344,0.0209523,0.0196784,0.018412,0.0171527,0.0159,0.0146534,0.0134125,0.0121768,0.0109457,0.00971893,0.00849587,0.00727609,0.00605912,0.0048445,0.00363174,0.00242038
1,0.951294,0.90408,0.85953,0.818349,0.780805,0.746847,0.71623,0.688618,0.663648,0.640972,0.620271,0.601268,0.583726,0.567441,0.552244,0.537991,0.524561,0.511854,0.499785,0.488282,0.477283,0.466737,0.456599,0.446831,0.4374,0.428279,0.419442,0.410867,0.402537,0.394435,0.386546,0.378857,0.371357,0.364036,0.356885,0.349895,0.34306,0.336372,0.329826,0.323415,0.317136,0.310984,0.304954,0.299042,0.293246,0.28756,0.281984,0.276512,0.271143,0.265875,0.260703,0.255628,0.250645,0.245753,0.24095,0.236235,0.231604,0.227057,0.222592,0.218206,0.213899,0.209669,0.205514,0.201433,0.197425,0.193487,0.189619,0.185819,0.182087,0.17842,0.174817,0.171278,0.167801,0.164384,0.161027,0.157729,0.154488,0.151304,0.148174,0.145099,0.142077,0.139106,0.136187,0.133318,0.130498,0.127726,0.125001,0.122322,0.119688,0.117099,0.114553,0.112049,0.109588,0.107166,0.104785,0.102443,0.100139,0.0978726,0.0956427,0.0934485,0.0912894,0.0891645,0.0870731,0.0850144,0.0829877,0.0809923,0.0790273,0.0770922,0.0751862,0.0733086,0.0714587,0.0696358,0.0678393,0.0660685,0.0643228,0.0626015,0.060904,0.0592296,0.0575777,0.0559478,0.0543392,0.0527513,0.0511834,0.0496352,0.0481058,0.0465949,0.0451017,0.0436258,0.0421666,0.0407235,0.039296,0.0378836,0.0364857,0.0351018,0.0337313,0.0323738,0.0310287,0.0296955,0.0283737,0.0270629,0.0257624,0.0244718,0.0231907,0.0219185,0.0206547,0.0193988,0.0181505,0.0169091,0.0156742,0.0144454,0.0132221,0.0120039,0.0107904,0.00958101,0.00837532,0.00717285,0.00597316,0.00477576,0.00358021,0.00238604
1,0.94491,0.892098,0.843191,0.798986,0.759598,0.724725,0.693868,0.666475,0.642019,0.620033,0.600119,0.581945,0.565238,0.549774,0.535369,0.521873,0.509163,0.497136,0.485707,0.474807,0.464375,0.454362,0.444726,0.435431,0.426445,0.417743,0.409302,0.401102,0.393126,0.385358,0.377787,0.370399,0.363186,0.356137,0.349245,0.342502,0.335902,0.329439,0.323108,0.316903,0.310821,0.304856,0.299007,0.293268,0.287638,0.282112,0.276689,0.271365,0.266139,0.261007,0.255968,0.251019,0.246159,0.241386,0.236698,0.232093,0.227569,0.223126,0.21876,0.214472,0.210259,0.20612,0.202053,0.198058,0.194132,0.190275,0.186485,0.182762,0.179103,0.175508,0.171975,0.168504,0.165093,0.16174,0.158446,0.155209,0.152028,0.148901,0.145828,0.142808,0.139839,0.136922,0.134054,0.131234,0.128463,0.125739,0.12306,0.120427,0.117838,0.115292,0.112789,0.110327,0.107906,0.105524,0.103182,0.100878,0.0986119,0.096382,0.0941881,0.0920292,0.0899046,0.0878136,0.0857555,0.0837294,0.0817347,0.0797706,0.0778365,0.0759317,0.0740554,0.072207,0.0703858,0.0685912,0.0668225,0.065079,0.0633601,0.0616653,0.0599938,0.058345,0.0567183,0.0551132,0.0535291,0.0519653,0.0504212,0.0488964,0.0473901,0.045902,0.0444313,0.0429777,0.0415404,0.040119,0.0387129,0.0373216,0.0359446,0.0345814,0.0332314,0.0318941,0.0305691,0.0292558,0.0279537,0.0266623,0.0253812,0.0241098,0.0228477,0.0215943,0.0203493,0.0191121,0.0178822,0.0166592,0.0154426,0.014232,0.0130268,0.0118266,0.010631,0.00943951,0.00825163,0.00706693,0.00588496,0.00470525,0.00352735,0.00235081
1,0.93625,0.876209,0.822152,0.774806,0.733876,0.698588,0.668043,0.641395,0.617921,0.597024,0.578228,0.561155,0.545507,0.531046,0.517584,0.50497,0.493081,0.481819,0.471102,0.460864,0.451049,0.441612,0.432514,0.423721,0.415207,0.406947,0.398922,0.391113,0.383506,0.376087,0.368844,0.361768,0.35485,0.348082,0.341456,0.334967,0.328608,0.322375,0.316263,0.310269,0.304387,0.298615,0.292949,0.287387,0.281926,0.276563,0.271296,0.266122,0.26104,0.256047,0.251142,0.246323,0.241587,0.236935,0.232363,0.22787,0.223455,0.219116,0.214853,0.210663,0.206545,0.202498,0.198521,0.194613,0.190772,0.186996,0.183286,0.17964,0.176056,0.172534,0.169072,0.16567,0.162326,0.15904,0.155809,0.152634,0.149513,0.146445,0.14343,0.140466,0.137552,0.134688,0.131872,0.129104,0.126382,0.123706,0.121075,0.118489,0.115945,0.113443,0.110983,0.108564,0.106185,0.103844,0.101542,0.0992769,0.0970486,0.0948563,0.092699,0.0905762,0.0884869,0.0864305,0.0844064,0.0824136,0.0804516,0.0785197,0.0766171,0.0747433,0.0728974,0.0710789,0.0692871,0.0675214,0.065781,0.0640655,0.0623741,0.0607063,0.0590613,0.0574388,0.0558379,0.0542583,0.0526991,0.05116,0.0496403,0.0481394,0.0466569,0.0451921,0.0437445,0.0423135,0.0408987,0.0394995,0.0381153,0.0367458,0.0353902,0.0340482,0.0327191,0.0314026,0.0300981,0.0288052,0.0275232,0.0262519,0.0249905,0.0237388,0.0224962,0.0212622,0.0200363,0.0188182,0.0176073,0.0164031,0.0152052,0.0140132,0.0128266,0.0116449,0.0104677,0.00929449,0.00812487,0.00695838,0.00579456,0.00463298,0.00347317,0.00231471
1,0.923882,0.854335,0.794401,0.744211,0.702513,0.667707,0.638319,0.613143,0.591244,0.571913,0.554613,0.538941,0.524589,0.511321,0.498953,0.487342,0.476373,0.465956,0.456017,0.446497,0.437346,0.428523,0.419995,0.411734,0.403715,0.395918,0.388325,0.380923,0.373698,0.366639,0.359735,0.35298,0.346365,0.339884,0.333531,0.327301,0.321189,0.315191,0.309303,0.303522,0.297844,0.292267,0.286788,0.281406,0.276116,0.270918,0.265809,0.260788,0.255852,0.251,0.246231,0.241543,0.236934,0.232403,0.227949,0.22357,0.219265,0.215033,0.210872,0.206782,0.202761,0.198808,0.194922,0.191101,0.187346,0.183654,0.180024,0.176456,0.172949,0.169501,0.166111,0.162779,0.159503,0.156283,0.153117,0.150005,0.146946,0.143938,0.140981,0.138074,0.135216,0.132406,0.129644,0.126927,0.124256,0.12163,0.119047,0.116508,0.11401,0.111554,0.109138,0.106762,0.104425,0.102126,0.0998645,0.0976394,0.0954502,0.0932961,0.0911763,0.0890902,0.087037,0.085016,0.0830264,0.0810677,0.0791392,0.07724,0.0753697,0.0735274,0.0717126,0.0699247,0.0681629,0.0664267,0.0647154,0.0630284,0.0613651,0.0597249,0.0581072,0.0565114,0.0549369,0.0533832,0.0518497,0.0503358,0.048841,0.0473647,0.0459063,0.0444654,0.0430414,0.0416337,0.0402419,0.0388654,0.0375037,0.0361563,0.0348226,0.0335023,0.0321947,0.0308995,0.029616,0.0283439,0.0270826,0.0258316,0.0245906,0.023359,0.0221363,0.0209221,0.0197159,0.0185173,0.0173258,0.0161409,0.0149622,0.0137893,0.0126216,0.0114588,0.0103004,0.009146,0.00799508,0.00684723,0.00570201,0.00455898,0.0034177,0.00227774
1,0.904944,0.822847,0.756907,0.705124,0.664257,0.631408,0.604384,0.581615,0.562001,0.54477,0.529371,0.515407,0.502588,0.490695,0.479565,0.469071,0.459114,0.449616,0.440515,0.431761,0.423314,0.41514,0.407211,0.399504,0.392,0.384683,0.377539,0.370556,0.363724,0.357034,0.350479,0.344052,0.337747,0.331559,0.325484,0.319518,0.313656,0.307897,0.302236,0.296671,0.291201,0.285822,0.280533,0.275331,0.270215,0.265184,0.260236,0.255368,0.250581,0.245872,0.24124,0.236684,0.232203,0.227795,0.22346,0.219196,0.215003,0.210878,0.206822,0.202833,0.19891,0.195051,0.191257,0.187526,0.183857,0.180249,0.176701,0.173213,0.169782,0.166409,0.163093,0.159832,0.156625,0.153473,0.150373,0.147325,0.144328,0.141381,0.138483,0.135634,0.132833,0.130078,0.127369,0.124706,0.122086,0.11951,0.116977,0.114485,0.112035,0.109625,0.107254,0.104922,0.102628,0.100372,0.0981513,0.0959668,0.0938174,0.0917022,0.0896206,0.087572,0.0855555,0.0835705,0.0816164,0.0796924,0.0777979,0.0759322,0.0740947,0.0722847,0.0705017,0.0687449,0.0670137,0.0653076,0.063626,0.0619681,0.0603335,0.0587215,0.0571316,0.0555632,0.0540157,0.0524885,0.0509812,0.0494931,0.0480237,0.0465724,0.0451388,0.0437223,0.0423224,0.0409385,0.0395702,0.0382169,0.0368781,0.0355533,0.0342421,0.032944,0.0316584,0.0303848,0.0291229,0.027872,0.0266318,0.0254018,0.0241815,0.0229704,0.0217682,0.0205742,0.0193881,0.0182095,0.0170378,0.0158727,0.0147136,0.0135602,0.012412,0.0112685,0.0101294,0.00899411,0.00786231,0.00673353,0.00560733,0.00448328,0.00336096,0.00223992
1,0.873047,0.775204,0.705254,0.655122,0.617982,0.589286,0.566193,0.546931,0.530376,0.515795,0.502693,0.490729,0.479659,0.469307,0.459542,0.450263,0.441395,0.432879,0.424666,0.41672,0.40901,0.401512,0.394204,0.387072,0.3801,0.373277,0.366593,0.360039,0.353609,0.347296,0.341095,0.335002,0.329012,0.323122,0.317329,0.31163,0.306022,0.300504,0.295073,0.289728,0.284466,0.279288,0.274189,0.269171,0.264231,0.259368,0.254581,0.24987,0.245232,0.240667,0.236173,0.231751,0.227399,0.223116,0.218901,0.214753,0.210672,0.206657,0.202705,0.198818,0.194994,0.191231,0.18753,0.183889,0.180308,0.176785,0.17332,0.169911,0.166559,0.163262,0.16002,0.156831,0.153695,0.15061,0.147577,0.144594,0.14166,0.138775,0.135938,0.133148,0.130404,0.127705,0.125051,0.122441,0.119874,0.117349,0.114865,0.112423,0.11002,0.107657,0.105332,0.103045,0.100795,0.0985812,0.0964031,0.0942599,0.0921509,0.0900754,0.0880327,0.0860222,0.0840431,0.0820949,0.0801768,0.0782882,0.0764284,0.0745968,0.0727928,0.0710157,0.069265,0.06754,0.0658401,0.0641647,0.0625133,0.0608852,0.0592798,0.0576966,0.0561351,0.0545946,0.0530746,0.0515745,0.0500939,0.0486321,0.0471887,0.045763,0.0443547,0.0429631,0.0415878,0.0402282,0.0388838,0.0375542,0.0362389,0.0349373,0.033649,0.0323735,0.0311103,0.0298589,0.0286189,0.0273898,0.0261712,0.0249626,0.0237634,0.0225734,0.021392,0.0202187,0.0190532,0.0178949,0.0167435,0.0155986,0.0144595,0.0133261,0.0121977,0.011074,0.00995452,0.00883888,0.00772662,0.00661732,0.00551056,0.00440592,0.00330296,0.00220127
1,0.81204,0.699669,0.633782,0.592128,0.563262,0.541562,0.52417,0.509539,0.496777,0.48534,0.474878,0.465156,0.456013,0.447333,0.439032,0.431045,0.423326,0.415838,0.408551,0.401442,0.394494,0.387692,0.381024,0.374479,0.368051,0.361731,0.355516,0.349399,0.343377,0.337446,0.331605,0.325849,0.320178,0.314589,0.30908,0.303651,0.298299,0.293024,0.287825,0.282701,0.27765,0.272673,0.267767,0.262933,0.25817,0.253477,0.248853,0.244297,0.23981,0.23539,0.231036,0.226749,0.222527,0.218369,0.214275,0.210245,0.206277,0.202371,0.198526,0.194741,0.191016,0.187351,0.183743,0.180193,0.1767,0.173263,0.169882,0.166555,0.163282,0.160062,0.156894,0.153778,0.150713,0.147697,0.144731,0.141814,0.138945,0.136122,0.133346,0.130615,0.12793,0.125288,0.122689,0.120133,0.117619,0.115146,0.112714,0.110321,0.107967,0.105651,0.103373,0.101131,0.0989258,0.0967558,0.0946206,0.0925194,0.0904515,0.0884164,0.0864133,0.0844416,0.0825006,0.0805898,0.0787083,0.0768557,0.0750313,0.0732344,0.0714645,0.069721,0.0680032,0.0663106,0.0646426,0.0629985,0.0613779,0.05978,0.0582045,0.0566507,0.055118,0.053606,0.0521141,0.0506416,0.0491882,0.0477533,0.0463363,0.0449368,0.0435542,0.0421881,0.0408378,0.039503,0.0381832,0.0368777,0.0355863,0.0343083,0.0330434,0.031791,0.0305507,0.029322,0.0281044,0.0268975,0.0257009,0.0245141,0.0233366,0.022168,0.0210078,0.0198557,0.0187112,0.0175737,0.0164431,0.0153187,0.0142001,0.013087,0.0119789,0.0108754,0.00977599,0.00868036,0.00758806,0.00649866,0.00541175,0.00432692,0.00324374,0.0021618
1,0.675444,0.57765,0.538077,0.516348,0.501375,0.489531,0.479387,0.470278,0.461854,0.453911,0.446322,0.439005,0.431905,0.424981,0.418206,0.41156,0.405027,0.398595,0.392257,0.386005,0.379833,0.373739,0.36772,0.361771,0.355893,0.350083,0.34434,0.338664,0.333053,0.327508,0.322028,0.316612,0.311261,0.305975,0.300752,0.295594,0.2905,0.28547,0.280503,0.275601,0.270762,0.265986,0.261274,0.256625,0.25204,0.247517,0.243056,0.238658,0.234322,0.230047,0.225834,0.221682,0.21759,0.213559,0.209587,0.205674,0.20182,0.198024,0.194286,0.190605,0.186981,0.183413,0.1799,0.176442,0.173038,0.169687,0.16639,0.163145,0.159952,0.156809,0.153717,0.150675,0.147681,0.144736,0.141838,0.138987,0.136183,0.133424,0.130709,0.128039,0.125412,0.122828,0.120286,0.117785,0.115325,0.112904,0.110523,0.108181,0.105876,0.103608,0.101377,0.099182,0.097022,0.0948964,0.0928047,0.0907461,0.0887201,0.086726,0.0847632,0.0828309,0.0809287,0.0790558,0.0772117,0.0753957,0.0736072,0.0718457,0.0701105,0.0684011,0.0667169,0.0650572,0.0634216,0.0618094,0.0602201,0.0586532,0.057108,0.0555841,0.0540809,0.0525979,0.0511345,0.0496902,0.0482646,0.046857,0.045467,0.0440941,0.0427378,0.0413975,0.0400729,0.0387633,0.0374684,0.0361877,0.0349206,0.0336667,0.0324256,0.0311968,0.0299798,0.0287742,0.0275795,0.0263953,0.0252211,0.0240565,0.0229011,0.0217544,0.0206159,0.0194853,0.0183622,0.0172461,0.0161365,0.0150331,0.0139354,0.0128431,0.0117556,0.0106727,0.00959382,0.00851862,0.00744668,0.00637759,0.00531093,0.00424631,0.00318331,0.00212153
0,0.312085,0.397411,0.424527,0.433811,0.436359,0.4358,0.433568,0.430334,0.426451,0.422127,0.417494,0.412638,0.407619,0.40248,0.397253,0.391962,0.386626,0.38126,0.375877,0.370486,0.365096,0.359713,0.354344,0.348994,0.343667,0.338367,0.333098,0.327863,0.322665,0.317505,0.312387,0.307312,0.302281,0.297297,0.292361,0.287474,0.282637,0.277851,0.273118,0.268437,0.26381,0.259237,0.254718,0.250255,0.245847,0.241494,0.237198,0.232957,0.228772,0.224644,0.220571,0.216555,0.212594,0.208689,0.204839,0.201045,0.197306,0.193621,0.18999,0.186413,0.18289,0.17942,0.176002,0.172636,0.169322,0.166059,0.162847,0.159684,0.156571,0.153507,0.150491,0.147523,0.144602,0.141727,0.138899,0.136115,0.133376,0.130681,0.128029,0.12542,0.122853,0.120327,0.117842,0.115396,0.112991,0.110624,0.108295,0.106003,0.103748,0.10153,0.0993467,0.0971984,0.0950843,0.0930038,0.0909562,0.088941,0.0869575,0.085005,0.083083,0.0811908,0.0793279,0.0774937,0.0756874,0.0739087,0.0721568,0.0704312,0.0687313,0.0670566,0.0654065,0.0637803,0.0621777,0.0605979,0.0590406,0.057505,0.0559908,0.0544973,0.0530241,0.0515706,0.0501363,0.0487207,0.0473233,0.0459436,0.044581,0.0432352,0.0419057,0.0405918,0.0392932,0.0380094,0.0367399,0.0354843,0.0342421,0.0330128,0.0317959,0.0305911,0.0293979,0.0282158,0.0270444,0.0258833,0.024732,0.0235901,0.0224571,0.0213327,0.0202164,0.0191078,0.0180065,0.016912,0.0158239,0.0147419,0.0136656,0.0125944,0.011528,0.0104661,0.00940811,0.00835373,0.00730255,0.00625415,0.00520815,0.00416413,0.00312171,0.00208048
0,0.175484,0.275383,0.328808,0.358013,0.374449,0.383741,0.388754,0.391037,0.391487,0.390654,0.38889,0.386435,0.383454,0.380067,0.376363,0.372408,0.368255,0.363943,0.359505,0.354967,0.35035,0.345673,0.34095,0.336193,0.331414,0.326621,0.321823,0.317027,0.312238,0.307462,0.302703,0.297966,0.293255,0.288572,0.283921,0.279304,0.274723,0.270181,0.26568,0.26122,0.256804,0.252433,0.248108,0.243829,0.239599,0.235417,0.231284,0.227201,0.223168,0.219185,0.215253,0.211373,0.207543,0.203765,0.200038,0.196362,0.192737,0.189163,0.185641,0.182168,0.178746,0.175375,0.172052,0.16878,0.165556,0.162381,0.159254,0.156175,0.153143,0.150157,0.147218,0.144325,0.141477,0.138674,0.135915,0.133199,0.130526,0.127895,0.125307,0.122759,0.120252,0.117786,0.115358,0.112969,0.110619,0.108306,0.106029,0.10379,0.101585,0.0994164,0.0972818,0.0951811,0.0931137,0.0910789,0.0890761,0.0871048,0.0851643,0.0832541,0.0813736,0.0795221,0.0776991,0.0759041,0.0741364,0.0723954,0.0706807,0.0689916,0.0673276,0.0656881,0.0640726,0.0624806,0.0609114,0.0593646,0.0578397,0.0563361,0.0548533,0.0533908,0.051948,0.0505246,0.0491198,0.0477334,0.0463647,0.0450134,0.0436788,0.0423606,0.0410582,0.0397712,0.0384992,0.0372416,0.035998,0.0347679,0.033551,0.0323467,0.0311546,0.0299742,0.0288052,0.0276471,0.0264994,0.0253618,0.0242338,0.0231149,0.0220049,0.0209032,0.0198094,0.0187232,0.0176441,0.0165717,0.0155056,0.0144454,0.0133907,0.0123411,0.0112962,0.0102556,0.00921891,0.00818575,0.00715571,0.0061284,0.00510343,0.00408041,0.00305895,0.00203865
0,0.114467,0.199829,0.257308,0.294982,0.319683,0.335963,0.346668,0.353573,0.357808,0.36011,0.360977,0.360756,0.359694,0.357972,0.355724,0.353054,0.350043,0.346752,0.343233,0.339527,0.335666,0.331679,0.327589,0.323415,0.319174,0.314881,0.310547,0.306183,0.301798,0.297401,0.292998,0.288596,0.2842,0.279816,0.275447,0.271098,0.266772,0.262472,0.2582,0.253961,0.249755,0.245584,0.241451,0.237357,0.233303,0.229291,0.225321,0.221395,0.217513,0.213676,0.209885,0.20614,0.202441,0.19879,0.195185,0.191628,0.188118,0.184656,0.181241,0.177874,0.174553,0.17128,0.168054,0.164875,0.161742,0.158655,0.155614,0.152618,0.149668,0.146762,0.143901,0.141083,0.138308,0.135577,0.132888,0.13024,0.127634,0.125069,0.122544,0.120059,0.117613,0.115206,0.112836,0.110505,0.10821,0.105951,0.103728,0.101541,0.099388,0.0972692,0.0951838,0.0931312,0.091111,0.0891225,0.0871651,0.0852383,0.0833415,0.0814742,0.0796357,0.0778255,0.076043,0.0742877,0.0725591,0.0708565,0.0691795,0.0675274,0.0658998,0.0642961,0.0627158,0.0611584,0.0596233,0.05811,0.0566181,0.0551469,0.053696,0.052265,0.0508532,0.0494602,0.0480856,0.0467288,0.0453894,0.0440668,0.0427607,0.0414705,0.0401958,0.0389362,0.0376911,0.0364601,0.0352429,0.0340388,0.0328476,0.0316687,0.0305017,0.0293463,0.0282019,0.0270681,0.0259446,0.0248309,0.0237266,0.0226313,0.0215445,0.020466,0.0193951,0.0183317,0.0172752,0.0162252,0.0151814,0.0141434,0.0131108,0.0120832,0.0110601,0.0100413,0.00902631,0.00801474,0.00700623,0.00600039,0.00499683,0.00399518,0.00299506,0.00199607
0,0.0825564,0.152158,0.205614,0.244925,0.27334,0.293759,0.308381,0.318781,0.326061,0.331001,0.334153,0.33592,0.336595,0.336402,0.335507,0.334043,0.33211,0.32979,0.327149,0.324241,0.321108,0.317789,0.314312,0.310705,0.306988,0.303181,0.299301,0.29536,0.291371,0.287346,0.283292,0.27922,0.275135,0.271044,0.266954,0.262869,0.258794,0.254733,0.25069,0.246668,0.24267,0.238698,0.234756,0.230844,0.226966,0.223122,0.219315,0.215545,0.211813,0.208122,0.20447,0.200861,0.197293,0.193768,0.190286,0.186847,0.183453,0.180102,0.176795,0.173532,0.170314,0.16714,0.16401,0.160924,0.157882,0.154884,0.151929,0.149018,0.146149,0.143323,0.140539,0.137798,0.135097,0.132438,0.129819,0.127241,0.124702,0.122203,0.119742,0.11732,0.114935,0.112588,0.110278,0.108004,0.105765,0.103562,0.101393,0.0992583,0.0971572,0.0950891,0.0930534,0.0910497,0.0890772,0.0871356,0.0852242,0.0833425,0.0814899,0.079666,0.0778701,0.0761017,0.0743603,0.0726453,0.0709563,0.0692926,0.0676538,0.0660394,0.0644487,0.0628813,0.0613367,0.0598144,0.0583139,0.0568346,0.0553761,0.0539379,0.0525195,0.0511203,0.04974,0.0483781,0.047034,0.0457073,0.0443976,0.0431043,0.0418271,0.0405654,0.0393188,0.0380869,0.0368693,0.0356654,0.0344749,0.0332973,0.0321322,0.0309791,0.0298378,0.0287076,0.0275883,0.0264793,0.0253803,0.024291,0.0232108,0.0221393,0.0210763,0.0200212,0.0189737,0.0179334,0.0168999,0.0158728,0.0148517,0.0138363,0.0128261,0.0118208,0.01082,0.00982334,0.00883038,0.00784078,0.00685417,0.00587016,0.00488839,0.00390848,0.00293006,0.00195275
0,0.0635998,0.120634,0.168064,0.205765,0.234992,0.25735,0.274319,0.287107,0.296656,0.303679,0.308715,0.312174,0.314366,0.315533,0.315861,0.315499,0.314563,0.313149,0.311333,0.309179,0.306738,0.304055,0.301167,0.298104,0.294893,0.291556,0.288115,0.284585,0.280982,0.277319,0.273607,0.269856,0.266075,0.262273,0.258456,0.254631,0.250803,0.246977,0.243159,0.239351,0.235559,0.231784,0.22803,0.224299,0.220595,0.216918,0.213271,0.209656,0.206075,0.202527,0.199015,0.19554,0.192103,0.188704,0.185344,0.182024,0.178743,0.175504,0.172305,0.169147,0.166031,0.162956,0.159922,0.15693,0.15398,0.15107,0.148202,0.145375,0.142588,0.139843,0.137137,0.134471,0.131846,0.129259,0.126711,0.124202,0.121732,0.119298,0.116903,0.114544,0.112221,0.109935,0.107684,0.105467,0.103286,0.101138,0.0990239,0.0969427,0.094894,0.0928772,0.0908918,0.0889373,0.0870132,0.085119,0.0832541,0.081418,0.0796103,0.0778303,0.0760775,0.0743515,0.0726517,0.0709776,0.0693287,0.0677045,0.0661044,0.064528,0.0629748,0.0614443,0.0599359,0.0584492,0.0569837,0.0555389,0.0541144,0.0527096,0.0513241,0.0499574,0.048609,0.0472785,0.0459654,0.0446693,0.0433897,0.0421262,0.0408783,0.0396455,0.0384275,0.0372238,0.036034,0.0348577,0.0336943,0.0325436,0.0314051,0.0302783,0.0291629,0.0280584,0.0269645,0.0258808,0.0248068,0.0237421,0.0226864,0.0216392,0.0206003,0.0195691,0.0185453,0.0175286,0.0165184,0.0155146,0.0145166,0.0135241,0.0125367,0.0115541,0.0105759,0.00960174,0.00863119,0.00766393,0.00669957,0.00573777,0.00477814,0.00382034,0.00286398,0.00190872
0,0.0512086,0.0987141,0.140244,0.175077,0.203514,0.226332,0.244435,0.258674,0.269776,0.278343,0.284855,0.289694,0.293163,0.295503,0.296906,0.297529,0.297496,0.29691,0.295856,0.294403,0.292611,0.290528,0.288196,0.285651,0.282922,0.280037,0.277018,0.273884,0.270653,0.267341,0.26396,0.260522,0.257038,0.253517,0.249967,0.246396,0.24281,0.239215,0.235617,0.232021,0.22843,0.224849,0.221281,0.217729,0.214196,0.210685,0.207197,0.203736,0.200302,0.196898,0.193524,0.190183,0.186875,0.183601,0.180363,0.17716,0.173994,0.170865,0.167774,0.164721,0.161707,0.158731,0.155794,0.152895,0.150036,0.147216,0.144434,0.141691,0.138988,0.136322,0.133695,0.131106,0.128555,0.126042,0.123566,0.121126,0.118724,0.116357,0.114027,0.111732,0.109472,0.107246,0.105055,0.102897,0.100773,0.0986817,0.0966225,0.0945953,0.0925994,0.0906344,0.0886999,0.0867952,0.08492,0.0830737,0.0812558,0.0794659,0.0777034,0.0759679,0.0742588,0.0725756,0.0709179,0.0692852,0.0676769,0.0660926,0.0645318,0.062994,0.0614788,0.0599855,0.0585139,0.0570633,0.0556333,0.0542235,0.0528334,0.0514625,0.0501103,0.0487765,0.0474605,0.0461619,0.0448803,0.0436152,0.0423662,0.0411329,0.0399147,0.0387113,0.0375223,0.0363473,0.0351857,0.0340373,0.0329015,0.0317781,0.0306665,0.0295664,0.0284774,0.027399,0.0263309,0.0252728,0.0242241,0.0231845,0.0221537,0.0211312,0.0201167,0.0191098,0.0181101,0.0171173,0.0161309,0.0151506,0.0141761,0.0132069,0.0122427,0.0112832,0.0103279,0.00937661,0.00842883,0.00748425,0.00654251,0.00560326,0.00466614,0.00373078,0.00279685,0.00186398
0,0.0425206,0.0827693,0.119121,0.150786,0.177654,0.200029,0.218418,0.233375,0.245433,0.255063,0.262669,0.268584,0.273088,0.276409,0.278732,0.280214,0.280981,0.28114,0.280777,0.279968,0.278774,0.27725,0.275439,0.273381,0.271109,0.268652,0.266035,0.26328,0.260407,0.257432,0.25437,0.251235,0.248038,0.244789,0.241499,0.238175,0.234826,0.231457,0.228075,0.224685,0.221292,0.217901,0.214516,0.21114,0.207776,0.204428,0.201097,0.197788,0.1945,0.191238,0.188001,0.184792,0.181613,0.178464,0.175346,0.17226,0.169208,0.16619,0.163206,0.160258,0.157345,0.154468,0.151627,0.148822,0.146054,0.143323,0.140628,0.13797,0.135349,0.132764,0.130216,0.127704,0.125228,0.122788,0.120383,0.118014,0.11568,0.113381,0.111116,0.108885,0.106688,0.104524,0.102393,0.100295,0.0982283,0.0961935,0.0941899,0.092217,0.0902745,0.0883618,0.0864785,0.0846242,0.0827983,0.0810005,0.0792301,0.0774869,0.0757702,0.0740796,0.0724146,0.0707748,0.0691597,0.0675689,0.0660017,0.0644578,0.0629368,0.061438,0.0599612,0.0585057,0.0570712,0.0556572,0.0542633,0.0528889,0.0515336,0.0501971,0.0488787,0.0475782,0.0462951,0.0450289,0.0437791,0.0425455,0.0413275,0.0401247,0.0389367,0.0377632,0.0366036,0.0354575,0.0343247,0.0332046,0.0320968,0.031001,0.0299168,0.0288437,0.0277815,0.0267296,0.0256878,0.0246555,0.0236326,0.0226185,0.0216129,0.0206155,0.0196258,0.0186435,0.0176683,0.0166997,0.0157374,0.0147811,0.0138304,0.0128849,0.0119442,0.0110081,0.0100762,0.00914803,0.00822337,0.00730182,0.00638305,0.00546669,0.00455241,0.00363986,0.00272869,0.00181855
0,0.0361046,0.0707215,0.102685,0.131294,0.156285,0.177714,0.195831,0.210976,0.223518,0.233809,0.242171,0.248887,0.254198,0.258311,0.261401,0.263615,0.265076,0.26589,0.266145,0.265917,0.265269,0.264258,0.262929,0.261325,0.259481,0.257427,0.255191,0.252796,0.250263,0.24761,0.244854,0.24201,0.239089,0.236104,0.233065,0.229982,0.226861,0.223712,0.22054,0.217352,0.214153,0.210948,0.207742,0.204538,0.201341,0.198153,0.194978,0.191817,0.188675,0.185552,0.182451,0.179373,0.176321,0.173295,0.170297,0.167328,0.164389,0.161481,0.158604,0.155759,0.152947,0.150169,0.147424,0.144713,0.142036,0.139394,0.136786,0.134213,0.131674,0.12917,0.126701,0.124266,0.121865,0.119499,0.117166,0.114868,0.112603,0.110371,0.108172,0.106006,0.103872,0.10177,0.0996996,0.0976605,0.0956523,0.0936746,0.091727,0.089809,0.0879203,0.0860604,0.0842289,0.0824253,0.0806493,0.0789003,0.0771779,0.0754818,0.0738113,0.0721662,0.0705459,0.0689499,0.0673779,0.0658293,0.0643037,0.0628008,0.0613199,0.0598607,0.0584227,0.0570055,0.0556086,0.0542316,0.0528741,0.0515356,0.0502156,0.0489139,0.0476298,0.046363,0.0451131,0.0438797,0.0426623,0.0414605,0.0402739,0.0391022,0.0379448,0.0368014,0.0356716,0.034555,0.0334512,0.0323598,0.0312804,0.0302127,0.0291562,0.0281106,0.0270755,0.0260505,0.0250352,0.0240293,0.0230325,0.0220442,0.0210643,0.0200922,0.0191277,0.0181704,0.01722,0.016276,0.0153382,0.0144062,0.0134796,0.0125581,0.0116413,0.010729,0.00982068,0.00891609,0.00801489,0.00711672,0.00622124,0.00532812,0.00443702,0.0035476,0.00265952,0.00177246
0,0.0311762,0.0613276,0.0896022,0.115419,0.138478,0.158711,0.176215,0.191181,0.203853,0.214483,0.223321,0.230593,0.236505,0.241237,0.244946,0.247767,0.249818,0.251199,0.251997,0.252285,0.252128,0.251583,0.250696,0.24951,0.248063,0.246385,0.244505,0.242449,0.240238,0.237892,0.235427,0.232861,0.230205,0.227474,0.224677,0.221825,0.218926,0.21599,0.213022,0.210031,0.20702,0.203997,0.200966,0.197931,0.194897,0.191866,0.188843,0.18583,0.18283,0.179845,0.176878,0.17393,0.171003,0.168099,0.16522,0.162366,0.159539,0.15674,0.15397,0.151228,0.148517,0.145837,0.143188,0.14057,0.137984,0.135431,0.132909,0.130421,0.127965,0.125542,0.123152,0.120794,0.118469,0.116176,0.113916,0.111688,0.109492,0.107328,0.105196,0.103094,0.101024,0.0989845,0.0969752,0.094996,0.0930465,0.0911262,0.089235,0.0873723,0.0855378,0.0837311,0.0819518,0.0801994,0.0784736,0.076774,0.0751001,0.0734515,0.0718278,0.0702285,0.0686532,0.0671016,0.065573,0.0640672,0.0625837,0.061122,0.0596818,0.0582626,0.0568639,0.0554854,0.0541266,0.052787,0.0514664,0.0501642,0.04888,0.0476134,0.046364,0.0451314,0.0439152,0.0427149,0.0415302,0.0403607,0.039206,0.0380656,0.0369392,0.0358264,0.0347268,0.03364,0.0325657,0.0315034,0.0304528,0.0294135,0.0283851,0.0273673,0.0263597,0.0253619,0.0243736,0.0233944,0.0224239,0.0214619,0.0205079,0.0195616,0.0186227,0.0176907,0.0167654,0.0158464,0.0149334,0.014026,0.0131239,0.0122267,0.0113342,0.0104459,0.0095616,0.00868089,0.00780347,0.006929,0.00605715,0.00518759,0.00431999,0.00345403,0.00258938,0.00172571
0,0.0272727,0.0538104,0.0789774,0.102303,0.123497,0.142439,0.159135,0.173681,0.186228,0.196952,0.206036,0.21366,0.219992,0.225186,0.229378,0.232691,0.235231,0.237093,0.238358,0.239098,0.239377,0.239249,0.238761,0.237958,0.236874,0.235545,0.233997,0.232258,0.230349,0.228291,0.226103,0.223801,0.221398,0.218908,0.216344,0.213714,0.21103,0.208299,0.205529,0.202728,0.199901,0.197055,0.194194,0.191324,0.188449,0.185573,0.182699,0.17983,0.17697,0.174121,0.171285,0.168465,0.165663,0.16288,0.160118,0.157378,0.154663,0.151972,0.149306,0.146668,0.144057,0.141474,0.13892,0.136395,0.1339,0.131436,0.129001,0.126597,0.124224,0.121882,0.11957,0.11729,0.115041,0.112822,0.110634,0.108477,0.106351,0.104255,0.102189,0.100153,0.0981462,0.0961692,0.0942214,0.0923023,0.0904118,0.0885495,0.0867149,0.0849079,0.0831281,0.0813749,0.0796482,0.0779475,0.0762724,0.0746225,0.0729975,0.0713969,0.0698203,0.0682673,0.0667375,0.0652306,0.063746,0.0622834,0.0608423,0.0594224,0.0580232,0.0566444,0.0552855,0.053946,0.0526257,0.051324,0.0500406,0.0487751,0.0475271,0.0462961,0.0450818,0.0438838,0.0427017,0.041535,0.0403834,0.0392466,0.038124,0.0370154,0.0359204,0.0348386,0.0337695,0.032713,0.0316684,0.0306356,0.0296141,0.0286036,0.0276037,0.0266141,0.0256343,0.0246641,0.0237031,0.0227509,0.0218073,0.0208718,0.0199441,0.0190239,0.0181108,0.0172045,0.0163047,0.015411,0.0145231,0.0136407,0.0127634,0.0118909,0.0110229,0.010159,0.00929901,0.00844251,0.00758919,0.00673874,0.00589084,0.00504516,0.00420139,0.00335921,0.00251829,0.00167833
0,0.0241041,0.0476638,0.0701947,0.0913162,0.110769,0.128413,0.144205,0.158181,0.170427,0.181059,0.190211,0.198019,0.204619,0.210137,0.214691,0.218387,0.221322,0.223582,0.225244,0.226374,0.227033,0.227274,0.227144,0.226685,0.225933,0.224922,0.223681,0.222235,0.220609,0.218822,0.216894,0.214841,0.212678,0.210419,0.208076,0.205659,0.20318,0.200647,0.198068,0.195451,0.192802,0.190127,0.187433,0.184723,0.182003,0.179278,0.176549,0.173822,0.171099,0.168384,0.165677,0.162983,0.160304,0.15764,0.154994,0.152367,0.149761,0.147178,0.144617,0.14208,0.139569,0.137083,0.134624,0.132192,0.129787,0.127411,0.125063,0.122743,0.120452,0.118191,0.115959,0.113756,0.111582,0.109437,0.107322,0.105236,0.103179,0.101151,0.0991522,0.0971816,0.0952394,0.0933254,0.0914392,0.0895807,0.0877495,0.0859453,0.0841679,0.082417,0.0806921,0.0789929,0.0773192,0.0756705,0.0740464,0.0724467,0.0708709,0.0693187,0.0677896,0.0662834,0.0647995,0.0633377,0.0618974,0.0604784,0.0590802,0.0577025,0.0563448,0.0550068,0.053688,0.052388,0.0511066,0.0498432,0.0485975,0.0473691,0.0461576,0.0449626,0.0437838,0.0426207,0.041473,0.0403403,0.0392223,0.0381185,0.0370285,0.0359521,0.0348888,0.0338383,0.0328002,0.0317742,0.0307598,0.0297568,0.0287648,0.0277834,0.0268124,0.0258512,0.0248997,0.0239574,0.023024,0.0220993,0.0211827,0.0202741,0.019373,0.0184792,0.0175924,0.0167121,0.015838,0.01497,0.0141075,0.0132504,0.0123982,0.0115507,0.0107076,0.00986843,0.00903303,0.00820104,0.00737214,0.00654602,0.00572237,0.00490088,0.00408124,0.00326315,0.00244628,0.00163034
0,0.0214801,0.0425459,0.0628215,0.0819984,0.0998508,0.116237,0.131092,0.144412,0.156239,0.166647,0.175729,0.183587,0.190327,0.196052,0.20086,0.204845,0.208089,0.210671,0.212661,0.21412,0.215107,0.21567,0.215856,0.215704,0.215252,0.21453,0.213569,0.212395,0.211029,0.209495,0.20781,0.205991,0.204054,0.202013,0.199881,0.197668,0.195385,0.193041,0.190646,0.188206,0.185728,0.18322,0.180686,0.178133,0.175564,0.172985,0.170399,0.16781,0.165222,0.162637,0.160058,0.157488,0.154929,0.152382,0.149851,0.147336,0.144839,0.142361,0.139904,0.137468,0.135055,0.132666,0.130301,0.127961,0.125647,0.123358,0.121096,0.118861,0.116652,0.114471,0.112318,0.110192,0.108094,0.106024,0.103981,0.101967,0.0999795,0.0980199,0.0960877,0.0941828,0.092305,0.0904541,0.0886299,0.0868322,0.0850606,0.083315,0.081595,0.0799004,0.0782308,0.076586,0.0749656,0.0733692,0.0717966,0.0702475,0.0687213,0.0672178,0.0657367,0.0642775,0.06284,0.0614236,0.0600281,0.0586531,0.0572982,0.055963,0.0546472,0.0533503,0.052072,0.050812,0.0495698,0.0483451,0.0471375,0.0459465,0.044772,0.0436134,0.0424704,0.0413427,0.0402298,0.0391315,0.0380473,0.0369768,0.0359199,0.0348759,0.0338448,0.0328259,0.0318191,0.030824,0.0298402,0.0288673,0.0279052,0.0269533,0.0260113,0.0250791,0.0241561,0.023242,0.0223366,0.0214396,0.0205505,0.019669,0.0187949,0.0179279,0.0170675,0.0162135,0.0153656,0.0145235,0.0136868,0.0128552,0.0120285,0.0112063,0.0103883,0.00957424,0.00876376,0.00795658,0.00715239,0.0063509,0.00555181,0.00475481,0.00395961,0.00316589,0.00237337,0.00158175
0,0.0192702,0.0382182,0.0565471,0.0740052,0.0903983,0.105593,0.119515,0.132136,0.143471,0.153562,0.162471,0.170274,0.17705,0.182883,0.187855,0.192042,0.195518,0.198353,0.200608,0.202341,0.203604,0.204444,0.204905,0.205025,0.204839,0.204379,0.203672,0.202744,0.20162,0.200318,0.198859,0.19726,0.195535,0.1937,0.191767,0.189747,0.187651,0.185488,0.183268,0.180998,0.178686,0.176338,0.17396,0.171557,0.169136,0.166699,0.164252,0.161799,0.159342,0.156885,0.154431,0.151982,0.149541,0.14711,0.144692,0.142287,0.139897,0.137524,0.135169,0.132834,0.130519,0.128225,0.125954,0.123705,0.12148,0.119279,0.117103,0.114952,0.112825,0.110725,0.10865,0.106602,0.10458,0.102583,0.100613,0.0986699,0.0967526,0.0948614,0.0929964,0.0911574,0.0893442,0.0875567,0.0857947,0.084058,0.0823463,0.0806595,0.0789972,0.0773593,0.0757453,0.0741551,0.0725884,0.0710448,0.069524,0.0680256,0.0665495,0.0650951,0.0636623,0.0622506,0.0608596,0.0594892,0.0581388,0.0568081,0.0554969,0.0542046,0.052931,0.0516757,0.0504383,0.0492186,0.048016,0.0468303,0.0456611,0.0445081,0.0433708,0.0422489,0.0411422,0.0400501,0.0389725,0.0379088,0.0368588,0.0358222,0.0347985,0.0337874,0.0327887,0.0318019,0.0308267,0.0298628,0.0289099,0.0279675,0.0270355,0.0261134,0.025201,0.0242979,0.0234037,0.0225183,0.0216412,0.0207721,0.0199108,0.0190569,0.0182101,0.01737,0.0165365,0.0157091,0.0148877,0.0140717,0.0132611,0.0124554,0.0116545,0.0108578,0.0100653,0.00927655,0.00849128,0.00770921,0.00693004,0.00615347,0.00537923,0.00460701,0.00383652,0.00306748,0.0022996,0.00153259
0,0.0173825,0.0345098,0.0511435,0.067077,0.082144,0.0962231,0.109237,0.121146,0.131946,0.141658,0.15032,0.157986,0.164717,0.170577,0.175633,0.17995,0.18359,0.186614,0.189077,0.191031,0.192523,0.193598,0.194296,0.194653,0.194702,0.194473,0.193995,0.193292,0.192387,0.1913,0.19005,0.188654,0.187128,0.185485,0.183739,0.181902,0.179983,0.177993,0.17594,0.173834,0.17168,0.169486,0.167258,0.165002,0.162722,0.160425,0.158113,0.155791,0.153462,0.15113,0.148798,0.146469,0.144144,0.141827,0.139519,0.137222,0.134939,0.132669,0.130416,0.12818,0.125962,0.123763,0.121584,0.119426,0.11729,0.115176,0.113085,0.111018,0.108973,0.106953,0.104957,0.102986,0.101039,0.0991169,0.0972197,0.0953474,0.0934999,0.0916774,0.0898796,0.0881066,0.0863582,0.0846343,0.0829346,0.0812592,0.0796077,0.0779799,0.0763756,0.0747946,0.0732366,0.0717013,0.0701885,0.0686979,0.0672292,0.0657821,0.0643563,0.0629514,0.0615672,0.0602032,0.0588593,0.0575351,0.0562302,0.0549442,0.0536769,0.052428,0.051197,0.0499836,0.0487875,0.0476083,0.0464458,0.0452994,0.044169,0.0430542,0.0419546,0.0408698,0.0397996,0.0387436,0.0377014,0.0366728,0.0356574,0.0346548,0.0336648,0.0326869,0.031721,0.0307665,0.0298233,0.028891,0.0279692,0.0270577,0.0261562,0.0252642,0.0243816,0.023508,0.022643,0.0217864,0.0209379,0.0200972,0.0192639,0.0184378,0.0176186,0.0168059,0.0159995,0.015199,0.0144043,0.0136149,0.0128306,0.0120511,0.0112762,0.0105054,0.00973862,0.00897548,0.00821571,0.00745903,0.00670515,0.0059538,0.00520468,0.00445752,0.00371204,0.00296796,0.00222499,0.00148286
0,0.0157502,0.0312948,0.0464402,0.0610152,0.0748777,0.0879187,0.100063,0.111266,0.121511,0.130803,0.139165,0.146634,0.153254,0.159075,0.164151,0.168534,0.172279,0.175436,0.178056,0.180183,0.181861,0.18313,0.184028,0.184588,0.184842,0.184818,0.184543,0.184042,0.183335,0.182444,0.181386,0.180179,0.178837,0.177374,0.175804,0.174138,0.172387,0.170561,0.168668,0.166716,0.164714,0.162668,0.160585,0.15847,0.156328,0.154164,0.151983,0.149789,0.147586,0.145376,0.143164,0.140951,0.13874,0.136535,0.134336,0.132146,0.129967,0.127799,0.125646,0.123508,0.121386,0.119281,0.117194,0.115126,0.113079,0.111051,0.109045,0.10706,0.105098,0.103158,0.10124,0.0993455,0.0974741,0.0956261,0.0938015,0.0920004,0.0902229,0.0884689,0.0867386,0.0850316,0.0833481,0.0816879,0.0800509,0.0784369,0.0768457,0.0752772,0.0737312,0.0722073,0.0707055,0.0692255,0.067767,0.0663297,0.0649134,0.0635177,0.0621425,0.0607874,0.0594522,0.0581364,0.0568398,0.0555621,0.054303,0.0530621,0.0518391,0.0506338,0.0494457,0.0482746,0.0471201,0.0459819,0.0448596,0.043753,0.0426618,0.0415855,0.0405238,0.0394765,0.0384432,0.0374235,0.0364173,0.035424,0.0344435,0.0334753,0.0325192,0.0315749,0.030642,0.0297203,0.0288093,0.0279089,0.0270186,0.0261383,0.0252675,0.024406,0.0235535,0.0227096,0.0218741,0.0210467,0.0202271,0.019415,0.0186101,0.0178121,0.0170207,0.0162357,0.0154567,0.0146834,0.0139156,0.0131531,0.0123954,0.0116424,0.0108938,0.0101492,0.0094084,0.00867115,0.00793716,0.00720614,0.00647783,0.00575195,0.00502824,0.00430641,0.0035862,0.00286735,0.00214957,0.00143259
0,0.0143233,0.0284789,0.0423075,0.055666,0.0684328,0.0805112,0.0918302,0.102344,0.112028,0.120877,0.128904,0.136131,0.14259,0.148319,0.15336,0.157757,0.161555,0.164797,0.167527,0.169784,0.171607,0.173034,0.174097,0.174829,0.175259,0.175414,0.175319,0.174997,0.174469,0.173755,0.172873,0.171838,0.170666,0.169371,0.167965,0.16646,0.164867,0.163195,0.161453,0.15965,0.157793,0.155889,0.153944,0.151964,0.149955,0.147922,0.145868,0.143798,0.141716,0.139626,0.13753,0.135431,0.133332,0.131236,0.129144,0.127059,0.124982,0.122916,0.120861,0.11882,0.116793,0.114781,0.112785,0.110807,0.108847,0.106905,0.104984,0.103082,0.1012,0.0993397,0.0975003,0.0956825,0.0938864,0.0921122,0.0903602,0.0886303,0.0869227,0.0852374,0.0835744,0.0819337,0.0803153,0.0787189,0.0771446,0.0755922,0.0740616,0.0725525,0.0710649,0.0695985,0.0681532,0.0667286,0.0653246,0.0639409,0.0625772,0.0612334,0.0599091,0.0586041,0.0573181,0.0560507,0.0548018,0.053571,0.0523579,0.0511624,0.0499841,0.0488227,0.0476779,0.0465493,0.0454368,0.0443399,0.0432583,0.0421917,0.0411399,0.0401025,0.0390791,0.0380695,0.0370734,0.0360905,0.0351204,0.0341628,0.0332175,0.0322841,0.0313622,0.0304518,0.0295523,0.0286635,0.0277851,0.0269169,0.0260584,0.0252095,0.0243698,0.023539,0.0227169,0.0219031,0.0210974,0.0202995,0.0195091,0.0187259,0.0179496,0.01718,0.0164167,0.0156596,0.0149083,0.0141625,0.013422,0.0126865,0.0119558,0.0112295,0.0105074,0.00978925,0.00907476,0.00836367,0.00765571,0.00695063,0.00624815,0.00554801,0.00484996,0.00415373,0.00345906,0.00276569,0.00207336,0.00138181
0,0.0130643,0.02599,0.0386449,0.0509085,0.0626764,0.0738631,0.0844033,0.0942509,0.103379,0.111775,0.119443,0.126396,0.132656,0.138251,0.143214,0.14758,0.151387,0.154671,0.15747,0.159818,0.161751,0.1633,0.164498,0.165373,0.165952,0.16626,0.166322,0.166158,0.16579,0.165235,0.164511,0.163635,0.162619,0.161479,0.160225,0.158871,0.157426,0.155899,0.154301,0.152638,0.150919,0.14915,0.147338,0.145489,0.143608,0.141699,0.139769,0.137819,0.135856,0.133881,0.131898,0.129911,0.127922,0.125932,0.123946,0.121964,0.119989,0.118022,0.116064,0.114118,0.112185,0.110265,0.108359,0.10647,0.104597,0.102741,0.100903,0.0990829,0.0972823,0.095501,0.0937395,0.0919981,0.0902771,0.0885767,0.0868971,0.0852384,0.0836007,0.081984,0.0803885,0.078814,0.0772607,0.0757283,0.0742168,0.0727262,0.0712563,0.0698069,0.0683779,0.0669691,0.0655804,0.0642115,0.0628623,0.0615324,0.0602217,0.05893,0.0576569,0.0564022,0.0551657,0.0539471,0.0527461,0.0515624,0.0503958,0.049246,0.0481126,0.0469955,0.0458942,0.0448085,0.0437382,0.0426829,0.0416422,0.040616,0.039604,0.0386057,0.037621,0.0366495,0.0356909,0.0347449,0.0338113,0.0328897,0.0319799,0.0310815,0.0301943,0.0293179,0.0284521,0.0275966,0.0267511,0.0259153,0.025089,0.0242718,0.0234634,0.0226637,0.0218722,0.0210888,0.0203131,0.019545,0.018784,0.01803,0.0172826,0.0165416,0.0158068,0.0150778,0.0143545,0.0136365,0.0129235,0.0122154,0.0115118,0.0108125,0.0101172,0.00942577,0.00873783,0.00805315,0.00737149,0.00669259,0.0060162,0.00534206,0.00466993,0.00399955,0.00333066,0.00266303,0.0019964,0.00133052
0,0.0119438,0.023772,0.0353737,0.0466467,0.0575012,0.0678618,0.0776688,0.0868783,0.0954612,0.103402,0.110698,0.117354,0.123386,0.128815,0.133664,0.137963,0.141742,0.145031,0.147863,0.150268,0.152277,0.153919,0.155222,0.156212,0.156915,0.157354,0.15755,0.157525,0.157297,0.156884,0.156304,0.15557,0.154698,0.153699,0.152587,0.151373,0.150066,0.148676,0.147212,0.145683,0.144095,0.142455,0.14077,0.139046,0.137288,0.1355,0.133688,0.131855,0.130006,0.128144,0.126273,0.124394,0.122511,0.120627,0.118744,0.116863,0.114987,0.113118,0.111256,0.109404,0.107563,0.105734,0.103918,0.102117,0.10033,0.0985584,0.0968035,0.0950656,0.0933452,0.0916429,0.089959,0.0882938,0.0866476,0.0850208,0.0834135,0.0818258,0.080258,0.0787099,0.0771819,0.0756737,0.0741855,0.0727171,0.0712686,0.0698399,0.0684308,0.0670412,0.0656711,0.0643201,0.0629883,0.0616753,0.060381,0.0591052,0.0578477,0.0566082,0.0553866,0.0541826,0.0529958,0.0518262,0.0506734,0.0495372,0.0484173,0.0473134,0.0462253,0.0451527,0.0440953,0.0430528,0.042025,0.0410115,0.0400121,0.0390266,0.0380546,0.0370958,0.03615,0.0352168,0.034296,0.0333874,0.0324905,0.0316052,0.0307311,0.0298681,0.0290157,0.0281737,0.0273419,0.02652,0.0257076,0.0249046,0.0241106,0.0233254,0.0225487,0.0217802,0.0210197,0.020267,0.0195216,0.0187835,0.0180522,0.0173276,0.0166094,0.0158974,0.0151912,0.0144907,0.0137955,0.0131055,0.0124203,0.0117398,0.0110636,0.0103916,0.00972342,0.00905888,0.00839773,0.00773972,0.0070846,0.00643213,0.00578207,0.00513417,0.0044882,0.00384391,0.00320105,0.0025594,0.00191871,0.00127874
0,0.0109389,0.0217806,0.0324311,0.0428034,0.0528199,0.0624141,0.071532,0.0801322,0.0881855,0.0956744,0.102591,0.108937,0.114721,0.119957,0.124665,0.128866,0.132585,0.135849,0.138683,0.141115,0.143171,0.144878,0.146259,0.14734,0.148143,0.148689,0.149,0.149094,0.148989,0.148702,0.148249,0.147645,0.146902,0.146034,0.145052,0.143967,0.142789,0.141527,0.14019,0.138786,0.137323,0.135806,0.134242,0.132637,0.130997,0.129326,0.127628,0.125908,0.12417,0.122418,0.120654,0.118881,0.117103,0.115321,0.113539,0.111757,0.109979,0.108206,0.106439,0.10468,0.10293,0.101191,0.0994638,0.0977488,0.0960473,0.0943601,0.0926878,0.0910311,0.0893906,0.0877668,0.0861601,0.0845708,0.0829993,0.0814458,0.0799106,0.0783939,0.0768958,0.0754163,0.0739557,0.0725138,0.0710908,0.0696866,0.0683011,0.0669343,0.0655862,0.0642566,0.0629454,0.0616524,0.0603776,0.0591207,0.0578816,0.0566601,0.055456,0.0542691,0.0530991,0.0519459,0.0508093,0.0496889,0.0485846,0.047496,0.0464231,0.0453654,0.0443228,0.043295,0.0422817,0.0412827,0.0402977,0.0393264,0.0383686,0.037424,0.0364923,0.0355732,0.0346666,0.0337721,0.0328894,0.0320183,0.0311585,0.0303097,0.0294717,0.0286442,0.027827,0.0270197,0.0262222,0.025434,0.0246551,0.0238851,0.0231237,0.0223708,0.021626,0.0208891,0.0201598,0.0194379,0.0187231,0.0180152,0.017314,0.0166191,0.0159303,0.0152474,0.0145702,0.0138983,0.0132316,0.0125698,0.0119127,0.01126,0.0106115,0.00996693,0.00932608,0.00868872,0.0080546,0.00742348,0.00679514,0.00616933,0.00554584,0.00492442,0.00430484,0.00368687,0.00307028,0.00245485,0.00184033,0.0012265
0,0.0100314,0.0199802,0.0297667,0.039316,0.0485609,0.0574428,0.065913,0.073933,0.0814745,0.0885187,0.0950554,0.101082,0.106604,0.111629,0.116172,0.120251,0.123885,0.127096,0.129906,0.132338,0.134415,0.136161,0.137597,0.138745,0.139627,0.140261,0.140666,0.140862,0.140863,0.140686,0.140347,0.139857,0.139232,0.138482,0.13762,0.136654,0.135596,0.134454,0.133236,0.13195,0.130604,0.129203,0.127755,0.126265,0.124737,0.123178,0.121591,0.11998,0.11835,0.116703,0.115044,0.113374,0.111698,0.110017,0.108333,0.106649,0.104967,0.103288,0.101614,0.0999468,0.0982874,0.096637,0.0949969,0.0933679,0.0917511,0.0901471,0.0885569,0.0869809,0.0854197,0.083874,0.0823441,0.0808304,0.0793332,0.0778529,0.0763897,0.0749438,0.0735153,0.0721044,0.0707111,0.0693355,0.0679777,0.0666376,0.0653152,0.0640106,0.0627235,0.0614539,0.0602018,0.058967,0.0577494,0.0565488,0.055365,0.054198,0.0530475,0.0519133,0.0507953,0.0496932,0.0486068,0.0475359,0.0464803,0.0454397,0.0444139,0.0434028,0.0424059,0.0414232,0.0404543,0.039499,0.038557,0.0376282,0.0367122,0.0358087,0.0349176,0.0340386,0.0331714,0.0323158,0.0314714,0.0306382,0.0298157,0.0290037,0.0282021,0.0274105,0.0266286,0.0258563,0.0250932,0.0243392,0.0235939,0.0228572,0.0221287,0.0214083,0.0206956,0.0199905,0.0192927,0.0186019,0.017918,0.0172406,0.0165695,0.0159045,0.0152454,0.014592,0.0139439,0.0133009,0.0126629,0.0120296,0.0114008,0.0107761,0.0101555,0.00953867,0.00892538,0.00831541,0.00770855,0.00710456,0.00650322,0.0059043,0.0053076,0.00471288,0.00411992,0.0035285,0.0029384,0.0023494,0.00176128,0.00117382
0,0.00920644,0.0183424,0.0273394,0.0361331,0.0446649,0.0528831,0.0607441,0.0682124,0.0752609,0.0818705,0.0880295,0.0937331,0.0989822,0.103783,0.108145,0.112081,0.115608,0.118744,0.121506,0.123915,0.125991,0.127754,0.129223,0.130418,0.131358,0.132061,0.132544,0.132823,0.132915,0.132834,0.132593,0.132207,0.131687,0.131044,0.13029,0.129435,0.128487,0.127456,0.126349,0.125175,0.123939,0.122649,0.12131,0.119929,0.11851,0.117058,0.115577,0.114071,0.112545,0.111002,0.109444,0.107875,0.106298,0.104715,0.103128,0.101539,0.0999513,0.0983653,0.0967831,0.095206,0.0936356,0.0920729,0.0905192,0.0889753,0.0874423,0.0859209,0.084412,0.0829161,0.0814338,0.0799657,0.0785122,0.0770738,0.0756507,0.0742433,0.0728519,0.0714766,0.0701176,0.0687751,0.0674491,0.0661398,0.0648472,0.0635713,0.0623121,0.0610695,0.0598436,0.0586342,0.0574413,0.0562648,0.0551045,0.0539603,0.0528321,0.0517197,0.050623,0.0495418,0.0484758,0.047425,0.0463891,0.0453679,0.0443613,0.0433689,0.0423906,0.0414261,0.0404753,0.0395378,0.0386136,0.0377022,0.0368036,0.0359174,0.0350435,0.0341815,0.0333312,0.0324925,0.031665,0.0308485,0.0300428,0.0292476,0.0284626,0.0276878,0.0269227,0.0261671,0.0254209,0.0246838,0.0239555,0.0232358,0.0225244,0.0218212,0.0211259,0.0204382,0.0197579,0.0190849,0.0184187,0.0177593,0.0171064,0.0164598,0.0158192,0.0151844,0.0145552,0.0139313,0.0133126,0.0126988,0.0120897,0.0114851,0.0108847,0.0102884,0.00969588,0.00910698,0.00852146,0.00793911,0.00735972,0.00678307,0.00620895,0.00563714,0.00506744,0.00449963,0.00393351,0.00336885,0.00280545,0.0022431,0.00168159,0.00112071
0,0.008452,0.0168434,0.0251154,0.0332121,0.0410824,0.0486808,0.0559681,0.0629117,0.0694863,0.0756729,0.0814592,0.0868385,0.0918094,0.096375,0.100542,0.104321,0.107724,0.110765,0.11346,0.115826,0.11788,0.11964,0.121123,0.122347,0.123327,0.124081,0.124625,0.124973,0.12514,0.125141,0.124986,0.12469,0.124264,0.123718,0.123063,0.122308,0.121462,0.120534,0.119531,0.11846,0.117329,0.116143,0.114909,0.113632,0.112316,0.110966,0.109588,0.108184,0.106758,0.105315,0.103856,0.102385,0.100904,0.099417,0.0979247,0.0964298,0.094934,0.0934393,0.0919471,0.090459,0.0889763,0.0875002,0.0860318,0.0845722,0.0831222,0.0816827,0.0802544,0.078838,0.077434,0.0760431,0.0746657,0.0733021,0.0719528,0.0706181,0.0692982,0.0679934,0.0667038,0.0654296,0.0641709,0.0629278,0.0617004,0.0604886,0.0592926,0.0581122,0.0569475,0.0557984,0.0546648,0.0535466,0.0524438,0.0513562,0.0502837,0.0492261,0.0481833,0.0471552,0.0461416,0.0451423,0.0441571,0.0431858,0.0422283,0.0412843,0.0403536,0.0394361,0.0385315,0.0376396,0.0367602,0.0358931,0.035038,0.0341947,0.0333631,0.0325428,0.0317336,0.0309354,0.0301478,0.0293707,0.0286038,0.0278469,0.0270998,0.0263622,0.025634,0.0249148,0.0242044,0.0235027,0.0228094,0.0221243,0.0214471,0.0207776,0.0201156,0.0194609,0.0188133,0.0181724,0.0175382,0.0169104,0.0162888,0.0156731,0.0150632,0.0144588,0.0138597,0.0132657,0.0126765,0.0120921,0.0115121,0.0109364,0.0103648,0.00979695,0.00923276,0.008672,0.00811446,0.00755994,0.00700823,0.00645913,0.00591243,0.00536794,0.00482545,0.00428476,0.00374567,0.00320798,0.00267149,0.00213599,0.0016013,0.0010672
0,0.00775815,0.015464,0.0230666,0.0305175,0.037772,0.0447897,0.0515356,0.0579802,0.0640996,0.0698758,0.0752959,0.0803524,0.085042,0.0893659,0.0933283,0.0969366,0.100201,0.103132,0.105743,0.108049,0.110064,0.111804,0.113283,0.114518,0.115522,0.116312,0.116902,0.117304,0.117533,0.117602,0.117522,0.117304,0.116961,0.116501,0.115935,0.115272,0.11452,0.113687,0.11278,0.111807,0.110774,0.109687,0.108551,0.107373,0.106156,0.104905,0.103624,0.102318,0.10099,0.099643,0.0982801,0.0969043,0.0955182,0.0941242,0.0927245,0.0913211,0.0899161,0.088511,0.0871075,0.0857069,0.0843107,0.0829201,0.0815361,0.0801598,0.078792,0.0774335,0.0760852,0.0747477,0.0734216,0.0721074,0.0708056,0.0695166,0.0682407,0.0669784,0.0657298,0.0644953,0.0632749,0.0620689,0.0608774,0.0597004,0.0585382,0.0573906,0.0562577,0.0551396,0.0540361,0.0529473,0.0518731,0.0508134,0.0497682,0.0487373,0.0477206,0.046718,0.0457294,0.0447546,0.0437934,0.0428457,0.0419114,0.0409903,0.0400821,0.0391867,0.0383039,0.0374335,0.0365754,0.0357293,0.0348949,0.0340722,0.0332609,0.0324608,0.0316716,0.0308932,0.0301254,0.0293678,0.0286205,0.027883,0.0271551,0.0264368,0.0257277,0.0250277,0.0243364,0.0236538,0.0229796,0.0223135,0.0216554,0.021005,0.0203622,0.0197267,0.0190983,0.0184768,0.017862,0.0172536,0.0166515,0.0160555,0.0154654,0.0148809,0.0143018,0.013728,0.0131592,0.0125953,0.012036,0.0114811,0.0109305,0.0103839,0.0098411,0.00930199,0.00876632,0.0082339,0.00770454,0.00717804,0.00665421,0.00613286,0.00561378,0.0050968,0.00458172,0.00406834,0.00355649,0.00304595,0.00253656,0.00202811,0.00152042,0.0010133
0,0.00711659,0.0141879,0.0211695,0.0280194,0.0346983,0.0411704,0.0474045,0.0533738,0.0590563,0.0644347,0.0694963,0.0742331,0.0786406,0.0827182,0.0864685,0.0898967,0.0930102,0.0958184,0.098332,0.100563,0.102524,0.104228,0.105688,0.106919,0.107933,0.108744,0.109365,0.109809,0.110087,0.110212,0.110194,0.110045,0.109774,0.109391,0.108905,0.108325,0.107658,0.106913,0.106096,0.105214,0.104273,0.103279,0.102237,0.101152,0.100029,0.0988731,0.0976871,0.0964752,0.0952408,0.0939873,0.0927175,0.0914342,0.0901401,0.0888373,0.0875281,0.0862146,0.0848984,0.0835814,0.0822651,0.0809508,0.0796399,0.0783336,0.077033,0.075739,0.0744526,0.0731746,0.0719056,0.0706464,0.0693975,0.0681596,0.066933,0.0657181,0.0645154,0.0633252,0.0621478,0.0609833,0.059832,0.058694,0.0575696,0.0564588,0.0553616,0.0542781,0.0532085,0.0521526,0.0511104,0.050082,0.0490673,0.0480662,0.0470786,0.0461045,0.0451438,0.0441963,0.0432619,0.0423405,0.041432,0.0405362,0.0396529,0.038782,0.0379234,0.0370768,0.0362421,0.035419,0.0346075,0.0338074,0.0330183,0.0322402,0.0314729,0.0307161,0.0299696,0.0292334,0.028507,0.0277905,0.0270835,0.0263858,0.0256973,0.0250177,0.0243468,0.0236845,0.0230305,0.0223847,0.0217467,0.0211165,0.0204939,0.0198785,0.0192702,0.0186689,0.0180743,0.0174862,0.0169044,0.0163287,0.015759,0.015195,0.0146365,0.0140834,0.0135354,0.0129924,0.0124541,0.0119204,0.0113911,0.010866,0.0103449,0.00982757,0.00931391,0.00880369,0.00829673,0.00779285,0.00729185,0.00679357,0.0062978,0.00580438,0.00531311,0.00482383,0.00433633,0.00385046,0.00336601,0.00288283,0.00240071,0.0019195,0.001439,0.000959033
0,0.00652036,0.0130013,0.0194043,0.0256925,0.0318313,0.0377892,0.0435383,0.0490544,0.0543171,0.0593103,0.0640218,0.068443,0.072569,0.076398,0.079931,0.0831716,0.0861254,0.0887998,0.0912037,0.0933468,0.0952401,0.0968949,0.0983229,0.0995361,0.100546,0.101366,0.102006,0.102479,0.102794,0.102964,0.102998,0.102907,0.102699,0.102384,0.10197,0.101465,0.100876,0.100212,0.0994774,0.09868,0.0978253,0.0969186,0.0959653,0.09497,0.0939373,0.0928713,0.0917759,0.0906547,0.0895111,0.0883481,0.0871686,0.0859754,0.0847708,0.0835571,0.0823365,0.0811108,0.0798819,0.0786514,0.0774208,0.0761915,0.0749648,0.0737418,0.0725236,0.0713111,0.0701052,0.0689068,0.0677165,0.066535,0.0653629,0.0642007,0.0630489,0.0619079,0.060778,0.0596596,0.058553,0.0574584,0.056376,0.055306,0.0542485,0.0532037,0.0521716,0.0511523,0.0501458,0.0491521,0.0481713,0.0472033,0.0462481,0.0453056,0.0443759,0.0434587,0.042554,0.0416617,0.0407817,0.0399139,0.0390582,0.0382143,0.0373823,0.0365619,0.0357529,0.0349553,0.0341688,0.0333933,0.0326286,0.0318746,0.031131,0.0303977,0.0296746,0.0289613,0.0282578,0.0275638,0.0268792,0.0262038,0.0255374,0.0248797,0.0242307,0.02359,0.0229576,0.0223333,0.0217167,0.0211078,0.0205064,0.0199123,0.0193252,0.018745,0.0181715,0.0176045,0.0170439,0.0164894,0.0159408,0.015398,0.0148608,0.014329,0.0138024,0.0132809,0.0127641,0.0122521,0.0117445,0.0112413,0.0107421,0.010247,0.00975556,0.00926776,0.00878337,0.00830223,0.00782417,0.00734899,0.00687654,0.00640665,0.00593913,0.00547381,0.00501053,0.00454911,0.00408938,0.00363118,0.00317433,0.00271866,0.002264,0.00181019,0.00135705,0.00090442
0,0.00596353,0.0118927,0.0177539,0.0235148,0.0291451,0.0346169,0.0399052,0.0449883,0.0498475,0.0544678,0.0588376,0.0629483,0.0667946,0.0703738,0.073686,0.0767334,0.0795201,0.0820519,0.0843361,0.0863808,0.0881952,0.0897892,0.0911728,0.0923566,0.0933512,0.0941672,0.0948151,0.0953053,0.0956478,0.0958524,0.0959287,0.0958856,0.0957319,0.0954758,0.0951253,0.0946878,0.0941704,0.0935798,0.0929222,0.0922037,0.0914297,0.0906055,0.0897359,0.0888255,0.0878785,0.086899,0.0858907,0.0848569,0.0838009,0.0827256,0.0816338,0.0805281,0.0794108,0.0782841,0.0771501,0.0760106,0.0748673,0.0737218,0.0725756,0.07143,0.0702862,0.0691454,0.0680086,0.0668767,0.0657506,0.0646311,0.0635189,0.0624145,0.0613186,0.0602317,0.0591543,0.0580867,0.0570293,0.0559825,0.0549465,0.0539216,0.0529079,0.0519057,0.0509151,0.0499362,0.0489691,0.0480138,0.0470705,0.0461391,0.0452196,0.0443121,0.0434165,0.0425327,0.0416608,0.0408006,0.0399521,0.0391151,0.0382896,0.0374755,0.0366727,0.035881,0.0351003,0.0343305,0.0335714,0.0328229,0.0320848,0.031357,0.0306393,0.0299316,0.0292337,0.0285454,0.0278666,0.027197,0.0265366,0.0258851,0.0252425,0.0246084,0.0239827,0.0233652,0.0227559,0.0221544,0.0215606,0.0209744,0.0203955,0.0198237,0.019259,0.0187011,0.0181498,0.017605,0.0170665,0.0165341,0.0160076,0.0154869,0.0149717,0.014462,0.0139575,0.013458,0.0129635,0.0124736,0.0119884,0.0115075,0.0110308,0.0105581,0.0100894,0.0096243,0.00916278,0.00870463,0.00824969,0.0077978,0.00734879,0.0069025,0.00645877,0.00601742,0.00557831,0.00514127,0.00470614,0.00427276,0.00384096,0.0034106,0.0029815,0.00255351,0.00212647,0.00170023,0.00127462,0.000849481
0,0.00544106,0.0108521,0.0162038,0.0214678,0.0266175,0.0316281,0.0364775,0.041146,0.0456168,0.0498759,0.0539124,0.0577181,0.0612872,0.0646168,0.067706,0.070556,0.0731697,0.0755518,0.077708,0.0796451,0.081371,0.0828938,0.0842226,0.0853664,0.0863346,0.0871367,0.087782,0.0882798,0.0886392,0.0888693,0.0889784,0.0889751,0.0888672,0.0886624,0.088368,0.087991,0.087538,0.0870151,0.0864282,0.085783,0.0850845,0.0843378,0.0835475,0.0827177,0.0818526,0.0809559,0.0800311,0.0790815,0.0781101,0.0771198,0.0761131,0.0750926,0.0740604,0.0730187,0.0719694,0.0709143,0.069855,0.0687931,0.0677299,0.0666668,0.0656049,0.0645453,0.063489,0.0624369,0.0613898,0.0603485,0.0593136,0.0582858,0.0572656,0.0562535,0.0552501,0.0542556,0.0532704,0.0522949,0.0513292,0.0503738,0.0494287,0.0484941,0.0475702,0.0466571,0.0457549,0.0448637,0.0439835,0.0431144,0.0422563,0.0414092,0.0405732,0.0397482,0.0389342,0.0381311,0.0373388,0.0365573,0.0357864,0.0350262,0.0342764,0.0335369,0.0328077,0.0320886,0.0313795,0.0306803,0.0299907,0.0293108,0.0286403,0.027979,0.0273269,0.0266838,0.0260495,0.0254239,0.0248067,0.0241979,0.0235973,0.0230047,0.02242,0.0218429,0.0212734,0.0207112,0.0201563,0.0196083,0.0190672,0.0185329,0.018005,0.0174835,0.0169682,0.0164589,0.0159555,0.0154578,0.0149657,0.0144789,0.0139973,0.0135208,0.0130492,0.0125823,0.0121199,0.011662,0.0112084,0.0107588,0.0103131,0.00987125,0.009433,0.00899821,0.00856672,0.00813839,0.00771306,0.00729058,0.00687079,0.00645353,0.00603867,0.00562604,0.0052155,0.00480689,0.00440006,0.00399487,0.00359116,0.00318878,0.00278759,0.00238744,0.00198818,0.00158966,0.00119172,0.000794236
0,0.00494856,0.00987094,0.0147414,0.0195352,0.0242289,0.0288006,0.0332307,0.0375014,0.0415977,0.0455067,0.0492183,0.0527243,0.0560195,0.0591002,0.0619652,0.0646148,0.0670511,0.0692777,0.071299,0.0731209,0.0747497,0.0761927,0.0774574,0.0785519,0.0794843,0.080263,0.0808964,0.0813928,0.0817603,0.0820071,0.0821408,0.0821692,0.0820995,0.0819387,0.0816936,0.0813705,0.0809755,0.0805144,0.0799928,0.0794156,0.0787879,0.0781141,0.0773986,0.0766455,0.0758584,0.075041,0.0741965,0.0733281,0.0724385,0.0715305,0.0706065,0.0696689,0.0687198,0.0677611,0.0667948,0.0658224,0.0648457,0.0638659,0.0628845,0.0619027,0.0609215,0.0599421,0.0589654,0.0579922,0.0570234,0.0560596,0.0551015,0.0541497,0.0532047,0.052267,0.0513371,0.0504154,0.049502,0.0485975,0.047702,0.0468158,0.0459391,0.0450721,0.0442148,0.0433674,0.0425301,0.0417029,0.0408858,0.0400788,0.0392821,0.0384956,0.0377192,0.0369531,0.036197,0.035451,0.0347151,0.0339891,0.0332729,0.0325666,0.0318699,0.0311828,0.0305052,0.029837,0.029178,0.0285282,0.0278874,0.0272554,0.0266322,0.0260176,0.0254114,0.0248136,0.024224,0.0236424,0.0230687,0.0225027,0.0219444,0.0213934,0.0208498,0.0203133,0.0197838,0.0192611,0.0187451,0.0182356,0.0177325,0.0172356,0.0167448,0.0162599,0.0157807,0.0153071,0.014839,0.0143762,0.0139185,0.0134659,0.013018,0.0125749,0.0121363,0.0117021,0.0112721,0.0108463,0.0104244,0.0100063,0.0095918,0.00918085,0.00877327,0.0083689,0.00796761,0.00756925,0.00717368,0.00678075,0.00639032,0.00600226,0.00561641,0.00523264,0.00485081,0.00447077,0.0040924,0.00371554,0.00334006,0.00296582,0.00259269,0.00222051,0.00184917,0.00147851,0.0011084,0.000738705
0,0.00448225,0.00894165,0.0133557,0.0177028,0.0219622,0.0261149,0.0301431,0.0340314,0.0377659,0.0413351,0.0447295,0.0479417,0.0509661,0.0537994,0.0564397,0.058887,0.0611425,0.0632088,0.0650897,0.0667897,0.0683145,0.0696699,0.0708626,0.0718995,0.0727878,0.0735349,0.074148,0.0746347,0.0750023,0.075258,0.0754088,0.0754616,0.0754231,0.0752996,0.0750973,0.074822,0.0744793,0.0740746,0.0736129,0.073099,0.0725373,0.0719322,0.0712876,0.0706073,0.0698948,0.0691534,0.0683861,0.067596,0.0667856,0.0659574,0.0651138,0.064257,0.0633889,0.0625115,0.0616264,0.0607352,0.0598395,0.0589406,0.0580397,0.057138,0.0562366,0.0553365,0.0544385,0.0535434,0.0526521,0.0517652,0.0508833,0.050007,0.0491367,0.048273,0.0474163,0.0465669,0.0457252,0.0448914,0.0440658,0.0432487,0.0424401,0.0416404,0.0408497,0.040068,0.0392954,0.0385321,0.037778,0.0370333,0.036298,0.035572,0.0348553,0.034148,0.0334499,0.0327612,0.0320816,0.0314112,0.0307498,0.0300975,0.0294541,0.0288195,0.0281936,0.0275763,0.0269676,0.0263673,0.0257753,0.0251915,0.0246157,0.0240479,0.0234878,0.0229355,0.0223906,0.0218532,0.0213231,0.0208001,0.0202842,0.0197751,0.0192727,0.0187769,0.0182875,0.0178045,0.0173276,0.0168567,0.0163917,0.0159325,0.0154788,0.0150306,0.0145877,0.01415,0.0137174,0.0132896,0.0128666,0.0124481,0.0120342,0.0116246,0.0112192,0.0108178,0.0104204,0.0100267,0.0096367,0.0092502,0.00886708,0.0084872,0.00811043,0.00773662,0.00736566,0.00699741,0.00663173,0.0062685,0.00590757,0.00554883,0.00519214,0.00483736,0.00448438,0.00413306,0.00378326,0.00343488,0.00308776,0.00274179,0.00239685,0.00205279,0.00170949,0.00136683,0.00102468,0.000682907
0,0.0040388,0.00805769,0.0120371,0.015958,0.0198024,0.0235535,0.0271957,0.0307151,0.0340995,0.0373384,0.0404231,0.0433467,0.0461041,0.0486917,0.0511075,0.053351,0.055423,0.0573254,0.0590612,0.060634,0.0620486,0.0633099,0.0644237,0.0653959,0.0662327,0.0669406,0.0675262,0.0679959,0.0683563,0.0686138,0.0687748,0.0688455,0.0688317,0.0687394,0.068574,0.068341,0.0680453,0.0676919,0.0672855,0.0668303,0.0663305,0.06579,0.0652125,0.0646015,0.0639602,0.0632917,0.0625989,0.0618843,0.0611505,0.0603999,0.0596345,0.0588565,0.0580676,0.0572696,0.0564642,0.0556527,0.0548367,0.0540174,0.0531959,0.0523733,0.0515507,0.0507289,0.0499088,0.0490912,0.0482767,0.047466,0.0466597,0.0458584,0.0450624,0.0442722,0.0434883,0.042711,0.0419405,0.0411772,0.0404213,0.039673,0.0389326,0.0382001,0.0374757,0.0367595,0.0360517,0.0353522,0.0346612,0.0339787,0.0333047,0.0326392,0.0319822,0.0313338,0.0306938,0.0300623,0.0294392,0.0288244,0.0282179,0.0276197,0.0270296,0.0264476,0.0258735,0.0253074,0.024749,0.0241983,0.0236553,0.0231197,0.0225915,0.0220705,0.0215567,0.0210499,0.0205501,0.020057,0.0195706,0.0190907,0.0186173,0.0181501,0.0176891,0.0172342,0.0167851,0.0163418,0.0159042,0.0154721,0.0150453,0.0146239,0.0142076,0.0137962,0.0133898,0.0129881,0.012591,0.0121983,0.0118101,0.0114261,0.0110461,0.0106702,0.0102981,0.0099297,0.00956491,0.00920359,0.00884562,0.00849087,0.00813921,0.00779053,0.0074447,0.00710159,0.00676109,0.00642308,0.00608742,0.005754,0.00542271,0.00509342,0.004766,0.00444035,0.00411634,0.00379386,0.00347277,0.00315298,0.00283436,0.00251678,0.00220014,0.00188432,0.0015692,0.00125466,0.000940587,0.000626864
0,0.00361526,0.00721323,0.0107769,0.0142897,0.017736,0.021101,0.024371,0.0275339,0.0305786,0.0334959,0.0362778,0.0389181,0.0414119,0.0437557,0.0459475,0.0479866,0.0498732,0.0516088,0.0531956,0.0546367,0.055936,0.0570976,0.0581265,0.0590277,0.0598066,0.0604689,0.0610203,0.0614665,0.0618132,0.0620663,0.0622313,0.0623138,0.0623191,0.0622523,0.0621186,0.0619227,0.0616692,0.0613625,0.0610069,0.0606062,0.0601644,0.0596849,0.0591711,0.0586261,0.058053,0.0574546,0.0568334,0.056192,0.0555325,0.0548572,0.0541681,0.0534669,0.0527555,0.0520354,0.0513081,0.050575,0.0498374,0.0490965,0.0483533,0.0476088,0.0468641,0.0461198,0.0453769,0.0446359,0.0438976,0.0431626,0.0424314,0.0417046,0.0409824,0.0402654,0.039554,0.0388484,0.0381489,0.0374558,0.0367694,0.0360898,0.0354173,0.0347518,0.0340937,0.033443,0.0327998,0.0321641,0.0315361,0.0309158,0.0303031,0.0296981,0.0291009,0.0285113,0.0279295,0.0273552,0.0267886,0.0262296,0.025678,0.025134,0.0245973,0.0240679,0.0235458,0.0230308,0.0225229,0.022022,0.0215279,0.0210407,0.0205602,0.0200862,0.0196188,0.0191577,0.0187029,0.0182543,0.0178117,0.0173751,0.0169443,0.0165192,0.0160997,0.0156857,0.0152771,0.0148737,0.0144754,0.0140822,0.0136939,0.0133103,0.0129314,0.0125571,0.0121872,0.0118216,0.0114602,0.0111029,0.0107495,0.0104,0.0100542,0.00971206,0.00937339,0.00903811,0.0087061,0.00837724,0.00805142,0.00772854,0.00740847,0.0070911,0.00677633,0.00646404,0.00615412,0.00584645,0.00554094,0.00523746,0.00493591,0.00463618,0.00433817,0.00404175,0.00374683,0.0034533,0.00316104,0.00286995,0.00257993,0.00229087,0.00200265,0.00171518,0.00142834,0.00114204,0.000856158,0.000570595
0,0.00320902,0.0064031,0.00956753,0.012688,0.0157509,0.0187434,0.0216536,0.0244707,0.0271852,0.0297887,0.0322743,0.034636,0.0368696,0.0389718,0.0409404,0.0427747,0.0444745,0.046041,0.0474757,0.0487814,0.049961,0.0510182,0.051957,0.0527818,0.0534972,0.0541082,0.0546196,0.0550365,0.055364,0.055607,0.0557705,0.0558594,0.0558785,0.0558324,0.0557254,0.055562,0.0553463,0.0550822,0.0547734,0.0544236,0.0540361,0.0536142,0.0531609,0.052679,0.0521713,0.0516403,0.0510884,0.0505178,0.0499305,0.0493286,0.0487138,0.0480878,0.0474522,0.0468085,0.046158,0.045502,0.0448417,0.044178,0.0435121,0.0428449,0.0421771,0.0415096,0.040843,0.0401782,0.0395155,0.0388556,0.038199,0.0375462,0.0368975,0.0362533,0.035614,0.0349798,0.0343511,0.033728,0.0331109,0.0324998,0.0318949,0.0312965,0.0307045,0.0301192,0.0295405,0.0289686,0.0284035,0.0278453,0.027294,0.0267495,0.026212,0.0256814,0.0251576,0.0246407,0.0241306,0.0236274,0.0231308,0.022641,0.0221578,0.0216811,0.021211,0.0207473,0.0202899,0.0198389,0.019394,0.0189552,0.0185224,0.0180956,0.0176746,0.0172593,0.0168497,0.0164456,0.016047,0.0156537,0.0152657,0.0148828,0.0145049,0.014132,0.0137639,0.0134005,0.0130418,0.0126876,0.0123377,0.0119922,0.0116509,0.0113137,0.0109804,0.0106511,0.0103255,0.0100036,0.00968522,0.00937034,0.00905881,0.00875054,0.00844542,0.00814335,0.00784422,0.00754793,0.00725438,0.00696347,0.0066751,0.00638916,0.00610556,0.00582419,0.00554495,0.00526775,0.00499248,0.00471905,0.00444735,0.00417729,0.00390878,0.0036417,0.00337598,0.0031115,0.00284817,0.0025859,0.00232458,0.00206413,0.00180444,0.00154542,0.00128697,0.00102901,0.00077142,0.000514121
0,0.00281772,0.00562263,0.00840211,0.0111439,0.0138363,0.0164681,0.0190293,0.0215103,0.0239028,0.0261996,0.0283945,0.0304822,0.0324588,0.0343214,0.0360678,0.0376972,0.0392093,0.0406048,0.0418851,0.0430522,0.0441085,0.0450572,0.0459015,0.0466453,0.0472925,0.0478471,0.0483136,0.0486962,0.0489993,0.0492272,0.0493844,0.049475,0.0495033,0.0494733,0.0493889,0.0492539,0.0490719,0.0488466,0.0485811,0.0482787,0.0479424,0.047575,0.0471794,0.0467579,0.0463131,0.0458471,0.0453622,0.0448603,0.0443433,0.0438129,0.0432708,0.0427184,0.0421572,0.0415886,0.0410136,0.0404335,0.0398493,0.039262,0.0386725,0.0380816,0.03749,0.0368985,0.0363078,0.0357183,0.0351307,0.0345455,0.033963,0.0333838,0.0328081,0.0322364,0.0316689,0.031106,0.0305477,0.0299945,0.0294464,0.0289036,0.0283664,0.0278347,0.0273088,0.0267888,0.0262746,0.0257664,0.0252642,0.0247681,0.0242781,0.0237942,0.0233164,0.0228447,0.0223791,0.0219195,0.0214661,0.0210186,0.0205771,0.0201416,0.0197119,0.019288,0.01887,0.0184576,0.0180509,0.0176497,0.017254,0.0168638,0.0164789,0.0160993,0.0157248,0.0153554,0.0149911,0.0146317,0.0142771,0.0139273,0.0135821,0.0132415,0.0129054,0.0125736,0.0122462,0.0119229,0.0116038,0.0112886,0.0109774,0.01067,0.0103664,0.0100663,0.00976987,0.00947685,0.00918719,0.00890078,0.00861755,0.0083374,0.00806024,0.00778596,0.00751449,0.00724573,0.00697959,0.00671597,0.00645479,0.00619595,0.00593937,0.00568496,0.00543262,0.00518227,0.00493381,0.00468717,0.00444224,0.00419895,0.0039572,0.00371691,0.00347799,0.00324035,0.00300392,0.00276859,0.00253428,0.00230091,0.0020684,0.00183665,0.00160558,0.00137511,0.00114514,0.000915604,0.000686406,0.000457462
0,0.00243922,0.00486759,0.00727439,0.00964923,0.0119821,0.0142636,0.016485,0.0186383,0.0207162,0.0227125,0.0246218,0.0264395,0.0281622,0.0297871,0.0313123,0.032737,0.0340607,0.035284,0.0364078,0.0374337,0.0383638,0.0392005,0.0399467,0.0406055,0.0411802,0.0416743,0.0420915,0.0424354,0.0427097,0.0429183,0.0430649,0.0431531,0.0431865,0.0431687,0.043103,0.0429927,0.0428411,0.0426512,0.0424258,0.0421678,0.0418798,0.0415643,0.0412237,0.0408602,0.040476,0.040073,0.0396531,0.0392181,0.0387696,0.0383091,0.0378381,0.037358,0.0368699,0.036375,0.0358744,0.0353692,0.0348602,0.0343483,0.0338344,0.033319,0.032803,0.0322869,0.0317713,0.0312567,0.0307437,0.0302326,0.0297239,0.029218,0.028715,0.0282155,0.0277195,0.0272275,0.0267395,0.0262559,0.0257767,0.0253022,0.0248324,0.0243674,0.0239075,0.0234526,0.0230029,0.0225583,0.022119,0.021685,0.0212563,0.0208329,0.0204148,0.020002,0.0195946,0.0191924,0.0187956,0.018404,0.0180176,0.0176364,0.0172603,0.0168893,0.0165234,0.0161624,0.0158064,0.0154552,0.0151088,0.0147672,0.0144302,0.0140979,0.0137701,0.0134467,0.0131277,0.012813,0.0125026,0.0121963,0.0118941,0.0115958,0.0113015,0.011011,0.0107243,0.0104413,0.0101618,0.00988589,0.00961337,0.00934421,0.00907831,0.00881559,0.00855598,0.00829938,0.00804572,0.00779492,0.0075469,0.00730157,0.00705885,0.00681867,0.00658093,0.00634557,0.0061125,0.00588164,0.00565292,0.00542625,0.00520155,0.00497874,0.00475776,0.00453851,0.00432092,0.00410492,0.00389042,0.00367736,0.00346564,0.0032552,0.00304596,0.00283785,0.00263078,0.00242468,0.00221948,0.0020151,0.00181147,0.00160851,0.00140614,0.0012043,0.0010029,0.000801874,0.000601145,0.00040064
0,0.00207158,0.00413411,0.00617865,0.00819652,0.0101794,0.0121193,0.014009,0.0158416,0.0176112,0.0193124,0.0209406,0.0224919,0.0239633,0.0253524,0.0266575,0.0278777,0.0290127,0.0300627,0.0310284,0.0319111,0.0327124,0.0334344,0.0340794,0.0346499,0.0351486,0.0355785,0.0359427,0.0362441,0.036486,0.0366716,0.0368038,0.036886,0.036921,0.0369119,0.0368617,0.036773,0.0366487,0.0364913,0.0363032,0.036087,0.0358448,0.0355788,0.035291,0.0349834,0.0346578,0.0343159,0.0339593,0.0335895,0.0332079,0.0328159,0.0324148,0.0320055,0.0315894,0.0311672,0.0307401,0.0303088,0.0298741,0.0294369,0.0289977,0.0285573,0.0281161,0.0276748,0.0272339,0.0267938,0.0263549,0.0259176,0.0254822,0.0250492,0.0246187,0.024191,0.0237664,0.0233451,0.0229272,0.022513,0.0221025,0.021696,0.0212936,0.0208953,0.0205012,0.0201114,0.0197261,0.0193451,0.0189686,0.0185967,0.0182292,0.0178663,0.017508,0.0171542,0.0168049,0.0164602,0.01612,0.0157843,0.015453,0.0151262,0.0148037,0.0144857,0.0141719,0.0138624,0.0135571,0.013256,0.012959,0.012666,0.0123771,0.0120921,0.011811,0.0115337,0.0112601,0.0109902,0.010724,0.0104613,0.0102021,0.00994636,0.00969395,0.00944482,0.00919892,0.00895616,0.00871648,0.00847981,0.00824608,0.00801522,0.00778715,0.00756182,0.00733914,0.00711906,0.00690149,0.00668637,0.00647363,0.0062632,0.00605501,0.00584899,0.00564508,0.00544319,0.00524327,0.00504525,0.00484906,0.00465462,0.00446188,0.00427077,0.00408121,0.00389314,0.0037065,0.00352121,0.00333722,0.00315445,0.00297285,0.00279233,0.00261285,0.00243433,0.0022567,0.00207991,0.00190389,0.00172857,0.0015539,0.00137979,0.0012062,0.00103306,0.000860298,0.000687855,0.000515668,0.000343673
0,0.001713,0.00341862,0.0051096,0.00677883,0.00841953,0.0100252,0.0115899,0.0131081,0.0145747,0.0159854,0.0173364,0.0186243,0.0198468,0.0210017,0.0220877,0.0231038,0.0240497,0.0249256,0.025732,0.0264699,0.0271405,0.0277455,0.0282866,0.028766,0.0291859,0.0295486,0.0298566,0.0301125,0.0303188,0.0304781,0.030593,0.030666,0.0306997,0.0306965,0.0306589,0.0305891,0.0304894,0.030362,0.030209,0.0300322,0.0298337,0.0296151,0.0293783,0.0291247,0.028856,0.0285736,0.0282787,0.0279727,0.0276568,0.0273321,0.0269995,0.0266602,0.0263149,0.0259646,0.0256099,0.0252518,0.0248907,0.0245274,0.0241624,0.0237963,0.0234295,0.0230626,0.0226958,0.0223297,0.0219645,0.0216007,0.0212384,0.0208779,0.0205196,0.0201636,0.0198101,0.0194593,0.0191113,0.0187664,0.0184245,0.018086,0.0177508,0.017419,0.0170907,0.016766,0.0164449,0.0161276,0.0158139,0.0155039,0.0151978,0.0148954,0.0145967,0.0143019,0.0140108,0.0137235,0.01344,0.0131602,0.0128841,0.0126117,0.0123429,0.0120778,0.0118163,0.0115583,0.0113038,0.0110528,0.0108052,0.010561,0.0103201,0.0100825,0.00984815,0.00961697,0.00938891,0.00916392,0.00894196,0.00872296,0.00850686,0.00829362,0.00808318,0.00787547,0.00767044,0.00746804,0.0072682,0.00707087,0.00687599,0.0066835,0.00649335,0.00630546,0.0061198,0.00593629,0.00575488,0.00557551,0.00539812,0.00522266,0.00504906,0.00487728,0.00470724,0.00453891,0.00437221,0.00420709,0.00404349,0.00388136,0.00372064,0.00356128,0.00340322,0.00324639,0.00309076,0.00293626,0.00278283,0.00263043,0.00247899,0.00232847,0.0021788,0.00202993,0.00188182,0.0017344,0.00158762,0.00144142,0.00129576,0.00115058,0.00100583,0.000861449,0.000717386,0.00057359,0.000430007,0.000286582
0,0.00136179,0.00271778,0.00406228,0.0053897,0.0066947,0.00797219,0.00921743,0.0104261,0.0115941,0.0127181,0.0137951,0.0148223,0.0157978,0.01672,0.0175876,0.0184,0.0191568,0.0198581,0.0205042,0.021096,0.0216343,0.0221203,0.0225556,0.0229417,0.0232804,0.0235734,0.0238228,0.0240305,0.0241986,0.0243291,0.024424,0.0244854,0.0245153,0.0245156,0.0244883,0.0244351,0.024358,0.0242585,0.0241384,0.0239993,0.0238426,0.0236698,0.0234823,0.0232813,0.023068,0.0228437,0.0226093,0.022366,0.0221146,0.021856,0.0215912,0.0213208,0.0210456,0.0207663,0.0204835,0.0201977,0.0199096,0.0196197,0.0193284,0.0190361,0.0187432,0.0184501,0.0181572,0.0178647,0.017573,0.0172823,0.0169928,0.0167047,0.0164183,0.0161337,0.0158511,0.0155707,0.0152925,0.0150167,0.0147434,0.0144727,0.0142046,0.0139393,0.0136767,0.013417,0.0131602,0.0129064,0.0126555,0.0124075,0.0121626,0.0119207,0.0116818,0.0114459,0.0112131,0.0109832,0.0107564,0.0105325,0.0103116,0.0100936,0.00987858,0.00966644,0.00945716,0.00925072,0.00904709,0.00884623,0.00864811,0.00845269,0.00825993,0.00806979,0.00788224,0.00769723,0.00751472,0.00733467,0.00715703,0.00698176,0.00680882,0.00663816,0.00646974,0.00630351,0.00613942,0.00597743,0.00581749,0.00565956,0.00550358,0.00534952,0.00519733,0.00504695,0.00489835,0.00475148,0.00460628,0.00446272,0.00432074,0.0041803,0.00404136,0.00390386,0.00376777,0.00363303,0.00349961,0.00336744,0.0032365,0.00310673,0.00297809,0.00285053,0.00272402,0.0025985,0.00247392,0.00235026,0.00222745,0.00210547,0.00198425,0.00186377,0.00174397,0.00162482,0.00150626,0.00138826,0.00127078,0.00115376,0.00103717,0.000920962,0.000805097,0.00068953,0.000574218,0.000459119,0.000344191,0.000229389
0,0.00101637,0.00202845,0.00303204,0.004023,0.00499737,0.0059514,0.00688156,0.00778461,0.00865763,0.00949799,0.0103034,0.0110721,0.0118023,0.0124928,0.0131429,0.0137518,0.0143195,0.0148457,0.0153309,0.0157755,0.0161802,0.016546,0.0168738,0.0171649,0.0174205,0.0176419,0.0178307,0.0179882,0.018116,0.0182156,0.0182886,0.0183364,0.0183605,0.0183624,0.0183435,0.0183052,0.0182488,0.0181757,0.018087,0.017984,0.0178677,0.0177393,0.0175998,0.0174501,0.0172912,0.0171239,0.016949,0.0167673,0.0165795,0.0163864,0.0161884,0.0159863,0.0157805,0.0155715,0.0153599,0.0151461,0.0149305,0.0147135,0.0144953,0.0142765,0.0140571,0.0138376,0.0136182,0.0133991,0.0131805,0.0129627,0.0127458,0.0125299,0.0123152,0.012102,0.0118901,0.0116799,0.0114714,0.0112646,0.0110597,0.0108567,0.0106558,0.0104568,0.01026,0.0100652,0.00987267,0.0096823,0.00949414,0.00930821,0.00912453,0.0089431,0.00876393,0.00858702,0.00841237,0.00823997,0.00806982,0.0079019,0.0077362,0.00757271,0.00741141,0.00725227,0.00709529,0.00694044,0.00678768,0.00663701,0.00648838,0.00634179,0.00619718,0.00605455,0.00591385,0.00577505,0.00563813,0.00550306,0.00536979,0.0052383,0.00510856,0.00498053,0.00485417,0.00472946,0.00460635,0.00448482,0.00436482,0.00424634,0.00412932,0.00401373,0.00389954,0.00378672,0.00367523,0.00356503,0.0034561,0.00334838,0.00324186,0.0031365,0.00303225,0.00292909,0.00282698,0.00272589,0.00262578,0.00252662,0.00242837,0.00233101,0.00223449,0.00213878,0.00204386,0.00194968,0.00185621,0.00176342,0.00167128,0.00157976,0.00148881,0.00139841,0.00130852,0.00121912,0.00113017,0.00104163,0.00095348,0.000865681,0.000778202,0.000691011,0.000604075,0.000517364,0.000430844,0.000344484,0.000258251,0.000172114
0,0.000675227,0.00134763,0.00201442,0.00267288,0.0033204,0.00395448,0.0045728,0.00517321,0.00575378,0.00631277,0.00684867,0.0073602,0.00784632,0.0083062,0.00873924,0.00914506,0.00952345,0.00987443,0.0101982,0.0104949,0.0107652,0.0110097,0.0112288,0.0114236,0.0115947,0.0117431,0.0118698,0.0119756,0.0120617,0.0121289,0.0121784,0.0122111,0.012228,0.01223,0.0122182,0.0121934,0.0121565,0.0121085,0.01205,0.0119819,0.011905,0.01182,0.0117275,0.0116282,0.0115227,0.0114117,0.0112955,0.0111748,0.01105,0.0109215,0.0107899,0.0106554,0.0105185,0.0103795,0.0102387,0.0100964,0.00995283,0.00980833,0.00966309,0.00951734,0.00937128,0.00922509,0.00907894,0.00893299,0.00878739,0.00864226,0.00849773,0.0083539,0.00821088,0.00806875,0.00792761,0.00778751,0.00764854,0.00751075,0.00737418,0.0072389,0.00710494,0.00697234,0.00684112,0.00671132,0.00658296,0.00645606,0.00633063,0.00620669,0.00608424,0.00596329,0.00584384,0.0057259,0.00560947,0.00549453,0.00538109,0.00526914,0.00515866,0.00504966,0.00494211,0.00483601,0.00473135,0.0046281,0.00452625,0.00442578,0.00432669,0.00422894,0.00413252,0.00403741,0.0039436,0.00385105,0.00375975,0.00366969,0.00358082,0.00349315,0.00340663,0.00332126,0.003237,0.00315384,0.00307175,0.00299071,0.0029107,0.00283168,0.00275365,0.00267658,0.00260043,0.0025252,0.00245085,0.00237737,0.00230473,0.0022329,0.00216186,0.0020916,0.00202208,0.00195329,0.0018852,0.00181779,0.00175103,0.0016849,0.00161939,0.00155446,0.0014901,0.00142627,0.00136297,0.00130017,0.00123784,0.00117596,0.00111452,0.00105348,0.000992833,0.000932549,0.000872608,0.000812989,0.000753669,0.000694628,0.000635843,0.000577293,0.000518956,0.000460811,0.000402837,0.000345012,0.000287315,0.000229724,0.000172219,0.000114777
