0,0,0,0,0,0,0,0,0,0,0,0,0,0,0,0,0,0,0,0,0,0,0,0,0,0,0,0,0,0,0,0,0,0,0,0,0,0,0,0,0,0,0,0,0,0,0,0,0,0,0,0,0,0,0,0,0,0,0,0,0,0,0,0,0,0,0,0,0,0,0,0,0,0,0,0,0,0,0,0,0,0,0,0,0,0,0,0,0,0,0,0,0,0,0,0,0,0,0,0,0,0,0,0,0,0,0,0,0,0,0,0,0,0,0,0,0,0,0,0,0,0,0,0,0,0,0,0,0,0,0,0,0,0,0,0,0,0,0,0,0,0,0,0,0,0,0,0,0,0,0,0,0,0,0,0,0,0,0,0,0
0,0.000335288,0.000669173,0.00100027,0.00132723,0.00164875,0.0019636,0.00227061,0.00256873,0.00285698,0.0031345,0.00340054,0.00365446,0.00389573,0.00412396,0.00433882,0.00454013,0.00472778,0.00490178,0.0050622,0.0052092,0.00534299,0.00546388,0.0055722,0.00566832,0.00575266,0.00582568,0.00588783,0.00593961,0.0059815,0.00601402,0.00603766,0.00605292,0.0060603,0.00606027,0.00605332,0.0060399,0.00602045,0.00599541,0.00596519,0.00593018,0.00589076,0.0058473,0.00580012,0.00574956,0.00569592,0.00563948,0.00558053,0.00551932,0.00545608,0.00539104,0.00532442,0.00525641,0.0051872,0.00511695,0.00504582,0.00497397,0.00490153,0.00482863,0.00475539,0.00468192,0.00460832,0.00453467,0.00446108,0.00438761,0.00431434,0.00424133,0.00416865,0.00409635,0.00402449,0.00395309,0.00388222,0.0038119,0.00374217,0.00367307,0.0036046,0.00353681,0.0034697,0.00340331,0.00333764,0.00327271,0.00320852,0.0031451,0.00308244,0.00302056,0.00295946,0.00289913,0.00283959,0.00278083,0.00272285,0.00266566,0.00260924,0.0025536,0.00249872,0.00244461,0.00239126,0.00233867,0.00228681,0.0022357,0.00218532,0.00213565,0.0020867,0.00203846,0.0019909,0.00194403,0.00189784,0.0018523,0.00180742,0.00176318,0.00171957,0.00167658,0.00163419,0.0015924,0.0015512,0.00151057,0.0014705,0.00143098,0.00139199,0.00135353,0.00131558,0.00127814,0.00124118,0.0012047,0.00116869,0.00113312,0.001098,0.00106331,0.00102903,0.000995161,0.000961681,0.000928582,0.000895851,0.000863477,0.000831447,0.00079975,0.000768374,0.000737307,0.000706537,0.000676052,0.000645841,0.000615892,0.000586194,0.000556734,0.000527501,0.000498484,0.000469671,0.00044105,0.00041261,0.00038434,0.000356228,0.000328263,0.000300433,0.000272727,0.000245134,0.000217642,0.00019024,0.000162917,0.000135661,0.000108461,8.13066e-05,5.41857e-05
0,0.000671979,0.00134114,0.00200468,0.0026599,0.00330418,0.00393503,0.00455013,0.00514734,0.0057247,0.0062805,0.00681321,0.00732158,0.00780455,0.00826129,0.00869121,0.00909393,0.00946925,0.00981716,0.0101378,0.0104316,0.0106989,0.0109404,0.0111566,0.0113484,0.0115167,0.0116623,0.0117861,0.0118891,0.0119724,0.012037,0.0120837,0.0121138,0.012128,0.0121275,0.0121132,0.0120859,0.0120465,0.0119961,0.0119352,0.0118648,0.0117856,0.0116984,0.0116037,0.0115023,0.0113947,0.0112815,0.0111634,0.0110407,0.010914,0.0107837,0.0106503,0.0105141,0.0103755,0.0102348,0.0100924,0.0099486,0.0098036,0.00965768,0.0095111,0.00936405,0.00921675,0.00906938,0.00892211,0.0087751,0.00862849,0.00848242,0.008337,0.00819236,0.00804857,0.00790575,0.00776397,0.0076233,0.00748381,0.00734556,0.00720861,0.007073,0.00693878,0.00680597,0.00667462,0.00654474,0.00641637,0.00628951,0.0061642,0.00604043,0.00591821,0.00579756,0.00567848,0.00556096,0.00544501,0.00533062,0.00521779,0.0051065,0.00499676,0.00488855,0.00478185,0.00467666,0.00457297,0.00447075,0.00436999,0.00427067,0.00417278,0.00407629,0.0039812,0.00388746,0.00379508,0.00370402,0.00361427,0.0035258,0.00343859,0.00335261,0.00326786,0.00318429,0.00310189,0.00302064,0.00294051,0.00286148,0.00278352,0.00270661,0.00263073,0.00255585,0.00248194,0.00240899,0.00233698,0.00226586,0.00219563,0.00212625,0.00205771,0.00198998,0.00192303,0.00185684,0.00179139,0.00172665,0.0016626,0.00159922,0.00153648,0.00147435,0.00141283,0.00135187,0.00129145,0.00123157,0.00117218,0.00111327,0.00105482,0.000996791,0.000939175,0.000881944,0.000825074,0.000768544,0.00071233,0.000656409,0.000600759,0.000545357,0.00049018,0.000435206,0.000380412,0.000325775,0.000271273,0.000216884,0.000162584,0.000108352
0,0.0010115,0.00201872,0.00301743,0.00400353,0.00497306,0.00592224,0.00684757,0.00774581,0.00861402,0.0094496,0.0102503,0.0110141,0.0117396,0.0124255,0.0130709,0.0136752,0.0142382,0.0147598,0.0152405,0.0156806,0.0160808,0.0164421,0.0167655,0.0170522,0.0173035,0.0175206,0.0177052,0.0178585,0.0179822,0.0180777,0.0181467,0.0181905,0.0182107,0.0182087,0.018186,0.018144,0.0180839,0.0180072,0.0179149,0.0178084,0.0176887,0.0175569,0.0174141,0.0172612,0.0170991,0.0169288,0.0167509,0.0165663,0.0163757,0.0161797,0.0159791,0.0157743,0.015566,0.0153546,0.0151406,0.0149245,0.0147067,0.0144876,0.0142674,0.0140466,0.0138254,0.0136041,0.013383,0.0131623,0.0129423,0.012723,0.0125047,0.0122876,0.0120719,0.0118575,0.0116448,0.0114337,0.0112244,0.0110169,0.0108114,0.010608,0.0104066,0.0102073,0.0100103,0.00981544,0.00962285,0.00943255,0.00924456,0.0090589,0.00887557,0.00869459,0.00851596,0.00833968,0.00816576,0.00799418,0.00782494,0.00765802,0.00749342,0.00733112,0.00717109,0.00701332,0.0068578,0.00670449,0.00655337,0.00640441,0.0062576,0.00611289,0.00597027,0.00582969,0.00569114,0.00555458,0.00541998,0.00528729,0.0051565,0.00502757,0.00490046,0.00477514,0.00465157,0.00452972,0.00440955,0.00429103,0.00417412,0.00405878,0.00394498,0.00383269,0.00372187,0.00361247,0.00350447,0.00339783,0.0032925,0.00318847,0.00308568,0.00298411,0.00288371,0.00278446,0.00268631,0.00258923,0.00249318,0.00239813,0.00230404,0.00221089,0.00211862,0.0020272,0.00193661,0.00184681,0.00175775,0.00166941,0.00158176,0.00149475,0.00140835,0.00132252,0.00123724,0.00115247,0.00106818,0.000984321,0.000900871,0.000817792,0.000735051,0.000652615,0.000570448,0.000488517,0.000406788,0.000325229,0.000243803,0.000162479
0,0.0013553,0.0027048,0.00404282,0.00536376,0.00666229,0.00793333,0.00917214,0.0103743,0.011536,0.0126536,0.0137242,0.0147451,0.0157144,0.0166302,0.0174917,0.0182978,0.0190485,0.0197436,0.0203837,0.0209694,0.0215017,0.0219819,0.0224113,0.0227916,0.0231245,0.0234118,0.0236555,0.0238577,0.0240203,0.0241453,0.0242348,0.024291,0.0243156,0.0243108,0.0242784,0.0242202,0.0241382,0.0240339,0.0239091,0.0237653,0.023604,0.0234268,0.0232348,0.0230295,0.0228121,0.0225837,0.0223453,0.0220981,0.0218429,0.0215806,0.0213122,0.0210383,0.0207597,0.0204772,0.0201912,0.0199024,0.0196114,0.0193186,0.0190246,0.0187297,0.0184344,0.0181389,0.0178438,0.0175492,0.0172554,0.0169628,0.0166716,0.0163819,0.0160939,0.015808,0.0155241,0.0152425,0.0149633,0.0146866,0.0144125,0.0141411,0.0138725,0.0136068,0.013344,0.0130841,0.0128273,0.0125735,0.0123228,0.0120753,0.0118308,0.0115895,0.0113513,0.0111163,0.0108844,0.0106556,0.01043,0.0102075,0.00998802,0.00977164,0.0095583,0.00934798,0.00914064,0.00893626,0.00873481,0.00853624,0.00834053,0.00814763,0.00795751,0.00777012,0.00758543,0.00740339,0.00722397,0.00704711,0.00687277,0.00670091,0.00653148,0.00636443,0.00619972,0.0060373,0.00587713,0.00571915,0.00556332,0.00540959,0.00525792,0.00510825,0.00496053,0.00481472,0.00467077,0.00452863,0.00438825,0.00424959,0.00411259,0.00397721,0.0038434,0.00371111,0.00358029,0.0034509,0.00332289,0.0031962,0.0030708,0.00294664,0.00282366,0.00270183,0.00258109,0.0024614,0.0023427,0.00222497,0.00210814,0.00199217,0.00187702,0.00176263,0.00164898,0.00153599,0.00142365,0.00131188,0.00120066,0.00108994,0.00097966,0.00086979,0.00076028,0.000651084,0.000542158,0.000433457,0.000324936,0.000216549
0,0.00170489,0.00340241,0.00508528,0.00674643,0.00837905,0.00997669,0.0115333,0.0130435,0.0145021,0.0159048,0.0172478,0.0185279,0.0197425,0.0208896,0.0219677,0.0229761,0.0239144,0.0247826,0.0255815,0.0263118,0.0269749,0.0275725,0.0281063,0.0285784,0.0289911,0.0293467,0.0296477,0.0298966,0.030096,0.0302485,0.0303567,0.0304231,0.0304502,0.0304406,0.0303967,0.0303206,0.0302148,0.0300814,0.0299224,0.0297399,0.0295356,0.0293115,0.0290691,0.0288102,0.0285363,0.0282487,0.0279489,0.027638,0.0273174,0.026988,0.026651,0.0263073,0.0259578,0.0256034,0.0252448,0.0248828,0.0245181,0.0241513,0.0237829,0.0234136,0.0230437,0.0226738,0.0223043,0.0219355,0.0215678,0.0212016,0.0208371,0.0204746,0.0201144,0.0197566,0.0194015,0.0190493,0.0187,0.0183539,0.0180112,0.0176718,0.0173359,0.0170036,0.016675,0.0163501,0.016029,0.0157117,0.0153983,0.0150888,0.0147832,0.0144816,0.0141839,0.0138901,0.0136002,0.0133143,0.0130323,0.0127541,0.0124799,0.0122094,0.0119428,0.0116799,0.0114208,0.0111654,0.0109137,0.0106655,0.0104209,0.0101799,0.0099423,0.00970814,0.00947735,0.00924988,0.00902568,0.00880468,0.00858683,0.00837209,0.00816038,0.00795165,0.00774584,0.00754291,0.00734277,0.00714538,0.00695068,0.0067586,0.00656908,0.00638208,0.00619751,0.00601533,0.00583548,0.00565788,0.00548249,0.00530925,0.00513808,0.00496893,0.00480175,0.00463647,0.00447303,0.00431137,0.00415143,0.00399316,0.00383649,0.00368136,0.00352772,0.0033755,0.00322465,0.00307512,0.00292683,0.00277973,0.00263377,0.00248889,0.00234502,0.00220212,0.00206012,0.00191897,0.00177861,0.00163898,0.00150002,0.00136169,0.00122392,0.00108666,0.00094984,0.000813419,0.000677334,0.000541531,0.000405952,0.000270541
0,0.00206186,0.00411466,0.0061495,0.00815766,0.0101308,0.0120611,0.0139411,0.0157642,0.0175242,0.0192158,0.0208345,0.0223763,0.0238383,0.0252179,0.0265137,0.0277247,0.0288504,0.0298912,0.0308478,0.0317215,0.0325139,0.033227,0.0338632,0.0344249,0.0349151,0.0353364,0.0356921,0.0359852,0.0362189,0.0363962,0.0365205,0.0365947,0.0366219,0.0366051,0.0365472,0.0364511,0.0363194,0.0361547,0.0359596,0.0357364,0.0354874,0.0352147,0.0349203,0.0346063,0.0342744,0.0339264,0.0335638,0.0331881,0.0328009,0.0324034,0.0319968,0.0315824,0.0311611,0.0307341,0.0303022,0.0298664,0.0294273,0.0289858,0.0285426,0.0280983,0.0276535,0.0272086,0.0267643,0.026321,0.0258791,0.025439,0.025001,0.0245655,0.0241327,0.023703,0.0232765,0.0228534,0.022434,0.0220184,0.0216068,0.0211993,0.0207961,0.0203972,0.0200027,0.0196127,0.0192273,0.0188465,0.0184703,0.0180989,0.0177322,0.0173701,0.0170129,0.0166603,0.0163125,0.0159694,0.0156311,0.0152973,0.0149683,0.0146438,0.0143239,0.0140086,0.0136977,0.0133913,0.0130893,0.0127916,0.0124982,0.012209,0.011924,0.0116432,0.0113663,0.0110935,0.0108245,0.0105594,0.0102981,0.0100406,0.00978663,0.00953628,0.00928943,0.00904602,0.00880598,0.00856923,0.00833571,0.00810533,0.00787804,0.00765375,0.0074324,0.0072139,0.0069982,0.0067852,0.00657486,0.00636708,0.0061618,0.00595894,0.00575844,0.00556022,0.00536421,0.00517034,0.00497853,0.00478872,0.00460083,0.00441479,0.00423053,0.00404799,0.00386708,0.00368775,0.00350992,0.00333351,0.00315847,0.00298472,0.00281219,0.00264082,0.00247053,0.00230126,0.00213293,0.00196549,0.00179885,0.00163296,0.00146774,0.00130313,0.00113906,0.000975462,0.000812268,0.00064941,0.000486822,0.000324436
0,0.00242788,0.00484492,0.00724041,0.00960394,0.0119255,0.0141958,0.0164059,0.018548,0.0206147,0.0225999,0.024498,0.0263047,0.0280164,0.0296303,0.0311447,0.0325586,0.0338716,0.0350841,0.0361973,0.0372127,0.0381323,0.0389587,0.0396947,0.0403433,0.0409079,0.0413921,0.0417994,0.0421335,0.0423983,0.0425974,0.0427346,0.0428135,0.0428378,0.0428109,0.0427364,0.0426174,0.0424573,0.0422589,0.0420252,0.0417591,0.0414631,0.0411398,0.0407916,0.0404206,0.0400291,0.0396189,0.0391921,0.0387502,0.0382951,0.0378282,0.0373509,0.0368647,0.0363707,0.0358701,0.035364,0.0348535,0.0343394,0.0338226,0.0333039,0.032784,0.0322636,0.0317434,0.0312239,0.0307057,0.0301891,0.0296748,0.029163,0.0286541,0.0281486,0.0276466,0.0271484,0.0266544,0.0261646,0.0256794,0.0251988,0.0247231,0.0242524,0.0237868,0.0233264,0.0228712,0.0224214,0.021977,0.0215381,0.0211047,0.0206768,0.0202544,0.0198376,0.0194263,0.0190206,0.0186204,0.0182256,0.0178364,0.0174525,0.0170741,0.016701,0.0163332,0.0159706,0.0156132,0.015261,0.0149138,0.0145717,0.0142345,0.0139021,0.0135745,0.0132517,0.0129335,0.0126199,0.0123108,0.0120061,0.0117058,0.0114097,0.0111178,0.01083,0.0105462,0.0102663,0.00999024,0.00971796,0.00944936,0.00918435,0.00892284,0.00866476,0.00841002,0.00815853,0.0079102,0.00766496,0.00742272,0.00718339,0.00694689,0.00671314,0.00648204,0.00625353,0.0060275,0.00580389,0.0055826,0.00536355,0.00514667,0.00493186,0.00471905,0.00450815,0.00429908,0.00409176,0.00388611,0.00368205,0.0034795,0.00327837,0.00307858,0.00288006,0.00268273,0.0024865,0.00229129,0.00209704,0.00190364,0.00171104,0.00151914,0.00132787,0.00113716,0.000946911,0.000757058,0.000567519,0.000378215
0,0.00280477,0.00559675,0.0083633,0.0110922,0.0137717,0.0163907,0.0189389,0.0214071,0.0237869,0.026071,0.0282532,0.0303283,0.0322924,0.0341424,0.0358764,0.0374935,0.0389933,0.0403766,0.0416448,0.0427998,0.0438443,0.0447811,0.0456137,0.0463459,0.0469816,0.0475249,0.0479801,0.0483516,0.0486437,0.0488608,0.0490072,0.0490873,0.0491052,0.0490649,0.0489703,0.0488254,0.0486337,0.0483987,0.0481237,0.0478121,0.0474666,0.0470904,0.046686,0.0462559,0.0458028,0.0453287,0.0448358,0.0443261,0.0438015,0.0432638,0.0427145,0.0421552,0.0415873,0.0410121,0.0404308,0.0398447,0.0392546,0.0386617,0.0380668,0.0374707,0.0368742,0.036278,0.0356828,0.0350891,0.0344975,0.0339085,0.0333225,0.03274,0.0321614,0.0315869,0.0310168,0.0304516,0.0298913,0.0293362,0.0287866,0.0282425,0.0277042,0.0271718,0.0266453,0.0261249,0.0256107,0.0251027,0.024601,0.0241056,0.0236165,0.0231338,0.0226574,0.0221874,0.0217237,0.0212664,0.0208153,0.0203705,0.0199319,0.0194995,0.0190732,0.018653,0.0182388,0.0178306,0.0174282,0.0170316,0.0166407,0.0162555,0.0158759,0.0155017,0.015133,0.0147695,0.0144114,0.0140583,0.0137103,0.0133672,0.0130291,0.0126957,0.0123669,0.0120428,0.0117232,0.0114079,0.011097,0.0107902,0.0104876,0.0101889,0.00989419,0.00960327,0.00931607,0.00903249,0.00875244,0.00847581,0.00820251,0.00793244,0.00766551,0.00740161,0.00714066,0.00688256,0.00662721,0.00637452,0.0061244,0.00587673,0.00563145,0.00538844,0.00514762,0.00490889,0.00467216,0.00443734,0.00420433,0.00397304,0.00374337,0.00351525,0.00328857,0.00306324,0.00283918,0.00261629,0.00239447,0.00217365,0.00195373,0.00173461,0.00151621,0.00129845,0.00108122,0.000864434,0.000648012,0.000431859
0,0.00319447,0.00637402,0.00952391,0.0126299,0.0156783,0.0186563,0.0215521,0.0243548,0.027055,0.0296442,0.0321155,0.0344631,0.0366825,0.0387707,0.0407254,0.0425457,0.0442318,0.0457845,0.0472057,0.0484978,0.049664,0.0507079,0.0516336,0.0524453,0.0531479,0.0537461,0.0542449,0.0546493,0.0549644,0.0551952,0.0553467,0.0554237,0.0554311,0.0553734,0.0552551,0.0550805,0.0548538,0.0545788,0.0542594,0.0538992,0.0535015,0.0530695,0.0526064,0.0521149,0.0515978,0.0510577,0.0504968,0.0499174,0.0493216,0.0487114,0.0480886,0.0474548,0.0468117,0.0461607,0.0455031,0.0448403,0.0441734,0.0435034,0.0428314,0.0421584,0.041485,0.0408122,0.0401407,0.039471,0.0388039,0.0381398,0.0374792,0.0368227,0.0361706,0.0355233,0.0348811,0.0342444,0.0336134,0.0329883,0.0323694,0.0317568,0.0311508,0.0305514,0.0299588,0.0293732,0.0287944,0.0282228,0.0276582,0.0271007,0.0265505,0.0260074,0.0254714,0.0249427,0.0244211,0.0239067,0.0233993,0.022899,0.0224058,0.0219195,0.0214401,0.0209675,0.0205017,0.0200426,0.0195902,0.0191442,0.0187047,0.0182716,0.0178447,0.0174241,0.0170095,0.0166009,0.0161982,0.0158013,0.01541,0.0150244,0.0146442,0.0142694,0.0138999,0.0135355,0.0131762,0.0128218,0.0124722,0.0121274,0.0117872,0.0114515,0.0111203,0.0107933,0.0104704,0.0101517,0.00983691,0.00952598,0.00921879,0.00891524,0.00861521,0.00831861,0.00802531,0.00773522,0.00744822,0.00716421,0.00688309,0.00660474,0.00632905,0.00605594,0.00578527,0.00551697,0.00525091,0.00498699,0.00472511,0.00446516,0.00420705,0.00395067,0.0036959,0.00344267,0.00319085,0.00294034,0.00269105,0.00244288,0.00219571,0.00194946,0.00170401,0.00145927,0.00121513,0.000971501,0.000728273,0.000485348
0,0.00359912,0.00718096,0.0107285,0.0142252,0.0176554,0.0210043,0.0242584,0.0274052,0.0304341,0.0333355,0.0361016,0.0387262,0.0412043,0.0435325,0.0457088,0.0477325,0.0496038,0.0513242,0.0528959,0.054322,0.0556064,0.0567533,0.0577676,0.0586543,0.0594189,0.060067,0.0606044,0.0610367,0.0613698,0.0616093,0.061761,0.0618302,0.0618225,0.0617429,0.0615966,0.0613883,0.0611226,0.0608039,0.0604365,0.0600243,0.0595711,0.0590804,0.0585557,0.0580001,0.0574166,0.056808,0.0561768,0.0555257,0.0548568,0.0541723,0.0534743,0.0527644,0.0520446,0.0513164,0.0505813,0.0498407,0.0490958,0.0483478,0.0475979,0.046847,0.046096,0.0453459,0.0445974,0.0438512,0.0431079,0.0423682,0.0416326,0.0409017,0.0401758,0.0394553,0.0387407,0.0380322,0.0373302,0.0366349,0.0359465,0.0352653,0.0345914,0.033925,0.0332662,0.0326151,0.0319718,0.0313364,0.0307089,0.0300894,0.029478,0.0288745,0.028279,0.0276916,0.0271121,0.0265406,0.025977,0.0254213,0.0248734,0.0243332,0.0238008,0.0232759,0.0227586,0.0222488,0.0217463,0.0212511,0.020763,0.0202821,0.0198081,0.019341,0.0188806,0.018427,0.0179798,0.0175391,0.0171048,0.0166766,0.0162545,0.0158384,0.0154282,0.0150237,0.0146248,0.0142314,0.0138434,0.0134606,0.0130829,0.0127103,0.0123425,0.0119796,0.0116212,0.0112674,0.010918,0.0105729,0.0102319,0.00989495,0.00956193,0.00923271,0.00890716,0.00858517,0.00826662,0.00795139,0.00763936,0.00733041,0.00702443,0.00672129,0.00642089,0.00612309,0.00582779,0.00553487,0.00524421,0.00495571,0.00466923,0.00438467,0.00410192,0.00382086,0.00354137,0.00326335,0.00298667,0.00271123,0.00243692,0.00216361,0.0018912,0.00161957,0.00134862,0.00107822,0.000808274,0.000538662
0,0.00402107,0.00802223,0.0119839,0.0158871,0.0197139,0.0234473,0.0270719,0.0305738,0.0339407,0.0371622,0.0402295,0.0431359,0.045876,0.0484465,0.0508453,0.0530719,0.055127,0.0570128,0.0587319,0.0602883,0.0616865,0.0629317,0.0640294,0.0649857,0.0658068,0.0664992,0.0670693,0.0675237,0.0678691,0.0681118,0.0682581,0.0683142,0.0682862,0.0681798,0.0680006,0.0677539,0.0674448,0.0670783,0.0666588,0.0661909,0.0656787,0.065126,0.0645365,0.0639138,0.0632611,0.0625814,0.0618776,0.0611524,0.0604082,0.0596475,0.0588723,0.0580848,0.0572867,0.0564798,0.0556657,0.054846,0.0540219,0.0531949,0.052366,0.0515364,0.050707,0.0498787,0.0490525,0.0482291,0.0474091,0.0465933,0.0457822,0.0449764,0.0441762,0.0433823,0.0425949,0.0418144,0.0410411,0.0402754,0.0395173,0.0387673,0.0380254,0.0372918,0.0365666,0.0358501,0.0351421,0.0344429,0.0337525,0.033071,0.0323982,0.0317344,0.0310794,0.0304333,0.0297959,0.0291674,0.0285476,0.0279365,0.027334,0.0267401,0.0261546,0.0255776,0.0250088,0.0244483,0.0238959,0.0233515,0.022815,0.0222863,0.0217653,0.0212518,0.0207459,0.0202472,0.0197558,0.0192714,0.018794,0.0183235,0.0178596,0.0174023,0.0169514,0.0165069,0.0160685,0.0156362,0.0152098,0.0147892,0.0143742,0.0139647,0.0135606,0.0131618,0.012768,0.0123793,0.0119953,0.0116161,0.0112414,0.0108712,0.0105053,0.0101436,0.0097859,0.00943213,0.00908213,0.00873578,0.00839295,0.00805351,0.00771733,0.00738428,0.00705423,0.00672705,0.00640261,0.00608079,0.00576146,0.00544449,0.00512975,0.00481712,0.00450648,0.00419769,0.00389064,0.00358519,0.00328123,0.00297862,0.00267725,0.00237698,0.00207771,0.00177929,0.00148161,0.00118455,0.000887984,0.000591784
0,0.00446294,0.00890303,0.0132978,0.0176256,0.0218658,0.0259992,0.0300083,0.0338775,0.037593,0.0411432,0.0445187,0.047712,0.0507177,0.0535323,0.0561541,0.0585829,0.0608201,0.0628682,0.064731,0.0664131,0.0679201,0.0692579,0.0704331,0.0714527,0.0723239,0.0730539,0.0736503,0.0741204,0.0744716,0.074711,0.0748459,0.0748829,0.0748288,0.07469,0.0744726,0.0741825,0.0738252,0.0734061,0.0729303,0.0724025,0.0718273,0.0712089,0.0705512,0.0698582,0.0691332,0.0683796,0.0676004,0.0667987,0.065977,0.0651378,0.0642836,0.0634164,0.0625382,0.0616511,0.0607566,0.0598564,0.0589519,0.0580446,0.0571357,0.0562263,0.0553175,0.0544104,0.0535057,0.0526044,0.0517071,0.0508145,0.0499274,0.0490462,0.0481714,0.0473036,0.046443,0.0455902,0.0447454,0.0439089,0.0430811,0.042262,0.0414519,0.040651,0.0398594,0.0390772,0.0383046,0.0375416,0.0367882,0.0360445,0.0353105,0.0345863,0.0338718,0.033167,0.0324718,0.0317863,0.0311104,0.0304439,0.0297869,0.0291393,0.0285009,0.0278717,0.0272516,0.0266405,0.0260383,0.0254448,0.0248599,0.0242836,0.0237157,0.023156,0.0226045,0.022061,0.0215254,0.0209975,0.0204772,0.0199643,0.0194588,0.0189604,0.0184691,0.0179847,0.0175069,0.0170358,0.0165712,0.0161128,0.0156606,0.0152144,0.0147741,0.0143395,0.0139105,0.0134868,0.0130685,0.0126553,0.0122471,0.0118437,0.0114451,0.0110509,0.0106612,0.0102758,0.00989445,0.0095171,0.00914359,0.00877377,0.00840751,0.00804465,0.00768507,0.00732862,0.00697516,0.00662455,0.00627665,0.00593133,0.00558844,0.00524785,0.00490943,0.00457303,0.00423851,0.00390575,0.00357461,0.00324494,0.00291662,0.00258951,0.00226347,0.00193837,0.00161408,0.00129046,0.000967376,0.000644694
0,0.00492767,0.00982916,0.0146788,0.0194517,0.0241246,0.0286756,0.0330849,0.0373349,0.0414106,0.0452991,0.0489902,0.0524759,0.0557507,0.0588113,0.0616562,0.0642859,0.0667024,0.0689093,0.0709111,0.0727136,0.0743232,0.075747,0.0769929,0.0780686,0.0789825,0.0797428,0.0803581,0.0808365,0.0811863,0.0814155,0.081532,0.0815433,0.0814568,0.0812794,0.081018,0.0806788,0.080268,0.0797914,0.0792544,0.0786623,0.0780199,0.0773317,0.0766021,0.0758352,0.0750346,0.074204,0.0733467,0.0724657,0.0715639,0.070644,0.0697085,0.0687597,0.0677997,0.0668305,0.065854,0.0648719,0.0638857,0.0628968,0.0619067,0.0609165,0.0599274,0.0589404,0.0579565,0.0569765,0.0560012,0.0550313,0.0540675,0.0531105,0.0521606,0.0512184,0.0502844,0.0493589,0.0484423,0.0475349,0.0466369,0.0457486,0.0448702,0.0440018,0.0431437,0.0422958,0.0414584,0.0406315,0.0398151,0.0390093,0.0382141,0.0374295,0.0366554,0.035892,0.0351391,0.0343966,0.0336645,0.0329428,0.0322314,0.0315301,0.0308389,0.0301577,0.0294864,0.0288248,0.0281728,0.0275303,0.0268973,0.0262734,0.0256587,0.025053,0.024456,0.0238678,0.0232881,0.0227168,0.0221537,0.0215987,0.0210516,0.0205123,0.0199806,0.0194564,0.0189395,0.0184297,0.017927,0.017431,0.0169417,0.016459,0.0159825,0.0155123,0.0150481,0.0145898,0.0141372,0.0136902,0.0132485,0.0128121,0.0123808,0.0119544,0.0115328,0.0111158,0.0107033,0.0102951,0.00989101,0.00949094,0.00909471,0.00870218,0.00831319,0.00792759,0.00754523,0.00716595,0.00678961,0.00641606,0.00604514,0.00567671,0.00531062,0.00494673,0.00458487,0.00422491,0.0038667,0.0035101,0.00315494,0.0028011,0.00244842,0.00209676,0.00174597,0.0013959,0.00104642,0.000697372
0,0.00541859,0.0108072,0.0161365,0.0213781,0.0265053,0.0314937,0.0363207,0.040967,0.0454156,0.0496527,0.0536672,0.057451,0.0609983,0.0643062,0.0673738,0.0702024,0.0727948,0.0751558,0.0772909,0.0792072,0.0809123,0.0824147,0.0837231,0.0848468,0.0857951,0.0865774,0.0872032,0.0876817,0.0880221,0.0882333,0.0883239,0.0883022,0.0881762,0.0879536,0.0876417,0.0872474,0.0867773,0.0862377,0.0856344,0.0849731,0.0842589,0.0834967,0.0826911,0.0818465,0.0809669,0.080056,0.0791174,0.0781543,0.0771698,0.0761667,0.0751477,0.0741151,0.0730712,0.0720182,0.070958,0.0698924,0.0688229,0.0677512,0.0666787,0.0656066,0.0645361,0.0634684,0.0624043,0.0613448,0.0602908,0.059243,0.058202,0.0571685,0.0561431,0.0551262,0.0541183,0.0531198,0.0521311,0.0511524,0.0501841,0.0492264,0.0482795,0.0473435,0.0464187,0.045505,0.0446028,0.0437119,0.0428324,0.0419645,0.041108,0.0402631,0.0394296,0.0386075,0.0377968,0.0369975,0.0362094,0.0354325,0.0346667,0.0339119,0.033168,0.0324348,0.0317123,0.0310004,0.0302988,0.0296075,0.0289263,0.0282551,0.0275937,0.026942,0.0262998,0.0256669,0.0250433,0.0244287,0.023823,0.023226,0.0226375,0.0220574,0.0214856,0.0209217,0.0203657,0.0198175,0.0192767,0.0187433,0.0182171,0.0176979,0.0171855,0.0166798,0.0161806,0.0156877,0.015201,0.0147203,0.0142453,0.0137761,0.0133122,0.0128537,0.0124004,0.011952,0.0115084,0.0110694,0.0106349,0.0102048,0.00977871,0.00935663,0.00893837,0.00852375,0.00811262,0.00770481,0.00730016,0.0068985,0.00649968,0.00610354,0.00570992,0.00531866,0.00492959,0.00454256,0.00415742,0.003774,0.00339214,0.00301169,0.0026325,0.0022544,0.00187723,0.00150085,0.00112509,0.0007498
0,0.00593951,0.0118447,0.0176819,0.0234188,0.0290252,0.0344731,0.0397376,0.0447968,0.0496324,0.0542291,0.0585753,0.0626626,0.0664856,0.0700417,0.0733308,0.0763553,0.0791192,0.0816284,0.08389,0.0859125,0.0877048,0.0892768,0.0906386,0.0918009,0.0927742,0.0935691,0.0941961,0.0946656,0.0949878,0.0951723,0.0952286,0.0951659,0.0949929,0.0947177,0.0943484,0.0938925,0.0933569,0.0927484,0.0920733,0.0913375,0.0905467,0.0897059,0.0888201,0.0878938,0.0869313,0.0859367,0.0849135,0.0838653,0.0827952,0.0817063,0.0806012,0.0794826,0.0783529,0.0772141,0.0760684,0.0749176,0.0737635,0.0726075,0.0714513,0.0702961,0.0691432,0.0679937,0.0668486,0.0657088,0.0645753,0.0634488,0.0623301,0.0612196,0.0601181,0.0590261,0.0579439,0.0568721,0.0558109,0.0547607,0.0537219,0.0526945,0.0516789,0.0506752,0.0496835,0.0487041,0.0477368,0.0467819,0.0458394,0.0449093,0.0439916,0.0430863,0.0421933,0.0413127,0.0404444,0.0395882,0.0387442,0.0379122,0.0370921,0.0362839,0.0354873,0.0347024,0.0339288,0.0331666,0.0324156,0.0316756,0.0309464,0.0302279,0.02952,0.0288225,0.0281352,0.0274579,0.0267905,0.0261328,0.0254845,0.0248457,0.024216,0.0235953,0.0229833,0.02238,0.0217851,0.0211985,0.0206199,0.0200492,0.0194862,0.0189308,0.0183826,0.0178416,0.0173075,0.0167802,0.0162596,0.0157453,0.0152372,0.0147352,0.014239,0.0137486,0.0132636,0.0127839,0.0123094,0.0118399,0.0113751,0.010915,0.0104592,0.0100078,0.00956037,0.00911689,0.00867713,0.00824092,0.0078081,0.00737848,0.00695191,0.0065282,0.00610718,0.00568869,0.00527254,0.00485859,0.00444664,0.00403654,0.00362812,0.0032212,0.00281563,0.00241122,0.00200782,0.00160525,0.00120335,0.000801958
0,0.00649478,0.0129502,0.0193276,0.0255903,0.0317036,0.0376361,0.0433599,0.0488506,0.0540881,0.0590562,0.0637426,0.0681389,0.0722401,0.0760444,0.0795529,0.0827691,0.0856986,0.0883489,0.0907288,0.0928482,0.094718,0.0963494,0.0977543,0.0989446,0.0999322,0.100729,0.101347,0.101798,0.102092,0.10224,0.102253,0.102141,0.101912,0.101577,0.101143,0.100618,0.10001,0.0993265,0.0985737,0.097758,0.0968852,0.0959609,0.0949903,0.0939781,0.0929289,0.0918468,0.0907356,0.0895991,0.0884405,0.087263,0.0860694,0.0848624,0.0836445,0.082418,0.0811849,0.0799473,0.0787068,0.0774652,0.076224,0.0749844,0.073748,0.0725157,0.0712886,0.0700677,0.068854,0.0676481,0.0664509,0.065263,0.0640849,0.0629172,0.0617603,0.0606148,0.0594809,0.0583589,0.0572493,0.0561521,0.0550676,0.053996,0.0529374,0.051892,0.0508598,0.0498408,0.0488352,0.0478429,0.046864,0.0458983,0.044946,0.0440068,0.0430809,0.042168,0.0412681,0.0403811,0.0395069,0.0386453,0.0377962,0.0369596,0.0361352,0.0353228,0.0345225,0.0337339,0.0329569,0.0321913,0.031437,0.0306938,0.0299616,0.02924,0.028529,0.0278283,0.0271378,0.0264572,0.0257865,0.0251253,0.0244735,0.0238308,0.0231972,0.0225724,0.0219562,0.0213484,0.0207488,0.0201572,0.0195734,0.0189972,0.0184285,0.017867,0.0173125,0.0167648,0.0162238,0.0156892,0.0151609,0.0146386,0.0141222,0.0136114,0.0131061,0.0126062,0.0121113,0.0116213,0.0111361,0.0106554,0.010179,0.00970678,0.00923855,0.0087741,0.00831326,0.00785583,0.00740165,0.00695051,0.00650225,0.00605668,0.00561361,0.00517287,0.00473427,0.00429764,0.0038628,0.00342956,0.00299774,0.00256718,0.00213768,0.00170908,0.00128119,0.000853827
0,0.00708947,0.0141336,0.0210882,0.0279111,0.0345629,0.0410081,0.0472153,0.0531578,0.0588135,0.0641652,0.0692003,0.0739106,0.0782918,0.0823433,0.0860676,0.0894699,0.0925577,0.0953403,0.0978285,0.100034,0.10197,0.103649,0.105085,0.106291,0.107282,0.108069,0.108666,0.109087,0.109342,0.109444,0.109404,0.109232,0.10894,0.108535,0.108028,0.107427,0.10674,0.105975,0.105138,0.104236,0.103276,0.102263,0.101203,0.100101,0.0989603,0.0977869,0.0965841,0.0953559,0.0941057,0.0928368,0.091552,0.0902542,0.0889459,0.0876295,0.0863072,0.0849809,0.0836525,0.0823237,0.080996,0.0796709,0.0783497,0.0770336,0.0757236,0.0744208,0.073126,0.0718401,0.0705637,0.0692977,0.0680425,0.0667987,0.0655667,0.0643471,0.0631401,0.0619461,0.0607654,0.0595982,0.0584447,0.0573051,0.0561795,0.055068,0.0539707,0.0528877,0.0518189,0.0507645,0.0497243,0.0486984,0.0476866,0.0466891,0.0457056,0.044736,0.0437804,0.0428385,0.0419102,0.0409954,0.040094,0.0392058,0.0383306,0.0374683,0.0366188,0.0357817,0.0349571,0.0341446,0.0333441,0.0325554,0.0317784,0.0310127,0.0302582,0.0295148,0.0287821,0.0280601,0.0273484,0.0266469,0.0259554,0.0252737,0.0246015,0.0239387,0.023285,0.0226403,0.0220042,0.0213767,0.0207575,0.0201463,0.0195431,0.0189475,0.0183594,0.0177785,0.0172047,0.0166377,0.0160774,0.0155235,0.0149758,0.0144341,0.0138982,0.013368,0.0128432,0.0123236,0.0118089,0.0112992,0.010794,0.0102932,0.00979667,0.00930415,0.00881545,0.00833038,0.00784874,0.00737034,0.00689499,0.0064225,0.00595266,0.00548529,0.0050202,0.0045572,0.00409608,0.00363668,0.00317878,0.00272222,0.00226678,0.00181229,0.00135856,0.00090539
0,0.0077295,0.0154067,0.0229807,0.030403,0.037629,0.0446182,0.0513357,0.0577519,0.0638431,0.0695911,0.0749832,0.0800117,0.0846736,0.0889698,0.0929047,0.0964856,0.0997224,0.102627,0.105211,0.107491,0.109479,0.111193,0.112646,0.113855,0.114834,0.115599,0.116163,0.116541,0.116746,0.116791,0.116687,0.116446,0.116079,0.115597,0.115009,0.114323,0.11355,0.112695,0.111768,0.110774,0.109721,0.108614,0.107459,0.106262,0.105026,0.103757,0.102459,0.101136,0.0997909,0.0984275,0.0970488,0.0956576,0.0942566,0.0928481,0.0914345,0.0900178,0.0885998,0.0871822,0.0857667,0.0843548,0.0829477,0.0815466,0.0801527,0.078767,0.0773904,0.0760236,0.0746676,0.0733228,0.07199,0.0706696,0.0693622,0.0680681,0.0667877,0.0655214,0.0642694,0.0630319,0.0618093,0.0606015,0.0594087,0.0582311,0.0570687,0.0559216,0.0547897,0.0536731,0.0525717,0.0514855,0.0504145,0.0493586,0.0483176,0.0472915,0.0462802,0.0452835,0.0443013,0.0433335,0.0423798,0.0414402,0.0405144,0.0396023,0.0387038,0.0378185,0.0369464,0.0360871,0.0352406,0.0344066,0.033585,0.0327754,0.0319776,0.0311916,0.030417,0.0296536,0.0289013,0.0281597,0.0274287,0.026708,0.0259975,0.0252969,0.0246059,0.0239244,0.0232522,0.0225889,0.0219344,0.0212885,0.0206509,0.0200215,0.0193999,0.018786,0.0181796,0.0175804,0.0169882,0.0164029,0.0158241,0.0152517,0.0146854,0.0141251,0.0135705,0.0130214,0.0124776,0.0119389,0.0114051,0.010876,0.0103513,0.00983088,0.00931449,0.00880194,0.00829303,0.00778753,0.00728527,0.00678601,0.00628958,0.00579575,0.00530433,0.00481511,0.0043279,0.00384249,0.00335868,0.00287627,0.00239506,0.00191485,0.00143544,0.000956626
0,0.00842184,0.0167831,0.0250249,0.0330915,0.0409318,0.0485002,0.0557575,0.0626713,0.0692161,0.0753731,0.0811299,0.0864798,0.0914214,0.0959579,0.100096,0.103846,0.10722,0.110233,0.1129,0.115238,0.117264,0.118997,0.120452,0.121649,0.122602,0.12333,0.123848,0.12417,0.124312,0.124286,0.124107,0.123787,0.123336,0.122766,0.122087,0.121309,0.12044,0.11949,0.118465,0.117373,0.11622,0.115014,0.113759,0.112462,0.111126,0.109758,0.108361,0.106939,0.105496,0.104035,0.102559,0.101072,0.0995759,0.0980732,0.0965663,0.0950572,0.0935478,0.09204,0.0905352,0.0890351,0.0875409,0.0860538,0.084575,0.0831055,0.0816462,0.0801979,0.0787615,0.0773374,0.0759264,0.074529,0.0731456,0.0717767,0.0704227,0.0690838,0.0677602,0.0664524,0.0651603,0.0638842,0.0626243,0.0613805,0.0601529,0.0589416,0.0577466,0.0565678,0.0554053,0.054259,0.0531287,0.0520145,0.0509162,0.0498336,0.0487668,0.0477154,0.0466794,0.0456587,0.044653,0.0436621,0.0426859,0.0417242,0.0407768,0.0398435,0.038924,0.0380182,0.0371259,0.0362468,0.0353807,0.0345274,0.0336866,0.0328582,0.0320419,0.0312374,0.0304445,0.0296631,0.0288928,0.0281334,0.0273847,0.0266465,0.0259185,0.0252004,0.0244921,0.0237933,0.0231038,0.0224233,0.0217516,0.0210885,0.0204337,0.019787,0.0191482,0.018517,0.0178932,0.0172765,0.0166669,0.0160639,0.0154674,0.0148772,0.014293,0.0137147,0.0131419,0.0125745,0.0120122,0.0114549,0.0109022,0.0103541,0.0098102,0.00927036,0.00873434,0.00820193,0.00767292,0.0071471,0.00662423,0.00610412,0.00558655,0.0050713,0.00455816,0.00404692,0.00353737,0.00302929,0.00252248,0.00201672,0.0015118,0.00100752
0,0.00917476,0.018279,0.0272444,0.0360065,0.0445067,0.0526935,0.0605231,0.06796,0.0749773,0.0815557,0.0876837,0.0933564,0.0985748,0.103345,0.107676,0.111583,0.11508,0.118185,0.120918,0.123298,0.125344,0.127078,0.128519,0.129686,0.130597,0.131272,0.131728,0.13198,0.132045,0.131937,0.13167,0.131258,0.130712,0.130045,0.129266,0.128386,0.127414,0.126359,0.12523,0.124032,0.122775,0.121463,0.120103,0.1187,0.117261,0.115789,0.114288,0.112764,0.111219,0.109658,0.108083,0.106497,0.104903,0.103304,0.101702,0.100098,0.0984957,0.096896,0.0953005,0.0937109,0.0921283,0.0905541,0.0889894,0.0874352,0.0858925,0.0843619,0.0828443,0.0813404,0.0798507,0.0783758,0.0769161,0.0754721,0.074044,0.0726322,0.0712369,0.0698584,0.0684969,0.0671524,0.0658251,0.0645151,0.0632223,0.0619469,0.0606887,0.0594479,0.0582242,0.0570178,0.0558284,0.054656,0.0535004,0.0523616,0.0512393,0.0501334,0.0490438,0.0479703,0.0469127,0.0458708,0.0448443,0.0438332,0.0428372,0.041856,0.0408894,0.0399373,0.0389993,0.0380753,0.037165,0.0362682,0.0353846,0.034514,0.0336561,0.0328108,0.0319776,0.0311565,0.0303472,0.0295493,0.0287627,0.0279871,0.0272222,0.0264678,0.0257237,0.0249896,0.0242652,0.0235504,0.0228448,0.0221482,0.0214604,0.0207811,0.02011,0.019447,0.0187918,0.0181441,0.0175037,0.0168704,0.0162439,0.015624,0.0150105,0.014403,0.0138015,0.0132055,0.012615,0.0120297,0.0114493,0.0108736,0.0103024,0.00973545,0.00917252,0.00861339,0.00805783,0.00750561,0.00695651,0.0064103,0.00586675,0.00532565,0.00478677,0.00424989,0.00371478,0.00318122,0.00264899,0.00211786,0.00158762,0.00105805
0,0.00999823,0.0199139,0.0296672,0.0391834,0.0483952,0.0572441,0.0656814,0.0736687,0.0811775,0.088189,0.0946933,0.100688,0.106177,0.11117,0.115682,0.119729,0.123332,0.126511,0.12929,0.131691,0.133738,0.135453,0.136859,0.137978,0.13883,0.139435,0.139812,0.139978,0.139951,0.139747,0.13938,0.138864,0.138212,0.137435,0.136547,0.135556,0.134472,0.133305,0.132063,0.130754,0.129384,0.127961,0.12649,0.124978,0.123429,0.121849,0.120241,0.118611,0.116961,0.115296,0.113618,0.111931,0.110237,0.108539,0.106839,0.10514,0.103442,0.101749,0.100061,0.0983809,0.0967088,0.0950465,0.0933948,0.0917551,0.090128,0.0885144,0.0869151,0.0853307,0.0837618,0.0822089,0.0806725,0.0791529,0.0776505,0.0761656,0.0746984,0.0732492,0.071818,0.070405,0.0690103,0.0676339,0.066276,0.0649364,0.0636151,0.0623122,0.0610276,0.0597611,0.0585127,0.0572822,0.0560695,0.0548745,0.0536969,0.0525367,0.0513937,0.0502676,0.0491582,0.0480654,0.046989,0.0459286,0.0448841,0.0438553,0.0428418,0.0418435,0.0408602,0.0398915,0.0389372,0.0379971,0.0370709,0.0361584,0.0352592,0.0343732,0.0335001,0.0326395,0.0317913,0.0309552,0.0301308,0.0293181,0.0285166,0.0277261,0.0269464,0.0261772,0.0254183,0.0246693,0.02393,0.0232002,0.0224795,0.0217678,0.0210648,0.0203702,0.0196838,0.0190053,0.0183344,0.017671,0.0170147,0.0163653,0.0157226,0.0150863,0.0144561,0.0138319,0.0132133,0.0126002,0.0119922,0.0113892,0.0107909,0.010197,0.00960741,0.00902175,0.00843983,0.00786142,0.00728628,0.00671416,0.00614485,0.00557809,0.00501366,0.00445133,0.00389085,0.003332,0.00277454,0.00221824,0.00166287,0.00110819
0,0.0109043,0.0217112,0.0323271,0.0426649,0.0526468,0.0622066,0.0712901,0.079856,0.0878752,0.0953299,0.102213,0.108525,0.114275,0.119478,0.124152,0.128321,0.132007,0.135238,0.13804,0.140439,0.142464,0.144138,0.145489,0.146538,0.14731,0.147826,0.148107,0.148171,0.148037,0.147721,0.147239,0.146606,0.145836,0.14494,0.143931,0.142819,0.141615,0.140328,0.138965,0.137537,0.136048,0.134508,0.132921,0.131293,0.12963,0.127937,0.126218,0.124478,0.12272,0.120947,0.119164,0.117373,0.115576,0.113777,0.111978,0.11018,0.108387,0.106598,0.104817,0.103044,0.101281,0.0995295,0.09779,0.0960637,0.0943515,0.0926542,0.0909725,0.0893071,0.0876585,0.0860272,0.0844137,0.0828182,0.0812413,0.079683,0.0781437,0.0766234,0.0751225,0.0736409,0.0721787,0.0707361,0.0693129,0.0679092,0.0665249,0.06516,0.0638144,0.062488,0.0611806,0.0598922,0.0586225,0.0573715,0.0561389,0.0549245,0.0537282,0.0525497,0.0513888,0.0502453,0.049119,0.0480097,0.046917,0.0458407,0.0447806,0.0437364,0.0427079,0.0416948,0.0406968,0.0397136,0.0387451,0.0377908,0.0368506,0.0359242,0.0350112,0.0341115,0.0332247,0.0323505,0.0314888,0.0306391,0.0298012,0.0289749,0.0281599,0.0273558,0.0265625,0.0257796,0.0250069,0.024244,0.0234908,0.022747,0.0220122,0.0212863,0.0205689,0.0198598,0.0191587,0.0184653,0.0177794,0.0171008,0.0164291,0.0157642,0.0151056,0.0144533,0.0138069,0.0131662,0.0125309,0.0119008,0.0112755,0.010655,0.0100388,0.00942686,0.0088188,0.0082144,0.00761342,0.00701561,0.00642072,0.00582852,0.00523874,0.00465115,0.00406551,0.00348157,0.00289908,0.00231781,0.00173751,0.00115794
0,0.0119077,0.0236998,0.0352653,0.0465023,0.0573208,0.0676455,0.0774167,0.0865904,0.0951376,0.103043,0.110303,0.116925,0.122922,0.128315,0.13313,0.137394,0.141139,0.144394,0.147192,0.149564,0.15154,0.153149,0.154419,0.155377,0.156047,0.156454,0.156619,0.156563,0.156304,0.155861,0.155251,0.154488,0.153586,0.152559,0.151419,0.150176,0.148842,0.147426,0.145936,0.14438,0.142767,0.141102,0.139393,0.137645,0.135863,0.134053,0.132218,0.130364,0.128494,0.126611,0.124719,0.122821,0.12092,0.119018,0.117117,0.115219,0.113327,0.111442,0.109565,0.107699,0.105844,0.104002,0.102174,0.10036,0.0985618,0.0967801,0.0950154,0.0932684,0.0915396,0.0898294,0.0881384,0.0864668,0.084815,0.0831831,0.0815715,0.0799802,0.0784093,0.0768591,0.0753294,0.0738204,0.0723321,0.0708643,0.069417,0.0679902,0.0665837,0.0651975,0.0638313,0.0624851,0.0611586,0.0598517,0.0585642,0.0572959,0.0560465,0.0548158,0.0536037,0.0524097,0.0512338,0.0500757,0.048935,0.0478115,0.046705,0.0456152,0.0445418,0.0434845,0.042443,0.0414171,0.0404064,0.0394107,0.0384297,0.0374631,0.0365106,0.035572,0.0346468,0.0337349,0.0328359,0.0319496,0.0310756,0.0302137,0.0293636,0.0285249,0.0276975,0.0268809,0.026075,0.0252794,0.0244939,0.0237182,0.0229519,0.0221948,0.0214467,0.0207072,0.0199761,0.0192531,0.0185379,0.0178302,0.0171298,0.0164364,0.0157498,0.0150696,0.0143956,0.0137275,0.013065,0.012408,0.0117561,0.0111091,0.0104667,0.00982859,0.00919459,0.00856442,0.00793782,0.00731453,0.00669428,0.00607684,0.00546193,0.0048493,0.00423871,0.00362989,0.00302258,0.00241655,0.00181153,0.00120726
0,0.0130267,0.0259149,0.0385322,0.0507583,0.0624887,0.0736381,0.0841409,0.0939514,0.103042,0.111402,0.119033,0.125949,0.132172,0.137731,0.142658,0.146989,0.15076,0.154008,0.156772,0.159085,0.160983,0.162499,0.163662,0.164503,0.165049,0.165324,0.165353,0.165157,0.164757,0.164171,0.163416,0.162508,0.161463,0.160292,0.15901,0.157626,0.156153,0.154598,0.152972,0.151283,0.149537,0.147743,0.145905,0.144031,0.142126,0.140193,0.13824,0.136268,0.134282,0.132286,0.130283,0.128275,0.126266,0.124258,0.122253,0.120254,0.118261,0.116278,0.114305,0.112344,0.110396,0.108462,0.106544,0.104642,0.102757,0.100891,0.0990423,0.0972132,0.0954037,0.0936143,0.0918454,0.0900974,0.0883704,0.0866648,0.0849807,0.0833182,0.0816774,0.0800585,0.0784613,0.076886,0.0753324,0.0738006,0.0722905,0.0708018,0.0693346,0.0678887,0.0664639,0.06506,0.0636769,0.0623144,0.0609722,0.05965,0.0583478,0.0570652,0.055802,0.0545578,0.0533326,0.0521259,0.0509375,0.0497671,0.0486144,0.0474792,0.0463611,0.0452599,0.0441752,0.0431068,0.0420543,0.0410174,0.0399959,0.0389895,0.0379977,0.0370204,0.0360572,0.0351077,0.0341718,0.0332491,0.0323393,0.0314421,0.0305571,0.0296841,0.0288228,0.0279729,0.027134,0.026306,0.0254884,0.024681,0.0238835,0.0230955,0.0223169,0.0215473,0.0207864,0.020034,0.0192897,0.0185532,0.0178244,0.0171028,0.0163882,0.0156804,0.014979,0.0142838,0.0135945,0.0129108,0.0122325,0.0115592,0.0108907,0.0102268,0.00956707,0.00891135,0.00825935,0.0076108,0.00696542,0.00632296,0.00568314,0.0050457,0.00441037,0.00377689,0.00314499,0.00251441,0.00188488,0.00125615
0,0.0142843,0.0284008,0.0421905,0.05551,0.0682379,0.0802775,0.0915578,0.102033,0.111678,0.12049,0.128478,0.135667,0.142088,0.147779,0.152783,0.157143,0.160904,0.164109,0.166802,0.169023,0.17081,0.172201,0.173229,0.173926,0.174321,0.174442,0.174313,0.173958,0.173397,0.17265,0.171735,0.170668,0.169465,0.168139,0.166703,0.165168,0.163545,0.161844,0.160074,0.158243,0.156358,0.154427,0.152456,0.15045,0.148416,0.146358,0.14428,0.142187,0.140082,0.137969,0.135852,0.133732,0.131613,0.129497,0.127386,0.125283,0.123189,0.121106,0.119035,0.116977,0.114935,0.112909,0.1109,0.108909,0.106937,0.104984,0.103052,0.10114,0.0992495,0.0973805,0.0955335,0.0937087,0.0919065,0.0901269,0.0883701,0.0866364,0.0849256,0.0832379,0.0815732,0.0799316,0.0783129,0.0767172,0.0751442,0.0735939,0.0720661,0.0705607,0.0690774,0.0676161,0.0661765,0.0647585,0.0633618,0.0619862,0.0606313,0.059297,0.0579829,0.0566889,0.0554145,0.0541595,0.0529237,0.0517066,0.0505081,0.0493278,0.0481653,0.0470205,0.0458929,0.0447822,0.0436882,0.0426105,0.0415487,0.0405026,0.0394719,0.0384562,0.0374552,0.0364686,0.035496,0.0345372,0.0335918,0.0326595,0.03174,0.030833,0.0299381,0.0290551,0.0281836,0.0273233,0.0264739,0.0256351,0.0248066,0.0239881,0.0231792,0.0223798,0.0215894,0.0208078,0.0200346,0.0192697,0.0185126,0.0177631,0.0170208,0.0162856,0.0155571,0.014835,0.0141191,0.013409,0.0127044,0.0120051,0.0113108,0.0106213,0.00993608,0.00925506,0.0085779,0.00790432,0.00723404,0.00656679,0.00590229,0.00524026,0.00458043,0.00392252,0.00326625,0.00261136,0.00195756,0.00130458
0,0.0157097,0.0312138,0.0463189,0.0608535,0.0746756,0.0876764,0.0997804,0.110943,0.121148,0.130401,0.138723,0.146153,0.152733,0.158516,0.163552,0.167897,0.171604,0.174723,0.177304,0.179394,0.181035,0.182267,0.183128,0.183652,0.18387,0.183811,0.183501,0.182965,0.182224,0.181298,0.180207,0.178966,0.177592,0.176097,0.174496,0.172799,0.171017,0.16916,0.167238,0.165257,0.163227,0.161153,0.159042,0.1569,0.154732,0.152543,0.150338,0.148119,0.145892,0.143659,0.141424,0.13919,0.136958,0.134732,0.132514,0.130305,0.128107,0.125923,0.123752,0.121598,0.11946,0.117341,0.11524,0.113159,0.111099,0.10906,0.107043,0.105048,0.103076,0.101127,0.0992012,0.0972995,0.0954217,0.093568,0.0917386,0.0899334,0.0881526,0.0863962,0.084664,0.0829562,0.0812725,0.0796129,0.0779773,0.0763654,0.0747772,0.0732124,0.0716708,0.0701523,0.0686565,0.0671833,0.0657323,0.0643034,0.0628962,0.0615104,0.0601458,0.0588021,0.0574789,0.0561759,0.0548929,0.0536295,0.0523854,0.0511602,0.0499537,0.0487655,0.0475953,0.0464427,0.0453074,0.0441891,0.0430875,0.0420021,0.0409327,0.0398789,0.0388404,0.0378169,0.036808,0.0358134,0.0348327,0.0338657,0.0329119,0.0319711,0.0310429,0.0301271,0.0292232,0.028331,0.0274501,0.0265802,0.025721,0.0248721,0.0240333,0.0232043,0.0223847,0.0215741,0.0207724,0.0199792,0.0191941,0.018417,0.0176474,0.016885,0.0161296,0.0153809,0.0146386,0.0139023,0.0131718,0.0124467,0.0117269,0.0110119,0.0103015,0.00959542,0.00889334,0.00819497,0.00750004,0.00680824,0.0061193,0.00543293,0.00474883,0.00406673,0.00338633,0.00270736,0.00202952,0.00135254
0,0.0173406,0.034426,0.0510179,0.0669096,0.0819349,0.0959724,0.108944,0.120812,0.131571,0.141241,0.149863,0.157488,0.164178,0.169998,0.175014,0.17929,0.182891,0.185876,0.188299,0.190214,0.191668,0.192705,0.193365,0.193684,0.193696,0.193431,0.192916,0.192177,0.191236,0.190114,0.188829,0.187399,0.185839,0.184164,0.182385,0.180515,0.178565,0.176544,0.174461,0.172324,0.17014,0.167918,0.165661,0.163377,0.161071,0.158747,0.156409,0.154062,0.151709,0.149353,0.146998,0.144646,0.1423,0.139962,0.137633,0.135317,0.133014,0.130727,0.128456,0.126203,0.123969,0.121755,0.119562,0.11739,0.115241,0.113115,0.111013,0.108934,0.106881,0.104851,0.102847,0.100868,0.0989148,0.0969869,0.0950847,0.0932081,0.0913573,0.0895321,0.0877326,0.0859586,0.08421,0.0824867,0.0807885,0.0791153,0.0774668,0.0758429,0.0742432,0.0726677,0.0711159,0.0695877,0.0680828,0.0666008,0.0651415,0.0637046,0.0622897,0.0608966,0.0595249,0.0581743,0.0568444,0.0555349,0.0542455,0.0529759,0.0517256,0.0504944,0.0492819,0.0480877,0.0469115,0.0457529,0.0446116,0.0434873,0.0423795,0.041288,0.0402123,0.0391522,0.0381073,0.0370771,0.0360615,0.03506,0.0340723,0.033098,0.0321369,0.0311885,0.0302525,0.0293287,0.0284165,0.0275158,0.0266262,0.0257473,0.0248789,0.0240205,0.0231719,0.0223328,0.0215028,0.0206816,0.0198688,0.0190642,0.0182675,0.0174783,0.0166963,0.0159213,0.0151528,0.0143906,0.0136344,0.0128839,0.0121387,0.0113986,0.0106632,0.00993231,0.00920556,0.00848266,0.00776332,0.00704723,0.00633409,0.00562362,0.00491551,0.00420946,0.00350518,0.00280238,0.00210075,0.00140001
0,0.0192269,0.0381317,0.0564173,0.0738322,0.0901823,0.105334,0.119212,0.131791,0.143083,0.153132,0.161999,0.169759,0.176493,0.182285,0.187215,0.191361,0.194796,0.19759,0.199804,0.201497,0.20272,0.203521,0.203943,0.204024,0.2038,0.203301,0.202557,0.201592,0.200431,0.199093,0.197598,0.195963,0.194204,0.192334,0.190367,0.188314,0.186185,0.18399,0.181739,0.179438,0.177095,0.174717,0.17231,0.169879,0.167429,0.164965,0.162492,0.160012,0.15753,0.155049,0.152571,0.150099,0.147635,0.145183,0.142743,0.140317,0.137908,0.135517,0.133144,0.130791,0.12846,0.12615,0.123864,0.121601,0.119363,0.117149,0.114961,0.112799,0.110663,0.108553,0.10647,0.104414,0.102384,0.100382,0.0984072,0.0964592,0.0945384,0.0926446,0.0907777,0.0889376,0.0871243,0.0853374,0.0835769,0.0818425,0.080134,0.0784511,0.0767937,0.0751613,0.0735539,0.071971,0.0704123,0.0688776,0.0673665,0.0658787,0.0644139,0.0629717,0.0615518,0.0601538,0.0587774,0.0574222,0.0560879,0.0547741,0.0534804,0.0522065,0.050952,0.0497165,0.0484997,0.0473012,0.0461206,0.0449576,0.0438118,0.0426829,0.0415704,0.040474,0.0393933,0.038328,0.0372777,0.0362421,0.0352208,0.0342134,0.0332195,0.0322389,0.0312712,0.030316,0.0293729,0.0284417,0.027522,0.0266134,0.0257155,0.0248282,0.0239509,0.0230835,0.0222254,0.0213765,0.0205364,0.0197047,0.0188811,0.0180653,0.017257,0.0164559,0.0156615,0.0148737,0.0140921,0.0133163,0.0125461,0.0117811,0.011021,0.0102656,0.00951444,0.00876727,0.00802378,0.00728365,0.00654658,0.00581227,0.0050804,0.00435066,0.00362276,0.00289638,0.00217122,0.00144697
0,0.0214354,0.0424566,0.0626876,0.08182,0.0996278,0.11597,0.130781,0.144056,0.155839,0.166203,0.175241,0.183056,0.189753,0.195434,0.2002,0.204142,0.207344,0.209884,0.211831,0.21325,0.214195,0.214718,0.214863,0.214671,0.214179,0.213419,0.212419,0.211205,0.209802,0.20823,0.206508,0.204653,0.202681,0.200604,0.198437,0.196189,0.193873,0.191496,0.189067,0.186595,0.184086,0.181547,0.178983,0.1764,0.173803,0.171196,0.168582,0.165967,0.163352,0.160742,0.158139,0.155544,0.152962,0.150393,0.14784,0.145304,0.142786,0.140289,0.137814,0.13536,0.13293,0.130525,0.128144,0.12579,0.123461,0.12116,0.118886,0.116639,0.114421,0.11223,0.110068,0.107934,0.105829,0.103753,0.101705,0.0996854,0.0976946,0.0957322,0.0937981,0.0918921,0.0900142,0.0881639,0.0863413,0.0845459,0.0827776,0.0810361,0.0793211,0.0776323,0.0759693,0.074332,0.07272,0.0711329,0.0695703,0.068032,0.0665175,0.0650266,0.0635588,0.0621138,0.0606912,0.0592906,0.0579117,0.0565541,0.0552173,0.053901,0.0526049,0.0513285,0.0500715,0.0488334,0.0476139,0.0464126,0.0452291,0.0440631,0.0429141,0.0417817,0.0406657,0.0395656,0.038481,0.0374115,0.0363569,0.0353167,0.0342905,0.033278,0.0322788,0.0312926,0.0303189,0.0293575,0.028408,0.0274699,0.026543,0.025627,0.0247214,0.0238259,0.0229401,0.0220638,0.0211965,0.020338,0.0194879,0.0186458,0.0178115,0.0169845,0.0161646,0.0153514,0.0145447,0.0137439,0.0129489,0.0121594,0.0113749,0.0105951,0.00981986,0.00904869,0.00828132,0.00751742,0.00675669,0.0059988,0.00524344,0.00449028,0.00373901,0.00298932,0.00224089,0.0014934
0,0.0240581,0.0475717,0.0700567,0.0911323,0.110539,0.128137,0.143884,0.157815,0.170015,0.180602,0.189708,0.197472,0.204027,0.2095,0.21401,0.217663,0.220554,0.222771,0.224389,0.225476,0.226093,0.226292,0.226121,0.22562,0.224828,0.223776,0.222495,0.22101,0.219344,0.217519,0.215553,0.213462,0.211262,0.208966,0.206587,0.204136,0.201622,0.199054,0.196442,0.193791,0.19111,0.188404,0.185678,0.182938,0.180189,0.177434,0.174677,0.171922,0.169173,0.166431,0.163699,0.16098,0.158277,0.15559,0.152921,0.150273,0.147646,0.145043,0.142463,0.139908,0.137379,0.134876,0.132401,0.129954,0.127535,0.125146,0.122785,0.120454,0.118152,0.115881,0.11364,0.111428,0.109247,0.107096,0.104976,0.102885,0.100825,0.0987937,0.0967926,0.0948209,0.0928785,0.0909651,0.0890806,0.0872245,0.0853966,0.0835967,0.0818244,0.0800795,0.0783614,0.07667,0.0750049,0.0733657,0.071752,0.0701635,0.0685998,0.0670604,0.0655451,0.0640535,0.062585,0.0611394,0.0597163,0.0583152,0.0569357,0.0555775,0.0542401,0.0529231,0.0516262,0.0503489,0.0490908,0.0478516,0.0466308,0.045428,0.0442429,0.043075,0.0419239,0.0407893,0.0396707,0.0385678,0.0374802,0.0364075,0.0353493,0.0343053,0.033275,0.032258,0.0312541,0.0302628,0.0292838,0.0283167,0.027361,0.0264166,0.0254829,0.0245597,0.0236465,0.0227431,0.0218491,0.020964,0.0200877,0.0192196,0.0183595,0.017507,0.0166619,0.0158236,0.014992,0.0141666,0.0133471,0.0125332,0.0117246,0.0109208,0.0101217,0.00932681,0.00853584,0.00774846,0.00696434,0.00618315,0.00540456,0.00462826,0.0038539,0.00308117,0.00230974,0.00153929
0,0.0272253,0.0537156,0.0788354,0.102113,0.123261,0.142156,0.158804,0.173304,0.185804,0.196481,0.205519,0.213097,0.219383,0.224531,0.228678,0.231945,0.23444,0.236257,0.237478,0.238175,0.23841,0.238238,0.237708,0.236862,0.235737,0.234365,0.232776,0.230996,0.229047,0.22695,0.224723,0.222381,0.219941,0.217413,0.214812,0.212146,0.209426,0.206659,0.203855,0.20102,0.19816,0.195281,0.192388,0.189487,0.186581,0.183675,0.180772,0.177875,0.174987,0.172111,0.169249,0.166403,0.163576,0.16077,0.157985,0.155223,0.152486,0.149774,0.147089,0.144432,0.141803,0.139203,0.136632,0.134092,0.131583,0.129104,0.126657,0.124241,0.121856,0.119504,0.117183,0.114895,0.112638,0.110413,0.108219,0.106057,0.103927,0.101828,0.0997599,0.0977227,0.0957161,0.0937398,0.0917936,0.0898771,0.08799,0.086132,0.0843028,0.082502,0.0807292,0.078984,0.0772662,0.0755752,0.0739107,0.0722724,0.0706598,0.0690725,0.06751,0.0659721,0.0644582,0.062968,0.061501,0.0600568,0.058635,0.0572351,0.0558569,0.0544997,0.0531633,0.0518472,0.0505509,0.0492741,0.0480163,0.0467772,0.0455563,0.0443532,0.0431674,0.0419987,0.0408465,0.0397105,0.0385903,0.0374855,0.0363957,0.0353204,0.0342593,0.033212,0.0321782,0.0311574,0.0301492,0.0291533,0.0281692,0.0271967,0.0262353,0.0252847,0.0243445,0.0234143,0.0224937,0.0215825,0.0206801,0.0197864,0.0189009,0.0180232,0.017153,0.01629,0.0154338,0.0145841,0.0137404,0.0129025,0.01207,0.0112426,0.0104199,0.00960154,0.00878726,0.00797667,0.00716944,0.00636524,0.00556372,0.00476455,0.00396739,0.0031719,0.00237775,0.00158461
0,0.0311275,0.0612302,0.0894561,0.115225,0.138235,0.15842,0.175875,0.190793,0.203416,0.213999,0.222789,0.230014,0.235879,0.240564,0.244226,0.247001,0.249006,0.250341,0.251092,0.251335,0.251134,0.250544,0.249613,0.248384,0.246893,0.245172,0.24325,0.241152,0.2389,0.236513,0.234008,0.231401,0.228707,0.225937,0.223102,0.220212,0.217277,0.214304,0.211301,0.208274,0.20523,0.202173,0.199109,0.196042,0.192976,0.189915,0.186862,0.18382,0.180791,0.177778,0.174784,0.17181,0.168858,0.16593,0.163027,0.16015,0.157301,0.154481,0.15169,0.148929,0.1462,0.143502,0.140836,0.138202,0.135601,0.133033,0.130499,0.127998,0.125531,0.123097,0.120698,0.118331,0.115998,0.113699,0.111433,0.1092,0.107,0.104833,0.102699,0.100596,0.0985257,0.0964869,0.0944793,0.0925027,0.0905567,0.0886409,0.0867551,0.0848988,0.0830715,0.081273,0.0795028,0.0777605,0.0760457,0.0743579,0.0726968,0.0710618,0.0694526,0.0678688,0.0663099,0.0647754,0.063265,0.0617781,0.0603144,0.0588734,0.0574546,0.0560577,0.0546822,0.0533276,0.0519935,0.0506795,0.0493852,0.0481101,0.0468538,0.0456158,0.0443958,0.0431933,0.042008,0.0408392,0.0396868,0.0385502,0.0374291,0.0363229,0.0352315,0.0341542,0.0330908,0.0320407,0.0310038,0.0299794,0.0289673,0.0279671,0.0269783,0.0260006,0.0250336,0.0240769,0.0231302,0.0221931,0.0212652,0.020346,0.0194354,0.0185328,0.017638,0.0167505,0.0158701,0.0149962,0.0141287,0.0132671,0.012411,0.0115602,0.0107142,0.00987277,0.00903547,0.00820197,0.00737193,0.00654501,0.00572085,0.0048991,0.00407942,0.00326147,0.0024449,0.00162936
0,0.0360546,0.0706215,0.102535,0.131094,0.156035,0.177415,0.195481,0.210578,0.22307,0.233312,0.241625,0.248292,0.253554,0.257619,0.260661,0.262827,0.264241,0.265008,0.265216,0.264942,0.264248,0.263191,0.261817,0.260168,0.258279,0.256182,0.253902,0.251464,0.248888,0.246194,0.243397,0.240511,0.23755,0.234526,0.231448,0.228326,0.225167,0.221981,0.218773,0.215549,0.212315,0.209075,0.205835,0.202599,0.199369,0.196149,0.192943,0.189753,0.186581,0.18343,0.180301,0.177197,0.174118,0.171067,0.168045,0.165052,0.162091,0.159161,0.156263,0.153398,0.150567,0.147771,0.145008,0.142281,0.139589,0.136932,0.134311,0.131725,0.129174,0.12666,0.12418,0.121737,0.119328,0.116955,0.114617,0.112313,0.110044,0.107809,0.105608,0.10344,0.101306,0.099205,0.0971364,0.0951,0.0930955,0.0911224,0.0891803,0.0872688,0.0853876,0.0835361,0.0817139,0.0799207,0.0781559,0.0764191,0.0747098,0.0730277,0.0713722,0.0697429,0.0681394,0.0665611,0.0650076,0.0634785,0.0619733,0.0604915,0.0590327,0.0575964,0.0561822,0.0547895,0.0534181,0.0520674,0.0507369,0.0494262,0.0481349,0.0468625,0.0456086,0.0443728,0.0431545,0.0419535,0.0407692,0.0396012,0.0384491,0.0373126,0.036191,0.0350841,0.0339915,0.0329126,0.0318472,0.0307948,0.0297549,0.0287273,0.0277115,0.0267071,0.0257137,0.0247309,0.0237584,0.0227957,0.0218424,0.0208983,0.0199628,0.0190357,0.0181165,0.0172049,0.0163005,0.015403,0.0145118,0.0136268,0.0127475,0.0118736,0.0110047,0.0101404,0.00928037,0.00842427,0.00757173,0.00672238,0.00587588,0.00503186,0.00418996,0.00334985,0.00251114,0.00167351
0,0.0424693,0.0826667,0.118967,0.150581,0.177397,0.199722,0.21806,0.232966,0.244974,0.254554,0.262108,0.267974,0.272428,0.275699,0.277974,0.279407,0.280125,0.280235,0.279824,0.278967,0.277727,0.276155,0.274298,0.272194,0.269876,0.267374,0.264713,0.261914,0.258997,0.255979,0.252875,0.249697,0.246459,0.24317,0.23984,0.236477,0.233088,0.229681,0.226261,0.222835,0.219406,0.21598,0.21256,0.20915,0.205753,0.202372,0.19901,0.19567,0.192352,0.18906,0.185796,0.182559,0.179353,0.176178,0.173035,0.169926,0.166851,0.16381,0.160805,0.157836,0.154903,0.152008,0.149149,0.146328,0.143544,0.140797,0.138089,0.135418,0.132785,0.130189,0.12763,0.125109,0.122625,0.120178,0.117768,0.115393,0.113055,0.110753,0.108486,0.106254,0.104056,0.101893,0.0997638,0.097668,0.0956053,0.0935752,0.0915773,0.0896111,0.0876763,0.0857722,0.0838986,0.0820548,0.0802405,0.0784551,0.0766982,0.0749693,0.073268,0.0715937,0.0699459,0.0683243,0.0667282,0.0651573,0.063611,0.0620888,0.0605904,0.0591152,0.0576627,0.0562325,0.0548241,0.053437,0.0520708,0.0507249,0.0493991,0.0480927,0.0468053,0.0455365,0.0442858,0.0430528,0.0418371,0.0406381,0.0394555,0.0382888,0.0371376,0.0360015,0.03488,0.0337727,0.0326792,0.031599,0.0305319,0.0294772,0.0284347,0.0274039,0.0263845,0.0253759,0.0243779,0.02339,0.0224118,0.0214429,0.020483,0.0195317,0.0185885,0.0176531,0.0167251,0.0158041,0.0148897,0.0139816,0.0130794,0.0121827,0.0112911,0.0104043,0.00952188,0.00864349,0.00776875,0.00689729,0.00602876,0.00516277,0.00429897,0.00343699,0.00257647,0.00171704
0,0.051156,0.0986089,0.140087,0.174867,0.203251,0.226017,0.244068,0.258255,0.269306,0.277821,0.284281,0.289069,0.292486,0.294775,0.296129,0.296701,0.296618,0.295983,0.294879,0.293378,0.291537,0.289406,0.287027,0.284434,0.281659,0.278728,0.275663,0.272484,0.269209,0.265852,0.262427,0.258947,0.25542,0.251857,0.248266,0.244655,0.241029,0.237395,0.233759,0.230125,0.226497,0.22288,0.219276,0.215689,0.212122,0.208578,0.205058,0.201565,0.198101,0.194666,0.191264,0.187894,0.184559,0.181259,0.177995,0.174768,0.171578,0.168426,0.165313,0.162239,0.159205,0.15621,0.153254,0.150339,0.147463,0.144628,0.141832,0.139076,0.13636,0.133683,0.131046,0.128447,0.125888,0.123367,0.120885,0.11844,0.116033,0.113664,0.111331,0.109035,0.106774,0.10455,0.10236,0.100205,0.098085,0.0959984,0.0939451,0.0919247,0.0899367,0.0879805,0.0860558,0.084162,0.0822986,0.0804651,0.078661,0.0768859,0.0751391,0.0734202,0.0717288,0.0700642,0.068426,0.0668137,0.0652268,0.0636648,0.0621272,0.0606135,0.0591232,0.0576558,0.0562109,0.0547879,0.0533864,0.0520058,0.0506458,0.0493058,0.0479854,0.0466841,0.0454014,0.0441368,0.04289,0.0416605,0.0404477,0.0392514,0.0380709,0.0369059,0.0357559,0.0346206,0.0334994,0.0323919,0.0312977,0.0302165,0.0291476,0.0280908,0.0270457,0.0260117,0.0249885,0.0239758,0.022973,0.0219798,0.0209958,0.0200205,0.0190536,0.0180948,0.0171435,0.0161994,0.0152621,0.0143313,0.0134064,0.0124873,0.0115734,0.0106644,0.0097599,0.00885954,0.00796292,0.00706967,0.00617942,0.00529179,0.0044064,0.00352288,0.00264085,0.00175995
0,0.0635459,0.120526,0.167903,0.20555,0.234723,0.257028,0.273943,0.286678,0.296174,0.303144,0.308127,0.311533,0.313674,0.314789,0.315065,0.314651,0.313665,0.3122,0.310333,0.308129,0.305639,0.302907,0.29997,0.296858,0.293599,0.290216,0.286728,0.283152,0.279503,0.275794,0.272038,0.268243,0.264419,0.260574,0.256715,0.252848,0.24898,0.245114,0.241256,0.23741,0.23358,0.229768,0.225977,0.222211,0.218472,0.214761,0.211081,0.207434,0.203821,0.200243,0.196701,0.193197,0.189732,0.186306,0.18292,0.179574,0.176269,0.173006,0.169785,0.166606,0.163469,0.160375,0.157322,0.154313,0.151345,0.14842,0.145538,0.142697,0.139898,0.13714,0.134424,0.131749,0.129115,0.126521,0.123967,0.121452,0.118977,0.116541,0.114142,0.111782,0.10946,0.107174,0.104925,0.102711,0.100534,0.0983908,0.0962826,0.0942084,0.0921677,0.09016,0.0881847,0.0862413,0.0843293,0.0824482,0.0805974,0.0787765,0.0769848,0.0752218,0.0734871,0.0717801,0.0701003,0.0684472,0.0668201,0.0652187,0.0636424,0.0620907,0.0605631,0.059059,0.057578,0.0561196,0.0546832,0.0532684,0.0518746,0.0505015,0.0491484,0.047815,0.0465007,0.0452051,0.0439277,0.0426679,0.0414255,0.0401998,0.0389905,0.037797,0.036619,0.035456,0.0343075,0.033173,0.0320523,0.0309447,0.02985,0.0287675,0.027697,0.026638,0.0255901,0.0245528,0.0235258,0.0225086,0.0215008,0.020502,0.0195118,0.0185298,0.0175556,0.0165888,0.0156289,0.0146757,0.0137286,0.0127873,0.0118514,0.0109206,0.00999434,0.00907233,0.00815417,0.00723946,0.00632782,0.00541887,0.00451221,0.00360747,0.00270426,0.00180221
0,0.0825013,0.152048,0.205449,0.244705,0.273065,0.293429,0.307997,0.318342,0.325568,0.330453,0.333552,0.335265,0.335887,0.33564,0.334693,0.333176,0.33119,0.328819,0.326127,0.323167,0.319984,0.316614,0.313088,0.309431,0.305665,0.30181,0.297882,0.293894,0.289858,0.285786,0.281687,0.27757,0.27344,0.269306,0.265173,0.261046,0.256929,0.252827,0.248744,0.244682,0.240645,0.236636,0.232656,0.228708,0.224794,0.220916,0.217074,0.213271,0.209508,0.205785,0.202103,0.198464,0.194868,0.191315,0.187806,0.184342,0.180922,0.177547,0.174217,0.170933,0.167694,0.164499,0.161351,0.158247,0.155188,0.152174,0.149204,0.146278,0.143397,0.140559,0.137765,0.135013,0.132304,0.129637,0.127012,0.124428,0.121885,0.119382,0.116919,0.114495,0.11211,0.109764,0.107455,0.105184,0.10295,0.100751,0.0985888,0.0964614,0.0943685,0.0923096,0.0902843,0.0882918,0.0863318,0.0844036,0.0825066,0.0806403,0.0788042,0.0769978,0.0752203,0.0734714,0.0717504,0.0700569,0.0683903,0.0667499,0.0651354,0.0635462,0.0619817,0.0604414,0.0589248,0.0574314,0.0559606,0.054512,0.053085,0.0516792,0.050294,0.0489289,0.0475834,0.0462572,0.0449495,0.0436601,0.0423883,0.0411338,0.039896,0.0386745,0.0374689,0.0362785,0.0351031,0.0339422,0.0327952,0.0316618,0.0305414,0.0294338,0.0283383,0.0272547,0.0261823,0.0251209,0.02407,0.0230292,0.021998,0.020976,0.0199629,0.0189581,0.0179613,0.0169721,0.01599,0.0150147,0.0140457,0.0130826,0.0121251,0.0111728,0.0102251,0.0092818,0.00834242,0.00740659,0.00647389,0.00554395,0.00461636,0.00369074,0.00276668,0.0018438
0,0.114411,0.199717,0.25714,0.294757,0.319402,0.335626,0.346275,0.353125,0.357304,0.35955,0.360363,0.360087,0.35897,0.357194,0.354892,0.352168,0.349103,0.34576,0.342188,0.338429,0.334517,0.330478,0.326337,0.322113,0.317822,0.31348,0.309096,0.304684,0.300252,0.295807,0.291358,0.28691,0.282469,0.27804,0.273627,0.269234,0.264866,0.260524,0.256211,0.251931,0.247686,0.243476,0.239305,0.235174,0.231084,0.227036,0.223031,0.219071,0.215156,0.211288,0.207465,0.20369,0.199962,0.196283,0.192651,0.189067,0.185532,0.182045,0.178607,0.175217,0.171875,0.168582,0.165336,0.162138,0.158988,0.155885,0.152829,0.149819,0.146855,0.143937,0.141065,0.138237,0.135453,0.132714,0.130018,0.127365,0.124754,0.122186,0.119658,0.117172,0.114726,0.112319,0.109952,0.107623,0.105332,0.103079,0.100863,0.0986824,0.0965379,0.0944285,0.0923536,0.0903127,0.0883051,0.0863303,0.0843877,0.0824767,0.0805967,0.0787472,0.0769276,0.0751372,0.0733757,0.0716423,0.0699365,0.0682578,0.0666056,0.0649793,0.0633785,0.0618024,0.0602508,0.0587228,0.0572182,0.0557362,0.0542765,0.0528384,0.0514215,0.0500252,0.0486491,0.0472926,0.0459552,0.0446365,0.0433359,0.0420529,0.0407871,0.039538,0.0383051,0.0370879,0.035886,0.0346989,0.0335262,0.0323673,0.0312218,0.0300893,0.0289693,0.0278613,0.026765,0.0256799,0.0246055,0.0235414,0.0224871,0.0214424,0.0204066,0.0193794,0.0183604,0.0173492,0.0163452,0.0153482,0.0143576,0.0133732,0.0123944,0.0114208,0.0104521,0.00948784,0.0085276,0.00757098,0.00661758,0.00566699,0.00471881,0.00377264,0.00282808,0.00188472
0,0.175426,0.275268,0.328635,0.357783,0.374162,0.383397,0.388352,0.390579,0.390972,0.390082,0.388262,0.385751,0.382714,0.379272,0.375513,0.371504,0.367296,0.362929,0.358438,0.353846,0.349177,0.344447,0.339672,0.334863,0.330033,0.32519,0.320342,0.315496,0.310658,0.305834,0.301028,0.296244,0.291487,0.286758,0.282062,0.277401,0.272777,0.268192,0.263649,0.259148,0.254692,0.250281,0.245917,0.2416,0.237332,0.233114,0.228946,0.224828,0.220761,0.216746,0.212783,0.208871,0.205012,0.201205,0.19745,0.193747,0.190096,0.186497,0.182951,0.179455,0.176011,0.172619,0.169277,0.165985,0.162744,0.159552,0.156409,0.153316,0.15027,0.147273,0.144322,0.141419,0.138562,0.13575,0.132984,0.130263,0.127585,0.124951,0.12236,0.119811,0.117304,0.114838,0.112412,0.110027,0.10768,0.105373,0.103103,0.10087,0.0986749,0.0965155,0.0943917,0.0923029,0.0902483,0.0882275,0.0862398,0.0842846,0.0823613,0.0804694,0.0786081,0.0767769,0.0749753,0.0732026,0.0714582,0.0697417,0.0680523,0.0663895,0.0647528,0.0631416,0.0615553,0.0599934,0.0584554,0.0569406,0.0554486,0.0539787,0.0525306,0.0511036,0.0496972,0.048311,0.0469443,0.0455967,0.0442677,0.0429568,0.0416634,0.0403871,0.0391275,0.0378839,0.0366559,0.0354431,0.0342449,0.033061,0.0318907,0.0307338,0.0295896,0.0284578,0.0273379,0.0262294,0.0251319,0.0240449,0.022968,0.0219008,0.0208428,0.0197936,0.0187528,0.0177199,0.0166944,0.015676,0.0146643,0.0136588,0.012659,0.0116647,0.0106753,0.0096904,0.00870964,0.00773259,0.00675883,0.00578795,0.00481953,0.00385316,0.00288843,0.00192494
0,0.312026,0.397294,0.424351,0.433577,0.436066,0.435449,0.433159,0.429866,0.425925,0.421544,0.416854,0.411941,0.406865,0.401669,0.396385,0.391038,0.385647,0.380226,0.374788,0.369342,0.363898,0.358462,0.35304,0.347637,0.342258,0.336907,0.331587,0.326302,0.321053,0.315845,0.310678,0.305555,0.300477,0.295446,0.290464,0.285532,0.280651,0.275822,0.271045,0.266322,0.261654,0.25704,0.252482,0.24798,0.243534,0.239145,0.234812,0.230536,0.226317,0.222155,0.218051,0.214003,0.210011,0.206077,0.202199,0.198377,0.194611,0.1909,0.187245,0.183645,0.180099,0.176608,0.17317,0.169785,0.166453,0.163173,0.159944,0.156767,0.15364,0.150564,0.147536,0.144558,0.141627,0.138745,0.135909,0.133119,0.130375,0.127677,0.125022,0.122412,0.119844,0.117319,0.114836,0.112394,0.109993,0.107631,0.105308,0.103025,0.100779,0.0985698,0.0963977,0.0942615,0.0921606,0.0900944,0.0880622,0.0860634,0.0840974,0.0821635,0.0802612,0.0783897,0.0765486,0.0747371,0.0729548,0.0712009,0.0694749,0.0677761,0.0661041,0.0644582,0.0628379,0.0612425,0.0596716,0.0581245,0.0566007,0.0550996,0.0536208,0.0521636,0.0507275,0.0493119,0.0479164,0.0465405,0.0451835,0.0438451,0.0425246,0.0412216,0.0399356,0.038666,0.0374124,0.0361743,0.0349512,0.0337426,0.032548,0.031367,0.0301991,0.0290438,0.0279007,0.0267693,0.025649,0.0245396,0.0234405,0.0223512,0.0212714,0.0202006,0.0191383,0.018084,0.0170375,0.0159981,0.0149656,0.0139393,0.012919,0.0119042,0.0108945,0.00988937,0.00888847,0.00789134,0.00689758,0.00590676,0.00491846,0.00393225,0.00294772,0.00196445
1,0.675384,0.57753,0.537897,0.516109,0.501076,0.489173,0.47897,0.469802,0.461319,0.453317,0.445669,0.438294,0.431135,0.424154,0.417322,0.410619,0.404029,0.397541,0.391146,0.384839,0.378613,0.372464,0.36639,0.360388,0.354457,0.348594,0.342799,0.337072,0.33141,0.325815,0.320285,0.314821,0.309422,0.304088,0.298819,0.293614,0.288475,0.2834,0.27839,0.273444,0.268563,0.263747,0.258994,0.254306,0.249682,0.245121,0.240624,0.23619,0.231819,0.22751,0.223264,0.21908,0.214957,0.210895,0.206894,0.202953,0.199072,0.195251,0.191488,0.187783,0.184136,0.180546,0.177012,0.173534,0.170112,0.166744,0.163431,0.160171,0.156963,0.153808,0.150704,0.147651,0.144648,0.141695,0.13879,0.135933,0.133123,0.13036,0.127644,0.124972,0.122345,0.119762,0.117221,0.114724,0.112268,0.109853,0.107478,0.105144,0.102848,0.10059,0.0983705,0.0961876,0.094041,0.09193,0.089854,0.0878122,0.0858041,0.0838289,0.0818861,0.079975,0.0780949,0.0762453,0.0744255,0.0726348,0.0708728,0.0691386,0.0674319,0.0657519,0.064098,0.0624697,0.0608664,0.0592875,0.0577325,0.0562007,0.0546916,0.0532046,0.0517393,0.050295,0.0488712,0.0474673,0.0460829,0.0447174,0.0433703,0.042041,0.0407291,0.039434,0.0381552,0.0368923,0.0356446,0.0344118,0.0331934,0.0319888,0.0307976,0.0296192,0.0284533,0.0272993,0.0261568,0.0250253,0.0239043,0.0227934,0.0216922,0.0206001,0.0195167,0.0184416,0.0173742,0.0163143,0.0152613,0.0142148,0.0131743,0.0121394,0.0111097,0.0100847,0.009064,0.00804718,0.00703379,0.00602339,0.00501557,0.00400989,0.00300592,0.00200323
1,0.811979,0.699547,0.633599,0.591885,0.562958,0.541197,0.523745,0.509054,0.496232,0.484735,0.474213,0.464432,0.45523,0.446491,0.438131,0.430086,0.422309,0.414763,0.407419,0.400254,0.393251,0.386393,0.379669,0.37307,0.366587,0.360215,0.353946,0.347777,0.341703,0.335721,0.329829,0.324024,0.318303,0.312666,0.30711,0.301634,0.296236,0.290916,0.285672,0.280504,0.275411,0.270391,0.265445,0.26057,0.255768,0.251036,0.246375,0.241783,0.23726,0.232805,0.228418,0.224098,0.219844,0.215655,0.211532,0.207473,0.203477,0.199545,0.195674,0.191866,0.188118,0.18443,0.180801,0.177231,0.17372,0.170265,0.166867,0.163524,0.160237,0.157004,0.153824,0.150697,0.147622,0.144599,0.141626,0.138702,0.135828,0.133001,0.130223,0.127491,0.124804,0.122164,0.119567,0.117015,0.114505,0.112038,0.109612,0.107227,0.104882,0.102576,0.100309,0.0980804,0.0958887,0.0937336,0.0916143,0.0895302,0.0874806,0.0854647,0.0834821,0.0815319,0.0796135,0.0777263,0.0758697,0.0740429,0.0722453,0.0704764,0.0687354,0.0670219,0.0653351,0.0636744,0.0620393,0.0604291,0.0588434,0.0572814,0.0557426,0.0542264,0.0527324,0.0512598,0.0498081,0.0483769,0.0469655,0.0455734,0.0442001,0.0428451,0.0415077,0.0401875,0.0388841,0.0375967,0.036325,0.0350685,0.0338266,0.0325988,0.0313847,0.0301837,0.0289954,0.0278193,0.0266549,0.0255017,0.0243593,0.0232272,0.0221049,0.0209919,0.0198879,0.0187922,0.0177046,0.0166245,0.0155514,0.0144849,0.0134246,0.0123701,0.0113208,0.0102763,0.00923619,0.00820004,0.00716739,0.00613779,0.00511083,0.00408604,0.003063,0.00204128
1,0.872985,0.77508,0.705068,0.654874,0.617672,0.588915,0.56576,0.546436,0.52982,0.515178,0.502016,0.489991,0.478861,0.46845,0.458625,0.449287,0.44036,0.431785,0.423514,0.415511,0.407744,0.400189,0.392825,0.385637,0.37861,0.371732,0.364994,0.358388,0.351905,0.34554,0.339288,0.333144,0.327104,0.321165,0.315323,0.309576,0.303922,0.298357,0.292881,0.287491,0.282186,0.276965,0.271825,0.266765,0.261785,0.256883,0.252058,0.247309,0.242635,0.238035,0.233507,0.229052,0.224667,0.220353,0.216108,0.211931,0.207822,0.20378,0.199803,0.19589,0.192042,0.188257,0.184535,0.180874,0.177273,0.173732,0.17025,0.166826,0.16346,0.160149,0.156895,0.153695,0.150548,0.147455,0.144415,0.141425,0.138487,0.135598,0.132758,0.129966,0.127222,0.124524,0.121872,0.119265,0.116703,0.114184,0.111707,0.109273,0.106879,0.104526,0.102213,0.0999389,0.0977028,0.0955042,0.0933423,0.0912166,0.0891261,0.0870703,0.0850484,0.0830598,0.0811038,0.0791796,0.0772867,0.0754244,0.073592,0.0717888,0.0700143,0.0682677,0.0665485,0.0648561,0.0631897,0.0615489,0.0599329,0.0583413,0.0567733,0.0552285,0.0537062,0.0522059,0.0507269,0.0492688,0.0478309,0.0464128,0.0450138,0.0436334,0.0422711,0.0409264,0.0395986,0.0382874,0.036992,0.0357122,0.0344473,0.0331968,0.0319602,0.0307371,0.0295268,0.028329,0.0271432,0.0259688,0.0248053,0.0236524,0.0225094,0.0213761,0.0202517,0.019136,0.0180284,0.0169285,0.0158357,0.0147497,0.01367,0.0125962,0.0115276,0.0104641,0.00940495,0.00834986,0.00729833,0.00624992,0.00520419,0.00416068,0.00311895,0.00207856
1,0.904881,0.822721,0.756717,0.704872,0.663942,0.63103,0.603943,0.581112,0.561436,0.544143,0.528682,0.514657,0.501776,0.489823,0.478632,0.468077,0.45806,0.448503,0.439343,0.430531,0.422026,0.413794,0.405808,0.398044,0.390485,0.383112,0.375913,0.368876,0.36199,0.355248,0.34864,0.342162,0.335806,0.329568,0.323443,0.317428,0.311519,0.305713,0.300006,0.294396,0.288881,0.283459,0.278127,0.272883,0.267727,0.262656,0.257669,0.252763,0.247939,0.243194,0.238527,0.233938,0.229424,0.224985,0.220619,0.216325,0.212103,0.207951,0.203869,0.199854,0.195907,0.192026,0.18821,0.184458,0.180769,0.177143,0.173578,0.170074,0.166629,0.163242,0.159913,0.156641,0.153425,0.150263,0.147156,0.144101,0.141099,0.138148,0.135248,0.132398,0.129596,0.126842,0.124135,0.121475,0.11886,0.11629,0.113764,0.11128,0.108839,0.10644,0.104081,0.101762,0.0994824,0.097241,0.0950373,0.0928705,0.0907399,0.0886448,0.0865844,0.084558,0.082565,0.0806045,0.078676,0.0767788,0.0749121,0.0730753,0.0712678,0.0694889,0.0677379,0.0660142,0.0643172,0.0626462,0.0610007,0.0593799,0.0577834,0.0562104,0.0546604,0.0531329,0.0516271,0.0501426,0.0486788,0.0472351,0.0458109,0.0444058,0.043019,0.0416501,0.0402986,0.0389639,0.0376455,0.0363428,0.0350553,0.0337825,0.032524,0.0312791,0.0300473,0.0288283,0.0276214,0.0264262,0.0252422,0.0240688,0.0229057,0.0217523,0.0206081,0.0194727,0.0183455,0.0172262,0.0161142,0.0150091,0.0139103,0.0128176,0.0117303,0.010648,0.00957023,0.00849658,0.00742657,0.00635973,0.00529562,0.00423378,0.00317375,0.00211508
1,0.923818,0.854207,0.794209,0.743955,0.702192,0.667323,0.637871,0.612632,0.59067,0.571275,0.553913,0.538178,0.523764,0.510434,0.498004,0.486332,0.475302,0.464825,0.454826,0.445246,0.436036,0.427155,0.418569,0.41025,0.402173,0.39432,0.386672,0.379215,0.371935,0.364822,0.357866,0.351058,0.344392,0.33786,0.331456,0.325177,0.319016,0.31297,0.307035,0.301208,0.295485,0.289864,0.284342,0.278917,0.273586,0.268347,0.263199,0.258139,0.253166,0.248278,0.243473,0.238751,0.234108,0.229545,0.22506,0.220651,0.216317,0.212057,0.207869,0.203754,0.199708,0.195732,0.191823,0.187982,0.184206,0.180496,0.176849,0.173265,0.169742,0.16628,0.162878,0.159535,0.156249,0.15302,0.149846,0.146728,0.143663,0.140652,0.137692,0.134783,0.131925,0.129116,0.126355,0.123642,0.120976,0.118356,0.11578,0.113249,0.110761,0.108316,0.105912,0.103549,0.101227,0.0989432,0.0966984,0.0944913,0.0923213,0.0901875,0.0880892,0.0860258,0.0839964,0.0820003,0.0800369,0.0781054,0.0762051,0.0743353,0.0724955,0.0706848,0.0689026,0.0671483,0.0654212,0.0637207,0.0620461,0.0603968,0.0587722,0.0571717,0.0555946,0.0540404,0.0525084,0.0509981,0.0495088,0.0480401,0.0465912,0.0451617,0.043751,0.0423586,0.0409837,0.0396261,0.038285,0.0369599,0.0356504,0.0343558,0.0330757,0.0318095,0.0305567,0.0293169,0.0280894,0.0268738,0.0256696,0.0244763,0.0232934,0.0221204,0.0209568,0.0198021,0.0186558,0.0175175,0.0163867,0.0152628,0.0141455,0.0130342,0.0119285,0.0108279,0.00973194,0.00864014,0.00755204,0.00646718,0.00538508,0.0043053,0.00322736,0.0021508
1,0.936185,0.876078,0.821956,0.774546,0.733551,0.698197,0.667588,0.640876,0.617337,0.596376,0.577516,0.56038,0.544669,0.530145,0.51662,0.503944,0.491993,0.480669,0.469891,0.459593,0.449718,0.440221,0.431064,0.422213,0.413641,0.405324,0.397242,0.389377,0.381715,0.374241,0.366944,0.359815,0.352845,0.346024,0.339348,0.332808,0.3264,0.320119,0.313959,0.307918,0.30199,0.296173,0.290464,0.284859,0.279355,0.273951,0.268644,0.263431,0.258311,0.253281,0.24834,0.243485,0.238716,0.234031,0.229427,0.224904,0.220459,0.216092,0.211802,0.207586,0.203443,0.199373,0.195373,0.191443,0.187582,0.183788,0.18006,0.176397,0.172798,0.169262,0.165788,0.162374,0.159019,0.155724,0.152485,0.149304,0.146178,0.143106,0.140088,0.137122,0.134208,0.131345,0.128531,0.125766,0.123049,0.12038,0.117756,0.115178,0.112644,0.110153,0.107705,0.105299,0.102935,0.10061,0.0983247,0.0960781,0.0938694,0.0916977,0.0895623,0.0874625,0.0853974,0.0833664,0.0813687,0.0794036,0.0774704,0.0755683,0.0736967,0.0718549,0.0700422,0.0682579,0.0665013,0.0647719,0.0630689,0.0613916,0.0597396,0.058112,0.0565084,0.054928,0.0533704,0.0518347,0.0503206,0.0488273,0.0473543,0.0459011,0.0444669,0.0430513,0.0416537,0.0402736,0.0389103,0.0375634,0.0362322,0.0349163,0.0336152,0.0323282,0.0310548,0.0297946,0.028547,0.0273115,0.0260876,0.0248748,0.0236725,0.0224803,0.0212977,0.0201242,0.0189592,0.0178023,0.0166531,0.0155109,0.0143754,0.013246,0.0121223,0.0110038,0.00989004,0.00878049,0.00767471,0.00657221,0.00547254,0.00437522,0.00327977,0.00218573
1,0.944844,0.891965,0.842993,0.798721,0.759267,0.724329,0.693406,0.665948,0.641427,0.619376,0.599397,0.581158,0.564386,0.548858,0.53439,0.520831,0.508058,0.495968,0.484478,0.473516,0.463024,0.45295,0.443254,0.433899,0.424855,0.416095,0.407596,0.399339,0.391307,0.383484,0.375858,0.368416,0.361149,0.354048,0.347104,0.34031,0.33366,0.327148,0.320768,0.314516,0.308387,0.302377,0.296483,0.290701,0.285028,0.27946,0.273996,0.268633,0.263367,0.258198,0.253122,0.248138,0.243244,0.238437,0.233717,0.229081,0.224527,0.220055,0.215662,0.211347,0.207109,0.202946,0.198856,0.194839,0.190893,0.187017,0.183209,0.179469,0.175795,0.172185,0.168639,0.165156,0.161735,0.158373,0.155071,0.151827,0.148641,0.14551,0.142434,0.139412,0.136443,0.133527,0.130661,0.127845,0.125079,0.122361,0.119689,0.117065,0.114486,0.111951,0.10946,0.107012,0.104605,0.10224,0.0999155,0.0976302,0.0953835,0.0931746,0.0910029,0.0888674,0.0867674,0.0847021,0.0826709,0.0806729,0.0787074,0.0767736,0.074871,0.0729987,0.0711561,0.0693424,0.067557,0.0657993,0.0640684,0.0623639,0.0606849,0.059031,0.0574014,0.0557955,0.0542126,0.0526523,0.0511138,0.0495965,0.0480999,0.0466234,0.0451663,0.0437282,0.0423083,0.0409062,0.0395212,0.0381529,0.0368007,0.0354639,0.0341422,0.0328348,0.0315414,0.0302613,0.028994,0.0277391,0.0264959,0.025264,0.0240428,0.0228319,0.0216307,0.0204388,0.0192555,0.0180805,0.0169133,0.0157532,0.0145999,0.0134529,0.0123116,0.0111757,0.0100445,0.00891757,0.00779451,0.0066748,0.00555796,0.0044435,0.00333096,0.00221984
1,0.951227,0.903946,0.859329,0.81808,0.780469,0.746444,0.715761,0.688083,0.663047,0.640304,0.619537,0.60047,0.582862,0.566512,0.55125,0.536933,0.52344,0.51067,0.498538,0.486972,0.475911,0.465304,0.455105,0.445277,0.435786,0.426606,0.41771,0.409078,0.400691,0.392533,0.384588,0.376844,0.36929,0.361916,0.354712,0.347671,0.340784,0.334047,0.327451,0.320993,0.314667,0.308468,0.302393,0.296437,0.290597,0.284869,0.279251,0.273739,0.268331,0.263024,0.257816,0.252704,0.247686,0.242761,0.237925,0.233178,0.228517,0.223941,0.219447,0.215035,0.210702,0.206448,0.20227,0.198167,0.194138,0.19018,0.186294,0.182478,0.178729,0.175048,0.171432,0.167881,0.164393,0.160967,0.157602,0.154297,0.151051,0.147862,0.14473,0.141653,0.13863,0.135661,0.132744,0.129879,0.127063,0.124297,0.12158,0.11891,0.116286,0.113708,0.111175,0.108685,0.106238,0.103834,0.10147,0.0991467,0.0968629,0.0946176,0.0924102,0.0902398,0.0881056,0.0860069,0.0839428,0.0819126,0.0799155,0.0779508,0.0760178,0.0741157,0.0722438,0.0704014,0.0685879,0.0668024,0.0650444,0.0633131,0.0616079,0.0599281,0.0582731,0.0566422,0.0550349,0.0534503,0.0518881,0.0503474,0.0488277,0.0473285,0.045849,0.0443888,0.0429472,0.0415236,0.0401175,0.0387283,0.0373554,0.0359983,0.0346565,0.0333293,0.0320162,0.0307167,0.0294302,0.0281562,0.0268943,0.0256437,0.0244041,0.0231749,0.0219556,0.0207457,0.0195447,0.018352,0.0171672,0.0159897,0.014819,0.0136548,0.0124964,0.0113433,0.0101951,0.00905132,0.00791141,0.0067749,0.00564131,0.00451014,0.00338091,0.00225313
1,0.956117,0.913263,0.872296,0.833802,0.798085,0.765219,0.735112,0.707576,0.682374,0.659257,0.63798,0.618322,0.60008,0.58308,0.567168,0.552212,0.5381,0.524734,0.512032,0.499924,0.488347,0.477249,0.466586,0.456317,0.44641,0.436834,0.427563,0.418575,0.409849,0.401369,0.393119,0.385085,0.377254,0.369616,0.36216,0.354878,0.347762,0.340805,0.334,0.32734,0.320822,0.314438,0.308185,0.302059,0.296056,0.290171,0.284401,0.278744,0.273196,0.267754,0.262415,0.257178,0.252039,0.246997,0.242048,0.237192,0.232425,0.227747,0.223155,0.218647,0.214221,0.209877,0.205612,0.201424,0.197313,0.193276,0.189313,0.185421,0.1816,0.177848,0.174163,0.170545,0.166992,0.163503,0.160077,0.156712,0.153407,0.150161,0.146973,0.143842,0.140767,0.137746,0.134779,0.131865,0.129002,0.126189,0.123426,0.120712,0.118045,0.115424,0.112849,0.110319,0.107833,0.105389,0.102987,0.100627,0.0983067,0.0960259,0.0937837,0.0915791,0.0894115,0.08728,0.0851838,0.0831221,0.0810942,0.0790992,0.0771365,0.0752053,0.0733049,0.0714344,0.0695933,0.0677808,0.0659962,0.0642389,0.062508,0.060803,0.0591232,0.057468,0.0558367,0.0542286,0.0526431,0.0510795,0.0495374,0.048016,0.0465147,0.0450329,0.0435701,0.0421256,0.0406988,0.0392893,0.0378963,0.0365194,0.0351579,0.0338113,0.0324791,0.0311606,0.0298554,0.028563,0.0272826,0.026014,0.0247564,0.0235094,0.0222724,0.021045,0.0198265,0.0186166,0.0174146,0.0162201,0.0150326,0.0138515,0.0126764,0.0115067,0.010342,0.0091817,0.00802536,0.00687247,0.00572255,0.00457508,0.00342959,0.00228557
1,0.959977,0.920694,0.882791,0.846746,0.812851,0.781234,0.751893,0.724736,0.699618,0.676368,0.654806,0.634758,0.616059,0.59856,0.582129,0.566648,0.552014,0.538136,0.524936,0.512345,0.500305,0.488762,0.477674,0.466999,0.456703,0.446757,0.437134,0.42781,0.418764,0.409978,0.401436,0.393123,0.385027,0.377134,0.369436,0.361922,0.354584,0.347414,0.340405,0.33355,0.326843,0.32028,0.313854,0.307562,0.301399,0.29536,0.289443,0.283643,0.277957,0.272383,0.266917,0.261557,0.256299,0.251142,0.246082,0.241119,0.236249,0.23147,0.226781,0.222179,0.217662,0.21323,0.208879,0.204609,0.200417,0.196302,0.192263,0.188298,0.184405,0.180584,0.176832,0.173148,0.169531,0.16598,0.162493,0.159069,0.155707,0.152406,0.149163,0.14598,0.142853,0.139782,0.136766,0.133803,0.130893,0.128035,0.125227,0.122469,0.11976,0.117098,0.114482,0.111912,0.109387,0.106906,0.104467,0.10207,0.0997145,0.0973989,0.0951226,0.0928847,0.0906844,0.0885209,0.0863934,0.0843009,0.0822429,0.0802184,0.0782268,0.0762671,0.0743388,0.072441,0.070573,0.0687341,0.0669236,0.0651408,0.0633849,0.0616554,0.0599514,0.0582724,0.0566177,0.0549866,0.0533785,0.0517927,0.0502286,0.0486856,0.047163,0.0456602,0.0441767,0.0427118,0.041265,0.0398356,0.038423,0.0370267,0.0356462,0.0342807,0.0329298,0.031593,0.0302695,0.028959,0.0276608,0.0263745,0.0250994,0.023835,0.0225808,0.0213363,0.020101,0.0188742,0.0176556,0.0164446,0.0152406,0.0140431,0.0128517,0.0116658,0.010485,0.00930864,0.0081363,0.00696747,0.00580165,0.00463832,0.00347699,0.00231716
1,0.963097,0.926744,0.891429,0.85754,0.825339,0.794973,0.766489,0.739857,0.714996,0.691793,0.67012,0.649845,0.630837,0.612974,0.596142,0.580239,0.565173,0.550861,0.537231,0.524217,0.511765,0.499824,0.488349,0.477302,0.466649,0.45636,0.446408,0.436768,0.42742,0.418345,0.409526,0.400948,0.392597,0.384462,0.37653,0.368792,0.36124,0.353864,0.346657,0.339613,0.332725,0.325986,0.319392,0.312938,0.306619,0.300431,0.294369,0.28843,0.282611,0.276907,0.271316,0.265835,0.260461,0.255192,0.250024,0.244955,0.239984,0.235107,0.230322,0.225628,0.221023,0.216504,0.212069,0.207718,0.203447,0.199256,0.195143,0.191106,0.187143,0.183253,0.179435,0.175687,0.172008,0.168396,0.16485,0.161368,0.15795,0.154594,0.151299,0.148063,0.144886,0.141765,0.138701,0.135692,0.132737,0.129834,0.126983,0.124182,0.121431,0.118728,0.116073,0.113464,0.110901,0.108383,0.105908,0.103476,0.101085,0.0987358,0.0964262,0.0941558,0.0919237,0.089729,0.0875709,0.0854485,0.0833611,0.0813078,0.0792879,0.0773006,0.075345,0.0734206,0.0715264,0.0696618,0.0678261,0.0660185,0.0642383,0.0624848,0.0607573,0.0590551,0.0573776,0.0557242,0.054094,0.0524865,0.050901,0.049337,0.0477937,0.0462705,0.0447669,0.0432822,0.0418157,0.040367,0.0389354,0.0375203,0.0361211,0.0347373,0.0333683,0.0320135,0.0306723,0.0293442,0.0280287,0.0267251,0.025433,0.0241517,0.0228808,0.0216197,0.0203679,0.0191248,0.01789,0.0166628,0.0154428,0.0142294,0.0130222,0.0118206,0.010624,0.00943209,0.0082442,0.00705986,0.00587857,0.00469982,0.00352309,0.00234788
1,0.965668,0.931755,0.898642,0.866645,0.835992,0.806832,0.779234,0.753208,0.728715,0.705687,0.684037,0.663665,0.644471,0.626357,0.609227,0.592995,0.577579,0.562906,0.548909,0.535531,0.522716,0.510419,0.498598,0.487214,0.476234,0.465628,0.45537,0.445436,0.435805,0.426458,0.417377,0.408547,0.399955,0.391587,0.383432,0.37548,0.367721,0.360148,0.35275,0.345523,0.338458,0.33155,0.324793,0.318182,0.311712,0.305378,0.299175,0.293101,0.287151,0.281321,0.275609,0.27001,0.264523,0.259143,0.253869,0.248698,0.243627,0.238654,0.233777,0.228993,0.2243,0.219696,0.21518,0.210749,0.206401,0.202136,0.19795,0.193842,0.189811,0.185855,0.181972,0.178161,0.174421,0.170749,0.167146,0.163608,0.160135,0.156725,0.153378,0.150092,0.146865,0.143697,0.140586,0.137531,0.134531,0.131584,0.12869,0.125848,0.123057,0.120315,0.117621,0.114974,0.112374,0.10982,0.107309,0.104843,0.102419,0.100036,0.097694,0.0953919,0.0931288,0.0909037,0.0887158,0.0865642,0.0844482,0.0823669,0.0803195,0.0783052,0.0763232,0.0743728,0.0724532,0.0705636,0.0687033,0.0668715,0.0650676,0.0632908,0.0615404,0.0598158,0.0581162,0.0564409,0.0547893,0.0531607,0.0515545,0.04997,0.0484065,0.0468635,0.0453403,0.0438363,0.0423508,0.0408833,0.0394332,0.0379998,0.0365826,0.0351809,0.0337942,0.032422,0.0310636,0.0297184,0.028386,0.0270657,0.025757,0.0244594,0.0231722,0.021895,0.0206272,0.0193683,0.0181176,0.0168748,0.0156393,0.0144104,0.0131878,0.0119709,0.0107591,0.00955201,0.00834901,0.00714961,0.0059533,0.00475955,0.00356787,0.00237772
1,0.967819,0.935965,0.904742,0.874405,0.845154,0.817128,0.790408,0.765025,0.74097,0.718206,0.696675,0.676308,0.657027,0.638756,0.621417,0.604935,0.589243,0.574275,0.559972,0.54628,0.533152,0.520542,0.50841,0.496722,0.485445,0.47455,0.46401,0.453804,0.443909,0.434306,0.424979,0.415912,0.40709,0.398501,0.390134,0.381977,0.374021,0.366257,0.358676,0.351272,0.344038,0.336966,0.330051,0.323288,0.316671,0.310195,0.303857,0.29765,0.291573,0.285621,0.27979,0.274077,0.268478,0.262992,0.257615,0.252343,0.247176,0.242109,0.237141,0.232269,0.227491,0.222805,0.218209,0.2137,0.209277,0.204938,0.200682,0.196505,0.192407,0.188386,0.18444,0.180568,0.176768,0.173039,0.169379,0.165786,0.16226,0.158798,0.1554,0.152064,0.148789,0.145574,0.142417,0.139318,0.136274,0.133285,0.13035,0.127468,0.124637,0.121856,0.119124,0.116441,0.113805,0.111216,0.108671,0.106171,0.103713,0.101299,0.0989253,0.0965924,0.094299,0.0920444,0.0898275,0.0876476,0.0855037,0.0833952,0.081321,0.0792805,0.0772728,0.0752972,0.0733528,0.0714389,0.0695547,0.0676995,0.0658726,0.0640732,0.0623005,0.060554,0.0588329,0.0571365,0.055464,0.053815,0.0521886,0.0505842,0.0490012,0.047439,0.0458967,0.044374,0.0428701,0.0413843,0.0399162,0.0384651,0.0370303,0.0356113,0.0342075,0.0328184,0.0314432,0.0300815,0.0287327,0.0273962,0.0260714,0.0247579,0.0234549,0.0221621,0.0208788,0.0196044,0.0183385,0.0170805,0.0158298,0.014586,0.0133485,0.0121167,0.0108902,0.00966835,0.00845068,0.00723667,0.00602579,0.00481751,0.00361131,0.00240667
1,0.969643,0.939546,0.909954,0.881079,0.853092,0.82612,0.800246,0.775514,0.751935,0.729492,0.708151,0.687865,0.668576,0.650224,0.632749,0.616088,0.600183,0.584979,0.570424,0.556469,0.54307,0.530186,0.517782,0.505822,0.494276,0.483117,0.47232,0.461862,0.451722,0.441881,0.432323,0.423032,0.413994,0.405196,0.396627,0.388274,0.38013,0.372184,0.364428,0.356855,0.349457,0.342227,0.33516,0.32825,0.321491,0.314879,0.308408,0.302074,0.295873,0.289802,0.283856,0.278031,0.272326,0.266735,0.261257,0.255889,0.250626,0.245468,0.240412,0.235454,0.230594,0.225827,0.221153,0.216569,0.212073,0.207663,0.203337,0.199093,0.19493,0.190846,0.186839,0.182907,0.179049,0.175263,0.171547,0.167901,0.164323,0.160811,0.157363,0.153979,0.150658,0.147397,0.144196,0.141053,0.137967,0.134937,0.131961,0.129039,0.12617,0.123352,0.120583,0.117864,0.115194,0.11257,0.109992,0.107459,0.104969,0.102523,0.100119,0.0977566,0.0954339,0.0931505,0.0909055,0.088698,0.0865272,0.0843922,0.0822921,0.0802261,0.0781935,0.0761933,0.0742249,0.0722874,0.0703801,0.0685021,0.0666528,0.0648314,0.0630373,0.0612695,0.0595275,0.0578106,0.056118,0.0544491,0.0528031,0.0511795,0.0495775,0.0479966,0.0464359,0.044895,0.0433732,0.0418698,0.0403842,0.0389159,0.0374641,0.0360283,0.034608,0.0332024,0.031811,0.0304333,0.0290686,0.0277164,0.0263761,0.0250471,0.0237288,0.0224208,0.0211225,0.0198332,0.0185525,0.0172798,0.0160145,0.0147561,0.0135042,0.012258,0.0110171,0.00978105,0.00854918,0.00732101,0.00609601,0.00487365,0.00365339,0.00243472
1,0.971206,0.942623,0.91445,0.886865,0.860014,0.834013,0.808943,0.784852,0.761763,0.739677,0.718574,0.698424,0.679187,0.660818,0.643267,0.626486,0.610425,0.595037,0.580277,0.566103,0.552474,0.539354,0.526709,0.514508,0.502722,0.491325,0.480292,0.469603,0.459237,0.449175,0.439402,0.429902,0.420661,0.411665,0.402904,0.394367,0.386043,0.377924,0.37,0.362265,0.35471,0.347329,0.340116,0.333064,0.326168,0.319423,0.312825,0.306368,0.300048,0.293861,0.287803,0.281871,0.276061,0.270369,0.264793,0.25933,0.253977,0.24873,0.243587,0.238547,0.233605,0.22876,0.22401,0.219353,0.214785,0.210306,0.205913,0.201604,0.197378,0.193232,0.189165,0.185175,0.18126,0.177419,0.173651,0.169952,0.166323,0.162762,0.159267,0.155836,0.152469,0.149164,0.145919,0.142734,0.139607,0.136537,0.133522,0.130562,0.127655,0.124801,0.121997,0.119243,0.116538,0.113881,0.111271,0.108706,0.106186,0.10371,0.101276,0.0988839,0.0965328,0.0942215,0.0919493,0.0897151,0.087518,0.0853574,0.0832321,0.0811415,0.0790846,0.0770608,0.075069,0.0731087,0.0711789,0.0692789,0.067408,0.0655653,0.0637502,0.061962,0.0601998,0.058463,0.0567508,0.0550627,0.0533978,0.0517555,0.0501352,0.0485361,0.0469577,0.0453992,0.04386,0.0423395,0.0408371,0.0393521,0.0378838,0.0364318,0.0349954,0.033574,0.0321669,0.0307736,0.0293936,0.0280261,0.0266708,0.0253268,0.0239938,0.0226712,0.0213582,0.0200545,0.0187595,0.0174725,0.0161931,0.0149207,0.0136547,0.0123947,0.01114,0.00989007,0.00864447,0.00740261,0.00616395,0.00492796,0.0036941,0.00246185
1,0.972558,0.945289,0.918359,0.891916,0.866088,0.840977,0.81666,0.793188,0.770591,0.748878,0.728045,0.708072,0.688932,0.670593,0.653017,0.636164,0.619994,0.604468,0.589546,0.575192,0.561371,0.548049,0.535195,0.522781,0.510781,0.499169,0.487923,0.477023,0.466449,0.456184,0.446211,0.436515,0.427083,0.417902,0.408961,0.400249,0.391755,0.38347,0.375387,0.367497,0.359792,0.352266,0.344912,0.337724,0.330697,0.323825,0.317103,0.310527,0.304092,0.297793,0.291628,0.285591,0.27968,0.273891,0.26822,0.262665,0.257223,0.25189,0.246665,0.241543,0.236523,0.231603,0.226779,0.22205,0.217413,0.212867,0.208408,0.204036,0.199748,0.195543,0.191418,0.187371,0.183402,0.179508,0.175687,0.171938,0.16826,0.164651,0.161109,0.157633,0.154222,0.150873,0.147587,0.144361,0.141194,0.138085,0.135032,0.132035,0.129092,0.126202,0.123364,0.120577,0.117839,0.11515,0.112508,0.109912,0.107362,0.104856,0.102394,0.0999738,0.0975951,0.0952569,0.0929583,0.0906982,0.0884758,0.0862903,0.0841407,0.0820262,0.0799459,0.0778991,0.0758848,0.0739024,0.0719509,0.0700296,0.0681377,0.0662745,0.0644392,0.062631,0.0608493,0.0590933,0.0573623,0.0556555,0.0539723,0.052312,0.0506739,0.0490574,0.0474617,0.0458862,0.0443303,0.0427933,0.0412745,0.0397734,0.0382893,0.0368216,0.0353696,0.0339329,0.0325106,0.0311024,0.0297075,0.0283253,0.0269554,0.0255971,0.0242498,0.0229129,0.021586,0.0202683,0.0189594,0.0176587,0.0163656,0.0150796,0.0138002,0.0125267,0.0112586,0.00999537,0.0087365,0.00748141,0.00622956,0.00498041,0.00373342,0.00248805
1,0.973736,0.947617,0.92178,0.896353,0.871445,0.847147,0.823532,0.80065,0.778534,0.757202,0.736655,0.716886,0.697878,0.679607,0.662044,0.64516,0.628921,0.613295,0.598249,0.583751,0.56977,0.556276,0.543242,0.530643,0.518453,0.506649,0.495211,0.484119,0.473355,0.462901,0.452743,0.442866,0.433257,0.423902,0.414791,0.405914,0.397259,0.388818,0.380583,0.372545,0.364698,0.357033,0.349545,0.342227,0.335073,0.328079,0.321239,0.314548,0.308002,0.301596,0.295327,0.289189,0.283181,0.277297,0.271535,0.265891,0.260363,0.254947,0.249641,0.244441,0.239345,0.234351,0.229456,0.224658,0.219954,0.215343,0.210821,0.206388,0.20204,0.197777,0.193595,0.189494,0.185472,0.181526,0.177655,0.173857,0.170131,0.166476,0.162889,0.159369,0.155915,0.152525,0.149198,0.145932,0.142726,0.13958,0.13649,0.133457,0.13048,0.127555,0.124684,0.121864,0.119094,0.116374,0.113702,0.111077,0.108497,0.105963,0.103473,0.101026,0.0986204,0.0962562,0.093932,0.0916469,0.0894,0.0871905,0.0850174,0.0828798,0.080777,0.0787079,0.0766719,0.0746681,0.0726956,0.0707538,0.0688417,0.0669586,0.0651038,0.0632765,0.0614759,0.0597013,0.057952,0.0562273,0.0545265,0.0528488,0.0511936,0.0495601,0.0479478,0.0463559,0.0447838,0.0432309,0.0416964,0.0401797,0.0386803,0.0371974,0.0357305,0.034279,0.0328421,0.0314194,0.0300102,0.0286139,0.0272299,0.0258577,0.0244966,0.0231461,0.0218055,0.0204745,0.0191522,0.0178382,0.016532,0.0152329,0.0139404,0.0126539,0.011373,0.0100969,0.00882524,0.00755739,0.00629282,0.00503099,0.00377133,0.00251331
1,0.97477,0.949662,0.924793,0.90027,0.876191,0.852636,0.829671,0.807346,0.785695,0.76474,0.744489,0.724942,0.706088,0.687912,0.670395,0.653512,0.637237,0.621544,0.606405,0.591794,0.577682,0.564045,0.550858,0.538096,0.525739,0.513765,0.502155,0.490889,0.479952,0.469326,0.458998,0.448952,0.439177,0.429661,0.420391,0.411358,0.402552,0.393963,0.385584,0.377407,0.369423,0.361626,0.35401,0.346567,0.339293,0.332182,0.325229,0.318428,0.311775,0.305266,0.298896,0.292662,0.286559,0.280585,0.274734,0.269005,0.263394,0.257898,0.252514,0.247238,0.24207,0.237005,0.232041,0.227176,0.222407,0.217732,0.21315,0.208657,0.204252,0.199932,0.195697,0.191543,0.187469,0.183473,0.179553,0.175708,0.171936,0.168236,0.164605,0.161043,0.157548,0.154117,0.150751,0.147447,0.144204,0.141021,0.137896,0.134829,0.131817,0.12886,0.125956,0.123105,0.120304,0.117554,0.114852,0.112198,0.109591,0.10703,0.104513,0.102039,0.0996081,0.0972187,0.0948699,0.0925607,0.0902902,0.0880576,0.0858618,0.083702,0.0815773,0.0794869,0.0774299,0.0754055,0.0734128,0.0714511,0.0695195,0.0676173,0.0657437,0.0638979,0.0620791,0.0602867,0.0585198,0.0567778,0.05506,0.0533655,0.0516938,0.0500441,0.0484158,0.0468081,0.0452205,0.0436521,0.0421025,0.0405709,0.0390567,0.0375592,0.0360779,0.0346121,0.0331612,0.0317245,0.0303015,0.0288916,0.0274941,0.0261085,0.0247341,0.0233705,0.0220169,0.0206729,0.0193378,0.018011,0.0166921,0.0153804,0.0140754,0.0127764,0.011483,0.0101946,0.00891064,0.00763052,0.00635371,0.00507966,0.00380782,0.00253763
1,0.975682,0.951468,0.927458,0.903745,0.880414,0.857536,0.835171,0.813368,0.792162,0.771575,0.751621,0.732304,0.71362,0.695561,0.678112,0.661256,0.644973,0.62924,0.614036,0.599338,0.585122,0.571366,0.558048,0.545148,0.532645,0.52052,0.508755,0.497333,0.486239,0.475456,0.464971,0.45477,0.444842,0.435174,0.425756,0.416578,0.407629,0.398902,0.390387,0.382077,0.373964,0.366042,0.358303,0.350743,0.343353,0.33613,0.329068,0.322162,0.315407,0.308799,0.302334,0.296006,0.289813,0.283751,0.277816,0.272005,0.266314,0.26074,0.255281,0.249933,0.244693,0.23956,0.23453,0.2296,0.224769,0.220034,0.215392,0.210842,0.206381,0.202008,0.19772,0.193515,0.189391,0.185347,0.18138,0.17749,0.173674,0.16993,0.166257,0.162654,0.159119,0.15565,0.152245,0.148905,0.145626,0.142407,0.139249,0.136148,0.133103,0.130114,0.12718,0.124298,0.121468,0.118689,0.115959,0.113277,0.110643,0.108055,0.105512,0.103013,0.100558,0.0981441,0.0957716,0.0934392,0.091146,0.088891,0.0866734,0.0844922,0.0823466,0.0802356,0.0781584,0.0761142,0.0741021,0.0721213,0.070171,0.0682504,0.0663586,0.0644951,0.0626588,0.0608492,0.0590655,0.0573068,0.0555726,0.0538621,0.0521745,0.0505092,0.0488654,0.0472426,0.04564,0.0440569,0.0424927,0.0409467,0.0394183,0.0379069,0.0364117,0.0349322,0.0334677,0.0320177,0.0305814,0.0291584,0.0277479,0.0263494,0.0249623,0.023586,0.0222199,0.0208635,0.019516,0.018177,0.0168459,0.0155221,0.014205,0.0128941,0.0115888,0.0102885,0.00899269,0.00770077,0.0064122,0.00512642,0.00384287,0.00256099
1,0.976491,0.953071,0.929827,0.90684,0.884183,0.861922,0.840111,0.818795,0.798009,0.777777,0.758116,0.739033,0.720529,0.7026,0.685238,0.668429,0.652158,0.636409,0.621163,0.606401,0.592103,0.57825,0.564823,0.551804,0.539174,0.526916,0.515014,0.503452,0.492216,0.48129,0.470661,0.460318,0.450248,0.44044,0.430884,0.42157,0.412488,0.40363,0.394987,0.386552,0.378318,0.370277,0.362422,0.354749,0.34725,0.339921,0.332755,0.325749,0.318896,0.312193,0.305636,0.299219,0.29294,0.286794,0.280777,0.274887,0.269119,0.263471,0.25794,0.252522,0.247215,0.242016,0.236922,0.23193,0.227039,0.222245,0.217547,0.212942,0.208427,0.204002,0.199663,0.195409,0.191238,0.187147,0.183136,0.179201,0.175342,0.171557,0.167844,0.164201,0.160627,0.157121,0.15368,0.150304,0.14699,0.143738,0.140547,0.137414,0.134338,0.131318,0.128354,0.125443,0.122585,0.119778,0.117021,0.114313,0.111652,0.109039,0.106471,0.103948,0.101469,0.0990319,0.0966366,0.0942819,0.0919669,0.0896905,0.0874519,0.0852502,0.0830844,0.0809536,0.0788571,0.0767938,0.0747631,0.072764,0.0707957,0.0688574,0.0669483,0.0650677,0.0632147,0.0613886,0.0595886,0.0578141,0.0560641,0.0543381,0.0526353,0.050955,0.0492965,0.0476591,0.0460422,0.0444449,0.0428668,0.041307,0.039765,0.0382401,0.0367316,0.035239,0.0337616,0.0322987,0.0308498,0.0294141,0.0279912,0.0265804,0.0251811,0.0237927,0.0224146,0.0210462,0.0196869,0.0183361,0.0169934,0.0156579,0.0143293,0.0130069,0.0116902,0.0103785,0.00907133,0.00776811,0.00646827,0.00517125,0.00387647,0.00258338
1,0.977211,0.954499,0.931939,0.909604,0.887557,0.865857,0.844555,0.823693,0.803303,0.78341,0.764034,0.745184,0.726864,0.709075,0.691811,0.675065,0.658824,0.643076,0.627807,0.613,0.59864,0.584709,0.571192,0.558072,0.545333,0.532959,0.520936,0.509248,0.497884,0.486828,0.476069,0.465595,0.455395,0.445457,0.435773,0.426332,0.417126,0.408145,0.399383,0.39083,0.382481,0.374327,0.366364,0.358583,0.350981,0.34355,0.336286,0.329184,0.322239,0.315445,0.3088,0.302298,0.295936,0.28971,0.283615,0.27765,0.271809,0.26609,0.260489,0.255004,0.249632,0.24437,0.239214,0.234163,0.229214,0.224365,0.219612,0.214954,0.210388,0.205913,0.201526,0.197224,0.193007,0.188872,0.184817,0.180841,0.176941,0.173116,0.169364,0.165683,0.162073,0.15853,0.155055,0.151644,0.148297,0.145013,0.14179,0.138626,0.13552,0.132471,0.129478,0.126539,0.123654,0.12082,0.118037,0.115303,0.112618,0.109981,0.107389,0.104843,0.102341,0.0998815,0.0974644,0.0950884,0.0927524,0.0904556,0.0881969,0.0859755,0.0837904,0.0816407,0.0795256,0.0774442,0.0753955,0.0733789,0.0713934,0.0694382,0.0675125,0.0656155,0.0637465,0.0619046,0.0600891,0.0582993,0.0565343,0.0547935,0.0530762,0.0513815,0.0497089,0.0480576,0.0464269,0.0448161,0.0432245,0.0416516,0.0400966,0.0385588,0.0370377,0.0355325,0.0340426,0.0325675,0.0311064,0.0296588,0.0282239,0.0268013,0.0253903,0.0239903,0.0226007,0.0212209,0.0198503,0.0184883,0.0171344,0.0157878,0.0144482,0.0131148,0.0117871,0.0104645,0.00914654,0.00783251,0.00652189,0.00521411,0.0039086,0.00260479
1,0.977853,0.955774,0.933828,0.912079,0.890584,0.869396,0.848561,0.828118,0.808099,0.788529,0.769426,0.750804,0.73267,0.715025,0.697868,0.681195,0.664998,0.649267,0.63399,0.619155,0.604749,0.590757,0.577166,0.563961,0.551128,0.538653,0.526523,0.514724,0.503245,0.492072,0.481194,0.470601,0.460281,0.450224,0.440421,0.430863,0.42154,0.412445,0.40357,0.394908,0.38645,0.378191,0.370124,0.362243,0.354542,0.347016,0.339659,0.332466,0.325432,0.318553,0.311824,0.305241,0.2988,0.292497,0.286329,0.280291,0.27438,0.268593,0.262926,0.257377,0.251943,0.24662,0.241406,0.236299,0.231294,0.226391,0.221586,0.216878,0.212263,0.20774,0.203306,0.19896,0.194698,0.190521,0.186424,0.182408,0.178468,0.174605,0.170816,0.167099,0.163453,0.159877,0.156368,0.152924,0.149546,0.146231,0.142977,0.139784,0.136649,0.133573,0.130552,0.127587,0.124675,0.121815,0.119008,0.11625,0.113541,0.11088,0.108266,0.105697,0.103173,0.100693,0.0982547,0.0958582,0.0935023,0.0911859,0.088908,0.0866678,0.0844643,0.0822965,0.0801637,0.0780648,0.0759992,0.0739657,0.0719638,0.0699924,0.0680509,0.0661383,0.064254,0.062397,0.0605667,0.0587623,0.056983,0.0552281,0.0534968,0.0517885,0.0501024,0.0484377,0.0467939,0.0451702,0.0435659,0.0419804,0.0404129,0.0388629,0.0373296,0.0358125,0.0343108,0.0328239,0.0313512,0.0298921,0.0284459,0.0270121,0.0255899,0.0241789,0.0227783,0.0213876,0.0200062,0.0186335,0.0172689,0.0159118,0.0145616,0.0132177,0.0118796,0.0105466,0.00921829,0.00789395,0.00657304,0.005255,0.00393925,0.00262521
1,0.978428,0.956915,0.935521,0.9143,0.893305,0.872583,0.852176,0.83212,0.812447,0.79318,0.774339,0.755938,0.737986,0.720487,0.703443,0.686851,0.670707,0.655004,0.639732,0.624883,0.610445,0.596407,0.582755,0.56948,0.556567,0.544004,0.53178,0.519883,0.508301,0.497022,0.486037,0.475335,0.464905,0.454739,0.444827,0.435159,0.425729,0.416528,0.407548,0.398783,0.390224,0.381866,0.373702,0.365726,0.357932,0.350315,0.34287,0.335591,0.328474,0.321513,0.314705,0.308045,0.30153,0.295154,0.288915,0.282808,0.276831,0.270979,0.26525,0.25964,0.254146,0.248766,0.243496,0.238334,0.233277,0.228322,0.223468,0.218711,0.214049,0.209481,0.205003,0.200613,0.19631,0.192092,0.187956,0.183901,0.179924,0.176024,0.1722,0.168448,0.164769,0.161159,0.157618,0.154144,0.150735,0.147391,0.144108,0.140887,0.137725,0.134621,0.131575,0.128584,0.125647,0.122763,0.119932,0.117151,0.114419,0.111736,0.1091,0.10651,0.103966,0.101465,0.099007,0.0965911,0.0942161,0.091881,0.0895848,0.0873267,0.0851056,0.0829207,0.0807709,0.0786555,0.0765736,0.0745242,0.0725066,0.0705199,0.0685632,0.0666358,0.0647369,0.0628656,0.0610212,0.0592029,0.0574099,0.0556416,0.0538971,0.0521757,0.0504767,0.0487994,0.0471431,0.0455071,0.0438907,0.0422932,0.0407139,0.0391522,0.0376074,0.0360789,0.0345659,0.0330679,0.0315842,0.0301141,0.0286572,0.0272126,0.0257798,0.0243582,0.0229472,0.0215462,0.0201545,0.0187716,0.0173968,0.0160296,0.0146694,0.0133156,0.0119676,0.0106247,0.00928654,0.00795239,0.0066217,0.0052939,0.00396841,0.00264465
1,0.978943,0.957939,0.93704,0.916296,0.895753,0.875454,0.855439,0.835741,0.816389,0.797406,0.778814,0.760625,0.74285,0.725497,0.708567,0.692061,0.675977,0.66031,0.645054,0.630201,0.615743,0.60167,0.587971,0.574637,0.561657,0.549019,0.536713,0.524729,0.513055,0.501682,0.4906,0.479799,0.469269,0.459002,0.448989,0.439222,0.429692,0.420392,0.411315,0.402453,0.3938,0.385349,0.377094,0.369029,0.361148,0.353446,0.345918,0.338558,0.331362,0.324324,0.317441,0.310709,0.304122,0.297678,0.291371,0.2852,0.279159,0.273246,0.267457,0.261789,0.256239,0.250804,0.245481,0.240268,0.235161,0.230158,0.225256,0.220453,0.215747,0.211135,0.206615,0.202184,0.197841,0.193584,0.189411,0.185319,0.181306,0.177372,0.173514,0.16973,0.166018,0.162377,0.158806,0.155302,0.151865,0.148492,0.145182,0.141934,0.138746,0.135617,0.132545,0.12953,0.12657,0.123663,0.120809,0.118006,0.115253,0.112548,0.109892,0.107282,0.104718,0.102198,0.0997209,0.0972865,0.0948934,0.0925406,0.0902271,0.0879519,0.0857142,0.0835129,0.0813471,0.079216,0.0771186,0.0750541,0.0730216,0.0710203,0.0690493,0.0671078,0.065195,0.0633101,0.0614523,0.0596208,0.0578149,0.0560338,0.0542767,0.052543,0.0508318,0.0491425,0.0474744,0.0458267,0.0441988,0.0425899,0.0409994,0.0394266,0.0378709,0.0363315,0.0348079,0.0332993,0.0318051,0.0303247,0.0288575,0.0274027,0.0259599,0.0245284,0.0231075,0.0216966,0.0202952,0.0189026,0.0175182,0.0161415,0.0147717,0.0134084,0.012051,0.0106988,0.00935127,0.00800781,0.00666785,0.00533079,0.00399606,0.00266307
1,0.979405,0.958858,0.938405,0.91809,0.897957,0.878043,0.858386,0.839016,0.819961,0.801244,0.782885,0.764898,0.747295,0.730083,0.713267,0.69685,0.680831,0.665207,0.649974,0.635127,0.620658,0.60656,0.592825,0.579443,0.566406,0.553703,0.541326,0.529265,0.517511,0.506053,0.494884,0.483993,0.473373,0.463014,0.452909,0.443049,0.433428,0.424037,0.414869,0.405918,0.397177,0.388639,0.380299,0.372151,0.364189,0.356407,0.348801,0.341364,0.334094,0.326984,0.320031,0.313229,0.306576,0.300067,0.293697,0.287464,0.281364,0.275392,0.269547,0.263824,0.258221,0.252735,0.247361,0.242099,0.236944,0.231895,0.226949,0.222102,0.217354,0.212701,0.208141,0.203671,0.199291,0.194997,0.190788,0.186661,0.182615,0.178648,0.174757,0.170942,0.1672,0.16353,0.15993,0.156398,0.152933,0.149534,0.146198,0.142924,0.139712,0.136559,0.133464,0.130426,0.127443,0.124514,0.121639,0.118815,0.116041,0.113317,0.110641,0.108012,0.105429,0.102891,0.100396,0.0979442,0.0955339,0.0931644,0.0908344,0.0885432,0.0862896,0.0840729,0.0818919,0.0797459,0.0776339,0.0755551,0.0735085,0.0714934,0.0695088,0.067554,0.0656281,0.0637303,0.0618598,0.0600159,0.0581977,0.0564046,0.0546356,0.0528902,0.0511675,0.0494669,0.0477876,0.0461288,0.04449,0.0428704,0.0412693,0.039686,0.0381199,0.0365703,0.0350366,0.033518,0.0320139,0.0305237,0.0290468,0.0275825,0.0261301,0.0246892,0.0232589,0.0218388,0.0204281,0.0190264,0.0176329,0.0162471,0.0148684,0.0134962,0.0121299,0.0107688,0.00941245,0.0080602,0.00671147,0.00536566,0.0040222,0.00268049
1,0.97982,0.959683,0.939631,0.919704,0.899941,0.880377,0.861046,0.841977,0.823196,0.804725,0.786584,0.768788,0.751348,0.734274,0.717571,0.701243,0.685291,0.669714,0.65451,0.639675,0.625203,0.611089,0.597326,0.583906,0.570822,0.558064,0.545626,0.533498,0.521672,0.510139,0.498891,0.48792,0.477217,0.466775,0.456586,0.446642,0.436936,0.42746,0.418209,0.409176,0.400353,0.391735,0.383316,0.37509,0.367052,0.359195,0.351516,0.344009,0.336669,0.329491,0.322471,0.315606,0.308889,0.302319,0.29589,0.289599,0.283442,0.277416,0.271518,0.265744,0.26009,0.254555,0.249134,0.243826,0.238627,0.233534,0.228545,0.223658,0.218869,0.214177,0.20958,0.205074,0.200658,0.196329,0.192086,0.187927,0.183849,0.179851,0.17593,0.172085,0.168315,0.164617,0.160989,0.157431,0.153941,0.150516,0.147156,0.143858,0.140622,0.137446,0.134329,0.131269,0.128266,0.125316,0.12242,0.119577,0.116784,0.114041,0.111347,0.1087,0.106099,0.103543,0.101032,0.0985637,0.0961373,0.0937519,0.0914065,0.0891001,0.0868317,0.0846003,0.0824051,0.080245,0.0781193,0.076027,0.0739671,0.071939,0.0699416,0.0679742,0.066036,0.0641261,0.0622437,0.060388,0.0585583,0.0567537,0.0549736,0.0532172,0.0514836,0.0497723,0.0480824,0.0464133,0.0447642,0.0431345,0.0415234,0.0399303,0.0383544,0.0367952,0.0352519,0.0337239,0.0322105,0.0307111,0.0292251,0.0277517,0.0262904,0.0248406,0.0234015,0.0219726,0.0205533,0.0191429,0.0177409,0.0163466,0.0149595,0.0135788,0.0122041,0.0108347,0.00947005,0.00810952,0.00675253,0.00539849,0.00404681,0.00269689
1,0.980193,0.960424,0.940732,0.921154,0.901725,0.882478,0.863444,0.84465,0.826121,0.807878,0.78994,0.772323,0.755038,0.738095,0.721501,0.705261,0.689377,0.67385,0.658679,0.643861,0.629392,0.615269,0.601486,0.588035,0.574912,0.562108,0.549617,0.537431,0.525541,0.513942,0.502624,0.49158,0.480803,0.470285,0.460019,0.449998,0.440215,0.430663,0.421335,0.412225,0.403327,0.394635,0.386143,0.377845,0.369735,0.36181,0.354063,0.346489,0.339084,0.331843,0.324762,0.317836,0.311061,0.304433,0.297948,0.291603,0.285394,0.279317,0.273368,0.267546,0.261845,0.256264,0.250799,0.245447,0.240206,0.235073,0.230044,0.225118,0.220292,0.215564,0.210931,0.206391,0.201941,0.19758,0.193305,0.189115,0.185007,0.18098,0.177031,0.173158,0.169361,0.165637,0.161984,0.158401,0.154886,0.151438,0.148054,0.144734,0.141477,0.138279,0.135141,0.132061,0.129037,0.126069,0.123154,0.120292,0.117481,0.11472,0.112009,0.109345,0.106728,0.104156,0.101629,0.0991448,0.0967033,0.0943031,0.0919431,0.0896224,0.0873401,0.085095,0.0828864,0.0807132,0.0785745,0.0764695,0.0743972,0.0723568,0.0703475,0.0683683,0.0664185,0.0644972,0.0626036,0.0607369,0.0588964,0.0570812,0.0552905,0.0535238,0.05178,0.0500587,0.0483589,0.04668,0.0450213,0.0433821,0.0417617,0.0401593,0.0385743,0.037006,0.0354538,0.033917,0.0323949,0.0308869,0.0293922,0.0279104,0.0264407,0.0249825,0.0235352,0.0220981,0.0206707,0.0192522,0.0178422,0.0164399,0.0150448,0.0136563,0.0122737,0.0108965,0.00952405,0.00815576,0.00679103,0.00542927,0.00406988,0.00271226
1,0.980526,0.961088,0.94172,0.922456,0.903328,0.884368,0.865603,0.847059,0.82876,0.810727,0.792977,0.775525,0.758386,0.741567,0.725078,0.708924,0.693107,0.677631,0.662495,0.647698,0.633238,0.619112,0.605314,0.59184,0.578685,0.565842,0.553305,0.541068,0.529124,0.517465,0.506085,0.494976,0.484132,0.473546,0.463211,0.45312,0.443266,0.433643,0.424245,0.415065,0.406098,0.397338,0.388778,0.380413,0.372239,0.364249,0.356439,0.348804,0.341338,0.334039,0.3269,0.319918,0.313088,0.306407,0.299871,0.293475,0.287217,0.281092,0.275097,0.269229,0.263485,0.257861,0.252354,0.246962,0.241682,0.23651,0.231445,0.226483,0.221622,0.216859,0.212193,0.20762,0.20314,0.198748,0.194444,0.190225,0.186089,0.182034,0.178059,0.17416,0.170338,0.166589,0.162912,0.159306,0.155769,0.152298,0.148893,0.145552,0.142274,0.139057,0.1359,0.1328,0.129758,0.126771,0.123839,0.120959,0.118132,0.115355,0.112627,0.109947,0.107314,0.104728,0.102186,0.0996872,0.0972316,0.0948175,0.0924439,0.0901099,0.0878145,0.0855567,0.0833355,0.08115,0.0789993,0.0768824,0.0747986,0.0727468,0.0707262,0.068736,0.0667754,0.0648435,0.0629394,0.0610625,0.0592118,0.0573867,0.0555863,0.0538098,0.0520566,0.0503259,0.0486169,0.0469289,0.0452612,0.0436132,0.041984,0.0403729,0.0387794,0.0372027,0.0356422,0.0340971,0.0325669,0.0310508,0.0295482,0.0280584,0.0265809,0.0251149,0.0236599,0.0222152,0.0207801,0.0193542,0.0179366,0.0165269,0.0151244,0.0137285,0.0123387,0.0109542,0.00957443,0.0081989,0.00682695,0.00545798,0.0040914,0.00272661
1,0.980825,0.961682,0.942604,0.923622,0.904765,0.886062,0.86754,0.849224,0.831134,0.813292,0.795715,0.778418,0.761413,0.744712,0.728322,0.712249,0.696499,0.681074,0.665974,0.651201,0.636753,0.622626,0.608819,0.595328,0.582147,0.569272,0.556696,0.544415,0.532422,0.520712,0.509276,0.49811,0.487206,0.476559,0.466161,0.456006,0.446089,0.436402,0.42694,0.417696,0.408666,0.399842,0.391221,0.382795,0.374561,0.366512,0.358644,0.350952,0.343431,0.336077,0.328885,0.321851,0.314971,0.308241,0.301656,0.295214,0.28891,0.28274,0.276703,0.270793,0.265007,0.259344,0.253799,0.248369,0.243052,0.237845,0.232745,0.22775,0.222856,0.218062,0.213365,0.208763,0.204253,0.199833,0.195501,0.191255,0.187093,0.183013,0.179013,0.175091,0.171245,0.167474,0.163775,0.160147,0.156588,0.153097,0.149672,0.146312,0.143015,0.139779,0.136603,0.133487,0.130427,0.127423,0.124474,0.121579,0.118736,0.115943,0.1132,0.110506,0.107859,0.105258,0.102702,0.100191,0.0977218,0.0952948,0.0929087,0.0905623,0.0882548,0.0859851,0.0837523,0.0815554,0.0793934,0.0772656,0.0751709,0.0731086,0.0710776,0.0690772,0.0671066,0.0651648,0.063251,0.0613645,0.0595045,0.0576701,0.0558606,0.0540752,0.0523132,0.0505738,0.0488562,0.0471598,0.0454838,0.0438275,0.0421902,0.0405712,0.0389697,0.0373852,0.035817,0.0342642,0.0327264,0.0312028,0.0296928,0.0281957,0.0267109,0.0252378,0.0237756,0.0223238,0.0208817,0.0194487,0.0180243,0.0166077,0.0151983,0.0137956,0.0123989,0.0110076,0.00962117,0.00823892,0.00686026,0.00548462,0.00411136,0.00273991
1,0.981091,0.962212,0.943393,0.924662,0.906048,0.887576,0.869273,0.851161,0.833262,0.815594,0.798175,0.781019,0.764139,0.747546,0.731249,0.715254,0.699567,0.684191,0.669129,0.654381,0.639946,0.625824,0.612012,0.598507,0.585305,0.572403,0.559795,0.547476,0.535441,0.523685,0.512201,0.500983,0.490027,0.479324,0.46887,0.458659,0.448683,0.438939,0.429418,0.420117,0.411029,0.402149,0.39347,0.384989,0.3767,0.368597,0.360676,0.352932,0.34536,0.337956,0.330715,0.323634,0.316707,0.309932,0.303303,0.296817,0.290471,0.284261,0.278184,0.272235,0.266412,0.260712,0.255131,0.249667,0.244317,0.239077,0.233945,0.228919,0.223995,0.219172,0.214447,0.209817,0.20528,0.200834,0.196477,0.192206,0.18802,0.183917,0.179894,0.175949,0.172082,0.168289,0.16457,0.160922,0.157344,0.153834,0.150391,0.147013,0.143698,0.140445,0.137253,0.134119,0.131044,0.128025,0.125061,0.12215,0.119292,0.116486,0.113729,0.111021,0.108361,0.105747,0.103179,0.100655,0.0981738,0.0957349,0.0933371,0.0909794,0.0886607,0.08638,0.0841365,0.081929,0.0797568,0.0776188,0.0755142,0.0734421,0.0714016,0.0693918,0.0674118,0.0654609,0.0635383,0.061643,0.0597743,0.0579314,0.0561135,0.0543198,0.0525497,0.0508023,0.0490768,0.0473726,0.0456889,0.044025,0.0423803,0.0407538,0.0391451,0.0375534,0.035978,0.0344183,0.0328735,0.031343,0.0298262,0.0283223,0.0268308,0.025351,0.0238822,0.0224239,0.0209753,0.0195359,0.018105,0.0166821,0.0152664,0.0138574,0.0124544,0.0110569,0.00966424,0.00827579,0.00689097,0.00550916,0.00412976,0.00275217
1,0.981327,0.962682,0.944093,0.925586,0.907188,0.888923,0.870816,0.852888,0.835159,0.817648,0.800372,0.783344,0.766579,0.750086,0.733875,0.717953,0.702325,0.686997,0.671971,0.657248,0.642829,0.628713,0.614899,0.601384,0.588167,0.575242,0.562606,0.550255,0.538184,0.526388,0.514861,0.503599,0.492595,0.481844,0.47134,0.461077,0.45105,0.441253,0.431681,0.422328,0.413188,0.404256,0.395526,0.386994,0.378655,0.370503,0.362534,0.354743,0.347124,0.339675,0.33239,0.325265,0.318296,0.311479,0.30481,0.298285,0.291901,0.285654,0.27954,0.273556,0.267698,0.261965,0.256352,0.250856,0.245474,0.240205,0.235044,0.229989,0.225038,0.220188,0.215437,0.210781,0.20622,0.20175,0.19737,0.193077,0.188868,0.184744,0.1807,0.176735,0.172848,0.169036,0.165298,0.161632,0.158036,0.154509,0.151048,0.147654,0.144323,0.141054,0.137846,0.134698,0.131608,0.128575,0.125597,0.122673,0.119802,0.116982,0.114213,0.111493,0.10882,0.106195,0.103615,0.101079,0.0985872,0.0961375,0.0937291,0.0913609,0.089032,0.0867413,0.0844879,0.0822709,0.0800892,0.0779419,0.0758282,0.0737472,0.0716979,0.0696794,0.067691,0.0657318,0.0638009,0.0618976,0.060021,0.0581703,0.0563448,0.0545436,0.052766,0.0510112,0.0492785,0.0475672,0.0458765,0.0442057,0.0425541,0.0409209,0.0393055,0.0377072,0.0361253,0.0345591,0.033008,0.0314712,0.0299481,0.028438,0.0269404,0.0254545,0.0239797,0.0225154,0.0210609,0.0196156,0.0181789,0.0167501,0.0153286,0.0139139,0.0125052,0.011102,0.00970362,0.00830952,0.00691905,0.00553161,0.00414659,0.00276338
1,0.981535,0.963097,0.94471,0.926401,0.908194,0.890113,0.87218,0.854415,0.836839,0.819468,0.802321,0.785409,0.768747,0.752345,0.736213,0.720358,0.704786,0.689503,0.674511,0.659813,0.645409,0.631301,0.617488,0.603967,0.590737,0.577794,0.565135,0.552757,0.540655,0.528824,0.51726,0.505958,0.494913,0.484118,0.47357,0.463262,0.45319,0.443346,0.433728,0.424328,0.415141,0.406163,0.397388,0.38881,0.380426,0.37223,0.364218,0.356384,0.348724,0.341233,0.333908,0.326744,0.319737,0.312882,0.306177,0.299616,0.293197,0.286916,0.280769,0.274753,0.268865,0.263101,0.257458,0.251934,0.246524,0.241227,0.23604,0.23096,0.225984,0.22111,0.216335,0.211656,0.207073,0.202581,0.19818,0.193866,0.189638,0.185493,0.181431,0.177447,0.173542,0.169713,0.165958,0.162275,0.158663,0.15512,0.151645,0.148235,0.144889,0.141606,0.138385,0.135223,0.13212,0.129074,0.126083,0.123147,0.120264,0.117432,0.114652,0.11192,0.109237,0.1066,0.10401,0.101464,0.098962,0.0965024,0.0940843,0.0917067,0.0893685,0.0870687,0.0848065,0.0825806,0.0803904,0.0782347,0.0761128,0.0740236,0.0719664,0.0699401,0.0679441,0.0659773,0.064039,0.0621284,0.0602446,0.0583868,0.0565544,0.0547463,0.052962,0.0512006,0.0494614,0.0477436,0.0460465,0.0443694,0.0427116,0.0410723,0.0394509,0.0378466,0.0362588,0.0346867,0.0331298,0.0315873,0.0300586,0.0285429,0.0270397,0.0255483,0.0240681,0.0225983,0.0211385,0.0196878,0.0182458,0.0168117,0.015385,0.013965,0.0125512,0.0111428,0.00973931,0.00834007,0.00694449,0.00555195,0.00416183,0.00277354
1,0.981717,0.96346,0.945251,0.927115,0.909076,0.891156,0.873375,0.855755,0.838313,0.821067,0.804034,0.787226,0.770656,0.754336,0.738275,0.722481,0.70696,0.691718,0.676758,0.662084,0.647697,0.633598,0.619786,0.606261,0.593021,0.580063,0.567386,0.554984,0.542856,0.530996,0.5194,0.508063,0.496982,0.48615,0.475563,0.465215,0.455102,0.445218,0.435558,0.426117,0.416889,0.40787,0.399054,0.390436,0.382012,0.373777,0.365726,0.357854,0.350156,0.342629,0.335268,0.328069,0.321028,0.31414,0.307402,0.300809,0.294359,0.288048,0.281872,0.275827,0.269911,0.264119,0.25845,0.2529,0.247466,0.242144,0.236934,0.23183,0.226832,0.221936,0.21714,0.212441,0.207837,0.203326,0.198906,0.194573,0.190327,0.186166,0.182086,0.178086,0.174165,0.17032,0.166549,0.162852,0.159225,0.155668,0.152179,0.148756,0.145397,0.142102,0.138868,0.135694,0.132579,0.129521,0.126519,0.123572,0.120678,0.117836,0.115045,0.112303,0.10961,0.106964,0.104364,0.101809,0.0992978,0.0968294,0.0944027,0.0920166,0.08967,0.0873622,0.0850919,0.0828582,0.0806603,0.0784971,0.0763678,0.0742714,0.072207,0.0701737,0.0681708,0.0661972,0.0642523,0.0623352,0.0604449,0.0585809,0.0567421,0.054928,0.0531376,0.0513702,0.0496251,0.0479016,0.0461988,0.0445161,0.0428527,0.0412079,0.0395811,0.0379715,0.0363784,0.0348011,0.033239,0.0316913,0.0301575,0.0286369,0.0271287,0.0256324,0.0241472,0.0226726,0.0212079,0.0197525,0.0183057,0.016867,0.0154356,0.0140109,0.0125924,0.0111794,0.00977128,0.00836745,0.00696728,0.00557017,0.00417549,0.00278265
1,0.981875,0.963774,0.945719,0.927733,0.909839,0.892059,0.874411,0.856916,0.839592,0.822455,0.805522,0.788804,0.772317,0.756069,0.740071,0.724331,0.708856,0.693652,0.678722,0.66407,0.649698,0.635608,0.621799,0.608272,0.595024,0.582055,0.569362,0.556941,0.54479,0.532905,0.521282,0.509916,0.498803,0.487939,0.477318,0.466936,0.456788,0.446869,0.437173,0.427695,0.418432,0.409377,0.400525,0.391872,0.383413,0.375143,0.367058,0.359152,0.351422,0.343863,0.336471,0.32924,0.322169,0.315251,0.308484,0.301864,0.295387,0.289048,0.282846,0.276776,0.270835,0.26502,0.259327,0.253754,0.248298,0.242955,0.237723,0.2326,0.227582,0.222666,0.217851,0.213134,0.208513,0.203985,0.199547,0.195199,0.190937,0.18676,0.182665,0.178651,0.174715,0.170856,0.167072,0.163362,0.159722,0.156153,0.152651,0.149216,0.145846,0.142539,0.139294,0.13611,0.132984,0.129916,0.126904,0.123947,0.121043,0.118192,0.115392,0.112642,0.10994,0.107285,0.104677,0.102114,0.0995946,0.0971184,0.094684,0.0922903,0.0899365,0.0876214,0.0853441,0.0831035,0.0808988,0.0787289,0.0765931,0.0744902,0.0724195,0.0703801,0.0683711,0.0663916,0.0644408,0.0625178,0.0606219,0.0587523,0.056908,0.0550884,0.0532927,0.0515201,0.0497698,0.0480412,0.0463334,0.0446457,0.0429774,0.0413278,0.0396961,0.0380818,0.036484,0.0349021,0.0333354,0.0317833,0.030245,0.0287199,0.0272073,0.0257066,0.0242171,0.0227383,0.0212693,0.0198097,0.0183587,0.0169157,0.0154802,0.0140514,0.0126288,0.0112117,0.00979952,0.00839163,0.00698742,0.00558626,0.00418756,0.00279069
1,0.982009,0.964041,0.946117,0.92826,0.91049,0.892829,0.875295,0.857908,0.840684,0.823641,0.806794,0.790155,0.773738,0.757553,0.741611,0.725918,0.710484,0.695312,0.680409,0.665777,0.65142,0.637338,0.623533,0.610005,0.596752,0.583773,0.571067,0.558631,0.546461,0.534555,0.522909,0.511518,0.500379,0.489487,0.478838,0.468427,0.458248,0.448298,0.438572,0.429063,0.419769,0.410683,0.4018,0.393117,0.384628,0.376328,0.368214,0.360279,0.352521,0.344934,0.337514,0.330257,0.323159,0.316216,0.309424,0.302779,0.296278,0.289917,0.283692,0.2776,0.271638,0.265802,0.260089,0.254496,0.24902,0.243659,0.238409,0.233268,0.228232,0.2233,0.218469,0.213736,0.2091,0.204556,0.200105,0.195742,0.191466,0.187276,0.183168,0.179141,0.175193,0.171322,0.167526,0.163804,0.160154,0.156573,0.153061,0.149616,0.146236,0.142919,0.139664,0.136471,0.133336,0.130259,0.127238,0.124273,0.121361,0.118502,0.115693,0.112935,0.110226,0.107564,0.104948,0.102378,0.0998521,0.0973691,0.094928,0.0925279,0.0901677,0.0878463,0.0855629,0.0833163,0.0811057,0.0789301,0.0767885,0.0746801,0.072604,0.0705592,0.0685448,0.0665602,0.0646043,0.0626763,0.0607755,0.058901,0.057052,0.0552277,0.0534273,0.0516502,0.0498954,0.0481623,0.0464501,0.0447581,0.0430855,0.0414317,0.0397959,0.0381775,0.0365756,0.0349897,0.0334191,0.031863,0.0303208,0.0287919,0.0272755,0.025771,0.0242778,0.0227952,0.0213226,0.0198593,0.0184046,0.0169581,0.0155189,0.0140866,0.0126604,0.0112397,0.00982402,0.00841261,0.00700488,0.00560023,0.00419802,0.00279766
1,0.982121,0.964264,0.94645,0.928699,0.911033,0.893471,0.876033,0.858736,0.841597,0.824633,0.807858,0.791285,0.774928,0.758797,0.742901,0.727249,0.711849,0.696706,0.681826,0.667212,0.652867,0.638794,0.624992,0.611464,0.598207,0.585221,0.572505,0.560056,0.547871,0.535947,0.524282,0.512871,0.50171,0.490795,0.480122,0.469686,0.459483,0.449507,0.439755,0.430221,0.4209,0.411788,0.40288,0.394171,0.385656,0.377332,0.369192,0.361233,0.353451,0.34584,0.338397,0.331118,0.323998,0.317033,0.31022,0.303555,0.297034,0.290653,0.284409,0.278298,0.272318,0.266464,0.260734,0.255124,0.249633,0.244255,0.23899,0.233834,0.228784,0.223838,0.218993,0.214246,0.209597,0.205041,0.200577,0.196202,0.191915,0.187713,0.183594,0.179556,0.175598,0.171716,0.167911,0.164179,0.160519,0.15693,0.153408,0.149954,0.146566,0.143241,0.139978,0.136776,0.133634,0.130549,0.127521,0.124549,0.12163,0.118764,0.115949,0.113184,0.110468,0.1078,0.105178,0.102602,0.10007,0.0975814,0.0951348,0.0927291,0.0903635,0.0880369,0.0857482,0.0834966,0.081281,0.0791004,0.0769541,0.074841,0.0727602,0.0707108,0.068692,0.066703,0.0647428,0.0628105,0.0609055,0.0590269,0.0571739,0.0553456,0.0535413,0.0517603,0.0500017,0.0482648,0.046549,0.0448533,0.0431771,0.0415198,0.0398805,0.0382585,0.0366533,0.0350639,0.0334899,0.0319305,0.0303851,0.0288528,0.0273332,0.0258256,0.0243292,0.0228434,0.0213677,0.0199013,0.0184435,0.0169939,0.0155517,0.0141163,0.0126871,0.0112635,0.00984477,0.00843038,0.00701968,0.00561205,0.00420689,0.00280357
1,0.982212,0.964444,0.946718,0.929054,0.911472,0.893991,0.87663,0.859406,0.842336,0.825436,0.80872,0.792202,0.775893,0.759805,0.743948,0.72833,0.712958,0.697839,0.682978,0.668379,0.654045,0.639979,0.626181,0.612652,0.599393,0.586402,0.573677,0.561218,0.549021,0.537084,0.525404,0.513976,0.502798,0.491864,0.481172,0.470716,0.460493,0.450496,0.440723,0.431168,0.421826,0.412693,0.403763,0.395033,0.386498,0.378153,0.369993,0.362015,0.354212,0.346583,0.339121,0.331823,0.324685,0.317703,0.310872,0.30419,0.297652,0.291255,0.284996,0.27887,0.272874,0.267006,0.261262,0.255639,0.250134,0.244744,0.239466,0.234297,0.229235,0.224278,0.219421,0.214664,0.210004,0.205438,0.200963,0.196579,0.192282,0.188071,0.183943,0.179896,0.175929,0.17204,0.168226,0.164486,0.160819,0.157221,0.153693,0.150232,0.146836,0.143504,0.140235,0.137027,0.133878,0.130787,0.127753,0.124775,0.12185,0.118978,0.116158,0.113388,0.110667,0.107993,0.105367,0.102786,0.100249,0.0977554,0.0953041,0.0928939,0.0905239,0.0881929,0.0859,0.0836442,0.0814245,0.07924,0.0770897,0.0749727,0.0728881,0.070835,0.0688126,0.0668199,0.0648561,0.0629205,0.061012,0.05913,0.0572737,0.0554421,0.0536347,0.0518505,0.0500888,0.0483488,0.0466299,0.0449313,0.0432521,0.0415919,0.0399497,0.0383249,0.0367168,0.0351247,0.033548,0.0319858,0.0304377,0.0289028,0.0273805,0.0258702,0.0243712,0.0228829,0.0214046,0.0199356,0.0184754,0.0170233,0.0155786,0.0141407,0.012709,0.0112829,0.00986176,0.00844492,0.00703179,0.00562173,0.00421414,0.0028084
1,0.982281,0.964583,0.946925,0.929328,0.911811,0.894392,0.87709,0.859923,0.842906,0.826055,0.809385,0.792909,0.776638,0.760585,0.744757,0.729165,0.713816,0.698716,0.68387,0.669283,0.654957,0.640897,0.627102,0.613574,0.600312,0.587317,0.574587,0.56212,0.549914,0.537967,0.526275,0.514834,0.503643,0.492695,0.481988,0.471517,0.461277,0.451265,0.441476,0.431904,0.422546,0.413396,0.404451,0.395705,0.387153,0.378792,0.370617,0.362622,0.354805,0.34716,0.339684,0.332372,0.32522,0.318224,0.31138,0.304685,0.298134,0.291725,0.285453,0.279315,0.273308,0.267429,0.261674,0.25604,0.250524,0.245124,0.239836,0.234658,0.229587,0.22462,0.219755,0.21499,0.210321,0.205746,0.201264,0.196872,0.192568,0.188349,0.184214,0.180161,0.176187,0.172291,0.168471,0.164725,0.161052,0.157448,0.153914,0.150448,0.147046,0.143709,0.140435,0.137222,0.134068,0.130972,0.127934,0.124951,0.122021,0.119145,0.116321,0.113546,0.110821,0.108144,0.105513,0.102928,0.100388,0.0978907,0.0954358,0.0930222,0.0906487,0.0883143,0.0860181,0.0837591,0.0815362,0.0793485,0.0771952,0.0750752,0.0729876,0.0709317,0.0689064,0.0669109,0.0649444,0.063006,0.0610949,0.0592103,0.0573514,0.0555173,0.0537073,0.0519206,0.0501565,0.0484142,0.0466929,0.0449919,0.0433105,0.041648,0.0400035,0.0383765,0.0367663,0.035172,0.0335931,0.0320289,0.0304786,0.0289416,0.0274173,0.025905,0.024404,0.0229136,0.0214333,0.0199624,0.0185002,0.0170461,0.0155995,0.0141597,0.0127261,0.0112981,0.00987498,0.00845624,0.00704121,0.00562927,0.00421979,0.00281217
1,0.982331,0.964682,0.947072,0.929522,0.912051,0.894676,0.877417,0.86029,0.843311,0.826495,0.809858,0.793411,0.777168,0.761138,0.745333,0.72976,0.714426,0.699339,0.684505,0.669926,0.655607,0.64155,0.627758,0.61423,0.600968,0.58797,0.575236,0.562764,0.550551,0.538596,0.526896,0.515447,0.504245,0.493288,0.48257,0.472088,0.461838,0.451814,0.442013,0.43243,0.42306,0.413899,0.404942,0.396184,0.387621,0.379249,0.371062,0.363057,0.355229,0.347573,0.340086,0.332764,0.325602,0.318596,0.311743,0.305038,0.298478,0.29206,0.285779,0.279633,0.273618,0.267731,0.261968,0.256326,0.250803,0.245396,0.240101,0.234916,0.229838,0.224865,0.219994,0.215222,0.210547,0.205967,0.201479,0.197082,0.192772,0.188548,0.184408,0.18035,0.176372,0.172471,0.168646,0.164896,0.161218,0.157611,0.154073,0.150602,0.147197,0.143856,0.140578,0.137361,0.134204,0.131105,0.128063,0.125076,0.122144,0.119265,0.116437,0.11366,0.110932,0.108251,0.105618,0.10303,0.100487,0.0979875,0.09553,0.0931138,0.0907379,0.0884011,0.0861025,0.0838412,0.081616,0.0794261,0.0772706,0.0751484,0.0730588,0.0710007,0.0689734,0.0669759,0.0650075,0.0630671,0.0611541,0.0592677,0.0574069,0.055571,0.0537592,0.0519708,0.0502049,0.0484609,0.0467379,0.0450353,0.0433522,0.041688,0.040042,0.0384134,0.0368016,0.0352058,0.0336254,0.0320596,0.0305078,0.0289694,0.0274436,0.0259298,0.0244274,0.0229356,0.0214539,0.0199815,0.0185179,0.0170624,0.0156144,0.0141732,0.0127382,0.0113089,0.00988443,0.00846433,0.00704795,0.00563465,0.00422383,0.00281486
1,0.98236,0.96474,0.94716,0.929638,0.912194,0.894846,0.877612,0.860509,0.843553,0.826758,0.81014,0.793712,0.777485,0.76147,0.745677,0.730115,0.714791,0.699713,0.684884,0.670311,0.655996,0.641942,0.628151,0.614623,0.60136,0.588361,0.575624,0.563149,0.550933,0.538974,0.527269,0.515814,0.504607,0.493643,0.48292,0.472431,0.462174,0.452143,0.442335,0.432745,0.423369,0.4142,0.405236,0.396472,0.387902,0.379523,0.371329,0.363318,0.355483,0.347821,0.340328,0.332999,0.325831,0.318819,0.31196,0.30525,0.298685,0.292261,0.285975,0.279824,0.273804,0.267912,0.262144,0.256498,0.250971,0.245559,0.24026,0.235071,0.229989,0.225012,0.220137,0.215362,0.210683,0.2061,0.201609,0.197208,0.192895,0.188668,0.184525,0.180464,0.176482,0.172579,0.168752,0.164999,0.161318,0.157708,0.154168,0.150694,0.147287,0.143944,0.140664,0.137444,0.134285,0.131184,0.12814,0.125152,0.122218,0.119336,0.116507,0.113728,0.110998,0.108316,0.105681,0.103092,0.100547,0.0980455,0.0955865,0.0931688,0.0907914,0.0884532,0.0861532,0.0838904,0.0816639,0.0794727,0.0773158,0.0751924,0.0731015,0.0710422,0.0690136,0.067015,0.0650453,0.0631038,0.0611897,0.0593021,0.0574402,0.0556032,0.0537904,0.0520009,0.050234,0.0484889,0.0467649,0.0450613,0.0433773,0.0417121,0.0400651,0.0384356,0.0368228,0.0352261,0.0336447,0.0320781,0.0305254,0.0289861,0.0274594,0.0259447,0.0244414,0.0229488,0.0214662,0.019993,0.0185285,0.0170722,0.0156234,0.0141814,0.0127456,0.0113153,0.0098901,0.00846919,0.00705199,0.00563788,0.00422625,0.00281647
1,0.98237,0.96476,0.947189,0.929677,0.912242,0.894903,0.877677,0.860582,0.843633,0.826846,0.810234,0.793812,0.77759,0.76158,0.745791,0.730233,0.714913,0.699837,0.685011,0.670439,0.656125,0.642072,0.628282,0.614754,0.601491,0.588491,0.575754,0.563278,0.55106,0.5391,0.527393,0.515937,0.504728,0.493762,0.483036,0.472545,0.462286,0.452253,0.442443,0.432851,0.423471,0.414301,0.405334,0.396568,0.387996,0.379614,0.371418,0.363404,0.355568,0.347904,0.340408,0.333078,0.325908,0.318894,0.312033,0.305321,0.298754,0.292328,0.286041,0.279888,0.273866,0.267972,0.262203,0.256556,0.251027,0.245614,0.240313,0.235123,0.23004,0.225061,0.220185,0.215408,0.210729,0.206144,0.201652,0.19725,0.192936,0.188708,0.184564,0.180502,0.176519,0.172615,0.168787,0.165033,0.161351,0.157741,0.154199,0.150725,0.147317,0.143973,0.140692,0.137472,0.134312,0.131211,0.128166,0.125177,0.122242,0.11936,0.11653,0.11375,0.11102,0.108338,0.105702,0.103112,0.100567,0.0980649,0.0956054,0.0931872,0.0908093,0.0884706,0.0861701,0.0839069,0.0816799,0.0794882,0.0773309,0.0752071,0.0731157,0.071056,0.0690271,0.067028,0.0650579,0.0631161,0.0612015,0.0593136,0.0574513,0.055614,0.0538008,0.0520109,0.0502437,0.0484983,0.0467739,0.04507,0.0433856,0.0417201,0.0400728,0.038443,0.0368299,0.0352329,0.0336512,0.0320842,0.0305313,0.0289916,0.0274647,0.0259497,0.0244461,0.0229532,0.0214703,0.0199968,0.0185321,0.0170755,0.0156263,0.0141841,0.012748,0.0113175,0.00989199,0.00847081,0.00705334,0.00563896,0.00422706,0.00281701
1,0.98236,0.96474,0.94716,0.929638,0.912194,0.894846,0.877612,0.860509,0.843553,0.826758,0.81014,0.793712,0.777485,0.76147,0.745677,0.730115,0.714791,0.699713,0.684884,0.670311,0.655996,0.641942,0.628151,0.614623,0.60136,0.588361,0.575624,0.563149,0.550933,0.538974,0.527269,0.515814,0.504607,0.493643,0.48292,0.472431,0.462174,0.452143,0.442335,0.432745,0.423369,0.4142,0.405236,0.396472,0.387902,0.379523,0.371329,0.363318,0.355483,0.347821,0.340328,0.332999,0.325831,0.318819,0.31196,0.30525,0.298685,0.292261,0.285975,0.279824,0.273804,0.267912,0.262144,0.256498,0.250971,0.245559,0.24026,0.235071,0.229989,0.225012,0.220137,0.215362,0.210683,0.2061,0.201609,0.197208,0.192895,0.188668,0.184525,0.180464,0.176482,0.172579,0.168752,0.164999,0.161318,0.157708,0.154168,0.150694,0.147287,0.143944,0.140664,0.137444,0.134285,0.131184,0.12814,0.125152,0.122218,0.119336,0.116507,0.113728,0.110998,0.108316,0.105681,0.103092,0.100547,0.0980455,0.0955865,0.0931688,0.0907914,0.0884532,0.0861532,0.0838904,0.0816639,0.0794727,0.0773158,0.0751924,0.0731015,0.0710422,0.0690136,0.067015,0.0650453,0.0631038,0.0611897,0.0593021,0.0574402,0.0556032,0.0537904,0.0520009,0.050234,0.0484889,0.0467649,0.0450613,0.0433773,0.0417121,0.0400651,0.0384356,0.0368228,0.0352261,0.0336447,0.0320781,0.0305254,0.0289861,0.0274594,0.0259447,0.0244414,0.0229488,0.0214662,0.019993,0.0185285,0.0170722,0.0156234,0.0141814,0.0127456,0.0113153,0.0098901,0.00846919,0.00705199,0.00563788,0.00422625,0.00281647
1,0.982331,0.964682,0.947072,0.929522,0.912051,0.894676,0.877417,0.86029,0.843311,0.826495,0.809858,0.793411,0.777168,0.761138,0.745333,0.72976,0.714426,0.699339,0.684505,0.669926,0.655607,0.64155,0.627758,0.61423,0.600968,0.58797,0.575236,0.562764,0.550551,0.538596,0.526896,0.515447,0.504245,0.493288,0.48257,0.472088,0.461838,0.451814,0.442013,0.43243,0.42306,0.413899,0.404942,0.396184,0.387621,0.379249,0.371062,0.363057,0.355229,0.347573,0.340086,0.332764,0.325602,0.318596,0.311743,0.305038,0.298478,0.29206,0.285779,0.279633,0.273618,0.267731,0.261968,0.256326,0.250803,0.245396,0.240101,0.234916,0.229838,0.224865,0.219994,0.215222,0.210547,0.205967,0.201479,0.197082,0.192772,0.188548,0.184408,0.18035,0.176372,0.172471,0.168646,0.164896,0.161218,0.157611,0.154073,0.150602,0.147197,0.143856,0.140578,0.137361,0.134204,0.131105,0.128063,0.125076,0.122144,0.119265,0.116437,0.11366,0.110932,0.108251,0.105618,0.10303,0.100487,0.0979875,0.09553,0.0931138,0.0907379,0.0884011,0.0861025,0.0838412,0.081616,0.0794261,0.0772706,0.0751484,0.0730588,0.0710007,0.0689734,0.0669759,0.0650075,0.0630671,0.0611541,0.0592677,0.0574069,0.055571,0.0537592,0.0519708,0.0502049,0.0484609,0.0467379,0.0450353,0.0433522,0.041688,0.040042,0.0384134,0.0368016,0.0352058,0.0336254,0.0320596,0.0305078,0.0289694,0.0274436,0.0259298,0.0244274,0.0229356,0.0214539,0.0199815,0.0185179,0.0170624,0.0156144,0.0141732,0.0127382,0.0113089,0.00988443,0.00846433,0.00704795,0.00563465,0.00422383,0.00281486
1,0.982281,0.964583,0.946925,0.929328,0.911811,0.894392,0.87709,0.859923,0.842906,0.826055,0.809385,0.792909,0.776638,0.760585,0.744757,0.729165,0.713816,0.698716,0.68387,0.669283,0.654957,0.640897,0.627102,0.613574,0.600312,0.587317,0.574587,0.56212,0.549914,0.537967,0.526275,0.514834,0.503643,0.492695,0.481988,0.471517,0.461277,0.451265,0.441476,0.431904,0.422546,0.413396,0.404451,0.395705,0.387153,0.378792,0.370617,0.362622,0.354805,0.34716,0.339684,0.332372,0.32522,0.318224,0.31138,0.304685,0.298134,0.291725,0.285453,0.279315,0.273308,0.267429,0.261674,0.25604,0.250524,0.245124,0.239836,0.234658,0.229587,0.22462,0.219755,0.21499,0.210321,0.205746,0.201264,0.196872,0.192568,0.188349,0.184214,0.180161,0.176187,0.172291,0.168471,0.164725,0.161052,0.157448,0.153914,0.150448,0.147046,0.143709,0.140435,0.137222,0.134068,0.130972,0.127934,0.124951,0.122021,0.119145,0.116321,0.113546,0.110821,0.108144,0.105513,0.102928,0.100388,0.0978907,0.0954358,0.0930222,0.0906487,0.0883143,0.0860181,0.0837591,0.0815362,0.0793485,0.0771952,0.0750752,0.0729876,0.0709317,0.0689064,0.0669109,0.0649444,0.063006,0.0610949,0.0592103,0.0573514,0.0555173,0.0537073,0.0519206,0.0501565,0.0484142,0.0466929,0.0449919,0.0433105,0.041648,0.0400035,0.0383765,0.0367663,0.035172,0.0335931,0.0320289,0.0304786,0.0289416,0.0274173,0.025905,0.024404,0.0229136,0.0214333,0.0199624,0.0185002,0.0170461,0.0155995,0.0141597,0.0127261,0.0112981,0.00987498,0.00845624,0.00704121,0.00562927,0.00421979,0.00281217
1,0.982212,0.964444,0.946718,0.929054,0.911472,0.893991,0.87663,0.859406,0.842336,0.825436,0.80872,0.792202,0.775893,0.759805,0.743948,0.72833,0.712958,0.697839,0.682978,0.668379,0.654045,0.639979,0.626181,0.612652,0.599393,0.586402,0.573677,0.561218,0.549021,0.537084,0.525404,0.513976,0.502798,0.491864,0.481172,0.470716,0.460493,0.450496,0.440723,0.431168,0.421826,0.412693,0.403763,0.395033,0.386498,0.378153,0.369993,0.362015,0.354212,0.346583,0.339121,0.331823,0.324685,0.317703,0.310872,0.30419,0.297652,0.291255,0.284996,0.27887,0.272874,0.267006,0.261262,0.255639,0.250134,0.244744,0.239466,0.234297,0.229235,0.224278,0.219421,0.214664,0.210004,0.205438,0.200963,0.196579,0.192282,0.188071,0.183943,0.179896,0.175929,0.17204,0.168226,0.164486,0.160819,0.157221,0.153693,0.150232,0.146836,0.143504,0.140235,0.137027,0.133878,0.130787,0.127753,0.124775,0.12185,0.118978,0.116158,0.113388,0.110667,0.107993,0.105367,0.102786,0.100249,0.0977554,0.0953041,0.0928939,0.0905239,0.0881929,0.0859,0.0836442,0.0814245,0.07924,0.0770897,0.0749727,0.0728881,0.070835,0.0688126,0.0668199,0.0648561,0.0629205,0.061012,0.05913,0.0572737,0.0554421,0.0536347,0.0518505,0.0500888,0.0483488,0.0466299,0.0449313,0.0432521,0.0415919,0.0399497,0.0383249,0.0367168,0.0351247,0.033548,0.0319858,0.0304377,0.0289028,0.0273805,0.0258702,0.0243712,0.0228829,0.0214046,0.0199356,0.0184754,0.0170233,0.0155786,0.0141407,0.012709,0.0112829,0.00986176,0.00844492,0.00703179,0.00562173,0.00421414,0.0028084
1,0.982121,0.964264,0.94645,0.928699,0.911033,0.893471,0.876033,0.858736,0.841597,0.824633,0.807858,0.791285,0.774928,0.758797,0.742901,0.727249,0.711849,0.696706,0.681826,0.667212,0.652867,0.638794,0.624992,0.611464,0.598207,0.585221,0.572505,0.560056,0.547871,0.535947,0.524282,0.512871,0.50171,0.490795,0.480122,0.469686,0.459483,0.449507,0.439755,0.430221,0.4209,0.411788,0.40288,0.394171,0.385656,0.377332,0.369192,0.361233,0.353451,0.34584,0.338397,0.331118,0.323998,0.317033,0.31022,0.303555,0.297034,0.290653,0.284409,0.278298,0.272318,0.266464,0.260734,0.255124,0.249633,0.244255,0.23899,0.233834,0.228784,0.223838,0.218993,0.214246,0.209597,0.205041,0.200577,0.196202,0.191915,0.187713,0.183594,0.179556,0.175598,0.171716,0.167911,0.164179,0.160519,0.15693,0.153408,0.149954,0.146566,0.143241,0.139978,0.136776,0.133634,0.130549,0.127521,0.124549,0.12163,0.118764,0.115949,0.113184,0.110468,0.1078,0.105178,0.102602,0.10007,0.0975814,0.0951348,0.0927291,0.0903635,0.0880369,0.0857482,0.0834966,0.081281,0.0791004,0.0769541,0.074841,0.0727602,0.0707108,0.068692,0.066703,0.0647428,0.0628105,0.0609055,0.0590269,0.0571739,0.0553456,0.0535413,0.0517603,0.0500017,0.0482648,0.046549,0.0448533,0.0431771,0.0415198,0.0398805,0.0382585,0.0366533,0.0350639,0.0334899,0.0319305,0.0303851,0.0288528,0.0273332,0.0258256,0.0243292,0.0228434,0.0213677,0.0199013,0.0184435,0.0169939,0.0155517,0.0141163,0.0126871,0.0112635,0.00984477,0.00843038,0.00701968,0.00561205,0.00420689,0.00280357
1,0.982009,0.964041,0.946117,0.92826,0.91049,0.892829,0.875295,0.857908,0.840684,0.823641,0.806794,0.790155,0.773738,0.757553,0.741611,0.725918,0.710484,0.695312,0.680409,0.665777,0.65142,0.637338,0.623533,0.610005,0.596752,0.583773,0.571067,0.558631,0.546461,0.534555,0.522909,0.511518,0.500379,0.489487,0.478838,0.468427,0.458248,0.448298,0.438572,0.429063,0.419769,0.410683,0.4018,0.393117,0.384628,0.376328,0.368214,0.360279,0.352521,0.344934,0.337514,0.330257,0.323159,0.316216,0.309424,0.302779,0.296278,0.289917,0.283692,0.2776,0.271638,0.265802,0.260089,0.254496,0.24902,0.243659,0.238409,0.233268,0.228232,0.2233,0.218469,0.213736,0.2091,0.204556,0.200105,0.195742,0.191466,0.187276,0.183168,0.179141,0.175193,0.171322,0.167526,0.163804,0.160154,0.156573,0.153061,0.149616,0.146236,0.142919,0.139664,0.136471,0.133336,0.130259,0.127238,0.124273,0.121361,0.118502,0.115693,0.112935,0.110226,0.107564,0.104948,0.102378,0.0998521,0.0973691,0.094928,0.0925279,0.0901677,0.0878463,0.0855629,0.0833163,0.0811057,0.0789301,0.0767885,0.0746801,0.072604,0.0705592,0.0685448,0.0665602,0.0646043,0.0626763,0.0607755,0.058901,0.057052,0.0552277,0.0534273,0.0516502,0.0498954,0.0481623,0.0464501,0.0447581,0.0430855,0.0414317,0.0397959,0.0381775,0.0365756,0.0349897,0.0334191,0.031863,0.0303208,0.0287919,0.0272755,0.025771,0.0242778,0.0227952,0.0213226,0.0198593,0.0184046,0.0169581,0.0155189,0.0140866,0.0126604,0.0112397,0.00982402,0.00841261,0.00700488,0.00560023,0.00419802,0.00279766
1,0.981875,0.963774,0.945719,0.927733,0.909839,0.892059,0.874411,0.856916,0.839592,0.822455,0.805522,0.788804,0.772317,0.756069,0.740071,0.724331,0.708856,0.693652,0.678722,0.66407,0.649698,0.635608,0.621799,0.608272,0.595024,0.582055,0.569362,0.556941,0.54479,0.532905,0.521282,0.509916,0.498803,0.487939,0.477318,0.466936,0.456788,0.446869,0.437173,0.427695,0.418432,0.409377,0.400525,0.391872,0.383413,0.375143,0.367058,0.359152,0.351422,0.343863,0.336471,0.32924,0.322169,0.315251,0.308484,0.301864,0.295387,0.289048,0.282846,0.276776,0.270835,0.26502,0.259327,0.253754,0.248298,0.242955,0.237723,0.2326,0.227582,0.222666,0.217851,0.213134,0.208513,0.203985,0.199547,0.195199,0.190937,0.18676,0.182665,0.178651,0.174715,0.170856,0.167072,0.163362,0.159722,0.156153,0.152651,0.149216,0.145846,0.142539,0.139294,0.13611,0.132984,0.129916,0.126904,0.123947,0.121043,0.118192,0.115392,0.112642,0.10994,0.107285,0.104677,0.102114,0.0995946,0.0971184,0.094684,0.0922903,0.0899365,0.0876214,0.0853441,0.0831035,0.0808988,0.0787289,0.0765931,0.0744902,0.0724195,0.0703801,0.0683711,0.0663916,0.0644408,0.0625178,0.0606219,0.0587523,0.056908,0.0550884,0.0532927,0.0515201,0.0497698,0.0480412,0.0463334,0.0446457,0.0429774,0.0413278,0.0396961,0.0380818,0.036484,0.0349021,0.0333354,0.0317833,0.030245,0.0287199,0.0272073,0.0257066,0.0242171,0.0227383,0.0212693,0.0198097,0.0183587,0.0169157,0.0154802,0.0140514,0.0126288,0.0112117,0.00979952,0.00839163,0.00698742,0.00558626,0.00418756,0.00279069
1,0.981717,0.96346,0.945251,0.927115,0.909076,0.891156,0.873375,0.855755,0.838313,0.821067,0.804034,0.787226,0.770656,0.754336,0.738275,0.722481,0.70696,0.691718,0.676758,0.662084,0.647697,0.633598,0.619786,0.606261,0.593021,0.580063,0.567386,0.554984,0.542856,0.530996,0.5194,0.508063,0.496982,0.48615,0.475563,0.465215,0.455102,0.445218,0.435558,0.426117,0.416889,0.40787,0.399054,0.390436,0.382012,0.373777,0.365726,0.357854,0.350156,0.342629,0.335268,0.328069,0.321028,0.31414,0.307402,0.300809,0.294359,0.288048,0.281872,0.275827,0.269911,0.264119,0.25845,0.2529,0.247466,0.242144,0.236934,0.23183,0.226832,0.221936,0.21714,0.212441,0.207837,0.203326,0.198906,0.194573,0.190327,0.186166,0.182086,0.178086,0.174165,0.17032,0.166549,0.162852,0.159225,0.155668,0.152179,0.148756,0.145397,0.142102,0.138868,0.135694,0.132579,0.129521,0.126519,0.123572,0.120678,0.117836,0.115045,0.112303,0.10961,0.106964,0.104364,0.101809,0.0992978,0.0968294,0.0944027,0.0920166,0.08967,0.0873622,0.0850919,0.0828582,0.0806603,0.0784971,0.0763678,0.0742714,0.072207,0.0701737,0.0681708,0.0661972,0.0642523,0.0623352,0.0604449,0.0585809,0.0567421,0.054928,0.0531376,0.0513702,0.0496251,0.0479016,0.0461988,0.0445161,0.0428527,0.0412079,0.0395811,0.0379715,0.0363784,0.0348011,0.033239,0.0316913,0.0301575,0.0286369,0.0271287,0.0256324,0.0241472,0.0226726,0.0212079,0.0197525,0.0183057,0.016867,0.0154356,0.0140109,0.0125924,0.0111794,0.00977128,0.00836745,0.00696728,0.00557017,0.00417549,0.00278265
1,0.981535,0.963097,0.94471,0.926401,0.908194,0.890113,0.87218,0.854415,0.836839,0.819468,0.802321,0.785409,0.768747,0.752345,0.736213,0.720358,0.704786,0.689503,0.674511,0.659813,0.645409,0.631301,0.617488,0.603967,0.590737,0.577794,0.565135,0.552757,0.540655,0.528824,0.51726,0.505958,0.494913,0.484118,0.47357,0.463262,0.45319,0.443346,0.433728,0.424328,0.415141,0.406163,0.397388,0.38881,0.380426,0.37223,0.364218,0.356384,0.348724,0.341233,0.333908,0.326744,0.319737,0.312882,0.306177,0.299616,0.293197,0.286916,0.280769,0.274753,0.268865,0.263101,0.257458,0.251934,0.246524,0.241227,0.23604,0.23096,0.225984,0.22111,0.216335,0.211656,0.207073,0.202581,0.19818,0.193866,0.189638,0.185493,0.181431,0.177447,0.173542,0.169713,0.165958,0.162275,0.158663,0.15512,0.151645,0.148235,0.144889,0.141606,0.138385,0.135223,0.13212,0.129074,0.126083,0.123147,0.120264,0.117432,0.114652,0.11192,0.109237,0.1066,0.10401,0.101464,0.098962,0.0965024,0.0940843,0.0917067,0.0893685,0.0870687,0.0848065,0.0825806,0.0803904,0.0782347,0.0761128,0.0740236,0.0719664,0.0699401,0.0679441,0.0659773,0.064039,0.0621284,0.0602446,0.0583868,0.0565544,0.0547463,0.052962,0.0512006,0.0494614,0.0477436,0.0460465,0.0443694,0.0427116,0.0410723,0.0394509,0.0378466,0.0362588,0.0346867,0.0331298,0.0315873,0.0300586,0.0285429,0.0270397,0.0255483,0.0240681,0.0225983,0.0211385,0.0196878,0.0182458,0.0168117,0.015385,0.013965,0.0125512,0.0111428,0.00973931,0.00834007,0.00694449,0.00555195,0.00416183,0.00277354
1,0.981327,0.962682,0.944093,0.925586,0.907188,0.888923,0.870816,0.852888,0.835159,0.817648,0.800372,0.783344,0.766579,0.750086,0.733875,0.717953,0.702325,0.686997,0.671971,0.657248,0.642829,0.628713,0.614899,0.601384,0.588167,0.575242,0.562606,0.550255,0.538184,0.526388,0.514861,0.503599,0.492595,0.481844,0.47134,0.461077,0.45105,0.441253,0.431681,0.422328,0.413188,0.404256,0.395526,0.386994,0.378655,0.370503,0.362534,0.354743,0.347124,0.339675,0.33239,0.325265,0.318296,0.311479,0.30481,0.298285,0.291901,0.285654,0.27954,0.273556,0.267698,0.261965,0.256352,0.250856,0.245474,0.240205,0.235044,0.229989,0.225038,0.220188,0.215437,0.210781,0.20622,0.20175,0.19737,0.193077,0.188868,0.184744,0.1807,0.176735,0.172848,0.169036,0.165298,0.161632,0.158036,0.154509,0.151048,0.147654,0.144323,0.141054,0.137846,0.134698,0.131608,0.128575,0.125597,0.122673,0.119802,0.116982,0.114213,0.111493,0.10882,0.106195,0.103615,0.101079,0.0985872,0.0961375,0.0937291,0.0913609,0.089032,0.0867413,0.0844879,0.0822709,0.0800892,0.0779419,0.0758282,0.0737472,0.0716979,0.0696794,0.067691,0.0657318,0.0638009,0.0618976,0.060021,0.0581703,0.0563448,0.0545436,0.052766,0.0510112,0.0492785,0.0475672,0.0458765,0.0442057,0.0425541,0.0409209,0.0393055,0.0377072,0.0361253,0.0345591,0.033008,0.0314712,0.0299481,0.028438,0.0269404,0.0254545,0.0239797,0.0225154,0.0210609,0.0196156,0.0181789,0.0167501,0.0153286,0.0139139,0.0125052,0.011102,0.00970362,0.00830952,0.00691905,0.00553161,0.00414659,0.00276338
1,0.981091,0.962212,0.943393,0.924662,0.906048,0.887576,0.869273,0.851161,0.833262,0.815594,0.798175,0.781019,0.764139,0.747546,0.731249,0.715254,0.699567,0.684191,0.669129,0.654381,0.639946,0.625824,0.612012,0.598507,0.585305,0.572403,0.559795,0.547476,0.535441,0.523685,0.512201,0.500983,0.490027,0.479324,0.46887,0.458659,0.448683,0.438939,0.429418,0.420117,0.411029,0.402149,0.39347,0.384989,0.3767,0.368597,0.360676,0.352932,0.34536,0.337956,0.330715,0.323634,0.316707,0.309932,0.303303,0.296817,0.290471,0.284261,0.278184,0.272235,0.266412,0.260712,0.255131,0.249667,0.244317,0.239077,0.233945,0.228919,0.223995,0.219172,0.214447,0.209817,0.20528,0.200834,0.196477,0.192206,0.18802,0.183917,0.179894,0.175949,0.172082,0.168289,0.16457,0.160922,0.157344,0.153834,0.150391,0.147013,0.143698,0.140445,0.137253,0.134119,0.131044,0.128025,0.125061,0.12215,0.119292,0.116486,0.113729,0.111021,0.108361,0.105747,0.103179,0.100655,0.0981738,0.0957349,0.0933371,0.0909794,0.0886607,0.08638,0.0841365,0.081929,0.0797568,0.0776188,0.0755142,0.0734421,0.0714016,0.0693918,0.0674118,0.0654609,0.0635383,0.061643,0.0597743,0.0579314,0.0561135,0.0543198,0.0525497,0.0508023,0.0490768,0.0473726,0.0456889,0.044025,0.0423803,0.0407538,0.0391451,0.0375534,0.035978,0.0344183,0.0328735,0.031343,0.0298262,0.0283223,0.0268308,0.025351,0.0238822,0.0224239,0.0209753,0.0195359,0.018105,0.0166821,0.0152664,0.0138574,0.0124544,0.0110569,0.00966424,0.00827579,0.00689097,0.00550916,0.00412976,0.00275217
1,0.980825,0.961682,0.942604,0.923622,0.904765,0.886062,0.86754,0.849224,0.831134,0.813292,0.795715,0.778418,0.761413,0.744712,0.728322,0.712249,0.696499,0.681074,0.665974,0.651201,0.636753,0.622626,0.608819,0.595328,0.582147,0.569272,0.556696,0.544415,0.532422,0.520712,0.509276,0.49811,0.487206,0.476559,0.466161,0.456006,0.446089,0.436402,0.42694,0.417696,0.408666,0.399842,0.391221,0.382795,0.374561,0.366512,0.358644,0.350952,0.343431,0.336077,0.328885,0.321851,0.314971,0.308241,0.301656,0.295214,0.28891,0.28274,0.276703,0.270793,0.265007,0.259344,0.253799,0.248369,0.243052,0.237845,0.232745,0.22775,0.222856,0.218062,0.213365,0.208763,0.204253,0.199833,0.195501,0.191255,0.187093,0.183013,0.179013,0.175091,0.171245,0.167474,0.163775,0.160147,0.156588,0.153097,0.149672,0.146312,0.143015,0.139779,0.136603,0.133487,0.130427,0.127423,0.124474,0.121579,0.118736,0.115943,0.1132,0.110506,0.107859,0.105258,0.102702,0.100191,0.0977218,0.0952948,0.0929087,0.0905623,0.0882548,0.0859851,0.0837523,0.0815554,0.0793934,0.0772656,0.0751709,0.0731086,0.0710776,0.0690772,0.0671066,0.0651648,0.063251,0.0613645,0.0595045,0.0576701,0.0558606,0.0540752,0.0523132,0.0505738,0.0488562,0.0471598,0.0454838,0.0438275,0.0421902,0.0405712,0.0389697,0.0373852,0.035817,0.0342642,0.0327264,0.0312028,0.0296928,0.0281957,0.0267109,0.0252378,0.0237756,0.0223238,0.0208817,0.0194487,0.0180243,0.0166077,0.0151983,0.0137956,0.0123989,0.0110076,0.00962117,0.00823892,0.00686026,0.00548462,0.00411136,0.00273991
1,0.980526,0.961088,0.94172,0.922456,0.903328,0.884368,0.865603,0.847059,0.82876,0.810727,0.792977,0.775525,0.758386,0.741567,0.725078,0.708924,0.693107,0.677631,0.662495,0.647698,0.633238,0.619112,0.605314,0.59184,0.578685,0.565842,0.553305,0.541068,0.529124,0.517465,0.506085,0.494976,0.484132,0.473546,0.463211,0.45312,0.443266,0.433643,0.424245,0.415065,0.406098,0.397338,0.388778,0.380413,0.372239,0.364249,0.356439,0.348804,0.341338,0.334039,0.3269,0.319918,0.313088,0.306407,0.299871,0.293475,0.287217,0.281092,0.275097,0.269229,0.263485,0.257861,0.252354,0.246962,0.241682,0.23651,0.231445,0.226483,0.221622,0.216859,0.212193,0.20762,0.20314,0.198748,0.194444,0.190225,0.186089,0.182034,0.178059,0.17416,0.170338,0.166589,0.162912,0.159306,0.155769,0.152298,0.148893,0.145552,0.142274,0.139057,0.1359,0.1328,0.129758,0.126771,0.123839,0.120959,0.118132,0.115355,0.112627,0.109947,0.107314,0.104728,0.102186,0.0996872,0.0972316,0.0948175,0.0924439,0.0901099,0.0878145,0.0855567,0.0833355,0.08115,0.0789993,0.0768824,0.0747986,0.0727468,0.0707262,0.068736,0.0667754,0.0648435,0.0629394,0.0610625,0.0592118,0.0573867,0.0555863,0.0538098,0.0520566,0.0503259,0.0486169,0.0469289,0.0452612,0.0436132,0.041984,0.0403729,0.0387794,0.0372027,0.0356422,0.0340971,0.0325669,0.0310508,0.0295482,0.0280584,0.0265809,0.0251149,0.0236599,0.0222152,0.0207801,0.0193542,0.0179366,0.0165269,0.0151244,0.0137285,0.0123387,0.0109542,0.00957443,0.0081989,0.00682695,0.00545798,0.0040914,0.00272661
1,0.980193,0.960424,0.940732,0.921154,0.901725,0.882478,0.863444,0.84465,0.826121,0.807878,0.78994,0.772323,0.755038,0.738095,0.721501,0.705261,0.689377,0.67385,0.658679,0.643861,0.629392,0.615269,0.601486,0.588035,0.574912,0.562108,0.549617,0.537431,0.525541,0.513942,0.502624,0.49158,0.480803,0.470285,0.460019,0.449998,0.440215,0.430663,0.421335,0.412225,0.403327,0.394635,0.386143,0.377845,0.369735,0.36181,0.354063,0.346489,0.339084,0.331843,0.324762,0.317836,0.311061,0.304433,0.297948,0.291603,0.285394,0.279317,0.273368,0.267546,0.261845,0.256264,0.250799,0.245447,0.240206,0.235073,0.230044,0.225118,0.220292,0.215564,0.210931,0.206391,0.201941,0.19758,0.193305,0.189115,0.185007,0.18098,0.177031,0.173158,0.169361,0.165637,0.161984,0.158401,0.154886,0.151438,0.148054,0.144734,0.141477,0.138279,0.135141,0.132061,0.129037,0.126069,0.123154,0.120292,0.117481,0.11472,0.112009,0.109345,0.106728,0.104156,0.101629,0.0991448,0.0967033,0.0943031,0.0919431,0.0896224,0.0873401,0.085095,0.0828864,0.0807132,0.0785745,0.0764695,0.0743972,0.0723568,0.0703475,0.0683683,0.0664185,0.0644972,0.0626036,0.0607369,0.0588964,0.0570812,0.0552905,0.0535238,0.05178,0.0500587,0.0483589,0.04668,0.0450213,0.0433821,0.0417617,0.0401593,0.0385743,0.037006,0.0354538,0.033917,0.0323949,0.0308869,0.0293922,0.0279104,0.0264407,0.0249825,0.0235352,0.0220981,0.0206707,0.0192522,0.0178422,0.0164399,0.0150448,0.0136563,0.0122737,0.0108965,0.00952405,0.00815576,0.00679103,0.00542927,0.00406988,0.00271226
1,0.97982,0.959683,0.939631,0.919704,0.899941,0.880377,0.861046,0.841977,0.823196,0.804725,0.786584,0.768788,0.751348,0.734274,0.717571,0.701243,0.685291,0.669714,0.65451,0.639675,0.625203,0.611089,0.597326,0.583906,0.570822,0.558064,0.545626,0.533498,0.521672,0.510139,0.498891,0.48792,0.477217,0.466775,0.456586,0.446642,0.436936,0.42746,0.418209,0.409176,0.400353,0.391735,0.383316,0.37509,0.367052,0.359195,0.351516,0.344009,0.336669,0.329491,0.322471,0.315606,0.308889,0.302319,0.29589,0.289599,0.283442,0.277416,0.271518,0.265744,0.26009,0.254555,0.249134,0.243826,0.238627,0.233534,0.228545,0.223658,0.218869,0.214177,0.20958,0.205074,0.200658,0.196329,0.192086,0.187927,0.183849,0.179851,0.17593,0.172085,0.168315,0.164617,0.160989,0.157431,0.153941,0.150516,0.147156,0.143858,0.140622,0.137446,0.134329,0.131269,0.128266,0.125316,0.12242,0.119577,0.116784,0.114041,0.111347,0.1087,0.106099,0.103543,0.101032,0.0985637,0.0961373,0.0937519,0.0914065,0.0891001,0.0868317,0.0846003,0.0824051,0.080245,0.0781193,0.076027,0.0739671,0.071939,0.0699416,0.0679742,0.066036,0.0641261,0.0622437,0.060388,0.0585583,0.0567537,0.0549736,0.0532172,0.0514836,0.0497723,0.0480824,0.0464133,0.0447642,0.0431345,0.0415234,0.0399303,0.0383544,0.0367952,0.0352519,0.0337239,0.0322105,0.0307111,0.0292251,0.0277517,0.0262904,0.0248406,0.0234015,0.0219726,0.0205533,0.0191429,0.0177409,0.0163466,0.0149595,0.0135788,0.0122041,0.0108347,0.00947005,0.00810952,0.00675253,0.00539849,0.00404681,0.00269689
1,0.979405,0.958858,0.938405,0.91809,0.897957,0.878043,0.858386,0.839016,0.819961,0.801244,0.782885,0.764898,0.747295,0.730083,0.713267,0.69685,0.680831,0.665207,0.649974,0.635127,0.620658,0.60656,0.592825,0.579443,0.566406,0.553703,0.541326,0.529265,0.517511,0.506053,0.494884,0.483993,0.473373,0.463014,0.452909,0.443049,0.433428,0.424037,0.414869,0.405918,0.397177,0.388639,0.380299,0.372151,0.364189,0.356407,0.348801,0.341364,0.334094,0.326984,0.320031,0.313229,0.306576,0.300067,0.293697,0.287464,0.281364,0.275392,0.269547,0.263824,0.258221,0.252735,0.247361,0.242099,0.236944,0.231895,0.226949,0.222102,0.217354,0.212701,0.208141,0.203671,0.199291,0.194997,0.190788,0.186661,0.182615,0.178648,0.174757,0.170942,0.1672,0.16353,0.15993,0.156398,0.152933,0.149534,0.146198,0.142924,0.139712,0.136559,0.133464,0.130426,0.127443,0.124514,0.121639,0.118815,0.116041,0.113317,0.110641,0.108012,0.105429,0.102891,0.100396,0.0979442,0.0955339,0.0931644,0.0908344,0.0885432,0.0862896,0.0840729,0.0818919,0.0797459,0.0776339,0.0755551,0.0735085,0.0714934,0.0695088,0.067554,0.0656281,0.0637303,0.0618598,0.0600159,0.0581977,0.0564046,0.0546356,0.0528902,0.0511675,0.0494669,0.0477876,0.0461288,0.04449,0.0428704,0.0412693,0.039686,0.0381199,0.0365703,0.0350366,0.033518,0.0320139,0.0305237,0.0290468,0.0275825,0.0261301,0.0246892,0.0232589,0.0218388,0.0204281,0.0190264,0.0176329,0.0162471,0.0148684,0.0134962,0.0121299,0.0107688,0.00941245,0.0080602,0.00671147,0.00536566,0.0040222,0.00268049
1,0.978943,0.957939,0.93704,0.916296,0.895753,0.875454,0.855439,0.835741,0.816389,0.797406,0.778814,0.760625,0.74285,0.725497,0.708567,0.692061,0.675977,0.66031,0.645054,0.630201,0.615743,0.60167,0.587971,0.574637,0.561657,0.549019,0.536713,0.524729,0.513055,0.501682,0.4906,0.479799,0.469269,0.459002,0.448989,0.439222,0.429692,0.420392,0.411315,0.402453,0.3938,0.385349,0.377094,0.369029,0.361148,0.353446,0.345918,0.338558,0.331362,0.324324,0.317441,0.310709,0.304122,0.297678,0.291371,0.2852,0.279159,0.273246,0.267457,0.261789,0.256239,0.250804,0.245481,0.240268,0.235161,0.230158,0.225256,0.220453,0.215747,0.211135,0.206615,0.202184,0.197841,0.193584,0.189411,0.185319,0.181306,0.177372,0.173514,0.16973,0.166018,0.162377,0.158806,0.155302,0.151865,0.148492,0.145182,0.141934,0.138746,0.135617,0.132545,0.12953,0.12657,0.123663,0.120809,0.118006,0.115253,0.112548,0.109892,0.107282,0.104718,0.102198,0.0997209,0.0972865,0.0948934,0.0925406,0.0902271,0.0879519,0.0857142,0.0835129,0.0813471,0.079216,0.0771186,0.0750541,0.0730216,0.0710203,0.0690493,0.0671078,0.065195,0.0633101,0.0614523,0.0596208,0.0578149,0.0560338,0.0542767,0.052543,0.0508318,0.0491425,0.0474744,0.0458267,0.0441988,0.0425899,0.0409994,0.0394266,0.0378709,0.0363315,0.0348079,0.0332993,0.0318051,0.0303247,0.0288575,0.0274027,0.0259599,0.0245284,0.0231075,0.0216966,0.0202952,0.0189026,0.0175182,0.0161415,0.0147717,0.0134084,0.012051,0.0106988,0.00935127,0.00800781,0.00666785,0.00533079,0.00399606,0.00266307
1,0.978428,0.956915,0.935521,0.9143,0.893305,0.872583,0.852176,0.83212,0.812447,0.79318,0.774339,0.755938,0.737986,0.720487,0.703443,0.686851,0.670707,0.655004,0.639732,0.624883,0.610445,0.596407,0.582755,0.56948,0.556567,0.544004,0.53178,0.519883,0.508301,0.497022,0.486037,0.475335,0.464905,0.454739,0.444827,0.435159,0.425729,0.416528,0.407548,0.398783,0.390224,0.381866,0.373702,0.365726,0.357932,0.350315,0.34287,0.335591,0.328474,0.321513,0.314705,0.308045,0.30153,0.295154,0.288915,0.282808,0.276831,0.270979,0.26525,0.25964,0.254146,0.248766,0.243496,0.238334,0.233277,0.228322,0.223468,0.218711,0.214049,0.209481,0.205003,0.200613,0.19631,0.192092,0.187956,0.183901,0.179924,0.176024,0.1722,0.168448,0.164769,0.161159,0.157618,0.154144,0.150735,0.147391,0.144108,0.140887,0.137725,0.134621,0.131575,0.128584,0.125647,0.122763,0.119932,0.117151,0.114419,0.111736,0.1091,0.10651,0.103966,0.101465,0.099007,0.0965911,0.0942161,0.091881,0.0895848,0.0873267,0.0851056,0.0829207,0.0807709,0.0786555,0.0765736,0.0745242,0.0725066,0.0705199,0.0685632,0.0666358,0.0647369,0.0628656,0.0610212,0.0592029,0.0574099,0.0556416,0.0538971,0.0521757,0.0504767,0.0487994,0.0471431,0.0455071,0.0438907,0.0422932,0.0407139,0.0391522,0.0376074,0.0360789,0.0345659,0.0330679,0.0315842,0.0301141,0.0286572,0.0272126,0.0257798,0.0243582,0.0229472,0.0215462,0.0201545,0.0187716,0.0173968,0.0160296,0.0146694,0.0133156,0.0119676,0.0106247,0.00928654,0.00795239,0.0066217,0.0052939,0.00396841,0.00264465
1,0.977853,0.955774,0.933828,0.912079,0.890584,0.869396,0.848561,0.828118,0.808099,0.788529,0.769426,0.750804,0.73267,0.715025,0.697868,0.681195,0.664998,0.649267,0.63399,0.619155,0.604749,0.590757,0.577166,0.563961,0.551128,0.538653,0.526523,0.514724,0.503245,0.492072,0.481194,0.470601,0.460281,0.450224,0.440421,0.430863,0.42154,0.412445,0.40357,0.394908,0.38645,0.378191,0.370124,0.362243,0.354542,0.347016,0.339659,0.332466,0.325432,0.318553,0.311824,0.305241,0.2988,0.292497,0.286329,0.280291,0.27438,0.268593,0.262926,0.257377,0.251943,0.24662,0.241406,0.236299,0.231294,0.226391,0.221586,0.216878,0.212263,0.20774,0.203306,0.19896,0.194698,0.190521,0.186424,0.182408,0.178468,0.174605,0.170816,0.167099,0.163453,0.159877,0.156368,0.152924,0.149546,0.146231,0.142977,0.139784,0.136649,0.133573,0.130552,0.127587,0.124675,0.121815,0.119008,0.11625,0.113541,0.11088,0.108266,0.105697,0.103173,0.100693,0.0982547,0.0958582,0.0935023,0.0911859,0.088908,0.0866678,0.0844643,0.0822965,0.0801637,0.0780648,0.0759992,0.0739657,0.0719638,0.0699924,0.0680509,0.0661383,0.064254,0.062397,0.0605667,0.0587623,0.056983,0.0552281,0.0534968,0.0517885,0.0501024,0.0484377,0.0467939,0.0451702,0.0435659,0.0419804,0.0404129,0.0388629,0.0373296,0.0358125,0.0343108,0.0328239,0.0313512,0.0298921,0.0284459,0.0270121,0.0255899,0.0241789,0.0227783,0.0213876,0.0200062,0.0186335,0.0172689,0.0159118,0.0145616,0.0132177,0.0118796,0.0105466,0.00921829,0.00789395,0.00657304,0.005255,0.00393925,0.00262521
1,0.977211,0.954499,0.931939,0.909604,0.887557,0.865857,0.844555,0.823693,0.803303,0.78341,0.764034,0.745184,0.726864,0.709075,0.691811,0.675065,0.658824,0.643076,0.627807,0.613,0.59864,0.584709,0.571192,0.558072,0.545333,0.532959,0.520936,0.509248,0.497884,0.486828,0.476069,0.465595,0.455395,0.445457,0.435773,0.426332,0.417126,0.408145,0.399383,0.39083,0.382481,0.374327,0.366364,0.358583,0.350981,0.34355,0.336286,0.329184,0.322239,0.315445,0.3088,0.302298,0.295936,0.28971,0.283615,0.27765,0.271809,0.26609,0.260489,0.255004,0.249632,0.24437,0.239214,0.234163,0.229214,0.224365,0.219612,0.214954,0.210388,0.205913,0.201526,0.197224,0.193007,0.188872,0.184817,0.180841,0.176941,0.173116,0.169364,0.165683,0.162073,0.15853,0.155055,0.151644,0.148297,0.145013,0.14179,0.138626,0.13552,0.132471,0.129478,0.126539,0.123654,0.12082,0.118037,0.115303,0.112618,0.109981,0.107389,0.104843,0.102341,0.0998815,0.0974644,0.0950884,0.0927524,0.0904556,0.0881969,0.0859755,0.0837904,0.0816407,0.0795256,0.0774442,0.0753955,0.0733789,0.0713934,0.0694382,0.0675125,0.0656155,0.0637465,0.0619046,0.0600891,0.0582993,0.0565343,0.0547935,0.0530762,0.0513815,0.0497089,0.0480576,0.0464269,0.0448161,0.0432245,0.0416516,0.0400966,0.0385588,0.0370377,0.0355325,0.0340426,0.0325675,0.0311064,0.0296588,0.0282239,0.0268013,0.0253903,0.0239903,0.0226007,0.0212209,0.0198503,0.0184883,0.0171344,0.0157878,0.0144482,0.0131148,0.0117871,0.0104645,0.00914654,0.00783251,0.00652189,0.00521411,0.0039086,0.00260479
1,0.976491,0.953071,0.929827,0.90684,0.884183,0.861922,0.840111,0.818795,0.798009,0.777777,0.758116,0.739033,0.720529,0.7026,0.685238,0.668429,0.652158,0.636409,0.621163,0.606401,0.592103,0.57825,0.564823,0.551804,0.539174,0.526916,0.515014,0.503452,0.492216,0.48129,0.470661,0.460318,0.450248,0.44044,0.430884,0.42157,0.412488,0.40363,0.394987,0.386552,0.378318,0.370277,0.362422,0.354749,0.34725,0.339921,0.332755,0.325749,0.318896,0.312193,0.305636,0.299219,0.29294,0.286794,0.280777,0.274887,0.269119,0.263471,0.25794,0.252522,0.247215,0.242016,0.236922,0.23193,0.227039,0.222245,0.217547,0.212942,0.208427,0.204002,0.199663,0.195409,0.191238,0.187147,0.183136,0.179201,0.175342,0.171557,0.167844,0.164201,0.160627,0.157121,0.15368,0.150304,0.14699,0.143738,0.140547,0.137414,0.134338,0.131318,0.128354,0.125443,0.122585,0.119778,0.117021,0.114313,0.111652,0.109039,0.106471,0.103948,0.101469,0.0990319,0.0966366,0.0942819,0.0919669,0.0896905,0.0874519,0.0852502,0.0830844,0.0809536,0.0788571,0.0767938,0.0747631,0.072764,0.0707957,0.0688574,0.0669483,0.0650677,0.0632147,0.0613886,0.0595886,0.0578141,0.0560641,0.0543381,0.0526353,0.050955,0.0492965,0.0476591,0.0460422,0.0444449,0.0428668,0.041307,0.039765,0.0382401,0.0367316,0.035239,0.0337616,0.0322987,0.0308498,0.0294141,0.0279912,0.0265804,0.0251811,0.0237927,0.0224146,0.0210462,0.0196869,0.0183361,0.0169934,0.0156579,0.0143293,0.0130069,0.0116902,0.0103785,0.00907133,0.00776811,0.00646827,0.00517125,0.00387647,0.00258338
1,0.975682,0.951468,0.927458,0.903745,0.880414,0.857536,0.835171,0.813368,0.792162,0.771575,0.751621,0.732304,0.71362,0.695561,0.678112,0.661256,0.644973,0.62924,0.614036,0.599338,0.585122,0.571366,0.558048,0.545148,0.532645,0.52052,0.508755,0.497333,0.486239,0.475456,0.464971,0.45477,0.444842,0.435174,0.425756,0.416578,0.407629,0.398902,0.390387,0.382077,0.373964,0.366042,0.358303,0.350743,0.343353,0.33613,0.329068,0.322162,0.315407,0.308799,0.302334,0.296006,0.289813,0.283751,0.277816,0.272005,0.266314,0.26074,0.255281,0.249933,0.244693,0.23956,0.23453,0.2296,0.224769,0.220034,0.215392,0.210842,0.206381,0.202008,0.19772,0.193515,0.189391,0.185347,0.18138,0.17749,0.173674,0.16993,0.166257,0.162654,0.159119,0.15565,0.152245,0.148905,0.145626,0.142407,0.139249,0.136148,0.133103,0.130114,0.12718,0.124298,0.121468,0.118689,0.115959,0.113277,0.110643,0.108055,0.105512,0.103013,0.100558,0.0981441,0.0957716,0.0934392,0.091146,0.088891,0.0866734,0.0844922,0.0823466,0.0802356,0.0781584,0.0761142,0.0741021,0.0721213,0.070171,0.0682504,0.0663586,0.0644951,0.0626588,0.0608492,0.0590655,0.0573068,0.0555726,0.0538621,0.0521745,0.0505092,0.0488654,0.0472426,0.04564,0.0440569,0.0424927,0.0409467,0.0394183,0.0379069,0.0364117,0.0349322,0.0334677,0.0320177,0.0305814,0.0291584,0.0277479,0.0263494,0.0249623,0.023586,0.0222199,0.0208635,0.019516,0.018177,0.0168459,0.0155221,0.014205,0.0128941,0.0115888,0.0102885,0.00899269,0.00770077,0.0064122,0.00512642,0.00384287,0.00256099
1,0.97477,0.949662,0.924793,0.90027,0.876191,0.852636,0.829671,0.807346,0.785695,0.76474,0.744489,0.724942,0.706088,0.687912,0.670395,0.653512,0.637237,0.621544,0.606405,0.591794,0.577682,0.564045,0.550858,0.538096,0.525739,0.513765,0.502155,0.490889,0.479952,0.469326,0.458998,0.448952,0.439177,0.429661,0.420391,0.411358,0.402552,0.393963,0.385584,0.377407,0.369423,0.361626,0.35401,0.346567,0.339293,0.332182,0.325229,0.318428,0.311775,0.305266,0.298896,0.292662,0.286559,0.280585,0.274734,0.269005,0.263394,0.257898,0.252514,0.247238,0.24207,0.237005,0.232041,0.227176,0.222407,0.217732,0.21315,0.208657,0.204252,0.199932,0.195697,0.191543,0.187469,0.183473,0.179553,0.175708,0.171936,0.168236,0.164605,0.161043,0.157548,0.154117,0.150751,0.147447,0.144204,0.141021,0.137896,0.134829,0.131817,0.12886,0.125956,0.123105,0.120304,0.117554,0.114852,0.112198,0.109591,0.10703,0.104513,0.102039,0.0996081,0.0972187,0.0948699,0.0925607,0.0902902,0.0880576,0.0858618,0.083702,0.0815773,0.0794869,0.0774299,0.0754055,0.0734128,0.0714511,0.0695195,0.0676173,0.0657437,0.0638979,0.0620791,0.0602867,0.0585198,0.0567778,0.05506,0.0533655,0.0516938,0.0500441,0.0484158,0.0468081,0.0452205,0.0436521,0.0421025,0.0405709,0.0390567,0.0375592,0.0360779,0.0346121,0.0331612,0.0317245,0.0303015,0.0288916,0.0274941,0.0261085,0.0247341,0.0233705,0.0220169,0.0206729,0.0193378,0.018011,0.0166921,0.0153804,0.0140754,0.0127764,0.011483,0.0101946,0.00891064,0.00763052,0.00635371,0.00507966,0.00380782,0.00253763
1,0.973736,0.947617,0.92178,0.896353,0.871445,0.847147,0.823532,0.80065,0.778534,0.757202,0.736655,0.716886,0.697878,0.679607,0.662044,0.64516,0.628921,0.613295,0.598249,0.583751,0.56977,0.556276,0.543242,0.530643,0.518453,0.506649,0.495211,0.484119,0.473355,0.462901,0.452743,0.442866,0.433257,0.423902,0.414791,0.405914,0.397259,0.388818,0.380583,0.372545,0.364698,0.357033,0.349545,0.342227,0.335073,0.328079,0.321239,0.314548,0.308002,0.301596,0.295327,0.289189,0.283181,0.277297,0.271535,0.265891,0.260363,0.254947,0.249641,0.244441,0.239345,0.234351,0.229456,0.224658,0.219954,0.215343,0.210821,0.206388,0.20204,0.197777,0.193595,0.189494,0.185472,0.181526,0.177655,0.173857,0.170131,0.166476,0.162889,0.159369,0.155915,0.152525,0.149198,0.145932,0.142726,0.13958,0.13649,0.133457,0.13048,0.127555,0.124684,0.121864,0.119094,0.116374,0.113702,0.111077,0.108497,0.105963,0.103473,0.101026,0.0986204,0.0962562,0.093932,0.0916469,0.0894,0.0871905,0.0850174,0.0828798,0.080777,0.0787079,0.0766719,0.0746681,0.0726956,0.0707538,0.0688417,0.0669586,0.0651038,0.0632765,0.0614759,0.0597013,0.057952,0.0562273,0.0545265,0.0528488,0.0511936,0.0495601,0.0479478,0.0463559,0.0447838,0.0432309,0.0416964,0.0401797,0.0386803,0.0371974,0.0357305,0.034279,0.0328421,0.0314194,0.0300102,0.0286139,0.0272299,0.0258577,0.0244966,0.0231461,0.0218055,0.0204745,0.0191522,0.0178382,0.016532,0.0152329,0.0139404,0.0126539,0.011373,0.0100969,0.00882524,0.00755739,0.00629282,0.00503099,0.00377133,0.00251331
1,0.972558,0.945289,0.918359,0.891916,0.866088,0.840977,0.81666,0.793188,0.770591,0.748878,0.728045,0.708072,0.688932,0.670593,0.653017,0.636164,0.619994,0.604468,0.589546,0.575192,0.561371,0.548049,0.535195,0.522781,0.510781,0.499169,0.487923,0.477023,0.466449,0.456184,0.446211,0.436515,0.427083,0.417902,0.408961,0.400249,0.391755,0.38347,0.375387,0.367497,0.359792,0.352266,0.344912,0.337724,0.330697,0.323825,0.317103,0.310527,0.304092,0.297793,0.291628,0.285591,0.27968,0.273891,0.26822,0.262665,0.257223,0.25189,0.246665,0.241543,0.236523,0.231603,0.226779,0.22205,0.217413,0.212867,0.208408,0.204036,0.199748,0.195543,0.191418,0.187371,0.183402,0.179508,0.175687,0.171938,0.16826,0.164651,0.161109,0.157633,0.154222,0.150873,0.147587,0.144361,0.141194,0.138085,0.135032,0.132035,0.129092,0.126202,0.123364,0.120577,0.117839,0.11515,0.112508,0.109912,0.107362,0.104856,0.102394,0.0999738,0.0975951,0.0952569,0.0929583,0.0906982,0.0884758,0.0862903,0.0841407,0.0820262,0.0799459,0.0778991,0.0758848,0.0739024,0.0719509,0.0700296,0.0681377,0.0662745,0.0644392,0.062631,0.0608493,0.0590933,0.0573623,0.0556555,0.0539723,0.052312,0.0506739,0.0490574,0.0474617,0.0458862,0.0443303,0.0427933,0.0412745,0.0397734,0.0382893,0.0368216,0.0353696,0.0339329,0.0325106,0.0311024,0.0297075,0.0283253,0.0269554,0.0255971,0.0242498,0.0229129,0.021586,0.0202683,0.0189594,0.0176587,0.0163656,0.0150796,0.0138002,0.0125267,0.0112586,0.00999537,0.0087365,0.00748141,0.00622956,0.00498041,0.00373342,0.00248805
1,0.971206,0.942623,0.91445,0.886865,0.860014,0.834013,0.808943,0.784852,0.761763,0.739677,0.718574,0.698424,0.679187,0.660818,0.643267,0.626486,0.610425,0.595037,0.580277,0.566103,0.552474,0.539354,0.526709,0.514508,0.502722,0.491325,0.480292,0.469603,0.459237,0.449175,0.439402,0.429902,0.420661,0.411665,0.402904,0.394367,0.386043,0.377924,0.37,0.362265,0.35471,0.347329,0.340116,0.333064,0.326168,0.319423,0.312825,0.306368,0.300048,0.293861,0.287803,0.281871,0.276061,0.270369,0.264793,0.25933,0.253977,0.24873,0.243587,0.238547,0.233605,0.22876,0.22401,0.219353,0.214785,0.210306,0.205913,0.201604,0.197378,0.193232,0.189165,0.185175,0.18126,0.177419,0.173651,0.169952,0.166323,0.162762,0.159267,0.155836,0.152469,0.149164,0.145919,0.142734,0.139607,0.136537,0.133522,0.130562,0.127655,0.124801,0.121997,0.119243,0.116538,0.113881,0.111271,0.108706,0.106186,0.10371,0.101276,0.0988839,0.0965328,0.0942215,0.0919493,0.0897151,0.087518,0.0853574,0.0832321,0.0811415,0.0790846,0.0770608,0.075069,0.0731087,0.0711789,0.0692789,0.067408,0.0655653,0.0637502,0.061962,0.0601998,0.058463,0.0567508,0.0550627,0.0533978,0.0517555,0.0501352,0.0485361,0.0469577,0.0453992,0.04386,0.0423395,0.0408371,0.0393521,0.0378838,0.0364318,0.0349954,0.033574,0.0321669,0.0307736,0.0293936,0.0280261,0.0266708,0.0253268,0.0239938,0.0226712,0.0213582,0.0200545,0.0187595,0.0174725,0.0161931,0.0149207,0.0136547,0.0123947,0.01114,0.00989007,0.00864447,0.00740261,0.00616395,0.00492796,0.0036941,0.00246185
1,0.969643,0.939546,0.909954,0.881079,0.853092,0.82612,0.800246,0.775514,0.751935,0.729492,0.708151,0.687865,0.668576,0.650224,0.632749,0.616088,0.600183,0.584979,0.570424,0.556469,0.54307,0.530186,0.517782,0.505822,0.494276,0.483117,0.47232,0.461862,0.451722,0.441881,0.432323,0.423032,0.413994,0.405196,0.396627,0.388274,0.38013,0.372184,0.364428,0.356855,0.349457,0.342227,0.33516,0.32825,0.321491,0.314879,0.308408,0.302074,0.295873,0.289802,0.283856,0.278031,0.272326,0.266735,0.261257,0.255889,0.250626,0.245468,0.240412,0.235454,0.230594,0.225827,0.221153,0.216569,0.212073,0.207663,0.203337,0.199093,0.19493,0.190846,0.186839,0.182907,0.179049,0.175263,0.171547,0.167901,0.164323,0.160811,0.157363,0.153979,0.150658,0.147397,0.144196,0.141053,0.137967,0.134937,0.131961,0.129039,0.12617,0.123352,0.120583,0.117864,0.115194,0.11257,0.109992,0.107459,0.104969,0.102523,0.100119,0.0977566,0.0954339,0.0931505,0.0909055,0.088698,0.0865272,0.0843922,0.0822921,0.0802261,0.0781935,0.0761933,0.0742249,0.0722874,0.0703801,0.0685021,0.0666528,0.0648314,0.0630373,0.0612695,0.0595275,0.0578106,0.056118,0.0544491,0.0528031,0.0511795,0.0495775,0.0479966,0.0464359,0.044895,0.0433732,0.0418698,0.0403842,0.0389159,0.0374641,0.0360283,0.034608,0.0332024,0.031811,0.0304333,0.0290686,0.0277164,0.0263761,0.0250471,0.0237288,0.0224208,0.0211225,0.0198332,0.0185525,0.0172798,0.0160145,0.0147561,0.0135042,0.012258,0.0110171,0.00978105,0.00854918,0.00732101,0.00609601,0.00487365,0.00365339,0.00243472
1,0.967819,0.935965,0.904742,0.874405,0.845154,0.817128,0.790408,0.765025,0.74097,0.718206,0.696675,0.676308,0.657027,0.638756,0.621417,0.604935,0.589243,0.574275,0.559972,0.54628,0.533152,0.520542,0.50841,0.496722,0.485445,0.47455,0.46401,0.453804,0.443909,0.434306,0.424979,0.415912,0.40709,0.398501,0.390134,0.381977,0.374021,0.366257,0.358676,0.351272,0.344038,0.336966,0.330051,0.323288,0.316671,0.310195,0.303857,0.29765,0.291573,0.285621,0.27979,0.274077,0.268478,0.262992,0.257615,0.252343,0.247176,0.242109,0.237141,0.232269,0.227491,0.222805,0.218209,0.2137,0.209277,0.204938,0.200682,0.196505,0.192407,0.188386,0.18444,0.180568,0.176768,0.173039,0.169379,0.165786,0.16226,0.158798,0.1554,0.152064,0.148789,0.145574,0.142417,0.139318,0.136274,0.133285,0.13035,0.127468,0.124637,0.121856,0.119124,0.116441,0.113805,0.111216,0.108671,0.106171,0.103713,0.101299,0.0989253,0.0965924,0.094299,0.0920444,0.0898275,0.0876476,0.0855037,0.0833952,0.081321,0.0792805,0.0772728,0.0752972,0.0733528,0.0714389,0.0695547,0.0676995,0.0658726,0.0640732,0.0623005,0.060554,0.0588329,0.0571365,0.055464,0.053815,0.0521886,0.0505842,0.0490012,0.047439,0.0458967,0.044374,0.0428701,0.0413843,0.0399162,0.0384651,0.0370303,0.0356113,0.0342075,0.0328184,0.0314432,0.0300815,0.0287327,0.0273962,0.0260714,0.0247579,0.0234549,0.0221621,0.0208788,0.0196044,0.0183385,0.0170805,0.0158298,0.014586,0.0133485,0.0121167,0.0108902,0.00966835,0.00845068,0.00723667,0.00602579,0.00481751,0.00361131,0.00240667
1,0.965668,0.931755,0.898642,0.866645,0.835992,0.806832,0.779234,0.753208,0.728715,0.705687,0.684037,0.663665,0.644471,0.626357,0.609227,0.592995,0.577579,0.562906,0.548909,0.535531,0.522716,0.510419,0.498598,0.487214,0.476234,0.465628,0.45537,0.445436,0.435805,0.426458,0.417377,0.408547,0.399955,0.391587,0.383432,0.37548,0.367721,0.360148,0.35275,0.345523,0.338458,0.33155,0.324793,0.318182,0.311712,0.305378,0.299175,0.293101,0.287151,0.281321,0.275609,0.27001,0.264523,0.259143,0.253869,0.248698,0.243627,0.238654,0.233777,0.228993,0.2243,0.219696,0.21518,0.210749,0.206401,0.202136,0.19795,0.193842,0.189811,0.185855,0.181972,0.178161,0.174421,0.170749,0.167146,0.163608,0.160135,0.156725,0.153378,0.150092,0.146865,0.143697,0.140586,0.137531,0.134531,0.131584,0.12869,0.125848,0.123057,0.120315,0.117621,0.114974,0.112374,0.10982,0.107309,0.104843,0.102419,0.100036,0.097694,0.0953919,0.0931288,0.0909037,0.0887158,0.0865642,0.0844482,0.0823669,0.0803195,0.0783052,0.0763232,0.0743728,0.0724532,0.0705636,0.0687033,0.0668715,0.0650676,0.0632908,0.0615404,0.0598158,0.0581162,0.0564409,0.0547893,0.0531607,0.0515545,0.04997,0.0484065,0.0468635,0.0453403,0.0438363,0.0423508,0.0408833,0.0394332,0.0379998,0.0365826,0.0351809,0.0337942,0.032422,0.0310636,0.0297184,0.028386,0.0270657,0.025757,0.0244594,0.0231722,0.021895,0.0206272,0.0193683,0.0181176,0.0168748,0.0156393,0.0144104,0.0131878,0.0119709,0.0107591,0.00955201,0.00834901,0.00714961,0.0059533,0.00475955,0.00356787,0.00237772
1,0.963097,0.926744,0.891429,0.85754,0.825339,0.794973,0.766489,0.739857,0.714996,0.691793,0.67012,0.649845,0.630837,0.612974,0.596142,0.580239,0.565173,0.550861,0.537231,0.524217,0.511765,0.499824,0.488349,0.477302,0.466649,0.45636,0.446408,0.436768,0.42742,0.418345,0.409526,0.400948,0.392597,0.384462,0.37653,0.368792,0.36124,0.353864,0.346657,0.339613,0.332725,0.325986,0.319392,0.312938,0.306619,0.300431,0.294369,0.28843,0.282611,0.276907,0.271316,0.265835,0.260461,0.255192,0.250024,0.244955,0.239984,0.235107,0.230322,0.225628,0.221023,0.216504,0.212069,0.207718,0.203447,0.199256,0.195143,0.191106,0.187143,0.183253,0.179435,0.175687,0.172008,0.168396,0.16485,0.161368,0.15795,0.154594,0.151299,0.148063,0.144886,0.141765,0.138701,0.135692,0.132737,0.129834,0.126983,0.124182,0.121431,0.118728,0.116073,0.113464,0.110901,0.108383,0.105908,0.103476,0.101085,0.0987358,0.0964262,0.0941558,0.0919237,0.089729,0.0875709,0.0854485,0.0833611,0.0813078,0.0792879,0.0773006,0.075345,0.0734206,0.0715264,0.0696618,0.0678261,0.0660185,0.0642383,0.0624848,0.0607573,0.0590551,0.0573776,0.0557242,0.054094,0.0524865,0.050901,0.049337,0.0477937,0.0462705,0.0447669,0.0432822,0.0418157,0.040367,0.0389354,0.0375203,0.0361211,0.0347373,0.0333683,0.0320135,0.0306723,0.0293442,0.0280287,0.0267251,0.025433,0.0241517,0.0228808,0.0216197,0.0203679,0.0191248,0.01789,0.0166628,0.0154428,0.0142294,0.0130222,0.0118206,0.010624,0.00943209,0.0082442,0.00705986,0.00587857,0.00469982,0.00352309,0.00234788
1,0.959977,0.920694,0.882791,0.846746,0.812851,0.781234,0.751893,0.724736,0.699618,0.676368,0.654806,0.634758,0.616059,0.59856,0.582129,0.566648,0.552014,0.538136,0.524936,0.512345,0.500305,0.488762,0.477674,0.466999,0.456703,0.446757,0.437134,0.42781,0.418764,0.409978,0.401436,0.393123,0.385027,0.377134,0.369436,0.361922,0.354584,0.347414,0.340405,0.33355,0.326843,0.32028,0.313854,0.307562,0.301399,0.29536,0.289443,0.283643,0.277957,0.272383,0.266917,0.261557,0.256299,0.251142,0.246082,0.241119,0.236249,0.23147,0.226781,0.222179,0.217662,0.21323,0.208879,0.204609,0.200417,0.196302,0.192263,0.188298,0.184405,0.180584,0.176832,0.173148,0.169531,0.16598,0.162493,0.159069,0.155707,0.152406,0.149163,0.14598,0.142853,0.139782,0.136766,0.133803,0.130893,0.128035,0.125227,0.122469,0.11976,0.117098,0.114482,0.111912,0.109387,0.106906,0.104467,0.10207,0.0997145,0.0973989,0.0951226,0.0928847,0.0906844,0.0885209,0.0863934,0.0843009,0.0822429,0.0802184,0.0782268,0.0762671,0.0743388,0.072441,0.070573,0.0687341,0.0669236,0.0651408,0.0633849,0.0616554,0.0599514,0.0582724,0.0566177,0.0549866,0.0533785,0.0517927,0.0502286,0.0486856,0.047163,0.0456602,0.0441767,0.0427118,0.041265,0.0398356,0.038423,0.0370267,0.0356462,0.0342807,0.0329298,0.031593,0.0302695,0.028959,0.0276608,0.0263745,0.0250994,0.023835,0.0225808,0.0213363,0.020101,0.0188742,0.0176556,0.0164446,0.0152406,0.0140431,0.0128517,0.0116658,0.010485,0.00930864,0.0081363,0.00696747,0.00580165,0.00463832,0.00347699,0.00231716
1,0.956117,0.913263,0.872296,0.833802,0.798085,0.765219,0.735112,0.707576,0.682374,0.659257,0.63798,0.618322,0.60008,0.58308,0.567168,0.552212,0.5381,0.524734,0.512032,0.499924,0.488347,0.477249,0.466586,0.456317,0.44641,0.436834,0.427563,0.418575,0.409849,0.401369,0.393119,0.385085,0.377254,0.369616,0.36216,0.354878,0.347762,0.340805,0.334,0.32734,0.320822,0.314438,0.308185,0.302059,0.296056,0.290171,0.284401,0.278744,0.273196,0.267754,0.262415,0.257178,0.252039,0.246997,0.242048,0.237192,0.232425,0.227747,0.223155,0.218647,0.214221,0.209877,0.205612,0.201424,0.197313,0.193276,0.189313,0.185421,0.1816,0.177848,0.174163,0.170545,0.166992,0.163503,0.160077,0.156712,0.153407,0.150161,0.146973,0.143842,0.140767,0.137746,0.134779,0.131865,0.129002,0.126189,0.123426,0.120712,0.118045,0.115424,0.112849,0.110319,0.107833,0.105389,0.102987,0.100627,0.0983067,0.0960259,0.0937837,0.0915791,0.0894115,0.08728,0.0851838,0.0831221,0.0810942,0.0790992,0.0771365,0.0752053,0.0733049,0.0714344,0.0695933,0.0677808,0.0659962,0.0642389,0.062508,0.060803,0.0591232,0.057468,0.0558367,0.0542286,0.0526431,0.0510795,0.0495374,0.048016,0.0465147,0.0450329,0.0435701,0.0421256,0.0406988,0.0392893,0.0378963,0.0365194,0.0351579,0.0338113,0.0324791,0.0311606,0.0298554,0.028563,0.0272826,0.026014,0.0247564,0.0235094,0.0222724,0.021045,0.0198265,0.0186166,0.0174146,0.0162201,0.0150326,0.0138515,0.0126764,0.0115067,0.010342,0.0091817,0.00802536,0.00687247,0.00572255,0.00457508,0.00342959,0.00228557
1,0.951227,0.903946,0.859329,0.81808,0.780469,0.746444,0.715761,0.688083,0.663047,0.640304,0.619537,0.60047,0.582862,0.566512,0.55125,0.536933,0.52344,0.51067,0.498538,0.486972,0.475911,0.465304,0.455105,0.445277,0.435786,0.426606,0.41771,0.409078,0.400691,0.392533,0.384588,0.376844,0.36929,0.361916,0.354712,0.347671,0.340784,0.334047,0.327451,0.320993,0.314667,0.308468,0.302393,0.296437,0.290597,0.284869,0.279251,0.273739,0.268331,0.263024,0.257816,0.252704,0.247686,0.242761,0.237925,0.233178,0.228517,0.223941,0.219447,0.215035,0.210702,0.206448,0.20227,0.198167,0.194138,0.19018,0.186294,0.182478,0.178729,0.175048,0.171432,0.167881,0.164393,0.160967,0.157602,0.154297,0.151051,0.147862,0.14473,0.141653,0.13863,0.135661,0.132744,0.129879,0.127063,0.124297,0.12158,0.11891,0.116286,0.113708,0.111175,0.108685,0.106238,0.103834,0.10147,0.0991467,0.0968629,0.0946176,0.0924102,0.0902398,0.0881056,0.0860069,0.0839428,0.0819126,0.0799155,0.0779508,0.0760178,0.0741157,0.0722438,0.0704014,0.0685879,0.0668024,0.0650444,0.0633131,0.0616079,0.0599281,0.0582731,0.0566422,0.0550349,0.0534503,0.0518881,0.0503474,0.0488277,0.0473285,0.045849,0.0443888,0.0429472,0.0415236,0.0401175,0.0387283,0.0373554,0.0359983,0.0346565,0.0333293,0.0320162,0.0307167,0.0294302,0.0281562,0.0268943,0.0256437,0.0244041,0.0231749,0.0219556,0.0207457,0.0195447,0.018352,0.0171672,0.0159897,0.014819,0.0136548,0.0124964,0.0113433,0.0101951,0.00905132,0.00791141,0.0067749,0.00564131,0.00451014,0.00338091,0.00225313
1,0.944844,0.891965,0.842993,0.798721,0.759267,0.724329,0.693406,0.665948,0.641427,0.619376,0.599397,0.581158,0.564386,0.548858,0.53439,0.520831,0.508058,0.495968,0.484478,0.473516,0.463024,0.45295,0.443254,0.433899,0.424855,0.416095,0.407596,0.399339,0.391307,0.383484,0.375858,0.368416,0.361149,0.354048,0.347104,0.34031,0.33366,0.327148,0.320768,0.314516,0.308387,0.302377,0.296483,0.290701,0.285028,0.27946,0.273996,0.268633,0.263367,0.258198,0.253122,0.248138,0.243244,0.238437,0.233717,0.229081,0.224527,0.220055,0.215662,0.211347,0.207109,0.202946,0.198856,0.194839,0.190893,0.187017,0.183209,0.179469,0.175795,0.172185,0.168639,0.165156,0.161735,0.158373,0.155071,0.151827,0.148641,0.14551,0.142434,0.139412,0.136443,0.133527,0.130661,0.127845,0.125079,0.122361,0.119689,0.117065,0.114486,0.111951,0.10946,0.107012,0.104605,0.10224,0.0999155,0.0976302,0.0953835,0.0931746,0.0910029,0.0888674,0.0867674,0.0847021,0.0826709,0.0806729,0.0787074,0.0767736,0.074871,0.0729987,0.0711561,0.0693424,0.067557,0.0657993,0.0640684,0.0623639,0.0606849,0.059031,0.0574014,0.0557955,0.0542126,0.0526523,0.0511138,0.0495965,0.0480999,0.0466234,0.0451663,0.0437282,0.0423083,0.0409062,0.0395212,0.0381529,0.0368007,0.0354639,0.0341422,0.0328348,0.0315414,0.0302613,0.028994,0.0277391,0.0264959,0.025264,0.0240428,0.0228319,0.0216307,0.0204388,0.0192555,0.0180805,0.0169133,0.0157532,0.0145999,0.0134529,0.0123116,0.0111757,0.0100445,0.00891757,0.00779451,0.0066748,0.00555796,0.0044435,0.00333096,0.00221984
1,0.936185,0.876078,0.821956,0.774546,0.733551,0.698197,0.667588,0.640876,0.617337,0.596376,0.577516,0.56038,0.544669,0.530145,0.51662,0.503944,0.491993,0.480669,0.469891,0.459593,0.449718,0.440221,0.431064,0.422213,0.413641,0.405324,0.397242,0.389377,0.381715,0.374241,0.366944,0.359815,0.352845,0.346024,0.339348,0.332808,0.3264,0.320119,0.313959,0.307918,0.30199,0.296173,0.290464,0.284859,0.279355,0.273951,0.268644,0.263431,0.258311,0.253281,0.24834,0.243485,0.238716,0.234031,0.229427,0.224904,0.220459,0.216092,0.211802,0.207586,0.203443,0.199373,0.195373,0.191443,0.187582,0.183788,0.18006,0.176397,0.172798,0.169262,0.165788,0.162374,0.159019,0.155724,0.152485,0.149304,0.146178,0.143106,0.140088,0.137122,0.134208,0.131345,0.128531,0.125766,0.123049,0.12038,0.117756,0.115178,0.112644,0.110153,0.107705,0.105299,0.102935,0.10061,0.0983247,0.0960781,0.0938694,0.0916977,0.0895623,0.0874625,0.0853974,0.0833664,0.0813687,0.0794036,0.0774704,0.0755683,0.0736967,0.0718549,0.0700422,0.0682579,0.0665013,0.0647719,0.0630689,0.0613916,0.0597396,0.058112,0.0565084,0.054928,0.0533704,0.0518347,0.0503206,0.0488273,0.0473543,0.0459011,0.0444669,0.0430513,0.0416537,0.0402736,0.0389103,0.0375634,0.0362322,0.0349163,0.0336152,0.0323282,0.0310548,0.0297946,0.028547,0.0273115,0.0260876,0.0248748,0.0236725,0.0224803,0.0212977,0.0201242,0.0189592,0.0178023,0.0166531,0.0155109,0.0143754,0.013246,0.0121223,0.0110038,0.00989004,0.00878049,0.00767471,0.00657221,0.00547254,0.00437522,0.00327977,0.00218573
1,0.923818,0.854207,0.794209,0.743955,0.702192,0.667323,0.637871,0.612632,0.59067,0.571275,0.553913,0.538178,0.523764,0.510434,0.498004,0.486332,0.475302,0.464825,0.454826,0.445246,0.436036,0.427155,0.418569,0.41025,0.402173,0.39432,0.386672,0.379215,0.371935,0.364822,0.357866,0.351058,0.344392,0.33786,0.331456,0.325177,0.319016,0.31297,0.307035,0.301208,0.295485,0.289864,0.284342,0.278917,0.273586,0.268347,0.263199,0.258139,0.253166,0.248278,0.243473,0.238751,0.234108,0.229545,0.22506,0.220651,0.216317,0.212057,0.207869,0.203754,0.199708,0.195732,0.191823,0.187982,0.184206,0.180496,0.176849,0.173265,0.169742,0.16628,0.162878,0.159535,0.156249,0.15302,0.149846,0.146728,0.143663,0.140652,0.137692,0.134783,0.131925,0.129116,0.126355,0.123642,0.120976,0.118356,0.11578,0.113249,0.110761,0.108316,0.105912,0.103549,0.101227,0.0989432,0.0966984,0.0944913,0.0923213,0.0901875,0.0880892,0.0860258,0.0839964,0.0820003,0.0800369,0.0781054,0.0762051,0.0743353,0.0724955,0.0706848,0.0689026,0.0671483,0.0654212,0.0637207,0.0620461,0.0603968,0.0587722,0.0571717,0.0555946,0.0540404,0.0525084,0.0509981,0.0495088,0.0480401,0.0465912,0.0451617,0.043751,0.0423586,0.0409837,0.0396261,0.038285,0.0369599,0.0356504,0.0343558,0.0330757,0.0318095,0.0305567,0.0293169,0.0280894,0.0268738,0.0256696,0.0244763,0.0232934,0.0221204,0.0209568,0.0198021,0.0186558,0.0175175,0.0163867,0.0152628,0.0141455,0.0130342,0.0119285,0.0108279,0.00973194,0.00864014,0.00755204,0.00646718,0.00538508,0.0043053,0.00322736,0.0021508
1,0.904881,0.822721,0.756717,0.704872,0.663942,0.63103,0.603943,0.581112,0.561436,0.544143,0.528682,0.514657,0.501776,0.489823,0.478632,0.468077,0.45806,0.448503,0.439343,0.430531,0.422026,0.413794,0.405808,0.398044,0.390485,0.383112,0.375913,0.368876,0.36199,0.355248,0.34864,0.342162,0.335806,0.329568,0.323443,0.317428,0.311519,0.305713,0.300006,0.294396,0.288881,0.283459,0.278127,0.272883,0.267727,0.262656,0.257669,0.252763,0.247939,0.243194,0.238527,0.233938,0.229424,0.224985,0.220619,0.216325,0.212103,0.207951,0.203869,0.199854,0.195907,0.192026,0.18821,0.184458,0.180769,0.177143,0.173578,0.170074,0.166629,0.163242,0.159913,0.156641,0.153425,0.150263,0.147156,0.144101,0.141099,0.138148,0.135248,0.132398,0.129596,0.126842,0.124135,0.121475,0.11886,0.11629,0.113764,0.11128,0.108839,0.10644,0.104081,0.101762,0.0994824,0.097241,0.0950373,0.0928705,0.0907399,0.0886448,0.0865844,0.084558,0.082565,0.0806045,0.078676,0.0767788,0.0749121,0.0730753,0.0712678,0.0694889,0.0677379,0.0660142,0.0643172,0.0626462,0.0610007,0.0593799,0.0577834,0.0562104,0.0546604,0.0531329,0.0516271,0.0501426,0.0486788,0.0472351,0.0458109,0.0444058,0.043019,0.0416501,0.0402986,0.0389639,0.0376455,0.0363428,0.0350553,0.0337825,0.032524,0.0312791,0.0300473,0.0288283,0.0276214,0.0264262,0.0252422,0.0240688,0.0229057,0.0217523,0.0206081,0.0194727,0.0183455,0.0172262,0.0161142,0.0150091,0.0139103,0.0128176,0.0117303,0.010648,0.00957023,0.00849658,0.00742657,0.00635973,0.00529562,0.00423378,0.00317375,0.00211508
1,0.872985,0.77508,0.705068,0.654874,0.617672,0.588915,0.56576,0.546436,0.52982,0.515178,0.502016,0.489991,0.478861,0.46845,0.458625,0.449287,0.44036,0.431785,0.423514,0.415511,0.407744,0.400189,0.392825,0.385637,0.37861,0.371732,0.364994,0.358388,0.351905,0.34554,0.339288,0.333144,0.327104,0.321165,0.315323,0.309576,0.303922,0.298357,0.292881,0.287491,0.282186,0.276965,0.271825,0.266765,0.261785,0.256883,0.252058,0.247309,0.242635,0.238035,0.233507,0.229052,0.224667,0.220353,0.216108,0.211931,0.207822,0.20378,0.199803,0.19589,0.192042,0.188257,0.184535,0.180874,0.177273,0.173732,0.17025,0.166826,0.16346,0.160149,0.156895,0.153695,0.150548,0.147455,0.144415,0.141425,0.138487,0.135598,0.132758,0.129966,0.127222,0.124524,0.121872,0.119265,0.116703,0.114184,0.111707,0.109273,0.106879,0.104526,0.102213,0.0999389,0.0977028,0.0955042,0.0933423,0.0912166,0.0891261,0.0870703,0.0850484,0.0830598,0.0811038,0.0791796,0.0772867,0.0754244,0.073592,0.0717888,0.0700143,0.0682677,0.0665485,0.0648561,0.0631897,0.0615489,0.0599329,0.0583413,0.0567733,0.0552285,0.0537062,0.0522059,0.0507269,0.0492688,0.0478309,0.0464128,0.0450138,0.0436334,0.0422711,0.0409264,0.0395986,0.0382874,0.036992,0.0357122,0.0344473,0.0331968,0.0319602,0.0307371,0.0295268,0.028329,0.0271432,0.0259688,0.0248053,0.0236524,0.0225094,0.0213761,0.0202517,0.019136,0.0180284,0.0169285,0.0158357,0.0147497,0.01367,0.0125962,0.0115276,0.0104641,0.00940495,0.00834986,0.00729833,0.00624992,0.00520419,0.00416068,0.00311895,0.00207856
1,0.811979,0.699547,0.633599,0.591885,0.562958,0.541197,0.523745,0.509054,0.496232,0.484735,0.474213,0.464432,0.45523,0.446491,0.438131,0.430086,0.422309,0.414763,0.407419,0.400254,0.393251,0.386393,0.379669,0.37307,0.366587,0.360215,0.353946,0.347777,0.341703,0.335721,0.329829,0.324024,0.318303,0.312666,0.30711,0.301634,0.296236,0.290916,0.285672,0.280504,0.275411,0.270391,0.265445,0.26057,0.255768,0.251036,0.246375,0.241783,0.23726,0.232805,0.228418,0.224098,0.219844,0.215655,0.211532,0.207473,0.203477,0.199545,0.195674,0.191866,0.188118,0.18443,0.180801,0.177231,0.17372,0.170265,0.166867,0.163524,0.160237,0.157004,0.153824,0.150697,0.147622,0.144599,0.141626,0.138702,0.135828,0.133001,0.130223,0.127491,0.124804,0.122164,0.119567,0.117015,0.114505,0.112038,0.109612,0.107227,0.104882,0.102576,0.100309,0.0980804,0.0958887,0.0937336,0.0916143,0.0895302,0.0874806,0.0854647,0.0834821,0.0815319,0.0796135,0.0777263,0.0758697,0.0740429,0.0722453,0.0704764,0.0687354,0.0670219,0.0653351,0.0636744,0.0620393,0.0604291,0.0588434,0.0572814,0.0557426,0.0542264,0.0527324,0.0512598,0.0498081,0.0483769,0.0469655,0.0455734,0.0442001,0.0428451,0.0415077,0.0401875,0.0388841,0.0375967,0.036325,0.0350685,0.0338266,0.0325988,0.0313847,0.0301837,0.0289954,0.0278193,0.0266549,0.0255017,0.0243593,0.0232272,0.0221049,0.0209919,0.0198879,0.0187922,0.0177046,0.0166245,0.0155514,0.0144849,0.0134246,0.0123701,0.0113208,0.0102763,0.00923619,0.00820004,0.00716739,0.00613779,0.00511083,0.00408604,0.003063,0.00204128
1,0.675384,0.57753,0.537897,0.516109,0.501076,0.489173,0.47897,0.469802,0.461319,0.453317,0.445669,0.438294,0.431135,0.424154,0.417322,0.410619,0.404029,0.397541,0.391146,0.384839,0.378613,0.372464,0.36639,0.360388,0.354457,0.348594,0.342799,0.337072,0.33141,0.325815,0.320285,0.314821,0.309422,0.304088,0.298819,0.293614,0.288475,0.2834,0.27839,0.273444,0.268563,0.263747,0.258994,0.254306,0.249682,0.245121,0.240624,0.23619,0.231819,0.22751,0.223264,0.21908,0.214957,0.210895,0.206894,0.202953,0.199072,0.195251,0.191488,0.187783,0.184136,0.180546,0.177012,0.173534,0.170112,0.166744,0.163431,0.160171,0.156963,0.153808,0.150704,0.147651,0.144648,0.141695,0.13879,0.135933,0.133123,0.13036,0.127644,0.124972,0.122345,0.119762,0.117221,0.114724,0.112268,0.109853,0.107478,0.105144,0.102848,0.10059,0.0983705,0.0961876,0.094041,0.09193,0.089854,0.0878122,0.0858041,0.0838289,0.0818861,0.079975,0.0780949,0.0762453,0.0744255,0.0726348,0.0708728,0.0691386,0.0674319,0.0657519,0.064098,0.0624697,0.0608664,0.0592875,0.0577325,0.0562007,0.0546916,0.0532046,0.0517393,0.050295,0.0488712,0.0474673,0.0460829,0.0447174,0.0433703,0.042041,0.0407291,0.039434,0.0381552,0.0368923,0.0356446,0.0344118,0.0331934,0.0319888,0.0307976,0.0296192,0.0284533,0.0272993,0.0261568,0.0250253,0.0239043,0.0227934,0.0216922,0.0206001,0.0195167,0.0184416,0.0173742,0.0163143,0.0152613,0.0142148,0.0131743,0.0121394,0.0111097,0.0100847,0.009064,0.00804718,0.00703379,0.00602339,0.00501557,0.00400989,0.00300592,0.00200323
0,0.312026,0.397294,0.424351,0.433577,0.436066,0.435449,0.433159,0.429866,0.425925,0.421544,0.416854,0.411941,0.406865,0.401669,0.396385,0.391038,0.385647,0.380226,0.374788,0.369342,0.363898,0.358462,0.35304,0.347637,0.342258,0.336907,0.331587,0.326302,0.321053,0.315845,0.310678,0.305555,0.300477,0.295446,0.290464,0.285532,0.280651,0.275822,0.271045,0.266322,0.261654,0.25704,0.252482,0.24798,0.243534,0.239145,0.234812,0.230536,0.226317,0.222155,0.218051,0.214003,0.210011,0.206077,0.202199,0.198377,0.194611,0.1909,0.187245,0.183645,0.180099,0.176608,0.17317,0.169785,0.166453,0.163173,0.159944,0.156767,0.15364,0.150564,0.147536,0.144558,0.141627,0.138745,0.135909,0.133119,0.130375,0.127677,0.125022,0.122412,0.119844,0.117319,0.114836,0.112394,0.109993,0.107631,0.105308,0.103025,0.100779,0.0985698,0.0963977,0.0942615,0.0921606,0.0900944,0.0880622,0.0860634,0.0840974,0.0821635,0.0802612,0.0783897,0.0765486,0.0747371,0.0729548,0.0712009,0.0694749,0.0677761,0.0661041,0.0644582,0.0628379,0.0612425,0.0596716,0.0581245,0.0566007,0.0550996,0.0536208,0.0521636,0.0507275,0.0493119,0.0479164,0.0465405,0.0451835,0.0438451,0.0425246,0.0412216,0.0399356,0.038666,0.0374124,0.0361743,0.0349512,0.0337426,0.032548,0.031367,0.0301991,0.0290438,0.0279007,0.0267693,0.025649,0.0245396,0.0234405,0.0223512,0.0212714,0.0202006,0.0191383,0.018084,0.0170375,0.0159981,0.0149656,0.0139393,0.012919,0.0119042,0.0108945,0.00988937,0.00888847,0.00789134,0.00689758,0.00590676,0.00491846,0.00393225,0.00294772,0.00196445
0,0.175426,0.275268,0.328635,0.357783,0.374162,0.383397,0.388352,0.390579,0.390972,0.390082,0.388262,0.385751,0.382714,0.379272,0.375513,0.371504,0.367296,0.362929,0.358438,0.353846,0.349177,0.344447,0.339672,0.334863,0.330033,0.32519,0.320342,0.315496,0.310658,0.305834,0.301028,0.296244,0.291487,0.286758,0.282062,0.277401,0.272777,0.268192,0.263649,0.259148,0.254692,0.250281,0.245917,0.2416,0.237332,0.233114,0.228946,0.224828,0.220761,0.216746,0.212783,0.208871,0.205012,0.201205,0.19745,0.193747,0.190096,0.186497,0.182951,0.179455,0.176011,0.172619,0.169277,0.165985,0.162744,0.159552,0.156409,0.153316,0.15027,0.147273,0.144322,0.141419,0.138562,0.13575,0.132984,0.130263,0.127585,0.124951,0.12236,0.119811,0.117304,0.114838,0.112412,0.110027,0.10768,0.105373,0.103103,0.10087,0.0986749,0.0965155,0.0943917,0.0923029,0.0902483,0.0882275,0.0862398,0.0842846,0.0823613,0.0804694,0.0786081,0.0767769,0.0749753,0.0732026,0.0714582,0.0697417,0.0680523,0.0663895,0.0647528,0.0631416,0.0615553,0.0599934,0.0584554,0.0569406,0.0554486,0.0539787,0.0525306,0.0511036,0.0496972,0.048311,0.0469443,0.0455967,0.0442677,0.0429568,0.0416634,0.0403871,0.0391275,0.0378839,0.0366559,0.0354431,0.0342449,0.033061,0.0318907,0.0307338,0.0295896,0.0284578,0.0273379,0.0262294,0.0251319,0.0240449,0.022968,0.0219008,0.0208428,0.0197936,0.0187528,0.0177199,0.0166944,0.015676,0.0146643,0.0136588,0.012659,0.0116647,0.0106753,0.0096904,0.00870964,0.00773259,0.00675883,0.00578795,0.00481953,0.00385316,0.00288843,0.00192494
0,0.114411,0.199717,0.25714,0.294757,0.319402,0.335626,0.346275,0.353125,0.357304,0.35955,0.360363,0.360087,0.35897,0.357194,0.354892,0.352168,0.349103,0.34576,0.342188,0.338429,0.334517,0.330478,0.326337,0.322113,0.317822,0.31348,0.309096,0.304684,0.300252,0.295807,0.291358,0.28691,0.282469,0.27804,0.273627,0.269234,0.264866,0.260524,0.256211,0.251931,0.247686,0.243476,0.239305,0.235174,0.231084,0.227036,0.223031,0.219071,0.215156,0.211288,0.207465,0.20369,0.199962,0.196283,0.192651,0.189067,0.185532,0.182045,0.178607,0.175217,0.171875,0.168582,0.165336,0.162138,0.158988,0.155885,0.152829,0.149819,0.146855,0.143937,0.141065,0.138237,0.135453,0.132714,0.130018,0.127365,0.124754,0.122186,0.119658,0.117172,0.114726,0.112319,0.109952,0.107623,0.105332,0.103079,0.100863,0.0986824,0.0965379,0.0944285,0.0923536,0.0903127,0.0883051,0.0863303,0.0843877,0.0824767,0.0805967,0.0787472,0.0769276,0.0751372,0.0733757,0.0716423,0.0699365,0.0682578,0.0666056,0.0649793,0.0633785,0.0618024,0.0602508,0.0587228,0.0572182,0.0557362,0.0542765,0.0528384,0.0514215,0.0500252,0.0486491,0.0472926,0.0459552,0.0446365,0.0433359,0.0420529,0.0407871,0.039538,0.0383051,0.0370879,0.035886,0.0346989,0.0335262,0.0323673,0.0312218,0.0300893,0.0289693,0.0278613,0.026765,0.0256799,0.0246055,0.0235414,0.0224871,0.0214424,0.0204066,0.0193794,0.0183604,0.0173492,0.0163452,0.0153482,0.0143576,0.0133732,0.0123944,0.0114208,0.0104521,0.00948784,0.0085276,0.00757098,0.00661758,0.00566699,0.00471881,0.00377264,0.00282808,0.00188472
0,0.0825013,0.152048,0.205449,0.244705,0.273065,0.293429,0.307997,0.318342,0.325568,0.330453,0.333552,0.335265,0.335887,0.33564,0.334693,0.333176,0.33119,0.328819,0.326127,0.323167,0.319984,0.316614,0.313088,0.309431,0.305665,0.30181,0.297882,0.293894,0.289858,0.285786,0.281687,0.27757,0.27344,0.269306,0.265173,0.261046,0.256929,0.252827,0.248744,0.244682,0.240645,0.236636,0.232656,0.228708,0.224794,0.220916,0.217074,0.213271,0.209508,0.205785,0.202103,0.198464,0.194868,0.191315,0.187806,0.184342,0.180922,0.177547,0.174217,0.170933,0.167694,0.164499,0.161351,0.158247,0.155188,0.152174,0.149204,0.146278,0.143397,0.140559,0.137765,0.135013,0.132304,0.129637,0.127012,0.124428,0.121885,0.119382,0.116919,0.114495,0.11211,0.109764,0.107455,0.105184,0.10295,0.100751,0.0985888,0.0964614,0.0943685,0.0923096,0.0902843,0.0882918,0.0863318,0.0844036,0.0825066,0.0806403,0.0788042,0.0769978,0.0752203,0.0734714,0.0717504,0.0700569,0.0683903,0.0667499,0.0651354,0.0635462,0.0619817,0.0604414,0.0589248,0.0574314,0.0559606,0.054512,0.053085,0.0516792,0.050294,0.0489289,0.0475834,0.0462572,0.0449495,0.0436601,0.0423883,0.0411338,0.039896,0.0386745,0.0374689,0.0362785,0.0351031,0.0339422,0.0327952,0.0316618,0.0305414,0.0294338,0.0283383,0.0272547,0.0261823,0.0251209,0.02407,0.0230292,0.021998,0.020976,0.0199629,0.0189581,0.0179613,0.0169721,0.01599,0.0150147,0.0140457,0.0130826,0.0121251,0.0111728,0.0102251,0.0092818,0.00834242,0.00740659,0.00647389,0.00554395,0.00461636,0.00369074,0.00276668,0.0018438
0,0.0635459,0.120526,0.167903,0.20555,0.234723,0.257028,0.273943,0.286678,0.296174,0.303144,0.308127,0.311533,0.313674,0.314789,0.315065,0.314651,0.313665,0.3122,0.310333,0.308129,0.305639,0.302907,0.29997,0.296858,0.293599,0.290216,0.286728,0.283152,0.279503,0.275794,0.272038,0.268243,0.264419,0.260574,0.256715,0.252848,0.24898,0.245114,0.241256,0.23741,0.23358,0.229768,0.225977,0.222211,0.218472,0.214761,0.211081,0.207434,0.203821,0.200243,0.196701,0.193197,0.189732,0.186306,0.18292,0.179574,0.176269,0.173006,0.169785,0.166606,0.163469,0.160375,0.157322,0.154313,0.151345,0.14842,0.145538,0.142697,0.139898,0.13714,0.134424,0.131749,0.129115,0.126521,0.123967,0.121452,0.118977,0.116541,0.114142,0.111782,0.10946,0.107174,0.104925,0.102711,0.100534,0.0983908,0.0962826,0.0942084,0.0921677,0.09016,0.0881847,0.0862413,0.0843293,0.0824482,0.0805974,0.0787765,0.0769848,0.0752218,0.0734871,0.0717801,0.0701003,0.0684472,0.0668201,0.0652187,0.0636424,0.0620907,0.0605631,0.059059,0.057578,0.0561196,0.0546832,0.0532684,0.0518746,0.0505015,0.0491484,0.047815,0.0465007,0.0452051,0.0439277,0.0426679,0.0414255,0.0401998,0.0389905,0.037797,0.036619,0.035456,0.0343075,0.033173,0.0320523,0.0309447,0.02985,0.0287675,0.027697,0.026638,0.0255901,0.0245528,0.0235258,0.0225086,0.0215008,0.020502,0.0195118,0.0185298,0.0175556,0.0165888,0.0156289,0.0146757,0.0137286,0.0127873,0.0118514,0.0109206,0.00999434,0.00907233,0.00815417,0.00723946,0.00632782,0.00541887,0.00451221,0.00360747,0.00270426,0.00180221
0,0.051156,0.0986089,0.140087,0.174867,0.203251,0.226017,0.244068,0.258255,0.269306,0.277821,0.284281,0.289069,0.292486,0.294775,0.296129,0.296701,0.296618,0.295983,0.294879,0.293378,0.291537,0.289406,0.287027,0.284434,0.281659,0.278728,0.275663,0.272484,0.269209,0.265852,0.262427,0.258947,0.25542,0.251857,0.248266,0.244655,0.241029,0.237395,0.233759,0.230125,0.226497,0.22288,0.219276,0.215689,0.212122,0.208578,0.205058,0.201565,0.198101,0.194666,0.191264,0.187894,0.184559,0.181259,0.177995,0.174768,0.171578,0.168426,0.165313,0.162239,0.159205,0.15621,0.153254,0.150339,0.147463,0.144628,0.141832,0.139076,0.13636,0.133683,0.131046,0.128447,0.125888,0.123367,0.120885,0.11844,0.116033,0.113664,0.111331,0.109035,0.106774,0.10455,0.10236,0.100205,0.098085,0.0959984,0.0939451,0.0919247,0.0899367,0.0879805,0.0860558,0.084162,0.0822986,0.0804651,0.078661,0.0768859,0.0751391,0.0734202,0.0717288,0.0700642,0.068426,0.0668137,0.0652268,0.0636648,0.0621272,0.0606135,0.0591232,0.0576558,0.0562109,0.0547879,0.0533864,0.0520058,0.0506458,0.0493058,0.0479854,0.0466841,0.0454014,0.0441368,0.04289,0.0416605,0.0404477,0.0392514,0.0380709,0.0369059,0.0357559,0.0346206,0.0334994,0.0323919,0.0312977,0.0302165,0.0291476,0.0280908,0.0270457,0.0260117,0.0249885,0.0239758,0.022973,0.0219798,0.0209958,0.0200205,0.0190536,0.0180948,0.0171435,0.0161994,0.0152621,0.0143313,0.0134064,0.0124873,0.0115734,0.0106644,0.0097599,0.00885954,0.00796292,0.00706967,0.00617942,0.00529179,0.0044064,0.00352288,0.00264085,0.00175995
0,0.0424693,0.0826667,0.118967,0.150581,0.177397,0.199722,0.21806,0.232966,0.244974,0.254554,0.262108,0.267974,0.272428,0.275699,0.277974,0.279407,0.280125,0.280235,0.279824,0.278967,0.277727,0.276155,0.274298,0.272194,0.269876,0.267374,0.264713,0.261914,0.258997,0.255979,0.252875,0.249697,0.246459,0.24317,0.23984,0.236477,0.233088,0.229681,0.226261,0.222835,0.219406,0.21598,0.21256,0.20915,0.205753,0.202372,0.19901,0.19567,0.192352,0.18906,0.185796,0.182559,0.179353,0.176178,0.173035,0.169926,0.166851,0.16381,0.160805,0.157836,0.154903,0.152008,0.149149,0.146328,0.143544,0.140797,0.138089,0.135418,0.132785,0.130189,0.12763,0.125109,0.122625,0.120178,0.117768,0.115393,0.113055,0.110753,0.108486,0.106254,0.104056,0.101893,0.0997638,0.097668,0.0956053,0.0935752,0.0915773,0.0896111,0.0876763,0.0857722,0.0838986,0.0820548,0.0802405,0.0784551,0.0766982,0.0749693,0.073268,0.0715937,0.0699459,0.0683243,0.0667282,0.0651573,0.063611,0.0620888,0.0605904,0.0591152,0.0576627,0.0562325,0.0548241,0.053437,0.0520708,0.0507249,0.0493991,0.0480927,0.0468053,0.0455365,0.0442858,0.0430528,0.0418371,0.0406381,0.0394555,0.0382888,0.0371376,0.0360015,0.03488,0.0337727,0.0326792,0.031599,0.0305319,0.0294772,0.0284347,0.0274039,0.0263845,0.0253759,0.0243779,0.02339,0.0224118,0.0214429,0.020483,0.0195317,0.0185885,0.0176531,0.0167251,0.0158041,0.0148897,0.0139816,0.0130794,0.0121827,0.0112911,0.0104043,0.00952188,0.00864349,0.00776875,0.00689729,0.00602876,0.00516277,0.00429897,0.00343699,0.00257647,0.00171704
0,0.0360546,0.0706215,0.102535,0.131094,0.156035,0.177415,0.195481,0.210578,0.22307,0.233312,0.241625,0.248292,0.253554,0.257619,0.260661,0.262827,0.264241,0.265008,0.265216,0.264942,0.264248,0.263191,0.261817,0.260168,0.258279,0.256182,0.253902,0.251464,0.248888,0.246194,0.243397,0.240511,0.23755,0.234526,0.231448,0.228326,0.225167,0.221981,0.218773,0.215549,0.212315,0.209075,0.205835,0.202599,0.199369,0.196149,0.192943,0.189753,0.186581,0.18343,0.180301,0.177197,0.174118,0.171067,0.168045,0.165052,0.162091,0.159161,0.156263,0.153398,0.150567,0.147771,0.145008,0.142281,0.139589,0.136932,0.134311,0.131725,0.129174,0.12666,0.12418,0.121737,0.119328,0.116955,0.114617,0.112313,0.110044,0.107809,0.105608,0.10344,0.101306,0.099205,0.0971364,0.0951,0.0930955,0.0911224,0.0891803,0.0872688,0.0853876,0.0835361,0.0817139,0.0799207,0.0781559,0.0764191,0.0747098,0.0730277,0.0713722,0.0697429,0.0681394,0.0665611,0.0650076,0.0634785,0.0619733,0.0604915,0.0590327,0.0575964,0.0561822,0.0547895,0.0534181,0.0520674,0.0507369,0.0494262,0.0481349,0.0468625,0.0456086,0.0443728,0.0431545,0.0419535,0.0407692,0.0396012,0.0384491,0.0373126,0.036191,0.0350841,0.0339915,0.0329126,0.0318472,0.0307948,0.0297549,0.0287273,0.0277115,0.0267071,0.0257137,0.0247309,0.0237584,0.0227957,0.0218424,0.0208983,0.0199628,0.0190357,0.0181165,0.0172049,0.0163005,0.015403,0.0145118,0.0136268,0.0127475,0.0118736,0.0110047,0.0101404,0.00928037,0.00842427,0.00757173,0.00672238,0.00587588,0.00503186,0.00418996,0.00334985,0.00251114,0.00167351
0,0.0311275,0.0612302,0.0894561,0.115225,0.138235,0.15842,0.175875,0.190793,0.203416,0.213999,0.222789,0.230014,0.235879,0.240564,0.244226,0.247001,0.249006,0.250341,0.251092,0.251335,0.251134,0.250544,0.249613,0.248384,0.246893,0.245172,0.24325,0.241152,0.2389,0.236513,0.234008,0.231401,0.228707,0.225937,0.223102,0.220212,0.217277,0.214304,0.211301,0.208274,0.20523,0.202173,0.199109,0.196042,0.192976,0.189915,0.186862,0.18382,0.180791,0.177778,0.174784,0.17181,0.168858,0.16593,0.163027,0.16015,0.157301,0.154481,0.15169,0.148929,0.1462,0.143502,0.140836,0.138202,0.135601,0.133033,0.130499,0.127998,0.125531,0.123097,0.120698,0.118331,0.115998,0.113699,0.111433,0.1092,0.107,0.104833,0.102699,0.100596,0.0985257,0.0964869,0.0944793,0.0925027,0.0905567,0.0886409,0.0867551,0.0848988,0.0830715,0.081273,0.0795028,0.0777605,0.0760457,0.0743579,0.0726968,0.0710618,0.0694526,0.0678688,0.0663099,0.0647754,0.063265,0.0617781,0.0603144,0.0588734,0.0574546,0.0560577,0.0546822,0.0533276,0.0519935,0.0506795,0.0493852,0.0481101,0.0468538,0.0456158,0.0443958,0.0431933,0.042008,0.0408392,0.0396868,0.0385502,0.0374291,0.0363229,0.0352315,0.0341542,0.0330908,0.0320407,0.0310038,0.0299794,0.0289673,0.0279671,0.0269783,0.0260006,0.0250336,0.0240769,0.0231302,0.0221931,0.0212652,0.020346,0.0194354,0.0185328,0.017638,0.0167505,0.0158701,0.0149962,0.0141287,0.0132671,0.012411,0.0115602,0.0107142,0.00987277,0.00903547,0.00820197,0.00737193,0.00654501,0.00572085,0.0048991,0.00407942,0.00326147,0.0024449,0.00162936
0,0.0272253,0.0537156,0.0788354,0.102113,0.123261,0.142156,0.158804,0.173304,0.185804,0.196481,0.205519,0.213097,0.219383,0.224531,0.228678,0.231945,0.23444,0.236257,0.237478,0.238175,0.23841,0.238238,0.237708,0.236862,0.235737,0.234365,0.232776,0.230996,0.229047,0.22695,0.224723,0.222381,0.219941,0.217413,0.214812,0.212146,0.209426,0.206659,0.203855,0.20102,0.19816,0.195281,0.192388,0.189487,0.186581,0.183675,0.180772,0.177875,0.174987,0.172111,0.169249,0.166403,0.163576,0.16077,0.157985,0.155223,0.152486,0.149774,0.147089,0.144432,0.141803,0.139203,0.136632,0.134092,0.131583,0.129104,0.126657,0.124241,0.121856,0.119504,0.117183,0.114895,0.112638,0.110413,0.108219,0.106057,0.103927,0.101828,0.0997599,0.0977227,0.0957161,0.0937398,0.0917936,0.0898771,0.08799,0.086132,0.0843028,0.082502,0.0807292,0.078984,0.0772662,0.0755752,0.0739107,0.0722724,0.0706598,0.0690725,0.06751,0.0659721,0.0644582,0.062968,0.061501,0.0600568,0.058635,0.0572351,0.0558569,0.0544997,0.0531633,0.0518472,0.0505509,0.0492741,0.0480163,0.0467772,0.0455563,0.0443532,0.0431674,0.0419987,0.0408465,0.0397105,0.0385903,0.0374855,0.0363957,0.0353204,0.0342593,0.033212,0.0321782,0.0311574,0.0301492,0.0291533,0.0281692,0.0271967,0.0262353,0.0252847,0.0243445,0.0234143,0.0224937,0.0215825,0.0206801,0.0197864,0.0189009,0.0180232,0.017153,0.01629,0.0154338,0.0145841,0.0137404,0.0129025,0.01207,0.0112426,0.0104199,0.00960154,0.00878726,0.00797667,0.00716944,0.00636524,0.00556372,0.00476455,0.00396739,0.0031719,0.00237775,0.00158461
0,0.0240581,0.0475717,0.0700567,0.0911323,0.110539,0.128137,0.143884,0.157815,0.170015,0.180602,0.189708,0.197472,0.204027,0.2095,0.21401,0.217663,0.220554,0.222771,0.224389,0.225476,0.226093,0.226292,0.226121,0.22562,0.224828,0.223776,0.222495,0.22101,0.219344,0.217519,0.215553,0.213462,0.211262,0.208966,0.206587,0.204136,0.201622,0.199054,0.196442,0.193791,0.19111,0.188404,0.185678,0.182938,0.180189,0.177434,0.174677,0.171922,0.169173,0.166431,0.163699,0.16098,0.158277,0.15559,0.152921,0.150273,0.147646,0.145043,0.142463,0.139908,0.137379,0.134876,0.132401,0.129954,0.127535,0.125146,0.122785,0.120454,0.118152,0.115881,0.11364,0.111428,0.109247,0.107096,0.104976,0.102885,0.100825,0.0987937,0.0967926,0.0948209,0.0928785,0.0909651,0.0890806,0.0872245,0.0853966,0.0835967,0.0818244,0.0800795,0.0783614,0.07667,0.0750049,0.0733657,0.071752,0.0701635,0.0685998,0.0670604,0.0655451,0.0640535,0.062585,0.0611394,0.0597163,0.0583152,0.0569357,0.0555775,0.0542401,0.0529231,0.0516262,0.0503489,0.0490908,0.0478516,0.0466308,0.045428,0.0442429,0.043075,0.0419239,0.0407893,0.0396707,0.0385678,0.0374802,0.0364075,0.0353493,0.0343053,0.033275,0.032258,0.0312541,0.0302628,0.0292838,0.0283167,0.027361,0.0264166,0.0254829,0.0245597,0.0236465,0.0227431,0.0218491,0.020964,0.0200877,0.0192196,0.0183595,0.017507,0.0166619,0.0158236,0.014992,0.0141666,0.0133471,0.0125332,0.0117246,0.0109208,0.0101217,0.00932681,0.00853584,0.00774846,0.00696434,0.00618315,0.00540456,0.00462826,0.0038539,0.00308117,0.00230974,0.00153929
0,0.0214354,0.0424566,0.0626876,0.08182,0.0996278,0.11597,0.130781,0.144056,0.155839,0.166203,0.175241,0.183056,0.189753,0.195434,0.2002,0.204142,0.207344,0.209884,0.211831,0.21325,0.214195,0.214718,0.214863,0.214671,0.214179,0.213419,0.212419,0.211205,0.209802,0.20823,0.206508,0.204653,0.202681,0.200604,0.198437,0.196189,0.193873,0.191496,0.189067,0.186595,0.184086,0.181547,0.178983,0.1764,0.173803,0.171196,0.168582,0.165967,0.163352,0.160742,0.158139,0.155544,0.152962,0.150393,0.14784,0.145304,0.142786,0.140289,0.137814,0.13536,0.13293,0.130525,0.128144,0.12579,0.123461,0.12116,0.118886,0.116639,0.114421,0.11223,0.110068,0.107934,0.105829,0.103753,0.101705,0.0996854,0.0976946,0.0957322,0.0937981,0.0918921,0.0900142,0.0881639,0.0863413,0.0845459,0.0827776,0.0810361,0.0793211,0.0776323,0.0759693,0.074332,0.07272,0.0711329,0.0695703,0.068032,0.0665175,0.0650266,0.0635588,0.0621138,0.0606912,0.0592906,0.0579117,0.0565541,0.0552173,0.053901,0.0526049,0.0513285,0.0500715,0.0488334,0.0476139,0.0464126,0.0452291,0.0440631,0.0429141,0.0417817,0.0406657,0.0395656,0.038481,0.0374115,0.0363569,0.0353167,0.0342905,0.033278,0.0322788,0.0312926,0.0303189,0.0293575,0.028408,0.0274699,0.026543,0.025627,0.0247214,0.0238259,0.0229401,0.0220638,0.0211965,0.020338,0.0194879,0.0186458,0.0178115,0.0169845,0.0161646,0.0153514,0.0145447,0.0137439,0.0129489,0.0121594,0.0113749,0.0105951,0.00981986,0.00904869,0.00828132,0.00751742,0.00675669,0.0059988,0.00524344,0.00449028,0.00373901,0.00298932,0.00224089,0.0014934
0,0.0192269,0.0381317,0.0564173,0.0738322,0.0901823,0.105334,0.119212,0.131791,0.143083,0.153132,0.161999,0.169759,0.176493,0.182285,0.187215,0.191361,0.194796,0.19759,0.199804,0.201497,0.20272,0.203521,0.203943,0.204024,0.2038,0.203301,0.202557,0.201592,0.200431,0.199093,0.197598,0.195963,0.194204,0.192334,0.190367,0.188314,0.186185,0.18399,0.181739,0.179438,0.177095,0.174717,0.17231,0.169879,0.167429,0.164965,0.162492,0.160012,0.15753,0.155049,0.152571,0.150099,0.147635,0.145183,0.142743,0.140317,0.137908,0.135517,0.133144,0.130791,0.12846,0.12615,0.123864,0.121601,0.119363,0.117149,0.114961,0.112799,0.110663,0.108553,0.10647,0.104414,0.102384,0.100382,0.0984072,0.0964592,0.0945384,0.0926446,0.0907777,0.0889376,0.0871243,0.0853374,0.0835769,0.0818425,0.080134,0.0784511,0.0767937,0.0751613,0.0735539,0.071971,0.0704123,0.0688776,0.0673665,0.0658787,0.0644139,0.0629717,0.0615518,0.0601538,0.0587774,0.0574222,0.0560879,0.0547741,0.0534804,0.0522065,0.050952,0.0497165,0.0484997,0.0473012,0.0461206,0.0449576,0.0438118,0.0426829,0.0415704,0.040474,0.0393933,0.038328,0.0372777,0.0362421,0.0352208,0.0342134,0.0332195,0.0322389,0.0312712,0.030316,0.0293729,0.0284417,0.027522,0.0266134,0.0257155,0.0248282,0.0239509,0.0230835,0.0222254,0.0213765,0.0205364,0.0197047,0.0188811,0.0180653,0.017257,0.0164559,0.0156615,0.0148737,0.0140921,0.0133163,0.0125461,0.0117811,0.011021,0.0102656,0.00951444,0.00876727,0.00802378,0.00728365,0.00654658,0.00581227,0.0050804,0.00435066,0.00362276,0.00289638,0.00217122,0.00144697
0,0.0173406,0.034426,0.0510179,0.0669096,0.0819349,0.0959724,0.108944,0.120812,0.131571,0.141241,0.149863,0.157488,0.164178,0.169998,0.175014,0.17929,0.182891,0.185876,0.188299,0.190214,0.191668,0.192705,0.193365,0.193684,0.193696,0.193431,0.192916,0.192177,0.191236,0.190114,0.188829,0.187399,0.185839,0.184164,0.182385,0.180515,0.178565,0.176544,0.174461,0.172324,0.17014,0.167918,0.165661,0.163377,0.161071,0.158747,0.156409,0.154062,0.151709,0.149353,0.146998,0.144646,0.1423,0.139962,0.137633,0.135317,0.133014,0.130727,0.128456,0.126203,0.123969,0.121755,0.119562,0.11739,0.115241,0.113115,0.111013,0.108934,0.106881,0.104851,0.102847,0.100868,0.0989148,0.0969869,0.0950847,0.0932081,0.0913573,0.0895321,0.0877326,0.0859586,0.08421,0.0824867,0.0807885,0.0791153,0.0774668,0.0758429,0.0742432,0.0726677,0.0711159,0.0695877,0.0680828,0.0666008,0.0651415,0.0637046,0.0622897,0.0608966,0.0595249,0.0581743,0.0568444,0.0555349,0.0542455,0.0529759,0.0517256,0.0504944,0.0492819,0.0480877,0.0469115,0.0457529,0.0446116,0.0434873,0.0423795,0.041288,0.0402123,0.0391522,0.0381073,0.0370771,0.0360615,0.03506,0.0340723,0.033098,0.0321369,0.0311885,0.0302525,0.0293287,0.0284165,0.0275158,0.0266262,0.0257473,0.0248789,0.0240205,0.0231719,0.0223328,0.0215028,0.0206816,0.0198688,0.0190642,0.0182675,0.0174783,0.0166963,0.0159213,0.0151528,0.0143906,0.0136344,0.0128839,0.0121387,0.0113986,0.0106632,0.00993231,0.00920556,0.00848266,0.00776332,0.00704723,0.00633409,0.00562362,0.00491551,0.00420946,0.00350518,0.00280238,0.00210075,0.00140001
0,0.0157097,0.0312138,0.0463189,0.0608535,0.0746756,0.0876764,0.0997804,0.110943,0.121148,0.130401,0.138723,0.146153,0.152733,0.158516,0.163552,0.167897,0.171604,0.174723,0.177304,0.179394,0.181035,0.182267,0.183128,0.183652,0.18387,0.183811,0.183501,0.182965,0.182224,0.181298,0.180207,0.178966,0.177592,0.176097,0.174496,0.172799,0.171017,0.16916,0.167238,0.165257,0.163227,0.161153,0.159042,0.1569,0.154732,0.152543,0.150338,0.148119,0.145892,0.143659,0.141424,0.13919,0.136958,0.134732,0.132514,0.130305,0.128107,0.125923,0.123752,0.121598,0.11946,0.117341,0.11524,0.113159,0.111099,0.10906,0.107043,0.105048,0.103076,0.101127,0.0992012,0.0972995,0.0954217,0.093568,0.0917386,0.0899334,0.0881526,0.0863962,0.084664,0.0829562,0.0812725,0.0796129,0.0779773,0.0763654,0.0747772,0.0732124,0.0716708,0.0701523,0.0686565,0.0671833,0.0657323,0.0643034,0.0628962,0.0615104,0.0601458,0.0588021,0.0574789,0.0561759,0.0548929,0.0536295,0.0523854,0.0511602,0.0499537,0.0487655,0.0475953,0.0464427,0.0453074,0.0441891,0.0430875,0.0420021,0.0409327,0.0398789,0.0388404,0.0378169,0.036808,0.0358134,0.0348327,0.0338657,0.0329119,0.0319711,0.0310429,0.0301271,0.0292232,0.028331,0.0274501,0.0265802,0.025721,0.0248721,0.0240333,0.0232043,0.0223847,0.0215741,0.0207724,0.0199792,0.0191941,0.018417,0.0176474,0.016885,0.0161296,0.0153809,0.0146386,0.0139023,0.0131718,0.0124467,0.0117269,0.0110119,0.0103015,0.00959542,0.00889334,0.00819497,0.00750004,0.00680824,0.0061193,0.00543293,0.00474883,0.00406673,0.00338633,0.00270736,0.00202952,0.00135254
0,0.0142843,0.0284008,0.0421905,0.05551,0.0682379,0.0802775,0.0915578,0.102033,0.111678,0.12049,0.128478,0.135667,0.142088,0.147779,0.152783,0.157143,0.160904,0.164109,0.166802,0.169023,0.17081,0.172201,0.173229,0.173926,0.174321,0.174442,0.174313,0.173958,0.173397,0.17265,0.171735,0.170668,0.169465,0.168139,0.166703,0.165168,0.163545,0.161844,0.160074,0.158243,0.156358,0.154427,0.152456,0.15045,0.148416,0.146358,0.14428,0.142187,0.140082,0.137969,0.135852,0.133732,0.131613,0.129497,0.127386,0.125283,0.123189,0.121106,0.119035,0.116977,0.114935,0.112909,0.1109,0.108909,0.106937,0.104984,0.103052,0.10114,0.0992495,0.0973805,0.0955335,0.0937087,0.0919065,0.0901269,0.0883701,0.0866364,0.0849256,0.0832379,0.0815732,0.0799316,0.0783129,0.0767172,0.0751442,0.0735939,0.0720661,0.0705607,0.0690774,0.0676161,0.0661765,0.0647585,0.0633618,0.0619862,0.0606313,0.059297,0.0579829,0.0566889,0.0554145,0.0541595,0.0529237,0.0517066,0.0505081,0.0493278,0.0481653,0.0470205,0.0458929,0.0447822,0.0436882,0.0426105,0.0415487,0.0405026,0.0394719,0.0384562,0.0374552,0.0364686,0.035496,0.0345372,0.0335918,0.0326595,0.03174,0.030833,0.0299381,0.0290551,0.0281836,0.0273233,0.0264739,0.0256351,0.0248066,0.0239881,0.0231792,0.0223798,0.0215894,0.0208078,0.0200346,0.0192697,0.0185126,0.0177631,0.0170208,0.0162856,0.0155571,0.014835,0.0141191,0.013409,0.0127044,0.0120051,0.0113108,0.0106213,0.00993608,0.00925506,0.0085779,0.00790432,0.00723404,0.00656679,0.00590229,0.00524026,0.00458043,0.00392252,0.00326625,0.00261136,0.00195756,0.00130458
0,0.0130267,0.0259149,0.0385322,0.0507583,0.0624887,0.0736381,0.0841409,0.0939514,0.103042,0.111402,0.119033,0.125949,0.132172,0.137731,0.142658,0.146989,0.15076,0.154008,0.156772,0.159085,0.160983,0.162499,0.163662,0.164503,0.165049,0.165324,0.165353,0.165157,0.164757,0.164171,0.163416,0.162508,0.161463,0.160292,0.15901,0.157626,0.156153,0.154598,0.152972,0.151283,0.149537,0.147743,0.145905,0.144031,0.142126,0.140193,0.13824,0.136268,0.134282,0.132286,0.130283,0.128275,0.126266,0.124258,0.122253,0.120254,0.118261,0.116278,0.114305,0.112344,0.110396,0.108462,0.106544,0.104642,0.102757,0.100891,0.0990423,0.0972132,0.0954037,0.0936143,0.0918454,0.0900974,0.0883704,0.0866648,0.0849807,0.0833182,0.0816774,0.0800585,0.0784613,0.076886,0.0753324,0.0738006,0.0722905,0.0708018,0.0693346,0.0678887,0.0664639,0.06506,0.0636769,0.0623144,0.0609722,0.05965,0.0583478,0.0570652,0.055802,0.0545578,0.0533326,0.0521259,0.0509375,0.0497671,0.0486144,0.0474792,0.0463611,0.0452599,0.0441752,0.0431068,0.0420543,0.0410174,0.0399959,0.0389895,0.0379977,0.0370204,0.0360572,0.0351077,0.0341718,0.0332491,0.0323393,0.0314421,0.0305571,0.0296841,0.0288228,0.0279729,0.027134,0.026306,0.0254884,0.024681,0.0238835,0.0230955,0.0223169,0.0215473,0.0207864,0.020034,0.0192897,0.0185532,0.0178244,0.0171028,0.0163882,0.0156804,0.014979,0.0142838,0.0135945,0.0129108,0.0122325,0.0115592,0.0108907,0.0102268,0.00956707,0.00891135,0.00825935,0.0076108,0.00696542,0.00632296,0.00568314,0.0050457,0.00441037,0.00377689,0.00314499,0.00251441,0.00188488,0.00125615
0,0.0119077,0.0236998,0.0352653,0.0465023,0.0573208,0.0676455,0.0774167,0.0865904,0.0951376,0.103043,0.110303,0.116925,0.122922,0.128315,0.13313,0.137394,0.141139,0.144394,0.147192,0.149564,0.15154,0.153149,0.154419,0.155377,0.156047,0.156454,0.156619,0.156563,0.156304,0.155861,0.155251,0.154488,0.153586,0.152559,0.151419,0.150176,0.148842,0.147426,0.145936,0.14438,0.142767,0.141102,0.139393,0.137645,0.135863,0.134053,0.132218,0.130364,0.128494,0.126611,0.124719,0.122821,0.12092,0.119018,0.117117,0.115219,0.113327,0.111442,0.109565,0.107699,0.105844,0.104002,0.102174,0.10036,0.0985618,0.0967801,0.0950154,0.0932684,0.0915396,0.0898294,0.0881384,0.0864668,0.084815,0.0831831,0.0815715,0.0799802,0.0784093,0.0768591,0.0753294,0.0738204,0.0723321,0.0708643,0.069417,0.0679902,0.0665837,0.0651975,0.0638313,0.0624851,0.0611586,0.0598517,0.0585642,0.0572959,0.0560465,0.0548158,0.0536037,0.0524097,0.0512338,0.0500757,0.048935,0.0478115,0.046705,0.0456152,0.0445418,0.0434845,0.042443,0.0414171,0.0404064,0.0394107,0.0384297,0.0374631,0.0365106,0.035572,0.0346468,0.0337349,0.0328359,0.0319496,0.0310756,0.0302137,0.0293636,0.0285249,0.0276975,0.0268809,0.026075,0.0252794,0.0244939,0.0237182,0.0229519,0.0221948,0.0214467,0.0207072,0.0199761,0.0192531,0.0185379,0.0178302,0.0171298,0.0164364,0.0157498,0.0150696,0.0143956,0.0137275,0.013065,0.012408,0.0117561,0.0111091,0.0104667,0.00982859,0.00919459,0.00856442,0.00793782,0.00731453,0.00669428,0.00607684,0.00546193,0.0048493,0.00423871,0.00362989,0.00302258,0.00241655,0.00181153,0.00120726
0,0.0109043,0.0217112,0.0323271,0.0426649,0.0526468,0.0622066,0.0712901,0.079856,0.0878752,0.0953299,0.102213,0.108525,0.114275,0.119478,0.124152,0.128321,0.132007,0.135238,0.13804,0.140439,0.142464,0.144138,0.145489,0.146538,0.14731,0.147826,0.148107,0.148171,0.148037,0.147721,0.147239,0.146606,0.145836,0.14494,0.143931,0.142819,0.141615,0.140328,0.138965,0.137537,0.136048,0.134508,0.132921,0.131293,0.12963,0.127937,0.126218,0.124478,0.12272,0.120947,0.119164,0.117373,0.115576,0.113777,0.111978,0.11018,0.108387,0.106598,0.104817,0.103044,0.101281,0.0995295,0.09779,0.0960637,0.0943515,0.0926542,0.0909725,0.0893071,0.0876585,0.0860272,0.0844137,0.0828182,0.0812413,0.079683,0.0781437,0.0766234,0.0751225,0.0736409,0.0721787,0.0707361,0.0693129,0.0679092,0.0665249,0.06516,0.0638144,0.062488,0.0611806,0.0598922,0.0586225,0.0573715,0.0561389,0.0549245,0.0537282,0.0525497,0.0513888,0.0502453,0.049119,0.0480097,0.046917,0.0458407,0.0447806,0.0437364,0.0427079,0.0416948,0.0406968,0.0397136,0.0387451,0.0377908,0.0368506,0.0359242,0.0350112,0.0341115,0.0332247,0.0323505,0.0314888,0.0306391,0.0298012,0.0289749,0.0281599,0.0273558,0.0265625,0.0257796,0.0250069,0.024244,0.0234908,0.022747,0.0220122,0.0212863,0.0205689,0.0198598,0.0191587,0.0184653,0.0177794,0.0171008,0.0164291,0.0157642,0.0151056,0.0144533,0.0138069,0.0131662,0.0125309,0.0119008,0.0112755,0.010655,0.0100388,0.00942686,0.0088188,0.0082144,0.00761342,0.00701561,0.00642072,0.00582852,0.00523874,0.00465115,0.00406551,0.00348157,0.00289908,0.00231781,0.00173751,0.00115794
0,0.00999823,0.0199139,0.0296672,0.0391834,0.0483952,0.0572441,0.0656814,0.0736687,0.0811775,0.088189,0.0946933,0.100688,0.106177,0.11117,0.115682,0.119729,0.123332,0.126511,0.12929,0.131691,0.133738,0.135453,0.136859,0.137978,0.13883,0.139435,0.139812,0.139978,0.139951,0.139747,0.13938,0.138864,0.138212,0.137435,0.136547,0.135556,0.134472,0.133305,0.132063,0.130754,0.129384,0.127961,0.12649,0.124978,0.123429,0.121849,0.120241,0.118611,0.116961,0.115296,0.113618,0.111931,0.110237,0.108539,0.106839,0.10514,0.103442,0.101749,0.100061,0.0983809,0.0967088,0.0950465,0.0933948,0.0917551,0.090128,0.0885144,0.0869151,0.0853307,0.0837618,0.0822089,0.0806725,0.0791529,0.0776505,0.0761656,0.0746984,0.0732492,0.071818,0.070405,0.0690103,0.0676339,0.066276,0.0649364,0.0636151,0.0623122,0.0610276,0.0597611,0.0585127,0.0572822,0.0560695,0.0548745,0.0536969,0.0525367,0.0513937,0.0502676,0.0491582,0.0480654,0.046989,0.0459286,0.0448841,0.0438553,0.0428418,0.0418435,0.0408602,0.0398915,0.0389372,0.0379971,0.0370709,0.0361584,0.0352592,0.0343732,0.0335001,0.0326395,0.0317913,0.0309552,0.0301308,0.0293181,0.0285166,0.0277261,0.0269464,0.0261772,0.0254183,0.0246693,0.02393,0.0232002,0.0224795,0.0217678,0.0210648,0.0203702,0.0196838,0.0190053,0.0183344,0.017671,0.0170147,0.0163653,0.0157226,0.0150863,0.0144561,0.0138319,0.0132133,0.0126002,0.0119922,0.0113892,0.0107909,0.010197,0.00960741,0.00902175,0.00843983,0.00786142,0.00728628,0.00671416,0.00614485,0.00557809,0.00501366,0.00445133,0.00389085,0.003332,0.00277454,0.00221824,0.00166287,0.00110819
0,0.00917476,0.018279,0.0272444,0.0360065,0.0445067,0.0526935,0.0605231,0.06796,0.0749773,0.0815557,0.0876837,0.0933564,0.0985748,0.103345,0.107676,0.111583,0.11508,0.118185,0.120918,0.123298,0.125344,0.127078,0.128519,0.129686,0.130597,0.131272,0.131728,0.13198,0.132045,0.131937,0.13167,0.131258,0.130712,0.130045,0.129266,0.128386,0.127414,0.126359,0.12523,0.124032,0.122775,0.121463,0.120103,0.1187,0.117261,0.115789,0.114288,0.112764,0.111219,0.109658,0.108083,0.106497,0.104903,0.103304,0.101702,0.100098,0.0984957,0.096896,0.0953005,0.0937109,0.0921283,0.0905541,0.0889894,0.0874352,0.0858925,0.0843619,0.0828443,0.0813404,0.0798507,0.0783758,0.0769161,0.0754721,0.074044,0.0726322,0.0712369,0.0698584,0.0684969,0.0671524,0.0658251,0.0645151,0.0632223,0.0619469,0.0606887,0.0594479,0.0582242,0.0570178,0.0558284,0.054656,0.0535004,0.0523616,0.0512393,0.0501334,0.0490438,0.0479703,0.0469127,0.0458708,0.0448443,0.0438332,0.0428372,0.041856,0.0408894,0.0399373,0.0389993,0.0380753,0.037165,0.0362682,0.0353846,0.034514,0.0336561,0.0328108,0.0319776,0.0311565,0.0303472,0.0295493,0.0287627,0.0279871,0.0272222,0.0264678,0.0257237,0.0249896,0.0242652,0.0235504,0.0228448,0.0221482,0.0214604,0.0207811,0.02011,0.019447,0.0187918,0.0181441,0.0175037,0.0168704,0.0162439,0.015624,0.0150105,0.014403,0.0138015,0.0132055,0.012615,0.0120297,0.0114493,0.0108736,0.0103024,0.00973545,0.00917252,0.00861339,0.00805783,0.00750561,0.00695651,0.0064103,0.00586675,0.00532565,0.00478677,0.00424989,0.00371478,0.00318122,0.00264899,0.00211786,0.00158762,0.00105805
0,0.00842184,0.0167831,0.0250249,0.0330915,0.0409318,0.0485002,0.0557575,0.0626713,0.0692161,0.0753731,0.0811299,0.0864798,0.0914214,0.0959579,0.100096,0.103846,0.10722,0.110233,0.1129,0.115238,0.117264,0.118997,0.120452,0.121649,0.122602,0.12333,0.123848,0.12417,0.124312,0.124286,0.124107,0.123787,0.123336,0.122766,0.122087,0.121309,0.12044,0.11949,0.118465,0.117373,0.11622,0.115014,0.113759,0.112462,0.111126,0.109758,0.108361,0.106939,0.105496,0.104035,0.102559,0.101072,0.0995759,0.0980732,0.0965663,0.0950572,0.0935478,0.09204,0.0905352,0.0890351,0.0875409,0.0860538,0.084575,0.0831055,0.0816462,0.0801979,0.0787615,0.0773374,0.0759264,0.074529,0.0731456,0.0717767,0.0704227,0.0690838,0.0677602,0.0664524,0.0651603,0.0638842,0.0626243,0.0613805,0.0601529,0.0589416,0.0577466,0.0565678,0.0554053,0.054259,0.0531287,0.0520145,0.0509162,0.0498336,0.0487668,0.0477154,0.0466794,0.0456587,0.044653,0.0436621,0.0426859,0.0417242,0.0407768,0.0398435,0.038924,0.0380182,0.0371259,0.0362468,0.0353807,0.0345274,0.0336866,0.0328582,0.0320419,0.0312374,0.0304445,0.0296631,0.0288928,0.0281334,0.0273847,0.0266465,0.0259185,0.0252004,0.0244921,0.0237933,0.0231038,0.0224233,0.0217516,0.0210885,0.0204337,0.019787,0.0191482,0.018517,0.0178932,0.0172765,0.0166669,0.0160639,0.0154674,0.0148772,0.014293,0.0137147,0.0131419,0.0125745,0.0120122,0.0114549,0.0109022,0.0103541,0.0098102,0.00927036,0.00873434,0.00820193,0.00767292,0.0071471,0.00662423,0.00610412,0.00558655,0.0050713,0.00455816,0.00404692,0.00353737,0.00302929,0.00252248,0.00201672,0.0015118,0.00100752
0,0.0077295,0.0154067,0.0229807,0.030403,0.037629,0.0446182,0.0513357,0.0577519,0.0638431,0.0695911,0.0749832,0.0800117,0.0846736,0.0889698,0.0929047,0.0964856,0.0997224,0.102627,0.105211,0.107491,0.109479,0.111193,0.112646,0.113855,0.114834,0.115599,0.116163,0.116541,0.116746,0.116791,0.116687,0.116446,0.116079,0.115597,0.115009,0.114323,0.11355,0.112695,0.111768,0.110774,0.109721,0.108614,0.107459,0.106262,0.105026,0.103757,0.102459,0.101136,0.0997909,0.0984275,0.0970488,0.0956576,0.0942566,0.0928481,0.0914345,0.0900178,0.0885998,0.0871822,0.0857667,0.0843548,0.0829477,0.0815466,0.0801527,0.078767,0.0773904,0.0760236,0.0746676,0.0733228,0.07199,0.0706696,0.0693622,0.0680681,0.0667877,0.0655214,0.0642694,0.0630319,0.0618093,0.0606015,0.0594087,0.0582311,0.0570687,0.0559216,0.0547897,0.0536731,0.0525717,0.0514855,0.0504145,0.0493586,0.0483176,0.0472915,0.0462802,0.0452835,0.0443013,0.0433335,0.0423798,0.0414402,0.0405144,0.0396023,0.0387038,0.0378185,0.0369464,0.0360871,0.0352406,0.0344066,0.033585,0.0327754,0.0319776,0.0311916,0.030417,0.0296536,0.0289013,0.0281597,0.0274287,0.026708,0.0259975,0.0252969,0.0246059,0.0239244,0.0232522,0.0225889,0.0219344,0.0212885,0.0206509,0.0200215,0.0193999,0.018786,0.0181796,0.0175804,0.0169882,0.0164029,0.0158241,0.0152517,0.0146854,0.0141251,0.0135705,0.0130214,0.0124776,0.0119389,0.0114051,0.010876,0.0103513,0.00983088,0.00931449,0.00880194,0.00829303,0.00778753,0.00728527,0.00678601,0.00628958,0.00579575,0.00530433,0.00481511,0.0043279,0.00384249,0.00335868,0.00287627,0.00239506,0.00191485,0.00143544,0.000956626
0,0.00708947,0.0141336,0.0210882,0.0279111,0.0345629,0.0410081,0.0472153,0.0531578,0.0588135,0.0641652,0.0692003,0.0739106,0.0782918,0.0823433,0.0860676,0.0894699,0.0925577,0.0953403,0.0978285,0.100034,0.10197,0.103649,0.105085,0.106291,0.107282,0.108069,0.108666,0.109087,0.109342,0.109444,0.109404,0.109232,0.10894,0.108535,0.108028,0.107427,0.10674,0.105975,0.105138,0.104236,0.103276,0.102263,0.101203,0.100101,0.0989603,0.0977869,0.0965841,0.0953559,0.0941057,0.0928368,0.091552,0.0902542,0.0889459,0.0876295,0.0863072,0.0849809,0.0836525,0.0823237,0.080996,0.0796709,0.0783497,0.0770336,0.0757236,0.0744208,0.073126,0.0718401,0.0705637,0.0692977,0.0680425,0.0667987,0.0655667,0.0643471,0.0631401,0.0619461,0.0607654,0.0595982,0.0584447,0.0573051,0.0561795,0.055068,0.0539707,0.0528877,0.0518189,0.0507645,0.0497243,0.0486984,0.0476866,0.0466891,0.0457056,0.044736,0.0437804,0.0428385,0.0419102,0.0409954,0.040094,0.0392058,0.0383306,0.0374683,0.0366188,0.0357817,0.0349571,0.0341446,0.0333441,0.0325554,0.0317784,0.0310127,0.0302582,0.0295148,0.0287821,0.0280601,0.0273484,0.0266469,0.0259554,0.0252737,0.0246015,0.0239387,0.023285,0.0226403,0.0220042,0.0213767,0.0207575,0.0201463,0.0195431,0.0189475,0.0183594,0.0177785,0.0172047,0.0166377,0.0160774,0.0155235,0.0149758,0.0144341,0.0138982,0.013368,0.0128432,0.0123236,0.0118089,0.0112992,0.010794,0.0102932,0.00979667,0.00930415,0.00881545,0.00833038,0.00784874,0.00737034,0.00689499,0.0064225,0.00595266,0.00548529,0.0050202,0.0045572,0.00409608,0.00363668,0.00317878,0.00272222,0.00226678,0.00181229,0.00135856,0.00090539
0,0.00649478,0.0129502,0.0193276,0.0255903,0.0317036,0.0376361,0.0433599,0.0488506,0.0540881,0.0590562,0.0637426,0.0681389,0.0722401,0.0760444,0.0795529,0.0827691,0.0856986,0.0883489,0.0907288,0.0928482,0.094718,0.0963494,0.0977543,0.0989446,0.0999322,0.100729,0.101347,0.101798,0.102092,0.10224,0.102253,0.102141,0.101912,0.101577,0.101143,0.100618,0.10001,0.0993265,0.0985737,0.097758,0.0968852,0.0959609,0.0949903,0.0939781,0.0929289,0.0918468,0.0907356,0.0895991,0.0884405,0.087263,0.0860694,0.0848624,0.0836445,0.082418,0.0811849,0.0799473,0.0787068,0.0774652,0.076224,0.0749844,0.073748,0.0725157,0.0712886,0.0700677,0.068854,0.0676481,0.0664509,0.065263,0.0640849,0.0629172,0.0617603,0.0606148,0.0594809,0.0583589,0.0572493,0.0561521,0.0550676,0.053996,0.0529374,0.051892,0.0508598,0.0498408,0.0488352,0.0478429,0.046864,0.0458983,0.044946,0.0440068,0.0430809,0.042168,0.0412681,0.0403811,0.0395069,0.0386453,0.0377962,0.0369596,0.0361352,0.0353228,0.0345225,0.0337339,0.0329569,0.0321913,0.031437,0.0306938,0.0299616,0.02924,0.028529,0.0278283,0.0271378,0.0264572,0.0257865,0.0251253,0.0244735,0.0238308,0.0231972,0.0225724,0.0219562,0.0213484,0.0207488,0.0201572,0.0195734,0.0189972,0.0184285,0.017867,0.0173125,0.0167648,0.0162238,0.0156892,0.0151609,0.0146386,0.0141222,0.0136114,0.0131061,0.0126062,0.0121113,0.0116213,0.0111361,0.0106554,0.010179,0.00970678,0.00923855,0.0087741,0.00831326,0.00785583,0.00740165,0.00695051,0.00650225,0.00605668,0.00561361,0.00517287,0.00473427,0.00429764,0.0038628,0.00342956,0.00299774,0.00256718,0.00213768,0.00170908,0.00128119,0.000853827
0,0.00593951,0.0118447,0.0176819,0.0234188,0.0290252,0.0344731,0.0397376,0.0447968,0.0496324,0.0542291,0.0585753,0.0626626,0.0664856,0.0700417,0.0733308,0.0763553,0.0791192,0.0816284,0.08389,0.0859125,0.0877048,0.0892768,0.0906386,0.0918009,0.0927742,0.0935691,0.0941961,0.0946656,0.0949878,0.0951723,0.0952286,0.0951659,0.0949929,0.0947177,0.0943484,0.0938925,0.0933569,0.0927484,0.0920733,0.0913375,0.0905467,0.0897059,0.0888201,0.0878938,0.0869313,0.0859367,0.0849135,0.0838653,0.0827952,0.0817063,0.0806012,0.0794826,0.0783529,0.0772141,0.0760684,0.0749176,0.0737635,0.0726075,0.0714513,0.0702961,0.0691432,0.0679937,0.0668486,0.0657088,0.0645753,0.0634488,0.0623301,0.0612196,0.0601181,0.0590261,0.0579439,0.0568721,0.0558109,0.0547607,0.0537219,0.0526945,0.0516789,0.0506752,0.0496835,0.0487041,0.0477368,0.0467819,0.0458394,0.0449093,0.0439916,0.0430863,0.0421933,0.0413127,0.0404444,0.0395882,0.0387442,0.0379122,0.0370921,0.0362839,0.0354873,0.0347024,0.0339288,0.0331666,0.0324156,0.0316756,0.0309464,0.0302279,0.02952,0.0288225,0.0281352,0.0274579,0.0267905,0.0261328,0.0254845,0.0248457,0.024216,0.0235953,0.0229833,0.02238,0.0217851,0.0211985,0.0206199,0.0200492,0.0194862,0.0189308,0.0183826,0.0178416,0.0173075,0.0167802,0.0162596,0.0157453,0.0152372,0.0147352,0.014239,0.0137486,0.0132636,0.0127839,0.0123094,0.0118399,0.0113751,0.010915,0.0104592,0.0100078,0.00956037,0.00911689,0.00867713,0.00824092,0.0078081,0.00737848,0.00695191,0.0065282,0.00610718,0.00568869,0.00527254,0.00485859,0.00444664,0.00403654,0.00362812,0.0032212,0.00281563,0.00241122,0.00200782,0.00160525,0.00120335,0.000801958
0,0.00541859,0.0108072,0.0161365,0.0213781,0.0265053,0.0314937,0.0363207,0.040967,0.0454156,0.0496527,0.0536672,0.057451,0.0609983,0.0643062,0.0673738,0.0702024,0.0727948,0.0751558,0.0772909,0.0792072,0.0809123,0.0824147,0.0837231,0.0848468,0.0857951,0.0865774,0.0872032,0.0876817,0.0880221,0.0882333,0.0883239,0.0883022,0.0881762,0.0879536,0.0876417,0.0872474,0.0867773,0.0862377,0.0856344,0.0849731,0.0842589,0.0834967,0.0826911,0.0818465,0.0809669,0.080056,0.0791174,0.0781543,0.0771698,0.0761667,0.0751477,0.0741151,0.0730712,0.0720182,0.070958,0.0698924,0.0688229,0.0677512,0.0666787,0.0656066,0.0645361,0.0634684,0.0624043,0.0613448,0.0602908,0.059243,0.058202,0.0571685,0.0561431,0.0551262,0.0541183,0.0531198,0.0521311,0.0511524,0.0501841,0.0492264,0.0482795,0.0473435,0.0464187,0.045505,0.0446028,0.0437119,0.0428324,0.0419645,0.041108,0.0402631,0.0394296,0.0386075,0.0377968,0.0369975,0.0362094,0.0354325,0.0346667,0.0339119,0.033168,0.0324348,0.0317123,0.0310004,0.0302988,0.0296075,0.0289263,0.0282551,0.0275937,0.026942,0.0262998,0.0256669,0.0250433,0.0244287,0.023823,0.023226,0.0226375,0.0220574,0.0214856,0.0209217,0.0203657,0.0198175,0.0192767,0.0187433,0.0182171,0.0176979,0.0171855,0.0166798,0.0161806,0.0156877,0.015201,0.0147203,0.0142453,0.0137761,0.0133122,0.0128537,0.0124004,0.011952,0.0115084,0.0110694,0.0106349,0.0102048,0.00977871,0.00935663,0.00893837,0.00852375,0.00811262,0.00770481,0.00730016,0.0068985,0.00649968,0.00610354,0.00570992,0.00531866,0.00492959,0.00454256,0.00415742,0.003774,0.00339214,0.00301169,0.0026325,0.0022544,0.00187723,0.00150085,0.00112509,0.0007498
0,0.00492767,0.00982916,0.0146788,0.0194517,0.0241246,0.0286756,0.0330849,0.0373349,0.0414106,0.0452991,0.0489902,0.0524759,0.0557507,0.0588113,0.0616562,0.0642859,0.0667024,0.0689093,0.0709111,0.0727136,0.0743232,0.075747,0.0769929,0.0780686,0.0789825,0.0797428,0.0803581,0.0808365,0.0811863,0.0814155,0.081532,0.0815433,0.0814568,0.0812794,0.081018,0.0806788,0.080268,0.0797914,0.0792544,0.0786623,0.0780199,0.0773317,0.0766021,0.0758352,0.0750346,0.074204,0.0733467,0.0724657,0.0715639,0.070644,0.0697085,0.0687597,0.0677997,0.0668305,0.065854,0.0648719,0.0638857,0.0628968,0.0619067,0.0609165,0.0599274,0.0589404,0.0579565,0.0569765,0.0560012,0.0550313,0.0540675,0.0531105,0.0521606,0.0512184,0.0502844,0.0493589,0.0484423,0.0475349,0.0466369,0.0457486,0.0448702,0.0440018,0.0431437,0.0422958,0.0414584,0.0406315,0.0398151,0.0390093,0.0382141,0.0374295,0.0366554,0.035892,0.0351391,0.0343966,0.0336645,0.0329428,0.0322314,0.0315301,0.0308389,0.0301577,0.0294864,0.0288248,0.0281728,0.0275303,0.0268973,0.0262734,0.0256587,0.025053,0.024456,0.0238678,0.0232881,0.0227168,0.0221537,0.0215987,0.0210516,0.0205123,0.0199806,0.0194564,0.0189395,0.0184297,0.017927,0.017431,0.0169417,0.016459,0.0159825,0.0155123,0.0150481,0.0145898,0.0141372,0.0136902,0.0132485,0.0128121,0.0123808,0.0119544,0.0115328,0.0111158,0.0107033,0.0102951,0.00989101,0.00949094,0.00909471,0.00870218,0.00831319,0.00792759,0.00754523,0.00716595,0.00678961,0.00641606,0.00604514,0.00567671,0.00531062,0.00494673,0.00458487,0.00422491,0.0038667,0.0035101,0.00315494,0.0028011,0.00244842,0.00209676,0.00174597,0.0013959,0.00104642,0.000697372
0,0.00446294,0.00890303,0.0132978,0.0176256,0.0218658,0.0259992,0.0300083,0.0338775,0.037593,0.0411432,0.0445187,0.047712,0.0507177,0.0535323,0.0561541,0.0585829,0.0608201,0.0628682,0.064731,0.0664131,0.0679201,0.0692579,0.0704331,0.0714527,0.0723239,0.0730539,0.0736503,0.0741204,0.0744716,0.074711,0.0748459,0.0748829,0.0748288,0.07469,0.0744726,0.0741825,0.0738252,0.0734061,0.0729303,0.0724025,0.0718273,0.0712089,0.0705512,0.0698582,0.0691332,0.0683796,0.0676004,0.0667987,0.065977,0.0651378,0.0642836,0.0634164,0.0625382,0.0616511,0.0607566,0.0598564,0.0589519,0.0580446,0.0571357,0.0562263,0.0553175,0.0544104,0.0535057,0.0526044,0.0517071,0.0508145,0.0499274,0.0490462,0.0481714,0.0473036,0.046443,0.0455902,0.0447454,0.0439089,0.0430811,0.042262,0.0414519,0.040651,0.0398594,0.0390772,0.0383046,0.0375416,0.0367882,0.0360445,0.0353105,0.0345863,0.0338718,0.033167,0.0324718,0.0317863,0.0311104,0.0304439,0.0297869,0.0291393,0.0285009,0.0278717,0.0272516,0.0266405,0.0260383,0.0254448,0.0248599,0.0242836,0.0237157,0.023156,0.0226045,0.022061,0.0215254,0.0209975,0.0204772,0.0199643,0.0194588,0.0189604,0.0184691,0.0179847,0.0175069,0.0170358,0.0165712,0.0161128,0.0156606,0.0152144,0.0147741,0.0143395,0.0139105,0.0134868,0.0130685,0.0126553,0.0122471,0.0118437,0.0114451,0.0110509,0.0106612,0.0102758,0.00989445,0.0095171,0.00914359,0.00877377,0.00840751,0.00804465,0.00768507,0.00732862,0.00697516,0.00662455,0.00627665,0.00593133,0.00558844,0.00524785,0.00490943,0.00457303,0.00423851,0.00390575,0.00357461,0.00324494,0.00291662,0.00258951,0.00226347,0.00193837,0.00161408,0.00129046,0.000967376,0.000644694
0,0.00402107,0.00802223,0.0119839,0.0158871,0.0197139,0.0234473,0.0270719,0.0305738,0.0339407,0.0371622,0.0402295,0.0431359,0.045876,0.0484465,0.0508453,0.0530719,0.055127,0.0570128,0.0587319,0.0602883,0.0616865,0.0629317,0.0640294,0.0649857,0.0658068,0.0664992,0.0670693,0.0675237,0.0678691,0.0681118,0.0682581,0.0683142,0.0682862,0.0681798,0.0680006,0.0677539,0.0674448,0.0670783,0.0666588,0.0661909,0.0656787,0.065126,0.0645365,0.0639138,0.0632611,0.0625814,0.0618776,0.0611524,0.0604082,0.0596475,0.0588723,0.0580848,0.0572867,0.0564798,0.0556657,0.054846,0.0540219,0.0531949,0.052366,0.0515364,0.050707,0.0498787,0.0490525,0.0482291,0.0474091,0.0465933,0.0457822,0.0449764,0.0441762,0.0433823,0.0425949,0.0418144,0.0410411,0.0402754,0.0395173,0.0387673,0.0380254,0.0372918,0.0365666,0.0358501,0.0351421,0.0344429,0.0337525,0.033071,0.0323982,0.0317344,0.0310794,0.0304333,0.0297959,0.0291674,0.0285476,0.0279365,0.027334,0.0267401,0.0261546,0.0255776,0.0250088,0.0244483,0.0238959,0.0233515,0.022815,0.0222863,0.0217653,0.0212518,0.0207459,0.0202472,0.0197558,0.0192714,0.018794,0.0183235,0.0178596,0.0174023,0.0169514,0.0165069,0.0160685,0.0156362,0.0152098,0.0147892,0.0143742,0.0139647,0.0135606,0.0131618,0.012768,0.0123793,0.0119953,0.0116161,0.0112414,0.0108712,0.0105053,0.0101436,0.0097859,0.00943213,0.00908213,0.00873578,0.00839295,0.00805351,0.00771733,0.00738428,0.00705423,0.00672705,0.00640261,0.00608079,0.00576146,0.00544449,0.00512975,0.00481712,0.00450648,0.00419769,0.00389064,0.00358519,0.00328123,0.00297862,0.00267725,0.00237698,0.00207771,0.00177929,0.00148161,0.00118455,0.000887984,0.000591784
0,0.00359912,0.00718096,0.0107285,0.0142252,0.0176554,0.0210043,0.0242584,0.0274052,0.0304341,0.0333355,0.0361016,0.0387262,0.0412043,0.0435325,0.0457088,0.0477325,0.0496038,0.0513242,0.0528959,0.054322,0.0556064,0.0567533,0.0577676,0.0586543,0.0594189,0.060067,0.0606044,0.0610367,0.0613698,0.0616093,0.061761,0.0618302,0.0618225,0.0617429,0.0615966,0.0613883,0.0611226,0.0608039,0.0604365,0.0600243,0.0595711,0.0590804,0.0585557,0.0580001,0.0574166,0.056808,0.0561768,0.0555257,0.0548568,0.0541723,0.0534743,0.0527644,0.0520446,0.0513164,0.0505813,0.0498407,0.0490958,0.0483478,0.0475979,0.046847,0.046096,0.0453459,0.0445974,0.0438512,0.0431079,0.0423682,0.0416326,0.0409017,0.0401758,0.0394553,0.0387407,0.0380322,0.0373302,0.0366349,0.0359465,0.0352653,0.0345914,0.033925,0.0332662,0.0326151,0.0319718,0.0313364,0.0307089,0.0300894,0.029478,0.0288745,0.028279,0.0276916,0.0271121,0.0265406,0.025977,0.0254213,0.0248734,0.0243332,0.0238008,0.0232759,0.0227586,0.0222488,0.0217463,0.0212511,0.020763,0.0202821,0.0198081,0.019341,0.0188806,0.018427,0.0179798,0.0175391,0.0171048,0.0166766,0.0162545,0.0158384,0.0154282,0.0150237,0.0146248,0.0142314,0.0138434,0.0134606,0.0130829,0.0127103,0.0123425,0.0119796,0.0116212,0.0112674,0.010918,0.0105729,0.0102319,0.00989495,0.00956193,0.00923271,0.00890716,0.00858517,0.00826662,0.00795139,0.00763936,0.00733041,0.00702443,0.00672129,0.00642089,0.00612309,0.00582779,0.00553487,0.00524421,0.00495571,0.00466923,0.00438467,0.00410192,0.00382086,0.00354137,0.00326335,0.00298667,0.00271123,0.00243692,0.00216361,0.0018912,0.00161957,0.00134862,0.00107822,0.000808274,0.000538662
0,0.00319447,0.00637402,0.00952391,0.0126299,0.0156783,0.0186563,0.0215521,0.0243548,0.027055,0.0296442,0.0321155,0.0344631,0.0366825,0.0387707,0.0407254,0.0425457,0.0442318,0.0457845,0.0472057,0.0484978,0.049664,0.0507079,0.0516336,0.0524453,0.0531479,0.0537461,0.0542449,0.0546493,0.0549644,0.0551952,0.0553467,0.0554237,0.0554311,0.0553734,0.0552551,0.0550805,0.0548538,0.0545788,0.0542594,0.0538992,0.0535015,0.0530695,0.0526064,0.0521149,0.0515978,0.0510577,0.0504968,0.0499174,0.0493216,0.0487114,0.0480886,0.0474548,0.0468117,0.0461607,0.0455031,0.0448403,0.0441734,0.0435034,0.0428314,0.0421584,0.041485,0.0408122,0.0401407,0.039471,0.0388039,0.0381398,0.0374792,0.0368227,0.0361706,0.0355233,0.0348811,0.0342444,0.0336134,0.0329883,0.0323694,0.0317568,0.0311508,0.0305514,0.0299588,0.0293732,0.0287944,0.0282228,0.0276582,0.0271007,0.0265505,0.0260074,0.0254714,0.0249427,0.0244211,0.0239067,0.0233993,0.022899,0.0224058,0.0219195,0.0214401,0.0209675,0.0205017,0.0200426,0.0195902,0.0191442,0.0187047,0.0182716,0.0178447,0.0174241,0.0170095,0.0166009,0.0161982,0.0158013,0.01541,0.0150244,0.0146442,0.0142694,0.0138999,0.0135355,0.0131762,0.0128218,0.0124722,0.0121274,0.0117872,0.0114515,0.0111203,0.0107933,0.0104704,0.0101517,0.00983691,0.00952598,0.00921879,0.00891524,0.00861521,0.00831861,0.00802531,0.00773522,0.00744822,0.00716421,0.00688309,0.00660474,0.00632905,0.00605594,0.00578527,0.00551697,0.00525091,0.00498699,0.00472511,0.00446516,0.00420705,0.00395067,0.0036959,0.00344267,0.00319085,0.00294034,0.00269105,0.00244288,0.00219571,0.00194946,0.00170401,0.00145927,0.00121513,0.000971501,0.000728273,0.000485348
0,0.00280477,0.00559675,0.0083633,0.0110922,0.0137717,0.0163907,0.0189389,0.0214071,0.0237869,0.026071,0.0282532,0.0303283,0.0322924,0.0341424,0.0358764,0.0374935,0.0389933,0.0403766,0.0416448,0.0427998,0.0438443,0.0447811,0.0456137,0.0463459,0.0469816,0.0475249,0.0479801,0.0483516,0.0486437,0.0488608,0.0490072,0.0490873,0.0491052,0.0490649,0.0489703,0.0488254,0.0486337,0.0483987,0.0481237,0.0478121,0.0474666,0.0470904,0.046686,0.0462559,0.0458028,0.0453287,0.0448358,0.0443261,0.0438015,0.0432638,0.0427145,0.0421552,0.0415873,0.0410121,0.0404308,0.0398447,0.0392546,0.0386617,0.0380668,0.0374707,0.0368742,0.036278,0.0356828,0.0350891,0.0344975,0.0339085,0.0333225,0.03274,0.0321614,0.0315869,0.0310168,0.0304516,0.0298913,0.0293362,0.0287866,0.0282425,0.0277042,0.0271718,0.0266453,0.0261249,0.0256107,0.0251027,0.024601,0.0241056,0.0236165,0.0231338,0.0226574,0.0221874,0.0217237,0.0212664,0.0208153,0.0203705,0.0199319,0.0194995,0.0190732,0.018653,0.0182388,0.0178306,0.0174282,0.0170316,0.0166407,0.0162555,0.0158759,0.0155017,0.015133,0.0147695,0.0144114,0.0140583,0.0137103,0.0133672,0.0130291,0.0126957,0.0123669,0.0120428,0.0117232,0.0114079,0.011097,0.0107902,0.0104876,0.0101889,0.00989419,0.00960327,0.00931607,0.00903249,0.00875244,0.00847581,0.00820251,0.00793244,0.00766551,0.00740161,0.00714066,0.00688256,0.00662721,0.00637452,0.0061244,0.00587673,0.00563145,0.00538844,0.00514762,0.00490889,0.00467216,0.00443734,0.00420433,0.00397304,0.00374337,0.00351525,0.00328857,0.00306324,0.00283918,0.00261629,0.00239447,0.00217365,0.00195373,0.00173461,0.00151621,0.00129845,0.00108122,0.000864434,0.000648012,0.000431859
0,0.00242788,0.00484492,0.00724041,0.00960394,0.0119255,0.0141958,0.0164059,0.018548,0.0206147,0.0225999,0.024498,0.0263047,0.0280164,0.0296303,0.0311447,0.0325586,0.0338716,0.0350841,0.0361973,0.0372127,0.0381323,0.0389587,0.0396947,0.0403433,0.0409079,0.0413921,0.0417994,0.0421335,0.0423983,0.0425974,0.0427346,0.0428135,0.0428378,0.0428109,0.0427364,0.0426174,0.0424573,0.0422589,0.0420252,0.0417591,0.0414631,0.0411398,0.0407916,0.0404206,0.0400291,0.0396189,0.0391921,0.0387502,0.0382951,0.0378282,0.0373509,0.0368647,0.0363707,0.0358701,0.035364,0.0348535,0.0343394,0.0338226,0.0333039,0.032784,0.0322636,0.0317434,0.0312239,0.0307057,0.0301891,0.0296748,0.029163,0.0286541,0.0281486,0.0276466,0.0271484,0.0266544,0.0261646,0.0256794,0.0251988,0.0247231,0.0242524,0.0237868,0.0233264,0.0228712,0.0224214,0.021977,0.0215381,0.0211047,0.0206768,0.0202544,0.0198376,0.0194263,0.0190206,0.0186204,0.0182256,0.0178364,0.0174525,0.0170741,0.016701,0.0163332,0.0159706,0.0156132,0.015261,0.0149138,0.0145717,0.0142345,0.0139021,0.0135745,0.0132517,0.0129335,0.0126199,0.0123108,0.0120061,0.0117058,0.0114097,0.0111178,0.01083,0.0105462,0.0102663,0.00999024,0.00971796,0.00944936,0.00918435,0.00892284,0.00866476,0.00841002,0.00815853,0.0079102,0.00766496,0.00742272,0.00718339,0.00694689,0.00671314,0.00648204,0.00625353,0.0060275,0.00580389,0.0055826,0.00536355,0.00514667,0.00493186,0.00471905,0.00450815,0.00429908,0.00409176,0.00388611,0.00368205,0.0034795,0.00327837,0.00307858,0.00288006,0.00268273,0.0024865,0.00229129,0.00209704,0.00190364,0.00171104,0.00151914,0.00132787,0.00113716,0.000946911,0.000757058,0.000567519,0.000378215
0,0.00206186,0.00411466,0.0061495,0.00815766,0.0101308,0.0120611,0.0139411,0.0157642,0.0175242,0.0192158,0.0208345,0.0223763,0.0238383,0.0252179,0.0265137,0.0277247,0.0288504,0.0298912,0.0308478,0.0317215,0.0325139,0.033227,0.0338632,0.0344249,0.0349151,0.0353364,0.0356921,0.0359852,0.0362189,0.0363962,0.0365205,0.0365947,0.0366219,0.0366051,0.0365472,0.0364511,0.0363194,0.0361547,0.0359596,0.0357364,0.0354874,0.0352147,0.0349203,0.0346063,0.0342744,0.0339264,0.0335638,0.0331881,0.0328009,0.0324034,0.0319968,0.0315824,0.0311611,0.0307341,0.0303022,0.0298664,0.0294273,0.0289858,0.0285426,0.0280983,0.0276535,0.0272086,0.0267643,0.026321,0.0258791,0.025439,0.025001,0.0245655,0.0241327,0.023703,0.0232765,0.0228534,0.022434,0.0220184,0.0216068,0.0211993,0.0207961,0.0203972,0.0200027,0.0196127,0.0192273,0.0188465,0.0184703,0.0180989,0.0177322,0.0173701,0.0170129,0.0166603,0.0163125,0.0159694,0.0156311,0.0152973,0.0149683,0.0146438,0.0143239,0.0140086,0.0136977,0.0133913,0.0130893,0.0127916,0.0124982,0.012209,0.011924,0.0116432,0.0113663,0.0110935,0.0108245,0.0105594,0.0102981,0.0100406,0.00978663,0.00953628,0.00928943,0.00904602,0.00880598,0.00856923,0.00833571,0.00810533,0.00787804,0.00765375,0.0074324,0.0072139,0.0069982,0.0067852,0.00657486,0.00636708,0.0061618,0.00595894,0.00575844,0.00556022,0.00536421,0.00517034,0.00497853,0.00478872,0.00460083,0.00441479,0.00423053,0.00404799,0.00386708,0.00368775,0.00350992,0.00333351,0.00315847,0.00298472,0.00281219,0.00264082,0.00247053,0.00230126,0.00213293,0.00196549,0.00179885,0.00163296,0.00146774,0.00130313,0.00113906,0.000975462,0.000812268,0.00064941,0.000486822,0.000324436
0,0.00170489,0.00340241,0.00508528,0.00674643,0.00837905,0.00997669,0.0115333,0.0130435,0.0145021,0.0159048,0.0172478,0.0185279,0.0197425,0.0208896,0.0219677,0.0229761,0.0239144,0.0247826,0.0255815,0.0263118,0.0269749,0.0275725,0.0281063,0.0285784,0.0289911,0.0293467,0.0296477,0.0298966,0.030096,0.0302485,0.0303567,0.0304231,0.0304502,0.0304406,0.0303967,0.0303206,0.0302148,0.0300814,0.0299224,0.0297399,0.0295356,0.0293115,0.0290691,0.0288102,0.0285363,0.0282487,0.0279489,0.027638,0.0273174,0.026988,0.026651,0.0263073,0.0259578,0.0256034,0.0252448,0.0248828,0.0245181,0.0241513,0.0237829,0.0234136,0.0230437,0.0226738,0.0223043,0.0219355,0.0215678,0.0212016,0.0208371,0.0204746,0.0201144,0.0197566,0.0194015,0.0190493,0.0187,0.0183539,0.0180112,0.0176718,0.0173359,0.0170036,0.016675,0.0163501,0.016029,0.0157117,0.0153983,0.0150888,0.0147832,0.0144816,0.0141839,0.0138901,0.0136002,0.0133143,0.0130323,0.0127541,0.0124799,0.0122094,0.0119428,0.0116799,0.0114208,0.0111654,0.0109137,0.0106655,0.0104209,0.0101799,0.0099423,0.00970814,0.00947735,0.00924988,0.00902568,0.00880468,0.00858683,0.00837209,0.00816038,0.00795165,0.00774584,0.00754291,0.00734277,0.00714538,0.00695068,0.0067586,0.00656908,0.00638208,0.00619751,0.00601533,0.00583548,0.00565788,0.00548249,0.00530925,0.00513808,0.00496893,0.00480175,0.00463647,0.00447303,0.00431137,0.00415143,0.00399316,0.00383649,0.00368136,0.00352772,0.0033755,0.00322465,0.00307512,0.00292683,0.00277973,0.00263377,0.00248889,0.00234502,0.00220212,0.00206012,0.00191897,0.00177861,0.00163898,0.00150002,0.00136169,0.00122392,0.00108666,0.00094984,0.000813419,0.000677334,0.000541531,0.000405952,0.000270541
0,0.0013553,0.0027048,0.00404282,0.00536376,0.00666229,0.00793333,0.00917214,0.0103743,0.011536,0.0126536,0.0137242,0.0147451,0.0157144,0.0166302,0.0174917,0.0182978,0.0190485,0.0197436,0.0203837,0.0209694,0.0215017,0.0219819,0.0224113,0.0227916,0.0231245,0.0234118,0.0236555,0.0238577,0.0240203,0.0241453,0.0242348,0.024291,0.0243156,0.0243108,0.0242784,0.0242202,0.0241382,0.0240339,0.0239091,0.0237653,0.023604,0.0234268,0.0232348,0.0230295,0.0228121,0.0225837,0.0223453,0.0220981,0.0218429,0.0215806,0.0213122,0.0210383,0.0207597,0.0204772,0.0201912,0.0199024,0.0196114,0.0193186,0.0190246,0.0187297,0.0184344,0.0181389,0.0178438,0.0175492,0.0172554,0.0169628,0.0166716,0.0163819,0.0160939,0.015808,0.0155241,0.0152425,0.0149633,0.0146866,0.0144125,0.0141411,0.0138725,0.0136068,0.013344,0.0130841,0.0128273,0.0125735,0.0123228,0.0120753,0.0118308,0.0115895,0.0113513,0.0111163,0.0108844,0.0106556,0.01043,0.0102075,0.00998802,0.00977164,0.0095583,0.00934798,0.00914064,0.00893626,0.00873481,0.00853624,0.00834053,0.00814763,0.00795751,0.00777012,0.00758543,0.00740339,0.00722397,0.00704711,0.00687277,0.00670091,0.00653148,0.00636443,0.00619972,0.0060373,0.00587713,0.00571915,0.00556332,0.00540959,0.00525792,0.00510825,0.00496053,0.00481472,0.00467077,0.00452863,0.00438825,0.00424959,0.00411259,0.00397721,0.0038434,0.00371111,0.00358029,0.0034509,0.00332289,0.0031962,0.0030708,0.00294664,0.00282366,0.00270183,0.00258109,0.0024614,0.0023427,0.00222497,0.00210814,0.00199217,0.00187702,0.00176263,0.00164898,0.00153599,0.00142365,0.00131188,0.00120066,0.00108994,0.00097966,0.00086979,0.00076028,0.000651084,0.000542158,0.000433457,0.000324936,0.000216549
0,0.0010115,0.00201872,0.00301743,0.00400353,0.00497306,0.00592224,0.00684757,0.00774581,0.00861402,0.0094496,0.0102503,0.0110141,0.0117396,0.0124255,0.0130709,0.0136752,0.0142382,0.0147598,0.0152405,0.0156806,0.0160808,0.0164421,0.0167655,0.0170522,0.0173035,0.0175206,0.0177052,0.0178585,0.0179822,0.0180777,0.0181467,0.0181905,0.0182107,0.0182087,0.018186,0.018144,0.0180839,0.0180072,0.0179149,0.0178084,0.0176887,0.0175569,0.0174141,0.0172612,0.0170991,0.0169288,0.0167509,0.0165663,0.0163757,0.0161797,0.0159791,0.0157743,0.015566,0.0153546,0.0151406,0.0149245,0.0147067,0.0144876,0.0142674,0.0140466,0.0138254,0.0136041,0.013383,0.0131623,0.0129423,0.012723,0.0125047,0.0122876,0.0120719,0.0118575,0.0116448,0.0114337,0.0112244,0.0110169,0.0108114,0.010608,0.0104066,0.0102073,0.0100103,0.00981544,0.00962285,0.00943255,0.00924456,0.0090589,0.00887557,0.00869459,0.00851596,0.00833968,0.00816576,0.00799418,0.00782494,0.00765802,0.00749342,0.00733112,0.00717109,0.00701332,0.0068578,0.00670449,0.00655337,0.00640441,0.0062576,0.00611289,0.00597027,0.00582969,0.00569114,0.00555458,0.00541998,0.00528729,0.0051565,0.00502757,0.00490046,0.00477514,0.00465157,0.00452972,0.00440955,0.00429103,0.00417412,0.00405878,0.00394498,0.00383269,0.00372187,0.00361247,0.00350447,0.00339783,0.0032925,0.00318847,0.00308568,0.00298411,0.00288371,0.00278446,0.00268631,0.00258923,0.00249318,0.00239813,0.00230404,0.00221089,0.00211862,0.0020272,0.00193661,0.00184681,0.00175775,0.00166941,0.00158176,0.00149475,0.00140835,0.00132252,0.00123724,0.00115247,0.00106818,0.000984321,0.000900871,0.000817792,0.000735051,0.000652615,0.000570448,0.000488517,0.000406788,0.000325229,0.000243803,0.000162479
0,0.000671979,0.00134114,0.00200468,0.0026599,0.00330418,0.00393503,0.00455013,0.00514734,0.0057247,0.0062805,0.00681321,0.00732158,0.00780455,0.00826129,0.00869121,0.00909393,0.00946925,0.00981716,0.0101378,0.0104316,0.0106989,0.0109404,0.0111566,0.0113484,0.0115167,0.0116623,0.0117861,0.0118891,0.0119724,0.012037,0.0120837,0.0121138,0.012128,0.0121275,0.0121132,0.0120859,0.0120465,0.0119961,0.0119352,0.0118648,0.0117856,0.0116984,0.0116037,0.0115023,0.0113947,0.0112815,0.0111634,0.0110407,0.010914,0.0107837,0.0106503,0.0105141,0.0103755,0.0102348,0.0100924,0.0099486,0.0098036,0.00965768,0.0095111,0.00936405,0.00921675,0.00906938,0.00892211,0.0087751,0.00862849,0.00848242,0.008337,0.00819236,0.00804857,0.00790575,0.00776397,0.0076233,0.00748381,0.00734556,0.00720861,0.007073,0.00693878,0.00680597,0.00667462,0.00654474,0.00641637,0.00628951,0.0061642,0.00604043,0.00591821,0.00579756,0.00567848,0.00556096,0.00544501,0.00533062,0.00521779,0.0051065,0.00499676,0.00488855,0.00478185,0.00467666,0.00457297,0.00447075,0.00436999,0.00427067,0.00417278,0.00407629,0.0039812,0.00388746,0.00379508,0.00370402,0.00361427,0.0035258,0.00343859,0.00335261,0.00326786,0.00318429,0.00310189,0.00302064,0.00294051,0.00286148,0.00278352,0.00270661,0.00263073,0.00255585,0.00248194,0.00240899,0.00233698,0.00226586,0.00219563,0.00212625,0.00205771,0.00198998,0.00192303,0.00185684,0.00179139,0.00172665,0.0016626,0.00159922,0.00153648,0.00147435,0.00141283,0.00135187,0.00129145,0.00123157,0.00117218,0.00111327,0.00105482,0.000996791,0.000939175,0.000881944,0.000825074,0.000768544,0.00071233,0.000656409,0.000600759,0.000545357,0.00049018,0.000435206,0.000380412,0.000325775,0.000271273,0.000216884,0.000162584,0.000108352
