0,0,0,0,0,0,0,0,0,0,0,0,0,0,0,0,0,0,0,0,0,0,0,0,0,0,0,0,0,0,0,0,0,0,0,0,0,0,0,0,0,0,0,0,0,0,0,0,0,0,0,0,0,0,0,0,0,0,0,0,0,0,0,0,0,0,0,0,0,0,0,0,0,0,0,0,0,0,0,0,0,0,0,0,0,0,0,0,0,0,0,0,0,0,0,0,0,0,0,0,0,0,0,0,0,0,0,0,0,0,0,0,0,0,0,0,0,0,0,0,0,0,0,0,0,0,0,0,0,0,0,0,0,0,0,0,0,0,0,0,0,0,0,0,0,0,0,0,0,0,0,0,0,0,0,0,0,0,0,0,0
0,0.000337288,0.000673174,0.00100627,0.00133523,0.00165874,0.00197557,0.00228458,0.00258467,0.0028749,0.00315438,0.00342238,0.00367825,0.00392147,0.00415162,0.00436841,0.00457162,0.00476118,0.00493706,0.00509935,0.00524821,0.00538385,0.00550657,0.00561669,0.0057146,0.00580073,0.0058755,0.00593939,0.00599289,0.00603649,0.00607068,0.00609598,0.00611287,0.00612186,0.00612342,0.00611803,0.00610615,0.00608822,0.00606467,0.00603591,0.00600234,0.00596433,0.00592225,0.00587642,0.00582718,0.00577484,0.00571967,0.00566195,0.00560194,0.00553987,0.00547597,0.00541046,0.00534353,0.00527535,0.00520611,0.00513596,0.00506505,0.00499352,0.00492149,0.00484909,0.00477641,0.00470357,0.00463066,0.00455776,0.00448495,0.00441229,0.00433987,0.00426774,0.00419595,0.00412455,0.00405359,0.00398311,0.00391315,0.00384374,0.00377491,0.00370669,0.0036391,0.00357216,0.00350589,0.00344031,0.00337542,0.00331125,0.0032478,0.00318508,0.00312309,0.00306184,0.00300133,0.00294157,0.00288255,0.00282428,0.00276675,0.00270996,0.0026539,0.00259858,0.00254398,0.00249011,0.00243695,0.0023845,0.00233276,0.0022817,0.00223133,0.00218164,0.00213262,0.00208425,0.00203653,0.00198945,0.001943,0.00189717,0.00185195,0.00180732,0.00176328,0.00171981,0.00167691,0.00163456,0.00159275,0.00155147,0.00151071,0.00147046,0.0014307,0.00139143,0.00135263,0.00131429,0.0012764,0.00123895,0.00120193,0.00116532,0.00112912,0.0010933,0.00105787,0.00102281,0.000988101,0.000953741,0.000919716,0.000886015,0.000852627,0.000819539,0.000786742,0.000754223,0.000721972,0.000689978,0.00065823,0.000626716,0.000595425,0.000564348,0.000533472,0.000502787,0.000472282,0.000441947,0.000411771,0.000381742,0.000351851,0.000322086,0.000292437,0.000262894,0.000233445,0.000204081,0.00017479,0.000145562,0.000116386,8.72531e-05,5.81512e-05
0,0.00067598,0.00134914,0.00201668,0.00267589,0.00332416,0.00395899,0.00457805,0.00517922,0.00576053,0.00632025,0.00685689,0.00736916,0.00785601,0.00831661,0.00875038,0.00915692,0.00953603,0.00988772,0.0102121,0.0105096,0.0107806,0.0110257,0.0112456,0.011441,0.0116128,0.0117619,0.0118892,0.0119957,0.0120824,0.0121503,0.0122004,0.0122337,0.0122511,0.0122538,0.0122426,0.0122184,0.0121821,0.0121346,0.0120766,0.0120091,0.0119327,0.0118482,0.0117563,0.0116575,0.0115525,0.0114419,0.0113262,0.0112059,0.0110816,0.0109536,0.0108223,0.0106883,0.0105518,0.0104131,0.0102727,0.0101307,0.00998753,0.00984336,0.00969844,0.009553,0.00940723,0.00926131,0.00911543,0.00896973,0.00882436,0.00867946,0.00853513,0.0083915,0.00824866,0.0081067,0.00796571,0.00782575,0.0076869,0.00754921,0.00741275,0.00727754,0.00714365,0.00701109,0.00687992,0.00675014,0.00662179,0.00649488,0.00636942,0.00624544,0.00612294,0.00600193,0.0058824,0.00576437,0.00564782,0.00553276,0.00541918,0.00530707,0.00519643,0.00508725,0.00497951,0.0048732,0.00476831,0.00466482,0.00456272,0.00446199,0.00436262,0.00426458,0.00416785,0.00407243,0.00397828,0.00388539,0.00379374,0.0037033,0.00361405,0.00352598,0.00343906,0.00335326,0.00326858,0.00318497,0.00310242,0.00302092,0.00294042,0.00286092,0.00278239,0.0027048,0.00262814,0.00255237,0.00247748,0.00240345,0.00233024,0.00225784,0.00218623,0.00211537,0.00204526,0.00197586,0.00190715,0.00183911,0.00177172,0.00170495,0.00163879,0.00157321,0.00150818,0.00144369,0.00137971,0.00131623,0.00125321,0.00119064,0.00112849,0.00106675,0.0010054,0.000944397,0.000883737,0.000823395,0.000763348,0.000703576,0.000644057,0.00058477,0.000525694,0.000466807,0.000408088,0.000349517,0.000291071,0.000232731,0.000174475,0.000116282
0,0.0010175,0.00203071,0.00303542,0.00402751,0.00500301,0.00595816,0.00688944,0.00779361,0.00866774,0.00950922,0.0103158,0.0110855,0.0118168,0.0125084,0.0131596,0.0137696,0.0143383,0.0148656,0.0153519,0.0157975,0.0162033,0.0165701,0.016899,0.017191,0.0174476,0.01767,0.0178598,0.0180183,0.0181471,0.0182476,0.0183215,0.0183703,0.0183953,0.0183981,0.0183801,0.0183426,0.0182871,0.0182148,0.018127,0.0180248,0.0179093,0.0177817,0.0176429,0.017494,0.0173358,0.0171692,0.016995,0.016814,0.0166269,0.0164344,0.0162371,0.0160355,0.0158303,0.015622,0.0154109,0.0151976,0.0149825,0.014766,0.0145483,0.0143299,0.014111,0.0138919,0.0136729,0.0134542,0.013236,0.0130185,0.0128018,0.0125863,0.0123719,0.0121589,0.0119473,0.0117373,0.0115289,0.0113223,0.0111175,0.0109147,0.0107138,0.0105149,0.0103181,0.0101234,0.00993088,0.0097405,0.00955231,0.00936632,0.00918256,0.00900104,0.00882175,0.00864469,0.00846988,0.00829729,0.00812693,0.00795879,0.00779284,0.00762908,0.00746748,0.00730804,0.00715072,0.00699551,0.00684238,0.00669131,0.00654226,0.00639523,0.00625017,0.00610705,0.00596586,0.00582655,0.00568909,0.00555346,0.00541962,0.00528754,0.00515718,0.00502852,0.00490152,0.00477614,0.00465235,0.00453011,0.0044094,0.00429018,0.00417241,0.00405606,0.00394109,0.00382747,0.00371517,0.00360414,0.00349436,0.00338579,0.00327839,0.00317214,0.003067,0.00296292,0.00285989,0.00275786,0.0026568,0.00255668,0.00245746,0.00235912,0.00226161,0.0021649,0.00206896,0.00197376,0.00187926,0.00178543,0.00169224,0.00159966,0.00150764,0.00141617,0.00132521,0.00123472,0.00114468,0.00105505,0.000965798,0.000876893,0.000788305,0.000700001,0.000611949,0.000524118,0.000436477,0.000348992,0.000261634,0.00017437
0,0.00136329,0.00272079,0.00406679,0.00539572,0.00670221,0.0079812,0.00922794,0.0104381,0.0116076,0.0127331,0.0138115,0.0148402,0.0158172,0.0167408,0.0176099,0.0184237,0.0191819,0.0198846,0.0205322,0.0211253,0.021665,0.0221524,0.0225891,0.0229765,0.0233165,0.0236109,0.0238616,0.0240706,0.02424,0.0243717,0.0244679,0.0245305,0.0245616,0.0245632,0.024537,0.024485,0.024409,0.0243107,0.0241917,0.0240537,0.023898,0.0237263,0.0235398,0.0233397,0.0231275,0.0229041,0.0226707,0.0224282,0.0221777,0.02192,0.021656,0.0213864,0.021112,0.0208335,0.0205514,0.0202664,0.019979,0.0196897,0.019399,0.0191073,0.018815,0.0185225,0.0182301,0.0179382,0.0176469,0.0173566,0.0170675,0.0167799,0.0164938,0.0162096,0.0159273,0.0156471,0.0153692,0.0150936,0.0148205,0.0145499,0.0142819,0.0140167,0.0137542,0.0134946,0.0132378,0.0129839,0.012733,0.012485,0.01224,0.0119979,0.0117589,0.0115228,0.0112897,0.0110596,0.0108325,0.0106083,0.0103871,0.0101687,0.00995331,0.00974075,0.00953103,0.00932412,0.00911998,0.0089186,0.00871992,0.00852391,0.00833054,0.00813977,0.00795156,0.00776586,0.00758263,0.00740184,0.00722344,0.00704738,0.00687363,0.00670213,0.00653284,0.00636572,0.00620072,0.0060378,0.0058769,0.00571799,0.00556102,0.00540594,0.0052527,0.00510126,0.00495157,0.00480359,0.00465727,0.00451257,0.00436943,0.00422781,0.00408767,0.00394896,0.00381163,0.00367565,0.00354096,0.00340751,0.00327527,0.0031442,0.00301423,0.00288534,0.00275747,0.00263059,0.00250464,0.00237959,0.00225538,0.00213199,0.00200936,0.00188745,0.00176621,0.00164561,0.0015256,0.00140615,0.00128719,0.0011687,0.00105063,0.000932944,0.000815591,0.000698532,0.000581725,0.000465128,0.000348699,0.000232396
0,0.00171488,0.00342238,0.00511523,0.00678635,0.00842892,0.0100365,0.0116031,0.0131231,0.0145916,0.0160041,0.0173569,0.0186467,0.019871,0.0210277,0.0221155,0.0231334,0.0240811,0.0249588,0.025767,0.0265066,0.0271789,0.0277856,0.0283284,0.0288095,0.0292311,0.0295955,0.0299051,0.0301626,0.0303705,0.0305314,0.0306478,0.0307224,0.0307576,0.0307559,0.0307198,0.0306514,0.0305532,0.0304272,0.0302755,0.0301001,0.0299029,0.0296857,0.0294501,0.0291978,0.0289303,0.028649,0.0283553,0.0280505,0.0277357,0.027412,0.0270805,0.0267422,0.0263979,0.0260485,0.0256948,0.0253375,0.0249774,0.0246149,0.0242507,0.0238853,0.0235193,0.023153,0.0227869,0.0224214,0.0220569,0.0216935,0.0213318,0.0209718,0.0206139,0.0202583,0.0199052,0.0195547,0.0192071,0.0188624,0.0185208,0.0181825,0.0178474,0.0175157,0.0171876,0.0168629,0.0165419,0.0162245,0.0159107,0.0156007,0.0152944,0.0149918,0.014693,0.0143979,0.0141066,0.013819,0.0135351,0.0132549,0.0129784,0.0127055,0.0124363,0.0121706,0.0119085,0.01165,0.0113949,0.0111432,0.0108949,0.01065,0.0104083,0.0101699,0.00993475,0.0097027,0.00947375,0.00924784,0.00902492,0.00880493,0.00858782,0.00837353,0.00816201,0.00795319,0.00774703,0.00754346,0.00734243,0.00714388,0.00694775,0.00675398,0.00656252,0.00637331,0.00618629,0.0060014,0.00581858,0.00563778,0.00545895,0.00528201,0.00510692,0.00493362,0.00476204,0.00459214,0.00442386,0.00425715,0.00409193,0.00392817,0.00376579,0.00360476,0.00344501,0.00328648,0.00312913,0.0029729,0.00281773,0.00266356,0.00251035,0.00235805,0.00220658,0.00205591,0.00190598,0.00175674,0.00160813,0.00146009,0.00131259,0.00116555,0.00101894,0.000872695,0.000726765,0.000581097,0.000435639,0.000290339
0,0.00207384,0.00413862,0.00618542,0.00820553,0.0101906,0.0121328,0.0140247,0.0158596,0.0176314,0.0193349,0.0209652,0.0225188,0.0239923,0.0253836,0.0266909,0.0279132,0.0290504,0.0301024,0.0310703,0.0319551,0.0327585,0.0334826,0.0341296,0.0347021,0.0352028,0.0356347,0.0360008,0.0363042,0.036548,0.0367355,0.0368696,0.0369536,0.0369904,0.0369832,0.0369347,0.0368478,0.0367252,0.0365694,0.036383,0.0361684,0.0359278,0.0356634,0.0353771,0.035071,0.0347469,0.0344064,0.0340512,0.0336828,0.0333025,0.0329118,0.0325119,0.0321039,0.0316889,0.0312679,0.0308419,0.0304116,0.029978,0.0295417,0.0291035,0.028664,0.0282237,0.0277833,0.0273432,0.0269038,0.0264656,0.026029,0.0255942,0.0251618,0.0247318,0.0243046,0.0238805,0.0234595,0.023042,0.0226281,0.022218,0.0218117,0.0214095,0.0210113,0.0206173,0.0202277,0.0198423,0.0194613,0.0190848,0.0187127,0.0183451,0.017982,0.0176234,0.0172693,0.0169197,0.0165746,0.016234,0.0158978,0.0155661,0.0152387,0.0149157,0.014597,0.0142826,0.0139723,0.0136663,0.0133644,0.0130666,0.0127727,0.0124829,0.0121969,0.0119148,0.0116365,0.0113618,0.0110909,0.0108235,0.0105596,0.0102992,0.0100422,0.00978848,0.00953803,0.00929076,0.0090466,0.00880549,0.00856735,0.00833212,0.00809973,0.0078701,0.00764318,0.00741888,0.00719713,0.00697788,0.00676105,0.00654657,0.00633437,0.00612439,0.00591655,0.00571079,0.00550703,0.00530522,0.00510528,0.00490715,0.00471075,0.00451603,0.00432291,0.00413133,0.00394122,0.00375251,0.00356515,0.00337906,0.00319419,0.00301046,0.0028278,0.00264617,0.00246548,0.00228568,0.0021067,0.00192848,0.00175096,0.00157407,0.00139774,0.00122192,0.00104655,0.000871544,0.000696858,0.000522423,0.000348177
0,0.00244185,0.00487284,0.00728228,0.00965974,0.0119953,0.0142794,0.0165034,0.0186592,0.0207397,0.0227386,0.0246505,0.0264708,0.028196,0.0298234,0.0313512,0.0327784,0.0341046,0.0353304,0.0364566,0.037485,0.0384175,0.0392566,0.0400052,0.0406664,0.0412434,0.0417398,0.0421592,0.0425054,0.042782,0.0429928,0.0431416,0.0432319,0.0432674,0.0432517,0.0431881,0.0430799,0.0429302,0.0427423,0.0425188,0.0422627,0.0419766,0.0416629,0.0413241,0.0409624,0.0405798,0.0401785,0.0397603,0.0393268,0.0388799,0.0384209,0.0379514,0.0374726,0.0369859,0.0364924,0.0359931,0.0354891,0.0349813,0.0344706,0.0339577,0.0334434,0.0329284,0.0324133,0.0318986,0.031385,0.0308728,0.0303625,0.0298545,0.0293492,0.0288469,0.0283479,0.0278525,0.0273609,0.0268734,0.0263902,0.0259113,0.025437,0.0249674,0.0245027,0.0240429,0.0235881,0.0231384,0.0226938,0.0222544,0.0218202,0.0213913,0.0209677,0.0205493,0.0201363,0.0197284,0.0193259,0.0189285,0.0185364,0.0181494,0.0177676,0.0173908,0.0170191,0.0166524,0.0162906,0.0159337,0.0155816,0.0152342,0.0148916,0.0145536,0.0142201,0.0138911,0.0135665,0.0132463,0.0129303,0.0126185,0.0123109,0.0120072,0.0117075,0.0114117,0.0111197,0.0108314,0.0105467,0.0102656,0.00998793,0.00971368,0.00944273,0.009175,0.00891043,0.00864892,0.0083904,0.00813478,0.00788198,0.00763193,0.00738454,0.00713973,0.00689742,0.00665754,0.00641999,0.00618472,0.00595162,0.00572063,0.00549167,0.00526466,0.00503952,0.00481618,0.00459455,0.00437456,0.00415614,0.0039392,0.00372367,0.00350948,0.00329655,0.0030848,0.00287416,0.00266456,0.00245591,0.00224815,0.0020412,0.00183499,0.00162943,0.00142447,0.00122002,0.00101601,0.000812368,0.000609019,0.00040589
0,0.00282072,0.00562863,0.00841111,0.0111559,0.0138513,0.0164861,0.0190502,0.0215342,0.0239297,0.0262295,0.0284272,0.0305179,0.0324974,0.0343629,0.0361122,0.0377444,0.0392594,0.0406578,0.0419409,0.0431107,0.0441698,0.0451212,0.0459683,0.0467148,0.0473646,0.0479219,0.048391,0.0487761,0.0490818,0.0493123,0.0494719,0.049565,0.0495957,0.0495681,0.049486,0.0493534,0.0491737,0.0489506,0.0486873,0.0483871,0.0480529,0.0476876,0.047294,0.0468745,0.0464316,0.0459676,0.0454845,0.0449845,0.0444692,0.0439405,0.0434001,0.0428493,0.0422897,0.0417226,0.0411491,0.0405704,0.0399876,0.0394016,0.0388134,0.0382236,0.0376332,0.0370429,0.0364532,0.0358647,0.0352781,0.0346937,0.0341121,0.0335336,0.0329587,0.0323876,0.0318208,0.0312583,0.0307006,0.0301478,0.0296001,0.0290576,0.0285206,0.0279892,0.0274634,0.0269434,0.0264293,0.0259211,0.0254188,0.0249226,0.0244323,0.0239481,0.02347,0.0229979,0.0225319,0.0220719,0.0216178,0.0211698,0.0207276,0.0202913,0.0198609,0.0194362,0.0190173,0.0186039,0.0181962,0.017794,0.0173972,0.0170058,0.0166197,0.0162388,0.015863,0.0154923,0.0151265,0.0147656,0.0144095,0.0140581,0.0137113,0.013369,0.0130312,0.0126977,0.0123684,0.0120433,0.0117222,0.0114051,0.0110919,0.0107825,0.0104768,0.0101746,0.009876,0.00958077,0.00928887,0.00900018,0.00871464,0.00843213,0.00815258,0.00787588,0.00760195,0.0073307,0.00706204,0.00679587,0.0065321,0.00627066,0.00601144,0.00575436,0.00549932,0.00524625,0.00499506,0.00474565,0.00449793,0.00425183,0.00400726,0.00376412,0.00352234,0.00328182,0.00304248,0.00280424,0.00256701,0.00233071,0.00209525,0.00186054,0.0016265,0.00139306,0.00116011,0.000927586,0.000695396,0.000463458
0,0.00321239,0.00640984,0.00957764,0.0127015,0.0157678,0.0187636,0.0216771,0.0244976,0.0272154,0.0298223,0.0323111,0.0346761,0.036913,0.0390184,0.0409903,0.0428278,0.0445308,0.0461004,0.0475384,0.0488472,0.0500299,0.0510901,0.052032,0.0528598,0.0535783,0.0541922,0.0547066,0.0551264,0.0554567,0.0557026,0.0558689,0.0559606,0.0559824,0.0559389,0.0558346,0.0556738,0.0554607,0.055199,0.0548928,0.0545454,0.0541603,0.0537407,0.0532897,0.0528101,0.0523046,0.0517757,0.0512259,0.0506573,0.050072,0.049472,0.0488591,0.0482349,0.0476011,0.0469591,0.0463103,0.0456559,0.0449971,0.0443349,0.0436704,0.0430045,0.0423381,0.0416718,0.0410065,0.0403427,0.0396811,0.0390222,0.0383665,0.0377145,0.0370667,0.0364232,0.0357846,0.035151,0.0345229,0.0339003,0.0332836,0.0326728,0.0320683,0.03147,0.0308782,0.030293,0.0297144,0.0291424,0.0285772,0.0280189,0.0274673,0.0269226,0.0263847,0.0258536,0.0253294,0.0248119,0.0243012,0.0237973,0.0233,0.0228093,0.0223252,0.0218477,0.0213765,0.0209118,0.0204533,0.020001,0.0195549,0.0191148,0.0186807,0.0182524,0.0178299,0.0174131,0.0170019,0.0165962,0.0161958,0.0158008,0.0154109,0.0150261,0.0146463,0.0142714,0.0139013,0.0135358,0.0131749,0.0128185,0.0124664,0.0121186,0.011775,0.0114354,0.0110997,0.0107678,0.0104397,0.0101153,0.00979432,0.0094768,0.00916259,0.00885159,0.00854371,0.00823884,0.00793688,0.00763772,0.00734127,0.00704743,0.00675609,0.00646715,0.00618052,0.00589609,0.00561378,0.00533347,0.00505507,0.00477848,0.0045036,0.00423035,0.00395861,0.0036883,0.00341932,0.00315157,0.00288496,0.00261938,0.00235475,0.00209098,0.00182795,0.00156559,0.0013038,0.00104247,0.000781524,0.000520859
0,0.00361901,0.00722072,0.0107881,0.0143047,0.0177547,0.0211234,0.0243971,0.0275637,0.0306121,0.0335331,0.0363187,0.0389626,0.04146,0.0438075,0.0460029,0.0480455,0.0499357,0.0516748,0.0532651,0.0547097,0.0560124,0.0571775,0.0582097,0.0591143,0.0598966,0.0605622,0.0611168,0.0615662,0.0619162,0.0621724,0.0623405,0.062426,0.0624343,0.0623706,0.0622398,0.0620467,0.0617961,0.0614922,0.0611393,0.0607414,0.0603022,0.0598253,0.059314,0.0587716,0.0582009,0.0576048,0.056986,0.0563468,0.0556895,0.0550164,0.0543293,0.0536302,0.0529207,0.0522025,0.0514771,0.0507458,0.0500099,0.0492706,0.048529,0.0477861,0.0470427,0.0462998,0.0455582,0.0448185,0.0440814,0.0433475,0.0426173,0.0418914,0.0411702,0.040454,0.0397433,0.0390384,0.0383396,0.037647,0.0369611,0.0362819,0.0356096,0.0349445,0.0342865,0.0336359,0.0329927,0.032357,0.0317289,0.0311084,0.0304955,0.0298902,0.0292925,0.0287025,0.0281201,0.0275452,0.0269779,0.0264181,0.0258658,0.0253208,0.0247831,0.0242527,0.0237295,0.0232133,0.0227042,0.0222019,0.0217065,0.0212178,0.0207358,0.0202602,0.0197911,0.0193284,0.0188718,0.0184213,0.0179768,0.0175382,0.0171054,0.0166782,0.0162566,0.0158404,0.0154295,0.0150238,0.0146232,0.0142275,0.0138367,0.0134506,0.0130691,0.0126921,0.0123195,0.0119512,0.011587,0.0112268,0.0108706,0.0105182,0.0101694,0.00982421,0.00948247,0.00914409,0.00880893,0.00847689,0.00814785,0.00782171,0.00749835,0.00717765,0.00685952,0.00654384,0.0062305,0.00591939,0.00561039,0.00530342,0.00499834,0.00469506,0.00439347,0.00409347,0.00379493,0.00349777,0.00320186,0.00290712,0.00261342,0.00232066,0.00202875,0.00173757,0.00144701,0.00115698,0.00086737,0.000578072
0,0.00404291,0.00806591,0.0120494,0.0159744,0.019823,0.0235781,0.0272244,0.0307479,0.0341363,0.0373793,0.040468,0.0433956,0.046157,0.0487485,0.0511683,0.0534157,0.0554917,0.0573979,0.0591375,0.0607142,0.0621326,0.0633977,0.0645152,0.0654911,0.0663315,0.0670431,0.0676322,0.0681054,0.0684693,0.0687303,0.0688948,0.0689688,0.0689583,0.0688693,0.0687071,0.0684773,0.0681847,0.0678344,0.067431,0.0669787,0.0664818,0.0659442,0.0653695,0.0647613,0.0641227,0.0634568,0.0627664,0.0620544,0.061323,0.0605747,0.0598116,0.0590358,0.0582491,0.0574532,0.0566498,0.0558403,0.0550262,0.0542086,0.0533889,0.052568,0.0517469,0.0509267,0.050108,0.0492917,0.0484786,0.0476691,0.046864,0.0460636,0.0452687,0.0444794,0.0436963,0.0429197,0.0421499,0.0413872,0.0406319,0.039884,0.0391439,0.0384117,0.0376875,0.0369715,0.0362637,0.0355642,0.034873,0.0341903,0.033516,0.0328502,0.0321928,0.0315438,0.0309032,0.030271,0.0296471,0.0290316,0.0284242,0.0278249,0.0272338,0.0266506,0.0260753,0.0255079,0.0249481,0.024396,0.0238514,0.0233143,0.0227844,0.0222617,0.0217461,0.0212374,0.0207356,0.0202405,0.019752,0.01927,0.0187943,0.0183249,0.0178615,0.0174041,0.0169526,0.0165067,0.0160665,0.0156317,0.0152023,0.014778,0.0143588,0.0139446,0.0135352,0.0131304,0.0127303,0.0123345,0.0119431,0.0115559,0.0111727,0.0107934,0.0104179,0.0100461,0.00967788,0.00931306,0.00895155,0.00859322,0.00823795,0.00788561,0.00753609,0.00718926,0.006845,0.0065032,0.00616372,0.00582646,0.00549129,0.0051581,0.00482676,0.00449716,0.00416919,0.00384271,0.00351762,0.00319381,0.00287114,0.00254952,0.00222881,0.00190891,0.00158971,0.00127108,0.000952905,0.000635078
0,0.00448673,0.00895061,0.0133692,0.0177207,0.0219846,0.0261417,0.0301744,0.0340671,0.037806,0.0413797,0.0447784,0.047995,0.0510238,0.0538614,0.056506,0.0589575,0.0612172,0.0632878,0.0651729,0.0668771,0.068406,0.0697655,0.0709623,0.0720032,0.0728955,0.0736465,0.0742635,0.0747541,0.0751255,0.0753849,0.0755394,0.0755959,0.075561,0.0754411,0.0752423,0.0749704,0.0746312,0.0742298,0.0737714,0.0732607,0.0727023,0.0721002,0.0714587,0.0707813,0.0700717,0.0693332,0.0685687,0.0677812,0.0669735,0.0661479,0.0653068,0.0644524,0.0635866,0.0627115,0.0618286,0.0609396,0.0600459,0.0591489,0.0582499,0.0573501,0.0564504,0.0555519,0.0546555,0.0537619,0.052872,0.0519864,0.0511058,0.0502306,0.0493614,0.0484987,0.0476429,0.0467943,0.0459533,0.0451202,0.0442951,0.0434785,0.0426704,0.0418709,0.0410804,0.0402988,0.0395263,0.0387629,0.0380088,0.0372638,0.0365282,0.0358018,0.0350846,0.0343767,0.033678,0.0329885,0.0323081,0.0316368,0.0309745,0.030321,0.0296765,0.0290406,0.0284134,0.0277948,0.0271845,0.0265827,0.025989,0.0254034,0.0248258,0.0242561,0.0236941,0.0231397,0.0225928,0.0220532,0.0215208,0.0209954,0.020477,0.0199654,0.0194604,0.018962,0.0184699,0.0179841,0.0175044,0.0170306,0.0165626,0.0161004,0.0156436,0.0151922,0.0147461,0.0143051,0.0138691,0.0134379,0.0130114,0.0125895,0.012172,0.0117588,0.0113497,0.0109446,0.0105434,0.010146,0.00975209,0.00936169,0.00897463,0.00859077,0.00820998,0.00783212,0.00745707,0.00708469,0.00671485,0.00634743,0.00598228,0.00561929,0.00525832,0.00489925,0.00454194,0.00418628,0.00383212,0.00347935,0.00312784,0.00277745,0.00242808,0.00207958,0.00173183,0.00138471,0.0010381,0.000691855
0,0.00495341,0.00988063,0.014756,0.0195546,0.0242531,0.0288296,0.0332645,0.03754,0.0416411,0.0455549,0.0492712,0.052782,0.0560818,0.0591672,0.0620368,0.0646911,0.067132,0.0693631,0.071389,0.0732154,0.0748487,0.0762961,0.0775652,0.078664,0.0796008,0.0803837,0.0810213,0.0815219,0.0818935,0.0821444,0.0822822,0.0823145,0.0822487,0.0820918,0.0818505,0.0815311,0.0811398,0.0806823,0.0801642,0.0795905,0.0789662,0.0782958,0.0775836,0.0768337,0.0760498,0.0752355,0.074394,0.0735285,0.0726418,0.0717365,0.0708153,0.0698803,0.0689337,0.0679775,0.0670135,0.0660435,0.0650689,0.0640913,0.0631119,0.062132,0.0611528,0.0601752,0.0592001,0.0582286,0.0572612,0.0562989,0.0553421,0.0543915,0.0534477,0.0525112,0.0515822,0.0506613,0.0497488,0.048845,0.0479501,0.0470644,0.0461881,0.0453214,0.0444643,0.0436171,0.0427798,0.0419526,0.0411353,0.0403281,0.0395311,0.0387441,0.0379673,0.0372005,0.0364437,0.035697,0.0349601,0.0342331,0.0335159,0.0328084,0.0321105,0.031422,0.030743,0.0300732,0.0294127,0.0287611,0.0281185,0.0274847,0.0268595,0.0262428,0.0256346,0.0250345,0.0244426,0.0238586,0.0232825,0.0227139,0.022153,0.0215993,0.0210529,0.0205136,0.0199811,0.0194554,0.0189363,0.0184237,0.0179174,0.0174172,0.016923,0.0164347,0.015952,0.0154749,0.0150032,0.0145367,0.0140753,0.0136188,0.0131671,0.0127201,0.0122775,0.0118393,0.0114052,0.0109753,0.0105492,0.0101269,0.00970813,0.00929288,0.00888095,0.0084722,0.00806648,0.00766366,0.00726359,0.00686612,0.00647113,0.00607847,0.005688,0.00529958,0.00491307,0.00452834,0.00414524,0.00376364,0.0033834,0.00300439,0.00262647,0.00224949,0.00187333,0.00149785,0.00112291,0.000748383
0,0.00544626,0.0108626,0.0162194,0.0214887,0.0266435,0.0316593,0.0365138,0.0411875,0.0456634,0.0499277,0.0539693,0.05778,0.0613542,0.0646888,0.067783,0.070638,0.0732567,0.0756437,0.0778047,0.0797467,0.0814774,0.083005,0.0843385,0.0854869,0.0864598,0.0872664,0.0879163,0.0884186,0.0887825,0.0890169,0.0891304,0.0891313,0.0890276,0.088827,0.0885367,0.0881637,0.0877146,0.0871956,0.0866125,0.085971,0.0852763,0.0845332,0.0837464,0.0829201,0.0820583,0.0811649,0.0802434,0.0792969,0.0783286,0.0773413,0.0763375,0.0753198,0.0742904,0.0732513,0.0722046,0.0711519,0.070095,0.0690354,0.0679744,0.0669134,0.0658535,0.0647958,0.0637413,0.062691,0.0616455,0.0606057,0.0595723,0.0585458,0.0575269,0.056516,0.0555136,0.05452,0.0535357,0.0525609,0.0515959,0.050641,0.0496964,0.0487622,0.0478385,0.0469256,0.0460234,0.0451322,0.0442518,0.0433824,0.0425239,0.0416764,0.0408399,0.0400143,0.0391995,0.0383955,0.0376023,0.0368197,0.0360477,0.0352861,0.034535,0.0337941,0.0330633,0.0323426,0.0316318,0.0309307,0.0302392,0.0295573,0.0288846,0.0282212,0.0275668,0.0269213,0.0262845,0.0256563,0.0250365,0.024425,0.0238216,0.0232261,0.0226383,0.0220582,0.0214856,0.0209202,0.0203619,0.0198106,0.019266,0.0187281,0.0181966,0.0176714,0.0171524,0.0166393,0.016132,0.0156303,0.0151342,0.0146433,0.0141576,0.0136769,0.013201,0.0127297,0.012263,0.0118007,0.0113425,0.0108884,0.0104382,0.00999169,0.00954876,0.00910926,0.00867302,0.00823989,0.00780972,0.00738236,0.00695766,0.00653547,0.00611564,0.00569801,0.00528243,0.00486877,0.00445687,0.00404658,0.00363776,0.00323025,0.00282391,0.0024186,0.00201416,0.00161045,0.00120733,0.000804641
0,0.0059691,0.0119039,0.0177706,0.0235371,0.0291729,0.0346503,0.0399441,0.0450326,0.0498974,0.0545232,0.0588984,0.0630145,0.0668662,0.0704509,0.0737684,0.0768211,0.0796131,0.0821502,0.0844395,0.0864894,0.088309,0.089908,0.0912967,0.0924855,0.0934851,0.094306,0.0949587,0.0954537,0.095801,0.0960103,0.0960912,0.0960526,0.0959034,0.0956518,0.0953056,0.0948724,0.0943593,0.0937728,0.0931194,0.0924048,0.0916348,0.0908144,0.0899486,0.0890419,0.0880986,0.0871226,0.0861177,0.0850873,0.0840345,0.0829624,0.0818738,0.0807711,0.0796567,0.0785329,0.0774016,0.0762647,0.0751239,0.0739809,0.072837,0.0716937,0.0705521,0.0694133,0.0682785,0.0671485,0.0660241,0.0649062,0.0637955,0.0626926,0.0615981,0.0605124,0.0594361,0.0583695,0.0573131,0.056267,0.0552317,0.0542074,0.0531942,0.0521924,0.051202,0.0502233,0.0492562,0.0483009,0.0473574,0.0464257,0.0455059,0.0445979,0.0437017,0.0428172,0.0419445,0.0410833,0.0402338,0.0393957,0.038569,0.0377536,0.0369493,0.036156,0.0353737,0.0346021,0.0338412,0.0330907,0.0323505,0.0316206,0.0309006,0.0301906,0.0294902,0.0287994,0.0281179,0.0274456,0.0267824,0.026128,0.0254823,0.0248451,0.0242162,0.0235955,0.0229828,0.0223778,0.0217805,0.0211906,0.020608,0.0200325,0.0194639,0.0189021,0.0183468,0.0177979,0.0172552,0.0167186,0.0161878,0.0156627,0.0151431,0.0146289,0.0141198,0.0136157,0.0131165,0.0126219,0.0121319,0.0116461,0.0111645,0.0106869,0.0102132,0.00974307,0.00927645,0.00881318,0.00835307,0.00789596,0.0074417,0.00699013,0.00654108,0.00609439,0.0056499,0.00520746,0.0047669,0.00432806,0.0038908,0.00345494,0.00302034,0.00258683,0.00215426,0.00172247,0.0012913,0.00086061
0,0.00652629,0.0130132,0.0194221,0.0257162,0.0318609,0.0378247,0.0435797,0.0491016,0.0543702,0.0593693,0.0640866,0.0685136,0.0726453,0.07648,0.0800188,0.083265,0.0862244,0.0889044,0.0913138,0.0934625,0.0953613,0.0970215,0.0984549,0.0996734,0.100689,0.101514,0.102159,0.102637,0.102957,0.103132,0.103171,0.103085,0.102882,0.102571,0.102162,0.101661,0.101077,0.100417,0.0996873,0.0988942,0.0980436,0.0971411,0.0961917,0.0952004,0.0941715,0.0931093,0.0920176,0.0909,0.0897598,0.0886003,0.0874241,0.0862341,0.0850326,0.0838219,0.0826042,0.0813814,0.0801552,0.0789273,0.0776992,0.0764723,0.0752478,0.074027,0.0728109,0.0716004,0.0703964,0.0691997,0.068011,0.0668311,0.0656604,0.0644995,0.0633489,0.0622089,0.06108,0.0599625,0.0588567,0.0577627,0.0566808,0.0556112,0.054554,0.0535093,0.0524773,0.0514579,0.0504512,0.0494573,0.048476,0.0475075,0.0465517,0.0456085,0.0446779,0.0437597,0.0428539,0.0419604,0.0410791,0.0402099,0.0393526,0.0385071,0.0376733,0.036851,0.0360401,0.0352404,0.0344517,0.0336739,0.0329068,0.0321503,0.0314041,0.0306681,0.0299421,0.029226,0.0285194,0.0278224,0.0271345,0.0264558,0.025786,0.0251248,0.0244722,0.0238279,0.0231917,0.0225635,0.021943,0.0213301,0.0207246,0.0201262,0.0195349,0.0189503,0.0183724,0.017801,0.0172357,0.0166766,0.0161233,0.0155757,0.0150337,0.0144969,0.0139653,0.0134387,0.0129169,0.0123997,0.0118869,0.0113784,0.0108739,0.0103734,0.00987658,0.00938331,0.00889342,0.00840673,0.00792308,0.00744228,0.00696417,0.00648858,0.00601534,0.00554427,0.00507521,0.00460799,0.00414244,0.00367839,0.00321568,0.00275413,0.00229358,0.00183387,0.00137482,0.000916267
0,0.00712288,0.0142004,0.0211884,0.0280446,0.0347297,0.0412081,0.0474484,0.0534239,0.0591126,0.0644972,0.069565,0.0743078,0.0787215,0.0828052,0.0865616,0.0899957,0.0931152,0.0959293,0.0984488,0.100686,0.102652,0.104362,0.105828,0.107064,0.108084,0.108901,0.109527,0.109976,0.11026,0.11039,0.110377,0.110233,0.109967,0.10959,0.109109,0.108533,0.107872,0.107131,0.106319,0.105441,0.104504,0.103515,0.102477,0.101396,0.100278,0.0991255,0.0979434,0.0967353,0.0955046,0.0942547,0.0929884,0.0917085,0.0904176,0.0891181,0.087812,0.0865014,0.0851881,0.0838739,0.0825602,0.0812485,0.07994,0.0786361,0.0773376,0.0760458,0.0747613,0.0734851,0.0722179,0.0709603,0.069713,0.0684764,0.067251,0.0660374,0.0648357,0.0636464,0.0624697,0.0613059,0.0601551,0.0590176,0.0578935,0.0567828,0.0556857,0.0546022,0.0535323,0.0524761,0.0514336,0.0504046,0.0493892,0.0483873,0.0473988,0.0464237,0.0454618,0.044513,0.0435772,0.0426544,0.0417442,0.0408466,0.0399615,0.0390886,0.0382279,0.0373791,0.036542,0.0357166,0.0349025,0.0340997,0.0333079,0.0325269,0.0317566,0.0309967,0.0302471,0.0295075,0.0287778,0.0280577,0.0273471,0.0266457,0.0259534,0.0252699,0.024595,0.0239286,0.0232705,0.0226204,0.0219781,0.0213434,0.0207162,0.0200962,0.0194833,0.0188771,0.0182777,0.0176846,0.0170978,0.0165171,0.0159422,0.015373,0.0148092,0.0142508,0.0136974,0.0131489,0.0126051,0.0120658,0.0115308,0.011,0.0104732,0.00995009,0.00943059,0.00891449,0.00840161,0.00789176,0.00738477,0.00688044,0.00637861,0.00587909,0.00538169,0.00488625,0.00439259,0.00390051,0.00340985,0.00292043,0.00243208,0.0019446,0.00145783,0.000971594
0,0.00776479,0.0154773,0.0230865,0.0305441,0.0378051,0.0448295,0.051582,0.0580331,0.0641591,0.0699418,0.0753684,0.0804314,0.0851275,0.0894577,0.0934265,0.0970412,0.100311,0.103249,0.105867,0.108179,0.1102,0.111946,0.113431,0.114671,0.115682,0.116478,0.117073,0.117481,0.117716,0.11779,0.117715,0.117504,0.117165,0.116711,0.11615,0.115492,0.114745,0.113917,0.113015,0.112047,0.111018,0.109936,0.108805,0.107631,0.106418,0.105171,0.103895,0.102593,0.101269,0.0999254,0.0985663,0.0971941,0.0958114,0.0944208,0.0930244,0.0916242,0.0902222,0.08882,0.0874193,0.0860214,0.0846278,0.0832396,0.0818579,0.0804838,0.0791181,0.0777616,0.0764152,0.0750794,0.0737548,0.0724421,0.0711416,0.0698538,0.0685791,0.0673177,0.06607,0.0648361,0.0636163,0.0624108,0.0612196,0.0600428,0.0588806,0.0577329,0.0565999,0.0554814,0.0543775,0.0532881,0.0522132,0.0511527,0.0501065,0.0490745,0.0480566,0.0470526,0.0460625,0.0450861,0.0441232,0.0431737,0.0422374,0.0413142,0.0404038,0.0395061,0.0386208,0.0377479,0.0368871,0.0360381,0.0352009,0.0343751,0.0335606,0.0327572,0.0319647,0.0311828,0.0304114,0.0296502,0.0288989,0.0281575,0.0274257,0.0267033,0.0259899,0.0252856,0.0245899,0.0239028,0.023224,0.0225532,0.0218903,0.0212351,0.0205873,0.0199467,0.0193132,0.0186865,0.0180664,0.0174527,0.0168451,0.0162436,0.0156479,0.0150577,0.0144729,0.0138933,0.0133187,0.0127489,0.0121836,0.0116227,0.011066,0.0105133,0.00996438,0.00941905,0.00887712,0.0083384,0.0078027,0.00726983,0.00673958,0.00621179,0.00568624,0.00516276,0.00464115,0.00412123,0.0036028,0.00308569,0.00256969,0.00205463,0.00154032,0.00102657
0,0.008459,0.0168574,0.0251363,0.03324,0.0411174,0.0487227,0.0560169,0.0629675,0.0695489,0.0757425,0.0815356,0.0869217,0.0918994,0.0964718,0.100646,0.104431,0.10784,0.110888,0.11359,0.115963,0.118023,0.11979,0.121279,0.122508,0.123495,0.124256,0.124805,0.12516,0.125333,0.125339,0.12519,0.1249,0.124479,0.123939,0.123289,0.12254,0.121699,0.120776,0.119778,0.118713,0.117587,0.116406,0.115176,0.113903,0.112592,0.111247,0.109873,0.108473,0.107052,0.105612,0.104157,0.10269,0.101213,0.0997293,0.0982405,0.0967489,0.0952564,0.0937647,0.0922755,0.0907902,0.0893102,0.0878367,0.0863708,0.0849135,0.0834657,0.0820282,0.0806018,0.0791872,0.077785,0.0763956,0.0750196,0.0736573,0.0723091,0.0709754,0.0696564,0.0683523,0.0670633,0.0657896,0.0645312,0.0632883,0.062061,0.0608492,0.0596529,0.0584722,0.057307,0.0561573,0.0550229,0.0539039,0.0528,0.0517113,0.0506375,0.0495785,0.0485342,0.0475044,0.046489,0.0454877,0.0445004,0.0435269,0.0425671,0.0416206,0.0406874,0.0397672,0.0388598,0.0379649,0.0370824,0.0362121,0.0353537,0.034507,0.0336717,0.0328478,0.0320348,0.0312327,0.0304411,0.0296599,0.0288887,0.0281275,0.027376,0.0266338,0.0259009,0.025177,0.0244618,0.0237551,0.0230568,0.0223665,0.0216841,0.0210093,0.0203419,0.0196817,0.0190285,0.018382,0.0177421,0.0171085,0.016481,0.0158593,0.0152434,0.0146329,0.0140276,0.0134274,0.012832,0.0122413,0.0116549,0.0110727,0.0104946,0.00992022,0.00934944,0.00878205,0.00821783,0.00765659,0.00709813,0.00654224,0.00598873,0.0054374,0.00488804,0.00434045,0.00379445,0.00324982,0.00270638,0.00216392,0.00162225,0.00108117
0,0.00921379,0.0183571,0.0273614,0.0361624,0.0447015,0.0529271,0.0607954,0.068271,0.0753267,0.0819435,0.0881097,0.0938205,0.0990767,0.103884,0.108253,0.112197,0.115731,0.118873,0.121643,0.124059,0.126141,0.127911,0.129387,0.130588,0.131535,0.132244,0.132733,0.133019,0.133117,0.133042,0.132808,0.132427,0.131913,0.131276,0.130528,0.129678,0.128736,0.12771,0.126609,0.12544,0.124209,0.122924,0.121591,0.120214,0.1188,0.117352,0.115876,0.114375,0.112853,0.111314,0.109761,0.108196,0.106622,0.105043,0.10346,0.101875,0.10029,0.098707,0.0971279,0.0955538,0.0939862,0.0924262,0.090875,0.0893336,0.0878029,0.0862838,0.0847768,0.0832828,0.0818023,0.0803358,0.0788838,0.0774467,0.0760248,0.0746185,0.073228,0.0718535,0.0704951,0.0691531,0.0678275,0.0665184,0.0652259,0.0639499,0.0626904,0.0614475,0.0602211,0.0590111,0.0578174,0.0566399,0.0554785,0.0543331,0.0532036,0.0520897,0.0509914,0.0499084,0.0488406,0.0477877,0.0467496,0.0457261,0.044717,0.043722,0.042741,0.0417737,0.0408199,0.0398794,0.0389519,0.0380372,0.037135,0.0362453,0.0353676,0.0345017,0.0336475,0.0328046,0.0319729,0.0311521,0.0303419,0.0295422,0.0287526,0.0279729,0.027203,0.0264425,0.0256912,0.0249488,0.0242152,0.0234901,0.0227733,0.0220645,0.0213635,0.0206701,0.019984,0.0193049,0.0186328,0.0179673,0.0173082,0.0166553,0.0160084,0.0153672,0.0147315,0.0141012,0.0134759,0.0128554,0.0122396,0.0116282,0.011021,0.0104178,0.0098184,0.00922253,0.00863,0.0080406,0.00745412,0.00687034,0.00628907,0.00571007,0.00513316,0.00455811,0.00398472,0.00341279,0.00284209,0.00227243,0.0017036,0.00113539
0,0.0100391,0.0199956,0.0297897,0.0393467,0.0485993,0.0574888,0.0659667,0.0739943,0.0815434,0.0885951,0.0951394,0.101174,0.106703,0.111735,0.116286,0.120372,0.124014,0.127232,0.130049,0.132488,0.134572,0.136325,0.137768,0.138924,0.139812,0.140452,0.140865,0.141067,0.141074,0.140904,0.140571,0.140088,0.139469,0.138725,0.137869,0.136909,0.135857,0.13472,0.133508,0.132228,0.130887,0.129492,0.128049,0.126563,0.125041,0.123486,0.121904,0.120298,0.118672,0.11703,0.115375,0.11371,0.112038,0.11036,0.10868,0.107,0.105321,0.103646,0.101975,0.100311,0.0986545,0.097007,0.0953696,0.0937432,0.0921288,0.0905271,0.0889389,0.0873649,0.0858056,0.0842616,0.0827332,0.0812209,0.079725,0.0782459,0.0767836,0.0753385,0.0739107,0.0725002,0.0711073,0.069732,0.0683742,0.0670341,0.0657115,0.0644064,0.0631188,0.0618486,0.0605957,0.0593599,0.0581411,0.0569393,0.0557541,0.0545855,0.0534333,0.0522973,0.0511772,0.050073,0.0489843,0.047911,0.0468528,0.0458096,0.044781,0.0437668,0.0427669,0.0417809,0.0408086,0.0398498,0.0389042,0.0379715,0.0370516,0.0361441,0.0352489,0.0343655,0.0334939,0.0326338,0.0317848,0.0309467,0.0301194,0.0293024,0.0284956,0.0276988,0.0269116,0.0261338,0.0253652,0.0246056,0.0238546,0.023112,0.0223776,0.0216511,0.0209323,0.020221,0.0195169,0.0188197,0.0181293,0.0174454,0.0167677,0.016096,0.0154302,0.0147699,0.0141149,0.013465,0.0128199,0.0121795,0.0115435,0.0109117,0.0102838,0.00965969,0.00903905,0.0084217,0.00780741,0.00719596,0.00658712,0.00598069,0.00537642,0.00477412,0.00417356,0.00357451,0.00297677,0.00238011,0.00178433,0.00118919
0,0.010947,0.0217966,0.0324552,0.0428355,0.05286,0.0624622,0.0715881,0.0801962,0.0882575,0.0957542,0.102679,0.109033,0.114825,0.120069,0.124784,0.128993,0.13272,0.135991,0.138832,0.141272,0.143336,0.145049,0.146438,0.147526,0.148336,0.148889,0.149207,0.149308,0.14921,0.14893,0.148484,0.147886,0.147149,0.146288,0.145312,0.144233,0.143061,0.141806,0.140475,0.139077,0.137618,0.136107,0.134549,0.132949,0.131314,0.129648,0.127956,0.126241,0.124508,0.12276,0.121,0.119232,0.117458,0.11568,0.113902,0.112124,0.110349,0.10858,0.106816,0.105061,0.103314,0.101578,0.0998531,0.0981409,0.0964419,0.094757,0.093087,0.0914324,0.0897938,0.0881718,0.0865666,0.0849788,0.0834086,0.0818563,0.0803222,0.0788063,0.0773089,0.07583,0.0743697,0.0729281,0.0715051,0.0701008,0.0687151,0.0673479,0.0659993,0.0646689,0.0633569,0.0620629,0.0607869,0.0595287,0.0582881,0.057065,0.0558591,0.0546702,0.0534982,0.0523428,0.0512037,0.0500808,0.0489738,0.0478825,0.0468065,0.0457458,0.0446999,0.0436687,0.0426519,0.0416492,0.0406604,0.0396851,0.0387232,0.0377744,0.0368383,0.0359148,0.0350035,0.0341043,0.0332167,0.0323406,0.0314757,0.0306218,0.0297784,0.0289455,0.0281227,0.0273097,0.0265064,0.0257124,0.0249274,0.0241513,0.0233837,0.0226245,0.0218733,0.0211299,0.020394,0.0196655,0.0189439,0.0182292,0.017521,0.0168191,0.0161233,0.0154333,0.0147488,0.0140697,0.0133956,0.0127264,0.0120618,0.0114016,0.0107455,0.0100934,0.00944485,0.00879977,0.00815789,0.00751897,0.0068828,0.00624913,0.00561774,0.0049884,0.00436088,0.00373494,0.00311037,0.00248694,0.00186441,0.00124256
0,0.0119522,0.0237888,0.0353988,0.0466802,0.057543,0.067912,0.0777273,0.086945,0.0955362,0.103485,0.110789,0.117454,0.123494,0.128931,0.133788,0.138095,0.141882,0.145179,0.148019,0.150432,0.152449,0.154098,0.155409,0.156406,0.157116,0.157562,0.157766,0.157748,0.157527,0.157122,0.156548,0.155821,0.154956,0.153964,0.152858,0.15165,0.15035,0.148966,0.147509,0.145985,0.144403,0.142769,0.14109,0.139371,0.137619,0.135836,0.134029,0.132202,0.130358,0.128501,0.126634,0.124759,0.122881,0.121001,0.119122,0.117245,0.115373,0.113507,0.111649,0.109801,0.107963,0.106137,0.104324,0.102525,0.100741,0.0989722,0.0972196,0.0954839,0.0937656,0.0920651,0.0903828,0.0887191,0.0870744,0.0854488,0.0838425,0.0822557,0.0806886,0.0791411,0.0776134,0.0761055,0.0746174,0.073149,0.0717002,0.0702711,0.0688614,0.0674711,0.0661,0.064748,0.0634149,0.0621006,0.0608048,0.0595273,0.0582679,0.0570264,0.0558026,0.0545962,0.0534071,0.0522348,0.0510792,0.04994,0.048817,0.0477099,0.0466184,0.0455422,0.0444811,0.0434348,0.042403,0.0413854,0.0403818,0.0393919,0.0384153,0.0374519,0.0365012,0.0355631,0.0346373,0.0337234,0.0328212,0.0319305,0.0310509,0.0301821,0.0293239,0.0284761,0.0276382,0.0268101,0.0259915,0.0251821,0.0243817,0.0235899,0.0228065,0.0220313,0.0212639,0.0205042,0.0197518,0.0190065,0.0182681,0.0175362,0.0168106,0.0160911,0.0153774,0.0146693,0.0139665,0.0132688,0.0125758,0.0118874,0.0112034,0.0105234,0.00984723,0.00917465,0.00850541,0.00783927,0.00717598,0.00651532,0.00585703,0.00520087,0.00454662,0.00389402,0.00324284,0.00259286,0.00194381,0.00129548
0,0.013073,0.0260075,0.038671,0.0509433,0.0627199,0.0739153,0.0844641,0.0943204,0.103457,0.111862,0.119539,0.1265,0.132768,0.138371,0.143343,0.147718,0.151533,0.154825,0.157632,0.159988,0.161929,0.163486,0.164692,0.165575,0.166161,0.166477,0.166547,0.166391,0.16603,0.165482,0.164766,0.163896,0.162888,0.161754,0.160508,0.15916,0.157721,0.156201,0.154609,0.152953,0.15124,0.149477,0.147671,0.145828,0.143952,0.142049,0.140124,0.13818,0.136221,0.134252,0.132274,0.130291,0.128306,0.126322,0.124339,0.122362,0.12039,0.118427,0.116473,0.114531,0.112601,0.110684,0.108782,0.106895,0.105025,0.103171,0.101336,0.0995181,0.0977195,0.0959402,0.0941804,0.0924407,0.0907211,0.0890219,0.0873434,0.0856856,0.0840487,0.0824326,0.0808375,0.0792633,0.07771,0.0761775,0.0746658,0.0731748,0.0717042,0.0702541,0.0688242,0.0674143,0.0660243,0.064654,0.0633032,0.0619715,0.0606589,0.059365,0.0580897,0.0568326,0.0555935,0.0543721,0.0531682,0.0519815,0.0508117,0.0496585,0.0485216,0.0474007,0.0462956,0.045206,0.0441315,0.0430719,0.0420268,0.0409961,0.0399793,0.0389762,0.0379864,0.0370098,0.0360459,0.0350946,0.0341554,0.0332281,0.0323125,0.0314082,0.0305149,0.0296324,0.0287603,0.0278984,0.0270464,0.026204,0.0253709,0.0245469,0.0237316,0.0229248,0.0221263,0.0213356,0.0205526,0.019777,0.0190086,0.0182469,0.0174919,0.0167432,0.0160006,0.0152637,0.0145324,0.0138063,0.0130853,0.012369,0.0116572,0.0109496,0.010246,0.00954621,0.00884985,0.00815672,0.00746657,0.00677914,0.00609418,0.00541146,0.0047307,0.00405168,0.00337414,0.00269783,0.00202251,0.00134793
0,0.0143324,0.028497,0.0423346,0.0557022,0.068478,0.0805654,0.0918934,0.102416,0.112109,0.120967,0.129003,0.136239,0.142706,0.148444,0.153494,0.1579,0.161706,0.164957,0.167695,0.16996,0.171792,0.173227,0.174298,0.175039,0.175477,0.17564,0.175552,0.175238,0.174718,0.174012,0.173137,0.172109,0.170945,0.169657,0.168258,0.16676,0.165174,0.163509,0.161774,0.159977,0.158126,0.156228,0.15429,0.152316,0.150313,0.148285,0.146237,0.144173,0.142096,0.140011,0.137919,0.135826,0.133732,0.13164,0.129553,0.127472,0.1254,0.123337,0.121286,0.119248,0.117225,0.115216,0.113224,0.111248,0.109291,0.107353,0.105433,0.103534,0.101654,0.0997958,0.0979582,0.096142,0.0943474,0.0925746,0.0908236,0.0890947,0.0873879,0.0857033,0.0840407,0.0824003,0.0807819,0.0791854,0.0776109,0.076058,0.0745268,0.0730169,0.0715284,0.0700608,0.0686141,0.0671881,0.0657824,0.0643969,0.0630312,0.0616852,0.0603586,0.059051,0.0577623,0.0564921,0.0552402,0.0540062,0.0527898,0.0515908,0.0504088,0.0492436,0.0480948,0.0469621,0.0458452,0.0447438,0.0436577,0.0425863,0.0415296,0.0404871,0.0394586,0.0384437,0.0374421,0.0364536,0.0354777,0.0345142,0.0335629,0.0326233,0.0316952,0.0307784,0.0298723,0.0289769,0.0280918,0.0272167,0.0263512,0.0254952,0.0246483,0.0238102,0.0229807,0.0221594,0.0213461,0.0205405,0.0197423,0.0189512,0.0181669,0.0173893,0.0166179,0.0158526,0.015093,0.0143389,0.01359,0.012846,0.0121067,0.0113719,0.0106412,0.00991431,0.00919109,0.00847122,0.00775444,0.0070405,0.00632913,0.00562008,0.00491308,0.00420787,0.00350421,0.00280183,0.00210048,0.00139989
0,0.0157595,0.0313135,0.0464684,0.0610527,0.0749245,0.0879749,0.100128,0.11134,0.121595,0.130896,0.139268,0.146746,0.153375,0.159205,0.164289,0.168682,0.172436,0.175602,0.17823,0.180366,0.182052,0.18333,0.184236,0.184805,0.185067,0.185052,0.184785,0.184292,0.183593,0.18271,0.18166,0.18046,0.179126,0.177671,0.176108,0.174449,0.172705,0.170886,0.169,0.167055,0.16506,0.16302,0.160943,0.158834,0.156698,0.154541,0.152366,0.150178,0.14798,0.145775,0.143568,0.14136,0.139155,0.136954,0.134759,0.132574,0.130399,0.128236,0.126087,0.123952,0.121833,0.119732,0.117649,0.115584,0.113539,0.111515,0.109511,0.107529,0.105569,0.10363,0.101715,0.0998219,0.097952,0.0961053,0.0942819,0.0924818,0.0907051,0.0889518,0.0872219,0.0855153,0.0838318,0.0821715,0.0805342,0.0789198,0.0773279,0.0757586,0.0742116,0.0726866,0.0711834,0.0697018,0.0682415,0.0668024,0.065384,0.0639861,0.0626084,0.0612507,0.0599127,0.0585939,0.0572942,0.0560132,0.0547506,0.0535061,0.0522794,0.05107,0.0498778,0.0487024,0.0475435,0.0464007,0.0452736,0.0441621,0.0430658,0.0419842,0.0409172,0.0398644,0.0388254,0.0377999,0.0367877,0.0357883,0.0348015,0.033827,0.0328644,0.0319135,0.0309738,0.0300452,0.0291272,0.0282197,0.0273222,0.0264344,0.0255562,0.0246871,0.0238269,0.0229753,0.0221319,0.0212965,0.0204689,0.0196486,0.0188354,0.0180291,0.0172293,0.0164357,0.0156481,0.0148663,0.0140898,0.0133184,0.0125519,0.01179,0.0110324,0.0102788,0.00952899,0.00878264,0.0080395,0.0072993,0.00656178,0.00582665,0.00509366,0.00436253,0.00363301,0.00290481,0.00217767,0.00145134
0,0.0173922,0.0345292,0.0511726,0.0671158,0.0821925,0.0962813,0.109304,0.121223,0.132033,0.141754,0.150426,0.158102,0.164842,0.170711,0.175777,0.180103,0.183752,0.186785,0.189257,0.19122,0.192722,0.193806,0.194512,0.194877,0.194935,0.194715,0.194246,0.193551,0.192654,0.191575,0.190333,0.188945,0.187427,0.185792,0.184054,0.182224,0.180312,0.17833,0.176284,0.174184,0.172037,0.16985,0.167629,0.165379,0.163106,0.160814,0.158508,0.156192,0.153869,0.151543,0.149217,0.146892,0.144573,0.142261,0.139958,0.137665,0.135386,0.133121,0.130872,0.12864,0.126425,0.12423,0.122055,0.1199,0.117767,0.115656,0.113568,0.111502,0.109461,0.107443,0.105449,0.103479,0.101534,0.0996129,0.0977169,0.0958456,0.093999,0.0921771,0.0903799,0.0886071,0.0868588,0.0851348,0.0834349,0.0817589,0.0801067,0.0784781,0.0768728,0.0752905,0.0737311,0.0721943,0.0706797,0.0691871,0.0677163,0.0662668,0.0648385,0.0634309,0.0620438,0.0606768,0.0593297,0.058002,0.0566935,0.0554038,0.0541326,0.0528795,0.0516442,0.0504264,0.0492257,0.0480417,0.0468742,0.0457228,0.0445871,0.0434669,0.0423617,0.0412712,0.0401951,0.0391331,0.0380848,0.0370499,0.036028,0.0350188,0.034022,0.0330373,0.0320644,0.0311028,0.0301523,0.0292126,0.0282834,0.0273643,0.026455,0.0255552,0.0246646,0.0237829,0.0229098,0.022045,0.0211881,0.0203389,0.0194971,0.0186624,0.0178344,0.0170129,0.0161976,0.0153883,0.0145845,0.013786,0.0129926,0.0122039,0.0114197,0.0106396,0.00986343,0.00909087,0.00832164,0.00755545,0.00679203,0.00603111,0.00527239,0.00451561,0.00376048,0.00300673,0.00225408,0.00150226
0,0.0192802,0.0382383,0.0565772,0.0740453,0.0904484,0.105653,0.119585,0.132216,0.143561,0.153661,0.162581,0.170393,0.177179,0.183022,0.188003,0.1922,0.195686,0.19853,0.200794,0.202536,0.203809,0.204659,0.205129,0.205258,0.205081,0.204629,0.203931,0.203012,0.201896,0.200603,0.199152,0.197561,0.195845,0.194017,0.192092,0.190079,0.187991,0.185836,0.183623,0.181361,0.179055,0.176714,0.174343,0.171947,0.169532,0.167102,0.164661,0.162214,0.159763,0.157312,0.154863,0.15242,0.149984,0.147559,0.145145,0.142744,0.140359,0.137991,0.13564,0.133309,0.130998,0.128708,0.12644,0.124195,0.121973,0.119775,0.117601,0.115453,0.113329,0.111231,0.109158,0.107111,0.105091,0.103096,0.101127,0.0991848,0.0972684,0.0953779,0.0935134,0.0916746,0.0898615,0.0880739,0.0863116,0.0845744,0.0828621,0.0811743,0.079511,0.0778718,0.0762564,0.0746646,0.073096,0.0715503,0.0700273,0.0685265,0.0670478,0.0655906,0.0641548,0.0627399,0.0613457,0.0599717,0.0586176,0.057283,0.0559677,0.0546712,0.0533932,0.0521333,0.0508912,0.0496665,0.0484588,0.0472678,0.0460932,0.0449345,0.0437915,0.0426638,0.0415509,0.0404527,0.0393686,0.0382984,0.0372418,0.0361983,0.0351677,0.0341495,0.0331435,0.0321494,0.0311667,0.0301952,0.0292345,0.0282843,0.0273443,0.0264141,0.0254935,0.024582,0.0236795,0.0227855,0.0218997,0.0210219,0.0201518,0.0192889,0.0184331,0.017584,0.0167413,0.0159047,0.0150739,0.0142486,0.0134285,0.0126133,0.0118027,0.0109965,0.0101943,0.00939579,0.00860074,0.00780885,0.00701982,0.00623337,0.0054492,0.00466703,0.00388658,0.00310755,0.00232966,0.00155263
0,0.0214904,0.0425666,0.0628526,0.0820398,0.0999025,0.116299,0.131165,0.144495,0.156332,0.16675,0.175842,0.18371,0.19046,0.196195,0.201014,0.205008,0.208262,0.210854,0.212853,0.214322,0.215318,0.215891,0.216086,0.215944,0.215501,0.214789,0.213836,0.212671,0.211314,0.209788,0.208112,0.206302,0.204373,0.202341,0.200216,0.198011,0.195736,0.1934,0.191012,0.18858,0.186109,0.183608,0.181081,0.178535,0.175973,0.173401,0.170821,0.168239,0.165657,0.163077,0.160504,0.15794,0.155386,0.152845,0.150318,0.147808,0.145316,0.142843,0.14039,0.137959,0.13555,0.133164,0.130803,0.128466,0.126155,0.123869,0.12161,0.119378,0.117172,0.114993,0.112842,0.110718,0.108622,0.106553,0.104512,0.102498,0.100512,0.0985528,0.0966212,0.0947166,0.0928389,0.0909879,0.0891634,0.0873651,0.0855928,0.0838463,0.0821252,0.0804293,0.0787582,0.0771117,0.0754894,0.0738909,0.072316,0.0707644,0.0692355,0.0677292,0.066245,0.0647825,0.0633415,0.0619215,0.0605222,0.0591432,0.0577841,0.0564445,0.0551241,0.0538225,0.0525393,0.0512742,0.0500267,0.0487966,0.0475833,0.0463867,0.0452062,0.0440415,0.0428922,0.0417581,0.0406386,0.0395335,0.0384424,0.037365,0.0363008,0.0352496,0.034211,0.0331845,0.03217,0.031167,0.0301752,0.0291942,0.0282238,0.0272636,0.0263132,0.0253723,0.0244406,0.0235177,0.0226034,0.0216973,0.0207991,0.0199085,0.0190251,0.0181487,0.0172789,0.0164153,0.0155578,0.014706,0.0138595,0.0130182,0.0121815,0.0113494,0.0105214,0.00969728,0.00887671,0.0080594,0.00724504,0.00643335,0.00562402,0.00481675,0.00401126,0.00320724,0.0024044,0.00160244
0,0.0241148,0.0476851,0.0702267,0.0913589,0.110823,0.128477,0.14428,0.158267,0.170523,0.181165,0.190327,0.198146,0.204756,0.210284,0.214848,0.218555,0.221501,0.223771,0.225442,0.226582,0.227251,0.227502,0.227381,0.226932,0.22619,0.225188,0.223956,0.22252,0.220902,0.219125,0.217205,0.215161,0.213007,0.210756,0.208421,0.206013,0.203542,0.201017,0.198446,0.195836,0.193195,0.190527,0.18784,0.185138,0.182425,0.179706,0.176984,0.174264,0.171547,0.168837,0.166137,0.163449,0.160775,0.158116,0.155476,0.152854,0.150253,0.147674,0.145118,0.142586,0.140078,0.137596,0.135141,0.132712,0.130311,0.127938,0.125593,0.123276,0.120988,0.118729,0.116499,0.114297,0.112125,0.109983,0.107869,0.105784,0.103728,0.101701,0.099702,0.0977317,0.0957896,0.0938754,0.0919889,0.0901299,0.088298,0.0864929,0.0847144,0.082962,0.0812356,0.0795347,0.077859,0.0762081,0.0745817,0.0729794,0.0714009,0.0698457,0.0683134,0.0668038,0.0653164,0.0638508,0.0624066,0.0609835,0.059581,0.0581987,0.0568363,0.0554934,0.0541695,0.0528644,0.0515775,0.0503085,0.049057,0.0478227,0.046605,0.0454038,0.0442185,0.0430488,0.0418943,0.0407547,0.0396296,0.0385185,0.0374212,0.0363372,0.0352662,0.0342079,0.0331618,0.0321277,0.0311051,0.0300937,0.0290932,0.0281032,0.0271234,0.0261534,0.0251929,0.0242415,0.023299,0.0223649,0.021439,0.0205209,0.0196103,0.0187068,0.0178102,0.01692,0.0160361,0.015158,0.0142855,0.0134183,0.0125559,0.0116982,0.0108447,0.00999524,0.00914945,0.00830701,0.00746762,0.00663099,0.00579679,0.00496472,0.00413448,0.00330576,0.00247825,0.00165166
0,0.0272837,0.0538323,0.0790104,0.102346,0.123552,0.142505,0.159212,0.173769,0.186327,0.197061,0.206156,0.213791,0.220134,0.225338,0.229541,0.232864,0.235414,0.237286,0.238562,0.239313,0.239601,0.239483,0.239006,0.238212,0.237138,0.235818,0.23428,0.23255,0.230651,0.228603,0.226424,0.22413,0.221736,0.219255,0.216699,0.214078,0.211402,0.20868,0.205918,0.203124,0.200306,0.197467,0.194614,0.191751,0.188883,0.186014,0.183146,0.180284,0.177431,0.174588,0.171758,0.168944,0.166148,0.16337,0.160614,0.15788,0.155169,0.152483,0.149822,0.147188,0.144581,0.142002,0.139452,0.136931,0.13444,0.131978,0.129547,0.127146,0.124775,0.122435,0.120126,0.117848,0.1156,0.113383,0.111197,0.109041,0.106915,0.10482,0.102755,0.100719,0.0987125,0.0967354,0.0947872,0.0928676,0.0909764,0.089113,0.0872774,0.085469,0.0836875,0.0819326,0.0802038,0.0785009,0.0768233,0.0751708,0.0735429,0.0719393,0.0703594,0.068803,0.0672696,0.0657587,0.0642701,0.0628032,0.0613577,0.0599332,0.0585292,0.0571453,0.0557811,0.0544363,0.0531104,0.051803,0.0505136,0.049242,0.0479877,0.0467502,0.0455293,0.0443244,0.0431353,0.0419615,0.0408026,0.0396583,0.0385282,0.0374118,0.0363089,0.035219,0.0341417,0.0330768,0.0320238,0.0309824,0.0299521,0.0289327,0.0279239,0.0269251,0.0259361,0.0249566,0.0239861,0.0230244,0.0220711,0.0211258,0.0201883,0.0192581,0.018335,0.0174186,0.0165086,0.0156046,0.0147063,0.0138135,0.0129257,0.0120427,0.0111641,0.0102896,0.00941884,0.00855158,0.00768747,0.0068262,0.00596743,0.00511087,0.00425618,0.00340306,0.0025512,0.00170028
0,0.0311875,0.0613502,0.0896361,0.115464,0.138535,0.158779,0.176293,0.191271,0.203954,0.214596,0.223444,0.230727,0.23665,0.241393,0.245113,0.247945,0.250007,0.251399,0.252207,0.252505,0.252359,0.251824,0.250947,0.249772,0.248334,0.246666,0.244797,0.24275,0.240548,0.238212,0.235757,0.233199,0.230553,0.22783,0.225042,0.222199,0.219309,0.216381,0.213422,0.210438,0.207436,0.204421,0.201398,0.19837,0.195343,0.19232,0.189303,0.186297,0.183304,0.180325,0.177364,0.174422,0.171502,0.168604,0.16573,0.162882,0.16006,0.157266,0.1545,0.151763,0.149056,0.14638,0.143735,0.141121,0.138539,0.135988,0.13347,0.130985,0.128532,0.126111,0.123723,0.121367,0.119044,0.116753,0.114494,0.112268,0.110073,0.107909,0.105777,0.103676,0.101606,0.0995665,0.0975569,0.0955772,0.0936269,0.0917057,0.0898132,0.0879491,0.086113,0.0843044,0.082523,0.0807683,0.0790401,0.0773377,0.0756609,0.0740091,0.0723821,0.0707792,0.0692002,0.0676446,0.0661119,0.0646017,0.0631136,0.0616472,0.060202,0.0587776,0.0573735,0.0559894,0.0546249,0.0532794,0.0519526,0.0506441,0.0493535,0.0480802,0.046824,0.0455844,0.044361,0.0431534,0.0419612,0.040784,0.0396215,0.0384731,0.0373386,0.0362175,0.0351095,0.0340141,0.032931,0.0318599,0.0308003,0.0297519,0.0287142,0.0276871,0.02667,0.0256626,0.0246645,0.0236755,0.0226951,0.0217231,0.0207589,0.0198024,0.0188531,0.0179108,0.016975,0.0160454,0.0151218,0.0142037,0.0132908,0.0123828,0.0114793,0.0105801,0.00968478,0.00879303,0.00790451,0.00701891,0.00613589,0.00525514,0.00437633,0.00349913,0.00262322,0.00174827
0,0.0361162,0.0707447,0.102719,0.13134,0.156343,0.177783,0.195912,0.211069,0.223622,0.233924,0.242298,0.249024,0.254347,0.258471,0.261573,0.263797,0.26527,0.266095,0.26636,0.266143,0.265506,0.264505,0.263187,0.261594,0.25976,0.257716,0.25549,0.253105,0.250581,0.247939,0.245192,0.242357,0.239446,0.236471,0.233441,0.230366,0.227255,0.224114,0.220951,0.217771,0.21458,0.211383,0.208185,0.204989,0.201799,0.198619,0.19545,0.192297,0.189161,0.186045,0.182951,0.179879,0.176833,0.173813,0.170821,0.167857,0.164923,0.16202,0.159148,0.156308,0.153501,0.150727,0.147986,0.145279,0.142605,0.139966,0.137362,0.134792,0.132256,0.129754,0.127287,0.124855,0.122456,0.120091,0.11776,0.115463,0.113199,0.110968,0.108769,0.106603,0.10447,0.102368,0.100297,0.0982574,0.0962484,0.0942697,0.0923208,0.0904013,0.0885109,0.0866491,0.0848155,0.0830096,0.0812309,0.0794792,0.0777538,0.0760545,0.0743806,0.0727318,0.0711076,0.0695075,0.0679312,0.0663782,0.0648479,0.06334,0.061854,0.0603895,0.058946,0.0575231,0.0561204,0.0547373,0.0533735,0.0520285,0.0507019,0.0493933,0.0481022,0.0468282,0.045571,0.04433,0.0431049,0.0418952,0.0407006,0.0395206,0.0383549,0.037203,0.0360646,0.0349391,0.0338264,0.0327259,0.0316373,0.0305602,0.0294942,0.028439,0.0273941,0.0263593,0.025334,0.024318,0.023311,0.0223124,0.021322,0.0203395,0.0193644,0.0183964,0.0174352,0.0164804,0.0155317,0.0145886,0.013651,0.0127183,0.0117904,0.0108668,0.00994718,0.00903125,0.00811865,0.00720905,0.00630211,0.00539749,0.00449487,0.0035939,0.00269427,0.00179563
0,0.0425325,0.0827931,0.119157,0.150834,0.177713,0.200101,0.218501,0.23347,0.24554,0.255182,0.262798,0.268726,0.273241,0.276573,0.278908,0.280402,0.28118,0.281349,0.280998,0.2802,0.279017,0.277504,0.275704,0.273656,0.271395,0.268948,0.266342,0.263597,0.260734,0.257769,0.254717,0.251591,0.248404,0.245165,0.241884,0.23857,0.235229,0.231869,0.228496,0.225114,0.22173,0.218347,0.21497,0.211602,0.208246,0.204905,0.201582,0.19828,0.194999,0.191744,0.188514,0.185311,0.182138,0.178995,0.175883,0.172803,0.169757,0.166744,0.163765,0.160821,0.157913,0.15504,0.152203,0.149402,0.146638,0.14391,0.141219,0.138564,0.135946,0.133364,0.130818,0.128308,0.125834,0.123396,0.120993,0.118625,0.116292,0.113993,0.111729,0.109499,0.107301,0.105137,0.103006,0.100907,0.0988397,0.0968039,0.094799,0.0928247,0.0908804,0.0889658,0.0870803,0.0852236,0.0833951,0.0815943,0.0798209,0.0780743,0.0763541,0.0746598,0.0729909,0.0713469,0.0697274,0.0681319,0.0665599,0.065011,0.0634847,0.0619806,0.0604981,0.0590368,0.0575962,0.056176,0.0547755,0.0533945,0.0520325,0.0506889,0.0493634,0.0480555,0.0467648,0.0454908,0.0442332,0.0429914,0.0417652,0.040554,0.0393575,0.0381752,0.0370067,0.0358516,0.0347096,0.0335801,0.0324629,0.0313575,0.0302635,0.0291806,0.0281084,0.0270464,0.0259943,0.0249517,0.0239183,0.0228936,0.0218774,0.0208692,0.0198686,0.0188754,0.0178891,0.0169094,0.0159359,0.0149683,0.0140062,0.0130492,0.0120971,0.0111495,0.0102059,0.00926616,0.00832982,0.00739655,0.00646601,0.00553786,0.00461176,0.00368736,0.00276433,0.00184232
0,0.0512208,0.0987384,0.140281,0.175126,0.203575,0.226405,0.244521,0.258771,0.269886,0.278465,0.284988,0.289839,0.29332,0.295671,0.297087,0.297721,0.297699,0.297125,0.296082,0.294641,0.29286,0.290788,0.288467,0.285933,0.283215,0.280341,0.277332,0.274209,0.270989,0.267686,0.264315,0.260888,0.257413,0.253902,0.250362,0.2468,0.243223,0.239638,0.236049,0.232461,0.228879,0.225306,0.221746,0.218202,0.214677,0.211174,0.207694,0.20424,0.200813,0.197416,0.194049,0.190715,0.187413,0.184146,0.180913,0.177716,0.174556,0.171433,0.168347,0.165299,0.162289,0.159317,0.156384,0.15349,0.150635,0.147818,0.14504,0.1423,0.139599,0.136937,0.134312,0.131725,0.129176,0.126665,0.12419,0.121752,0.11935,0.116985,0.114655,0.11236,0.1101,0.107875,0.105683,0.103525,0.1014,0.0993073,0.0972468,0.095218,0.0932204,0.0912534,0.0893166,0.0874094,0.0855315,0.0836823,0.0818613,0.080068,0.0783019,0.0765625,0.0748493,0.0731619,0.0714997,0.0698622,0.068249,0.0666596,0.0650934,0.06355,0.062029,0.0605297,0.0590519,0.0575949,0.0561583,0.0547417,0.0533446,0.0519665,0.050607,0.0492656,0.0479419,0.0466354,0.0453456,0.0440723,0.0428148,0.0415728,0.0403459,0.0391336,0.0379355,0.0367511,0.0355802,0.0344222,0.0332767,0.0321434,0.0310219,0.0299116,0.0288124,0.0277236,0.0266451,0.0255763,0.0245169,0.0234665,0.0224247,0.0213912,0.0203656,0.0193474,0.0183364,0.0173321,0.0163343,0.0153424,0.0143562,0.0133754,0.0123994,0.0114281,0.0104609,0.00949768,0.00853792,0.00758133,0.00662753,0.00567619,0.00472696,0.00377947,0.00283338,0.00188834
0,0.0636123,0.120659,0.168102,0.205815,0.235055,0.257425,0.274406,0.287207,0.296768,0.303803,0.308852,0.312322,0.314527,0.315706,0.316046,0.315696,0.314772,0.313369,0.311565,0.309422,0.306993,0.304322,0.301444,0.298393,0.295193,0.291867,0.288437,0.284918,0.281325,0.277673,0.273971,0.27023,0.26646,0.262667,0.25886,0.255045,0.251226,0.24741,0.243601,0.239802,0.236018,0.232252,0.228506,0.224784,0.221088,0.217419,0.21378,0.210173,0.206598,0.203058,0.199553,0.196085,0.192654,0.189261,0.185907,0.182593,0.179319,0.176084,0.172891,0.169738,0.166627,0.163556,0.160527,0.157539,0.154592,0.151687,0.148822,0.145998,0.143215,0.140472,0.137769,0.135105,0.132481,0.129897,0.127351,0.124843,0.122373,0.119941,0.117546,0.115187,0.112865,0.110578,0.108327,0.10611,0.103927,0.101779,0.0996631,0.0975803,0.0955298,0.0935109,0.0915232,0.0895662,0.0876394,0.0857421,0.083874,0.0820345,0.080223,0.0784391,0.0766821,0.0749517,0.0732473,0.0715684,0.0699144,0.0682849,0.0666794,0.0650973,0.0635381,0.0620014,0.0604867,0.0589935,0.0575212,0.0560695,0.0546378,0.0532256,0.0518326,0.0504581,0.0491018,0.0477632,0.0464418,0.0451372,0.043849,0.0425766,0.0413197,0.0400778,0.0388505,0.0376373,0.0364379,0.0352517,0.0340785,0.0329177,0.0317689,0.0306318,0.0295059,0.0283908,0.0272862,0.0261915,0.0251065,0.0240308,0.0229639,0.0219054,0.0208551,0.0198124,0.018777,0.0177486,0.0167267,0.015711,0.0147011,0.0136966,0.0126972,0.0117025,0.0107121,0.00972569,0.00874289,0.00776332,0.00678662,0.00581244,0.00484041,0.00387018,0.00290138,0.00193366
0,0.0825692,0.152184,0.205652,0.244976,0.273404,0.293835,0.308471,0.318883,0.326176,0.331128,0.334293,0.336072,0.33676,0.336578,0.335696,0.334244,0.332323,0.330015,0.327386,0.32449,0.321369,0.318061,0.314596,0.311,0.307295,0.3035,0.29963,0.2957,0.291723,0.287708,0.283665,0.279603,0.275528,0.271448,0.267367,0.263292,0.259227,0.255176,0.251142,0.247129,0.24314,0.239177,0.235243,0.23134,0.22747,0.223635,0.219835,0.216073,0.212349,0.208665,0.205021,0.201418,0.197857,0.194338,0.190863,0.18743,0.184041,0.180696,0.177394,0.174137,0.170924,0.167754,0.164629,0.161547,0.158509,0.155515,0.152564,0.149655,0.14679,0.143967,0.141185,0.138446,0.135748,0.13309,0.130473,0.127896,0.125359,0.12286,0.1204,0.117978,0.115594,0.113246,0.110936,0.108661,0.106421,0.104217,0.102047,0.0999105,0.0978076,0.0957374,0.0936993,0.091693,0.0897177,0.087773,0.0858583,0.083973,0.0821167,0.0802887,0.0784886,0.0767157,0.0749696,0.0732497,0.0715555,0.0698864,0.068242,0.0666217,0.0650249,0.0634513,0.0619002,0.0603712,0.0588637,0.0573773,0.0559115,0.0544658,0.0530396,0.0516326,0.0502442,0.0488739,0.0475213,0.046186,0.0448674,0.0435651,0.0422786,0.0410076,0.0397515,0.0385099,0.0372824,0.0360685,0.0348678,0.0336799,0.0325044,0.0313407,0.0301886,0.0290476,0.0279173,0.0267972,0.025687,0.0245863,0.0234946,0.0224116,0.0213369,0.02027,0.0192107,0.0181584,0.0171129,0.0160737,0.0150404,0.0140128,0.0129903,0.0119726,0.0109593,0.00995013,0.00894463,0.00794245,0.00694321,0.00594655,0.00495209,0.00395947,0.00296832,0.00197827
0,0.11448,0.199855,0.257347,0.295035,0.319749,0.336041,0.346759,0.353677,0.357925,0.36024,0.36112,0.360912,0.359862,0.358152,0.355917,0.35326,0.350261,0.346982,0.343476,0.339781,0.335933,0.331958,0.327879,0.323717,0.319488,0.315206,0.310883,0.306531,0.302157,0.297771,0.293379,0.288987,0.284602,0.280228,0.27587,0.27153,0.267214,0.262924,0.258662,0.254432,0.250235,0.246074,0.241949,0.237864,0.233818,0.229814,0.225853,0.221934,0.21806,0.214231,0.210447,0.206709,0.203017,0.199373,0.195774,0.192223,0.18872,0.185263,0.181854,0.178492,0.175176,0.171908,0.168687,0.165512,0.162383,0.1593,0.156262,0.15327,0.150323,0.14742,0.144561,0.141745,0.138973,0.136243,0.133556,0.13091,0.128305,0.125741,0.123216,0.120732,0.118286,0.115878,0.113509,0.111176,0.10888,0.106621,0.104397,0.102208,0.100053,0.0979317,0.0958439,0.0937887,0.0917656,0.089774,0.0878132,0.0858828,0.0839821,0.0821106,0.0802678,0.078453,0.0766657,0.0749054,0.0731715,0.0714634,0.0697806,0.0681226,0.0664888,0.0648787,0.0632917,0.0617274,0.0601853,0.0586647,0.0571653,0.0556864,0.0542277,0.0527885,0.0513684,0.049967,0.0485837,0.047218,0.0458695,0.0445378,0.0432222,0.0419225,0.040638,0.0393685,0.0381133,0.0368721,0.0356445,0.0344299,0.033228,0.0320382,0.0308603,0.0296938,0.0285381,0.027393,0.026258,0.0251327,0.0240167,0.0229096,0.0218109,0.0207203,0.0196373,0.0185617,0.0174929,0.0164305,0.0153743,0.0143238,0.0132786,0.0122383,0.0112025,0.0101709,0.00914308,0.00811865,0.00709724,0.00607846,0.00506194,0.00404729,0.00303416,0.00202214
0,0.175497,0.27541,0.328848,0.358066,0.374516,0.383821,0.388847,0.391143,0.391607,0.390786,0.389035,0.386593,0.383625,0.380251,0.37656,0.372618,0.368477,0.364178,0.359752,0.355227,0.350623,0.345957,0.341246,0.336501,0.331734,0.326953,0.322167,0.317382,0.312604,0.307839,0.303092,0.298366,0.293665,0.288993,0.284352,0.279746,0.275175,0.270643,0.266152,0.261702,0.257295,0.252933,0.248617,0.244347,0.240125,0.235952,0.231827,0.227752,0.223727,0.219752,0.215828,0.211954,0.208131,0.20436,0.200639,0.19697,0.193351,0.189783,0.186266,0.182799,0.179383,0.176016,0.172698,0.16943,0.16621,0.163039,0.159916,0.15684,0.153811,0.150829,0.147893,0.145002,0.142156,0.139355,0.136597,0.133883,0.131211,0.128581,0.125993,0.123446,0.12094,0.118472,0.116045,0.113655,0.111304,0.108989,0.106712,0.10447,0.102264,0.100093,0.0979559,0.0958525,0.0937821,0.0917441,0.0897379,0.0877629,0.0858185,0.0839041,0.0820191,0.0801629,0.078335,0.0765348,0.0747617,0.0730151,0.0712945,0.0695993,0.067929,0.066283,0.0646607,0.0630616,0.0614853,0.0599311,0.0583985,0.056887,0.0553962,0.0539254,0.0524742,0.051042,0.0496285,0.048233,0.0468551,0.0454943,0.0441501,0.0428221,0.0415098,0.0402127,0.0389304,0.0376623,0.0364081,0.0351673,0.0339394,0.032724,0.0315207,0.030329,0.0291486,0.0279788,0.0268195,0.02567,0.02453,0.0233991,0.0222769,0.0211629,0.0200568,0.018958,0.0178664,0.0167813,0.0157025,0.0146295,0.013562,0.0124994,0.0114416,0.0103879,0.00933816,0.00829186,0.00724864,0.00620813,0.00516991,0.00413363,0.00309887,0.00206528
0,0.312098,0.397438,0.424567,0.433866,0.436427,0.435881,0.433663,0.430442,0.426572,0.422262,0.417643,0.4128,0.407794,0.402668,0.397454,0.392176,0.386853,0.3815,0.37613,0.370751,0.365373,0.360003,0.354646,0.349308,0.343994,0.338706,0.333449,0.328226,0.323039,0.317891,0.312784,0.307719,0.3027,0.297727,0.292801,0.287925,0.283098,0.278323,0.273599,0.268928,0.26431,0.259747,0.255238,0.250783,0.246384,0.24204,0.237752,0.23352,0.229343,0.225222,0.221157,0.217148,0.213195,0.209296,0.205453,0.201666,0.197932,0.194253,0.190628,0.187057,0.183539,0.180074,0.176661,0.1733,0.16999,0.166731,0.163522,0.160363,0.157254,0.154192,0.151179,0.148214,0.145295,0.142422,0.139595,0.136813,0.134075,0.131381,0.12873,0.126121,0.123554,0.121028,0.118542,0.116096,0.11369,0.111321,0.108991,0.106698,0.104441,0.10222,0.100034,0.0978835,0.0957664,0.0936826,0.0916315,0.0896125,0.0876249,0.0856682,0.0837416,0.0818447,0.0799768,0.0781372,0.0763255,0.074541,0.0727831,0.0710513,0.069345,0.0676636,0.0660065,0.0643733,0.0627632,0.0611759,0.0596107,0.0580672,0.0565447,0.0550428,0.0535609,0.0520986,0.0506552,0.0492304,0.0478236,0.0464343,0.0450619,0.0437062,0.0423664,0.0410423,0.0397332,0.0384387,0.0371584,0.0358918,0.0346384,0.0333978,0.0321696,0.0309532,0.0297483,0.0285544,0.027371,0.0261978,0.0250343,0.02388,0.0227347,0.0215977,0.0204688,0.0193474,0.0182333,0.0171259,0.0160249,0.0149299,0.0138403,0.012756,0.0116764,0.0106011,0.00952978,0.008462,0.00739737,0.0063355,0.00527598,0.00421843,0.00316245,0.00210765
1,0.675458,0.577678,0.538118,0.516403,0.501444,0.489614,0.479484,0.470389,0.461978,0.454049,0.446473,0.43917,0.432083,0.425173,0.418411,0.411778,0.405258,0.39884,0.392514,0.386275,0.380117,0.374035,0.368028,0.362092,0.356226,0.350428,0.344698,0.339033,0.333435,0.327901,0.322432,0.317028,0.311688,0.306413,0.301201,0.296054,0.29097,0.28595,0.280994,0.276101,0.271272,0.266506,0.261804,0.257164,0.252587,0.248073,0.243621,0.239232,0.234904,0.230637,0.226432,0.222287,0.218202,0.214178,0.210213,0.206307,0.202459,0.198669,0.194937,0.191262,0.187643,0.184079,0.180571,0.177118,0.173718,0.170372,0.167079,0.163837,0.160647,0.157508,0.154419,0.151379,0.148387,0.145444,0.142548,0.139699,0.136895,0.134137,0.131423,0.128754,0.126127,0.123543,0.121,0.118498,0.116037,0.113616,0.111233,0.108889,0.106582,0.104312,0.102079,0.0998805,0.0977174,0.0955885,0.0934932,0.0914308,0.0894007,0.0874022,0.0854347,0.0834976,0.0815902,0.079712,0.0778622,0.0760404,0.0742458,0.072478,0.0707362,0.06902,0.0673287,0.0656617,0.0640186,0.0623987,0.0608014,0.0592263,0.0576728,0.0561403,0.0546283,0.0531362,0.0516636,0.0502099,0.0487747,0.0473573,0.0459573,0.0445742,0.0432076,0.0418568,0.0405214,0.039201,0.0378951,0.0366031,0.0353247,0.0340594,0.0328066,0.031566,0.030337,0.0291194,0.0279125,0.0267159,0.0255293,0.0243522,0.023184,0.0220246,0.0208732,0.0197297,0.0185935,0.0174642,0.0163414,0.0152247,0.0141136,0.0130078,0.0119069,0.0108104,0.00971788,0.00862901,0.00754336,0.00646053,0.0053801,0.00430167,0.00322485,0.00214923
1,0.812054,0.699697,0.633824,0.592185,0.563332,0.541647,0.524269,0.509652,0.496904,0.485481,0.475032,0.465324,0.456195,0.447529,0.43924,0.431268,0.423562,0.416087,0.408813,0.401718,0.394783,0.387994,0.381338,0.374806,0.36839,0.362083,0.35588,0.349775,0.343765,0.337847,0.332017,0.326273,0.320613,0.315035,0.309537,0.304119,0.298778,0.293514,0.288325,0.283211,0.27817,0.273203,0.268307,0.263482,0.258728,0.254044,0.249429,0.244882,0.240403,0.235991,0.231645,0.227365,0.22315,0.219,0.214913,0.210889,0.206928,0.203028,0.199189,0.19541,0.191691,0.18803,0.184428,0.180883,0.177394,0.173961,0.170584,0.16726,0.16399,0.160773,0.157609,0.154495,0.151432,0.148419,0.145455,0.142539,0.139671,0.136849,0.134074,0.131343,0.128658,0.126016,0.123417,0.12086,0.118345,0.115871,0.113437,0.111042,0.108686,0.106368,0.104087,0.101843,0.0996343,0.097461,0.095322,0.0932169,0.0911449,0.0891053,0.0870975,0.0851208,0.0831747,0.0812583,0.0793711,0.0775126,0.0756819,0.0738786,0.072102,0.0703515,0.0686266,0.0669265,0.0652508,0.0635989,0.0619701,0.060364,0.0587799,0.0572173,0.0556757,0.0541545,0.0526532,0.0511711,0.0497079,0.048263,0.0468359,0.045426,0.0440329,0.042656,0.0412948,0.039949,0.0386178,0.037301,0.035998,0.0347083,0.0334315,0.0321671,0.0309146,0.0296736,0.0284436,0.0272242,0.0260149,0.0248153,0.0236249,0.0224433,0.02127,0.0201046,0.0189468,0.017796,0.0166518,0.0155139,0.0143817,0.0132549,0.012133,0.0110156,0.00990238,0.00879283,0.00768656,0.00658316,0.00548222,0.00438332,0.00328606,0.00219002
1,0.873062,0.775233,0.705297,0.655179,0.618053,0.589372,0.566293,0.547045,0.530505,0.515938,0.50285,0.4909,0.479844,0.469506,0.459755,0.45049,0.441636,0.433132,0.424933,0.417,0.409304,0.401819,0.394524,0.387405,0.380446,0.373635,0.366964,0.360422,0.354005,0.347704,0.341515,0.335433,0.329455,0.323577,0.317795,0.312106,0.30651,0.301002,0.295582,0.290247,0.284996,0.279827,0.274739,0.26973,0.264799,0.259946,0.255168,0.250464,0.245835,0.241278,0.236793,0.232379,0.228034,0.223758,0.21955,0.21541,0.211335,0.207326,0.203381,0.199499,0.19568,0.191923,0.188227,0.184591,0.181014,0.177495,0.174034,0.17063,0.167281,0.163987,0.160747,0.157561,0.154427,0.151345,0.148313,0.145332,0.142399,0.139515,0.136679,0.133889,0.131145,0.128446,0.125792,0.123181,0.120613,0.118087,0.115602,0.113157,0.110753,0.108387,0.106059,0.103769,0.101516,0.0992991,0.0971172,0.09497,0.0928568,0.0907768,0.0887293,0.0867137,0.0847294,0.0827755,0.0808516,0.0789569,0.0770908,0.0752526,0.0734418,0.0716577,0.0698996,0.0681671,0.0664594,0.064776,0.0631163,0.0614797,0.0598657,0.0582736,0.0567029,0.055153,0.0536235,0.0521136,0.050623,0.0491511,0.0476973,0.0462611,0.044842,0.0434395,0.042053,0.0406822,0.0393264,0.0379852,0.0366581,0.0353445,0.0340441,0.0327564,0.0314808,0.0302169,0.0289643,0.0277224,0.0264909,0.0252692,0.024057,0.0228537,0.0216589,0.0204722,0.0192931,0.0181212,0.0169561,0.0157973,0.0146444,0.013497,0.0123546,0.0112168,0.0100832,0.00895338,0.0078269,0.00670335,0.0055823,0.00446334,0.00334605,0.00223
1,0.904959,0.822877,0.75695,0.705182,0.66433,0.631496,0.604486,0.581731,0.562132,0.544915,0.52953,0.515581,0.502776,0.490898,0.479782,0.469301,0.459358,0.449874,0.440787,0.432047,0.423613,0.415452,0.407536,0.399843,0.392352,0.385048,0.377917,0.370946,0.364127,0.357449,0.350906,0.344491,0.338198,0.332022,0.325958,0.320003,0.314152,0.308404,0.302754,0.2972,0.29174,0.286371,0.281091,0.2759,0.270793,0.265771,0.260832,0.255973,0.251195,0.246494,0.24187,0.237322,0.232849,0.228449,0.224121,0.219864,0.215677,0.211559,0.207509,0.203526,0.199608,0.195755,0.191966,0.18824,0.184575,0.180972,0.177428,0.173943,0.170516,0.167147,0.163833,0.160575,0.157371,0.15422,0.151122,0.148076,0.14508,0.142134,0.139237,0.136389,0.133587,0.130832,0.128123,0.125459,0.122838,0.120261,0.117726,0.115233,0.11278,0.110368,0.107994,0.105659,0.103362,0.101102,0.0988779,0.0966894,0.0945356,0.0924158,0.0903294,0.0882755,0.0862537,0.084263,0.0823029,0.0803728,0.0784718,0.0765994,0.074755,0.0729378,0.0711473,0.0693829,0.0676438,0.0659295,0.0642395,0.062573,0.0609295,0.0593085,0.0577093,0.0561313,0.0545741,0.053037,0.0515195,0.0500211,0.0485411,0.0470792,0.0456346,0.044207,0.0427958,0.0414004,0.0400204,0.0386553,0.0373046,0.0359677,0.0346442,0.0333336,0.0320353,0.0307491,0.0294742,0.0282104,0.0269571,0.0257138,0.0244801,0.0232556,0.0220397,0.0208321,0.0196322,0.0184397,0.017254,0.0160749,0.0149017,0.0137341,0.0125716,0.0114138,0.0102603,0.00911061,0.00796434,0.00682105,0.00568032,0.00454171,0.00340479,0.00226915
1,0.923897,0.854365,0.794446,0.74427,0.702587,0.667796,0.638423,0.613262,0.591378,0.57206,0.554775,0.539118,0.524781,0.511527,0.499173,0.487576,0.476622,0.466219,0.456294,0.446787,0.43765,0.428841,0.420326,0.412078,0.404072,0.396288,0.388709,0.38132,0.374107,0.36706,0.360169,0.353426,0.346824,0.340354,0.334013,0.327794,0.321693,0.315706,0.309829,0.304059,0.298392,0.292825,0.287357,0.281984,0.276704,0.271515,0.266415,0.261403,0.256476,0.251633,0.246872,0.242192,0.237591,0.233067,0.228621,0.224249,0.219951,0.215725,0.211571,0.207486,0.203471,0.199524,0.195643,0.191827,0.188076,0.184389,0.180763,0.177199,0.173695,0.17025,0.166864,0.163534,0.160261,0.157043,0.153879,0.150769,0.147711,0.144704,0.141748,0.138841,0.135983,0.133173,0.13041,0.127693,0.125021,0.122393,0.119809,0.117268,0.114768,0.112309,0.109891,0.107512,0.105171,0.102869,0.100603,0.0983741,0.0961804,0.0940216,0.0918969,0.0898055,0.0877468,0.08572,0.0837245,0.0817595,0.0798244,0.0779184,0.076041,0.0741915,0.0723691,0.0705733,0.0688035,0.067059,0.0653391,0.0636434,0.0619711,0.0603216,0.0586945,0.057089,0.0555047,0.0539409,0.0523971,0.0508727,0.0493671,0.0478799,0.0464104,0.0449582,0.0435227,0.0421034,0.0406997,0.0393112,0.0379373,0.0365775,0.0352314,0.0338984,0.032578,0.0312698,0.0299733,0.0286879,0.0274133,0.0261489,0.0248942,0.0236489,0.0224124,0.0211843,0.0199641,0.0187513,0.0175456,0.0163465,0.0151534,0.013966,0.0127839,0.0116066,0.0104335,0.00926445,0.00809882,0.00693622,0.00577622,0.00461838,0.00346227,0.00230746
1,0.936266,0.876239,0.822197,0.774867,0.733952,0.698678,0.668148,0.641516,0.618056,0.597174,0.578393,0.561335,0.545702,0.531256,0.517808,0.505208,0.493333,0.482085,0.471382,0.461158,0.451358,0.441935,0.43285,0.424071,0.41557,0.407324,0.399312,0.391516,0.383921,0.376515,0.369285,0.362222,0.355316,0.348559,0.341946,0.335468,0.329121,0.322899,0.316798,0.310814,0.304943,0.299182,0.293526,0.287974,0.282523,0.27717,0.271912,0.266747,0.261674,0.25669,0.251793,0.246982,0.242255,0.23761,0.233045,0.22856,0.224152,0.21982,0.215562,0.211378,0.207267,0.203225,0.199254,0.19535,0.191514,0.187743,0.184037,0.180395,0.176815,0.173296,0.169837,0.166438,0.163096,0.159812,0.156583,0.15341,0.15029,0.147223,0.144209,0.141245,0.138331,0.135467,0.132651,0.129882,0.127159,0.124482,0.121849,0.119261,0.116715,0.114211,0.111748,0.109326,0.106943,0.104599,0.102292,0.100023,0.0977906,0.0955935,0.0934312,0.091303,0.0892082,0.087146,0.0851156,0.0831165,0.0811479,0.079209,0.0772993,0.075418,0.0735644,0.071738,0.069938,0.0681638,0.0664148,0.0646904,0.0629898,0.0613126,0.0596581,0.0580257,0.0564148,0.0548249,0.0532553,0.0517055,0.0501749,0.0486629,0.0471691,0.0456928,0.0442335,0.0427907,0.0413639,0.0399525,0.0385559,0.0371738,0.0358055,0.0344506,0.0331086,0.0317789,0.0304612,0.0291548,0.0278593,0.0265742,0.0252991,0.0240334,0.0227767,0.0215286,0.0202885,0.019056,0.0178306,0.016612,0.0153995,0.0141928,0.0129915,0.011795,0.0106029,0.00941484,0.00823028,0.0070488,0.00586997,0.00469333,0.00351846,0.00234491
1,0.944926,0.892128,0.843237,0.799047,0.759675,0.724817,0.693975,0.666598,0.642157,0.620186,0.600287,0.582128,0.565435,0.549986,0.535596,0.522115,0.509419,0.497406,0.485992,0.475106,0.464689,0.45469,0.445068,0.435786,0.426814,0.418126,0.409698,0.401511,0.393548,0.385794,0.378235,0.37086,0.363659,0.356622,0.349742,0.343011,0.336423,0.329971,0.323651,0.317457,0.311386,0.305432,0.299593,0.293865,0.288244,0.282729,0.277315,0.272,0.266783,0.26166,0.256629,0.251689,0.246837,0.242072,0.237391,0.232793,0.228277,0.22384,0.219481,0.215199,0.210991,0.206858,0.202797,0.198806,0.194886,0.191033,0.187248,0.183528,0.179873,0.176281,0.172752,0.169283,0.165874,0.162525,0.159232,0.155997,0.152817,0.149691,0.146619,0.143599,0.140631,0.137713,0.134844,0.132024,0.129252,0.126526,0.123846,0.121211,0.11862,0.116071,0.113565,0.1111,0.108676,0.106291,0.103945,0.101636,0.0993653,0.0971306,0.0949315,0.0927673,0.090637,0.0885401,0.0864757,0.0844431,0.0824417,0.0804706,0.0785292,0.0766168,0.0747328,0.0728763,0.0710468,0.0692436,0.0674661,0.0657136,0.0639854,0.062281,0.0605997,0.058941,0.0573041,0.0556886,0.0540938,0.0525192,0.0509641,0.0494279,0.0479103,0.0464104,0.044928,0.0434622,0.0420127,0.0405789,0.0391603,0.0377563,0.0363664,0.0349901,0.0336269,0.0322763,0.0309377,0.0296108,0.0282949,0.0269896,0.0256945,0.0244089,0.0231326,0.0218649,0.0206053,0.0193536,0.018109,0.0168713,0.0156399,0.0144144,0.0131942,0.011979,0.0107684,0.00956172,0.00835867,0.00715875,0.00596153,0.00476654,0.00357334,0.00238148
1,0.951309,0.904111,0.859577,0.818411,0.780882,0.74694,0.716339,0.688742,0.663788,0.641126,0.620441,0.601454,0.583927,0.567657,0.552474,0.538236,0.524821,0.512129,0.500075,0.488586,0.477601,0.467069,0.456945,0.447191,0.437775,0.428667,0.419843,0.411282,0.402966,0.394876,0.387,0.379324,0.371837,0.364528,0.357389,0.350411,0.343588,0.336912,0.330377,0.323978,0.31771,0.311568,0.305549,0.299648,0.293861,0.288186,0.282619,0.277156,0.271797,0.266537,0.261375,0.256307,0.251333,0.246449,0.241654,0.236945,0.232322,0.227782,0.223323,0.218944,0.214643,0.210418,0.206269,0.202193,0.198189,0.194256,0.190393,0.186597,0.182868,0.179205,0.175605,0.172069,0.168594,0.16518,0.161825,0.158528,0.155289,0.152105,0.148977,0.145902,0.14288,0.139909,0.13699,0.13412,0.131298,0.128525,0.125798,0.123118,0.120482,0.11789,0.115341,0.112834,0.110369,0.107944,0.105559,0.103212,0.100904,0.0986323,0.0963972,0.0941976,0.0920327,0.0899018,0.0878041,0.0857388,0.0837052,0.0817026,0.0797303,0.0777875,0.0758736,0.0739878,0.0721294,0.0702979,0.0684924,0.0667125,0.0649573,0.0632264,0.061519,0.0598344,0.0581722,0.0565317,0.0549123,0.0533134,0.0517343,0.0501746,0.0486337,0.0471109,0.0456057,0.0441176,0.042646,0.0411903,0.0397501,0.0383247,0.0369137,0.0355165,0.0341326,0.0327616,0.0314028,0.0300558,0.02872,0.027395,0.0260803,0.0247754,0.0234798,0.022193,0.0209145,0.0196439,0.0183807,0.0171243,0.0158744,0.0146305,0.013392,0.0121586,0.0109298,0.00970503,0.00848394,0.00726604,0.00605086,0.00483796,0.00362688,0.00241716
1,0.956201,0.913431,0.872548,0.834137,0.798504,0.765721,0.735698,0.708245,0.683126,0.660091,0.638897,0.61932,0.60116,0.584241,0.568409,0.553533,0.539501,0.526214,0.513591,0.50156,0.490061,0.47904,0.468453,0.458259,0.448426,0.438924,0.429726,0.42081,0.412156,0.403746,0.395566,0.3876,0.379837,0.372265,0.364875,0.357658,0.350606,0.343711,0.336967,0.330368,0.323908,0.317583,0.311387,0.305316,0.299367,0.293535,0.287817,0.28221,0.276711,0.271317,0.266025,0.260833,0.255738,0.250738,0.24583,0.241013,0.236285,0.231643,0.227085,0.222611,0.218218,0.213904,0.209668,0.205508,0.201423,0.19741,0.19347,0.1896,0.185798,0.182064,0.178396,0.174793,0.171253,0.167776,0.16436,0.161003,0.157705,0.154465,0.151281,0.148152,0.145077,0.142055,0.139085,0.136166,0.133297,0.130477,0.127705,0.124979,0.1223,0.119665,0.117075,0.114527,0.112022,0.109558,0.107134,0.104751,0.102405,0.100098,0.0978275,0.0955933,0.0933946,0.0912304,0.0891001,0.0870029,0.0849379,0.0829045,0.080902,0.0789295,0.0769863,0.0750719,0.0731854,0.0713261,0.0694934,0.0676867,0.0659052,0.0641483,0.0624154,0.0607057,0.0590188,0.0573539,0.0557104,0.0540878,0.0524854,0.0509027,0.049339,0.0477938,0.0462665,0.0447565,0.0432633,0.0417863,0.040325,0.0388789,0.0374473,0.0360297,0.0346257,0.0332347,0.0318561,0.0304895,0.0291344,0.0277902,0.0264564,0.0251326,0.0238183,0.0225129,0.0212159,0.0199269,0.0186454,0.017371,0.016103,0.0148411,0.0135848,0.0123337,0.0110871,0.00984472,0.00860604,0.0073706,0.00613794,0.00490758,0.00367907,0.00245194
1,0.960062,0.920864,0.883046,0.847086,0.813276,0.781743,0.752486,0.725414,0.70038,0.677214,0.655735,0.635769,0.617153,0.599737,0.583388,0.567988,0.553434,0.539636,0.526516,0.514004,0.502042,0.490578,0.479566,0.468967,0.458748,0.448876,0.439327,0.430076,0.421102,0.412388,0.403916,0.395673,0.387645,0.37982,0.372188,0.36474,0.357466,0.350359,0.343412,0.336619,0.329972,0.323467,0.317099,0.310863,0.304755,0.29877,0.292905,0.287157,0.281521,0.275995,0.270576,0.265261,0.260048,0.254934,0.249916,0.244992,0.240161,0.235419,0.230765,0.226197,0.221713,0.217312,0.212991,0.208748,0.204583,0.200493,0.196477,0.192534,0.188661,0.184858,0.181122,0.177454,0.173851,0.170311,0.166835,0.163419,0.160064,0.156768,0.15353,0.150348,0.147221,0.144149,0.14113,0.138163,0.135247,0.132382,0.129564,0.126795,0.124073,0.121397,0.118765,0.116178,0.113634,0.111132,0.108671,0.10625,0.103869,0.101526,0.0992216,0.0969537,0.0947219,0.0925253,0.0903632,0.0882348,0.0861392,0.0840757,0.0820437,0.0800422,0.0780706,0.0761281,0.0742141,0.0723279,0.0704687,0.0686358,0.0668286,0.0650464,0.0632885,0.0615544,0.0598433,0.0581546,0.0564878,0.0548421,0.0532169,0.0516117,0.0500259,0.0484589,0.04691,0.0453788,0.0438645,0.0423668,0.040885,0.0394185,0.0379668,0.0365295,0.0351058,0.0336953,0.0322976,0.0309119,0.0295379,0.028175,0.0268227,0.0254805,0.0241478,0.0228243,0.0215093,0.0202025,0.0189032,0.0176111,0.0163256,0.0150463,0.0137726,0.0125041,0.0112403,0.00998073,0.00872493,0.00747241,0.00622272,0.00497536,0.00372988,0.00248581
1,0.963183,0.926916,0.891688,0.857884,0.825769,0.795489,0.767091,0.740544,0.715768,0.692649,0.671061,0.65087,0.631946,0.614166,0.597417,0.581596,0.566612,0.552381,0.538831,0.525898,0.513525,0.501663,0.490266,0.479297,0.46872,0.458507,0.448629,0.439064,0.429789,0.420786,0.412039,0.403531,0.39525,0.387183,0.379318,0.371647,0.36416,0.356848,0.349705,0.342722,0.335894,0.329215,0.32268,0.316283,0.310019,0.303886,0.297877,0.29199,0.286221,0.280566,0.275023,0.269589,0.26426,0.259033,0.253908,0.248879,0.243947,0.239107,0.234359,0.229699,0.225127,0.220639,0.216235,0.211911,0.207668,0.203502,0.199412,0.195397,0.191454,0.187583,0.183782,0.18005,0.176384,0.172784,0.169248,0.165776,0.162365,0.159014,0.155722,0.152489,0.149312,0.14619,0.143123,0.140109,0.137148,0.134237,0.131376,0.128565,0.125801,0.123084,0.120412,0.117786,0.115204,0.112664,0.110167,0.10771,0.105294,0.102917,0.100579,0.0982782,0.0960141,0.0937859,0.0915928,0.0894339,0.0873085,0.0852157,0.0831549,0.0811251,0.0791258,0.0771561,0.0752153,0.0733027,0.0714176,0.0695593,0.0677271,0.0659202,0.0641381,0.0623801,0.0606455,0.0589337,0.057244,0.0555759,0.0539286,0.0523015,0.0506942,0.0491059,0.047536,0.045984,0.0444494,0.0429314,0.0414296,0.0399434,0.0384722,0.0370155,0.0355728,0.0341434,0.0327269,0.0313227,0.0299303,0.0285492,0.0271789,0.0258188,0.0244684,0.0231272,0.0217947,0.0204705,0.019154,0.0178447,0.0165421,0.0152457,0.0139551,0.0126698,0.0113893,0.010113,0.00884054,0.00757143,0.00630516,0.00504128,0.0037793,0.00251874
1,0.965755,0.931929,0.898904,0.866994,0.836428,0.807355,0.779843,0.753903,0.729497,0.706555,0.68499,0.664703,0.645594,0.627564,0.610518,0.594369,0.579036,0.564445,0.55053,0.537233,0.524499,0.512282,0.500539,0.489233,0.47833,0.467802,0.45762,0.447761,0.438204,0.42893,0.419921,0.411163,0.402641,0.394342,0.386255,0.378371,0.370678,0.363169,0.355836,0.348671,0.341668,0.33482,0.328122,0.321569,0.315155,0.308876,0.302727,0.296705,0.290806,0.285026,0.279362,0.27381,0.268368,0.263033,0.257802,0.252671,0.24764,0.242705,0.237864,0.233115,0.228456,0.223884,0.219398,0.214995,0.210675,0.206434,0.202272,0.198187,0.194176,0.190239,0.186374,0.182578,0.178852,0.175193,0.171599,0.16807,0.164605,0.161201,0.157857,0.154573,0.151347,0.148177,0.145063,0.142004,0.138997,0.136043,0.13314,0.130286,0.127482,0.124725,0.122015,0.11935,0.116731,0.114155,0.111622,0.109131,0.10668,0.10427,0.101899,0.0995661,0.0972706,0.0950116,0.0927882,0.0905997,0.0884452,0.0863239,0.084235,0.0821778,0.0801515,0.0781553,0.0761884,0.0742502,0.0723399,0.0704568,0.0686002,0.0667694,0.0649638,0.0631826,0.0614251,0.0596908,0.0579789,0.0562889,0.05462,0.0529718,0.0513435,0.0497345,0.0481442,0.0465721,0.0450176,0.04348,0.0419588,0.0404534,0.0389632,0.0374878,0.0360264,0.0345787,0.033144,0.0317218,0.0303116,0.0289128,0.0275249,0.0261474,0.0247797,0.0234214,0.022072,0.0207308,0.0193975,0.0180715,0.0167524,0.0154395,0.0141325,0.0128308,0.011534,0.0102415,0.00895284,0.0076676,0.00638525,0.00510531,0.0038273,0.00255073
1,0.967907,0.936142,0.905006,0.874758,0.845595,0.817657,0.791025,0.765729,0.741761,0.719084,0.69764,0.677358,0.658164,0.639978,0.622723,0.606326,0.590717,0.575832,0.561612,0.548003,0.534956,0.522426,0.510375,0.498766,0.487567,0.476749,0.466287,0.456156,0.446336,0.436808,0.427554,0.418559,0.409808,0.401289,0.392991,0.384902,0.377013,0.369315,0.361799,0.354458,0.347286,0.340275,0.33342,0.326715,0.320155,0.313736,0.307451,0.301298,0.295273,0.289371,0.283588,0.277923,0.272371,0.266929,0.261594,0.256365,0.251237,0.246209,0.241277,0.236441,0.231697,0.227043,0.222477,0.217998,0.213602,0.209289,0.205056,0.200902,0.196825,0.192823,0.188895,0.185038,0.181252,0.177535,0.173886,0.170302,0.166783,0.163327,0.159933,0.156599,0.153325,0.150109,0.146949,0.143845,0.140795,0.137798,0.134853,0.131959,0.129115,0.126319,0.123571,0.12087,0.118214,0.115603,0.113035,0.11051,0.108027,0.105584,0.103181,0.100817,0.0984907,0.0962017,0.093949,0.0917316,0.0895488,0.0873998,0.0852837,0.0831998,0.0811472,0.0791252,0.077133,0.0751699,0.0732351,0.071328,0.0694477,0.0675937,0.0657651,0.0639613,0.0621817,0.0604255,0.0586921,0.0569808,0.0552911,0.0536222,0.0519735,0.0503444,0.0487344,0.0471427,0.0455689,0.0440122,0.0424722,0.0409482,0.0394396,0.0379459,0.0364666,0.035001,0.0335487,0.032109,0.0306814,0.0292655,0.0278606,0.0264662,0.0250818,0.0237069,0.0223409,0.0209834,0.0196338,0.0182916,0.0169563,0.0156275,0.0143045,0.012987,0.0116743,0.0103661,0.00906179,0.00776089,0.00646294,0.00516742,0.00387386,0.00258176
1,0.969732,0.939725,0.910222,0.881436,0.853538,0.826655,0.80087,0.776226,0.752735,0.73038,0.709127,0.688927,0.669725,0.65146,0.63407,0.617495,0.601675,0.586555,0.572083,0.558211,0.544895,0.532093,0.519769,0.507889,0.496423,0.485342,0.474623,0.464241,0.454177,0.444412,0.434928,0.42571,0.416744,0.408017,0.399517,0.391234,0.383157,0.375277,0.367587,0.360078,0.352743,0.345575,0.338568,0.331717,0.325016,0.31846,0.312044,0.305764,0.299616,0.293595,0.287698,0.281922,0.276263,0.270717,0.265283,0.259956,0.254735,0.249615,0.244596,0.239674,0.234848,0.230114,0.225471,0.220916,0.216447,0.212063,0.207762,0.203541,0.199399,0.195334,0.191344,0.187428,0.183584,0.179811,0.176107,0.17247,0.168898,0.165392,0.161948,0.158567,0.155246,0.151984,0.148779,0.145632,0.142539,0.139501,0.136516,0.133582,0.130699,0.127866,0.125081,0.122344,0.119653,0.117007,0.114406,0.111848,0.109332,0.106858,0.104424,0.10203,0.0996738,0.0973557,0.0950744,0.0928291,0.0906189,0.0884429,0.0863004,0.0841905,0.0821124,0.0800654,0.0780486,0.0760613,0.0741028,0.0721723,0.0702691,0.0683925,0.0665417,0.064716,0.0629149,0.0611375,0.0593832,0.0576513,0.0559413,0.0542524,0.052584,0.0509355,0.0493063,0.0476957,0.0461031,0.0445279,0.0429696,0.0414276,0.0399012,0.0383898,0.036893,0.0354102,0.0339407,0.0324841,0.0310398,0.0296072,0.0281858,0.026775,0.0253744,0.0239834,0.0226015,0.021228,0.0198627,0.0185048,0.017154,0.0158096,0.0144712,0.0131383,0.0118103,0.0104868,0.00916732,0.00785127,0.0065382,0.00522759,0.00391896,0.00261182
1,0.971296,0.942803,0.914721,0.887226,0.860465,0.834554,0.809573,0.785572,0.762572,0.740575,0.71956,0.699498,0.680349,0.662067,0.644603,0.627908,0.611933,0.59663,0.581955,0.567864,0.554319,0.541281,0.528718,0.516598,0.504892,0.493574,0.48262,0.472009,0.461719,0.451734,0.442035,0.432609,0.42344,0.414517,0.405827,0.397359,0.389103,0.381051,0.373194,0.365523,0.358032,0.350713,0.343561,0.336569,0.329732,0.323044,0.316501,0.310098,0.303831,0.297695,0.291688,0.285804,0.280041,0.274395,0.268863,0.263443,0.25813,0.252922,0.247818,0.242813,0.237906,0.233094,0.228376,0.223748,0.219208,0.214755,0.210387,0.206101,0.201896,0.197769,0.19372,0.189746,0.185846,0.182018,0.17826,0.174571,0.170949,0.167394,0.163902,0.160474,0.157107,0.153801,0.150553,0.147363,0.14423,0.141151,0.138127,0.135155,0.132235,0.129365,0.126544,0.123772,0.121047,0.118368,0.115734,0.113144,0.110597,0.108092,0.105628,0.103204,0.100819,0.098473,0.0961641,0.0938916,0.0916548,0.0894527,0.0872845,0.0851495,0.0830467,0.0809754,0.0789348,0.0769242,0.0749427,0.0729896,0.0710641,0.0691656,0.0672933,0.0654464,0.0636244,0.0618265,0.060052,0.0583002,0.0565705,0.0548622,0.0531748,0.0515074,0.0498596,0.0482306,0.0466199,0.0450269,0.0434509,0.0418914,0.0403477,0.0388193,0.0373056,0.0358061,0.03432,0.032847,0.0313865,0.0299378,0.0285004,0.0270738,0.0256575,0.0242509,0.0228535,0.0214647,0.0200841,0.0187111,0.0173451,0.0159857,0.0146324,0.0132846,0.0119419,0.0106036,0.00926941,0.0079387,0.006611,0.0052858,0.0039626,0.0026409
1,0.972649,0.945471,0.918632,0.892281,0.866544,0.841524,0.817297,0.793915,0.771408,0.749786,0.729041,0.709157,0.690107,0.671855,0.654367,0.637601,0.621518,0.606078,0.591242,0.576972,0.563235,0.549996,0.537225,0.524893,0.512974,0.501442,0.490276,0.479454,0.468958,0.458769,0.448871,0.43925,0.429892,0.420784,0.411914,0.403272,0.394847,0.386631,0.378614,0.370789,0.363149,0.355685,0.348393,0.341266,0.334298,0.327483,0.320818,0.314297,0.307915,0.301668,0.295553,0.289566,0.283702,0.277959,0.272333,0.266821,0.26142,0.256127,0.250939,0.245854,0.240869,0.235982,0.23119,0.226491,0.221883,0.217363,0.212929,0.20858,0.204314,0.200128,0.196021,0.191991,0.188036,0.184154,0.180345,0.176605,0.172935,0.169331,0.165793,0.16232,0.158909,0.155559,0.15227,0.149039,0.145865,0.142748,0.139685,0.136676,0.13372,0.130814,0.127959,0.125153,0.122395,0.119683,0.117018,0.114397,0.111819,0.109285,0.106792,0.104339,0.101927,0.0995531,0.0972174,0.0949186,0.092656,0.0904287,0.0882357,0.0860763,0.0839497,0.0818549,0.0797913,0.077758,0.0757542,0.0737792,0.0718323,0.0699126,0.0680194,0.0661521,0.0643099,0.0624922,0.0606981,0.0589271,0.0571784,0.0554514,0.0537455,0.0520599,0.0503941,0.0487474,0.0471192,0.0455089,0.0439158,0.0423394,0.0407791,0.0392342,0.0377041,0.0361884,0.0346864,0.0331976,0.0317213,0.0302571,0.0288043,0.0273624,0.025931,0.0245093,0.0230969,0.0216933,0.020298,0.0189103,0.0175297,0.0161559,0.0147881,0.013426,0.0120689,0.0107164,0.00936801,0.00802314,0.00668131,0.00534201,0.00400474,0.00266898
1,0.973828,0.947801,0.922057,0.896721,0.871905,0.847699,0.824176,0.801385,0.77936,0.758118,0.737662,0.717983,0.699064,0.680882,0.663408,0.646612,0.63046,0.614921,0.599961,0.585549,0.571652,0.558243,0.545293,0.532776,0.520668,0.508945,0.497587,0.486575,0.475889,0.465513,0.455431,0.445629,0.436094,0.426812,0.417774,0.408967,0.400382,0.39201,0.383842,0.375871,0.368088,0.360487,0.353061,0.345804,0.33871,0.331774,0.324991,0.318356,0.311863,0.30551,0.299292,0.293204,0.287243,0.281406,0.275689,0.270089,0.264602,0.259226,0.253958,0.248796,0.243735,0.238775,0.233912,0.229144,0.224469,0.219884,0.215388,0.210977,0.206652,0.202408,0.198245,0.19416,0.190152,0.186219,0.182359,0.178571,0.174853,0.171203,0.16762,0.164103,0.160649,0.157258,0.153927,0.150657,0.147445,0.14429,0.14119,0.138145,0.135154,0.132214,0.129325,0.126486,0.123696,0.120953,0.118257,0.115606,0.112999,0.110436,0.107915,0.105435,0.102996,0.100595,0.0982338,0.0959096,0.0936221,0.0913704,0.0891535,0.0869706,0.0848208,0.0827034,0.0806175,0.0785623,0.0765371,0.074541,0.0725733,0.0706332,0.0687199,0.0668328,0.0649712,0.0631342,0.0613213,0.0595317,0.0577647,0.0560196,0.0542959,0.0525928,0.0509096,0.0492458,0.0476007,0.0459737,0.0443642,0.0427715,0.041195,0.0396342,0.0380885,0.0365571,0.0350397,0.0335356,0.0320442,0.0305649,0.0290973,0.0276407,0.0261946,0.0247584,0.0233317,0.0219138,0.0205042,0.0191023,0.0177078,0.0163199,0.0149383,0.0135623,0.0121914,0.0108252,0.00946308,0.00810455,0.0067491,0.00539621,0.00404537,0.00269606
1,0.974863,0.949848,0.925072,0.900642,0.876656,0.853194,0.830321,0.808088,0.786529,0.765665,0.745505,0.726049,0.707285,0.6892,0.671772,0.654977,0.638791,0.623186,0.608134,0.593609,0.579583,0.566031,0.552928,0.54025,0.527976,0.516083,0.504554,0.493368,0.48251,0.471962,0.461711,0.451741,0.442041,0.432599,0.423402,0.41444,0.405705,0.397186,0.388875,0.380764,0.372846,0.365113,0.35756,0.350179,0.342965,0.335913,0.329016,0.322272,0.315673,0.309217,0.302899,0.296715,0.290661,0.284733,0.278928,0.273243,0.267674,0.262218,0.256873,0.251635,0.246501,0.24147,0.236539,0.231704,0.226964,0.222317,0.21776,0.21329,0.208907,0.204608,0.20039,0.196253,0.192194,0.188211,0.184303,0.180467,0.176703,0.173009,0.169382,0.165822,0.162327,0.158895,0.155526,0.152217,0.148967,0.145776,0.142641,0.139561,0.136536,0.133563,0.130642,0.127771,0.12495,0.122177,0.119451,0.116771,0.114136,0.111545,0.108997,0.106491,0.104025,0.101599,0.0992128,0.0968642,0.0945527,0.0922773,0.0900373,0.0878318,0.0856598,0.0835205,0.0814132,0.0793369,0.077291,0.0752745,0.0732868,0.071327,0.0693944,0.0674882,0.0656078,0.0637524,0.0619213,0.0601138,0.0583291,0.0565667,0.0548258,0.0531057,0.0514059,0.0497256,0.0480643,0.0464212,0.0447958,0.0431874,0.0415954,0.0400193,0.0384584,0.0369121,0.0353798,0.0338609,0.032355,0.0308613,0.0293794,0.0279086,0.0264484,0.0249983,0.0235576,0.0221259,0.0207026,0.0192872,0.0178791,0.0164778,0.0150828,0.0136934,0.0123093,0.0109299,0.00955458,0.00818291,0.00681435,0.00544838,0.00408448,0.00272212
1,0.975776,0.951656,0.92774,0.904121,0.880883,0.858098,0.835827,0.814117,0.793003,0.772508,0.752646,0.733421,0.714828,0.69686,0.679501,0.662735,0.646541,0.630897,0.61578,0.601169,0.58704,0.57337,0.560137,0.547321,0.534901,0.522859,0.511176,0.499835,0.48882,0.478116,0.467708,0.457585,0.447732,0.438139,0.428794,0.419688,0.410811,0.402153,0.393707,0.385465,0.377418,0.369561,0.361886,0.354387,0.347058,0.339895,0.332891,0.326041,0.319341,0.312786,0.306373,0.300096,0.293952,0.287937,0.282048,0.27628,0.270632,0.265099,0.259679,0.254369,0.249166,0.244066,0.239069,0.23417,0.229368,0.22466,0.220044,0.215518,0.211079,0.206726,0.202456,0.198268,0.194159,0.190128,0.186173,0.182292,0.178484,0.174746,0.171077,0.167476,0.163942,0.160471,0.157064,0.153718,0.150432,0.147205,0.144036,0.140923,0.137865,0.13486,0.131908,0.129007,0.126156,0.123354,0.120599,0.117892,0.115229,0.112612,0.110037,0.107505,0.105015,0.102565,0.100154,0.0977818,0.0954471,0.0931492,0.0908869,0.0886595,0.0864661,0.0843059,0.0821779,0.0800813,0.0780155,0.0759794,0.0739724,0.0719937,0.0700425,0.068118,0.0662196,0.0643464,0.0624978,0.0606731,0.0588714,0.0570923,0.0553349,0.0535986,0.0518827,0.0501866,0.0485096,0.0468511,0.0452104,0.043587,0.0419801,0.0403892,0.0388137,0.037253,0.0357065,0.0341735,0.0326535,0.031146,0.0296503,0.0281659,0.0266922,0.0252286,0.0237746,0.0223297,0.0208933,0.0194648,0.0180437,0.0166295,0.0152216,0.0138194,0.0124226,0.0110304,0.00964247,0.00825818,0.00687703,0.00549849,0.00412204,0.00274716
1,0.976586,0.953261,0.930111,0.907218,0.884656,0.862489,0.840772,0.81955,0.798857,0.778719,0.75915,0.74016,0.721748,0.703911,0.686639,0.66992,0.65374,0.63808,0.622922,0.608248,0.594037,0.580271,0.56693,0.553996,0.54145,0.529276,0.517456,0.505975,0.494819,0.483973,0.473423,0.463157,0.453163,0.443431,0.433949,0.424707,0.415697,0.40691,0.398336,0.389969,0.381801,0.373826,0.366036,0.358425,0.350987,0.343718,0.336611,0.329661,0.322864,0.316215,0.30971,0.303344,0.297114,0.291016,0.285045,0.279199,0.273475,0.267868,0.262376,0.256997,0.251726,0.246561,0.2415,0.236539,0.231677,0.226911,0.222239,0.217657,0.213165,0.20876,0.20444,0.200203,0.196047,0.19197,0.187969,0.184045,0.180194,0.176414,0.172705,0.169065,0.165492,0.161984,0.15854,0.155159,0.151838,0.148578,0.145376,0.14223,0.139141,0.136105,0.133123,0.130193,0.127313,0.124483,0.121701,0.118967,0.116278,0.113635,0.111035,0.108479,0.105964,0.103491,0.101057,0.0986619,0.0963051,0.0939854,0.0917018,0.0894534,0.0872395,0.085059,0.0829112,0.0807952,0.0787102,0.0766554,0.0746299,0.072633,0.070664,0.0687219,0.0668062,0.064916,0.0630506,0.0612093,0.0593914,0.0575962,0.055823,0.0540711,0.0523398,0.0506285,0.0489366,0.0472632,0.0456079,0.04397,0.0423489,0.0407439,0.0391544,0.0375799,0.0360196,0.0344731,0.0329397,0.0314189,0.02991,0.0284125,0.0269259,0.0254494,0.0239827,0.0225251,0.021076,0.019635,0.0182015,0.0167749,0.0153546,0.0139402,0.0125311,0.0111268,0.00972672,0.00833033,0.00693711,0.00554652,0.00415805,0.00277115
1,0.977306,0.95469,0.932226,0.909985,0.888034,0.866429,0.845222,0.824454,0.804158,0.78436,0.765077,0.746319,0.728093,0.710396,0.693224,0.676568,0.660418,0.644761,0.629581,0.614863,0.60059,0.586747,0.573316,0.560282,0.547627,0.535337,0.523397,0.511792,0.500508,0.489533,0.478853,0.468457,0.458334,0.448472,0.438863,0.429495,0.420361,0.411452,0.402759,0.394275,0.385993,0.377905,0.370006,0.362289,0.354748,0.347378,0.340173,0.333128,0.326239,0.3195,0.312907,0.306457,0.300145,0.293966,0.287918,0.281998,0.2762,0.270522,0.264962,0.259515,0.25418,0.248952,0.24383,0.23881,0.233891,0.229069,0.224342,0.219708,0.215165,0.21071,0.206342,0.202058,0.197856,0.193734,0.189691,0.185724,0.181832,0.178013,0.174265,0.170587,0.166977,0.163433,0.159954,0.156539,0.153185,0.149892,0.146658,0.143482,0.140362,0.137297,0.134286,0.131328,0.128421,0.125564,0.122756,0.119996,0.117282,0.114614,0.111991,0.109411,0.106873,0.104377,0.101921,0.0995042,0.0971261,0.0947855,0.0924815,0.0902131,0.0879795,0.0857797,0.0836129,0.0814783,0.079375,0.0773021,0.075259,0.0732447,0.0712585,0.0692997,0.0673673,0.0654608,0.0635794,0.0617223,0.0598888,0.0580783,0.0562899,0.0545231,0.0527771,0.0510513,0.0493449,0.0476574,0.0459882,0.0443364,0.0427016,0.0410831,0.0394803,0.0378925,0.0363192,0.0347597,0.0332135,0.0316799,0.0301584,0.0286484,0.0271493,0.0256606,0.0241817,0.0227119,0.0212508,0.0197978,0.0183524,0.0169139,0.0154819,0.0140557,0.012635,0.011219,0.00980729,0.00839933,0.00699456,0.00559245,0.00419248,0.0027941
1,0.977949,0.955966,0.934117,0.912464,0.891065,0.869972,0.849233,0.828885,0.808961,0.789485,0.770477,0.751949,0.733908,0.716356,0.699292,0.682711,0.666605,0.650964,0.635777,0.621032,0.606714,0.592811,0.579307,0.566188,0.55344,0.54105,0.529003,0.517287,0.50589,0.494798,0.484,0.473485,0.463242,0.453262,0.443534,0.43405,0.424801,0.415777,0.406973,0.398379,0.389989,0.381797,0.373795,0.365978,0.358339,0.350873,0.343575,0.33644,0.329463,0.322639,0.315963,0.309432,0.303041,0.296787,0.290665,0.284672,0.278805,0.27306,0.267434,0.261923,0.256526,0.251238,0.246058,0.240981,0.236007,0.231131,0.226353,0.221669,0.217077,0.212574,0.208159,0.20383,0.199585,0.19542,0.191336,0.187329,0.183397,0.17954,0.175755,0.172041,0.168395,0.164817,0.161305,0.157857,0.154472,0.151147,0.147883,0.144677,0.141529,0.138436,0.135397,0.132412,0.129479,0.126596,0.123763,0.120978,0.118241,0.115549,0.112903,0.1103,0.10774,0.105222,0.102745,0.100308,0.0979098,0.0955493,0.0932257,0.0909382,0.0886857,0.0864675,0.0842826,0.0821302,0.0800093,0.0779193,0.0758593,0.0738284,0.0718259,0.0698509,0.0679028,0.0659807,0.064084,0.0622118,0.0603634,0.0585382,0.0567354,0.0549543,0.0531943,0.0514546,0.0497345,0.0480335,0.0463509,0.044686,0.0430381,0.0414067,0.0397911,0.0381907,0.0366049,0.0350331,0.0334746,0.0319289,0.0303954,0.0288735,0.0273625,0.0258621,0.0243715,0.0228901,0.0214176,0.0199531,0.0184963,0.0170465,0.0156033,0.0141659,0.012734,0.0113069,0.00988415,0.00846514,0.00704936,0.00563627,0.00422533,0.00281599
1,0.978525,0.957109,0.935812,0.914687,0.893789,0.873163,0.852852,0.832893,0.813315,0.794144,0.775398,0.757091,0.739233,0.721828,0.704877,0.688378,0.672326,0.656714,0.641533,0.626774,0.612425,0.598475,0.584912,0.571723,0.558896,0.546419,0.534279,0.522465,0.510965,0.499768,0.488863,0.47824,0.467889,0.457799,0.447963,0.43837,0.429014,0.419885,0.410976,0.40228,0.393789,0.385498,0.377399,0.369488,0.361757,0.354201,0.346815,0.339595,0.332534,0.325629,0.318874,0.312267,0.305801,0.299475,0.293283,0.287222,0.281288,0.275479,0.26979,0.264219,0.258762,0.253417,0.248181,0.243051,0.238024,0.233098,0.228269,0.223537,0.218898,0.21435,0.209892,0.205519,0.201232,0.197027,0.192903,0.188857,0.184889,0.180995,0.177175,0.173426,0.169747,0.166136,0.162592,0.159113,0.155697,0.152343,0.14905,0.145816,0.14264,0.13952,0.136455,0.133444,0.130486,0.127579,0.124722,0.121914,0.119153,0.116439,0.113771,0.111147,0.108566,0.106028,0.103531,0.101074,0.0986558,0.0962763,0.0939341,0.0916283,0.0893579,0.0871221,0.0849199,0.0827505,0.0806131,0.0785067,0.0764305,0.0743838,0.0723658,0.0703755,0.0684123,0.0664755,0.0645641,0.0626775,0.060815,0.0589759,0.0571593,0.0553646,0.0535912,0.0518383,0.0501052,0.0483914,0.046696,0.0450185,0.0433583,0.0417146,0.0400869,0.0384745,0.0368768,0.0352932,0.033723,0.0321658,0.0306208,0.0290875,0.0275654,0.0260537,0.024552,0.0230597,0.0215762,0.0201009,0.0186332,0.0171727,0.0157187,0.0142707,0.0128282,0.0113906,0.00995726,0.00852775,0.0071015,0.00567795,0.00425657,0.00283681
1,0.979041,0.958134,0.937333,0.916686,0.89624,0.876039,0.85612,0.836519,0.817263,0.798377,0.779879,0.761786,0.744106,0.726847,0.71001,0.693598,0.677607,0.662032,0.646867,0.632105,0.617737,0.603752,0.590142,0.576896,0.564002,0.55145,0.539229,0.527328,0.515738,0.504447,0.493445,0.482724,0.472273,0.462084,0.452147,0.442455,0.432999,0.423772,0.414766,0.405974,0.39739,0.389006,0.380817,0.372817,0.364999,0.357359,0.34989,0.342589,0.33545,0.328468,0.321639,0.314959,0.308423,0.302028,0.295769,0.289644,0.283647,0.277777,0.272028,0.2664,0.260887,0.255488,0.250199,0.245017,0.23994,0.234966,0.23009,0.225312,0.220629,0.216038,0.211537,0.207124,0.202797,0.198554,0.194392,0.19031,0.186305,0.182377,0.178523,0.174741,0.17103,0.167388,0.163814,0.160305,0.15686,0.153478,0.150158,0.146897,0.143695,0.140549,0.13746,0.134424,0.131442,0.128512,0.125632,0.122801,0.120019,0.117284,0.114595,0.11195,0.10935,0.106792,0.104275,0.1018,0.0993636,0.0969661,0.0946062,0.0922831,0.0899957,0.0877432,0.0855246,0.0833391,0.0811858,0.0790639,0.0769725,0.0749108,0.0728779,0.0708732,0.0688957,0.0669448,0.0650196,0.0631193,0.0612434,0.059391,0.0575614,0.0557538,0.0539677,0.0522023,0.0504569,0.0487308,0.0470234,0.045334,0.0436619,0.0420066,0.0403674,0.0387436,0.0371346,0.0355398,0.0339586,0.0323904,0.0308346,0.0292906,0.0277577,0.0262355,0.0247233,0.0232205,0.0217266,0.020241,0.0187631,0.0172924,0.0158282,0.0143702,0.0129176,0.0114699,0.0100266,0.00858713,0.00715094,0.00571748,0.00428621,0.00285656
1,0.979504,0.959055,0.938699,0.918483,0.898447,0.878631,0.859072,0.839799,0.820841,0.802221,0.783957,0.766066,0.748558,0.731442,0.71472,0.698397,0.682471,0.66694,0.651799,0.637042,0.622664,0.608656,0.59501,0.581716,0.568766,0.55615,0.543858,0.531882,0.520211,0.508836,0.497748,0.486937,0.476396,0.466115,0.456087,0.446303,0.436756,0.427438,0.418342,0.409462,0.40079,0.39232,0.384046,0.375963,0.368064,0.360345,0.352799,0.345422,0.338209,0.331155,0.324256,0.317507,0.310905,0.304445,0.298124,0.291937,0.285881,0.279952,0.274148,0.268465,0.262899,0.257448,0.252109,0.246879,0.241755,0.236734,0.231814,0.226993,0.222268,0.217636,0.213095,0.208643,0.204278,0.199998,0.195801,0.191684,0.187646,0.183685,0.179799,0.175986,0.172245,0.168573,0.16497,0.161433,0.157961,0.154552,0.151206,0.14792,0.144692,0.141523,0.13841,0.135351,0.132346,0.129394,0.126493,0.123641,0.120838,0.118083,0.115374,0.11271,0.110091,0.107514,0.10498,0.102487,0.100033,0.0976184,0.0952418,0.0929022,0.0905987,0.0883304,0.0860963,0.0838956,0.0817274,0.0795907,0.0774849,0.075409,0.0733622,0.0713437,0.0693527,0.0673884,0.0654501,0.063537,0.0616484,0.0597834,0.0579414,0.0561218,0.0543236,0.0525463,0.0507892,0.0490516,0.0473328,0.0456321,0.043949,0.0422826,0.0406325,0.0389979,0.0373783,0.035773,0.0341813,0.0326028,0.0310367,0.0294825,0.0279396,0.0264073,0.0248851,0.0233725,0.0218688,0.0203734,0.0188858,0.0174055,0.0159317,0.0144641,0.013002,0.0115449,0.0100921,0.00864325,0.00719767,0.00575484,0.00431421,0.00287523
1,0.979919,0.959881,0.939927,0.920099,0.900434,0.880969,0.861736,0.842764,0.824081,0.805708,0.787663,0.769964,0.75262,0.735641,0.719033,0.702799,0.686941,0.671457,0.656346,0.641602,0.627222,0.613198,0.599524,0.586193,0.573196,0.560526,0.548173,0.53613,0.524388,0.512938,0.501772,0.490882,0.480258,0.469895,0.459783,0.449915,0.440284,0.430882,0.421703,0.412741,0.403988,0.395438,0.387086,0.378925,0.370951,0.363157,0.355538,0.34809,0.340808,0.333687,0.326722,0.319909,0.313245,0.306724,0.300343,0.294099,0.287987,0.282004,0.276147,0.270412,0.264796,0.259297,0.253911,0.248635,0.243466,0.238402,0.23344,0.228578,0.223813,0.219142,0.214564,0.210076,0.205675,0.201361,0.19713,0.19298,0.18891,0.184918,0.181002,0.17716,0.17339,0.16969,0.16606,0.162496,0.158999,0.155565,0.152194,0.148883,0.145633,0.142441,0.139305,0.136225,0.133199,0.130225,0.127304,0.124432,0.12161,0.118836,0.116108,0.113427,0.110789,0.108195,0.105644,0.103133,0.100664,0.0982328,0.0958405,0.0934854,0.0911668,0.0888835,0.0866348,0.0844198,0.0822374,0.0800869,0.0779675,0.0758782,0.0738182,0.0717868,0.069783,0.0678062,0.0658556,0.0639303,0.0620297,0.060153,0.0582994,0.0564682,0.0546588,0.0528703,0.0511022,0.0493537,0.0476242,0.0459129,0.0442192,0.0425426,0.0408822,0.0392375,0.0376078,0.0359925,0.034391,0.0328027,0.031227,0.0296632,0.0281107,0.0265691,0.0250375,0.0235156,0.0220026,0.0204981,0.0190014,0.0175119,0.0160292,0.0145526,0.0130815,0.0116155,0.0101538,0.00869609,0.00724167,0.00579002,0.00434058,0.0028928
1,0.980292,0.960623,0.94103,0.921552,0.902222,0.883073,0.864138,0.845442,0.827011,0.808866,0.791025,0.773505,0.756316,0.739469,0.722971,0.706826,0.691036,0.675603,0.660524,0.645799,0.631422,0.61739,0.603696,0.590335,0.5773,0.564584,0.552179,0.540078,0.528273,0.516757,0.505521,0.494559,0.483862,0.473423,0.463235,0.45329,0.443582,0.434104,0.424849,0.41581,0.406982,0.398358,0.389933,0.381701,0.373656,0.365793,0.358107,0.350594,0.343247,0.336062,0.329036,0.322163,0.31544,0.308863,0.302426,0.296128,0.289964,0.28393,0.278023,0.27224,0.266578,0.261033,0.255602,0.250283,0.245073,0.239968,0.234967,0.230066,0.225263,0.220557,0.215943,0.21142,0.206987,0.20264,0.198377,0.194197,0.190097,0.186076,0.182131,0.178261,0.174464,0.170739,0.167083,0.163494,0.159972,0.156515,0.153121,0.149788,0.146515,0.143301,0.140145,0.137044,0.133998,0.131006,0.128065,0.125175,0.122334,0.119542,0.116797,0.114098,0.111444,0.108834,0.106266,0.10374,0.101255,0.0988091,0.096402,0.0940324,0.0916995,0.0894023,0.0871399,0.0849113,0.0827157,0.0805523,0.07842,0.0763182,0.0742458,0.0722023,0.0701866,0.068198,0.0662358,0.0642991,0.0623873,0.0604995,0.058635,0.0567931,0.054973,0.0531741,0.0513957,0.049637,0.0478973,0.0461761,0.0444726,0.0427862,0.0411162,0.039462,0.0378229,0.0361983,0.0345876,0.0329902,0.0314054,0.0298326,0.0282712,0.0267207,0.0251804,0.0236497,0.0221281,0.020615,0.0191097,0.0176118,0.0161205,0.0146355,0.013156,0.0116816,0.0102117,0.00874563,0.00728292,0.005823,0.0043653,0.00290927
1,0.980626,0.961288,0.94202,0.922855,0.903827,0.884966,0.8663,0.847855,0.829655,0.81172,0.794067,0.776714,0.759671,0.742949,0.726556,0.710497,0.694775,0.679393,0.664351,0.649647,0.635279,0.621243,0.607536,0.594152,0.581085,0.56833,0.55588,0.543729,0.531869,0.520294,0.508997,0.49797,0.487207,0.4767,0.466443,0.456429,0.44665,0.437102,0.427777,0.418669,0.409772,0.401081,0.392588,0.38429,0.37618,0.368253,0.360505,0.35293,0.345523,0.33828,0.331197,0.324268,0.317491,0.31086,0.304372,0.298024,0.29181,0.285729,0.279776,0.273948,0.268242,0.262654,0.257182,0.251823,0.246573,0.241431,0.236393,0.231456,0.226619,0.221878,0.217231,0.212677,0.208212,0.203834,0.199542,0.195333,0.191205,0.187157,0.183186,0.17929,0.175468,0.171718,0.168038,0.164426,0.160882,0.157402,0.153986,0.150632,0.147339,0.144105,0.140929,0.137809,0.134745,0.131734,0.128775,0.125868,0.12301,0.120201,0.11744,0.114725,0.112055,0.10943,0.106847,0.104307,0.101807,0.099347,0.096926,0.0945429,0.0921967,0.0898864,0.0876112,0.08537,0.0831621,0.0809865,0.0788423,0.0767287,0.0746449,0.07259,0.0705631,0.0685636,0.0665906,0.0646433,0.0627209,0.0608228,0.0589481,0.0570962,0.0552662,0.0534575,0.0516694,0.0499012,0.0481522,0.0464217,0.0447091,0.0430136,0.0413346,0.0396715,0.0380236,0.0363904,0.0347711,0.0331651,0.0315718,0.0299906,0.028421,0.0268622,0.0253137,0.0237749,0.0222452,0.020724,0.0192108,0.0177049,0.0162058,0.0147129,0.0132256,0.0117434,0.0102656,0.00879184,0.0073214,0.00585376,0.00438836,0.00292464
1,0.980925,0.961883,0.942905,0.924023,0.905266,0.886663,0.868241,0.850024,0.832033,0.81429,0.796811,0.779612,0.762705,0.7461,0.729807,0.71383,0.698175,0.682844,0.667839,0.653159,0.638803,0.624768,0.611052,0.597651,0.584559,0.571772,0.559284,0.547089,0.535181,0.523555,0.512203,0.501118,0.490296,0.479728,0.469408,0.459331,0.449489,0.439877,0.430489,0.421317,0.412357,0.403603,0.39505,0.38669,0.378521,0.370535,0.362729,0.355097,0.347635,0.340339,0.333202,0.326222,0.319394,0.312715,0.306179,0.299784,0.293525,0.2874,0.281404,0.275534,0.269787,0.26416,0.25865,0.253253,0.247968,0.24279,0.237717,0.232747,0.227877,0.223105,0.218428,0.213843,0.209349,0.204944,0.200624,0.196388,0.192235,0.188161,0.184165,0.180245,0.1764,0.172627,0.168925,0.165291,0.161726,0.158226,0.15479,0.151416,0.148104,0.144852,0.141657,0.13852,0.135438,0.13241,0.129435,0.126511,0.123638,0.120813,0.118037,0.115307,0.112623,0.109983,0.107386,0.104832,0.102319,0.0998461,0.0974123,0.0950166,0.092658,0.0903356,0.0880485,0.0857957,0.0835763,0.0813894,0.0792342,0.0771097,0.0750151,0.0729497,0.0709125,0.0689028,0.0669197,0.0649625,0.0630305,0.0611227,0.0592386,0.0573774,0.0555382,0.0537205,0.0519235,0.0501464,0.0483887,0.0466496,0.0449284,0.0432245,0.0415372,0.0398659,0.0382099,0.0365685,0.0349412,0.0333273,0.0317262,0.0301372,0.0285599,0.0269934,0.0254373,0.023891,0.0223538,0.0208252,0.0193045,0.0177913,0.0162848,0.0147846,0.0132901,0.0118006,0.0103157,0.0088347,0.00735709,0.0058823,0.00440976,0.0029389
1,0.981192,0.962414,0.943695,0.925065,0.906551,0.88818,0.869977,0.851965,0.834165,0.816596,0.799276,0.782218,0.765436,0.748941,0.73274,0.716842,0.70125,0.68597,0.671001,0.656347,0.642005,0.627975,0.614254,0.60084,0.587728,0.574914,0.562394,0.550162,0.538213,0.526541,0.51514,0.504005,0.493129,0.482507,0.472132,0.461998,0.452099,0.442429,0.432983,0.423754,0.414737,0.405926,0.397316,0.388902,0.380677,0.372638,0.364779,0.357096,0.349583,0.342236,0.335052,0.328024,0.32115,0.314425,0.307846,0.301408,0.295108,0.288941,0.282906,0.276998,0.271213,0.26555,0.260004,0.254573,0.249254,0.244043,0.238939,0.233938,0.229039,0.224237,0.219532,0.21492,0.210399,0.205967,0.201622,0.197362,0.193184,0.189087,0.185068,0.181126,0.177259,0.173465,0.169743,0.16609,0.162504,0.158985,0.155531,0.152139,0.14881,0.14554,0.142329,0.139175,0.136077,0.133033,0.130043,0.127104,0.124216,0.121377,0.118587,0.115844,0.113146,0.110493,0.107884,0.105317,0.102791,0.100306,0.0978606,0.0954533,0.0930833,0.0907498,0.0884516,0.0861881,0.0839581,0.0817608,0.0795953,0.0774608,0.0753564,0.0732813,0.0712345,0.0692154,0.0672231,0.0652568,0.0633158,0.0613992,0.0595064,0.0576365,0.0557889,0.0539628,0.0521576,0.0503724,0.0486066,0.0468595,0.0451305,0.0434189,0.0417239,0.040045,0.0383815,0.0367327,0.035098,0.0334768,0.0318685,0.0302724,0.0286879,0.0271144,0.0255513,0.023998,0.0224539,0.0209184,0.0193909,0.0178709,0.0163577,0.0148508,0.0133495,0.0118534,0.0103618,0.00887421,0.00738999,0.0059086,0.00442947,0.00295204
1,0.981428,0.962885,0.944396,0.92599,0.907693,0.889529,0.871522,0.853694,0.836066,0.818654,0.801477,0.784548,0.767881,0.751486,0.735372,0.719547,0.704015,0.688783,0.673851,0.659222,0.644896,0.630873,0.61715,0.603727,0.590599,0.577763,0.565215,0.552952,0.540967,0.529255,0.517813,0.506633,0.49571,0.485039,0.474614,0.46443,0.45448,0.444758,0.43526,0.425979,0.41691,0.408048,0.399387,0.390923,0.382649,0.374561,0.366654,0.358923,0.351364,0.343973,0.336744,0.329673,0.322757,0.315991,0.309371,0.302894,0.296556,0.290352,0.284281,0.278337,0.272519,0.266822,0.261244,0.255781,0.250431,0.245191,0.240058,0.235029,0.230102,0.225273,0.220542,0.215905,0.211359,0.206904,0.202536,0.198253,0.194053,0.189934,0.185895,0.181933,0.178046,0.174233,0.170491,0.16682,0.163217,0.15968,0.156209,0.152801,0.149455,0.146169,0.142943,0.139774,0.136661,0.133603,0.130599,0.127647,0.124745,0.121894,0.11909,0.116334,0.113624,0.11096,0.108338,0.10576,0.103223,0.100727,0.0982707,0.0958527,0.0934724,0.0911286,0.0888204,0.086547,0.0843073,0.0821005,0.0799257,0.077782,0.0756686,0.0735845,0.0715291,0.0695014,0.0675006,0.065526,0.0635767,0.0616521,0.0597513,0.0578736,0.0560182,0.0541845,0.0523717,0.050579,0.0488059,0.0470516,0.0453154,0.0435966,0.0418947,0.0402088,0.0385384,0.0368828,0.0352414,0.0336135,0.0319986,0.0303959,0.0288049,0.027225,0.0256555,0.0240958,0.0225454,0.0210037,0.0194699,0.0179437,0.0164243,0.0149113,0.0134039,0.0119017,0.010404,0.00891033,0.00742007,0.00593265,0.0044475,0.00296405
1,0.981637,0.9633,0.945015,0.926808,0.908702,0.890721,0.872889,0.855225,0.837749,0.820478,0.80343,0.786618,0.770054,0.75375,0.737716,0.721957,0.706482,0.691294,0.676398,0.661794,0.647484,0.633469,0.619747,0.606318,0.593178,0.580324,0.567754,0.555463,0.543447,0.531702,0.520222,0.509003,0.498039,0.487326,0.476857,0.466627,0.456631,0.446864,0.437319,0.427992,0.418877,0.409969,0.401263,0.392753,0.384434,0.376302,0.368352,0.360579,0.352979,0.345546,0.338278,0.331168,0.324214,0.31741,0.310754,0.304242,0.297869,0.291632,0.285527,0.279552,0.273703,0.267976,0.262368,0.256877,0.251499,0.246232,0.241072,0.236018,0.231066,0.226213,0.221458,0.216798,0.212231,0.207753,0.203364,0.199061,0.194841,0.190703,0.186645,0.182664,0.178759,0.174929,0.17117,0.167482,0.163863,0.16031,0.156824,0.153401,0.15004,0.14674,0.1435,0.140317,0.137191,0.13412,0.131103,0.128139,0.125225,0.122361,0.119547,0.116779,0.114058,0.111382,0.108751,0.106162,0.103615,0.101109,0.0986424,0.0962148,0.0938249,0.0914719,0.0891546,0.0868722,0.0846238,0.0824084,0.0802251,0.0780731,0.0759515,0.0738594,0.071796,0.0697605,0.067752,0.0657699,0.0638132,0.0618812,0.0599732,0.0580884,0.056226,0.0543853,0.0525657,0.0507663,0.0489865,0.0472256,0.0454829,0.0437577,0.0420494,0.0403572,0.0386806,0.0370189,0.0353713,0.0337374,0.0321165,0.0305079,0.028911,0.0273252,0.0257499,0.0241845,0.0226284,0.0210809,0.0195415,0.0180097,0.0164847,0.0149661,0.0134532,0.0119454,0.0104422,0.00894306,0.00744732,0.00595444,0.00446383,0.00297494
1,0.981819,0.963664,0.945557,0.927523,0.909585,0.891766,0.874087,0.856567,0.839226,0.82208,0.805146,0.788438,0.771967,0.755746,0.739782,0.724085,0.708661,0.693515,0.678651,0.664072,0.649779,0.635772,0.622053,0.608619,0.59547,0.582602,0.570013,0.557699,0.545657,0.533882,0.522371,0.511118,0.500118,0.489367,0.47886,0.468591,0.458555,0.448747,0.439162,0.429793,0.420638,0.411689,0.402942,0.394392,0.386033,0.377863,0.369874,0.362063,0.354426,0.346957,0.339652,0.332508,0.325519,0.318683,0.311994,0.30545,0.299046,0.292779,0.286645,0.280641,0.274764,0.26901,0.263376,0.257859,0.252457,0.247165,0.241982,0.236904,0.23193,0.227056,0.22228,0.217599,0.213012,0.208515,0.204107,0.199785,0.195547,0.191392,0.187317,0.18332,0.179399,0.175552,0.171779,0.168076,0.164442,0.160875,0.157375,0.153938,0.150565,0.147252,0.143999,0.140804,0.137666,0.134584,0.131555,0.128579,0.125655,0.122781,0.119955,0.117178,0.114447,0.111761,0.10912,0.106522,0.103966,0.101451,0.0989755,0.0965392,0.0941409,0.0917795,0.0894541,0.0871637,0.0849074,0.0826843,0.0804934,0.0783339,0.0762049,0.0741056,0.0720352,0.0699927,0.0679773,0.0659884,0.0640251,0.0620865,0.060172,0.0582808,0.0564121,0.0545653,0.0527395,0.0509341,0.0491483,0.0473815,0.045633,0.043902,0.042188,0.0404902,0.038808,0.0371407,0.0354878,0.0338484,0.0322221,0.0306082,0.029006,0.027415,0.0258345,0.0242639,0.0227027,0.0211501,0.0196057,0.0180688,0.0165388,0.0150152,0.0134973,0.0119846,0.0104765,0.00897239,0.00747174,0.00597396,0.00447847,0.00298469
1,0.981977,0.963978,0.946025,0.928142,0.91035,0.892671,0.875125,0.857731,0.840508,0.823471,0.806638,0.79002,0.773632,0.757483,0.741583,0.725941,0.710563,0.695454,0.68062,0.666063,0.651786,0.637789,0.624073,0.610637,0.59748,0.584601,0.571996,0.559664,0.547599,0.5358,0.524261,0.512979,0.501949,0.491166,0.480625,0.470322,0.460251,0.450408,0.440786,0.431383,0.422191,0.413206,0.404424,0.395838,0.387446,0.37924,0.371218,0.363374,0.355704,0.348203,0.340867,0.333692,0.326673,0.319807,0.31309,0.306518,0.300087,0.293793,0.287633,0.281604,0.275702,0.269924,0.264267,0.258728,0.253303,0.24799,0.242786,0.237688,0.232694,0.227801,0.223006,0.218307,0.213702,0.209188,0.204763,0.200425,0.196172,0.192001,0.187911,0.183899,0.179964,0.176104,0.172316,0.1686,0.164954,0.161375,0.157862,0.154414,0.151028,0.147704,0.14444,0.141235,0.138086,0.134993,0.131955,0.128969,0.126035,0.123151,0.120317,0.11753,0.11479,0.112096,0.109446,0.10684,0.104276,0.101753,0.0992697,0.0968259,0.0944201,0.0920513,0.0897187,0.0874212,0.0851579,0.082928,0.0807304,0.0785643,0.0764289,0.0743232,0.0722464,0.0701978,0.0681764,0.0661815,0.0642122,0.0622679,0.0603477,0.0584508,0.0565766,0.0547242,0.052893,0.0510823,0.0492912,0.0475192,0.0457655,0.0440295,0.0423104,0.0406077,0.0389205,0.0372484,0.0355906,0.0339465,0.0323154,0.0306968,0.02909,0.0274943,0.0259092,0.0243341,0.0227683,0.0212112,0.0196623,0.018121,0.0165866,0.0150585,0.0135363,0.0120192,0.0105067,0.00899829,0.00749331,0.0059912,0.00449139,0.00299331
1,0.982112,0.964246,0.946425,0.928669,0.911002,0.893442,0.87601,0.858724,0.841602,0.82466,0.807913,0.791374,0.775056,0.75897,0.743126,0.727532,0.712194,0.697119,0.682312,0.667776,0.653513,0.639524,0.625812,0.612376,0.599214,0.586325,0.573708,0.56136,0.549277,0.537457,0.525896,0.514589,0.503532,0.492722,0.482153,0.47182,0.46172,0.451846,0.442194,0.43276,0.423537,0.414522,0.405709,0.397093,0.38867,0.380435,0.372384,0.364511,0.356812,0.349284,0.341921,0.334719,0.327674,0.320783,0.314041,0.307444,0.30099,0.294673,0.288491,0.28244,0.276517,0.270718,0.265041,0.259482,0.254038,0.248706,0.243484,0.238369,0.233358,0.228448,0.223637,0.218922,0.214302,0.209773,0.205333,0.200981,0.196714,0.19253,0.188426,0.184402,0.180455,0.176582,0.172783,0.169056,0.165398,0.161808,0.158285,0.154826,0.151431,0.148097,0.144823,0.141608,0.13845,0.135349,0.132301,0.129307,0.126365,0.123473,0.12063,0.117836,0.115089,0.112387,0.10973,0.107116,0.104545,0.102015,0.0995251,0.0970746,0.0946623,0.0922872,0.0899483,0.0876446,0.0853753,0.0831395,0.0809361,0.0787643,0.0766232,0.074512,0.0724298,0.0703757,0.0683491,0.066349,0.0643746,0.0624253,0.0605001,0.0585983,0.0567193,0.0548622,0.0530263,0.0512109,0.0494153,0.0476387,0.0458806,0.0441401,0.0424167,0.0407096,0.0390182,0.0373418,0.0356798,0.0340315,0.0323964,0.0307737,0.0291628,0.0275631,0.025974,0.0243949,0.0228252,0.0212643,0.0197115,0.0181663,0.016628,0.0150961,0.0135701,0.0120492,0.010533,0.00902076,0.00751202,0.00600616,0.00450261,0.00300078
1,0.982224,0.964469,0.946758,0.92911,0.911546,0.894086,0.87675,0.859554,0.842517,0.825653,0.808979,0.792507,0.776249,0.760217,0.744419,0.728866,0.713563,0.698517,0.683733,0.669214,0.654964,0.640984,0.627276,0.613839,0.600674,0.587778,0.575151,0.56279,0.550693,0.538856,0.527275,0.515948,0.50487,0.494037,0.483444,0.473087,0.462962,0.453063,0.443385,0.433925,0.424676,0.415635,0.406796,0.398155,0.389707,0.381447,0.373371,0.365474,0.357752,0.350199,0.342813,0.335589,0.328523,0.32161,0.314847,0.30823,0.301755,0.295419,0.289218,0.283148,0.277207,0.271391,0.265696,0.26012,0.25466,0.249313,0.244076,0.238945,0.23392,0.228996,0.224171,0.219443,0.21481,0.210268,0.205816,0.201452,0.197173,0.192978,0.188863,0.184828,0.18087,0.176988,0.173179,0.169442,0.165774,0.162175,0.158643,0.155175,0.151771,0.148429,0.145147,0.141925,0.138759,0.13565,0.132595,0.129593,0.126644,0.123745,0.120896,0.118095,0.115341,0.112633,0.10997,0.10735,0.104773,0.102237,0.0997414,0.0972853,0.0948674,0.0924869,0.0901427,0.0878339,0.0855595,0.0833186,0.0811102,0.0789336,0.0767877,0.0746718,0.072585,0.0705265,0.0684954,0.0664909,0.0645122,0.0625585,0.0606291,0.0587233,0.0568401,0.054979,0.0531391,0.0513198,0.0495203,0.0477399,0.045978,0.0442338,0.0425066,0.0407959,0.0391009,0.0374209,0.0357554,0.0341036,0.0324649,0.0308388,0.0292245,0.0276214,0.0260289,0.0244465,0.0228734,0.0213092,0.0197531,0.0182046,0.0166631,0.015128,0.0135987,0.0120746,0.0105552,0.00903979,0.00752787,0.00601883,0.0045121,0.00300711
1,0.982315,0.96465,0.947027,0.929466,0.911986,0.894607,0.877348,0.860226,0.843257,0.826458,0.809843,0.793425,0.777216,0.761228,0.745469,0.729949,0.714675,0.699653,0.684888,0.670385,0.656146,0.642173,0.628468,0.615032,0.601864,0.588963,0.576328,0.563958,0.551848,0.539997,0.528402,0.517059,0.505963,0.495111,0.484499,0.474123,0.463977,0.454057,0.444359,0.434878,0.425608,0.416546,0.407686,0.399025,0.390556,0.382276,0.374179,0.366262,0.35852,0.350949,0.343544,0.336302,0.329217,0.322287,0.315507,0.308873,0.302382,0.29603,0.289813,0.283728,0.277772,0.271941,0.266233,0.260644,0.25517,0.24981,0.24456,0.239418,0.23438,0.229445,0.224609,0.21987,0.215226,0.210674,0.206212,0.201838,0.19755,0.193345,0.189221,0.185177,0.181211,0.17732,0.173503,0.169758,0.166083,0.162476,0.158936,0.155462,0.152051,0.148702,0.145413,0.142184,0.139012,0.135896,0.132835,0.129828,0.126873,0.123968,0.121113,0.118307,0.115548,0.112835,0.110166,0.107541,0.104959,0.102419,0.0999185,0.0974578,0.0950355,0.0926505,0.090302,0.0879889,0.0857103,0.0834652,0.0812529,0.0790722,0.0769225,0.0748028,0.0727122,0.0706499,0.0686151,0.066607,0.0646248,0.0626677,0.0607348,0.0588255,0.0569391,0.0550746,0.0532315,0.0514089,0.0496063,0.0478228,0.0460577,0.0443105,0.0425803,0.0408666,0.0391686,0.0374857,0.0358172,0.0341626,0.0325211,0.0308921,0.029275,0.0276691,0.0260739,0.0244887,0.0229129,0.021346,0.0197872,0.018236,0.0166918,0.0151541,0.0136222,0.0120954,0.0105734,0.00905537,0.00754084,0.0060292,0.00451988,0.00301229
1,0.982384,0.964789,0.947234,0.92974,0.912325,0.895009,0.877809,0.860744,0.843829,0.827079,0.81051,0.794134,0.777963,0.762009,0.746281,0.730787,0.715535,0.700532,0.685783,0.671291,0.657061,0.643094,0.629392,0.615957,0.602787,0.589882,0.577242,0.564863,0.552745,0.540884,0.529277,0.517921,0.506812,0.495946,0.48532,0.474928,0.464766,0.454831,0.445117,0.435619,0.426333,0.417255,0.408379,0.399701,0.391216,0.38292,0.374808,0.366876,0.359119,0.351533,0.344113,0.336856,0.329758,0.322814,0.31602,0.309373,0.30287,0.296505,0.290276,0.28418,0.278212,0.27237,0.266651,0.261051,0.255567,0.250197,0.244937,0.239785,0.234738,0.229794,0.224949,0.220202,0.215549,0.21099,0.20652,0.202138,0.197842,0.19363,0.1895,0.185449,0.181476,0.177578,0.173755,0.170004,0.166322,0.16271,0.159165,0.155684,0.152268,0.148914,0.14562,0.142385,0.139209,0.136088,0.133023,0.13001,0.127051,0.124142,0.121283,0.118472,0.115709,0.112991,0.110319,0.10769,0.105105,0.10256,0.100056,0.0975921,0.0951662,0.0927778,0.0904259,0.0881095,0.0858276,0.0835794,0.0813639,0.0791802,0.0770274,0.0749046,0.0728111,0.070746,0.0687083,0.0666974,0.0647124,0.0627526,0.0608171,0.0589052,0.0570161,0.0551491,0.0533034,0.0514783,0.0496732,0.0478873,0.0461198,0.0443702,0.0426376,0.0409216,0.0392213,0.0375361,0.0358654,0.0342085,0.0325647,0.0309335,0.0293143,0.0277062,0.0261089,0.0245215,0.0229437,0.0213746,0.0198137,0.0182605,0.0167142,0.0151744,0.0136404,0.0121116,0.0105875,0.0090675,0.00755094,0.00603728,0.00452593,0.00301632
1,0.982434,0.964888,0.947381,0.929934,0.912566,0.895294,0.878137,0.861111,0.844234,0.82752,0.810983,0.794637,0.778494,0.762564,0.746857,0.731383,0.716147,0.701158,0.686419,0.671936,0.657712,0.64375,0.630051,0.616615,0.603444,0.590537,0.577893,0.565509,0.553385,0.541516,0.529901,0.518536,0.507418,0.496542,0.485905,0.475503,0.46533,0.455383,0.445658,0.436148,0.426851,0.417761,0.408874,0.400184,0.391688,0.383381,0.375258,0.367314,0.359547,0.35195,0.34452,0.337253,0.330144,0.323191,0.316387,0.309731,0.303218,0.296845,0.290607,0.284502,0.278527,0.272677,0.26695,0.261342,0.255851,0.250474,0.245207,0.240048,0.234995,0.230044,0.225193,0.220439,0.215781,0.211215,0.20674,0.202353,0.198052,0.193834,0.189699,0.185643,0.181665,0.177763,0.173935,0.170179,0.166494,0.162877,0.159328,0.155844,0.152423,0.149065,0.145768,0.14253,0.139349,0.136225,0.133156,0.130141,0.127178,0.124266,0.121404,0.11859,0.115824,0.113104,0.110428,0.107797,0.105208,0.102661,0.100155,0.097688,0.0952597,0.0928688,0.0905145,0.0881957,0.0859115,0.083661,0.0814432,0.0792573,0.0771023,0.0749775,0.0728818,0.0708146,0.0687749,0.066762,0.0647751,0.0628133,0.0608759,0.058962,0.0570711,0.0552022,0.0533548,0.0515279,0.049721,0.0479333,0.0461642,0.0444128,0.0426786,0.0409609,0.0392589,0.0375721,0.0358998,0.0342413,0.032596,0.0309632,0.0293423,0.0277328,0.0261339,0.024545,0.0229656,0.021395,0.0198327,0.0182779,0.0167302,0.0151889,0.0136534,0.0121232,0.0105977,0.00907617,0.00755815,0.00604305,0.00453026,0.0030192
1,0.982463,0.964947,0.947469,0.93005,0.912709,0.895464,0.878332,0.861331,0.844476,0.827784,0.811267,0.794939,0.778811,0.762896,0.747202,0.731739,0.716513,0.701532,0.6868,0.672322,0.658102,0.644143,0.630445,0.61701,0.603838,0.59093,0.578283,0.565896,0.553768,0.541895,0.530275,0.518905,0.507781,0.4969,0.486256,0.475847,0.465668,0.455715,0.445982,0.436466,0.427162,0.418065,0.40917,0.400474,0.391971,0.383657,0.375527,0.367577,0.359803,0.3522,0.344764,0.337491,0.330376,0.323417,0.316608,0.309946,0.303428,0.297049,0.290806,0.284696,0.278716,0.272861,0.267129,0.261517,0.256021,0.25064,0.245369,0.240206,0.235149,0.230194,0.225339,0.220582,0.21592,0.211351,0.206872,0.202482,0.198177,0.193957,0.189818,0.18576,0.181779,0.177874,0.174043,0.170285,0.166597,0.162978,0.159426,0.155939,0.152516,0.149156,0.145856,0.142616,0.139434,0.136308,0.133237,0.130219,0.127254,0.12434,0.121476,0.118661,0.115893,0.113171,0.110494,0.107861,0.105271,0.102722,0.100214,0.0977456,0.0953158,0.0929234,0.0905676,0.0882474,0.0859618,0.0837099,0.0814908,0.0793036,0.0771473,0.0750212,0.0729243,0.0708558,0.0688149,0.0668008,0.0648127,0.0628497,0.0609111,0.0589962,0.0571041,0.0552342,0.0533856,0.0515577,0.0497497,0.047961,0.0461908,0.0444384,0.0427032,0.0409845,0.0392815,0.0375937,0.0359204,0.034261,0.0326147,0.030981,0.0293592,0.0277487,0.0261489,0.0245591,0.0229788,0.0214073,0.019844,0.0182884,0.0167398,0.0151976,0.0136613,0.0121302,0.0106037,0.00908137,0.00756249,0.00604651,0.00453285,0.00302093
1,0.982473,0.964966,0.947498,0.930089,0.912757,0.89552,0.878397,0.861404,0.844557,0.827871,0.811361,0.795039,0.778917,0.763007,0.747317,0.731858,0.716635,0.701656,0.686927,0.672451,0.658232,0.644273,0.630576,0.617141,0.60397,0.591061,0.578413,0.566025,0.553896,0.542022,0.5304,0.519028,0.507902,0.497019,0.486373,0.475962,0.465781,0.455825,0.44609,0.436572,0.427265,0.418166,0.409269,0.400571,0.392065,0.383749,0.375617,0.367665,0.359889,0.352284,0.344845,0.33757,0.330454,0.323492,0.316681,0.310018,0.303497,0.297117,0.290872,0.284761,0.278778,0.272922,0.267189,0.261575,0.256078,0.250695,0.245423,0.240259,0.2352,0.230244,0.225388,0.220629,0.215966,0.211396,0.206916,0.202525,0.198219,0.193998,0.189858,0.185799,0.181817,0.177911,0.174079,0.17032,0.166631,0.163011,0.159458,0.155971,0.152547,0.149186,0.145886,0.142645,0.139462,0.136335,0.133263,0.130245,0.12728,0.124365,0.121501,0.118685,0.115916,0.113193,0.110516,0.107882,0.105291,0.102742,0.100234,0.0977648,0.0953345,0.0929416,0.0905853,0.0882647,0.0859786,0.0837262,0.0815067,0.079319,0.0771623,0.0750357,0.0729384,0.0708695,0.0688282,0.0668137,0.0648252,0.0628618,0.0609229,0.0590076,0.0571151,0.0552448,0.0533959,0.0515676,0.0497593,0.0479702,0.0461997,0.044447,0.0427114,0.0409923,0.0392891,0.0376009,0.0359273,0.0342675,0.0326209,0.0309869,0.0293648,0.027754,0.0261539,0.0245638,0.0229832,0.0214114,0.0198478,0.0182919,0.016743,0.0152005,0.0136639,0.0121325,0.0106058,0.0090831,0.00756393,0.00604766,0.00453372,0.00302151
1,0.982463,0.964947,0.947469,0.93005,0.912709,0.895464,0.878332,0.861331,0.844476,0.827784,0.811267,0.794939,0.778811,0.762896,0.747202,0.731739,0.716513,0.701532,0.6868,0.672322,0.658102,0.644143,0.630445,0.61701,0.603838,0.59093,0.578283,0.565896,0.553768,0.541895,0.530275,0.518905,0.507781,0.4969,0.486256,0.475847,0.465668,0.455715,0.445982,0.436466,0.427162,0.418065,0.40917,0.400474,0.391971,0.383657,0.375527,0.367577,0.359803,0.3522,0.344764,0.337491,0.330376,0.323417,0.316608,0.309946,0.303428,0.297049,0.290806,0.284696,0.278716,0.272861,0.267129,0.261517,0.256021,0.25064,0.245369,0.240206,0.235149,0.230194,0.225339,0.220582,0.21592,0.211351,0.206872,0.202482,0.198177,0.193957,0.189818,0.18576,0.181779,0.177874,0.174043,0.170285,0.166597,0.162978,0.159426,0.155939,0.152516,0.149156,0.145856,0.142616,0.139434,0.136308,0.133237,0.130219,0.127254,0.12434,0.121476,0.118661,0.115893,0.113171,0.110494,0.107861,0.105271,0.102722,0.100214,0.0977456,0.0953158,0.0929234,0.0905676,0.0882474,0.0859618,0.0837099,0.0814908,0.0793036,0.0771473,0.0750212,0.0729243,0.0708558,0.0688149,0.0668008,0.0648127,0.0628497,0.0609111,0.0589962,0.0571041,0.0552342,0.0533856,0.0515577,0.0497497,0.047961,0.0461908,0.0444384,0.0427032,0.0409845,0.0392815,0.0375937,0.0359204,0.034261,0.0326147,0.030981,0.0293592,0.0277487,0.0261489,0.0245591,0.0229788,0.0214073,0.019844,0.0182884,0.0167398,0.0151976,0.0136613,0.0121302,0.0106037,0.00908137,0.00756249,0.00604651,0.00453285,0.00302093
1,0.982434,0.964888,0.947381,0.929934,0.912566,0.895294,0.878137,0.861111,0.844234,0.82752,0.810983,0.794637,0.778494,0.762564,0.746857,0.731383,0.716147,0.701158,0.686419,0.671936,0.657712,0.64375,0.630051,0.616615,0.603444,0.590537,0.577893,0.565509,0.553385,0.541516,0.529901,0.518536,0.507418,0.496542,0.485905,0.475503,0.46533,0.455383,0.445658,0.436148,0.426851,0.417761,0.408874,0.400184,0.391688,0.383381,0.375258,0.367314,0.359547,0.35195,0.34452,0.337253,0.330144,0.323191,0.316387,0.309731,0.303218,0.296845,0.290607,0.284502,0.278527,0.272677,0.26695,0.261342,0.255851,0.250474,0.245207,0.240048,0.234995,0.230044,0.225193,0.220439,0.215781,0.211215,0.20674,0.202353,0.198052,0.193834,0.189699,0.185643,0.181665,0.177763,0.173935,0.170179,0.166494,0.162877,0.159328,0.155844,0.152423,0.149065,0.145768,0.14253,0.139349,0.136225,0.133156,0.130141,0.127178,0.124266,0.121404,0.11859,0.115824,0.113104,0.110428,0.107797,0.105208,0.102661,0.100155,0.097688,0.0952597,0.0928688,0.0905145,0.0881957,0.0859115,0.083661,0.0814432,0.0792573,0.0771023,0.0749775,0.0728818,0.0708146,0.0687749,0.066762,0.0647751,0.0628133,0.0608759,0.058962,0.0570711,0.0552022,0.0533548,0.0515279,0.049721,0.0479333,0.0461642,0.0444128,0.0426786,0.0409609,0.0392589,0.0375721,0.0358998,0.0342413,0.032596,0.0309632,0.0293423,0.0277328,0.0261339,0.024545,0.0229656,0.021395,0.0198327,0.0182779,0.0167302,0.0151889,0.0136534,0.0121232,0.0105977,0.00907617,0.00755815,0.00604305,0.00453026,0.0030192
1,0.982384,0.964789,0.947234,0.92974,0.912325,0.895009,0.877809,0.860744,0.843829,0.827079,0.81051,0.794134,0.777963,0.762009,0.746281,0.730787,0.715535,0.700532,0.685783,0.671291,0.657061,0.643094,0.629392,0.615957,0.602787,0.589882,0.577242,0.564863,0.552745,0.540884,0.529277,0.517921,0.506812,0.495946,0.48532,0.474928,0.464766,0.454831,0.445117,0.435619,0.426333,0.417255,0.408379,0.399701,0.391216,0.38292,0.374808,0.366876,0.359119,0.351533,0.344113,0.336856,0.329758,0.322814,0.31602,0.309373,0.30287,0.296505,0.290276,0.28418,0.278212,0.27237,0.266651,0.261051,0.255567,0.250197,0.244937,0.239785,0.234738,0.229794,0.224949,0.220202,0.215549,0.21099,0.20652,0.202138,0.197842,0.19363,0.1895,0.185449,0.181476,0.177578,0.173755,0.170004,0.166322,0.16271,0.159165,0.155684,0.152268,0.148914,0.14562,0.142385,0.139209,0.136088,0.133023,0.13001,0.127051,0.124142,0.121283,0.118472,0.115709,0.112991,0.110319,0.10769,0.105105,0.10256,0.100056,0.0975921,0.0951662,0.0927778,0.0904259,0.0881095,0.0858276,0.0835794,0.0813639,0.0791802,0.0770274,0.0749046,0.0728111,0.070746,0.0687083,0.0666974,0.0647124,0.0627526,0.0608171,0.0589052,0.0570161,0.0551491,0.0533034,0.0514783,0.0496732,0.0478873,0.0461198,0.0443702,0.0426376,0.0409216,0.0392213,0.0375361,0.0358654,0.0342085,0.0325647,0.0309335,0.0293143,0.0277062,0.0261089,0.0245215,0.0229437,0.0213746,0.0198137,0.0182605,0.0167142,0.0151744,0.0136404,0.0121116,0.0105875,0.0090675,0.00755094,0.00603728,0.00452593,0.00301632
1,0.982315,0.96465,0.947027,0.929466,0.911986,0.894607,0.877348,0.860226,0.843257,0.826458,0.809843,0.793425,0.777216,0.761228,0.745469,0.729949,0.714675,0.699653,0.684888,0.670385,0.656146,0.642173,0.628468,0.615032,0.601864,0.588963,0.576328,0.563958,0.551848,0.539997,0.528402,0.517059,0.505963,0.495111,0.484499,0.474123,0.463977,0.454057,0.444359,0.434878,0.425608,0.416546,0.407686,0.399025,0.390556,0.382276,0.374179,0.366262,0.35852,0.350949,0.343544,0.336302,0.329217,0.322287,0.315507,0.308873,0.302382,0.29603,0.289813,0.283728,0.277772,0.271941,0.266233,0.260644,0.25517,0.24981,0.24456,0.239418,0.23438,0.229445,0.224609,0.21987,0.215226,0.210674,0.206212,0.201838,0.19755,0.193345,0.189221,0.185177,0.181211,0.17732,0.173503,0.169758,0.166083,0.162476,0.158936,0.155462,0.152051,0.148702,0.145413,0.142184,0.139012,0.135896,0.132835,0.129828,0.126873,0.123968,0.121113,0.118307,0.115548,0.112835,0.110166,0.107541,0.104959,0.102419,0.0999185,0.0974578,0.0950355,0.0926505,0.090302,0.0879889,0.0857103,0.0834652,0.0812529,0.0790722,0.0769225,0.0748028,0.0727122,0.0706499,0.0686151,0.066607,0.0646248,0.0626677,0.0607348,0.0588255,0.0569391,0.0550746,0.0532315,0.0514089,0.0496063,0.0478228,0.0460577,0.0443105,0.0425803,0.0408666,0.0391686,0.0374857,0.0358172,0.0341626,0.0325211,0.0308921,0.029275,0.0276691,0.0260739,0.0244887,0.0229129,0.021346,0.0197872,0.018236,0.0166918,0.0151541,0.0136222,0.0120954,0.0105734,0.00905537,0.00754084,0.0060292,0.00451988,0.00301229
1,0.982224,0.964469,0.946758,0.92911,0.911546,0.894086,0.87675,0.859554,0.842517,0.825653,0.808979,0.792507,0.776249,0.760217,0.744419,0.728866,0.713563,0.698517,0.683733,0.669214,0.654964,0.640984,0.627276,0.613839,0.600674,0.587778,0.575151,0.56279,0.550693,0.538856,0.527275,0.515948,0.50487,0.494037,0.483444,0.473087,0.462962,0.453063,0.443385,0.433925,0.424676,0.415635,0.406796,0.398155,0.389707,0.381447,0.373371,0.365474,0.357752,0.350199,0.342813,0.335589,0.328523,0.32161,0.314847,0.30823,0.301755,0.295419,0.289218,0.283148,0.277207,0.271391,0.265696,0.26012,0.25466,0.249313,0.244076,0.238945,0.23392,0.228996,0.224171,0.219443,0.21481,0.210268,0.205816,0.201452,0.197173,0.192978,0.188863,0.184828,0.18087,0.176988,0.173179,0.169442,0.165774,0.162175,0.158643,0.155175,0.151771,0.148429,0.145147,0.141925,0.138759,0.13565,0.132595,0.129593,0.126644,0.123745,0.120896,0.118095,0.115341,0.112633,0.10997,0.10735,0.104773,0.102237,0.0997414,0.0972853,0.0948674,0.0924869,0.0901427,0.0878339,0.0855595,0.0833186,0.0811102,0.0789336,0.0767877,0.0746718,0.072585,0.0705265,0.0684954,0.0664909,0.0645122,0.0625585,0.0606291,0.0587233,0.0568401,0.054979,0.0531391,0.0513198,0.0495203,0.0477399,0.045978,0.0442338,0.0425066,0.0407959,0.0391009,0.0374209,0.0357554,0.0341036,0.0324649,0.0308388,0.0292245,0.0276214,0.0260289,0.0244465,0.0228734,0.0213092,0.0197531,0.0182046,0.0166631,0.015128,0.0135987,0.0120746,0.0105552,0.00903979,0.00752787,0.00601883,0.0045121,0.00300711
1,0.982112,0.964246,0.946425,0.928669,0.911002,0.893442,0.87601,0.858724,0.841602,0.82466,0.807913,0.791374,0.775056,0.75897,0.743126,0.727532,0.712194,0.697119,0.682312,0.667776,0.653513,0.639524,0.625812,0.612376,0.599214,0.586325,0.573708,0.56136,0.549277,0.537457,0.525896,0.514589,0.503532,0.492722,0.482153,0.47182,0.46172,0.451846,0.442194,0.43276,0.423537,0.414522,0.405709,0.397093,0.38867,0.380435,0.372384,0.364511,0.356812,0.349284,0.341921,0.334719,0.327674,0.320783,0.314041,0.307444,0.30099,0.294673,0.288491,0.28244,0.276517,0.270718,0.265041,0.259482,0.254038,0.248706,0.243484,0.238369,0.233358,0.228448,0.223637,0.218922,0.214302,0.209773,0.205333,0.200981,0.196714,0.19253,0.188426,0.184402,0.180455,0.176582,0.172783,0.169056,0.165398,0.161808,0.158285,0.154826,0.151431,0.148097,0.144823,0.141608,0.13845,0.135349,0.132301,0.129307,0.126365,0.123473,0.12063,0.117836,0.115089,0.112387,0.10973,0.107116,0.104545,0.102015,0.0995251,0.0970746,0.0946623,0.0922872,0.0899483,0.0876446,0.0853753,0.0831395,0.0809361,0.0787643,0.0766232,0.074512,0.0724298,0.0703757,0.0683491,0.066349,0.0643746,0.0624253,0.0605001,0.0585983,0.0567193,0.0548622,0.0530263,0.0512109,0.0494153,0.0476387,0.0458806,0.0441401,0.0424167,0.0407096,0.0390182,0.0373418,0.0356798,0.0340315,0.0323964,0.0307737,0.0291628,0.0275631,0.025974,0.0243949,0.0228252,0.0212643,0.0197115,0.0181663,0.016628,0.0150961,0.0135701,0.0120492,0.010533,0.00902076,0.00751202,0.00600616,0.00450261,0.00300078
1,0.981977,0.963978,0.946025,0.928142,0.91035,0.892671,0.875125,0.857731,0.840508,0.823471,0.806638,0.79002,0.773632,0.757483,0.741583,0.725941,0.710563,0.695454,0.68062,0.666063,0.651786,0.637789,0.624073,0.610637,0.59748,0.584601,0.571996,0.559664,0.547599,0.5358,0.524261,0.512979,0.501949,0.491166,0.480625,0.470322,0.460251,0.450408,0.440786,0.431383,0.422191,0.413206,0.404424,0.395838,0.387446,0.37924,0.371218,0.363374,0.355704,0.348203,0.340867,0.333692,0.326673,0.319807,0.31309,0.306518,0.300087,0.293793,0.287633,0.281604,0.275702,0.269924,0.264267,0.258728,0.253303,0.24799,0.242786,0.237688,0.232694,0.227801,0.223006,0.218307,0.213702,0.209188,0.204763,0.200425,0.196172,0.192001,0.187911,0.183899,0.179964,0.176104,0.172316,0.1686,0.164954,0.161375,0.157862,0.154414,0.151028,0.147704,0.14444,0.141235,0.138086,0.134993,0.131955,0.128969,0.126035,0.123151,0.120317,0.11753,0.11479,0.112096,0.109446,0.10684,0.104276,0.101753,0.0992697,0.0968259,0.0944201,0.0920513,0.0897187,0.0874212,0.0851579,0.082928,0.0807304,0.0785643,0.0764289,0.0743232,0.0722464,0.0701978,0.0681764,0.0661815,0.0642122,0.0622679,0.0603477,0.0584508,0.0565766,0.0547242,0.052893,0.0510823,0.0492912,0.0475192,0.0457655,0.0440295,0.0423104,0.0406077,0.0389205,0.0372484,0.0355906,0.0339465,0.0323154,0.0306968,0.02909,0.0274943,0.0259092,0.0243341,0.0227683,0.0212112,0.0196623,0.018121,0.0165866,0.0150585,0.0135363,0.0120192,0.0105067,0.00899829,0.00749331,0.0059912,0.00449139,0.00299331
1,0.981819,0.963664,0.945557,0.927523,0.909585,0.891766,0.874087,0.856567,0.839226,0.82208,0.805146,0.788438,0.771967,0.755746,0.739782,0.724085,0.708661,0.693515,0.678651,0.664072,0.649779,0.635772,0.622053,0.608619,0.59547,0.582602,0.570013,0.557699,0.545657,0.533882,0.522371,0.511118,0.500118,0.489367,0.47886,0.468591,0.458555,0.448747,0.439162,0.429793,0.420638,0.411689,0.402942,0.394392,0.386033,0.377863,0.369874,0.362063,0.354426,0.346957,0.339652,0.332508,0.325519,0.318683,0.311994,0.30545,0.299046,0.292779,0.286645,0.280641,0.274764,0.26901,0.263376,0.257859,0.252457,0.247165,0.241982,0.236904,0.23193,0.227056,0.22228,0.217599,0.213012,0.208515,0.204107,0.199785,0.195547,0.191392,0.187317,0.18332,0.179399,0.175552,0.171779,0.168076,0.164442,0.160875,0.157375,0.153938,0.150565,0.147252,0.143999,0.140804,0.137666,0.134584,0.131555,0.128579,0.125655,0.122781,0.119955,0.117178,0.114447,0.111761,0.10912,0.106522,0.103966,0.101451,0.0989755,0.0965392,0.0941409,0.0917795,0.0894541,0.0871637,0.0849074,0.0826843,0.0804934,0.0783339,0.0762049,0.0741056,0.0720352,0.0699927,0.0679773,0.0659884,0.0640251,0.0620865,0.060172,0.0582808,0.0564121,0.0545653,0.0527395,0.0509341,0.0491483,0.0473815,0.045633,0.043902,0.042188,0.0404902,0.038808,0.0371407,0.0354878,0.0338484,0.0322221,0.0306082,0.029006,0.027415,0.0258345,0.0242639,0.0227027,0.0211501,0.0196057,0.0180688,0.0165388,0.0150152,0.0134973,0.0119846,0.0104765,0.00897239,0.00747174,0.00597396,0.00447847,0.00298469
1,0.981637,0.9633,0.945015,0.926808,0.908702,0.890721,0.872889,0.855225,0.837749,0.820478,0.80343,0.786618,0.770054,0.75375,0.737716,0.721957,0.706482,0.691294,0.676398,0.661794,0.647484,0.633469,0.619747,0.606318,0.593178,0.580324,0.567754,0.555463,0.543447,0.531702,0.520222,0.509003,0.498039,0.487326,0.476857,0.466627,0.456631,0.446864,0.437319,0.427992,0.418877,0.409969,0.401263,0.392753,0.384434,0.376302,0.368352,0.360579,0.352979,0.345546,0.338278,0.331168,0.324214,0.31741,0.310754,0.304242,0.297869,0.291632,0.285527,0.279552,0.273703,0.267976,0.262368,0.256877,0.251499,0.246232,0.241072,0.236018,0.231066,0.226213,0.221458,0.216798,0.212231,0.207753,0.203364,0.199061,0.194841,0.190703,0.186645,0.182664,0.178759,0.174929,0.17117,0.167482,0.163863,0.16031,0.156824,0.153401,0.15004,0.14674,0.1435,0.140317,0.137191,0.13412,0.131103,0.128139,0.125225,0.122361,0.119547,0.116779,0.114058,0.111382,0.108751,0.106162,0.103615,0.101109,0.0986424,0.0962148,0.0938249,0.0914719,0.0891546,0.0868722,0.0846238,0.0824084,0.0802251,0.0780731,0.0759515,0.0738594,0.071796,0.0697605,0.067752,0.0657699,0.0638132,0.0618812,0.0599732,0.0580884,0.056226,0.0543853,0.0525657,0.0507663,0.0489865,0.0472256,0.0454829,0.0437577,0.0420494,0.0403572,0.0386806,0.0370189,0.0353713,0.0337374,0.0321165,0.0305079,0.028911,0.0273252,0.0257499,0.0241845,0.0226284,0.0210809,0.0195415,0.0180097,0.0164847,0.0149661,0.0134532,0.0119454,0.0104422,0.00894306,0.00744732,0.00595444,0.00446383,0.00297494
1,0.981428,0.962885,0.944396,0.92599,0.907693,0.889529,0.871522,0.853694,0.836066,0.818654,0.801477,0.784548,0.767881,0.751486,0.735372,0.719547,0.704015,0.688783,0.673851,0.659222,0.644896,0.630873,0.61715,0.603727,0.590599,0.577763,0.565215,0.552952,0.540967,0.529255,0.517813,0.506633,0.49571,0.485039,0.474614,0.46443,0.45448,0.444758,0.43526,0.425979,0.41691,0.408048,0.399387,0.390923,0.382649,0.374561,0.366654,0.358923,0.351364,0.343973,0.336744,0.329673,0.322757,0.315991,0.309371,0.302894,0.296556,0.290352,0.284281,0.278337,0.272519,0.266822,0.261244,0.255781,0.250431,0.245191,0.240058,0.235029,0.230102,0.225273,0.220542,0.215905,0.211359,0.206904,0.202536,0.198253,0.194053,0.189934,0.185895,0.181933,0.178046,0.174233,0.170491,0.16682,0.163217,0.15968,0.156209,0.152801,0.149455,0.146169,0.142943,0.139774,0.136661,0.133603,0.130599,0.127647,0.124745,0.121894,0.11909,0.116334,0.113624,0.11096,0.108338,0.10576,0.103223,0.100727,0.0982707,0.0958527,0.0934724,0.0911286,0.0888204,0.086547,0.0843073,0.0821005,0.0799257,0.077782,0.0756686,0.0735845,0.0715291,0.0695014,0.0675006,0.065526,0.0635767,0.0616521,0.0597513,0.0578736,0.0560182,0.0541845,0.0523717,0.050579,0.0488059,0.0470516,0.0453154,0.0435966,0.0418947,0.0402088,0.0385384,0.0368828,0.0352414,0.0336135,0.0319986,0.0303959,0.0288049,0.027225,0.0256555,0.0240958,0.0225454,0.0210037,0.0194699,0.0179437,0.0164243,0.0149113,0.0134039,0.0119017,0.010404,0.00891033,0.00742007,0.00593265,0.0044475,0.00296405
1,0.981192,0.962414,0.943695,0.925065,0.906551,0.88818,0.869977,0.851965,0.834165,0.816596,0.799276,0.782218,0.765436,0.748941,0.73274,0.716842,0.70125,0.68597,0.671001,0.656347,0.642005,0.627975,0.614254,0.60084,0.587728,0.574914,0.562394,0.550162,0.538213,0.526541,0.51514,0.504005,0.493129,0.482507,0.472132,0.461998,0.452099,0.442429,0.432983,0.423754,0.414737,0.405926,0.397316,0.388902,0.380677,0.372638,0.364779,0.357096,0.349583,0.342236,0.335052,0.328024,0.32115,0.314425,0.307846,0.301408,0.295108,0.288941,0.282906,0.276998,0.271213,0.26555,0.260004,0.254573,0.249254,0.244043,0.238939,0.233938,0.229039,0.224237,0.219532,0.21492,0.210399,0.205967,0.201622,0.197362,0.193184,0.189087,0.185068,0.181126,0.177259,0.173465,0.169743,0.16609,0.162504,0.158985,0.155531,0.152139,0.14881,0.14554,0.142329,0.139175,0.136077,0.133033,0.130043,0.127104,0.124216,0.121377,0.118587,0.115844,0.113146,0.110493,0.107884,0.105317,0.102791,0.100306,0.0978606,0.0954533,0.0930833,0.0907498,0.0884516,0.0861881,0.0839581,0.0817608,0.0795953,0.0774608,0.0753564,0.0732813,0.0712345,0.0692154,0.0672231,0.0652568,0.0633158,0.0613992,0.0595064,0.0576365,0.0557889,0.0539628,0.0521576,0.0503724,0.0486066,0.0468595,0.0451305,0.0434189,0.0417239,0.040045,0.0383815,0.0367327,0.035098,0.0334768,0.0318685,0.0302724,0.0286879,0.0271144,0.0255513,0.023998,0.0224539,0.0209184,0.0193909,0.0178709,0.0163577,0.0148508,0.0133495,0.0118534,0.0103618,0.00887421,0.00738999,0.0059086,0.00442947,0.00295204
1,0.980925,0.961883,0.942905,0.924023,0.905266,0.886663,0.868241,0.850024,0.832033,0.81429,0.796811,0.779612,0.762705,0.7461,0.729807,0.71383,0.698175,0.682844,0.667839,0.653159,0.638803,0.624768,0.611052,0.597651,0.584559,0.571772,0.559284,0.547089,0.535181,0.523555,0.512203,0.501118,0.490296,0.479728,0.469408,0.459331,0.449489,0.439877,0.430489,0.421317,0.412357,0.403603,0.39505,0.38669,0.378521,0.370535,0.362729,0.355097,0.347635,0.340339,0.333202,0.326222,0.319394,0.312715,0.306179,0.299784,0.293525,0.2874,0.281404,0.275534,0.269787,0.26416,0.25865,0.253253,0.247968,0.24279,0.237717,0.232747,0.227877,0.223105,0.218428,0.213843,0.209349,0.204944,0.200624,0.196388,0.192235,0.188161,0.184165,0.180245,0.1764,0.172627,0.168925,0.165291,0.161726,0.158226,0.15479,0.151416,0.148104,0.144852,0.141657,0.13852,0.135438,0.13241,0.129435,0.126511,0.123638,0.120813,0.118037,0.115307,0.112623,0.109983,0.107386,0.104832,0.102319,0.0998461,0.0974123,0.0950166,0.092658,0.0903356,0.0880485,0.0857957,0.0835763,0.0813894,0.0792342,0.0771097,0.0750151,0.0729497,0.0709125,0.0689028,0.0669197,0.0649625,0.0630305,0.0611227,0.0592386,0.0573774,0.0555382,0.0537205,0.0519235,0.0501464,0.0483887,0.0466496,0.0449284,0.0432245,0.0415372,0.0398659,0.0382099,0.0365685,0.0349412,0.0333273,0.0317262,0.0301372,0.0285599,0.0269934,0.0254373,0.023891,0.0223538,0.0208252,0.0193045,0.0177913,0.0162848,0.0147846,0.0132901,0.0118006,0.0103157,0.0088347,0.00735709,0.0058823,0.00440976,0.0029389
1,0.980626,0.961288,0.94202,0.922855,0.903827,0.884966,0.8663,0.847855,0.829655,0.81172,0.794067,0.776714,0.759671,0.742949,0.726556,0.710497,0.694775,0.679393,0.664351,0.649647,0.635279,0.621243,0.607536,0.594152,0.581085,0.56833,0.55588,0.543729,0.531869,0.520294,0.508997,0.49797,0.487207,0.4767,0.466443,0.456429,0.44665,0.437102,0.427777,0.418669,0.409772,0.401081,0.392588,0.38429,0.37618,0.368253,0.360505,0.35293,0.345523,0.33828,0.331197,0.324268,0.317491,0.31086,0.304372,0.298024,0.29181,0.285729,0.279776,0.273948,0.268242,0.262654,0.257182,0.251823,0.246573,0.241431,0.236393,0.231456,0.226619,0.221878,0.217231,0.212677,0.208212,0.203834,0.199542,0.195333,0.191205,0.187157,0.183186,0.17929,0.175468,0.171718,0.168038,0.164426,0.160882,0.157402,0.153986,0.150632,0.147339,0.144105,0.140929,0.137809,0.134745,0.131734,0.128775,0.125868,0.12301,0.120201,0.11744,0.114725,0.112055,0.10943,0.106847,0.104307,0.101807,0.099347,0.096926,0.0945429,0.0921967,0.0898864,0.0876112,0.08537,0.0831621,0.0809865,0.0788423,0.0767287,0.0746449,0.07259,0.0705631,0.0685636,0.0665906,0.0646433,0.0627209,0.0608228,0.0589481,0.0570962,0.0552662,0.0534575,0.0516694,0.0499012,0.0481522,0.0464217,0.0447091,0.0430136,0.0413346,0.0396715,0.0380236,0.0363904,0.0347711,0.0331651,0.0315718,0.0299906,0.028421,0.0268622,0.0253137,0.0237749,0.0222452,0.020724,0.0192108,0.0177049,0.0162058,0.0147129,0.0132256,0.0117434,0.0102656,0.00879184,0.0073214,0.00585376,0.00438836,0.00292464
1,0.980292,0.960623,0.94103,0.921552,0.902222,0.883073,0.864138,0.845442,0.827011,0.808866,0.791025,0.773505,0.756316,0.739469,0.722971,0.706826,0.691036,0.675603,0.660524,0.645799,0.631422,0.61739,0.603696,0.590335,0.5773,0.564584,0.552179,0.540078,0.528273,0.516757,0.505521,0.494559,0.483862,0.473423,0.463235,0.45329,0.443582,0.434104,0.424849,0.41581,0.406982,0.398358,0.389933,0.381701,0.373656,0.365793,0.358107,0.350594,0.343247,0.336062,0.329036,0.322163,0.31544,0.308863,0.302426,0.296128,0.289964,0.28393,0.278023,0.27224,0.266578,0.261033,0.255602,0.250283,0.245073,0.239968,0.234967,0.230066,0.225263,0.220557,0.215943,0.21142,0.206987,0.20264,0.198377,0.194197,0.190097,0.186076,0.182131,0.178261,0.174464,0.170739,0.167083,0.163494,0.159972,0.156515,0.153121,0.149788,0.146515,0.143301,0.140145,0.137044,0.133998,0.131006,0.128065,0.125175,0.122334,0.119542,0.116797,0.114098,0.111444,0.108834,0.106266,0.10374,0.101255,0.0988091,0.096402,0.0940324,0.0916995,0.0894023,0.0871399,0.0849113,0.0827157,0.0805523,0.07842,0.0763182,0.0742458,0.0722023,0.0701866,0.068198,0.0662358,0.0642991,0.0623873,0.0604995,0.058635,0.0567931,0.054973,0.0531741,0.0513957,0.049637,0.0478973,0.0461761,0.0444726,0.0427862,0.0411162,0.039462,0.0378229,0.0361983,0.0345876,0.0329902,0.0314054,0.0298326,0.0282712,0.0267207,0.0251804,0.0236497,0.0221281,0.020615,0.0191097,0.0176118,0.0161205,0.0146355,0.013156,0.0116816,0.0102117,0.00874563,0.00728292,0.005823,0.0043653,0.00290927
1,0.979919,0.959881,0.939927,0.920099,0.900434,0.880969,0.861736,0.842764,0.824081,0.805708,0.787663,0.769964,0.75262,0.735641,0.719033,0.702799,0.686941,0.671457,0.656346,0.641602,0.627222,0.613198,0.599524,0.586193,0.573196,0.560526,0.548173,0.53613,0.524388,0.512938,0.501772,0.490882,0.480258,0.469895,0.459783,0.449915,0.440284,0.430882,0.421703,0.412741,0.403988,0.395438,0.387086,0.378925,0.370951,0.363157,0.355538,0.34809,0.340808,0.333687,0.326722,0.319909,0.313245,0.306724,0.300343,0.294099,0.287987,0.282004,0.276147,0.270412,0.264796,0.259297,0.253911,0.248635,0.243466,0.238402,0.23344,0.228578,0.223813,0.219142,0.214564,0.210076,0.205675,0.201361,0.19713,0.19298,0.18891,0.184918,0.181002,0.17716,0.17339,0.16969,0.16606,0.162496,0.158999,0.155565,0.152194,0.148883,0.145633,0.142441,0.139305,0.136225,0.133199,0.130225,0.127304,0.124432,0.12161,0.118836,0.116108,0.113427,0.110789,0.108195,0.105644,0.103133,0.100664,0.0982328,0.0958405,0.0934854,0.0911668,0.0888835,0.0866348,0.0844198,0.0822374,0.0800869,0.0779675,0.0758782,0.0738182,0.0717868,0.069783,0.0678062,0.0658556,0.0639303,0.0620297,0.060153,0.0582994,0.0564682,0.0546588,0.0528703,0.0511022,0.0493537,0.0476242,0.0459129,0.0442192,0.0425426,0.0408822,0.0392375,0.0376078,0.0359925,0.034391,0.0328027,0.031227,0.0296632,0.0281107,0.0265691,0.0250375,0.0235156,0.0220026,0.0204981,0.0190014,0.0175119,0.0160292,0.0145526,0.0130815,0.0116155,0.0101538,0.00869609,0.00724167,0.00579002,0.00434058,0.0028928
1,0.979504,0.959055,0.938699,0.918483,0.898447,0.878631,0.859072,0.839799,0.820841,0.802221,0.783957,0.766066,0.748558,0.731442,0.71472,0.698397,0.682471,0.66694,0.651799,0.637042,0.622664,0.608656,0.59501,0.581716,0.568766,0.55615,0.543858,0.531882,0.520211,0.508836,0.497748,0.486937,0.476396,0.466115,0.456087,0.446303,0.436756,0.427438,0.418342,0.409462,0.40079,0.39232,0.384046,0.375963,0.368064,0.360345,0.352799,0.345422,0.338209,0.331155,0.324256,0.317507,0.310905,0.304445,0.298124,0.291937,0.285881,0.279952,0.274148,0.268465,0.262899,0.257448,0.252109,0.246879,0.241755,0.236734,0.231814,0.226993,0.222268,0.217636,0.213095,0.208643,0.204278,0.199998,0.195801,0.191684,0.187646,0.183685,0.179799,0.175986,0.172245,0.168573,0.16497,0.161433,0.157961,0.154552,0.151206,0.14792,0.144692,0.141523,0.13841,0.135351,0.132346,0.129394,0.126493,0.123641,0.120838,0.118083,0.115374,0.11271,0.110091,0.107514,0.10498,0.102487,0.100033,0.0976184,0.0952418,0.0929022,0.0905987,0.0883304,0.0860963,0.0838956,0.0817274,0.0795907,0.0774849,0.075409,0.0733622,0.0713437,0.0693527,0.0673884,0.0654501,0.063537,0.0616484,0.0597834,0.0579414,0.0561218,0.0543236,0.0525463,0.0507892,0.0490516,0.0473328,0.0456321,0.043949,0.0422826,0.0406325,0.0389979,0.0373783,0.035773,0.0341813,0.0326028,0.0310367,0.0294825,0.0279396,0.0264073,0.0248851,0.0233725,0.0218688,0.0203734,0.0188858,0.0174055,0.0159317,0.0144641,0.013002,0.0115449,0.0100921,0.00864325,0.00719767,0.00575484,0.00431421,0.00287523
1,0.979041,0.958134,0.937333,0.916686,0.89624,0.876039,0.85612,0.836519,0.817263,0.798377,0.779879,0.761786,0.744106,0.726847,0.71001,0.693598,0.677607,0.662032,0.646867,0.632105,0.617737,0.603752,0.590142,0.576896,0.564002,0.55145,0.539229,0.527328,0.515738,0.504447,0.493445,0.482724,0.472273,0.462084,0.452147,0.442455,0.432999,0.423772,0.414766,0.405974,0.39739,0.389006,0.380817,0.372817,0.364999,0.357359,0.34989,0.342589,0.33545,0.328468,0.321639,0.314959,0.308423,0.302028,0.295769,0.289644,0.283647,0.277777,0.272028,0.2664,0.260887,0.255488,0.250199,0.245017,0.23994,0.234966,0.23009,0.225312,0.220629,0.216038,0.211537,0.207124,0.202797,0.198554,0.194392,0.19031,0.186305,0.182377,0.178523,0.174741,0.17103,0.167388,0.163814,0.160305,0.15686,0.153478,0.150158,0.146897,0.143695,0.140549,0.13746,0.134424,0.131442,0.128512,0.125632,0.122801,0.120019,0.117284,0.114595,0.11195,0.10935,0.106792,0.104275,0.1018,0.0993636,0.0969661,0.0946062,0.0922831,0.0899957,0.0877432,0.0855246,0.0833391,0.0811858,0.0790639,0.0769725,0.0749108,0.0728779,0.0708732,0.0688957,0.0669448,0.0650196,0.0631193,0.0612434,0.059391,0.0575614,0.0557538,0.0539677,0.0522023,0.0504569,0.0487308,0.0470234,0.045334,0.0436619,0.0420066,0.0403674,0.0387436,0.0371346,0.0355398,0.0339586,0.0323904,0.0308346,0.0292906,0.0277577,0.0262355,0.0247233,0.0232205,0.0217266,0.020241,0.0187631,0.0172924,0.0158282,0.0143702,0.0129176,0.0114699,0.0100266,0.00858713,0.00715094,0.00571748,0.00428621,0.00285656
1,0.978525,0.957109,0.935812,0.914687,0.893789,0.873163,0.852852,0.832893,0.813315,0.794144,0.775398,0.757091,0.739233,0.721828,0.704877,0.688378,0.672326,0.656714,0.641533,0.626774,0.612425,0.598475,0.584912,0.571723,0.558896,0.546419,0.534279,0.522465,0.510965,0.499768,0.488863,0.47824,0.467889,0.457799,0.447963,0.43837,0.429014,0.419885,0.410976,0.40228,0.393789,0.385498,0.377399,0.369488,0.361757,0.354201,0.346815,0.339595,0.332534,0.325629,0.318874,0.312267,0.305801,0.299475,0.293283,0.287222,0.281288,0.275479,0.26979,0.264219,0.258762,0.253417,0.248181,0.243051,0.238024,0.233098,0.228269,0.223537,0.218898,0.21435,0.209892,0.205519,0.201232,0.197027,0.192903,0.188857,0.184889,0.180995,0.177175,0.173426,0.169747,0.166136,0.162592,0.159113,0.155697,0.152343,0.14905,0.145816,0.14264,0.13952,0.136455,0.133444,0.130486,0.127579,0.124722,0.121914,0.119153,0.116439,0.113771,0.111147,0.108566,0.106028,0.103531,0.101074,0.0986558,0.0962763,0.0939341,0.0916283,0.0893579,0.0871221,0.0849199,0.0827505,0.0806131,0.0785067,0.0764305,0.0743838,0.0723658,0.0703755,0.0684123,0.0664755,0.0645641,0.0626775,0.060815,0.0589759,0.0571593,0.0553646,0.0535912,0.0518383,0.0501052,0.0483914,0.046696,0.0450185,0.0433583,0.0417146,0.0400869,0.0384745,0.0368768,0.0352932,0.033723,0.0321658,0.0306208,0.0290875,0.0275654,0.0260537,0.024552,0.0230597,0.0215762,0.0201009,0.0186332,0.0171727,0.0157187,0.0142707,0.0128282,0.0113906,0.00995726,0.00852775,0.0071015,0.00567795,0.00425657,0.00283681
1,0.977949,0.955966,0.934117,0.912464,0.891065,0.869972,0.849233,0.828885,0.808961,0.789485,0.770477,0.751949,0.733908,0.716356,0.699292,0.682711,0.666605,0.650964,0.635777,0.621032,0.606714,0.592811,0.579307,0.566188,0.55344,0.54105,0.529003,0.517287,0.50589,0.494798,0.484,0.473485,0.463242,0.453262,0.443534,0.43405,0.424801,0.415777,0.406973,0.398379,0.389989,0.381797,0.373795,0.365978,0.358339,0.350873,0.343575,0.33644,0.329463,0.322639,0.315963,0.309432,0.303041,0.296787,0.290665,0.284672,0.278805,0.27306,0.267434,0.261923,0.256526,0.251238,0.246058,0.240981,0.236007,0.231131,0.226353,0.221669,0.217077,0.212574,0.208159,0.20383,0.199585,0.19542,0.191336,0.187329,0.183397,0.17954,0.175755,0.172041,0.168395,0.164817,0.161305,0.157857,0.154472,0.151147,0.147883,0.144677,0.141529,0.138436,0.135397,0.132412,0.129479,0.126596,0.123763,0.120978,0.118241,0.115549,0.112903,0.1103,0.10774,0.105222,0.102745,0.100308,0.0979098,0.0955493,0.0932257,0.0909382,0.0886857,0.0864675,0.0842826,0.0821302,0.0800093,0.0779193,0.0758593,0.0738284,0.0718259,0.0698509,0.0679028,0.0659807,0.064084,0.0622118,0.0603634,0.0585382,0.0567354,0.0549543,0.0531943,0.0514546,0.0497345,0.0480335,0.0463509,0.044686,0.0430381,0.0414067,0.0397911,0.0381907,0.0366049,0.0350331,0.0334746,0.0319289,0.0303954,0.0288735,0.0273625,0.0258621,0.0243715,0.0228901,0.0214176,0.0199531,0.0184963,0.0170465,0.0156033,0.0141659,0.012734,0.0113069,0.00988415,0.00846514,0.00704936,0.00563627,0.00422533,0.00281599
1,0.977306,0.95469,0.932226,0.909985,0.888034,0.866429,0.845222,0.824454,0.804158,0.78436,0.765077,0.746319,0.728093,0.710396,0.693224,0.676568,0.660418,0.644761,0.629581,0.614863,0.60059,0.586747,0.573316,0.560282,0.547627,0.535337,0.523397,0.511792,0.500508,0.489533,0.478853,0.468457,0.458334,0.448472,0.438863,0.429495,0.420361,0.411452,0.402759,0.394275,0.385993,0.377905,0.370006,0.362289,0.354748,0.347378,0.340173,0.333128,0.326239,0.3195,0.312907,0.306457,0.300145,0.293966,0.287918,0.281998,0.2762,0.270522,0.264962,0.259515,0.25418,0.248952,0.24383,0.23881,0.233891,0.229069,0.224342,0.219708,0.215165,0.21071,0.206342,0.202058,0.197856,0.193734,0.189691,0.185724,0.181832,0.178013,0.174265,0.170587,0.166977,0.163433,0.159954,0.156539,0.153185,0.149892,0.146658,0.143482,0.140362,0.137297,0.134286,0.131328,0.128421,0.125564,0.122756,0.119996,0.117282,0.114614,0.111991,0.109411,0.106873,0.104377,0.101921,0.0995042,0.0971261,0.0947855,0.0924815,0.0902131,0.0879795,0.0857797,0.0836129,0.0814783,0.079375,0.0773021,0.075259,0.0732447,0.0712585,0.0692997,0.0673673,0.0654608,0.0635794,0.0617223,0.0598888,0.0580783,0.0562899,0.0545231,0.0527771,0.0510513,0.0493449,0.0476574,0.0459882,0.0443364,0.0427016,0.0410831,0.0394803,0.0378925,0.0363192,0.0347597,0.0332135,0.0316799,0.0301584,0.0286484,0.0271493,0.0256606,0.0241817,0.0227119,0.0212508,0.0197978,0.0183524,0.0169139,0.0154819,0.0140557,0.012635,0.011219,0.00980729,0.00839933,0.00699456,0.00559245,0.00419248,0.0027941
1,0.976586,0.953261,0.930111,0.907218,0.884656,0.862489,0.840772,0.81955,0.798857,0.778719,0.75915,0.74016,0.721748,0.703911,0.686639,0.66992,0.65374,0.63808,0.622922,0.608248,0.594037,0.580271,0.56693,0.553996,0.54145,0.529276,0.517456,0.505975,0.494819,0.483973,0.473423,0.463157,0.453163,0.443431,0.433949,0.424707,0.415697,0.40691,0.398336,0.389969,0.381801,0.373826,0.366036,0.358425,0.350987,0.343718,0.336611,0.329661,0.322864,0.316215,0.30971,0.303344,0.297114,0.291016,0.285045,0.279199,0.273475,0.267868,0.262376,0.256997,0.251726,0.246561,0.2415,0.236539,0.231677,0.226911,0.222239,0.217657,0.213165,0.20876,0.20444,0.200203,0.196047,0.19197,0.187969,0.184045,0.180194,0.176414,0.172705,0.169065,0.165492,0.161984,0.15854,0.155159,0.151838,0.148578,0.145376,0.14223,0.139141,0.136105,0.133123,0.130193,0.127313,0.124483,0.121701,0.118967,0.116278,0.113635,0.111035,0.108479,0.105964,0.103491,0.101057,0.0986619,0.0963051,0.0939854,0.0917018,0.0894534,0.0872395,0.085059,0.0829112,0.0807952,0.0787102,0.0766554,0.0746299,0.072633,0.070664,0.0687219,0.0668062,0.064916,0.0630506,0.0612093,0.0593914,0.0575962,0.055823,0.0540711,0.0523398,0.0506285,0.0489366,0.0472632,0.0456079,0.04397,0.0423489,0.0407439,0.0391544,0.0375799,0.0360196,0.0344731,0.0329397,0.0314189,0.02991,0.0284125,0.0269259,0.0254494,0.0239827,0.0225251,0.021076,0.019635,0.0182015,0.0167749,0.0153546,0.0139402,0.0125311,0.0111268,0.00972672,0.00833033,0.00693711,0.00554652,0.00415805,0.00277115
1,0.975776,0.951656,0.92774,0.904121,0.880883,0.858098,0.835827,0.814117,0.793003,0.772508,0.752646,0.733421,0.714828,0.69686,0.679501,0.662735,0.646541,0.630897,0.61578,0.601169,0.58704,0.57337,0.560137,0.547321,0.534901,0.522859,0.511176,0.499835,0.48882,0.478116,0.467708,0.457585,0.447732,0.438139,0.428794,0.419688,0.410811,0.402153,0.393707,0.385465,0.377418,0.369561,0.361886,0.354387,0.347058,0.339895,0.332891,0.326041,0.319341,0.312786,0.306373,0.300096,0.293952,0.287937,0.282048,0.27628,0.270632,0.265099,0.259679,0.254369,0.249166,0.244066,0.239069,0.23417,0.229368,0.22466,0.220044,0.215518,0.211079,0.206726,0.202456,0.198268,0.194159,0.190128,0.186173,0.182292,0.178484,0.174746,0.171077,0.167476,0.163942,0.160471,0.157064,0.153718,0.150432,0.147205,0.144036,0.140923,0.137865,0.13486,0.131908,0.129007,0.126156,0.123354,0.120599,0.117892,0.115229,0.112612,0.110037,0.107505,0.105015,0.102565,0.100154,0.0977818,0.0954471,0.0931492,0.0908869,0.0886595,0.0864661,0.0843059,0.0821779,0.0800813,0.0780155,0.0759794,0.0739724,0.0719937,0.0700425,0.068118,0.0662196,0.0643464,0.0624978,0.0606731,0.0588714,0.0570923,0.0553349,0.0535986,0.0518827,0.0501866,0.0485096,0.0468511,0.0452104,0.043587,0.0419801,0.0403892,0.0388137,0.037253,0.0357065,0.0341735,0.0326535,0.031146,0.0296503,0.0281659,0.0266922,0.0252286,0.0237746,0.0223297,0.0208933,0.0194648,0.0180437,0.0166295,0.0152216,0.0138194,0.0124226,0.0110304,0.00964247,0.00825818,0.00687703,0.00549849,0.00412204,0.00274716
1,0.974863,0.949848,0.925072,0.900642,0.876656,0.853194,0.830321,0.808088,0.786529,0.765665,0.745505,0.726049,0.707285,0.6892,0.671772,0.654977,0.638791,0.623186,0.608134,0.593609,0.579583,0.566031,0.552928,0.54025,0.527976,0.516083,0.504554,0.493368,0.48251,0.471962,0.461711,0.451741,0.442041,0.432599,0.423402,0.41444,0.405705,0.397186,0.388875,0.380764,0.372846,0.365113,0.35756,0.350179,0.342965,0.335913,0.329016,0.322272,0.315673,0.309217,0.302899,0.296715,0.290661,0.284733,0.278928,0.273243,0.267674,0.262218,0.256873,0.251635,0.246501,0.24147,0.236539,0.231704,0.226964,0.222317,0.21776,0.21329,0.208907,0.204608,0.20039,0.196253,0.192194,0.188211,0.184303,0.180467,0.176703,0.173009,0.169382,0.165822,0.162327,0.158895,0.155526,0.152217,0.148967,0.145776,0.142641,0.139561,0.136536,0.133563,0.130642,0.127771,0.12495,0.122177,0.119451,0.116771,0.114136,0.111545,0.108997,0.106491,0.104025,0.101599,0.0992128,0.0968642,0.0945527,0.0922773,0.0900373,0.0878318,0.0856598,0.0835205,0.0814132,0.0793369,0.077291,0.0752745,0.0732868,0.071327,0.0693944,0.0674882,0.0656078,0.0637524,0.0619213,0.0601138,0.0583291,0.0565667,0.0548258,0.0531057,0.0514059,0.0497256,0.0480643,0.0464212,0.0447958,0.0431874,0.0415954,0.0400193,0.0384584,0.0369121,0.0353798,0.0338609,0.032355,0.0308613,0.0293794,0.0279086,0.0264484,0.0249983,0.0235576,0.0221259,0.0207026,0.0192872,0.0178791,0.0164778,0.0150828,0.0136934,0.0123093,0.0109299,0.00955458,0.00818291,0.00681435,0.00544838,0.00408448,0.00272212
1,0.973828,0.947801,0.922057,0.896721,0.871905,0.847699,0.824176,0.801385,0.77936,0.758118,0.737662,0.717983,0.699064,0.680882,0.663408,0.646612,0.63046,0.614921,0.599961,0.585549,0.571652,0.558243,0.545293,0.532776,0.520668,0.508945,0.497587,0.486575,0.475889,0.465513,0.455431,0.445629,0.436094,0.426812,0.417774,0.408967,0.400382,0.39201,0.383842,0.375871,0.368088,0.360487,0.353061,0.345804,0.33871,0.331774,0.324991,0.318356,0.311863,0.30551,0.299292,0.293204,0.287243,0.281406,0.275689,0.270089,0.264602,0.259226,0.253958,0.248796,0.243735,0.238775,0.233912,0.229144,0.224469,0.219884,0.215388,0.210977,0.206652,0.202408,0.198245,0.19416,0.190152,0.186219,0.182359,0.178571,0.174853,0.171203,0.16762,0.164103,0.160649,0.157258,0.153927,0.150657,0.147445,0.14429,0.14119,0.138145,0.135154,0.132214,0.129325,0.126486,0.123696,0.120953,0.118257,0.115606,0.112999,0.110436,0.107915,0.105435,0.102996,0.100595,0.0982338,0.0959096,0.0936221,0.0913704,0.0891535,0.0869706,0.0848208,0.0827034,0.0806175,0.0785623,0.0765371,0.074541,0.0725733,0.0706332,0.0687199,0.0668328,0.0649712,0.0631342,0.0613213,0.0595317,0.0577647,0.0560196,0.0542959,0.0525928,0.0509096,0.0492458,0.0476007,0.0459737,0.0443642,0.0427715,0.041195,0.0396342,0.0380885,0.0365571,0.0350397,0.0335356,0.0320442,0.0305649,0.0290973,0.0276407,0.0261946,0.0247584,0.0233317,0.0219138,0.0205042,0.0191023,0.0177078,0.0163199,0.0149383,0.0135623,0.0121914,0.0108252,0.00946308,0.00810455,0.0067491,0.00539621,0.00404537,0.00269606
1,0.972649,0.945471,0.918632,0.892281,0.866544,0.841524,0.817297,0.793915,0.771408,0.749786,0.729041,0.709157,0.690107,0.671855,0.654367,0.637601,0.621518,0.606078,0.591242,0.576972,0.563235,0.549996,0.537225,0.524893,0.512974,0.501442,0.490276,0.479454,0.468958,0.458769,0.448871,0.43925,0.429892,0.420784,0.411914,0.403272,0.394847,0.386631,0.378614,0.370789,0.363149,0.355685,0.348393,0.341266,0.334298,0.327483,0.320818,0.314297,0.307915,0.301668,0.295553,0.289566,0.283702,0.277959,0.272333,0.266821,0.26142,0.256127,0.250939,0.245854,0.240869,0.235982,0.23119,0.226491,0.221883,0.217363,0.212929,0.20858,0.204314,0.200128,0.196021,0.191991,0.188036,0.184154,0.180345,0.176605,0.172935,0.169331,0.165793,0.16232,0.158909,0.155559,0.15227,0.149039,0.145865,0.142748,0.139685,0.136676,0.13372,0.130814,0.127959,0.125153,0.122395,0.119683,0.117018,0.114397,0.111819,0.109285,0.106792,0.104339,0.101927,0.0995531,0.0972174,0.0949186,0.092656,0.0904287,0.0882357,0.0860763,0.0839497,0.0818549,0.0797913,0.077758,0.0757542,0.0737792,0.0718323,0.0699126,0.0680194,0.0661521,0.0643099,0.0624922,0.0606981,0.0589271,0.0571784,0.0554514,0.0537455,0.0520599,0.0503941,0.0487474,0.0471192,0.0455089,0.0439158,0.0423394,0.0407791,0.0392342,0.0377041,0.0361884,0.0346864,0.0331976,0.0317213,0.0302571,0.0288043,0.0273624,0.025931,0.0245093,0.0230969,0.0216933,0.020298,0.0189103,0.0175297,0.0161559,0.0147881,0.013426,0.0120689,0.0107164,0.00936801,0.00802314,0.00668131,0.00534201,0.00400474,0.00266898
1,0.971296,0.942803,0.914721,0.887226,0.860465,0.834554,0.809573,0.785572,0.762572,0.740575,0.71956,0.699498,0.680349,0.662067,0.644603,0.627908,0.611933,0.59663,0.581955,0.567864,0.554319,0.541281,0.528718,0.516598,0.504892,0.493574,0.48262,0.472009,0.461719,0.451734,0.442035,0.432609,0.42344,0.414517,0.405827,0.397359,0.389103,0.381051,0.373194,0.365523,0.358032,0.350713,0.343561,0.336569,0.329732,0.323044,0.316501,0.310098,0.303831,0.297695,0.291688,0.285804,0.280041,0.274395,0.268863,0.263443,0.25813,0.252922,0.247818,0.242813,0.237906,0.233094,0.228376,0.223748,0.219208,0.214755,0.210387,0.206101,0.201896,0.197769,0.19372,0.189746,0.185846,0.182018,0.17826,0.174571,0.170949,0.167394,0.163902,0.160474,0.157107,0.153801,0.150553,0.147363,0.14423,0.141151,0.138127,0.135155,0.132235,0.129365,0.126544,0.123772,0.121047,0.118368,0.115734,0.113144,0.110597,0.108092,0.105628,0.103204,0.100819,0.098473,0.0961641,0.0938916,0.0916548,0.0894527,0.0872845,0.0851495,0.0830467,0.0809754,0.0789348,0.0769242,0.0749427,0.0729896,0.0710641,0.0691656,0.0672933,0.0654464,0.0636244,0.0618265,0.060052,0.0583002,0.0565705,0.0548622,0.0531748,0.0515074,0.0498596,0.0482306,0.0466199,0.0450269,0.0434509,0.0418914,0.0403477,0.0388193,0.0373056,0.0358061,0.03432,0.032847,0.0313865,0.0299378,0.0285004,0.0270738,0.0256575,0.0242509,0.0228535,0.0214647,0.0200841,0.0187111,0.0173451,0.0159857,0.0146324,0.0132846,0.0119419,0.0106036,0.00926941,0.0079387,0.006611,0.0052858,0.0039626,0.0026409
1,0.969732,0.939725,0.910222,0.881436,0.853538,0.826655,0.80087,0.776226,0.752735,0.73038,0.709127,0.688927,0.669725,0.65146,0.63407,0.617495,0.601675,0.586555,0.572083,0.558211,0.544895,0.532093,0.519769,0.507889,0.496423,0.485342,0.474623,0.464241,0.454177,0.444412,0.434928,0.42571,0.416744,0.408017,0.399517,0.391234,0.383157,0.375277,0.367587,0.360078,0.352743,0.345575,0.338568,0.331717,0.325016,0.31846,0.312044,0.305764,0.299616,0.293595,0.287698,0.281922,0.276263,0.270717,0.265283,0.259956,0.254735,0.249615,0.244596,0.239674,0.234848,0.230114,0.225471,0.220916,0.216447,0.212063,0.207762,0.203541,0.199399,0.195334,0.191344,0.187428,0.183584,0.179811,0.176107,0.17247,0.168898,0.165392,0.161948,0.158567,0.155246,0.151984,0.148779,0.145632,0.142539,0.139501,0.136516,0.133582,0.130699,0.127866,0.125081,0.122344,0.119653,0.117007,0.114406,0.111848,0.109332,0.106858,0.104424,0.10203,0.0996738,0.0973557,0.0950744,0.0928291,0.0906189,0.0884429,0.0863004,0.0841905,0.0821124,0.0800654,0.0780486,0.0760613,0.0741028,0.0721723,0.0702691,0.0683925,0.0665417,0.064716,0.0629149,0.0611375,0.0593832,0.0576513,0.0559413,0.0542524,0.052584,0.0509355,0.0493063,0.0476957,0.0461031,0.0445279,0.0429696,0.0414276,0.0399012,0.0383898,0.036893,0.0354102,0.0339407,0.0324841,0.0310398,0.0296072,0.0281858,0.026775,0.0253744,0.0239834,0.0226015,0.021228,0.0198627,0.0185048,0.017154,0.0158096,0.0144712,0.0131383,0.0118103,0.0104868,0.00916732,0.00785127,0.0065382,0.00522759,0.00391896,0.00261182
1,0.967907,0.936142,0.905006,0.874758,0.845595,0.817657,0.791025,0.765729,0.741761,0.719084,0.69764,0.677358,0.658164,0.639978,0.622723,0.606326,0.590717,0.575832,0.561612,0.548003,0.534956,0.522426,0.510375,0.498766,0.487567,0.476749,0.466287,0.456156,0.446336,0.436808,0.427554,0.418559,0.409808,0.401289,0.392991,0.384902,0.377013,0.369315,0.361799,0.354458,0.347286,0.340275,0.33342,0.326715,0.320155,0.313736,0.307451,0.301298,0.295273,0.289371,0.283588,0.277923,0.272371,0.266929,0.261594,0.256365,0.251237,0.246209,0.241277,0.236441,0.231697,0.227043,0.222477,0.217998,0.213602,0.209289,0.205056,0.200902,0.196825,0.192823,0.188895,0.185038,0.181252,0.177535,0.173886,0.170302,0.166783,0.163327,0.159933,0.156599,0.153325,0.150109,0.146949,0.143845,0.140795,0.137798,0.134853,0.131959,0.129115,0.126319,0.123571,0.12087,0.118214,0.115603,0.113035,0.11051,0.108027,0.105584,0.103181,0.100817,0.0984907,0.0962017,0.093949,0.0917316,0.0895488,0.0873998,0.0852837,0.0831998,0.0811472,0.0791252,0.077133,0.0751699,0.0732351,0.071328,0.0694477,0.0675937,0.0657651,0.0639613,0.0621817,0.0604255,0.0586921,0.0569808,0.0552911,0.0536222,0.0519735,0.0503444,0.0487344,0.0471427,0.0455689,0.0440122,0.0424722,0.0409482,0.0394396,0.0379459,0.0364666,0.035001,0.0335487,0.032109,0.0306814,0.0292655,0.0278606,0.0264662,0.0250818,0.0237069,0.0223409,0.0209834,0.0196338,0.0182916,0.0169563,0.0156275,0.0143045,0.012987,0.0116743,0.0103661,0.00906179,0.00776089,0.00646294,0.00516742,0.00387386,0.00258176
1,0.965755,0.931929,0.898904,0.866994,0.836428,0.807355,0.779843,0.753903,0.729497,0.706555,0.68499,0.664703,0.645594,0.627564,0.610518,0.594369,0.579036,0.564445,0.55053,0.537233,0.524499,0.512282,0.500539,0.489233,0.47833,0.467802,0.45762,0.447761,0.438204,0.42893,0.419921,0.411163,0.402641,0.394342,0.386255,0.378371,0.370678,0.363169,0.355836,0.348671,0.341668,0.33482,0.328122,0.321569,0.315155,0.308876,0.302727,0.296705,0.290806,0.285026,0.279362,0.27381,0.268368,0.263033,0.257802,0.252671,0.24764,0.242705,0.237864,0.233115,0.228456,0.223884,0.219398,0.214995,0.210675,0.206434,0.202272,0.198187,0.194176,0.190239,0.186374,0.182578,0.178852,0.175193,0.171599,0.16807,0.164605,0.161201,0.157857,0.154573,0.151347,0.148177,0.145063,0.142004,0.138997,0.136043,0.13314,0.130286,0.127482,0.124725,0.122015,0.11935,0.116731,0.114155,0.111622,0.109131,0.10668,0.10427,0.101899,0.0995661,0.0972706,0.0950116,0.0927882,0.0905997,0.0884452,0.0863239,0.084235,0.0821778,0.0801515,0.0781553,0.0761884,0.0742502,0.0723399,0.0704568,0.0686002,0.0667694,0.0649638,0.0631826,0.0614251,0.0596908,0.0579789,0.0562889,0.05462,0.0529718,0.0513435,0.0497345,0.0481442,0.0465721,0.0450176,0.04348,0.0419588,0.0404534,0.0389632,0.0374878,0.0360264,0.0345787,0.033144,0.0317218,0.0303116,0.0289128,0.0275249,0.0261474,0.0247797,0.0234214,0.022072,0.0207308,0.0193975,0.0180715,0.0167524,0.0154395,0.0141325,0.0128308,0.011534,0.0102415,0.00895284,0.0076676,0.00638525,0.00510531,0.0038273,0.00255073
1,0.963183,0.926916,0.891688,0.857884,0.825769,0.795489,0.767091,0.740544,0.715768,0.692649,0.671061,0.65087,0.631946,0.614166,0.597417,0.581596,0.566612,0.552381,0.538831,0.525898,0.513525,0.501663,0.490266,0.479297,0.46872,0.458507,0.448629,0.439064,0.429789,0.420786,0.412039,0.403531,0.39525,0.387183,0.379318,0.371647,0.36416,0.356848,0.349705,0.342722,0.335894,0.329215,0.32268,0.316283,0.310019,0.303886,0.297877,0.29199,0.286221,0.280566,0.275023,0.269589,0.26426,0.259033,0.253908,0.248879,0.243947,0.239107,0.234359,0.229699,0.225127,0.220639,0.216235,0.211911,0.207668,0.203502,0.199412,0.195397,0.191454,0.187583,0.183782,0.18005,0.176384,0.172784,0.169248,0.165776,0.162365,0.159014,0.155722,0.152489,0.149312,0.14619,0.143123,0.140109,0.137148,0.134237,0.131376,0.128565,0.125801,0.123084,0.120412,0.117786,0.115204,0.112664,0.110167,0.10771,0.105294,0.102917,0.100579,0.0982782,0.0960141,0.0937859,0.0915928,0.0894339,0.0873085,0.0852157,0.0831549,0.0811251,0.0791258,0.0771561,0.0752153,0.0733027,0.0714176,0.0695593,0.0677271,0.0659202,0.0641381,0.0623801,0.0606455,0.0589337,0.057244,0.0555759,0.0539286,0.0523015,0.0506942,0.0491059,0.047536,0.045984,0.0444494,0.0429314,0.0414296,0.0399434,0.0384722,0.0370155,0.0355728,0.0341434,0.0327269,0.0313227,0.0299303,0.0285492,0.0271789,0.0258188,0.0244684,0.0231272,0.0217947,0.0204705,0.019154,0.0178447,0.0165421,0.0152457,0.0139551,0.0126698,0.0113893,0.010113,0.00884054,0.00757143,0.00630516,0.00504128,0.0037793,0.00251874
1,0.960062,0.920864,0.883046,0.847086,0.813276,0.781743,0.752486,0.725414,0.70038,0.677214,0.655735,0.635769,0.617153,0.599737,0.583388,0.567988,0.553434,0.539636,0.526516,0.514004,0.502042,0.490578,0.479566,0.468967,0.458748,0.448876,0.439327,0.430076,0.421102,0.412388,0.403916,0.395673,0.387645,0.37982,0.372188,0.36474,0.357466,0.350359,0.343412,0.336619,0.329972,0.323467,0.317099,0.310863,0.304755,0.29877,0.292905,0.287157,0.281521,0.275995,0.270576,0.265261,0.260048,0.254934,0.249916,0.244992,0.240161,0.235419,0.230765,0.226197,0.221713,0.217312,0.212991,0.208748,0.204583,0.200493,0.196477,0.192534,0.188661,0.184858,0.181122,0.177454,0.173851,0.170311,0.166835,0.163419,0.160064,0.156768,0.15353,0.150348,0.147221,0.144149,0.14113,0.138163,0.135247,0.132382,0.129564,0.126795,0.124073,0.121397,0.118765,0.116178,0.113634,0.111132,0.108671,0.10625,0.103869,0.101526,0.0992216,0.0969537,0.0947219,0.0925253,0.0903632,0.0882348,0.0861392,0.0840757,0.0820437,0.0800422,0.0780706,0.0761281,0.0742141,0.0723279,0.0704687,0.0686358,0.0668286,0.0650464,0.0632885,0.0615544,0.0598433,0.0581546,0.0564878,0.0548421,0.0532169,0.0516117,0.0500259,0.0484589,0.04691,0.0453788,0.0438645,0.0423668,0.040885,0.0394185,0.0379668,0.0365295,0.0351058,0.0336953,0.0322976,0.0309119,0.0295379,0.028175,0.0268227,0.0254805,0.0241478,0.0228243,0.0215093,0.0202025,0.0189032,0.0176111,0.0163256,0.0150463,0.0137726,0.0125041,0.0112403,0.00998073,0.00872493,0.00747241,0.00622272,0.00497536,0.00372988,0.00248581
1,0.956201,0.913431,0.872548,0.834137,0.798504,0.765721,0.735698,0.708245,0.683126,0.660091,0.638897,0.61932,0.60116,0.584241,0.568409,0.553533,0.539501,0.526214,0.513591,0.50156,0.490061,0.47904,0.468453,0.458259,0.448426,0.438924,0.429726,0.42081,0.412156,0.403746,0.395566,0.3876,0.379837,0.372265,0.364875,0.357658,0.350606,0.343711,0.336967,0.330368,0.323908,0.317583,0.311387,0.305316,0.299367,0.293535,0.287817,0.28221,0.276711,0.271317,0.266025,0.260833,0.255738,0.250738,0.24583,0.241013,0.236285,0.231643,0.227085,0.222611,0.218218,0.213904,0.209668,0.205508,0.201423,0.19741,0.19347,0.1896,0.185798,0.182064,0.178396,0.174793,0.171253,0.167776,0.16436,0.161003,0.157705,0.154465,0.151281,0.148152,0.145077,0.142055,0.139085,0.136166,0.133297,0.130477,0.127705,0.124979,0.1223,0.119665,0.117075,0.114527,0.112022,0.109558,0.107134,0.104751,0.102405,0.100098,0.0978275,0.0955933,0.0933946,0.0912304,0.0891001,0.0870029,0.0849379,0.0829045,0.080902,0.0789295,0.0769863,0.0750719,0.0731854,0.0713261,0.0694934,0.0676867,0.0659052,0.0641483,0.0624154,0.0607057,0.0590188,0.0573539,0.0557104,0.0540878,0.0524854,0.0509027,0.049339,0.0477938,0.0462665,0.0447565,0.0432633,0.0417863,0.040325,0.0388789,0.0374473,0.0360297,0.0346257,0.0332347,0.0318561,0.0304895,0.0291344,0.0277902,0.0264564,0.0251326,0.0238183,0.0225129,0.0212159,0.0199269,0.0186454,0.017371,0.016103,0.0148411,0.0135848,0.0123337,0.0110871,0.00984472,0.00860604,0.0073706,0.00613794,0.00490758,0.00367907,0.00245194
1,0.951309,0.904111,0.859577,0.818411,0.780882,0.74694,0.716339,0.688742,0.663788,0.641126,0.620441,0.601454,0.583927,0.567657,0.552474,0.538236,0.524821,0.512129,0.500075,0.488586,0.477601,0.467069,0.456945,0.447191,0.437775,0.428667,0.419843,0.411282,0.402966,0.394876,0.387,0.379324,0.371837,0.364528,0.357389,0.350411,0.343588,0.336912,0.330377,0.323978,0.31771,0.311568,0.305549,0.299648,0.293861,0.288186,0.282619,0.277156,0.271797,0.266537,0.261375,0.256307,0.251333,0.246449,0.241654,0.236945,0.232322,0.227782,0.223323,0.218944,0.214643,0.210418,0.206269,0.202193,0.198189,0.194256,0.190393,0.186597,0.182868,0.179205,0.175605,0.172069,0.168594,0.16518,0.161825,0.158528,0.155289,0.152105,0.148977,0.145902,0.14288,0.139909,0.13699,0.13412,0.131298,0.128525,0.125798,0.123118,0.120482,0.11789,0.115341,0.112834,0.110369,0.107944,0.105559,0.103212,0.100904,0.0986323,0.0963972,0.0941976,0.0920327,0.0899018,0.0878041,0.0857388,0.0837052,0.0817026,0.0797303,0.0777875,0.0758736,0.0739878,0.0721294,0.0702979,0.0684924,0.0667125,0.0649573,0.0632264,0.061519,0.0598344,0.0581722,0.0565317,0.0549123,0.0533134,0.0517343,0.0501746,0.0486337,0.0471109,0.0456057,0.0441176,0.042646,0.0411903,0.0397501,0.0383247,0.0369137,0.0355165,0.0341326,0.0327616,0.0314028,0.0300558,0.02872,0.027395,0.0260803,0.0247754,0.0234798,0.022193,0.0209145,0.0196439,0.0183807,0.0171243,0.0158744,0.0146305,0.013392,0.0121586,0.0109298,0.00970503,0.00848394,0.00726604,0.00605086,0.00483796,0.00362688,0.00241716
1,0.944926,0.892128,0.843237,0.799047,0.759675,0.724817,0.693975,0.666598,0.642157,0.620186,0.600287,0.582128,0.565435,0.549986,0.535596,0.522115,0.509419,0.497406,0.485992,0.475106,0.464689,0.45469,0.445068,0.435786,0.426814,0.418126,0.409698,0.401511,0.393548,0.385794,0.378235,0.37086,0.363659,0.356622,0.349742,0.343011,0.336423,0.329971,0.323651,0.317457,0.311386,0.305432,0.299593,0.293865,0.288244,0.282729,0.277315,0.272,0.266783,0.26166,0.256629,0.251689,0.246837,0.242072,0.237391,0.232793,0.228277,0.22384,0.219481,0.215199,0.210991,0.206858,0.202797,0.198806,0.194886,0.191033,0.187248,0.183528,0.179873,0.176281,0.172752,0.169283,0.165874,0.162525,0.159232,0.155997,0.152817,0.149691,0.146619,0.143599,0.140631,0.137713,0.134844,0.132024,0.129252,0.126526,0.123846,0.121211,0.11862,0.116071,0.113565,0.1111,0.108676,0.106291,0.103945,0.101636,0.0993653,0.0971306,0.0949315,0.0927673,0.090637,0.0885401,0.0864757,0.0844431,0.0824417,0.0804706,0.0785292,0.0766168,0.0747328,0.0728763,0.0710468,0.0692436,0.0674661,0.0657136,0.0639854,0.062281,0.0605997,0.058941,0.0573041,0.0556886,0.0540938,0.0525192,0.0509641,0.0494279,0.0479103,0.0464104,0.044928,0.0434622,0.0420127,0.0405789,0.0391603,0.0377563,0.0363664,0.0349901,0.0336269,0.0322763,0.0309377,0.0296108,0.0282949,0.0269896,0.0256945,0.0244089,0.0231326,0.0218649,0.0206053,0.0193536,0.018109,0.0168713,0.0156399,0.0144144,0.0131942,0.011979,0.0107684,0.00956172,0.00835867,0.00715875,0.00596153,0.00476654,0.00357334,0.00238148
1,0.936266,0.876239,0.822197,0.774867,0.733952,0.698678,0.668148,0.641516,0.618056,0.597174,0.578393,0.561335,0.545702,0.531256,0.517808,0.505208,0.493333,0.482085,0.471382,0.461158,0.451358,0.441935,0.43285,0.424071,0.41557,0.407324,0.399312,0.391516,0.383921,0.376515,0.369285,0.362222,0.355316,0.348559,0.341946,0.335468,0.329121,0.322899,0.316798,0.310814,0.304943,0.299182,0.293526,0.287974,0.282523,0.27717,0.271912,0.266747,0.261674,0.25669,0.251793,0.246982,0.242255,0.23761,0.233045,0.22856,0.224152,0.21982,0.215562,0.211378,0.207267,0.203225,0.199254,0.19535,0.191514,0.187743,0.184037,0.180395,0.176815,0.173296,0.169837,0.166438,0.163096,0.159812,0.156583,0.15341,0.15029,0.147223,0.144209,0.141245,0.138331,0.135467,0.132651,0.129882,0.127159,0.124482,0.121849,0.119261,0.116715,0.114211,0.111748,0.109326,0.106943,0.104599,0.102292,0.100023,0.0977906,0.0955935,0.0934312,0.091303,0.0892082,0.087146,0.0851156,0.0831165,0.0811479,0.079209,0.0772993,0.075418,0.0735644,0.071738,0.069938,0.0681638,0.0664148,0.0646904,0.0629898,0.0613126,0.0596581,0.0580257,0.0564148,0.0548249,0.0532553,0.0517055,0.0501749,0.0486629,0.0471691,0.0456928,0.0442335,0.0427907,0.0413639,0.0399525,0.0385559,0.0371738,0.0358055,0.0344506,0.0331086,0.0317789,0.0304612,0.0291548,0.0278593,0.0265742,0.0252991,0.0240334,0.0227767,0.0215286,0.0202885,0.019056,0.0178306,0.016612,0.0153995,0.0141928,0.0129915,0.011795,0.0106029,0.00941484,0.00823028,0.0070488,0.00586997,0.00469333,0.00351846,0.00234491
1,0.923897,0.854365,0.794446,0.74427,0.702587,0.667796,0.638423,0.613262,0.591378,0.57206,0.554775,0.539118,0.524781,0.511527,0.499173,0.487576,0.476622,0.466219,0.456294,0.446787,0.43765,0.428841,0.420326,0.412078,0.404072,0.396288,0.388709,0.38132,0.374107,0.36706,0.360169,0.353426,0.346824,0.340354,0.334013,0.327794,0.321693,0.315706,0.309829,0.304059,0.298392,0.292825,0.287357,0.281984,0.276704,0.271515,0.266415,0.261403,0.256476,0.251633,0.246872,0.242192,0.237591,0.233067,0.228621,0.224249,0.219951,0.215725,0.211571,0.207486,0.203471,0.199524,0.195643,0.191827,0.188076,0.184389,0.180763,0.177199,0.173695,0.17025,0.166864,0.163534,0.160261,0.157043,0.153879,0.150769,0.147711,0.144704,0.141748,0.138841,0.135983,0.133173,0.13041,0.127693,0.125021,0.122393,0.119809,0.117268,0.114768,0.112309,0.109891,0.107512,0.105171,0.102869,0.100603,0.0983741,0.0961804,0.0940216,0.0918969,0.0898055,0.0877468,0.08572,0.0837245,0.0817595,0.0798244,0.0779184,0.076041,0.0741915,0.0723691,0.0705733,0.0688035,0.067059,0.0653391,0.0636434,0.0619711,0.0603216,0.0586945,0.057089,0.0555047,0.0539409,0.0523971,0.0508727,0.0493671,0.0478799,0.0464104,0.0449582,0.0435227,0.0421034,0.0406997,0.0393112,0.0379373,0.0365775,0.0352314,0.0338984,0.032578,0.0312698,0.0299733,0.0286879,0.0274133,0.0261489,0.0248942,0.0236489,0.0224124,0.0211843,0.0199641,0.0187513,0.0175456,0.0163465,0.0151534,0.013966,0.0127839,0.0116066,0.0104335,0.00926445,0.00809882,0.00693622,0.00577622,0.00461838,0.00346227,0.00230746
1,0.904959,0.822877,0.75695,0.705182,0.66433,0.631496,0.604486,0.581731,0.562132,0.544915,0.52953,0.515581,0.502776,0.490898,0.479782,0.469301,0.459358,0.449874,0.440787,0.432047,0.423613,0.415452,0.407536,0.399843,0.392352,0.385048,0.377917,0.370946,0.364127,0.357449,0.350906,0.344491,0.338198,0.332022,0.325958,0.320003,0.314152,0.308404,0.302754,0.2972,0.29174,0.286371,0.281091,0.2759,0.270793,0.265771,0.260832,0.255973,0.251195,0.246494,0.24187,0.237322,0.232849,0.228449,0.224121,0.219864,0.215677,0.211559,0.207509,0.203526,0.199608,0.195755,0.191966,0.18824,0.184575,0.180972,0.177428,0.173943,0.170516,0.167147,0.163833,0.160575,0.157371,0.15422,0.151122,0.148076,0.14508,0.142134,0.139237,0.136389,0.133587,0.130832,0.128123,0.125459,0.122838,0.120261,0.117726,0.115233,0.11278,0.110368,0.107994,0.105659,0.103362,0.101102,0.0988779,0.0966894,0.0945356,0.0924158,0.0903294,0.0882755,0.0862537,0.084263,0.0823029,0.0803728,0.0784718,0.0765994,0.074755,0.0729378,0.0711473,0.0693829,0.0676438,0.0659295,0.0642395,0.062573,0.0609295,0.0593085,0.0577093,0.0561313,0.0545741,0.053037,0.0515195,0.0500211,0.0485411,0.0470792,0.0456346,0.044207,0.0427958,0.0414004,0.0400204,0.0386553,0.0373046,0.0359677,0.0346442,0.0333336,0.0320353,0.0307491,0.0294742,0.0282104,0.0269571,0.0257138,0.0244801,0.0232556,0.0220397,0.0208321,0.0196322,0.0184397,0.017254,0.0160749,0.0149017,0.0137341,0.0125716,0.0114138,0.0102603,0.00911061,0.00796434,0.00682105,0.00568032,0.00454171,0.00340479,0.00226915
1,0.873062,0.775233,0.705297,0.655179,0.618053,0.589372,0.566293,0.547045,0.530505,0.515938,0.50285,0.4909,0.479844,0.469506,0.459755,0.45049,0.441636,0.433132,0.424933,0.417,0.409304,0.401819,0.394524,0.387405,0.380446,0.373635,0.366964,0.360422,0.354005,0.347704,0.341515,0.335433,0.329455,0.323577,0.317795,0.312106,0.30651,0.301002,0.295582,0.290247,0.284996,0.279827,0.274739,0.26973,0.264799,0.259946,0.255168,0.250464,0.245835,0.241278,0.236793,0.232379,0.228034,0.223758,0.21955,0.21541,0.211335,0.207326,0.203381,0.199499,0.19568,0.191923,0.188227,0.184591,0.181014,0.177495,0.174034,0.17063,0.167281,0.163987,0.160747,0.157561,0.154427,0.151345,0.148313,0.145332,0.142399,0.139515,0.136679,0.133889,0.131145,0.128446,0.125792,0.123181,0.120613,0.118087,0.115602,0.113157,0.110753,0.108387,0.106059,0.103769,0.101516,0.0992991,0.0971172,0.09497,0.0928568,0.0907768,0.0887293,0.0867137,0.0847294,0.0827755,0.0808516,0.0789569,0.0770908,0.0752526,0.0734418,0.0716577,0.0698996,0.0681671,0.0664594,0.064776,0.0631163,0.0614797,0.0598657,0.0582736,0.0567029,0.055153,0.0536235,0.0521136,0.050623,0.0491511,0.0476973,0.0462611,0.044842,0.0434395,0.042053,0.0406822,0.0393264,0.0379852,0.0366581,0.0353445,0.0340441,0.0327564,0.0314808,0.0302169,0.0289643,0.0277224,0.0264909,0.0252692,0.024057,0.0228537,0.0216589,0.0204722,0.0192931,0.0181212,0.0169561,0.0157973,0.0146444,0.013497,0.0123546,0.0112168,0.0100832,0.00895338,0.0078269,0.00670335,0.0055823,0.00446334,0.00334605,0.00223
1,0.812054,0.699697,0.633824,0.592185,0.563332,0.541647,0.524269,0.509652,0.496904,0.485481,0.475032,0.465324,0.456195,0.447529,0.43924,0.431268,0.423562,0.416087,0.408813,0.401718,0.394783,0.387994,0.381338,0.374806,0.36839,0.362083,0.35588,0.349775,0.343765,0.337847,0.332017,0.326273,0.320613,0.315035,0.309537,0.304119,0.298778,0.293514,0.288325,0.283211,0.27817,0.273203,0.268307,0.263482,0.258728,0.254044,0.249429,0.244882,0.240403,0.235991,0.231645,0.227365,0.22315,0.219,0.214913,0.210889,0.206928,0.203028,0.199189,0.19541,0.191691,0.18803,0.184428,0.180883,0.177394,0.173961,0.170584,0.16726,0.16399,0.160773,0.157609,0.154495,0.151432,0.148419,0.145455,0.142539,0.139671,0.136849,0.134074,0.131343,0.128658,0.126016,0.123417,0.12086,0.118345,0.115871,0.113437,0.111042,0.108686,0.106368,0.104087,0.101843,0.0996343,0.097461,0.095322,0.0932169,0.0911449,0.0891053,0.0870975,0.0851208,0.0831747,0.0812583,0.0793711,0.0775126,0.0756819,0.0738786,0.072102,0.0703515,0.0686266,0.0669265,0.0652508,0.0635989,0.0619701,0.060364,0.0587799,0.0572173,0.0556757,0.0541545,0.0526532,0.0511711,0.0497079,0.048263,0.0468359,0.045426,0.0440329,0.042656,0.0412948,0.039949,0.0386178,0.037301,0.035998,0.0347083,0.0334315,0.0321671,0.0309146,0.0296736,0.0284436,0.0272242,0.0260149,0.0248153,0.0236249,0.0224433,0.02127,0.0201046,0.0189468,0.017796,0.0166518,0.0155139,0.0143817,0.0132549,0.012133,0.0110156,0.00990238,0.00879283,0.00768656,0.00658316,0.00548222,0.00438332,0.00328606,0.00219002
1,0.675458,0.577678,0.538118,0.516403,0.501444,0.489614,0.479484,0.470389,0.461978,0.454049,0.446473,0.43917,0.432083,0.425173,0.418411,0.411778,0.405258,0.39884,0.392514,0.386275,0.380117,0.374035,0.368028,0.362092,0.356226,0.350428,0.344698,0.339033,0.333435,0.327901,0.322432,0.317028,0.311688,0.306413,0.301201,0.296054,0.29097,0.28595,0.280994,0.276101,0.271272,0.266506,0.261804,0.257164,0.252587,0.248073,0.243621,0.239232,0.234904,0.230637,0.226432,0.222287,0.218202,0.214178,0.210213,0.206307,0.202459,0.198669,0.194937,0.191262,0.187643,0.184079,0.180571,0.177118,0.173718,0.170372,0.167079,0.163837,0.160647,0.157508,0.154419,0.151379,0.148387,0.145444,0.142548,0.139699,0.136895,0.134137,0.131423,0.128754,0.126127,0.123543,0.121,0.118498,0.116037,0.113616,0.111233,0.108889,0.106582,0.104312,0.102079,0.0998805,0.0977174,0.0955885,0.0934932,0.0914308,0.0894007,0.0874022,0.0854347,0.0834976,0.0815902,0.079712,0.0778622,0.0760404,0.0742458,0.072478,0.0707362,0.06902,0.0673287,0.0656617,0.0640186,0.0623987,0.0608014,0.0592263,0.0576728,0.0561403,0.0546283,0.0531362,0.0516636,0.0502099,0.0487747,0.0473573,0.0459573,0.0445742,0.0432076,0.0418568,0.0405214,0.039201,0.0378951,0.0366031,0.0353247,0.0340594,0.0328066,0.031566,0.030337,0.0291194,0.0279125,0.0267159,0.0255293,0.0243522,0.023184,0.0220246,0.0208732,0.0197297,0.0185935,0.0174642,0.0163414,0.0152247,0.0141136,0.0130078,0.0119069,0.0108104,0.00971788,0.00862901,0.00754336,0.00646053,0.0053801,0.00430167,0.00322485,0.00214923
0,0.312098,0.397438,0.424567,0.433866,0.436427,0.435881,0.433663,0.430442,0.426572,0.422262,0.417643,0.4128,0.407794,0.402668,0.397454,0.392176,0.386853,0.3815,0.37613,0.370751,0.365373,0.360003,0.354646,0.349308,0.343994,0.338706,0.333449,0.328226,0.323039,0.317891,0.312784,0.307719,0.3027,0.297727,0.292801,0.287925,0.283098,0.278323,0.273599,0.268928,0.26431,0.259747,0.255238,0.250783,0.246384,0.24204,0.237752,0.23352,0.229343,0.225222,0.221157,0.217148,0.213195,0.209296,0.205453,0.201666,0.197932,0.194253,0.190628,0.187057,0.183539,0.180074,0.176661,0.1733,0.16999,0.166731,0.163522,0.160363,0.157254,0.154192,0.151179,0.148214,0.145295,0.142422,0.139595,0.136813,0.134075,0.131381,0.12873,0.126121,0.123554,0.121028,0.118542,0.116096,0.11369,0.111321,0.108991,0.106698,0.104441,0.10222,0.100034,0.0978835,0.0957664,0.0936826,0.0916315,0.0896125,0.0876249,0.0856682,0.0837416,0.0818447,0.0799768,0.0781372,0.0763255,0.074541,0.0727831,0.0710513,0.069345,0.0676636,0.0660065,0.0643733,0.0627632,0.0611759,0.0596107,0.0580672,0.0565447,0.0550428,0.0535609,0.0520986,0.0506552,0.0492304,0.0478236,0.0464343,0.0450619,0.0437062,0.0423664,0.0410423,0.0397332,0.0384387,0.0371584,0.0358918,0.0346384,0.0333978,0.0321696,0.0309532,0.0297483,0.0285544,0.027371,0.0261978,0.0250343,0.02388,0.0227347,0.0215977,0.0204688,0.0193474,0.0182333,0.0171259,0.0160249,0.0149299,0.0138403,0.012756,0.0116764,0.0106011,0.00952978,0.008462,0.00739737,0.0063355,0.00527598,0.00421843,0.00316245,0.00210765
0,0.175497,0.27541,0.328848,0.358066,0.374516,0.383821,0.388847,0.391143,0.391607,0.390786,0.389035,0.386593,0.383625,0.380251,0.37656,0.372618,0.368477,0.364178,0.359752,0.355227,0.350623,0.345957,0.341246,0.336501,0.331734,0.326953,0.322167,0.317382,0.312604,0.307839,0.303092,0.298366,0.293665,0.288993,0.284352,0.279746,0.275175,0.270643,0.266152,0.261702,0.257295,0.252933,0.248617,0.244347,0.240125,0.235952,0.231827,0.227752,0.223727,0.219752,0.215828,0.211954,0.208131,0.20436,0.200639,0.19697,0.193351,0.189783,0.186266,0.182799,0.179383,0.176016,0.172698,0.16943,0.16621,0.163039,0.159916,0.15684,0.153811,0.150829,0.147893,0.145002,0.142156,0.139355,0.136597,0.133883,0.131211,0.128581,0.125993,0.123446,0.12094,0.118472,0.116045,0.113655,0.111304,0.108989,0.106712,0.10447,0.102264,0.100093,0.0979559,0.0958525,0.0937821,0.0917441,0.0897379,0.0877629,0.0858185,0.0839041,0.0820191,0.0801629,0.078335,0.0765348,0.0747617,0.0730151,0.0712945,0.0695993,0.067929,0.066283,0.0646607,0.0630616,0.0614853,0.0599311,0.0583985,0.056887,0.0553962,0.0539254,0.0524742,0.051042,0.0496285,0.048233,0.0468551,0.0454943,0.0441501,0.0428221,0.0415098,0.0402127,0.0389304,0.0376623,0.0364081,0.0351673,0.0339394,0.032724,0.0315207,0.030329,0.0291486,0.0279788,0.0268195,0.02567,0.02453,0.0233991,0.0222769,0.0211629,0.0200568,0.018958,0.0178664,0.0167813,0.0157025,0.0146295,0.013562,0.0124994,0.0114416,0.0103879,0.00933816,0.00829186,0.00724864,0.00620813,0.00516991,0.00413363,0.00309887,0.00206528
0,0.11448,0.199855,0.257347,0.295035,0.319749,0.336041,0.346759,0.353677,0.357925,0.36024,0.36112,0.360912,0.359862,0.358152,0.355917,0.35326,0.350261,0.346982,0.343476,0.339781,0.335933,0.331958,0.327879,0.323717,0.319488,0.315206,0.310883,0.306531,0.302157,0.297771,0.293379,0.288987,0.284602,0.280228,0.27587,0.27153,0.267214,0.262924,0.258662,0.254432,0.250235,0.246074,0.241949,0.237864,0.233818,0.229814,0.225853,0.221934,0.21806,0.214231,0.210447,0.206709,0.203017,0.199373,0.195774,0.192223,0.18872,0.185263,0.181854,0.178492,0.175176,0.171908,0.168687,0.165512,0.162383,0.1593,0.156262,0.15327,0.150323,0.14742,0.144561,0.141745,0.138973,0.136243,0.133556,0.13091,0.128305,0.125741,0.123216,0.120732,0.118286,0.115878,0.113509,0.111176,0.10888,0.106621,0.104397,0.102208,0.100053,0.0979317,0.0958439,0.0937887,0.0917656,0.089774,0.0878132,0.0858828,0.0839821,0.0821106,0.0802678,0.078453,0.0766657,0.0749054,0.0731715,0.0714634,0.0697806,0.0681226,0.0664888,0.0648787,0.0632917,0.0617274,0.0601853,0.0586647,0.0571653,0.0556864,0.0542277,0.0527885,0.0513684,0.049967,0.0485837,0.047218,0.0458695,0.0445378,0.0432222,0.0419225,0.040638,0.0393685,0.0381133,0.0368721,0.0356445,0.0344299,0.033228,0.0320382,0.0308603,0.0296938,0.0285381,0.027393,0.026258,0.0251327,0.0240167,0.0229096,0.0218109,0.0207203,0.0196373,0.0185617,0.0174929,0.0164305,0.0153743,0.0143238,0.0132786,0.0122383,0.0112025,0.0101709,0.00914308,0.00811865,0.00709724,0.00607846,0.00506194,0.00404729,0.00303416,0.00202214
0,0.0825692,0.152184,0.205652,0.244976,0.273404,0.293835,0.308471,0.318883,0.326176,0.331128,0.334293,0.336072,0.33676,0.336578,0.335696,0.334244,0.332323,0.330015,0.327386,0.32449,0.321369,0.318061,0.314596,0.311,0.307295,0.3035,0.29963,0.2957,0.291723,0.287708,0.283665,0.279603,0.275528,0.271448,0.267367,0.263292,0.259227,0.255176,0.251142,0.247129,0.24314,0.239177,0.235243,0.23134,0.22747,0.223635,0.219835,0.216073,0.212349,0.208665,0.205021,0.201418,0.197857,0.194338,0.190863,0.18743,0.184041,0.180696,0.177394,0.174137,0.170924,0.167754,0.164629,0.161547,0.158509,0.155515,0.152564,0.149655,0.14679,0.143967,0.141185,0.138446,0.135748,0.13309,0.130473,0.127896,0.125359,0.12286,0.1204,0.117978,0.115594,0.113246,0.110936,0.108661,0.106421,0.104217,0.102047,0.0999105,0.0978076,0.0957374,0.0936993,0.091693,0.0897177,0.087773,0.0858583,0.083973,0.0821167,0.0802887,0.0784886,0.0767157,0.0749696,0.0732497,0.0715555,0.0698864,0.068242,0.0666217,0.0650249,0.0634513,0.0619002,0.0603712,0.0588637,0.0573773,0.0559115,0.0544658,0.0530396,0.0516326,0.0502442,0.0488739,0.0475213,0.046186,0.0448674,0.0435651,0.0422786,0.0410076,0.0397515,0.0385099,0.0372824,0.0360685,0.0348678,0.0336799,0.0325044,0.0313407,0.0301886,0.0290476,0.0279173,0.0267972,0.025687,0.0245863,0.0234946,0.0224116,0.0213369,0.02027,0.0192107,0.0181584,0.0171129,0.0160737,0.0150404,0.0140128,0.0129903,0.0119726,0.0109593,0.00995013,0.00894463,0.00794245,0.00694321,0.00594655,0.00495209,0.00395947,0.00296832,0.00197827
0,0.0636123,0.120659,0.168102,0.205815,0.235055,0.257425,0.274406,0.287207,0.296768,0.303803,0.308852,0.312322,0.314527,0.315706,0.316046,0.315696,0.314772,0.313369,0.311565,0.309422,0.306993,0.304322,0.301444,0.298393,0.295193,0.291867,0.288437,0.284918,0.281325,0.277673,0.273971,0.27023,0.26646,0.262667,0.25886,0.255045,0.251226,0.24741,0.243601,0.239802,0.236018,0.232252,0.228506,0.224784,0.221088,0.217419,0.21378,0.210173,0.206598,0.203058,0.199553,0.196085,0.192654,0.189261,0.185907,0.182593,0.179319,0.176084,0.172891,0.169738,0.166627,0.163556,0.160527,0.157539,0.154592,0.151687,0.148822,0.145998,0.143215,0.140472,0.137769,0.135105,0.132481,0.129897,0.127351,0.124843,0.122373,0.119941,0.117546,0.115187,0.112865,0.110578,0.108327,0.10611,0.103927,0.101779,0.0996631,0.0975803,0.0955298,0.0935109,0.0915232,0.0895662,0.0876394,0.0857421,0.083874,0.0820345,0.080223,0.0784391,0.0766821,0.0749517,0.0732473,0.0715684,0.0699144,0.0682849,0.0666794,0.0650973,0.0635381,0.0620014,0.0604867,0.0589935,0.0575212,0.0560695,0.0546378,0.0532256,0.0518326,0.0504581,0.0491018,0.0477632,0.0464418,0.0451372,0.043849,0.0425766,0.0413197,0.0400778,0.0388505,0.0376373,0.0364379,0.0352517,0.0340785,0.0329177,0.0317689,0.0306318,0.0295059,0.0283908,0.0272862,0.0261915,0.0251065,0.0240308,0.0229639,0.0219054,0.0208551,0.0198124,0.018777,0.0177486,0.0167267,0.015711,0.0147011,0.0136966,0.0126972,0.0117025,0.0107121,0.00972569,0.00874289,0.00776332,0.00678662,0.00581244,0.00484041,0.00387018,0.00290138,0.00193366
0,0.0512208,0.0987384,0.140281,0.175126,0.203575,0.226405,0.244521,0.258771,0.269886,0.278465,0.284988,0.289839,0.29332,0.295671,0.297087,0.297721,0.297699,0.297125,0.296082,0.294641,0.29286,0.290788,0.288467,0.285933,0.283215,0.280341,0.277332,0.274209,0.270989,0.267686,0.264315,0.260888,0.257413,0.253902,0.250362,0.2468,0.243223,0.239638,0.236049,0.232461,0.228879,0.225306,0.221746,0.218202,0.214677,0.211174,0.207694,0.20424,0.200813,0.197416,0.194049,0.190715,0.187413,0.184146,0.180913,0.177716,0.174556,0.171433,0.168347,0.165299,0.162289,0.159317,0.156384,0.15349,0.150635,0.147818,0.14504,0.1423,0.139599,0.136937,0.134312,0.131725,0.129176,0.126665,0.12419,0.121752,0.11935,0.116985,0.114655,0.11236,0.1101,0.107875,0.105683,0.103525,0.1014,0.0993073,0.0972468,0.095218,0.0932204,0.0912534,0.0893166,0.0874094,0.0855315,0.0836823,0.0818613,0.080068,0.0783019,0.0765625,0.0748493,0.0731619,0.0714997,0.0698622,0.068249,0.0666596,0.0650934,0.06355,0.062029,0.0605297,0.0590519,0.0575949,0.0561583,0.0547417,0.0533446,0.0519665,0.050607,0.0492656,0.0479419,0.0466354,0.0453456,0.0440723,0.0428148,0.0415728,0.0403459,0.0391336,0.0379355,0.0367511,0.0355802,0.0344222,0.0332767,0.0321434,0.0310219,0.0299116,0.0288124,0.0277236,0.0266451,0.0255763,0.0245169,0.0234665,0.0224247,0.0213912,0.0203656,0.0193474,0.0183364,0.0173321,0.0163343,0.0153424,0.0143562,0.0133754,0.0123994,0.0114281,0.0104609,0.00949768,0.00853792,0.00758133,0.00662753,0.00567619,0.00472696,0.00377947,0.00283338,0.00188834
0,0.0425325,0.0827931,0.119157,0.150834,0.177713,0.200101,0.218501,0.23347,0.24554,0.255182,0.262798,0.268726,0.273241,0.276573,0.278908,0.280402,0.28118,0.281349,0.280998,0.2802,0.279017,0.277504,0.275704,0.273656,0.271395,0.268948,0.266342,0.263597,0.260734,0.257769,0.254717,0.251591,0.248404,0.245165,0.241884,0.23857,0.235229,0.231869,0.228496,0.225114,0.22173,0.218347,0.21497,0.211602,0.208246,0.204905,0.201582,0.19828,0.194999,0.191744,0.188514,0.185311,0.182138,0.178995,0.175883,0.172803,0.169757,0.166744,0.163765,0.160821,0.157913,0.15504,0.152203,0.149402,0.146638,0.14391,0.141219,0.138564,0.135946,0.133364,0.130818,0.128308,0.125834,0.123396,0.120993,0.118625,0.116292,0.113993,0.111729,0.109499,0.107301,0.105137,0.103006,0.100907,0.0988397,0.0968039,0.094799,0.0928247,0.0908804,0.0889658,0.0870803,0.0852236,0.0833951,0.0815943,0.0798209,0.0780743,0.0763541,0.0746598,0.0729909,0.0713469,0.0697274,0.0681319,0.0665599,0.065011,0.0634847,0.0619806,0.0604981,0.0590368,0.0575962,0.056176,0.0547755,0.0533945,0.0520325,0.0506889,0.0493634,0.0480555,0.0467648,0.0454908,0.0442332,0.0429914,0.0417652,0.040554,0.0393575,0.0381752,0.0370067,0.0358516,0.0347096,0.0335801,0.0324629,0.0313575,0.0302635,0.0291806,0.0281084,0.0270464,0.0259943,0.0249517,0.0239183,0.0228936,0.0218774,0.0208692,0.0198686,0.0188754,0.0178891,0.0169094,0.0159359,0.0149683,0.0140062,0.0130492,0.0120971,0.0111495,0.0102059,0.00926616,0.00832982,0.00739655,0.00646601,0.00553786,0.00461176,0.00368736,0.00276433,0.00184232
0,0.0361162,0.0707447,0.102719,0.13134,0.156343,0.177783,0.195912,0.211069,0.223622,0.233924,0.242298,0.249024,0.254347,0.258471,0.261573,0.263797,0.26527,0.266095,0.26636,0.266143,0.265506,0.264505,0.263187,0.261594,0.25976,0.257716,0.25549,0.253105,0.250581,0.247939,0.245192,0.242357,0.239446,0.236471,0.233441,0.230366,0.227255,0.224114,0.220951,0.217771,0.21458,0.211383,0.208185,0.204989,0.201799,0.198619,0.19545,0.192297,0.189161,0.186045,0.182951,0.179879,0.176833,0.173813,0.170821,0.167857,0.164923,0.16202,0.159148,0.156308,0.153501,0.150727,0.147986,0.145279,0.142605,0.139966,0.137362,0.134792,0.132256,0.129754,0.127287,0.124855,0.122456,0.120091,0.11776,0.115463,0.113199,0.110968,0.108769,0.106603,0.10447,0.102368,0.100297,0.0982574,0.0962484,0.0942697,0.0923208,0.0904013,0.0885109,0.0866491,0.0848155,0.0830096,0.0812309,0.0794792,0.0777538,0.0760545,0.0743806,0.0727318,0.0711076,0.0695075,0.0679312,0.0663782,0.0648479,0.06334,0.061854,0.0603895,0.058946,0.0575231,0.0561204,0.0547373,0.0533735,0.0520285,0.0507019,0.0493933,0.0481022,0.0468282,0.045571,0.04433,0.0431049,0.0418952,0.0407006,0.0395206,0.0383549,0.037203,0.0360646,0.0349391,0.0338264,0.0327259,0.0316373,0.0305602,0.0294942,0.028439,0.0273941,0.0263593,0.025334,0.024318,0.023311,0.0223124,0.021322,0.0203395,0.0193644,0.0183964,0.0174352,0.0164804,0.0155317,0.0145886,0.013651,0.0127183,0.0117904,0.0108668,0.00994718,0.00903125,0.00811865,0.00720905,0.00630211,0.00539749,0.00449487,0.0035939,0.00269427,0.00179563
0,0.0311875,0.0613502,0.0896361,0.115464,0.138535,0.158779,0.176293,0.191271,0.203954,0.214596,0.223444,0.230727,0.23665,0.241393,0.245113,0.247945,0.250007,0.251399,0.252207,0.252505,0.252359,0.251824,0.250947,0.249772,0.248334,0.246666,0.244797,0.24275,0.240548,0.238212,0.235757,0.233199,0.230553,0.22783,0.225042,0.222199,0.219309,0.216381,0.213422,0.210438,0.207436,0.204421,0.201398,0.19837,0.195343,0.19232,0.189303,0.186297,0.183304,0.180325,0.177364,0.174422,0.171502,0.168604,0.16573,0.162882,0.16006,0.157266,0.1545,0.151763,0.149056,0.14638,0.143735,0.141121,0.138539,0.135988,0.13347,0.130985,0.128532,0.126111,0.123723,0.121367,0.119044,0.116753,0.114494,0.112268,0.110073,0.107909,0.105777,0.103676,0.101606,0.0995665,0.0975569,0.0955772,0.0936269,0.0917057,0.0898132,0.0879491,0.086113,0.0843044,0.082523,0.0807683,0.0790401,0.0773377,0.0756609,0.0740091,0.0723821,0.0707792,0.0692002,0.0676446,0.0661119,0.0646017,0.0631136,0.0616472,0.060202,0.0587776,0.0573735,0.0559894,0.0546249,0.0532794,0.0519526,0.0506441,0.0493535,0.0480802,0.046824,0.0455844,0.044361,0.0431534,0.0419612,0.040784,0.0396215,0.0384731,0.0373386,0.0362175,0.0351095,0.0340141,0.032931,0.0318599,0.0308003,0.0297519,0.0287142,0.0276871,0.02667,0.0256626,0.0246645,0.0236755,0.0226951,0.0217231,0.0207589,0.0198024,0.0188531,0.0179108,0.016975,0.0160454,0.0151218,0.0142037,0.0132908,0.0123828,0.0114793,0.0105801,0.00968478,0.00879303,0.00790451,0.00701891,0.00613589,0.00525514,0.00437633,0.00349913,0.00262322,0.00174827
0,0.0272837,0.0538323,0.0790104,0.102346,0.123552,0.142505,0.159212,0.173769,0.186327,0.197061,0.206156,0.213791,0.220134,0.225338,0.229541,0.232864,0.235414,0.237286,0.238562,0.239313,0.239601,0.239483,0.239006,0.238212,0.237138,0.235818,0.23428,0.23255,0.230651,0.228603,0.226424,0.22413,0.221736,0.219255,0.216699,0.214078,0.211402,0.20868,0.205918,0.203124,0.200306,0.197467,0.194614,0.191751,0.188883,0.186014,0.183146,0.180284,0.177431,0.174588,0.171758,0.168944,0.166148,0.16337,0.160614,0.15788,0.155169,0.152483,0.149822,0.147188,0.144581,0.142002,0.139452,0.136931,0.13444,0.131978,0.129547,0.127146,0.124775,0.122435,0.120126,0.117848,0.1156,0.113383,0.111197,0.109041,0.106915,0.10482,0.102755,0.100719,0.0987125,0.0967354,0.0947872,0.0928676,0.0909764,0.089113,0.0872774,0.085469,0.0836875,0.0819326,0.0802038,0.0785009,0.0768233,0.0751708,0.0735429,0.0719393,0.0703594,0.068803,0.0672696,0.0657587,0.0642701,0.0628032,0.0613577,0.0599332,0.0585292,0.0571453,0.0557811,0.0544363,0.0531104,0.051803,0.0505136,0.049242,0.0479877,0.0467502,0.0455293,0.0443244,0.0431353,0.0419615,0.0408026,0.0396583,0.0385282,0.0374118,0.0363089,0.035219,0.0341417,0.0330768,0.0320238,0.0309824,0.0299521,0.0289327,0.0279239,0.0269251,0.0259361,0.0249566,0.0239861,0.0230244,0.0220711,0.0211258,0.0201883,0.0192581,0.018335,0.0174186,0.0165086,0.0156046,0.0147063,0.0138135,0.0129257,0.0120427,0.0111641,0.0102896,0.00941884,0.00855158,0.00768747,0.0068262,0.00596743,0.00511087,0.00425618,0.00340306,0.0025512,0.00170028
0,0.0241148,0.0476851,0.0702267,0.0913589,0.110823,0.128477,0.14428,0.158267,0.170523,0.181165,0.190327,0.198146,0.204756,0.210284,0.214848,0.218555,0.221501,0.223771,0.225442,0.226582,0.227251,0.227502,0.227381,0.226932,0.22619,0.225188,0.223956,0.22252,0.220902,0.219125,0.217205,0.215161,0.213007,0.210756,0.208421,0.206013,0.203542,0.201017,0.198446,0.195836,0.193195,0.190527,0.18784,0.185138,0.182425,0.179706,0.176984,0.174264,0.171547,0.168837,0.166137,0.163449,0.160775,0.158116,0.155476,0.152854,0.150253,0.147674,0.145118,0.142586,0.140078,0.137596,0.135141,0.132712,0.130311,0.127938,0.125593,0.123276,0.120988,0.118729,0.116499,0.114297,0.112125,0.109983,0.107869,0.105784,0.103728,0.101701,0.099702,0.0977317,0.0957896,0.0938754,0.0919889,0.0901299,0.088298,0.0864929,0.0847144,0.082962,0.0812356,0.0795347,0.077859,0.0762081,0.0745817,0.0729794,0.0714009,0.0698457,0.0683134,0.0668038,0.0653164,0.0638508,0.0624066,0.0609835,0.059581,0.0581987,0.0568363,0.0554934,0.0541695,0.0528644,0.0515775,0.0503085,0.049057,0.0478227,0.046605,0.0454038,0.0442185,0.0430488,0.0418943,0.0407547,0.0396296,0.0385185,0.0374212,0.0363372,0.0352662,0.0342079,0.0331618,0.0321277,0.0311051,0.0300937,0.0290932,0.0281032,0.0271234,0.0261534,0.0251929,0.0242415,0.023299,0.0223649,0.021439,0.0205209,0.0196103,0.0187068,0.0178102,0.01692,0.0160361,0.015158,0.0142855,0.0134183,0.0125559,0.0116982,0.0108447,0.00999524,0.00914945,0.00830701,0.00746762,0.00663099,0.00579679,0.00496472,0.00413448,0.00330576,0.00247825,0.00165166
0,0.0214904,0.0425666,0.0628526,0.0820398,0.0999025,0.116299,0.131165,0.144495,0.156332,0.16675,0.175842,0.18371,0.19046,0.196195,0.201014,0.205008,0.208262,0.210854,0.212853,0.214322,0.215318,0.215891,0.216086,0.215944,0.215501,0.214789,0.213836,0.212671,0.211314,0.209788,0.208112,0.206302,0.204373,0.202341,0.200216,0.198011,0.195736,0.1934,0.191012,0.18858,0.186109,0.183608,0.181081,0.178535,0.175973,0.173401,0.170821,0.168239,0.165657,0.163077,0.160504,0.15794,0.155386,0.152845,0.150318,0.147808,0.145316,0.142843,0.14039,0.137959,0.13555,0.133164,0.130803,0.128466,0.126155,0.123869,0.12161,0.119378,0.117172,0.114993,0.112842,0.110718,0.108622,0.106553,0.104512,0.102498,0.100512,0.0985528,0.0966212,0.0947166,0.0928389,0.0909879,0.0891634,0.0873651,0.0855928,0.0838463,0.0821252,0.0804293,0.0787582,0.0771117,0.0754894,0.0738909,0.072316,0.0707644,0.0692355,0.0677292,0.066245,0.0647825,0.0633415,0.0619215,0.0605222,0.0591432,0.0577841,0.0564445,0.0551241,0.0538225,0.0525393,0.0512742,0.0500267,0.0487966,0.0475833,0.0463867,0.0452062,0.0440415,0.0428922,0.0417581,0.0406386,0.0395335,0.0384424,0.037365,0.0363008,0.0352496,0.034211,0.0331845,0.03217,0.031167,0.0301752,0.0291942,0.0282238,0.0272636,0.0263132,0.0253723,0.0244406,0.0235177,0.0226034,0.0216973,0.0207991,0.0199085,0.0190251,0.0181487,0.0172789,0.0164153,0.0155578,0.014706,0.0138595,0.0130182,0.0121815,0.0113494,0.0105214,0.00969728,0.00887671,0.0080594,0.00724504,0.00643335,0.00562402,0.00481675,0.00401126,0.00320724,0.0024044,0.00160244
0,0.0192802,0.0382383,0.0565772,0.0740453,0.0904484,0.105653,0.119585,0.132216,0.143561,0.153661,0.162581,0.170393,0.177179,0.183022,0.188003,0.1922,0.195686,0.19853,0.200794,0.202536,0.203809,0.204659,0.205129,0.205258,0.205081,0.204629,0.203931,0.203012,0.201896,0.200603,0.199152,0.197561,0.195845,0.194017,0.192092,0.190079,0.187991,0.185836,0.183623,0.181361,0.179055,0.176714,0.174343,0.171947,0.169532,0.167102,0.164661,0.162214,0.159763,0.157312,0.154863,0.15242,0.149984,0.147559,0.145145,0.142744,0.140359,0.137991,0.13564,0.133309,0.130998,0.128708,0.12644,0.124195,0.121973,0.119775,0.117601,0.115453,0.113329,0.111231,0.109158,0.107111,0.105091,0.103096,0.101127,0.0991848,0.0972684,0.0953779,0.0935134,0.0916746,0.0898615,0.0880739,0.0863116,0.0845744,0.0828621,0.0811743,0.079511,0.0778718,0.0762564,0.0746646,0.073096,0.0715503,0.0700273,0.0685265,0.0670478,0.0655906,0.0641548,0.0627399,0.0613457,0.0599717,0.0586176,0.057283,0.0559677,0.0546712,0.0533932,0.0521333,0.0508912,0.0496665,0.0484588,0.0472678,0.0460932,0.0449345,0.0437915,0.0426638,0.0415509,0.0404527,0.0393686,0.0382984,0.0372418,0.0361983,0.0351677,0.0341495,0.0331435,0.0321494,0.0311667,0.0301952,0.0292345,0.0282843,0.0273443,0.0264141,0.0254935,0.024582,0.0236795,0.0227855,0.0218997,0.0210219,0.0201518,0.0192889,0.0184331,0.017584,0.0167413,0.0159047,0.0150739,0.0142486,0.0134285,0.0126133,0.0118027,0.0109965,0.0101943,0.00939579,0.00860074,0.00780885,0.00701982,0.00623337,0.0054492,0.00466703,0.00388658,0.00310755,0.00232966,0.00155263
0,0.0173922,0.0345292,0.0511726,0.0671158,0.0821925,0.0962813,0.109304,0.121223,0.132033,0.141754,0.150426,0.158102,0.164842,0.170711,0.175777,0.180103,0.183752,0.186785,0.189257,0.19122,0.192722,0.193806,0.194512,0.194877,0.194935,0.194715,0.194246,0.193551,0.192654,0.191575,0.190333,0.188945,0.187427,0.185792,0.184054,0.182224,0.180312,0.17833,0.176284,0.174184,0.172037,0.16985,0.167629,0.165379,0.163106,0.160814,0.158508,0.156192,0.153869,0.151543,0.149217,0.146892,0.144573,0.142261,0.139958,0.137665,0.135386,0.133121,0.130872,0.12864,0.126425,0.12423,0.122055,0.1199,0.117767,0.115656,0.113568,0.111502,0.109461,0.107443,0.105449,0.103479,0.101534,0.0996129,0.0977169,0.0958456,0.093999,0.0921771,0.0903799,0.0886071,0.0868588,0.0851348,0.0834349,0.0817589,0.0801067,0.0784781,0.0768728,0.0752905,0.0737311,0.0721943,0.0706797,0.0691871,0.0677163,0.0662668,0.0648385,0.0634309,0.0620438,0.0606768,0.0593297,0.058002,0.0566935,0.0554038,0.0541326,0.0528795,0.0516442,0.0504264,0.0492257,0.0480417,0.0468742,0.0457228,0.0445871,0.0434669,0.0423617,0.0412712,0.0401951,0.0391331,0.0380848,0.0370499,0.036028,0.0350188,0.034022,0.0330373,0.0320644,0.0311028,0.0301523,0.0292126,0.0282834,0.0273643,0.026455,0.0255552,0.0246646,0.0237829,0.0229098,0.022045,0.0211881,0.0203389,0.0194971,0.0186624,0.0178344,0.0170129,0.0161976,0.0153883,0.0145845,0.013786,0.0129926,0.0122039,0.0114197,0.0106396,0.00986343,0.00909087,0.00832164,0.00755545,0.00679203,0.00603111,0.00527239,0.00451561,0.00376048,0.00300673,0.00225408,0.00150226
0,0.0157595,0.0313135,0.0464684,0.0610527,0.0749245,0.0879749,0.100128,0.11134,0.121595,0.130896,0.139268,0.146746,0.153375,0.159205,0.164289,0.168682,0.172436,0.175602,0.17823,0.180366,0.182052,0.18333,0.184236,0.184805,0.185067,0.185052,0.184785,0.184292,0.183593,0.18271,0.18166,0.18046,0.179126,0.177671,0.176108,0.174449,0.172705,0.170886,0.169,0.167055,0.16506,0.16302,0.160943,0.158834,0.156698,0.154541,0.152366,0.150178,0.14798,0.145775,0.143568,0.14136,0.139155,0.136954,0.134759,0.132574,0.130399,0.128236,0.126087,0.123952,0.121833,0.119732,0.117649,0.115584,0.113539,0.111515,0.109511,0.107529,0.105569,0.10363,0.101715,0.0998219,0.097952,0.0961053,0.0942819,0.0924818,0.0907051,0.0889518,0.0872219,0.0855153,0.0838318,0.0821715,0.0805342,0.0789198,0.0773279,0.0757586,0.0742116,0.0726866,0.0711834,0.0697018,0.0682415,0.0668024,0.065384,0.0639861,0.0626084,0.0612507,0.0599127,0.0585939,0.0572942,0.0560132,0.0547506,0.0535061,0.0522794,0.05107,0.0498778,0.0487024,0.0475435,0.0464007,0.0452736,0.0441621,0.0430658,0.0419842,0.0409172,0.0398644,0.0388254,0.0377999,0.0367877,0.0357883,0.0348015,0.033827,0.0328644,0.0319135,0.0309738,0.0300452,0.0291272,0.0282197,0.0273222,0.0264344,0.0255562,0.0246871,0.0238269,0.0229753,0.0221319,0.0212965,0.0204689,0.0196486,0.0188354,0.0180291,0.0172293,0.0164357,0.0156481,0.0148663,0.0140898,0.0133184,0.0125519,0.01179,0.0110324,0.0102788,0.00952899,0.00878264,0.0080395,0.0072993,0.00656178,0.00582665,0.00509366,0.00436253,0.00363301,0.00290481,0.00217767,0.00145134
0,0.0143324,0.028497,0.0423346,0.0557022,0.068478,0.0805654,0.0918934,0.102416,0.112109,0.120967,0.129003,0.136239,0.142706,0.148444,0.153494,0.1579,0.161706,0.164957,0.167695,0.16996,0.171792,0.173227,0.174298,0.175039,0.175477,0.17564,0.175552,0.175238,0.174718,0.174012,0.173137,0.172109,0.170945,0.169657,0.168258,0.16676,0.165174,0.163509,0.161774,0.159977,0.158126,0.156228,0.15429,0.152316,0.150313,0.148285,0.146237,0.144173,0.142096,0.140011,0.137919,0.135826,0.133732,0.13164,0.129553,0.127472,0.1254,0.123337,0.121286,0.119248,0.117225,0.115216,0.113224,0.111248,0.109291,0.107353,0.105433,0.103534,0.101654,0.0997958,0.0979582,0.096142,0.0943474,0.0925746,0.0908236,0.0890947,0.0873879,0.0857033,0.0840407,0.0824003,0.0807819,0.0791854,0.0776109,0.076058,0.0745268,0.0730169,0.0715284,0.0700608,0.0686141,0.0671881,0.0657824,0.0643969,0.0630312,0.0616852,0.0603586,0.059051,0.0577623,0.0564921,0.0552402,0.0540062,0.0527898,0.0515908,0.0504088,0.0492436,0.0480948,0.0469621,0.0458452,0.0447438,0.0436577,0.0425863,0.0415296,0.0404871,0.0394586,0.0384437,0.0374421,0.0364536,0.0354777,0.0345142,0.0335629,0.0326233,0.0316952,0.0307784,0.0298723,0.0289769,0.0280918,0.0272167,0.0263512,0.0254952,0.0246483,0.0238102,0.0229807,0.0221594,0.0213461,0.0205405,0.0197423,0.0189512,0.0181669,0.0173893,0.0166179,0.0158526,0.015093,0.0143389,0.01359,0.012846,0.0121067,0.0113719,0.0106412,0.00991431,0.00919109,0.00847122,0.00775444,0.0070405,0.00632913,0.00562008,0.00491308,0.00420787,0.00350421,0.00280183,0.00210048,0.00139989
0,0.013073,0.0260075,0.038671,0.0509433,0.0627199,0.0739153,0.0844641,0.0943204,0.103457,0.111862,0.119539,0.1265,0.132768,0.138371,0.143343,0.147718,0.151533,0.154825,0.157632,0.159988,0.161929,0.163486,0.164692,0.165575,0.166161,0.166477,0.166547,0.166391,0.16603,0.165482,0.164766,0.163896,0.162888,0.161754,0.160508,0.15916,0.157721,0.156201,0.154609,0.152953,0.15124,0.149477,0.147671,0.145828,0.143952,0.142049,0.140124,0.13818,0.136221,0.134252,0.132274,0.130291,0.128306,0.126322,0.124339,0.122362,0.12039,0.118427,0.116473,0.114531,0.112601,0.110684,0.108782,0.106895,0.105025,0.103171,0.101336,0.0995181,0.0977195,0.0959402,0.0941804,0.0924407,0.0907211,0.0890219,0.0873434,0.0856856,0.0840487,0.0824326,0.0808375,0.0792633,0.07771,0.0761775,0.0746658,0.0731748,0.0717042,0.0702541,0.0688242,0.0674143,0.0660243,0.064654,0.0633032,0.0619715,0.0606589,0.059365,0.0580897,0.0568326,0.0555935,0.0543721,0.0531682,0.0519815,0.0508117,0.0496585,0.0485216,0.0474007,0.0462956,0.045206,0.0441315,0.0430719,0.0420268,0.0409961,0.0399793,0.0389762,0.0379864,0.0370098,0.0360459,0.0350946,0.0341554,0.0332281,0.0323125,0.0314082,0.0305149,0.0296324,0.0287603,0.0278984,0.0270464,0.026204,0.0253709,0.0245469,0.0237316,0.0229248,0.0221263,0.0213356,0.0205526,0.019777,0.0190086,0.0182469,0.0174919,0.0167432,0.0160006,0.0152637,0.0145324,0.0138063,0.0130853,0.012369,0.0116572,0.0109496,0.010246,0.00954621,0.00884985,0.00815672,0.00746657,0.00677914,0.00609418,0.00541146,0.0047307,0.00405168,0.00337414,0.00269783,0.00202251,0.00134793
0,0.0119522,0.0237888,0.0353988,0.0466802,0.057543,0.067912,0.0777273,0.086945,0.0955362,0.103485,0.110789,0.117454,0.123494,0.128931,0.133788,0.138095,0.141882,0.145179,0.148019,0.150432,0.152449,0.154098,0.155409,0.156406,0.157116,0.157562,0.157766,0.157748,0.157527,0.157122,0.156548,0.155821,0.154956,0.153964,0.152858,0.15165,0.15035,0.148966,0.147509,0.145985,0.144403,0.142769,0.14109,0.139371,0.137619,0.135836,0.134029,0.132202,0.130358,0.128501,0.126634,0.124759,0.122881,0.121001,0.119122,0.117245,0.115373,0.113507,0.111649,0.109801,0.107963,0.106137,0.104324,0.102525,0.100741,0.0989722,0.0972196,0.0954839,0.0937656,0.0920651,0.0903828,0.0887191,0.0870744,0.0854488,0.0838425,0.0822557,0.0806886,0.0791411,0.0776134,0.0761055,0.0746174,0.073149,0.0717002,0.0702711,0.0688614,0.0674711,0.0661,0.064748,0.0634149,0.0621006,0.0608048,0.0595273,0.0582679,0.0570264,0.0558026,0.0545962,0.0534071,0.0522348,0.0510792,0.04994,0.048817,0.0477099,0.0466184,0.0455422,0.0444811,0.0434348,0.042403,0.0413854,0.0403818,0.0393919,0.0384153,0.0374519,0.0365012,0.0355631,0.0346373,0.0337234,0.0328212,0.0319305,0.0310509,0.0301821,0.0293239,0.0284761,0.0276382,0.0268101,0.0259915,0.0251821,0.0243817,0.0235899,0.0228065,0.0220313,0.0212639,0.0205042,0.0197518,0.0190065,0.0182681,0.0175362,0.0168106,0.0160911,0.0153774,0.0146693,0.0139665,0.0132688,0.0125758,0.0118874,0.0112034,0.0105234,0.00984723,0.00917465,0.00850541,0.00783927,0.00717598,0.00651532,0.00585703,0.00520087,0.00454662,0.00389402,0.00324284,0.00259286,0.00194381,0.00129548
0,0.010947,0.0217966,0.0324552,0.0428355,0.05286,0.0624622,0.0715881,0.0801962,0.0882575,0.0957542,0.102679,0.109033,0.114825,0.120069,0.124784,0.128993,0.13272,0.135991,0.138832,0.141272,0.143336,0.145049,0.146438,0.147526,0.148336,0.148889,0.149207,0.149308,0.14921,0.14893,0.148484,0.147886,0.147149,0.146288,0.145312,0.144233,0.143061,0.141806,0.140475,0.139077,0.137618,0.136107,0.134549,0.132949,0.131314,0.129648,0.127956,0.126241,0.124508,0.12276,0.121,0.119232,0.117458,0.11568,0.113902,0.112124,0.110349,0.10858,0.106816,0.105061,0.103314,0.101578,0.0998531,0.0981409,0.0964419,0.094757,0.093087,0.0914324,0.0897938,0.0881718,0.0865666,0.0849788,0.0834086,0.0818563,0.0803222,0.0788063,0.0773089,0.07583,0.0743697,0.0729281,0.0715051,0.0701008,0.0687151,0.0673479,0.0659993,0.0646689,0.0633569,0.0620629,0.0607869,0.0595287,0.0582881,0.057065,0.0558591,0.0546702,0.0534982,0.0523428,0.0512037,0.0500808,0.0489738,0.0478825,0.0468065,0.0457458,0.0446999,0.0436687,0.0426519,0.0416492,0.0406604,0.0396851,0.0387232,0.0377744,0.0368383,0.0359148,0.0350035,0.0341043,0.0332167,0.0323406,0.0314757,0.0306218,0.0297784,0.0289455,0.0281227,0.0273097,0.0265064,0.0257124,0.0249274,0.0241513,0.0233837,0.0226245,0.0218733,0.0211299,0.020394,0.0196655,0.0189439,0.0182292,0.017521,0.0168191,0.0161233,0.0154333,0.0147488,0.0140697,0.0133956,0.0127264,0.0120618,0.0114016,0.0107455,0.0100934,0.00944485,0.00879977,0.00815789,0.00751897,0.0068828,0.00624913,0.00561774,0.0049884,0.00436088,0.00373494,0.00311037,0.00248694,0.00186441,0.00124256
0,0.0100391,0.0199956,0.0297897,0.0393467,0.0485993,0.0574888,0.0659667,0.0739943,0.0815434,0.0885951,0.0951394,0.101174,0.106703,0.111735,0.116286,0.120372,0.124014,0.127232,0.130049,0.132488,0.134572,0.136325,0.137768,0.138924,0.139812,0.140452,0.140865,0.141067,0.141074,0.140904,0.140571,0.140088,0.139469,0.138725,0.137869,0.136909,0.135857,0.13472,0.133508,0.132228,0.130887,0.129492,0.128049,0.126563,0.125041,0.123486,0.121904,0.120298,0.118672,0.11703,0.115375,0.11371,0.112038,0.11036,0.10868,0.107,0.105321,0.103646,0.101975,0.100311,0.0986545,0.097007,0.0953696,0.0937432,0.0921288,0.0905271,0.0889389,0.0873649,0.0858056,0.0842616,0.0827332,0.0812209,0.079725,0.0782459,0.0767836,0.0753385,0.0739107,0.0725002,0.0711073,0.069732,0.0683742,0.0670341,0.0657115,0.0644064,0.0631188,0.0618486,0.0605957,0.0593599,0.0581411,0.0569393,0.0557541,0.0545855,0.0534333,0.0522973,0.0511772,0.050073,0.0489843,0.047911,0.0468528,0.0458096,0.044781,0.0437668,0.0427669,0.0417809,0.0408086,0.0398498,0.0389042,0.0379715,0.0370516,0.0361441,0.0352489,0.0343655,0.0334939,0.0326338,0.0317848,0.0309467,0.0301194,0.0293024,0.0284956,0.0276988,0.0269116,0.0261338,0.0253652,0.0246056,0.0238546,0.023112,0.0223776,0.0216511,0.0209323,0.020221,0.0195169,0.0188197,0.0181293,0.0174454,0.0167677,0.016096,0.0154302,0.0147699,0.0141149,0.013465,0.0128199,0.0121795,0.0115435,0.0109117,0.0102838,0.00965969,0.00903905,0.0084217,0.00780741,0.00719596,0.00658712,0.00598069,0.00537642,0.00477412,0.00417356,0.00357451,0.00297677,0.00238011,0.00178433,0.00118919
0,0.00921379,0.0183571,0.0273614,0.0361624,0.0447015,0.0529271,0.0607954,0.068271,0.0753267,0.0819435,0.0881097,0.0938205,0.0990767,0.103884,0.108253,0.112197,0.115731,0.118873,0.121643,0.124059,0.126141,0.127911,0.129387,0.130588,0.131535,0.132244,0.132733,0.133019,0.133117,0.133042,0.132808,0.132427,0.131913,0.131276,0.130528,0.129678,0.128736,0.12771,0.126609,0.12544,0.124209,0.122924,0.121591,0.120214,0.1188,0.117352,0.115876,0.114375,0.112853,0.111314,0.109761,0.108196,0.106622,0.105043,0.10346,0.101875,0.10029,0.098707,0.0971279,0.0955538,0.0939862,0.0924262,0.090875,0.0893336,0.0878029,0.0862838,0.0847768,0.0832828,0.0818023,0.0803358,0.0788838,0.0774467,0.0760248,0.0746185,0.073228,0.0718535,0.0704951,0.0691531,0.0678275,0.0665184,0.0652259,0.0639499,0.0626904,0.0614475,0.0602211,0.0590111,0.0578174,0.0566399,0.0554785,0.0543331,0.0532036,0.0520897,0.0509914,0.0499084,0.0488406,0.0477877,0.0467496,0.0457261,0.044717,0.043722,0.042741,0.0417737,0.0408199,0.0398794,0.0389519,0.0380372,0.037135,0.0362453,0.0353676,0.0345017,0.0336475,0.0328046,0.0319729,0.0311521,0.0303419,0.0295422,0.0287526,0.0279729,0.027203,0.0264425,0.0256912,0.0249488,0.0242152,0.0234901,0.0227733,0.0220645,0.0213635,0.0206701,0.019984,0.0193049,0.0186328,0.0179673,0.0173082,0.0166553,0.0160084,0.0153672,0.0147315,0.0141012,0.0134759,0.0128554,0.0122396,0.0116282,0.011021,0.0104178,0.0098184,0.00922253,0.00863,0.0080406,0.00745412,0.00687034,0.00628907,0.00571007,0.00513316,0.00455811,0.00398472,0.00341279,0.00284209,0.00227243,0.0017036,0.00113539
0,0.008459,0.0168574,0.0251363,0.03324,0.0411174,0.0487227,0.0560169,0.0629675,0.0695489,0.0757425,0.0815356,0.0869217,0.0918994,0.0964718,0.100646,0.104431,0.10784,0.110888,0.11359,0.115963,0.118023,0.11979,0.121279,0.122508,0.123495,0.124256,0.124805,0.12516,0.125333,0.125339,0.12519,0.1249,0.124479,0.123939,0.123289,0.12254,0.121699,0.120776,0.119778,0.118713,0.117587,0.116406,0.115176,0.113903,0.112592,0.111247,0.109873,0.108473,0.107052,0.105612,0.104157,0.10269,0.101213,0.0997293,0.0982405,0.0967489,0.0952564,0.0937647,0.0922755,0.0907902,0.0893102,0.0878367,0.0863708,0.0849135,0.0834657,0.0820282,0.0806018,0.0791872,0.077785,0.0763956,0.0750196,0.0736573,0.0723091,0.0709754,0.0696564,0.0683523,0.0670633,0.0657896,0.0645312,0.0632883,0.062061,0.0608492,0.0596529,0.0584722,0.057307,0.0561573,0.0550229,0.0539039,0.0528,0.0517113,0.0506375,0.0495785,0.0485342,0.0475044,0.046489,0.0454877,0.0445004,0.0435269,0.0425671,0.0416206,0.0406874,0.0397672,0.0388598,0.0379649,0.0370824,0.0362121,0.0353537,0.034507,0.0336717,0.0328478,0.0320348,0.0312327,0.0304411,0.0296599,0.0288887,0.0281275,0.027376,0.0266338,0.0259009,0.025177,0.0244618,0.0237551,0.0230568,0.0223665,0.0216841,0.0210093,0.0203419,0.0196817,0.0190285,0.018382,0.0177421,0.0171085,0.016481,0.0158593,0.0152434,0.0146329,0.0140276,0.0134274,0.012832,0.0122413,0.0116549,0.0110727,0.0104946,0.00992022,0.00934944,0.00878205,0.00821783,0.00765659,0.00709813,0.00654224,0.00598873,0.0054374,0.00488804,0.00434045,0.00379445,0.00324982,0.00270638,0.00216392,0.00162225,0.00108117
0,0.00776479,0.0154773,0.0230865,0.0305441,0.0378051,0.0448295,0.051582,0.0580331,0.0641591,0.0699418,0.0753684,0.0804314,0.0851275,0.0894577,0.0934265,0.0970412,0.100311,0.103249,0.105867,0.108179,0.1102,0.111946,0.113431,0.114671,0.115682,0.116478,0.117073,0.117481,0.117716,0.11779,0.117715,0.117504,0.117165,0.116711,0.11615,0.115492,0.114745,0.113917,0.113015,0.112047,0.111018,0.109936,0.108805,0.107631,0.106418,0.105171,0.103895,0.102593,0.101269,0.0999254,0.0985663,0.0971941,0.0958114,0.0944208,0.0930244,0.0916242,0.0902222,0.08882,0.0874193,0.0860214,0.0846278,0.0832396,0.0818579,0.0804838,0.0791181,0.0777616,0.0764152,0.0750794,0.0737548,0.0724421,0.0711416,0.0698538,0.0685791,0.0673177,0.06607,0.0648361,0.0636163,0.0624108,0.0612196,0.0600428,0.0588806,0.0577329,0.0565999,0.0554814,0.0543775,0.0532881,0.0522132,0.0511527,0.0501065,0.0490745,0.0480566,0.0470526,0.0460625,0.0450861,0.0441232,0.0431737,0.0422374,0.0413142,0.0404038,0.0395061,0.0386208,0.0377479,0.0368871,0.0360381,0.0352009,0.0343751,0.0335606,0.0327572,0.0319647,0.0311828,0.0304114,0.0296502,0.0288989,0.0281575,0.0274257,0.0267033,0.0259899,0.0252856,0.0245899,0.0239028,0.023224,0.0225532,0.0218903,0.0212351,0.0205873,0.0199467,0.0193132,0.0186865,0.0180664,0.0174527,0.0168451,0.0162436,0.0156479,0.0150577,0.0144729,0.0138933,0.0133187,0.0127489,0.0121836,0.0116227,0.011066,0.0105133,0.00996438,0.00941905,0.00887712,0.0083384,0.0078027,0.00726983,0.00673958,0.00621179,0.00568624,0.00516276,0.00464115,0.00412123,0.0036028,0.00308569,0.00256969,0.00205463,0.00154032,0.00102657
0,0.00712288,0.0142004,0.0211884,0.0280446,0.0347297,0.0412081,0.0474484,0.0534239,0.0591126,0.0644972,0.069565,0.0743078,0.0787215,0.0828052,0.0865616,0.0899957,0.0931152,0.0959293,0.0984488,0.100686,0.102652,0.104362,0.105828,0.107064,0.108084,0.108901,0.109527,0.109976,0.11026,0.11039,0.110377,0.110233,0.109967,0.10959,0.109109,0.108533,0.107872,0.107131,0.106319,0.105441,0.104504,0.103515,0.102477,0.101396,0.100278,0.0991255,0.0979434,0.0967353,0.0955046,0.0942547,0.0929884,0.0917085,0.0904176,0.0891181,0.087812,0.0865014,0.0851881,0.0838739,0.0825602,0.0812485,0.07994,0.0786361,0.0773376,0.0760458,0.0747613,0.0734851,0.0722179,0.0709603,0.069713,0.0684764,0.067251,0.0660374,0.0648357,0.0636464,0.0624697,0.0613059,0.0601551,0.0590176,0.0578935,0.0567828,0.0556857,0.0546022,0.0535323,0.0524761,0.0514336,0.0504046,0.0493892,0.0483873,0.0473988,0.0464237,0.0454618,0.044513,0.0435772,0.0426544,0.0417442,0.0408466,0.0399615,0.0390886,0.0382279,0.0373791,0.036542,0.0357166,0.0349025,0.0340997,0.0333079,0.0325269,0.0317566,0.0309967,0.0302471,0.0295075,0.0287778,0.0280577,0.0273471,0.0266457,0.0259534,0.0252699,0.024595,0.0239286,0.0232705,0.0226204,0.0219781,0.0213434,0.0207162,0.0200962,0.0194833,0.0188771,0.0182777,0.0176846,0.0170978,0.0165171,0.0159422,0.015373,0.0148092,0.0142508,0.0136974,0.0131489,0.0126051,0.0120658,0.0115308,0.011,0.0104732,0.00995009,0.00943059,0.00891449,0.00840161,0.00789176,0.00738477,0.00688044,0.00637861,0.00587909,0.00538169,0.00488625,0.00439259,0.00390051,0.00340985,0.00292043,0.00243208,0.0019446,0.00145783,0.000971594
0,0.00652629,0.0130132,0.0194221,0.0257162,0.0318609,0.0378247,0.0435797,0.0491016,0.0543702,0.0593693,0.0640866,0.0685136,0.0726453,0.07648,0.0800188,0.083265,0.0862244,0.0889044,0.0913138,0.0934625,0.0953613,0.0970215,0.0984549,0.0996734,0.100689,0.101514,0.102159,0.102637,0.102957,0.103132,0.103171,0.103085,0.102882,0.102571,0.102162,0.101661,0.101077,0.100417,0.0996873,0.0988942,0.0980436,0.0971411,0.0961917,0.0952004,0.0941715,0.0931093,0.0920176,0.0909,0.0897598,0.0886003,0.0874241,0.0862341,0.0850326,0.0838219,0.0826042,0.0813814,0.0801552,0.0789273,0.0776992,0.0764723,0.0752478,0.074027,0.0728109,0.0716004,0.0703964,0.0691997,0.068011,0.0668311,0.0656604,0.0644995,0.0633489,0.0622089,0.06108,0.0599625,0.0588567,0.0577627,0.0566808,0.0556112,0.054554,0.0535093,0.0524773,0.0514579,0.0504512,0.0494573,0.048476,0.0475075,0.0465517,0.0456085,0.0446779,0.0437597,0.0428539,0.0419604,0.0410791,0.0402099,0.0393526,0.0385071,0.0376733,0.036851,0.0360401,0.0352404,0.0344517,0.0336739,0.0329068,0.0321503,0.0314041,0.0306681,0.0299421,0.029226,0.0285194,0.0278224,0.0271345,0.0264558,0.025786,0.0251248,0.0244722,0.0238279,0.0231917,0.0225635,0.021943,0.0213301,0.0207246,0.0201262,0.0195349,0.0189503,0.0183724,0.017801,0.0172357,0.0166766,0.0161233,0.0155757,0.0150337,0.0144969,0.0139653,0.0134387,0.0129169,0.0123997,0.0118869,0.0113784,0.0108739,0.0103734,0.00987658,0.00938331,0.00889342,0.00840673,0.00792308,0.00744228,0.00696417,0.00648858,0.00601534,0.00554427,0.00507521,0.00460799,0.00414244,0.00367839,0.00321568,0.00275413,0.00229358,0.00183387,0.00137482,0.000916267
0,0.0059691,0.0119039,0.0177706,0.0235371,0.0291729,0.0346503,0.0399441,0.0450326,0.0498974,0.0545232,0.0588984,0.0630145,0.0668662,0.0704509,0.0737684,0.0768211,0.0796131,0.0821502,0.0844395,0.0864894,0.088309,0.089908,0.0912967,0.0924855,0.0934851,0.094306,0.0949587,0.0954537,0.095801,0.0960103,0.0960912,0.0960526,0.0959034,0.0956518,0.0953056,0.0948724,0.0943593,0.0937728,0.0931194,0.0924048,0.0916348,0.0908144,0.0899486,0.0890419,0.0880986,0.0871226,0.0861177,0.0850873,0.0840345,0.0829624,0.0818738,0.0807711,0.0796567,0.0785329,0.0774016,0.0762647,0.0751239,0.0739809,0.072837,0.0716937,0.0705521,0.0694133,0.0682785,0.0671485,0.0660241,0.0649062,0.0637955,0.0626926,0.0615981,0.0605124,0.0594361,0.0583695,0.0573131,0.056267,0.0552317,0.0542074,0.0531942,0.0521924,0.051202,0.0502233,0.0492562,0.0483009,0.0473574,0.0464257,0.0455059,0.0445979,0.0437017,0.0428172,0.0419445,0.0410833,0.0402338,0.0393957,0.038569,0.0377536,0.0369493,0.036156,0.0353737,0.0346021,0.0338412,0.0330907,0.0323505,0.0316206,0.0309006,0.0301906,0.0294902,0.0287994,0.0281179,0.0274456,0.0267824,0.026128,0.0254823,0.0248451,0.0242162,0.0235955,0.0229828,0.0223778,0.0217805,0.0211906,0.020608,0.0200325,0.0194639,0.0189021,0.0183468,0.0177979,0.0172552,0.0167186,0.0161878,0.0156627,0.0151431,0.0146289,0.0141198,0.0136157,0.0131165,0.0126219,0.0121319,0.0116461,0.0111645,0.0106869,0.0102132,0.00974307,0.00927645,0.00881318,0.00835307,0.00789596,0.0074417,0.00699013,0.00654108,0.00609439,0.0056499,0.00520746,0.0047669,0.00432806,0.0038908,0.00345494,0.00302034,0.00258683,0.00215426,0.00172247,0.0012913,0.00086061
0,0.00544626,0.0108626,0.0162194,0.0214887,0.0266435,0.0316593,0.0365138,0.0411875,0.0456634,0.0499277,0.0539693,0.05778,0.0613542,0.0646888,0.067783,0.070638,0.0732567,0.0756437,0.0778047,0.0797467,0.0814774,0.083005,0.0843385,0.0854869,0.0864598,0.0872664,0.0879163,0.0884186,0.0887825,0.0890169,0.0891304,0.0891313,0.0890276,0.088827,0.0885367,0.0881637,0.0877146,0.0871956,0.0866125,0.085971,0.0852763,0.0845332,0.0837464,0.0829201,0.0820583,0.0811649,0.0802434,0.0792969,0.0783286,0.0773413,0.0763375,0.0753198,0.0742904,0.0732513,0.0722046,0.0711519,0.070095,0.0690354,0.0679744,0.0669134,0.0658535,0.0647958,0.0637413,0.062691,0.0616455,0.0606057,0.0595723,0.0585458,0.0575269,0.056516,0.0555136,0.05452,0.0535357,0.0525609,0.0515959,0.050641,0.0496964,0.0487622,0.0478385,0.0469256,0.0460234,0.0451322,0.0442518,0.0433824,0.0425239,0.0416764,0.0408399,0.0400143,0.0391995,0.0383955,0.0376023,0.0368197,0.0360477,0.0352861,0.034535,0.0337941,0.0330633,0.0323426,0.0316318,0.0309307,0.0302392,0.0295573,0.0288846,0.0282212,0.0275668,0.0269213,0.0262845,0.0256563,0.0250365,0.024425,0.0238216,0.0232261,0.0226383,0.0220582,0.0214856,0.0209202,0.0203619,0.0198106,0.019266,0.0187281,0.0181966,0.0176714,0.0171524,0.0166393,0.016132,0.0156303,0.0151342,0.0146433,0.0141576,0.0136769,0.013201,0.0127297,0.012263,0.0118007,0.0113425,0.0108884,0.0104382,0.00999169,0.00954876,0.00910926,0.00867302,0.00823989,0.00780972,0.00738236,0.00695766,0.00653547,0.00611564,0.00569801,0.00528243,0.00486877,0.00445687,0.00404658,0.00363776,0.00323025,0.00282391,0.0024186,0.00201416,0.00161045,0.00120733,0.000804641
0,0.00495341,0.00988063,0.014756,0.0195546,0.0242531,0.0288296,0.0332645,0.03754,0.0416411,0.0455549,0.0492712,0.052782,0.0560818,0.0591672,0.0620368,0.0646911,0.067132,0.0693631,0.071389,0.0732154,0.0748487,0.0762961,0.0775652,0.078664,0.0796008,0.0803837,0.0810213,0.0815219,0.0818935,0.0821444,0.0822822,0.0823145,0.0822487,0.0820918,0.0818505,0.0815311,0.0811398,0.0806823,0.0801642,0.0795905,0.0789662,0.0782958,0.0775836,0.0768337,0.0760498,0.0752355,0.074394,0.0735285,0.0726418,0.0717365,0.0708153,0.0698803,0.0689337,0.0679775,0.0670135,0.0660435,0.0650689,0.0640913,0.0631119,0.062132,0.0611528,0.0601752,0.0592001,0.0582286,0.0572612,0.0562989,0.0553421,0.0543915,0.0534477,0.0525112,0.0515822,0.0506613,0.0497488,0.048845,0.0479501,0.0470644,0.0461881,0.0453214,0.0444643,0.0436171,0.0427798,0.0419526,0.0411353,0.0403281,0.0395311,0.0387441,0.0379673,0.0372005,0.0364437,0.035697,0.0349601,0.0342331,0.0335159,0.0328084,0.0321105,0.031422,0.030743,0.0300732,0.0294127,0.0287611,0.0281185,0.0274847,0.0268595,0.0262428,0.0256346,0.0250345,0.0244426,0.0238586,0.0232825,0.0227139,0.022153,0.0215993,0.0210529,0.0205136,0.0199811,0.0194554,0.0189363,0.0184237,0.0179174,0.0174172,0.016923,0.0164347,0.015952,0.0154749,0.0150032,0.0145367,0.0140753,0.0136188,0.0131671,0.0127201,0.0122775,0.0118393,0.0114052,0.0109753,0.0105492,0.0101269,0.00970813,0.00929288,0.00888095,0.0084722,0.00806648,0.00766366,0.00726359,0.00686612,0.00647113,0.00607847,0.005688,0.00529958,0.00491307,0.00452834,0.00414524,0.00376364,0.0033834,0.00300439,0.00262647,0.00224949,0.00187333,0.00149785,0.00112291,0.000748383
0,0.00448673,0.00895061,0.0133692,0.0177207,0.0219846,0.0261417,0.0301744,0.0340671,0.037806,0.0413797,0.0447784,0.047995,0.0510238,0.0538614,0.056506,0.0589575,0.0612172,0.0632878,0.0651729,0.0668771,0.068406,0.0697655,0.0709623,0.0720032,0.0728955,0.0736465,0.0742635,0.0747541,0.0751255,0.0753849,0.0755394,0.0755959,0.075561,0.0754411,0.0752423,0.0749704,0.0746312,0.0742298,0.0737714,0.0732607,0.0727023,0.0721002,0.0714587,0.0707813,0.0700717,0.0693332,0.0685687,0.0677812,0.0669735,0.0661479,0.0653068,0.0644524,0.0635866,0.0627115,0.0618286,0.0609396,0.0600459,0.0591489,0.0582499,0.0573501,0.0564504,0.0555519,0.0546555,0.0537619,0.052872,0.0519864,0.0511058,0.0502306,0.0493614,0.0484987,0.0476429,0.0467943,0.0459533,0.0451202,0.0442951,0.0434785,0.0426704,0.0418709,0.0410804,0.0402988,0.0395263,0.0387629,0.0380088,0.0372638,0.0365282,0.0358018,0.0350846,0.0343767,0.033678,0.0329885,0.0323081,0.0316368,0.0309745,0.030321,0.0296765,0.0290406,0.0284134,0.0277948,0.0271845,0.0265827,0.025989,0.0254034,0.0248258,0.0242561,0.0236941,0.0231397,0.0225928,0.0220532,0.0215208,0.0209954,0.020477,0.0199654,0.0194604,0.018962,0.0184699,0.0179841,0.0175044,0.0170306,0.0165626,0.0161004,0.0156436,0.0151922,0.0147461,0.0143051,0.0138691,0.0134379,0.0130114,0.0125895,0.012172,0.0117588,0.0113497,0.0109446,0.0105434,0.010146,0.00975209,0.00936169,0.00897463,0.00859077,0.00820998,0.00783212,0.00745707,0.00708469,0.00671485,0.00634743,0.00598228,0.00561929,0.00525832,0.00489925,0.00454194,0.00418628,0.00383212,0.00347935,0.00312784,0.00277745,0.00242808,0.00207958,0.00173183,0.00138471,0.0010381,0.000691855
0,0.00404291,0.00806591,0.0120494,0.0159744,0.019823,0.0235781,0.0272244,0.0307479,0.0341363,0.0373793,0.040468,0.0433956,0.046157,0.0487485,0.0511683,0.0534157,0.0554917,0.0573979,0.0591375,0.0607142,0.0621326,0.0633977,0.0645152,0.0654911,0.0663315,0.0670431,0.0676322,0.0681054,0.0684693,0.0687303,0.0688948,0.0689688,0.0689583,0.0688693,0.0687071,0.0684773,0.0681847,0.0678344,0.067431,0.0669787,0.0664818,0.0659442,0.0653695,0.0647613,0.0641227,0.0634568,0.0627664,0.0620544,0.061323,0.0605747,0.0598116,0.0590358,0.0582491,0.0574532,0.0566498,0.0558403,0.0550262,0.0542086,0.0533889,0.052568,0.0517469,0.0509267,0.050108,0.0492917,0.0484786,0.0476691,0.046864,0.0460636,0.0452687,0.0444794,0.0436963,0.0429197,0.0421499,0.0413872,0.0406319,0.039884,0.0391439,0.0384117,0.0376875,0.0369715,0.0362637,0.0355642,0.034873,0.0341903,0.033516,0.0328502,0.0321928,0.0315438,0.0309032,0.030271,0.0296471,0.0290316,0.0284242,0.0278249,0.0272338,0.0266506,0.0260753,0.0255079,0.0249481,0.024396,0.0238514,0.0233143,0.0227844,0.0222617,0.0217461,0.0212374,0.0207356,0.0202405,0.019752,0.01927,0.0187943,0.0183249,0.0178615,0.0174041,0.0169526,0.0165067,0.0160665,0.0156317,0.0152023,0.014778,0.0143588,0.0139446,0.0135352,0.0131304,0.0127303,0.0123345,0.0119431,0.0115559,0.0111727,0.0107934,0.0104179,0.0100461,0.00967788,0.00931306,0.00895155,0.00859322,0.00823795,0.00788561,0.00753609,0.00718926,0.006845,0.0065032,0.00616372,0.00582646,0.00549129,0.0051581,0.00482676,0.00449716,0.00416919,0.00384271,0.00351762,0.00319381,0.00287114,0.00254952,0.00222881,0.00190891,0.00158971,0.00127108,0.000952905,0.000635078
0,0.00361901,0.00722072,0.0107881,0.0143047,0.0177547,0.0211234,0.0243971,0.0275637,0.0306121,0.0335331,0.0363187,0.0389626,0.04146,0.0438075,0.0460029,0.0480455,0.0499357,0.0516748,0.0532651,0.0547097,0.0560124,0.0571775,0.0582097,0.0591143,0.0598966,0.0605622,0.0611168,0.0615662,0.0619162,0.0621724,0.0623405,0.062426,0.0624343,0.0623706,0.0622398,0.0620467,0.0617961,0.0614922,0.0611393,0.0607414,0.0603022,0.0598253,0.059314,0.0587716,0.0582009,0.0576048,0.056986,0.0563468,0.0556895,0.0550164,0.0543293,0.0536302,0.0529207,0.0522025,0.0514771,0.0507458,0.0500099,0.0492706,0.048529,0.0477861,0.0470427,0.0462998,0.0455582,0.0448185,0.0440814,0.0433475,0.0426173,0.0418914,0.0411702,0.040454,0.0397433,0.0390384,0.0383396,0.037647,0.0369611,0.0362819,0.0356096,0.0349445,0.0342865,0.0336359,0.0329927,0.032357,0.0317289,0.0311084,0.0304955,0.0298902,0.0292925,0.0287025,0.0281201,0.0275452,0.0269779,0.0264181,0.0258658,0.0253208,0.0247831,0.0242527,0.0237295,0.0232133,0.0227042,0.0222019,0.0217065,0.0212178,0.0207358,0.0202602,0.0197911,0.0193284,0.0188718,0.0184213,0.0179768,0.0175382,0.0171054,0.0166782,0.0162566,0.0158404,0.0154295,0.0150238,0.0146232,0.0142275,0.0138367,0.0134506,0.0130691,0.0126921,0.0123195,0.0119512,0.011587,0.0112268,0.0108706,0.0105182,0.0101694,0.00982421,0.00948247,0.00914409,0.00880893,0.00847689,0.00814785,0.00782171,0.00749835,0.00717765,0.00685952,0.00654384,0.0062305,0.00591939,0.00561039,0.00530342,0.00499834,0.00469506,0.00439347,0.00409347,0.00379493,0.00349777,0.00320186,0.00290712,0.00261342,0.00232066,0.00202875,0.00173757,0.00144701,0.00115698,0.00086737,0.000578072
0,0.00321239,0.00640984,0.00957764,0.0127015,0.0157678,0.0187636,0.0216771,0.0244976,0.0272154,0.0298223,0.0323111,0.0346761,0.036913,0.0390184,0.0409903,0.0428278,0.0445308,0.0461004,0.0475384,0.0488472,0.0500299,0.0510901,0.052032,0.0528598,0.0535783,0.0541922,0.0547066,0.0551264,0.0554567,0.0557026,0.0558689,0.0559606,0.0559824,0.0559389,0.0558346,0.0556738,0.0554607,0.055199,0.0548928,0.0545454,0.0541603,0.0537407,0.0532897,0.0528101,0.0523046,0.0517757,0.0512259,0.0506573,0.050072,0.049472,0.0488591,0.0482349,0.0476011,0.0469591,0.0463103,0.0456559,0.0449971,0.0443349,0.0436704,0.0430045,0.0423381,0.0416718,0.0410065,0.0403427,0.0396811,0.0390222,0.0383665,0.0377145,0.0370667,0.0364232,0.0357846,0.035151,0.0345229,0.0339003,0.0332836,0.0326728,0.0320683,0.03147,0.0308782,0.030293,0.0297144,0.0291424,0.0285772,0.0280189,0.0274673,0.0269226,0.0263847,0.0258536,0.0253294,0.0248119,0.0243012,0.0237973,0.0233,0.0228093,0.0223252,0.0218477,0.0213765,0.0209118,0.0204533,0.020001,0.0195549,0.0191148,0.0186807,0.0182524,0.0178299,0.0174131,0.0170019,0.0165962,0.0161958,0.0158008,0.0154109,0.0150261,0.0146463,0.0142714,0.0139013,0.0135358,0.0131749,0.0128185,0.0124664,0.0121186,0.011775,0.0114354,0.0110997,0.0107678,0.0104397,0.0101153,0.00979432,0.0094768,0.00916259,0.00885159,0.00854371,0.00823884,0.00793688,0.00763772,0.00734127,0.00704743,0.00675609,0.00646715,0.00618052,0.00589609,0.00561378,0.00533347,0.00505507,0.00477848,0.0045036,0.00423035,0.00395861,0.0036883,0.00341932,0.00315157,0.00288496,0.00261938,0.00235475,0.00209098,0.00182795,0.00156559,0.0013038,0.00104247,0.000781524,0.000520859
0,0.00282072,0.00562863,0.00841111,0.0111559,0.0138513,0.0164861,0.0190502,0.0215342,0.0239297,0.0262295,0.0284272,0.0305179,0.0324974,0.0343629,0.0361122,0.0377444,0.0392594,0.0406578,0.0419409,0.0431107,0.0441698,0.0451212,0.0459683,0.0467148,0.0473646,0.0479219,0.048391,0.0487761,0.0490818,0.0493123,0.0494719,0.049565,0.0495957,0.0495681,0.049486,0.0493534,0.0491737,0.0489506,0.0486873,0.0483871,0.0480529,0.0476876,0.047294,0.0468745,0.0464316,0.0459676,0.0454845,0.0449845,0.0444692,0.0439405,0.0434001,0.0428493,0.0422897,0.0417226,0.0411491,0.0405704,0.0399876,0.0394016,0.0388134,0.0382236,0.0376332,0.0370429,0.0364532,0.0358647,0.0352781,0.0346937,0.0341121,0.0335336,0.0329587,0.0323876,0.0318208,0.0312583,0.0307006,0.0301478,0.0296001,0.0290576,0.0285206,0.0279892,0.0274634,0.0269434,0.0264293,0.0259211,0.0254188,0.0249226,0.0244323,0.0239481,0.02347,0.0229979,0.0225319,0.0220719,0.0216178,0.0211698,0.0207276,0.0202913,0.0198609,0.0194362,0.0190173,0.0186039,0.0181962,0.017794,0.0173972,0.0170058,0.0166197,0.0162388,0.015863,0.0154923,0.0151265,0.0147656,0.0144095,0.0140581,0.0137113,0.013369,0.0130312,0.0126977,0.0123684,0.0120433,0.0117222,0.0114051,0.0110919,0.0107825,0.0104768,0.0101746,0.009876,0.00958077,0.00928887,0.00900018,0.00871464,0.00843213,0.00815258,0.00787588,0.00760195,0.0073307,0.00706204,0.00679587,0.0065321,0.00627066,0.00601144,0.00575436,0.00549932,0.00524625,0.00499506,0.00474565,0.00449793,0.00425183,0.00400726,0.00376412,0.00352234,0.00328182,0.00304248,0.00280424,0.00256701,0.00233071,0.00209525,0.00186054,0.0016265,0.00139306,0.00116011,0.000927586,0.000695396,0.000463458
0,0.00244185,0.00487284,0.00728228,0.00965974,0.0119953,0.0142794,0.0165034,0.0186592,0.0207397,0.0227386,0.0246505,0.0264708,0.028196,0.0298234,0.0313512,0.0327784,0.0341046,0.0353304,0.0364566,0.037485,0.0384175,0.0392566,0.0400052,0.0406664,0.0412434,0.0417398,0.0421592,0.0425054,0.042782,0.0429928,0.0431416,0.0432319,0.0432674,0.0432517,0.0431881,0.0430799,0.0429302,0.0427423,0.0425188,0.0422627,0.0419766,0.0416629,0.0413241,0.0409624,0.0405798,0.0401785,0.0397603,0.0393268,0.0388799,0.0384209,0.0379514,0.0374726,0.0369859,0.0364924,0.0359931,0.0354891,0.0349813,0.0344706,0.0339577,0.0334434,0.0329284,0.0324133,0.0318986,0.031385,0.0308728,0.0303625,0.0298545,0.0293492,0.0288469,0.0283479,0.0278525,0.0273609,0.0268734,0.0263902,0.0259113,0.025437,0.0249674,0.0245027,0.0240429,0.0235881,0.0231384,0.0226938,0.0222544,0.0218202,0.0213913,0.0209677,0.0205493,0.0201363,0.0197284,0.0193259,0.0189285,0.0185364,0.0181494,0.0177676,0.0173908,0.0170191,0.0166524,0.0162906,0.0159337,0.0155816,0.0152342,0.0148916,0.0145536,0.0142201,0.0138911,0.0135665,0.0132463,0.0129303,0.0126185,0.0123109,0.0120072,0.0117075,0.0114117,0.0111197,0.0108314,0.0105467,0.0102656,0.00998793,0.00971368,0.00944273,0.009175,0.00891043,0.00864892,0.0083904,0.00813478,0.00788198,0.00763193,0.00738454,0.00713973,0.00689742,0.00665754,0.00641999,0.00618472,0.00595162,0.00572063,0.00549167,0.00526466,0.00503952,0.00481618,0.00459455,0.00437456,0.00415614,0.0039392,0.00372367,0.00350948,0.00329655,0.0030848,0.00287416,0.00266456,0.00245591,0.00224815,0.0020412,0.00183499,0.00162943,0.00142447,0.00122002,0.00101601,0.000812368,0.000609019,0.00040589
0,0.00207384,0.00413862,0.00618542,0.00820553,0.0101906,0.0121328,0.0140247,0.0158596,0.0176314,0.0193349,0.0209652,0.0225188,0.0239923,0.0253836,0.0266909,0.0279132,0.0290504,0.0301024,0.0310703,0.0319551,0.0327585,0.0334826,0.0341296,0.0347021,0.0352028,0.0356347,0.0360008,0.0363042,0.036548,0.0367355,0.0368696,0.0369536,0.0369904,0.0369832,0.0369347,0.0368478,0.0367252,0.0365694,0.036383,0.0361684,0.0359278,0.0356634,0.0353771,0.035071,0.0347469,0.0344064,0.0340512,0.0336828,0.0333025,0.0329118,0.0325119,0.0321039,0.0316889,0.0312679,0.0308419,0.0304116,0.029978,0.0295417,0.0291035,0.028664,0.0282237,0.0277833,0.0273432,0.0269038,0.0264656,0.026029,0.0255942,0.0251618,0.0247318,0.0243046,0.0238805,0.0234595,0.023042,0.0226281,0.022218,0.0218117,0.0214095,0.0210113,0.0206173,0.0202277,0.0198423,0.0194613,0.0190848,0.0187127,0.0183451,0.017982,0.0176234,0.0172693,0.0169197,0.0165746,0.016234,0.0158978,0.0155661,0.0152387,0.0149157,0.014597,0.0142826,0.0139723,0.0136663,0.0133644,0.0130666,0.0127727,0.0124829,0.0121969,0.0119148,0.0116365,0.0113618,0.0110909,0.0108235,0.0105596,0.0102992,0.0100422,0.00978848,0.00953803,0.00929076,0.0090466,0.00880549,0.00856735,0.00833212,0.00809973,0.0078701,0.00764318,0.00741888,0.00719713,0.00697788,0.00676105,0.00654657,0.00633437,0.00612439,0.00591655,0.00571079,0.00550703,0.00530522,0.00510528,0.00490715,0.00471075,0.00451603,0.00432291,0.00413133,0.00394122,0.00375251,0.00356515,0.00337906,0.00319419,0.00301046,0.0028278,0.00264617,0.00246548,0.00228568,0.0021067,0.00192848,0.00175096,0.00157407,0.00139774,0.00122192,0.00104655,0.000871544,0.000696858,0.000522423,0.000348177
0,0.00171488,0.00342238,0.00511523,0.00678635,0.00842892,0.0100365,0.0116031,0.0131231,0.0145916,0.0160041,0.0173569,0.0186467,0.019871,0.0210277,0.0221155,0.0231334,0.0240811,0.0249588,0.025767,0.0265066,0.0271789,0.0277856,0.0283284,0.0288095,0.0292311,0.0295955,0.0299051,0.0301626,0.0303705,0.0305314,0.0306478,0.0307224,0.0307576,0.0307559,0.0307198,0.0306514,0.0305532,0.0304272,0.0302755,0.0301001,0.0299029,0.0296857,0.0294501,0.0291978,0.0289303,0.028649,0.0283553,0.0280505,0.0277357,0.027412,0.0270805,0.0267422,0.0263979,0.0260485,0.0256948,0.0253375,0.0249774,0.0246149,0.0242507,0.0238853,0.0235193,0.023153,0.0227869,0.0224214,0.0220569,0.0216935,0.0213318,0.0209718,0.0206139,0.0202583,0.0199052,0.0195547,0.0192071,0.0188624,0.0185208,0.0181825,0.0178474,0.0175157,0.0171876,0.0168629,0.0165419,0.0162245,0.0159107,0.0156007,0.0152944,0.0149918,0.014693,0.0143979,0.0141066,0.013819,0.0135351,0.0132549,0.0129784,0.0127055,0.0124363,0.0121706,0.0119085,0.01165,0.0113949,0.0111432,0.0108949,0.01065,0.0104083,0.0101699,0.00993475,0.0097027,0.00947375,0.00924784,0.00902492,0.00880493,0.00858782,0.00837353,0.00816201,0.00795319,0.00774703,0.00754346,0.00734243,0.00714388,0.00694775,0.00675398,0.00656252,0.00637331,0.00618629,0.0060014,0.00581858,0.00563778,0.00545895,0.00528201,0.00510692,0.00493362,0.00476204,0.00459214,0.00442386,0.00425715,0.00409193,0.00392817,0.00376579,0.00360476,0.00344501,0.00328648,0.00312913,0.0029729,0.00281773,0.00266356,0.00251035,0.00235805,0.00220658,0.00205591,0.00190598,0.00175674,0.00160813,0.00146009,0.00131259,0.00116555,0.00101894,0.000872695,0.000726765,0.000581097,0.000435639,0.000290339
0,0.00136329,0.00272079,0.00406679,0.00539572,0.00670221,0.0079812,0.00922794,0.0104381,0.0116076,0.0127331,0.0138115,0.0148402,0.0158172,0.0167408,0.0176099,0.0184237,0.0191819,0.0198846,0.0205322,0.0211253,0.021665,0.0221524,0.0225891,0.0229765,0.0233165,0.0236109,0.0238616,0.0240706,0.02424,0.0243717,0.0244679,0.0245305,0.0245616,0.0245632,0.024537,0.024485,0.024409,0.0243107,0.0241917,0.0240537,0.023898,0.0237263,0.0235398,0.0233397,0.0231275,0.0229041,0.0226707,0.0224282,0.0221777,0.02192,0.021656,0.0213864,0.021112,0.0208335,0.0205514,0.0202664,0.019979,0.0196897,0.019399,0.0191073,0.018815,0.0185225,0.0182301,0.0179382,0.0176469,0.0173566,0.0170675,0.0167799,0.0164938,0.0162096,0.0159273,0.0156471,0.0153692,0.0150936,0.0148205,0.0145499,0.0142819,0.0140167,0.0137542,0.0134946,0.0132378,0.0129839,0.012733,0.012485,0.01224,0.0119979,0.0117589,0.0115228,0.0112897,0.0110596,0.0108325,0.0106083,0.0103871,0.0101687,0.00995331,0.00974075,0.00953103,0.00932412,0.00911998,0.0089186,0.00871992,0.00852391,0.00833054,0.00813977,0.00795156,0.00776586,0.00758263,0.00740184,0.00722344,0.00704738,0.00687363,0.00670213,0.00653284,0.00636572,0.00620072,0.0060378,0.0058769,0.00571799,0.00556102,0.00540594,0.0052527,0.00510126,0.00495157,0.00480359,0.00465727,0.00451257,0.00436943,0.00422781,0.00408767,0.00394896,0.00381163,0.00367565,0.00354096,0.00340751,0.00327527,0.0031442,0.00301423,0.00288534,0.00275747,0.00263059,0.00250464,0.00237959,0.00225538,0.00213199,0.00200936,0.00188745,0.00176621,0.00164561,0.0015256,0.00140615,0.00128719,0.0011687,0.00105063,0.000932944,0.000815591,0.000698532,0.000581725,0.000465128,0.000348699,0.000232396
0,0.0010175,0.00203071,0.00303542,0.00402751,0.00500301,0.00595816,0.00688944,0.00779361,0.00866774,0.00950922,0.0103158,0.0110855,0.0118168,0.0125084,0.0131596,0.0137696,0.0143383,0.0148656,0.0153519,0.0157975,0.0162033,0.0165701,0.016899,0.017191,0.0174476,0.01767,0.0178598,0.0180183,0.0181471,0.0182476,0.0183215,0.0183703,0.0183953,0.0183981,0.0183801,0.0183426,0.0182871,0.0182148,0.018127,0.0180248,0.0179093,0.0177817,0.0176429,0.017494,0.0173358,0.0171692,0.016995,0.016814,0.0166269,0.0164344,0.0162371,0.0160355,0.0158303,0.015622,0.0154109,0.0151976,0.0149825,0.014766,0.0145483,0.0143299,0.014111,0.0138919,0.0136729,0.0134542,0.013236,0.0130185,0.0128018,0.0125863,0.0123719,0.0121589,0.0119473,0.0117373,0.0115289,0.0113223,0.0111175,0.0109147,0.0107138,0.0105149,0.0103181,0.0101234,0.00993088,0.0097405,0.00955231,0.00936632,0.00918256,0.00900104,0.00882175,0.00864469,0.00846988,0.00829729,0.00812693,0.00795879,0.00779284,0.00762908,0.00746748,0.00730804,0.00715072,0.00699551,0.00684238,0.00669131,0.00654226,0.00639523,0.00625017,0.00610705,0.00596586,0.00582655,0.00568909,0.00555346,0.00541962,0.00528754,0.00515718,0.00502852,0.00490152,0.00477614,0.00465235,0.00453011,0.0044094,0.00429018,0.00417241,0.00405606,0.00394109,0.00382747,0.00371517,0.00360414,0.00349436,0.00338579,0.00327839,0.00317214,0.003067,0.00296292,0.00285989,0.00275786,0.0026568,0.00255668,0.00245746,0.00235912,0.00226161,0.0021649,0.00206896,0.00197376,0.00187926,0.00178543,0.00169224,0.00159966,0.00150764,0.00141617,0.00132521,0.00123472,0.00114468,0.00105505,0.000965798,0.000876893,0.000788305,0.000700001,0.000611949,0.000524118,0.000436477,0.000348992,0.000261634,0.00017437
0,0.00067598,0.00134914,0.00201668,0.00267589,0.00332416,0.00395899,0.00457805,0.00517922,0.00576053,0.00632025,0.00685689,0.00736916,0.00785601,0.00831661,0.00875038,0.00915692,0.00953603,0.00988772,0.0102121,0.0105096,0.0107806,0.0110257,0.0112456,0.011441,0.0116128,0.0117619,0.0118892,0.0119957,0.0120824,0.0121503,0.0122004,0.0122337,0.0122511,0.0122538,0.0122426,0.0122184,0.0121821,0.0121346,0.0120766,0.0120091,0.0119327,0.0118482,0.0117563,0.0116575,0.0115525,0.0114419,0.0113262,0.0112059,0.0110816,0.0109536,0.0108223,0.0106883,0.0105518,0.0104131,0.0102727,0.0101307,0.00998753,0.00984336,0.00969844,0.009553,0.00940723,0.00926131,0.00911543,0.00896973,0.00882436,0.00867946,0.00853513,0.0083915,0.00824866,0.0081067,0.00796571,0.00782575,0.0076869,0.00754921,0.00741275,0.00727754,0.00714365,0.00701109,0.00687992,0.00675014,0.00662179,0.00649488,0.00636942,0.00624544,0.00612294,0.00600193,0.0058824,0.00576437,0.00564782,0.00553276,0.00541918,0.00530707,0.00519643,0.00508725,0.00497951,0.0048732,0.00476831,0.00466482,0.00456272,0.00446199,0.00436262,0.00426458,0.00416785,0.00407243,0.00397828,0.00388539,0.00379374,0.0037033,0.00361405,0.00352598,0.00343906,0.00335326,0.00326858,0.00318497,0.00310242,0.00302092,0.00294042,0.00286092,0.00278239,0.0027048,0.00262814,0.00255237,0.00247748,0.00240345,0.00233024,0.00225784,0.00218623,0.00211537,0.00204526,0.00197586,0.00190715,0.00183911,0.00177172,0.00170495,0.00163879,0.00157321,0.00150818,0.00144369,0.00137971,0.00131623,0.00125321,0.00119064,0.00112849,0.00106675,0.0010054,0.000944397,0.000883737,0.000823395,0.000763348,0.000703576,0.000644057,0.00058477,0.000525694,0.000466807,0.000408088,0.000349517,0.000291071,0.000232731,0.000174475,0.000116282
