0,0,0,0,0,0,0,0,0,0,0,0,0,0,0,0,0,0,0,0,0,0,0,0,0,0,0,0,0,0,0,0,0,0,0,0,0,0,0,0,0,0,0,0,0,0,0,0,0,0,0,0,0,0,0,0,0,0,0,0,0,0,0,0,0,0,0,0,0,0,0,0,0,0,0,0,0,0,0,0,0,0,0,0,0,0,0,0,0,0,0,0,0,0,0,0,0,0,0,0,0,0,0,0,0,0,0,0,0,0,0,0,0,0,0,0,0,0,0,0,0,0,0,0,0,0,0,0,0,0,0,0,0,0,0,0,0,0,0,0,0,0,0,0,0,0,0,0,0,0,0,0,0,0,0,0,0,0,0,0,0
0,0.000337333,0.000673264,0.0010064,0.0013354,0.00165896,0.00197584,0.00228489,0.00258503,0.0028753,0.00315483,0.00342287,0.00367879,0.00392205,0.00415224,0.00436907,0.00457233,0.00476193,0.00493785,0.00510019,0.00524908,0.00538477,0.00550752,0.00561769,0.00571564,0.0058018,0.00587662,0.00594055,0.00599409,0.00603772,0.00607195,0.00609729,0.00611422,0.00612324,0.00612484,0.00611949,0.00610764,0.00608975,0.00606623,0.0060375,0.00600396,0.00596599,0.00592393,0.00587814,0.00582893,0.00577661,0.00572147,0.00566378,0.00560379,0.00554175,0.00547788,0.0054124,0.00534548,0.00527733,0.00520811,0.00513799,0.0050671,0.00499559,0.00492358,0.00485119,0.00477854,0.00470572,0.00463282,0.00455993,0.00448714,0.0044145,0.00434209,0.00426997,0.00419819,0.0041268,0.00405585,0.00398538,0.00391543,0.00384603,0.0037772,0.00370899,0.0036414,0.00357447,0.0035082,0.00344262,0.00337774,0.00331357,0.00325012,0.00318739,0.0031254,0.00306415,0.00300364,0.00294387,0.00288485,0.00282657,0.00276903,0.00271223,0.00265616,0.00260083,0.00254623,0.00249234,0.00243917,0.00238671,0.00233495,0.00228388,0.00223349,0.00218378,0.00213474,0.00208636,0.00203862,0.00199152,0.00194505,0.0018992,0.00185395,0.0018093,0.00176523,0.00172174,0.00167882,0.00163644,0.00159461,0.0015533,0.00151251,0.00147223,0.00143245,0.00139315,0.00135432,0.00131595,0.00127803,0.00124054,0.00120349,0.00116684,0.0011306,0.00109476,0.00105929,0.00102419,0.000989447,0.000955051,0.000920989,0.00088725,0.000853823,0.000820697,0.000787861,0.000755302,0.000723012,0.000690977,0.000659188,0.000627633,0.000596301,0.000565182,0.000534264,0.000503537,0.000472989,0.000442611,0.000412392,0.00038232,0.000352385,0.000322576,0.000292884,0.000263296,0.000233803,0.000204394,0.000175059,0.000145786,0.000116566,8.73877e-05,5.8241e-05
0,0.00067607,0.00134932,0.00201695,0.00267625,0.0033246,0.00395952,0.00457868,0.00517993,0.00576133,0.00632115,0.00685787,0.00737023,0.00785716,0.00831786,0.00875171,0.00915833,0.00953753,0.0098893,0.0102138,0.0105114,0.0107825,0.0110276,0.0112476,0.0114431,0.011615,0.0117641,0.0118915,0.0119981,0.0120848,0.0121528,0.012203,0.0122363,0.0122539,0.0122566,0.0122455,0.0122213,0.0121851,0.0121377,0.0120798,0.0120124,0.0119361,0.0118516,0.0117597,0.011661,0.011556,0.0114455,0.0113299,0.0112096,0.0110853,0.0109574,0.0108262,0.0106922,0.0105557,0.0104171,0.0102767,0.0101348,0.00999167,0.00984754,0.00970266,0.00955725,0.00941151,0.00926563,0.00911978,0.00897411,0.00882877,0.00868389,0.00853959,0.00839598,0.00825316,0.00811123,0.00797025,0.00783031,0.00769147,0.0075538,0.00741735,0.00728215,0.00714826,0.00701572,0.00688454,0.00675477,0.00662642,0.0064995,0.00637405,0.00625007,0.00612756,0.00600654,0.005887,0.00576895,0.00565239,0.00553732,0.00542372,0.0053116,0.00520094,0.00509173,0.00498397,0.00487764,0.00477272,0.0046692,0.00456707,0.00446631,0.0043669,0.00426883,0.00417207,0.00407661,0.00398242,0.00388949,0.00379779,0.00370731,0.00361802,0.0035299,0.00344293,0.00335708,0.00327234,0.00318868,0.00310608,0.00302452,0.00294397,0.00286441,0.00278582,0.00270817,0.00263144,0.00255562,0.00248066,0.00240656,0.00233329,0.00226082,0.00218913,0.00211821,0.00204802,0.00197855,0.00190977,0.00184165,0.00177419,0.00170735,0.00164111,0.00157544,0.00151034,0.00144577,0.00138171,0.00131814,0.00125504,0.00119239,0.00113016,0.00106834,0.00100689,0.00094581,0.000885065,0.000824636,0.000764503,0.000704644,0.000645037,0.000585662,0.000526498,0.000467522,0.000408715,0.000350054,0.00029152,0.00023309,0.000174744,0.000116461
0,0.00101763,0.00203098,0.00303583,0.00402805,0.00500368,0.00595896,0.00689038,0.00779469,0.00866895,0.00951056,0.0103172,0.0110871,0.0118185,0.0125103,0.0131616,0.0137717,0.0143406,0.014868,0.0153544,0.0158002,0.0162061,0.016573,0.0169019,0.0171941,0.0174508,0.0176734,0.0178632,0.0180219,0.0181508,0.0182515,0.0183255,0.0183743,0.0183994,0.0184023,0.0183844,0.0183471,0.0182917,0.0182195,0.0181318,0.0180296,0.0179143,0.0177867,0.0176481,0.0174992,0.0173411,0.0171746,0.0170005,0.0168196,0.0166326,0.0164401,0.0162429,0.0160414,0.0158363,0.015628,0.015417,0.0152038,0.0149887,0.0147722,0.0145547,0.0143363,0.0141175,0.0138984,0.0136794,0.0134608,0.0132426,0.0130251,0.0128085,0.012593,0.0123787,0.0121656,0.0119541,0.0117441,0.0115358,0.0113292,0.0111244,0.0109216,0.0107207,0.0105219,0.0103251,0.0101304,0.00993783,0.00974744,0.00955924,0.00937326,0.00918949,0.00900795,0.00882864,0.00865157,0.00847674,0.00830413,0.00813375,0.00796557,0.00779959,0.0076358,0.00747417,0.00731469,0.00715733,0.00700208,0.0068489,0.00669778,0.00654869,0.0064016,0.00625649,0.00611332,0.00597206,0.00583269,0.00569517,0.00555947,0.00542556,0.00529341,0.00516298,0.00503425,0.00490716,0.0047817,0.00465783,0.00453552,0.00441472,0.00429541,0.00417755,0.00406111,0.00394605,0.00383233,0.00371993,0.00360881,0.00349892,0.00339025,0.00328275,0.0031764,0.00307114,0.00296696,0.00286382,0.00276168,0.00266051,0.00256027,0.00246094,0.00236247,0.00226484,0.00216801,0.00207195,0.00197663,0.00188201,0.00178806,0.00169474,0.00160203,0.00150989,0.00141829,0.0013272,0.00123659,0.00114641,0.00105665,0.000967267,0.000878231,0.000789511,0.000701074,0.000612889,0.000524924,0.000437149,0.00034953,0.000262038,0.000174639
0,0.00136347,0.00272115,0.00406733,0.00539643,0.00670311,0.00798227,0.00922919,0.0104395,0.0116092,0.0127349,0.0138135,0.0148424,0.0158195,0.0167433,0.0176125,0.0184265,0.0191849,0.0198878,0.0205355,0.0211288,0.0216687,0.0221563,0.0225931,0.0229807,0.0233208,0.0236154,0.0238662,0.0240754,0.0242449,0.0243768,0.0244731,0.0245359,0.0245672,0.0245688,0.0245428,0.024491,0.0244151,0.0243169,0.0241981,0.0240601,0.0239046,0.023733,0.0235466,0.0233467,0.0231346,0.0229113,0.022678,0.0224356,0.0221852,0.0219277,0.0216637,0.0213943,0.02112,0.0208415,0.0205595,0.0202746,0.0199873,0.0196981,0.0194074,0.0191158,0.0188236,0.0185312,0.0182388,0.0179469,0.0176557,0.0173655,0.0170764,0.0167888,0.0165028,0.0162186,0.0159364,0.0156562,0.0153783,0.0151027,0.0148296,0.0145591,0.0142912,0.014026,0.0137635,0.0135039,0.0132471,0.0129932,0.0127422,0.0124942,0.0122492,0.0120071,0.0117681,0.011532,0.0112989,0.0110687,0.0108416,0.0106174,0.0103961,0.0101777,0.00996223,0.00974962,0.00953984,0.00933287,0.00912868,0.00892723,0.00872848,0.00853241,0.00833897,0.00814812,0.00795982,0.00777404,0.00759073,0.00740985,0.00723136,0.00705521,0.00688136,0.00670976,0.00654037,0.00637314,0.00620803,0.006045,0.00588399,0.00572496,0.00556787,0.00541267,0.00525931,0.00510774,0.00495792,0.00480981,0.00466336,0.00451851,0.00437524,0.00423348,0.00409319,0.00395434,0.00381687,0.00368073,0.00354589,0.00341229,0.0032799,0.00314867,0.00301854,0.00288949,0.00276146,0.00263442,0.0025083,0.00238309,0.00225872,0.00213515,0.00201235,0.00189027,0.00176887,0.00164809,0.00152791,0.00140828,0.00128915,0.00117049,0.00105224,0.000934374,0.000816843,0.000699606,0.000582621,0.000465845,0.000349237,0.000232755
0,0.0017151,0.00342283,0.00511591,0.00678725,0.00843004,0.0100378,0.0116046,0.0131249,0.0145936,0.0160063,0.0173593,0.0186494,0.0198739,0.0210308,0.0221188,0.0231369,0.0240849,0.0249627,0.0257711,0.0265109,0.0271835,0.0277904,0.0283334,0.0288147,0.0292365,0.029601,0.0299109,0.0301686,0.0303767,0.0305377,0.0306543,0.0307291,0.0307645,0.030763,0.030727,0.0306589,0.0305608,0.030435,0.0302834,0.0301082,0.0299112,0.0296941,0.0294586,0.0292065,0.0289392,0.028658,0.0283645,0.0280598,0.0277451,0.0274215,0.0270902,0.026752,0.0264078,0.0260585,0.025705,0.0253478,0.0249877,0.0246253,0.0242612,0.0238959,0.02353,0.0231638,0.0227978,0.0224324,0.0220679,0.0217046,0.0213429,0.020983,0.0206252,0.0202696,0.0199165,0.0195661,0.0192185,0.0188739,0.0185323,0.018194,0.0178589,0.0175273,0.0171991,0.0168745,0.0165534,0.016236,0.0159223,0.0156122,0.0153059,0.0150033,0.0147045,0.0144094,0.014118,0.0138304,0.0135464,0.0132662,0.0129896,0.0127167,0.0124474,0.0121817,0.0119196,0.0116609,0.0114057,0.011154,0.0109056,0.0106606,0.0104189,0.0101804,0.00994508,0.00971293,0.00948387,0.00925785,0.00903482,0.00881471,0.00859748,0.00838306,0.00817141,0.00796246,0.00775617,0.00755246,0.00735128,0.00715259,0.00695631,0.00676239,0.00657077,0.0063814,0.00619422,0.00600916,0.00582618,0.00564521,0.0054662,0.00528909,0.00511382,0.00494034,0.00476858,0.0045985,0.00443003,0.00426312,0.00409771,0.00393375,0.00377118,0.00360995,0.00344999,0.00329127,0.00313371,0.00297727,0.00282189,0.00266752,0.0025141,0.00236157,0.0022099,0.00205901,0.00190887,0.0017594,0.00161057,0.00146232,0.00131459,0.00116734,0.0010205,0.000874037,0.000727884,0.000581993,0.000436312,0.000290787
0,0.0020741,0.00413916,0.00618622,0.00820661,0.010192,0.0121344,0.0140266,0.0158618,0.0176338,0.0193375,0.0209682,0.022522,0.0239958,0.0253873,0.0266949,0.0279175,0.0290548,0.0301072,0.0310753,0.0319603,0.032764,0.0334883,0.0341355,0.0347083,0.0352093,0.0356414,0.0360078,0.0363114,0.0365554,0.0367431,0.0368774,0.0369616,0.0369987,0.0369917,0.0369434,0.0368567,0.0367343,0.0365787,0.0363926,0.0361781,0.0359377,0.0356735,0.0353874,0.0350815,0.0347575,0.0344172,0.0340621,0.0336939,0.0333138,0.0329233,0.0325235,0.0321156,0.0317008,0.0312799,0.030854,0.0304239,0.0299904,0.0295543,0.0291162,0.0286767,0.0282366,0.0277962,0.0273562,0.0269169,0.0264788,0.0260422,0.0256076,0.0251752,0.0247453,0.0243182,0.0238941,0.0234732,0.0230557,0.0226419,0.0222318,0.0218255,0.0214233,0.0210251,0.0206312,0.0202415,0.0198562,0.0194752,0.0190986,0.0187265,0.0183589,0.0179958,0.0176372,0.0172831,0.0169334,0.0165883,0.0162476,0.0159114,0.0155796,0.0152521,0.0149291,0.0146103,0.0142958,0.0139855,0.0136793,0.0133773,0.0130794,0.0127855,0.0124955,0.0122094,0.0119272,0.0116487,0.011374,0.0111029,0.0108354,0.0105713,0.0103108,0.0100536,0.00979976,0.00954915,0.00930171,0.00905739,0.00881611,0.0085778,0.00834239,0.00810981,0.00788,0.00765288,0.00742839,0.00720645,0.006987,0.00676996,0.00655528,0.00634287,0.00613267,0.00592461,0.00571863,0.00551465,0.00531261,0.00511244,0.00491408,0.00471745,0.00452249,0.00432913,0.0041373,0.00394695,0.003758,0.00357039,0.00338406,0.00319893,0.00301494,0.00283204,0.00265014,0.0024692,0.00228914,0.0021099,0.00193142,0.00175363,0.00157648,0.00139989,0.0012238,0.00104815,0.000872886,0.000697932,0.000523229,0.000348715
0,0.00244216,0.00487347,0.00728322,0.00966099,0.0119968,0.0142813,0.0165056,0.0186617,0.0207426,0.0227417,0.0246539,0.0264745,0.0282,0.0298277,0.0313559,0.0327833,0.0341099,0.0353359,0.0364624,0.0374911,0.0384239,0.0392633,0.0400122,0.0406736,0.0412509,0.0417476,0.0421673,0.0425137,0.0427906,0.0430017,0.0431507,0.0432413,0.0432771,0.0432616,0.0431982,0.0430902,0.0429409,0.0427531,0.0425299,0.042274,0.0419881,0.0416747,0.0413361,0.0409745,0.0405922,0.0401911,0.039773,0.0393398,0.038893,0.0384342,0.0379649,0.0374863,0.0369997,0.0365064,0.0360073,0.0355034,0.0349958,0.0344852,0.0339724,0.0334583,0.0329434,0.0324284,0.0319138,0.0314003,0.0308881,0.0303779,0.0298701,0.0293648,0.0288626,0.0283637,0.0278684,0.0273769,0.0268894,0.0264062,0.0259273,0.0254531,0.0249836,0.0245188,0.024059,0.0236042,0.0231545,0.0227099,0.0222705,0.0218364,0.0214074,0.0209838,0.0205654,0.0201523,0.0197444,0.0193418,0.0189444,0.0185522,0.0181651,0.0177832,0.0174064,0.0170346,0.0166678,0.0163059,0.0159488,0.0155966,0.0152492,0.0149064,0.0145683,0.0142347,0.0139056,0.0135808,0.0132605,0.0129443,0.0126324,0.0123245,0.0120207,0.0117209,0.0114249,0.0111327,0.0108442,0.0105593,0.010278,0.0100001,0.00972564,0.00945448,0.00918654,0.00892174,0.00866001,0.00840126,0.0081454,0.00789237,0.00764207,0.00739444,0.00714938,0.00690682,0.00666668,0.00642887,0.00619333,0.00595997,0.00572871,0.00549948,0.00527219,0.00504678,0.00482315,0.00460124,0.00438096,0.00416225,0.00394502,0.0037292,0.00351471,0.00330148,0.00308944,0.0028785,0.00266859,0.00245964,0.00225157,0.00204432,0.00183779,0.00163193,0.00142666,0.0012219,0.00101757,0.00081362,0.000609959,0.000406517
0,0.00282108,0.00562934,0.00841218,0.0111573,0.013853,0.0164883,0.0190527,0.021537,0.0239329,0.026233,0.0284311,0.0305221,0.032502,0.0343678,0.0361175,0.0377501,0.0392654,0.0406641,0.0419475,0.0431177,0.0441771,0.0451288,0.0459763,0.046723,0.0473732,0.0479308,0.0484002,0.0487857,0.0490916,0.0493224,0.0494824,0.0495758,0.0496068,0.0495794,0.0494976,0.0493652,0.0491858,0.048963,0.0487,0.0484,0.0480661,0.047701,0.0473076,0.0468884,0.0464458,0.045982,0.0454991,0.0449993,0.0444842,0.0439557,0.0434155,0.0428649,0.0423055,0.0417385,0.0411652,0.0405867,0.0400041,0.0394183,0.0388302,0.0382406,0.0376503,0.0370601,0.0364705,0.0358822,0.0352956,0.0347114,0.0341298,0.0335515,0.0329766,0.0324057,0.0318389,0.0312765,0.0307188,0.030166,0.0296184,0.029076,0.028539,0.0280076,0.0274819,0.0269619,0.0264478,0.0259395,0.0254372,0.024941,0.0244507,0.0239665,0.0234883,0.0230162,0.0225501,0.02209,0.0216359,0.0211878,0.0207456,0.0203092,0.0198787,0.0194539,0.0190348,0.0186214,0.0182136,0.0178112,0.0174143,0.0170228,0.0166365,0.0162554,0.0158795,0.0155086,0.0151427,0.0147816,0.0144253,0.0140737,0.0137267,0.0133842,0.0130462,0.0127125,0.012383,0.0120576,0.0117364,0.011419,0.0111056,0.0107959,0.0104899,0.0101876,0.00988866,0.00959317,0.009301,0.00901204,0.00872622,0.00844344,0.0081636,0.00788661,0.00761239,0.00734084,0.00707188,0.0068054,0.00654133,0.00627957,0.00602004,0.00576264,0.00550728,0.00525389,0.00500236,0.00475262,0.00450458,0.00425814,0.00401323,0.00376976,0.00352763,0.00328677,0.00304709,0.0028085,0.00257092,0.00233427,0.00209845,0.00186339,0.001629,0.0013952,0.0011619,0.000929016,0.000696469,0.000464173
0,0.00321279,0.00641065,0.00957885,0.0127031,0.0157698,0.018766,0.0216799,0.0245008,0.027219,0.0298263,0.0323155,0.0346809,0.0369182,0.039024,0.0409963,0.0428341,0.0445375,0.0461075,0.0475459,0.048855,0.0500381,0.0510987,0.0520409,0.0528691,0.053588,0.0542023,0.054717,0.0551371,0.0554678,0.055714,0.0558806,0.0559726,0.0559948,0.0559516,0.0558476,0.0556872,0.0554743,0.055213,0.054907,0.0545599,0.0541751,0.0537558,0.053305,0.0528257,0.0523205,0.0517918,0.0512423,0.0506739,0.0500889,0.0494891,0.0488764,0.0482525,0.0476189,0.0469771,0.0463284,0.0456742,0.0450156,0.0443536,0.0436893,0.0430236,0.0423573,0.0416911,0.0410259,0.0403623,0.0397008,0.0390421,0.0383865,0.0377346,0.0370868,0.0364435,0.0358049,0.0351715,0.0345433,0.0339208,0.0333041,0.0326935,0.0320889,0.0314907,0.030899,0.0303137,0.0297351,0.0291632,0.028598,0.0280396,0.027488,0.0269432,0.0264053,0.0258741,0.0253498,0.0248323,0.0243216,0.0238175,0.0233202,0.0228294,0.0223452,0.0218675,0.0213963,0.0209314,0.0204728,0.0200204,0.0195741,0.0191338,0.0186995,0.0182711,0.0178484,0.0174315,0.01702,0.0166141,0.0162136,0.0158183,0.0154282,0.0150432,0.0146632,0.014288,0.0139177,0.013552,0.0131908,0.0128341,0.0124818,0.0121337,0.0117898,0.0114499,0.0111139,0.0107818,0.0104534,0.0101286,0.00980734,0.0094895,0.00917497,0.00886365,0.00855544,0.00825023,0.00794793,0.00764844,0.00735164,0.00705744,0.00676575,0.00647646,0.00618946,0.00590467,0.00562199,0.00534131,0.00506253,0.00478557,0.00451032,0.00423668,0.00396456,0.00369386,0.00342449,0.00315635,0.00288935,0.00262338,0.00235836,0.00209418,0.00183076,0.001568,0.0013058,0.00104408,0.000782729,0.000521663
0,0.00361945,0.00722161,0.0107895,0.0143065,0.0177569,0.0211261,0.0244003,0.0275672,0.0306161,0.0335375,0.0363236,0.0389679,0.0414658,0.0438136,0.0460095,0.0480526,0.0499432,0.0516827,0.0532734,0.0547184,0.0560215,0.057187,0.0582197,0.0591246,0.0599073,0.0605733,0.0611283,0.0615781,0.0619284,0.062185,0.0623535,0.0624394,0.0624481,0.0623847,0.0622542,0.0620615,0.0618112,0.0615077,0.0611551,0.0607575,0.0603186,0.059842,0.059331,0.0587889,0.0582185,0.0576227,0.0570042,0.0563652,0.0557083,0.0550354,0.0543485,0.0536497,0.0529404,0.0522225,0.0514972,0.0507662,0.0500305,0.0492914,0.0485499,0.0478072,0.047064,0.0463213,0.0455798,0.0448403,0.0441033,0.0433695,0.0426395,0.0419137,0.0411926,0.0404765,0.0397659,0.0390611,0.0383623,0.0376698,0.0369839,0.0363048,0.0356326,0.0349674,0.0343095,0.0336589,0.0330157,0.0323801,0.0317519,0.0311313,0.0305184,0.0299131,0.0293154,0.0287253,0.0281428,0.0275679,0.0270005,0.0264406,0.0258881,0.0253431,0.0248053,0.0242747,0.0237514,0.0232351,0.0227258,0.0222234,0.0217278,0.021239,0.0207567,0.020281,0.0198117,0.0193487,0.0188919,0.0184412,0.0179965,0.0175577,0.0171246,0.0166972,0.0162753,0.0158589,0.0154477,0.0150417,0.0146408,0.0142449,0.0138537,0.0134673,0.0130856,0.0127083,0.0123353,0.0119667,0.0116021,0.0112416,0.010885,0.0105323,0.0101831,0.00983759,0.00949549,0.00915673,0.0088212,0.00848878,0.00815936,0.00783282,0.00750907,0.00718798,0.00686945,0.00655336,0.00623961,0.00592809,0.00561868,0.00531129,0.00500579,0.00470209,0.00440007,0.00409964,0.00380067,0.00350307,0.00320674,0.00291155,0.00261741,0.00232422,0.00203186,0.00174024,0.00144924,0.00115876,0.000868708,0.000578965
0,0.0040434,0.00806689,0.0120509,0.0159764,0.0198254,0.023581,0.0272278,0.0307518,0.0341407,0.0373841,0.0404734,0.0434015,0.0461633,0.0487553,0.0511755,0.0534235,0.0554998,0.0574066,0.0591466,0.0607238,0.0621426,0.0634081,0.0645261,0.0655024,0.0663433,0.0670553,0.0676448,0.0681185,0.0684828,0.0687442,0.0689091,0.0689835,0.0689734,0.0688848,0.068723,0.0684935,0.0682014,0.0678514,0.0674483,0.0669964,0.0664999,0.0659626,0.0653883,0.0647803,0.064142,0.0634764,0.0627864,0.0620746,0.0613436,0.0605956,0.0598328,0.0590572,0.0582707,0.0574751,0.0566719,0.0558627,0.0550488,0.0542314,0.0534119,0.0525912,0.0517703,0.0509503,0.0501318,0.0493157,0.0485026,0.0476933,0.0468883,0.0460881,0.0452933,0.0445041,0.0437211,0.0429446,0.0421749,0.0414123,0.040657,0.0399092,0.0391691,0.0384369,0.0377128,0.0369967,0.0362889,0.0355894,0.0348983,0.0342155,0.0335412,0.0328753,0.0322179,0.0315688,0.0309282,0.0302959,0.029672,0.0290563,0.0284488,0.0278494,0.0272581,0.0266748,0.0260994,0.0255318,0.0249719,0.0244196,0.0238748,0.0233375,0.0228074,0.0222845,0.0217687,0.0212598,0.0207577,0.0202624,0.0197737,0.0192914,0.0188154,0.0183457,0.0178821,0.0174244,0.0169725,0.0165264,0.0160859,0.0156508,0.015221,0.0147964,0.0143769,0.0139623,0.0135525,0.0131474,0.0127469,0.0123508,0.011959,0.0115713,0.0111877,0.0108081,0.0104322,0.01006,0.00969135,0.00932612,0.00896419,0.00860543,0.00824973,0.00789696,0.00754699,0.00719972,0.00685502,0.00651276,0.00617283,0.00583511,0.00549948,0.00516582,0.00483401,0.00450394,0.00417549,0.00384854,0.00352297,0.00319868,0.00287553,0.00255342,0.00223223,0.00191185,0.00159215,0.00127303,0.000954374,0.000636058
0,0.00448727,0.00895168,0.0133708,0.0177228,0.0219873,0.0261449,0.0301781,0.0340713,0.0378108,0.041385,0.0447843,0.0480013,0.0510306,0.0538688,0.0565139,0.0589659,0.0612262,0.0632972,0.0651828,0.0668875,0.0684169,0.0697769,0.0709741,0.0720156,0.0729083,0.0736598,0.0742773,0.0747683,0.0751401,0.0754,0.075555,0.0756119,0.0755775,0.075458,0.0752596,0.0749882,0.0746493,0.0742484,0.0737903,0.07328,0.0727219,0.0721203,0.0714791,0.0708021,0.0700928,0.0693546,0.0685905,0.0678033,0.0669959,0.0661706,0.0653298,0.0644757,0.0636102,0.0627353,0.0618527,0.0609639,0.0600705,0.0591738,0.058275,0.0573754,0.0564759,0.0555776,0.0546814,0.053788,0.0528983,0.0520128,0.0511323,0.0502572,0.0493882,0.0485256,0.0476699,0.0468214,0.0459805,0.0451474,0.0443225,0.0435059,0.0426978,0.0418984,0.0411079,0.0403263,0.0395538,0.0387905,0.0380363,0.0372913,0.0365556,0.0358292,0.035112,0.034404,0.0337052,0.0330156,0.0323352,0.0316637,0.0310013,0.0303477,0.029703,0.029067,0.0284396,0.0278208,0.0272104,0.0266084,0.0260145,0.0254287,0.0248509,0.024281,0.0237187,0.0231641,0.0226169,0.022077,0.0215443,0.0210187,0.0205,0.0199881,0.0194829,0.0189841,0.0184917,0.0180055,0.0175255,0.0170514,0.016583,0.0161204,0.0156633,0.0152115,0.014765,0.0143236,0.0138872,0.0134556,0.0130287,0.0126064,0.0121885,0.0117748,0.0113653,0.0109598,0.0105581,0.0101602,0.00976586,0.009375,0.00898747,0.00860313,0.00822186,0.00784352,0.00746798,0.00709511,0.00672477,0.00635684,0.0059912,0.0056277,0.00526622,0.00490663,0.00454881,0.00419263,0.00383795,0.00348466,0.00313262,0.00278171,0.0024318,0.00208277,0.0017345,0.00138685,0.0010397,0.000692923
0,0.00495398,0.00988179,0.0147577,0.0195569,0.024256,0.0288331,0.0332685,0.0375446,0.0416463,0.0455606,0.0492775,0.0527888,0.0560892,0.0591752,0.0620454,0.0647002,0.0671417,0.0693733,0.0713998,0.0732267,0.0748605,0.0763084,0.0775781,0.0786774,0.0796146,0.0803981,0.0810362,0.0815373,0.0819094,0.0821607,0.082299,0.0823318,0.0822665,0.08211,0.0818692,0.0815502,0.0811594,0.0807024,0.0801846,0.0796114,0.0789875,0.0783175,0.0776057,0.0768561,0.0760726,0.0752587,0.0744175,0.0735524,0.072666,0.0717611,0.0708402,0.0699055,0.0689592,0.0680033,0.0670396,0.0660698,0.0650955,0.0641181,0.063139,0.0621594,0.0611803,0.0602029,0.0592281,0.0582567,0.0572896,0.0563274,0.0553708,0.0544204,0.0534767,0.0525403,0.0516114,0.0506907,0.0497782,0.0488745,0.0479797,0.0470941,0.0462178,0.0453511,0.0444941,0.0436469,0.0428096,0.0419823,0.0411651,0.0403579,0.0395608,0.0387738,0.0379969,0.03723,0.0364732,0.0357263,0.0349893,0.0342622,0.0335449,0.0328372,0.0321391,0.0314506,0.0307714,0.0301014,0.0294406,0.0287889,0.0281461,0.027512,0.0268866,0.0262697,0.0256612,0.0250609,0.0244687,0.0238844,0.023308,0.0227391,0.0221778,0.0216239,0.0210771,0.0205374,0.0200047,0.0194786,0.0189592,0.0184462,0.0179394,0.0174389,0.0169443,0.0164555,0.0159724,0.0154949,0.0150227,0.0145558,0.014094,0.013637,0.0131849,0.0127374,0.0122943,0.0118556,0.0114211,0.0109906,0.0105641,0.0101412,0.00972202,0.00930625,0.0088938,0.00848452,0.00807828,0.00767492,0.00727431,0.00687631,0.00648077,0.00608756,0.00569654,0.00530757,0.0049205,0.00453521,0.00415155,0.00376938,0.00338858,0.00300899,0.0026305,0.00225295,0.00187622,0.00150016,0.00112465,0.000749538
0,0.00544689,0.0108638,0.0162213,0.0214911,0.0266466,0.031663,0.0365182,0.0411924,0.045669,0.0499339,0.0539761,0.0577874,0.0613622,0.0646974,0.0677922,0.0706478,0.0732671,0.0756546,0.0778163,0.0797588,0.08149,0.0830182,0.0843523,0.0855013,0.0864747,0.0872819,0.0879323,0.0884351,0.0887996,0.0890345,0.0891485,0.0891499,0.0890467,0.0888466,0.0885568,0.0881843,0.0877356,0.0872171,0.0866345,0.0859935,0.0852992,0.0845565,0.0837701,0.0829442,0.0820829,0.0811899,0.0802687,0.0793226,0.0783547,0.0773677,0.0763643,0.0753469,0.0743178,0.073279,0.0722326,0.0711803,0.0701236,0.0690643,0.0680036,0.0669428,0.0658832,0.0648257,0.0637714,0.0627213,0.061676,0.0606364,0.0596031,0.0585768,0.0575581,0.0565473,0.055545,0.0545515,0.0535673,0.0525926,0.0516277,0.0506729,0.0497283,0.0487941,0.0478705,0.0469576,0.0460555,0.0451642,0.0442838,0.0434144,0.0425559,0.0417083,0.0408717,0.040046,0.0392311,0.038427,0.0376337,0.036851,0.0360788,0.0353172,0.0345658,0.0338248,0.0330938,0.0323729,0.0316619,0.0309606,0.0302689,0.0295867,0.0289138,0.0282501,0.0275954,0.0269496,0.0263126,0.025684,0.0250639,0.0244521,0.0238483,0.0232525,0.0226644,0.0220839,0.0215109,0.0209451,0.0203864,0.0198347,0.0192897,0.0187514,0.0182195,0.0176938,0.0171743,0.0166608,0.016153,0.0156509,0.0151543,0.0146629,0.0141767,0.0136955,0.0132191,0.0127473,0.0122801,0.0118172,0.0113585,0.0109039,0.0104531,0.0100061,0.00956258,0.00912251,0.0086857,0.008252,0.00782125,0.00739332,0.00696803,0.00654525,0.00612482,0.00570659,0.00529042,0.00487616,0.00446365,0.00405275,0.00364332,0.0032352,0.00282824,0.00242231,0.00201726,0.00161293,0.00120919,0.000805883
0,0.00596977,0.0119052,0.0177726,0.0235397,0.0291762,0.0346543,0.0399488,0.0450379,0.0499033,0.0545298,0.0589056,0.0630224,0.0668748,0.0704601,0.0737783,0.0768316,0.0796242,0.0821619,0.0844519,0.0865024,0.0883226,0.0899222,0.0913115,0.0925009,0.093501,0.0943225,0.0949759,0.0954714,0.0958192,0.0960291,0.0961105,0.0960726,0.0959239,0.0956728,0.0953271,0.0948945,0.0943818,0.0937958,0.0931429,0.0924288,0.0916592,0.0908393,0.089974,0.0890677,0.0881248,0.0871493,0.0861448,0.0851148,0.0840624,0.0829907,0.0819024,0.0808,0.079686,0.0785625,0.0774316,0.076295,0.0751545,0.0740118,0.0728682,0.0717251,0.0705838,0.0694453,0.0683107,0.0671809,0.0660567,0.0649391,0.0638285,0.0627258,0.0616314,0.0605459,0.0594697,0.0584032,0.0573469,0.056301,0.0552658,0.0542415,0.0532284,0.0522266,0.0512363,0.0502575,0.0492905,0.0483351,0.0473916,0.0464599,0.04554,0.044632,0.0437357,0.0428511,0.0419783,0.0411171,0.0402674,0.0394292,0.0386023,0.0377867,0.0369823,0.0361889,0.0354063,0.0346345,0.0338733,0.0331226,0.0323822,0.031652,0.0309318,0.0302215,0.0295208,0.0288297,0.0281479,0.0274753,0.0268117,0.026157,0.0255109,0.0248733,0.0242441,0.023623,0.0230098,0.0224045,0.0218067,0.0212164,0.0206334,0.0200574,0.0194884,0.0189261,0.0183703,0.0178209,0.0172777,0.0167406,0.0162093,0.0156837,0.0151636,0.0146488,0.0141392,0.0136346,0.0131348,0.0126396,0.012149,0.0116627,0.0111805,0.0107023,0.0102279,0.00975724,0.00929002,0.00882613,0.0083654,0.00790768,0.00745279,0.00700059,0.0065509,0.00610357,0.00565844,0.00521536,0.00477415,0.00433466,0.00389674,0.00346023,0.00302497,0.0025908,0.00215757,0.00172512,0.0012933,0.000861937
0,0.00652699,0.0130146,0.0194242,0.025719,0.0318644,0.037829,0.0435847,0.0491073,0.0543765,0.0593763,0.0640943,0.068522,0.0726544,0.0764898,0.0800292,0.0832761,0.0862363,0.0889169,0.091327,0.0934763,0.0953757,0.0970366,0.0984706,0.0996897,0.100706,0.101531,0.102177,0.102655,0.102977,0.103152,0.103192,0.103106,0.102903,0.102594,0.102185,0.101685,0.101101,0.100442,0.0997123,0.0989197,0.0980696,0.0971676,0.0962187,0.0952279,0.0941995,0.0931377,0.0920464,0.0909292,0.0897895,0.0886303,0.0874546,0.0862649,0.0850638,0.0838535,0.0826361,0.0814136,0.0801877,0.0789602,0.0777324,0.0765058,0.0752816,0.074061,0.0728451,0.0716348,0.0704311,0.0692346,0.0680462,0.0668664,0.0656959,0.0645351,0.0633847,0.0622448,0.0611161,0.0599986,0.0588929,0.057799,0.0567171,0.0556476,0.0545904,0.0535458,0.0525137,0.0514943,0.0504876,0.0494937,0.0485124,0.0475438,0.0465879,0.0456446,0.0447139,0.0437956,0.0428897,0.0419961,0.0411146,0.0402452,0.0393877,0.0385421,0.037708,0.0368855,0.0360744,0.0352744,0.0344855,0.0337074,0.03294,0.0321832,0.0314367,0.0307004,0.0299741,0.0292575,0.0285506,0.0278532,0.027165,0.0264859,0.0258156,0.0251541,0.024501,0.0238563,0.0232197,0.022591,0.02197,0.0213566,0.0207506,0.0201518,0.0195599,0.0189748,0.0183964,0.0178244,0.0172586,0.0166989,0.0161451,0.0155969,0.0150543,0.014517,0.0139848,0.0134576,0.0129351,0.0124173,0.0119039,0.0113948,0.0108897,0.0103885,0.00989102,0.0093971,0.00890655,0.0084192,0.00793488,0.00745341,0.00697463,0.00649836,0.00602443,0.00555268,0.00508293,0.00461501,0.00414877,0.00368402,0.00322061,0.00275836,0.00229711,0.00183669,0.00137694,0.000917681
0,0.00712363,0.0142019,0.0211907,0.0280476,0.0347334,0.0412126,0.0474537,0.0534299,0.0591193,0.0645046,0.0695732,0.0743168,0.0787311,0.0828156,0.0865726,0.0900075,0.0931277,0.0959426,0.0984627,0.1007,0.102667,0.104378,0.105845,0.107082,0.108102,0.108919,0.109546,0.109996,0.11028,0.110411,0.110399,0.110256,0.109991,0.109613,0.109133,0.108558,0.107897,0.107157,0.106345,0.105468,0.104532,0.103543,0.102506,0.101426,0.100307,0.0991556,0.0979739,0.0967663,0.0955361,0.0942865,0.0930207,0.0917412,0.0904507,0.0891516,0.0878458,0.0865356,0.0852227,0.0839088,0.0825954,0.081284,0.0799758,0.0786721,0.077374,0.0760823,0.0747981,0.0735222,0.0722551,0.0709978,0.0697506,0.0685142,0.067289,0.0660754,0.0648739,0.0636847,0.0625081,0.0613444,0.0601937,0.0590562,0.0579321,0.0568215,0.0557244,0.0546409,0.053571,0.0525147,0.0514721,0.0504431,0.0494276,0.0484256,0.047437,0.0464618,0.0454997,0.0445508,0.0436149,0.0426918,0.0417814,0.0408837,0.0399983,0.0391252,0.0382642,0.0374152,0.0365778,0.0357521,0.0349377,0.0341346,0.0333424,0.0325611,0.0317904,0.0310302,0.0302802,0.0295402,0.0288101,0.0280896,0.0273785,0.0266767,0.0259839,0.0253,0.0246246,0.0239578,0.0232991,0.0226485,0.0220057,0.0213705,0.0207427,0.0201222,0.0195087,0.018902,0.0183019,0.0177083,0.0171209,0.0165396,0.0159641,0.0153942,0.0148298,0.0142707,0.0137167,0.0131675,0.0126231,0.0120831,0.0115475,0.011016,0.0104885,0.00996471,0.00944451,0.00892771,0.00841412,0.00790356,0.00739585,0.00689081,0.00638825,0.005888,0.00538988,0.0048937,0.0043993,0.00390649,0.00341509,0.00292492,0.00243582,0.0019476,0.00146008,0.000973093
0,0.00776559,0.0154789,0.0230889,0.0305472,0.0378091,0.0448342,0.0515875,0.0580394,0.0641662,0.0699497,0.0753771,0.0804408,0.0851377,0.0894687,0.0934382,0.0970537,0.100325,0.103263,0.105881,0.108194,0.110216,0.111962,0.113449,0.11469,0.115701,0.116497,0.117093,0.117502,0.117738,0.117812,0.117738,0.117527,0.11719,0.116736,0.116176,0.115518,0.114772,0.113944,0.113043,0.112075,0.111048,0.109966,0.108835,0.107661,0.106449,0.105203,0.103928,0.102626,0.101302,0.0999591,0.0986004,0.0972286,0.0958464,0.0944562,0.0930601,0.0916603,0.0902587,0.0888568,0.0874564,0.0860589,0.0846656,0.0832777,0.0818963,0.0805224,0.079157,0.0778008,0.0764545,0.0751189,0.0737946,0.072482,0.0711817,0.069894,0.0686194,0.0673582,0.0661105,0.0648768,0.063657,0.0624515,0.0612604,0.0600836,0.0589214,0.0577738,0.0566407,0.0555222,0.0544182,0.0533288,0.0522538,0.0511932,0.0501468,0.0491147,0.0480967,0.0470926,0.0461023,0.0451257,0.0441626,0.0432129,0.0422763,0.0413528,0.0404422,0.0395442,0.0386587,0.0377854,0.0369242,0.036075,0.0352374,0.0344112,0.0335964,0.0327926,0.0319997,0.0312174,0.0304455,0.0296838,0.0289322,0.0281903,0.027458,0.026735,0.0260212,0.0253163,0.0246202,0.0239325,0.0232531,0.0225818,0.0219183,0.0212625,0.0206141,0.019973,0.0193388,0.0187115,0.0180907,0.0174764,0.0168682,0.0162661,0.0156697,0.0150788,0.0144934,0.0139131,0.0133378,0.0127672,0.0122012,0.0116396,0.0110822,0.0105287,0.00997909,0.00943302,0.00889034,0.00835087,0.00781441,0.00728078,0.00674977,0.0062212,0.00569489,0.00517063,0.00464824,0.00412754,0.00360833,0.00309043,0.00257365,0.0020578,0.0015427,0.00102815
0,0.00845984,0.0168591,0.0251388,0.0332434,0.0411215,0.0487277,0.0560227,0.0629741,0.0695564,0.0757507,0.0815447,0.0869316,0.0919101,0.0964833,0.100658,0.104444,0.107854,0.110903,0.113605,0.115979,0.11804,0.119807,0.121297,0.122528,0.123515,0.124276,0.124827,0.125182,0.125356,0.125362,0.125215,0.124925,0.124505,0.123965,0.123316,0.122567,0.121727,0.120805,0.119808,0.118743,0.117617,0.116437,0.115208,0.113936,0.112625,0.111281,0.109907,0.108508,0.107087,0.105648,0.104193,0.102726,0.10125,0.0997666,0.0982782,0.0967869,0.0952948,0.0938035,0.0923147,0.0908297,0.08935,0.0878768,0.0864112,0.0849541,0.0835066,0.0820694,0.0806433,0.0792289,0.0778268,0.0764376,0.0750618,0.0736996,0.0723516,0.071018,0.0696991,0.0683951,0.0671062,0.0658325,0.0645742,0.0633313,0.062104,0.0608922,0.0596959,0.0585151,0.0573499,0.0562001,0.0550656,0.0539465,0.0528425,0.0517536,0.0506797,0.0496205,0.048576,0.047546,0.0465304,0.0455289,0.0445414,0.0435676,0.0426075,0.0416608,0.0407272,0.0398067,0.0388989,0.0380037,0.0371209,0.0362501,0.0353913,0.0345442,0.0337086,0.0328841,0.0320707,0.0312681,0.0304761,0.0296944,0.0289227,0.028161,0.0274089,0.0266662,0.0259328,0.0252083,0.0244925,0.0237853,0.0230863,0.0223954,0.0217124,0.0210369,0.0203689,0.0197081,0.0190542,0.0184071,0.0177664,0.0171321,0.0165039,0.0158816,0.0152649,0.0146537,0.0140477,0.0134467,0.0128506,0.0122591,0.0116719,0.011089,0.0105101,0.00993493,0.00936337,0.00879518,0.00823017,0.00766813,0.00710886,0.00655216,0.00599784,0.00544569,0.00489551,0.0043471,0.00380027,0.00325482,0.00271054,0.00216726,0.00162475,0.00108284
0,0.00921466,0.0183588,0.027364,0.0361659,0.0447059,0.0529324,0.0608015,0.068278,0.0753346,0.0819522,0.0881193,0.0938309,0.099088,0.103896,0.108266,0.112211,0.115746,0.118889,0.121659,0.124076,0.126159,0.127929,0.129406,0.130609,0.131556,0.132266,0.132756,0.133042,0.133141,0.133067,0.132833,0.132453,0.13194,0.131304,0.130556,0.129707,0.128766,0.127741,0.12664,0.125471,0.124242,0.122957,0.121624,0.120248,0.118835,0.117388,0.115912,0.114411,0.11289,0.111351,0.109798,0.108234,0.106661,0.105082,0.103499,0.101914,0.10033,0.0987478,0.097169,0.0955953,0.094028,0.0924684,0.0909175,0.0893764,0.0878459,0.086327,0.0848203,0.0833265,0.0818462,0.0803799,0.0789281,0.0774912,0.0760695,0.0746633,0.0732728,0.0718984,0.0705401,0.0691982,0.0678726,0.0665636,0.065271,0.063995,0.0627356,0.0614926,0.0602661,0.059056,0.0578622,0.0566846,0.0555232,0.0543776,0.0532479,0.0521339,0.0510353,0.0499521,0.0488841,0.047831,0.0467926,0.0457689,0.0447594,0.0437642,0.0427828,0.0418152,0.040861,0.0399201,0.0389922,0.0380771,0.0371746,0.0362844,0.0354062,0.0345399,0.0336852,0.0328419,0.0320097,0.0311883,0.0303776,0.0295773,0.0287872,0.028007,0.0272364,0.0264753,0.0257234,0.0249805,0.0242462,0.0235205,0.022803,0.0220935,0.0213919,0.0206977,0.0200109,0.0193312,0.0186583,0.0179921,0.0173323,0.0166787,0.016031,0.015389,0.0147526,0.0141214,0.0134953,0.0128741,0.0122575,0.0116453,0.0110373,0.0104333,0.00983302,0.00923632,0.00864295,0.00805271,0.00746538,0.00688076,0.00629863,0.00571878,0.005141,0.00456509,0.00399083,0.00341803,0.00284646,0.00227593,0.00170622,0.00113714
0,0.01004,0.0199975,0.0297925,0.0393504,0.0486038,0.0574943,0.0659731,0.0740016,0.0815516,0.0886043,0.0951494,0.101185,0.106714,0.111748,0.1163,0.120387,0.124029,0.127248,0.130066,0.132506,0.134591,0.136345,0.137789,0.138945,0.139834,0.140475,0.140888,0.141091,0.1411,0.14093,0.140598,0.140116,0.139497,0.138754,0.137898,0.13694,0.135888,0.134752,0.13354,0.132261,0.130921,0.129526,0.128084,0.126599,0.125077,0.123523,0.121941,0.120336,0.118711,0.117069,0.115415,0.11375,0.112078,0.110401,0.108722,0.107042,0.105364,0.103688,0.102018,0.100354,0.0986983,0.0970512,0.095414,0.0937879,0.0921738,0.0905724,0.0889845,0.0874107,0.0858517,0.0843078,0.0827796,0.0812675,0.0797718,0.0782927,0.0768306,0.0753856,0.0739578,0.0725475,0.0711546,0.0697793,0.0684215,0.0670814,0.0657587,0.0644536,0.063166,0.0618957,0.0606426,0.0594067,0.0581879,0.0569858,0.0558005,0.0546317,0.0534793,0.0523431,0.0512228,0.0501183,0.0490294,0.0479558,0.0468973,0.0458537,0.0448248,0.0438102,0.0428099,0.0418235,0.0408508,0.0398916,0.0389456,0.0380125,0.0370921,0.0361841,0.0352884,0.0344045,0.0335324,0.0326717,0.0318222,0.0309835,0.0301556,0.029338,0.0285307,0.0277332,0.0269454,0.026167,0.0253977,0.0246373,0.0238857,0.0231424,0.0224073,0.0216801,0.0209606,0.0202485,0.0195436,0.0188457,0.0181545,0.0174698,0.0167913,0.0161189,0.0154522,0.0147911,0.0141353,0.0134845,0.0128387,0.0121974,0.0115605,0.0109279,0.0102991,0.00967413,0.00905262,0.00843439,0.00781921,0.00720687,0.00659714,0.0059898,0.00538464,0.00478143,0.00417996,0.00358,0.00298135,0.00238378,0.00178708,0.00119102
0,0.0109479,0.0217985,0.032458,0.0428393,0.0528648,0.062468,0.0715948,0.0802039,0.0882661,0.0957638,0.102689,0.109044,0.114837,0.120082,0.124798,0.129008,0.132736,0.136008,0.13885,0.141291,0.143355,0.14507,0.146459,0.147548,0.148359,0.148913,0.149232,0.149333,0.149236,0.148957,0.148512,0.147914,0.147179,0.146318,0.145343,0.144265,0.143094,0.141839,0.140509,0.139111,0.137654,0.136143,0.134585,0.132987,0.131352,0.129687,0.127995,0.12628,0.124548,0.1228,0.121041,0.119274,0.1175,0.115723,0.113945,0.112168,0.110394,0.108624,0.106861,0.105106,0.10336,0.101624,0.0998996,0.0981876,0.0964889,0.0948044,0.0931346,0.0914802,0.0898419,0.0882201,0.0866151,0.0850275,0.0834575,0.0819053,0.0803712,0.0788555,0.0773581,0.0758793,0.0744191,0.0729775,0.0715545,0.0701502,0.0687645,0.0673973,0.0660485,0.0647181,0.0634059,0.0621119,0.0608357,0.0595774,0.0583366,0.0571133,0.0559072,0.0547181,0.0535458,0.0523901,0.0512508,0.0501276,0.0490202,0.0479286,0.0468523,0.0457911,0.0447449,0.0437133,0.042696,0.0416929,0.0407036,0.0397279,0.0387655,0.0378162,0.0368796,0.0359555,0.0350437,0.0341439,0.0332558,0.0323791,0.0315136,0.030659,0.029815,0.0289814,0.0281579,0.0273443,0.0265403,0.0257456,0.0249599,0.0241831,0.0234148,0.0226548,0.0219028,0.0211586,0.020422,0.0196926,0.0189703,0.0182547,0.0175457,0.016843,0.0161463,0.0154554,0.0147701,0.0140901,0.0134152,0.0127451,0.0120796,0.0114185,0.0107615,0.0101084,0.00945902,0.00881302,0.00817021,0.00753037,0.00689326,0.00625865,0.00562632,0.00499603,0.00436756,0.00374068,0.00311516,0.00249077,0.00186728,0.00124448
0,0.0119532,0.0237908,0.0354018,0.0466841,0.057548,0.0679179,0.0777343,0.086953,0.0955451,0.103495,0.1108,0.117466,0.123507,0.128944,0.133803,0.138111,0.141898,0.145197,0.148037,0.150451,0.152469,0.15412,0.155431,0.156429,0.15714,0.157587,0.157792,0.157774,0.157555,0.15715,0.156577,0.155851,0.154986,0.153995,0.152891,0.151683,0.150384,0.149001,0.147544,0.146021,0.14444,0.142807,0.141128,0.13941,0.137658,0.135876,0.13407,0.132243,0.1304,0.128543,0.126677,0.124803,0.122925,0.121046,0.119167,0.117291,0.115419,0.113554,0.111696,0.109848,0.108011,0.106185,0.104373,0.102574,0.10079,0.0990215,0.0972693,0.0955338,0.0938157,0.0921154,0.0904334,0.0887699,0.0871253,0.0854998,0.0838937,0.082307,0.0807399,0.0791926,0.0776649,0.076157,0.0746689,0.0732005,0.0717517,0.0703225,0.0689127,0.0675224,0.0661512,0.0647991,0.0634658,0.0621513,0.0608553,0.0595776,0.058318,0.0570763,0.0558523,0.0546456,0.0534561,0.0522835,0.0511276,0.0499881,0.0488647,0.0477572,0.0466653,0.0455887,0.0445272,0.0434804,0.0424481,0.0414301,0.0404259,0.0394355,0.0384584,0.0374943,0.0365431,0.0356044,0.034678,0.0337635,0.0328607,0.0319693,0.031089,0.0302196,0.0293607,0.0285121,0.0276736,0.0268447,0.0260254,0.0252152,0.024414,0.0236214,0.0228373,0.0220612,0.0212931,0.0205325,0.0197793,0.0190331,0.0182938,0.0175611,0.0168346,0.0161142,0.0153997,0.0146906,0.0139869,0.0132882,0.0125944,0.0119051,0.0112201,0.0105391,0.009862,0.00918846,0.00851826,0.00785115,0.00718689,0.00652524,0.00586597,0.00520883,0.00455359,0.0039,0.00324783,0.00259685,0.00194681,0.00129748
0,0.013074,0.0260095,0.0386742,0.0509475,0.0627251,0.0739216,0.0844714,0.0943287,0.103466,0.111872,0.11955,0.126512,0.132781,0.138386,0.143358,0.147734,0.15155,0.154843,0.157651,0.160008,0.16195,0.163509,0.164715,0.165599,0.166186,0.166503,0.166573,0.166418,0.166058,0.165512,0.164796,0.163927,0.16292,0.161787,0.160541,0.159194,0.157756,0.156237,0.154646,0.15299,0.151278,0.149516,0.147711,0.145868,0.143993,0.142091,0.140166,0.138223,0.136265,0.134296,0.132319,0.130337,0.128352,0.126368,0.124386,0.122409,0.120438,0.118475,0.116522,0.11458,0.11265,0.110734,0.108832,0.106946,0.105076,0.103223,0.101387,0.09957,0.0977717,0.0959926,0.094233,0.0924934,0.090774,0.089075,0.0873966,0.085739,0.0841021,0.0824861,0.080891,0.0793169,0.0777636,0.0762311,0.0747194,0.0732283,0.0717577,0.0703074,0.0688774,0.0674674,0.0660773,0.0647068,0.0633557,0.0620239,0.0607111,0.0594169,0.0581413,0.0568839,0.0556445,0.0544229,0.0532186,0.0520315,0.0508613,0.0497077,0.0485704,0.0474491,0.0463435,0.0452534,0.0441784,0.0431183,0.0420727,0.0410414,0.040024,0.0390203,0.03803,0.0370528,0.0360883,0.0351363,0.0341964,0.0332685,0.0323522,0.0314472,0.0305532,0.0296699,0.0287971,0.0279345,0.0270817,0.0262385,0.0254046,0.0245797,0.0237636,0.022956,0.0221566,0.0213651,0.0205812,0.0198047,0.0190354,0.0182728,0.0175169,0.0167673,0.0160237,0.0152859,0.0145536,0.0138266,0.0131046,0.0123873,0.0116745,0.010966,0.0102614,0.00956058,0.00886322,0.00816908,0.00747791,0.00678947,0.00610349,0.00541974,0.00473796,0.0040579,0.00337933,0.00270199,0.00202563,0.00135001
0,0.0143335,0.0284992,0.0423379,0.0557065,0.0684834,0.0805719,0.0919009,0.102424,0.112118,0.120978,0.129015,0.136252,0.14272,0.148459,0.15351,0.157917,0.161724,0.164976,0.167715,0.169981,0.171814,0.17325,0.174322,0.175064,0.175503,0.175666,0.17558,0.175267,0.174748,0.174042,0.173168,0.172142,0.170978,0.169691,0.168293,0.166796,0.16521,0.163546,0.161812,0.160016,0.158166,0.156269,0.154331,0.152358,0.150356,0.148328,0.146281,0.144217,0.142141,0.140056,0.137966,0.135873,0.133779,0.131688,0.129601,0.127521,0.125449,0.123387,0.121337,0.1193,0.117276,0.115268,0.113276,0.111301,0.109344,0.107406,0.105487,0.103588,0.101708,0.0998501,0.0980128,0.0961968,0.0944024,0.0926297,0.0908789,0.0891501,0.0874434,0.0857588,0.0840963,0.0824559,0.0808375,0.0792411,0.0776665,0.0761136,0.0745822,0.0730723,0.0715836,0.070116,0.0686691,0.0672429,0.065837,0.0644512,0.0630854,0.0617391,0.0604122,0.0591044,0.0578153,0.0565448,0.0552925,0.0540581,0.0528413,0.0516419,0.0504595,0.0492938,0.0481445,0.0470113,0.0458939,0.044792,0.0437053,0.0426334,0.0415761,0.040533,0.0395039,0.0384883,0.0374861,0.0364969,0.0355203,0.0345562,0.0336041,0.0326638,0.031735,0.0308173,0.0299105,0.0290143,0.0281284,0.0272524,0.0263862,0.0255293,0.0246815,0.0238426,0.0230122,0.02219,0.0213758,0.0205692,0.0197701,0.0189781,0.0181929,0.0174142,0.0166419,0.0158756,0.015115,0.0143599,0.01361,0.0128651,0.0121248,0.0113889,0.0106571,0.00992924,0.00920497,0.00848405,0.00776622,0.00705122,0.00633879,0.00562867,0.00492061,0.00421433,0.0035096,0.00280614,0.00210371,0.00140205
0,0.0157607,0.0313158,0.0464717,0.0610572,0.0749301,0.0879816,0.100136,0.111349,0.121605,0.130907,0.13928,0.146759,0.153389,0.15922,0.164306,0.168699,0.172454,0.175622,0.178251,0.180388,0.182075,0.183354,0.184261,0.184831,0.185094,0.18508,0.184814,0.184322,0.183624,0.182742,0.181693,0.180494,0.17916,0.177706,0.176144,0.174486,0.172743,0.170925,0.169039,0.167096,0.165101,0.163062,0.160986,0.158878,0.156743,0.154586,0.152412,0.150224,0.148026,0.145823,0.143616,0.141409,0.139204,0.137004,0.13481,0.132625,0.13045,0.128288,0.126139,0.124005,0.121887,0.119786,0.117703,0.115639,0.113594,0.11157,0.109567,0.107585,0.105625,0.103687,0.101771,0.0998787,0.098009,0.0961625,0.0943392,0.0925393,0.0907627,0.0890094,0.0872795,0.0855729,0.0838895,0.0822292,0.0805919,0.0789773,0.0773855,0.075816,0.0742689,0.0727437,0.0712404,0.0697586,0.0682981,0.0668587,0.0654401,0.064042,0.062664,0.061306,0.0599676,0.0586485,0.0573484,0.0560671,0.054804,0.0535591,0.0523319,0.0511221,0.0499294,0.0487535,0.047594,0.0464506,0.045323,0.0442109,0.043114,0.0420318,0.0409641,0.0399106,0.038871,0.0378448,0.0368319,0.0358318,0.0348443,0.033869,0.0329056,0.0319539,0.0310134,0.0300839,0.0291652,0.0282567,0.0273584,0.0264698,0.0255906,0.0247207,0.0238595,0.023007,0.0221627,0.0213264,0.0204977,0.0196765,0.0188623,0.018055,0.0172542,0.0164596,0.015671,0.0148881,0.0141106,0.0133382,0.0125706,0.0118076,0.0110489,0.0102943,0.00954338,0.00879594,0.00805171,0.00731042,0.00657179,0.00583556,0.00510147,0.00436923,0.00363859,0.00290928,0.00218103,0.00145358
0,0.0173934,0.0345315,0.0511761,0.0671204,0.0821983,0.0962882,0.109312,0.121233,0.132044,0.141766,0.150439,0.158115,0.164857,0.170727,0.175794,0.180121,0.183772,0.186806,0.189279,0.191243,0.192745,0.19383,0.194538,0.194904,0.194963,0.194744,0.194275,0.193582,0.192685,0.191608,0.190367,0.18898,0.187462,0.185829,0.184091,0.182262,0.180352,0.17837,0.176325,0.174226,0.17208,0.169894,0.167673,0.165424,0.163152,0.160861,0.158556,0.15624,0.153918,0.151592,0.149266,0.146943,0.144624,0.142312,0.14001,0.137718,0.13544,0.133175,0.130926,0.128694,0.12648,0.124286,0.122111,0.119957,0.117824,0.115713,0.113625,0.11156,0.109519,0.107501,0.105507,0.103538,0.101593,0.0996721,0.0977762,0.0959051,0.0940586,0.0922367,0.0904395,0.0886668,0.0869185,0.0851944,0.0834945,0.0818185,0.0801663,0.0785375,0.0769321,0.0753497,0.0737901,0.0722531,0.0707383,0.0692455,0.0677744,0.0663246,0.064896,0.0634881,0.0621006,0.0607333,0.0593858,0.0580577,0.0567487,0.0554586,0.0541869,0.0529333,0.0516976,0.0504792,0.0492779,0.0480934,0.0469253,0.0457733,0.044637,0.0435161,0.0424103,0.0413191,0.0402423,0.0391796,0.0381305,0.0370948,0.0360722,0.0350622,0.0340647,0.0330791,0.0321053,0.0311429,0.0301916,0.029251,0.0283209,0.0274008,0.0264906,0.0255899,0.0246984,0.0238157,0.0229416,0.0220758,0.021218,0.0203678,0.0195249,0.0186892,0.0178602,0.0170376,0.0162213,0.0154108,0.014606,0.0138064,0.0130119,0.0122221,0.0114368,0.0106556,0.00987832,0.00910463,0.00833427,0.00756696,0.0068024,0.00604033,0.00528047,0.00452254,0.00376626,0.00301135,0.00225755,0.00150458
0,0.0192814,0.0382407,0.0565808,0.0740501,0.0904544,0.105661,0.119593,0.132225,0.143571,0.153673,0.162594,0.170407,0.177195,0.183039,0.188021,0.192219,0.195706,0.198551,0.200816,0.20256,0.203833,0.204684,0.205155,0.205285,0.205109,0.204659,0.203961,0.203044,0.201928,0.200637,0.199187,0.197597,0.195881,0.194055,0.19213,0.190119,0.188031,0.185877,0.183666,0.181404,0.179099,0.176759,0.174389,0.171994,0.169579,0.16715,0.16471,0.162263,0.159813,0.157363,0.154915,0.152472,0.150037,0.147612,0.145199,0.142799,0.140414,0.138046,0.135697,0.133366,0.131055,0.128766,0.126498,0.124253,0.122032,0.119834,0.117661,0.115512,0.113389,0.111291,0.109219,0.107172,0.105152,0.103157,0.101189,0.0992462,0.0973299,0.0954395,0.093575,0.0917363,0.0899232,0.0881356,0.0863733,0.084636,0.0829236,0.0812357,0.0795723,0.0779329,0.0763174,0.0747253,0.0731565,0.0716106,0.0700873,0.0685863,0.0671072,0.0656497,0.0642136,0.0627983,0.0614036,0.0600292,0.0586747,0.0573397,0.0560239,0.0547269,0.0534483,0.0521879,0.0509452,0.0497199,0.0485116,0.04732,0.0461447,0.0449854,0.0438417,0.0427133,0.0415997,0.0405007,0.0394159,0.0383449,0.0372875,0.0362432,0.0352117,0.0341927,0.0331859,0.0321908,0.0312073,0.0302348,0.0292732,0.0283221,0.0273811,0.02645,0.0255284,0.0246159,0.0237123,0.0228173,0.0219306,0.0210517,0.0201805,0.0193166,0.0184597,0.0176095,0.0167657,0.015928,0.0150961,0.0142697,0.0134485,0.0126322,0.0118204,0.011013,0.0102097,0.00941001,0.0086138,0.00782074,0.00703053,0.0062429,0.00545755,0.00467419,0.00389255,0.00311233,0.00233325,0.00155503
0,0.0214916,0.0425691,0.0628563,0.0820448,0.0999087,0.116307,0.131173,0.144505,0.156343,0.166762,0.175856,0.183725,0.190476,0.196212,0.201032,0.205027,0.208283,0.210876,0.212876,0.214346,0.215343,0.215918,0.216114,0.215973,0.21553,0.214819,0.213868,0.212703,0.211348,0.209823,0.208148,0.206339,0.204411,0.20238,0.200256,0.198052,0.195778,0.193443,0.191056,0.188624,0.186155,0.183654,0.181129,0.178583,0.176022,0.17345,0.170872,0.16829,0.165708,0.16313,0.160558,0.157994,0.15544,0.1529,0.150374,0.147864,0.145373,0.1429,0.140448,0.138017,0.135609,0.133224,0.130863,0.128527,0.126216,0.12393,0.121672,0.119439,0.117234,0.115056,0.112904,0.110781,0.108685,0.106616,0.104575,0.102561,0.100575,0.0986164,0.0966848,0.0947802,0.0929025,0.0910515,0.089227,0.0874287,0.0856563,0.0839097,0.0821885,0.0804924,0.0788211,0.0771744,0.0755518,0.0739532,0.072378,0.070826,0.0692969,0.0677902,0.0663056,0.0648428,0.0634013,0.0619809,0.0605811,0.0592016,0.057842,0.0565019,0.055181,0.0538788,0.0525951,0.0513293,0.0500813,0.0488504,0.0476365,0.0464392,0.045258,0.0440925,0.0429425,0.0418076,0.0406874,0.0395815,0.0384896,0.0374113,0.0363463,0.0352942,0.0342546,0.0332273,0.0322119,0.0312079,0.0302152,0.0292332,0.0282618,0.0273006,0.0263492,0.0254073,0.0244745,0.0235506,0.0226353,0.0217281,0.0208288,0.0199371,0.0190526,0.018175,0.0173041,0.0164394,0.0155808,0.0147278,0.0138802,0.0130376,0.0121998,0.0113665,0.0105373,0.00971197,0.00889019,0.00807167,0.0072561,0.00644319,0.00563263,0.00482415,0.00401742,0.00321217,0.0024081,0.00160491
0,0.0241161,0.0476877,0.0702306,0.091364,0.110829,0.128484,0.144289,0.158277,0.170534,0.181178,0.190341,0.198161,0.204772,0.210302,0.214867,0.218575,0.221522,0.223793,0.225466,0.226607,0.227277,0.227529,0.22741,0.226961,0.22622,0.22522,0.223989,0.222554,0.220937,0.219161,0.217242,0.215199,0.213046,0.210796,0.208462,0.206055,0.203585,0.201061,0.198491,0.195882,0.193241,0.190575,0.187889,0.185187,0.182475,0.179757,0.177036,0.174316,0.1716,0.168891,0.166192,0.163505,0.160831,0.158173,0.155533,0.152912,0.150312,0.147733,0.145178,0.142646,0.140139,0.137658,0.135203,0.132775,0.130374,0.128001,0.125656,0.123339,0.121052,0.118793,0.116563,0.114362,0.11219,0.110048,0.107934,0.105849,0.103793,0.101766,0.0997676,0.0977973,0.0958552,0.093941,0.0920545,0.0901954,0.0883634,0.0865582,0.0847795,0.083027,0.0813004,0.0795993,0.0779234,0.0762722,0.0746455,0.073043,0.0714641,0.0699085,0.0683759,0.0668659,0.0653781,0.063912,0.0624674,0.0610437,0.0596407,0.0582579,0.056895,0.0555515,0.054227,0.0529212,0.0516337,0.050364,0.0491118,0.0478768,0.0466584,0.0454564,0.0442704,0.0430999,0.0419446,0.0408042,0.0396781,0.0385662,0.037468,0.0363831,0.0353112,0.034252,0.0332049,0.0321698,0.0311463,0.0301339,0.0291324,0.0281414,0.0271605,0.0261895,0.0252279,0.0242754,0.0233318,0.0223966,0.0214696,0.0205503,0.0196386,0.0187339,0.0178361,0.0169449,0.0160597,0.0151805,0.0143068,0.0134383,0.0125747,0.0117158,0.0108611,0.0100104,0.00916334,0.00831965,0.00747902,0.00664112,0.00580566,0.00497233,0.00414083,0.00331084,0.00248207,0.00165421
0,0.027285,0.0538349,0.0790143,0.102352,0.123559,0.142513,0.159221,0.173779,0.186338,0.197074,0.20617,0.213806,0.220151,0.225356,0.22956,0.232885,0.235436,0.237309,0.238586,0.239338,0.239628,0.239511,0.239035,0.238242,0.23717,0.235851,0.234314,0.232585,0.230687,0.22864,0.226462,0.224169,0.221777,0.219297,0.216742,0.214122,0.211447,0.208725,0.205964,0.203172,0.200354,0.197516,0.194664,0.191802,0.188935,0.186066,0.1832,0.180339,0.177486,0.174644,0.171815,0.169002,0.166206,0.163429,0.160673,0.157939,0.155229,0.152543,0.149883,0.14725,0.144644,0.142066,0.139516,0.136995,0.134504,0.132043,0.129612,0.127211,0.124841,0.122501,0.120192,0.117914,0.115667,0.11345,0.111264,0.109108,0.106983,0.104887,0.102822,0.100786,0.09878,0.0968029,0.0948547,0.0929351,0.0910437,0.0891803,0.0873445,0.0855359,0.0837542,0.0819991,0.0802701,0.0785669,0.0768891,0.0752362,0.073608,0.072004,0.0704237,0.0688669,0.067333,0.0658217,0.0643326,0.0628652,0.0614192,0.0599941,0.0585895,0.057205,0.0558403,0.0544948,0.0531682,0.0518601,0.0505701,0.0492977,0.0480426,0.0468044,0.0455826,0.044377,0.043187,0.0420124,0.0408526,0.0397074,0.0385764,0.0374591,0.0363552,0.0352644,0.0341862,0.0331202,0.0320662,0.0310237,0.0299925,0.028972,0.0279621,0.0269622,0.0259721,0.0249915,0.0240199,0.023057,0.0221026,0.0211561,0.0202174,0.0192861,0.0183617,0.0174441,0.0165329,0.0156277,0.0147282,0.0138341,0.0129451,0.0120608,0.0111809,0.0103051,0.00943313,0.0085646,0.0076992,0.00683663,0.00597657,0.00511871,0.00426272,0.0034083,0.00255513,0.0017029
0,0.0311888,0.0613528,0.0896401,0.11547,0.138541,0.158787,0.176303,0.191282,0.203966,0.214609,0.223459,0.230743,0.236668,0.241412,0.245133,0.247966,0.250029,0.251422,0.252232,0.252532,0.252387,0.251852,0.250977,0.249803,0.248366,0.2467,0.244831,0.242786,0.240586,0.23825,0.235796,0.23324,0.230594,0.227873,0.225086,0.222244,0.219355,0.216428,0.21347,0.210487,0.207486,0.204472,0.201449,0.198423,0.195396,0.192374,0.189358,0.186353,0.18336,0.180382,0.177422,0.174481,0.171561,0.168664,0.165791,0.162943,0.160122,0.157328,0.154563,0.151827,0.149121,0.146445,0.1438,0.141186,0.138605,0.136055,0.133537,0.131052,0.128599,0.126179,0.123791,0.121436,0.119113,0.116822,0.114563,0.112337,0.110142,0.107979,0.105847,0.103746,0.101676,0.099636,0.0976263,0.0956465,0.0936961,0.0917748,0.0898822,0.0880179,0.0861816,0.0843728,0.0825911,0.0808362,0.0791076,0.077405,0.0757278,0.0740757,0.0724482,0.0708449,0.0692655,0.0677093,0.0661761,0.0646654,0.0631768,0.0617098,0.060264,0.058839,0.0574343,0.0560496,0.0546843,0.0533382,0.0520106,0.0507014,0.0494099,0.0481359,0.0468789,0.0456384,0.0444142,0.0432057,0.0420126,0.0408345,0.039671,0.0385217,0.0373862,0.0362642,0.0351551,0.0340587,0.0329746,0.0319024,0.0308417,0.0297922,0.0287535,0.0277252,0.026707,0.0256984,0.0246993,0.0237091,0.0227275,0.0217542,0.0207889,0.0198311,0.0188806,0.017937,0.017,0.0160692,0.0151442,0.0142249,0.0133107,0.0124014,0.0114966,0.0105961,0.00969948,0.00880641,0.00791657,0.00702964,0.00614529,0.0052632,0.00438305,0.00350451,0.00262725,0.00175097
0,0.0361176,0.0707475,0.102724,0.131346,0.15635,0.177792,0.195921,0.21108,0.223634,0.233938,0.242313,0.249041,0.254365,0.258491,0.261593,0.263819,0.265293,0.266119,0.266386,0.26617,0.265534,0.264535,0.263218,0.261626,0.259793,0.25775,0.255525,0.253141,0.250619,0.247978,0.245233,0.242399,0.239489,0.236514,0.233486,0.230412,0.227301,0.224162,0.221,0.217821,0.214631,0.211435,0.208238,0.205043,0.201854,0.198674,0.195507,0.192354,0.189219,0.186104,0.18301,0.17994,0.176894,0.173875,0.170883,0.16792,0.164987,0.162084,0.159213,0.156374,0.153567,0.150793,0.148053,0.145346,0.142673,0.140035,0.137431,0.134861,0.132325,0.129824,0.127357,0.124925,0.122526,0.120162,0.117831,0.115534,0.11327,0.111039,0.108841,0.106675,0.104541,0.102439,0.100368,0.0983285,0.0963195,0.0943406,0.0923916,0.090472,0.0885814,0.0867193,0.0848854,0.0830793,0.0813003,0.0795482,0.0778225,0.0761228,0.0744485,0.0727992,0.0711746,0.0695741,0.0679972,0.0664436,0.0649128,0.0634043,0.0619178,0.0604526,0.0590085,0.0575849,0.0561814,0.0547976,0.053433,0.0520873,0.0507599,0.0494505,0.0481586,0.0468837,0.0456256,0.0443837,0.0431577,0.0419471,0.0407515,0.0395706,0.0384038,0.0372509,0.0361114,0.034985,0.0338712,0.0327696,0.0316799,0.0306017,0.0295346,0.0284782,0.0274321,0.0263961,0.0253697,0.0243525,0.0233442,0.0223444,0.0213528,0.020369,0.0193927,0.0184234,0.0174609,0.0165048,0.0155547,0.0146104,0.0136714,0.0127375,0.0118082,0.0108832,0.00996228,0.00904499,0.00813103,0.00722007,0.00631176,0.00540577,0.00450177,0.00359943,0.00269841,0.00179839
0,0.042534,0.082796,0.119161,0.15084,0.17772,0.200109,0.218511,0.233481,0.245552,0.255196,0.262814,0.268743,0.27326,0.276593,0.278929,0.280424,0.281204,0.281374,0.281024,0.280227,0.279046,0.277534,0.275735,0.273689,0.271429,0.268984,0.266378,0.263635,0.260773,0.257809,0.254758,0.251634,0.248448,0.24521,0.24193,0.238617,0.235277,0.231918,0.228546,0.225166,0.221782,0.218401,0.215024,0.211657,0.208302,0.204962,0.20164,0.198338,0.195059,0.191804,0.188575,0.185373,0.182201,0.179058,0.175947,0.172868,0.169822,0.16681,0.163832,0.160888,0.15798,0.155108,0.152272,0.149472,0.146708,0.14398,0.141289,0.138635,0.136017,0.133435,0.130889,0.12838,0.125906,0.123468,0.121065,0.118698,0.116365,0.114066,0.111802,0.109572,0.107375,0.105211,0.103079,0.10098,0.0989127,0.0968767,0.0948717,0.0928971,0.0909527,0.0890378,0.0871521,0.0852951,0.0834663,0.0816652,0.0798914,0.0781444,0.0764238,0.074729,0.0730596,0.0714151,0.0697951,0.0681991,0.0666265,0.065077,0.0635501,0.0620453,0.0605621,0.0591001,0.0576588,0.0562378,0.0548367,0.0534549,0.052092,0.0507475,0.0494212,0.0481124,0.0468208,0.0455459,0.0442873,0.0430447,0.0418174,0.0406052,0.0394077,0.0382243,0.0370548,0.0358986,0.0347555,0.0336249,0.0325066,0.0314,0.0303049,0.0292208,0.0281474,0.0270842,0.0260309,0.024987,0.0239524,0.0229265,0.0219089,0.0208994,0.0198976,0.018903,0.0179154,0.0169344,0.0159596,0.0149906,0.0140272,0.0130689,0.0121154,0.0111663,0.0102214,0.00928026,0.00834252,0.00740785,0.00647591,0.00554635,0.00461884,0.00369303,0.00276858,0.00184516
0,0.0512223,0.0987414,0.140285,0.175132,0.203582,0.226414,0.244531,0.258782,0.269899,0.278479,0.285004,0.289856,0.293338,0.295691,0.297108,0.297744,0.297724,0.297151,0.296109,0.294669,0.29289,0.290819,0.2885,0.285966,0.28325,0.280377,0.27737,0.274248,0.271029,0.267728,0.264358,0.260931,0.257458,0.253948,0.250409,0.246848,0.243273,0.239688,0.2361,0.232514,0.228932,0.225361,0.221802,0.218259,0.214735,0.211232,0.207753,0.2043,0.200874,0.197478,0.194112,0.190778,0.187477,0.184211,0.180979,0.177783,0.174623,0.1715,0.168415,0.165368,0.162358,0.159387,0.156455,0.153561,0.150706,0.14789,0.145112,0.142373,0.139672,0.13701,0.134386,0.131799,0.12925,0.126739,0.124264,0.121827,0.119425,0.11706,0.11473,0.112435,0.110175,0.10795,0.105758,0.1036,0.101475,0.0993819,0.0973213,0.0952923,0.0932944,0.0913272,0.0893901,0.0874827,0.0856045,0.0837549,0.0819335,0.0801398,0.0783732,0.0766334,0.0749198,0.0732318,0.0715691,0.0699311,0.0683173,0.0667272,0.0651604,0.0636164,0.0620946,0.0605947,0.0591161,0.0576583,0.056221,0.0548035,0.0534056,0.0520266,0.0506662,0.0493239,0.0479993,0.0466918,0.0454011,0.0441268,0.0428683,0.0416253,0.0403973,0.0391839,0.0379847,0.0367993,0.0356272,0.0344681,0.0333215,0.032187,0.0310643,0.0299528,0.0288523,0.0277624,0.0266826,0.0256125,0.0245518,0.0235001,0.0224571,0.0214222,0.0203953,0.0193758,0.0183634,0.0173578,0.0163585,0.0153653,0.0143777,0.0133955,0.0124181,0.0114454,0.0104768,0.00951212,0.00855094,0.00759291,0.00663768,0.0056849,0.00473421,0.00378528,0.00283774,0.00189124
0,0.0636138,0.120662,0.168106,0.205821,0.235062,0.257434,0.274416,0.287219,0.296781,0.303818,0.308868,0.31234,0.314546,0.315726,0.316068,0.315719,0.314797,0.313395,0.311593,0.309451,0.307024,0.304353,0.301478,0.298427,0.295228,0.291905,0.288475,0.284958,0.281366,0.277715,0.274014,0.270275,0.266505,0.262714,0.258908,0.255094,0.251277,0.247462,0.243653,0.239856,0.236073,0.232308,0.228563,0.224842,0.221147,0.217479,0.213841,0.210234,0.206661,0.203121,0.199617,0.19615,0.19272,0.189328,0.185975,0.182661,0.179387,0.176154,0.172961,0.169809,0.166698,0.163628,0.160599,0.157612,0.154666,0.15176,0.148896,0.146072,0.143289,0.140547,0.137844,0.135181,0.132557,0.129973,0.127427,0.124919,0.12245,0.120018,0.117622,0.115264,0.112942,0.110655,0.108403,0.106186,0.104004,0.101855,0.0997393,0.0976564,0.0956056,0.0935865,0.0915986,0.0896412,0.0877141,0.0858165,0.083948,0.082108,0.0802961,0.0785117,0.0767543,0.0750233,0.0733184,0.0716389,0.0699843,0.0683542,0.066748,0.0651652,0.0636053,0.0620679,0.0605524,0.0590584,0.0575854,0.0561328,0.0547002,0.0532872,0.0518932,0.0505179,0.0491606,0.047821,0.0464987,0.0451931,0.0439038,0.0426304,0.0413724,0.0401294,0.038901,0.0376867,0.0364861,0.0352988,0.0341243,0.0329623,0.0318123,0.0306739,0.0295468,0.0284305,0.0273245,0.0262286,0.0251423,0.0240652,0.022997,0.0219372,0.0208855,0.0198414,0.0188046,0.0177748,0.0167515,0.0157344,0.0147231,0.0137172,0.0127163,0.0117202,0.0107284,0.00974048,0.00875621,0.00777518,0.00679701,0.00582135,0.00484784,0.00387613,0.00290584,0.00193663
0,0.0825707,0.152187,0.205657,0.244982,0.273411,0.293844,0.308481,0.318895,0.326189,0.331143,0.334309,0.33609,0.336779,0.3366,0.335719,0.334268,0.332348,0.330042,0.327415,0.324519,0.3214,0.318094,0.31463,0.311036,0.307332,0.303538,0.299669,0.295741,0.291764,0.287751,0.283709,0.279648,0.275575,0.271496,0.267417,0.263343,0.259279,0.255229,0.251196,0.247184,0.243196,0.239234,0.235302,0.2314,0.22753,0.223696,0.219897,0.216136,0.212413,0.208729,0.205086,0.201484,0.197924,0.194406,0.190931,0.187499,0.184111,0.180767,0.177466,0.174209,0.170996,0.167827,0.164703,0.161621,0.158584,0.15559,0.152639,0.149731,0.146866,0.144043,0.141262,0.138523,0.135825,0.133168,0.130551,0.127974,0.125437,0.122938,0.120479,0.118057,0.115672,0.113325,0.111014,0.108739,0.1065,0.104295,0.102125,0.0999883,0.0978851,0.0958147,0.0937764,0.0917697,0.0897941,0.087849,0.0859339,0.0840482,0.0821915,0.080363,0.0785623,0.0767889,0.0750423,0.0733218,0.0716269,0.0699572,0.0683121,0.0666911,0.0650937,0.0635193,0.0619674,0.0604376,0.0589293,0.0574421,0.0559754,0.0545288,0.0531017,0.0516937,0.0503043,0.048933,0.0475795,0.0462431,0.0449234,0.0436201,0.0423325,0.0410604,0.0398031,0.0385604,0.0373317,0.0361166,0.0349147,0.0337256,0.0325488,0.0313839,0.0302305,0.0290882,0.0279565,0.0268351,0.0257236,0.0246215,0.0235285,0.0224441,0.021368,0.0202997,0.019239,0.0181853,0.0171383,0.0160977,0.015063,0.0140338,0.0130098,0.0119907,0.0109759,0.00996526,0.00895827,0.00795458,0.00695383,0.00595566,0.00495969,0.00396555,0.00297288,0.00198131
0,0.114482,0.199858,0.257352,0.295041,0.319756,0.33605,0.34677,0.35369,0.357939,0.360255,0.361137,0.36093,0.359882,0.358174,0.35594,0.353284,0.350287,0.34701,0.343505,0.339812,0.335964,0.331991,0.327914,0.323753,0.319526,0.315245,0.310924,0.306572,0.3022,0.297815,0.293424,0.289034,0.28465,0.280277,0.27592,0.271582,0.267267,0.262978,0.258717,0.254488,0.250292,0.246132,0.242009,0.237924,0.23388,0.229877,0.225916,0.221999,0.218125,0.214297,0.210514,0.206777,0.203086,0.199442,0.195845,0.192294,0.188791,0.185336,0.181927,0.178565,0.175251,0.171983,0.168762,0.165588,0.162459,0.159377,0.15634,0.153348,0.150401,0.147498,0.14464,0.141824,0.139052,0.136323,0.133636,0.13099,0.128385,0.125821,0.123297,0.120812,0.118366,0.115959,0.113589,0.111256,0.10896,0.106701,0.104476,0.102287,0.100132,0.0980107,0.0959226,0.0938671,0.0918437,0.0898517,0.0878905,0.0859597,0.0840585,0.0821866,0.0803432,0.0785279,0.07674,0.0749791,0.0732445,0.0715358,0.0698523,0.0681935,0.066559,0.0649481,0.0633604,0.0617953,0.0602523,0.0587309,0.0572305,0.0557508,0.0542911,0.0528509,0.0514299,0.0500274,0.0486431,0.0472764,0.0459268,0.044594,0.0432773,0.0419764,0.0406908,0.0394201,0.0381637,0.0369213,0.0356924,0.0344766,0.0332733,0.0320823,0.0309031,0.0297352,0.0285783,0.0274318,0.0262954,0.0251688,0.0240513,0.0229428,0.0218427,0.0207506,0.0196662,0.0185891,0.0175188,0.016455,0.0153973,0.0143453,0.0132986,0.0122568,0.0112195,0.0101864,0.00915702,0.00813105,0.0071081,0.00608777,0.0050697,0.00405351,0.00303882,0.00202526
0,0.175499,0.275413,0.328852,0.358072,0.374523,0.383831,0.388858,0.391156,0.391621,0.390802,0.389053,0.386612,0.383646,0.380273,0.376584,0.372643,0.368504,0.364206,0.359782,0.355258,0.350655,0.345991,0.341281,0.336538,0.331772,0.326993,0.322208,0.317424,0.312648,0.307884,0.303138,0.298414,0.293714,0.289043,0.284404,0.279798,0.275229,0.270698,0.266208,0.261759,0.257354,0.252993,0.248678,0.244409,0.240188,0.236016,0.231892,0.227818,0.223793,0.219819,0.215896,0.212023,0.208202,0.204431,0.200711,0.197042,0.193425,0.189857,0.186341,0.182875,0.179458,0.176092,0.172775,0.169507,0.166288,0.163118,0.159995,0.156919,0.153891,0.150909,0.147973,0.145083,0.142237,0.139436,0.136678,0.133964,0.131293,0.128663,0.126075,0.123528,0.121021,0.118554,0.116126,0.113737,0.111385,0.109071,0.106793,0.104551,0.102345,0.100174,0.0980364,0.0959326,0.0938619,0.0918235,0.0898168,0.0878414,0.0858965,0.0839816,0.0820961,0.0802394,0.0784109,0.0766101,0.0748363,0.073089,0.0713677,0.0696718,0.0680007,0.0663539,0.0647308,0.063131,0.0615537,0.0599987,0.0584652,0.0569528,0.0554609,0.0539892,0.0525369,0.0511038,0.0496891,0.0482926,0.0469136,0.0455517,0.0442064,0.0428772,0.0415637,0.0402654,0.0389818,0.0377125,0.036457,0.0352149,0.0339858,0.0327691,0.0315644,0.0303714,0.0291895,0.0280184,0.0268576,0.0257068,0.0245654,0.023433,0.0223093,0.0211939,0.0200863,0.0189861,0.0178929,0.0168063,0.015726,0.0146515,0.0135824,0.0125183,0.0114589,0.0104037,0.00935239,0.00830452,0.00725973,0.00621764,0.00517785,0.00413998,0.00310364,0.00206845
0,0.3121,0.397441,0.424572,0.433872,0.436435,0.435891,0.433675,0.430455,0.426587,0.422279,0.417661,0.412819,0.407815,0.40269,0.397478,0.392201,0.38688,0.381529,0.37616,0.370783,0.365406,0.360038,0.354682,0.349346,0.344033,0.338746,0.333491,0.328269,0.323083,0.317937,0.312831,0.307768,0.30275,0.297778,0.292854,0.287978,0.283153,0.278379,0.273656,0.268987,0.26437,0.259808,0.2553,0.250846,0.246448,0.242105,0.237818,0.233587,0.229411,0.225291,0.221227,0.217219,0.213266,0.209369,0.205527,0.201739,0.198007,0.194329,0.190704,0.187134,0.183616,0.180152,0.176739,0.173379,0.170069,0.166811,0.163603,0.160444,0.157335,0.154274,0.151261,0.148296,0.145377,0.142505,0.139678,0.136896,0.134158,0.131464,0.128813,0.126204,0.123637,0.121111,0.118626,0.11618,0.113773,0.111405,0.109074,0.106781,0.104524,0.102302,0.100117,0.0979652,0.0958477,0.0937636,0.0917121,0.0896926,0.0877045,0.0857473,0.0838202,0.0819227,0.0800542,0.078214,0.0764016,0.0746164,0.0728579,0.0711253,0.0694182,0.067736,0.0660781,0.064444,0.0628331,0.0612449,0.0596788,0.0581342,0.0566108,0.0551079,0.053625,0.0521616,0.0507172,0.0492912,0.0478833,0.0464928,0.0451193,0.0437623,0.0424214,0.041096,0.0397857,0.0384899,0.0372083,0.0359404,0.0346857,0.0334438,0.0322142,0.0309964,0.0297901,0.0285947,0.02741,0.0262353,0.0250703,0.0239146,0.0227678,0.0216293,0.0204989,0.019376,0.0182604,0.0171514,0.0160489,0.0149523,0.0138612,0.0127753,0.0116941,0.0106172,0.0095443,0.00847492,0.00740869,0.0063452,0.00528408,0.00422491,0.00316731,0.00211089
1,0.675459,0.577681,0.538123,0.51641,0.501452,0.489624,0.479495,0.470402,0.461993,0.454065,0.446491,0.43919,0.432104,0.425196,0.418436,0.411804,0.405286,0.398869,0.392545,0.386307,0.38015,0.374071,0.368065,0.36213,0.356266,0.350469,0.34474,0.339077,0.33348,0.327948,0.322481,0.317078,0.311739,0.306465,0.301255,0.296108,0.291026,0.286007,0.281052,0.276161,0.271333,0.266568,0.261867,0.257228,0.252653,0.248139,0.243689,0.2393,0.234973,0.230707,0.226503,0.222359,0.218275,0.214252,0.210287,0.206382,0.202535,0.198746,0.195015,0.19134,0.187722,0.184159,0.180652,0.177199,0.1738,0.170454,0.167161,0.16392,0.16073,0.157591,0.154502,0.151463,0.148472,0.145529,0.142633,0.139784,0.13698,0.134222,0.131509,0.128839,0.126212,0.123628,0.121085,0.118584,0.116122,0.113701,0.111318,0.108973,0.106666,0.104396,0.102162,0.0999639,0.0978004,0.0956711,0.0935753,0.0915125,0.0894818,0.0874828,0.0855148,0.0835771,0.0816691,0.0797902,0.0779398,0.0761173,0.074322,0.0725534,0.0708108,0.0690938,0.0674017,0.0657339,0.0640898,0.062469,0.0608708,0.0592947,0.0577402,0.0562066,0.0546936,0.0532004,0.0517267,0.0502719,0.0488355,0.047417,0.0460158,0.0446315,0.0432636,0.0419116,0.040575,0.0392532,0.037946,0.0366527,0.0353729,0.0341062,0.032852,0.03161,0.0303797,0.0291605,0.0279522,0.0267542,0.0255661,0.0243874,0.0232178,0.0220568,0.0209039,0.0197588,0.0186211,0.0174902,0.0163658,0.0152475,0.0141349,0.0130275,0.0119249,0.0108268,0.00973268,0.00864219,0.0075549,0.00647042,0.00538835,0.00430828,0.00322981,0.00215254
1,0.812056,0.699701,0.633829,0.592191,0.563341,0.541657,0.524281,0.509665,0.496919,0.485497,0.47505,0.465344,0.456217,0.447552,0.439265,0.431294,0.42359,0.416117,0.408844,0.401751,0.394817,0.38803,0.381376,0.374845,0.368431,0.362125,0.355923,0.34982,0.343812,0.337894,0.332066,0.326323,0.320665,0.315088,0.309592,0.304175,0.298835,0.293572,0.288385,0.283272,0.278232,0.273266,0.268371,0.263548,0.258795,0.254111,0.249497,0.244951,0.240473,0.236062,0.231718,0.227439,0.223225,0.219075,0.214989,0.210966,0.207005,0.203106,0.199268,0.19549,0.191771,0.188111,0.184509,0.180965,0.177477,0.174044,0.170667,0.167344,0.164075,0.160858,0.157694,0.154581,0.151518,0.148505,0.145541,0.142625,0.139757,0.136936,0.13416,0.13143,0.128745,0.126103,0.123504,0.120947,0.118432,0.115958,0.113523,0.111128,0.108772,0.106454,0.104172,0.101928,0.0997188,0.0975451,0.0954057,0.0933001,0.0912276,0.0891875,0.0871791,0.0852019,0.0832551,0.0813381,0.0794502,0.0775909,0.0757595,0.0739554,0.072178,0.0704267,0.0687009,0.067,0.0653234,0.0636705,0.0620408,0.0604337,0.0588486,0.0572849,0.0557423,0.0542199,0.0527175,0.0512343,0.04977,0.0483238,0.0468955,0.0454844,0.04409,0.0427118,0.0413494,0.0400022,0.0386697,0.0373515,0.0360471,0.0347561,0.0334778,0.032212,0.0309581,0.0297156,0.0284841,0.0272632,0.0260524,0.0248512,0.0236593,0.0224761,0.0213013,0.0201344,0.0189749,0.0178225,0.0166767,0.0155371,0.0144033,0.0132749,0.0121514,0.0110324,0.00991746,0.00880625,0.00769831,0.00659324,0.00549063,0.00439005,0.00329111,0.00219339
1,0.873063,0.775236,0.705302,0.655186,0.618062,0.589383,0.566305,0.547059,0.53052,0.515955,0.502869,0.49092,0.479866,0.46953,0.45978,0.450517,0.441664,0.433163,0.424965,0.417034,0.409339,0.401855,0.394563,0.387445,0.380487,0.373678,0.367008,0.360468,0.354052,0.347752,0.341565,0.335485,0.329508,0.323631,0.31785,0.312163,0.306568,0.301062,0.295643,0.290309,0.285059,0.279891,0.274804,0.269797,0.264867,0.260014,0.255237,0.250535,0.245907,0.241351,0.236867,0.232453,0.22811,0.223835,0.219628,0.215488,0.211414,0.207405,0.203461,0.19958,0.195762,0.192006,0.18831,0.184674,0.181098,0.17758,0.174119,0.170715,0.167367,0.164073,0.160834,0.157648,0.154515,0.151432,0.148401,0.14542,0.142488,0.139604,0.136767,0.133977,0.131233,0.128535,0.12588,0.123269,0.120701,0.118175,0.11569,0.113245,0.11084,0.108474,0.106146,0.103856,0.101602,0.0993847,0.0972024,0.0950548,0.092941,0.0908604,0.0888124,0.0867962,0.0848112,0.0828567,0.0809321,0.0790367,0.0771698,0.0753309,0.0735192,0.0717342,0.0699753,0.0682419,0.0665333,0.0648489,0.0631882,0.0615506,0.0599355,0.0583424,0.0567706,0.0552196,0.0536889,0.052178,0.0506862,0.049213,0.047758,0.0463205,0.0449001,0.0434963,0.0421086,0.0407364,0.0393792,0.0380366,0.0367081,0.0353931,0.0340913,0.0328021,0.031525,0.0302597,0.0290055,0.0277621,0.026529,0.0253058,0.024092,0.0228871,0.0216907,0.0205024,0.0193217,0.0181482,0.0169814,0.015821,0.0146664,0.0135174,0.0123733,0.0112338,0.0100986,0.00896704,0.00783887,0.00671362,0.00559086,0.00447019,0.00335119,0.00223343
1,0.904961,0.82288,0.756956,0.705189,0.664338,0.631506,0.604498,0.581745,0.562148,0.544932,0.529549,0.515602,0.502798,0.490922,0.479807,0.469329,0.459387,0.449905,0.440819,0.432081,0.423649,0.415489,0.407575,0.399883,0.392394,0.385092,0.377962,0.370993,0.364175,0.357499,0.350957,0.344543,0.338252,0.332077,0.326014,0.320061,0.314212,0.308464,0.302815,0.297263,0.291804,0.286436,0.281158,0.275967,0.270862,0.265841,0.260903,0.256046,0.251268,0.246568,0.241946,0.237399,0.232926,0.228527,0.2242,0.219944,0.215758,0.21164,0.207591,0.203608,0.199691,0.195839,0.192051,0.188325,0.184661,0.181058,0.177515,0.17403,0.170604,0.167235,0.163921,0.160663,0.15746,0.154309,0.151211,0.148165,0.14517,0.142224,0.139327,0.136479,0.133677,0.130922,0.128213,0.125549,0.122928,0.120351,0.117815,0.115322,0.112869,0.110456,0.108083,0.105747,0.10345,0.101189,0.0989646,0.0967756,0.0946212,0.0925009,0.0904139,0.0883595,0.0863369,0.0843456,0.0823848,0.0804539,0.0785522,0.076679,0.0748338,0.0730157,0.0712244,0.069459,0.067719,0.0660037,0.0643127,0.0626451,0.0610006,0.0593785,0.0577782,0.0561991,0.0546407,0.0531024,0.0515837,0.0500841,0.0486029,0.0471396,0.0456938,0.0442648,0.0428523,0.0414555,0.0400742,0.0387076,0.0373554,0.0360171,0.0346921,0.03338,0.0320803,0.0307925,0.0295162,0.0282508,0.0269959,0.025751,0.0245158,0.0232896,0.0220721,0.0208628,0.0196613,0.0184672,0.0172799,0.016099,0.0149241,0.0137548,0.0125906,0.0114311,0.0102759,0.00912451,0.00797652,0.0068315,0.00568903,0.00454868,0.00341002,0.00227264
1,0.923899,0.854368,0.794451,0.744277,0.702596,0.667807,0.638435,0.613276,0.591394,0.572078,0.554795,0.539139,0.524803,0.511551,0.499199,0.487604,0.476651,0.46625,0.456327,0.446822,0.437686,0.428879,0.420366,0.412119,0.404115,0.396333,0.388755,0.381367,0.374156,0.36711,0.360221,0.35348,0.346878,0.34041,0.33407,0.327853,0.321754,0.315768,0.309892,0.304123,0.298457,0.292892,0.287424,0.282053,0.276774,0.271586,0.266488,0.261476,0.256551,0.251708,0.246949,0.242269,0.237669,0.233147,0.228701,0.22433,0.220032,0.215807,0.211654,0.20757,0.203556,0.199609,0.195729,0.191914,0.188163,0.184476,0.180851,0.177288,0.173784,0.17034,0.166953,0.163624,0.160351,0.157134,0.15397,0.15086,0.147802,0.144795,0.141839,0.138933,0.136075,0.133265,0.130501,0.127784,0.125112,0.122484,0.1199,0.117358,0.114858,0.112399,0.109981,0.107601,0.10526,0.102957,0.100691,0.0984617,0.0962675,0.0941082,0.0919829,0.0898909,0.0878315,0.085804,0.0838078,0.081842,0.0799061,0.0779994,0.0761211,0.0742707,0.0724474,0.0706507,0.0688799,0.0671344,0.0654135,0.0637167,0.0620434,0.0603928,0.0587646,0.0571579,0.0555724,0.0540074,0.0524624,0.0509367,0.0494299,0.0479414,0.0464706,0.045017,0.0435801,0.0421594,0.0407543,0.0393644,0.037989,0.0366278,0.0352802,0.0339456,0.0326238,0.031314,0.0300159,0.028729,0.0274527,0.0261867,0.0249304,0.0236835,0.0224453,0.0212155,0.0199937,0.0187793,0.0175718,0.016371,0.0151762,0.0139871,0.0128033,0.0116242,0.0104494,0.00927858,0.0081112,0.00694684,0.00578507,0.00462547,0.00346759,0.00231101
1,0.936267,0.876243,0.822203,0.774874,0.733961,0.698689,0.668161,0.64153,0.618072,0.597192,0.578412,0.561356,0.545725,0.53128,0.517835,0.505236,0.493363,0.482117,0.471416,0.461194,0.451395,0.441973,0.43289,0.424113,0.415614,0.407369,0.399358,0.391564,0.383971,0.376566,0.369338,0.362276,0.355371,0.348616,0.342004,0.335528,0.329182,0.322962,0.316862,0.310879,0.30501,0.299249,0.293595,0.288045,0.282594,0.277242,0.271985,0.266822,0.26175,0.256767,0.251871,0.247061,0.242334,0.23769,0.233127,0.228642,0.224235,0.219903,0.215647,0.211464,0.207353,0.203312,0.199341,0.195438,0.191602,0.187832,0.184127,0.180485,0.176905,0.173387,0.169928,0.166529,0.163188,0.159904,0.156675,0.153502,0.150383,0.147316,0.144302,0.141338,0.138424,0.13556,0.132744,0.129974,0.127252,0.124574,0.121942,0.119353,0.116806,0.114302,0.111839,0.109416,0.107033,0.104689,0.102382,0.100112,0.0978791,0.0956814,0.0935185,0.0913897,0.0892942,0.0872313,0.0852003,0.0832004,0.0812309,0.0792913,0.0773807,0.0754985,0.073644,0.0718166,0.0700157,0.0682405,0.0664904,0.0647649,0.0630633,0.061385,0.0597293,0.0580957,0.0564837,0.0548925,0.0533216,0.0517705,0.0502386,0.0487254,0.0472302,0.0457525,0.0442919,0.0428477,0.0414194,0.0400065,0.0386085,0.0372249,0.0358551,0.0344987,0.0331551,0.0318238,0.0305045,0.0291965,0.0278994,0.0266126,0.0253359,0.0240685,0.0228102,0.0215604,0.0203186,0.0190844,0.0178573,0.0166369,0.0154227,0.0142143,0.0130112,0.0118129,0.0106191,0.0094292,0.00824285,0.00705959,0.00587896,0.00470054,0.00352386,0.00234851
1,0.944928,0.892132,0.843243,0.799055,0.759684,0.724828,0.693988,0.666612,0.642173,0.620204,0.600307,0.58215,0.565459,0.550011,0.535623,0.522143,0.509449,0.497439,0.486026,0.475142,0.464726,0.454729,0.445109,0.435828,0.426858,0.418171,0.409745,0.40156,0.393598,0.385845,0.378288,0.370915,0.363715,0.35668,0.349801,0.343072,0.336485,0.330034,0.323716,0.317523,0.311453,0.305501,0.299663,0.293936,0.288317,0.282802,0.277389,0.272076,0.266859,0.261737,0.256708,0.251769,0.246918,0.242153,0.237474,0.232877,0.228361,0.223925,0.219567,0.215285,0.211079,0.206946,0.202885,0.198896,0.194976,0.191124,0.187339,0.18362,0.179965,0.176374,0.172844,0.169376,0.165968,0.162618,0.159326,0.156091,0.152911,0.149785,0.146713,0.143693,0.140725,0.137807,0.134939,0.132119,0.129346,0.12662,0.12394,0.121304,0.118713,0.116164,0.113658,0.111192,0.108767,0.106382,0.104035,0.101727,0.0994552,0.0972199,0.0950202,0.0928553,0.0907244,0.0886267,0.0865616,0.0845283,0.082526,0.0805541,0.0786119,0.0766986,0.0748136,0.0729561,0.0711257,0.0693215,0.0675429,0.0657893,0.06406,0.0623545,0.060672,0.0590121,0.057374,0.0557573,0.0541612,0.0525852,0.0510288,0.0494914,0.0479723,0.0464711,0.0449872,0.04352,0.0420691,0.0406338,0.0392137,0.0378081,0.0364167,0.0350388,0.0336741,0.0323219,0.0309817,0.0296531,0.0283356,0.0270287,0.0257319,0.0244446,0.0231666,0.0218971,0.0206359,0.0193824,0.0181361,0.0168966,0.0156634,0.0144361,0.0132142,0.0119972,0.0107847,0.0095763,0.00837144,0.00716971,0.00597066,0.00477385,0.00357883,0.00238514
1,0.951311,0.904115,0.859582,0.818418,0.780892,0.746951,0.716352,0.688757,0.663805,0.641145,0.620461,0.601476,0.58395,0.567683,0.552502,0.538265,0.524852,0.512162,0.500109,0.488622,0.477639,0.467109,0.456987,0.447234,0.437819,0.428713,0.419891,0.411332,0.403017,0.394929,0.387054,0.37938,0.371894,0.364587,0.357449,0.350473,0.343651,0.336976,0.330443,0.324045,0.317778,0.311638,0.30562,0.29972,0.293934,0.28826,0.282694,0.277233,0.271875,0.266616,0.261455,0.256388,0.251415,0.246532,0.241738,0.23703,0.232408,0.227868,0.22341,0.219032,0.214731,0.210508,0.206359,0.202284,0.198281,0.194348,0.190485,0.18669,0.182961,0.179298,0.175699,0.172163,0.168689,0.165275,0.16192,0.158624,0.155384,0.152201,0.149072,0.145997,0.142975,0.140005,0.137085,0.134215,0.131394,0.12862,0.125893,0.123212,0.120576,0.117984,0.115435,0.112928,0.110462,0.108037,0.105651,0.103304,0.100995,0.0987229,0.0964872,0.0942869,0.0921214,0.0899897,0.0878913,0.0858252,0.0837908,0.0817874,0.0798142,0.0778705,0.0759556,0.0740688,0.0722094,0.0703769,0.0685704,0.0667893,0.065033,0.0633009,0.0615923,0.0599066,0.0582432,0.0566014,0.0549807,0.0533804,0.0518001,0.050239,0.0486966,0.0471724,0.0456658,0.0441763,0.0427032,0.041246,0.0398042,0.0383773,0.0369648,0.035566,0.0341805,0.0328078,0.0314474,0.0300987,0.0287613,0.0274347,0.0261183,0.0248116,0.0235143,0.0222258,0.0209455,0.0196732,0.0184081,0.01715,0.0158983,0.0146526,0.0134123,0.0121771,0.0109464,0.00971983,0.0084969,0.00727716,0.00606013,0.00484539,0.00363245,0.00242088
1,0.956202,0.913435,0.872553,0.834145,0.798513,0.765733,0.735711,0.70826,0.683143,0.660109,0.638917,0.619342,0.601184,0.584267,0.568437,0.553563,0.539532,0.526248,0.513626,0.501597,0.490099,0.47908,0.468495,0.458303,0.448472,0.438971,0.429775,0.42086,0.412208,0.4038,0.395621,0.387656,0.379895,0.372325,0.364936,0.357721,0.35067,0.343776,0.337034,0.330436,0.323978,0.317653,0.311459,0.305389,0.299441,0.293611,0.287894,0.282288,0.27679,0.271397,0.266106,0.260915,0.255821,0.250822,0.245915,0.241099,0.236371,0.23173,0.227174,0.2227,0.218308,0.213995,0.209759,0.2056,0.201515,0.197504,0.193564,0.189694,0.185893,0.182159,0.178492,0.174889,0.171349,0.167872,0.164456,0.1611,0.157802,0.154562,0.151378,0.148249,0.145174,0.142152,0.139182,0.136263,0.133394,0.130574,0.127801,0.125076,0.122396,0.119761,0.11717,0.114622,0.112116,0.109652,0.107228,0.104844,0.102498,0.10019,0.0979187,0.0956839,0.0934845,0.0913196,0.0891885,0.0870905,0.0850247,0.0829905,0.080987,0.0790136,0.0770695,0.0751541,0.0732665,0.0714062,0.0695725,0.0677646,0.065982,0.0642239,0.0624898,0.0607789,0.0590907,0.0574245,0.0557798,0.0541558,0.0525521,0.0509679,0.0494029,0.0478562,0.0463275,0.044816,0.0433213,0.0418428,0.04038,0.0389322,0.0374991,0.0360799,0.0346743,0.0332816,0.0319014,0.0305331,0.0291763,0.0278304,0.0264949,0.0251694,0.0238533,0.0225461,0.0212473,0.0199566,0.0186733,0.017397,0.0161273,0.0148635,0.0136054,0.0123524,0.011104,0.00985973,0.00861919,0.00738188,0.00614734,0.00491511,0.00368472,0.00245571
1,0.960064,0.920868,0.883052,0.847093,0.813285,0.781755,0.7525,0.725429,0.700397,0.677233,0.655756,0.635792,0.617178,0.599763,0.583416,0.568018,0.553466,0.53967,0.526551,0.514041,0.502081,0.490618,0.479608,0.469012,0.458793,0.448924,0.439376,0.430126,0.421155,0.412442,0.403972,0.39573,0.387704,0.379881,0.37225,0.364803,0.357531,0.350426,0.34348,0.336688,0.330042,0.323539,0.317172,0.310937,0.30483,0.298847,0.292983,0.287236,0.281601,0.276076,0.270659,0.265345,0.260132,0.255019,0.250002,0.245079,0.240249,0.235508,0.230855,0.226288,0.221805,0.217404,0.213083,0.208841,0.204677,0.200587,0.196572,0.192629,0.188757,0.184954,0.181219,0.177551,0.173948,0.170409,0.166932,0.163517,0.160163,0.156866,0.153628,0.150446,0.14732,0.144248,0.141229,0.138262,0.135346,0.13248,0.129662,0.126893,0.12417,0.121494,0.118862,0.116274,0.11373,0.111227,0.108766,0.106344,0.103963,0.10162,0.0993142,0.0970456,0.0948131,0.0926158,0.0904529,0.0883236,0.0862272,0.0841629,0.0821299,0.0801275,0.0781549,0.0762115,0.0742964,0.0724091,0.0705488,0.0687148,0.0669064,0.065123,0.063364,0.0616286,0.0599162,0.0582263,0.0565581,0.054911,0.0532845,0.0516779,0.0500907,0.0485222,0.0469718,0.0454391,0.0439233,0.0424241,0.0409407,0.0394726,0.0380193,0.0365803,0.035155,0.0337429,0.0323434,0.0309561,0.0295804,0.0282157,0.0268617,0.0255177,0.0241833,0.022858,0.0215412,0.0202326,0.0189315,0.0176375,0.0163502,0.015069,0.0137934,0.0125231,0.0112574,0.00999594,0.00873825,0.00748385,0.00623225,0.00498299,0.00373561,0.00248963
1,0.963185,0.92692,0.891693,0.857892,0.825779,0.795501,0.767104,0.740559,0.715785,0.692669,0.671082,0.650893,0.631971,0.614193,0.597446,0.581627,0.566644,0.552415,0.538867,0.525936,0.513565,0.501704,0.490309,0.479341,0.468767,0.458555,0.448679,0.439115,0.429842,0.420841,0.412095,0.403589,0.395309,0.387244,0.379381,0.371711,0.364226,0.356915,0.349773,0.342792,0.335966,0.329288,0.322754,0.316358,0.310096,0.303963,0.297956,0.29207,0.286302,0.280649,0.275107,0.269673,0.264345,0.25912,0.253995,0.248968,0.244036,0.239197,0.23445,0.229791,0.225219,0.220732,0.216328,0.212006,0.207763,0.203597,0.199508,0.195493,0.191551,0.187681,0.18388,0.180148,0.176483,0.172883,0.169347,0.165875,0.162464,0.159114,0.155822,0.152588,0.149412,0.14629,0.143223,0.140209,0.137247,0.134336,0.131476,0.128663,0.125899,0.123182,0.12051,0.117884,0.115301,0.112761,0.110263,0.107806,0.105389,0.103012,0.100673,0.0983713,0.0961065,0.0938775,0.0916836,0.0895239,0.0873976,0.085304,0.0832422,0.0812115,0.0792112,0.0772405,0.0752987,0.073385,0.0714988,0.0696393,0.0678059,0.0659979,0.0642146,0.0624553,0.0607194,0.0590063,0.0573153,0.0556457,0.053997,0.0523686,0.0507598,0.04917,0.0475986,0.0460452,0.0445089,0.0429894,0.041486,0.0399982,0.0385254,0.0370671,0.0356227,0.0341916,0.0327734,0.0313675,0.0299734,0.0285905,0.0272184,0.0258565,0.0245043,0.0231613,0.021827,0.020501,0.0191826,0.0178714,0.016567,0.0152687,0.0139763,0.012689,0.0114066,0.0101284,0.00885404,0.00758301,0.00631482,0.00504901,0.0037851,0.00252261
1,0.965757,0.931933,0.89891,0.867001,0.836438,0.807366,0.779857,0.753919,0.729514,0.706574,0.685011,0.664726,0.645619,0.627591,0.610547,0.5944,0.579068,0.564479,0.550567,0.537271,0.524539,0.512323,0.500582,0.489278,0.478378,0.46785,0.45767,0.447813,0.438258,0.428985,0.419978,0.411222,0.402701,0.394404,0.386319,0.378436,0.370745,0.363237,0.355905,0.348742,0.34174,0.334894,0.328197,0.321645,0.315232,0.308954,0.302807,0.296786,0.290888,0.28511,0.279446,0.273896,0.268455,0.263121,0.25789,0.252761,0.24773,0.242796,0.237956,0.233208,0.228549,0.223978,0.219493,0.215091,0.210771,0.206531,0.20237,0.198285,0.194275,0.190338,0.186473,0.182678,0.178952,0.175293,0.1717,0.168171,0.164705,0.161302,0.157958,0.154674,0.151448,0.148278,0.145164,0.142104,0.139098,0.136143,0.13324,0.130386,0.127581,0.124824,0.122114,0.119449,0.116829,0.114253,0.111719,0.109227,0.106777,0.104366,0.101994,0.0996604,0.0973641,0.0951043,0.0928802,0.0906908,0.0885355,0.0864133,0.0843235,0.0822653,0.080238,0.0782407,0.0762728,0.0743335,0.0724221,0.0705378,0.0686801,0.0668481,0.0650412,0.0632587,0.0614999,0.0597643,0.058051,0.0563596,0.0546894,0.0530397,0.0514099,0.0497994,0.0482076,0.046634,0.0450779,0.0435387,0.0420159,0.0405089,0.0390171,0.03754,0.036077,0.0346275,0.0331911,0.0317671,0.0303552,0.0289546,0.0275649,0.0261856,0.0248161,0.023456,0.0221047,0.0207617,0.0194265,0.0180986,0.0167776,0.0154628,0.0141539,0.0128503,0.0115515,0.0102571,0.00896651,0.00767933,0.00639503,0.00511314,0.00383317,0.00255465
1,0.967909,0.936146,0.905012,0.874766,0.845605,0.817669,0.791039,0.765745,0.741779,0.719104,0.697661,0.677382,0.658189,0.640005,0.622752,0.606357,0.59075,0.575867,0.561649,0.548042,0.534996,0.522468,0.510419,0.498812,0.487615,0.476799,0.466338,0.456209,0.446391,0.436864,0.427612,0.418618,0.409869,0.401352,0.393055,0.384968,0.37708,0.369383,0.361869,0.35453,0.347359,0.34035,0.333496,0.326792,0.320234,0.313815,0.307532,0.30138,0.295356,0.289455,0.283674,0.278009,0.272458,0.267017,0.261684,0.256455,0.251328,0.246301,0.241371,0.236535,0.231791,0.227138,0.222573,0.218094,0.2137,0.209387,0.205155,0.201001,0.196925,0.192923,0.188995,0.185139,0.181354,0.177637,0.173987,0.170404,0.166885,0.163429,0.160035,0.156702,0.153427,0.150211,0.147051,0.143947,0.140897,0.1379,0.134955,0.13206,0.129216,0.12642,0.123672,0.12097,0.118314,0.115702,0.113134,0.110608,0.108124,0.105681,0.103277,0.100912,0.0985853,0.0962956,0.094042,0.0918238,0.0896402,0.0874903,0.0853732,0.0832883,0.0812347,0.0792116,0.0772184,0.0752542,0.0733183,0.07141,0.0695285,0.0676732,0.0658434,0.0640383,0.0622574,0.0604998,0.0587651,0.0570524,0.0553612,0.0536909,0.0520407,0.0504102,0.0487986,0.0472054,0.0456299,0.0440717,0.04253,0.0410043,0.0394941,0.0379988,0.0365177,0.0350504,0.0335963,0.0321549,0.0307255,0.0293078,0.0279011,0.0265048,0.0251186,0.0237418,0.022374,0.0210146,0.0196631,0.018319,0.0169818,0.0156511,0.0143262,0.0130067,0.0116921,0.0103819,0.00907562,0.00777276,0.00647283,0.00517534,0.0038798,0.00258572
1,0.969734,0.939729,0.910228,0.881444,0.853548,0.826667,0.800884,0.776242,0.752753,0.7304,0.709149,0.688951,0.669751,0.651488,0.6341,0.617526,0.601708,0.586591,0.572121,0.55825,0.544935,0.532135,0.519813,0.507935,0.496471,0.485392,0.474674,0.464295,0.454232,0.444468,0.434986,0.42577,0.416805,0.40808,0.399582,0.3913,0.383225,0.375347,0.367658,0.36015,0.352816,0.34565,0.338645,0.331795,0.325095,0.31854,0.312126,0.305847,0.2997,0.29368,0.287785,0.282009,0.276351,0.270807,0.265373,0.260048,0.254827,0.249709,0.24469,0.239769,0.234944,0.23021,0.225568,0.221014,0.216546,0.212162,0.207861,0.203641,0.199499,0.195435,0.191446,0.18753,0.183687,0.179913,0.176209,0.172572,0.169002,0.165495,0.162052,0.15867,0.155349,0.152087,0.148883,0.145735,0.142642,0.139604,0.136618,0.133685,0.130802,0.127968,0.125183,0.122445,0.119754,0.117108,0.114506,0.111947,0.109431,0.106956,0.104521,0.102126,0.0997696,0.0974507,0.0951686,0.0929224,0.0907113,0.0885344,0.0863909,0.08428,0.0822009,0.0801528,0.078135,0.0761466,0.074187,0.0722553,0.0703509,0.068473,0.0666209,0.064794,0.0629914,0.0612127,0.059457,0.0577238,0.0560123,0.0543219,0.052652,0.051002,0.0493712,0.047759,0.0461648,0.0445881,0.0430281,0.0414844,0.0399563,0.0384433,0.0369448,0.0354602,0.0339889,0.0325305,0.0310844,0.02965,0.0282267,0.0268141,0.0254117,0.0240188,0.0226349,0.0212596,0.0198923,0.0185325,0.0171797,0.0158334,0.0144931,0.0131582,0.0118283,0.0105028,0.00918132,0.00786328,0.00654821,0.00523561,0.00392498,0.00261583
1,0.971298,0.942807,0.914727,0.887234,0.860475,0.834566,0.809587,0.785588,0.762591,0.740595,0.719582,0.699523,0.680375,0.662095,0.644633,0.62794,0.611967,0.596666,0.581992,0.567904,0.55436,0.541325,0.528763,0.516645,0.504941,0.493625,0.482673,0.472063,0.461775,0.451791,0.442094,0.43267,0.423503,0.414581,0.405892,0.397426,0.389172,0.381121,0.373265,0.365596,0.358106,0.350789,0.343638,0.336648,0.329812,0.323125,0.316584,0.310182,0.303916,0.297782,0.291775,0.285893,0.280131,0.274486,0.268955,0.263535,0.258223,0.253017,0.247913,0.242909,0.238003,0.233192,0.228474,0.223847,0.219308,0.214855,0.210487,0.206202,0.201997,0.197872,0.193823,0.189849,0.185949,0.182121,0.178364,0.174675,0.171054,0.167498,0.164007,0.160578,0.157212,0.153905,0.150658,0.147468,0.144334,0.141255,0.138231,0.135259,0.132338,0.129468,0.126647,0.123874,0.121149,0.118469,0.115835,0.113244,0.110696,0.108191,0.105726,0.103302,0.100916,0.098569,0.0962593,0.0939859,0.0917482,0.0895452,0.0873761,0.08524,0.0831362,0.0810639,0.0790222,0.0770104,0.0750277,0.0730734,0.0711467,0.069247,0.0673733,0.0655252,0.0637018,0.0619025,0.0601266,0.0583734,0.0566423,0.0549325,0.0532435,0.0515746,0.0499252,0.0482947,0.0466824,0.0450877,0.04351,0.0419488,0.0404035,0.0388733,0.0373579,0.0358566,0.0343688,0.0328939,0.0314316,0.029981,0.0285418,0.0271134,0.0256952,0.0242867,0.0228873,0.0214967,0.0201141,0.0187391,0.0173712,0.0160098,0.0146545,0.0133048,0.01196,0.0106198,0.00928356,0.00795084,0.00662112,0.0052939,0.00396868,0.00264495
1,0.972651,0.945476,0.918639,0.892289,0.866554,0.841536,0.817311,0.793932,0.771427,0.749806,0.729064,0.709182,0.690133,0.671884,0.654397,0.637633,0.621552,0.606114,0.59128,0.577012,0.563277,0.55004,0.537271,0.524941,0.513023,0.501493,0.490329,0.479509,0.469014,0.458827,0.448931,0.439312,0.429955,0.420849,0.41198,0.40334,0.394916,0.386702,0.378686,0.370863,0.363224,0.355762,0.348471,0.341345,0.334379,0.327566,0.320902,0.314381,0.308001,0.301756,0.295642,0.289655,0.283793,0.278051,0.272426,0.266914,0.261514,0.256222,0.251036,0.245951,0.240967,0.236081,0.231289,0.226591,0.221983,0.217464,0.213031,0.208683,0.204417,0.200231,0.196125,0.192095,0.18814,0.184259,0.18045,0.176711,0.17304,0.169437,0.165899,0.162425,0.159014,0.155665,0.152375,0.149144,0.14597,0.142853,0.13979,0.136781,0.133824,0.130919,0.128063,0.125256,0.122498,0.119786,0.117119,0.114498,0.11192,0.109385,0.106891,0.104438,0.102025,0.0996501,0.0973135,0.0950139,0.0927504,0.0905221,0.0883282,0.0861678,0.0840401,0.0819443,0.0798795,0.0778451,0.0758402,0.073864,0.0719158,0.0699948,0.0681004,0.0662317,0.0643882,0.062569,0.0607735,0.059001,0.0572509,0.0555224,0.0538149,0.0521278,0.0504604,0.0488121,0.0471823,0.0455703,0.0439756,0.0423975,0.0408354,0.0392888,0.037757,0.0362395,0.0347357,0.033245,0.0317669,0.0303008,0.0288461,0.0274024,0.025969,0.0245454,0.0231311,0.0217256,0.0203283,0.0189386,0.0175561,0.0161802,0.0148105,0.0134463,0.0120873,0.0107328,0.00938231,0.0080354,0.00669154,0.0053502,0.00401088,0.00267308
1,0.97383,0.947805,0.922063,0.896729,0.871915,0.847712,0.82419,0.801401,0.779379,0.758139,0.737685,0.718008,0.699091,0.68091,0.663439,0.646644,0.630495,0.614958,0.6,0.585589,0.571695,0.558287,0.545339,0.532824,0.520717,0.508997,0.497641,0.48663,0.475946,0.465571,0.455491,0.445691,0.436157,0.426878,0.417841,0.409036,0.400452,0.392082,0.383916,0.375946,0.368164,0.360564,0.35314,0.345884,0.338792,0.331857,0.325075,0.318441,0.31195,0.305598,0.299381,0.293294,0.287334,0.281498,0.275782,0.270183,0.264697,0.259323,0.254056,0.248894,0.243834,0.238874,0.234012,0.229245,0.22457,0.219986,0.21549,0.211081,0.206755,0.202512,0.19835,0.194265,0.190258,0.186325,0.182465,0.178677,0.174959,0.17131,0.167727,0.164209,0.160756,0.157364,0.154034,0.150763,0.147551,0.144396,0.141296,0.138251,0.135259,0.132319,0.12943,0.126591,0.1238,0.121057,0.11836,0.115708,0.113101,0.110537,0.108015,0.105535,0.103094,0.100693,0.0983309,0.0960059,0.0937175,0.0914648,0.0892469,0.087063,0.0849122,0.0827937,0.0807067,0.0786503,0.0766239,0.0746266,0.0726576,0.0707162,0.0688017,0.0669132,0.0650502,0.0632119,0.0613975,0.0596064,0.0578379,0.0560913,0.054366,0.0526614,0.0509766,0.0493112,0.0476645,0.0460358,0.0444245,0.0428301,0.0412519,0.0396894,0.0381418,0.0366087,0.0350894,0.0335835,0.0320902,0.0306091,0.0291396,0.0276811,0.026233,0.0247949,0.0233662,0.0219463,0.0205348,0.019131,0.0177344,0.0163445,0.0149608,0.0135828,0.0122099,0.0108417,0.00947752,0.00811694,0.00675943,0.00540448,0.00405157,0.0027002
1,0.974865,0.949852,0.925078,0.900651,0.876666,0.853206,0.830336,0.808105,0.786548,0.765686,0.745528,0.726073,0.707312,0.689228,0.671802,0.65501,0.638826,0.623223,0.608173,0.593649,0.579625,0.566075,0.552974,0.540298,0.528026,0.516135,0.504607,0.493424,0.482567,0.472021,0.461772,0.451804,0.442106,0.432665,0.423469,0.41451,0.405776,0.397258,0.388949,0.380839,0.372923,0.365192,0.357639,0.35026,0.343048,0.335996,0.329102,0.322358,0.315761,0.309306,0.302989,0.296806,0.290753,0.284826,0.279022,0.273338,0.26777,0.262315,0.256971,0.251734,0.246601,0.241571,0.23664,0.231806,0.227067,0.22242,0.217863,0.213395,0.209012,0.204713,0.200496,0.196359,0.1923,0.188318,0.18441,0.180574,0.17681,0.173116,0.16949,0.16593,0.162435,0.159003,0.155633,0.152324,0.149075,0.145883,0.142748,0.139668,0.136642,0.133669,0.130748,0.127877,0.125055,0.122281,0.119555,0.116874,0.114239,0.111647,0.109098,0.106591,0.104125,0.101698,0.0993109,0.0969614,0.0946489,0.0923727,0.0901317,0.0879251,0.085752,0.0836117,0.0815032,0.0794258,0.0773786,0.0753609,0.0733719,0.0714108,0.0694769,0.0675694,0.0656876,0.0638308,0.0619982,0.0601892,0.058403,0.0566391,0.0548966,0.053175,0.0514735,0.0497916,0.0481286,0.0464838,0.0448567,0.0432466,0.0416529,0.040075,0.0385122,0.0369641,0.03543,0.0339093,0.0324014,0.0309059,0.029422,0.0279493,0.0264872,0.0250351,0.0235925,0.0221588,0.0207335,0.0193161,0.017906,0.0165027,0.0151056,0.0137142,0.012328,0.0109465,0.00956916,0.00819542,0.00682478,0.00545673,0.00409074,0.0027263
1,0.975778,0.951661,0.927746,0.904129,0.880893,0.858111,0.835842,0.814134,0.793022,0.772529,0.752669,0.733446,0.714855,0.696889,0.679533,0.662768,0.646576,0.630934,0.61582,0.60121,0.587083,0.573415,0.560184,0.54737,0.534952,0.522912,0.51123,0.499891,0.488878,0.478175,0.46777,0.457648,0.447797,0.438206,0.428863,0.419758,0.410882,0.402226,0.393782,0.385541,0.377496,0.36964,0.361966,0.354469,0.347142,0.339979,0.332977,0.326128,0.31943,0.312876,0.306464,0.300188,0.294045,0.288031,0.282143,0.276377,0.270729,0.265197,0.259778,0.254469,0.249266,0.244168,0.239171,0.234273,0.229471,0.224764,0.220149,0.215623,0.211185,0.206832,0.202563,0.198375,0.194266,0.190236,0.186281,0.1824,0.178592,0.174854,0.171186,0.167585,0.16405,0.16058,0.157172,0.153826,0.150541,0.147314,0.144144,0.141031,0.137972,0.134967,0.132015,0.129113,0.126262,0.123459,0.120704,0.117996,0.115333,0.112714,0.110139,0.107607,0.105115,0.102664,0.100253,0.0978798,0.0955443,0.0932453,0.0909821,0.0887537,0.0865592,0.0843978,0.0822687,0.080171,0.0781039,0.0760666,0.0740583,0.0720783,0.0701258,0.0681999,0.0663001,0.0644255,0.0625754,0.0607492,0.058946,0.0571653,0.0554064,0.0536684,0.0519509,0.0502532,0.0485745,0.0469143,0.0452719,0.0436467,0.0420381,0.0404454,0.0388681,0.0373055,0.0357571,0.0342223,0.0327004,0.031191,0.0296933,0.028207,0.0267313,0.0252658,0.0238098,0.0223629,0.0209245,0.019494,0.0180708,0.0166545,0.0152446,0.0138404,0.0124415,0.0110472,0.00965718,0.0082708,0.00688755,0.00550691,0.00412836,0.00275137
1,0.976588,0.953265,0.930118,0.907227,0.884666,0.862501,0.840787,0.819567,0.798876,0.77874,0.759174,0.740185,0.721775,0.70394,0.68667,0.669954,0.653775,0.638117,0.622962,0.608289,0.594081,0.580316,0.566977,0.554045,0.541501,0.529329,0.517511,0.506032,0.494877,0.484033,0.473485,0.463221,0.453229,0.443498,0.434018,0.424778,0.415769,0.406983,0.398411,0.390046,0.38188,0.373905,0.366117,0.358507,0.351071,0.343803,0.336697,0.329749,0.322953,0.316305,0.309801,0.303437,0.297208,0.291111,0.285141,0.279296,0.273573,0.267967,0.262476,0.257097,0.251827,0.246663,0.241603,0.236643,0.231782,0.227016,0.222344,0.217764,0.213272,0.208868,0.204548,0.200311,0.196155,0.192078,0.188078,0.184154,0.180303,0.176524,0.172815,0.169175,0.165601,0.162094,0.15865,0.155268,0.151948,0.148687,0.145484,0.142339,0.139249,0.136213,0.133231,0.1303,0.12742,0.124589,0.121807,0.119072,0.116383,0.113738,0.111138,0.108581,0.106066,0.103591,0.101157,0.0987608,0.0964031,0.0940824,0.0917978,0.0895484,0.0873334,0.0851518,0.0830028,0.0808857,0.0787994,0.0767433,0.0747166,0.0727184,0.070748,0.0688045,0.0668874,0.0649957,0.0631289,0.0612861,0.0594667,0.0576699,0.0558951,0.0541416,0.0524087,0.0506957,0.049002,0.047327,0.04567,0.0440303,0.0424074,0.0408006,0.0392092,0.0376328,0.0360707,0.0345223,0.032987,0.0314643,0.0299534,0.028454,0.0269653,0.0254869,0.0240182,0.0225586,0.0211075,0.0196644,0.0182288,0.0168001,0.0153778,0.0139614,0.0125502,0.0111438,0.00974156,0.00834306,0.00694772,0.00555502,0.00416442,0.0027754
1,0.977308,0.954694,0.932232,0.909994,0.888044,0.866442,0.845237,0.824471,0.804177,0.784381,0.7651,0.746345,0.72812,0.710425,0.693255,0.676602,0.660454,0.644799,0.629621,0.614905,0.600634,0.586793,0.573364,0.560331,0.547679,0.535391,0.523452,0.511849,0.500567,0.489594,0.478916,0.468521,0.4584,0.44854,0.438932,0.429566,0.420434,0.411526,0.402835,0.394352,0.386072,0.377986,0.370088,0.362372,0.354833,0.347464,0.34026,0.333217,0.326329,0.319591,0.313,0.30655,0.300239,0.294062,0.288015,0.282095,0.276299,0.270622,0.265063,0.259617,0.254282,0.249055,0.243934,0.238915,0.233996,0.229175,0.224449,0.219815,0.215273,0.210818,0.20645,0.202167,0.197965,0.193844,0.189801,0.185834,0.181942,0.178123,0.174375,0.170697,0.167087,0.163544,0.160065,0.156649,0.153295,0.150002,0.146768,0.143591,0.140471,0.137406,0.134395,0.131436,0.128528,0.125671,0.122862,0.120101,0.117387,0.114719,0.112094,0.109514,0.106975,0.104478,0.102021,0.0996039,0.0972249,0.0948833,0.0925783,0.0903088,0.0880741,0.0858732,0.0837053,0.0815694,0.0794649,0.0773908,0.0753464,0.0733307,0.0713432,0.0693829,0.0674492,0.0655412,0.0636583,0.0617997,0.0599647,0.0581526,0.0563626,0.0545941,0.0528465,0.051119,0.0494109,0.0477217,0.0460507,0.0443972,0.0427606,0.0411402,0.0395355,0.0379459,0.0363707,0.0348093,0.0332611,0.0317256,0.0302022,0.0286902,0.0271892,0.0256984,0.0242174,0.0227457,0.0212825,0.0198275,0.0183799,0.0169394,0.0155053,0.014077,0.0126542,0.0112361,0.00982225,0.00841216,0.00700526,0.00560102,0.00419891,0.00279839
1,0.977951,0.955971,0.934123,0.912472,0.891075,0.869985,0.849248,0.828902,0.80898,0.789507,0.770501,0.751975,0.733935,0.716386,0.699324,0.682745,0.666641,0.651002,0.635818,0.621074,0.606759,0.592857,0.579355,0.566238,0.553492,0.541104,0.529059,0.517345,0.505949,0.494859,0.484063,0.47355,0.463309,0.45333,0.443604,0.434122,0.424874,0.415852,0.407049,0.398457,0.390069,0.381878,0.373878,0.366062,0.358424,0.35096,0.343664,0.33653,0.329553,0.32273,0.316056,0.309526,0.303137,0.296883,0.290763,0.284771,0.278905,0.27316,0.267535,0.262026,0.256629,0.251342,0.246162,0.241087,0.236113,0.231238,0.22646,0.221777,0.217185,0.212683,0.208269,0.20394,0.199695,0.195531,0.191446,0.187439,0.183508,0.179651,0.175866,0.172152,0.168507,0.164929,0.161416,0.157968,0.154583,0.151258,0.147994,0.144788,0.141639,0.138545,0.135507,0.132521,0.129587,0.126704,0.12387,0.121085,0.118347,0.115654,0.113007,0.110404,0.107843,0.105325,0.102847,0.100409,0.0980094,0.0956479,0.0933233,0.0910347,0.0887811,0.0865617,0.0843757,0.082222,0.0801,0.0780087,0.0759473,0.0739151,0.0719112,0.0699349,0.0679853,0.0660618,0.0641635,0.0622898,0.0604399,0.0586131,0.0568087,0.0550259,0.0532642,0.0515228,0.0498011,0.0480983,0.0464139,0.0447472,0.0430975,0.0414643,0.0398468,0.0382445,0.0366568,0.0350831,0.0335227,0.031975,0.0304395,0.0289156,0.0274027,0.0259002,0.0244075,0.0229242,0.0214495,0.019983,0.0185241,0.0170722,0.0156268,0.0141874,0.0127533,0.0113241,0.00989922,0.00847808,0.00706015,0.0056449,0.0042318,0.00282031
1,0.978527,0.957114,0.935818,0.914696,0.8938,0.873176,0.852867,0.83291,0.813334,0.794165,0.775422,0.757117,0.739261,0.721858,0.704909,0.688412,0.672362,0.656752,0.641573,0.626816,0.612469,0.598521,0.58496,0.571773,0.558948,0.546473,0.534335,0.522523,0.511025,0.49983,0.488927,0.478305,0.467956,0.457868,0.448033,0.438442,0.429087,0.41996,0.411053,0.402358,0.393869,0.385579,0.377482,0.369572,0.361843,0.354288,0.346904,0.339685,0.332625,0.325721,0.318968,0.312362,0.305898,0.299572,0.293381,0.287321,0.281388,0.27558,0.269892,0.264322,0.258866,0.253522,0.248286,0.243157,0.238131,0.233205,0.228378,0.223646,0.219007,0.21446,0.210002,0.20563,0.201343,0.197138,0.193014,0.188969,0.185001,0.181107,0.177287,0.173538,0.169859,0.166248,0.162704,0.159225,0.155809,0.152455,0.149161,0.145927,0.142751,0.13963,0.136565,0.133554,0.130595,0.127687,0.12483,0.122021,0.11926,0.116545,0.113876,0.111252,0.10867,0.106131,0.103633,0.101175,0.098756,0.0963756,0.0940323,0.0917255,0.089454,0.087217,0.0850137,0.0828431,0.0807043,0.0785967,0.0765192,0.0744712,0.0724517,0.0704601,0.0684954,0.0665571,0.0646442,0.0627561,0.060892,0.0590513,0.0572331,0.0554368,0.0536616,0.051907,0.0501723,0.0484566,0.0467595,0.0450802,0.0434181,0.0417726,0.040143,0.0385287,0.0369291,0.0353435,0.0337714,0.0322122,0.0306653,0.02913,0.0276058,0.0260921,0.0245884,0.023094,0.0216083,0.0201309,0.0186612,0.0171986,0.0157425,0.0142924,0.0128477,0.0114079,0.00997244,0.00854078,0.00711236,0.00568665,0.0042631,0.00284116
1,0.979043,0.958139,0.937339,0.916695,0.896251,0.876052,0.856136,0.836536,0.817282,0.798398,0.779903,0.761812,0.744134,0.726877,0.710043,0.693632,0.677643,0.66207,0.646908,0.632148,0.617781,0.603799,0.590191,0.576946,0.564054,0.551504,0.539285,0.527387,0.515798,0.504509,0.493509,0.48279,0.47234,0.462153,0.452218,0.442527,0.433073,0.423848,0.414844,0.406053,0.39747,0.389088,0.380901,0.372902,0.365086,0.357447,0.34998,0.34268,0.335542,0.328561,0.321734,0.315055,0.30852,0.302126,0.295868,0.289744,0.283748,0.277879,0.272131,0.266503,0.260992,0.255593,0.250305,0.245124,0.240048,0.235074,0.230199,0.225422,0.220739,0.216148,0.211648,0.207235,0.202909,0.198665,0.194504,0.190422,0.186418,0.18249,0.178636,0.174854,0.171143,0.167501,0.163927,0.160418,0.156973,0.153591,0.15027,0.147009,0.143806,0.14066,0.13757,0.134535,0.131552,0.128621,0.125741,0.12291,0.120127,0.117391,0.114701,0.112056,0.109454,0.106896,0.104378,0.101902,0.0994646,0.097066,0.0947051,0.0923809,0.0900924,0.0878387,0.085619,0.0834323,0.0812777,0.0791545,0.0770618,0.0749987,0.0729645,0.0709583,0.0689794,0.0670269,0.0651002,0.0631985,0.0613209,0.0594669,0.0576356,0.0558265,0.0540386,0.0522715,0.0505243,0.0487965,0.0470873,0.0453961,0.0437222,0.042065,0.0404239,0.0387982,0.0371873,0.0355905,0.0340074,0.0324372,0.0308794,0.0293333,0.0277984,0.0262741,0.0247598,0.023255,0.021759,0.0202713,0.0187913,0.0173184,0.0158522,0.0143919,0.0129372,0.0114873,0.0100419,0.00860025,0.00716188,0.00572624,0.00429277,0.00286094
1,0.979506,0.959059,0.938706,0.918492,0.898458,0.878645,0.859087,0.839816,0.82086,0.802243,0.783982,0.766092,0.748587,0.731472,0.714753,0.698432,0.682508,0.666978,0.65184,0.637085,0.622709,0.608703,0.595059,0.581767,0.568819,0.556205,0.543915,0.531941,0.520271,0.508898,0.497812,0.487003,0.476464,0.466185,0.456158,0.446376,0.436831,0.427514,0.41842,0.409541,0.400871,0.392403,0.384131,0.376049,0.368151,0.360433,0.352889,0.345513,0.338301,0.331249,0.324351,0.317604,0.311002,0.304544,0.298223,0.292037,0.285982,0.280055,0.274251,0.268569,0.263004,0.257554,0.252216,0.246986,0.241863,0.236843,0.231924,0.227103,0.222378,0.217747,0.213207,0.208755,0.204391,0.200111,0.195914,0.191797,0.18776,0.183799,0.179913,0.1761,0.172359,0.168687,0.165084,0.161547,0.158074,0.154666,0.151319,0.148032,0.144805,0.141635,0.138521,0.135462,0.132457,0.129504,0.126602,0.12375,0.120947,0.118191,0.115481,0.112817,0.110196,0.107619,0.105084,0.102589,0.100135,0.097719,0.0953413,0.0930007,0.0906961,0.0884266,0.0861913,0.0839894,0.0818199,0.0796819,0.0775748,0.0754975,0.0734493,0.0714293,0.0694369,0.0674711,0.0655313,0.0636166,0.0617264,0.0598598,0.0580162,0.0561948,0.054395,0.052616,0.0508571,0.0491177,0.0473971,0.0456946,0.0440096,0.0423414,0.0406894,0.0390529,0.0374313,0.035824,0.0342304,0.0326498,0.0310817,0.0295255,0.0279805,0.0264462,0.0249219,0.0234072,0.0219014,0.0204039,0.0189142,0.0174317,0.0159558,0.014486,0.0130217,0.0115624,0.0101075,0.00865645,0.00720868,0.00576366,0.00432082,0.00287964
1,0.979921,0.959885,0.939934,0.920108,0.900445,0.880982,0.861751,0.842782,0.824101,0.80573,0.787688,0.76999,0.752648,0.735671,0.719066,0.702834,0.686978,0.671496,0.656387,0.641645,0.627267,0.613245,0.599573,0.586244,0.573249,0.560581,0.54823,0.536189,0.524449,0.513001,0.501837,0.490948,0.480327,0.469965,0.459855,0.449988,0.440359,0.430959,0.421782,0.412821,0.404069,0.395521,0.38717,0.379011,0.371038,0.363246,0.355629,0.348182,0.340901,0.333781,0.326818,0.320006,0.313343,0.306823,0.300443,0.2942,0.288089,0.282107,0.276251,0.270517,0.264902,0.259404,0.254018,0.248743,0.243575,0.238512,0.23355,0.228689,0.223924,0.219254,0.214676,0.210188,0.205788,0.201474,0.197243,0.193094,0.189025,0.185033,0.181116,0.177274,0.173504,0.169805,0.166174,0.162611,0.159113,0.155679,0.152307,0.148997,0.145746,0.142553,0.139417,0.136337,0.13331,0.130336,0.127414,0.124542,0.121719,0.118944,0.116216,0.113533,0.110895,0.1083,0.105748,0.103237,0.100766,0.098334,0.0959406,0.0935845,0.0912647,0.0889803,0.0867304,0.0845141,0.0823305,0.0801787,0.0780579,0.0759672,0.0739058,0.0718729,0.0698677,0.0678894,0.0659373,0.0640104,0.0621082,0.0602298,0.0583746,0.0565417,0.0547306,0.0529404,0.0511705,0.0494202,0.0476889,0.0459758,0.0442802,0.0426017,0.0409394,0.0392927,0.0376611,0.0360439,0.0344404,0.0328501,0.0312723,0.0297064,0.0281519,0.0266082,0.0250746,0.0235505,0.0220354,0.0205288,0.0190299,0.0175383,0.0160534,0.0145746,0.0131014,0.0116331,0.0101693,0.00870937,0.00725275,0.00579889,0.00434723,0.00289724
1,0.980294,0.960627,0.941037,0.92156,0.902233,0.883087,0.864153,0.84546,0.827031,0.808888,0.79105,0.773531,0.756345,0.7395,0.723004,0.706861,0.691073,0.675642,0.660566,0.645842,0.631468,0.617437,0.603746,0.590387,0.577354,0.564639,0.552236,0.540137,0.528334,0.51682,0.505586,0.494625,0.48393,0.473493,0.463307,0.453364,0.443658,0.434181,0.424927,0.415891,0.407064,0.398442,0.390019,0.381788,0.373744,0.365883,0.358198,0.350686,0.34334,0.336157,0.329132,0.322261,0.315539,0.308962,0.302527,0.29623,0.290067,0.284034,0.278128,0.272346,0.266684,0.26114,0.25571,0.250392,0.245182,0.240078,0.235078,0.230177,0.225375,0.220669,0.216056,0.211534,0.2071,0.202754,0.198491,0.194311,0.190212,0.186191,0.182246,0.178376,0.17458,0.170854,0.167198,0.163609,0.160087,0.156629,0.153235,0.149902,0.146629,0.143415,0.140258,0.137157,0.13411,0.131117,0.128176,0.125285,0.122444,0.119651,0.116905,0.114206,0.111551,0.108939,0.106371,0.103844,0.101358,0.0989109,0.0965027,0.094132,0.091798,0.0894996,0.087236,0.0850062,0.0828093,0.0806445,0.0785109,0.0764077,0.074334,0.0722889,0.0702718,0.0682817,0.0663179,0.0643797,0.0624662,0.0605768,0.0587106,0.056867,0.0550452,0.0532446,0.0514643,0.0497039,0.0479624,0.0462393,0.044534,0.0428457,0.0411738,0.0395176,0.0378765,0.03625,0.0346373,0.0330378,0.0314509,0.0298761,0.0283127,0.02676,0.0252176,0.0236849,0.0221611,0.0206458,0.0191384,0.0176383,0.0161449,0.0146577,0.013176,0.0116994,0.0102272,0.00875898,0.00729406,0.00583191,0.00437199,0.00291373
1,0.980629,0.961292,0.942026,0.922864,0.903838,0.884979,0.866316,0.847873,0.829675,0.811742,0.794092,0.77674,0.7597,0.74298,0.726589,0.710532,0.694813,0.679433,0.664392,0.64969,0.635324,0.621291,0.607586,0.594203,0.581139,0.568386,0.555938,0.543789,0.531931,0.520358,0.509062,0.498037,0.487276,0.476771,0.466515,0.456503,0.446727,0.43718,0.427856,0.41875,0.409855,0.401165,0.392674,0.384377,0.376269,0.368343,0.360596,0.353022,0.345617,0.338375,0.331293,0.324366,0.31759,0.31096,0.304474,0.298126,0.291914,0.285833,0.279881,0.274054,0.268349,0.262762,0.257291,0.251932,0.246684,0.241542,0.236504,0.231568,0.226731,0.221991,0.217345,0.21279,0.208326,0.203949,0.199657,0.195448,0.191321,0.187272,0.183301,0.179406,0.175584,0.171833,0.168153,0.164542,0.160997,0.157517,0.154101,0.150747,0.147453,0.144219,0.141043,0.137922,0.134857,0.131846,0.128887,0.125979,0.12312,0.120311,0.117549,0.114833,0.112162,0.109536,0.106953,0.104411,0.10191,0.0994493,0.0970272,0.094643,0.0922957,0.0899842,0.0877078,0.0854654,0.0832562,0.0810792,0.0789337,0.0768187,0.0747335,0.0726771,0.0706488,0.0686477,0.0666731,0.0647242,0.0628003,0.0609005,0.0590241,0.0571705,0.0553388,0.0535284,0.0517385,0.0499685,0.0482176,0.0464853,0.0447707,0.0430733,0.0413924,0.0397274,0.0380775,0.0364423,0.0348209,0.0332129,0.0316176,0.0300344,0.0284626,0.0269017,0.0253511,0.0238102,0.0222784,0.020755,0.0192396,0.0177316,0.0162303,0.0147351,0.0132457,0.0117612,0.0102813,0.00880526,0.00733259,0.00586272,0.00439509,0.00292913
1,0.980928,0.961887,0.942912,0.924032,0.905277,0.886677,0.868257,0.850042,0.832054,0.814312,0.796836,0.779639,0.762734,0.746131,0.72984,0.713865,0.698213,0.682884,0.667881,0.653203,0.638849,0.624816,0.611102,0.597703,0.584613,0.571828,0.559342,0.547149,0.535243,0.523619,0.512268,0.501186,0.490365,0.479799,0.469481,0.459406,0.449566,0.439955,0.430568,0.421399,0.41244,0.403688,0.395136,0.386778,0.37861,0.370626,0.362821,0.355191,0.34773,0.340434,0.333299,0.326321,0.319494,0.312815,0.306281,0.299887,0.293629,0.287505,0.28151,0.275641,0.269895,0.264269,0.258759,0.253363,0.248078,0.242901,0.237829,0.23286,0.22799,0.223218,0.218542,0.213958,0.209464,0.205059,0.200739,0.196504,0.19235,0.188277,0.184281,0.180361,0.176516,0.172743,0.169041,0.165407,0.161841,0.158341,0.154905,0.151531,0.148219,0.144966,0.141771,0.138633,0.135551,0.132522,0.129546,0.126622,0.123748,0.120923,0.118146,0.115415,0.11273,0.11009,0.107492,0.104937,0.102423,0.0999489,0.097514,0.0951172,0.0927575,0.0904339,0.0881456,0.0858915,0.0836708,0.0814826,0.079326,0.0772001,0.0751041,0.0730372,0.0709985,0.0689873,0.0670027,0.0650439,0.0631102,0.0612008,0.059315,0.057452,0.0556112,0.0537917,0.0519928,0.050214,0.0484544,0.0467134,0.0449903,0.0432845,0.0415953,0.039922,0.038264,0.0366207,0.0349913,0.0333754,0.0317722,0.0301812,0.0286017,0.0270332,0.0254749,0.0239265,0.0223871,0.0208563,0.0193335,0.0178181,0.0163094,0.014807,0.0133103,0.0118186,0.0103314,0.00884819,0.00736834,0.0058913,0.00441651,0.0029434
1,0.981194,0.962418,0.943702,0.925074,0.906562,0.888194,0.869993,0.851983,0.834185,0.816619,0.7993,0.782245,0.765465,0.748972,0.732774,0.716877,0.701288,0.68601,0.671043,0.656391,0.642051,0.628023,0.614305,0.600892,0.587782,0.57497,0.562452,0.550222,0.538275,0.526605,0.515206,0.504073,0.493199,0.482579,0.472205,0.462073,0.452176,0.442508,0.433063,0.423836,0.41482,0.406011,0.397403,0.388989,0.380767,0.372729,0.364871,0.357189,0.349678,0.342333,0.335149,0.328123,0.32125,0.314527,0.307948,0.301511,0.295212,0.289047,0.283012,0.277105,0.271321,0.265659,0.260114,0.254684,0.249365,0.244155,0.239052,0.234051,0.229152,0.224351,0.219646,0.215034,0.210514,0.206083,0.201738,0.197478,0.1933,0.189203,0.185185,0.181243,0.177376,0.173582,0.169859,0.166206,0.162621,0.159101,0.155647,0.152255,0.148925,0.145655,0.142443,0.139289,0.13619,0.133146,0.130155,0.127216,0.124327,0.121488,0.118697,0.115952,0.113254,0.1106,0.10799,0.105422,0.102896,0.10041,0.0979628,0.0955543,0.0931832,0.0908485,0.0885491,0.0862843,0.084053,0.0818544,0.0796876,0.0775517,0.0754458,0.0733692,0.071321,0.0693003,0.0673064,0.0653385,0.0633959,0.0614776,0.0595831,0.0577115,0.0558622,0.0540343,0.0522272,0.0504402,0.0486726,0.0469237,0.0451927,0.0434792,0.0417823,0.0401014,0.0384358,0.0367851,0.0351484,0.0335251,0.0319147,0.0303165,0.0287299,0.0271543,0.0255891,0.0240336,0.0224874,0.0209497,0.01942,0.0178978,0.0163824,0.0148733,0.0133698,0.0118714,0.0103776,0.00888775,0.00740129,0.00591764,0.00443626,0.00295656
1,0.981431,0.962889,0.944403,0.925999,0.907704,0.889543,0.871538,0.853713,0.836086,0.818677,0.801502,0.784575,0.76791,0.751517,0.735406,0.719582,0.704053,0.688823,0.673893,0.659266,0.644942,0.630921,0.617201,0.603779,0.590653,0.57782,0.565274,0.553012,0.541029,0.52932,0.517879,0.506701,0.49578,0.485111,0.474688,0.464505,0.454557,0.444837,0.43534,0.426061,0.416994,0.408133,0.399474,0.391011,0.382738,0.374652,0.366746,0.359017,0.35146,0.344069,0.336842,0.329772,0.322857,0.316092,0.309474,0.302998,0.29666,0.290458,0.284387,0.278445,0.272627,0.266931,0.261354,0.255892,0.250543,0.245303,0.240171,0.235142,0.230216,0.225388,0.220657,0.21602,0.211475,0.20702,0.202652,0.198369,0.19417,0.190051,0.186012,0.18205,0.178163,0.17435,0.170608,0.166937,0.163334,0.159797,0.156325,0.152917,0.149571,0.146285,0.143058,0.139889,0.136775,0.133717,0.130712,0.127759,0.124857,0.122004,0.1192,0.116444,0.113733,0.111067,0.108445,0.105866,0.103328,0.100831,0.0983733,0.0959542,0.0935727,0.0912277,0.0889183,0.0866436,0.0844026,0.0821945,0.0800183,0.0778732,0.0757583,0.0736728,0.0716158,0.0695866,0.0675842,0.065608,0.0636571,0.0617308,0.0598283,0.0579489,0.0560918,0.0542563,0.0524416,0.0506472,0.0488722,0.047116,0.0453779,0.0436572,0.0419532,0.0402654,0.038593,0.0369354,0.035292,0.033662,0.032045,0.0304402,0.0288471,0.0272651,0.0256934,0.0241316,0.022579,0.0210351,0.0194992,0.0179707,0.0164491,0.0149338,0.0134242,0.0119198,0.0104199,0.00892393,0.00743141,0.00594173,0.00445431,0.0029686
1,0.981639,0.963305,0.945022,0.926817,0.908713,0.890735,0.872905,0.855243,0.837769,0.820501,0.803455,0.786645,0.770083,0.753782,0.737749,0.721993,0.70652,0.691335,0.67644,0.661838,0.647531,0.633518,0.619798,0.60637,0.593232,0.580381,0.567813,0.555524,0.54351,0.531766,0.520288,0.509071,0.498109,0.487398,0.476931,0.466703,0.456709,0.446943,0.4374,0.428075,0.418961,0.410055,0.40135,0.392841,0.384524,0.376394,0.368445,0.360674,0.353075,0.345643,0.338376,0.331267,0.324314,0.317512,0.310857,0.304346,0.297974,0.291738,0.285634,0.27966,0.273811,0.268085,0.262479,0.256988,0.251611,0.246344,0.241186,0.236132,0.23118,0.226328,0.221574,0.216914,0.212347,0.20787,0.203481,0.199178,0.194958,0.19082,0.186762,0.182782,0.178877,0.175046,0.171288,0.167599,0.16398,0.160428,0.15694,0.153517,0.150156,0.146856,0.143615,0.140432,0.137306,0.134234,0.131216,0.128251,0.125337,0.122473,0.119657,0.116889,0.114167,0.11149,0.108858,0.106268,0.10372,0.101213,0.0987453,0.0963166,0.0939256,0.0915714,0.0892529,0.0869692,0.0847195,0.0825027,0.0803181,0.0781646,0.0760415,0.073948,0.0718831,0.069846,0.067836,0.0658522,0.0638939,0.0619602,0.0600505,0.058164,0.0562998,0.0544574,0.0526359,0.0508347,0.049053,0.0472902,0.0455456,0.0438185,0.0421082,0.040414,0.0387354,0.0370716,0.0354221,0.0337861,0.0321631,0.0305524,0.0289533,0.0273654,0.025788,0.0242204,0.0226621,0.0211124,0.0195709,0.0180368,0.0165096,0.0149887,0.0134736,0.0119636,0.0104581,0.00895672,0.00745871,0.00596355,0.00447067,0.0029795
1,0.981822,0.963668,0.945564,0.927532,0.909596,0.89178,0.874102,0.856585,0.839246,0.822103,0.805171,0.788465,0.771997,0.755777,0.739816,0.724121,0.7087,0.693556,0.678694,0.664116,0.649825,0.635821,0.622104,0.608672,0.595525,0.582659,0.570072,0.55776,0.54572,0.533947,0.522438,0.511186,0.500189,0.48944,0.478934,0.468667,0.458633,0.448826,0.439243,0.429876,0.420722,0.411774,0.403029,0.39448,0.386124,0.377954,0.369967,0.362158,0.354522,0.347054,0.339751,0.332607,0.32562,0.318785,0.312097,0.305554,0.299151,0.292885,0.286753,0.28075,0.274873,0.26912,0.263487,0.257971,0.252569,0.247278,0.242096,0.237019,0.232045,0.227171,0.222396,0.217715,0.213128,0.208632,0.204224,0.199902,0.195665,0.19151,0.187435,0.183438,0.179517,0.17567,0.171897,0.168193,0.164559,0.160993,0.157492,0.154055,0.150681,0.147368,0.144115,0.14092,0.137781,0.134698,0.131669,0.128692,0.125767,0.122892,0.120066,0.117288,0.114556,0.11187,0.109227,0.106628,0.104071,0.101555,0.0990787,0.0966414,0.0942419,0.0918793,0.0895527,0.087261,0.0850034,0.0827789,0.0805866,0.0784257,0.0762953,0.0741945,0.0721225,0.0700785,0.0680616,0.066071,0.064106,0.0621658,0.0602496,0.0583566,0.0564862,0.0546375,0.0528099,0.0510027,0.049215,0.0474463,0.0456959,0.043963,0.042247,0.0405472,0.038863,0.0371937,0.0355387,0.0338972,0.0322688,0.0306528,0.0290485,0.0274553,0.0258727,0.0242999,0.0227365,0.0211817,0.0196351,0.018096,0.0165638,0.0150379,0.0135178,0.0120028,0.0104924,0.00898608,0.00748316,0.0059831,0.00448533,0.00298927
1,0.98198,0.963983,0.946032,0.928151,0.910361,0.892684,0.875141,0.857749,0.840528,0.823494,0.806663,0.790047,0.773661,0.757514,0.741617,0.725977,0.710601,0.695495,0.680663,0.666108,0.651833,0.637838,0.624124,0.61069,0.597535,0.584658,0.572056,0.559725,0.547663,0.535865,0.524328,0.513048,0.50202,0.491238,0.480699,0.470398,0.460329,0.450487,0.440868,0.431465,0.422275,0.413292,0.404511,0.395928,0.387536,0.379332,0.371311,0.363469,0.3558,0.3483,0.340966,0.333792,0.326774,0.31991,0.313194,0.306622,0.300192,0.2939,0.287741,0.281713,0.275812,0.270035,0.264378,0.25884,0.253416,0.248103,0.2429,0.237803,0.232809,0.227917,0.223122,0.218424,0.213819,0.209306,0.204881,0.200543,0.19629,0.192119,0.188029,0.184017,0.180082,0.176222,0.172435,0.168718,0.165072,0.161492,0.157979,0.154531,0.151145,0.147821,0.144556,0.14135,0.138201,0.135108,0.132069,0.129082,0.126148,0.123263,0.120428,0.117641,0.1149,0.112205,0.109554,0.106947,0.104382,0.101857,0.0993733,0.0969283,0.0945213,0.0921514,0.0898175,0.0875188,0.0852542,0.0830229,0.0808239,0.0786564,0.0765195,0.0744123,0.0723341,0.0702838,0.0682609,0.0662643,0.0642934,0.0623474,0.0604255,0.0585269,0.0566509,0.0547967,0.0529637,0.0511511,0.0493582,0.0475842,0.0458286,0.0440906,0.0423696,0.0406648,0.0389757,0.0373015,0.0356416,0.0339954,0.0323623,0.0307415,0.0291326,0.0275348,0.0259475,0.0243702,0.0228022,0.021243,0.0196918,0.0181483,0.0166116,0.0150813,0.0135568,0.0120375,0.0105227,0.00901202,0.00750476,0.00600037,0.00449827,0.00299789
1,0.982114,0.964251,0.946431,0.928679,0.911013,0.893456,0.876026,0.858743,0.841623,0.824683,0.807938,0.791401,0.775086,0.759002,0.74316,0.727568,0.712233,0.69716,0.682355,0.66782,0.653559,0.639574,0.625863,0.612429,0.599269,0.586383,0.573767,0.561421,0.549341,0.537522,0.525963,0.514658,0.503603,0.492795,0.482227,0.471897,0.461798,0.451926,0.442276,0.432843,0.423622,0.414608,0.405797,0.397182,0.388761,0.380528,0.372478,0.364606,0.356909,0.349382,0.34202,0.334819,0.327776,0.320886,0.314145,0.307549,0.301096,0.29478,0.288599,0.282549,0.276627,0.270829,0.265152,0.259594,0.254151,0.24882,0.243598,0.238484,0.233473,0.228564,0.223753,0.219039,0.214419,0.20989,0.205451,0.201099,0.196832,0.192648,0.188545,0.184521,0.180573,0.176701,0.172902,0.169174,0.165516,0.161926,0.158402,0.154944,0.151548,0.148214,0.14494,0.141724,0.138566,0.135463,0.132415,0.129421,0.126478,0.123585,0.120742,0.117947,0.115198,0.112496,0.109838,0.107223,0.104651,0.10212,0.0996289,0.0971773,0.0947638,0.0923875,0.0900474,0.0877425,0.0854718,0.0832346,0.0810298,0.0788566,0.076714,0.0746013,0.0725176,0.070462,0.0684338,0.066432,0.064456,0.062505,0.0605781,0.0586746,0.0567937,0.0549348,0.0530971,0.0512798,0.0494823,0.0477039,0.0459438,0.0442014,0.042476,0.0407669,0.0390735,0.037395,0.035731,0.0340806,0.0324433,0.0308185,0.0292055,0.0276037,0.0260124,0.0244312,0.0228592,0.0212961,0.0197411,0.0181936,0.0166531,0.015119,0.0135907,0.0120675,0.010549,0.00903453,0.0075235,0.00601535,0.0045095,0.00300538
1,0.982226,0.964474,0.946764,0.929119,0.911557,0.8941,0.876766,0.859572,0.842537,0.825676,0.809004,0.792534,0.776279,0.760248,0.744454,0.728902,0.713602,0.698558,0.683776,0.669259,0.655011,0.641034,0.627327,0.613893,0.600729,0.587836,0.575211,0.562852,0.550756,0.538921,0.527343,0.516017,0.504941,0.49411,0.483519,0.473164,0.46304,0.453142,0.443467,0.434008,0.424761,0.415722,0.406884,0.398245,0.389798,0.38154,0.373465,0.365569,0.357848,0.350297,0.342913,0.33569,0.328624,0.321713,0.314951,0.308335,0.301861,0.295526,0.289326,0.283257,0.277317,0.271501,0.265808,0.260233,0.254773,0.249427,0.24419,0.239061,0.234035,0.229112,0.224288,0.21956,0.214927,0.210386,0.205934,0.20157,0.197292,0.193096,0.188982,0.184947,0.180989,0.177107,0.173298,0.16956,0.165893,0.162294,0.158761,0.155293,0.151889,0.148546,0.145264,0.142041,0.138875,0.135765,0.132709,0.129707,0.126757,0.123858,0.121008,0.118206,0.115451,0.112742,0.110078,0.107457,0.104879,0.102342,0.0998455,0.0973882,0.0949692,0.0925875,0.090242,0.0879319,0.0856562,0.0834139,0.0812042,0.0790261,0.0768788,0.0747614,0.072673,0.0706129,0.0685802,0.0665741,0.0645937,0.0626384,0.0607073,0.0587996,0.0569147,0.0550518,0.0532101,0.0513889,0.0495875,0.0478052,0.0460413,0.0442952,0.0425661,0.0408533,0.0391563,0.0374743,0.0358066,0.0341528,0.032512,0.0308837,0.0292673,0.027662,0.0260674,0.0244828,0.0229075,0.0213411,0.0197827,0.018232,0.0166883,0.0151509,0.0136193,0.012093,0.0105713,0.00905359,0.00753937,0.00602804,0.00451901,0.00301172
1,0.982317,0.964655,0.947034,0.929475,0.911997,0.894621,0.877364,0.860244,0.843278,0.826481,0.809868,0.793452,0.777246,0.76126,0.745503,0.729986,0.714714,0.699694,0.684931,0.67043,0.656193,0.642222,0.62852,0.615086,0.601919,0.589021,0.576388,0.564019,0.551912,0.540063,0.528469,0.517128,0.506034,0.495184,0.484574,0.474199,0.464055,0.454137,0.444441,0.434961,0.425693,0.416633,0.407775,0.399114,0.390647,0.382368,0.374273,0.366358,0.358617,0.351047,0.343644,0.336402,0.329319,0.32239,0.315611,0.308978,0.302488,0.296137,0.289921,0.283837,0.277882,0.272053,0.266345,0.260756,0.255284,0.249924,0.244675,0.239533,0.234496,0.229561,0.224725,0.219987,0.215343,0.210792,0.20633,0.201956,0.197668,0.193464,0.18934,0.185296,0.18133,0.177439,0.173622,0.169876,0.166201,0.162594,0.159054,0.15558,0.152168,0.148819,0.14553,0.1423,0.139128,0.136011,0.13295,0.129942,0.126986,0.124081,0.121225,0.118418,0.115658,0.112944,0.110274,0.107649,0.105066,0.102524,0.100023,0.0975609,0.0951374,0.0927512,0.0904014,0.088087,0.0858071,0.0835607,0.081347,0.0791649,0.0770137,0.0748924,0.0728003,0.0707365,0.0687001,0.0666904,0.0647065,0.0627477,0.0608131,0.0589021,0.0570138,0.0551475,0.0533026,0.0514782,0.0496736,0.0478882,0.0461212,0.044372,0.0426398,0.0409241,0.0392241,0.0375391,0.0358686,0.0342118,0.0325682,0.0309371,0.0293178,0.0277098,0.0261124,0.0245251,0.0229471,0.0213779,0.0198169,0.0182635,0.0167171,0.015177,0.0136428,0.0121138,0.0105895,0.00906919,0.00755237,0.00603843,0.0045268,0.00301691
1,0.982387,0.964794,0.947241,0.929749,0.912337,0.895023,0.877825,0.860762,0.843849,0.827102,0.810535,0.794161,0.777993,0.762041,0.746315,0.730823,0.715574,0.700573,0.685826,0.671336,0.657108,0.643143,0.629444,0.61601,0.602842,0.58994,0.577301,0.564925,0.552809,0.540949,0.529344,0.51799,0.506883,0.496019,0.485395,0.475005,0.464845,0.454911,0.445198,0.435702,0.426418,0.417341,0.408467,0.399791,0.391307,0.383013,0.374902,0.366972,0.359216,0.351631,0.344213,0.336957,0.32986,0.322917,0.316125,0.309479,0.302976,0.296613,0.290385,0.284289,0.278323,0.272482,0.266763,0.261164,0.255681,0.250311,0.245052,0.239901,0.234854,0.22991,0.225066,0.220319,0.215667,0.211108,0.206638,0.202257,0.197961,0.193749,0.189619,0.185568,0.181595,0.177698,0.173874,0.170123,0.166441,0.162829,0.159283,0.155802,0.152386,0.149031,0.145737,0.142502,0.139325,0.136204,0.133137,0.130125,0.127164,0.124255,0.121395,0.118583,0.115819,0.113101,0.110428,0.107798,0.105211,0.102666,0.100161,0.0976953,0.0952683,0.0928787,0.0905255,0.0882078,0.0859246,0.083675,0.0814581,0.0792729,0.0771187,0.0749945,0.0728994,0.0708327,0.0687934,0.0667809,0.0647942,0.0628327,0.0608955,0.0589818,0.0570909,0.0552221,0.0533746,0.0515477,0.0497406,0.0479528,0.0461834,0.0444318,0.0426972,0.0409792,0.0392768,0.0375896,0.0359168,0.0342578,0.032612,0.0309786,0.0293572,0.027747,0.0261475,0.0245579,0.0229778,0.0214065,0.0198434,0.0182879,0.0167395,0.0151974,0.0136611,0.0121301,0.0106037,0.00908134,0.00756248,0.00604651,0.00453286,0.00302095
1,0.982436,0.964892,0.947388,0.929944,0.912577,0.895308,0.878153,0.86113,0.844255,0.827543,0.811009,0.794665,0.778524,0.762596,0.746892,0.731419,0.716186,0.701198,0.686462,0.671981,0.65776,0.643799,0.630102,0.616669,0.6035,0.590595,0.577952,0.565571,0.553448,0.541582,0.529969,0.518606,0.507489,0.496615,0.48598,0.475579,0.465409,0.455463,0.445739,0.436232,0.426936,0.417848,0.408962,0.400274,0.391779,0.383473,0.375352,0.36741,0.359644,0.352048,0.34462,0.337354,0.330247,0.323294,0.316492,0.309837,0.303325,0.296952,0.290716,0.284612,0.278637,0.272788,0.267062,0.261455,0.255965,0.250588,0.245322,0.240164,0.235111,0.23016,0.22531,0.220557,0.215899,0.211334,0.206859,0.202472,0.198171,0.193954,0.189818,0.185762,0.181785,0.177882,0.174054,0.170298,0.166613,0.162996,0.159446,0.155962,0.152541,0.149183,0.145885,0.142646,0.139465,0.136341,0.133271,0.130255,0.127292,0.124379,0.121516,0.118701,0.115934,0.113213,0.110537,0.107905,0.105315,0.102767,0.100259,0.0977914,0.0953618,0.0929697,0.0906142,0.0882941,0.0860086,0.0837567,0.0815375,0.0793501,0.0771937,0.0750673,0.0729702,0.0709014,0.0688601,0.0668456,0.064857,0.0628935,0.0609543,0.0590387,0.057146,0.0552753,0.053426,0.0515973,0.0497885,0.0479989,0.0462278,0.0444745,0.0427383,0.0410185,0.0393145,0.0376257,0.0359513,0.0342907,0.0326432,0.0310083,0.0293853,0.0277736,0.0261725,0.0245815,0.0229998,0.021427,0.0198624,0.0183054,0.0167555,0.0152119,0.0136742,0.0121417,0.0106138,0.00909002,0.00756971,0.00605229,0.00453719,0.00302383
1,0.982466,0.964951,0.947476,0.93006,0.912721,0.895478,0.878348,0.861349,0.844497,0.827807,0.811292,0.794966,0.778841,0.762928,0.747237,0.731775,0.716552,0.701573,0.686843,0.672367,0.65815,0.644192,0.630496,0.617064,0.603894,0.590987,0.578343,0.565958,0.553832,0.541961,0.530343,0.518975,0.507853,0.496973,0.486331,0.475924,0.465747,0.455795,0.446064,0.43655,0.427247,0.418152,0.409259,0.400564,0.392062,0.38375,0.375622,0.367673,0.3599,0.352299,0.344864,0.337592,0.330479,0.32352,0.316712,0.310052,0.303534,0.297157,0.290915,0.284806,0.278826,0.272972,0.267241,0.26163,0.256135,0.250754,0.245484,0.240322,0.235265,0.23031,0.225456,0.220699,0.216038,0.211469,0.206991,0.202601,0.198296,0.194076,0.189938,0.185879,0.181898,0.177993,0.174163,0.170404,0.166716,0.163097,0.159544,0.156057,0.152634,0.149274,0.145974,0.142733,0.13955,0.136423,0.133352,0.130334,0.127368,0.124453,0.121589,0.118772,0.116003,0.11328,0.110603,0.107969,0.105377,0.102828,0.100319,0.097849,0.095418,0.0930244,0.0906674,0.0883459,0.0860589,0.0838057,0.0815852,0.0793965,0.0772387,0.0751111,0.0730127,0.0709426,0.0689001,0.0668844,0.0648946,0.0629299,0.0609896,0.0590729,0.0571791,0.0553073,0.0534569,0.0516271,0.0498173,0.0480266,0.0462544,0.0445001,0.0427629,0.0410421,0.0393372,0.0376473,0.0359719,0.0343104,0.032662,0.0310261,0.0294022,0.0277895,0.0261875,0.0245956,0.023013,0.0214393,0.0198738,0.0183159,0.0167651,0.0152206,0.013682,0.0121486,0.0106199,0.00909523,0.00757404,0.00605576,0.00453979,0.00302556
1,0.982476,0.964971,0.947505,0.930098,0.912769,0.895534,0.878413,0.861422,0.844578,0.827894,0.811386,0.795066,0.778947,0.763039,0.747352,0.731894,0.716674,0.701697,0.68697,0.672496,0.65828,0.644323,0.630628,0.617195,0.604025,0.591118,0.578473,0.566087,0.553959,0.542087,0.530468,0.519098,0.507974,0.497092,0.486448,0.476039,0.465859,0.455905,0.446172,0.436655,0.427351,0.418253,0.409358,0.400661,0.392157,0.383842,0.375712,0.367761,0.359986,0.352382,0.344945,0.337671,0.330556,0.323595,0.316786,0.310123,0.303604,0.297225,0.290981,0.28487,0.278889,0.273034,0.267301,0.261688,0.256192,0.25081,0.245538,0.240374,0.235316,0.23036,0.225505,0.220747,0.216084,0.211514,0.207035,0.202644,0.198338,0.194117,0.189978,0.185918,0.181936,0.17803,0.174199,0.170439,0.16675,0.16313,0.159577,0.156089,0.152665,0.149304,0.146003,0.142762,0.139578,0.136451,0.133378,0.13036,0.127394,0.124478,0.121613,0.118796,0.116026,0.113303,0.110625,0.10799,0.105398,0.102848,0.100338,0.0978682,0.0954367,0.0930426,0.0906851,0.0883631,0.0860757,0.083822,0.0816011,0.0794119,0.0772538,0.0751257,0.0730268,0.0709564,0.0689135,0.0668973,0.0649071,0.0629421,0.0610014,0.0590843,0.0571901,0.055318,0.0534672,0.0516371,0.0498268,0.0480358,0.0462633,0.0445086,0.0427711,0.04105,0.0393447,0.0376545,0.0359788,0.0343169,0.0326682,0.0310321,0.0294078,0.0277948,0.0261925,0.0246003,0.0230174,0.0214434,0.0198776,0.0183194,0.0167683,0.0152235,0.0136846,0.0121509,0.0106219,0.00909696,0.00757549,0.00605691,0.00454066,0.00302614
1,0.982466,0.964951,0.947476,0.93006,0.912721,0.895478,0.878348,0.861349,0.844497,0.827807,0.811292,0.794966,0.778841,0.762928,0.747237,0.731775,0.716552,0.701573,0.686843,0.672367,0.65815,0.644192,0.630496,0.617064,0.603894,0.590987,0.578343,0.565958,0.553832,0.541961,0.530343,0.518975,0.507853,0.496973,0.486331,0.475924,0.465747,0.455795,0.446064,0.43655,0.427247,0.418152,0.409259,0.400564,0.392062,0.38375,0.375622,0.367673,0.3599,0.352299,0.344864,0.337592,0.330479,0.32352,0.316712,0.310052,0.303534,0.297157,0.290915,0.284806,0.278826,0.272972,0.267241,0.26163,0.256135,0.250754,0.245484,0.240322,0.235265,0.23031,0.225456,0.220699,0.216038,0.211469,0.206991,0.202601,0.198296,0.194076,0.189938,0.185879,0.181898,0.177993,0.174163,0.170404,0.166716,0.163097,0.159544,0.156057,0.152634,0.149274,0.145974,0.142733,0.13955,0.136423,0.133352,0.130334,0.127368,0.124453,0.121589,0.118772,0.116003,0.11328,0.110603,0.107969,0.105377,0.102828,0.100319,0.097849,0.095418,0.0930244,0.0906674,0.0883459,0.0860589,0.0838057,0.0815852,0.0793965,0.0772387,0.0751111,0.0730127,0.0709426,0.0689001,0.0668844,0.0648946,0.0629299,0.0609896,0.0590729,0.0571791,0.0553073,0.0534569,0.0516271,0.0498173,0.0480266,0.0462544,0.0445001,0.0427629,0.0410421,0.0393372,0.0376473,0.0359719,0.0343104,0.032662,0.0310261,0.0294022,0.0277895,0.0261875,0.0245956,0.023013,0.0214393,0.0198738,0.0183159,0.0167651,0.0152206,0.013682,0.0121486,0.0106199,0.00909523,0.00757404,0.00605576,0.00453979,0.00302556
1,0.982436,0.964892,0.947388,0.929944,0.912577,0.895308,0.878153,0.86113,0.844255,0.827543,0.811009,0.794665,0.778524,0.762596,0.746892,0.731419,0.716186,0.701198,0.686462,0.671981,0.65776,0.643799,0.630102,0.616669,0.6035,0.590595,0.577952,0.565571,0.553448,0.541582,0.529969,0.518606,0.507489,0.496615,0.48598,0.475579,0.465409,0.455463,0.445739,0.436232,0.426936,0.417848,0.408962,0.400274,0.391779,0.383473,0.375352,0.36741,0.359644,0.352048,0.34462,0.337354,0.330247,0.323294,0.316492,0.309837,0.303325,0.296952,0.290716,0.284612,0.278637,0.272788,0.267062,0.261455,0.255965,0.250588,0.245322,0.240164,0.235111,0.23016,0.22531,0.220557,0.215899,0.211334,0.206859,0.202472,0.198171,0.193954,0.189818,0.185762,0.181785,0.177882,0.174054,0.170298,0.166613,0.162996,0.159446,0.155962,0.152541,0.149183,0.145885,0.142646,0.139465,0.136341,0.133271,0.130255,0.127292,0.124379,0.121516,0.118701,0.115934,0.113213,0.110537,0.107905,0.105315,0.102767,0.100259,0.0977914,0.0953618,0.0929697,0.0906142,0.0882941,0.0860086,0.0837567,0.0815375,0.0793501,0.0771937,0.0750673,0.0729702,0.0709014,0.0688601,0.0668456,0.064857,0.0628935,0.0609543,0.0590387,0.057146,0.0552753,0.053426,0.0515973,0.0497885,0.0479989,0.0462278,0.0444745,0.0427383,0.0410185,0.0393145,0.0376257,0.0359513,0.0342907,0.0326432,0.0310083,0.0293853,0.0277736,0.0261725,0.0245815,0.0229998,0.021427,0.0198624,0.0183054,0.0167555,0.0152119,0.0136742,0.0121417,0.0106138,0.00909002,0.00756971,0.00605229,0.00453719,0.00302383
1,0.982387,0.964794,0.947241,0.929749,0.912337,0.895023,0.877825,0.860762,0.843849,0.827102,0.810535,0.794161,0.777993,0.762041,0.746315,0.730823,0.715574,0.700573,0.685826,0.671336,0.657108,0.643143,0.629444,0.61601,0.602842,0.58994,0.577301,0.564925,0.552809,0.540949,0.529344,0.51799,0.506883,0.496019,0.485395,0.475005,0.464845,0.454911,0.445198,0.435702,0.426418,0.417341,0.408467,0.399791,0.391307,0.383013,0.374902,0.366972,0.359216,0.351631,0.344213,0.336957,0.32986,0.322917,0.316125,0.309479,0.302976,0.296613,0.290385,0.284289,0.278323,0.272482,0.266763,0.261164,0.255681,0.250311,0.245052,0.239901,0.234854,0.22991,0.225066,0.220319,0.215667,0.211108,0.206638,0.202257,0.197961,0.193749,0.189619,0.185568,0.181595,0.177698,0.173874,0.170123,0.166441,0.162829,0.159283,0.155802,0.152386,0.149031,0.145737,0.142502,0.139325,0.136204,0.133137,0.130125,0.127164,0.124255,0.121395,0.118583,0.115819,0.113101,0.110428,0.107798,0.105211,0.102666,0.100161,0.0976953,0.0952683,0.0928787,0.0905255,0.0882078,0.0859246,0.083675,0.0814581,0.0792729,0.0771187,0.0749945,0.0728994,0.0708327,0.0687934,0.0667809,0.0647942,0.0628327,0.0608955,0.0589818,0.0570909,0.0552221,0.0533746,0.0515477,0.0497406,0.0479528,0.0461834,0.0444318,0.0426972,0.0409792,0.0392768,0.0375896,0.0359168,0.0342578,0.032612,0.0309786,0.0293572,0.027747,0.0261475,0.0245579,0.0229778,0.0214065,0.0198434,0.0182879,0.0167395,0.0151974,0.0136611,0.0121301,0.0106037,0.00908134,0.00756248,0.00604651,0.00453286,0.00302095
1,0.982317,0.964655,0.947034,0.929475,0.911997,0.894621,0.877364,0.860244,0.843278,0.826481,0.809868,0.793452,0.777246,0.76126,0.745503,0.729986,0.714714,0.699694,0.684931,0.67043,0.656193,0.642222,0.62852,0.615086,0.601919,0.589021,0.576388,0.564019,0.551912,0.540063,0.528469,0.517128,0.506034,0.495184,0.484574,0.474199,0.464055,0.454137,0.444441,0.434961,0.425693,0.416633,0.407775,0.399114,0.390647,0.382368,0.374273,0.366358,0.358617,0.351047,0.343644,0.336402,0.329319,0.32239,0.315611,0.308978,0.302488,0.296137,0.289921,0.283837,0.277882,0.272053,0.266345,0.260756,0.255284,0.249924,0.244675,0.239533,0.234496,0.229561,0.224725,0.219987,0.215343,0.210792,0.20633,0.201956,0.197668,0.193464,0.18934,0.185296,0.18133,0.177439,0.173622,0.169876,0.166201,0.162594,0.159054,0.15558,0.152168,0.148819,0.14553,0.1423,0.139128,0.136011,0.13295,0.129942,0.126986,0.124081,0.121225,0.118418,0.115658,0.112944,0.110274,0.107649,0.105066,0.102524,0.100023,0.0975609,0.0951374,0.0927512,0.0904014,0.088087,0.0858071,0.0835607,0.081347,0.0791649,0.0770137,0.0748924,0.0728003,0.0707365,0.0687001,0.0666904,0.0647065,0.0627477,0.0608131,0.0589021,0.0570138,0.0551475,0.0533026,0.0514782,0.0496736,0.0478882,0.0461212,0.044372,0.0426398,0.0409241,0.0392241,0.0375391,0.0358686,0.0342118,0.0325682,0.0309371,0.0293178,0.0277098,0.0261124,0.0245251,0.0229471,0.0213779,0.0198169,0.0182635,0.0167171,0.015177,0.0136428,0.0121138,0.0105895,0.00906919,0.00755237,0.00603843,0.0045268,0.00301691
1,0.982226,0.964474,0.946764,0.929119,0.911557,0.8941,0.876766,0.859572,0.842537,0.825676,0.809004,0.792534,0.776279,0.760248,0.744454,0.728902,0.713602,0.698558,0.683776,0.669259,0.655011,0.641034,0.627327,0.613893,0.600729,0.587836,0.575211,0.562852,0.550756,0.538921,0.527343,0.516017,0.504941,0.49411,0.483519,0.473164,0.46304,0.453142,0.443467,0.434008,0.424761,0.415722,0.406884,0.398245,0.389798,0.38154,0.373465,0.365569,0.357848,0.350297,0.342913,0.33569,0.328624,0.321713,0.314951,0.308335,0.301861,0.295526,0.289326,0.283257,0.277317,0.271501,0.265808,0.260233,0.254773,0.249427,0.24419,0.239061,0.234035,0.229112,0.224288,0.21956,0.214927,0.210386,0.205934,0.20157,0.197292,0.193096,0.188982,0.184947,0.180989,0.177107,0.173298,0.16956,0.165893,0.162294,0.158761,0.155293,0.151889,0.148546,0.145264,0.142041,0.138875,0.135765,0.132709,0.129707,0.126757,0.123858,0.121008,0.118206,0.115451,0.112742,0.110078,0.107457,0.104879,0.102342,0.0998455,0.0973882,0.0949692,0.0925875,0.090242,0.0879319,0.0856562,0.0834139,0.0812042,0.0790261,0.0768788,0.0747614,0.072673,0.0706129,0.0685802,0.0665741,0.0645937,0.0626384,0.0607073,0.0587996,0.0569147,0.0550518,0.0532101,0.0513889,0.0495875,0.0478052,0.0460413,0.0442952,0.0425661,0.0408533,0.0391563,0.0374743,0.0358066,0.0341528,0.032512,0.0308837,0.0292673,0.027662,0.0260674,0.0244828,0.0229075,0.0213411,0.0197827,0.018232,0.0166883,0.0151509,0.0136193,0.012093,0.0105713,0.00905359,0.00753937,0.00602804,0.00451901,0.00301172
1,0.982114,0.964251,0.946431,0.928679,0.911013,0.893456,0.876026,0.858743,0.841623,0.824683,0.807938,0.791401,0.775086,0.759002,0.74316,0.727568,0.712233,0.69716,0.682355,0.66782,0.653559,0.639574,0.625863,0.612429,0.599269,0.586383,0.573767,0.561421,0.549341,0.537522,0.525963,0.514658,0.503603,0.492795,0.482227,0.471897,0.461798,0.451926,0.442276,0.432843,0.423622,0.414608,0.405797,0.397182,0.388761,0.380528,0.372478,0.364606,0.356909,0.349382,0.34202,0.334819,0.327776,0.320886,0.314145,0.307549,0.301096,0.29478,0.288599,0.282549,0.276627,0.270829,0.265152,0.259594,0.254151,0.24882,0.243598,0.238484,0.233473,0.228564,0.223753,0.219039,0.214419,0.20989,0.205451,0.201099,0.196832,0.192648,0.188545,0.184521,0.180573,0.176701,0.172902,0.169174,0.165516,0.161926,0.158402,0.154944,0.151548,0.148214,0.14494,0.141724,0.138566,0.135463,0.132415,0.129421,0.126478,0.123585,0.120742,0.117947,0.115198,0.112496,0.109838,0.107223,0.104651,0.10212,0.0996289,0.0971773,0.0947638,0.0923875,0.0900474,0.0877425,0.0854718,0.0832346,0.0810298,0.0788566,0.076714,0.0746013,0.0725176,0.070462,0.0684338,0.066432,0.064456,0.062505,0.0605781,0.0586746,0.0567937,0.0549348,0.0530971,0.0512798,0.0494823,0.0477039,0.0459438,0.0442014,0.042476,0.0407669,0.0390735,0.037395,0.035731,0.0340806,0.0324433,0.0308185,0.0292055,0.0276037,0.0260124,0.0244312,0.0228592,0.0212961,0.0197411,0.0181936,0.0166531,0.015119,0.0135907,0.0120675,0.010549,0.00903453,0.0075235,0.00601535,0.0045095,0.00300538
1,0.98198,0.963983,0.946032,0.928151,0.910361,0.892684,0.875141,0.857749,0.840528,0.823494,0.806663,0.790047,0.773661,0.757514,0.741617,0.725977,0.710601,0.695495,0.680663,0.666108,0.651833,0.637838,0.624124,0.61069,0.597535,0.584658,0.572056,0.559725,0.547663,0.535865,0.524328,0.513048,0.50202,0.491238,0.480699,0.470398,0.460329,0.450487,0.440868,0.431465,0.422275,0.413292,0.404511,0.395928,0.387536,0.379332,0.371311,0.363469,0.3558,0.3483,0.340966,0.333792,0.326774,0.31991,0.313194,0.306622,0.300192,0.2939,0.287741,0.281713,0.275812,0.270035,0.264378,0.25884,0.253416,0.248103,0.2429,0.237803,0.232809,0.227917,0.223122,0.218424,0.213819,0.209306,0.204881,0.200543,0.19629,0.192119,0.188029,0.184017,0.180082,0.176222,0.172435,0.168718,0.165072,0.161492,0.157979,0.154531,0.151145,0.147821,0.144556,0.14135,0.138201,0.135108,0.132069,0.129082,0.126148,0.123263,0.120428,0.117641,0.1149,0.112205,0.109554,0.106947,0.104382,0.101857,0.0993733,0.0969283,0.0945213,0.0921514,0.0898175,0.0875188,0.0852542,0.0830229,0.0808239,0.0786564,0.0765195,0.0744123,0.0723341,0.0702838,0.0682609,0.0662643,0.0642934,0.0623474,0.0604255,0.0585269,0.0566509,0.0547967,0.0529637,0.0511511,0.0493582,0.0475842,0.0458286,0.0440906,0.0423696,0.0406648,0.0389757,0.0373015,0.0356416,0.0339954,0.0323623,0.0307415,0.0291326,0.0275348,0.0259475,0.0243702,0.0228022,0.021243,0.0196918,0.0181483,0.0166116,0.0150813,0.0135568,0.0120375,0.0105227,0.00901202,0.00750476,0.00600037,0.00449827,0.00299789
1,0.981822,0.963668,0.945564,0.927532,0.909596,0.89178,0.874102,0.856585,0.839246,0.822103,0.805171,0.788465,0.771997,0.755777,0.739816,0.724121,0.7087,0.693556,0.678694,0.664116,0.649825,0.635821,0.622104,0.608672,0.595525,0.582659,0.570072,0.55776,0.54572,0.533947,0.522438,0.511186,0.500189,0.48944,0.478934,0.468667,0.458633,0.448826,0.439243,0.429876,0.420722,0.411774,0.403029,0.39448,0.386124,0.377954,0.369967,0.362158,0.354522,0.347054,0.339751,0.332607,0.32562,0.318785,0.312097,0.305554,0.299151,0.292885,0.286753,0.28075,0.274873,0.26912,0.263487,0.257971,0.252569,0.247278,0.242096,0.237019,0.232045,0.227171,0.222396,0.217715,0.213128,0.208632,0.204224,0.199902,0.195665,0.19151,0.187435,0.183438,0.179517,0.17567,0.171897,0.168193,0.164559,0.160993,0.157492,0.154055,0.150681,0.147368,0.144115,0.14092,0.137781,0.134698,0.131669,0.128692,0.125767,0.122892,0.120066,0.117288,0.114556,0.11187,0.109227,0.106628,0.104071,0.101555,0.0990787,0.0966414,0.0942419,0.0918793,0.0895527,0.087261,0.0850034,0.0827789,0.0805866,0.0784257,0.0762953,0.0741945,0.0721225,0.0700785,0.0680616,0.066071,0.064106,0.0621658,0.0602496,0.0583566,0.0564862,0.0546375,0.0528099,0.0510027,0.049215,0.0474463,0.0456959,0.043963,0.042247,0.0405472,0.038863,0.0371937,0.0355387,0.0338972,0.0322688,0.0306528,0.0290485,0.0274553,0.0258727,0.0242999,0.0227365,0.0211817,0.0196351,0.018096,0.0165638,0.0150379,0.0135178,0.0120028,0.0104924,0.00898608,0.00748316,0.0059831,0.00448533,0.00298927
1,0.981639,0.963305,0.945022,0.926817,0.908713,0.890735,0.872905,0.855243,0.837769,0.820501,0.803455,0.786645,0.770083,0.753782,0.737749,0.721993,0.70652,0.691335,0.67644,0.661838,0.647531,0.633518,0.619798,0.60637,0.593232,0.580381,0.567813,0.555524,0.54351,0.531766,0.520288,0.509071,0.498109,0.487398,0.476931,0.466703,0.456709,0.446943,0.4374,0.428075,0.418961,0.410055,0.40135,0.392841,0.384524,0.376394,0.368445,0.360674,0.353075,0.345643,0.338376,0.331267,0.324314,0.317512,0.310857,0.304346,0.297974,0.291738,0.285634,0.27966,0.273811,0.268085,0.262479,0.256988,0.251611,0.246344,0.241186,0.236132,0.23118,0.226328,0.221574,0.216914,0.212347,0.20787,0.203481,0.199178,0.194958,0.19082,0.186762,0.182782,0.178877,0.175046,0.171288,0.167599,0.16398,0.160428,0.15694,0.153517,0.150156,0.146856,0.143615,0.140432,0.137306,0.134234,0.131216,0.128251,0.125337,0.122473,0.119657,0.116889,0.114167,0.11149,0.108858,0.106268,0.10372,0.101213,0.0987453,0.0963166,0.0939256,0.0915714,0.0892529,0.0869692,0.0847195,0.0825027,0.0803181,0.0781646,0.0760415,0.073948,0.0718831,0.069846,0.067836,0.0658522,0.0638939,0.0619602,0.0600505,0.058164,0.0562998,0.0544574,0.0526359,0.0508347,0.049053,0.0472902,0.0455456,0.0438185,0.0421082,0.040414,0.0387354,0.0370716,0.0354221,0.0337861,0.0321631,0.0305524,0.0289533,0.0273654,0.025788,0.0242204,0.0226621,0.0211124,0.0195709,0.0180368,0.0165096,0.0149887,0.0134736,0.0119636,0.0104581,0.00895672,0.00745871,0.00596355,0.00447067,0.0029795
1,0.981431,0.962889,0.944403,0.925999,0.907704,0.889543,0.871538,0.853713,0.836086,0.818677,0.801502,0.784575,0.76791,0.751517,0.735406,0.719582,0.704053,0.688823,0.673893,0.659266,0.644942,0.630921,0.617201,0.603779,0.590653,0.57782,0.565274,0.553012,0.541029,0.52932,0.517879,0.506701,0.49578,0.485111,0.474688,0.464505,0.454557,0.444837,0.43534,0.426061,0.416994,0.408133,0.399474,0.391011,0.382738,0.374652,0.366746,0.359017,0.35146,0.344069,0.336842,0.329772,0.322857,0.316092,0.309474,0.302998,0.29666,0.290458,0.284387,0.278445,0.272627,0.266931,0.261354,0.255892,0.250543,0.245303,0.240171,0.235142,0.230216,0.225388,0.220657,0.21602,0.211475,0.20702,0.202652,0.198369,0.19417,0.190051,0.186012,0.18205,0.178163,0.17435,0.170608,0.166937,0.163334,0.159797,0.156325,0.152917,0.149571,0.146285,0.143058,0.139889,0.136775,0.133717,0.130712,0.127759,0.124857,0.122004,0.1192,0.116444,0.113733,0.111067,0.108445,0.105866,0.103328,0.100831,0.0983733,0.0959542,0.0935727,0.0912277,0.0889183,0.0866436,0.0844026,0.0821945,0.0800183,0.0778732,0.0757583,0.0736728,0.0716158,0.0695866,0.0675842,0.065608,0.0636571,0.0617308,0.0598283,0.0579489,0.0560918,0.0542563,0.0524416,0.0506472,0.0488722,0.047116,0.0453779,0.0436572,0.0419532,0.0402654,0.038593,0.0369354,0.035292,0.033662,0.032045,0.0304402,0.0288471,0.0272651,0.0256934,0.0241316,0.022579,0.0210351,0.0194992,0.0179707,0.0164491,0.0149338,0.0134242,0.0119198,0.0104199,0.00892393,0.00743141,0.00594173,0.00445431,0.0029686
1,0.981194,0.962418,0.943702,0.925074,0.906562,0.888194,0.869993,0.851983,0.834185,0.816619,0.7993,0.782245,0.765465,0.748972,0.732774,0.716877,0.701288,0.68601,0.671043,0.656391,0.642051,0.628023,0.614305,0.600892,0.587782,0.57497,0.562452,0.550222,0.538275,0.526605,0.515206,0.504073,0.493199,0.482579,0.472205,0.462073,0.452176,0.442508,0.433063,0.423836,0.41482,0.406011,0.397403,0.388989,0.380767,0.372729,0.364871,0.357189,0.349678,0.342333,0.335149,0.328123,0.32125,0.314527,0.307948,0.301511,0.295212,0.289047,0.283012,0.277105,0.271321,0.265659,0.260114,0.254684,0.249365,0.244155,0.239052,0.234051,0.229152,0.224351,0.219646,0.215034,0.210514,0.206083,0.201738,0.197478,0.1933,0.189203,0.185185,0.181243,0.177376,0.173582,0.169859,0.166206,0.162621,0.159101,0.155647,0.152255,0.148925,0.145655,0.142443,0.139289,0.13619,0.133146,0.130155,0.127216,0.124327,0.121488,0.118697,0.115952,0.113254,0.1106,0.10799,0.105422,0.102896,0.10041,0.0979628,0.0955543,0.0931832,0.0908485,0.0885491,0.0862843,0.084053,0.0818544,0.0796876,0.0775517,0.0754458,0.0733692,0.071321,0.0693003,0.0673064,0.0653385,0.0633959,0.0614776,0.0595831,0.0577115,0.0558622,0.0540343,0.0522272,0.0504402,0.0486726,0.0469237,0.0451927,0.0434792,0.0417823,0.0401014,0.0384358,0.0367851,0.0351484,0.0335251,0.0319147,0.0303165,0.0287299,0.0271543,0.0255891,0.0240336,0.0224874,0.0209497,0.01942,0.0178978,0.0163824,0.0148733,0.0133698,0.0118714,0.0103776,0.00888775,0.00740129,0.00591764,0.00443626,0.00295656
1,0.980928,0.961887,0.942912,0.924032,0.905277,0.886677,0.868257,0.850042,0.832054,0.814312,0.796836,0.779639,0.762734,0.746131,0.72984,0.713865,0.698213,0.682884,0.667881,0.653203,0.638849,0.624816,0.611102,0.597703,0.584613,0.571828,0.559342,0.547149,0.535243,0.523619,0.512268,0.501186,0.490365,0.479799,0.469481,0.459406,0.449566,0.439955,0.430568,0.421399,0.41244,0.403688,0.395136,0.386778,0.37861,0.370626,0.362821,0.355191,0.34773,0.340434,0.333299,0.326321,0.319494,0.312815,0.306281,0.299887,0.293629,0.287505,0.28151,0.275641,0.269895,0.264269,0.258759,0.253363,0.248078,0.242901,0.237829,0.23286,0.22799,0.223218,0.218542,0.213958,0.209464,0.205059,0.200739,0.196504,0.19235,0.188277,0.184281,0.180361,0.176516,0.172743,0.169041,0.165407,0.161841,0.158341,0.154905,0.151531,0.148219,0.144966,0.141771,0.138633,0.135551,0.132522,0.129546,0.126622,0.123748,0.120923,0.118146,0.115415,0.11273,0.11009,0.107492,0.104937,0.102423,0.0999489,0.097514,0.0951172,0.0927575,0.0904339,0.0881456,0.0858915,0.0836708,0.0814826,0.079326,0.0772001,0.0751041,0.0730372,0.0709985,0.0689873,0.0670027,0.0650439,0.0631102,0.0612008,0.059315,0.057452,0.0556112,0.0537917,0.0519928,0.050214,0.0484544,0.0467134,0.0449903,0.0432845,0.0415953,0.039922,0.038264,0.0366207,0.0349913,0.0333754,0.0317722,0.0301812,0.0286017,0.0270332,0.0254749,0.0239265,0.0223871,0.0208563,0.0193335,0.0178181,0.0163094,0.014807,0.0133103,0.0118186,0.0103314,0.00884819,0.00736834,0.0058913,0.00441651,0.0029434
1,0.980629,0.961292,0.942026,0.922864,0.903838,0.884979,0.866316,0.847873,0.829675,0.811742,0.794092,0.77674,0.7597,0.74298,0.726589,0.710532,0.694813,0.679433,0.664392,0.64969,0.635324,0.621291,0.607586,0.594203,0.581139,0.568386,0.555938,0.543789,0.531931,0.520358,0.509062,0.498037,0.487276,0.476771,0.466515,0.456503,0.446727,0.43718,0.427856,0.41875,0.409855,0.401165,0.392674,0.384377,0.376269,0.368343,0.360596,0.353022,0.345617,0.338375,0.331293,0.324366,0.31759,0.31096,0.304474,0.298126,0.291914,0.285833,0.279881,0.274054,0.268349,0.262762,0.257291,0.251932,0.246684,0.241542,0.236504,0.231568,0.226731,0.221991,0.217345,0.21279,0.208326,0.203949,0.199657,0.195448,0.191321,0.187272,0.183301,0.179406,0.175584,0.171833,0.168153,0.164542,0.160997,0.157517,0.154101,0.150747,0.147453,0.144219,0.141043,0.137922,0.134857,0.131846,0.128887,0.125979,0.12312,0.120311,0.117549,0.114833,0.112162,0.109536,0.106953,0.104411,0.10191,0.0994493,0.0970272,0.094643,0.0922957,0.0899842,0.0877078,0.0854654,0.0832562,0.0810792,0.0789337,0.0768187,0.0747335,0.0726771,0.0706488,0.0686477,0.0666731,0.0647242,0.0628003,0.0609005,0.0590241,0.0571705,0.0553388,0.0535284,0.0517385,0.0499685,0.0482176,0.0464853,0.0447707,0.0430733,0.0413924,0.0397274,0.0380775,0.0364423,0.0348209,0.0332129,0.0316176,0.0300344,0.0284626,0.0269017,0.0253511,0.0238102,0.0222784,0.020755,0.0192396,0.0177316,0.0162303,0.0147351,0.0132457,0.0117612,0.0102813,0.00880526,0.00733259,0.00586272,0.00439509,0.00292913
1,0.980294,0.960627,0.941037,0.92156,0.902233,0.883087,0.864153,0.84546,0.827031,0.808888,0.79105,0.773531,0.756345,0.7395,0.723004,0.706861,0.691073,0.675642,0.660566,0.645842,0.631468,0.617437,0.603746,0.590387,0.577354,0.564639,0.552236,0.540137,0.528334,0.51682,0.505586,0.494625,0.48393,0.473493,0.463307,0.453364,0.443658,0.434181,0.424927,0.415891,0.407064,0.398442,0.390019,0.381788,0.373744,0.365883,0.358198,0.350686,0.34334,0.336157,0.329132,0.322261,0.315539,0.308962,0.302527,0.29623,0.290067,0.284034,0.278128,0.272346,0.266684,0.26114,0.25571,0.250392,0.245182,0.240078,0.235078,0.230177,0.225375,0.220669,0.216056,0.211534,0.2071,0.202754,0.198491,0.194311,0.190212,0.186191,0.182246,0.178376,0.17458,0.170854,0.167198,0.163609,0.160087,0.156629,0.153235,0.149902,0.146629,0.143415,0.140258,0.137157,0.13411,0.131117,0.128176,0.125285,0.122444,0.119651,0.116905,0.114206,0.111551,0.108939,0.106371,0.103844,0.101358,0.0989109,0.0965027,0.094132,0.091798,0.0894996,0.087236,0.0850062,0.0828093,0.0806445,0.0785109,0.0764077,0.074334,0.0722889,0.0702718,0.0682817,0.0663179,0.0643797,0.0624662,0.0605768,0.0587106,0.056867,0.0550452,0.0532446,0.0514643,0.0497039,0.0479624,0.0462393,0.044534,0.0428457,0.0411738,0.0395176,0.0378765,0.03625,0.0346373,0.0330378,0.0314509,0.0298761,0.0283127,0.02676,0.0252176,0.0236849,0.0221611,0.0206458,0.0191384,0.0176383,0.0161449,0.0146577,0.013176,0.0116994,0.0102272,0.00875898,0.00729406,0.00583191,0.00437199,0.00291373
1,0.979921,0.959885,0.939934,0.920108,0.900445,0.880982,0.861751,0.842782,0.824101,0.80573,0.787688,0.76999,0.752648,0.735671,0.719066,0.702834,0.686978,0.671496,0.656387,0.641645,0.627267,0.613245,0.599573,0.586244,0.573249,0.560581,0.54823,0.536189,0.524449,0.513001,0.501837,0.490948,0.480327,0.469965,0.459855,0.449988,0.440359,0.430959,0.421782,0.412821,0.404069,0.395521,0.38717,0.379011,0.371038,0.363246,0.355629,0.348182,0.340901,0.333781,0.326818,0.320006,0.313343,0.306823,0.300443,0.2942,0.288089,0.282107,0.276251,0.270517,0.264902,0.259404,0.254018,0.248743,0.243575,0.238512,0.23355,0.228689,0.223924,0.219254,0.214676,0.210188,0.205788,0.201474,0.197243,0.193094,0.189025,0.185033,0.181116,0.177274,0.173504,0.169805,0.166174,0.162611,0.159113,0.155679,0.152307,0.148997,0.145746,0.142553,0.139417,0.136337,0.13331,0.130336,0.127414,0.124542,0.121719,0.118944,0.116216,0.113533,0.110895,0.1083,0.105748,0.103237,0.100766,0.098334,0.0959406,0.0935845,0.0912647,0.0889803,0.0867304,0.0845141,0.0823305,0.0801787,0.0780579,0.0759672,0.0739058,0.0718729,0.0698677,0.0678894,0.0659373,0.0640104,0.0621082,0.0602298,0.0583746,0.0565417,0.0547306,0.0529404,0.0511705,0.0494202,0.0476889,0.0459758,0.0442802,0.0426017,0.0409394,0.0392927,0.0376611,0.0360439,0.0344404,0.0328501,0.0312723,0.0297064,0.0281519,0.0266082,0.0250746,0.0235505,0.0220354,0.0205288,0.0190299,0.0175383,0.0160534,0.0145746,0.0131014,0.0116331,0.0101693,0.00870937,0.00725275,0.00579889,0.00434723,0.00289724
1,0.979506,0.959059,0.938706,0.918492,0.898458,0.878645,0.859087,0.839816,0.82086,0.802243,0.783982,0.766092,0.748587,0.731472,0.714753,0.698432,0.682508,0.666978,0.65184,0.637085,0.622709,0.608703,0.595059,0.581767,0.568819,0.556205,0.543915,0.531941,0.520271,0.508898,0.497812,0.487003,0.476464,0.466185,0.456158,0.446376,0.436831,0.427514,0.41842,0.409541,0.400871,0.392403,0.384131,0.376049,0.368151,0.360433,0.352889,0.345513,0.338301,0.331249,0.324351,0.317604,0.311002,0.304544,0.298223,0.292037,0.285982,0.280055,0.274251,0.268569,0.263004,0.257554,0.252216,0.246986,0.241863,0.236843,0.231924,0.227103,0.222378,0.217747,0.213207,0.208755,0.204391,0.200111,0.195914,0.191797,0.18776,0.183799,0.179913,0.1761,0.172359,0.168687,0.165084,0.161547,0.158074,0.154666,0.151319,0.148032,0.144805,0.141635,0.138521,0.135462,0.132457,0.129504,0.126602,0.12375,0.120947,0.118191,0.115481,0.112817,0.110196,0.107619,0.105084,0.102589,0.100135,0.097719,0.0953413,0.0930007,0.0906961,0.0884266,0.0861913,0.0839894,0.0818199,0.0796819,0.0775748,0.0754975,0.0734493,0.0714293,0.0694369,0.0674711,0.0655313,0.0636166,0.0617264,0.0598598,0.0580162,0.0561948,0.054395,0.052616,0.0508571,0.0491177,0.0473971,0.0456946,0.0440096,0.0423414,0.0406894,0.0390529,0.0374313,0.035824,0.0342304,0.0326498,0.0310817,0.0295255,0.0279805,0.0264462,0.0249219,0.0234072,0.0219014,0.0204039,0.0189142,0.0174317,0.0159558,0.014486,0.0130217,0.0115624,0.0101075,0.00865645,0.00720868,0.00576366,0.00432082,0.00287964
1,0.979043,0.958139,0.937339,0.916695,0.896251,0.876052,0.856136,0.836536,0.817282,0.798398,0.779903,0.761812,0.744134,0.726877,0.710043,0.693632,0.677643,0.66207,0.646908,0.632148,0.617781,0.603799,0.590191,0.576946,0.564054,0.551504,0.539285,0.527387,0.515798,0.504509,0.493509,0.48279,0.47234,0.462153,0.452218,0.442527,0.433073,0.423848,0.414844,0.406053,0.39747,0.389088,0.380901,0.372902,0.365086,0.357447,0.34998,0.34268,0.335542,0.328561,0.321734,0.315055,0.30852,0.302126,0.295868,0.289744,0.283748,0.277879,0.272131,0.266503,0.260992,0.255593,0.250305,0.245124,0.240048,0.235074,0.230199,0.225422,0.220739,0.216148,0.211648,0.207235,0.202909,0.198665,0.194504,0.190422,0.186418,0.18249,0.178636,0.174854,0.171143,0.167501,0.163927,0.160418,0.156973,0.153591,0.15027,0.147009,0.143806,0.14066,0.13757,0.134535,0.131552,0.128621,0.125741,0.12291,0.120127,0.117391,0.114701,0.112056,0.109454,0.106896,0.104378,0.101902,0.0994646,0.097066,0.0947051,0.0923809,0.0900924,0.0878387,0.085619,0.0834323,0.0812777,0.0791545,0.0770618,0.0749987,0.0729645,0.0709583,0.0689794,0.0670269,0.0651002,0.0631985,0.0613209,0.0594669,0.0576356,0.0558265,0.0540386,0.0522715,0.0505243,0.0487965,0.0470873,0.0453961,0.0437222,0.042065,0.0404239,0.0387982,0.0371873,0.0355905,0.0340074,0.0324372,0.0308794,0.0293333,0.0277984,0.0262741,0.0247598,0.023255,0.021759,0.0202713,0.0187913,0.0173184,0.0158522,0.0143919,0.0129372,0.0114873,0.0100419,0.00860025,0.00716188,0.00572624,0.00429277,0.00286094
1,0.978527,0.957114,0.935818,0.914696,0.8938,0.873176,0.852867,0.83291,0.813334,0.794165,0.775422,0.757117,0.739261,0.721858,0.704909,0.688412,0.672362,0.656752,0.641573,0.626816,0.612469,0.598521,0.58496,0.571773,0.558948,0.546473,0.534335,0.522523,0.511025,0.49983,0.488927,0.478305,0.467956,0.457868,0.448033,0.438442,0.429087,0.41996,0.411053,0.402358,0.393869,0.385579,0.377482,0.369572,0.361843,0.354288,0.346904,0.339685,0.332625,0.325721,0.318968,0.312362,0.305898,0.299572,0.293381,0.287321,0.281388,0.27558,0.269892,0.264322,0.258866,0.253522,0.248286,0.243157,0.238131,0.233205,0.228378,0.223646,0.219007,0.21446,0.210002,0.20563,0.201343,0.197138,0.193014,0.188969,0.185001,0.181107,0.177287,0.173538,0.169859,0.166248,0.162704,0.159225,0.155809,0.152455,0.149161,0.145927,0.142751,0.13963,0.136565,0.133554,0.130595,0.127687,0.12483,0.122021,0.11926,0.116545,0.113876,0.111252,0.10867,0.106131,0.103633,0.101175,0.098756,0.0963756,0.0940323,0.0917255,0.089454,0.087217,0.0850137,0.0828431,0.0807043,0.0785967,0.0765192,0.0744712,0.0724517,0.0704601,0.0684954,0.0665571,0.0646442,0.0627561,0.060892,0.0590513,0.0572331,0.0554368,0.0536616,0.051907,0.0501723,0.0484566,0.0467595,0.0450802,0.0434181,0.0417726,0.040143,0.0385287,0.0369291,0.0353435,0.0337714,0.0322122,0.0306653,0.02913,0.0276058,0.0260921,0.0245884,0.023094,0.0216083,0.0201309,0.0186612,0.0171986,0.0157425,0.0142924,0.0128477,0.0114079,0.00997244,0.00854078,0.00711236,0.00568665,0.0042631,0.00284116
1,0.977951,0.955971,0.934123,0.912472,0.891075,0.869985,0.849248,0.828902,0.80898,0.789507,0.770501,0.751975,0.733935,0.716386,0.699324,0.682745,0.666641,0.651002,0.635818,0.621074,0.606759,0.592857,0.579355,0.566238,0.553492,0.541104,0.529059,0.517345,0.505949,0.494859,0.484063,0.47355,0.463309,0.45333,0.443604,0.434122,0.424874,0.415852,0.407049,0.398457,0.390069,0.381878,0.373878,0.366062,0.358424,0.35096,0.343664,0.33653,0.329553,0.32273,0.316056,0.309526,0.303137,0.296883,0.290763,0.284771,0.278905,0.27316,0.267535,0.262026,0.256629,0.251342,0.246162,0.241087,0.236113,0.231238,0.22646,0.221777,0.217185,0.212683,0.208269,0.20394,0.199695,0.195531,0.191446,0.187439,0.183508,0.179651,0.175866,0.172152,0.168507,0.164929,0.161416,0.157968,0.154583,0.151258,0.147994,0.144788,0.141639,0.138545,0.135507,0.132521,0.129587,0.126704,0.12387,0.121085,0.118347,0.115654,0.113007,0.110404,0.107843,0.105325,0.102847,0.100409,0.0980094,0.0956479,0.0933233,0.0910347,0.0887811,0.0865617,0.0843757,0.082222,0.0801,0.0780087,0.0759473,0.0739151,0.0719112,0.0699349,0.0679853,0.0660618,0.0641635,0.0622898,0.0604399,0.0586131,0.0568087,0.0550259,0.0532642,0.0515228,0.0498011,0.0480983,0.0464139,0.0447472,0.0430975,0.0414643,0.0398468,0.0382445,0.0366568,0.0350831,0.0335227,0.031975,0.0304395,0.0289156,0.0274027,0.0259002,0.0244075,0.0229242,0.0214495,0.019983,0.0185241,0.0170722,0.0156268,0.0141874,0.0127533,0.0113241,0.00989922,0.00847808,0.00706015,0.0056449,0.0042318,0.00282031
1,0.977308,0.954694,0.932232,0.909994,0.888044,0.866442,0.845237,0.824471,0.804177,0.784381,0.7651,0.746345,0.72812,0.710425,0.693255,0.676602,0.660454,0.644799,0.629621,0.614905,0.600634,0.586793,0.573364,0.560331,0.547679,0.535391,0.523452,0.511849,0.500567,0.489594,0.478916,0.468521,0.4584,0.44854,0.438932,0.429566,0.420434,0.411526,0.402835,0.394352,0.386072,0.377986,0.370088,0.362372,0.354833,0.347464,0.34026,0.333217,0.326329,0.319591,0.313,0.30655,0.300239,0.294062,0.288015,0.282095,0.276299,0.270622,0.265063,0.259617,0.254282,0.249055,0.243934,0.238915,0.233996,0.229175,0.224449,0.219815,0.215273,0.210818,0.20645,0.202167,0.197965,0.193844,0.189801,0.185834,0.181942,0.178123,0.174375,0.170697,0.167087,0.163544,0.160065,0.156649,0.153295,0.150002,0.146768,0.143591,0.140471,0.137406,0.134395,0.131436,0.128528,0.125671,0.122862,0.120101,0.117387,0.114719,0.112094,0.109514,0.106975,0.104478,0.102021,0.0996039,0.0972249,0.0948833,0.0925783,0.0903088,0.0880741,0.0858732,0.0837053,0.0815694,0.0794649,0.0773908,0.0753464,0.0733307,0.0713432,0.0693829,0.0674492,0.0655412,0.0636583,0.0617997,0.0599647,0.0581526,0.0563626,0.0545941,0.0528465,0.051119,0.0494109,0.0477217,0.0460507,0.0443972,0.0427606,0.0411402,0.0395355,0.0379459,0.0363707,0.0348093,0.0332611,0.0317256,0.0302022,0.0286902,0.0271892,0.0256984,0.0242174,0.0227457,0.0212825,0.0198275,0.0183799,0.0169394,0.0155053,0.014077,0.0126542,0.0112361,0.00982225,0.00841216,0.00700526,0.00560102,0.00419891,0.00279839
1,0.976588,0.953265,0.930118,0.907227,0.884666,0.862501,0.840787,0.819567,0.798876,0.77874,0.759174,0.740185,0.721775,0.70394,0.68667,0.669954,0.653775,0.638117,0.622962,0.608289,0.594081,0.580316,0.566977,0.554045,0.541501,0.529329,0.517511,0.506032,0.494877,0.484033,0.473485,0.463221,0.453229,0.443498,0.434018,0.424778,0.415769,0.406983,0.398411,0.390046,0.38188,0.373905,0.366117,0.358507,0.351071,0.343803,0.336697,0.329749,0.322953,0.316305,0.309801,0.303437,0.297208,0.291111,0.285141,0.279296,0.273573,0.267967,0.262476,0.257097,0.251827,0.246663,0.241603,0.236643,0.231782,0.227016,0.222344,0.217764,0.213272,0.208868,0.204548,0.200311,0.196155,0.192078,0.188078,0.184154,0.180303,0.176524,0.172815,0.169175,0.165601,0.162094,0.15865,0.155268,0.151948,0.148687,0.145484,0.142339,0.139249,0.136213,0.133231,0.1303,0.12742,0.124589,0.121807,0.119072,0.116383,0.113738,0.111138,0.108581,0.106066,0.103591,0.101157,0.0987608,0.0964031,0.0940824,0.0917978,0.0895484,0.0873334,0.0851518,0.0830028,0.0808857,0.0787994,0.0767433,0.0747166,0.0727184,0.070748,0.0688045,0.0668874,0.0649957,0.0631289,0.0612861,0.0594667,0.0576699,0.0558951,0.0541416,0.0524087,0.0506957,0.049002,0.047327,0.04567,0.0440303,0.0424074,0.0408006,0.0392092,0.0376328,0.0360707,0.0345223,0.032987,0.0314643,0.0299534,0.028454,0.0269653,0.0254869,0.0240182,0.0225586,0.0211075,0.0196644,0.0182288,0.0168001,0.0153778,0.0139614,0.0125502,0.0111438,0.00974156,0.00834306,0.00694772,0.00555502,0.00416442,0.0027754
1,0.975778,0.951661,0.927746,0.904129,0.880893,0.858111,0.835842,0.814134,0.793022,0.772529,0.752669,0.733446,0.714855,0.696889,0.679533,0.662768,0.646576,0.630934,0.61582,0.60121,0.587083,0.573415,0.560184,0.54737,0.534952,0.522912,0.51123,0.499891,0.488878,0.478175,0.46777,0.457648,0.447797,0.438206,0.428863,0.419758,0.410882,0.402226,0.393782,0.385541,0.377496,0.36964,0.361966,0.354469,0.347142,0.339979,0.332977,0.326128,0.31943,0.312876,0.306464,0.300188,0.294045,0.288031,0.282143,0.276377,0.270729,0.265197,0.259778,0.254469,0.249266,0.244168,0.239171,0.234273,0.229471,0.224764,0.220149,0.215623,0.211185,0.206832,0.202563,0.198375,0.194266,0.190236,0.186281,0.1824,0.178592,0.174854,0.171186,0.167585,0.16405,0.16058,0.157172,0.153826,0.150541,0.147314,0.144144,0.141031,0.137972,0.134967,0.132015,0.129113,0.126262,0.123459,0.120704,0.117996,0.115333,0.112714,0.110139,0.107607,0.105115,0.102664,0.100253,0.0978798,0.0955443,0.0932453,0.0909821,0.0887537,0.0865592,0.0843978,0.0822687,0.080171,0.0781039,0.0760666,0.0740583,0.0720783,0.0701258,0.0681999,0.0663001,0.0644255,0.0625754,0.0607492,0.058946,0.0571653,0.0554064,0.0536684,0.0519509,0.0502532,0.0485745,0.0469143,0.0452719,0.0436467,0.0420381,0.0404454,0.0388681,0.0373055,0.0357571,0.0342223,0.0327004,0.031191,0.0296933,0.028207,0.0267313,0.0252658,0.0238098,0.0223629,0.0209245,0.019494,0.0180708,0.0166545,0.0152446,0.0138404,0.0124415,0.0110472,0.00965718,0.0082708,0.00688755,0.00550691,0.00412836,0.00275137
1,0.974865,0.949852,0.925078,0.900651,0.876666,0.853206,0.830336,0.808105,0.786548,0.765686,0.745528,0.726073,0.707312,0.689228,0.671802,0.65501,0.638826,0.623223,0.608173,0.593649,0.579625,0.566075,0.552974,0.540298,0.528026,0.516135,0.504607,0.493424,0.482567,0.472021,0.461772,0.451804,0.442106,0.432665,0.423469,0.41451,0.405776,0.397258,0.388949,0.380839,0.372923,0.365192,0.357639,0.35026,0.343048,0.335996,0.329102,0.322358,0.315761,0.309306,0.302989,0.296806,0.290753,0.284826,0.279022,0.273338,0.26777,0.262315,0.256971,0.251734,0.246601,0.241571,0.23664,0.231806,0.227067,0.22242,0.217863,0.213395,0.209012,0.204713,0.200496,0.196359,0.1923,0.188318,0.18441,0.180574,0.17681,0.173116,0.16949,0.16593,0.162435,0.159003,0.155633,0.152324,0.149075,0.145883,0.142748,0.139668,0.136642,0.133669,0.130748,0.127877,0.125055,0.122281,0.119555,0.116874,0.114239,0.111647,0.109098,0.106591,0.104125,0.101698,0.0993109,0.0969614,0.0946489,0.0923727,0.0901317,0.0879251,0.085752,0.0836117,0.0815032,0.0794258,0.0773786,0.0753609,0.0733719,0.0714108,0.0694769,0.0675694,0.0656876,0.0638308,0.0619982,0.0601892,0.058403,0.0566391,0.0548966,0.053175,0.0514735,0.0497916,0.0481286,0.0464838,0.0448567,0.0432466,0.0416529,0.040075,0.0385122,0.0369641,0.03543,0.0339093,0.0324014,0.0309059,0.029422,0.0279493,0.0264872,0.0250351,0.0235925,0.0221588,0.0207335,0.0193161,0.017906,0.0165027,0.0151056,0.0137142,0.012328,0.0109465,0.00956916,0.00819542,0.00682478,0.00545673,0.00409074,0.0027263
1,0.97383,0.947805,0.922063,0.896729,0.871915,0.847712,0.82419,0.801401,0.779379,0.758139,0.737685,0.718008,0.699091,0.68091,0.663439,0.646644,0.630495,0.614958,0.6,0.585589,0.571695,0.558287,0.545339,0.532824,0.520717,0.508997,0.497641,0.48663,0.475946,0.465571,0.455491,0.445691,0.436157,0.426878,0.417841,0.409036,0.400452,0.392082,0.383916,0.375946,0.368164,0.360564,0.35314,0.345884,0.338792,0.331857,0.325075,0.318441,0.31195,0.305598,0.299381,0.293294,0.287334,0.281498,0.275782,0.270183,0.264697,0.259323,0.254056,0.248894,0.243834,0.238874,0.234012,0.229245,0.22457,0.219986,0.21549,0.211081,0.206755,0.202512,0.19835,0.194265,0.190258,0.186325,0.182465,0.178677,0.174959,0.17131,0.167727,0.164209,0.160756,0.157364,0.154034,0.150763,0.147551,0.144396,0.141296,0.138251,0.135259,0.132319,0.12943,0.126591,0.1238,0.121057,0.11836,0.115708,0.113101,0.110537,0.108015,0.105535,0.103094,0.100693,0.0983309,0.0960059,0.0937175,0.0914648,0.0892469,0.087063,0.0849122,0.0827937,0.0807067,0.0786503,0.0766239,0.0746266,0.0726576,0.0707162,0.0688017,0.0669132,0.0650502,0.0632119,0.0613975,0.0596064,0.0578379,0.0560913,0.054366,0.0526614,0.0509766,0.0493112,0.0476645,0.0460358,0.0444245,0.0428301,0.0412519,0.0396894,0.0381418,0.0366087,0.0350894,0.0335835,0.0320902,0.0306091,0.0291396,0.0276811,0.026233,0.0247949,0.0233662,0.0219463,0.0205348,0.019131,0.0177344,0.0163445,0.0149608,0.0135828,0.0122099,0.0108417,0.00947752,0.00811694,0.00675943,0.00540448,0.00405157,0.0027002
1,0.972651,0.945476,0.918639,0.892289,0.866554,0.841536,0.817311,0.793932,0.771427,0.749806,0.729064,0.709182,0.690133,0.671884,0.654397,0.637633,0.621552,0.606114,0.59128,0.577012,0.563277,0.55004,0.537271,0.524941,0.513023,0.501493,0.490329,0.479509,0.469014,0.458827,0.448931,0.439312,0.429955,0.420849,0.41198,0.40334,0.394916,0.386702,0.378686,0.370863,0.363224,0.355762,0.348471,0.341345,0.334379,0.327566,0.320902,0.314381,0.308001,0.301756,0.295642,0.289655,0.283793,0.278051,0.272426,0.266914,0.261514,0.256222,0.251036,0.245951,0.240967,0.236081,0.231289,0.226591,0.221983,0.217464,0.213031,0.208683,0.204417,0.200231,0.196125,0.192095,0.18814,0.184259,0.18045,0.176711,0.17304,0.169437,0.165899,0.162425,0.159014,0.155665,0.152375,0.149144,0.14597,0.142853,0.13979,0.136781,0.133824,0.130919,0.128063,0.125256,0.122498,0.119786,0.117119,0.114498,0.11192,0.109385,0.106891,0.104438,0.102025,0.0996501,0.0973135,0.0950139,0.0927504,0.0905221,0.0883282,0.0861678,0.0840401,0.0819443,0.0798795,0.0778451,0.0758402,0.073864,0.0719158,0.0699948,0.0681004,0.0662317,0.0643882,0.062569,0.0607735,0.059001,0.0572509,0.0555224,0.0538149,0.0521278,0.0504604,0.0488121,0.0471823,0.0455703,0.0439756,0.0423975,0.0408354,0.0392888,0.037757,0.0362395,0.0347357,0.033245,0.0317669,0.0303008,0.0288461,0.0274024,0.025969,0.0245454,0.0231311,0.0217256,0.0203283,0.0189386,0.0175561,0.0161802,0.0148105,0.0134463,0.0120873,0.0107328,0.00938231,0.0080354,0.00669154,0.0053502,0.00401088,0.00267308
1,0.971298,0.942807,0.914727,0.887234,0.860475,0.834566,0.809587,0.785588,0.762591,0.740595,0.719582,0.699523,0.680375,0.662095,0.644633,0.62794,0.611967,0.596666,0.581992,0.567904,0.55436,0.541325,0.528763,0.516645,0.504941,0.493625,0.482673,0.472063,0.461775,0.451791,0.442094,0.43267,0.423503,0.414581,0.405892,0.397426,0.389172,0.381121,0.373265,0.365596,0.358106,0.350789,0.343638,0.336648,0.329812,0.323125,0.316584,0.310182,0.303916,0.297782,0.291775,0.285893,0.280131,0.274486,0.268955,0.263535,0.258223,0.253017,0.247913,0.242909,0.238003,0.233192,0.228474,0.223847,0.219308,0.214855,0.210487,0.206202,0.201997,0.197872,0.193823,0.189849,0.185949,0.182121,0.178364,0.174675,0.171054,0.167498,0.164007,0.160578,0.157212,0.153905,0.150658,0.147468,0.144334,0.141255,0.138231,0.135259,0.132338,0.129468,0.126647,0.123874,0.121149,0.118469,0.115835,0.113244,0.110696,0.108191,0.105726,0.103302,0.100916,0.098569,0.0962593,0.0939859,0.0917482,0.0895452,0.0873761,0.08524,0.0831362,0.0810639,0.0790222,0.0770104,0.0750277,0.0730734,0.0711467,0.069247,0.0673733,0.0655252,0.0637018,0.0619025,0.0601266,0.0583734,0.0566423,0.0549325,0.0532435,0.0515746,0.0499252,0.0482947,0.0466824,0.0450877,0.04351,0.0419488,0.0404035,0.0388733,0.0373579,0.0358566,0.0343688,0.0328939,0.0314316,0.029981,0.0285418,0.0271134,0.0256952,0.0242867,0.0228873,0.0214967,0.0201141,0.0187391,0.0173712,0.0160098,0.0146545,0.0133048,0.01196,0.0106198,0.00928356,0.00795084,0.00662112,0.0052939,0.00396868,0.00264495
1,0.969734,0.939729,0.910228,0.881444,0.853548,0.826667,0.800884,0.776242,0.752753,0.7304,0.709149,0.688951,0.669751,0.651488,0.6341,0.617526,0.601708,0.586591,0.572121,0.55825,0.544935,0.532135,0.519813,0.507935,0.496471,0.485392,0.474674,0.464295,0.454232,0.444468,0.434986,0.42577,0.416805,0.40808,0.399582,0.3913,0.383225,0.375347,0.367658,0.36015,0.352816,0.34565,0.338645,0.331795,0.325095,0.31854,0.312126,0.305847,0.2997,0.29368,0.287785,0.282009,0.276351,0.270807,0.265373,0.260048,0.254827,0.249709,0.24469,0.239769,0.234944,0.23021,0.225568,0.221014,0.216546,0.212162,0.207861,0.203641,0.199499,0.195435,0.191446,0.18753,0.183687,0.179913,0.176209,0.172572,0.169002,0.165495,0.162052,0.15867,0.155349,0.152087,0.148883,0.145735,0.142642,0.139604,0.136618,0.133685,0.130802,0.127968,0.125183,0.122445,0.119754,0.117108,0.114506,0.111947,0.109431,0.106956,0.104521,0.102126,0.0997696,0.0974507,0.0951686,0.0929224,0.0907113,0.0885344,0.0863909,0.08428,0.0822009,0.0801528,0.078135,0.0761466,0.074187,0.0722553,0.0703509,0.068473,0.0666209,0.064794,0.0629914,0.0612127,0.059457,0.0577238,0.0560123,0.0543219,0.052652,0.051002,0.0493712,0.047759,0.0461648,0.0445881,0.0430281,0.0414844,0.0399563,0.0384433,0.0369448,0.0354602,0.0339889,0.0325305,0.0310844,0.02965,0.0282267,0.0268141,0.0254117,0.0240188,0.0226349,0.0212596,0.0198923,0.0185325,0.0171797,0.0158334,0.0144931,0.0131582,0.0118283,0.0105028,0.00918132,0.00786328,0.00654821,0.00523561,0.00392498,0.00261583
1,0.967909,0.936146,0.905012,0.874766,0.845605,0.817669,0.791039,0.765745,0.741779,0.719104,0.697661,0.677382,0.658189,0.640005,0.622752,0.606357,0.59075,0.575867,0.561649,0.548042,0.534996,0.522468,0.510419,0.498812,0.487615,0.476799,0.466338,0.456209,0.446391,0.436864,0.427612,0.418618,0.409869,0.401352,0.393055,0.384968,0.37708,0.369383,0.361869,0.35453,0.347359,0.34035,0.333496,0.326792,0.320234,0.313815,0.307532,0.30138,0.295356,0.289455,0.283674,0.278009,0.272458,0.267017,0.261684,0.256455,0.251328,0.246301,0.241371,0.236535,0.231791,0.227138,0.222573,0.218094,0.2137,0.209387,0.205155,0.201001,0.196925,0.192923,0.188995,0.185139,0.181354,0.177637,0.173987,0.170404,0.166885,0.163429,0.160035,0.156702,0.153427,0.150211,0.147051,0.143947,0.140897,0.1379,0.134955,0.13206,0.129216,0.12642,0.123672,0.12097,0.118314,0.115702,0.113134,0.110608,0.108124,0.105681,0.103277,0.100912,0.0985853,0.0962956,0.094042,0.0918238,0.0896402,0.0874903,0.0853732,0.0832883,0.0812347,0.0792116,0.0772184,0.0752542,0.0733183,0.07141,0.0695285,0.0676732,0.0658434,0.0640383,0.0622574,0.0604998,0.0587651,0.0570524,0.0553612,0.0536909,0.0520407,0.0504102,0.0487986,0.0472054,0.0456299,0.0440717,0.04253,0.0410043,0.0394941,0.0379988,0.0365177,0.0350504,0.0335963,0.0321549,0.0307255,0.0293078,0.0279011,0.0265048,0.0251186,0.0237418,0.022374,0.0210146,0.0196631,0.018319,0.0169818,0.0156511,0.0143262,0.0130067,0.0116921,0.0103819,0.00907562,0.00777276,0.00647283,0.00517534,0.0038798,0.00258572
1,0.965757,0.931933,0.89891,0.867001,0.836438,0.807366,0.779857,0.753919,0.729514,0.706574,0.685011,0.664726,0.645619,0.627591,0.610547,0.5944,0.579068,0.564479,0.550567,0.537271,0.524539,0.512323,0.500582,0.489278,0.478378,0.46785,0.45767,0.447813,0.438258,0.428985,0.419978,0.411222,0.402701,0.394404,0.386319,0.378436,0.370745,0.363237,0.355905,0.348742,0.34174,0.334894,0.328197,0.321645,0.315232,0.308954,0.302807,0.296786,0.290888,0.28511,0.279446,0.273896,0.268455,0.263121,0.25789,0.252761,0.24773,0.242796,0.237956,0.233208,0.228549,0.223978,0.219493,0.215091,0.210771,0.206531,0.20237,0.198285,0.194275,0.190338,0.186473,0.182678,0.178952,0.175293,0.1717,0.168171,0.164705,0.161302,0.157958,0.154674,0.151448,0.148278,0.145164,0.142104,0.139098,0.136143,0.13324,0.130386,0.127581,0.124824,0.122114,0.119449,0.116829,0.114253,0.111719,0.109227,0.106777,0.104366,0.101994,0.0996604,0.0973641,0.0951043,0.0928802,0.0906908,0.0885355,0.0864133,0.0843235,0.0822653,0.080238,0.0782407,0.0762728,0.0743335,0.0724221,0.0705378,0.0686801,0.0668481,0.0650412,0.0632587,0.0614999,0.0597643,0.058051,0.0563596,0.0546894,0.0530397,0.0514099,0.0497994,0.0482076,0.046634,0.0450779,0.0435387,0.0420159,0.0405089,0.0390171,0.03754,0.036077,0.0346275,0.0331911,0.0317671,0.0303552,0.0289546,0.0275649,0.0261856,0.0248161,0.023456,0.0221047,0.0207617,0.0194265,0.0180986,0.0167776,0.0154628,0.0141539,0.0128503,0.0115515,0.0102571,0.00896651,0.00767933,0.00639503,0.00511314,0.00383317,0.00255465
1,0.963185,0.92692,0.891693,0.857892,0.825779,0.795501,0.767104,0.740559,0.715785,0.692669,0.671082,0.650893,0.631971,0.614193,0.597446,0.581627,0.566644,0.552415,0.538867,0.525936,0.513565,0.501704,0.490309,0.479341,0.468767,0.458555,0.448679,0.439115,0.429842,0.420841,0.412095,0.403589,0.395309,0.387244,0.379381,0.371711,0.364226,0.356915,0.349773,0.342792,0.335966,0.329288,0.322754,0.316358,0.310096,0.303963,0.297956,0.29207,0.286302,0.280649,0.275107,0.269673,0.264345,0.25912,0.253995,0.248968,0.244036,0.239197,0.23445,0.229791,0.225219,0.220732,0.216328,0.212006,0.207763,0.203597,0.199508,0.195493,0.191551,0.187681,0.18388,0.180148,0.176483,0.172883,0.169347,0.165875,0.162464,0.159114,0.155822,0.152588,0.149412,0.14629,0.143223,0.140209,0.137247,0.134336,0.131476,0.128663,0.125899,0.123182,0.12051,0.117884,0.115301,0.112761,0.110263,0.107806,0.105389,0.103012,0.100673,0.0983713,0.0961065,0.0938775,0.0916836,0.0895239,0.0873976,0.085304,0.0832422,0.0812115,0.0792112,0.0772405,0.0752987,0.073385,0.0714988,0.0696393,0.0678059,0.0659979,0.0642146,0.0624553,0.0607194,0.0590063,0.0573153,0.0556457,0.053997,0.0523686,0.0507598,0.04917,0.0475986,0.0460452,0.0445089,0.0429894,0.041486,0.0399982,0.0385254,0.0370671,0.0356227,0.0341916,0.0327734,0.0313675,0.0299734,0.0285905,0.0272184,0.0258565,0.0245043,0.0231613,0.021827,0.020501,0.0191826,0.0178714,0.016567,0.0152687,0.0139763,0.012689,0.0114066,0.0101284,0.00885404,0.00758301,0.00631482,0.00504901,0.0037851,0.00252261
1,0.960064,0.920868,0.883052,0.847093,0.813285,0.781755,0.7525,0.725429,0.700397,0.677233,0.655756,0.635792,0.617178,0.599763,0.583416,0.568018,0.553466,0.53967,0.526551,0.514041,0.502081,0.490618,0.479608,0.469012,0.458793,0.448924,0.439376,0.430126,0.421155,0.412442,0.403972,0.39573,0.387704,0.379881,0.37225,0.364803,0.357531,0.350426,0.34348,0.336688,0.330042,0.323539,0.317172,0.310937,0.30483,0.298847,0.292983,0.287236,0.281601,0.276076,0.270659,0.265345,0.260132,0.255019,0.250002,0.245079,0.240249,0.235508,0.230855,0.226288,0.221805,0.217404,0.213083,0.208841,0.204677,0.200587,0.196572,0.192629,0.188757,0.184954,0.181219,0.177551,0.173948,0.170409,0.166932,0.163517,0.160163,0.156866,0.153628,0.150446,0.14732,0.144248,0.141229,0.138262,0.135346,0.13248,0.129662,0.126893,0.12417,0.121494,0.118862,0.116274,0.11373,0.111227,0.108766,0.106344,0.103963,0.10162,0.0993142,0.0970456,0.0948131,0.0926158,0.0904529,0.0883236,0.0862272,0.0841629,0.0821299,0.0801275,0.0781549,0.0762115,0.0742964,0.0724091,0.0705488,0.0687148,0.0669064,0.065123,0.063364,0.0616286,0.0599162,0.0582263,0.0565581,0.054911,0.0532845,0.0516779,0.0500907,0.0485222,0.0469718,0.0454391,0.0439233,0.0424241,0.0409407,0.0394726,0.0380193,0.0365803,0.035155,0.0337429,0.0323434,0.0309561,0.0295804,0.0282157,0.0268617,0.0255177,0.0241833,0.022858,0.0215412,0.0202326,0.0189315,0.0176375,0.0163502,0.015069,0.0137934,0.0125231,0.0112574,0.00999594,0.00873825,0.00748385,0.00623225,0.00498299,0.00373561,0.00248963
1,0.956202,0.913435,0.872553,0.834145,0.798513,0.765733,0.735711,0.70826,0.683143,0.660109,0.638917,0.619342,0.601184,0.584267,0.568437,0.553563,0.539532,0.526248,0.513626,0.501597,0.490099,0.47908,0.468495,0.458303,0.448472,0.438971,0.429775,0.42086,0.412208,0.4038,0.395621,0.387656,0.379895,0.372325,0.364936,0.357721,0.35067,0.343776,0.337034,0.330436,0.323978,0.317653,0.311459,0.305389,0.299441,0.293611,0.287894,0.282288,0.27679,0.271397,0.266106,0.260915,0.255821,0.250822,0.245915,0.241099,0.236371,0.23173,0.227174,0.2227,0.218308,0.213995,0.209759,0.2056,0.201515,0.197504,0.193564,0.189694,0.185893,0.182159,0.178492,0.174889,0.171349,0.167872,0.164456,0.1611,0.157802,0.154562,0.151378,0.148249,0.145174,0.142152,0.139182,0.136263,0.133394,0.130574,0.127801,0.125076,0.122396,0.119761,0.11717,0.114622,0.112116,0.109652,0.107228,0.104844,0.102498,0.10019,0.0979187,0.0956839,0.0934845,0.0913196,0.0891885,0.0870905,0.0850247,0.0829905,0.080987,0.0790136,0.0770695,0.0751541,0.0732665,0.0714062,0.0695725,0.0677646,0.065982,0.0642239,0.0624898,0.0607789,0.0590907,0.0574245,0.0557798,0.0541558,0.0525521,0.0509679,0.0494029,0.0478562,0.0463275,0.044816,0.0433213,0.0418428,0.04038,0.0389322,0.0374991,0.0360799,0.0346743,0.0332816,0.0319014,0.0305331,0.0291763,0.0278304,0.0264949,0.0251694,0.0238533,0.0225461,0.0212473,0.0199566,0.0186733,0.017397,0.0161273,0.0148635,0.0136054,0.0123524,0.011104,0.00985973,0.00861919,0.00738188,0.00614734,0.00491511,0.00368472,0.00245571
1,0.951311,0.904115,0.859582,0.818418,0.780892,0.746951,0.716352,0.688757,0.663805,0.641145,0.620461,0.601476,0.58395,0.567683,0.552502,0.538265,0.524852,0.512162,0.500109,0.488622,0.477639,0.467109,0.456987,0.447234,0.437819,0.428713,0.419891,0.411332,0.403017,0.394929,0.387054,0.37938,0.371894,0.364587,0.357449,0.350473,0.343651,0.336976,0.330443,0.324045,0.317778,0.311638,0.30562,0.29972,0.293934,0.28826,0.282694,0.277233,0.271875,0.266616,0.261455,0.256388,0.251415,0.246532,0.241738,0.23703,0.232408,0.227868,0.22341,0.219032,0.214731,0.210508,0.206359,0.202284,0.198281,0.194348,0.190485,0.18669,0.182961,0.179298,0.175699,0.172163,0.168689,0.165275,0.16192,0.158624,0.155384,0.152201,0.149072,0.145997,0.142975,0.140005,0.137085,0.134215,0.131394,0.12862,0.125893,0.123212,0.120576,0.117984,0.115435,0.112928,0.110462,0.108037,0.105651,0.103304,0.100995,0.0987229,0.0964872,0.0942869,0.0921214,0.0899897,0.0878913,0.0858252,0.0837908,0.0817874,0.0798142,0.0778705,0.0759556,0.0740688,0.0722094,0.0703769,0.0685704,0.0667893,0.065033,0.0633009,0.0615923,0.0599066,0.0582432,0.0566014,0.0549807,0.0533804,0.0518001,0.050239,0.0486966,0.0471724,0.0456658,0.0441763,0.0427032,0.041246,0.0398042,0.0383773,0.0369648,0.035566,0.0341805,0.0328078,0.0314474,0.0300987,0.0287613,0.0274347,0.0261183,0.0248116,0.0235143,0.0222258,0.0209455,0.0196732,0.0184081,0.01715,0.0158983,0.0146526,0.0134123,0.0121771,0.0109464,0.00971983,0.0084969,0.00727716,0.00606013,0.00484539,0.00363245,0.00242088
1,0.944928,0.892132,0.843243,0.799055,0.759684,0.724828,0.693988,0.666612,0.642173,0.620204,0.600307,0.58215,0.565459,0.550011,0.535623,0.522143,0.509449,0.497439,0.486026,0.475142,0.464726,0.454729,0.445109,0.435828,0.426858,0.418171,0.409745,0.40156,0.393598,0.385845,0.378288,0.370915,0.363715,0.35668,0.349801,0.343072,0.336485,0.330034,0.323716,0.317523,0.311453,0.305501,0.299663,0.293936,0.288317,0.282802,0.277389,0.272076,0.266859,0.261737,0.256708,0.251769,0.246918,0.242153,0.237474,0.232877,0.228361,0.223925,0.219567,0.215285,0.211079,0.206946,0.202885,0.198896,0.194976,0.191124,0.187339,0.18362,0.179965,0.176374,0.172844,0.169376,0.165968,0.162618,0.159326,0.156091,0.152911,0.149785,0.146713,0.143693,0.140725,0.137807,0.134939,0.132119,0.129346,0.12662,0.12394,0.121304,0.118713,0.116164,0.113658,0.111192,0.108767,0.106382,0.104035,0.101727,0.0994552,0.0972199,0.0950202,0.0928553,0.0907244,0.0886267,0.0865616,0.0845283,0.082526,0.0805541,0.0786119,0.0766986,0.0748136,0.0729561,0.0711257,0.0693215,0.0675429,0.0657893,0.06406,0.0623545,0.060672,0.0590121,0.057374,0.0557573,0.0541612,0.0525852,0.0510288,0.0494914,0.0479723,0.0464711,0.0449872,0.04352,0.0420691,0.0406338,0.0392137,0.0378081,0.0364167,0.0350388,0.0336741,0.0323219,0.0309817,0.0296531,0.0283356,0.0270287,0.0257319,0.0244446,0.0231666,0.0218971,0.0206359,0.0193824,0.0181361,0.0168966,0.0156634,0.0144361,0.0132142,0.0119972,0.0107847,0.0095763,0.00837144,0.00716971,0.00597066,0.00477385,0.00357883,0.00238514
1,0.936267,0.876243,0.822203,0.774874,0.733961,0.698689,0.668161,0.64153,0.618072,0.597192,0.578412,0.561356,0.545725,0.53128,0.517835,0.505236,0.493363,0.482117,0.471416,0.461194,0.451395,0.441973,0.43289,0.424113,0.415614,0.407369,0.399358,0.391564,0.383971,0.376566,0.369338,0.362276,0.355371,0.348616,0.342004,0.335528,0.329182,0.322962,0.316862,0.310879,0.30501,0.299249,0.293595,0.288045,0.282594,0.277242,0.271985,0.266822,0.26175,0.256767,0.251871,0.247061,0.242334,0.23769,0.233127,0.228642,0.224235,0.219903,0.215647,0.211464,0.207353,0.203312,0.199341,0.195438,0.191602,0.187832,0.184127,0.180485,0.176905,0.173387,0.169928,0.166529,0.163188,0.159904,0.156675,0.153502,0.150383,0.147316,0.144302,0.141338,0.138424,0.13556,0.132744,0.129974,0.127252,0.124574,0.121942,0.119353,0.116806,0.114302,0.111839,0.109416,0.107033,0.104689,0.102382,0.100112,0.0978791,0.0956814,0.0935185,0.0913897,0.0892942,0.0872313,0.0852003,0.0832004,0.0812309,0.0792913,0.0773807,0.0754985,0.073644,0.0718166,0.0700157,0.0682405,0.0664904,0.0647649,0.0630633,0.061385,0.0597293,0.0580957,0.0564837,0.0548925,0.0533216,0.0517705,0.0502386,0.0487254,0.0472302,0.0457525,0.0442919,0.0428477,0.0414194,0.0400065,0.0386085,0.0372249,0.0358551,0.0344987,0.0331551,0.0318238,0.0305045,0.0291965,0.0278994,0.0266126,0.0253359,0.0240685,0.0228102,0.0215604,0.0203186,0.0190844,0.0178573,0.0166369,0.0154227,0.0142143,0.0130112,0.0118129,0.0106191,0.0094292,0.00824285,0.00705959,0.00587896,0.00470054,0.00352386,0.00234851
1,0.923899,0.854368,0.794451,0.744277,0.702596,0.667807,0.638435,0.613276,0.591394,0.572078,0.554795,0.539139,0.524803,0.511551,0.499199,0.487604,0.476651,0.46625,0.456327,0.446822,0.437686,0.428879,0.420366,0.412119,0.404115,0.396333,0.388755,0.381367,0.374156,0.36711,0.360221,0.35348,0.346878,0.34041,0.33407,0.327853,0.321754,0.315768,0.309892,0.304123,0.298457,0.292892,0.287424,0.282053,0.276774,0.271586,0.266488,0.261476,0.256551,0.251708,0.246949,0.242269,0.237669,0.233147,0.228701,0.22433,0.220032,0.215807,0.211654,0.20757,0.203556,0.199609,0.195729,0.191914,0.188163,0.184476,0.180851,0.177288,0.173784,0.17034,0.166953,0.163624,0.160351,0.157134,0.15397,0.15086,0.147802,0.144795,0.141839,0.138933,0.136075,0.133265,0.130501,0.127784,0.125112,0.122484,0.1199,0.117358,0.114858,0.112399,0.109981,0.107601,0.10526,0.102957,0.100691,0.0984617,0.0962675,0.0941082,0.0919829,0.0898909,0.0878315,0.085804,0.0838078,0.081842,0.0799061,0.0779994,0.0761211,0.0742707,0.0724474,0.0706507,0.0688799,0.0671344,0.0654135,0.0637167,0.0620434,0.0603928,0.0587646,0.0571579,0.0555724,0.0540074,0.0524624,0.0509367,0.0494299,0.0479414,0.0464706,0.045017,0.0435801,0.0421594,0.0407543,0.0393644,0.037989,0.0366278,0.0352802,0.0339456,0.0326238,0.031314,0.0300159,0.028729,0.0274527,0.0261867,0.0249304,0.0236835,0.0224453,0.0212155,0.0199937,0.0187793,0.0175718,0.016371,0.0151762,0.0139871,0.0128033,0.0116242,0.0104494,0.00927858,0.0081112,0.00694684,0.00578507,0.00462547,0.00346759,0.00231101
1,0.904961,0.82288,0.756956,0.705189,0.664338,0.631506,0.604498,0.581745,0.562148,0.544932,0.529549,0.515602,0.502798,0.490922,0.479807,0.469329,0.459387,0.449905,0.440819,0.432081,0.423649,0.415489,0.407575,0.399883,0.392394,0.385092,0.377962,0.370993,0.364175,0.357499,0.350957,0.344543,0.338252,0.332077,0.326014,0.320061,0.314212,0.308464,0.302815,0.297263,0.291804,0.286436,0.281158,0.275967,0.270862,0.265841,0.260903,0.256046,0.251268,0.246568,0.241946,0.237399,0.232926,0.228527,0.2242,0.219944,0.215758,0.21164,0.207591,0.203608,0.199691,0.195839,0.192051,0.188325,0.184661,0.181058,0.177515,0.17403,0.170604,0.167235,0.163921,0.160663,0.15746,0.154309,0.151211,0.148165,0.14517,0.142224,0.139327,0.136479,0.133677,0.130922,0.128213,0.125549,0.122928,0.120351,0.117815,0.115322,0.112869,0.110456,0.108083,0.105747,0.10345,0.101189,0.0989646,0.0967756,0.0946212,0.0925009,0.0904139,0.0883595,0.0863369,0.0843456,0.0823848,0.0804539,0.0785522,0.076679,0.0748338,0.0730157,0.0712244,0.069459,0.067719,0.0660037,0.0643127,0.0626451,0.0610006,0.0593785,0.0577782,0.0561991,0.0546407,0.0531024,0.0515837,0.0500841,0.0486029,0.0471396,0.0456938,0.0442648,0.0428523,0.0414555,0.0400742,0.0387076,0.0373554,0.0360171,0.0346921,0.03338,0.0320803,0.0307925,0.0295162,0.0282508,0.0269959,0.025751,0.0245158,0.0232896,0.0220721,0.0208628,0.0196613,0.0184672,0.0172799,0.016099,0.0149241,0.0137548,0.0125906,0.0114311,0.0102759,0.00912451,0.00797652,0.0068315,0.00568903,0.00454868,0.00341002,0.00227264
1,0.873063,0.775236,0.705302,0.655186,0.618062,0.589383,0.566305,0.547059,0.53052,0.515955,0.502869,0.49092,0.479866,0.46953,0.45978,0.450517,0.441664,0.433163,0.424965,0.417034,0.409339,0.401855,0.394563,0.387445,0.380487,0.373678,0.367008,0.360468,0.354052,0.347752,0.341565,0.335485,0.329508,0.323631,0.31785,0.312163,0.306568,0.301062,0.295643,0.290309,0.285059,0.279891,0.274804,0.269797,0.264867,0.260014,0.255237,0.250535,0.245907,0.241351,0.236867,0.232453,0.22811,0.223835,0.219628,0.215488,0.211414,0.207405,0.203461,0.19958,0.195762,0.192006,0.18831,0.184674,0.181098,0.17758,0.174119,0.170715,0.167367,0.164073,0.160834,0.157648,0.154515,0.151432,0.148401,0.14542,0.142488,0.139604,0.136767,0.133977,0.131233,0.128535,0.12588,0.123269,0.120701,0.118175,0.11569,0.113245,0.11084,0.108474,0.106146,0.103856,0.101602,0.0993847,0.0972024,0.0950548,0.092941,0.0908604,0.0888124,0.0867962,0.0848112,0.0828567,0.0809321,0.0790367,0.0771698,0.0753309,0.0735192,0.0717342,0.0699753,0.0682419,0.0665333,0.0648489,0.0631882,0.0615506,0.0599355,0.0583424,0.0567706,0.0552196,0.0536889,0.052178,0.0506862,0.049213,0.047758,0.0463205,0.0449001,0.0434963,0.0421086,0.0407364,0.0393792,0.0380366,0.0367081,0.0353931,0.0340913,0.0328021,0.031525,0.0302597,0.0290055,0.0277621,0.026529,0.0253058,0.024092,0.0228871,0.0216907,0.0205024,0.0193217,0.0181482,0.0169814,0.015821,0.0146664,0.0135174,0.0123733,0.0112338,0.0100986,0.00896704,0.00783887,0.00671362,0.00559086,0.00447019,0.00335119,0.00223343
1,0.812056,0.699701,0.633829,0.592191,0.563341,0.541657,0.524281,0.509665,0.496919,0.485497,0.47505,0.465344,0.456217,0.447552,0.439265,0.431294,0.42359,0.416117,0.408844,0.401751,0.394817,0.38803,0.381376,0.374845,0.368431,0.362125,0.355923,0.34982,0.343812,0.337894,0.332066,0.326323,0.320665,0.315088,0.309592,0.304175,0.298835,0.293572,0.288385,0.283272,0.278232,0.273266,0.268371,0.263548,0.258795,0.254111,0.249497,0.244951,0.240473,0.236062,0.231718,0.227439,0.223225,0.219075,0.214989,0.210966,0.207005,0.203106,0.199268,0.19549,0.191771,0.188111,0.184509,0.180965,0.177477,0.174044,0.170667,0.167344,0.164075,0.160858,0.157694,0.154581,0.151518,0.148505,0.145541,0.142625,0.139757,0.136936,0.13416,0.13143,0.128745,0.126103,0.123504,0.120947,0.118432,0.115958,0.113523,0.111128,0.108772,0.106454,0.104172,0.101928,0.0997188,0.0975451,0.0954057,0.0933001,0.0912276,0.0891875,0.0871791,0.0852019,0.0832551,0.0813381,0.0794502,0.0775909,0.0757595,0.0739554,0.072178,0.0704267,0.0687009,0.067,0.0653234,0.0636705,0.0620408,0.0604337,0.0588486,0.0572849,0.0557423,0.0542199,0.0527175,0.0512343,0.04977,0.0483238,0.0468955,0.0454844,0.04409,0.0427118,0.0413494,0.0400022,0.0386697,0.0373515,0.0360471,0.0347561,0.0334778,0.032212,0.0309581,0.0297156,0.0284841,0.0272632,0.0260524,0.0248512,0.0236593,0.0224761,0.0213013,0.0201344,0.0189749,0.0178225,0.0166767,0.0155371,0.0144033,0.0132749,0.0121514,0.0110324,0.00991746,0.00880625,0.00769831,0.00659324,0.00549063,0.00439005,0.00329111,0.00219339
1,0.675459,0.577681,0.538123,0.51641,0.501452,0.489624,0.479495,0.470402,0.461993,0.454065,0.446491,0.43919,0.432104,0.425196,0.418436,0.411804,0.405286,0.398869,0.392545,0.386307,0.38015,0.374071,0.368065,0.36213,0.356266,0.350469,0.34474,0.339077,0.33348,0.327948,0.322481,0.317078,0.311739,0.306465,0.301255,0.296108,0.291026,0.286007,0.281052,0.276161,0.271333,0.266568,0.261867,0.257228,0.252653,0.248139,0.243689,0.2393,0.234973,0.230707,0.226503,0.222359,0.218275,0.214252,0.210287,0.206382,0.202535,0.198746,0.195015,0.19134,0.187722,0.184159,0.180652,0.177199,0.1738,0.170454,0.167161,0.16392,0.16073,0.157591,0.154502,0.151463,0.148472,0.145529,0.142633,0.139784,0.13698,0.134222,0.131509,0.128839,0.126212,0.123628,0.121085,0.118584,0.116122,0.113701,0.111318,0.108973,0.106666,0.104396,0.102162,0.0999639,0.0978004,0.0956711,0.0935753,0.0915125,0.0894818,0.0874828,0.0855148,0.0835771,0.0816691,0.0797902,0.0779398,0.0761173,0.074322,0.0725534,0.0708108,0.0690938,0.0674017,0.0657339,0.0640898,0.062469,0.0608708,0.0592947,0.0577402,0.0562066,0.0546936,0.0532004,0.0517267,0.0502719,0.0488355,0.047417,0.0460158,0.0446315,0.0432636,0.0419116,0.040575,0.0392532,0.037946,0.0366527,0.0353729,0.0341062,0.032852,0.03161,0.0303797,0.0291605,0.0279522,0.0267542,0.0255661,0.0243874,0.0232178,0.0220568,0.0209039,0.0197588,0.0186211,0.0174902,0.0163658,0.0152475,0.0141349,0.0130275,0.0119249,0.0108268,0.00973268,0.00864219,0.0075549,0.00647042,0.00538835,0.00430828,0.00322981,0.00215254
0,0.3121,0.397441,0.424572,0.433872,0.436435,0.435891,0.433675,0.430455,0.426587,0.422279,0.417661,0.412819,0.407815,0.40269,0.397478,0.392201,0.38688,0.381529,0.37616,0.370783,0.365406,0.360038,0.354682,0.349346,0.344033,0.338746,0.333491,0.328269,0.323083,0.317937,0.312831,0.307768,0.30275,0.297778,0.292854,0.287978,0.283153,0.278379,0.273656,0.268987,0.26437,0.259808,0.2553,0.250846,0.246448,0.242105,0.237818,0.233587,0.229411,0.225291,0.221227,0.217219,0.213266,0.209369,0.205527,0.201739,0.198007,0.194329,0.190704,0.187134,0.183616,0.180152,0.176739,0.173379,0.170069,0.166811,0.163603,0.160444,0.157335,0.154274,0.151261,0.148296,0.145377,0.142505,0.139678,0.136896,0.134158,0.131464,0.128813,0.126204,0.123637,0.121111,0.118626,0.11618,0.113773,0.111405,0.109074,0.106781,0.104524,0.102302,0.100117,0.0979652,0.0958477,0.0937636,0.0917121,0.0896926,0.0877045,0.0857473,0.0838202,0.0819227,0.0800542,0.078214,0.0764016,0.0746164,0.0728579,0.0711253,0.0694182,0.067736,0.0660781,0.064444,0.0628331,0.0612449,0.0596788,0.0581342,0.0566108,0.0551079,0.053625,0.0521616,0.0507172,0.0492912,0.0478833,0.0464928,0.0451193,0.0437623,0.0424214,0.041096,0.0397857,0.0384899,0.0372083,0.0359404,0.0346857,0.0334438,0.0322142,0.0309964,0.0297901,0.0285947,0.02741,0.0262353,0.0250703,0.0239146,0.0227678,0.0216293,0.0204989,0.019376,0.0182604,0.0171514,0.0160489,0.0149523,0.0138612,0.0127753,0.0116941,0.0106172,0.0095443,0.00847492,0.00740869,0.0063452,0.00528408,0.00422491,0.00316731,0.00211089
0,0.175499,0.275413,0.328852,0.358072,0.374523,0.383831,0.388858,0.391156,0.391621,0.390802,0.389053,0.386612,0.383646,0.380273,0.376584,0.372643,0.368504,0.364206,0.359782,0.355258,0.350655,0.345991,0.341281,0.336538,0.331772,0.326993,0.322208,0.317424,0.312648,0.307884,0.303138,0.298414,0.293714,0.289043,0.284404,0.279798,0.275229,0.270698,0.266208,0.261759,0.257354,0.252993,0.248678,0.244409,0.240188,0.236016,0.231892,0.227818,0.223793,0.219819,0.215896,0.212023,0.208202,0.204431,0.200711,0.197042,0.193425,0.189857,0.186341,0.182875,0.179458,0.176092,0.172775,0.169507,0.166288,0.163118,0.159995,0.156919,0.153891,0.150909,0.147973,0.145083,0.142237,0.139436,0.136678,0.133964,0.131293,0.128663,0.126075,0.123528,0.121021,0.118554,0.116126,0.113737,0.111385,0.109071,0.106793,0.104551,0.102345,0.100174,0.0980364,0.0959326,0.0938619,0.0918235,0.0898168,0.0878414,0.0858965,0.0839816,0.0820961,0.0802394,0.0784109,0.0766101,0.0748363,0.073089,0.0713677,0.0696718,0.0680007,0.0663539,0.0647308,0.063131,0.0615537,0.0599987,0.0584652,0.0569528,0.0554609,0.0539892,0.0525369,0.0511038,0.0496891,0.0482926,0.0469136,0.0455517,0.0442064,0.0428772,0.0415637,0.0402654,0.0389818,0.0377125,0.036457,0.0352149,0.0339858,0.0327691,0.0315644,0.0303714,0.0291895,0.0280184,0.0268576,0.0257068,0.0245654,0.023433,0.0223093,0.0211939,0.0200863,0.0189861,0.0178929,0.0168063,0.015726,0.0146515,0.0135824,0.0125183,0.0114589,0.0104037,0.00935239,0.00830452,0.00725973,0.00621764,0.00517785,0.00413998,0.00310364,0.00206845
0,0.114482,0.199858,0.257352,0.295041,0.319756,0.33605,0.34677,0.35369,0.357939,0.360255,0.361137,0.36093,0.359882,0.358174,0.35594,0.353284,0.350287,0.34701,0.343505,0.339812,0.335964,0.331991,0.327914,0.323753,0.319526,0.315245,0.310924,0.306572,0.3022,0.297815,0.293424,0.289034,0.28465,0.280277,0.27592,0.271582,0.267267,0.262978,0.258717,0.254488,0.250292,0.246132,0.242009,0.237924,0.23388,0.229877,0.225916,0.221999,0.218125,0.214297,0.210514,0.206777,0.203086,0.199442,0.195845,0.192294,0.188791,0.185336,0.181927,0.178565,0.175251,0.171983,0.168762,0.165588,0.162459,0.159377,0.15634,0.153348,0.150401,0.147498,0.14464,0.141824,0.139052,0.136323,0.133636,0.13099,0.128385,0.125821,0.123297,0.120812,0.118366,0.115959,0.113589,0.111256,0.10896,0.106701,0.104476,0.102287,0.100132,0.0980107,0.0959226,0.0938671,0.0918437,0.0898517,0.0878905,0.0859597,0.0840585,0.0821866,0.0803432,0.0785279,0.07674,0.0749791,0.0732445,0.0715358,0.0698523,0.0681935,0.066559,0.0649481,0.0633604,0.0617953,0.0602523,0.0587309,0.0572305,0.0557508,0.0542911,0.0528509,0.0514299,0.0500274,0.0486431,0.0472764,0.0459268,0.044594,0.0432773,0.0419764,0.0406908,0.0394201,0.0381637,0.0369213,0.0356924,0.0344766,0.0332733,0.0320823,0.0309031,0.0297352,0.0285783,0.0274318,0.0262954,0.0251688,0.0240513,0.0229428,0.0218427,0.0207506,0.0196662,0.0185891,0.0175188,0.016455,0.0153973,0.0143453,0.0132986,0.0122568,0.0112195,0.0101864,0.00915702,0.00813105,0.0071081,0.00608777,0.0050697,0.00405351,0.00303882,0.00202526
0,0.0825707,0.152187,0.205657,0.244982,0.273411,0.293844,0.308481,0.318895,0.326189,0.331143,0.334309,0.33609,0.336779,0.3366,0.335719,0.334268,0.332348,0.330042,0.327415,0.324519,0.3214,0.318094,0.31463,0.311036,0.307332,0.303538,0.299669,0.295741,0.291764,0.287751,0.283709,0.279648,0.275575,0.271496,0.267417,0.263343,0.259279,0.255229,0.251196,0.247184,0.243196,0.239234,0.235302,0.2314,0.22753,0.223696,0.219897,0.216136,0.212413,0.208729,0.205086,0.201484,0.197924,0.194406,0.190931,0.187499,0.184111,0.180767,0.177466,0.174209,0.170996,0.167827,0.164703,0.161621,0.158584,0.15559,0.152639,0.149731,0.146866,0.144043,0.141262,0.138523,0.135825,0.133168,0.130551,0.127974,0.125437,0.122938,0.120479,0.118057,0.115672,0.113325,0.111014,0.108739,0.1065,0.104295,0.102125,0.0999883,0.0978851,0.0958147,0.0937764,0.0917697,0.0897941,0.087849,0.0859339,0.0840482,0.0821915,0.080363,0.0785623,0.0767889,0.0750423,0.0733218,0.0716269,0.0699572,0.0683121,0.0666911,0.0650937,0.0635193,0.0619674,0.0604376,0.0589293,0.0574421,0.0559754,0.0545288,0.0531017,0.0516937,0.0503043,0.048933,0.0475795,0.0462431,0.0449234,0.0436201,0.0423325,0.0410604,0.0398031,0.0385604,0.0373317,0.0361166,0.0349147,0.0337256,0.0325488,0.0313839,0.0302305,0.0290882,0.0279565,0.0268351,0.0257236,0.0246215,0.0235285,0.0224441,0.021368,0.0202997,0.019239,0.0181853,0.0171383,0.0160977,0.015063,0.0140338,0.0130098,0.0119907,0.0109759,0.00996526,0.00895827,0.00795458,0.00695383,0.00595566,0.00495969,0.00396555,0.00297288,0.00198131
0,0.0636138,0.120662,0.168106,0.205821,0.235062,0.257434,0.274416,0.287219,0.296781,0.303818,0.308868,0.31234,0.314546,0.315726,0.316068,0.315719,0.314797,0.313395,0.311593,0.309451,0.307024,0.304353,0.301478,0.298427,0.295228,0.291905,0.288475,0.284958,0.281366,0.277715,0.274014,0.270275,0.266505,0.262714,0.258908,0.255094,0.251277,0.247462,0.243653,0.239856,0.236073,0.232308,0.228563,0.224842,0.221147,0.217479,0.213841,0.210234,0.206661,0.203121,0.199617,0.19615,0.19272,0.189328,0.185975,0.182661,0.179387,0.176154,0.172961,0.169809,0.166698,0.163628,0.160599,0.157612,0.154666,0.15176,0.148896,0.146072,0.143289,0.140547,0.137844,0.135181,0.132557,0.129973,0.127427,0.124919,0.12245,0.120018,0.117622,0.115264,0.112942,0.110655,0.108403,0.106186,0.104004,0.101855,0.0997393,0.0976564,0.0956056,0.0935865,0.0915986,0.0896412,0.0877141,0.0858165,0.083948,0.082108,0.0802961,0.0785117,0.0767543,0.0750233,0.0733184,0.0716389,0.0699843,0.0683542,0.066748,0.0651652,0.0636053,0.0620679,0.0605524,0.0590584,0.0575854,0.0561328,0.0547002,0.0532872,0.0518932,0.0505179,0.0491606,0.047821,0.0464987,0.0451931,0.0439038,0.0426304,0.0413724,0.0401294,0.038901,0.0376867,0.0364861,0.0352988,0.0341243,0.0329623,0.0318123,0.0306739,0.0295468,0.0284305,0.0273245,0.0262286,0.0251423,0.0240652,0.022997,0.0219372,0.0208855,0.0198414,0.0188046,0.0177748,0.0167515,0.0157344,0.0147231,0.0137172,0.0127163,0.0117202,0.0107284,0.00974048,0.00875621,0.00777518,0.00679701,0.00582135,0.00484784,0.00387613,0.00290584,0.00193663
0,0.0512223,0.0987414,0.140285,0.175132,0.203582,0.226414,0.244531,0.258782,0.269899,0.278479,0.285004,0.289856,0.293338,0.295691,0.297108,0.297744,0.297724,0.297151,0.296109,0.294669,0.29289,0.290819,0.2885,0.285966,0.28325,0.280377,0.27737,0.274248,0.271029,0.267728,0.264358,0.260931,0.257458,0.253948,0.250409,0.246848,0.243273,0.239688,0.2361,0.232514,0.228932,0.225361,0.221802,0.218259,0.214735,0.211232,0.207753,0.2043,0.200874,0.197478,0.194112,0.190778,0.187477,0.184211,0.180979,0.177783,0.174623,0.1715,0.168415,0.165368,0.162358,0.159387,0.156455,0.153561,0.150706,0.14789,0.145112,0.142373,0.139672,0.13701,0.134386,0.131799,0.12925,0.126739,0.124264,0.121827,0.119425,0.11706,0.11473,0.112435,0.110175,0.10795,0.105758,0.1036,0.101475,0.0993819,0.0973213,0.0952923,0.0932944,0.0913272,0.0893901,0.0874827,0.0856045,0.0837549,0.0819335,0.0801398,0.0783732,0.0766334,0.0749198,0.0732318,0.0715691,0.0699311,0.0683173,0.0667272,0.0651604,0.0636164,0.0620946,0.0605947,0.0591161,0.0576583,0.056221,0.0548035,0.0534056,0.0520266,0.0506662,0.0493239,0.0479993,0.0466918,0.0454011,0.0441268,0.0428683,0.0416253,0.0403973,0.0391839,0.0379847,0.0367993,0.0356272,0.0344681,0.0333215,0.032187,0.0310643,0.0299528,0.0288523,0.0277624,0.0266826,0.0256125,0.0245518,0.0235001,0.0224571,0.0214222,0.0203953,0.0193758,0.0183634,0.0173578,0.0163585,0.0153653,0.0143777,0.0133955,0.0124181,0.0114454,0.0104768,0.00951212,0.00855094,0.00759291,0.00663768,0.0056849,0.00473421,0.00378528,0.00283774,0.00189124
0,0.042534,0.082796,0.119161,0.15084,0.17772,0.200109,0.218511,0.233481,0.245552,0.255196,0.262814,0.268743,0.27326,0.276593,0.278929,0.280424,0.281204,0.281374,0.281024,0.280227,0.279046,0.277534,0.275735,0.273689,0.271429,0.268984,0.266378,0.263635,0.260773,0.257809,0.254758,0.251634,0.248448,0.24521,0.24193,0.238617,0.235277,0.231918,0.228546,0.225166,0.221782,0.218401,0.215024,0.211657,0.208302,0.204962,0.20164,0.198338,0.195059,0.191804,0.188575,0.185373,0.182201,0.179058,0.175947,0.172868,0.169822,0.16681,0.163832,0.160888,0.15798,0.155108,0.152272,0.149472,0.146708,0.14398,0.141289,0.138635,0.136017,0.133435,0.130889,0.12838,0.125906,0.123468,0.121065,0.118698,0.116365,0.114066,0.111802,0.109572,0.107375,0.105211,0.103079,0.10098,0.0989127,0.0968767,0.0948717,0.0928971,0.0909527,0.0890378,0.0871521,0.0852951,0.0834663,0.0816652,0.0798914,0.0781444,0.0764238,0.074729,0.0730596,0.0714151,0.0697951,0.0681991,0.0666265,0.065077,0.0635501,0.0620453,0.0605621,0.0591001,0.0576588,0.0562378,0.0548367,0.0534549,0.052092,0.0507475,0.0494212,0.0481124,0.0468208,0.0455459,0.0442873,0.0430447,0.0418174,0.0406052,0.0394077,0.0382243,0.0370548,0.0358986,0.0347555,0.0336249,0.0325066,0.0314,0.0303049,0.0292208,0.0281474,0.0270842,0.0260309,0.024987,0.0239524,0.0229265,0.0219089,0.0208994,0.0198976,0.018903,0.0179154,0.0169344,0.0159596,0.0149906,0.0140272,0.0130689,0.0121154,0.0111663,0.0102214,0.00928026,0.00834252,0.00740785,0.00647591,0.00554635,0.00461884,0.00369303,0.00276858,0.00184516
0,0.0361176,0.0707475,0.102724,0.131346,0.15635,0.177792,0.195921,0.21108,0.223634,0.233938,0.242313,0.249041,0.254365,0.258491,0.261593,0.263819,0.265293,0.266119,0.266386,0.26617,0.265534,0.264535,0.263218,0.261626,0.259793,0.25775,0.255525,0.253141,0.250619,0.247978,0.245233,0.242399,0.239489,0.236514,0.233486,0.230412,0.227301,0.224162,0.221,0.217821,0.214631,0.211435,0.208238,0.205043,0.201854,0.198674,0.195507,0.192354,0.189219,0.186104,0.18301,0.17994,0.176894,0.173875,0.170883,0.16792,0.164987,0.162084,0.159213,0.156374,0.153567,0.150793,0.148053,0.145346,0.142673,0.140035,0.137431,0.134861,0.132325,0.129824,0.127357,0.124925,0.122526,0.120162,0.117831,0.115534,0.11327,0.111039,0.108841,0.106675,0.104541,0.102439,0.100368,0.0983285,0.0963195,0.0943406,0.0923916,0.090472,0.0885814,0.0867193,0.0848854,0.0830793,0.0813003,0.0795482,0.0778225,0.0761228,0.0744485,0.0727992,0.0711746,0.0695741,0.0679972,0.0664436,0.0649128,0.0634043,0.0619178,0.0604526,0.0590085,0.0575849,0.0561814,0.0547976,0.053433,0.0520873,0.0507599,0.0494505,0.0481586,0.0468837,0.0456256,0.0443837,0.0431577,0.0419471,0.0407515,0.0395706,0.0384038,0.0372509,0.0361114,0.034985,0.0338712,0.0327696,0.0316799,0.0306017,0.0295346,0.0284782,0.0274321,0.0263961,0.0253697,0.0243525,0.0233442,0.0223444,0.0213528,0.020369,0.0193927,0.0184234,0.0174609,0.0165048,0.0155547,0.0146104,0.0136714,0.0127375,0.0118082,0.0108832,0.00996228,0.00904499,0.00813103,0.00722007,0.00631176,0.00540577,0.00450177,0.00359943,0.00269841,0.00179839
0,0.0311888,0.0613528,0.0896401,0.11547,0.138541,0.158787,0.176303,0.191282,0.203966,0.214609,0.223459,0.230743,0.236668,0.241412,0.245133,0.247966,0.250029,0.251422,0.252232,0.252532,0.252387,0.251852,0.250977,0.249803,0.248366,0.2467,0.244831,0.242786,0.240586,0.23825,0.235796,0.23324,0.230594,0.227873,0.225086,0.222244,0.219355,0.216428,0.21347,0.210487,0.207486,0.204472,0.201449,0.198423,0.195396,0.192374,0.189358,0.186353,0.18336,0.180382,0.177422,0.174481,0.171561,0.168664,0.165791,0.162943,0.160122,0.157328,0.154563,0.151827,0.149121,0.146445,0.1438,0.141186,0.138605,0.136055,0.133537,0.131052,0.128599,0.126179,0.123791,0.121436,0.119113,0.116822,0.114563,0.112337,0.110142,0.107979,0.105847,0.103746,0.101676,0.099636,0.0976263,0.0956465,0.0936961,0.0917748,0.0898822,0.0880179,0.0861816,0.0843728,0.0825911,0.0808362,0.0791076,0.077405,0.0757278,0.0740757,0.0724482,0.0708449,0.0692655,0.0677093,0.0661761,0.0646654,0.0631768,0.0617098,0.060264,0.058839,0.0574343,0.0560496,0.0546843,0.0533382,0.0520106,0.0507014,0.0494099,0.0481359,0.0468789,0.0456384,0.0444142,0.0432057,0.0420126,0.0408345,0.039671,0.0385217,0.0373862,0.0362642,0.0351551,0.0340587,0.0329746,0.0319024,0.0308417,0.0297922,0.0287535,0.0277252,0.026707,0.0256984,0.0246993,0.0237091,0.0227275,0.0217542,0.0207889,0.0198311,0.0188806,0.017937,0.017,0.0160692,0.0151442,0.0142249,0.0133107,0.0124014,0.0114966,0.0105961,0.00969948,0.00880641,0.00791657,0.00702964,0.00614529,0.0052632,0.00438305,0.00350451,0.00262725,0.00175097
0,0.027285,0.0538349,0.0790143,0.102352,0.123559,0.142513,0.159221,0.173779,0.186338,0.197074,0.20617,0.213806,0.220151,0.225356,0.22956,0.232885,0.235436,0.237309,0.238586,0.239338,0.239628,0.239511,0.239035,0.238242,0.23717,0.235851,0.234314,0.232585,0.230687,0.22864,0.226462,0.224169,0.221777,0.219297,0.216742,0.214122,0.211447,0.208725,0.205964,0.203172,0.200354,0.197516,0.194664,0.191802,0.188935,0.186066,0.1832,0.180339,0.177486,0.174644,0.171815,0.169002,0.166206,0.163429,0.160673,0.157939,0.155229,0.152543,0.149883,0.14725,0.144644,0.142066,0.139516,0.136995,0.134504,0.132043,0.129612,0.127211,0.124841,0.122501,0.120192,0.117914,0.115667,0.11345,0.111264,0.109108,0.106983,0.104887,0.102822,0.100786,0.09878,0.0968029,0.0948547,0.0929351,0.0910437,0.0891803,0.0873445,0.0855359,0.0837542,0.0819991,0.0802701,0.0785669,0.0768891,0.0752362,0.073608,0.072004,0.0704237,0.0688669,0.067333,0.0658217,0.0643326,0.0628652,0.0614192,0.0599941,0.0585895,0.057205,0.0558403,0.0544948,0.0531682,0.0518601,0.0505701,0.0492977,0.0480426,0.0468044,0.0455826,0.044377,0.043187,0.0420124,0.0408526,0.0397074,0.0385764,0.0374591,0.0363552,0.0352644,0.0341862,0.0331202,0.0320662,0.0310237,0.0299925,0.028972,0.0279621,0.0269622,0.0259721,0.0249915,0.0240199,0.023057,0.0221026,0.0211561,0.0202174,0.0192861,0.0183617,0.0174441,0.0165329,0.0156277,0.0147282,0.0138341,0.0129451,0.0120608,0.0111809,0.0103051,0.00943313,0.0085646,0.0076992,0.00683663,0.00597657,0.00511871,0.00426272,0.0034083,0.00255513,0.0017029
0,0.0241161,0.0476877,0.0702306,0.091364,0.110829,0.128484,0.144289,0.158277,0.170534,0.181178,0.190341,0.198161,0.204772,0.210302,0.214867,0.218575,0.221522,0.223793,0.225466,0.226607,0.227277,0.227529,0.22741,0.226961,0.22622,0.22522,0.223989,0.222554,0.220937,0.219161,0.217242,0.215199,0.213046,0.210796,0.208462,0.206055,0.203585,0.201061,0.198491,0.195882,0.193241,0.190575,0.187889,0.185187,0.182475,0.179757,0.177036,0.174316,0.1716,0.168891,0.166192,0.163505,0.160831,0.158173,0.155533,0.152912,0.150312,0.147733,0.145178,0.142646,0.140139,0.137658,0.135203,0.132775,0.130374,0.128001,0.125656,0.123339,0.121052,0.118793,0.116563,0.114362,0.11219,0.110048,0.107934,0.105849,0.103793,0.101766,0.0997676,0.0977973,0.0958552,0.093941,0.0920545,0.0901954,0.0883634,0.0865582,0.0847795,0.083027,0.0813004,0.0795993,0.0779234,0.0762722,0.0746455,0.073043,0.0714641,0.0699085,0.0683759,0.0668659,0.0653781,0.063912,0.0624674,0.0610437,0.0596407,0.0582579,0.056895,0.0555515,0.054227,0.0529212,0.0516337,0.050364,0.0491118,0.0478768,0.0466584,0.0454564,0.0442704,0.0430999,0.0419446,0.0408042,0.0396781,0.0385662,0.037468,0.0363831,0.0353112,0.034252,0.0332049,0.0321698,0.0311463,0.0301339,0.0291324,0.0281414,0.0271605,0.0261895,0.0252279,0.0242754,0.0233318,0.0223966,0.0214696,0.0205503,0.0196386,0.0187339,0.0178361,0.0169449,0.0160597,0.0151805,0.0143068,0.0134383,0.0125747,0.0117158,0.0108611,0.0100104,0.00916334,0.00831965,0.00747902,0.00664112,0.00580566,0.00497233,0.00414083,0.00331084,0.00248207,0.00165421
0,0.0214916,0.0425691,0.0628563,0.0820448,0.0999087,0.116307,0.131173,0.144505,0.156343,0.166762,0.175856,0.183725,0.190476,0.196212,0.201032,0.205027,0.208283,0.210876,0.212876,0.214346,0.215343,0.215918,0.216114,0.215973,0.21553,0.214819,0.213868,0.212703,0.211348,0.209823,0.208148,0.206339,0.204411,0.20238,0.200256,0.198052,0.195778,0.193443,0.191056,0.188624,0.186155,0.183654,0.181129,0.178583,0.176022,0.17345,0.170872,0.16829,0.165708,0.16313,0.160558,0.157994,0.15544,0.1529,0.150374,0.147864,0.145373,0.1429,0.140448,0.138017,0.135609,0.133224,0.130863,0.128527,0.126216,0.12393,0.121672,0.119439,0.117234,0.115056,0.112904,0.110781,0.108685,0.106616,0.104575,0.102561,0.100575,0.0986164,0.0966848,0.0947802,0.0929025,0.0910515,0.089227,0.0874287,0.0856563,0.0839097,0.0821885,0.0804924,0.0788211,0.0771744,0.0755518,0.0739532,0.072378,0.070826,0.0692969,0.0677902,0.0663056,0.0648428,0.0634013,0.0619809,0.0605811,0.0592016,0.057842,0.0565019,0.055181,0.0538788,0.0525951,0.0513293,0.0500813,0.0488504,0.0476365,0.0464392,0.045258,0.0440925,0.0429425,0.0418076,0.0406874,0.0395815,0.0384896,0.0374113,0.0363463,0.0352942,0.0342546,0.0332273,0.0322119,0.0312079,0.0302152,0.0292332,0.0282618,0.0273006,0.0263492,0.0254073,0.0244745,0.0235506,0.0226353,0.0217281,0.0208288,0.0199371,0.0190526,0.018175,0.0173041,0.0164394,0.0155808,0.0147278,0.0138802,0.0130376,0.0121998,0.0113665,0.0105373,0.00971197,0.00889019,0.00807167,0.0072561,0.00644319,0.00563263,0.00482415,0.00401742,0.00321217,0.0024081,0.00160491
0,0.0192814,0.0382407,0.0565808,0.0740501,0.0904544,0.105661,0.119593,0.132225,0.143571,0.153673,0.162594,0.170407,0.177195,0.183039,0.188021,0.192219,0.195706,0.198551,0.200816,0.20256,0.203833,0.204684,0.205155,0.205285,0.205109,0.204659,0.203961,0.203044,0.201928,0.200637,0.199187,0.197597,0.195881,0.194055,0.19213,0.190119,0.188031,0.185877,0.183666,0.181404,0.179099,0.176759,0.174389,0.171994,0.169579,0.16715,0.16471,0.162263,0.159813,0.157363,0.154915,0.152472,0.150037,0.147612,0.145199,0.142799,0.140414,0.138046,0.135697,0.133366,0.131055,0.128766,0.126498,0.124253,0.122032,0.119834,0.117661,0.115512,0.113389,0.111291,0.109219,0.107172,0.105152,0.103157,0.101189,0.0992462,0.0973299,0.0954395,0.093575,0.0917363,0.0899232,0.0881356,0.0863733,0.084636,0.0829236,0.0812357,0.0795723,0.0779329,0.0763174,0.0747253,0.0731565,0.0716106,0.0700873,0.0685863,0.0671072,0.0656497,0.0642136,0.0627983,0.0614036,0.0600292,0.0586747,0.0573397,0.0560239,0.0547269,0.0534483,0.0521879,0.0509452,0.0497199,0.0485116,0.04732,0.0461447,0.0449854,0.0438417,0.0427133,0.0415997,0.0405007,0.0394159,0.0383449,0.0372875,0.0362432,0.0352117,0.0341927,0.0331859,0.0321908,0.0312073,0.0302348,0.0292732,0.0283221,0.0273811,0.02645,0.0255284,0.0246159,0.0237123,0.0228173,0.0219306,0.0210517,0.0201805,0.0193166,0.0184597,0.0176095,0.0167657,0.015928,0.0150961,0.0142697,0.0134485,0.0126322,0.0118204,0.011013,0.0102097,0.00941001,0.0086138,0.00782074,0.00703053,0.0062429,0.00545755,0.00467419,0.00389255,0.00311233,0.00233325,0.00155503
0,0.0173934,0.0345315,0.0511761,0.0671204,0.0821983,0.0962882,0.109312,0.121233,0.132044,0.141766,0.150439,0.158115,0.164857,0.170727,0.175794,0.180121,0.183772,0.186806,0.189279,0.191243,0.192745,0.19383,0.194538,0.194904,0.194963,0.194744,0.194275,0.193582,0.192685,0.191608,0.190367,0.18898,0.187462,0.185829,0.184091,0.182262,0.180352,0.17837,0.176325,0.174226,0.17208,0.169894,0.167673,0.165424,0.163152,0.160861,0.158556,0.15624,0.153918,0.151592,0.149266,0.146943,0.144624,0.142312,0.14001,0.137718,0.13544,0.133175,0.130926,0.128694,0.12648,0.124286,0.122111,0.119957,0.117824,0.115713,0.113625,0.11156,0.109519,0.107501,0.105507,0.103538,0.101593,0.0996721,0.0977762,0.0959051,0.0940586,0.0922367,0.0904395,0.0886668,0.0869185,0.0851944,0.0834945,0.0818185,0.0801663,0.0785375,0.0769321,0.0753497,0.0737901,0.0722531,0.0707383,0.0692455,0.0677744,0.0663246,0.064896,0.0634881,0.0621006,0.0607333,0.0593858,0.0580577,0.0567487,0.0554586,0.0541869,0.0529333,0.0516976,0.0504792,0.0492779,0.0480934,0.0469253,0.0457733,0.044637,0.0435161,0.0424103,0.0413191,0.0402423,0.0391796,0.0381305,0.0370948,0.0360722,0.0350622,0.0340647,0.0330791,0.0321053,0.0311429,0.0301916,0.029251,0.0283209,0.0274008,0.0264906,0.0255899,0.0246984,0.0238157,0.0229416,0.0220758,0.021218,0.0203678,0.0195249,0.0186892,0.0178602,0.0170376,0.0162213,0.0154108,0.014606,0.0138064,0.0130119,0.0122221,0.0114368,0.0106556,0.00987832,0.00910463,0.00833427,0.00756696,0.0068024,0.00604033,0.00528047,0.00452254,0.00376626,0.00301135,0.00225755,0.00150458
0,0.0157607,0.0313158,0.0464717,0.0610572,0.0749301,0.0879816,0.100136,0.111349,0.121605,0.130907,0.13928,0.146759,0.153389,0.15922,0.164306,0.168699,0.172454,0.175622,0.178251,0.180388,0.182075,0.183354,0.184261,0.184831,0.185094,0.18508,0.184814,0.184322,0.183624,0.182742,0.181693,0.180494,0.17916,0.177706,0.176144,0.174486,0.172743,0.170925,0.169039,0.167096,0.165101,0.163062,0.160986,0.158878,0.156743,0.154586,0.152412,0.150224,0.148026,0.145823,0.143616,0.141409,0.139204,0.137004,0.13481,0.132625,0.13045,0.128288,0.126139,0.124005,0.121887,0.119786,0.117703,0.115639,0.113594,0.11157,0.109567,0.107585,0.105625,0.103687,0.101771,0.0998787,0.098009,0.0961625,0.0943392,0.0925393,0.0907627,0.0890094,0.0872795,0.0855729,0.0838895,0.0822292,0.0805919,0.0789773,0.0773855,0.075816,0.0742689,0.0727437,0.0712404,0.0697586,0.0682981,0.0668587,0.0654401,0.064042,0.062664,0.061306,0.0599676,0.0586485,0.0573484,0.0560671,0.054804,0.0535591,0.0523319,0.0511221,0.0499294,0.0487535,0.047594,0.0464506,0.045323,0.0442109,0.043114,0.0420318,0.0409641,0.0399106,0.038871,0.0378448,0.0368319,0.0358318,0.0348443,0.033869,0.0329056,0.0319539,0.0310134,0.0300839,0.0291652,0.0282567,0.0273584,0.0264698,0.0255906,0.0247207,0.0238595,0.023007,0.0221627,0.0213264,0.0204977,0.0196765,0.0188623,0.018055,0.0172542,0.0164596,0.015671,0.0148881,0.0141106,0.0133382,0.0125706,0.0118076,0.0110489,0.0102943,0.00954338,0.00879594,0.00805171,0.00731042,0.00657179,0.00583556,0.00510147,0.00436923,0.00363859,0.00290928,0.00218103,0.00145358
0,0.0143335,0.0284992,0.0423379,0.0557065,0.0684834,0.0805719,0.0919009,0.102424,0.112118,0.120978,0.129015,0.136252,0.14272,0.148459,0.15351,0.157917,0.161724,0.164976,0.167715,0.169981,0.171814,0.17325,0.174322,0.175064,0.175503,0.175666,0.17558,0.175267,0.174748,0.174042,0.173168,0.172142,0.170978,0.169691,0.168293,0.166796,0.16521,0.163546,0.161812,0.160016,0.158166,0.156269,0.154331,0.152358,0.150356,0.148328,0.146281,0.144217,0.142141,0.140056,0.137966,0.135873,0.133779,0.131688,0.129601,0.127521,0.125449,0.123387,0.121337,0.1193,0.117276,0.115268,0.113276,0.111301,0.109344,0.107406,0.105487,0.103588,0.101708,0.0998501,0.0980128,0.0961968,0.0944024,0.0926297,0.0908789,0.0891501,0.0874434,0.0857588,0.0840963,0.0824559,0.0808375,0.0792411,0.0776665,0.0761136,0.0745822,0.0730723,0.0715836,0.070116,0.0686691,0.0672429,0.065837,0.0644512,0.0630854,0.0617391,0.0604122,0.0591044,0.0578153,0.0565448,0.0552925,0.0540581,0.0528413,0.0516419,0.0504595,0.0492938,0.0481445,0.0470113,0.0458939,0.044792,0.0437053,0.0426334,0.0415761,0.040533,0.0395039,0.0384883,0.0374861,0.0364969,0.0355203,0.0345562,0.0336041,0.0326638,0.031735,0.0308173,0.0299105,0.0290143,0.0281284,0.0272524,0.0263862,0.0255293,0.0246815,0.0238426,0.0230122,0.02219,0.0213758,0.0205692,0.0197701,0.0189781,0.0181929,0.0174142,0.0166419,0.0158756,0.015115,0.0143599,0.01361,0.0128651,0.0121248,0.0113889,0.0106571,0.00992924,0.00920497,0.00848405,0.00776622,0.00705122,0.00633879,0.00562867,0.00492061,0.00421433,0.0035096,0.00280614,0.00210371,0.00140205
0,0.013074,0.0260095,0.0386742,0.0509475,0.0627251,0.0739216,0.0844714,0.0943287,0.103466,0.111872,0.11955,0.126512,0.132781,0.138386,0.143358,0.147734,0.15155,0.154843,0.157651,0.160008,0.16195,0.163509,0.164715,0.165599,0.166186,0.166503,0.166573,0.166418,0.166058,0.165512,0.164796,0.163927,0.16292,0.161787,0.160541,0.159194,0.157756,0.156237,0.154646,0.15299,0.151278,0.149516,0.147711,0.145868,0.143993,0.142091,0.140166,0.138223,0.136265,0.134296,0.132319,0.130337,0.128352,0.126368,0.124386,0.122409,0.120438,0.118475,0.116522,0.11458,0.11265,0.110734,0.108832,0.106946,0.105076,0.103223,0.101387,0.09957,0.0977717,0.0959926,0.094233,0.0924934,0.090774,0.089075,0.0873966,0.085739,0.0841021,0.0824861,0.080891,0.0793169,0.0777636,0.0762311,0.0747194,0.0732283,0.0717577,0.0703074,0.0688774,0.0674674,0.0660773,0.0647068,0.0633557,0.0620239,0.0607111,0.0594169,0.0581413,0.0568839,0.0556445,0.0544229,0.0532186,0.0520315,0.0508613,0.0497077,0.0485704,0.0474491,0.0463435,0.0452534,0.0441784,0.0431183,0.0420727,0.0410414,0.040024,0.0390203,0.03803,0.0370528,0.0360883,0.0351363,0.0341964,0.0332685,0.0323522,0.0314472,0.0305532,0.0296699,0.0287971,0.0279345,0.0270817,0.0262385,0.0254046,0.0245797,0.0237636,0.022956,0.0221566,0.0213651,0.0205812,0.0198047,0.0190354,0.0182728,0.0175169,0.0167673,0.0160237,0.0152859,0.0145536,0.0138266,0.0131046,0.0123873,0.0116745,0.010966,0.0102614,0.00956058,0.00886322,0.00816908,0.00747791,0.00678947,0.00610349,0.00541974,0.00473796,0.0040579,0.00337933,0.00270199,0.00202563,0.00135001
0,0.0119532,0.0237908,0.0354018,0.0466841,0.057548,0.0679179,0.0777343,0.086953,0.0955451,0.103495,0.1108,0.117466,0.123507,0.128944,0.133803,0.138111,0.141898,0.145197,0.148037,0.150451,0.152469,0.15412,0.155431,0.156429,0.15714,0.157587,0.157792,0.157774,0.157555,0.15715,0.156577,0.155851,0.154986,0.153995,0.152891,0.151683,0.150384,0.149001,0.147544,0.146021,0.14444,0.142807,0.141128,0.13941,0.137658,0.135876,0.13407,0.132243,0.1304,0.128543,0.126677,0.124803,0.122925,0.121046,0.119167,0.117291,0.115419,0.113554,0.111696,0.109848,0.108011,0.106185,0.104373,0.102574,0.10079,0.0990215,0.0972693,0.0955338,0.0938157,0.0921154,0.0904334,0.0887699,0.0871253,0.0854998,0.0838937,0.082307,0.0807399,0.0791926,0.0776649,0.076157,0.0746689,0.0732005,0.0717517,0.0703225,0.0689127,0.0675224,0.0661512,0.0647991,0.0634658,0.0621513,0.0608553,0.0595776,0.058318,0.0570763,0.0558523,0.0546456,0.0534561,0.0522835,0.0511276,0.0499881,0.0488647,0.0477572,0.0466653,0.0455887,0.0445272,0.0434804,0.0424481,0.0414301,0.0404259,0.0394355,0.0384584,0.0374943,0.0365431,0.0356044,0.034678,0.0337635,0.0328607,0.0319693,0.031089,0.0302196,0.0293607,0.0285121,0.0276736,0.0268447,0.0260254,0.0252152,0.024414,0.0236214,0.0228373,0.0220612,0.0212931,0.0205325,0.0197793,0.0190331,0.0182938,0.0175611,0.0168346,0.0161142,0.0153997,0.0146906,0.0139869,0.0132882,0.0125944,0.0119051,0.0112201,0.0105391,0.009862,0.00918846,0.00851826,0.00785115,0.00718689,0.00652524,0.00586597,0.00520883,0.00455359,0.0039,0.00324783,0.00259685,0.00194681,0.00129748
0,0.0109479,0.0217985,0.032458,0.0428393,0.0528648,0.062468,0.0715948,0.0802039,0.0882661,0.0957638,0.102689,0.109044,0.114837,0.120082,0.124798,0.129008,0.132736,0.136008,0.13885,0.141291,0.143355,0.14507,0.146459,0.147548,0.148359,0.148913,0.149232,0.149333,0.149236,0.148957,0.148512,0.147914,0.147179,0.146318,0.145343,0.144265,0.143094,0.141839,0.140509,0.139111,0.137654,0.136143,0.134585,0.132987,0.131352,0.129687,0.127995,0.12628,0.124548,0.1228,0.121041,0.119274,0.1175,0.115723,0.113945,0.112168,0.110394,0.108624,0.106861,0.105106,0.10336,0.101624,0.0998996,0.0981876,0.0964889,0.0948044,0.0931346,0.0914802,0.0898419,0.0882201,0.0866151,0.0850275,0.0834575,0.0819053,0.0803712,0.0788555,0.0773581,0.0758793,0.0744191,0.0729775,0.0715545,0.0701502,0.0687645,0.0673973,0.0660485,0.0647181,0.0634059,0.0621119,0.0608357,0.0595774,0.0583366,0.0571133,0.0559072,0.0547181,0.0535458,0.0523901,0.0512508,0.0501276,0.0490202,0.0479286,0.0468523,0.0457911,0.0447449,0.0437133,0.042696,0.0416929,0.0407036,0.0397279,0.0387655,0.0378162,0.0368796,0.0359555,0.0350437,0.0341439,0.0332558,0.0323791,0.0315136,0.030659,0.029815,0.0289814,0.0281579,0.0273443,0.0265403,0.0257456,0.0249599,0.0241831,0.0234148,0.0226548,0.0219028,0.0211586,0.020422,0.0196926,0.0189703,0.0182547,0.0175457,0.016843,0.0161463,0.0154554,0.0147701,0.0140901,0.0134152,0.0127451,0.0120796,0.0114185,0.0107615,0.0101084,0.00945902,0.00881302,0.00817021,0.00753037,0.00689326,0.00625865,0.00562632,0.00499603,0.00436756,0.00374068,0.00311516,0.00249077,0.00186728,0.00124448
0,0.01004,0.0199975,0.0297925,0.0393504,0.0486038,0.0574943,0.0659731,0.0740016,0.0815516,0.0886043,0.0951494,0.101185,0.106714,0.111748,0.1163,0.120387,0.124029,0.127248,0.130066,0.132506,0.134591,0.136345,0.137789,0.138945,0.139834,0.140475,0.140888,0.141091,0.1411,0.14093,0.140598,0.140116,0.139497,0.138754,0.137898,0.13694,0.135888,0.134752,0.13354,0.132261,0.130921,0.129526,0.128084,0.126599,0.125077,0.123523,0.121941,0.120336,0.118711,0.117069,0.115415,0.11375,0.112078,0.110401,0.108722,0.107042,0.105364,0.103688,0.102018,0.100354,0.0986983,0.0970512,0.095414,0.0937879,0.0921738,0.0905724,0.0889845,0.0874107,0.0858517,0.0843078,0.0827796,0.0812675,0.0797718,0.0782927,0.0768306,0.0753856,0.0739578,0.0725475,0.0711546,0.0697793,0.0684215,0.0670814,0.0657587,0.0644536,0.063166,0.0618957,0.0606426,0.0594067,0.0581879,0.0569858,0.0558005,0.0546317,0.0534793,0.0523431,0.0512228,0.0501183,0.0490294,0.0479558,0.0468973,0.0458537,0.0448248,0.0438102,0.0428099,0.0418235,0.0408508,0.0398916,0.0389456,0.0380125,0.0370921,0.0361841,0.0352884,0.0344045,0.0335324,0.0326717,0.0318222,0.0309835,0.0301556,0.029338,0.0285307,0.0277332,0.0269454,0.026167,0.0253977,0.0246373,0.0238857,0.0231424,0.0224073,0.0216801,0.0209606,0.0202485,0.0195436,0.0188457,0.0181545,0.0174698,0.0167913,0.0161189,0.0154522,0.0147911,0.0141353,0.0134845,0.0128387,0.0121974,0.0115605,0.0109279,0.0102991,0.00967413,0.00905262,0.00843439,0.00781921,0.00720687,0.00659714,0.0059898,0.00538464,0.00478143,0.00417996,0.00358,0.00298135,0.00238378,0.00178708,0.00119102
0,0.00921466,0.0183588,0.027364,0.0361659,0.0447059,0.0529324,0.0608015,0.068278,0.0753346,0.0819522,0.0881193,0.0938309,0.099088,0.103896,0.108266,0.112211,0.115746,0.118889,0.121659,0.124076,0.126159,0.127929,0.129406,0.130609,0.131556,0.132266,0.132756,0.133042,0.133141,0.133067,0.132833,0.132453,0.13194,0.131304,0.130556,0.129707,0.128766,0.127741,0.12664,0.125471,0.124242,0.122957,0.121624,0.120248,0.118835,0.117388,0.115912,0.114411,0.11289,0.111351,0.109798,0.108234,0.106661,0.105082,0.103499,0.101914,0.10033,0.0987478,0.097169,0.0955953,0.094028,0.0924684,0.0909175,0.0893764,0.0878459,0.086327,0.0848203,0.0833265,0.0818462,0.0803799,0.0789281,0.0774912,0.0760695,0.0746633,0.0732728,0.0718984,0.0705401,0.0691982,0.0678726,0.0665636,0.065271,0.063995,0.0627356,0.0614926,0.0602661,0.059056,0.0578622,0.0566846,0.0555232,0.0543776,0.0532479,0.0521339,0.0510353,0.0499521,0.0488841,0.047831,0.0467926,0.0457689,0.0447594,0.0437642,0.0427828,0.0418152,0.040861,0.0399201,0.0389922,0.0380771,0.0371746,0.0362844,0.0354062,0.0345399,0.0336852,0.0328419,0.0320097,0.0311883,0.0303776,0.0295773,0.0287872,0.028007,0.0272364,0.0264753,0.0257234,0.0249805,0.0242462,0.0235205,0.022803,0.0220935,0.0213919,0.0206977,0.0200109,0.0193312,0.0186583,0.0179921,0.0173323,0.0166787,0.016031,0.015389,0.0147526,0.0141214,0.0134953,0.0128741,0.0122575,0.0116453,0.0110373,0.0104333,0.00983302,0.00923632,0.00864295,0.00805271,0.00746538,0.00688076,0.00629863,0.00571878,0.005141,0.00456509,0.00399083,0.00341803,0.00284646,0.00227593,0.00170622,0.00113714
0,0.00845984,0.0168591,0.0251388,0.0332434,0.0411215,0.0487277,0.0560227,0.0629741,0.0695564,0.0757507,0.0815447,0.0869316,0.0919101,0.0964833,0.100658,0.104444,0.107854,0.110903,0.113605,0.115979,0.11804,0.119807,0.121297,0.122528,0.123515,0.124276,0.124827,0.125182,0.125356,0.125362,0.125215,0.124925,0.124505,0.123965,0.123316,0.122567,0.121727,0.120805,0.119808,0.118743,0.117617,0.116437,0.115208,0.113936,0.112625,0.111281,0.109907,0.108508,0.107087,0.105648,0.104193,0.102726,0.10125,0.0997666,0.0982782,0.0967869,0.0952948,0.0938035,0.0923147,0.0908297,0.08935,0.0878768,0.0864112,0.0849541,0.0835066,0.0820694,0.0806433,0.0792289,0.0778268,0.0764376,0.0750618,0.0736996,0.0723516,0.071018,0.0696991,0.0683951,0.0671062,0.0658325,0.0645742,0.0633313,0.062104,0.0608922,0.0596959,0.0585151,0.0573499,0.0562001,0.0550656,0.0539465,0.0528425,0.0517536,0.0506797,0.0496205,0.048576,0.047546,0.0465304,0.0455289,0.0445414,0.0435676,0.0426075,0.0416608,0.0407272,0.0398067,0.0388989,0.0380037,0.0371209,0.0362501,0.0353913,0.0345442,0.0337086,0.0328841,0.0320707,0.0312681,0.0304761,0.0296944,0.0289227,0.028161,0.0274089,0.0266662,0.0259328,0.0252083,0.0244925,0.0237853,0.0230863,0.0223954,0.0217124,0.0210369,0.0203689,0.0197081,0.0190542,0.0184071,0.0177664,0.0171321,0.0165039,0.0158816,0.0152649,0.0146537,0.0140477,0.0134467,0.0128506,0.0122591,0.0116719,0.011089,0.0105101,0.00993493,0.00936337,0.00879518,0.00823017,0.00766813,0.00710886,0.00655216,0.00599784,0.00544569,0.00489551,0.0043471,0.00380027,0.00325482,0.00271054,0.00216726,0.00162475,0.00108284
0,0.00776559,0.0154789,0.0230889,0.0305472,0.0378091,0.0448342,0.0515875,0.0580394,0.0641662,0.0699497,0.0753771,0.0804408,0.0851377,0.0894687,0.0934382,0.0970537,0.100325,0.103263,0.105881,0.108194,0.110216,0.111962,0.113449,0.11469,0.115701,0.116497,0.117093,0.117502,0.117738,0.117812,0.117738,0.117527,0.11719,0.116736,0.116176,0.115518,0.114772,0.113944,0.113043,0.112075,0.111048,0.109966,0.108835,0.107661,0.106449,0.105203,0.103928,0.102626,0.101302,0.0999591,0.0986004,0.0972286,0.0958464,0.0944562,0.0930601,0.0916603,0.0902587,0.0888568,0.0874564,0.0860589,0.0846656,0.0832777,0.0818963,0.0805224,0.079157,0.0778008,0.0764545,0.0751189,0.0737946,0.072482,0.0711817,0.069894,0.0686194,0.0673582,0.0661105,0.0648768,0.063657,0.0624515,0.0612604,0.0600836,0.0589214,0.0577738,0.0566407,0.0555222,0.0544182,0.0533288,0.0522538,0.0511932,0.0501468,0.0491147,0.0480967,0.0470926,0.0461023,0.0451257,0.0441626,0.0432129,0.0422763,0.0413528,0.0404422,0.0395442,0.0386587,0.0377854,0.0369242,0.036075,0.0352374,0.0344112,0.0335964,0.0327926,0.0319997,0.0312174,0.0304455,0.0296838,0.0289322,0.0281903,0.027458,0.026735,0.0260212,0.0253163,0.0246202,0.0239325,0.0232531,0.0225818,0.0219183,0.0212625,0.0206141,0.019973,0.0193388,0.0187115,0.0180907,0.0174764,0.0168682,0.0162661,0.0156697,0.0150788,0.0144934,0.0139131,0.0133378,0.0127672,0.0122012,0.0116396,0.0110822,0.0105287,0.00997909,0.00943302,0.00889034,0.00835087,0.00781441,0.00728078,0.00674977,0.0062212,0.00569489,0.00517063,0.00464824,0.00412754,0.00360833,0.00309043,0.00257365,0.0020578,0.0015427,0.00102815
0,0.00712363,0.0142019,0.0211907,0.0280476,0.0347334,0.0412126,0.0474537,0.0534299,0.0591193,0.0645046,0.0695732,0.0743168,0.0787311,0.0828156,0.0865726,0.0900075,0.0931277,0.0959426,0.0984627,0.1007,0.102667,0.104378,0.105845,0.107082,0.108102,0.108919,0.109546,0.109996,0.11028,0.110411,0.110399,0.110256,0.109991,0.109613,0.109133,0.108558,0.107897,0.107157,0.106345,0.105468,0.104532,0.103543,0.102506,0.101426,0.100307,0.0991556,0.0979739,0.0967663,0.0955361,0.0942865,0.0930207,0.0917412,0.0904507,0.0891516,0.0878458,0.0865356,0.0852227,0.0839088,0.0825954,0.081284,0.0799758,0.0786721,0.077374,0.0760823,0.0747981,0.0735222,0.0722551,0.0709978,0.0697506,0.0685142,0.067289,0.0660754,0.0648739,0.0636847,0.0625081,0.0613444,0.0601937,0.0590562,0.0579321,0.0568215,0.0557244,0.0546409,0.053571,0.0525147,0.0514721,0.0504431,0.0494276,0.0484256,0.047437,0.0464618,0.0454997,0.0445508,0.0436149,0.0426918,0.0417814,0.0408837,0.0399983,0.0391252,0.0382642,0.0374152,0.0365778,0.0357521,0.0349377,0.0341346,0.0333424,0.0325611,0.0317904,0.0310302,0.0302802,0.0295402,0.0288101,0.0280896,0.0273785,0.0266767,0.0259839,0.0253,0.0246246,0.0239578,0.0232991,0.0226485,0.0220057,0.0213705,0.0207427,0.0201222,0.0195087,0.018902,0.0183019,0.0177083,0.0171209,0.0165396,0.0159641,0.0153942,0.0148298,0.0142707,0.0137167,0.0131675,0.0126231,0.0120831,0.0115475,0.011016,0.0104885,0.00996471,0.00944451,0.00892771,0.00841412,0.00790356,0.00739585,0.00689081,0.00638825,0.005888,0.00538988,0.0048937,0.0043993,0.00390649,0.00341509,0.00292492,0.00243582,0.0019476,0.00146008,0.000973093
0,0.00652699,0.0130146,0.0194242,0.025719,0.0318644,0.037829,0.0435847,0.0491073,0.0543765,0.0593763,0.0640943,0.068522,0.0726544,0.0764898,0.0800292,0.0832761,0.0862363,0.0889169,0.091327,0.0934763,0.0953757,0.0970366,0.0984706,0.0996897,0.100706,0.101531,0.102177,0.102655,0.102977,0.103152,0.103192,0.103106,0.102903,0.102594,0.102185,0.101685,0.101101,0.100442,0.0997123,0.0989197,0.0980696,0.0971676,0.0962187,0.0952279,0.0941995,0.0931377,0.0920464,0.0909292,0.0897895,0.0886303,0.0874546,0.0862649,0.0850638,0.0838535,0.0826361,0.0814136,0.0801877,0.0789602,0.0777324,0.0765058,0.0752816,0.074061,0.0728451,0.0716348,0.0704311,0.0692346,0.0680462,0.0668664,0.0656959,0.0645351,0.0633847,0.0622448,0.0611161,0.0599986,0.0588929,0.057799,0.0567171,0.0556476,0.0545904,0.0535458,0.0525137,0.0514943,0.0504876,0.0494937,0.0485124,0.0475438,0.0465879,0.0456446,0.0447139,0.0437956,0.0428897,0.0419961,0.0411146,0.0402452,0.0393877,0.0385421,0.037708,0.0368855,0.0360744,0.0352744,0.0344855,0.0337074,0.03294,0.0321832,0.0314367,0.0307004,0.0299741,0.0292575,0.0285506,0.0278532,0.027165,0.0264859,0.0258156,0.0251541,0.024501,0.0238563,0.0232197,0.022591,0.02197,0.0213566,0.0207506,0.0201518,0.0195599,0.0189748,0.0183964,0.0178244,0.0172586,0.0166989,0.0161451,0.0155969,0.0150543,0.014517,0.0139848,0.0134576,0.0129351,0.0124173,0.0119039,0.0113948,0.0108897,0.0103885,0.00989102,0.0093971,0.00890655,0.0084192,0.00793488,0.00745341,0.00697463,0.00649836,0.00602443,0.00555268,0.00508293,0.00461501,0.00414877,0.00368402,0.00322061,0.00275836,0.00229711,0.00183669,0.00137694,0.000917681
0,0.00596977,0.0119052,0.0177726,0.0235397,0.0291762,0.0346543,0.0399488,0.0450379,0.0499033,0.0545298,0.0589056,0.0630224,0.0668748,0.0704601,0.0737783,0.0768316,0.0796242,0.0821619,0.0844519,0.0865024,0.0883226,0.0899222,0.0913115,0.0925009,0.093501,0.0943225,0.0949759,0.0954714,0.0958192,0.0960291,0.0961105,0.0960726,0.0959239,0.0956728,0.0953271,0.0948945,0.0943818,0.0937958,0.0931429,0.0924288,0.0916592,0.0908393,0.089974,0.0890677,0.0881248,0.0871493,0.0861448,0.0851148,0.0840624,0.0829907,0.0819024,0.0808,0.079686,0.0785625,0.0774316,0.076295,0.0751545,0.0740118,0.0728682,0.0717251,0.0705838,0.0694453,0.0683107,0.0671809,0.0660567,0.0649391,0.0638285,0.0627258,0.0616314,0.0605459,0.0594697,0.0584032,0.0573469,0.056301,0.0552658,0.0542415,0.0532284,0.0522266,0.0512363,0.0502575,0.0492905,0.0483351,0.0473916,0.0464599,0.04554,0.044632,0.0437357,0.0428511,0.0419783,0.0411171,0.0402674,0.0394292,0.0386023,0.0377867,0.0369823,0.0361889,0.0354063,0.0346345,0.0338733,0.0331226,0.0323822,0.031652,0.0309318,0.0302215,0.0295208,0.0288297,0.0281479,0.0274753,0.0268117,0.026157,0.0255109,0.0248733,0.0242441,0.023623,0.0230098,0.0224045,0.0218067,0.0212164,0.0206334,0.0200574,0.0194884,0.0189261,0.0183703,0.0178209,0.0172777,0.0167406,0.0162093,0.0156837,0.0151636,0.0146488,0.0141392,0.0136346,0.0131348,0.0126396,0.012149,0.0116627,0.0111805,0.0107023,0.0102279,0.00975724,0.00929002,0.00882613,0.0083654,0.00790768,0.00745279,0.00700059,0.0065509,0.00610357,0.00565844,0.00521536,0.00477415,0.00433466,0.00389674,0.00346023,0.00302497,0.0025908,0.00215757,0.00172512,0.0012933,0.000861937
0,0.00544689,0.0108638,0.0162213,0.0214911,0.0266466,0.031663,0.0365182,0.0411924,0.045669,0.0499339,0.0539761,0.0577874,0.0613622,0.0646974,0.0677922,0.0706478,0.0732671,0.0756546,0.0778163,0.0797588,0.08149,0.0830182,0.0843523,0.0855013,0.0864747,0.0872819,0.0879323,0.0884351,0.0887996,0.0890345,0.0891485,0.0891499,0.0890467,0.0888466,0.0885568,0.0881843,0.0877356,0.0872171,0.0866345,0.0859935,0.0852992,0.0845565,0.0837701,0.0829442,0.0820829,0.0811899,0.0802687,0.0793226,0.0783547,0.0773677,0.0763643,0.0753469,0.0743178,0.073279,0.0722326,0.0711803,0.0701236,0.0690643,0.0680036,0.0669428,0.0658832,0.0648257,0.0637714,0.0627213,0.061676,0.0606364,0.0596031,0.0585768,0.0575581,0.0565473,0.055545,0.0545515,0.0535673,0.0525926,0.0516277,0.0506729,0.0497283,0.0487941,0.0478705,0.0469576,0.0460555,0.0451642,0.0442838,0.0434144,0.0425559,0.0417083,0.0408717,0.040046,0.0392311,0.038427,0.0376337,0.036851,0.0360788,0.0353172,0.0345658,0.0338248,0.0330938,0.0323729,0.0316619,0.0309606,0.0302689,0.0295867,0.0289138,0.0282501,0.0275954,0.0269496,0.0263126,0.025684,0.0250639,0.0244521,0.0238483,0.0232525,0.0226644,0.0220839,0.0215109,0.0209451,0.0203864,0.0198347,0.0192897,0.0187514,0.0182195,0.0176938,0.0171743,0.0166608,0.016153,0.0156509,0.0151543,0.0146629,0.0141767,0.0136955,0.0132191,0.0127473,0.0122801,0.0118172,0.0113585,0.0109039,0.0104531,0.0100061,0.00956258,0.00912251,0.0086857,0.008252,0.00782125,0.00739332,0.00696803,0.00654525,0.00612482,0.00570659,0.00529042,0.00487616,0.00446365,0.00405275,0.00364332,0.0032352,0.00282824,0.00242231,0.00201726,0.00161293,0.00120919,0.000805883
0,0.00495398,0.00988179,0.0147577,0.0195569,0.024256,0.0288331,0.0332685,0.0375446,0.0416463,0.0455606,0.0492775,0.0527888,0.0560892,0.0591752,0.0620454,0.0647002,0.0671417,0.0693733,0.0713998,0.0732267,0.0748605,0.0763084,0.0775781,0.0786774,0.0796146,0.0803981,0.0810362,0.0815373,0.0819094,0.0821607,0.082299,0.0823318,0.0822665,0.08211,0.0818692,0.0815502,0.0811594,0.0807024,0.0801846,0.0796114,0.0789875,0.0783175,0.0776057,0.0768561,0.0760726,0.0752587,0.0744175,0.0735524,0.072666,0.0717611,0.0708402,0.0699055,0.0689592,0.0680033,0.0670396,0.0660698,0.0650955,0.0641181,0.063139,0.0621594,0.0611803,0.0602029,0.0592281,0.0582567,0.0572896,0.0563274,0.0553708,0.0544204,0.0534767,0.0525403,0.0516114,0.0506907,0.0497782,0.0488745,0.0479797,0.0470941,0.0462178,0.0453511,0.0444941,0.0436469,0.0428096,0.0419823,0.0411651,0.0403579,0.0395608,0.0387738,0.0379969,0.03723,0.0364732,0.0357263,0.0349893,0.0342622,0.0335449,0.0328372,0.0321391,0.0314506,0.0307714,0.0301014,0.0294406,0.0287889,0.0281461,0.027512,0.0268866,0.0262697,0.0256612,0.0250609,0.0244687,0.0238844,0.023308,0.0227391,0.0221778,0.0216239,0.0210771,0.0205374,0.0200047,0.0194786,0.0189592,0.0184462,0.0179394,0.0174389,0.0169443,0.0164555,0.0159724,0.0154949,0.0150227,0.0145558,0.014094,0.013637,0.0131849,0.0127374,0.0122943,0.0118556,0.0114211,0.0109906,0.0105641,0.0101412,0.00972202,0.00930625,0.0088938,0.00848452,0.00807828,0.00767492,0.00727431,0.00687631,0.00648077,0.00608756,0.00569654,0.00530757,0.0049205,0.00453521,0.00415155,0.00376938,0.00338858,0.00300899,0.0026305,0.00225295,0.00187622,0.00150016,0.00112465,0.000749538
0,0.00448727,0.00895168,0.0133708,0.0177228,0.0219873,0.0261449,0.0301781,0.0340713,0.0378108,0.041385,0.0447843,0.0480013,0.0510306,0.0538688,0.0565139,0.0589659,0.0612262,0.0632972,0.0651828,0.0668875,0.0684169,0.0697769,0.0709741,0.0720156,0.0729083,0.0736598,0.0742773,0.0747683,0.0751401,0.0754,0.075555,0.0756119,0.0755775,0.075458,0.0752596,0.0749882,0.0746493,0.0742484,0.0737903,0.07328,0.0727219,0.0721203,0.0714791,0.0708021,0.0700928,0.0693546,0.0685905,0.0678033,0.0669959,0.0661706,0.0653298,0.0644757,0.0636102,0.0627353,0.0618527,0.0609639,0.0600705,0.0591738,0.058275,0.0573754,0.0564759,0.0555776,0.0546814,0.053788,0.0528983,0.0520128,0.0511323,0.0502572,0.0493882,0.0485256,0.0476699,0.0468214,0.0459805,0.0451474,0.0443225,0.0435059,0.0426978,0.0418984,0.0411079,0.0403263,0.0395538,0.0387905,0.0380363,0.0372913,0.0365556,0.0358292,0.035112,0.034404,0.0337052,0.0330156,0.0323352,0.0316637,0.0310013,0.0303477,0.029703,0.029067,0.0284396,0.0278208,0.0272104,0.0266084,0.0260145,0.0254287,0.0248509,0.024281,0.0237187,0.0231641,0.0226169,0.022077,0.0215443,0.0210187,0.0205,0.0199881,0.0194829,0.0189841,0.0184917,0.0180055,0.0175255,0.0170514,0.016583,0.0161204,0.0156633,0.0152115,0.014765,0.0143236,0.0138872,0.0134556,0.0130287,0.0126064,0.0121885,0.0117748,0.0113653,0.0109598,0.0105581,0.0101602,0.00976586,0.009375,0.00898747,0.00860313,0.00822186,0.00784352,0.00746798,0.00709511,0.00672477,0.00635684,0.0059912,0.0056277,0.00526622,0.00490663,0.00454881,0.00419263,0.00383795,0.00348466,0.00313262,0.00278171,0.0024318,0.00208277,0.0017345,0.00138685,0.0010397,0.000692923
0,0.0040434,0.00806689,0.0120509,0.0159764,0.0198254,0.023581,0.0272278,0.0307518,0.0341407,0.0373841,0.0404734,0.0434015,0.0461633,0.0487553,0.0511755,0.0534235,0.0554998,0.0574066,0.0591466,0.0607238,0.0621426,0.0634081,0.0645261,0.0655024,0.0663433,0.0670553,0.0676448,0.0681185,0.0684828,0.0687442,0.0689091,0.0689835,0.0689734,0.0688848,0.068723,0.0684935,0.0682014,0.0678514,0.0674483,0.0669964,0.0664999,0.0659626,0.0653883,0.0647803,0.064142,0.0634764,0.0627864,0.0620746,0.0613436,0.0605956,0.0598328,0.0590572,0.0582707,0.0574751,0.0566719,0.0558627,0.0550488,0.0542314,0.0534119,0.0525912,0.0517703,0.0509503,0.0501318,0.0493157,0.0485026,0.0476933,0.0468883,0.0460881,0.0452933,0.0445041,0.0437211,0.0429446,0.0421749,0.0414123,0.040657,0.0399092,0.0391691,0.0384369,0.0377128,0.0369967,0.0362889,0.0355894,0.0348983,0.0342155,0.0335412,0.0328753,0.0322179,0.0315688,0.0309282,0.0302959,0.029672,0.0290563,0.0284488,0.0278494,0.0272581,0.0266748,0.0260994,0.0255318,0.0249719,0.0244196,0.0238748,0.0233375,0.0228074,0.0222845,0.0217687,0.0212598,0.0207577,0.0202624,0.0197737,0.0192914,0.0188154,0.0183457,0.0178821,0.0174244,0.0169725,0.0165264,0.0160859,0.0156508,0.015221,0.0147964,0.0143769,0.0139623,0.0135525,0.0131474,0.0127469,0.0123508,0.011959,0.0115713,0.0111877,0.0108081,0.0104322,0.01006,0.00969135,0.00932612,0.00896419,0.00860543,0.00824973,0.00789696,0.00754699,0.00719972,0.00685502,0.00651276,0.00617283,0.00583511,0.00549948,0.00516582,0.00483401,0.00450394,0.00417549,0.00384854,0.00352297,0.00319868,0.00287553,0.00255342,0.00223223,0.00191185,0.00159215,0.00127303,0.000954374,0.000636058
0,0.00361945,0.00722161,0.0107895,0.0143065,0.0177569,0.0211261,0.0244003,0.0275672,0.0306161,0.0335375,0.0363236,0.0389679,0.0414658,0.0438136,0.0460095,0.0480526,0.0499432,0.0516827,0.0532734,0.0547184,0.0560215,0.057187,0.0582197,0.0591246,0.0599073,0.0605733,0.0611283,0.0615781,0.0619284,0.062185,0.0623535,0.0624394,0.0624481,0.0623847,0.0622542,0.0620615,0.0618112,0.0615077,0.0611551,0.0607575,0.0603186,0.059842,0.059331,0.0587889,0.0582185,0.0576227,0.0570042,0.0563652,0.0557083,0.0550354,0.0543485,0.0536497,0.0529404,0.0522225,0.0514972,0.0507662,0.0500305,0.0492914,0.0485499,0.0478072,0.047064,0.0463213,0.0455798,0.0448403,0.0441033,0.0433695,0.0426395,0.0419137,0.0411926,0.0404765,0.0397659,0.0390611,0.0383623,0.0376698,0.0369839,0.0363048,0.0356326,0.0349674,0.0343095,0.0336589,0.0330157,0.0323801,0.0317519,0.0311313,0.0305184,0.0299131,0.0293154,0.0287253,0.0281428,0.0275679,0.0270005,0.0264406,0.0258881,0.0253431,0.0248053,0.0242747,0.0237514,0.0232351,0.0227258,0.0222234,0.0217278,0.021239,0.0207567,0.020281,0.0198117,0.0193487,0.0188919,0.0184412,0.0179965,0.0175577,0.0171246,0.0166972,0.0162753,0.0158589,0.0154477,0.0150417,0.0146408,0.0142449,0.0138537,0.0134673,0.0130856,0.0127083,0.0123353,0.0119667,0.0116021,0.0112416,0.010885,0.0105323,0.0101831,0.00983759,0.00949549,0.00915673,0.0088212,0.00848878,0.00815936,0.00783282,0.00750907,0.00718798,0.00686945,0.00655336,0.00623961,0.00592809,0.00561868,0.00531129,0.00500579,0.00470209,0.00440007,0.00409964,0.00380067,0.00350307,0.00320674,0.00291155,0.00261741,0.00232422,0.00203186,0.00174024,0.00144924,0.00115876,0.000868708,0.000578965
0,0.00321279,0.00641065,0.00957885,0.0127031,0.0157698,0.018766,0.0216799,0.0245008,0.027219,0.0298263,0.0323155,0.0346809,0.0369182,0.039024,0.0409963,0.0428341,0.0445375,0.0461075,0.0475459,0.048855,0.0500381,0.0510987,0.0520409,0.0528691,0.053588,0.0542023,0.054717,0.0551371,0.0554678,0.055714,0.0558806,0.0559726,0.0559948,0.0559516,0.0558476,0.0556872,0.0554743,0.055213,0.054907,0.0545599,0.0541751,0.0537558,0.053305,0.0528257,0.0523205,0.0517918,0.0512423,0.0506739,0.0500889,0.0494891,0.0488764,0.0482525,0.0476189,0.0469771,0.0463284,0.0456742,0.0450156,0.0443536,0.0436893,0.0430236,0.0423573,0.0416911,0.0410259,0.0403623,0.0397008,0.0390421,0.0383865,0.0377346,0.0370868,0.0364435,0.0358049,0.0351715,0.0345433,0.0339208,0.0333041,0.0326935,0.0320889,0.0314907,0.030899,0.0303137,0.0297351,0.0291632,0.028598,0.0280396,0.027488,0.0269432,0.0264053,0.0258741,0.0253498,0.0248323,0.0243216,0.0238175,0.0233202,0.0228294,0.0223452,0.0218675,0.0213963,0.0209314,0.0204728,0.0200204,0.0195741,0.0191338,0.0186995,0.0182711,0.0178484,0.0174315,0.01702,0.0166141,0.0162136,0.0158183,0.0154282,0.0150432,0.0146632,0.014288,0.0139177,0.013552,0.0131908,0.0128341,0.0124818,0.0121337,0.0117898,0.0114499,0.0111139,0.0107818,0.0104534,0.0101286,0.00980734,0.0094895,0.00917497,0.00886365,0.00855544,0.00825023,0.00794793,0.00764844,0.00735164,0.00705744,0.00676575,0.00647646,0.00618946,0.00590467,0.00562199,0.00534131,0.00506253,0.00478557,0.00451032,0.00423668,0.00396456,0.00369386,0.00342449,0.00315635,0.00288935,0.00262338,0.00235836,0.00209418,0.00183076,0.001568,0.0013058,0.00104408,0.000782729,0.000521663
0,0.00282108,0.00562934,0.00841218,0.0111573,0.013853,0.0164883,0.0190527,0.021537,0.0239329,0.026233,0.0284311,0.0305221,0.032502,0.0343678,0.0361175,0.0377501,0.0392654,0.0406641,0.0419475,0.0431177,0.0441771,0.0451288,0.0459763,0.046723,0.0473732,0.0479308,0.0484002,0.0487857,0.0490916,0.0493224,0.0494824,0.0495758,0.0496068,0.0495794,0.0494976,0.0493652,0.0491858,0.048963,0.0487,0.0484,0.0480661,0.047701,0.0473076,0.0468884,0.0464458,0.045982,0.0454991,0.0449993,0.0444842,0.0439557,0.0434155,0.0428649,0.0423055,0.0417385,0.0411652,0.0405867,0.0400041,0.0394183,0.0388302,0.0382406,0.0376503,0.0370601,0.0364705,0.0358822,0.0352956,0.0347114,0.0341298,0.0335515,0.0329766,0.0324057,0.0318389,0.0312765,0.0307188,0.030166,0.0296184,0.029076,0.028539,0.0280076,0.0274819,0.0269619,0.0264478,0.0259395,0.0254372,0.024941,0.0244507,0.0239665,0.0234883,0.0230162,0.0225501,0.02209,0.0216359,0.0211878,0.0207456,0.0203092,0.0198787,0.0194539,0.0190348,0.0186214,0.0182136,0.0178112,0.0174143,0.0170228,0.0166365,0.0162554,0.0158795,0.0155086,0.0151427,0.0147816,0.0144253,0.0140737,0.0137267,0.0133842,0.0130462,0.0127125,0.012383,0.0120576,0.0117364,0.011419,0.0111056,0.0107959,0.0104899,0.0101876,0.00988866,0.00959317,0.009301,0.00901204,0.00872622,0.00844344,0.0081636,0.00788661,0.00761239,0.00734084,0.00707188,0.0068054,0.00654133,0.00627957,0.00602004,0.00576264,0.00550728,0.00525389,0.00500236,0.00475262,0.00450458,0.00425814,0.00401323,0.00376976,0.00352763,0.00328677,0.00304709,0.0028085,0.00257092,0.00233427,0.00209845,0.00186339,0.001629,0.0013952,0.0011619,0.000929016,0.000696469,0.000464173
0,0.00244216,0.00487347,0.00728322,0.00966099,0.0119968,0.0142813,0.0165056,0.0186617,0.0207426,0.0227417,0.0246539,0.0264745,0.0282,0.0298277,0.0313559,0.0327833,0.0341099,0.0353359,0.0364624,0.0374911,0.0384239,0.0392633,0.0400122,0.0406736,0.0412509,0.0417476,0.0421673,0.0425137,0.0427906,0.0430017,0.0431507,0.0432413,0.0432771,0.0432616,0.0431982,0.0430902,0.0429409,0.0427531,0.0425299,0.042274,0.0419881,0.0416747,0.0413361,0.0409745,0.0405922,0.0401911,0.039773,0.0393398,0.038893,0.0384342,0.0379649,0.0374863,0.0369997,0.0365064,0.0360073,0.0355034,0.0349958,0.0344852,0.0339724,0.0334583,0.0329434,0.0324284,0.0319138,0.0314003,0.0308881,0.0303779,0.0298701,0.0293648,0.0288626,0.0283637,0.0278684,0.0273769,0.0268894,0.0264062,0.0259273,0.0254531,0.0249836,0.0245188,0.024059,0.0236042,0.0231545,0.0227099,0.0222705,0.0218364,0.0214074,0.0209838,0.0205654,0.0201523,0.0197444,0.0193418,0.0189444,0.0185522,0.0181651,0.0177832,0.0174064,0.0170346,0.0166678,0.0163059,0.0159488,0.0155966,0.0152492,0.0149064,0.0145683,0.0142347,0.0139056,0.0135808,0.0132605,0.0129443,0.0126324,0.0123245,0.0120207,0.0117209,0.0114249,0.0111327,0.0108442,0.0105593,0.010278,0.0100001,0.00972564,0.00945448,0.00918654,0.00892174,0.00866001,0.00840126,0.0081454,0.00789237,0.00764207,0.00739444,0.00714938,0.00690682,0.00666668,0.00642887,0.00619333,0.00595997,0.00572871,0.00549948,0.00527219,0.00504678,0.00482315,0.00460124,0.00438096,0.00416225,0.00394502,0.0037292,0.00351471,0.00330148,0.00308944,0.0028785,0.00266859,0.00245964,0.00225157,0.00204432,0.00183779,0.00163193,0.00142666,0.0012219,0.00101757,0.00081362,0.000609959,0.000406517
0,0.0020741,0.00413916,0.00618622,0.00820661,0.010192,0.0121344,0.0140266,0.0158618,0.0176338,0.0193375,0.0209682,0.022522,0.0239958,0.0253873,0.0266949,0.0279175,0.0290548,0.0301072,0.0310753,0.0319603,0.032764,0.0334883,0.0341355,0.0347083,0.0352093,0.0356414,0.0360078,0.0363114,0.0365554,0.0367431,0.0368774,0.0369616,0.0369987,0.0369917,0.0369434,0.0368567,0.0367343,0.0365787,0.0363926,0.0361781,0.0359377,0.0356735,0.0353874,0.0350815,0.0347575,0.0344172,0.0340621,0.0336939,0.0333138,0.0329233,0.0325235,0.0321156,0.0317008,0.0312799,0.030854,0.0304239,0.0299904,0.0295543,0.0291162,0.0286767,0.0282366,0.0277962,0.0273562,0.0269169,0.0264788,0.0260422,0.0256076,0.0251752,0.0247453,0.0243182,0.0238941,0.0234732,0.0230557,0.0226419,0.0222318,0.0218255,0.0214233,0.0210251,0.0206312,0.0202415,0.0198562,0.0194752,0.0190986,0.0187265,0.0183589,0.0179958,0.0176372,0.0172831,0.0169334,0.0165883,0.0162476,0.0159114,0.0155796,0.0152521,0.0149291,0.0146103,0.0142958,0.0139855,0.0136793,0.0133773,0.0130794,0.0127855,0.0124955,0.0122094,0.0119272,0.0116487,0.011374,0.0111029,0.0108354,0.0105713,0.0103108,0.0100536,0.00979976,0.00954915,0.00930171,0.00905739,0.00881611,0.0085778,0.00834239,0.00810981,0.00788,0.00765288,0.00742839,0.00720645,0.006987,0.00676996,0.00655528,0.00634287,0.00613267,0.00592461,0.00571863,0.00551465,0.00531261,0.00511244,0.00491408,0.00471745,0.00452249,0.00432913,0.0041373,0.00394695,0.003758,0.00357039,0.00338406,0.00319893,0.00301494,0.00283204,0.00265014,0.0024692,0.00228914,0.0021099,0.00193142,0.00175363,0.00157648,0.00139989,0.0012238,0.00104815,0.000872886,0.000697932,0.000523229,0.000348715
0,0.0017151,0.00342283,0.00511591,0.00678725,0.00843004,0.0100378,0.0116046,0.0131249,0.0145936,0.0160063,0.0173593,0.0186494,0.0198739,0.0210308,0.0221188,0.0231369,0.0240849,0.0249627,0.0257711,0.0265109,0.0271835,0.0277904,0.0283334,0.0288147,0.0292365,0.029601,0.0299109,0.0301686,0.0303767,0.0305377,0.0306543,0.0307291,0.0307645,0.030763,0.030727,0.0306589,0.0305608,0.030435,0.0302834,0.0301082,0.0299112,0.0296941,0.0294586,0.0292065,0.0289392,0.028658,0.0283645,0.0280598,0.0277451,0.0274215,0.0270902,0.026752,0.0264078,0.0260585,0.025705,0.0253478,0.0249877,0.0246253,0.0242612,0.0238959,0.02353,0.0231638,0.0227978,0.0224324,0.0220679,0.0217046,0.0213429,0.020983,0.0206252,0.0202696,0.0199165,0.0195661,0.0192185,0.0188739,0.0185323,0.018194,0.0178589,0.0175273,0.0171991,0.0168745,0.0165534,0.016236,0.0159223,0.0156122,0.0153059,0.0150033,0.0147045,0.0144094,0.014118,0.0138304,0.0135464,0.0132662,0.0129896,0.0127167,0.0124474,0.0121817,0.0119196,0.0116609,0.0114057,0.011154,0.0109056,0.0106606,0.0104189,0.0101804,0.00994508,0.00971293,0.00948387,0.00925785,0.00903482,0.00881471,0.00859748,0.00838306,0.00817141,0.00796246,0.00775617,0.00755246,0.00735128,0.00715259,0.00695631,0.00676239,0.00657077,0.0063814,0.00619422,0.00600916,0.00582618,0.00564521,0.0054662,0.00528909,0.00511382,0.00494034,0.00476858,0.0045985,0.00443003,0.00426312,0.00409771,0.00393375,0.00377118,0.00360995,0.00344999,0.00329127,0.00313371,0.00297727,0.00282189,0.00266752,0.0025141,0.00236157,0.0022099,0.00205901,0.00190887,0.0017594,0.00161057,0.00146232,0.00131459,0.00116734,0.0010205,0.000874037,0.000727884,0.000581993,0.000436312,0.000290787
0,0.00136347,0.00272115,0.00406733,0.00539643,0.00670311,0.00798227,0.00922919,0.0104395,0.0116092,0.0127349,0.0138135,0.0148424,0.0158195,0.0167433,0.0176125,0.0184265,0.0191849,0.0198878,0.0205355,0.0211288,0.0216687,0.0221563,0.0225931,0.0229807,0.0233208,0.0236154,0.0238662,0.0240754,0.0242449,0.0243768,0.0244731,0.0245359,0.0245672,0.0245688,0.0245428,0.024491,0.0244151,0.0243169,0.0241981,0.0240601,0.0239046,0.023733,0.0235466,0.0233467,0.0231346,0.0229113,0.022678,0.0224356,0.0221852,0.0219277,0.0216637,0.0213943,0.02112,0.0208415,0.0205595,0.0202746,0.0199873,0.0196981,0.0194074,0.0191158,0.0188236,0.0185312,0.0182388,0.0179469,0.0176557,0.0173655,0.0170764,0.0167888,0.0165028,0.0162186,0.0159364,0.0156562,0.0153783,0.0151027,0.0148296,0.0145591,0.0142912,0.014026,0.0137635,0.0135039,0.0132471,0.0129932,0.0127422,0.0124942,0.0122492,0.0120071,0.0117681,0.011532,0.0112989,0.0110687,0.0108416,0.0106174,0.0103961,0.0101777,0.00996223,0.00974962,0.00953984,0.00933287,0.00912868,0.00892723,0.00872848,0.00853241,0.00833897,0.00814812,0.00795982,0.00777404,0.00759073,0.00740985,0.00723136,0.00705521,0.00688136,0.00670976,0.00654037,0.00637314,0.00620803,0.006045,0.00588399,0.00572496,0.00556787,0.00541267,0.00525931,0.00510774,0.00495792,0.00480981,0.00466336,0.00451851,0.00437524,0.00423348,0.00409319,0.00395434,0.00381687,0.00368073,0.00354589,0.00341229,0.0032799,0.00314867,0.00301854,0.00288949,0.00276146,0.00263442,0.0025083,0.00238309,0.00225872,0.00213515,0.00201235,0.00189027,0.00176887,0.00164809,0.00152791,0.00140828,0.00128915,0.00117049,0.00105224,0.000934374,0.000816843,0.000699606,0.000582621,0.000465845,0.000349237,0.000232755
0,0.00101763,0.00203098,0.00303583,0.00402805,0.00500368,0.00595896,0.00689038,0.00779469,0.00866895,0.00951056,0.0103172,0.0110871,0.0118185,0.0125103,0.0131616,0.0137717,0.0143406,0.014868,0.0153544,0.0158002,0.0162061,0.016573,0.0169019,0.0171941,0.0174508,0.0176734,0.0178632,0.0180219,0.0181508,0.0182515,0.0183255,0.0183743,0.0183994,0.0184023,0.0183844,0.0183471,0.0182917,0.0182195,0.0181318,0.0180296,0.0179143,0.0177867,0.0176481,0.0174992,0.0173411,0.0171746,0.0170005,0.0168196,0.0166326,0.0164401,0.0162429,0.0160414,0.0158363,0.015628,0.015417,0.0152038,0.0149887,0.0147722,0.0145547,0.0143363,0.0141175,0.0138984,0.0136794,0.0134608,0.0132426,0.0130251,0.0128085,0.012593,0.0123787,0.0121656,0.0119541,0.0117441,0.0115358,0.0113292,0.0111244,0.0109216,0.0107207,0.0105219,0.0103251,0.0101304,0.00993783,0.00974744,0.00955924,0.00937326,0.00918949,0.00900795,0.00882864,0.00865157,0.00847674,0.00830413,0.00813375,0.00796557,0.00779959,0.0076358,0.00747417,0.00731469,0.00715733,0.00700208,0.0068489,0.00669778,0.00654869,0.0064016,0.00625649,0.00611332,0.00597206,0.00583269,0.00569517,0.00555947,0.00542556,0.00529341,0.00516298,0.00503425,0.00490716,0.0047817,0.00465783,0.00453552,0.00441472,0.00429541,0.00417755,0.00406111,0.00394605,0.00383233,0.00371993,0.00360881,0.00349892,0.00339025,0.00328275,0.0031764,0.00307114,0.00296696,0.00286382,0.00276168,0.00266051,0.00256027,0.00246094,0.00236247,0.00226484,0.00216801,0.00207195,0.00197663,0.00188201,0.00178806,0.00169474,0.00160203,0.00150989,0.00141829,0.0013272,0.00123659,0.00114641,0.00105665,0.000967267,0.000878231,0.000789511,0.000701074,0.000612889,0.000524924,0.000437149,0.00034953,0.000262038,0.000174639
0,0.00067607,0.00134932,0.00201695,0.00267625,0.0033246,0.00395952,0.00457868,0.00517993,0.00576133,0.00632115,0.00685787,0.00737023,0.00785716,0.00831786,0.00875171,0.00915833,0.00953753,0.0098893,0.0102138,0.0105114,0.0107825,0.0110276,0.0112476,0.0114431,0.011615,0.0117641,0.0118915,0.0119981,0.0120848,0.0121528,0.012203,0.0122363,0.0122539,0.0122566,0.0122455,0.0122213,0.0121851,0.0121377,0.0120798,0.0120124,0.0119361,0.0118516,0.0117597,0.011661,0.011556,0.0114455,0.0113299,0.0112096,0.0110853,0.0109574,0.0108262,0.0106922,0.0105557,0.0104171,0.0102767,0.0101348,0.00999167,0.00984754,0.00970266,0.00955725,0.00941151,0.00926563,0.00911978,0.00897411,0.00882877,0.00868389,0.00853959,0.00839598,0.00825316,0.00811123,0.00797025,0.00783031,0.00769147,0.0075538,0.00741735,0.00728215,0.00714826,0.00701572,0.00688454,0.00675477,0.00662642,0.0064995,0.00637405,0.00625007,0.00612756,0.00600654,0.005887,0.00576895,0.00565239,0.00553732,0.00542372,0.0053116,0.00520094,0.00509173,0.00498397,0.00487764,0.00477272,0.0046692,0.00456707,0.00446631,0.0043669,0.00426883,0.00417207,0.00407661,0.00398242,0.00388949,0.00379779,0.00370731,0.00361802,0.0035299,0.00344293,0.00335708,0.00327234,0.00318868,0.00310608,0.00302452,0.00294397,0.00286441,0.00278582,0.00270817,0.00263144,0.00255562,0.00248066,0.00240656,0.00233329,0.00226082,0.00218913,0.00211821,0.00204802,0.00197855,0.00190977,0.00184165,0.00177419,0.00170735,0.00164111,0.00157544,0.00151034,0.00144577,0.00138171,0.00131814,0.00125504,0.00119239,0.00113016,0.00106834,0.00100689,0.00094581,0.000885065,0.000824636,0.000764503,0.000704644,0.000645037,0.000585662,0.000526498,0.000467522,0.000408715,0.000350054,0.00029152,0.00023309,0.000174744,0.000116461
