0,0,0,0,0,0,0,0,0,0,0,0,0,0,0,0,0,0,0,0,0,0,0,0,0,0,0,0,0,0,0,0,0,0,0,0,0,0,0,0,0,0,0,0,0,0,0,0,0,0,0,0,0,0,0,0,0,0,0,0,0,0,0,0,0,0,0,0,0,0,0,0,0,0,0,0,0,0,0,0,0,0,0,0,0,0,0,0,0,0,0,0,0,0,0,0,0,0,0,0,0,0,0,0,0,0,0,0,0,0,0,0,0,0,0,0,0,0,0,0,0,0,0,0,0,0,0,0,0,0,0,0,0,0,0,0,0,0,0,0,0,0,0,0,0,0,0,0,0,0,0,0,0,0,0,0,0,0,0,0,0
0,0.000309336,0.000617284,0.000922473,0.00122357,0.00151928,0.0018084,0.00208976,0.00236234,0.00262516,0.00287738,0.00311826,0.00334718,0.00356363,0.00376721,0.00395763,0.0041347,0.00429835,0.00444858,0.00458547,0.00470921,0.00482003,0.00491822,0.00500413,0.00507816,0.00514073,0.00519231,0.00523337,0.0052644,0.00528591,0.00529842,0.00530243,0.00529845,0.00528699,0.00526853,0.00524356,0.00521254,0.00517593,0.00513416,0.00508766,0.00503682,0.00498202,0.00492364,0.00486202,0.00479748,0.00473033,0.00466088,0.00458939,0.00451613,0.00444133,0.00436524,0.00428804,0.00420996,0.00413117,0.00405185,0.00397215,0.00389223,0.00381222,0.00373226,0.00365245,0.00357292,0.00349375,0.00341504,0.00333687,0.00325933,0.00318248,0.00310638,0.0030311,0.00295668,0.00288317,0.00281062,0.00273905,0.00266852,0.00259903,0.00253063,0.00246332,0.00239714,0.00233209,0.0022682,0.00220546,0.00214389,0.0020835,0.00202428,0.00196624,0.00190938,0.00185369,0.00179918,0.00174584,0.00169366,0.00164263,0.00159275,0.00154401,0.00149639,0.00144989,0.0014045,0.00136019,0.00131696,0.00127479,0.00123367,0.00119358,0.00115451,0.00111644,0.00107935,0.00104323,0.00100807,0.000973832,0.000940516,0.000908095,0.000876559,0.000845882,0.000816053,0.000787047,0.000758854,0.000731448,0.000704818,0.000678939,0.000653799,0.000629374,0.000605653,0.00058261,0.000560235,0.000538503,0.000517403,0.000496911,0.000477014,0.000457692,0.00043893,0.000420708,0.000403012,0.000385822,0.000369124,0.000352899,0.000337133,0.000321806,0.000306906,0.000292412,0.000278313,0.00026459,0.000251228,0.000238212,0.000225526,0.000213154,0.000201082,0.000189294,0.000177776,0.000166512,0.000155488,0.000144689,0.000134101,0.000123708,0.000113498,0.000103454,9.35643e-05,8.3813e-05,7.4187e-05,6.46715e-05,5.52532e-05,4.59176e-05,3.66514e-05,2.74402e-05,1.82705e-05
0,0.000620086,0.00123738,0.00184912,0.00245262,0.0030453,0.00362469,0.00418851,0.00473463,0.00526115,0.00576635,0.00624877,0.00670714,0.00714046,0.00754793,0.00792898,0.00828324,0.00861055,0.00891093,0.00918458,0.00943184,0.0096532,0.00984925,0.0100207,0.0101684,0.0102931,0.0103958,0.0104774,0.010539,0.0105815,0.010606,0.0106136,0.0106051,0.0105817,0.0105443,0.0104939,0.0104315,0.0103578,0.0102739,0.0101805,0.0100784,0.0099685,0.00985139,0.00972783,0.00959845,0.00946389,0.00932471,0.00918149,0.00903472,0.00888491,0.0087325,0.00857793,0.00842158,0.00826384,0.00810504,0.0079455,0.00778552,0.00762539,0.00746534,0.00730563,0.00714645,0.00698803,0.00683053,0.00667412,0.00651896,0.0063652,0.00621294,0.00606232,0.00591343,0.00576637,0.00562122,0.00547806,0.00533694,0.00519795,0.00506111,0.00492649,0.0047941,0.00466399,0.00453618,0.00441069,0.00428754,0.00416674,0.00404829,0.0039322,0.00381847,0.0037071,0.00359807,0.00349138,0.00338701,0.00328497,0.0031852,0.00308772,0.00299249,0.00289949,0.0028087,0.00272009,0.00263362,0.0025493,0.00246705,0.00238689,0.00230874,0.00223261,0.00215844,0.00208621,0.00201588,0.00194742,0.00188079,0.00181596,0.00175289,0.00169154,0.00163188,0.00157389,0.0015175,0.0014627,0.00140944,0.00135769,0.00130741,0.00125857,0.00121113,0.00116506,0.00112031,0.00107685,0.00103465,0.000993677,0.000953885,0.00091525,0.000877727,0.000841291,0.000805901,0.000771529,0.000738134,0.000705692,0.00067416,0.000643514,0.000613715,0.000584735,0.000556538,0.000529098,0.000502377,0.000476349,0.000450979,0.000426241,0.000402099,0.000378529,0.000355495,0.000332971,0.000310926,0.000289332,0.000268158,0.000247377,0.000226958,0.000206876,0.000187098,0.000167599,0.00014835,0.000129322,0.000110488,9.18207e-05,7.32907e-05,5.48716e-05,3.6535e-05
0,0.00093368,0.00186313,0.00278416,0.00369271,0.00458485,0.00545687,0.0063053,0.00712694,0.0079189,0.00867862,0.00940387,0.0100928,0.0107438,0.0113558,0.0119279,0.0124595,0.0129505,0.0134009,0.013811,0.0141814,0.0145127,0.0148059,0.0150622,0.0152826,0.0154686,0.0156215,0.0157428,0.0158339,0.0158965,0.015932,0.0159421,0.0159282,0.0158919,0.0158347,0.0157579,0.0156631,0.0155516,0.0154247,0.0152836,0.0151296,0.0149638,0.0147874,0.0146012,0.0144064,0.0142038,0.0139944,0.013779,0.0135582,0.013333,0.0131038,0.0128715,0.0126365,0.0123995,0.0121609,0.0119212,0.0116809,0.0114404,0.0112001,0.0109602,0.0107212,0.0104834,0.0102469,0.0100121,0.00977919,0.00954837,0.00931985,0.00909377,0.00887033,0.00864962,0.0084318,0.00821696,0.00800522,0.00779664,0.00759133,0.00738932,0.00719069,0.00699547,0.00680372,0.00661544,0.00643069,0.00624946,0.00607177,0.00589761,0.00572701,0.00555992,0.00539638,0.00523633,0.00507979,0.0049267,0.00477707,0.00463084,0.004488,0.0043485,0.00421232,0.0040794,0.00394973,0.00382323,0.00369989,0.00357964,0.00346245,0.00334825,0.00323702,0.00312868,0.0030232,0.00292052,0.00282059,0.00272335,0.00262876,0.00253675,0.00244729,0.0023603,0.00227574,0.00219354,0.00211367,0.00203606,0.00196066,0.00188741,0.00181627,0.00174716,0.00168006,0.00161488,0.0015516,0.00149015,0.00143048,0.00137253,0.00131627,0.00126162,0.00120855,0.001157,0.00110692,0.00105826,0.00101098,0.000965021,0.000920337,0.000876874,0.000834593,0.000793438,0.000753371,0.000714335,0.000676293,0.000639192,0.000602992,0.000567641,0.000533102,0.000499323,0.000466266,0.000433881,0.000402131,0.000370965,0.000340347,0.000310229,0.000280572,0.000251331,0.000222465,0.000193931,0.000165688,0.000137693,0.000109907,8.2285e-05,5.47879e-05
0,0.00125159,0.00249744,0.00373192,0.0049495,0.00614491,0.00731311,0.00844943,0.00954955,0.0106096,0.0116261,0.0125962,0.0135172,0.0143872,0.0152046,0.0159683,0.0166777,0.0173324,0.0179325,0.0184786,0.0189714,0.0194118,0.0198013,0.0201412,0.0204331,0.020679,0.0208807,0.0210401,0.0211594,0.0212405,0.0212856,0.0212967,0.0212759,0.0212253,0.0211468,0.0210424,0.0209139,0.0207633,0.0205921,0.0204022,0.0201952,0.0199725,0.0197356,0.0194859,0.0192248,0.0189534,0.0186729,0.0183845,0.0180891,0.0177877,0.0174812,0.0171705,0.0168564,0.0165396,0.0162207,0.0159005,0.0155795,0.0152583,0.0149372,0.014617,0.0142978,0.0139803,0.0136646,0.0133512,0.0130403,0.0127322,0.0124273,0.0121256,0.0118274,0.0115329,0.0112423,0.0109557,0.0106732,0.010395,0.0101211,0.00985166,0.00958671,0.00932635,0.00907058,0.0088195,0.00857309,0.00833141,0.00809443,0.0078622,0.00763468,0.0074119,0.0071938,0.00698041,0.00677166,0.00656755,0.00636802,0.00617307,0.00598261,0.00579663,0.00561505,0.00543786,0.00526496,0.00509633,0.00493188,0.00477157,0.00461532,0.0044631,0.0043148,0.00417038,0.00402976,0.00389288,0.00375966,0.00363004,0.00350394,0.0033813,0.00326203,0.00314608,0.00303335,0.00292379,0.00281732,0.00271387,0.00261335,0.00251572,0.00242088,0.00232877,0.00223932,0.00215245,0.00206809,0.00198618,0.00190664,0.00182941,0.0017544,0.00168157,0.00161083,0.00154212,0.00147537,0.00141052,0.00134749,0.00128623,0.00122667,0.00116874,0.00111238,0.00105753,0.00100412,0.0009521,0.00090139,0.000851943,0.000803689,0.000756577,0.000710537,0.000665518,0.000621454,0.000578294,0.000535972,0.000494437,0.000453625,0.000413485,0.000373955,0.000334982,0.000296507,0.000258478,0.000220833,0.000183522,0.000146486,0.000109672,7.30226e-05
0,0.00157532,0.00314335,0.00469688,0.0062289,0.00773268,0.00920185,0.0106305,0.0120131,0.0133447,0.0146212,0.0158386,0.0169938,0.0180845,0.0191085,0.0200646,0.0209521,0.0217704,0.02252,0.0232014,0.0238156,0.024364,0.0248483,0.0252702,0.0256321,0.0259361,0.0261846,0.0263803,0.0265256,0.0266232,0.0266758,0.026686,0.0266564,0.0265895,0.0264878,0.0263539,0.0261901,0.0259986,0.0257816,0.0255413,0.0252797,0.0249987,0.0247001,0.0243856,0.024057,0.0237156,0.023363,0.0230006,0.0226296,0.0222512,0.0218666,0.0214768,0.0210829,0.0206856,0.0202859,0.0198845,0.0194822,0.0190797,0.0186776,0.0182765,0.0178768,0.0174792,0.017084,0.0166916,0.0163025,0.015917,0.0155353,0.0151578,0.0147848,0.0144163,0.0140528,0.0136942,0.0133409,0.0129928,0.0126503,0.0123133,0.011982,0.0116564,0.0113366,0.0110226,0.0107145,0.0104123,0.010116,0.00982566,0.00954123,0.00926269,0.00899007,0.00872328,0.00846235,0.00820719,0.0079578,0.00771409,0.00747604,0.00724356,0.00701663,0.00679513,0.00657905,0.00636827,0.00616276,0.00596239,0.00576713,0.00557687,0.00539154,0.00521105,0.00503532,0.00486425,0.00469778,0.00453579,0.00437821,0.00422494,0.00407591,0.003931,0.00379014,0.00365323,0.00352019,0.00339091,0.00326532,0.00314331,0.00302481,0.00290971,0.00279793,0.00268938,0.00258398,0.00248163,0.00238225,0.00228573,0.00219202,0.00210101,0.00201263,0.00192677,0.00184337,0.00176234,0.00168359,0.00160705,0.00153263,0.00146025,0.00138983,0.00132129,0.00125457,0.00118956,0.00112621,0.00106442,0.00100414,0.000945267,0.000887749,0.000831497,0.000776448,0.000722518,0.000669644,0.000617746,0.000566759,0.000516605,0.000467219,0.000418524,0.000370456,0.000322939,0.000275909,0.000229291,0.00018302,0.000137023,9.12342e-05
0,0.00190649,0.00380401,0.00568373,0.00753705,0.00935572,0.0111319,0.0128584,0.0145285,0.0161363,0.0176765,0.0191445,0.0205367,0.02185,0.0230821,0.0242316,0.0252974,0.0262795,0.0271779,0.0279937,0.0287282,0.029383,0.0299602,0.0304622,0.0308917,0.0312515,0.0315445,0.0317739,0.0319428,0.0320544,0.032112,0.0321187,0.0320777,0.0319921,0.031865,0.0316993,0.0314978,0.0312634,0.0309985,0.0307059,0.0303879,0.0300468,0.0296848,0.029304,0.0289063,0.0284936,0.0280676,0.0276299,0.0271821,0.0267257,0.0262619,0.0257921,0.0253173,0.0248388,0.0243575,0.0238743,0.0233901,0.0229057,0.0224219,0.0219394,0.0214588,0.0209806,0.0205055,0.0200339,0.0195661,0.0191028,0.0186442,0.0181906,0.0177424,0.0172998,0.016863,0.0164324,0.016008,0.0155901,0.0151787,0.0147741,0.0143763,0.0139853,0.0136014,0.0132245,0.0128546,0.0124919,0.0121362,0.0117877,0.0114463,0.0111121,0.0107848,0.0104647,0.0101515,0.00984534,0.00954605,0.00925362,0.00896796,0.00868903,0.00841671,0.00815097,0.00789169,0.00763881,0.00739221,0.00715184,0.00691756,0.00668932,0.00646696,0.00625044,0.00603961,0.00583441,0.00563468,0.00544037,0.00525133,0.00506748,0.00488869,0.00471487,0.00454589,0.00438167,0.00422207,0.00406701,0.00391635,0.00377001,0.00362786,0.00348981,0.00335573,0.00322554,0.00309911,0.00297635,0.00285714,0.00274139,0.00262898,0.00251983,0.00241381,0.00231084,0.0022108,0.00211362,0.00201917,0.00192737,0.0018381,0.0017513,0.00166684,0.00158465,0.00150461,0.00142665,0.00135066,0.00127657,0.00120426,0.00113366,0.00106467,0.000997215,0.000931188,0.000866515,0.000803098,0.00074086,0.000679707,0.000619561,0.000560329,0.000501933,0.000444282,0.000387298,0.000330893,0.000274986,0.000219492,0.00016433,0.000109416
0,0.00224677,0.00448279,0.00669746,0.00888048,0.011022,0.0131126,0.0151438,0.0171075,0.0189968,0.0208054,0.022528,0.0241602,0.0256986,0.0271406,0.0284844,0.0297291,0.0308745,0.0319212,0.0328702,0.0337233,0.0344825,0.0351505,0.0357301,0.0362246,0.0366373,0.0369718,0.0372319,0.0374212,0.0375437,0.0376032,0.0376033,0.037548,0.0374408,0.0372853,0.037085,0.0368433,0.0365633,0.0362482,0.0359009,0.0355243,0.035121,0.0346936,0.0342445,0.033776,0.0332902,0.0327892,0.0322748,0.0317489,0.0312131,0.030669,0.0301179,0.0295614,0.0290006,0.0284367,0.0278708,0.027304,0.026737,0.0261709,0.0256064,0.0250442,0.024485,0.0239294,0.023378,0.0228314,0.0222898,0.0217539,0.0212239,0.0207003,0.0201832,0.0196731,0.0191702,0.0186746,0.0181865,0.0177063,0.0172338,0.0167694,0.016313,0.0158648,0.0154248,0.0149932,0.0145698,0.0141548,0.0137481,0.0133497,0.0129596,0.0125778,0.0122043,0.0118389,0.0114817,0.0111325,0.0107913,0.0104581,0.0101327,0.00981504,0.00950503,0.0092026,0.00890761,0.00862,0.00833961,0.00806637,0.00780013,0.00754082,0.00728827,0.0070424,0.00680306,0.00657015,0.00634352,0.00612307,0.00590865,0.00570017,0.00549745,0.00530041,0.00510889,0.00492279,0.00474196,0.00456629,0.00439563,0.00422989,0.00406889,0.00391257,0.00376074,0.00361333,0.00347018,0.00333119,0.00319621,0.00306515,0.00293787,0.00281426,0.0026942,0.00257757,0.00246424,0.00235413,0.00224708,0.00214302,0.0020418,0.00194334,0.0018475,0.00175419,0.00166329,0.0015747,0.0014883,0.00140401,0.00132169,0.00124126,0.00116261,0.00108563,0.00101023,0.000936298,0.000863732,0.00079244,0.000722314,0.000653261,0.000585176,0.000517967,0.000451529,0.000385771,0.000320591,0.000255895,0.000191583,0.000127562
0,0.00259798,0.00518327,0.00774337,0.0102662,0.01274,0.0151539,0.0174978,0.0197625,0.0219396,0.0240221,0.0260038,0.0278797,0.029646,0.0312996,0.0328389,0.0342628,0.0355713,0.0367652,0.037846,0.0388157,0.039677,0.0404329,0.0410871,0.0416432,0.0421054,0.0424778,0.042765,0.0429711,0.0431008,0.0431584,0.0431485,0.0430752,0.042943,0.0427558,0.0425177,0.0422325,0.041904,0.0415357,0.0411311,0.0406932,0.0402253,0.0397301,0.0392106,0.0386692,0.0381084,0.0375306,0.0369378,0.0363321,0.0357154,0.0350895,0.034456,0.0338164,0.0331722,0.0325247,0.0318752,0.0312247,0.0305744,0.0299251,0.0292779,0.0286335,0.0279927,0.0273561,0.0267245,0.0260983,0.0254782,0.0248645,0.0242578,0.0236584,0.0230667,0.0224829,0.0219074,0.0213404,0.020782,0.0202326,0.0196922,0.019161,0.0186391,0.0181266,0.0176235,0.0171299,0.0166459,0.0161713,0.0157064,0.015251,0.0148051,0.0143687,0.0139417,0.0135241,0.0131159,0.0127168,0.0123269,0.0119461,0.0115742,0.0112113,0.010857,0.0105115,0.0101744,0.00984578,0.00952545,0.00921324,0.0089091,0.00861281,0.00832431,0.0080434,0.00777,0.0075039,0.00724503,0.00699318,0.00674827,0.00651009,0.00627855,0.00605346,0.00583471,0.00562213,0.00541559,0.00521492,0.00502001,0.00483068,0.00464682,0.00446825,0.00429486,0.00412647,0.00396299,0.00380423,0.00365009,0.00350039,0.00335504,0.00321386,0.00307674,0.00294353,0.00281412,0.00268835,0.00256611,0.00244726,0.00233167,0.00221921,0.00210977,0.0020032,0.0018994,0.00179823,0.00169957,0.0016033,0.0015093,0.00141745,0.00132764,0.00123973,0.00115362,0.00106919,0.00098633,0.000904913,0.000824837,0.000745978,0.000668233,0.000591481,0.000515617,0.000440523,0.000366093,0.000292213,0.000218775,0.000145666
0,0.00296207,0.00590934,0.00882723,0.0117016,0.0145189,0.0172665,0.0199326,0.0225066,0.024979,0.0273417,0.0295876,0.0317114,0.0337085,0.0355759,0.0373117,0.0389151,0.0403861,0.041726,0.0429366,0.0440204,0.0449808,0.0458214,0.0465464,0.0471604,0.047668,0.0480742,0.048384,0.0486027,0.0487352,0.0487869,0.0487626,0.0486673,0.048506,0.0482832,0.0480036,0.0476714,0.047291,0.0468662,0.046401,0.045899,0.0453636,0.0447981,0.0442055,0.0435889,0.0429509,0.0422942,0.041621,0.0409337,0.0402345,0.0395252,0.0388077,0.0380837,0.0373548,0.0366226,0.0358882,0.0351532,0.0344184,0.0336852,0.0329545,0.0322271,0.0315039,0.0307858,0.0300733,0.0293672,0.0286679,0.0279762,0.0272923,0.0266168,0.0259499,0.0252922,0.0246439,0.0240052,0.0233763,0.0227576,0.0221491,0.021551,0.0209634,0.0203864,0.0198201,0.0192645,0.0187197,0.0181857,0.0176624,0.0171499,0.0166482,0.0161571,0.0156767,0.0152069,0.0147476,0.0142987,0.01386,0.0134317,0.0130134,0.0126051,0.0122067,0.011818,0.0114389,0.0110693,0.010709,0.0103579,0.0100159,0.00968271,0.00935825,0.00904239,0.00873492,0.00843574,0.00814462,0.00786147,0.00758606,0.00731828,0.00705792,0.00680486,0.0065589,0.00631991,0.00608767,0.00586209,0.00564294,0.0054301,0.00522337,0.00502264,0.00482769,0.00463842,0.00445461,0.00427616,0.00410286,0.00393459,0.00377117,0.00361248,0.00345833,0.00330861,0.00316312,0.00302175,0.00288433,0.00275074,0.0026208,0.00249441,0.00237138,0.0022516,0.00213491,0.0020212,0.00191029,0.00180209,0.00169643,0.00159319,0.00149223,0.00139343,0.00129664,0.00120175,0.0011086,0.0010171,0.000927089,0.000838458,0.00075107,0.000664806,0.000579533,0.000495133,0.000411474,0.000328438,0.000245894,0.000163724
0,0.0033412,0.00666527,0.00995532,0.013195,0.0163687,0.0194619,0.0224611,0.025354,0.0281302,0.0307801,0.0332963,0.0356723,0.0379037,0.039987,0.0419205,0.0437033,0.045336,0.0468201,0.048158,0.049353,0.050409,0.0513303,0.0521219,0.0527891,0.0533374,0.0537724,0.0541001,0.0543262,0.0544567,0.0544974,0.054454,0.054332,0.0541371,0.0538743,0.0535489,0.0531657,0.0527294,0.0522445,0.0517153,0.0511457,0.0505397,0.0499008,0.0492325,0.048538,0.0478203,0.0470823,0.0463266,0.0455557,0.0447719,0.0439775,0.0431744,0.0423644,0.0415495,0.0407311,0.0399108,0.0390899,0.0382699,0.0374517,0.0366365,0.0358253,0.0350191,0.0342186,0.0334247,0.032638,0.0318591,0.0310887,0.0303272,0.0295752,0.028833,0.028101,0.0273795,0.0266688,0.0259693,0.025281,0.0246042,0.0239389,0.0232855,0.0226439,0.0220143,0.0213966,0.020791,0.0201973,0.0196157,0.0190461,0.0184885,0.0179428,0.017409,0.0168869,0.0163765,0.0158777,0.0153904,0.0149145,0.0144498,0.0139962,0.0135536,0.0131218,0.0127008,0.0122902,0.0118901,0.0115001,0.0111202,0.0107502,0.0103899,0.0100391,0.00969763,0.00936535,0.0090421,0.00872763,0.00842183,0.00812446,0.00783538,0.00755436,0.00728128,0.00701589,0.00675806,0.00650756,0.00626426,0.00602793,0.00579843,0.00557554,0.00535913,0.00514897,0.00494493,0.00474678,0.00455441,0.00436758,0.00418618,0.00400999,0.00383888,0.00367265,0.00351115,0.00335421,0.00320167,0.00305336,0.00290913,0.0027688,0.00263224,0.00249927,0.00236975,0.00224351,0.00212042,0.0020003,0.00188302,0.00176841,0.00165635,0.00154667,0.00143925,0.00133391,0.00123053,0.00112895,0.00102905,0.000930661,0.000833667,0.000737912,0.000643265,0.000549579,0.000456724,0.000364553,0.000272935,0.000181727
0,0.00373773,0.00745572,0.0111345,0.0147554,0.0183004,0.0217529,0.0250975,0.0283205,0.0314097,0.034355,0.0371477,0.0397811,0.0422502,0.0445516,0.0466835,0.0486455,0.0504386,0.0520648,0.0535271,0.0548296,0.0559769,0.0569742,0.0578274,0.0585425,0.0591259,0.0595842,0.059924,0.0601519,0.0602747,0.060299,0.0602309,0.0600771,0.0598433,0.0595357,0.0591597,0.058721,0.0582245,0.0576753,0.0570781,0.0564373,0.0557572,0.0550417,0.0542944,0.0535192,0.052719,0.0518972,0.0510565,0.0501998,0.0493294,0.0484479,0.0475573,0.0466598,0.0457572,0.0448512,0.0439436,0.0430358,0.0421291,0.0412249,0.0403243,0.0394285,0.0385383,0.0376548,0.0367787,0.0359108,0.0350517,0.0342022,0.0333626,0.0325336,0.0317156,0.0309089,0.030114,0.0293311,0.0285605,0.0278025,0.0270571,0.0263247,0.0256052,0.0248989,0.0242058,0.0235259,0.0228593,0.022206,0.021566,0.0209393,0.0203257,0.0197253,0.019138,0.0185637,0.0180023,0.0174536,0.0169176,0.0163942,0.0158831,0.0153843,0.0148975,0.0144228,0.0139597,0.0135083,0.0130683,0.0126395,0.0122218,0.011815,0.0114188,0.0110332,0.0106578,0.0102925,0.00993715,0.0095915,0.00925531,0.00892845,0.00861066,0.0083018,0.0080016,0.00770992,0.0074265,0.0071512,0.00688376,0.00662404,0.00637178,0.00612684,0.00588896,0.00565801,0.00543374,0.00521601,0.00500456,0.00479927,0.0045999,0.00440629,0.00421823,0.00403557,0.00385809,0.00368563,0.003518,0.00335503,0.00319653,0.00304234,0.00289227,0.00274616,0.00260383,0.00246512,0.00232985,0.00219787,0.00206899,0.00194308,0.00181994,0.00169943,0.00158138,0.00146564,0.00135204,0.00124044,0.00113066,0.00102257,0.000915988,0.000810781,0.000706783,0.00060385,0.000501821,0.000400552,0.000299885,0.000199672
0,0.00415429,0.0082859,0.0123726,0.0163927,0.020326,0.0241534,0.0278575,0.0314228,0.0348359,0.0380852,0.0411615,0.0440575,0.0467679,0.0492895,0.0516205,0.0537611,0.0557128,0.0574781,0.0590612,0.0604667,0.0617003,0.0627682,0.063677,0.0644338,0.0650461,0.0655211,0.0658666,0.06609,0.0661988,0.0662002,0.0661016,0.0659098,0.0656317,0.0652736,0.064842,0.0643425,0.0637812,0.0631631,0.0624937,0.0617776,0.0610195,0.0602236,0.0593942,0.0585348,0.0576493,0.0567408,0.0558126,0.0548676,0.0539084,0.0529376,0.0519577,0.0509707,0.0499787,0.0489836,0.0479872,0.046991,0.0459966,0.0450052,0.0440182,0.0430367,0.0420618,0.0410943,0.0401354,0.0391855,0.0382457,0.0373163,0.0363982,0.0354918,0.0345975,0.0337158,0.0328471,0.0319917,0.0311498,0.0303217,0.0295076,0.0287077,0.0279221,0.0271509,0.0263942,0.025652,0.0249245,0.0242114,0.023513,0.022829,0.0221595,0.0215044,0.0208636,0.020237,0.0196246,0.019026,0.0184414,0.0178704,0.017313,0.016769,0.0162382,0.0157204,0.0152154,0.0147232,0.0142434,0.0137758,0.0133204,0.0128768,0.0124449,0.0120244,0.0116152,0.011217,0.0108296,0.0104528,0.0100863,0.00972997,0.0093836,0.00904689,0.0087197,0.00840174,0.00809285,0.00779276,0.0075013,0.00721819,0.00694328,0.0066763,0.00641707,0.00616535,0.00592095,0.00568364,0.00545323,0.00522948,0.00501223,0.00480123,0.00459631,0.00439723,0.00420384,0.0040159,0.00383324,0.00365564,0.00348293,0.0033149,0.00315139,0.00299217,0.00283709,0.00268594,0.00253856,0.00239473,0.00225432,0.00211711,0.00198294,0.00185163,0.00172301,0.0015969,0.00147313,0.00135152,0.00123192,0.00111413,0.000998016,0.000883381,0.000770075,0.00065792,0.000546758,0.000436417,0.000326738,0.000217551
0,0.00459382,0.00916166,0.013678,0.0181182,0.0224591,0.026679,0.0307584,0.0346799,0.0384284,0.0419915,0.0453589,0.0485231,0.0514785,0.0542221,0.0567525,0.0590705,0.0611782,0.0630792,0.0647784,0.0662817,0.0675956,0.0687275,0.0696852,0.0704767,0.0711105,0.0715951,0.0719389,0.0721505,0.0722381,0.0722099,0.0720739,0.0718377,0.0715088,0.0710943,0.070601,0.0700356,0.0694039,0.0687122,0.0679657,0.0671699,0.0663297,0.0654497,0.0645342,0.0635875,0.0626132,0.0616152,0.0605965,0.0595606,0.0585101,0.0574479,0.0563764,0.055298,0.0542148,0.053129,0.0520422,0.0509562,0.0498726,0.0487929,0.0477183,0.0466502,0.0455895,0.0445373,0.0434946,0.0424622,0.0414408,0.0404312,0.0394339,0.0384495,0.0374785,0.0365215,0.0355786,0.0346503,0.0337368,0.0328385,0.0319554,0.0310878,0.0302359,0.0293997,0.0285792,0.0277747,0.0269859,0.0262131,0.0254561,0.0247149,0.0239894,0.0232796,0.0225853,0.0219065,0.0212429,0.0205946,0.0199613,0.0193429,0.0187391,0.01815,0.0175751,0.0170144,0.0164676,0.0159345,0.015415,0.0149088,0.0144157,0.0139355,0.0134678,0.0130126,0.0125696,0.0121385,0.0117191,0.0113112,0.0109145,0.0105289,0.0101539,0.00978949,0.00943531,0.00909121,0.00875686,0.0084321,0.00811663,0.00781027,0.00751272,0.00722381,0.00694325,0.00667086,0.00640636,0.00614958,0.00590022,0.00565812,0.00542301,0.0051947,0.00497294,0.00475755,0.00454827,0.00434492,0.00414726,0.00395511,0.00376823,0.00358644,0.0034095,0.00323724,0.00306944,0.00290591,0.00274643,0.00259084,0.0024389,0.00229046,0.0021453,0.00200324,0.00186407,0.00172764,0.00159373,0.00146217,0.00133276,0.00120534,0.00107971,0.000955698,0.00083311,0.000711778,0.000591512,0.000472142,0.000353482,0.000235359
0,0.00505967,0.0100896,0.0150605,0.0199444,0.0247148,0.0293472,0.0338196,0.0381125,0.0422095,0.0460967,0.0497633,0.0532012,0.0564052,0.0593723,0.0621019,0.0645952,0.0668557,0.0688878,0.0706977,0.0722923,0.0736796,0.074868,0.0758666,0.0766848,0.077332,0.0778178,0.0781518,0.0783434,0.0784019,0.0783363,0.0781554,0.0778676,0.0774811,0.0770035,0.0764425,0.0758048,0.0750974,0.0743264,0.073498,0.0726176,0.0716908,0.0707223,0.0697169,0.068679,0.0676127,0.0665217,0.0654098,0.06428,0.0631357,0.0619795,0.0608143,0.0596424,0.0584661,0.0572876,0.0561089,0.0549316,0.0537575,0.0525881,0.0514248,0.0502688,0.0491214,0.0479835,0.0468563,0.0457405,0.0446369,0.0435463,0.0424693,0.0414065,0.0403584,0.0393254,0.038308,0.0373065,0.0363212,0.0353522,0.0344,0.0334646,0.0325461,0.0316447,0.0307604,0.0298933,0.0290434,0.0282107,0.0273951,0.0265965,0.0258151,0.0250505,0.0243027,0.0235716,0.0228571,0.022159,0.0214771,0.0208112,0.0201612,0.0195269,0.018908,0.0183044,0.0177158,0.0171421,0.0165829,0.0160381,0.0155074,0.0149905,0.0144873,0.0139974,0.0135207,0.0130568,0.0126055,0.0121666,0.0117398,0.0113248,0.0109214,0.0105293,0.0101483,0.00977805,0.00941839,0.00906897,0.00872963,0.00840002,0.00807997,0.00776916,0.00746739,0.00717435,0.00688987,0.00661363,0.00634544,0.006085,0.00583214,0.00558655,0.00534806,0.00511637,0.0048913,0.00467257,0.00446,0.00425332,0.00405235,0.00385681,0.00366654,0.00348127,0.00330081,0.00312493,0.00295344,0.0027861,0.00262272,0.00246307,0.00230697,0.00215418,0.00200454,0.00185781,0.00171382,0.00157233,0.00143318,0.00129615,0.00116106,0.0010277,0.000895877,0.000765398,0.000636076,0.00050771,0.000380113,0.000253089
0,0.00555565,0.0110772,0.0165312,0.0218856,0.0271102,0.0321775,0.0370626,0.0417441,0.0462034,0.050426,0.0544001,0.0581177,0.0615734,0.064765,0.0676925,0.0703586,0.0727673,0.0749249,0.0768387,0.0785171,0.0799694,0.0812057,0.0822362,0.0830718,0.083723,0.0842008,0.0845158,0.0846785,0.0846991,0.0845877,0.0843537,0.0840064,0.0835547,0.0830069,0.0823711,0.0816549,0.0808654,0.0800095,0.0790936,0.0781236,0.0771053,0.0760439,0.0749443,0.0738114,0.0726492,0.071462,0.0702534,0.069027,0.0677859,0.0665334,0.0652719,0.0640044,0.062733,0.0614601,0.0601875,0.0589174,0.0576513,0.0563909,0.0551375,0.0538927,0.0526574,0.051433,0.0502203,0.0490203,0.0478338,0.0466616,0.0455043,0.0443625,0.0432367,0.0421275,0.0410351,0.03996,0.0389024,0.0378628,0.036841,0.0358376,0.0348524,0.0338856,0.0329373,0.0320076,0.0310964,0.0302037,0.0293294,0.0284736,0.0276361,0.0268168,0.0260155,0.0252322,0.0244666,0.0237187,0.0229882,0.022275,0.0215787,0.0208994,0.0202366,0.0195902,0.0189598,0.0183455,0.0177467,0.0171633,0.0165951,0.0160417,0.0155029,0.0149785,0.0144681,0.0139716,0.0134885,0.0130187,0.0125618,0.0121176,0.0116858,0.0112662,0.0108583,0.0104621,0.0100772,0.00970325,0.00934004,0.00898734,0.0086448,0.00831222,0.00798926,0.00767571,0.00737126,0.00707569,0.00678869,0.00651005,0.00623945,0.0059767,0.00572149,0.00547361,0.00523277,0.00499877,0.00477132,0.00455021,0.00433516,0.00412598,0.00392239,0.00372419,0.00353112,0.00334297,0.00315948,0.00298047,0.00280567,0.00263489,0.00246788,0.00230444,0.00214435,0.00198739,0.00183334,0.00168199,0.00153313,0.00138655,0.00124202,0.00109936,0.000958345,0.000818772,0.000680427,0.000543113,0.000406616,0.000270737
0,0.00608613,0.0121331,0.0181026,0.0239579,0.0296649,0.0351922,0.0405121,0.0456006,0.0504377,0.0550074,0.0592977,0.0633004,0.0670106,0.0704269,0.0735504,0.076385,0.0789365,0.0812125,0.083222,0.0849752,0.086483,0.087757,0.0888092,0.0896516,0.0902964,0.0907558,0.0910416,0.0911653,0.0911385,0.0909718,0.0906758,0.0902604,0.0897353,0.0891095,0.0883917,0.0875899,0.0867119,0.0857648,0.0847556,0.0836905,0.0825756,0.0814165,0.0802184,0.0789861,0.0777243,0.0764371,0.0751286,0.0738023,0.0724617,0.0711099,0.06975,0.0683843,0.0670157,0.0656463,0.0642783,0.0629135,0.061554,0.060201,0.0588564,0.0575214,0.0561974,0.0548852,0.0535863,0.0523012,0.0510311,0.0497765,0.0485383,0.0473169,0.0461131,0.044927,0.0437594,0.0426103,0.0414803,0.0403694,0.0392781,0.0382063,0.0371542,0.036122,0.0351096,0.0341171,0.0331445,0.0321918,0.0312589,0.0303456,0.029452,0.0285779,0.0277232,0.0268876,0.0260711,0.0252734,0.0244944,0.0237338,0.0229915,0.022267,0.0215604,0.0208712,0.0201993,0.0195443,0.0189061,0.0182843,0.0176786,0.0170888,0.0165146,0.0159557,0.0154118,0.0148826,0.0143678,0.0138671,0.0133803,0.012907,0.012447,0.0119998,0.0115653,0.0111431,0.010733,0.0103346,0.00994774,0.00957196,0.00920709,0.00885276,0.00850876,0.00817472,0.00785044,0.00753557,0.00722989,0.00693306,0.00664486,0.00636497,0.00609316,0.00582912,0.00557263,0.00532338,0.00508115,0.00484563,0.00461662,0.00439382,0.00417701,0.00396591,0.00376031,0.00355991,0.00336452,0.00317386,0.00298772,0.00280584,0.002628,0.00245394,0.00228346,0.00211631,0.00195226,0.00179109,0.00163257,0.00147647,0.00132258,0.00117066,0.0010205,0.000871871,0.000724558,0.000578334,0.000432988,0.000288294
0,0.00665618,0.0132673,0.0197893,0.0261803,0.0324013,0.0384168,0.0441959,0.0497118,0.054943,0.0598723,0.0644874,0.0687803,0.072747,0.076387,0.0797032,0.0827009,0.0853878,0.0877736,0.0898691,0.0916864,0.0932385,0.0945387,0.0956006,0.0964381,0.0970647,0.0974941,0.0977393,0.0978133,0.0977282,0.0974962,0.0971284,0.0966357,0.0960284,0.0953162,0.0945084,0.0936136,0.09264,0.0915952,0.0904865,0.0893206,0.0881037,0.0868418,0.0855403,0.0842045,0.0828389,0.081448,0.080036,0.0786067,0.0771634,0.0757098,0.0742485,0.0727825,0.0713144,0.0698466,0.0683811,0.0669201,0.0654653,0.0640185,0.0625812,0.0611549,0.0597408,0.0583401,0.0569538,0.055583,0.0542284,0.0528909,0.051571,0.0502696,0.048987,0.0477238,0.0464803,0.045257,0.0440541,0.0428719,0.0417106,0.0405703,0.0394512,0.0383533,0.0372766,0.0362213,0.0351872,0.0341744,0.0331827,0.0322121,0.0312624,0.0303336,0.0294253,0.0285376,0.0276701,0.0268228,0.0259953,0.0251874,0.0243989,0.0236296,0.0228791,0.0221473,0.0214338,0.0207384,0.0200607,0.0194006,0.0187576,0.0181315,0.0175219,0.0169286,0.0163513,0.0157896,0.0152432,0.0147118,0.0141951,0.0136928,0.0132045,0.0127301,0.0122689,0.011821,0.0113857,0.010963,0.0105525,0.0101538,0.00976659,0.00939068,0.00902565,0.00867128,0.0083272,0.00799317,0.00766883,0.00735396,0.00704818,0.00675128,0.0064629,0.00618283,0.00591071,0.00564632,0.00538934,0.00513954,0.00489659,0.00466027,0.00443027,0.00420637,0.00398826,0.00377572,0.00356846,0.00336624,0.00316879,0.00297589,0.00278725,0.00260265,0.00242182,0.00224454,0.00207054,0.00189961,0.00173148,0.00156593,0.0014027,0.00124158,0.00108232,0.000924687,0.000768445,0.000613367,0.000459213,0.000305757
0,0.00727173,0.0144914,0.0216084,0.0285745,0.0353452,0.0418805,0.0481457,0.0541113,0.0597539,0.0650556,0.070004,0.0745915,0.0788155,0.082677,0.0861807,0.0893342,0.0921475,0.0946323,0.0968021,0.0986712,0.100254,0.101567,0.102626,0.103445,0.10404,0.104427,0.104619,0.104631,0.104476,0.104168,0.103718,0.103138,0.102439,0.101631,0.100725,0.0997293,0.0986528,0.0975033,0.0962886,0.0950157,0.0936912,0.0923212,0.0909116,0.0894674,0.0879939,0.0864953,0.0849762,0.0834403,0.0818914,0.0803328,0.0787677,0.0771988,0.075629,0.0740605,0.0724957,0.0709366,0.0693851,0.0678429,0.0663117,0.0647927,0.0632875,0.061797,0.0603226,0.058865,0.0574252,0.0560039,0.0546019,0.0532197,0.051858,0.0505171,0.0491975,0.0478995,0.0466235,0.0453696,0.0441381,0.0429291,0.0417427,0.040579,0.039438,0.0383197,0.0372241,0.0361511,0.0351007,0.0340726,0.0330669,0.0320832,0.0311216,0.0301816,0.0292633,0.0283663,0.0274904,0.0266352,0.0258008,0.0249866,0.0241925,0.023418,0.0226631,0.0219273,0.0212104,0.0205119,0.0198317,0.0191693,0.0185246,0.017897,0.0172863,0.0166922,0.0161144,0.0155523,0.0150059,0.0144747,0.0139584,0.0134566,0.012969,0.0124953,0.0120352,0.0115882,0.0111541,0.0107325,0.0103232,0.00992572,0.00953984,0.00916516,0.00880144,0.00844828,0.00810544,0.00777254,0.00744933,0.00713545,0.00683064,0.00653455,0.00624694,0.00596745,0.00569585,0.00543178,0.00517501,0.0049252,0.00468213,0.00444545,0.00421495,0.00399029,0.00377125,0.00355751,0.00334885,0.00314495,0.0029456,0.00275049,0.0025594,0.00237203,0.00218815,0.00200749,0.00182982,0.00165485,0.00148236,0.00131208,0.00114378,0.000977192,0.000812082,0.000648194,0.00048529,0.000323117
0,0.00793976,0.0158192,0.0235797,0.0311659,0.0385268,0.0456172,0.0523981,0.0588374,0.0649098,0.0705968,0.0758863,0.0807718,0.0852522,0.089331,0.0930151,0.0963148,0.099243,0.101814,0.104044,0.10595,0.10755,0.10886,0.1099,0.110686,0.111235,0.111565,0.11169,0.111627,0.11139,0.110993,0.11045,0.109772,0.108971,0.108059,0.107045,0.10594,0.104753,0.103491,0.102164,0.100777,0.0993393,0.0978558,0.0963327,0.0947757,0.0931896,0.0915794,0.0899493,0.0883035,0.0866456,0.0849792,0.0833074,0.0816332,0.0799592,0.078288,0.0766218,0.0749628,0.0733129,0.0716738,0.0700471,0.0684343,0.0668367,0.0652556,0.0636919,0.0621467,0.0606208,0.0591152,0.0576303,0.0561669,0.0547254,0.0533064,0.0519102,0.0505373,0.0491877,0.0478619,0.04656,0.0452821,0.0440282,0.0427986,0.0415931,0.0404118,0.0392545,0.0381214,0.0370121,0.0359266,0.0348648,0.0338264,0.0328113,0.0318193,0.0308501,0.0299035,0.0289792,0.028077,0.0271966,0.0263377,0.0254999,0.024683,0.0238867,0.0231107,0.0223545,0.0216179,0.0209006,0.0202022,0.0195222,0.0188605,0.0182166,0.0175903,0.016981,0.0163886,0.0158125,0.0152525,0.0147082,0.0141793,0.0136653,0.013166,0.012681,0.0122099,0.0117524,0.0113081,0.0108766,0.0104578,0.0100511,0.00965627,0.00927293,0.00890081,0.0085395,0.00818873,0.00784812,0.00751741,0.0071962,0.00688425,0.00658117,0.00628671,0.0060005,0.0057223,0.00545174,0.00518858,0.00493245,0.00468312,0.00444025,0.00420358,0.00397279,0.00374764,0.00352779,0.00331301,0.00310297,0.00289744,0.00269612,0.00249874,0.00230503,0.00211473,0.00192754,0.00174324,0.00156153,0.00138216,0.00120486,0.00102938,0.000855445,0.000682809,0.000511202,0.000340372
0,0.00866856,0.0172669,0.0257269,0.0339845,0.0419814,0.0496662,0.0569955,0.0639342,0.0704554,0.0765404,0.0821777,0.0873628,0.0920969,0.0963861,0.100241,0.103675,0.106703,0.109345,0.111619,0.113545,0.115144,0.116435,0.117438,0.118174,0.118661,0.118918,0.118962,0.118809,0.118477,0.117979,0.117329,0.116541,0.115628,0.114601,0.113471,0.112248,0.110941,0.10956,0.108113,0.106607,0.105049,0.103446,0.101804,0.100129,0.0984265,0.0967003,0.0949554,0.093196,0.0914259,0.0896485,0.0878673,0.086085,0.0843046,0.0825284,0.0807589,0.0789981,0.0772481,0.0755105,0.073787,0.072079,0.070388,0.068715,0.0670612,0.0654275,0.0638149,0.062224,0.0606557,0.0591103,0.0575887,0.0560911,0.054618,0.0531696,0.0517463,0.0503482,0.0489757,0.0476286,0.0463073,0.0450115,0.0437414,0.0424969,0.0412781,0.0400846,0.0389166,0.0377736,0.0366558,0.0355626,0.0344942,0.0334501,0.0324301,0.031434,0.0304615,0.0295122,0.0285859,0.0276823,0.0268011,0.0259418,0.0251043,0.0242881,0.0234929,0.0227183,0.021964,0.0212295,0.0205147,0.0198189,0.019142,0.0184834,0.017843,0.0172201,0.0166146,0.0160259,0.0154538,0.0148978,0.0143576,0.0138328,0.0133231,0.0128279,0.0123471,0.0118802,0.0114268,0.0109866,0.0105593,0.0101444,0.0097416,0.00935054,0.00897093,0.00860233,0.00824448,0.00789696,0.00755951,0.00723172,0.00691333,0.00660393,0.00630327,0.00601096,0.00572675,0.00545024,0.0051812,0.00491925,0.00466413,0.00441548,0.00417306,0.00393652,0.00370559,0.00347995,0.00325934,0.00304343,0.00283196,0.00262462,0.00242115,0.00222124,0.00202464,0.00183104,0.00164018,0.00145177,0.00126554,0.00108122,0.000898528,0.000717192,0.000536947,0.000357511
0,0.00946808,0.0188539,0.0280779,0.0370658,0.0457505,0.0540737,0.0619871,0.0694525,0.0764418,0.0829365,0.0889269,0.0944108,0.0993927,0.103883,0.107895,0.111447,0.114559,0.117253,0.119551,0.121477,0.123055,0.124306,0.125255,0.125922,0.126329,0.126496,0.126442,0.126185,0.125742,0.125129,0.12436,0.123451,0.122414,0.121262,0.120005,0.118655,0.11722,0.115712,0.114137,0.112504,0.11082,0.109092,0.107327,0.105529,0.103704,0.101858,0.099994,0.0981174,0.0962316,0.0943403,0.0924466,0.0905538,0.0886644,0.0867811,0.0849062,0.0830419,0.08119,0.0793524,0.0775306,0.0757262,0.0739404,0.0721746,0.0704296,0.0687067,0.0670063,0.0653297,0.0636771,0.0620495,0.060447,0.0588705,0.0573199,0.0557959,0.0542984,0.052828,0.0513845,0.0499682,0.048579,0.0472171,0.0458823,0.0445747,0.043294,0.0420404,0.0408134,0.0396131,0.0384391,0.0372914,0.0361696,0.0350735,0.0340028,0.0329573,0.0319366,0.0309404,0.0299684,0.0290203,0.0280956,0.0271942,0.0263155,0.0254593,0.0246251,0.0238127,0.0230214,0.0222512,0.0215014,0.0207719,0.0200619,0.0193714,0.0186998,0.0180468,0.0174118,0.0167947,0.0161949,0.015612,0.0150457,0.0144956,0.0139612,0.0134422,0.0129381,0.0124487,0.0119735,0.0115121,0.0110642,0.0106294,0.0102072,0.00979739,0.00939951,0.00901326,0.0086382,0.00827405,0.00792039,0.00757692,0.00724324,0.00691906,0.00660398,0.00629771,0.00599987,0.00571017,0.00542824,0.00515379,0.00488646,0.00462596,0.00437194,0.00412413,0.00388216,0.00364577,0.00341461,0.00318842,0.00296685,0.00274964,0.00253646,0.00232704,0.00212105,0.00191824,0.00171828,0.0015209,0.0013258,0.0011327,0.000941306,0.000751341,0.000562509,0.000374533
0,0.0103504,0.0206038,0.0306667,0.0404524,0.0498836,0.0588942,0.0674303,0.075451,0.0829275,0.0898422,0.0961882,0.101967,0.107187,0.111864,0.116017,0.119668,0.122842,0.125565,0.127865,0.129768,0.131302,0.132492,0.133364,0.133942,0.13425,0.134308,0.134139,0.13376,0.133191,0.132448,0.131547,0.130504,0.129331,0.128042,0.126648,0.125161,0.123591,0.121946,0.120237,0.11847,0.116653,0.114794,0.112899,0.110973,0.109022,0.107051,0.105065,0.103067,0.101062,0.0990536,0.0970448,0.0950386,0.093038,0.0910452,0.089063,0.0870931,0.0851377,0.0831985,0.0812771,0.0793749,0.0774934,0.0756335,0.0737965,0.0719832,0.0701946,0.0684313,0.0666941,0.0649834,0.0632998,0.0616436,0.0600154,0.0584153,0.0568436,0.0553003,0.0537858,0.0523,0.050843,0.0494147,0.0480152,0.0466443,0.045302,0.0439879,0.0427022,0.0414444,0.0402146,0.0390122,0.0378372,0.0366891,0.0355678,0.0344729,0.0334042,0.0323611,0.0313435,0.0303509,0.0293831,0.0284395,0.0275199,0.0266238,0.0257509,0.0249006,0.0240728,0.0232668,0.0224824,0.021719,0.0209763,0.0202539,0.0195514,0.0188682,0.0182041,0.0175585,0.0169312,0.0163216,0.0157293,0.0151539,0.0145951,0.0140523,0.0135252,0.0130134,0.0125165,0.0120341,0.0115657,0.011111,0.0106696,0.0102411,0.00982517,0.0094213,0.00902922,0.00864847,0.00827877,0.00791966,0.00757086,0.00723193,0.00690258,0.00658239,0.00627108,0.00596822,0.00567353,0.00538663,0.00510721,0.0048349,0.0045694,0.00431035,0.00405746,0.00381036,0.00356877,0.00333234,0.00310078,0.00287374,0.00265094,0.00243205,0.00221677,0.00200479,0.00179581,0.00158951,0.00138562,0.0011838,0.000983774,0.000785233,0.000587886,0.000391428
0,0.0113303,0.0225452,0.0335344,0.0441959,0.0544402,0.0641923,0.0733929,0.0819982,0.0899797,0.0973222,0.104023,0.110088,0.115533,0.120378,0.124648,0.128374,0.131584,0.134311,0.136585,0.13844,0.139904,0.141008,0.14178,0.142246,0.142432,0.142362,0.142057,0.141539,0.140828,0.13994,0.138892,0.137701,0.13638,0.134943,0.133402,0.131768,0.130052,0.128263,0.126411,0.124503,0.122548,0.120551,0.11852,0.116461,0.114379,0.112279,0.110166,0.108044,0.105916,0.103788,0.101661,0.0995385,0.097424,0.0953198,0.093228,0.0911509,0.0890902,0.0870479,0.0850253,0.0830242,0.0810456,0.0790908,0.0771607,0.0752564,0.0733786,0.0715281,0.0697054,0.0679113,0.066146,0.06441,0.0627036,0.0610272,0.0593807,0.0577646,0.0561788,0.0546234,0.0530983,0.0516037,0.0501393,0.0487052,0.047301,0.0459268,0.0445822,0.0432672,0.0419813,0.0407244,0.0394961,0.0382963,0.0371245,0.0359804,0.0348637,0.033774,0.0327109,0.0316741,0.0306631,0.0296776,0.0287171,0.0277813,0.0268697,0.0259819,0.0251174,0.024276,0.023457,0.0226601,0.0218847,0.0211307,0.0203973,0.0196843,0.018991,0.0183173,0.0176625,0.0170263,0.0164082,0.0158078,0.0152245,0.0146582,0.0141082,0.0135742,0.0130557,0.0125523,0.0120636,0.0115892,0.0111287,0.0106817,0.0102477,0.00982639,0.00941732,0.00902017,0.00863446,0.00825989,0.00789601,0.0075425,0.00719892,0.00686496,0.0065402,0.00622434,0.00591694,0.00561772,0.00532626,0.00504227,0.00476534,0.00449518,0.0042314,0.00397371,0.00372173,0.00347517,0.00323365,0.00299689,0.00276452,0.00253625,0.00231174,0.00209068,0.00187273,0.0016576,0.00144496,0.0012345,0.00102591,0.000818865,0.000613062,0.000408193
0,0.012426,0.0247137,0.0367314,0.0483587,0.0594918,0.0700455,0.0799547,0.0891739,0.0976759,0.10545,0.112499,0.118836,0.124485,0.129473,0.133834,0.137604,0.140819,0.143518,0.145737,0.147512,0.148878,0.149867,0.150513,0.150842,0.150884,0.150663,0.150204,0.149528,0.148656,0.147606,0.146397,0.145044,0.143562,0.141965,0.140265,0.138475,0.136604,0.134662,0.132659,0.130603,0.128502,0.126362,0.12419,0.121992,0.119774,0.117541,0.115297,0.113046,0.110793,0.108541,0.106293,0.104052,0.101821,0.0996033,0.0974002,0.0952138,0.0930463,0.0908992,0.0887744,0.0866729,0.0845962,0.0825453,0.0805214,0.0785251,0.0765575,0.074619,0.0727105,0.0708322,0.0689848,0.0671685,0.0653837,0.0636305,0.0619093,0.06022,0.0585628,0.0569376,0.0553445,0.0537833,0.0522541,0.0507566,0.0492908,0.0478562,0.046453,0.0450805,0.0437389,0.0424275,0.0411462,0.0398946,0.0386724,0.0374792,0.0363147,0.0351784,0.03407,0.032989,0.0319351,0.0309078,0.0299067,0.0289313,0.0279813,0.027056,0.0261553,0.0252784,0.024425,0.0235947,0.022787,0.0220013,0.0212373,0.0204945,0.0197724,0.0190706,0.0183886,0.0177259,0.0170821,0.0164568,0.0158494,0.0152596,0.0146868,0.0141307,0.0135908,0.0130666,0.0125578,0.0120638,0.0115843,0.0111188,0.010667,0.0102283,0.00980245,0.00938892,0.00898741,0.00859742,0.00821863,0.00785058,0.00749294,0.00714526,0.00680723,0.00647839,0.00615844,0.00584694,0.00554358,0.00524794,0.00495971,0.00467849,0.00440395,0.00413571,0.00387347,0.00361681,0.00336546,0.00311902,0.00287719,0.00263959,0.00240594,0.00217585,0.00194903,0.00172513,0.00150383,0.00128479,0.0010677,0.000852217,0.000638035,0.000424817
0,0.0136605,0.0271536,0.0403204,0.0530182,0.0651258,0.0765468,0.0872106,0.0970714,0.106106,0.114309,0.121693,0.128281,0.134105,0.139204,0.14362,0.147397,0.150581,0.153215,0.155342,0.157004,0.158239,0.159084,0.159574,0.15974,0.159612,0.159217,0.158581,0.157727,0.156676,0.155449,0.154062,0.152533,0.150877,0.149107,0.147238,0.14528,0.143245,0.141142,0.13898,0.136768,0.134514,0.132225,0.129906,0.127565,0.125206,0.122835,0.120455,0.118073,0.11569,0.113311,0.11094,0.108578,0.106229,0.103895,0.101578,0.0992806,0.0970045,0.0947514,0.0925227,0.0903198,0.0881438,0.085996,0.0838771,0.0817882,0.0797299,0.077703,0.0757079,0.0737452,0.0718152,0.0699183,0.0680547,0.0662247,0.0644282,0.0626657,0.0609368,0.0592418,0.0575805,0.0559529,0.0543587,0.052798,0.0512703,0.0497757,0.0483136,0.0468841,0.0454865,0.0441209,0.0427865,0.0414834,0.0402109,0.0389689,0.0377566,0.036574,0.0354204,0.0342955,0.0331988,0.0321299,0.0310883,0.0300736,0.0290852,0.0281228,0.0271857,0.0262737,0.0253861,0.0245226,0.0236825,0.0228656,0.0220711,0.0212987,0.0205479,0.0198182,0.0191091,0.0184202,0.0177509,0.0171008,0.0164694,0.0158563,0.0152609,0.0146828,0.0141216,0.0135768,0.0130479,0.0125345,0.0120362,0.0115524,0.0110828,0.010627,0.0101844,0.00975469,0.0093374,0.00893219,0.00853854,0.00815613,0.00778447,0.00742325,0.00707198,0.00673033,0.00639787,0.00607425,0.00575903,0.0054519,0.00515241,0.00486026,0.00457501,0.00429636,0.00402388,0.00375727,0.00349612,0.00324012,0.00298887,0.00274206,0.00249931,0.0022603,0.00202467,0.00179208,0.00156218,0.00133465,0.00110912,0.000885286,0.000662788,0.000441301
0,0.015063,0.0299208,0.0443803,0.0582704,0.0714495,0.0838091,0.095274,0.1058,0.115372,0.123993,0.13169,0.138496,0.144458,0.149626,0.154054,0.157795,0.160903,0.16343,0.165425,0.166935,0.168003,0.16867,0.168973,0.168946,0.168621,0.168028,0.167193,0.166139,0.164891,0.163467,0.161886,0.160166,0.158322,0.156368,0.154318,0.152182,0.149973,0.147699,0.145371,0.142996,0.140583,0.138137,0.135666,0.133176,0.130672,0.128158,0.12564,0.123121,0.120606,0.118098,0.1156,0.113114,0.110644,0.108192,0.10576,0.10335,0.100964,0.0986028,0.096269,0.0939634,0.0916872,0.0894413,0.0872269,0.0850445,0.082895,0.0807789,0.0786969,0.0766491,0.0746362,0.0726582,0.0707157,0.0688084,0.0669368,0.0651006,0.0633002,0.0615352,0.0598057,0.0581115,0.0564525,0.0548284,0.0532392,0.0516843,0.0501637,0.0486769,0.0472238,0.0458038,0.0444168,0.0430621,0.0417396,0.0404487,0.0391891,0.0379601,0.0367616,0.0355929,0.0344537,0.0333433,0.0322614,0.0312075,0.0301811,0.0291815,0.0282086,0.0272615,0.02634,0.0254434,0.0245713,0.0237231,0.0228984,0.0220966,0.0213173,0.0205598,0.0198239,0.0191088,0.0184142,0.0177395,0.0170843,0.016448,0.0158302,0.0152303,0.014648,0.0140827,0.013534,0.0130013,0.0124842,0.0119823,0.0114951,0.0110222,0.0105631,0.0101173,0.00968441,0.009264,0.0088557,0.00845897,0.00807349,0.00769875,0.00733443,0.00698002,0.00663521,0.00629951,0.0059726,0.00565401,0.00534342,0.00504038,0.00474457,0.00445554,0.00417297,0.00389644,0.00362563,0.00336011,0.00309956,0.00284359,0.00259186,0.00234398,0.00209963,0.00185841,0.00162001,0.00138404,0.00115018,0.000918049,0.000687321,0.000457632
0,0.0166714,0.0330878,0.0490116,0.0642362,0.078596,0.0919698,0.10428,0.11549,0.125593,0.13461,0.142583,0.149563,0.155613,0.160798,0.165183,0.168835,0.171816,0.174188,0.176005,0.17732,0.178181,0.178632,0.178714,0.178464,0.177914,0.177096,0.176037,0.174763,0.173297,0.171659,0.169868,0.167942,0.165896,0.163745,0.161502,0.159178,0.156785,0.154332,0.151829,0.149284,0.146704,0.144097,0.141468,0.138824,0.136169,0.133509,0.130848,0.12819,0.125539,0.122898,0.12027,0.117659,0.115065,0.112493,0.109944,0.107419,0.104922,0.102452,0.100012,0.0976024,0.0952248,0.0928802,0.0905692,0.0882927,0.0860513,0.0838456,0.0816759,0.0795429,0.0774466,0.0753875,0.0733655,0.071381,0.0694338,0.0675242,0.0656518,0.0638169,0.0620191,0.0602585,0.0585345,0.0568473,0.0551963,0.0535815,0.0520023,0.0504587,0.0489499,0.047476,0.0460362,0.0446303,0.0432578,0.0419184,0.0406113,0.0393365,0.0380931,0.0368809,0.0356992,0.0345476,0.0334256,0.0323328,0.0312684,0.0302321,0.0292233,0.0282415,0.0272862,0.0263568,0.0254528,0.0245737,0.0237188,0.0228879,0.0220802,0.0212953,0.0205326,0.0197917,0.0190719,0.0183728,0.0176939,0.0170347,0.0163945,0.0157731,0.0151698,0.0145842,0.0140157,0.0134639,0.0129282,0.0124084,0.0119037,0.0114139,0.0109383,0.0104766,0.0100282,0.00959283,0.0091699,0.00875907,0.0083598,0.00797175,0.00759441,0.00722742,0.0068703,0.0065227,0.00618413,0.00585426,0.00553261,0.00521884,0.0049125,0.00461324,0.00432063,0.00403432,0.00375389,0.00347898,0.00320919,0.00294417,0.00268351,0.00242687,0.00217386,0.00192413,0.00167728,0.00143298,0.00119083,0.000950505,0.000711615,0.00047381
0,0.0185353,0.0367488,0.0543439,0.0710695,0.0867318,0.101198,0.114393,0.12629,0.136905,0.146279,0.154475,0.16157,0.167642,0.172777,0.177055,0.180555,0.183351,0.185511,0.187099,0.188172,0.188782,0.188978,0.188803,0.188296,0.187491,0.186421,0.185114,0.183597,0.181892,0.180021,0.178003,0.175856,0.173594,0.171233,0.168786,0.166264,0.163677,0.161037,0.158351,0.155628,0.152876,0.1501,0.147308,0.144505,0.141695,0.138884,0.136077,0.133276,0.130486,0.127709,0.12495,0.122209,0.119491,0.116796,0.114128,0.111488,0.108877,0.106297,0.103749,0.101235,0.0987553,0.0963108,0.0939027,0.0915313,0.0891975,0.0869016,0.0846441,0.0824252,0.0802454,0.0781046,0.0760032,0.0739411,0.0719184,0.069935,0.067991,0.066086,0.06422,0.0623928,0.0606041,0.0588537,0.0571413,0.0554664,0.053829,0.0522283,0.0506644,0.0491364,0.0476442,0.0461872,0.044765,0.0433771,0.0420231,0.0407023,0.0394144,0.0381587,0.036935,0.0357424,0.0345806,0.0334489,0.0323469,0.031274,0.0302297,0.0292133,0.0282244,0.0272624,0.0263267,0.0254168,0.0245322,0.0236722,0.0228364,0.0220242,0.021235,0.0204683,0.0197236,0.0190003,0.018298,0.0176159,0.0169537,0.0163108,0.0156868,0.0150809,0.0144929,0.0139221,0.0133681,0.0128304,0.0123085,0.0118018,0.0113099,0.0108324,0.0103687,0.00991845,0.00948112,0.00905622,0.00864338,0.00824206,0.0078519,0.00747238,0.00710314,0.00674368,0.00639363,0.00605251,0.00571996,0.00539551,0.0050788,0.00476936,0.00446685,0.00417081,0.00388089,0.00359665,0.00331774,0.00304373,0.00277426,0.00250893,0.00224737,0.00198917,0.00173399,0.00148141,0.00123109,0.000982631,0.00073567,0.000489824
0,0.0207216,0.0410295,0.060548,0.0789689,0.0960671,0.111701,0.125807,0.13838,0.149463,0.159132,0.167478,0.174605,0.180619,0.185623,0.189716,0.192991,0.195533,0.197419,0.19872,0.199499,0.199812,0.19971,0.199239,0.19844,0.197349,0.195999,0.194419,0.192635,0.190671,0.188549,0.186287,0.183903,0.181412,0.178829,0.176166,0.173434,0.170646,0.167809,0.164933,0.162025,0.159093,0.156144,0.153183,0.150215,0.147247,0.144281,0.141323,0.138376,0.135444,0.132529,0.129635,0.126764,0.123918,0.1211,0.118311,0.115553,0.112827,0.110136,0.107479,0.10486,0.102277,0.0997318,0.0972257,0.094759,0.0923321,0.0899457,0.0875998,0.0852949,0.0830311,0.0808087,0.0786275,0.0764879,0.0743895,0.0723324,0.0703164,0.0683416,0.0664073,0.0645137,0.0626603,0.0608469,0.059073,0.0573385,0.0556427,0.0539855,0.0523662,0.0507846,0.0492401,0.0477323,0.0462605,0.0448245,0.0434235,0.0420572,0.0407249,0.0394262,0.0381604,0.0369272,0.0357257,0.0345556,0.0334161,0.0323069,0.0312271,0.0301765,0.0291542,0.0281599,0.0271927,0.0262524,0.0253381,0.0244494,0.0235856,0.0227463,0.0219308,0.0211387,0.0203692,0.0196219,0.0188962,0.0181916,0.0175075,0.0168434,0.0161986,0.0155729,0.0149654,0.0143759,0.0138036,0.0132483,0.0127091,0.0121859,0.0116778,0.0111847,0.0107058,0.0102408,0.00978915,0.00935041,0.00892403,0.00850965,0.00810672,0.00771486,0.00733355,0.00696242,0.00660094,0.00624875,0.00590536,0.00557039,0.00524335,0.00492389,0.00461153,0.00430591,0.00400656,0.00371312,0.00342514,0.00314227,0.00286405,0.00259014,0.00232009,0.00205355,0.00179009,0.00152935,0.00127092,0.00101443,0.000759469,0.000505672
0,0.0233225,0.046101,0.0678516,0.088194,0.10687,0.123738,0.138758,0.151965,0.163444,0.173314,0.181707,0.188762,0.194614,0.199389,0.203205,0.206171,0.208382,0.209925,0.210876,0.211305,0.21127,0.210825,0.210019,0.208892,0.207483,0.205824,0.203945,0.201871,0.199628,0.197236,0.194713,0.192077,0.189343,0.186525,0.183635,0.180685,0.177684,0.174643,0.171568,0.168469,0.165352,0.162223,0.159088,0.155952,0.15282,0.149696,0.146584,0.143488,0.14041,0.137355,0.134324,0.131319,0.128344,0.1254,0.122489,0.119612,0.116771,0.113967,0.111201,0.108474,0.105787,0.103141,0.100537,0.097974,0.0954538,0.0929762,0.0905418,0.0881505,0.0858027,0.0834983,0.0812375,0.07902,0.076846,0.0747151,0.0726274,0.0705825,0.0685802,0.0666202,0.0647023,0.0628259,0.0609909,0.0591966,0.0574429,0.0557291,0.054055,0.0524198,0.0508233,0.0492647,0.0477438,0.0462597,0.0448123,0.0434005,0.0420243,0.0406826,0.0393753,0.0381014,0.0368606,0.0356522,0.0344756,0.0333302,0.0322155,0.0311307,0.0300754,0.0290489,0.0280506,0.0270799,0.0261362,0.025219,0.0243276,0.0234613,0.0226198,0.0218023,0.0210084,0.0202372,0.0194885,0.0187615,0.0180557,0.0173704,0.0167054,0.0160597,0.0154331,0.0148249,0.0142347,0.0136617,0.0131057,0.0125659,0.0120419,0.0115332,0.0110394,0.0105598,0.010094,0.00964142,0.00920174,0.00877435,0.00835886,0.00795471,0.00756153,0.00717877,0.00680605,0.00644284,0.00608878,0.00574334,0.00540615,0.00507672,0.00475466,0.00443951,0.00413087,0.00382829,0.00353139,0.00323971,0.00295288,0.00267044,0.00239203,0.00211721,0.00184559,0.00157675,0.00131032,0.00104587,0.00078301,0.000521343
0,0.0264681,0.0522017,0.0765656,0.0990888,0.119483,0.137627,0.153528,0.167282,0.17904,0.188979,0.197283,0.204132,0.209694,0.214123,0.217556,0.220117,0.221911,0.223035,0.223569,0.223587,0.223152,0.222318,0.221135,0.219644,0.217883,0.215886,0.213682,0.211297,0.208753,0.206072,0.203272,0.200369,0.197379,0.194314,0.191187,0.188008,0.184786,0.181532,0.178253,0.174956,0.171647,0.168333,0.165019,0.16171,0.15841,0.155124,0.151855,0.148606,0.145381,0.142183,0.139012,0.135873,0.132767,0.129695,0.12666,0.123663,0.120705,0.117787,0.114911,0.112077,0.109285,0.106538,0.103834,0.101175,0.0985607,0.0959919,0.0934685,0.0909908,0.0885586,0.0861723,0.0838315,0.0815364,0.0792866,0.0770822,0.0749226,0.0728079,0.0707376,0.0687115,0.066729,0.06479,0.0628938,0.0610403,0.0592287,0.0574588,0.0557298,0.0540415,0.052393,0.0507842,0.0492141,0.0476825,0.0461886,0.0447319,0.0433117,0.0419276,0.0405787,0.0392647,0.0379848,0.0367384,0.0355249,0.0343437,0.0331941,0.0320756,0.0309874,0.0299291,0.0288998,0.0278991,0.0269263,0.0259808,0.0250619,0.0241691,0.0233017,0.0224592,0.0216408,0.0208462,0.0200745,0.0193253,0.018598,0.017892,0.0172066,0.0165414,0.0158958,0.0152692,0.014661,0.0140708,0.0134978,0.0129418,0.012402,0.011878,0.0113692,0.0108752,0.0103953,0.00992925,0.00947631,0.00903613,0.00860813,0.00819191,0.00778691,0.00739272,0.00700881,0.00663477,0.00627009,0.00591436,0.00556707,0.00522783,0.00489614,0.00457161,0.00425375,0.00394218,0.00363641,0.00333606,0.00304067,0.00274985,0.00246313,0.00218015,0.00190044,0.00162362,0.00134926,0.00107695,0.000806277,0.000536837
0,0.0303491,0.0596738,0.0871226,0.112115,0.134352,0.153765,0.17045,0.184602,0.196463,0.206287,0.214322,0.220797,0.225917,0.229863,0.232792,0.23484,0.236125,0.236747,0.236793,0.236338,0.235447,0.234176,0.232574,0.230682,0.228538,0.226174,0.22362,0.220899,0.218035,0.215048,0.211955,0.208771,0.205511,0.202188,0.198813,0.195395,0.191945,0.188471,0.18498,0.181478,0.177972,0.174468,0.170971,0.167485,0.164014,0.160562,0.157133,0.153729,0.150354,0.147009,0.143698,0.140422,0.137183,0.133983,0.130822,0.127704,0.124628,0.121595,0.118608,0.115665,0.112769,0.109918,0.107115,0.10436,0.101651,0.098991,0.0963786,0.0938141,0.0912977,0.0888292,0.0864086,0.0840357,0.0817104,0.0794322,0.0772011,0.0750166,0.0728786,0.0707863,0.0687397,0.0667381,0.0647813,0.0628684,0.0609994,0.0591734,0.05739,0.0556486,0.0539488,0.0522897,0.050671,0.0490919,0.0475521,0.0460505,0.0445869,0.0431604,0.0417705,0.0404165,0.0390979,0.0378137,0.0365637,0.0353469,0.0341628,0.0330107,0.03189,0.0308,0.0297401,0.0287096,0.027708,0.0267343,0.0257883,0.0248691,0.0239762,0.0231087,0.0222664,0.0214483,0.0206541,0.0198829,0.0191343,0.0184076,0.0177023,0.0170176,0.0163532,0.0157083,0.0150825,0.0144751,0.0138856,0.0133133,0.012758,0.0122187,0.0116953,0.0111869,0.0106933,0.0102137,0.00974772,0.00929481,0.00885453,0.00842629,0.00800967,0.00760412,0.00720921,0.0068244,0.00644929,0.00608332,0.00572611,0.00537712,0.00503596,0.00470211,0.00437519,0.00405468,0.00374019,0.00343124,0.00312743,0.00282828,0.0025334,0.00224232,0.00195464,0.00166992,0.00138774,0.00110766,0.000829269,0.000552142
0,0.0352552,0.0690231,0.100138,0.127901,0.152047,0.172634,0.189911,0.20422,0.215929,0.225392,0.23293,0.238826,0.243324,0.24663,0.248919,0.250339,0.251013,0.251048,0.250531,0.24954,0.248139,0.246382,0.244319,0.241989,0.23943,0.236672,0.233742,0.230665,0.227461,0.224151,0.220749,0.217271,0.213729,0.210137,0.206504,0.20284,0.199153,0.195451,0.191741,0.18803,0.184322,0.180623,0.176938,0.173271,0.169625,0.166005,0.162412,0.158851,0.155323,0.151831,0.148377,0.144962,0.141589,0.138259,0.134972,0.131731,0.128536,0.125389,0.122289,0.119237,0.116235,0.113282,0.110379,0.107527,0.104724,0.101972,0.0992701,0.096619,0.0940182,0.0914677,0.0889672,0.0865168,0.0841158,0.0817643,0.0794617,0.0772078,0.0750019,0.072844,0.0707333,0.0686696,0.066652,0.0646804,0.062754,0.0608724,0.0590347,0.0572408,0.0554896,0.0537808,0.0521137,0.0504876,0.0489019,0.047356,0.0458491,0.0443807,0.04295,0.0415564,0.0401992,0.0388778,0.0375913,0.0363394,0.035121,0.0339357,0.0327827,0.0316615,0.0305711,0.0295112,0.0284808,0.0274796,0.0265065,0.0255612,0.0246429,0.023751,0.0228847,0.0220436,0.0212269,0.020434,0.0196643,0.0189172,0.018192,0.0174883,0.0168052,0.0161423,0.0154989,0.0148746,0.0142686,0.0136805,0.0131096,0.0125554,0.0120174,0.0114949,0.0109875,0.0104947,0.0100158,0.00955037,0.00909786,0.00865783,0.00822966,0.00781295,0.00740711,0.00701172,0.00662623,0.00625022,0.00588314,0.00552459,0.00517401,0.00483102,0.00449508,0.0041658,0.00384266,0.00352525,0.00321308,0.00290575,0.00260277,0.00230373,0.00200816,0.00171564,0.00142572,0.00113798,0.000851968,0.000567258
0,0.0416492,0.081027,0.116509,0.147306,0.173306,0.194818,0.212345,0.226444,0.237648,0.246428,0.253188,0.258264,0.261934,0.264426,0.265928,0.266595,0.266555,0.265913,0.264759,0.263167,0.2612,0.258912,0.256347,0.253544,0.250539,0.247359,0.244031,0.240577,0.237016,0.233366,0.229641,0.225856,0.222022,0.21815,0.214251,0.210332,0.206401,0.202465,0.198531,0.194604,0.190689,0.186792,0.182915,0.179063,0.17524,0.171448,0.16769,0.163968,0.160286,0.156644,0.153046,0.149491,0.145982,0.142521,0.139107,0.135743,0.132428,0.129164,0.125952,0.122791,0.119683,0.116627,0.113624,0.110674,0.107777,0.104933,0.102142,0.0994039,0.0967188,0.0940863,0.0915062,0.0889781,0.0865019,0.084077,0.0817032,0.0793799,0.0771068,0.0748832,0.072709,0.0705831,0.0685055,0.0664752,0.0644919,0.0625547,0.0606634,0.0588169,0.057015,0.0552567,0.0535416,0.0518687,0.0502377,0.0486476,0.0470979,0.0455878,0.0441167,0.0426838,0.0412885,0.0399299,0.0386076,0.0373206,0.0360684,0.0348501,0.0336653,0.0325129,0.0313926,0.0303034,0.0292448,0.0282159,0.0272163,0.0262451,0.0253017,0.0243854,0.0234957,0.0226316,0.0217928,0.0209784,0.0201879,0.0194206,0.0186759,0.017953,0.0172516,0.0165708,0.0159102,0.0152691,0.0146469,0.014043,0.0134568,0.0128878,0.0123354,0.011799,0.0112781,0.0107721,0.0102805,0.00980262,0.00933813,0.00888635,0.00844686,0.00801905,0.00760249,0.00719659,0.00680093,0.00641493,0.00603818,0.00567011,0.0053103,0.00495822,0.00461345,0.00427545,0.00394381,0.00361801,0.00329764,0.00298219,0.00267125,0.00236432,0.00206098,0.00176076,0.00146322,0.0011679,0.000874374,0.000582173
0,0.0503156,0.0969284,0.137567,0.17151,0.199058,0.220991,0.238212,0.25157,0.261798,0.269494,0.275139,0.279117,0.281731,0.283222,0.283783,0.283571,0.282711,0.281305,0.27944,0.277186,0.2746,0.271734,0.268629,0.265321,0.261841,0.258216,0.254467,0.250617,0.246681,0.242677,0.238616,0.234512,0.230376,0.226216,0.222041,0.21786,0.213679,0.209503,0.20534,0.201193,0.197067,0.192966,0.188895,0.184855,0.180851,0.176885,0.172959,0.169076,0.165237,0.161445,0.1577,0.154004,0.150359,0.146765,0.143223,0.139735,0.1363,0.13292,0.129594,0.126324,0.123109,0.11995,0.116847,0.113799,0.110808,0.107872,0.104992,0.102167,0.0993978,0.0966835,0.0940238,0.0914186,0.0888671,0.0863693,0.0839244,0.0815322,0.0791919,0.0769032,0.0746654,0.0724781,0.0703404,0.068252,0.0662119,0.0642199,0.0622749,0.0603766,0.0585241,0.0567168,0.0549538,0.0532347,0.0515586,0.0499248,0.0483325,0.0467813,0.04527,0.0437982,0.042365,0.0409699,0.0396118,0.0382903,0.0370044,0.0357537,0.0345371,0.0333541,0.0322039,0.0310859,0.0299992,0.0289433,0.0279172,0.0269205,0.0259523,0.025012,0.0240988,0.0232123,0.0223515,0.0215159,0.0207047,0.0199175,0.0191534,0.0184119,0.0176922,0.0169939,0.0163161,0.0156585,0.0150202,0.0144007,0.0137995,0.0132158,0.0126492,0.0120991,0.0115648,0.0110458,0.0105416,0.0100515,0.00957513,0.00911186,0.0086611,0.00822242,0.0077952,0.007379,0.00697323,0.00657745,0.00619108,0.00581369,0.00544471,0.00508373,0.00473017,0.00438363,0.00404356,0.00370953,0.00338102,0.00305761,0.00273878,0.0024241,0.00211307,0.00180527,0.0015002,0.00119742,0.000896468,0.000596887
0,0.0626854,0.118806,0.165323,0.202112,0.23043,0.251882,0.267946,0.279834,0.288487,0.294618,0.298767,0.301345,0.302661,0.302959,0.302425,0.301208,0.299425,0.297172,0.294526,0.29155,0.288298,0.284813,0.281133,0.277289,0.273308,0.269214,0.265026,0.260762,0.256438,0.252066,0.247658,0.243225,0.238777,0.234321,0.229864,0.225414,0.220976,0.216556,0.212159,0.207787,0.203447,0.19914,0.194871,0.190641,0.186454,0.182312,0.178217,0.17417,0.170173,0.166228,0.162336,0.158498,0.154716,0.150989,0.147318,0.143705,0.14015,0.136652,0.133214,0.129833,0.126512,0.123249,0.120046,0.116901,0.113815,0.110787,0.107818,0.104907,0.102054,0.0992578,0.0965189,0.0938365,0.0912103,0.0886396,0.0861242,0.0836632,0.0812563,0.0789026,0.0766019,0.0743532,0.0721561,0.0700097,0.0679135,0.0658667,0.0638688,0.0619188,0.0600163,0.0581602,0.05635,0.0545849,0.0528642,0.0511869,0.0495527,0.0479604,0.0464095,0.0448991,0.0434286,0.0419969,0.0406037,0.0392479,0.0379289,0.0366458,0.035398,0.0341846,0.033005,0.0318584,0.030744,0.0296611,0.0286091,0.027587,0.0265944,0.0256302,0.0246941,0.0237852,0.0229028,0.0220461,0.0212147,0.0204077,0.0196246,0.0188645,0.0181269,0.0174111,0.0167166,0.0160425,0.0153884,0.0147535,0.0141374,0.0135393,0.0129587,0.0123949,0.0118475,0.0113157,0.0107991,0.010297,0.00980887,0.00933416,0.00887239,0.0084229,0.00798524,0.00755881,0.00714314,0.00673764,0.00634185,0.00595521,0.00557725,0.00520742,0.00484527,0.00449025,0.00414191,0.00379972,0.00346324,0.00313193,0.00280536,0.00248301,0.00216444,0.00184913,0.00153666,0.00122652,0.000918253,0.000611387
0,0.081621,0.150288,0.20281,0.241189,0.268673,0.288165,0.301863,0.311341,0.317705,0.321732,0.323977,0.324842,0.324622,0.32354,0.321763,0.319424,0.316624,0.313446,0.309956,0.306208,0.302245,0.298105,0.293819,0.289413,0.284909,0.280327,0.275683,0.270991,0.266264,0.261514,0.256749,0.251979,0.24721,0.242451,0.237706,0.232982,0.228283,0.223614,0.218979,0.21438,0.209821,0.205306,0.200836,0.196414,0.192042,0.187722,0.183456,0.179244,0.175088,0.17099,0.16695,0.162969,0.159048,0.155188,0.151388,0.14765,0.143974,0.140359,0.136807,0.133317,0.129889,0.126523,0.123219,0.119977,0.116796,0.113677,0.110619,0.107622,0.104685,0.101808,0.0989897,0.0962307,0.0935299,0.090887,0.0883011,0.0857719,0.0832985,0.0808806,0.0785171,0.0762077,0.0739513,0.0717476,0.0695956,0.0674947,0.065444,0.063443,0.0614906,0.0595864,0.0577292,0.0559186,0.0541536,0.0524336,0.0507575,0.0491248,0.0475345,0.045986,0.0444784,0.0430109,0.0415827,0.0401931,0.0388411,0.0375262,0.0362474,0.0350041,0.0337953,0.0326205,0.0314787,0.0303693,0.0292914,0.0282445,0.0272276,0.0262401,0.0252811,0.0243502,0.0234463,0.0225691,0.0217175,0.0208911,0.020089,0.0193107,0.0185554,0.0178225,0.0171112,0.0164211,0.0157513,0.0151014,0.0144705,0.0138582,0.0132637,0.0126866,0.0121261,0.0115817,0.0110528,0.0105388,0.0100391,0.00955327,0.00908054,0.00862048,0.00817246,0.00773601,0.00731051,0.0068955,0.00649037,0.00609467,0.0057078,0.00532932,0.00495864,0.00459532,0.00423879,0.0038886,0.00354422,0.00320517,0.00287094,0.00254106,0.00221502,0.00189236,0.00157257,0.00125518,0.000939707,0.000625675
0,0.113511,0.197918,0.254443,0.291164,0.314914,0.330245,0.340005,0.34597,0.349267,0.350637,0.350577,0.349435,0.347457,0.344826,0.341677,0.338113,0.334216,0.330048,0.325661,0.321096,0.316387,0.311562,0.306644,0.301654,0.296609,0.291522,0.286408,0.281276,0.276137,0.270999,0.265869,0.260754,0.25566,0.250592,0.245555,0.240552,0.235588,0.230667,0.22579,0.220961,0.216182,0.211456,0.206784,0.202168,0.19761,0.19311,0.188671,0.184294,0.179978,0.175726,0.171537,0.167413,0.163353,0.159359,0.15543,0.151567,0.147769,0.144037,0.140372,0.136771,0.133237,0.129768,0.126364,0.123025,0.11975,0.11654,0.113393,0.11031,0.10729,0.104331,0.101435,0.0985995,0.0958248,0.0931098,0.0904542,0.087857,0.0853178,0.0828357,0.0804102,0.0780403,0.0757254,0.0734646,0.0712574,0.0691026,0.0669999,0.064948,0.0629466,0.0609944,0.0590909,0.0572351,0.0554265,0.0536638,0.0519466,0.0502737,0.0486447,0.0470583,0.0455142,0.044011,0.0425484,0.0411252,0.0397409,0.0383944,0.0370851,0.0358121,0.0345746,0.0333718,0.0322031,0.0310674,0.0299642,0.0288925,0.0278518,0.026841,0.0258597,0.0249069,0.0239821,0.0230843,0.022213,0.0213673,0.0205467,0.0197503,0.0189776,0.0182277,0.0175001,0.016794,0.0161088,0.0154439,0.0147986,0.0141722,0.0135642,0.0129738,0.0124005,0.0118437,0.0113027,0.010777,0.010266,0.00976899,0.00928555,0.008815,0.00835685,0.00791046,0.00747535,0.0070509,0.00663664,0.00623195,0.00583637,0.00544931,0.00507029,0.00469874,0.00433419,0.00397609,0.00362396,0.00327726,0.00293552,0.0025982,0.00226483,0.0019349,0.00160793,0.0012834,0.000960834,0.000639738
0,0.174507,0.273431,0.325881,0.354113,0.369579,0.377903,0.38195,0.383272,0.382765,0.38098,0.378269,0.374873,0.370957,0.366643,0.362018,0.357151,0.352093,0.346885,0.341561,0.336146,0.330662,0.325129,0.319561,0.313971,0.30837,0.302768,0.297173,0.291592,0.286033,0.2805,0.274999,0.269534,0.26411,0.258729,0.253395,0.248111,0.242879,0.237702,0.232582,0.227521,0.22252,0.217582,0.212706,0.207895,0.203149,0.19847,0.193858,0.189313,0.184838,0.180431,0.176093,0.171825,0.167627,0.163498,0.15944,0.155451,0.151533,0.147684,0.143905,0.140195,0.136554,0.132982,0.129478,0.126043,0.122674,0.119373,0.116138,0.11297,0.109866,0.106827,0.103853,0.100942,0.0980932,0.0953069,0.0925817,0.0899174,0.0873127,0.0847672,0.0822799,0.0798502,0.0774771,0.07516,0.0728978,0.07069,0.0685354,0.0664335,0.0643831,0.0623837,0.0604342,0.058534,0.0566819,0.0548773,0.0531191,0.0514068,0.0497392,0.0481157,0.0465352,0.0449971,0.0435002,0.0420441,0.0406276,0.0392501,0.0379105,0.0366083,0.0353424,0.0341122,0.0329166,0.0317552,0.0306268,0.0295309,0.0284665,0.027433,0.0264295,0.0254553,0.0245096,0.0235917,0.0227008,0.0218363,0.0209973,0.0201832,0.0193932,0.0186267,0.0178828,0.0171611,0.0164607,0.0157811,0.0151215,0.0144813,0.0138598,0.0132565,0.0126706,0.0121015,0.0115486,0.0110114,0.0104891,0.00998132,0.00948726,0.00900646,0.00853825,0.00808216,0.00763752,0.00720386,0.00678053,0.00636707,0.00596285,0.00556739,0.00518011,0.00480052,0.00442803,0.00406218,0.0037024,0.0033482,0.00299903,0.00265442,0.00231383,0.00197676,0.0016427,0.00131116,0.000981614,0.000653577
0,0.311088,0.395419,0.42154,0.429832,0.431389,0.429842,0.426626,0.422411,0.417551,0.412256,0.406657,0.400841,0.394868,0.388782,0.382615,0.376393,0.370134,0.363855,0.357567,0.351281,0.345007,0.33875,0.332519,0.326318,0.320153,0.314027,0.307946,0.301911,0.295926,0.289994,0.284119,0.2783,0.272542,0.266846,0.261213,0.255645,0.250144,0.24471,0.239346,0.234051,0.228827,0.223675,0.218595,0.213588,0.208654,0.203794,0.199009,0.194298,0.189661,0.1851,0.180613,0.176201,0.171864,0.167602,0.163414,0.159301,0.155262,0.151296,0.147404,0.143584,0.139838,0.136163,0.13256,0.129028,0.125567,0.122175,0.118853,0.115599,0.112413,0.109294,0.106242,0.103255,0.100334,0.0974766,0.0946828,0.0919515,0.0892822,0.0866736,0.0841253,0.0816362,0.0792056,0.0768325,0.0745162,0.0722555,0.0700499,0.0678982,0.0657998,0.0637535,0.0617587,0.0598142,0.0579194,0.0560732,0.0542748,0.0525232,0.0508178,0.0491573,0.0475412,0.0459683,0.0444379,0.0429491,0.041501,0.0400927,0.0387235,0.0373923,0.0360985,0.034841,0.0336193,0.0324322,0.0312792,0.0301592,0.0290717,0.0280156,0.0269903,0.0259949,0.0250288,0.024091,0.0231809,0.0222977,0.0214407,0.020609,0.0198021,0.0190191,0.0182594,0.0175222,0.016807,0.0161128,0.0154392,0.0147853,0.0141507,0.0135345,0.0129362,0.0123551,0.0117905,0.0112419,0.0107087,0.0101901,0.00968566,0.00919469,0.00871668,0.00825096,0.00779702,0.00735421,0.00692205,0.00649988,0.00608723,0.00568347,0.00528812,0.00490056,0.00452032,0.00414681,0.00377953,0.00341793,0.0030615,0.00270969,0.00236201,0.00201791,0.0016769,0.00133845,0.00100205,0.000667178
1,0.674428,0.575619,0.535032,0.512291,0.496308,0.483457,0.472309,0.4622,0.45278,0.443846,0.435272,0.426977,0.418903,0.411014,0.403282,0.395686,0.388212,0.380849,0.373588,0.366423,0.359351,0.352366,0.345467,0.338652,0.331918,0.325266,0.318694,0.312203,0.30579,0.299458,0.293205,0.287033,0.28094,0.274927,0.268994,0.263142,0.25737,0.251679,0.246069,0.240541,0.235093,0.229727,0.224443,0.21924,0.214118,0.209078,0.204119,0.199241,0.194444,0.189728,0.185093,0.180538,0.176062,0.171666,0.16735,0.163112,0.158952,0.15487,0.150865,0.146937,0.143085,0.139308,0.135607,0.131979,0.128425,0.124943,0.121534,0.118196,0.114928,0.11173,0.108601,0.105539,0.102545,0.099618,0.0967558,0.0939585,0.0912247,0.088554,0.0859451,0.0833974,0.0809097,0.0784814,0.0761112,0.0737986,0.0715423,0.0693416,0.0671954,0.065103,0.0630632,0.0610753,0.0591381,0.057251,0.0554127,0.0536227,0.0518796,0.0501829,0.0485314,0.0469244,0.0453608,0.0438398,0.0423605,0.040922,0.0395233,0.0381638,0.0368423,0.0355582,0.0343104,0.0330983,0.0319208,0.0307773,0.0296668,0.0285886,0.0275418,0.0265257,0.0255393,0.024582,0.0236529,0.0227514,0.0218766,0.0210278,0.0202041,0.019405,0.0186296,0.0178773,0.0171472,0.0164389,0.0157514,0.0150842,0.0144365,0.0138078,0.0131972,0.0126043,0.0120282,0.0114685,0.0109244,0.0103953,0.00988058,0.0093797,0.00889197,0.00841686,0.0079537,0.00750199,0.00706106,0.00663042,0.00620941,0.00579755,0.00539421,0.00499888,0.00461097,0.00422997,0.0038553,0.00348645,0.00312285,0.002764,0.00240933,0.00205835,0.00171049,0.00136527,0.00102212,0.000680545
1,0.811005,0.6976,0.63068,0.587995,0.558099,0.535373,0.516959,0.501309,0.487532,0.475086,0.46362,0.452901,0.442767,0.433104,0.423826,0.414872,0.406195,0.397757,0.38953,0.381492,0.373626,0.365916,0.358352,0.350924,0.343624,0.336447,0.329387,0.322439,0.3156,0.308868,0.302239,0.295712,0.289284,0.282955,0.276723,0.270586,0.264545,0.258597,0.252742,0.24698,0.24131,0.23573,0.230242,0.224843,0.219534,0.214314,0.209182,0.204138,0.199181,0.194311,0.189527,0.184829,0.180216,0.175687,0.171242,0.16688,0.162601,0.158403,0.154287,0.15025,0.146293,0.142415,0.138616,0.134893,0.131247,0.127676,0.12418,0.120758,0.117409,0.114133,0.110927,0.107792,0.104726,0.101729,0.0987997,0.0959367,0.0931396,0.090407,0.0877384,0.0851325,0.0825886,0.0801055,0.0776824,0.0753182,0.073012,0.0707628,0.0685697,0.0664314,0.0643475,0.0623164,0.0603377,0.05841,0.0565326,0.0547043,0.0529244,0.0511918,0.0495056,0.0478648,0.0462685,0.0447158,0.0432058,0.0417373,0.0403099,0.0389222,0.0375736,0.0362631,0.0349899,0.0337529,0.0325516,0.0313847,0.0302518,0.0291517,0.0280838,0.0270471,0.026041,0.0250644,0.0241168,0.0231972,0.0223049,0.0214391,0.0205991,0.019784,0.0189933,0.018226,0.0174816,0.0167591,0.0160581,0.0153777,0.0147173,0.0140762,0.0134537,0.012849,0.0122617,0.0116909,0.0111362,0.0105967,0.010072,0.00956132,0.00906412,0.00857971,0.00810759,0.00764705,0.00719759,0.00675854,0.0063294,0.00590952,0.00549839,0.00509538,0.00469999,0.00431159,0.0039297,0.0035537,0.0031831,0.0028173,0.0024558,0.00209803,0.00174348,0.00139158,0.00104183,0.000693662
1,0.871994,0.773098,0.702095,0.650913,0.612725,0.582985,0.55885,0.538551,0.520963,0.505355,0.491231,0.478251,0.466173,0.45482,0.444061,0.433797,0.423953,0.41447,0.405301,0.396408,0.387763,0.379341,0.371122,0.36309,0.355231,0.347534,0.33999,0.332591,0.325329,0.3182,0.311198,0.304319,0.297559,0.290916,0.284385,0.277966,0.271656,0.265453,0.259354,0.25336,0.247467,0.241676,0.235984,0.230391,0.224895,0.219495,0.214191,0.208982,0.203866,0.198843,0.193912,0.189072,0.184322,0.179661,0.175088,0.170603,0.166205,0.161892,0.157665,0.153521,0.14946,0.145482,0.141585,0.137768,0.13403,0.130371,0.12679,0.123285,0.119856,0.116501,0.11322,0.110012,0.106875,0.103809,0.100813,0.0978851,0.095025,0.0922317,0.0895038,0.0868407,0.0842411,0.0817041,0.0792285,0.0768136,0.074458,0.072161,0.0699213,0.0677382,0.0656104,0.0635372,0.0615171,0.0595497,0.0576334,0.0557678,0.0539514,0.0521835,0.050463,0.0487891,0.0471605,0.0455766,0.0440362,0.0425386,0.0410825,0.0396674,0.038292,0.0369556,0.0356572,0.034396,0.0331709,0.0319814,0.0308262,0.0297047,0.028616,0.0275592,0.0265335,0.0255381,0.0245721,0.0236348,0.0227253,0.0218429,0.0209867,0.0201561,0.0193502,0.0185683,0.0178096,0.0170735,0.0163591,0.0156658,0.0149928,0.0143396,0.0137052,0.0130892,0.0124907,0.0119093,0.011344,0.0107944,0.0102598,0.00973956,0.00923298,0.00873954,0.00825851,0.00778939,0.00733149,0.00688427,0.00644708,0.0060194,0.00560056,0.00519007,0.00478728,0.00439169,0.00400266,0.00361969,0.00324218,0.0028696,0.00250137,0.00213697,0.00177583,0.00141741,0.00106115,0.000706533
1,0.903872,0.820704,0.753693,0.700842,0.658909,0.624998,0.596913,0.573089,0.552425,0.534148,0.517709,0.502712,0.488866,0.475955,0.463814,0.452318,0.441368,0.430886,0.420812,0.411096,0.401697,0.392583,0.383726,0.375104,0.366698,0.358492,0.350473,0.34263,0.334952,0.327431,0.320061,0.312834,0.305746,0.298792,0.291967,0.285268,0.278691,0.272235,0.265895,0.25967,0.253557,0.247555,0.241661,0.235875,0.230194,0.224617,0.219142,0.213768,0.208495,0.20332,0.198242,0.193261,0.188375,0.183583,0.178884,0.174277,0.169761,0.165334,0.160997,0.156746,0.152583,0.148505,0.144511,0.140601,0.136773,0.133027,0.129361,0.125774,0.122265,0.118833,0.115478,0.112197,0.10899,0.105856,0.102794,0.0998022,0.0968802,0.0940266,0.0912405,0.0885207,0.0858663,0.0832759,0.0807488,0.0782836,0.0758795,0.0735352,0.07125,0.0690223,0.0668516,0.0647364,0.0626761,0.0606692,0.058715,0.0568122,0.0549601,0.0531574,0.0514033,0.0496966,0.0480365,0.0464217,0.0448517,0.043325,0.0418411,0.0403987,0.0389972,0.0376352,0.0363122,0.035027,0.0337789,0.0325667,0.0313899,0.0302473,0.0291382,0.0280616,0.0270168,0.0260027,0.0250188,0.024064,0.0231377,0.0222389,0.021367,0.020521,0.0197003,0.0189039,0.0181314,0.0173817,0.0166542,0.0159482,0.015263,0.0145978,0.0139519,0.0133246,0.0127153,0.0121232,0.0115478,0.0109882,0.010444,0.00991425,0.00939856,0.00889616,0.00840651,0.00792889,0.00746278,0.00700748,0.00656247,0.00612706,0.00570074,0.00528286,0.00487288,0.00447016,0.0040742,0.00368435,0.0033001,0.00292085,0.00254605,0.00217512,0.00180754,0.00144271,0.0010801,0.000719144
1,0.922793,0.852156,0.791134,0.739858,0.697075,0.661189,0.630724,0.604475,0.581508,0.561113,0.542756,0.526034,0.510638,0.496334,0.482938,0.470308,0.45833,0.446913,0.435985,0.425485,0.415367,0.405588,0.396117,0.386925,0.377988,0.369288,0.360806,0.352529,0.344443,0.336539,0.328807,0.321239,0.313828,0.306568,0.299453,0.292478,0.285638,0.278932,0.272353,0.2659,0.25957,0.253359,0.247266,0.241289,0.235424,0.229671,0.224027,0.218491,0.213061,0.207736,0.202513,0.197393,0.192372,0.18745,0.182626,0.177898,0.173265,0.168726,0.164279,0.159924,0.155658,0.151482,0.147393,0.143391,0.139474,0.135641,0.131891,0.128223,0.124636,0.121128,0.117698,0.114346,0.11107,0.107869,0.104742,0.101687,0.0987036,0.0957908,0.0929471,0.0901716,0.0874629,0.0848202,0.082242,0.0797276,0.0772755,0.0748849,0.0725544,0.0702833,0.0680701,0.0659139,0.0638136,0.0617682,0.0597764,0.0578374,0.0559499,0.0541131,0.0523258,0.050587,0.0488957,0.0472509,0.0456514,0.0440966,0.042585,0.0411161,0.0396886,0.0383018,0.0369544,0.0356458,0.0343748,0.0331407,0.0319424,0.0307792,0.02965,0.0285541,0.0274903,0.0264582,0.0254566,0.0244848,0.0235418,0.0226271,0.0217396,0.0208786,0.0200432,0.0192329,0.0184466,0.0176837,0.0169434,0.016225,0.0155277,0.0148508,0.0141935,0.0135553,0.0129353,0.0123329,0.0117474,0.0111781,0.0106243,0.0100854,0.0095607,0.00904961,0.00855142,0.00806556,0.00759133,0.00712819,0.00667544,0.00623254,0.00579883,0.00537375,0.00495667,0.00454704,0.00414423,0.00374769,0.00335681,0.00297104,0.00258979,0.0022125,0.00183858,0.00146749,0.00109865,0.000731497
1,0.935143,0.873995,0.818832,0.770383,0.728351,0.691965,0.660325,0.632587,0.608027,0.58605,0.56618,0.54804,0.531332,0.515818,0.501312,0.487662,0.474747,0.462469,0.450746,0.439514,0.428716,0.418308,0.408251,0.398513,0.389067,0.379889,0.370959,0.362262,0.35378,0.345503,0.337418,0.329517,0.321789,0.314229,0.306829,0.299583,0.292485,0.285532,0.278719,0.272042,0.265497,0.259081,0.252791,0.246624,0.240579,0.234652,0.228841,0.223144,0.21756,0.212086,0.206721,0.201462,0.196308,0.191258,0.18631,0.181463,0.176715,0.172064,0.16751,0.16305,0.158684,0.15441,0.150227,0.146134,0.142129,0.138211,0.134378,0.13063,0.126966,0.123383,0.119881,0.116458,0.113114,0.109846,0.106655,0.103538,0.100494,0.0975229,0.0946227,0.091792,0.0890302,0.0863357,0.0837076,0.0811444,0.0786454,0.076209,0.0738343,0.0715201,0.0692653,0.0670686,0.0649292,0.0628457,0.0608172,0.0588424,0.0569204,0.0550499,0.0532302,0.0514597,0.0497379,0.0480634,0.0464353,0.0448525,0.0433141,0.0418189,0.0403662,0.0389547,0.0375836,0.0362519,0.0349587,0.0337029,0.0324837,0.0313001,0.0301513,0.0290363,0.0279542,0.0269041,0.0258853,0.0248967,0.0239376,0.0230071,0.0221044,0.0212286,0.0203791,0.0195548,0.0187552,0.0179793,0.0172265,0.0164958,0.0157868,0.0150984,0.0144301,0.013781,0.0131506,0.0125381,0.0119427,0.0113638,0.0108008,0.0102528,0.00971941,0.00919973,0.00869326,0.00819925,0.00771716,0.00724626,0.00678601,0.00633571,0.00589482,0.00546266,0.00503869,0.00462224,0.00421277,0.00380964,0.00341231,0.00302014,0.00263259,0.00224905,0.00186897,0.00149173,0.0011168,0.000743579
1,0.943786,0.889849,0.83982,0.794494,0.753988,0.718,0.686031,0.657531,0.631973,0.60889,0.587885,0.568627,0.550843,0.53431,0.518845,0.504297,0.490545,0.477487,0.465037,0.453127,0.441697,0.430698,0.420088,0.409833,0.399901,0.390266,0.380907,0.371804,0.362941,0.354302,0.345875,0.337649,0.329614,0.321761,0.314082,0.306571,0.299221,0.292026,0.284982,0.278085,0.271329,0.264711,0.258227,0.251875,0.245651,0.239553,0.233578,0.227723,0.221986,0.216366,0.210859,0.205464,0.20018,0.195003,0.189933,0.184968,0.180106,0.175346,0.170685,0.166123,0.161658,0.157288,0.153012,0.148829,0.144737,0.140735,0.136821,0.132994,0.129253,0.125596,0.122023,0.118531,0.115119,0.111787,0.108532,0.105354,0.102251,0.099222,0.0962658,0.0933813,0.0905669,0.0878218,0.0851442,0.0825335,0.079988,0.0775068,0.0750885,0.0727322,0.0704363,0.0682002,0.0660221,0.0639014,0.0618366,0.0598269,0.0578708,0.0559675,0.0541157,0.0523145,0.0505625,0.048859,0.0472026,0.0455926,0.0440277,0.042507,0.0410293,0.0395938,0.0381994,0.0368451,0.03553,0.0342531,0.0330133,0.0318099,0.0306418,0.0295082,0.028408,0.0273405,0.0263046,0.0252997,0.0243247,0.0233789,0.0224612,0.0215711,0.0207075,0.0198698,0.019057,0.0182684,0.0175032,0.0167608,0.0160401,0.0153405,0.0146613,0.0140018,0.0133611,0.0127387,0.0121337,0.0115455,0.0109733,0.0104166,0.00987452,0.00934654,0.00883188,0.00832999,0.00784012,0.00736172,0.00689407,0.00643661,0.00598864,0.00554961,0.00511883,0.00469577,0.00427975,0.00387022,0.00346654,0.00306815,0.00267442,0.00228479,0.00189865,0.00151544,0.00113454,0.000755393
1,0.950153,0.901798,0.856109,0.81379,0.775111,0.740021,0.708277,0.679541,0.653453,0.629663,0.607855,0.587753,0.569118,0.551748,0.535474,0.520154,0.505667,0.491913,0.478808,0.466279,0.454268,0.442721,0.431595,0.420852,0.410461,0.400393,0.390625,0.381134,0.371904,0.362917,0.35416,0.34562,0.337286,0.329149,0.3212,0.31343,0.305833,0.298403,0.291134,0.284021,0.277058,0.270242,0.263569,0.257034,0.250636,0.244369,0.238232,0.232222,0.226335,0.22057,0.214925,0.209396,0.203982,0.198681,0.193491,0.18841,0.183436,0.178567,0.173802,0.169139,0.164576,0.160112,0.155745,0.151473,0.147296,0.143211,0.139217,0.135313,0.131496,0.127767,0.124123,0.120562,0.117085,0.113688,0.110371,0.107133,0.103972,0.100887,0.0978758,0.094938,0.0920724,0.0892771,0.0865514,0.0838936,0.0813028,0.0787774,0.0763165,0.0739186,0.0715828,0.0693075,0.0670919,0.0649345,0.0628344,0.0607901,0.0588008,0.0568651,0.0549821,0.0531504,0.0513692,0.0496371,0.0479533,0.0463164,0.0447256,0.0431797,0.0416778,0.0402187,0.0388015,0.037425,0.0360886,0.0347908,0.0335311,0.0323081,0.0311212,0.0299693,0.0288515,0.0277668,0.0267145,0.0256935,0.024703,0.023742,0.0228099,0.0219056,0.0210285,0.0201774,0.0193519,0.0185509,0.0177737,0.0170195,0.0162876,0.0155771,0.0148873,0.0142174,0.0135668,0.0129346,0.0123203,0.0117229,0.0111419,0.0105765,0.0100261,0.00948987,0.00896732,0.00845763,0.00796026,0.00747445,0.00699963,0.0065351,0.00608028,0.00563448,0.00519713,0.00476755,0.00434518,0.00392936,0.00351952,0.00311502,0.00271528,0.00231968,0.00192766,0.00153857,0.00115187,0.000766924
1,0.955027,0.911085,0.86903,0.82945,0.79265,0.758704,0.727521,0.698913,0.672643,0.648464,0.626131,0.605423,0.58614,0.568105,0.551167,0.535194,0.520074,0.50571,0.492021,0.478936,0.466395,0.454344,0.442741,0.431545,0.420723,0.410247,0.400091,0.390232,0.380651,0.371331,0.362257,0.353415,0.344793,0.336381,0.328169,0.320149,0.312313,0.304653,0.297165,0.289841,0.282676,0.275667,0.268808,0.262095,0.255525,0.249093,0.242798,0.236635,0.230601,0.224695,0.218913,0.213253,0.207712,0.202289,0.196981,0.191786,0.186701,0.181726,0.176858,0.172096,0.167437,0.16288,0.158423,0.154065,0.149803,0.145637,0.141564,0.137584,0.133694,0.129893,0.126179,0.122552,0.119009,0.11555,0.112172,0.108875,0.105656,0.102516,0.0994511,0.0964614,0.0935451,0.0907011,0.0879277,0.0852241,0.0825886,0.0800202,0.0775172,0.0750789,0.0727036,0.0703903,0.0681376,0.0659445,0.0638095,0.0617317,0.0597097,0.0577425,0.0558287,0.0539674,0.0521573,0.0503975,0.0486865,0.0470236,0.0454073,0.043837,0.0423111,0.0408291,0.0393895,0.0379915,0.036634,0.0353161,0.0340366,0.0327947,0.0315893,0.0304196,0.0292845,0.0281832,0.0271146,0.026078,0.0250722,0.0240967,0.0231502,0.0222322,0.0213416,0.0204778,0.0196396,0.0188266,0.0180376,0.0172721,0.0165291,0.0158079,0.0151077,0.0144279,0.0137675,0.0131259,0.0125023,0.011896,0.0113063,0.0107325,0.0101739,0.00962977,0.0090994,0.00858221,0.00807742,0.00758446,0.00710258,0.00663122,0.00616965,0.00571731,0.00527348,0.0048376,0.00440899,0.00398707,0.00357118,0.00316075,0.00275512,0.00235373,0.00195593,0.00156115,0.00116876,0.000778177
1,0.958872,0.918486,0.879481,0.842335,0.807342,0.77463,0.744197,0.715954,0.689754,0.665428,0.642795,0.621683,0.601927,0.58338,0.565909,0.549397,0.533741,0.518852,0.504651,0.49107,0.478052,0.465544,0.453502,0.441887,0.430665,0.419807,0.409286,0.399079,0.389166,0.379529,0.370152,0.36102,0.352122,0.343445,0.33498,0.326718,0.318649,0.310767,0.303065,0.295537,0.288176,0.280978,0.273938,0.267051,0.260313,0.25372,0.24727,0.240957,0.23478,0.228735,0.222819,0.21703,0.211365,0.205822,0.200398,0.195091,0.189899,0.184819,0.179851,0.174991,0.170238,0.16559,0.161045,0.156601,0.152257,0.148011,0.143861,0.139806,0.135843,0.131972,0.128191,0.124498,0.120892,0.11737,0.113933,0.110578,0.107303,0.104108,0.100991,0.0979501,0.0949845,0.0920923,0.0892727,0.0865239,0.0838449,0.081234,0.0786903,0.076212,0.0737983,0.0714476,0.0691588,0.0669305,0.0647617,0.0626508,0.060597,0.0585988,0.0566552,0.0547648,0.0529266,0.0511394,0.0494022,0.0477135,0.0460726,0.0444781,0.0429292,0.0414245,0.0399632,0.038544,0.0371661,0.0358283,0.0345297,0.0332692,0.0320459,0.0308587,0.0297068,0.0285891,0.0275048,0.0264528,0.0254323,0.0244423,0.0234821,0.0225506,0.0216471,0.0207705,0.0199202,0.0190953,0.0182949,0.0175182,0.0167645,0.0160329,0.0153227,0.0146329,0.0139631,0.0133122,0.0126797,0.0120647,0.0114666,0.0108846,0.010318,0.00976605,0.00922817,0.00870357,0.00819164,0.00769162,0.00720295,0.00672486,0.00625678,0.00579799,0.00534791,0.00490583,0.00447118,0.00404328,0.00362154,0.00320529,0.00279396,0.00238689,0.0019835,0.00158314,0.00118523,0.000789138
1,0.961978,0.924507,0.888075,0.853071,0.819758,0.788283,0.758693,0.730959,0.705002,0.680708,0.657951,0.636598,0.61652,0.597595,0.579709,0.562762,0.54666,0.531324,0.516679,0.502664,0.48922,0.4763,0.46386,0.451861,0.44027,0.429056,0.418194,0.40766,0.397434,0.387496,0.377831,0.368423,0.35926,0.35033,0.341622,0.333126,0.324833,0.316737,0.308828,0.301101,0.29355,0.286168,0.278952,0.271895,0.264994,0.258245,0.251642,0.245184,0.238866,0.232686,0.22664,0.220725,0.214938,0.209277,0.20374,0.198323,0.193025,0.187844,0.182776,0.177821,0.172976,0.168238,0.163607,0.15908,0.154655,0.150331,0.146105,0.141977,0.137943,0.134004,0.130156,0.126399,0.12273,0.119149,0.115652,0.112241,0.108911,0.105663,0.102494,0.0994034,0.0963892,0.0934503,0.0905851,0.0877924,0.0850705,0.0824185,0.0798345,0.0773176,0.074866,0.072479,0.0701547,0.0678923,0.0656901,0.0635473,0.0614621,0.0594338,0.0574608,0.0555422,0.0536765,0.0518628,0.0500996,0.0483861,0.0467209,0.0451031,0.0435314,0.0420048,0.0405221,0.0390825,0.0376845,0.0363275,0.0350101,0.0337316,0.0324906,0.0312866,0.0301181,0.0289846,0.0278848,0.026818,0.025783,0.0247791,0.0238053,0.0228607,0.0219444,0.0210557,0.0201934,0.019357,0.0185454,0.017758,0.0169937,0.016252,0.0155319,0.0148327,0.0141535,0.0134937,0.0128524,0.012229,0.0116226,0.0110326,0.0104582,0.00989877,0.00935348,0.00882174,0.00830277,0.00779598,0.0073006,0.00681603,0.00634155,0.00587655,0.00542032,0.00497227,0.00453169,0.00409801,0.00367053,0.00324867,0.00283175,0.00241918,0.00201032,0.00160456,0.00120125,0.00079981
1,0.964535,0.92949,0.895246,0.86212,0.830341,0.800057,0.77134,0.744198,0.718596,0.694464,0.671715,0.650252,0.629974,0.610784,0.592588,0.575297,0.558833,0.543122,0.528099,0.513705,0.499888,0.4866,0.473801,0.461452,0.449522,0.43798,0.426802,0.415962,0.405442,0.395221,0.385283,0.375614,0.366199,0.357026,0.348085,0.339365,0.330857,0.322553,0.314445,0.306526,0.298791,0.291232,0.283844,0.276623,0.269563,0.262661,0.255911,0.249311,0.242856,0.236544,0.23037,0.224332,0.218426,0.212651,0.207003,0.201479,0.196078,0.190797,0.185633,0.180584,0.175649,0.170824,0.166108,0.161499,0.156996,0.152595,0.148295,0.144095,0.139993,0.135986,0.132073,0.128253,0.124523,0.120882,0.117329,0.113862,0.110479,0.107179,0.10396,0.10082,0.0977586,0.0947738,0.0918643,0.0890284,0.0862651,0.0835724,0.0809495,0.0783944,0.0759064,0.0734835,0.0711249,0.0688289,0.0665945,0.0644201,0.0623047,0.0602468,0.0582454,0.056299,0.0544066,0.0525668,0.0507787,0.0490407,0.0473521,0.0457113,0.0441176,0.0425695,0.0410662,0.0396063,0.0381891,0.0368131,0.0354776,0.0341813,0.0329234,0.0317027,0.0305184,0.0293693,0.0282546,0.0271731,0.0261242,0.0251066,0.0241196,0.0231623,0.0222337,0.0213329,0.0204592,0.0196115,0.0187891,0.017991,0.0172167,0.016465,0.0157353,0.0150268,0.0143387,0.0136701,0.0130204,0.0123887,0.0117743,0.0111765,0.0105946,0.0100277,0.00947535,0.00893659,0.00841086,0.00789739,0.00739557,0.00690463,0.00642399,0.00595289,0.00549074,0.00503683,0.00459054,0.00415119,0.00371818,0.00329081,0.0028685,0.00245056,0.0020364,0.00162536,0.00121683,0.000810179
1,0.966672,0.933673,0.901305,0.869825,0.839435,0.810272,0.782419,0.755907,0.730729,0.706847,0.684205,0.662733,0.642356,0.622996,0.604576,0.587025,0.570271,0.554253,0.538911,0.524192,0.510048,0.496435,0.483315,0.470651,0.458411,0.446569,0.435098,0.423975,0.413179,0.402693,0.392498,0.382581,0.372927,0.363524,0.35436,0.345426,0.336712,0.328209,0.319909,0.311806,0.303892,0.296162,0.288609,0.281228,0.274014,0.266964,0.260071,0.253333,0.246745,0.240304,0.234006,0.227848,0.221827,0.21594,0.210184,0.204556,0.199054,0.193675,0.188417,0.183277,0.178254,0.173344,0.168546,0.163857,0.159276,0.154801,0.150429,0.146159,0.141989,0.137916,0.13394,0.130058,0.126269,0.122571,0.118962,0.115441,0.112005,0.108654,0.105386,0.102199,0.0990913,0.096062,0.0931091,0.0902315,0.0874273,0.0846954,0.0820341,0.0794423,0.0769183,0.0744609,0.0720685,0.0697401,0.067474,0.0652692,0.063124,0.0610375,0.0590082,0.057035,0.0551164,0.0532515,0.0514387,0.0496772,0.0479655,0.0463027,0.0446873,0.0431185,0.0415949,0.0401156,0.0386793,0.0372851,0.0359318,0.0346185,0.0333438,0.0321072,0.0309072,0.0297431,0.0286137,0.0275182,0.0264555,0.0254248,0.024425,0.0234553,0.0225146,0.0216023,0.0207172,0.0198587,0.0190257,0.0182175,0.0174331,0.0166719,0.0159329,0.0152154,0.0145184,0.0138414,0.0131834,0.0125438,0.0119216,0.0113163,0.010727,0.010153,0.00959363,0.00904814,0.00851577,0.00799589,0.00748774,0.00699069,0.00650399,0.00602704,0.00555908,0.00509953,0.00464765,0.00420285,0.00376441,0.00333174,0.00290415,0.00248103,0.00206171,0.00164557,0.00123195,0.00082025
1,0.968483,0.937227,0.906478,0.876446,0.847306,0.819184,0.792165,0.766291,0.741575,0.718002,0.695537,0.674133,0.653735,0.634282,0.615714,0.597971,0.580993,0.564727,0.549121,0.534126,0.5197,0.505802,0.492396,0.479449,0.466931,0.454814,0.443074,0.431689,0.420638,0.409903,0.399468,0.389317,0.379438,0.369816,0.360441,0.351303,0.342391,0.333698,0.325215,0.316934,0.308849,0.300953,0.29324,0.285705,0.278343,0.271149,0.264118,0.257246,0.250529,0.243963,0.237544,0.23127,0.225136,0.21914,0.21328,0.20755,0.20195,0.196476,0.191127,0.185898,0.180789,0.175796,0.170918,0.166151,0.161495,0.156947,0.152505,0.148167,0.14393,0.139794,0.135756,0.131815,0.127968,0.124213,0.12055,0.116976,0.113489,0.110089,0.106773,0.103539,0.100387,0.0973139,0.094319,0.0914003,0.0885568,0.0857864,0.0830882,0.0804602,0.0779015,0.0754101,0.0729852,0.0706249,0.0683283,0.0660935,0.0639197,0.0618052,0.059749,0.0577495,0.0558057,0.053916,0.0520796,0.050295,0.0485611,0.0468765,0.0452403,0.0436512,0.0421081,0.0406097,0.0391551,0.0377431,0.0363726,0.0350425,0.0337519,0.0324995,0.0312845,0.0301056,0.0289622,0.0278529,0.026777,0.0257334,0.0247212,0.0237394,0.0227872,0.0218635,0.0209676,0.0200984,0.0192552,0.018437,0.0176431,0.0168725,0.0161245,0.0153982,0.0146928,0.0140075,0.0133416,0.0126941,0.0120645,0.0114518,0.0108554,0.0102745,0.00970836,0.00915625,0.00861752,0.00809135,0.00757714,0.00707409,0.00658159,0.00609889,0.00562537,0.00516029,0.00470304,0.0042529,0.00380926,0.00337141,0.00293874,0.00251056,0.00208625,0.00166515,0.00124662,0.000830009
1,0.970033,0.940278,0.910935,0.882181,0.854165,0.827001,0.800772,0.775527,0.75129,0.72806,0.705821,0.684542,0.664183,0.6447,0.626045,0.608169,0.591023,0.574562,0.558739,0.543514,0.528847,0.514701,0.501044,0.487845,0.475075,0.46271,0.450724,0.439098,0.42781,0.416845,0.406185,0.395816,0.385723,0.375895,0.36632,0.356988,0.347889,0.339014,0.330354,0.321904,0.313654,0.305599,0.297733,0.29005,0.282545,0.275212,0.268047,0.261045,0.254203,0.247516,0.240981,0.234594,0.228351,0.22225,0.216287,0.210459,0.204764,0.199198,0.193759,0.188444,0.183251,0.178178,0.173221,0.16838,0.16365,0.159032,0.154521,0.150117,0.145816,0.141618,0.13752,0.13352,0.129616,0.125807,0.122091,0.118466,0.11493,0.111481,0.108119,0.10484,0.101644,0.0985288,0.0954927,0.0925346,0.0896524,0.0868449,0.0841104,0.0814477,0.0788549,0.076331,0.0738741,0.0714832,0.0691565,0.0668931,0.0646911,0.0625497,0.060467,0.0584423,0.0564737,0.0545604,0.0527007,0.0508939,0.0491382,0.0474328,0.0457762,0.0441675,0.0426053,0.0410886,0.0396161,0.0381869,0.0367996,0.0354535,0.0341471,0.0328797,0.0316499,0.030457,0.0292997,0.0281772,0.0270884,0.0260324,0.025008,0.0240147,0.0230511,0.0221165,0.0212099,0.0203306,0.0194774,0.0186497,0.0178464,0.0170668,0.01631,0.0155753,0.0148616,0.0141684,0.0134946,0.0128397,0.0122027,0.011583,0.0109797,0.0103921,0.00981939,0.00926097,0.00871599,0.00818381,0.00766365,0.00715486,0.00665668,0.00616849,0.00568951,0.00521914,0.00475664,0.00430138,0.00385265,0.00340982,0.0029722,0.00253916,0.00211,0.00168411,0.00126081,0.00083946
1,0.971373,0.94292,0.914807,0.887183,0.860177,0.833891,0.808403,0.783765,0.760007,0.73714,0.715157,0.694043,0.67377,0.654306,0.635614,0.617654,0.600389,0.583777,0.567782,0.552366,0.537495,0.523136,0.50926,0.495838,0.482843,0.470253,0.458044,0.446197,0.434692,0.423513,0.412644,0.40207,0.391778,0.381756,0.371992,0.362476,0.353199,0.344151,0.335324,0.326711,0.318304,0.310097,0.302083,0.294258,0.286614,0.279148,0.271854,0.264727,0.257765,0.250961,0.244313,0.237817,0.231469,0.225265,0.219203,0.21328,0.207492,0.201837,0.196312,0.190913,0.18564,0.180488,0.175456,0.17054,0.16574,0.161053,0.156476,0.152007,0.147644,0.143385,0.139229,0.135173,0.131214,0.127352,0.123585,0.11991,0.116326,0.112831,0.109423,0.1061,0.102862,0.0997055,0.0966299,0.093633,0.0907137,0.0878699,0.0851006,0.0824038,0.0797783,0.0772224,0.0747348,0.0723139,0.0699585,0.0676669,0.065438,0.0632701,0.0611622,0.0591126,0.0571204,0.0551838,0.053302,0.0514733,0.0496968,0.0479709,0.0462948,0.044667,0.0430864,0.0415518,0.0400622,0.0386161,0.0372128,0.0358509,0.0345295,0.0332473,0.0320034,0.0307967,0.0296262,0.0284907,0.0273896,0.0263214,0.0252855,0.0242808,0.0233063,0.0223611,0.0214444,0.020555,0.0196923,0.0188552,0.018043,0.0172547,0.0164895,0.0157464,0.0150249,0.0143239,0.0136427,0.0129804,0.0123364,0.0117098,0.0110998,0.0105057,0.00992677,0.00936214,0.00881121,0.00827314,0.0077473,0.0072329,0.0067293,0.00623572,0.00575154,0.00527599,0.00480846,0.00434821,0.00389461,0.00344693,0.00300456,0.00256678,0.00213297,0.00170243,0.00127453,0.00084859
1,0.972539,0.945224,0.918193,0.891573,0.865475,0.839991,0.815193,0.791133,0.767844,0.745345,0.723639,0.702717,0.682564,0.663156,0.644466,0.626465,0.609119,0.592397,0.576266,0.560695,0.545654,0.531114,0.517047,0.503429,0.490235,0.477443,0.465032,0.452983,0.441279,0.429903,0.41884,0.408075,0.397597,0.387393,0.377451,0.367762,0.358316,0.349104,0.340118,0.33135,0.322793,0.314441,0.306286,0.298324,0.290548,0.282954,0.275535,0.268289,0.26121,0.254294,0.247537,0.240935,0.234485,0.228183,0.222026,0.21601,0.210133,0.204391,0.198782,0.193303,0.187951,0.182723,0.177618,0.172632,0.167763,0.163009,0.158367,0.153836,0.149413,0.145096,0.140883,0.136772,0.13276,0.128847,0.12503,0.121307,0.117676,0.114136,0.110684,0.107319,0.10404,0.100844,0.0977293,0.0946953,0.0917396,0.0888611,0.0860576,0.0833282,0.0806707,0.0780842,0.0755666,0.073117,0.0707334,0.0684149,0.0661596,0.0639664,0.0618338,0.0597605,0.057745,0.0557862,0.0538826,0.0520331,0.0502362,0.0484909,0.0467956,0.0451495,0.043551,0.0419993,0.0404928,0.0390308,0.0376117,0.0362348,0.0348986,0.0336023,0.0323446,0.0311247,0.0299413,0.0287936,0.0276802,0.0266006,0.0255533,0.0245377,0.0235527,0.0225973,0.0216706,0.0207718,0.0198997,0.0190537,0.0182327,0.017436,0.0166625,0.0159117,0.0151824,0.014474,0.0137855,0.0131163,0.0124654,0.0118322,0.0112158,0.0106154,0.0100303,0.00945982,0.00890305,0.00835938,0.00782799,0.00730824,0.00679933,0.00630062,0.00581135,0.00533088,0.00485845,0.00439342,0.00393507,0.00348276,0.00303576,0.00259345,0.00215511,0.00172011,0.00128776,0.000857403
1,0.973562,0.947246,0.921171,0.895445,0.870164,0.845411,0.821252,0.797738,0.774903,0.75277,0.731348,0.710637,0.690627,0.671304,0.652649,0.634638,0.617245,0.600446,0.584212,0.568517,0.553336,0.538642,0.524412,0.510622,0.497252,0.484279,0.471687,0.459456,0.447569,0.436012,0.42477,0.413829,0.403177,0.392802,0.382693,0.372841,0.363236,0.353869,0.344732,0.335817,0.327118,0.318627,0.310338,0.302245,0.294342,0.286625,0.279088,0.271726,0.264535,0.257511,0.25065,0.243946,0.237398,0.231001,0.224752,0.218647,0.212684,0.206859,0.201169,0.195611,0.190184,0.184883,0.179706,0.174652,0.169717,0.164898,0.160194,0.155603,0.151121,0.146748,0.14248,0.138316,0.134253,0.13029,0.126425,0.122655,0.118979,0.115395,0.111901,0.108495,0.105176,0.101942,0.0987904,0.0957202,0.0927298,0.0898172,0.0869813,0.0842199,0.0815319,0.0789154,0.0763692,0.0738915,0.0714811,0.0691362,0.0668557,0.0646378,0.0624816,0.0603851,0.0583475,0.056367,0.0544426,0.0525728,0.0507564,0.048992,0.0472785,0.0456145,0.043999,0.0424305,0.0409081,0.0394303,0.0379963,0.0366046,0.0352545,0.0339444,0.0326736,0.0314408,0.0302451,0.0290853,0.0279604,0.0268694,0.0258114,0.0247852,0.0237901,0.0228248,0.0218886,0.0209805,0.0200996,0.0192448,0.0184155,0.0176106,0.0168294,0.0160708,0.0153342,0.0146185,0.0139231,0.0132471,0.0125897,0.0119501,0.0113275,0.0107211,0.0101301,0.00955385,0.00899155,0.0084424,0.00790574,0.00738076,0.00686681,0.0063631,0.00586899,0.00538371,0.00490661,0.00443694,0.00397406,0.00351724,0.00306583,0.00261912,0.00217645,0.00173714,0.00130051,0.000865887
1,0.974463,0.949031,0.923804,0.898876,0.874332,0.850245,0.826676,0.803673,0.781271,0.759496,0.73836,0.717869,0.698019,0.678802,0.660205,0.64221,0.624799,0.60795,0.591641,0.57585,0.560554,0.545732,0.531362,0.517424,0.503898,0.490766,0.47801,0.465614,0.453561,0.441839,0.430431,0.419327,0.408514,0.39798,0.387716,0.377711,0.367956,0.358443,0.349163,0.340109,0.331274,0.322651,0.314234,0.306017,0.297993,0.290159,0.282508,0.275036,0.267738,0.26061,0.253648,0.246848,0.240205,0.233717,0.227379,0.221189,0.215142,0.209237,0.203469,0.197836,0.192336,0.186964,0.181719,0.176599,0.171599,0.166719,0.161955,0.157305,0.152768,0.14834,0.144019,0.139804,0.135692,0.131681,0.127769,0.123954,0.120235,0.116609,0.113074,0.109629,0.106271,0.103,0.0998123,0.0967074,0.0936832,0.0907382,0.0878704,0.0850786,0.0823608,0.0797158,0.0771417,0.0746373,0.0722006,0.0698307,0.0675256,0.0652842,0.0631049,0.0609864,0.0589272,0.0569261,0.0549814,0.0530922,0.0512569,0.0494743,0.0477431,0.0460621,0.0444299,0.0428455,0.0413074,0.0398148,0.0383661,0.0369605,0.0355966,0.0342736,0.0329899,0.0317449,0.0305372,0.0293659,0.0282298,0.0271281,0.0260596,0.0250234,0.0240183,0.0230437,0.0220982,0.0211813,0.0202917,0.0194287,0.0185912,0.0177786,0.0169897,0.0162238,0.01548,0.0147575,0.0140554,0.0133729,0.0127092,0.0120634,0.0114348,0.0108226,0.010226,0.00964429,0.00907659,0.00852225,0.00798044,0.00745051,0.00693165,0.0064232,0.00592437,0.00543452,0.00495288,0.00447879,0.00401152,0.00355041,0.00309472,0.00264381,0.00219696,0.00175351,0.00131276,0.000874046
1,0.975261,0.950613,0.926141,0.901928,0.878048,0.854568,0.831541,0.809015,0.787025,0.765594,0.744741,0.724473,0.704793,0.685697,0.667176,0.649219,0.63181,0.614935,0.598574,0.58271,0.567323,0.552394,0.537906,0.52384,0.510179,0.496905,0.484004,0.471459,0.459256,0.447382,0.435824,0.424569,0.413606,0.402925,0.392515,0.382367,0.372472,0.362822,0.353407,0.344222,0.335259,0.326511,0.317973,0.309637,0.301499,0.293552,0.285793,0.278215,0.270815,0.263588,0.25653,0.249636,0.242903,0.236327,0.229904,0.223632,0.217506,0.211523,0.205681,0.199976,0.194405,0.188966,0.183655,0.178471,0.17341,0.16847,0.163648,0.158942,0.154351,0.14987,0.145499,0.141234,0.137075,0.133017,0.129061,0.125203,0.121442,0.117775,0.114201,0.110718,0.107324,0.104016,0.100794,0.0976559,0.0945994,0.0916229,0.0887249,0.0859035,0.0831574,0.0804846,0.0778839,0.0753534,0.0728919,0.0704975,0.0681691,0.0659049,0.0637037,0.0615637,0.059484,0.0574627,0.0554989,0.0535908,0.0517375,0.0499373,0.0481892,0.0464916,0.0448436,0.0432437,0.0416909,0.0401837,0.0387212,0.037302,0.0359252,0.0345894,0.0332936,0.0320367,0.0308176,0.0296351,0.0284884,0.0273763,0.0262978,0.0252517,0.0242374,0.0232535,0.0222994,0.0213738,0.0204761,0.019605,0.0187599,0.0179396,0.0171436,0.0163706,0.01562,0.0148908,0.0141823,0.0134936,0.0128238,0.0121721,0.0115378,0.01092,0.0103181,0.009731,0.0091582,0.0085988,0.00805213,0.00751738,0.00699387,0.0064808,0.00597752,0.00548323,0.00499728,0.00451892,0.00404747,0.0035822,0.00312244,0.00266747,0.00221663,0.0017692,0.00132451,0.000881866
1,0.975971,0.95202,0.928223,0.904652,0.881372,0.858443,0.835916,0.813833,0.792228,0.771127,0.750549,0.730505,0.710999,0.692033,0.673601,0.655697,0.638309,0.621426,0.605033,0.589115,0.573657,0.558642,0.544055,0.529879,0.5161,0.502702,0.489671,0.476993,0.464654,0.452643,0.440946,0.429553,0.418453,0.407635,0.39709,0.386809,0.376782,0.367003,0.357462,0.348154,0.339069,0.330204,0.32155,0.313102,0.304854,0.296802,0.288939,0.281262,0.273764,0.266442,0.259292,0.252309,0.24549,0.23883,0.232326,0.225975,0.219773,0.213716,0.207802,0.202028,0.19639,0.190885,0.185512,0.180266,0.175146,0.170149,0.165272,0.160513,0.155869,0.151338,0.146918,0.142606,0.138401,0.134299,0.1303,0.126401,0.122599,0.118894,0.115282,0.111762,0.108332,0.104991,0.101736,0.0985653,0.0954775,0.092471,0.0895437,0.0866942,0.0839206,0.0812215,0.078595,0.0760399,0.0735541,0.0711367,0.0687855,0.0664996,0.0642771,0.0621169,0.0600172,0.057977,0.0559944,0.0540686,0.0521977,0.0503808,0.0486163,0.0469031,0.0452398,0.0436252,0.042058,0.0405372,0.0390612,0.0376292,0.0362397,0.0348919,0.0335843,0.0323161,0.031086,0.029893,0.0287359,0.0276139,0.0265257,0.0254705,0.024447,0.0234546,0.0224919,0.0215583,0.0206525,0.0197739,0.0189212,0.0180939,0.0172908,0.0165111,0.0157539,0.0150185,0.0143038,0.0136091,0.0129335,0.0122762,0.0116364,0.0110133,0.0104061,0.00981403,0.00923625,0.00867209,0.0081207,0.0075814,0.00705338,0.00653596,0.00602834,0.00552987,0.00503975,0.00455733,0.00408185,0.00361264,0.00314895,0.00269013,0.00223544,0.00178422,0.00133575,0.000889354
1,0.976604,0.953276,0.930083,0.907088,0.884351,0.861925,0.839855,0.818182,0.796939,0.776151,0.755837,0.736012,0.716682,0.69785,0.679517,0.661678,0.644325,0.627449,0.61104,0.595085,0.579573,0.564488,0.549819,0.53555,0.521669,0.508162,0.495016,0.482219,0.469758,0.457622,0.445799,0.43428,0.423053,0.412108,0.401438,0.391033,0.380884,0.370984,0.361325,0.3519,0.342703,0.333726,0.324963,0.316409,0.308059,0.299906,0.291945,0.284172,0.276582,0.26917,0.261933,0.254865,0.247963,0.241223,0.234642,0.228216,0.221941,0.215814,0.209831,0.203991,0.198288,0.192722,0.187288,0.181984,0.176808,0.171755,0.166825,0.162015,0.157321,0.152742,0.148275,0.143918,0.139669,0.135525,0.131485,0.127546,0.123706,0.119963,0.116315,0.11276,0.109297,0.105923,0.102636,0.0994345,0.0963172,0.0932816,0.0903266,0.0874499,0.0846503,0.0819257,0.0792749,0.0766958,0.0741872,0.0717473,0.0693748,0.0670679,0.0648253,0.0626454,0.0605269,0.0584682,0.0564681,0.0545249,0.0526375,0.0508044,0.0490245,0.0472961,0.0456183,0.0439895,0.0424088,0.0408746,0.039386,0.0379415,0.0365402,0.0351806,0.033862,0.0325829,0.0313424,0.0301391,0.0289724,0.0278408,0.0267435,0.0256793,0.0246473,0.0236464,0.0226758,0.0217342,0.020821,0.019935,0.0190754,0.0182411,0.0174314,0.0166452,0.0158819,0.0151403,0.0144198,0.0137193,0.0130382,0.0123755,0.0117305,0.0111023,0.0104902,0.00989323,0.00931081,0.00874202,0.00818619,0.00764248,0.00711022,0.00658857,0.00607689,0.00557435,0.00508031,0.00459397,0.00411468,0.00364167,0.00317427,0.00271174,0.00225341,0.00179855,0.00134649,0.000896497
1,0.977169,0.954399,0.931748,0.909273,0.887026,0.865056,0.843406,0.822111,0.801205,0.780712,0.760651,0.741038,0.721881,0.703188,0.684958,0.667191,0.649883,0.633027,0.616614,0.600637,0.585085,0.569945,0.555208,0.540861,0.526892,0.51329,0.500043,0.48714,0.474569,0.462321,0.450384,0.438748,0.427405,0.416345,0.405559,0.395039,0.384776,0.374764,0.364995,0.355461,0.346157,0.337076,0.328211,0.319557,0.311109,0.302861,0.294807,0.286944,0.279266,0.27177,0.264449,0.257301,0.250321,0.243506,0.236851,0.230353,0.224008,0.217814,0.211766,0.205863,0.200099,0.194473,0.188982,0.183623,0.178392,0.173288,0.168307,0.163447,0.158706,0.154081,0.14957,0.14517,0.140879,0.136695,0.132615,0.128638,0.124761,0.120983,0.1173,0.113712,0.110216,0.106811,0.103494,0.100263,0.0971174,0.0940546,0.0910727,0.0881704,0.0853457,0.0825971,0.0799226,0.0773211,0.0747904,0.0723294,0.0699361,0.0676095,0.0653475,0.0631491,0.0610124,0.0589363,0.0569191,0.0549597,0.0530564,0.0512081,0.0494132,0.0476706,0.0459788,0.0443367,0.0427428,0.0411961,0.0396952,0.0382391,0.0368262,0.0354558,0.0341264,0.032837,0.0315864,0.0303736,0.0291974,0.0280569,0.0269507,0.0258782,0.0248379,0.0238292,0.0228508,0.0219019,0.0209814,0.0200885,0.019222,0.0183813,0.0175652,0.016773,0.0160036,0.0152563,0.0145301,0.0138243,0.0131378,0.0124701,0.01182,0.011187,0.0105701,0.00996868,0.00938172,0.00880862,0.00824849,0.00770066,0.00716428,0.00663869,0.00612306,0.00561673,0.00511889,0.00462888,0.00414591,0.00366933,0.00319836,0.00273233,0.00227051,0.0018122,0.0013567,0.0009033
1,0.977676,0.955405,0.933241,0.911234,0.889431,0.867876,0.846609,0.825663,0.805069,0.784852,0.765031,0.745621,0.726635,0.708078,0.689954,0.672265,0.655009,0.638182,0.621777,0.605789,0.590208,0.575027,0.560234,0.545822,0.531778,0.518094,0.504758,0.49176,0.479092,0.466742,0.454701,0.442961,0.431511,0.420344,0.409452,0.398825,0.388458,0.378341,0.368469,0.358834,0.34943,0.340251,0.33129,0.322543,0.314003,0.305665,0.297525,0.289577,0.281816,0.274238,0.26684,0.259615,0.252561,0.245674,0.238949,0.232383,0.225973,0.219715,0.213606,0.207642,0.201821,0.196138,0.190593,0.18518,0.179898,0.174744,0.169715,0.164809,0.160023,0.155354,0.1508,0.146359,0.142029,0.137806,0.133689,0.129676,0.125764,0.121952,0.118237,0.114617,0.111091,0.107655,0.104309,0.101051,0.097878,0.0947888,0.0917818,0.0888548,0.0860065,0.0832347,0.0805382,0.0779149,0.0753635,0.0728822,0.0704696,0.0681238,0.0658437,0.0636273,0.0614736,0.0593808,0.0573477,0.0553726,0.0534543,0.0515913,0.0497824,0.0480261,0.0463212,0.0446662,0.0430601,0.0415013,0.0399889,0.0385215,0.0370979,0.0357169,0.0343775,0.0330782,0.0318182,0.0305961,0.0294112,0.0282619,0.0271476,0.0260668,0.0250189,0.0240026,0.023017,0.0220609,0.0211337,0.0202341,0.0193613,0.0185143,0.0176923,0.0168941,0.0161192,0.0153663,0.0146349,0.0139238,0.0132325,0.0125598,0.0119051,0.0112674,0.0106461,0.0100402,0.00944907,0.00887177,0.00830764,0.00775582,0.00721562,0.00668621,0.00616691,0.00565691,0.00515552,0.00466197,0.00417557,0.00369555,0.00322123,0.00275185,0.00228674,0.00182515,0.00136639,0.00090975
1,0.97813,0.956308,0.934582,0.912996,0.891594,0.870416,0.849499,0.828873,0.808569,0.788609,0.769013,0.749798,0.730974,0.712552,0.694535,0.676927,0.659728,0.642936,0.626547,0.610556,0.594958,0.579745,0.564909,0.550441,0.536334,0.522578,0.509165,0.496084,0.483328,0.470887,0.458753,0.446917,0.435371,0.424107,0.413116,0.402392,0.391927,0.381714,0.371746,0.362017,0.35252,0.34325,0.3342,0.325365,0.316739,0.308318,0.300095,0.292067,0.284228,0.276575,0.269102,0.261806,0.254682,0.247727,0.240936,0.234307,0.227834,0.221516,0.215348,0.209328,0.203451,0.197716,0.192118,0.186656,0.181325,0.176124,0.17105,0.166099,0.16127,0.15656,0.151966,0.147486,0.143118,0.138859,0.134707,0.130659,0.126714,0.12287,0.119124,0.115474,0.111918,0.108455,0.105081,0.101797,0.098598,0.0954842,0.092453,0.089503,0.086632,0.0838386,0.0811208,0.0784773,0.0759059,0.0734056,0.0709743,0.0686108,0.0663131,0.0640802,0.0619101,0.0598016,0.0577531,0.0557634,0.0538308,0.0519541,0.0501317,0.0483626,0.046645,0.0449781,0.0433601,0.0417902,0.0402667,0.0387888,0.0373549,0.0359641,0.0346149,0.0333065,0.0320374,0.0308068,0.0296132,0.028456,0.0273337,0.0262454,0.02519,0.0241667,0.0231741,0.0222115,0.0212777,0.0203719,0.019493,0.0186402,0.0178124,0.0170088,0.0162284,0.0154705,0.0147339,0.0140181,0.0133219,0.0126447,0.0119854,0.0113435,0.0107179,0.0101079,0.00951271,0.00893154,0.00836354,0.00780803,0.00726413,0.00673118,0.00620834,0.00569493,0.00519014,0.00469329,0.00420359,0.00372036,0.00324283,0.00277032,0.00230207,0.00183739,0.00137555,0.000915854
1,0.978537,0.957118,0.935785,0.914579,0.89354,0.872704,0.852105,0.831773,0.811735,0.792014,0.772629,0.753597,0.734929,0.716637,0.698725,0.681199,0.66406,0.647308,0.630941,0.614956,0.599348,0.584112,0.569241,0.554729,0.540569,0.526751,0.51327,0.500117,0.487283,0.474761,0.462542,0.45062,0.438986,0.427632,0.416552,0.405738,0.395184,0.384882,0.374826,0.365009,0.355427,0.346071,0.336938,0.328021,0.319315,0.310815,0.302517,0.294413,0.286502,0.278777,0.271236,0.263872,0.256683,0.249663,0.242811,0.236121,0.22959,0.223215,0.216992,0.210918,0.20499,0.199204,0.193558,0.188048,0.182672,0.177426,0.172309,0.167317,0.162447,0.157698,0.153066,0.148549,0.144146,0.139852,0.135667,0.131587,0.127611,0.123736,0.119961,0.116282,0.112699,0.109209,0.10581,0.1025,0.0992773,0.09614,0.0930863,0.0901141,0.087222,0.0844079,0.0816704,0.0790074,0.0764176,0.073899,0.0714504,0.0690698,0.0667559,0.0645069,0.0623217,0.0601982,0.0581355,0.0561318,0.0541858,0.052296,0.0504611,0.0486796,0.0469505,0.0452719,0.0436431,0.0420623,0.0405287,0.0390406,0.0375972,0.0361969,0.0348388,0.0335215,0.032244,0.0310051,0.0298038,0.0286388,0.0275091,0.0264136,0.0253514,0.0243212,0.0233222,0.0223532,0.0214134,0.0205016,0.0196171,0.0187587,0.0179256,0.0171168,0.0163314,0.0155685,0.0148273,0.0141068,0.0134062,0.0127246,0.0120612,0.0114151,0.0107855,0.0101717,0.00957271,0.0089878,0.00841625,0.00785716,0.00730987,0.00677351,0.0062474,0.00573072,0.00522277,0.00472277,0.00423001,0.00374372,0.0032632,0.00278771,0.00231653,0.00184892,0.00138419,0.000921599
1,0.978902,0.957844,0.936864,0.916001,0.895289,0.874762,0.854453,0.834389,0.814595,0.795095,0.775906,0.757046,0.738526,0.720358,0.702549,0.685104,0.668027,0.651318,0.634977,0.619003,0.603392,0.58814,0.573243,0.558695,0.544489,0.530619,0.517079,0.503862,0.490959,0.478364,0.466071,0.45407,0.442357,0.430923,0.419761,0.408865,0.398228,0.387845,0.377707,0.36781,0.358148,0.348714,0.339504,0.330511,0.321731,0.313158,0.304787,0.296615,0.288635,0.280844,0.273237,0.265811,0.25856,0.251481,0.244571,0.237824,0.231239,0.22481,0.218536,0.212412,0.206435,0.200602,0.19491,0.189356,0.183936,0.178649,0.173491,0.16846,0.163553,0.158767,0.154099,0.149548,0.145111,0.140785,0.136568,0.132458,0.128453,0.124549,0.120746,0.117041,0.113432,0.109917,0.106494,0.103161,0.0999151,0.0967559,0.0936807,0.0906881,0.0877759,0.0849426,0.0821862,0.0795053,0.0768978,0.0743624,0.0718972,0.0695008,0.0671714,0.0649077,0.0627079,0.0605707,0.0584943,0.0564776,0.0545189,0.0526169,0.0507701,0.0489773,0.0472369,0.0455479,0.0439085,0.0423179,0.0407744,0.039277,0.0378244,0.0364154,0.0350487,0.0337233,0.0324378,0.0311913,0.0299825,0.0288103,0.0276736,0.0265715,0.0255027,0.0244663,0.0234611,0.0224863,0.0215406,0.0206234,0.0197334,0.0188699,0.0180317,0.0172181,0.016428,0.0156606,0.0149148,0.0141901,0.0134852,0.0127996,0.0121322,0.0114823,0.010849,0.0102315,0.00962894,0.00904062,0.00846563,0.00790329,0.00735273,0.00681325,0.006284,0.00576431,0.00525335,0.00475044,0.00425476,0.00376564,0.00328229,0.00280403,0.00233007,0.00185974,0.00139228,0.000926992
1,0.979229,0.958495,0.937832,0.917275,0.896858,0.876611,0.856564,0.836744,0.817174,0.797876,0.778869,0.760169,0.741788,0.723738,0.706028,0.688662,0.671646,0.654982,0.63867,0.622711,0.607102,0.591841,0.576924,0.562346,0.548103,0.534189,0.520598,0.507324,0.494361,0.481702,0.469341,0.457271,0.445485,0.433978,0.422742,0.411772,0.401061,0.390602,0.38039,0.370419,0.360684,0.351177,0.341896,0.332833,0.323984,0.315343,0.306907,0.298669,0.290627,0.282774,0.275107,0.267622,0.260314,0.253179,0.246215,0.239416,0.232779,0.226301,0.219978,0.213807,0.207785,0.201908,0.196173,0.190578,0.185118,0.179792,0.174597,0.169529,0.164586,0.159765,0.155065,0.150481,0.146013,0.141657,0.137411,0.133272,0.129239,0.125309,0.121481,0.117751,0.114117,0.110579,0.107133,0.103778,0.100511,0.0973311,0.0942363,0.0912242,0.0882935,0.085442,0.0826682,0.0799702,0.0773465,0.0747951,0.0723147,0.0699033,0.0675597,0.0652819,0.0630687,0.0609183,0.0588295,0.0568005,0.0548301,0.0529166,0.0510588,0.0492552,0.0475046,0.0458054,0.0441565,0.0425563,0.0410039,0.0394977,0.0380367,0.0366194,0.0352449,0.0339117,0.0326189,0.0313651,0.0301494,0.0289704,0.0278273,0.0267188,0.025644,0.0246016,0.0235908,0.0226104,0.0216595,0.020737,0.0198422,0.0189737,0.0181309,0.0173126,0.0165182,0.0157464,0.0149966,0.0142677,0.013559,0.0128696,0.0121985,0.011545,0.0109082,0.0102873,0.00968146,0.00908986,0.00851177,0.00794631,0.00739277,0.0068503,0.0063182,0.00579564,0.00528192,0.00477624,0.00427789,0.00378608,0.00330013,0.00281924,0.00234273,0.00186983,0.00139984,0.00093202
1,0.979522,0.959076,0.938697,0.918416,0.898263,0.878269,0.858459,0.838859,0.819493,0.80038,0.78154,0.762988,0.744736,0.726797,0.70918,0.69189,0.674934,0.658315,0.642035,0.626093,0.610491,0.595225,0.580293,0.565692,0.551418,0.537466,0.523831,0.510509,0.497492,0.484777,0.472355,0.460223,0.448373,0.4368,0.425498,0.41446,0.40368,0.393153,0.382873,0.372835,0.363032,0.35346,0.344113,0.334986,0.326073,0.317371,0.308873,0.300576,0.292475,0.284565,0.276843,0.269303,0.261942,0.254756,0.247742,0.240894,0.23421,0.227686,0.221319,0.215104,0.20904,0.203122,0.197347,0.191713,0.186216,0.180854,0.175624,0.170522,0.165546,0.160694,0.155962,0.151349,0.146851,0.142467,0.138194,0.134029,0.12997,0.126016,0.122163,0.11841,0.114754,0.111194,0.107727,0.104351,0.101065,0.0978657,0.0947521,0.0917223,0.0887741,0.085906,0.0831158,0.0804022,0.0777631,0.0751971,0.0727023,0.0702773,0.0679201,0.0656295,0.0634037,0.0612413,0.0591406,0.0571004,0.0551189,0.0531949,0.0513268,0.0495134,0.047753,0.0460446,0.0443866,0.0427779,0.0412169,0.0397027,0.0382336,0.0368089,0.0354268,0.0340867,0.0327868,0.0315265,0.0303042,0.0291191,0.0279699,0.0268557,0.0257751,0.0247273,0.0237111,0.0227257,0.0217698,0.0208426,0.019943,0.0190701,0.0182228,0.0174004,0.0166018,0.0158261,0.0150724,0.0143399,0.0136275,0.0129345,0.01226,0.0116032,0.0109631,0.0103391,0.00973017,0.00913561,0.00855455,0.00798627,0.00742989,0.00688472,0.0063499,0.00582474,0.00530841,0.00480021,0.00429933,0.00380507,0.00331666,0.00283338,0.00235446,0.00187921,0.00140685,0.000936692
1,0.979782,0.959595,0.939469,0.919433,0.899517,0.879748,0.860152,0.840751,0.821569,0.802625,0.783937,0.76552,0.747388,0.729552,0.712022,0.694805,0.677907,0.661332,0.645084,0.629162,0.613568,0.598301,0.583359,0.56874,0.554441,0.540457,0.526785,0.51342,0.500357,0.487591,0.475117,0.462929,0.451022,0.43939,0.428027,0.416928,0.406087,0.395499,0.385158,0.375058,0.365194,0.355561,0.346155,0.336968,0.327998,0.319239,0.310685,0.302334,0.294179,0.286217,0.278443,0.270854,0.263445,0.256211,0.24915,0.242258,0.23553,0.228964,0.222555,0.216301,0.210198,0.204242,0.198431,0.192761,0.18723,0.181834,0.176572,0.171438,0.166432,0.16155,0.15679,0.152149,0.147625,0.143215,0.138916,0.134727,0.130645,0.126667,0.122793,0.119018,0.115342,0.111761,0.108275,0.10488,0.101576,0.0983588,0.0952284,0.0921818,0.0892177,0.0863339,0.0835289,0.0808006,0.0781476,0.0755679,0.07306,0.0706221,0.0682528,0.0659501,0.0637129,0.0615392,0.0594278,0.057377,0.0553855,0.0534515,0.0515741,0.0497513,0.0479822,0.0462651,0.0445989,0.042982,0.0414134,0.0398916,0.0384154,0.0369835,0.0355948,0.0342479,0.0329418,0.0316752,0.0304471,0.0292562,0.0281015,0.0269817,0.025896,0.0248431,0.0238222,0.0228319,0.0218715,0.0209398,0.020036,0.0191589,0.0183077,0.0174813,0.016679,0.0158996,0.0151424,0.0144063,0.0136907,0.0129944,0.0123168,0.0116568,0.0110138,0.0103868,0.00977511,0.00917775,0.00859403,0.00802306,0.00746415,0.00691641,0.00637916,0.00585154,0.00533285,0.00482228,0.00431911,0.00382256,0.00333192,0.00284639,0.00236529,0.00188784,0.00141332,0.000940993
1,0.980013,0.960054,0.940153,0.920336,0.900631,0.881064,0.861657,0.842436,0.823419,0.804627,0.786077,0.767784,0.749761,0.73202,0.714571,0.697422,0.680578,0.664046,0.647829,0.631928,0.616345,0.60108,0.586131,0.571498,0.557178,0.543167,0.529464,0.516062,0.502959,0.490149,0.477629,0.465392,0.453434,0.441749,0.430333,0.419179,0.408283,0.397639,0.387242,0.377087,0.367168,0.357481,0.34802,0.338781,0.329758,0.320947,0.312343,0.303941,0.295738,0.287728,0.279908,0.272273,0.264819,0.257543,0.25044,0.243507,0.236739,0.230134,0.223688,0.217397,0.211258,0.205268,0.199423,0.193721,0.188158,0.182732,0.17744,0.172278,0.167244,0.162335,0.157549,0.152882,0.148333,0.143899,0.139578,0.135366,0.131263,0.127264,0.123369,0.119575,0.115879,0.112281,0.108776,0.105365,0.102043,0.0988105,0.0956642,0.0926027,0.0896237,0.0867259,0.083907,0.0811655,0.0784995,0.0759074,0.0733874,0.0709379,0.0685571,0.0662437,0.0639957,0.0618119,0.0596905,0.0576302,0.0556293,0.0536866,0.0518003,0.0499693,0.0481919,0.0464671,0.0447931,0.043169,0.0415932,0.0400646,0.0385816,0.0371434,0.0357484,0.0343956,0.0330836,0.0318114,0.0305778,0.0293817,0.0282218,0.0270972,0.0260066,0.0249492,0.0239237,0.0229292,0.0219645,0.0210289,0.020121,0.0192402,0.0183853,0.0175554,0.0167495,0.0159669,0.0152063,0.0144672,0.0137484,0.0130492,0.0123687,0.011706,0.0110602,0.0104306,0.00981618,0.00921634,0.0086301,0.00805677,0.00749545,0.00694545,0.00640589,0.00587608,0.00535518,0.00484249,0.00433719,0.00383858,0.00334586,0.00285832,0.00237518,0.00189574,0.00141923,0.000944933
1,0.980216,0.96046,0.940756,0.921133,0.901614,0.882225,0.862988,0.843925,0.825056,0.8064,0.787974,0.769792,0.751868,0.734214,0.716839,0.699752,0.68296,0.666468,0.650281,0.634401,0.61883,0.603568,0.588616,0.573972,0.559635,0.545603,0.531872,0.51844,0.505302,0.492454,0.479893,0.467613,0.45561,0.443878,0.432415,0.421212,0.410268,0.399574,0.389128,0.378923,0.368955,0.359219,0.349709,0.340422,0.331352,0.322494,0.313844,0.305398,0.297151,0.289098,0.281236,0.27356,0.266066,0.25875,0.251609,0.244639,0.237835,0.231195,0.224715,0.218391,0.21222,0.206198,0.200323,0.194592,0.189001,0.183547,0.178227,0.173039,0.16798,0.163047,0.158237,0.153547,0.148976,0.144521,0.140178,0.135946,0.131823,0.127806,0.123892,0.12008,0.116367,0.112752,0.109231,0.105804,0.102468,0.09922,0.0960596,0.0929842,0.0899921,0.0870812,0.08425,0.0814963,0.0788188,0.0762152,0.0736844,0.0712241,0.0688333,0.0665097,0.0642523,0.0620591,0.0599289,0.0578597,0.0558506,0.0538995,0.0520055,0.0501667,0.0483822,0.04665,0.0449694,0.0433384,0.0417563,0.0402213,0.0387325,0.0372883,0.0358877,0.0345293,0.0332122,0.0319348,0.0306963,0.0294953,0.0283309,0.0272018,0.026107,0.0250453,0.0240158,0.0230173,0.0220489,0.0211095,0.0201982,0.0193138,0.0184556,0.0176225,0.0168135,0.0160278,0.0152644,0.0145223,0.0138008,0.0130989,0.0124157,0.0117504,0.0111022,0.0104701,0.00985346,0.00925127,0.00866284,0.00808727,0.00752386,0.00697172,0.00643015,0.0058983,0.00537545,0.00486079,0.0043536,0.00385308,0.00335851,0.00286911,0.00238416,0.0019029,0.00142459,0.000948498
1,0.980394,0.960814,0.941284,0.92183,0.902475,0.883242,0.864154,0.845231,0.826493,0.807957,0.78964,0.771558,0.753722,0.736146,0.718838,0.701808,0.685063,0.668609,0.65245,0.63659,0.621031,0.605775,0.590821,0.576169,0.561819,0.547769,0.534015,0.520556,0.507388,0.494508,0.481911,0.469594,0.457551,0.44578,0.434274,0.423029,0.412041,0.401304,0.390814,0.380566,0.370554,0.360774,0.351221,0.341892,0.332779,0.32388,0.315189,0.306703,0.298417,0.290326,0.282426,0.274713,0.267183,0.259833,0.252658,0.245654,0.238818,0.232147,0.225636,0.219282,0.213082,0.207033,0.20113,0.195373,0.189756,0.184277,0.178933,0.173722,0.16864,0.163685,0.158854,0.154144,0.149553,0.145078,0.140716,0.136467,0.132326,0.128291,0.124361,0.120533,0.116805,0.113175,0.109639,0.106198,0.102848,0.0995874,0.0964141,0.0933265,0.0903223,0.0874,0.0845574,0.0817931,0.0791049,0.0764914,0.0739505,0.071481,0.0690807,0.0667485,0.0644823,0.0622809,0.0601424,0.0580656,0.0560488,0.0540906,0.0521893,0.0503439,0.0485526,0.0468142,0.0451272,0.0434905,0.0419024,0.0403619,0.0388675,0.0374182,0.0360125,0.0346493,0.0333273,0.0320455,0.0308025,0.0295973,0.0284286,0.0272956,0.0261968,0.0251315,0.0240983,0.0230963,0.0221245,0.0211819,0.0202673,0.0193799,0.0185186,0.0176827,0.0168708,0.0160824,0.0153163,0.0145717,0.0138477,0.0131434,0.0124579,0.0117903,0.0111398,0.0105056,0.00988681,0.00928262,0.00869213,0.00811465,0.00754928,0.00699531,0.00645186,0.00591824,0.00539359,0.00487721,0.00436828,0.00386609,0.00336983,0.00287879,0.00239219,0.00190932,0.00142939,0.000951699
1,0.980548,0.96112,0.941741,0.922433,0.903219,0.884122,0.865163,0.846362,0.827738,0.809308,0.791087,0.773092,0.755335,0.737827,0.720579,0.7036,0.686897,0.670477,0.654345,0.638503,0.622957,0.607705,0.592751,0.578094,0.563734,0.549668,0.535896,0.522415,0.509222,0.496313,0.483686,0.471337,0.459261,0.447454,0.435912,0.42463,0.413605,0.40283,0.392301,0.382014,0.371964,0.362147,0.352556,0.343189,0.33404,0.325104,0.316378,0.307856,0.299535,0.29141,0.283477,0.275732,0.268171,0.26079,0.253585,0.246552,0.239687,0.232988,0.22645,0.22007,0.213845,0.20777,0.201844,0.196063,0.190424,0.184923,0.179558,0.174326,0.169224,0.164249,0.159399,0.154671,0.150062,0.14557,0.141193,0.136927,0.13277,0.128721,0.124776,0.120934,0.117192,0.113548,0.11,0.106546,0.103184,0.099912,0.0967277,0.0936289,0.0906144,0.0876817,0.0848294,0.0820553,0.079358,0.0767353,0.074186,0.0717078,0.0692996,0.0669593,0.0646857,0.0624768,0.0603313,0.0582475,0.0562241,0.0542593,0.052352,0.0505004,0.0487033,0.0469592,0.0452668,0.0436247,0.0420316,0.0404861,0.038987,0.037533,0.0361229,0.0347553,0.0334292,0.0321432,0.0308964,0.0296873,0.0285151,0.0273784,0.0262763,0.0252075,0.0241712,0.0231661,0.0221913,0.0212457,0.0203284,0.0194382,0.0185744,0.0177358,0.0169215,0.0161306,0.0153623,0.0146154,0.0138892,0.0131827,0.0124951,0.0118255,0.0111731,0.010537,0.00991633,0.00931027,0.00871806,0.00813881,0.00757178,0.00701611,0.00647108,0.00593582,0.00540964,0.0048917,0.00438127,0.00387756,0.00337985,0.00288733,0.0023993,0.00191498,0.00143364,0.000954521
1,0.980679,0.961381,0.942129,0.922946,0.903854,0.884873,0.866024,0.847328,0.828801,0.810461,0.792324,0.774404,0.756714,0.739266,0.72207,0.705136,0.688471,0.672081,0.655972,0.640148,0.624612,0.609367,0.594414,0.579753,0.565384,0.551307,0.537519,0.524019,0.510805,0.497873,0.48522,0.472844,0.460739,0.448902,0.43733,0.426016,0.414958,0.404151,0.39359,0.38327,0.373187,0.363336,0.353713,0.344314,0.335133,0.326166,0.317408,0.308857,0.300505,0.292351,0.28439,0.276617,0.269028,0.26162,0.254389,0.247331,0.240442,0.233718,0.227157,0.220754,0.214507,0.208411,0.202464,0.196663,0.191003,0.185484,0.1801,0.17485,0.169731,0.16474,0.159873,0.155129,0.150505,0.145998,0.141606,0.137326,0.133156,0.129093,0.125136,0.121282,0.117528,0.113873,0.110314,0.106849,0.103476,0.100194,0.0969997,0.0938917,0.0908678,0.0879264,0.0850653,0.0822831,0.0795775,0.0769473,0.0743902,0.0719049,0.0694895,0.0671425,0.0648621,0.062647,0.0604952,0.0584055,0.0563762,0.0544059,0.052493,0.0506363,0.048834,0.0470851,0.0453879,0.0437413,0.0421436,0.0405939,0.0390906,0.0376327,0.0362186,0.0348474,0.0335175,0.0322282,0.0309778,0.0297656,0.0285901,0.0274504,0.0263452,0.0252737,0.0242345,0.0232267,0.0222493,0.0213012,0.0203814,0.0194889,0.0186227,0.0177819,0.0169655,0.0161725,0.0154021,0.0146533,0.0139251,0.0132168,0.0125274,0.0118561,0.011202,0.0105642,0.0099419,0.00933431,0.00874052,0.0081598,0.00759127,0.0070342,0.00648772,0.00595112,0.00542354,0.00490429,0.00439253,0.00388754,0.00338852,0.00289476,0.00240546,0.00191991,0.00143732,0.000956976
1,0.980788,0.961599,0.942453,0.923374,0.904383,0.885499,0.866743,0.848134,0.829689,0.811425,0.793358,0.775501,0.757869,0.740471,0.72332,0.706424,0.68979,0.673426,0.657338,0.641529,0.626004,0.610764,0.595812,0.581149,0.566774,0.552687,0.538887,0.525372,0.51214,0.499189,0.486516,0.474116,0.461988,0.450126,0.438527,0.427188,0.416103,0.405268,0.394679,0.384332,0.374221,0.364343,0.354693,0.345266,0.336058,0.327065,0.318281,0.309704,0.301327,0.293148,0.285163,0.277366,0.269754,0.262324,0.255071,0.247991,0.241081,0.234337,0.227756,0.221334,0.215068,0.208954,0.202989,0.197171,0.191495,0.185959,0.18056,0.175295,0.170161,0.165155,0.160275,0.155517,0.15088,0.146361,0.141956,0.137664,0.133483,0.129409,0.125441,0.121576,0.117813,0.114147,0.110579,0.107105,0.103724,0.100433,0.0972304,0.0941142,0.0910827,0.0881336,0.0852654,0.0824759,0.0797637,0.0771267,0.0745634,0.0720718,0.0696505,0.0672976,0.0650117,0.062791,0.0606341,0.0585392,0.0565051,0.05453,0.0526126,0.0507513,0.0489449,0.0471917,0.0454906,0.0438399,0.0422387,0.0406852,0.0391785,0.037717,0.0362998,0.0349252,0.0335925,0.0323,0.0310469,0.0298317,0.0286536,0.0275113,0.0264037,0.0253296,0.0242881,0.023278,0.0222984,0.0213481,0.0204263,0.0195318,0.0186637,0.017821,0.0170028,0.016208,0.0154359,0.0146853,0.0139556,0.0132457,0.0125548,0.011882,0.0112265,0.0105872,0.00996361,0.00935463,0.00875958,0.00817755,0.00760781,0.00704948,0.00650184,0.00596404,0.00543535,0.00491493,0.00440208,0.00389597,0.00339589,0.00290104,0.00241069,0.00192407,0.00144044,0.00095905
1,0.980876,0.961774,0.942715,0.923721,0.904811,0.886005,0.867325,0.848786,0.830408,0.812206,0.794195,0.776391,0.758805,0.741449,0.724334,0.707469,0.690862,0.67452,0.658448,0.642653,0.627136,0.611902,0.596951,0.582286,0.567906,0.553812,0.540002,0.526476,0.51323,0.500263,0.487573,0.475155,0.463008,0.451126,0.439506,0.428145,0.417038,0.406182,0.39557,0.385201,0.375068,0.365167,0.355494,0.346045,0.336815,0.3278,0.318996,0.310397,0.302,0.293801,0.285796,0.27798,0.270349,0.2629,0.255629,0.248532,0.241604,0.234844,0.228247,0.221809,0.215527,0.209399,0.203419,0.197587,0.191897,0.186348,0.180936,0.175659,0.170513,0.165495,0.160604,0.155835,0.151187,0.146658,0.142243,0.137942,0.133751,0.129668,0.125691,0.121818,0.118046,0.114373,0.110797,0.107315,0.103927,0.100629,0.0974192,0.0942966,0.0912585,0.0883035,0.0854291,0.0826341,0.0799161,0.0772738,0.0747051,0.0722086,0.0697823,0.0674248,0.0651342,0.0629091,0.0607478,0.0586489,0.0566106,0.0546318,0.0527105,0.0508457,0.0490356,0.0472791,0.0455746,0.0439209,0.0423164,0.0407601,0.0392504,0.0377862,0.0363662,0.0349891,0.0336537,0.0323589,0.0311033,0.029886,0.0287056,0.0275612,0.0264514,0.0253755,0.024332,0.0233201,0.0223386,0.0213867,0.020463,0.0195669,0.0186972,0.017853,0.0170332,0.0162371,0.0154635,0.0147117,0.0139806,0.0132694,0.0125772,0.0119032,0.0112465,0.0106061,0.00998134,0.00937132,0.00877515,0.00819212,0.00762132,0.00706203,0.00651338,0.00597465,0.00544498,0.00492367,0.00440988,0.0039029,0.00340191,0.00290619,0.00241496,0.00192748,0.00144299,0.000960753
1,0.980944,0.96191,0.942917,0.923987,0.90514,0.886396,0.867773,0.849289,0.830962,0.812808,0.794842,0.777077,0.759527,0.742204,0.725117,0.708277,0.691691,0.675366,0.659308,0.643522,0.628013,0.612782,0.597834,0.583167,0.568784,0.554685,0.540868,0.527332,0.514076,0.501097,0.488394,0.475962,0.4638,0.451903,0.440267,0.42889,0.417766,0.406892,0.396263,0.385876,0.375726,0.365808,0.356118,0.346652,0.337405,0.328373,0.319552,0.310937,0.302524,0.294309,0.286289,0.278457,0.270812,0.263349,0.256063,0.248952,0.242012,0.235239,0.228629,0.222179,0.215885,0.209745,0.203755,0.197911,0.192211,0.186651,0.18123,0.175942,0.170787,0.16576,0.16086,0.156083,0.151427,0.146889,0.142467,0.138158,0.13396,0.12987,0.125886,0.122006,0.118227,0.114548,0.110966,0.107479,0.104085,0.100781,0.0975664,0.0944385,0.0913956,0.0884356,0.0855568,0.082757,0.0800349,0.0773882,0.0748156,0.072315,0.069885,0.0675236,0.0652296,0.063001,0.0608365,0.0587342,0.0566929,0.0547108,0.0527868,0.050919,0.0491063,0.0473471,0.0456401,0.0439838,0.042377,0.0408183,0.0393064,0.03784,0.0364179,0.0350388,0.0337015,0.0324047,0.0311474,0.0299282,0.0287462,0.0276,0.0264887,0.0254111,0.0243662,0.0233528,0.02237,0.0214166,0.0204917,0.0195942,0.0187233,0.0178779,0.017057,0.0162596,0.015485,0.0147321,0.014,0.0132878,0.0125947,0.0119197,0.0112621,0.0106208,0.00999518,0.00938426,0.00878731,0.00820343,0.00763187,0.00707177,0.00652239,0.00598288,0.00545251,0.00493045,0.00441598,0.00390827,0.00340661,0.00291019,0.00241829,0.00193014,0.00144499,0.000962074
1,0.980992,0.962006,0.94306,0.924176,0.905374,0.886672,0.86809,0.849646,0.831355,0.813235,0.7953,0.777565,0.760041,0.742741,0.725674,0.708851,0.69228,0.675967,0.659919,0.644141,0.628637,0.61341,0.598462,0.583795,0.56941,0.555306,0.541484,0.527942,0.514679,0.501692,0.48898,0.476538,0.464365,0.452457,0.44081,0.429421,0.418285,0.407399,0.396758,0.386359,0.376196,0.366266,0.356563,0.347085,0.337826,0.328782,0.319949,0.311323,0.302898,0.294673,0.286641,0.278799,0.271143,0.263669,0.256374,0.249253,0.242303,0.235521,0.228902,0.222443,0.216141,0.209992,0.203994,0.198143,0.192435,0.186868,0.181439,0.176145,0.170983,0.16595,0.161043,0.15626,0.151598,0.147054,0.142626,0.138312,0.134109,0.130014,0.126025,0.12214,0.118357,0.114674,0.111087,0.107596,0.104197,0.10089,0.0976715,0.0945401,0.0914935,0.0885302,0.0856478,0.0828451,0.0801196,0.0774701,0.0748944,0.0723912,0.0699583,0.0675944,0.0652977,0.0630667,0.0608997,0.0587952,0.0567516,0.0547675,0.0528412,0.0509715,0.0491568,0.0473957,0.0456868,0.0440288,0.0424202,0.04086,0.0393464,0.0378785,0.0364548,0.0350744,0.0337356,0.0324375,0.0311788,0.0299584,0.0287751,0.0276278,0.0265153,0.0254366,0.0243906,0.0233762,0.0223923,0.021438,0.0205121,0.0196138,0.018742,0.0178957,0.0170739,0.0162758,0.0155004,0.0147467,0.0140139,0.013301,0.0126072,0.0119315,0.0112732,0.0106313,0.010005,0.00939355,0.00879596,0.00821154,0.00763938,0.00707876,0.0065288,0.00598879,0.00545787,0.00493532,0.00442031,0.00391212,0.00340995,0.00291306,0.00242066,0.00193204,0.0014464,0.000963022
1,0.981021,0.962063,0.943146,0.924289,0.905514,0.886838,0.86828,0.849859,0.83159,0.813491,0.795575,0.777856,0.760348,0.743061,0.726007,0.709195,0.692632,0.676327,0.660285,0.644511,0.62901,0.613785,0.598838,0.584171,0.569785,0.555679,0.541854,0.528308,0.515041,0.502049,0.489331,0.476883,0.464704,0.452789,0.441136,0.42974,0.418597,0.407703,0.397055,0.386648,0.376478,0.36654,0.356831,0.347345,0.338079,0.329028,0.320188,0.311554,0.303123,0.29489,0.286852,0.279004,0.271342,0.263862,0.256561,0.249434,0.242478,0.23569,0.229066,0.222602,0.216295,0.210141,0.204138,0.198282,0.19257,0.186998,0.181565,0.176267,0.1711,0.166063,0.161153,0.156366,0.151701,0.147153,0.142722,0.138405,0.134198,0.1301,0.126109,0.122221,0.118435,0.114749,0.11116,0.107666,0.104265,0.100955,0.0977347,0.0946009,0.0915524,0.0885868,0.0857027,0.0828978,0.0801706,0.0775191,0.0749419,0.0724367,0.0700024,0.0676368,0.0653387,0.0631061,0.0609377,0.0588318,0.0567869,0.0548014,0.052874,0.051003,0.0491872,0.0474248,0.0457149,0.0440558,0.0424463,0.0408849,0.0393705,0.0379016,0.0364771,0.0350956,0.0337561,0.0324571,0.0311977,0.0299765,0.0287925,0.0276444,0.0265313,0.0254519,0.0244053,0.0233902,0.0224058,0.0214508,0.0205244,0.0196255,0.0187532,0.0179063,0.0170841,0.0162855,0.0155096,0.0147555,0.0140222,0.0133089,0.0126147,0.0119386,0.0112799,0.0106376,0.010011,0.00939909,0.00880119,0.00821638,0.00764392,0.00708292,0.00653268,0.00599231,0.0054611,0.00493822,0.00442293,0.00391442,0.00341197,0.00291477,0.0024221,0.00193317,0.00144726,0.000963587
1,0.981031,0.962082,0.943174,0.924327,0.90556,0.886893,0.868343,0.84993,0.831669,0.813576,0.795666,0.777953,0.76045,0.743168,0.726118,0.709309,0.69275,0.676447,0.660407,0.644635,0.629135,0.61391,0.598964,0.584296,0.569909,0.555803,0.541977,0.52843,0.515161,0.502168,0.489448,0.476999,0.464817,0.4529,0.441244,0.429846,0.418701,0.407805,0.397154,0.386745,0.376572,0.366632,0.35692,0.347432,0.338163,0.329109,0.320267,0.311631,0.303198,0.294963,0.286922,0.279072,0.271408,0.263926,0.256623,0.249494,0.242537,0.235747,0.22912,0.222655,0.216346,0.210191,0.204186,0.198328,0.192614,0.187042,0.181607,0.176307,0.171139,0.166101,0.161189,0.156402,0.151735,0.147187,0.142754,0.138436,0.134228,0.130129,0.126136,0.122248,0.118461,0.114774,0.111184,0.107689,0.104288,0.100977,0.0977556,0.0946213,0.0915719,0.0886058,0.0857208,0.0829155,0.0801875,0.0775356,0.0749576,0.0724521,0.070017,0.067651,0.0653522,0.0631193,0.0609503,0.058844,0.0567986,0.0548128,0.0528848,0.0510135,0.0491972,0.0474346,0.0457242,0.0440649,0.0424549,0.0408933,0.0393784,0.0379093,0.0364844,0.0351028,0.0337629,0.0324637,0.0312039,0.0299826,0.0287982,0.02765,0.0265366,0.025457,0.0244101,0.0233949,0.0224102,0.0214551,0.0205285,0.0196295,0.0187569,0.0179099,0.0170875,0.0162888,0.0155127,0.0147584,0.014025,0.0133116,0.0126171,0.011941,0.0112821,0.0106397,0.0100129,0.00940097,0.00880291,0.00821802,0.0076454,0.00708434,0.00653395,0.00599351,0.00546216,0.0049392,0.00442379,0.0039152,0.00341263,0.00291535,0.00242257,0.00193356,0.00144754,0.000963779
1,0.981021,0.962063,0.943146,0.924289,0.905514,0.886838,0.86828,0.849859,0.83159,0.813491,0.795575,0.777856,0.760348,0.743061,0.726007,0.709195,0.692632,0.676327,0.660285,0.644511,0.62901,0.613785,0.598838,0.584171,0.569785,0.555679,0.541854,0.528308,0.515041,0.502049,0.489331,0.476883,0.464704,0.452789,0.441136,0.42974,0.418597,0.407703,0.397055,0.386648,0.376478,0.36654,0.356831,0.347345,0.338079,0.329028,0.320188,0.311554,0.303123,0.29489,0.286852,0.279004,0.271342,0.263862,0.256561,0.249434,0.242478,0.23569,0.229066,0.222602,0.216295,0.210141,0.204138,0.198282,0.19257,0.186998,0.181565,0.176267,0.1711,0.166063,0.161153,0.156366,0.151701,0.147153,0.142722,0.138405,0.134198,0.1301,0.126109,0.122221,0.118435,0.114749,0.11116,0.107666,0.104265,0.100955,0.0977347,0.0946009,0.0915524,0.0885868,0.0857027,0.0828978,0.0801706,0.0775191,0.0749419,0.0724367,0.0700024,0.0676368,0.0653387,0.0631061,0.0609377,0.0588318,0.0567869,0.0548014,0.052874,0.051003,0.0491872,0.0474248,0.0457149,0.0440558,0.0424463,0.0408849,0.0393705,0.0379016,0.0364771,0.0350956,0.0337561,0.0324571,0.0311977,0.0299765,0.0287925,0.0276444,0.0265313,0.0254519,0.0244053,0.0233902,0.0224058,0.0214508,0.0205244,0.0196255,0.0187532,0.0179063,0.0170841,0.0162855,0.0155096,0.0147555,0.0140222,0.0133089,0.0126147,0.0119386,0.0112799,0.0106376,0.010011,0.00939909,0.00880119,0.00821638,0.00764392,0.00708292,0.00653268,0.00599231,0.0054611,0.00493822,0.00442293,0.00391442,0.00341197,0.00291477,0.0024221,0.00193317,0.00144726,0.000963587
1,0.980992,0.962006,0.94306,0.924176,0.905374,0.886672,0.86809,0.849646,0.831355,0.813235,0.7953,0.777565,0.760041,0.742741,0.725674,0.708851,0.69228,0.675967,0.659919,0.644141,0.628637,0.61341,0.598462,0.583795,0.56941,0.555306,0.541484,0.527942,0.514679,0.501692,0.48898,0.476538,0.464365,0.452457,0.44081,0.429421,0.418285,0.407399,0.396758,0.386359,0.376196,0.366266,0.356563,0.347085,0.337826,0.328782,0.319949,0.311323,0.302898,0.294673,0.286641,0.278799,0.271143,0.263669,0.256374,0.249253,0.242303,0.235521,0.228902,0.222443,0.216141,0.209992,0.203994,0.198143,0.192435,0.186868,0.181439,0.176145,0.170983,0.16595,0.161043,0.15626,0.151598,0.147054,0.142626,0.138312,0.134109,0.130014,0.126025,0.12214,0.118357,0.114674,0.111087,0.107596,0.104197,0.10089,0.0976715,0.0945401,0.0914935,0.0885302,0.0856478,0.0828451,0.0801196,0.0774701,0.0748944,0.0723912,0.0699583,0.0675944,0.0652977,0.0630667,0.0608997,0.0587952,0.0567516,0.0547675,0.0528412,0.0509715,0.0491568,0.0473957,0.0456868,0.0440288,0.0424202,0.04086,0.0393464,0.0378785,0.0364548,0.0350744,0.0337356,0.0324375,0.0311788,0.0299584,0.0287751,0.0276278,0.0265153,0.0254366,0.0243906,0.0233762,0.0223923,0.021438,0.0205121,0.0196138,0.018742,0.0178957,0.0170739,0.0162758,0.0155004,0.0147467,0.0140139,0.013301,0.0126072,0.0119315,0.0112732,0.0106313,0.010005,0.00939355,0.00879596,0.00821154,0.00763938,0.00707876,0.0065288,0.00598879,0.00545787,0.00493532,0.00442031,0.00391212,0.00340995,0.00291306,0.00242066,0.00193204,0.0014464,0.000963022
1,0.980944,0.96191,0.942917,0.923987,0.90514,0.886396,0.867773,0.849289,0.830962,0.812808,0.794842,0.777077,0.759527,0.742204,0.725117,0.708277,0.691691,0.675366,0.659308,0.643522,0.628013,0.612782,0.597834,0.583167,0.568784,0.554685,0.540868,0.527332,0.514076,0.501097,0.488394,0.475962,0.4638,0.451903,0.440267,0.42889,0.417766,0.406892,0.396263,0.385876,0.375726,0.365808,0.356118,0.346652,0.337405,0.328373,0.319552,0.310937,0.302524,0.294309,0.286289,0.278457,0.270812,0.263349,0.256063,0.248952,0.242012,0.235239,0.228629,0.222179,0.215885,0.209745,0.203755,0.197911,0.192211,0.186651,0.18123,0.175942,0.170787,0.16576,0.16086,0.156083,0.151427,0.146889,0.142467,0.138158,0.13396,0.12987,0.125886,0.122006,0.118227,0.114548,0.110966,0.107479,0.104085,0.100781,0.0975664,0.0944385,0.0913956,0.0884356,0.0855568,0.082757,0.0800349,0.0773882,0.0748156,0.072315,0.069885,0.0675236,0.0652296,0.063001,0.0608365,0.0587342,0.0566929,0.0547108,0.0527868,0.050919,0.0491063,0.0473471,0.0456401,0.0439838,0.042377,0.0408183,0.0393064,0.03784,0.0364179,0.0350388,0.0337015,0.0324047,0.0311474,0.0299282,0.0287462,0.0276,0.0264887,0.0254111,0.0243662,0.0233528,0.02237,0.0214166,0.0204917,0.0195942,0.0187233,0.0178779,0.017057,0.0162596,0.015485,0.0147321,0.014,0.0132878,0.0125947,0.0119197,0.0112621,0.0106208,0.00999518,0.00938426,0.00878731,0.00820343,0.00763187,0.00707177,0.00652239,0.00598288,0.00545251,0.00493045,0.00441598,0.00390827,0.00340661,0.00291019,0.00241829,0.00193014,0.00144499,0.000962074
1,0.980876,0.961774,0.942715,0.923721,0.904811,0.886005,0.867325,0.848786,0.830408,0.812206,0.794195,0.776391,0.758805,0.741449,0.724334,0.707469,0.690862,0.67452,0.658448,0.642653,0.627136,0.611902,0.596951,0.582286,0.567906,0.553812,0.540002,0.526476,0.51323,0.500263,0.487573,0.475155,0.463008,0.451126,0.439506,0.428145,0.417038,0.406182,0.39557,0.385201,0.375068,0.365167,0.355494,0.346045,0.336815,0.3278,0.318996,0.310397,0.302,0.293801,0.285796,0.27798,0.270349,0.2629,0.255629,0.248532,0.241604,0.234844,0.228247,0.221809,0.215527,0.209399,0.203419,0.197587,0.191897,0.186348,0.180936,0.175659,0.170513,0.165495,0.160604,0.155835,0.151187,0.146658,0.142243,0.137942,0.133751,0.129668,0.125691,0.121818,0.118046,0.114373,0.110797,0.107315,0.103927,0.100629,0.0974192,0.0942966,0.0912585,0.0883035,0.0854291,0.0826341,0.0799161,0.0772738,0.0747051,0.0722086,0.0697823,0.0674248,0.0651342,0.0629091,0.0607478,0.0586489,0.0566106,0.0546318,0.0527105,0.0508457,0.0490356,0.0472791,0.0455746,0.0439209,0.0423164,0.0407601,0.0392504,0.0377862,0.0363662,0.0349891,0.0336537,0.0323589,0.0311033,0.029886,0.0287056,0.0275612,0.0264514,0.0253755,0.024332,0.0233201,0.0223386,0.0213867,0.020463,0.0195669,0.0186972,0.017853,0.0170332,0.0162371,0.0154635,0.0147117,0.0139806,0.0132694,0.0125772,0.0119032,0.0112465,0.0106061,0.00998134,0.00937132,0.00877515,0.00819212,0.00762132,0.00706203,0.00651338,0.00597465,0.00544498,0.00492367,0.00440988,0.0039029,0.00340191,0.00290619,0.00241496,0.00192748,0.00144299,0.000960753
1,0.980788,0.961599,0.942453,0.923374,0.904383,0.885499,0.866743,0.848134,0.829689,0.811425,0.793358,0.775501,0.757869,0.740471,0.72332,0.706424,0.68979,0.673426,0.657338,0.641529,0.626004,0.610764,0.595812,0.581149,0.566774,0.552687,0.538887,0.525372,0.51214,0.499189,0.486516,0.474116,0.461988,0.450126,0.438527,0.427188,0.416103,0.405268,0.394679,0.384332,0.374221,0.364343,0.354693,0.345266,0.336058,0.327065,0.318281,0.309704,0.301327,0.293148,0.285163,0.277366,0.269754,0.262324,0.255071,0.247991,0.241081,0.234337,0.227756,0.221334,0.215068,0.208954,0.202989,0.197171,0.191495,0.185959,0.18056,0.175295,0.170161,0.165155,0.160275,0.155517,0.15088,0.146361,0.141956,0.137664,0.133483,0.129409,0.125441,0.121576,0.117813,0.114147,0.110579,0.107105,0.103724,0.100433,0.0972304,0.0941142,0.0910827,0.0881336,0.0852654,0.0824759,0.0797637,0.0771267,0.0745634,0.0720718,0.0696505,0.0672976,0.0650117,0.062791,0.0606341,0.0585392,0.0565051,0.05453,0.0526126,0.0507513,0.0489449,0.0471917,0.0454906,0.0438399,0.0422387,0.0406852,0.0391785,0.037717,0.0362998,0.0349252,0.0335925,0.0323,0.0310469,0.0298317,0.0286536,0.0275113,0.0264037,0.0253296,0.0242881,0.023278,0.0222984,0.0213481,0.0204263,0.0195318,0.0186637,0.017821,0.0170028,0.016208,0.0154359,0.0146853,0.0139556,0.0132457,0.0125548,0.011882,0.0112265,0.0105872,0.00996361,0.00935463,0.00875958,0.00817755,0.00760781,0.00704948,0.00650184,0.00596404,0.00543535,0.00491493,0.00440208,0.00389597,0.00339589,0.00290104,0.00241069,0.00192407,0.00144044,0.00095905
1,0.980679,0.961381,0.942129,0.922946,0.903854,0.884873,0.866024,0.847328,0.828801,0.810461,0.792324,0.774404,0.756714,0.739266,0.72207,0.705136,0.688471,0.672081,0.655972,0.640148,0.624612,0.609367,0.594414,0.579753,0.565384,0.551307,0.537519,0.524019,0.510805,0.497873,0.48522,0.472844,0.460739,0.448902,0.43733,0.426016,0.414958,0.404151,0.39359,0.38327,0.373187,0.363336,0.353713,0.344314,0.335133,0.326166,0.317408,0.308857,0.300505,0.292351,0.28439,0.276617,0.269028,0.26162,0.254389,0.247331,0.240442,0.233718,0.227157,0.220754,0.214507,0.208411,0.202464,0.196663,0.191003,0.185484,0.1801,0.17485,0.169731,0.16474,0.159873,0.155129,0.150505,0.145998,0.141606,0.137326,0.133156,0.129093,0.125136,0.121282,0.117528,0.113873,0.110314,0.106849,0.103476,0.100194,0.0969997,0.0938917,0.0908678,0.0879264,0.0850653,0.0822831,0.0795775,0.0769473,0.0743902,0.0719049,0.0694895,0.0671425,0.0648621,0.062647,0.0604952,0.0584055,0.0563762,0.0544059,0.052493,0.0506363,0.048834,0.0470851,0.0453879,0.0437413,0.0421436,0.0405939,0.0390906,0.0376327,0.0362186,0.0348474,0.0335175,0.0322282,0.0309778,0.0297656,0.0285901,0.0274504,0.0263452,0.0252737,0.0242345,0.0232267,0.0222493,0.0213012,0.0203814,0.0194889,0.0186227,0.0177819,0.0169655,0.0161725,0.0154021,0.0146533,0.0139251,0.0132168,0.0125274,0.0118561,0.011202,0.0105642,0.0099419,0.00933431,0.00874052,0.0081598,0.00759127,0.0070342,0.00648772,0.00595112,0.00542354,0.00490429,0.00439253,0.00388754,0.00338852,0.00289476,0.00240546,0.00191991,0.00143732,0.000956976
1,0.980548,0.96112,0.941741,0.922433,0.903219,0.884122,0.865163,0.846362,0.827738,0.809308,0.791087,0.773092,0.755335,0.737827,0.720579,0.7036,0.686897,0.670477,0.654345,0.638503,0.622957,0.607705,0.592751,0.578094,0.563734,0.549668,0.535896,0.522415,0.509222,0.496313,0.483686,0.471337,0.459261,0.447454,0.435912,0.42463,0.413605,0.40283,0.392301,0.382014,0.371964,0.362147,0.352556,0.343189,0.33404,0.325104,0.316378,0.307856,0.299535,0.29141,0.283477,0.275732,0.268171,0.26079,0.253585,0.246552,0.239687,0.232988,0.22645,0.22007,0.213845,0.20777,0.201844,0.196063,0.190424,0.184923,0.179558,0.174326,0.169224,0.164249,0.159399,0.154671,0.150062,0.14557,0.141193,0.136927,0.13277,0.128721,0.124776,0.120934,0.117192,0.113548,0.11,0.106546,0.103184,0.099912,0.0967277,0.0936289,0.0906144,0.0876817,0.0848294,0.0820553,0.079358,0.0767353,0.074186,0.0717078,0.0692996,0.0669593,0.0646857,0.0624768,0.0603313,0.0582475,0.0562241,0.0542593,0.052352,0.0505004,0.0487033,0.0469592,0.0452668,0.0436247,0.0420316,0.0404861,0.038987,0.037533,0.0361229,0.0347553,0.0334292,0.0321432,0.0308964,0.0296873,0.0285151,0.0273784,0.0262763,0.0252075,0.0241712,0.0231661,0.0221913,0.0212457,0.0203284,0.0194382,0.0185744,0.0177358,0.0169215,0.0161306,0.0153623,0.0146154,0.0138892,0.0131827,0.0124951,0.0118255,0.0111731,0.010537,0.00991633,0.00931027,0.00871806,0.00813881,0.00757178,0.00701611,0.00647108,0.00593582,0.00540964,0.0048917,0.00438127,0.00387756,0.00337985,0.00288733,0.0023993,0.00191498,0.00143364,0.000954521
1,0.980394,0.960814,0.941284,0.92183,0.902475,0.883242,0.864154,0.845231,0.826493,0.807957,0.78964,0.771558,0.753722,0.736146,0.718838,0.701808,0.685063,0.668609,0.65245,0.63659,0.621031,0.605775,0.590821,0.576169,0.561819,0.547769,0.534015,0.520556,0.507388,0.494508,0.481911,0.469594,0.457551,0.44578,0.434274,0.423029,0.412041,0.401304,0.390814,0.380566,0.370554,0.360774,0.351221,0.341892,0.332779,0.32388,0.315189,0.306703,0.298417,0.290326,0.282426,0.274713,0.267183,0.259833,0.252658,0.245654,0.238818,0.232147,0.225636,0.219282,0.213082,0.207033,0.20113,0.195373,0.189756,0.184277,0.178933,0.173722,0.16864,0.163685,0.158854,0.154144,0.149553,0.145078,0.140716,0.136467,0.132326,0.128291,0.124361,0.120533,0.116805,0.113175,0.109639,0.106198,0.102848,0.0995874,0.0964141,0.0933265,0.0903223,0.0874,0.0845574,0.0817931,0.0791049,0.0764914,0.0739505,0.071481,0.0690807,0.0667485,0.0644823,0.0622809,0.0601424,0.0580656,0.0560488,0.0540906,0.0521893,0.0503439,0.0485526,0.0468142,0.0451272,0.0434905,0.0419024,0.0403619,0.0388675,0.0374182,0.0360125,0.0346493,0.0333273,0.0320455,0.0308025,0.0295973,0.0284286,0.0272956,0.0261968,0.0251315,0.0240983,0.0230963,0.0221245,0.0211819,0.0202673,0.0193799,0.0185186,0.0176827,0.0168708,0.0160824,0.0153163,0.0145717,0.0138477,0.0131434,0.0124579,0.0117903,0.0111398,0.0105056,0.00988681,0.00928262,0.00869213,0.00811465,0.00754928,0.00699531,0.00645186,0.00591824,0.00539359,0.00487721,0.00436828,0.00386609,0.00336983,0.00287879,0.00239219,0.00190932,0.00142939,0.000951699
1,0.980216,0.96046,0.940756,0.921133,0.901614,0.882225,0.862988,0.843925,0.825056,0.8064,0.787974,0.769792,0.751868,0.734214,0.716839,0.699752,0.68296,0.666468,0.650281,0.634401,0.61883,0.603568,0.588616,0.573972,0.559635,0.545603,0.531872,0.51844,0.505302,0.492454,0.479893,0.467613,0.45561,0.443878,0.432415,0.421212,0.410268,0.399574,0.389128,0.378923,0.368955,0.359219,0.349709,0.340422,0.331352,0.322494,0.313844,0.305398,0.297151,0.289098,0.281236,0.27356,0.266066,0.25875,0.251609,0.244639,0.237835,0.231195,0.224715,0.218391,0.21222,0.206198,0.200323,0.194592,0.189001,0.183547,0.178227,0.173039,0.16798,0.163047,0.158237,0.153547,0.148976,0.144521,0.140178,0.135946,0.131823,0.127806,0.123892,0.12008,0.116367,0.112752,0.109231,0.105804,0.102468,0.09922,0.0960596,0.0929842,0.0899921,0.0870812,0.08425,0.0814963,0.0788188,0.0762152,0.0736844,0.0712241,0.0688333,0.0665097,0.0642523,0.0620591,0.0599289,0.0578597,0.0558506,0.0538995,0.0520055,0.0501667,0.0483822,0.04665,0.0449694,0.0433384,0.0417563,0.0402213,0.0387325,0.0372883,0.0358877,0.0345293,0.0332122,0.0319348,0.0306963,0.0294953,0.0283309,0.0272018,0.026107,0.0250453,0.0240158,0.0230173,0.0220489,0.0211095,0.0201982,0.0193138,0.0184556,0.0176225,0.0168135,0.0160278,0.0152644,0.0145223,0.0138008,0.0130989,0.0124157,0.0117504,0.0111022,0.0104701,0.00985346,0.00925127,0.00866284,0.00808727,0.00752386,0.00697172,0.00643015,0.0058983,0.00537545,0.00486079,0.0043536,0.00385308,0.00335851,0.00286911,0.00238416,0.0019029,0.00142459,0.000948498
1,0.980013,0.960054,0.940153,0.920336,0.900631,0.881064,0.861657,0.842436,0.823419,0.804627,0.786077,0.767784,0.749761,0.73202,0.714571,0.697422,0.680578,0.664046,0.647829,0.631928,0.616345,0.60108,0.586131,0.571498,0.557178,0.543167,0.529464,0.516062,0.502959,0.490149,0.477629,0.465392,0.453434,0.441749,0.430333,0.419179,0.408283,0.397639,0.387242,0.377087,0.367168,0.357481,0.34802,0.338781,0.329758,0.320947,0.312343,0.303941,0.295738,0.287728,0.279908,0.272273,0.264819,0.257543,0.25044,0.243507,0.236739,0.230134,0.223688,0.217397,0.211258,0.205268,0.199423,0.193721,0.188158,0.182732,0.17744,0.172278,0.167244,0.162335,0.157549,0.152882,0.148333,0.143899,0.139578,0.135366,0.131263,0.127264,0.123369,0.119575,0.115879,0.112281,0.108776,0.105365,0.102043,0.0988105,0.0956642,0.0926027,0.0896237,0.0867259,0.083907,0.0811655,0.0784995,0.0759074,0.0733874,0.0709379,0.0685571,0.0662437,0.0639957,0.0618119,0.0596905,0.0576302,0.0556293,0.0536866,0.0518003,0.0499693,0.0481919,0.0464671,0.0447931,0.043169,0.0415932,0.0400646,0.0385816,0.0371434,0.0357484,0.0343956,0.0330836,0.0318114,0.0305778,0.0293817,0.0282218,0.0270972,0.0260066,0.0249492,0.0239237,0.0229292,0.0219645,0.0210289,0.020121,0.0192402,0.0183853,0.0175554,0.0167495,0.0159669,0.0152063,0.0144672,0.0137484,0.0130492,0.0123687,0.011706,0.0110602,0.0104306,0.00981618,0.00921634,0.0086301,0.00805677,0.00749545,0.00694545,0.00640589,0.00587608,0.00535518,0.00484249,0.00433719,0.00383858,0.00334586,0.00285832,0.00237518,0.00189574,0.00141923,0.000944933
1,0.979782,0.959595,0.939469,0.919433,0.899517,0.879748,0.860152,0.840751,0.821569,0.802625,0.783937,0.76552,0.747388,0.729552,0.712022,0.694805,0.677907,0.661332,0.645084,0.629162,0.613568,0.598301,0.583359,0.56874,0.554441,0.540457,0.526785,0.51342,0.500357,0.487591,0.475117,0.462929,0.451022,0.43939,0.428027,0.416928,0.406087,0.395499,0.385158,0.375058,0.365194,0.355561,0.346155,0.336968,0.327998,0.319239,0.310685,0.302334,0.294179,0.286217,0.278443,0.270854,0.263445,0.256211,0.24915,0.242258,0.23553,0.228964,0.222555,0.216301,0.210198,0.204242,0.198431,0.192761,0.18723,0.181834,0.176572,0.171438,0.166432,0.16155,0.15679,0.152149,0.147625,0.143215,0.138916,0.134727,0.130645,0.126667,0.122793,0.119018,0.115342,0.111761,0.108275,0.10488,0.101576,0.0983588,0.0952284,0.0921818,0.0892177,0.0863339,0.0835289,0.0808006,0.0781476,0.0755679,0.07306,0.0706221,0.0682528,0.0659501,0.0637129,0.0615392,0.0594278,0.057377,0.0553855,0.0534515,0.0515741,0.0497513,0.0479822,0.0462651,0.0445989,0.042982,0.0414134,0.0398916,0.0384154,0.0369835,0.0355948,0.0342479,0.0329418,0.0316752,0.0304471,0.0292562,0.0281015,0.0269817,0.025896,0.0248431,0.0238222,0.0228319,0.0218715,0.0209398,0.020036,0.0191589,0.0183077,0.0174813,0.016679,0.0158996,0.0151424,0.0144063,0.0136907,0.0129944,0.0123168,0.0116568,0.0110138,0.0103868,0.00977511,0.00917775,0.00859403,0.00802306,0.00746415,0.00691641,0.00637916,0.00585154,0.00533285,0.00482228,0.00431911,0.00382256,0.00333192,0.00284639,0.00236529,0.00188784,0.00141332,0.000940993
1,0.979522,0.959076,0.938697,0.918416,0.898263,0.878269,0.858459,0.838859,0.819493,0.80038,0.78154,0.762988,0.744736,0.726797,0.70918,0.69189,0.674934,0.658315,0.642035,0.626093,0.610491,0.595225,0.580293,0.565692,0.551418,0.537466,0.523831,0.510509,0.497492,0.484777,0.472355,0.460223,0.448373,0.4368,0.425498,0.41446,0.40368,0.393153,0.382873,0.372835,0.363032,0.35346,0.344113,0.334986,0.326073,0.317371,0.308873,0.300576,0.292475,0.284565,0.276843,0.269303,0.261942,0.254756,0.247742,0.240894,0.23421,0.227686,0.221319,0.215104,0.20904,0.203122,0.197347,0.191713,0.186216,0.180854,0.175624,0.170522,0.165546,0.160694,0.155962,0.151349,0.146851,0.142467,0.138194,0.134029,0.12997,0.126016,0.122163,0.11841,0.114754,0.111194,0.107727,0.104351,0.101065,0.0978657,0.0947521,0.0917223,0.0887741,0.085906,0.0831158,0.0804022,0.0777631,0.0751971,0.0727023,0.0702773,0.0679201,0.0656295,0.0634037,0.0612413,0.0591406,0.0571004,0.0551189,0.0531949,0.0513268,0.0495134,0.047753,0.0460446,0.0443866,0.0427779,0.0412169,0.0397027,0.0382336,0.0368089,0.0354268,0.0340867,0.0327868,0.0315265,0.0303042,0.0291191,0.0279699,0.0268557,0.0257751,0.0247273,0.0237111,0.0227257,0.0217698,0.0208426,0.019943,0.0190701,0.0182228,0.0174004,0.0166018,0.0158261,0.0150724,0.0143399,0.0136275,0.0129345,0.01226,0.0116032,0.0109631,0.0103391,0.00973017,0.00913561,0.00855455,0.00798627,0.00742989,0.00688472,0.0063499,0.00582474,0.00530841,0.00480021,0.00429933,0.00380507,0.00331666,0.00283338,0.00235446,0.00187921,0.00140685,0.000936692
1,0.979229,0.958495,0.937832,0.917275,0.896858,0.876611,0.856564,0.836744,0.817174,0.797876,0.778869,0.760169,0.741788,0.723738,0.706028,0.688662,0.671646,0.654982,0.63867,0.622711,0.607102,0.591841,0.576924,0.562346,0.548103,0.534189,0.520598,0.507324,0.494361,0.481702,0.469341,0.457271,0.445485,0.433978,0.422742,0.411772,0.401061,0.390602,0.38039,0.370419,0.360684,0.351177,0.341896,0.332833,0.323984,0.315343,0.306907,0.298669,0.290627,0.282774,0.275107,0.267622,0.260314,0.253179,0.246215,0.239416,0.232779,0.226301,0.219978,0.213807,0.207785,0.201908,0.196173,0.190578,0.185118,0.179792,0.174597,0.169529,0.164586,0.159765,0.155065,0.150481,0.146013,0.141657,0.137411,0.133272,0.129239,0.125309,0.121481,0.117751,0.114117,0.110579,0.107133,0.103778,0.100511,0.0973311,0.0942363,0.0912242,0.0882935,0.085442,0.0826682,0.0799702,0.0773465,0.0747951,0.0723147,0.0699033,0.0675597,0.0652819,0.0630687,0.0609183,0.0588295,0.0568005,0.0548301,0.0529166,0.0510588,0.0492552,0.0475046,0.0458054,0.0441565,0.0425563,0.0410039,0.0394977,0.0380367,0.0366194,0.0352449,0.0339117,0.0326189,0.0313651,0.0301494,0.0289704,0.0278273,0.0267188,0.025644,0.0246016,0.0235908,0.0226104,0.0216595,0.020737,0.0198422,0.0189737,0.0181309,0.0173126,0.0165182,0.0157464,0.0149966,0.0142677,0.013559,0.0128696,0.0121985,0.011545,0.0109082,0.0102873,0.00968146,0.00908986,0.00851177,0.00794631,0.00739277,0.0068503,0.0063182,0.00579564,0.00528192,0.00477624,0.00427789,0.00378608,0.00330013,0.00281924,0.00234273,0.00186983,0.00139984,0.00093202
1,0.978902,0.957844,0.936864,0.916001,0.895289,0.874762,0.854453,0.834389,0.814595,0.795095,0.775906,0.757046,0.738526,0.720358,0.702549,0.685104,0.668027,0.651318,0.634977,0.619003,0.603392,0.58814,0.573243,0.558695,0.544489,0.530619,0.517079,0.503862,0.490959,0.478364,0.466071,0.45407,0.442357,0.430923,0.419761,0.408865,0.398228,0.387845,0.377707,0.36781,0.358148,0.348714,0.339504,0.330511,0.321731,0.313158,0.304787,0.296615,0.288635,0.280844,0.273237,0.265811,0.25856,0.251481,0.244571,0.237824,0.231239,0.22481,0.218536,0.212412,0.206435,0.200602,0.19491,0.189356,0.183936,0.178649,0.173491,0.16846,0.163553,0.158767,0.154099,0.149548,0.145111,0.140785,0.136568,0.132458,0.128453,0.124549,0.120746,0.117041,0.113432,0.109917,0.106494,0.103161,0.0999151,0.0967559,0.0936807,0.0906881,0.0877759,0.0849426,0.0821862,0.0795053,0.0768978,0.0743624,0.0718972,0.0695008,0.0671714,0.0649077,0.0627079,0.0605707,0.0584943,0.0564776,0.0545189,0.0526169,0.0507701,0.0489773,0.0472369,0.0455479,0.0439085,0.0423179,0.0407744,0.039277,0.0378244,0.0364154,0.0350487,0.0337233,0.0324378,0.0311913,0.0299825,0.0288103,0.0276736,0.0265715,0.0255027,0.0244663,0.0234611,0.0224863,0.0215406,0.0206234,0.0197334,0.0188699,0.0180317,0.0172181,0.016428,0.0156606,0.0149148,0.0141901,0.0134852,0.0127996,0.0121322,0.0114823,0.010849,0.0102315,0.00962894,0.00904062,0.00846563,0.00790329,0.00735273,0.00681325,0.006284,0.00576431,0.00525335,0.00475044,0.00425476,0.00376564,0.00328229,0.00280403,0.00233007,0.00185974,0.00139228,0.000926992
1,0.978537,0.957118,0.935785,0.914579,0.89354,0.872704,0.852105,0.831773,0.811735,0.792014,0.772629,0.753597,0.734929,0.716637,0.698725,0.681199,0.66406,0.647308,0.630941,0.614956,0.599348,0.584112,0.569241,0.554729,0.540569,0.526751,0.51327,0.500117,0.487283,0.474761,0.462542,0.45062,0.438986,0.427632,0.416552,0.405738,0.395184,0.384882,0.374826,0.365009,0.355427,0.346071,0.336938,0.328021,0.319315,0.310815,0.302517,0.294413,0.286502,0.278777,0.271236,0.263872,0.256683,0.249663,0.242811,0.236121,0.22959,0.223215,0.216992,0.210918,0.20499,0.199204,0.193558,0.188048,0.182672,0.177426,0.172309,0.167317,0.162447,0.157698,0.153066,0.148549,0.144146,0.139852,0.135667,0.131587,0.127611,0.123736,0.119961,0.116282,0.112699,0.109209,0.10581,0.1025,0.0992773,0.09614,0.0930863,0.0901141,0.087222,0.0844079,0.0816704,0.0790074,0.0764176,0.073899,0.0714504,0.0690698,0.0667559,0.0645069,0.0623217,0.0601982,0.0581355,0.0561318,0.0541858,0.052296,0.0504611,0.0486796,0.0469505,0.0452719,0.0436431,0.0420623,0.0405287,0.0390406,0.0375972,0.0361969,0.0348388,0.0335215,0.032244,0.0310051,0.0298038,0.0286388,0.0275091,0.0264136,0.0253514,0.0243212,0.0233222,0.0223532,0.0214134,0.0205016,0.0196171,0.0187587,0.0179256,0.0171168,0.0163314,0.0155685,0.0148273,0.0141068,0.0134062,0.0127246,0.0120612,0.0114151,0.0107855,0.0101717,0.00957271,0.0089878,0.00841625,0.00785716,0.00730987,0.00677351,0.0062474,0.00573072,0.00522277,0.00472277,0.00423001,0.00374372,0.0032632,0.00278771,0.00231653,0.00184892,0.00138419,0.000921599
1,0.97813,0.956308,0.934582,0.912996,0.891594,0.870416,0.849499,0.828873,0.808569,0.788609,0.769013,0.749798,0.730974,0.712552,0.694535,0.676927,0.659728,0.642936,0.626547,0.610556,0.594958,0.579745,0.564909,0.550441,0.536334,0.522578,0.509165,0.496084,0.483328,0.470887,0.458753,0.446917,0.435371,0.424107,0.413116,0.402392,0.391927,0.381714,0.371746,0.362017,0.35252,0.34325,0.3342,0.325365,0.316739,0.308318,0.300095,0.292067,0.284228,0.276575,0.269102,0.261806,0.254682,0.247727,0.240936,0.234307,0.227834,0.221516,0.215348,0.209328,0.203451,0.197716,0.192118,0.186656,0.181325,0.176124,0.17105,0.166099,0.16127,0.15656,0.151966,0.147486,0.143118,0.138859,0.134707,0.130659,0.126714,0.12287,0.119124,0.115474,0.111918,0.108455,0.105081,0.101797,0.098598,0.0954842,0.092453,0.089503,0.086632,0.0838386,0.0811208,0.0784773,0.0759059,0.0734056,0.0709743,0.0686108,0.0663131,0.0640802,0.0619101,0.0598016,0.0577531,0.0557634,0.0538308,0.0519541,0.0501317,0.0483626,0.046645,0.0449781,0.0433601,0.0417902,0.0402667,0.0387888,0.0373549,0.0359641,0.0346149,0.0333065,0.0320374,0.0308068,0.0296132,0.028456,0.0273337,0.0262454,0.02519,0.0241667,0.0231741,0.0222115,0.0212777,0.0203719,0.019493,0.0186402,0.0178124,0.0170088,0.0162284,0.0154705,0.0147339,0.0140181,0.0133219,0.0126447,0.0119854,0.0113435,0.0107179,0.0101079,0.00951271,0.00893154,0.00836354,0.00780803,0.00726413,0.00673118,0.00620834,0.00569493,0.00519014,0.00469329,0.00420359,0.00372036,0.00324283,0.00277032,0.00230207,0.00183739,0.00137555,0.000915854
1,0.977676,0.955405,0.933241,0.911234,0.889431,0.867876,0.846609,0.825663,0.805069,0.784852,0.765031,0.745621,0.726635,0.708078,0.689954,0.672265,0.655009,0.638182,0.621777,0.605789,0.590208,0.575027,0.560234,0.545822,0.531778,0.518094,0.504758,0.49176,0.479092,0.466742,0.454701,0.442961,0.431511,0.420344,0.409452,0.398825,0.388458,0.378341,0.368469,0.358834,0.34943,0.340251,0.33129,0.322543,0.314003,0.305665,0.297525,0.289577,0.281816,0.274238,0.26684,0.259615,0.252561,0.245674,0.238949,0.232383,0.225973,0.219715,0.213606,0.207642,0.201821,0.196138,0.190593,0.18518,0.179898,0.174744,0.169715,0.164809,0.160023,0.155354,0.1508,0.146359,0.142029,0.137806,0.133689,0.129676,0.125764,0.121952,0.118237,0.114617,0.111091,0.107655,0.104309,0.101051,0.097878,0.0947888,0.0917818,0.0888548,0.0860065,0.0832347,0.0805382,0.0779149,0.0753635,0.0728822,0.0704696,0.0681238,0.0658437,0.0636273,0.0614736,0.0593808,0.0573477,0.0553726,0.0534543,0.0515913,0.0497824,0.0480261,0.0463212,0.0446662,0.0430601,0.0415013,0.0399889,0.0385215,0.0370979,0.0357169,0.0343775,0.0330782,0.0318182,0.0305961,0.0294112,0.0282619,0.0271476,0.0260668,0.0250189,0.0240026,0.023017,0.0220609,0.0211337,0.0202341,0.0193613,0.0185143,0.0176923,0.0168941,0.0161192,0.0153663,0.0146349,0.0139238,0.0132325,0.0125598,0.0119051,0.0112674,0.0106461,0.0100402,0.00944907,0.00887177,0.00830764,0.00775582,0.00721562,0.00668621,0.00616691,0.00565691,0.00515552,0.00466197,0.00417557,0.00369555,0.00322123,0.00275185,0.00228674,0.00182515,0.00136639,0.00090975
1,0.977169,0.954399,0.931748,0.909273,0.887026,0.865056,0.843406,0.822111,0.801205,0.780712,0.760651,0.741038,0.721881,0.703188,0.684958,0.667191,0.649883,0.633027,0.616614,0.600637,0.585085,0.569945,0.555208,0.540861,0.526892,0.51329,0.500043,0.48714,0.474569,0.462321,0.450384,0.438748,0.427405,0.416345,0.405559,0.395039,0.384776,0.374764,0.364995,0.355461,0.346157,0.337076,0.328211,0.319557,0.311109,0.302861,0.294807,0.286944,0.279266,0.27177,0.264449,0.257301,0.250321,0.243506,0.236851,0.230353,0.224008,0.217814,0.211766,0.205863,0.200099,0.194473,0.188982,0.183623,0.178392,0.173288,0.168307,0.163447,0.158706,0.154081,0.14957,0.14517,0.140879,0.136695,0.132615,0.128638,0.124761,0.120983,0.1173,0.113712,0.110216,0.106811,0.103494,0.100263,0.0971174,0.0940546,0.0910727,0.0881704,0.0853457,0.0825971,0.0799226,0.0773211,0.0747904,0.0723294,0.0699361,0.0676095,0.0653475,0.0631491,0.0610124,0.0589363,0.0569191,0.0549597,0.0530564,0.0512081,0.0494132,0.0476706,0.0459788,0.0443367,0.0427428,0.0411961,0.0396952,0.0382391,0.0368262,0.0354558,0.0341264,0.032837,0.0315864,0.0303736,0.0291974,0.0280569,0.0269507,0.0258782,0.0248379,0.0238292,0.0228508,0.0219019,0.0209814,0.0200885,0.019222,0.0183813,0.0175652,0.016773,0.0160036,0.0152563,0.0145301,0.0138243,0.0131378,0.0124701,0.01182,0.011187,0.0105701,0.00996868,0.00938172,0.00880862,0.00824849,0.00770066,0.00716428,0.00663869,0.00612306,0.00561673,0.00511889,0.00462888,0.00414591,0.00366933,0.00319836,0.00273233,0.00227051,0.0018122,0.0013567,0.0009033
1,0.976604,0.953276,0.930083,0.907088,0.884351,0.861925,0.839855,0.818182,0.796939,0.776151,0.755837,0.736012,0.716682,0.69785,0.679517,0.661678,0.644325,0.627449,0.61104,0.595085,0.579573,0.564488,0.549819,0.53555,0.521669,0.508162,0.495016,0.482219,0.469758,0.457622,0.445799,0.43428,0.423053,0.412108,0.401438,0.391033,0.380884,0.370984,0.361325,0.3519,0.342703,0.333726,0.324963,0.316409,0.308059,0.299906,0.291945,0.284172,0.276582,0.26917,0.261933,0.254865,0.247963,0.241223,0.234642,0.228216,0.221941,0.215814,0.209831,0.203991,0.198288,0.192722,0.187288,0.181984,0.176808,0.171755,0.166825,0.162015,0.157321,0.152742,0.148275,0.143918,0.139669,0.135525,0.131485,0.127546,0.123706,0.119963,0.116315,0.11276,0.109297,0.105923,0.102636,0.0994345,0.0963172,0.0932816,0.0903266,0.0874499,0.0846503,0.0819257,0.0792749,0.0766958,0.0741872,0.0717473,0.0693748,0.0670679,0.0648253,0.0626454,0.0605269,0.0584682,0.0564681,0.0545249,0.0526375,0.0508044,0.0490245,0.0472961,0.0456183,0.0439895,0.0424088,0.0408746,0.039386,0.0379415,0.0365402,0.0351806,0.033862,0.0325829,0.0313424,0.0301391,0.0289724,0.0278408,0.0267435,0.0256793,0.0246473,0.0236464,0.0226758,0.0217342,0.020821,0.019935,0.0190754,0.0182411,0.0174314,0.0166452,0.0158819,0.0151403,0.0144198,0.0137193,0.0130382,0.0123755,0.0117305,0.0111023,0.0104902,0.00989323,0.00931081,0.00874202,0.00818619,0.00764248,0.00711022,0.00658857,0.00607689,0.00557435,0.00508031,0.00459397,0.00411468,0.00364167,0.00317427,0.00271174,0.00225341,0.00179855,0.00134649,0.000896497
1,0.975971,0.95202,0.928223,0.904652,0.881372,0.858443,0.835916,0.813833,0.792228,0.771127,0.750549,0.730505,0.710999,0.692033,0.673601,0.655697,0.638309,0.621426,0.605033,0.589115,0.573657,0.558642,0.544055,0.529879,0.5161,0.502702,0.489671,0.476993,0.464654,0.452643,0.440946,0.429553,0.418453,0.407635,0.39709,0.386809,0.376782,0.367003,0.357462,0.348154,0.339069,0.330204,0.32155,0.313102,0.304854,0.296802,0.288939,0.281262,0.273764,0.266442,0.259292,0.252309,0.24549,0.23883,0.232326,0.225975,0.219773,0.213716,0.207802,0.202028,0.19639,0.190885,0.185512,0.180266,0.175146,0.170149,0.165272,0.160513,0.155869,0.151338,0.146918,0.142606,0.138401,0.134299,0.1303,0.126401,0.122599,0.118894,0.115282,0.111762,0.108332,0.104991,0.101736,0.0985653,0.0954775,0.092471,0.0895437,0.0866942,0.0839206,0.0812215,0.078595,0.0760399,0.0735541,0.0711367,0.0687855,0.0664996,0.0642771,0.0621169,0.0600172,0.057977,0.0559944,0.0540686,0.0521977,0.0503808,0.0486163,0.0469031,0.0452398,0.0436252,0.042058,0.0405372,0.0390612,0.0376292,0.0362397,0.0348919,0.0335843,0.0323161,0.031086,0.029893,0.0287359,0.0276139,0.0265257,0.0254705,0.024447,0.0234546,0.0224919,0.0215583,0.0206525,0.0197739,0.0189212,0.0180939,0.0172908,0.0165111,0.0157539,0.0150185,0.0143038,0.0136091,0.0129335,0.0122762,0.0116364,0.0110133,0.0104061,0.00981403,0.00923625,0.00867209,0.0081207,0.0075814,0.00705338,0.00653596,0.00602834,0.00552987,0.00503975,0.00455733,0.00408185,0.00361264,0.00314895,0.00269013,0.00223544,0.00178422,0.00133575,0.000889354
1,0.975261,0.950613,0.926141,0.901928,0.878048,0.854568,0.831541,0.809015,0.787025,0.765594,0.744741,0.724473,0.704793,0.685697,0.667176,0.649219,0.63181,0.614935,0.598574,0.58271,0.567323,0.552394,0.537906,0.52384,0.510179,0.496905,0.484004,0.471459,0.459256,0.447382,0.435824,0.424569,0.413606,0.402925,0.392515,0.382367,0.372472,0.362822,0.353407,0.344222,0.335259,0.326511,0.317973,0.309637,0.301499,0.293552,0.285793,0.278215,0.270815,0.263588,0.25653,0.249636,0.242903,0.236327,0.229904,0.223632,0.217506,0.211523,0.205681,0.199976,0.194405,0.188966,0.183655,0.178471,0.17341,0.16847,0.163648,0.158942,0.154351,0.14987,0.145499,0.141234,0.137075,0.133017,0.129061,0.125203,0.121442,0.117775,0.114201,0.110718,0.107324,0.104016,0.100794,0.0976559,0.0945994,0.0916229,0.0887249,0.0859035,0.0831574,0.0804846,0.0778839,0.0753534,0.0728919,0.0704975,0.0681691,0.0659049,0.0637037,0.0615637,0.059484,0.0574627,0.0554989,0.0535908,0.0517375,0.0499373,0.0481892,0.0464916,0.0448436,0.0432437,0.0416909,0.0401837,0.0387212,0.037302,0.0359252,0.0345894,0.0332936,0.0320367,0.0308176,0.0296351,0.0284884,0.0273763,0.0262978,0.0252517,0.0242374,0.0232535,0.0222994,0.0213738,0.0204761,0.019605,0.0187599,0.0179396,0.0171436,0.0163706,0.01562,0.0148908,0.0141823,0.0134936,0.0128238,0.0121721,0.0115378,0.01092,0.0103181,0.009731,0.0091582,0.0085988,0.00805213,0.00751738,0.00699387,0.0064808,0.00597752,0.00548323,0.00499728,0.00451892,0.00404747,0.0035822,0.00312244,0.00266747,0.00221663,0.0017692,0.00132451,0.000881866
1,0.974463,0.949031,0.923804,0.898876,0.874332,0.850245,0.826676,0.803673,0.781271,0.759496,0.73836,0.717869,0.698019,0.678802,0.660205,0.64221,0.624799,0.60795,0.591641,0.57585,0.560554,0.545732,0.531362,0.517424,0.503898,0.490766,0.47801,0.465614,0.453561,0.441839,0.430431,0.419327,0.408514,0.39798,0.387716,0.377711,0.367956,0.358443,0.349163,0.340109,0.331274,0.322651,0.314234,0.306017,0.297993,0.290159,0.282508,0.275036,0.267738,0.26061,0.253648,0.246848,0.240205,0.233717,0.227379,0.221189,0.215142,0.209237,0.203469,0.197836,0.192336,0.186964,0.181719,0.176599,0.171599,0.166719,0.161955,0.157305,0.152768,0.14834,0.144019,0.139804,0.135692,0.131681,0.127769,0.123954,0.120235,0.116609,0.113074,0.109629,0.106271,0.103,0.0998123,0.0967074,0.0936832,0.0907382,0.0878704,0.0850786,0.0823608,0.0797158,0.0771417,0.0746373,0.0722006,0.0698307,0.0675256,0.0652842,0.0631049,0.0609864,0.0589272,0.0569261,0.0549814,0.0530922,0.0512569,0.0494743,0.0477431,0.0460621,0.0444299,0.0428455,0.0413074,0.0398148,0.0383661,0.0369605,0.0355966,0.0342736,0.0329899,0.0317449,0.0305372,0.0293659,0.0282298,0.0271281,0.0260596,0.0250234,0.0240183,0.0230437,0.0220982,0.0211813,0.0202917,0.0194287,0.0185912,0.0177786,0.0169897,0.0162238,0.01548,0.0147575,0.0140554,0.0133729,0.0127092,0.0120634,0.0114348,0.0108226,0.010226,0.00964429,0.00907659,0.00852225,0.00798044,0.00745051,0.00693165,0.0064232,0.00592437,0.00543452,0.00495288,0.00447879,0.00401152,0.00355041,0.00309472,0.00264381,0.00219696,0.00175351,0.00131276,0.000874046
1,0.973562,0.947246,0.921171,0.895445,0.870164,0.845411,0.821252,0.797738,0.774903,0.75277,0.731348,0.710637,0.690627,0.671304,0.652649,0.634638,0.617245,0.600446,0.584212,0.568517,0.553336,0.538642,0.524412,0.510622,0.497252,0.484279,0.471687,0.459456,0.447569,0.436012,0.42477,0.413829,0.403177,0.392802,0.382693,0.372841,0.363236,0.353869,0.344732,0.335817,0.327118,0.318627,0.310338,0.302245,0.294342,0.286625,0.279088,0.271726,0.264535,0.257511,0.25065,0.243946,0.237398,0.231001,0.224752,0.218647,0.212684,0.206859,0.201169,0.195611,0.190184,0.184883,0.179706,0.174652,0.169717,0.164898,0.160194,0.155603,0.151121,0.146748,0.14248,0.138316,0.134253,0.13029,0.126425,0.122655,0.118979,0.115395,0.111901,0.108495,0.105176,0.101942,0.0987904,0.0957202,0.0927298,0.0898172,0.0869813,0.0842199,0.0815319,0.0789154,0.0763692,0.0738915,0.0714811,0.0691362,0.0668557,0.0646378,0.0624816,0.0603851,0.0583475,0.056367,0.0544426,0.0525728,0.0507564,0.048992,0.0472785,0.0456145,0.043999,0.0424305,0.0409081,0.0394303,0.0379963,0.0366046,0.0352545,0.0339444,0.0326736,0.0314408,0.0302451,0.0290853,0.0279604,0.0268694,0.0258114,0.0247852,0.0237901,0.0228248,0.0218886,0.0209805,0.0200996,0.0192448,0.0184155,0.0176106,0.0168294,0.0160708,0.0153342,0.0146185,0.0139231,0.0132471,0.0125897,0.0119501,0.0113275,0.0107211,0.0101301,0.00955385,0.00899155,0.0084424,0.00790574,0.00738076,0.00686681,0.0063631,0.00586899,0.00538371,0.00490661,0.00443694,0.00397406,0.00351724,0.00306583,0.00261912,0.00217645,0.00173714,0.00130051,0.000865887
1,0.972539,0.945224,0.918193,0.891573,0.865475,0.839991,0.815193,0.791133,0.767844,0.745345,0.723639,0.702717,0.682564,0.663156,0.644466,0.626465,0.609119,0.592397,0.576266,0.560695,0.545654,0.531114,0.517047,0.503429,0.490235,0.477443,0.465032,0.452983,0.441279,0.429903,0.41884,0.408075,0.397597,0.387393,0.377451,0.367762,0.358316,0.349104,0.340118,0.33135,0.322793,0.314441,0.306286,0.298324,0.290548,0.282954,0.275535,0.268289,0.26121,0.254294,0.247537,0.240935,0.234485,0.228183,0.222026,0.21601,0.210133,0.204391,0.198782,0.193303,0.187951,0.182723,0.177618,0.172632,0.167763,0.163009,0.158367,0.153836,0.149413,0.145096,0.140883,0.136772,0.13276,0.128847,0.12503,0.121307,0.117676,0.114136,0.110684,0.107319,0.10404,0.100844,0.0977293,0.0946953,0.0917396,0.0888611,0.0860576,0.0833282,0.0806707,0.0780842,0.0755666,0.073117,0.0707334,0.0684149,0.0661596,0.0639664,0.0618338,0.0597605,0.057745,0.0557862,0.0538826,0.0520331,0.0502362,0.0484909,0.0467956,0.0451495,0.043551,0.0419993,0.0404928,0.0390308,0.0376117,0.0362348,0.0348986,0.0336023,0.0323446,0.0311247,0.0299413,0.0287936,0.0276802,0.0266006,0.0255533,0.0245377,0.0235527,0.0225973,0.0216706,0.0207718,0.0198997,0.0190537,0.0182327,0.017436,0.0166625,0.0159117,0.0151824,0.014474,0.0137855,0.0131163,0.0124654,0.0118322,0.0112158,0.0106154,0.0100303,0.00945982,0.00890305,0.00835938,0.00782799,0.00730824,0.00679933,0.00630062,0.00581135,0.00533088,0.00485845,0.00439342,0.00393507,0.00348276,0.00303576,0.00259345,0.00215511,0.00172011,0.00128776,0.000857403
1,0.971373,0.94292,0.914807,0.887183,0.860177,0.833891,0.808403,0.783765,0.760007,0.73714,0.715157,0.694043,0.67377,0.654306,0.635614,0.617654,0.600389,0.583777,0.567782,0.552366,0.537495,0.523136,0.50926,0.495838,0.482843,0.470253,0.458044,0.446197,0.434692,0.423513,0.412644,0.40207,0.391778,0.381756,0.371992,0.362476,0.353199,0.344151,0.335324,0.326711,0.318304,0.310097,0.302083,0.294258,0.286614,0.279148,0.271854,0.264727,0.257765,0.250961,0.244313,0.237817,0.231469,0.225265,0.219203,0.21328,0.207492,0.201837,0.196312,0.190913,0.18564,0.180488,0.175456,0.17054,0.16574,0.161053,0.156476,0.152007,0.147644,0.143385,0.139229,0.135173,0.131214,0.127352,0.123585,0.11991,0.116326,0.112831,0.109423,0.1061,0.102862,0.0997055,0.0966299,0.093633,0.0907137,0.0878699,0.0851006,0.0824038,0.0797783,0.0772224,0.0747348,0.0723139,0.0699585,0.0676669,0.065438,0.0632701,0.0611622,0.0591126,0.0571204,0.0551838,0.053302,0.0514733,0.0496968,0.0479709,0.0462948,0.044667,0.0430864,0.0415518,0.0400622,0.0386161,0.0372128,0.0358509,0.0345295,0.0332473,0.0320034,0.0307967,0.0296262,0.0284907,0.0273896,0.0263214,0.0252855,0.0242808,0.0233063,0.0223611,0.0214444,0.020555,0.0196923,0.0188552,0.018043,0.0172547,0.0164895,0.0157464,0.0150249,0.0143239,0.0136427,0.0129804,0.0123364,0.0117098,0.0110998,0.0105057,0.00992677,0.00936214,0.00881121,0.00827314,0.0077473,0.0072329,0.0067293,0.00623572,0.00575154,0.00527599,0.00480846,0.00434821,0.00389461,0.00344693,0.00300456,0.00256678,0.00213297,0.00170243,0.00127453,0.00084859
1,0.970033,0.940278,0.910935,0.882181,0.854165,0.827001,0.800772,0.775527,0.75129,0.72806,0.705821,0.684542,0.664183,0.6447,0.626045,0.608169,0.591023,0.574562,0.558739,0.543514,0.528847,0.514701,0.501044,0.487845,0.475075,0.46271,0.450724,0.439098,0.42781,0.416845,0.406185,0.395816,0.385723,0.375895,0.36632,0.356988,0.347889,0.339014,0.330354,0.321904,0.313654,0.305599,0.297733,0.29005,0.282545,0.275212,0.268047,0.261045,0.254203,0.247516,0.240981,0.234594,0.228351,0.22225,0.216287,0.210459,0.204764,0.199198,0.193759,0.188444,0.183251,0.178178,0.173221,0.16838,0.16365,0.159032,0.154521,0.150117,0.145816,0.141618,0.13752,0.13352,0.129616,0.125807,0.122091,0.118466,0.11493,0.111481,0.108119,0.10484,0.101644,0.0985288,0.0954927,0.0925346,0.0896524,0.0868449,0.0841104,0.0814477,0.0788549,0.076331,0.0738741,0.0714832,0.0691565,0.0668931,0.0646911,0.0625497,0.060467,0.0584423,0.0564737,0.0545604,0.0527007,0.0508939,0.0491382,0.0474328,0.0457762,0.0441675,0.0426053,0.0410886,0.0396161,0.0381869,0.0367996,0.0354535,0.0341471,0.0328797,0.0316499,0.030457,0.0292997,0.0281772,0.0270884,0.0260324,0.025008,0.0240147,0.0230511,0.0221165,0.0212099,0.0203306,0.0194774,0.0186497,0.0178464,0.0170668,0.01631,0.0155753,0.0148616,0.0141684,0.0134946,0.0128397,0.0122027,0.011583,0.0109797,0.0103921,0.00981939,0.00926097,0.00871599,0.00818381,0.00766365,0.00715486,0.00665668,0.00616849,0.00568951,0.00521914,0.00475664,0.00430138,0.00385265,0.00340982,0.0029722,0.00253916,0.00211,0.00168411,0.00126081,0.00083946
1,0.968483,0.937227,0.906478,0.876446,0.847306,0.819184,0.792165,0.766291,0.741575,0.718002,0.695537,0.674133,0.653735,0.634282,0.615714,0.597971,0.580993,0.564727,0.549121,0.534126,0.5197,0.505802,0.492396,0.479449,0.466931,0.454814,0.443074,0.431689,0.420638,0.409903,0.399468,0.389317,0.379438,0.369816,0.360441,0.351303,0.342391,0.333698,0.325215,0.316934,0.308849,0.300953,0.29324,0.285705,0.278343,0.271149,0.264118,0.257246,0.250529,0.243963,0.237544,0.23127,0.225136,0.21914,0.21328,0.20755,0.20195,0.196476,0.191127,0.185898,0.180789,0.175796,0.170918,0.166151,0.161495,0.156947,0.152505,0.148167,0.14393,0.139794,0.135756,0.131815,0.127968,0.124213,0.12055,0.116976,0.113489,0.110089,0.106773,0.103539,0.100387,0.0973139,0.094319,0.0914003,0.0885568,0.0857864,0.0830882,0.0804602,0.0779015,0.0754101,0.0729852,0.0706249,0.0683283,0.0660935,0.0639197,0.0618052,0.059749,0.0577495,0.0558057,0.053916,0.0520796,0.050295,0.0485611,0.0468765,0.0452403,0.0436512,0.0421081,0.0406097,0.0391551,0.0377431,0.0363726,0.0350425,0.0337519,0.0324995,0.0312845,0.0301056,0.0289622,0.0278529,0.026777,0.0257334,0.0247212,0.0237394,0.0227872,0.0218635,0.0209676,0.0200984,0.0192552,0.018437,0.0176431,0.0168725,0.0161245,0.0153982,0.0146928,0.0140075,0.0133416,0.0126941,0.0120645,0.0114518,0.0108554,0.0102745,0.00970836,0.00915625,0.00861752,0.00809135,0.00757714,0.00707409,0.00658159,0.00609889,0.00562537,0.00516029,0.00470304,0.0042529,0.00380926,0.00337141,0.00293874,0.00251056,0.00208625,0.00166515,0.00124662,0.000830009
1,0.966672,0.933673,0.901305,0.869825,0.839435,0.810272,0.782419,0.755907,0.730729,0.706847,0.684205,0.662733,0.642356,0.622996,0.604576,0.587025,0.570271,0.554253,0.538911,0.524192,0.510048,0.496435,0.483315,0.470651,0.458411,0.446569,0.435098,0.423975,0.413179,0.402693,0.392498,0.382581,0.372927,0.363524,0.35436,0.345426,0.336712,0.328209,0.319909,0.311806,0.303892,0.296162,0.288609,0.281228,0.274014,0.266964,0.260071,0.253333,0.246745,0.240304,0.234006,0.227848,0.221827,0.21594,0.210184,0.204556,0.199054,0.193675,0.188417,0.183277,0.178254,0.173344,0.168546,0.163857,0.159276,0.154801,0.150429,0.146159,0.141989,0.137916,0.13394,0.130058,0.126269,0.122571,0.118962,0.115441,0.112005,0.108654,0.105386,0.102199,0.0990913,0.096062,0.0931091,0.0902315,0.0874273,0.0846954,0.0820341,0.0794423,0.0769183,0.0744609,0.0720685,0.0697401,0.067474,0.0652692,0.063124,0.0610375,0.0590082,0.057035,0.0551164,0.0532515,0.0514387,0.0496772,0.0479655,0.0463027,0.0446873,0.0431185,0.0415949,0.0401156,0.0386793,0.0372851,0.0359318,0.0346185,0.0333438,0.0321072,0.0309072,0.0297431,0.0286137,0.0275182,0.0264555,0.0254248,0.024425,0.0234553,0.0225146,0.0216023,0.0207172,0.0198587,0.0190257,0.0182175,0.0174331,0.0166719,0.0159329,0.0152154,0.0145184,0.0138414,0.0131834,0.0125438,0.0119216,0.0113163,0.010727,0.010153,0.00959363,0.00904814,0.00851577,0.00799589,0.00748774,0.00699069,0.00650399,0.00602704,0.00555908,0.00509953,0.00464765,0.00420285,0.00376441,0.00333174,0.00290415,0.00248103,0.00206171,0.00164557,0.00123195,0.00082025
1,0.964535,0.92949,0.895246,0.86212,0.830341,0.800057,0.77134,0.744198,0.718596,0.694464,0.671715,0.650252,0.629974,0.610784,0.592588,0.575297,0.558833,0.543122,0.528099,0.513705,0.499888,0.4866,0.473801,0.461452,0.449522,0.43798,0.426802,0.415962,0.405442,0.395221,0.385283,0.375614,0.366199,0.357026,0.348085,0.339365,0.330857,0.322553,0.314445,0.306526,0.298791,0.291232,0.283844,0.276623,0.269563,0.262661,0.255911,0.249311,0.242856,0.236544,0.23037,0.224332,0.218426,0.212651,0.207003,0.201479,0.196078,0.190797,0.185633,0.180584,0.175649,0.170824,0.166108,0.161499,0.156996,0.152595,0.148295,0.144095,0.139993,0.135986,0.132073,0.128253,0.124523,0.120882,0.117329,0.113862,0.110479,0.107179,0.10396,0.10082,0.0977586,0.0947738,0.0918643,0.0890284,0.0862651,0.0835724,0.0809495,0.0783944,0.0759064,0.0734835,0.0711249,0.0688289,0.0665945,0.0644201,0.0623047,0.0602468,0.0582454,0.056299,0.0544066,0.0525668,0.0507787,0.0490407,0.0473521,0.0457113,0.0441176,0.0425695,0.0410662,0.0396063,0.0381891,0.0368131,0.0354776,0.0341813,0.0329234,0.0317027,0.0305184,0.0293693,0.0282546,0.0271731,0.0261242,0.0251066,0.0241196,0.0231623,0.0222337,0.0213329,0.0204592,0.0196115,0.0187891,0.017991,0.0172167,0.016465,0.0157353,0.0150268,0.0143387,0.0136701,0.0130204,0.0123887,0.0117743,0.0111765,0.0105946,0.0100277,0.00947535,0.00893659,0.00841086,0.00789739,0.00739557,0.00690463,0.00642399,0.00595289,0.00549074,0.00503683,0.00459054,0.00415119,0.00371818,0.00329081,0.0028685,0.00245056,0.0020364,0.00162536,0.00121683,0.000810179
1,0.961978,0.924507,0.888075,0.853071,0.819758,0.788283,0.758693,0.730959,0.705002,0.680708,0.657951,0.636598,0.61652,0.597595,0.579709,0.562762,0.54666,0.531324,0.516679,0.502664,0.48922,0.4763,0.46386,0.451861,0.44027,0.429056,0.418194,0.40766,0.397434,0.387496,0.377831,0.368423,0.35926,0.35033,0.341622,0.333126,0.324833,0.316737,0.308828,0.301101,0.29355,0.286168,0.278952,0.271895,0.264994,0.258245,0.251642,0.245184,0.238866,0.232686,0.22664,0.220725,0.214938,0.209277,0.20374,0.198323,0.193025,0.187844,0.182776,0.177821,0.172976,0.168238,0.163607,0.15908,0.154655,0.150331,0.146105,0.141977,0.137943,0.134004,0.130156,0.126399,0.12273,0.119149,0.115652,0.112241,0.108911,0.105663,0.102494,0.0994034,0.0963892,0.0934503,0.0905851,0.0877924,0.0850705,0.0824185,0.0798345,0.0773176,0.074866,0.072479,0.0701547,0.0678923,0.0656901,0.0635473,0.0614621,0.0594338,0.0574608,0.0555422,0.0536765,0.0518628,0.0500996,0.0483861,0.0467209,0.0451031,0.0435314,0.0420048,0.0405221,0.0390825,0.0376845,0.0363275,0.0350101,0.0337316,0.0324906,0.0312866,0.0301181,0.0289846,0.0278848,0.026818,0.025783,0.0247791,0.0238053,0.0228607,0.0219444,0.0210557,0.0201934,0.019357,0.0185454,0.017758,0.0169937,0.016252,0.0155319,0.0148327,0.0141535,0.0134937,0.0128524,0.012229,0.0116226,0.0110326,0.0104582,0.00989877,0.00935348,0.00882174,0.00830277,0.00779598,0.0073006,0.00681603,0.00634155,0.00587655,0.00542032,0.00497227,0.00453169,0.00409801,0.00367053,0.00324867,0.00283175,0.00241918,0.00201032,0.00160456,0.00120125,0.00079981
1,0.958872,0.918486,0.879481,0.842335,0.807342,0.77463,0.744197,0.715954,0.689754,0.665428,0.642795,0.621683,0.601927,0.58338,0.565909,0.549397,0.533741,0.518852,0.504651,0.49107,0.478052,0.465544,0.453502,0.441887,0.430665,0.419807,0.409286,0.399079,0.389166,0.379529,0.370152,0.36102,0.352122,0.343445,0.33498,0.326718,0.318649,0.310767,0.303065,0.295537,0.288176,0.280978,0.273938,0.267051,0.260313,0.25372,0.24727,0.240957,0.23478,0.228735,0.222819,0.21703,0.211365,0.205822,0.200398,0.195091,0.189899,0.184819,0.179851,0.174991,0.170238,0.16559,0.161045,0.156601,0.152257,0.148011,0.143861,0.139806,0.135843,0.131972,0.128191,0.124498,0.120892,0.11737,0.113933,0.110578,0.107303,0.104108,0.100991,0.0979501,0.0949845,0.0920923,0.0892727,0.0865239,0.0838449,0.081234,0.0786903,0.076212,0.0737983,0.0714476,0.0691588,0.0669305,0.0647617,0.0626508,0.060597,0.0585988,0.0566552,0.0547648,0.0529266,0.0511394,0.0494022,0.0477135,0.0460726,0.0444781,0.0429292,0.0414245,0.0399632,0.038544,0.0371661,0.0358283,0.0345297,0.0332692,0.0320459,0.0308587,0.0297068,0.0285891,0.0275048,0.0264528,0.0254323,0.0244423,0.0234821,0.0225506,0.0216471,0.0207705,0.0199202,0.0190953,0.0182949,0.0175182,0.0167645,0.0160329,0.0153227,0.0146329,0.0139631,0.0133122,0.0126797,0.0120647,0.0114666,0.0108846,0.010318,0.00976605,0.00922817,0.00870357,0.00819164,0.00769162,0.00720295,0.00672486,0.00625678,0.00579799,0.00534791,0.00490583,0.00447118,0.00404328,0.00362154,0.00320529,0.00279396,0.00238689,0.0019835,0.00158314,0.00118523,0.000789138
1,0.955027,0.911085,0.86903,0.82945,0.79265,0.758704,0.727521,0.698913,0.672643,0.648464,0.626131,0.605423,0.58614,0.568105,0.551167,0.535194,0.520074,0.50571,0.492021,0.478936,0.466395,0.454344,0.442741,0.431545,0.420723,0.410247,0.400091,0.390232,0.380651,0.371331,0.362257,0.353415,0.344793,0.336381,0.328169,0.320149,0.312313,0.304653,0.297165,0.289841,0.282676,0.275667,0.268808,0.262095,0.255525,0.249093,0.242798,0.236635,0.230601,0.224695,0.218913,0.213253,0.207712,0.202289,0.196981,0.191786,0.186701,0.181726,0.176858,0.172096,0.167437,0.16288,0.158423,0.154065,0.149803,0.145637,0.141564,0.137584,0.133694,0.129893,0.126179,0.122552,0.119009,0.11555,0.112172,0.108875,0.105656,0.102516,0.0994511,0.0964614,0.0935451,0.0907011,0.0879277,0.0852241,0.0825886,0.0800202,0.0775172,0.0750789,0.0727036,0.0703903,0.0681376,0.0659445,0.0638095,0.0617317,0.0597097,0.0577425,0.0558287,0.0539674,0.0521573,0.0503975,0.0486865,0.0470236,0.0454073,0.043837,0.0423111,0.0408291,0.0393895,0.0379915,0.036634,0.0353161,0.0340366,0.0327947,0.0315893,0.0304196,0.0292845,0.0281832,0.0271146,0.026078,0.0250722,0.0240967,0.0231502,0.0222322,0.0213416,0.0204778,0.0196396,0.0188266,0.0180376,0.0172721,0.0165291,0.0158079,0.0151077,0.0144279,0.0137675,0.0131259,0.0125023,0.011896,0.0113063,0.0107325,0.0101739,0.00962977,0.0090994,0.00858221,0.00807742,0.00758446,0.00710258,0.00663122,0.00616965,0.00571731,0.00527348,0.0048376,0.00440899,0.00398707,0.00357118,0.00316075,0.00275512,0.00235373,0.00195593,0.00156115,0.00116876,0.000778177
1,0.950153,0.901798,0.856109,0.81379,0.775111,0.740021,0.708277,0.679541,0.653453,0.629663,0.607855,0.587753,0.569118,0.551748,0.535474,0.520154,0.505667,0.491913,0.478808,0.466279,0.454268,0.442721,0.431595,0.420852,0.410461,0.400393,0.390625,0.381134,0.371904,0.362917,0.35416,0.34562,0.337286,0.329149,0.3212,0.31343,0.305833,0.298403,0.291134,0.284021,0.277058,0.270242,0.263569,0.257034,0.250636,0.244369,0.238232,0.232222,0.226335,0.22057,0.214925,0.209396,0.203982,0.198681,0.193491,0.18841,0.183436,0.178567,0.173802,0.169139,0.164576,0.160112,0.155745,0.151473,0.147296,0.143211,0.139217,0.135313,0.131496,0.127767,0.124123,0.120562,0.117085,0.113688,0.110371,0.107133,0.103972,0.100887,0.0978758,0.094938,0.0920724,0.0892771,0.0865514,0.0838936,0.0813028,0.0787774,0.0763165,0.0739186,0.0715828,0.0693075,0.0670919,0.0649345,0.0628344,0.0607901,0.0588008,0.0568651,0.0549821,0.0531504,0.0513692,0.0496371,0.0479533,0.0463164,0.0447256,0.0431797,0.0416778,0.0402187,0.0388015,0.037425,0.0360886,0.0347908,0.0335311,0.0323081,0.0311212,0.0299693,0.0288515,0.0277668,0.0267145,0.0256935,0.024703,0.023742,0.0228099,0.0219056,0.0210285,0.0201774,0.0193519,0.0185509,0.0177737,0.0170195,0.0162876,0.0155771,0.0148873,0.0142174,0.0135668,0.0129346,0.0123203,0.0117229,0.0111419,0.0105765,0.0100261,0.00948987,0.00896732,0.00845763,0.00796026,0.00747445,0.00699963,0.0065351,0.00608028,0.00563448,0.00519713,0.00476755,0.00434518,0.00392936,0.00351952,0.00311502,0.00271528,0.00231968,0.00192766,0.00153857,0.00115187,0.000766924
1,0.943786,0.889849,0.83982,0.794494,0.753988,0.718,0.686031,0.657531,0.631973,0.60889,0.587885,0.568627,0.550843,0.53431,0.518845,0.504297,0.490545,0.477487,0.465037,0.453127,0.441697,0.430698,0.420088,0.409833,0.399901,0.390266,0.380907,0.371804,0.362941,0.354302,0.345875,0.337649,0.329614,0.321761,0.314082,0.306571,0.299221,0.292026,0.284982,0.278085,0.271329,0.264711,0.258227,0.251875,0.245651,0.239553,0.233578,0.227723,0.221986,0.216366,0.210859,0.205464,0.20018,0.195003,0.189933,0.184968,0.180106,0.175346,0.170685,0.166123,0.161658,0.157288,0.153012,0.148829,0.144737,0.140735,0.136821,0.132994,0.129253,0.125596,0.122023,0.118531,0.115119,0.111787,0.108532,0.105354,0.102251,0.099222,0.0962658,0.0933813,0.0905669,0.0878218,0.0851442,0.0825335,0.079988,0.0775068,0.0750885,0.0727322,0.0704363,0.0682002,0.0660221,0.0639014,0.0618366,0.0598269,0.0578708,0.0559675,0.0541157,0.0523145,0.0505625,0.048859,0.0472026,0.0455926,0.0440277,0.042507,0.0410293,0.0395938,0.0381994,0.0368451,0.03553,0.0342531,0.0330133,0.0318099,0.0306418,0.0295082,0.028408,0.0273405,0.0263046,0.0252997,0.0243247,0.0233789,0.0224612,0.0215711,0.0207075,0.0198698,0.019057,0.0182684,0.0175032,0.0167608,0.0160401,0.0153405,0.0146613,0.0140018,0.0133611,0.0127387,0.0121337,0.0115455,0.0109733,0.0104166,0.00987452,0.00934654,0.00883188,0.00832999,0.00784012,0.00736172,0.00689407,0.00643661,0.00598864,0.00554961,0.00511883,0.00469577,0.00427975,0.00387022,0.00346654,0.00306815,0.00267442,0.00228479,0.00189865,0.00151544,0.00113454,0.000755393
1,0.935143,0.873995,0.818832,0.770383,0.728351,0.691965,0.660325,0.632587,0.608027,0.58605,0.56618,0.54804,0.531332,0.515818,0.501312,0.487662,0.474747,0.462469,0.450746,0.439514,0.428716,0.418308,0.408251,0.398513,0.389067,0.379889,0.370959,0.362262,0.35378,0.345503,0.337418,0.329517,0.321789,0.314229,0.306829,0.299583,0.292485,0.285532,0.278719,0.272042,0.265497,0.259081,0.252791,0.246624,0.240579,0.234652,0.228841,0.223144,0.21756,0.212086,0.206721,0.201462,0.196308,0.191258,0.18631,0.181463,0.176715,0.172064,0.16751,0.16305,0.158684,0.15441,0.150227,0.146134,0.142129,0.138211,0.134378,0.13063,0.126966,0.123383,0.119881,0.116458,0.113114,0.109846,0.106655,0.103538,0.100494,0.0975229,0.0946227,0.091792,0.0890302,0.0863357,0.0837076,0.0811444,0.0786454,0.076209,0.0738343,0.0715201,0.0692653,0.0670686,0.0649292,0.0628457,0.0608172,0.0588424,0.0569204,0.0550499,0.0532302,0.0514597,0.0497379,0.0480634,0.0464353,0.0448525,0.0433141,0.0418189,0.0403662,0.0389547,0.0375836,0.0362519,0.0349587,0.0337029,0.0324837,0.0313001,0.0301513,0.0290363,0.0279542,0.0269041,0.0258853,0.0248967,0.0239376,0.0230071,0.0221044,0.0212286,0.0203791,0.0195548,0.0187552,0.0179793,0.0172265,0.0164958,0.0157868,0.0150984,0.0144301,0.013781,0.0131506,0.0125381,0.0119427,0.0113638,0.0108008,0.0102528,0.00971941,0.00919973,0.00869326,0.00819925,0.00771716,0.00724626,0.00678601,0.00633571,0.00589482,0.00546266,0.00503869,0.00462224,0.00421277,0.00380964,0.00341231,0.00302014,0.00263259,0.00224905,0.00186897,0.00149173,0.0011168,0.000743579
1,0.922793,0.852156,0.791134,0.739858,0.697075,0.661189,0.630724,0.604475,0.581508,0.561113,0.542756,0.526034,0.510638,0.496334,0.482938,0.470308,0.45833,0.446913,0.435985,0.425485,0.415367,0.405588,0.396117,0.386925,0.377988,0.369288,0.360806,0.352529,0.344443,0.336539,0.328807,0.321239,0.313828,0.306568,0.299453,0.292478,0.285638,0.278932,0.272353,0.2659,0.25957,0.253359,0.247266,0.241289,0.235424,0.229671,0.224027,0.218491,0.213061,0.207736,0.202513,0.197393,0.192372,0.18745,0.182626,0.177898,0.173265,0.168726,0.164279,0.159924,0.155658,0.151482,0.147393,0.143391,0.139474,0.135641,0.131891,0.128223,0.124636,0.121128,0.117698,0.114346,0.11107,0.107869,0.104742,0.101687,0.0987036,0.0957908,0.0929471,0.0901716,0.0874629,0.0848202,0.082242,0.0797276,0.0772755,0.0748849,0.0725544,0.0702833,0.0680701,0.0659139,0.0638136,0.0617682,0.0597764,0.0578374,0.0559499,0.0541131,0.0523258,0.050587,0.0488957,0.0472509,0.0456514,0.0440966,0.042585,0.0411161,0.0396886,0.0383018,0.0369544,0.0356458,0.0343748,0.0331407,0.0319424,0.0307792,0.02965,0.0285541,0.0274903,0.0264582,0.0254566,0.0244848,0.0235418,0.0226271,0.0217396,0.0208786,0.0200432,0.0192329,0.0184466,0.0176837,0.0169434,0.016225,0.0155277,0.0148508,0.0141935,0.0135553,0.0129353,0.0123329,0.0117474,0.0111781,0.0106243,0.0100854,0.0095607,0.00904961,0.00855142,0.00806556,0.00759133,0.00712819,0.00667544,0.00623254,0.00579883,0.00537375,0.00495667,0.00454704,0.00414423,0.00374769,0.00335681,0.00297104,0.00258979,0.0022125,0.00183858,0.00146749,0.00109865,0.000731497
1,0.903872,0.820704,0.753693,0.700842,0.658909,0.624998,0.596913,0.573089,0.552425,0.534148,0.517709,0.502712,0.488866,0.475955,0.463814,0.452318,0.441368,0.430886,0.420812,0.411096,0.401697,0.392583,0.383726,0.375104,0.366698,0.358492,0.350473,0.34263,0.334952,0.327431,0.320061,0.312834,0.305746,0.298792,0.291967,0.285268,0.278691,0.272235,0.265895,0.25967,0.253557,0.247555,0.241661,0.235875,0.230194,0.224617,0.219142,0.213768,0.208495,0.20332,0.198242,0.193261,0.188375,0.183583,0.178884,0.174277,0.169761,0.165334,0.160997,0.156746,0.152583,0.148505,0.144511,0.140601,0.136773,0.133027,0.129361,0.125774,0.122265,0.118833,0.115478,0.112197,0.10899,0.105856,0.102794,0.0998022,0.0968802,0.0940266,0.0912405,0.0885207,0.0858663,0.0832759,0.0807488,0.0782836,0.0758795,0.0735352,0.07125,0.0690223,0.0668516,0.0647364,0.0626761,0.0606692,0.058715,0.0568122,0.0549601,0.0531574,0.0514033,0.0496966,0.0480365,0.0464217,0.0448517,0.043325,0.0418411,0.0403987,0.0389972,0.0376352,0.0363122,0.035027,0.0337789,0.0325667,0.0313899,0.0302473,0.0291382,0.0280616,0.0270168,0.0260027,0.0250188,0.024064,0.0231377,0.0222389,0.021367,0.020521,0.0197003,0.0189039,0.0181314,0.0173817,0.0166542,0.0159482,0.015263,0.0145978,0.0139519,0.0133246,0.0127153,0.0121232,0.0115478,0.0109882,0.010444,0.00991425,0.00939856,0.00889616,0.00840651,0.00792889,0.00746278,0.00700748,0.00656247,0.00612706,0.00570074,0.00528286,0.00487288,0.00447016,0.0040742,0.00368435,0.0033001,0.00292085,0.00254605,0.00217512,0.00180754,0.00144271,0.0010801,0.000719144
1,0.871994,0.773098,0.702095,0.650913,0.612725,0.582985,0.55885,0.538551,0.520963,0.505355,0.491231,0.478251,0.466173,0.45482,0.444061,0.433797,0.423953,0.41447,0.405301,0.396408,0.387763,0.379341,0.371122,0.36309,0.355231,0.347534,0.33999,0.332591,0.325329,0.3182,0.311198,0.304319,0.297559,0.290916,0.284385,0.277966,0.271656,0.265453,0.259354,0.25336,0.247467,0.241676,0.235984,0.230391,0.224895,0.219495,0.214191,0.208982,0.203866,0.198843,0.193912,0.189072,0.184322,0.179661,0.175088,0.170603,0.166205,0.161892,0.157665,0.153521,0.14946,0.145482,0.141585,0.137768,0.13403,0.130371,0.12679,0.123285,0.119856,0.116501,0.11322,0.110012,0.106875,0.103809,0.100813,0.0978851,0.095025,0.0922317,0.0895038,0.0868407,0.0842411,0.0817041,0.0792285,0.0768136,0.074458,0.072161,0.0699213,0.0677382,0.0656104,0.0635372,0.0615171,0.0595497,0.0576334,0.0557678,0.0539514,0.0521835,0.050463,0.0487891,0.0471605,0.0455766,0.0440362,0.0425386,0.0410825,0.0396674,0.038292,0.0369556,0.0356572,0.034396,0.0331709,0.0319814,0.0308262,0.0297047,0.028616,0.0275592,0.0265335,0.0255381,0.0245721,0.0236348,0.0227253,0.0218429,0.0209867,0.0201561,0.0193502,0.0185683,0.0178096,0.0170735,0.0163591,0.0156658,0.0149928,0.0143396,0.0137052,0.0130892,0.0124907,0.0119093,0.011344,0.0107944,0.0102598,0.00973956,0.00923298,0.00873954,0.00825851,0.00778939,0.00733149,0.00688427,0.00644708,0.0060194,0.00560056,0.00519007,0.00478728,0.00439169,0.00400266,0.00361969,0.00324218,0.0028696,0.00250137,0.00213697,0.00177583,0.00141741,0.00106115,0.000706533
1,0.811005,0.6976,0.63068,0.587995,0.558099,0.535373,0.516959,0.501309,0.487532,0.475086,0.46362,0.452901,0.442767,0.433104,0.423826,0.414872,0.406195,0.397757,0.38953,0.381492,0.373626,0.365916,0.358352,0.350924,0.343624,0.336447,0.329387,0.322439,0.3156,0.308868,0.302239,0.295712,0.289284,0.282955,0.276723,0.270586,0.264545,0.258597,0.252742,0.24698,0.24131,0.23573,0.230242,0.224843,0.219534,0.214314,0.209182,0.204138,0.199181,0.194311,0.189527,0.184829,0.180216,0.175687,0.171242,0.16688,0.162601,0.158403,0.154287,0.15025,0.146293,0.142415,0.138616,0.134893,0.131247,0.127676,0.12418,0.120758,0.117409,0.114133,0.110927,0.107792,0.104726,0.101729,0.0987997,0.0959367,0.0931396,0.090407,0.0877384,0.0851325,0.0825886,0.0801055,0.0776824,0.0753182,0.073012,0.0707628,0.0685697,0.0664314,0.0643475,0.0623164,0.0603377,0.05841,0.0565326,0.0547043,0.0529244,0.0511918,0.0495056,0.0478648,0.0462685,0.0447158,0.0432058,0.0417373,0.0403099,0.0389222,0.0375736,0.0362631,0.0349899,0.0337529,0.0325516,0.0313847,0.0302518,0.0291517,0.0280838,0.0270471,0.026041,0.0250644,0.0241168,0.0231972,0.0223049,0.0214391,0.0205991,0.019784,0.0189933,0.018226,0.0174816,0.0167591,0.0160581,0.0153777,0.0147173,0.0140762,0.0134537,0.012849,0.0122617,0.0116909,0.0111362,0.0105967,0.010072,0.00956132,0.00906412,0.00857971,0.00810759,0.00764705,0.00719759,0.00675854,0.0063294,0.00590952,0.00549839,0.00509538,0.00469999,0.00431159,0.0039297,0.0035537,0.0031831,0.0028173,0.0024558,0.00209803,0.00174348,0.00139158,0.00104183,0.000693662
1,0.674428,0.575619,0.535032,0.512291,0.496308,0.483457,0.472309,0.4622,0.45278,0.443846,0.435272,0.426977,0.418903,0.411014,0.403282,0.395686,0.388212,0.380849,0.373588,0.366423,0.359351,0.352366,0.345467,0.338652,0.331918,0.325266,0.318694,0.312203,0.30579,0.299458,0.293205,0.287033,0.28094,0.274927,0.268994,0.263142,0.25737,0.251679,0.246069,0.240541,0.235093,0.229727,0.224443,0.21924,0.214118,0.209078,0.204119,0.199241,0.194444,0.189728,0.185093,0.180538,0.176062,0.171666,0.16735,0.163112,0.158952,0.15487,0.150865,0.146937,0.143085,0.139308,0.135607,0.131979,0.128425,0.124943,0.121534,0.118196,0.114928,0.11173,0.108601,0.105539,0.102545,0.099618,0.0967558,0.0939585,0.0912247,0.088554,0.0859451,0.0833974,0.0809097,0.0784814,0.0761112,0.0737986,0.0715423,0.0693416,0.0671954,0.065103,0.0630632,0.0610753,0.0591381,0.057251,0.0554127,0.0536227,0.0518796,0.0501829,0.0485314,0.0469244,0.0453608,0.0438398,0.0423605,0.040922,0.0395233,0.0381638,0.0368423,0.0355582,0.0343104,0.0330983,0.0319208,0.0307773,0.0296668,0.0285886,0.0275418,0.0265257,0.0255393,0.024582,0.0236529,0.0227514,0.0218766,0.0210278,0.0202041,0.019405,0.0186296,0.0178773,0.0171472,0.0164389,0.0157514,0.0150842,0.0144365,0.0138078,0.0131972,0.0126043,0.0120282,0.0114685,0.0109244,0.0103953,0.00988058,0.0093797,0.00889197,0.00841686,0.0079537,0.00750199,0.00706106,0.00663042,0.00620941,0.00579755,0.00539421,0.00499888,0.00461097,0.00422997,0.0038553,0.00348645,0.00312285,0.002764,0.00240933,0.00205835,0.00171049,0.00136527,0.00102212,0.000680545
0,0.311088,0.395419,0.42154,0.429832,0.431389,0.429842,0.426626,0.422411,0.417551,0.412256,0.406657,0.400841,0.394868,0.388782,0.382615,0.376393,0.370134,0.363855,0.357567,0.351281,0.345007,0.33875,0.332519,0.326318,0.320153,0.314027,0.307946,0.301911,0.295926,0.289994,0.284119,0.2783,0.272542,0.266846,0.261213,0.255645,0.250144,0.24471,0.239346,0.234051,0.228827,0.223675,0.218595,0.213588,0.208654,0.203794,0.199009,0.194298,0.189661,0.1851,0.180613,0.176201,0.171864,0.167602,0.163414,0.159301,0.155262,0.151296,0.147404,0.143584,0.139838,0.136163,0.13256,0.129028,0.125567,0.122175,0.118853,0.115599,0.112413,0.109294,0.106242,0.103255,0.100334,0.0974766,0.0946828,0.0919515,0.0892822,0.0866736,0.0841253,0.0816362,0.0792056,0.0768325,0.0745162,0.0722555,0.0700499,0.0678982,0.0657998,0.0637535,0.0617587,0.0598142,0.0579194,0.0560732,0.0542748,0.0525232,0.0508178,0.0491573,0.0475412,0.0459683,0.0444379,0.0429491,0.041501,0.0400927,0.0387235,0.0373923,0.0360985,0.034841,0.0336193,0.0324322,0.0312792,0.0301592,0.0290717,0.0280156,0.0269903,0.0259949,0.0250288,0.024091,0.0231809,0.0222977,0.0214407,0.020609,0.0198021,0.0190191,0.0182594,0.0175222,0.016807,0.0161128,0.0154392,0.0147853,0.0141507,0.0135345,0.0129362,0.0123551,0.0117905,0.0112419,0.0107087,0.0101901,0.00968566,0.00919469,0.00871668,0.00825096,0.00779702,0.00735421,0.00692205,0.00649988,0.00608723,0.00568347,0.00528812,0.00490056,0.00452032,0.00414681,0.00377953,0.00341793,0.0030615,0.00270969,0.00236201,0.00201791,0.0016769,0.00133845,0.00100205,0.000667178
0,0.174507,0.273431,0.325881,0.354113,0.369579,0.377903,0.38195,0.383272,0.382765,0.38098,0.378269,0.374873,0.370957,0.366643,0.362018,0.357151,0.352093,0.346885,0.341561,0.336146,0.330662,0.325129,0.319561,0.313971,0.30837,0.302768,0.297173,0.291592,0.286033,0.2805,0.274999,0.269534,0.26411,0.258729,0.253395,0.248111,0.242879,0.237702,0.232582,0.227521,0.22252,0.217582,0.212706,0.207895,0.203149,0.19847,0.193858,0.189313,0.184838,0.180431,0.176093,0.171825,0.167627,0.163498,0.15944,0.155451,0.151533,0.147684,0.143905,0.140195,0.136554,0.132982,0.129478,0.126043,0.122674,0.119373,0.116138,0.11297,0.109866,0.106827,0.103853,0.100942,0.0980932,0.0953069,0.0925817,0.0899174,0.0873127,0.0847672,0.0822799,0.0798502,0.0774771,0.07516,0.0728978,0.07069,0.0685354,0.0664335,0.0643831,0.0623837,0.0604342,0.058534,0.0566819,0.0548773,0.0531191,0.0514068,0.0497392,0.0481157,0.0465352,0.0449971,0.0435002,0.0420441,0.0406276,0.0392501,0.0379105,0.0366083,0.0353424,0.0341122,0.0329166,0.0317552,0.0306268,0.0295309,0.0284665,0.027433,0.0264295,0.0254553,0.0245096,0.0235917,0.0227008,0.0218363,0.0209973,0.0201832,0.0193932,0.0186267,0.0178828,0.0171611,0.0164607,0.0157811,0.0151215,0.0144813,0.0138598,0.0132565,0.0126706,0.0121015,0.0115486,0.0110114,0.0104891,0.00998132,0.00948726,0.00900646,0.00853825,0.00808216,0.00763752,0.00720386,0.00678053,0.00636707,0.00596285,0.00556739,0.00518011,0.00480052,0.00442803,0.00406218,0.0037024,0.0033482,0.00299903,0.00265442,0.00231383,0.00197676,0.0016427,0.00131116,0.000981614,0.000653577
0,0.113511,0.197918,0.254443,0.291164,0.314914,0.330245,0.340005,0.34597,0.349267,0.350637,0.350577,0.349435,0.347457,0.344826,0.341677,0.338113,0.334216,0.330048,0.325661,0.321096,0.316387,0.311562,0.306644,0.301654,0.296609,0.291522,0.286408,0.281276,0.276137,0.270999,0.265869,0.260754,0.25566,0.250592,0.245555,0.240552,0.235588,0.230667,0.22579,0.220961,0.216182,0.211456,0.206784,0.202168,0.19761,0.19311,0.188671,0.184294,0.179978,0.175726,0.171537,0.167413,0.163353,0.159359,0.15543,0.151567,0.147769,0.144037,0.140372,0.136771,0.133237,0.129768,0.126364,0.123025,0.11975,0.11654,0.113393,0.11031,0.10729,0.104331,0.101435,0.0985995,0.0958248,0.0931098,0.0904542,0.087857,0.0853178,0.0828357,0.0804102,0.0780403,0.0757254,0.0734646,0.0712574,0.0691026,0.0669999,0.064948,0.0629466,0.0609944,0.0590909,0.0572351,0.0554265,0.0536638,0.0519466,0.0502737,0.0486447,0.0470583,0.0455142,0.044011,0.0425484,0.0411252,0.0397409,0.0383944,0.0370851,0.0358121,0.0345746,0.0333718,0.0322031,0.0310674,0.0299642,0.0288925,0.0278518,0.026841,0.0258597,0.0249069,0.0239821,0.0230843,0.022213,0.0213673,0.0205467,0.0197503,0.0189776,0.0182277,0.0175001,0.016794,0.0161088,0.0154439,0.0147986,0.0141722,0.0135642,0.0129738,0.0124005,0.0118437,0.0113027,0.010777,0.010266,0.00976899,0.00928555,0.008815,0.00835685,0.00791046,0.00747535,0.0070509,0.00663664,0.00623195,0.00583637,0.00544931,0.00507029,0.00469874,0.00433419,0.00397609,0.00362396,0.00327726,0.00293552,0.0025982,0.00226483,0.0019349,0.00160793,0.0012834,0.000960834,0.000639738
0,0.081621,0.150288,0.20281,0.241189,0.268673,0.288165,0.301863,0.311341,0.317705,0.321732,0.323977,0.324842,0.324622,0.32354,0.321763,0.319424,0.316624,0.313446,0.309956,0.306208,0.302245,0.298105,0.293819,0.289413,0.284909,0.280327,0.275683,0.270991,0.266264,0.261514,0.256749,0.251979,0.24721,0.242451,0.237706,0.232982,0.228283,0.223614,0.218979,0.21438,0.209821,0.205306,0.200836,0.196414,0.192042,0.187722,0.183456,0.179244,0.175088,0.17099,0.16695,0.162969,0.159048,0.155188,0.151388,0.14765,0.143974,0.140359,0.136807,0.133317,0.129889,0.126523,0.123219,0.119977,0.116796,0.113677,0.110619,0.107622,0.104685,0.101808,0.0989897,0.0962307,0.0935299,0.090887,0.0883011,0.0857719,0.0832985,0.0808806,0.0785171,0.0762077,0.0739513,0.0717476,0.0695956,0.0674947,0.065444,0.063443,0.0614906,0.0595864,0.0577292,0.0559186,0.0541536,0.0524336,0.0507575,0.0491248,0.0475345,0.045986,0.0444784,0.0430109,0.0415827,0.0401931,0.0388411,0.0375262,0.0362474,0.0350041,0.0337953,0.0326205,0.0314787,0.0303693,0.0292914,0.0282445,0.0272276,0.0262401,0.0252811,0.0243502,0.0234463,0.0225691,0.0217175,0.0208911,0.020089,0.0193107,0.0185554,0.0178225,0.0171112,0.0164211,0.0157513,0.0151014,0.0144705,0.0138582,0.0132637,0.0126866,0.0121261,0.0115817,0.0110528,0.0105388,0.0100391,0.00955327,0.00908054,0.00862048,0.00817246,0.00773601,0.00731051,0.0068955,0.00649037,0.00609467,0.0057078,0.00532932,0.00495864,0.00459532,0.00423879,0.0038886,0.00354422,0.00320517,0.00287094,0.00254106,0.00221502,0.00189236,0.00157257,0.00125518,0.000939707,0.000625675
0,0.0626854,0.118806,0.165323,0.202112,0.23043,0.251882,0.267946,0.279834,0.288487,0.294618,0.298767,0.301345,0.302661,0.302959,0.302425,0.301208,0.299425,0.297172,0.294526,0.29155,0.288298,0.284813,0.281133,0.277289,0.273308,0.269214,0.265026,0.260762,0.256438,0.252066,0.247658,0.243225,0.238777,0.234321,0.229864,0.225414,0.220976,0.216556,0.212159,0.207787,0.203447,0.19914,0.194871,0.190641,0.186454,0.182312,0.178217,0.17417,0.170173,0.166228,0.162336,0.158498,0.154716,0.150989,0.147318,0.143705,0.14015,0.136652,0.133214,0.129833,0.126512,0.123249,0.120046,0.116901,0.113815,0.110787,0.107818,0.104907,0.102054,0.0992578,0.0965189,0.0938365,0.0912103,0.0886396,0.0861242,0.0836632,0.0812563,0.0789026,0.0766019,0.0743532,0.0721561,0.0700097,0.0679135,0.0658667,0.0638688,0.0619188,0.0600163,0.0581602,0.05635,0.0545849,0.0528642,0.0511869,0.0495527,0.0479604,0.0464095,0.0448991,0.0434286,0.0419969,0.0406037,0.0392479,0.0379289,0.0366458,0.035398,0.0341846,0.033005,0.0318584,0.030744,0.0296611,0.0286091,0.027587,0.0265944,0.0256302,0.0246941,0.0237852,0.0229028,0.0220461,0.0212147,0.0204077,0.0196246,0.0188645,0.0181269,0.0174111,0.0167166,0.0160425,0.0153884,0.0147535,0.0141374,0.0135393,0.0129587,0.0123949,0.0118475,0.0113157,0.0107991,0.010297,0.00980887,0.00933416,0.00887239,0.0084229,0.00798524,0.00755881,0.00714314,0.00673764,0.00634185,0.00595521,0.00557725,0.00520742,0.00484527,0.00449025,0.00414191,0.00379972,0.00346324,0.00313193,0.00280536,0.00248301,0.00216444,0.00184913,0.00153666,0.00122652,0.000918253,0.000611387
0,0.0503156,0.0969284,0.137567,0.17151,0.199058,0.220991,0.238212,0.25157,0.261798,0.269494,0.275139,0.279117,0.281731,0.283222,0.283783,0.283571,0.282711,0.281305,0.27944,0.277186,0.2746,0.271734,0.268629,0.265321,0.261841,0.258216,0.254467,0.250617,0.246681,0.242677,0.238616,0.234512,0.230376,0.226216,0.222041,0.21786,0.213679,0.209503,0.20534,0.201193,0.197067,0.192966,0.188895,0.184855,0.180851,0.176885,0.172959,0.169076,0.165237,0.161445,0.1577,0.154004,0.150359,0.146765,0.143223,0.139735,0.1363,0.13292,0.129594,0.126324,0.123109,0.11995,0.116847,0.113799,0.110808,0.107872,0.104992,0.102167,0.0993978,0.0966835,0.0940238,0.0914186,0.0888671,0.0863693,0.0839244,0.0815322,0.0791919,0.0769032,0.0746654,0.0724781,0.0703404,0.068252,0.0662119,0.0642199,0.0622749,0.0603766,0.0585241,0.0567168,0.0549538,0.0532347,0.0515586,0.0499248,0.0483325,0.0467813,0.04527,0.0437982,0.042365,0.0409699,0.0396118,0.0382903,0.0370044,0.0357537,0.0345371,0.0333541,0.0322039,0.0310859,0.0299992,0.0289433,0.0279172,0.0269205,0.0259523,0.025012,0.0240988,0.0232123,0.0223515,0.0215159,0.0207047,0.0199175,0.0191534,0.0184119,0.0176922,0.0169939,0.0163161,0.0156585,0.0150202,0.0144007,0.0137995,0.0132158,0.0126492,0.0120991,0.0115648,0.0110458,0.0105416,0.0100515,0.00957513,0.00911186,0.0086611,0.00822242,0.0077952,0.007379,0.00697323,0.00657745,0.00619108,0.00581369,0.00544471,0.00508373,0.00473017,0.00438363,0.00404356,0.00370953,0.00338102,0.00305761,0.00273878,0.0024241,0.00211307,0.00180527,0.0015002,0.00119742,0.000896468,0.000596887
0,0.0416492,0.081027,0.116509,0.147306,0.173306,0.194818,0.212345,0.226444,0.237648,0.246428,0.253188,0.258264,0.261934,0.264426,0.265928,0.266595,0.266555,0.265913,0.264759,0.263167,0.2612,0.258912,0.256347,0.253544,0.250539,0.247359,0.244031,0.240577,0.237016,0.233366,0.229641,0.225856,0.222022,0.21815,0.214251,0.210332,0.206401,0.202465,0.198531,0.194604,0.190689,0.186792,0.182915,0.179063,0.17524,0.171448,0.16769,0.163968,0.160286,0.156644,0.153046,0.149491,0.145982,0.142521,0.139107,0.135743,0.132428,0.129164,0.125952,0.122791,0.119683,0.116627,0.113624,0.110674,0.107777,0.104933,0.102142,0.0994039,0.0967188,0.0940863,0.0915062,0.0889781,0.0865019,0.084077,0.0817032,0.0793799,0.0771068,0.0748832,0.072709,0.0705831,0.0685055,0.0664752,0.0644919,0.0625547,0.0606634,0.0588169,0.057015,0.0552567,0.0535416,0.0518687,0.0502377,0.0486476,0.0470979,0.0455878,0.0441167,0.0426838,0.0412885,0.0399299,0.0386076,0.0373206,0.0360684,0.0348501,0.0336653,0.0325129,0.0313926,0.0303034,0.0292448,0.0282159,0.0272163,0.0262451,0.0253017,0.0243854,0.0234957,0.0226316,0.0217928,0.0209784,0.0201879,0.0194206,0.0186759,0.017953,0.0172516,0.0165708,0.0159102,0.0152691,0.0146469,0.014043,0.0134568,0.0128878,0.0123354,0.011799,0.0112781,0.0107721,0.0102805,0.00980262,0.00933813,0.00888635,0.00844686,0.00801905,0.00760249,0.00719659,0.00680093,0.00641493,0.00603818,0.00567011,0.0053103,0.00495822,0.00461345,0.00427545,0.00394381,0.00361801,0.00329764,0.00298219,0.00267125,0.00236432,0.00206098,0.00176076,0.00146322,0.0011679,0.000874374,0.000582173
0,0.0352552,0.0690231,0.100138,0.127901,0.152047,0.172634,0.189911,0.20422,0.215929,0.225392,0.23293,0.238826,0.243324,0.24663,0.248919,0.250339,0.251013,0.251048,0.250531,0.24954,0.248139,0.246382,0.244319,0.241989,0.23943,0.236672,0.233742,0.230665,0.227461,0.224151,0.220749,0.217271,0.213729,0.210137,0.206504,0.20284,0.199153,0.195451,0.191741,0.18803,0.184322,0.180623,0.176938,0.173271,0.169625,0.166005,0.162412,0.158851,0.155323,0.151831,0.148377,0.144962,0.141589,0.138259,0.134972,0.131731,0.128536,0.125389,0.122289,0.119237,0.116235,0.113282,0.110379,0.107527,0.104724,0.101972,0.0992701,0.096619,0.0940182,0.0914677,0.0889672,0.0865168,0.0841158,0.0817643,0.0794617,0.0772078,0.0750019,0.072844,0.0707333,0.0686696,0.066652,0.0646804,0.062754,0.0608724,0.0590347,0.0572408,0.0554896,0.0537808,0.0521137,0.0504876,0.0489019,0.047356,0.0458491,0.0443807,0.04295,0.0415564,0.0401992,0.0388778,0.0375913,0.0363394,0.035121,0.0339357,0.0327827,0.0316615,0.0305711,0.0295112,0.0284808,0.0274796,0.0265065,0.0255612,0.0246429,0.023751,0.0228847,0.0220436,0.0212269,0.020434,0.0196643,0.0189172,0.018192,0.0174883,0.0168052,0.0161423,0.0154989,0.0148746,0.0142686,0.0136805,0.0131096,0.0125554,0.0120174,0.0114949,0.0109875,0.0104947,0.0100158,0.00955037,0.00909786,0.00865783,0.00822966,0.00781295,0.00740711,0.00701172,0.00662623,0.00625022,0.00588314,0.00552459,0.00517401,0.00483102,0.00449508,0.0041658,0.00384266,0.00352525,0.00321308,0.00290575,0.00260277,0.00230373,0.00200816,0.00171564,0.00142572,0.00113798,0.000851968,0.000567258
0,0.0303491,0.0596738,0.0871226,0.112115,0.134352,0.153765,0.17045,0.184602,0.196463,0.206287,0.214322,0.220797,0.225917,0.229863,0.232792,0.23484,0.236125,0.236747,0.236793,0.236338,0.235447,0.234176,0.232574,0.230682,0.228538,0.226174,0.22362,0.220899,0.218035,0.215048,0.211955,0.208771,0.205511,0.202188,0.198813,0.195395,0.191945,0.188471,0.18498,0.181478,0.177972,0.174468,0.170971,0.167485,0.164014,0.160562,0.157133,0.153729,0.150354,0.147009,0.143698,0.140422,0.137183,0.133983,0.130822,0.127704,0.124628,0.121595,0.118608,0.115665,0.112769,0.109918,0.107115,0.10436,0.101651,0.098991,0.0963786,0.0938141,0.0912977,0.0888292,0.0864086,0.0840357,0.0817104,0.0794322,0.0772011,0.0750166,0.0728786,0.0707863,0.0687397,0.0667381,0.0647813,0.0628684,0.0609994,0.0591734,0.05739,0.0556486,0.0539488,0.0522897,0.050671,0.0490919,0.0475521,0.0460505,0.0445869,0.0431604,0.0417705,0.0404165,0.0390979,0.0378137,0.0365637,0.0353469,0.0341628,0.0330107,0.03189,0.0308,0.0297401,0.0287096,0.027708,0.0267343,0.0257883,0.0248691,0.0239762,0.0231087,0.0222664,0.0214483,0.0206541,0.0198829,0.0191343,0.0184076,0.0177023,0.0170176,0.0163532,0.0157083,0.0150825,0.0144751,0.0138856,0.0133133,0.012758,0.0122187,0.0116953,0.0111869,0.0106933,0.0102137,0.00974772,0.00929481,0.00885453,0.00842629,0.00800967,0.00760412,0.00720921,0.0068244,0.00644929,0.00608332,0.00572611,0.00537712,0.00503596,0.00470211,0.00437519,0.00405468,0.00374019,0.00343124,0.00312743,0.00282828,0.0025334,0.00224232,0.00195464,0.00166992,0.00138774,0.00110766,0.000829269,0.000552142
0,0.0264681,0.0522017,0.0765656,0.0990888,0.119483,0.137627,0.153528,0.167282,0.17904,0.188979,0.197283,0.204132,0.209694,0.214123,0.217556,0.220117,0.221911,0.223035,0.223569,0.223587,0.223152,0.222318,0.221135,0.219644,0.217883,0.215886,0.213682,0.211297,0.208753,0.206072,0.203272,0.200369,0.197379,0.194314,0.191187,0.188008,0.184786,0.181532,0.178253,0.174956,0.171647,0.168333,0.165019,0.16171,0.15841,0.155124,0.151855,0.148606,0.145381,0.142183,0.139012,0.135873,0.132767,0.129695,0.12666,0.123663,0.120705,0.117787,0.114911,0.112077,0.109285,0.106538,0.103834,0.101175,0.0985607,0.0959919,0.0934685,0.0909908,0.0885586,0.0861723,0.0838315,0.0815364,0.0792866,0.0770822,0.0749226,0.0728079,0.0707376,0.0687115,0.066729,0.06479,0.0628938,0.0610403,0.0592287,0.0574588,0.0557298,0.0540415,0.052393,0.0507842,0.0492141,0.0476825,0.0461886,0.0447319,0.0433117,0.0419276,0.0405787,0.0392647,0.0379848,0.0367384,0.0355249,0.0343437,0.0331941,0.0320756,0.0309874,0.0299291,0.0288998,0.0278991,0.0269263,0.0259808,0.0250619,0.0241691,0.0233017,0.0224592,0.0216408,0.0208462,0.0200745,0.0193253,0.018598,0.017892,0.0172066,0.0165414,0.0158958,0.0152692,0.014661,0.0140708,0.0134978,0.0129418,0.012402,0.011878,0.0113692,0.0108752,0.0103953,0.00992925,0.00947631,0.00903613,0.00860813,0.00819191,0.00778691,0.00739272,0.00700881,0.00663477,0.00627009,0.00591436,0.00556707,0.00522783,0.00489614,0.00457161,0.00425375,0.00394218,0.00363641,0.00333606,0.00304067,0.00274985,0.00246313,0.00218015,0.00190044,0.00162362,0.00134926,0.00107695,0.000806277,0.000536837
0,0.0233225,0.046101,0.0678516,0.088194,0.10687,0.123738,0.138758,0.151965,0.163444,0.173314,0.181707,0.188762,0.194614,0.199389,0.203205,0.206171,0.208382,0.209925,0.210876,0.211305,0.21127,0.210825,0.210019,0.208892,0.207483,0.205824,0.203945,0.201871,0.199628,0.197236,0.194713,0.192077,0.189343,0.186525,0.183635,0.180685,0.177684,0.174643,0.171568,0.168469,0.165352,0.162223,0.159088,0.155952,0.15282,0.149696,0.146584,0.143488,0.14041,0.137355,0.134324,0.131319,0.128344,0.1254,0.122489,0.119612,0.116771,0.113967,0.111201,0.108474,0.105787,0.103141,0.100537,0.097974,0.0954538,0.0929762,0.0905418,0.0881505,0.0858027,0.0834983,0.0812375,0.07902,0.076846,0.0747151,0.0726274,0.0705825,0.0685802,0.0666202,0.0647023,0.0628259,0.0609909,0.0591966,0.0574429,0.0557291,0.054055,0.0524198,0.0508233,0.0492647,0.0477438,0.0462597,0.0448123,0.0434005,0.0420243,0.0406826,0.0393753,0.0381014,0.0368606,0.0356522,0.0344756,0.0333302,0.0322155,0.0311307,0.0300754,0.0290489,0.0280506,0.0270799,0.0261362,0.025219,0.0243276,0.0234613,0.0226198,0.0218023,0.0210084,0.0202372,0.0194885,0.0187615,0.0180557,0.0173704,0.0167054,0.0160597,0.0154331,0.0148249,0.0142347,0.0136617,0.0131057,0.0125659,0.0120419,0.0115332,0.0110394,0.0105598,0.010094,0.00964142,0.00920174,0.00877435,0.00835886,0.00795471,0.00756153,0.00717877,0.00680605,0.00644284,0.00608878,0.00574334,0.00540615,0.00507672,0.00475466,0.00443951,0.00413087,0.00382829,0.00353139,0.00323971,0.00295288,0.00267044,0.00239203,0.00211721,0.00184559,0.00157675,0.00131032,0.00104587,0.00078301,0.000521343
0,0.0207216,0.0410295,0.060548,0.0789689,0.0960671,0.111701,0.125807,0.13838,0.149463,0.159132,0.167478,0.174605,0.180619,0.185623,0.189716,0.192991,0.195533,0.197419,0.19872,0.199499,0.199812,0.19971,0.199239,0.19844,0.197349,0.195999,0.194419,0.192635,0.190671,0.188549,0.186287,0.183903,0.181412,0.178829,0.176166,0.173434,0.170646,0.167809,0.164933,0.162025,0.159093,0.156144,0.153183,0.150215,0.147247,0.144281,0.141323,0.138376,0.135444,0.132529,0.129635,0.126764,0.123918,0.1211,0.118311,0.115553,0.112827,0.110136,0.107479,0.10486,0.102277,0.0997318,0.0972257,0.094759,0.0923321,0.0899457,0.0875998,0.0852949,0.0830311,0.0808087,0.0786275,0.0764879,0.0743895,0.0723324,0.0703164,0.0683416,0.0664073,0.0645137,0.0626603,0.0608469,0.059073,0.0573385,0.0556427,0.0539855,0.0523662,0.0507846,0.0492401,0.0477323,0.0462605,0.0448245,0.0434235,0.0420572,0.0407249,0.0394262,0.0381604,0.0369272,0.0357257,0.0345556,0.0334161,0.0323069,0.0312271,0.0301765,0.0291542,0.0281599,0.0271927,0.0262524,0.0253381,0.0244494,0.0235856,0.0227463,0.0219308,0.0211387,0.0203692,0.0196219,0.0188962,0.0181916,0.0175075,0.0168434,0.0161986,0.0155729,0.0149654,0.0143759,0.0138036,0.0132483,0.0127091,0.0121859,0.0116778,0.0111847,0.0107058,0.0102408,0.00978915,0.00935041,0.00892403,0.00850965,0.00810672,0.00771486,0.00733355,0.00696242,0.00660094,0.00624875,0.00590536,0.00557039,0.00524335,0.00492389,0.00461153,0.00430591,0.00400656,0.00371312,0.00342514,0.00314227,0.00286405,0.00259014,0.00232009,0.00205355,0.00179009,0.00152935,0.00127092,0.00101443,0.000759469,0.000505672
0,0.0185353,0.0367488,0.0543439,0.0710695,0.0867318,0.101198,0.114393,0.12629,0.136905,0.146279,0.154475,0.16157,0.167642,0.172777,0.177055,0.180555,0.183351,0.185511,0.187099,0.188172,0.188782,0.188978,0.188803,0.188296,0.187491,0.186421,0.185114,0.183597,0.181892,0.180021,0.178003,0.175856,0.173594,0.171233,0.168786,0.166264,0.163677,0.161037,0.158351,0.155628,0.152876,0.1501,0.147308,0.144505,0.141695,0.138884,0.136077,0.133276,0.130486,0.127709,0.12495,0.122209,0.119491,0.116796,0.114128,0.111488,0.108877,0.106297,0.103749,0.101235,0.0987553,0.0963108,0.0939027,0.0915313,0.0891975,0.0869016,0.0846441,0.0824252,0.0802454,0.0781046,0.0760032,0.0739411,0.0719184,0.069935,0.067991,0.066086,0.06422,0.0623928,0.0606041,0.0588537,0.0571413,0.0554664,0.053829,0.0522283,0.0506644,0.0491364,0.0476442,0.0461872,0.044765,0.0433771,0.0420231,0.0407023,0.0394144,0.0381587,0.036935,0.0357424,0.0345806,0.0334489,0.0323469,0.031274,0.0302297,0.0292133,0.0282244,0.0272624,0.0263267,0.0254168,0.0245322,0.0236722,0.0228364,0.0220242,0.021235,0.0204683,0.0197236,0.0190003,0.018298,0.0176159,0.0169537,0.0163108,0.0156868,0.0150809,0.0144929,0.0139221,0.0133681,0.0128304,0.0123085,0.0118018,0.0113099,0.0108324,0.0103687,0.00991845,0.00948112,0.00905622,0.00864338,0.00824206,0.0078519,0.00747238,0.00710314,0.00674368,0.00639363,0.00605251,0.00571996,0.00539551,0.0050788,0.00476936,0.00446685,0.00417081,0.00388089,0.00359665,0.00331774,0.00304373,0.00277426,0.00250893,0.00224737,0.00198917,0.00173399,0.00148141,0.00123109,0.000982631,0.00073567,0.000489824
0,0.0166714,0.0330878,0.0490116,0.0642362,0.078596,0.0919698,0.10428,0.11549,0.125593,0.13461,0.142583,0.149563,0.155613,0.160798,0.165183,0.168835,0.171816,0.174188,0.176005,0.17732,0.178181,0.178632,0.178714,0.178464,0.177914,0.177096,0.176037,0.174763,0.173297,0.171659,0.169868,0.167942,0.165896,0.163745,0.161502,0.159178,0.156785,0.154332,0.151829,0.149284,0.146704,0.144097,0.141468,0.138824,0.136169,0.133509,0.130848,0.12819,0.125539,0.122898,0.12027,0.117659,0.115065,0.112493,0.109944,0.107419,0.104922,0.102452,0.100012,0.0976024,0.0952248,0.0928802,0.0905692,0.0882927,0.0860513,0.0838456,0.0816759,0.0795429,0.0774466,0.0753875,0.0733655,0.071381,0.0694338,0.0675242,0.0656518,0.0638169,0.0620191,0.0602585,0.0585345,0.0568473,0.0551963,0.0535815,0.0520023,0.0504587,0.0489499,0.047476,0.0460362,0.0446303,0.0432578,0.0419184,0.0406113,0.0393365,0.0380931,0.0368809,0.0356992,0.0345476,0.0334256,0.0323328,0.0312684,0.0302321,0.0292233,0.0282415,0.0272862,0.0263568,0.0254528,0.0245737,0.0237188,0.0228879,0.0220802,0.0212953,0.0205326,0.0197917,0.0190719,0.0183728,0.0176939,0.0170347,0.0163945,0.0157731,0.0151698,0.0145842,0.0140157,0.0134639,0.0129282,0.0124084,0.0119037,0.0114139,0.0109383,0.0104766,0.0100282,0.00959283,0.0091699,0.00875907,0.0083598,0.00797175,0.00759441,0.00722742,0.0068703,0.0065227,0.00618413,0.00585426,0.00553261,0.00521884,0.0049125,0.00461324,0.00432063,0.00403432,0.00375389,0.00347898,0.00320919,0.00294417,0.00268351,0.00242687,0.00217386,0.00192413,0.00167728,0.00143298,0.00119083,0.000950505,0.000711615,0.00047381
0,0.015063,0.0299208,0.0443803,0.0582704,0.0714495,0.0838091,0.095274,0.1058,0.115372,0.123993,0.13169,0.138496,0.144458,0.149626,0.154054,0.157795,0.160903,0.16343,0.165425,0.166935,0.168003,0.16867,0.168973,0.168946,0.168621,0.168028,0.167193,0.166139,0.164891,0.163467,0.161886,0.160166,0.158322,0.156368,0.154318,0.152182,0.149973,0.147699,0.145371,0.142996,0.140583,0.138137,0.135666,0.133176,0.130672,0.128158,0.12564,0.123121,0.120606,0.118098,0.1156,0.113114,0.110644,0.108192,0.10576,0.10335,0.100964,0.0986028,0.096269,0.0939634,0.0916872,0.0894413,0.0872269,0.0850445,0.082895,0.0807789,0.0786969,0.0766491,0.0746362,0.0726582,0.0707157,0.0688084,0.0669368,0.0651006,0.0633002,0.0615352,0.0598057,0.0581115,0.0564525,0.0548284,0.0532392,0.0516843,0.0501637,0.0486769,0.0472238,0.0458038,0.0444168,0.0430621,0.0417396,0.0404487,0.0391891,0.0379601,0.0367616,0.0355929,0.0344537,0.0333433,0.0322614,0.0312075,0.0301811,0.0291815,0.0282086,0.0272615,0.02634,0.0254434,0.0245713,0.0237231,0.0228984,0.0220966,0.0213173,0.0205598,0.0198239,0.0191088,0.0184142,0.0177395,0.0170843,0.016448,0.0158302,0.0152303,0.014648,0.0140827,0.013534,0.0130013,0.0124842,0.0119823,0.0114951,0.0110222,0.0105631,0.0101173,0.00968441,0.009264,0.0088557,0.00845897,0.00807349,0.00769875,0.00733443,0.00698002,0.00663521,0.00629951,0.0059726,0.00565401,0.00534342,0.00504038,0.00474457,0.00445554,0.00417297,0.00389644,0.00362563,0.00336011,0.00309956,0.00284359,0.00259186,0.00234398,0.00209963,0.00185841,0.00162001,0.00138404,0.00115018,0.000918049,0.000687321,0.000457632
0,0.0136605,0.0271536,0.0403204,0.0530182,0.0651258,0.0765468,0.0872106,0.0970714,0.106106,0.114309,0.121693,0.128281,0.134105,0.139204,0.14362,0.147397,0.150581,0.153215,0.155342,0.157004,0.158239,0.159084,0.159574,0.15974,0.159612,0.159217,0.158581,0.157727,0.156676,0.155449,0.154062,0.152533,0.150877,0.149107,0.147238,0.14528,0.143245,0.141142,0.13898,0.136768,0.134514,0.132225,0.129906,0.127565,0.125206,0.122835,0.120455,0.118073,0.11569,0.113311,0.11094,0.108578,0.106229,0.103895,0.101578,0.0992806,0.0970045,0.0947514,0.0925227,0.0903198,0.0881438,0.085996,0.0838771,0.0817882,0.0797299,0.077703,0.0757079,0.0737452,0.0718152,0.0699183,0.0680547,0.0662247,0.0644282,0.0626657,0.0609368,0.0592418,0.0575805,0.0559529,0.0543587,0.052798,0.0512703,0.0497757,0.0483136,0.0468841,0.0454865,0.0441209,0.0427865,0.0414834,0.0402109,0.0389689,0.0377566,0.036574,0.0354204,0.0342955,0.0331988,0.0321299,0.0310883,0.0300736,0.0290852,0.0281228,0.0271857,0.0262737,0.0253861,0.0245226,0.0236825,0.0228656,0.0220711,0.0212987,0.0205479,0.0198182,0.0191091,0.0184202,0.0177509,0.0171008,0.0164694,0.0158563,0.0152609,0.0146828,0.0141216,0.0135768,0.0130479,0.0125345,0.0120362,0.0115524,0.0110828,0.010627,0.0101844,0.00975469,0.0093374,0.00893219,0.00853854,0.00815613,0.00778447,0.00742325,0.00707198,0.00673033,0.00639787,0.00607425,0.00575903,0.0054519,0.00515241,0.00486026,0.00457501,0.00429636,0.00402388,0.00375727,0.00349612,0.00324012,0.00298887,0.00274206,0.00249931,0.0022603,0.00202467,0.00179208,0.00156218,0.00133465,0.00110912,0.000885286,0.000662788,0.000441301
0,0.012426,0.0247137,0.0367314,0.0483587,0.0594918,0.0700455,0.0799547,0.0891739,0.0976759,0.10545,0.112499,0.118836,0.124485,0.129473,0.133834,0.137604,0.140819,0.143518,0.145737,0.147512,0.148878,0.149867,0.150513,0.150842,0.150884,0.150663,0.150204,0.149528,0.148656,0.147606,0.146397,0.145044,0.143562,0.141965,0.140265,0.138475,0.136604,0.134662,0.132659,0.130603,0.128502,0.126362,0.12419,0.121992,0.119774,0.117541,0.115297,0.113046,0.110793,0.108541,0.106293,0.104052,0.101821,0.0996033,0.0974002,0.0952138,0.0930463,0.0908992,0.0887744,0.0866729,0.0845962,0.0825453,0.0805214,0.0785251,0.0765575,0.074619,0.0727105,0.0708322,0.0689848,0.0671685,0.0653837,0.0636305,0.0619093,0.06022,0.0585628,0.0569376,0.0553445,0.0537833,0.0522541,0.0507566,0.0492908,0.0478562,0.046453,0.0450805,0.0437389,0.0424275,0.0411462,0.0398946,0.0386724,0.0374792,0.0363147,0.0351784,0.03407,0.032989,0.0319351,0.0309078,0.0299067,0.0289313,0.0279813,0.027056,0.0261553,0.0252784,0.024425,0.0235947,0.022787,0.0220013,0.0212373,0.0204945,0.0197724,0.0190706,0.0183886,0.0177259,0.0170821,0.0164568,0.0158494,0.0152596,0.0146868,0.0141307,0.0135908,0.0130666,0.0125578,0.0120638,0.0115843,0.0111188,0.010667,0.0102283,0.00980245,0.00938892,0.00898741,0.00859742,0.00821863,0.00785058,0.00749294,0.00714526,0.00680723,0.00647839,0.00615844,0.00584694,0.00554358,0.00524794,0.00495971,0.00467849,0.00440395,0.00413571,0.00387347,0.00361681,0.00336546,0.00311902,0.00287719,0.00263959,0.00240594,0.00217585,0.00194903,0.00172513,0.00150383,0.00128479,0.0010677,0.000852217,0.000638035,0.000424817
0,0.0113303,0.0225452,0.0335344,0.0441959,0.0544402,0.0641923,0.0733929,0.0819982,0.0899797,0.0973222,0.104023,0.110088,0.115533,0.120378,0.124648,0.128374,0.131584,0.134311,0.136585,0.13844,0.139904,0.141008,0.14178,0.142246,0.142432,0.142362,0.142057,0.141539,0.140828,0.13994,0.138892,0.137701,0.13638,0.134943,0.133402,0.131768,0.130052,0.128263,0.126411,0.124503,0.122548,0.120551,0.11852,0.116461,0.114379,0.112279,0.110166,0.108044,0.105916,0.103788,0.101661,0.0995385,0.097424,0.0953198,0.093228,0.0911509,0.0890902,0.0870479,0.0850253,0.0830242,0.0810456,0.0790908,0.0771607,0.0752564,0.0733786,0.0715281,0.0697054,0.0679113,0.066146,0.06441,0.0627036,0.0610272,0.0593807,0.0577646,0.0561788,0.0546234,0.0530983,0.0516037,0.0501393,0.0487052,0.047301,0.0459268,0.0445822,0.0432672,0.0419813,0.0407244,0.0394961,0.0382963,0.0371245,0.0359804,0.0348637,0.033774,0.0327109,0.0316741,0.0306631,0.0296776,0.0287171,0.0277813,0.0268697,0.0259819,0.0251174,0.024276,0.023457,0.0226601,0.0218847,0.0211307,0.0203973,0.0196843,0.018991,0.0183173,0.0176625,0.0170263,0.0164082,0.0158078,0.0152245,0.0146582,0.0141082,0.0135742,0.0130557,0.0125523,0.0120636,0.0115892,0.0111287,0.0106817,0.0102477,0.00982639,0.00941732,0.00902017,0.00863446,0.00825989,0.00789601,0.0075425,0.00719892,0.00686496,0.0065402,0.00622434,0.00591694,0.00561772,0.00532626,0.00504227,0.00476534,0.00449518,0.0042314,0.00397371,0.00372173,0.00347517,0.00323365,0.00299689,0.00276452,0.00253625,0.00231174,0.00209068,0.00187273,0.0016576,0.00144496,0.0012345,0.00102591,0.000818865,0.000613062,0.000408193
0,0.0103504,0.0206038,0.0306667,0.0404524,0.0498836,0.0588942,0.0674303,0.075451,0.0829275,0.0898422,0.0961882,0.101967,0.107187,0.111864,0.116017,0.119668,0.122842,0.125565,0.127865,0.129768,0.131302,0.132492,0.133364,0.133942,0.13425,0.134308,0.134139,0.13376,0.133191,0.132448,0.131547,0.130504,0.129331,0.128042,0.126648,0.125161,0.123591,0.121946,0.120237,0.11847,0.116653,0.114794,0.112899,0.110973,0.109022,0.107051,0.105065,0.103067,0.101062,0.0990536,0.0970448,0.0950386,0.093038,0.0910452,0.089063,0.0870931,0.0851377,0.0831985,0.0812771,0.0793749,0.0774934,0.0756335,0.0737965,0.0719832,0.0701946,0.0684313,0.0666941,0.0649834,0.0632998,0.0616436,0.0600154,0.0584153,0.0568436,0.0553003,0.0537858,0.0523,0.050843,0.0494147,0.0480152,0.0466443,0.045302,0.0439879,0.0427022,0.0414444,0.0402146,0.0390122,0.0378372,0.0366891,0.0355678,0.0344729,0.0334042,0.0323611,0.0313435,0.0303509,0.0293831,0.0284395,0.0275199,0.0266238,0.0257509,0.0249006,0.0240728,0.0232668,0.0224824,0.021719,0.0209763,0.0202539,0.0195514,0.0188682,0.0182041,0.0175585,0.0169312,0.0163216,0.0157293,0.0151539,0.0145951,0.0140523,0.0135252,0.0130134,0.0125165,0.0120341,0.0115657,0.011111,0.0106696,0.0102411,0.00982517,0.0094213,0.00902922,0.00864847,0.00827877,0.00791966,0.00757086,0.00723193,0.00690258,0.00658239,0.00627108,0.00596822,0.00567353,0.00538663,0.00510721,0.0048349,0.0045694,0.00431035,0.00405746,0.00381036,0.00356877,0.00333234,0.00310078,0.00287374,0.00265094,0.00243205,0.00221677,0.00200479,0.00179581,0.00158951,0.00138562,0.0011838,0.000983774,0.000785233,0.000587886,0.000391428
0,0.00946808,0.0188539,0.0280779,0.0370658,0.0457505,0.0540737,0.0619871,0.0694525,0.0764418,0.0829365,0.0889269,0.0944108,0.0993927,0.103883,0.107895,0.111447,0.114559,0.117253,0.119551,0.121477,0.123055,0.124306,0.125255,0.125922,0.126329,0.126496,0.126442,0.126185,0.125742,0.125129,0.12436,0.123451,0.122414,0.121262,0.120005,0.118655,0.11722,0.115712,0.114137,0.112504,0.11082,0.109092,0.107327,0.105529,0.103704,0.101858,0.099994,0.0981174,0.0962316,0.0943403,0.0924466,0.0905538,0.0886644,0.0867811,0.0849062,0.0830419,0.08119,0.0793524,0.0775306,0.0757262,0.0739404,0.0721746,0.0704296,0.0687067,0.0670063,0.0653297,0.0636771,0.0620495,0.060447,0.0588705,0.0573199,0.0557959,0.0542984,0.052828,0.0513845,0.0499682,0.048579,0.0472171,0.0458823,0.0445747,0.043294,0.0420404,0.0408134,0.0396131,0.0384391,0.0372914,0.0361696,0.0350735,0.0340028,0.0329573,0.0319366,0.0309404,0.0299684,0.0290203,0.0280956,0.0271942,0.0263155,0.0254593,0.0246251,0.0238127,0.0230214,0.0222512,0.0215014,0.0207719,0.0200619,0.0193714,0.0186998,0.0180468,0.0174118,0.0167947,0.0161949,0.015612,0.0150457,0.0144956,0.0139612,0.0134422,0.0129381,0.0124487,0.0119735,0.0115121,0.0110642,0.0106294,0.0102072,0.00979739,0.00939951,0.00901326,0.0086382,0.00827405,0.00792039,0.00757692,0.00724324,0.00691906,0.00660398,0.00629771,0.00599987,0.00571017,0.00542824,0.00515379,0.00488646,0.00462596,0.00437194,0.00412413,0.00388216,0.00364577,0.00341461,0.00318842,0.00296685,0.00274964,0.00253646,0.00232704,0.00212105,0.00191824,0.00171828,0.0015209,0.0013258,0.0011327,0.000941306,0.000751341,0.000562509,0.000374533
0,0.00866856,0.0172669,0.0257269,0.0339845,0.0419814,0.0496662,0.0569955,0.0639342,0.0704554,0.0765404,0.0821777,0.0873628,0.0920969,0.0963861,0.100241,0.103675,0.106703,0.109345,0.111619,0.113545,0.115144,0.116435,0.117438,0.118174,0.118661,0.118918,0.118962,0.118809,0.118477,0.117979,0.117329,0.116541,0.115628,0.114601,0.113471,0.112248,0.110941,0.10956,0.108113,0.106607,0.105049,0.103446,0.101804,0.100129,0.0984265,0.0967003,0.0949554,0.093196,0.0914259,0.0896485,0.0878673,0.086085,0.0843046,0.0825284,0.0807589,0.0789981,0.0772481,0.0755105,0.073787,0.072079,0.070388,0.068715,0.0670612,0.0654275,0.0638149,0.062224,0.0606557,0.0591103,0.0575887,0.0560911,0.054618,0.0531696,0.0517463,0.0503482,0.0489757,0.0476286,0.0463073,0.0450115,0.0437414,0.0424969,0.0412781,0.0400846,0.0389166,0.0377736,0.0366558,0.0355626,0.0344942,0.0334501,0.0324301,0.031434,0.0304615,0.0295122,0.0285859,0.0276823,0.0268011,0.0259418,0.0251043,0.0242881,0.0234929,0.0227183,0.021964,0.0212295,0.0205147,0.0198189,0.019142,0.0184834,0.017843,0.0172201,0.0166146,0.0160259,0.0154538,0.0148978,0.0143576,0.0138328,0.0133231,0.0128279,0.0123471,0.0118802,0.0114268,0.0109866,0.0105593,0.0101444,0.0097416,0.00935054,0.00897093,0.00860233,0.00824448,0.00789696,0.00755951,0.00723172,0.00691333,0.00660393,0.00630327,0.00601096,0.00572675,0.00545024,0.0051812,0.00491925,0.00466413,0.00441548,0.00417306,0.00393652,0.00370559,0.00347995,0.00325934,0.00304343,0.00283196,0.00262462,0.00242115,0.00222124,0.00202464,0.00183104,0.00164018,0.00145177,0.00126554,0.00108122,0.000898528,0.000717192,0.000536947,0.000357511
0,0.00793976,0.0158192,0.0235797,0.0311659,0.0385268,0.0456172,0.0523981,0.0588374,0.0649098,0.0705968,0.0758863,0.0807718,0.0852522,0.089331,0.0930151,0.0963148,0.099243,0.101814,0.104044,0.10595,0.10755,0.10886,0.1099,0.110686,0.111235,0.111565,0.11169,0.111627,0.11139,0.110993,0.11045,0.109772,0.108971,0.108059,0.107045,0.10594,0.104753,0.103491,0.102164,0.100777,0.0993393,0.0978558,0.0963327,0.0947757,0.0931896,0.0915794,0.0899493,0.0883035,0.0866456,0.0849792,0.0833074,0.0816332,0.0799592,0.078288,0.0766218,0.0749628,0.0733129,0.0716738,0.0700471,0.0684343,0.0668367,0.0652556,0.0636919,0.0621467,0.0606208,0.0591152,0.0576303,0.0561669,0.0547254,0.0533064,0.0519102,0.0505373,0.0491877,0.0478619,0.04656,0.0452821,0.0440282,0.0427986,0.0415931,0.0404118,0.0392545,0.0381214,0.0370121,0.0359266,0.0348648,0.0338264,0.0328113,0.0318193,0.0308501,0.0299035,0.0289792,0.028077,0.0271966,0.0263377,0.0254999,0.024683,0.0238867,0.0231107,0.0223545,0.0216179,0.0209006,0.0202022,0.0195222,0.0188605,0.0182166,0.0175903,0.016981,0.0163886,0.0158125,0.0152525,0.0147082,0.0141793,0.0136653,0.013166,0.012681,0.0122099,0.0117524,0.0113081,0.0108766,0.0104578,0.0100511,0.00965627,0.00927293,0.00890081,0.0085395,0.00818873,0.00784812,0.00751741,0.0071962,0.00688425,0.00658117,0.00628671,0.0060005,0.0057223,0.00545174,0.00518858,0.00493245,0.00468312,0.00444025,0.00420358,0.00397279,0.00374764,0.00352779,0.00331301,0.00310297,0.00289744,0.00269612,0.00249874,0.00230503,0.00211473,0.00192754,0.00174324,0.00156153,0.00138216,0.00120486,0.00102938,0.000855445,0.000682809,0.000511202,0.000340372
0,0.00727173,0.0144914,0.0216084,0.0285745,0.0353452,0.0418805,0.0481457,0.0541113,0.0597539,0.0650556,0.070004,0.0745915,0.0788155,0.082677,0.0861807,0.0893342,0.0921475,0.0946323,0.0968021,0.0986712,0.100254,0.101567,0.102626,0.103445,0.10404,0.104427,0.104619,0.104631,0.104476,0.104168,0.103718,0.103138,0.102439,0.101631,0.100725,0.0997293,0.0986528,0.0975033,0.0962886,0.0950157,0.0936912,0.0923212,0.0909116,0.0894674,0.0879939,0.0864953,0.0849762,0.0834403,0.0818914,0.0803328,0.0787677,0.0771988,0.075629,0.0740605,0.0724957,0.0709366,0.0693851,0.0678429,0.0663117,0.0647927,0.0632875,0.061797,0.0603226,0.058865,0.0574252,0.0560039,0.0546019,0.0532197,0.051858,0.0505171,0.0491975,0.0478995,0.0466235,0.0453696,0.0441381,0.0429291,0.0417427,0.040579,0.039438,0.0383197,0.0372241,0.0361511,0.0351007,0.0340726,0.0330669,0.0320832,0.0311216,0.0301816,0.0292633,0.0283663,0.0274904,0.0266352,0.0258008,0.0249866,0.0241925,0.023418,0.0226631,0.0219273,0.0212104,0.0205119,0.0198317,0.0191693,0.0185246,0.017897,0.0172863,0.0166922,0.0161144,0.0155523,0.0150059,0.0144747,0.0139584,0.0134566,0.012969,0.0124953,0.0120352,0.0115882,0.0111541,0.0107325,0.0103232,0.00992572,0.00953984,0.00916516,0.00880144,0.00844828,0.00810544,0.00777254,0.00744933,0.00713545,0.00683064,0.00653455,0.00624694,0.00596745,0.00569585,0.00543178,0.00517501,0.0049252,0.00468213,0.00444545,0.00421495,0.00399029,0.00377125,0.00355751,0.00334885,0.00314495,0.0029456,0.00275049,0.0025594,0.00237203,0.00218815,0.00200749,0.00182982,0.00165485,0.00148236,0.00131208,0.00114378,0.000977192,0.000812082,0.000648194,0.00048529,0.000323117
0,0.00665618,0.0132673,0.0197893,0.0261803,0.0324013,0.0384168,0.0441959,0.0497118,0.054943,0.0598723,0.0644874,0.0687803,0.072747,0.076387,0.0797032,0.0827009,0.0853878,0.0877736,0.0898691,0.0916864,0.0932385,0.0945387,0.0956006,0.0964381,0.0970647,0.0974941,0.0977393,0.0978133,0.0977282,0.0974962,0.0971284,0.0966357,0.0960284,0.0953162,0.0945084,0.0936136,0.09264,0.0915952,0.0904865,0.0893206,0.0881037,0.0868418,0.0855403,0.0842045,0.0828389,0.081448,0.080036,0.0786067,0.0771634,0.0757098,0.0742485,0.0727825,0.0713144,0.0698466,0.0683811,0.0669201,0.0654653,0.0640185,0.0625812,0.0611549,0.0597408,0.0583401,0.0569538,0.055583,0.0542284,0.0528909,0.051571,0.0502696,0.048987,0.0477238,0.0464803,0.045257,0.0440541,0.0428719,0.0417106,0.0405703,0.0394512,0.0383533,0.0372766,0.0362213,0.0351872,0.0341744,0.0331827,0.0322121,0.0312624,0.0303336,0.0294253,0.0285376,0.0276701,0.0268228,0.0259953,0.0251874,0.0243989,0.0236296,0.0228791,0.0221473,0.0214338,0.0207384,0.0200607,0.0194006,0.0187576,0.0181315,0.0175219,0.0169286,0.0163513,0.0157896,0.0152432,0.0147118,0.0141951,0.0136928,0.0132045,0.0127301,0.0122689,0.011821,0.0113857,0.010963,0.0105525,0.0101538,0.00976659,0.00939068,0.00902565,0.00867128,0.0083272,0.00799317,0.00766883,0.00735396,0.00704818,0.00675128,0.0064629,0.00618283,0.00591071,0.00564632,0.00538934,0.00513954,0.00489659,0.00466027,0.00443027,0.00420637,0.00398826,0.00377572,0.00356846,0.00336624,0.00316879,0.00297589,0.00278725,0.00260265,0.00242182,0.00224454,0.00207054,0.00189961,0.00173148,0.00156593,0.0014027,0.00124158,0.00108232,0.000924687,0.000768445,0.000613367,0.000459213,0.000305757
0,0.00608613,0.0121331,0.0181026,0.0239579,0.0296649,0.0351922,0.0405121,0.0456006,0.0504377,0.0550074,0.0592977,0.0633004,0.0670106,0.0704269,0.0735504,0.076385,0.0789365,0.0812125,0.083222,0.0849752,0.086483,0.087757,0.0888092,0.0896516,0.0902964,0.0907558,0.0910416,0.0911653,0.0911385,0.0909718,0.0906758,0.0902604,0.0897353,0.0891095,0.0883917,0.0875899,0.0867119,0.0857648,0.0847556,0.0836905,0.0825756,0.0814165,0.0802184,0.0789861,0.0777243,0.0764371,0.0751286,0.0738023,0.0724617,0.0711099,0.06975,0.0683843,0.0670157,0.0656463,0.0642783,0.0629135,0.061554,0.060201,0.0588564,0.0575214,0.0561974,0.0548852,0.0535863,0.0523012,0.0510311,0.0497765,0.0485383,0.0473169,0.0461131,0.044927,0.0437594,0.0426103,0.0414803,0.0403694,0.0392781,0.0382063,0.0371542,0.036122,0.0351096,0.0341171,0.0331445,0.0321918,0.0312589,0.0303456,0.029452,0.0285779,0.0277232,0.0268876,0.0260711,0.0252734,0.0244944,0.0237338,0.0229915,0.022267,0.0215604,0.0208712,0.0201993,0.0195443,0.0189061,0.0182843,0.0176786,0.0170888,0.0165146,0.0159557,0.0154118,0.0148826,0.0143678,0.0138671,0.0133803,0.012907,0.012447,0.0119998,0.0115653,0.0111431,0.010733,0.0103346,0.00994774,0.00957196,0.00920709,0.00885276,0.00850876,0.00817472,0.00785044,0.00753557,0.00722989,0.00693306,0.00664486,0.00636497,0.00609316,0.00582912,0.00557263,0.00532338,0.00508115,0.00484563,0.00461662,0.00439382,0.00417701,0.00396591,0.00376031,0.00355991,0.00336452,0.00317386,0.00298772,0.00280584,0.002628,0.00245394,0.00228346,0.00211631,0.00195226,0.00179109,0.00163257,0.00147647,0.00132258,0.00117066,0.0010205,0.000871871,0.000724558,0.000578334,0.000432988,0.000288294
0,0.00555565,0.0110772,0.0165312,0.0218856,0.0271102,0.0321775,0.0370626,0.0417441,0.0462034,0.050426,0.0544001,0.0581177,0.0615734,0.064765,0.0676925,0.0703586,0.0727673,0.0749249,0.0768387,0.0785171,0.0799694,0.0812057,0.0822362,0.0830718,0.083723,0.0842008,0.0845158,0.0846785,0.0846991,0.0845877,0.0843537,0.0840064,0.0835547,0.0830069,0.0823711,0.0816549,0.0808654,0.0800095,0.0790936,0.0781236,0.0771053,0.0760439,0.0749443,0.0738114,0.0726492,0.071462,0.0702534,0.069027,0.0677859,0.0665334,0.0652719,0.0640044,0.062733,0.0614601,0.0601875,0.0589174,0.0576513,0.0563909,0.0551375,0.0538927,0.0526574,0.051433,0.0502203,0.0490203,0.0478338,0.0466616,0.0455043,0.0443625,0.0432367,0.0421275,0.0410351,0.03996,0.0389024,0.0378628,0.036841,0.0358376,0.0348524,0.0338856,0.0329373,0.0320076,0.0310964,0.0302037,0.0293294,0.0284736,0.0276361,0.0268168,0.0260155,0.0252322,0.0244666,0.0237187,0.0229882,0.022275,0.0215787,0.0208994,0.0202366,0.0195902,0.0189598,0.0183455,0.0177467,0.0171633,0.0165951,0.0160417,0.0155029,0.0149785,0.0144681,0.0139716,0.0134885,0.0130187,0.0125618,0.0121176,0.0116858,0.0112662,0.0108583,0.0104621,0.0100772,0.00970325,0.00934004,0.00898734,0.0086448,0.00831222,0.00798926,0.00767571,0.00737126,0.00707569,0.00678869,0.00651005,0.00623945,0.0059767,0.00572149,0.00547361,0.00523277,0.00499877,0.00477132,0.00455021,0.00433516,0.00412598,0.00392239,0.00372419,0.00353112,0.00334297,0.00315948,0.00298047,0.00280567,0.00263489,0.00246788,0.00230444,0.00214435,0.00198739,0.00183334,0.00168199,0.00153313,0.00138655,0.00124202,0.00109936,0.000958345,0.000818772,0.000680427,0.000543113,0.000406616,0.000270737
0,0.00505967,0.0100896,0.0150605,0.0199444,0.0247148,0.0293472,0.0338196,0.0381125,0.0422095,0.0460967,0.0497633,0.0532012,0.0564052,0.0593723,0.0621019,0.0645952,0.0668557,0.0688878,0.0706977,0.0722923,0.0736796,0.074868,0.0758666,0.0766848,0.077332,0.0778178,0.0781518,0.0783434,0.0784019,0.0783363,0.0781554,0.0778676,0.0774811,0.0770035,0.0764425,0.0758048,0.0750974,0.0743264,0.073498,0.0726176,0.0716908,0.0707223,0.0697169,0.068679,0.0676127,0.0665217,0.0654098,0.06428,0.0631357,0.0619795,0.0608143,0.0596424,0.0584661,0.0572876,0.0561089,0.0549316,0.0537575,0.0525881,0.0514248,0.0502688,0.0491214,0.0479835,0.0468563,0.0457405,0.0446369,0.0435463,0.0424693,0.0414065,0.0403584,0.0393254,0.038308,0.0373065,0.0363212,0.0353522,0.0344,0.0334646,0.0325461,0.0316447,0.0307604,0.0298933,0.0290434,0.0282107,0.0273951,0.0265965,0.0258151,0.0250505,0.0243027,0.0235716,0.0228571,0.022159,0.0214771,0.0208112,0.0201612,0.0195269,0.018908,0.0183044,0.0177158,0.0171421,0.0165829,0.0160381,0.0155074,0.0149905,0.0144873,0.0139974,0.0135207,0.0130568,0.0126055,0.0121666,0.0117398,0.0113248,0.0109214,0.0105293,0.0101483,0.00977805,0.00941839,0.00906897,0.00872963,0.00840002,0.00807997,0.00776916,0.00746739,0.00717435,0.00688987,0.00661363,0.00634544,0.006085,0.00583214,0.00558655,0.00534806,0.00511637,0.0048913,0.00467257,0.00446,0.00425332,0.00405235,0.00385681,0.00366654,0.00348127,0.00330081,0.00312493,0.00295344,0.0027861,0.00262272,0.00246307,0.00230697,0.00215418,0.00200454,0.00185781,0.00171382,0.00157233,0.00143318,0.00129615,0.00116106,0.0010277,0.000895877,0.000765398,0.000636076,0.00050771,0.000380113,0.000253089
0,0.00459382,0.00916166,0.013678,0.0181182,0.0224591,0.026679,0.0307584,0.0346799,0.0384284,0.0419915,0.0453589,0.0485231,0.0514785,0.0542221,0.0567525,0.0590705,0.0611782,0.0630792,0.0647784,0.0662817,0.0675956,0.0687275,0.0696852,0.0704767,0.0711105,0.0715951,0.0719389,0.0721505,0.0722381,0.0722099,0.0720739,0.0718377,0.0715088,0.0710943,0.070601,0.0700356,0.0694039,0.0687122,0.0679657,0.0671699,0.0663297,0.0654497,0.0645342,0.0635875,0.0626132,0.0616152,0.0605965,0.0595606,0.0585101,0.0574479,0.0563764,0.055298,0.0542148,0.053129,0.0520422,0.0509562,0.0498726,0.0487929,0.0477183,0.0466502,0.0455895,0.0445373,0.0434946,0.0424622,0.0414408,0.0404312,0.0394339,0.0384495,0.0374785,0.0365215,0.0355786,0.0346503,0.0337368,0.0328385,0.0319554,0.0310878,0.0302359,0.0293997,0.0285792,0.0277747,0.0269859,0.0262131,0.0254561,0.0247149,0.0239894,0.0232796,0.0225853,0.0219065,0.0212429,0.0205946,0.0199613,0.0193429,0.0187391,0.01815,0.0175751,0.0170144,0.0164676,0.0159345,0.015415,0.0149088,0.0144157,0.0139355,0.0134678,0.0130126,0.0125696,0.0121385,0.0117191,0.0113112,0.0109145,0.0105289,0.0101539,0.00978949,0.00943531,0.00909121,0.00875686,0.0084321,0.00811663,0.00781027,0.00751272,0.00722381,0.00694325,0.00667086,0.00640636,0.00614958,0.00590022,0.00565812,0.00542301,0.0051947,0.00497294,0.00475755,0.00454827,0.00434492,0.00414726,0.00395511,0.00376823,0.00358644,0.0034095,0.00323724,0.00306944,0.00290591,0.00274643,0.00259084,0.0024389,0.00229046,0.0021453,0.00200324,0.00186407,0.00172764,0.00159373,0.00146217,0.00133276,0.00120534,0.00107971,0.000955698,0.00083311,0.000711778,0.000591512,0.000472142,0.000353482,0.000235359
0,0.00415429,0.0082859,0.0123726,0.0163927,0.020326,0.0241534,0.0278575,0.0314228,0.0348359,0.0380852,0.0411615,0.0440575,0.0467679,0.0492895,0.0516205,0.0537611,0.0557128,0.0574781,0.0590612,0.0604667,0.0617003,0.0627682,0.063677,0.0644338,0.0650461,0.0655211,0.0658666,0.06609,0.0661988,0.0662002,0.0661016,0.0659098,0.0656317,0.0652736,0.064842,0.0643425,0.0637812,0.0631631,0.0624937,0.0617776,0.0610195,0.0602236,0.0593942,0.0585348,0.0576493,0.0567408,0.0558126,0.0548676,0.0539084,0.0529376,0.0519577,0.0509707,0.0499787,0.0489836,0.0479872,0.046991,0.0459966,0.0450052,0.0440182,0.0430367,0.0420618,0.0410943,0.0401354,0.0391855,0.0382457,0.0373163,0.0363982,0.0354918,0.0345975,0.0337158,0.0328471,0.0319917,0.0311498,0.0303217,0.0295076,0.0287077,0.0279221,0.0271509,0.0263942,0.025652,0.0249245,0.0242114,0.023513,0.022829,0.0221595,0.0215044,0.0208636,0.020237,0.0196246,0.019026,0.0184414,0.0178704,0.017313,0.016769,0.0162382,0.0157204,0.0152154,0.0147232,0.0142434,0.0137758,0.0133204,0.0128768,0.0124449,0.0120244,0.0116152,0.011217,0.0108296,0.0104528,0.0100863,0.00972997,0.0093836,0.00904689,0.0087197,0.00840174,0.00809285,0.00779276,0.0075013,0.00721819,0.00694328,0.0066763,0.00641707,0.00616535,0.00592095,0.00568364,0.00545323,0.00522948,0.00501223,0.00480123,0.00459631,0.00439723,0.00420384,0.0040159,0.00383324,0.00365564,0.00348293,0.0033149,0.00315139,0.00299217,0.00283709,0.00268594,0.00253856,0.00239473,0.00225432,0.00211711,0.00198294,0.00185163,0.00172301,0.0015969,0.00147313,0.00135152,0.00123192,0.00111413,0.000998016,0.000883381,0.000770075,0.00065792,0.000546758,0.000436417,0.000326738,0.000217551
0,0.00373773,0.00745572,0.0111345,0.0147554,0.0183004,0.0217529,0.0250975,0.0283205,0.0314097,0.034355,0.0371477,0.0397811,0.0422502,0.0445516,0.0466835,0.0486455,0.0504386,0.0520648,0.0535271,0.0548296,0.0559769,0.0569742,0.0578274,0.0585425,0.0591259,0.0595842,0.059924,0.0601519,0.0602747,0.060299,0.0602309,0.0600771,0.0598433,0.0595357,0.0591597,0.058721,0.0582245,0.0576753,0.0570781,0.0564373,0.0557572,0.0550417,0.0542944,0.0535192,0.052719,0.0518972,0.0510565,0.0501998,0.0493294,0.0484479,0.0475573,0.0466598,0.0457572,0.0448512,0.0439436,0.0430358,0.0421291,0.0412249,0.0403243,0.0394285,0.0385383,0.0376548,0.0367787,0.0359108,0.0350517,0.0342022,0.0333626,0.0325336,0.0317156,0.0309089,0.030114,0.0293311,0.0285605,0.0278025,0.0270571,0.0263247,0.0256052,0.0248989,0.0242058,0.0235259,0.0228593,0.022206,0.021566,0.0209393,0.0203257,0.0197253,0.019138,0.0185637,0.0180023,0.0174536,0.0169176,0.0163942,0.0158831,0.0153843,0.0148975,0.0144228,0.0139597,0.0135083,0.0130683,0.0126395,0.0122218,0.011815,0.0114188,0.0110332,0.0106578,0.0102925,0.00993715,0.0095915,0.00925531,0.00892845,0.00861066,0.0083018,0.0080016,0.00770992,0.0074265,0.0071512,0.00688376,0.00662404,0.00637178,0.00612684,0.00588896,0.00565801,0.00543374,0.00521601,0.00500456,0.00479927,0.0045999,0.00440629,0.00421823,0.00403557,0.00385809,0.00368563,0.003518,0.00335503,0.00319653,0.00304234,0.00289227,0.00274616,0.00260383,0.00246512,0.00232985,0.00219787,0.00206899,0.00194308,0.00181994,0.00169943,0.00158138,0.00146564,0.00135204,0.00124044,0.00113066,0.00102257,0.000915988,0.000810781,0.000706783,0.00060385,0.000501821,0.000400552,0.000299885,0.000199672
0,0.0033412,0.00666527,0.00995532,0.013195,0.0163687,0.0194619,0.0224611,0.025354,0.0281302,0.0307801,0.0332963,0.0356723,0.0379037,0.039987,0.0419205,0.0437033,0.045336,0.0468201,0.048158,0.049353,0.050409,0.0513303,0.0521219,0.0527891,0.0533374,0.0537724,0.0541001,0.0543262,0.0544567,0.0544974,0.054454,0.054332,0.0541371,0.0538743,0.0535489,0.0531657,0.0527294,0.0522445,0.0517153,0.0511457,0.0505397,0.0499008,0.0492325,0.048538,0.0478203,0.0470823,0.0463266,0.0455557,0.0447719,0.0439775,0.0431744,0.0423644,0.0415495,0.0407311,0.0399108,0.0390899,0.0382699,0.0374517,0.0366365,0.0358253,0.0350191,0.0342186,0.0334247,0.032638,0.0318591,0.0310887,0.0303272,0.0295752,0.028833,0.028101,0.0273795,0.0266688,0.0259693,0.025281,0.0246042,0.0239389,0.0232855,0.0226439,0.0220143,0.0213966,0.020791,0.0201973,0.0196157,0.0190461,0.0184885,0.0179428,0.017409,0.0168869,0.0163765,0.0158777,0.0153904,0.0149145,0.0144498,0.0139962,0.0135536,0.0131218,0.0127008,0.0122902,0.0118901,0.0115001,0.0111202,0.0107502,0.0103899,0.0100391,0.00969763,0.00936535,0.0090421,0.00872763,0.00842183,0.00812446,0.00783538,0.00755436,0.00728128,0.00701589,0.00675806,0.00650756,0.00626426,0.00602793,0.00579843,0.00557554,0.00535913,0.00514897,0.00494493,0.00474678,0.00455441,0.00436758,0.00418618,0.00400999,0.00383888,0.00367265,0.00351115,0.00335421,0.00320167,0.00305336,0.00290913,0.0027688,0.00263224,0.00249927,0.00236975,0.00224351,0.00212042,0.0020003,0.00188302,0.00176841,0.00165635,0.00154667,0.00143925,0.00133391,0.00123053,0.00112895,0.00102905,0.000930661,0.000833667,0.000737912,0.000643265,0.000549579,0.000456724,0.000364553,0.000272935,0.000181727
0,0.00296207,0.00590934,0.00882723,0.0117016,0.0145189,0.0172665,0.0199326,0.0225066,0.024979,0.0273417,0.0295876,0.0317114,0.0337085,0.0355759,0.0373117,0.0389151,0.0403861,0.041726,0.0429366,0.0440204,0.0449808,0.0458214,0.0465464,0.0471604,0.047668,0.0480742,0.048384,0.0486027,0.0487352,0.0487869,0.0487626,0.0486673,0.048506,0.0482832,0.0480036,0.0476714,0.047291,0.0468662,0.046401,0.045899,0.0453636,0.0447981,0.0442055,0.0435889,0.0429509,0.0422942,0.041621,0.0409337,0.0402345,0.0395252,0.0388077,0.0380837,0.0373548,0.0366226,0.0358882,0.0351532,0.0344184,0.0336852,0.0329545,0.0322271,0.0315039,0.0307858,0.0300733,0.0293672,0.0286679,0.0279762,0.0272923,0.0266168,0.0259499,0.0252922,0.0246439,0.0240052,0.0233763,0.0227576,0.0221491,0.021551,0.0209634,0.0203864,0.0198201,0.0192645,0.0187197,0.0181857,0.0176624,0.0171499,0.0166482,0.0161571,0.0156767,0.0152069,0.0147476,0.0142987,0.01386,0.0134317,0.0130134,0.0126051,0.0122067,0.011818,0.0114389,0.0110693,0.010709,0.0103579,0.0100159,0.00968271,0.00935825,0.00904239,0.00873492,0.00843574,0.00814462,0.00786147,0.00758606,0.00731828,0.00705792,0.00680486,0.0065589,0.00631991,0.00608767,0.00586209,0.00564294,0.0054301,0.00522337,0.00502264,0.00482769,0.00463842,0.00445461,0.00427616,0.00410286,0.00393459,0.00377117,0.00361248,0.00345833,0.00330861,0.00316312,0.00302175,0.00288433,0.00275074,0.0026208,0.00249441,0.00237138,0.0022516,0.00213491,0.0020212,0.00191029,0.00180209,0.00169643,0.00159319,0.00149223,0.00139343,0.00129664,0.00120175,0.0011086,0.0010171,0.000927089,0.000838458,0.00075107,0.000664806,0.000579533,0.000495133,0.000411474,0.000328438,0.000245894,0.000163724
0,0.00259798,0.00518327,0.00774337,0.0102662,0.01274,0.0151539,0.0174978,0.0197625,0.0219396,0.0240221,0.0260038,0.0278797,0.029646,0.0312996,0.0328389,0.0342628,0.0355713,0.0367652,0.037846,0.0388157,0.039677,0.0404329,0.0410871,0.0416432,0.0421054,0.0424778,0.042765,0.0429711,0.0431008,0.0431584,0.0431485,0.0430752,0.042943,0.0427558,0.0425177,0.0422325,0.041904,0.0415357,0.0411311,0.0406932,0.0402253,0.0397301,0.0392106,0.0386692,0.0381084,0.0375306,0.0369378,0.0363321,0.0357154,0.0350895,0.034456,0.0338164,0.0331722,0.0325247,0.0318752,0.0312247,0.0305744,0.0299251,0.0292779,0.0286335,0.0279927,0.0273561,0.0267245,0.0260983,0.0254782,0.0248645,0.0242578,0.0236584,0.0230667,0.0224829,0.0219074,0.0213404,0.020782,0.0202326,0.0196922,0.019161,0.0186391,0.0181266,0.0176235,0.0171299,0.0166459,0.0161713,0.0157064,0.015251,0.0148051,0.0143687,0.0139417,0.0135241,0.0131159,0.0127168,0.0123269,0.0119461,0.0115742,0.0112113,0.010857,0.0105115,0.0101744,0.00984578,0.00952545,0.00921324,0.0089091,0.00861281,0.00832431,0.0080434,0.00777,0.0075039,0.00724503,0.00699318,0.00674827,0.00651009,0.00627855,0.00605346,0.00583471,0.00562213,0.00541559,0.00521492,0.00502001,0.00483068,0.00464682,0.00446825,0.00429486,0.00412647,0.00396299,0.00380423,0.00365009,0.00350039,0.00335504,0.00321386,0.00307674,0.00294353,0.00281412,0.00268835,0.00256611,0.00244726,0.00233167,0.00221921,0.00210977,0.0020032,0.0018994,0.00179823,0.00169957,0.0016033,0.0015093,0.00141745,0.00132764,0.00123973,0.00115362,0.00106919,0.00098633,0.000904913,0.000824837,0.000745978,0.000668233,0.000591481,0.000515617,0.000440523,0.000366093,0.000292213,0.000218775,0.000145666
0,0.00224677,0.00448279,0.00669746,0.00888048,0.011022,0.0131126,0.0151438,0.0171075,0.0189968,0.0208054,0.022528,0.0241602,0.0256986,0.0271406,0.0284844,0.0297291,0.0308745,0.0319212,0.0328702,0.0337233,0.0344825,0.0351505,0.0357301,0.0362246,0.0366373,0.0369718,0.0372319,0.0374212,0.0375437,0.0376032,0.0376033,0.037548,0.0374408,0.0372853,0.037085,0.0368433,0.0365633,0.0362482,0.0359009,0.0355243,0.035121,0.0346936,0.0342445,0.033776,0.0332902,0.0327892,0.0322748,0.0317489,0.0312131,0.030669,0.0301179,0.0295614,0.0290006,0.0284367,0.0278708,0.027304,0.026737,0.0261709,0.0256064,0.0250442,0.024485,0.0239294,0.023378,0.0228314,0.0222898,0.0217539,0.0212239,0.0207003,0.0201832,0.0196731,0.0191702,0.0186746,0.0181865,0.0177063,0.0172338,0.0167694,0.016313,0.0158648,0.0154248,0.0149932,0.0145698,0.0141548,0.0137481,0.0133497,0.0129596,0.0125778,0.0122043,0.0118389,0.0114817,0.0111325,0.0107913,0.0104581,0.0101327,0.00981504,0.00950503,0.0092026,0.00890761,0.00862,0.00833961,0.00806637,0.00780013,0.00754082,0.00728827,0.0070424,0.00680306,0.00657015,0.00634352,0.00612307,0.00590865,0.00570017,0.00549745,0.00530041,0.00510889,0.00492279,0.00474196,0.00456629,0.00439563,0.00422989,0.00406889,0.00391257,0.00376074,0.00361333,0.00347018,0.00333119,0.00319621,0.00306515,0.00293787,0.00281426,0.0026942,0.00257757,0.00246424,0.00235413,0.00224708,0.00214302,0.0020418,0.00194334,0.0018475,0.00175419,0.00166329,0.0015747,0.0014883,0.00140401,0.00132169,0.00124126,0.00116261,0.00108563,0.00101023,0.000936298,0.000863732,0.00079244,0.000722314,0.000653261,0.000585176,0.000517967,0.000451529,0.000385771,0.000320591,0.000255895,0.000191583,0.000127562
0,0.00190649,0.00380401,0.00568373,0.00753705,0.00935572,0.0111319,0.0128584,0.0145285,0.0161363,0.0176765,0.0191445,0.0205367,0.02185,0.0230821,0.0242316,0.0252974,0.0262795,0.0271779,0.0279937,0.0287282,0.029383,0.0299602,0.0304622,0.0308917,0.0312515,0.0315445,0.0317739,0.0319428,0.0320544,0.032112,0.0321187,0.0320777,0.0319921,0.031865,0.0316993,0.0314978,0.0312634,0.0309985,0.0307059,0.0303879,0.0300468,0.0296848,0.029304,0.0289063,0.0284936,0.0280676,0.0276299,0.0271821,0.0267257,0.0262619,0.0257921,0.0253173,0.0248388,0.0243575,0.0238743,0.0233901,0.0229057,0.0224219,0.0219394,0.0214588,0.0209806,0.0205055,0.0200339,0.0195661,0.0191028,0.0186442,0.0181906,0.0177424,0.0172998,0.016863,0.0164324,0.016008,0.0155901,0.0151787,0.0147741,0.0143763,0.0139853,0.0136014,0.0132245,0.0128546,0.0124919,0.0121362,0.0117877,0.0114463,0.0111121,0.0107848,0.0104647,0.0101515,0.00984534,0.00954605,0.00925362,0.00896796,0.00868903,0.00841671,0.00815097,0.00789169,0.00763881,0.00739221,0.00715184,0.00691756,0.00668932,0.00646696,0.00625044,0.00603961,0.00583441,0.00563468,0.00544037,0.00525133,0.00506748,0.00488869,0.00471487,0.00454589,0.00438167,0.00422207,0.00406701,0.00391635,0.00377001,0.00362786,0.00348981,0.00335573,0.00322554,0.00309911,0.00297635,0.00285714,0.00274139,0.00262898,0.00251983,0.00241381,0.00231084,0.0022108,0.00211362,0.00201917,0.00192737,0.0018381,0.0017513,0.00166684,0.00158465,0.00150461,0.00142665,0.00135066,0.00127657,0.00120426,0.00113366,0.00106467,0.000997215,0.000931188,0.000866515,0.000803098,0.00074086,0.000679707,0.000619561,0.000560329,0.000501933,0.000444282,0.000387298,0.000330893,0.000274986,0.000219492,0.00016433,0.000109416
0,0.00157532,0.00314335,0.00469688,0.0062289,0.00773268,0.00920185,0.0106305,0.0120131,0.0133447,0.0146212,0.0158386,0.0169938,0.0180845,0.0191085,0.0200646,0.0209521,0.0217704,0.02252,0.0232014,0.0238156,0.024364,0.0248483,0.0252702,0.0256321,0.0259361,0.0261846,0.0263803,0.0265256,0.0266232,0.0266758,0.026686,0.0266564,0.0265895,0.0264878,0.0263539,0.0261901,0.0259986,0.0257816,0.0255413,0.0252797,0.0249987,0.0247001,0.0243856,0.024057,0.0237156,0.023363,0.0230006,0.0226296,0.0222512,0.0218666,0.0214768,0.0210829,0.0206856,0.0202859,0.0198845,0.0194822,0.0190797,0.0186776,0.0182765,0.0178768,0.0174792,0.017084,0.0166916,0.0163025,0.015917,0.0155353,0.0151578,0.0147848,0.0144163,0.0140528,0.0136942,0.0133409,0.0129928,0.0126503,0.0123133,0.011982,0.0116564,0.0113366,0.0110226,0.0107145,0.0104123,0.010116,0.00982566,0.00954123,0.00926269,0.00899007,0.00872328,0.00846235,0.00820719,0.0079578,0.00771409,0.00747604,0.00724356,0.00701663,0.00679513,0.00657905,0.00636827,0.00616276,0.00596239,0.00576713,0.00557687,0.00539154,0.00521105,0.00503532,0.00486425,0.00469778,0.00453579,0.00437821,0.00422494,0.00407591,0.003931,0.00379014,0.00365323,0.00352019,0.00339091,0.00326532,0.00314331,0.00302481,0.00290971,0.00279793,0.00268938,0.00258398,0.00248163,0.00238225,0.00228573,0.00219202,0.00210101,0.00201263,0.00192677,0.00184337,0.00176234,0.00168359,0.00160705,0.00153263,0.00146025,0.00138983,0.00132129,0.00125457,0.00118956,0.00112621,0.00106442,0.00100414,0.000945267,0.000887749,0.000831497,0.000776448,0.000722518,0.000669644,0.000617746,0.000566759,0.000516605,0.000467219,0.000418524,0.000370456,0.000322939,0.000275909,0.000229291,0.00018302,0.000137023,9.12342e-05
0,0.00125159,0.00249744,0.00373192,0.0049495,0.00614491,0.00731311,0.00844943,0.00954955,0.0106096,0.0116261,0.0125962,0.0135172,0.0143872,0.0152046,0.0159683,0.0166777,0.0173324,0.0179325,0.0184786,0.0189714,0.0194118,0.0198013,0.0201412,0.0204331,0.020679,0.0208807,0.0210401,0.0211594,0.0212405,0.0212856,0.0212967,0.0212759,0.0212253,0.0211468,0.0210424,0.0209139,0.0207633,0.0205921,0.0204022,0.0201952,0.0199725,0.0197356,0.0194859,0.0192248,0.0189534,0.0186729,0.0183845,0.0180891,0.0177877,0.0174812,0.0171705,0.0168564,0.0165396,0.0162207,0.0159005,0.0155795,0.0152583,0.0149372,0.014617,0.0142978,0.0139803,0.0136646,0.0133512,0.0130403,0.0127322,0.0124273,0.0121256,0.0118274,0.0115329,0.0112423,0.0109557,0.0106732,0.010395,0.0101211,0.00985166,0.00958671,0.00932635,0.00907058,0.0088195,0.00857309,0.00833141,0.00809443,0.0078622,0.00763468,0.0074119,0.0071938,0.00698041,0.00677166,0.00656755,0.00636802,0.00617307,0.00598261,0.00579663,0.00561505,0.00543786,0.00526496,0.00509633,0.00493188,0.00477157,0.00461532,0.0044631,0.0043148,0.00417038,0.00402976,0.00389288,0.00375966,0.00363004,0.00350394,0.0033813,0.00326203,0.00314608,0.00303335,0.00292379,0.00281732,0.00271387,0.00261335,0.00251572,0.00242088,0.00232877,0.00223932,0.00215245,0.00206809,0.00198618,0.00190664,0.00182941,0.0017544,0.00168157,0.00161083,0.00154212,0.00147537,0.00141052,0.00134749,0.00128623,0.00122667,0.00116874,0.00111238,0.00105753,0.00100412,0.0009521,0.00090139,0.000851943,0.000803689,0.000756577,0.000710537,0.000665518,0.000621454,0.000578294,0.000535972,0.000494437,0.000453625,0.000413485,0.000373955,0.000334982,0.000296507,0.000258478,0.000220833,0.000183522,0.000146486,0.000109672,7.30226e-05
0,0.00093368,0.00186313,0.00278416,0.00369271,0.00458485,0.00545687,0.0063053,0.00712694,0.0079189,0.00867862,0.00940387,0.0100928,0.0107438,0.0113558,0.0119279,0.0124595,0.0129505,0.0134009,0.013811,0.0141814,0.0145127,0.0148059,0.0150622,0.0152826,0.0154686,0.0156215,0.0157428,0.0158339,0.0158965,0.015932,0.0159421,0.0159282,0.0158919,0.0158347,0.0157579,0.0156631,0.0155516,0.0154247,0.0152836,0.0151296,0.0149638,0.0147874,0.0146012,0.0144064,0.0142038,0.0139944,0.013779,0.0135582,0.013333,0.0131038,0.0128715,0.0126365,0.0123995,0.0121609,0.0119212,0.0116809,0.0114404,0.0112001,0.0109602,0.0107212,0.0104834,0.0102469,0.0100121,0.00977919,0.00954837,0.00931985,0.00909377,0.00887033,0.00864962,0.0084318,0.00821696,0.00800522,0.00779664,0.00759133,0.00738932,0.00719069,0.00699547,0.00680372,0.00661544,0.00643069,0.00624946,0.00607177,0.00589761,0.00572701,0.00555992,0.00539638,0.00523633,0.00507979,0.0049267,0.00477707,0.00463084,0.004488,0.0043485,0.00421232,0.0040794,0.00394973,0.00382323,0.00369989,0.00357964,0.00346245,0.00334825,0.00323702,0.00312868,0.0030232,0.00292052,0.00282059,0.00272335,0.00262876,0.00253675,0.00244729,0.0023603,0.00227574,0.00219354,0.00211367,0.00203606,0.00196066,0.00188741,0.00181627,0.00174716,0.00168006,0.00161488,0.0015516,0.00149015,0.00143048,0.00137253,0.00131627,0.00126162,0.00120855,0.001157,0.00110692,0.00105826,0.00101098,0.000965021,0.000920337,0.000876874,0.000834593,0.000793438,0.000753371,0.000714335,0.000676293,0.000639192,0.000602992,0.000567641,0.000533102,0.000499323,0.000466266,0.000433881,0.000402131,0.000370965,0.000340347,0.000310229,0.000280572,0.000251331,0.000222465,0.000193931,0.000165688,0.000137693,0.000109907,8.2285e-05,5.47879e-05
0,0.000620086,0.00123738,0.00184912,0.00245262,0.0030453,0.00362469,0.00418851,0.00473463,0.00526115,0.00576635,0.00624877,0.00670714,0.00714046,0.00754793,0.00792898,0.00828324,0.00861055,0.00891093,0.00918458,0.00943184,0.0096532,0.00984925,0.0100207,0.0101684,0.0102931,0.0103958,0.0104774,0.010539,0.0105815,0.010606,0.0106136,0.0106051,0.0105817,0.0105443,0.0104939,0.0104315,0.0103578,0.0102739,0.0101805,0.0100784,0.0099685,0.00985139,0.00972783,0.00959845,0.00946389,0.00932471,0.00918149,0.00903472,0.00888491,0.0087325,0.00857793,0.00842158,0.00826384,0.00810504,0.0079455,0.00778552,0.00762539,0.00746534,0.00730563,0.00714645,0.00698803,0.00683053,0.00667412,0.00651896,0.0063652,0.00621294,0.00606232,0.00591343,0.00576637,0.00562122,0.00547806,0.00533694,0.00519795,0.00506111,0.00492649,0.0047941,0.00466399,0.00453618,0.00441069,0.00428754,0.00416674,0.00404829,0.0039322,0.00381847,0.0037071,0.00359807,0.00349138,0.00338701,0.00328497,0.0031852,0.00308772,0.00299249,0.00289949,0.0028087,0.00272009,0.00263362,0.0025493,0.00246705,0.00238689,0.00230874,0.00223261,0.00215844,0.00208621,0.00201588,0.00194742,0.00188079,0.00181596,0.00175289,0.00169154,0.00163188,0.00157389,0.0015175,0.0014627,0.00140944,0.00135769,0.00130741,0.00125857,0.00121113,0.00116506,0.00112031,0.00107685,0.00103465,0.000993677,0.000953885,0.00091525,0.000877727,0.000841291,0.000805901,0.000771529,0.000738134,0.000705692,0.00067416,0.000643514,0.000613715,0.000584735,0.000556538,0.000529098,0.000502377,0.000476349,0.000450979,0.000426241,0.000402099,0.000378529,0.000355495,0.000332971,0.000310926,0.000289332,0.000268158,0.000247377,0.000226958,0.000206876,0.000187098,0.000167599,0.00014835,0.000129322,0.000110488,9.18207e-05,7.32907e-05,5.48716e-05,3.6535e-05
