0,0,0,0,0,0,0,0,0,0,0,0,0,0,0,0,0,0,0,0,0,0,0,0,0,0,0,0,0,0,0,0,0,0,0,0,0,0,0,0,0,0,0,0,0,0,0,0,0,0,0,0,0,0,0,0,0,0,0,0,0,0,0,0,0,0,0,0,0,0,0,0,0,0,0,0,0,0,0,0,0,0,0,0,0,0,0,0,0,0,0,0,0,0,0,0,0,0,0,0,0,0,0,0,0,0,0,0,0,0,0,0,0,0,0,0,0,0,0,0,0,0,0,0,0,0,0,0,0,0,0,0,0,0,0,0,0,0,0,0,0,0,0,0,0,0,0,0,0,0,0,0,0,0,0,0,0,0,0,0,0
0,0.000337325,0.000673247,0.00100638,0.00133537,0.00165892,0.00197579,0.00228483,0.00258496,0.00287522,0.00315475,0.00342278,0.00367869,0.00392194,0.00415213,0.00436895,0.0045722,0.00476179,0.00493771,0.00510003,0.00524892,0.0053846,0.00550735,0.0056175,0.00571545,0.00580161,0.00587641,0.00594034,0.00599386,0.00603749,0.00607172,0.00609705,0.00611397,0.00612299,0.00612458,0.00611922,0.00610737,0.00608946,0.00606594,0.00603721,0.00600367,0.00596568,0.00592362,0.00587782,0.00582861,0.00577628,0.00572114,0.00566344,0.00560345,0.00554141,0.00547753,0.00541204,0.00534512,0.00527697,0.00520774,0.00513761,0.00506672,0.00499521,0.00492319,0.00485081,0.00477815,0.00470532,0.00463242,0.00455953,0.00448673,0.00441409,0.00434168,0.00426956,0.00419777,0.00412639,0.00405543,0.00398496,0.00391501,0.0038456,0.00377678,0.00370856,0.00364098,0.00357404,0.00350777,0.00344219,0.00337731,0.00331314,0.00324969,0.00318696,0.00312497,0.00306372,0.00300321,0.00294345,0.00288442,0.00282614,0.00276861,0.00271181,0.00265575,0.00260042,0.00254581,0.00249193,0.00243876,0.0023863,0.00233454,0.00228348,0.00223309,0.00218339,0.00213435,0.00208597,0.00203824,0.00199114,0.00194467,0.00189882,0.00185358,0.00180893,0.00176487,0.00172139,0.00167846,0.00163609,0.00159426,0.00155296,0.00151218,0.00147191,0.00143213,0.00139283,0.001354,0.00131564,0.00127773,0.00124025,0.0012032,0.00116656,0.00113033,0.00109449,0.00105903,0.00102393,0.000989199,0.000954809,0.000920754,0.000887022,0.000853602,0.000820484,0.000787654,0.000755103,0.00072282,0.000690793,0.000659011,0.000627464,0.000596139,0.000565028,0.000534118,0.000503398,0.000472859,0.000442489,0.000412277,0.000382213,0.000352286,0.000322486,0.000292801,0.000263222,0.000233737,0.000204336,0.000175009,0.000145745,0.000116533,8.73629e-05,5.82244e-05
0,0.000676054,0.00134928,0.0020169,0.00267619,0.00332452,0.00395942,0.00457857,0.0051798,0.00576118,0.00632098,0.00685769,0.00737003,0.00785695,0.00831763,0.00875146,0.00915807,0.00953725,0.00988901,0.0102135,0.0105111,0.0107821,0.0110273,0.0112472,0.0114427,0.0116146,0.0117637,0.0118911,0.0119976,0.0120844,0.0121523,0.0122025,0.0122359,0.0122534,0.0122561,0.0122449,0.0122208,0.0121845,0.0121371,0.0120792,0.0120118,0.0119354,0.011851,0.0117591,0.0116603,0.0115554,0.0114448,0.0113292,0.011209,0.0110846,0.0109567,0.0108255,0.0106915,0.010555,0.0104164,0.010276,0.0101341,0.00999091,0.00984677,0.00970188,0.00955647,0.00941072,0.00926484,0.00911898,0.00897331,0.00882796,0.00868308,0.00853877,0.00839516,0.00825233,0.00811039,0.00796941,0.00782947,0.00769063,0.00755296,0.0074165,0.0072813,0.00714741,0.00701486,0.00688369,0.00675391,0.00662556,0.00649865,0.0063732,0.00624921,0.00612671,0.00600569,0.00588615,0.00576811,0.00565155,0.00553648,0.00542288,0.00531076,0.00520011,0.00509091,0.00498315,0.00487682,0.0047719,0.00466839,0.00456627,0.00446552,0.00436611,0.00426804,0.00417129,0.00407584,0.00398166,0.00388873,0.00379704,0.00370657,0.00361729,0.00352917,0.00344221,0.00335638,0.00327165,0.003188,0.00310541,0.00302386,0.00294332,0.00286377,0.00278519,0.00270755,0.00263083,0.00255502,0.00248008,0.00240599,0.00233272,0.00226027,0.0021886,0.00211769,0.00204751,0.00197805,0.00190928,0.00184119,0.00177373,0.00170691,0.00164068,0.00157503,0.00150994,0.00144538,0.00138134,0.00131779,0.0012547,0.00119207,0.00112985,0.00106805,0.00100662,0.000945549,0.00088482,0.000824407,0.00076429,0.000704447,0.000644856,0.000585498,0.000526349,0.00046739,0.000408599,0.000349955,0.000291437,0.000233024,0.000174694,0.000116428
0,0.00101761,0.00203093,0.00303575,0.00402795,0.00500356,0.00595882,0.00689021,0.00779449,0.00866873,0.00951031,0.010317,0.0110868,0.0118182,0.01251,0.0131612,0.0137714,0.0143401,0.0148676,0.0153539,0.0157997,0.0162056,0.0165725,0.0169014,0.0171936,0.0174502,0.0176728,0.0178626,0.0180212,0.0181501,0.0182508,0.0183247,0.0183735,0.0183987,0.0184015,0.0183836,0.0183463,0.0182909,0.0182186,0.0181309,0.0180287,0.0179133,0.0177858,0.0176471,0.0174982,0.0173401,0.0171736,0.0169995,0.0168186,0.0166315,0.0164391,0.0162418,0.0160403,0.0158352,0.0156269,0.0154159,0.0152027,0.0149876,0.0147711,0.0145535,0.0143351,0.0141163,0.0138972,0.0136782,0.0134596,0.0132414,0.0130239,0.0128073,0.0125918,0.0123774,0.0121644,0.0119528,0.0117428,0.0115345,0.0113279,0.0111232,0.0109203,0.0107194,0.0105206,0.0103238,0.0101291,0.00993654,0.00974616,0.00955796,0.00937198,0.00918821,0.00900667,0.00882737,0.0086503,0.00847547,0.00830287,0.00813249,0.00796432,0.00779835,0.00763456,0.00747294,0.00731346,0.00715611,0.00700086,0.0068477,0.00669659,0.00654751,0.00640043,0.00625532,0.00611216,0.00597092,0.00583156,0.00569405,0.00555836,0.00542447,0.00529233,0.00516191,0.00503319,0.00490612,0.00478068,0.00465682,0.00453452,0.00441374,0.00429445,0.0041766,0.00406018,0.00394513,0.00383144,0.00371905,0.00360794,0.00349808,0.00338943,0.00328195,0.00317561,0.00307038,0.00296622,0.00286309,0.00276097,0.00265982,0.00255961,0.0024603,0.00236185,0.00226424,0.00216744,0.0020714,0.0019761,0.0018815,0.00178757,0.00169428,0.00160159,0.00150948,0.0014179,0.00132684,0.00123624,0.00114609,0.00105636,0.000966996,0.000877985,0.000789288,0.000700876,0.000612716,0.000524776,0.000437025,0.000349431,0.000261963,0.00017459
0,0.00136344,0.00272109,0.00406723,0.0053963,0.00670294,0.00798208,0.00922896,0.0104392,0.0116089,0.0127346,0.0138131,0.014842,0.0158191,0.0167428,0.0176121,0.018426,0.0191844,0.0198872,0.0205349,0.0211282,0.021668,0.0221556,0.0225924,0.0229799,0.02332,0.0236145,0.0238654,0.0240745,0.024244,0.0243759,0.0244722,0.0245349,0.0245661,0.0245678,0.0245417,0.0244899,0.024414,0.0243158,0.0241969,0.0240589,0.0239034,0.0237318,0.0235453,0.0233454,0.0231333,0.02291,0.0226766,0.0224343,0.0221839,0.0219263,0.0216623,0.0213928,0.0211185,0.02084,0.020558,0.0202731,0.0199857,0.0196965,0.0194059,0.0191142,0.018822,0.0185296,0.0182372,0.0179453,0.0176541,0.0173638,0.0170748,0.0167872,0.0165011,0.0162169,0.0159347,0.0156545,0.0153766,0.0151011,0.0148279,0.0145574,0.0142895,0.0140242,0.0137618,0.0135021,0.0132454,0.0129915,0.0127405,0.0124925,0.0122475,0.0120054,0.0117664,0.0115303,0.0112972,0.011067,0.0108399,0.0106157,0.0103944,0.0101761,0.00996058,0.00974798,0.00953822,0.00933126,0.00912708,0.00892564,0.0087269,0.00853084,0.00833741,0.00814658,0.0079583,0.00777253,0.00758924,0.00740838,0.0072299,0.00705376,0.00687993,0.00670835,0.00653898,0.00637177,0.00620668,0.00604367,0.00588268,0.00572368,0.00556661,0.00541143,0.00525809,0.00510654,0.00495675,0.00480866,0.00466223,0.00451742,0.00437416,0.00423243,0.00409218,0.00395335,0.0038159,0.00367979,0.00354498,0.00341141,0.00327905,0.00314784,0.00301775,0.00288873,0.00276073,0.00263371,0.00250763,0.00238244,0.0022581,0.00213457,0.0020118,0.00188975,0.00176838,0.00164764,0.00152749,0.00140789,0.00128879,0.00117016,0.00105194,0.00093411,0.000816612,0.000699408,0.000582456,0.000465713,0.000349138,0.000232689
0,0.00171506,0.00342275,0.00511578,0.00678708,0.00842983,0.0100376,0.0116043,0.0131245,0.0145932,0.0160059,0.0173589,0.0186489,0.0198733,0.0210302,0.0221182,0.0231363,0.0240842,0.024962,0.0257703,0.0265101,0.0271826,0.0277895,0.0283325,0.0288138,0.0292355,0.0296,0.0299098,0.0301675,0.0303755,0.0305365,0.0306531,0.0307279,0.0307632,0.0307617,0.0307257,0.0306575,0.0305594,0.0304335,0.030282,0.0301067,0.0299096,0.0296925,0.0294571,0.0292049,0.0289375,0.0286564,0.0283628,0.0280581,0.0277434,0.0274198,0.0270884,0.0267502,0.026406,0.0260567,0.0257031,0.0253459,0.0249858,0.0246234,0.0242593,0.023894,0.023528,0.0231618,0.0227958,0.0224303,0.0220658,0.0217026,0.0213409,0.020981,0.0206231,0.0202675,0.0199144,0.019564,0.0192164,0.0188717,0.0185302,0.0181918,0.0178568,0.0175252,0.017197,0.0168723,0.0165513,0.0162339,0.0159202,0.0156101,0.0153038,0.0150012,0.0147024,0.0144073,0.0141159,0.0138283,0.0135443,0.0132641,0.0129876,0.0127147,0.0124454,0.0121797,0.0119175,0.0116589,0.0114037,0.011152,0.0109036,0.0106586,0.0104169,0.0101784,0.00994317,0.00971104,0.00948201,0.00925601,0.00903299,0.00881291,0.0085957,0.00838131,0.00816968,0.00796075,0.00775448,0.0075508,0.00734965,0.00715098,0.00695473,0.00676084,0.00656925,0.00637991,0.00619275,0.00600773,0.00582478,0.00564384,0.00546486,0.00528778,0.00511255,0.0049391,0.00476738,0.00459733,0.00442889,0.00426202,0.00409664,0.00393272,0.00377019,0.00360899,0.00344908,0.00329039,0.00313287,0.00297646,0.00282112,0.00266679,0.00251341,0.00236092,0.00220929,0.00205844,0.00190833,0.00175891,0.00161012,0.00146191,0.00131422,0.00116701,0.00102022,0.00087379,0.000727678,0.000581828,0.000436188,0.000290704
0,0.00207406,0.00413906,0.00618607,0.00820641,0.0101917,0.0121341,0.0140262,0.0158614,0.0176334,0.019337,0.0209676,0.0225214,0.0239951,0.0253866,0.0266941,0.0279167,0.029054,0.0301063,0.0310743,0.0319593,0.032763,0.0334872,0.0341344,0.0347071,0.0352081,0.0356402,0.0360065,0.0363101,0.0365541,0.0367417,0.036876,0.0369602,0.0369972,0.0369901,0.0369418,0.036855,0.0367326,0.036577,0.0363908,0.0361763,0.0359359,0.0356716,0.0353855,0.0350796,0.0347556,0.0344152,0.0340601,0.0336918,0.0333117,0.0329212,0.0325213,0.0321135,0.0316986,0.0312777,0.0308518,0.0304216,0.0299881,0.0295519,0.0291138,0.0286744,0.0282342,0.0277938,0.0273538,0.0269145,0.0264763,0.0260398,0.0256051,0.0251727,0.0247428,0.0243157,0.0238916,0.0234707,0.0230532,0.0226393,0.0222292,0.021823,0.0214207,0.0210226,0.0206286,0.020239,0.0198536,0.0194726,0.0190961,0.018724,0.0183564,0.0179933,0.0176346,0.0172805,0.0169309,0.0165858,0.0162451,0.0159089,0.0155771,0.0152497,0.0149266,0.0146078,0.0142933,0.013983,0.0136769,0.013375,0.013077,0.0127831,0.0124932,0.0122071,0.0119249,0.0116465,0.0113717,0.0111007,0.0108332,0.0105692,0.0103087,0.0100515,0.00979768,0.00954709,0.00929969,0.0090554,0.00881415,0.00857587,0.00834049,0.00810795,0.00787817,0.00765109,0.00742663,0.00720473,0.00698532,0.00676832,0.00655367,0.0063413,0.00613114,0.00592312,0.00571718,0.00551325,0.00531125,0.00511112,0.0049128,0.00471621,0.00452129,0.00432798,0.0041362,0.00394589,0.00375699,0.00356943,0.00338314,0.00319805,0.00301411,0.00283125,0.00264941,0.00246851,0.0022885,0.00210931,0.00193088,0.00175314,0.00157603,0.00139949,0.00122345,0.00104786,0.000872639,0.000697734,0.00052308,0.000348616
0,0.0024421,0.00487335,0.00728304,0.00966076,0.0119965,0.0142809,0.0165052,0.0186613,0.020742,0.0227412,0.0246533,0.0264738,0.0281993,0.0298269,0.031355,0.0327824,0.0341089,0.0353349,0.0364614,0.0374899,0.0384227,0.0392621,0.0400109,0.0406723,0.0412495,0.0417462,0.0421658,0.0425122,0.042789,0.0430001,0.043149,0.0432396,0.0432753,0.0432598,0.0431963,0.0430883,0.0429389,0.0427511,0.0425279,0.0422719,0.041986,0.0416725,0.0413339,0.0409723,0.0405899,0.0401888,0.0397707,0.0393374,0.0388906,0.0384318,0.0379624,0.0374838,0.0369972,0.0365038,0.0360046,0.0355008,0.0349931,0.0344825,0.0339697,0.0334555,0.0329406,0.0324256,0.031911,0.0313974,0.0308853,0.0303751,0.0298672,0.0293619,0.0288597,0.0283608,0.0278654,0.0273739,0.0268864,0.0264032,0.0259244,0.0254501,0.0249806,0.0245159,0.0240561,0.0236013,0.0231515,0.022707,0.0222676,0.0218334,0.0214045,0.0209808,0.0205624,0.0201493,0.0197415,0.0193388,0.0189415,0.0185493,0.0181622,0.0177803,0.0174035,0.0170317,0.0166649,0.016303,0.015946,0.0155939,0.0152464,0.0149037,0.0145656,0.014232,0.0139029,0.0135782,0.0132578,0.0129417,0.0126298,0.012322,0.0120182,0.0117184,0.0114224,0.0111303,0.0108418,0.010557,0.0102757,0.00999786,0.00972343,0.00945231,0.00918441,0.00891966,0.00865796,0.00839925,0.00814344,0.00789045,0.0076402,0.00739261,0.0071476,0.00690508,0.00666499,0.00642724,0.00619174,0.00595843,0.00572722,0.00549804,0.0052708,0.00504544,0.00482186,0.0046,0.00437978,0.00416112,0.00394395,0.00372818,0.00351375,0.00330057,0.00308858,0.0028777,0.00266785,0.00245895,0.00225094,0.00204374,0.00183728,0.00163147,0.00142625,0.00122155,0.00101729,0.000813389,0.000609785,0.000406401
0,0.00282101,0.00562921,0.00841199,0.0111571,0.0138527,0.0164879,0.0190522,0.0215365,0.0239323,0.0262324,0.0284304,0.0305214,0.0325012,0.0343669,0.0361165,0.037749,0.0392643,0.0406629,0.0419463,0.0431164,0.0441758,0.0451274,0.0459748,0.0467215,0.0473716,0.0479292,0.0483985,0.0487839,0.0490898,0.0493205,0.0494804,0.0495738,0.0496047,0.0495773,0.0494955,0.049363,0.0491836,0.0489607,0.0486976,0.0483976,0.0480636,0.0476986,0.0473051,0.0468858,0.0464432,0.0459793,0.0454964,0.0449965,0.0444814,0.0439529,0.0434126,0.0428621,0.0423026,0.0417356,0.0411623,0.0405837,0.0400011,0.0394152,0.0388271,0.0382375,0.0376472,0.0370569,0.0364673,0.0358789,0.0352924,0.0347081,0.0341266,0.0335482,0.0329733,0.0324023,0.0318355,0.0312731,0.0307155,0.0301627,0.029615,0.0290726,0.0285356,0.0280042,0.0274785,0.0269585,0.0264443,0.0259361,0.0254338,0.0249376,0.0244473,0.0239631,0.023485,0.0230128,0.0225468,0.0220867,0.0216326,0.0211845,0.0207423,0.0203059,0.0198754,0.0194506,0.0190316,0.0186182,0.0182104,0.017808,0.0174112,0.0170196,0.0166334,0.0162524,0.0158765,0.0155056,0.0151397,0.0147787,0.0144224,0.0140708,0.0137239,0.0133814,0.0130434,0.0127097,0.0123803,0.012055,0.0117338,0.0114165,0.0111031,0.0107935,0.0104875,0.0101852,0.00988632,0.00959088,0.00929876,0.00900986,0.00872408,0.00844135,0.00816156,0.00788463,0.00761047,0.00733897,0.00707006,0.00680364,0.00653963,0.00627793,0.00601845,0.00576111,0.00550582,0.00525248,0.00500102,0.00475134,0.00450335,0.00425698,0.00401213,0.00376872,0.00352665,0.00328586,0.00304624,0.00280771,0.0025702,0.00233361,0.00209786,0.00186286,0.00162854,0.0013948,0.00116157,0.000928752,0.000696271,0.000464041
0,0.00321272,0.0064105,0.00957862,0.0127028,0.0157694,0.0187656,0.0216794,0.0245002,0.0272184,0.0298255,0.0323147,0.03468,0.0369172,0.0390229,0.0409952,0.0428329,0.0445363,0.0461062,0.0475445,0.0488536,0.0500366,0.0510971,0.0520393,0.0528674,0.0535862,0.0542004,0.0547151,0.0551351,0.0554657,0.0557119,0.0558785,0.0559704,0.0559925,0.0559493,0.0558452,0.0556847,0.0554718,0.0552104,0.0549044,0.0545572,0.0541724,0.053753,0.0533022,0.0528228,0.0523175,0.0517889,0.0512392,0.0506708,0.0500857,0.0494859,0.0488732,0.0482492,0.0476156,0.0469738,0.0463251,0.0456709,0.0450122,0.0443502,0.0436858,0.0430201,0.0423537,0.0416876,0.0410223,0.0403587,0.0396972,0.0390384,0.0383828,0.0377309,0.0370831,0.0364397,0.0358012,0.0351677,0.0345396,0.033917,0.0333003,0.0326897,0.0320851,0.0314869,0.0308951,0.0303099,0.0297313,0.0291593,0.0285941,0.0280357,0.0274841,0.0269394,0.0264015,0.0258704,0.0253461,0.0248286,0.0243178,0.0238138,0.0233164,0.0228257,0.0223415,0.0218639,0.0213926,0.0209278,0.0204692,0.0200168,0.0195705,0.0191303,0.0186961,0.0182677,0.017845,0.0174281,0.0170167,0.0166108,0.0162103,0.0158151,0.015425,0.0150401,0.0146601,0.014285,0.0139146,0.013549,0.0131879,0.0128312,0.012479,0.0121309,0.011787,0.0114472,0.0111113,0.0107792,0.0104509,0.0101261,0.00980494,0.00948715,0.00917268,0.00886143,0.00855328,0.00824813,0.00794589,0.00764646,0.00734973,0.0070556,0.00676397,0.00647474,0.00618781,0.00590309,0.00562047,0.00533986,0.00506116,0.00478426,0.00450908,0.00423551,0.00396346,0.00369284,0.00342354,0.00315547,0.00288854,0.00262264,0.00235769,0.00209359,0.00183024,0.00156756,0.00130543,0.00104378,0.000782507,0.000521515
0,0.00361937,0.00722145,0.0107892,0.0143061,0.0177565,0.0211256,0.0243997,0.0275666,0.0306154,0.0335367,0.0363227,0.038967,0.0414647,0.0438125,0.0460083,0.0480513,0.0499418,0.0516812,0.0532719,0.0547168,0.0560199,0.0571853,0.0582178,0.0591227,0.0599053,0.0605712,0.0611262,0.0615759,0.0619262,0.0621827,0.0623511,0.062437,0.0624455,0.0623821,0.0622515,0.0620588,0.0618084,0.0615048,0.0611522,0.0607545,0.0603156,0.0598389,0.0593279,0.0587857,0.0582153,0.0576194,0.0570008,0.0563618,0.0557048,0.0550319,0.054345,0.0536461,0.0529368,0.0522188,0.0514935,0.0507624,0.0500267,0.0492875,0.0485461,0.0478033,0.0470601,0.0463173,0.0455758,0.0448363,0.0440993,0.0433655,0.0426354,0.0419096,0.0411884,0.0404724,0.0397617,0.0390569,0.0383581,0.0376656,0.0369797,0.0363006,0.0356283,0.0349632,0.0343053,0.0336547,0.0330115,0.0323758,0.0317477,0.0311271,0.0305142,0.0299088,0.0293111,0.0287211,0.0281386,0.0275637,0.0269963,0.0264365,0.025884,0.0253389,0.0248012,0.0242707,0.0237473,0.0232311,0.0227218,0.0222194,0.0217239,0.0212351,0.0207529,0.0202772,0.0198079,0.019345,0.0188882,0.0184376,0.0179929,0.0175541,0.0171211,0.0166937,0.0162719,0.0158555,0.0154443,0.0150384,0.0146376,0.0142417,0.0138506,0.0134643,0.0130825,0.0127053,0.0123324,0.0119638,0.0115994,0.0112389,0.0108824,0.0105297,0.0101806,0.00983512,0.00949309,0.0091544,0.00881893,0.00848658,0.00815723,0.00783077,0.00750709,0.00718608,0.00686762,0.00655161,0.00623793,0.00592648,0.00561715,0.00530983,0.00500442,0.00470079,0.00439886,0.0040985,0.00379961,0.0035021,0.00320584,0.00291073,0.00261668,0.00232356,0.00203129,0.00173974,0.00144883,0.00115844,0.000868461,0.0005788
0,0.00404331,0.00806671,0.0120506,0.015976,0.019825,0.0235805,0.0272272,0.0307511,0.0341399,0.0373832,0.0404724,0.0434004,0.0461621,0.0487541,0.0511742,0.053422,0.0554983,0.057405,0.059145,0.060722,0.0621407,0.0634062,0.0645241,0.0655003,0.0663412,0.067053,0.0676425,0.0681161,0.0684803,0.0687417,0.0689064,0.0689807,0.0689706,0.0688819,0.0687201,0.0684905,0.0681983,0.0678483,0.0674451,0.0669932,0.0664966,0.0659592,0.0653848,0.0647768,0.0641385,0.0634728,0.0627827,0.0620709,0.0613398,0.0605917,0.0598289,0.0590533,0.0582667,0.0574711,0.0566678,0.0558586,0.0550446,0.0542272,0.0534076,0.0525869,0.051766,0.0509459,0.0501274,0.0493113,0.0484982,0.0476889,0.0468838,0.0460836,0.0452887,0.0444996,0.0437166,0.04294,0.0421703,0.0414077,0.0406523,0.0399045,0.0391645,0.0384323,0.0377081,0.0369921,0.0362843,0.0355848,0.0348936,0.0342109,0.0335366,0.0328707,0.0322132,0.0315642,0.0309236,0.0302913,0.0296674,0.0290517,0.0284442,0.0278449,0.0272536,0.0266703,0.026095,0.0255274,0.0249675,0.0244153,0.0238705,0.0233332,0.0228032,0.0222803,0.0217645,0.0212557,0.0207537,0.0202584,0.0197697,0.0192874,0.0188115,0.0183419,0.0178783,0.0174206,0.0169689,0.0165228,0.0160823,0.0156472,0.0152175,0.014793,0.0143735,0.013959,0.0135493,0.0131443,0.0127438,0.0123478,0.011956,0.0115685,0.011185,0.0108054,0.0104296,0.0100574,0.00968887,0.00932371,0.00896186,0.00860318,0.00824756,0.00789486,0.00754498,0.00719779,0.00685317,0.00651099,0.00617115,0.00583351,0.00549797,0.00516439,0.00483267,0.00450269,0.00417433,0.00384746,0.00352199,0.00319778,0.00287472,0.0025527,0.0022316,0.00191131,0.0015917,0.00127267,0.000954103,0.000635877
0,0.00448717,0.00895148,0.0133705,0.0177224,0.0219868,0.0261443,0.0301774,0.0340706,0.0378099,0.041384,0.0447832,0.0480001,0.0510294,0.0538674,0.0565124,0.0589644,0.0612245,0.0632955,0.065181,0.0668856,0.0684149,0.0697748,0.070972,0.0720133,0.072906,0.0736573,0.0742747,0.0747657,0.0751374,0.0753972,0.0755521,0.075609,0.0755744,0.0754548,0.0752564,0.0749849,0.074646,0.0742449,0.0737868,0.0732765,0.0727183,0.0721166,0.0714753,0.0707983,0.0700889,0.0693506,0.0685865,0.0677993,0.0669917,0.0661664,0.0653255,0.0644714,0.0636059,0.0627309,0.0618482,0.0609594,0.060066,0.0591692,0.0582704,0.0573707,0.0564712,0.0555729,0.0546766,0.0537832,0.0528934,0.0520079,0.0511274,0.0502523,0.0493833,0.0485207,0.0476649,0.0468164,0.0459755,0.0451424,0.0443174,0.0435008,0.0426927,0.0418934,0.0411028,0.0403213,0.0395488,0.0387854,0.0380312,0.0372863,0.0365506,0.0358241,0.0351069,0.034399,0.0337002,0.0330106,0.0323302,0.0316588,0.0309963,0.0303428,0.0296981,0.0290621,0.0284348,0.027816,0.0272057,0.0266036,0.0260098,0.0254241,0.0248463,0.0242764,0.0237142,0.0231596,0.0226124,0.0220726,0.02154,0.0210144,0.0204958,0.0199839,0.0194787,0.01898,0.0184877,0.0180016,0.0175216,0.0170475,0.0165793,0.0161167,0.0156596,0.015208,0.0147615,0.0143202,0.0138839,0.0134524,0.0130255,0.0126033,0.0121854,0.0117718,0.0113624,0.010957,0.0105554,0.0101576,0.00976332,0.00937254,0.0089851,0.00860085,0.00821967,0.00784142,0.00746597,0.00709318,0.00672294,0.00635511,0.00598955,0.00562615,0.00526476,0.00490527,0.00454754,0.00419145,0.00383687,0.00348368,0.00313173,0.00278092,0.00243111,0.00208218,0.00173401,0.00138645,0.0010394,0.000692726
0,0.00495388,0.00988157,0.0147574,0.0195565,0.0242554,0.0288325,0.0332678,0.0375438,0.0416453,0.0455596,0.0492763,0.0527876,0.0560878,0.0591737,0.0620438,0.0646985,0.0671399,0.0693714,0.0713978,0.0732246,0.0748583,0.0763061,0.0775757,0.0786749,0.0796121,0.0803955,0.0810335,0.0815344,0.0819065,0.0821577,0.0822959,0.0823286,0.0822632,0.0821067,0.0818657,0.0815467,0.0811558,0.0806987,0.0801809,0.0796076,0.0789836,0.0783135,0.0776016,0.076852,0.0760684,0.0752544,0.0744132,0.073548,0.0726615,0.0717566,0.0708356,0.0699008,0.0689545,0.0679985,0.0670348,0.066065,0.0650906,0.0641132,0.063134,0.0621543,0.0611753,0.0601978,0.059223,0.0582515,0.0572844,0.0563221,0.0553655,0.0544151,0.0534714,0.0525349,0.0516061,0.0506852,0.0497728,0.048869,0.0479742,0.0470886,0.0462123,0.0453456,0.0444886,0.0436414,0.0428041,0.0419768,0.0411596,0.0403524,0.0395553,0.0387683,0.0379914,0.0372246,0.0364677,0.0357209,0.0349839,0.0342569,0.0335395,0.0328319,0.0321339,0.0314453,0.0307661,0.0300962,0.0294355,0.0287838,0.028141,0.027507,0.0268816,0.0262647,0.0256563,0.025056,0.0244639,0.0238797,0.0233033,0.0227345,0.0221733,0.0216194,0.0210727,0.020533,0.0200003,0.0194743,0.0189549,0.018442,0.0179354,0.0174349,0.0169404,0.0164517,0.0159687,0.0154912,0.0150191,0.0145523,0.0140905,0.0136337,0.0131816,0.0127342,0.0122912,0.0118526,0.0114182,0.0109878,0.0105613,0.0101386,0.00971946,0.00930378,0.00889143,0.00848225,0.0080761,0.00767284,0.00727233,0.00687443,0.006479,0.00608589,0.00569496,0.00530609,0.00491913,0.00453394,0.00415038,0.00376832,0.00338762,0.00300814,0.00262975,0.00225231,0.00187568,0.00149973,0.00112433,0.000749325
0,0.00544677,0.0108636,0.016221,0.0214907,0.026646,0.0316623,0.0365174,0.0411915,0.0456679,0.0499327,0.0539748,0.057786,0.0613607,0.0646958,0.0677905,0.070646,0.0732652,0.0756526,0.0778142,0.0797566,0.0814877,0.0830158,0.0843497,0.0854987,0.086472,0.0872791,0.0879293,0.0884321,0.0887964,0.0890312,0.0891451,0.0891465,0.0890432,0.088843,0.0885531,0.0881805,0.0877317,0.0872131,0.0866305,0.0859893,0.0852949,0.0845522,0.0837657,0.0829397,0.0820784,0.0811853,0.080264,0.0793179,0.0783499,0.0773628,0.0763593,0.0753419,0.0743127,0.0732739,0.0722274,0.071175,0.0701184,0.069059,0.0679982,0.0669374,0.0658777,0.0648202,0.0637659,0.0627157,0.0616704,0.0606307,0.0595974,0.0585711,0.0575523,0.0565415,0.0555392,0.0545457,0.0535615,0.0525868,0.0516219,0.050667,0.0497224,0.0487882,0.0478646,0.0469517,0.0460496,0.0451583,0.0442779,0.0434085,0.04255,0.0417024,0.0408658,0.0400401,0.0392253,0.0384212,0.0376279,0.0368452,0.0360731,0.0353114,0.0345601,0.0338191,0.0330882,0.0323673,0.0316563,0.0309551,0.0302634,0.0295813,0.0289084,0.0282448,0.0275901,0.0269444,0.0263074,0.0256789,0.0250589,0.0244471,0.0238434,0.0232476,0.0226596,0.0220792,0.0215062,0.0209405,0.0203819,0.0198302,0.0192853,0.0187471,0.0182153,0.0176897,0.0171703,0.0166568,0.0161492,0.0156471,0.0151506,0.0146593,0.0141732,0.013692,0.0132157,0.0127441,0.012277,0.0118142,0.0113556,0.010901,0.0104504,0.0100034,0.00956003,0.00912006,0.00868336,0.00824976,0.00781913,0.0073913,0.00696612,0.00654344,0.00612312,0.00570501,0.00528895,0.00487479,0.0044624,0.00405161,0.00364229,0.00323428,0.00282744,0.00242163,0.00201669,0.00161247,0.00120885,0.000805654
0,0.00596964,0.0119049,0.0177722,0.0235393,0.0291756,0.0346535,0.0399479,0.045037,0.0499022,0.0545286,0.0589043,0.063021,0.0668732,0.0704584,0.0737765,0.0768297,0.0796222,0.0821597,0.0844496,0.0865,0.0883201,0.0899196,0.0913088,0.0924981,0.0934981,0.0943195,0.0949727,0.0954681,0.0958159,0.0960256,0.096107,0.0960689,0.0959201,0.0956689,0.0953232,0.0948904,0.0943776,0.0937916,0.0931385,0.0924244,0.0916547,0.0908347,0.0899693,0.0890629,0.08812,0.0871444,0.0861398,0.0851097,0.0840573,0.0829855,0.0818971,0.0807947,0.0796806,0.0785571,0.077426,0.0762894,0.0751489,0.0740061,0.0728625,0.0717193,0.0705779,0.0694394,0.0683047,0.0671749,0.0660507,0.064933,0.0638224,0.0627197,0.0616252,0.0605397,0.0594635,0.058397,0.0573406,0.0562947,0.0552595,0.0542352,0.0532221,0.0522203,0.0512299,0.0502512,0.0492841,0.0483288,0.0473853,0.0464536,0.0455337,0.0446257,0.0437294,0.0428449,0.0419721,0.0411109,0.0402612,0.039423,0.0385962,0.0377806,0.0369762,0.0361828,0.0354003,0.0346285,0.0338674,0.0331167,0.0323764,0.0316462,0.0309261,0.0302158,0.0295152,0.0288241,0.0281424,0.0274698,0.0268063,0.0261516,0.0255056,0.0248681,0.0242389,0.0236179,0.0230048,0.0223996,0.0218019,0.0212117,0.0206287,0.0200528,0.0194839,0.0189217,0.018366,0.0178167,0.0172736,0.0167365,0.0162053,0.0156798,0.0151598,0.0146451,0.0141356,0.0136311,0.0131314,0.0126364,0.0121458,0.0116596,0.0111776,0.0106995,0.0102252,0.00975462,0.00928752,0.00882374,0.00836312,0.00790551,0.00745075,0.00699866,0.00654909,0.00610188,0.00565687,0.0052139,0.00477281,0.00433345,0.00389565,0.00345926,0.00302412,0.00259007,0.00215696,0.00172463,0.00129293,0.000861692
0,0.00652686,0.0130143,0.0194238,0.0257185,0.0318637,0.0378282,0.0435838,0.0491062,0.0543754,0.059375,0.0640929,0.0685204,0.0726527,0.076488,0.0800273,0.0832741,0.0862341,0.0889146,0.0913245,0.0934738,0.0953731,0.0970338,0.0984677,0.0996867,0.100703,0.101528,0.102174,0.102652,0.102973,0.103149,0.103188,0.103102,0.102899,0.102589,0.10218,0.10168,0.101097,0.100437,0.0997077,0.098915,0.0980648,0.0971627,0.0962137,0.0952228,0.0941943,0.0931324,0.0920411,0.0909238,0.089784,0.0886248,0.0874489,0.0862592,0.085058,0.0838477,0.0826302,0.0814077,0.0801817,0.0789541,0.0777263,0.0764996,0.0752754,0.0740548,0.0728388,0.0716285,0.0704247,0.0692282,0.0680397,0.0668599,0.0656893,0.0645286,0.0633781,0.0622382,0.0611094,0.059992,0.0588862,0.0577923,0.0567104,0.0556409,0.0545837,0.0535391,0.052507,0.0514876,0.0504809,0.0494869,0.0485057,0.0475371,0.0465812,0.045638,0.0447072,0.043789,0.0428831,0.0419895,0.0411081,0.0402387,0.0393813,0.0385356,0.0377016,0.0368792,0.036068,0.0352681,0.0344792,0.0337012,0.0329339,0.0321771,0.0314307,0.0306944,0.0299682,0.0292517,0.0285449,0.0278475,0.0271594,0.0264803,0.0258102,0.0251487,0.0244957,0.023851,0.0232145,0.0225859,0.021965,0.0213517,0.0207458,0.0201471,0.0195553,0.0189703,0.018392,0.0178201,0.0172544,0.0166948,0.0161411,0.015593,0.0150505,0.0145133,0.0139812,0.0134541,0.0129318,0.0124141,0.0119008,0.0113917,0.0108868,0.0103857,0.00988836,0.00939456,0.00890413,0.0084169,0.0079327,0.00745136,0.0069727,0.00649656,0.00602275,0.00555113,0.0050815,0.00461372,0.0041476,0.00368298,0.0032197,0.00275758,0.00229646,0.00183617,0.00137655,0.00091742
0,0.00712349,0.0142017,0.0211902,0.028047,0.0347327,0.0412117,0.0474527,0.0534288,0.0591181,0.0645032,0.0695717,0.0743151,0.0787293,0.0828136,0.0865706,0.0900054,0.0931254,0.0959401,0.0984602,0.100697,0.102665,0.104375,0.105842,0.107078,0.108099,0.108916,0.109543,0.109992,0.110277,0.110407,0.110395,0.110252,0.109986,0.109609,0.109129,0.108554,0.107892,0.107152,0.10634,0.105463,0.104527,0.103537,0.1025,0.10142,0.100302,0.09915,0.0979683,0.0967606,0.0955303,0.0942807,0.0930147,0.0917352,0.0904446,0.0891454,0.0878396,0.0865293,0.0852163,0.0839023,0.0825889,0.0812774,0.0799692,0.0786655,0.0773673,0.0760756,0.0747913,0.0735153,0.0722483,0.0709908,0.0697436,0.0685072,0.067282,0.0660684,0.0648669,0.0636776,0.062501,0.0613373,0.0601866,0.0590491,0.057925,0.0568143,0.0557172,0.0546337,0.0535638,0.0525076,0.051465,0.050436,0.0494205,0.0484185,0.04743,0.0464547,0.0454927,0.0445438,0.0436079,0.0426849,0.0417746,0.0408768,0.0399915,0.0391185,0.0382575,0.0374085,0.0365712,0.0357455,0.0349312,0.0341281,0.0333361,0.0325548,0.0317842,0.031024,0.0302741,0.0295342,0.0288041,0.0280837,0.0273727,0.026671,0.0259783,0.0252944,0.0246192,0.0239524,0.0232938,0.0226433,0.0220006,0.0213655,0.0207378,0.0201174,0.019504,0.0188974,0.0182975,0.0177039,0.0171167,0.0165354,0.01596,0.0153903,0.014826,0.014267,0.0137131,0.0131641,0.0126198,0.0120799,0.0115444,0.0110131,0.0104857,0.00996201,0.00944194,0.00892527,0.00841181,0.00790139,0.00739381,0.0068889,0.00638647,0.00588636,0.00538837,0.00489233,0.00439806,0.00390538,0.00341412,0.00292409,0.00243513,0.00194704,0.00145967,0.000972816
0,0.00776544,0.0154786,0.0230885,0.0305467,0.0378084,0.0448333,0.0515865,0.0580383,0.0641649,0.0699482,0.0753755,0.080439,0.0851358,0.0894667,0.0934361,0.0970514,0.100322,0.10326,0.105879,0.108191,0.110213,0.111959,0.113445,0.114686,0.115698,0.116494,0.117089,0.117498,0.117734,0.117808,0.117734,0.117523,0.117185,0.116731,0.116171,0.115513,0.114767,0.113939,0.113038,0.11207,0.111042,0.10996,0.10883,0.107656,0.106444,0.105197,0.103922,0.10262,0.101296,0.0999529,0.0985941,0.0972222,0.0958399,0.0944496,0.0930535,0.0916537,0.0902519,0.08885,0.0874496,0.086052,0.0846586,0.0832707,0.0818892,0.0805153,0.0791498,0.0777935,0.0764473,0.0751116,0.0737873,0.0724747,0.0711743,0.0698866,0.068612,0.0673507,0.066103,0.0648693,0.0636495,0.062444,0.0612528,0.0600761,0.0589139,0.0577662,0.0566332,0.0555147,0.0544107,0.0533213,0.0522463,0.0511857,0.0501394,0.0491073,0.0480893,0.0470852,0.0460949,0.0451184,0.0441553,0.0432056,0.0422692,0.0413457,0.0404351,0.0395372,0.0386517,0.0377785,0.0369174,0.0360682,0.0352306,0.0344046,0.0335898,0.0327861,0.0319932,0.031211,0.0304392,0.0296776,0.028926,0.0281843,0.027452,0.0267292,0.0260155,0.0253107,0.0246146,0.023927,0.0232477,0.0225765,0.0219132,0.0212574,0.0206092,0.0199681,0.0193341,0.0187069,0.0180862,0.017472,0.016864,0.0162619,0.0156656,0.0150749,0.0144896,0.0139094,0.0133342,0.0127638,0.012198,0.0116365,0.0110792,0.0105259,0.00997637,0.00943044,0.0088879,0.00834857,0.00781225,0.00727876,0.00674789,0.00621947,0.00569329,0.00516918,0.00464693,0.00412637,0.00360731,0.00308955,0.00257292,0.00205721,0.00154226,0.00102786
0,0.00845968,0.0168588,0.0251384,0.0332428,0.0411208,0.0487268,0.0560216,0.0629729,0.069555,0.0757492,0.081543,0.0869298,0.0919082,0.0964812,0.100656,0.104442,0.107852,0.1109,0.113603,0.115976,0.118037,0.119804,0.121294,0.122524,0.123512,0.124273,0.124823,0.125178,0.125352,0.125358,0.12521,0.124921,0.1245,0.12396,0.123311,0.122562,0.121722,0.1208,0.119802,0.118737,0.117612,0.116431,0.115202,0.11393,0.112619,0.111275,0.109901,0.108501,0.10708,0.105641,0.104187,0.10272,0.101243,0.0997597,0.0982712,0.0967799,0.0952877,0.0937963,0.0923074,0.0908224,0.0893427,0.0878694,0.0864037,0.0849466,0.0834991,0.0820618,0.0806356,0.0792212,0.0778191,0.0764299,0.075054,0.0736918,0.0723438,0.0710102,0.0696912,0.0683872,0.0670983,0.0658246,0.0645663,0.0633234,0.062096,0.0608842,0.0596879,0.0585072,0.057342,0.0561922,0.0550578,0.0539386,0.0528347,0.0517458,0.0506719,0.0496128,0.0485683,0.0475384,0.0465227,0.0455213,0.0445338,0.0435601,0.0426,0.0416534,0.0407199,0.0397994,0.0388917,0.0379965,0.0371138,0.0362431,0.0353844,0.0345373,0.0337018,0.0328774,0.0320641,0.0312616,0.0304696,0.029688,0.0289165,0.0281548,0.0274028,0.0266603,0.0259269,0.0252025,0.0244868,0.0237797,0.0230809,0.0223901,0.0217072,0.0210318,0.0203639,0.0197032,0.0190495,0.0184024,0.0177619,0.0171278,0.0164997,0.0158775,0.0152609,0.0146498,0.014044,0.0134432,0.0128472,0.0122558,0.0116688,0.011086,0.0105072,0.00993222,0.0093608,0.00879276,0.00822789,0.007666,0.00710688,0.00655033,0.00599616,0.00544416,0.00489413,0.00434587,0.0037992,0.0032539,0.00270978,0.00216664,0.00162429,0.00108253
0,0.0092145,0.0183585,0.0273635,0.0361653,0.0447051,0.0529314,0.0608004,0.0682767,0.0753331,0.0819506,0.0881175,0.093829,0.0990859,0.103894,0.108264,0.112208,0.115743,0.118886,0.121656,0.124073,0.126156,0.127926,0.129402,0.130605,0.131552,0.132262,0.132752,0.133038,0.133137,0.133062,0.132828,0.132449,0.131935,0.131299,0.130551,0.129702,0.12876,0.127735,0.126634,0.125466,0.124236,0.122951,0.121618,0.120242,0.118828,0.117381,0.115905,0.114405,0.112883,0.111344,0.109791,0.108227,0.106654,0.105075,0.103492,0.101907,0.100323,0.0987402,0.0971614,0.0955876,0.0940203,0.0924606,0.0909097,0.0893685,0.087838,0.086319,0.0848123,0.0833185,0.0818381,0.0803718,0.0789199,0.077483,0.0760612,0.074655,0.0732646,0.0718901,0.0705318,0.0691899,0.0678643,0.0665552,0.0652627,0.0639867,0.0627272,0.0614843,0.0602578,0.0590477,0.057854,0.0566764,0.0555149,0.0543694,0.0532397,0.0521257,0.0510272,0.0499441,0.048876,0.047823,0.0467847,0.045761,0.0447516,0.0437564,0.0427751,0.0418075,0.0408534,0.0399126,0.0389848,0.0380698,0.0371673,0.0362772,0.0353991,0.0345329,0.0336783,0.032835,0.0320029,0.0311817,0.0303711,0.0295709,0.0287808,0.0280007,0.0272303,0.0264693,0.0257175,0.0249746,0.0242405,0.0235149,0.0227975,0.0220882,0.0213866,0.0206926,0.0200059,0.0193264,0.0186536,0.0179875,0.0173279,0.0166744,0.0160268,0.015385,0.0147487,0.0141177,0.0134917,0.0128707,0.0122542,0.0116421,0.0110343,0.0104304,0.00983033,0.00923377,0.00864056,0.00805048,0.0074633,0.00687884,0.00629686,0.00571717,0.00513955,0.0045638,0.00398971,0.00341706,0.00284566,0.00227528,0.00170574,0.00113682
0,0.0100398,0.0199971,0.029792,0.0393497,0.048603,0.0574933,0.0659719,0.0740003,0.0815501,0.0886026,0.0951476,0.101183,0.106712,0.111746,0.116297,0.120384,0.124026,0.127245,0.130063,0.132502,0.134588,0.136341,0.137785,0.138941,0.13983,0.140471,0.140884,0.141086,0.141095,0.140925,0.140593,0.140111,0.139492,0.138749,0.137893,0.136934,0.135882,0.134746,0.133534,0.132255,0.130914,0.12952,0.128077,0.126592,0.125071,0.123516,0.121935,0.120329,0.118704,0.117062,0.115407,0.113743,0.112071,0.110394,0.108714,0.107034,0.105356,0.103681,0.10201,0.100346,0.0986903,0.097043,0.0954058,0.0937797,0.0921655,0.0905641,0.0889761,0.0874023,0.0858432,0.0842993,0.0827711,0.0812589,0.0797632,0.0782841,0.0768219,0.0753769,0.0739491,0.0725388,0.0711459,0.0697706,0.0684128,0.0670726,0.06575,0.0644449,0.0631573,0.061887,0.060634,0.0593981,0.0581792,0.0569772,0.055792,0.0546232,0.0534708,0.0523346,0.0512144,0.0501099,0.0490211,0.0479475,0.0468891,0.0458455,0.0448167,0.0438022,0.042802,0.0418157,0.040843,0.0398839,0.0389379,0.0380049,0.0370846,0.0361767,0.0352811,0.0343974,0.0335253,0.0326647,0.0318153,0.0309767,0.0301489,0.0293315,0.0285242,0.0277268,0.0269391,0.0261608,0.0253917,0.0246315,0.0238799,0.0231368,0.0224018,0.0216747,0.0209554,0.0202434,0.0195387,0.0188409,0.0181499,0.0174653,0.016787,0.0161147,0.0154481,0.0147872,0.0141315,0.0134809,0.0128352,0.0121941,0.0115574,0.0109249,0.0102963,0.00967146,0.00905012,0.00843205,0.00781703,0.00720485,0.00659529,0.00598812,0.00538312,0.00478008,0.00417877,0.00357899,0.0029805,0.0023831,0.00178657,0.00119069
0,0.0109478,0.0217982,0.0324575,0.0428386,0.0528639,0.0624669,0.0715936,0.0802025,0.0882645,0.095762,0.102687,0.109042,0.114835,0.120079,0.124795,0.129005,0.132733,0.136004,0.138847,0.141287,0.143351,0.145066,0.146455,0.147544,0.148355,0.148909,0.149227,0.149329,0.149231,0.148952,0.148506,0.147909,0.147174,0.146312,0.145337,0.144259,0.143088,0.141833,0.140502,0.139105,0.137647,0.136136,0.134579,0.13298,0.131345,0.12968,0.127987,0.126273,0.12454,0.122793,0.121034,0.119266,0.117492,0.115715,0.113937,0.11216,0.110385,0.108616,0.106853,0.105098,0.103351,0.101615,0.099891,0.098179,0.0964803,0.0947956,0.0931258,0.0914714,0.089833,0.0882111,0.0866062,0.0850185,0.0834484,0.0818963,0.0803622,0.0788464,0.077349,0.0758702,0.07441,0.0729683,0.0715454,0.0701411,0.0687554,0.0673882,0.0660394,0.064709,0.0633969,0.0621028,0.0608267,0.0595684,0.0583277,0.0571044,0.0558983,0.0547093,0.053537,0.0523814,0.0512421,0.0501189,0.0490117,0.0479201,0.0468439,0.0457828,0.0447366,0.0437051,0.0426879,0.0416848,0.0406956,0.03972,0.0387577,0.0378085,0.036872,0.035948,0.0350363,0.0341366,0.0332486,0.032372,0.0315066,0.0306521,0.0298083,0.0289748,0.0281514,0.0273379,0.026534,0.0257394,0.0249539,0.0241772,0.023409,0.0226492,0.0218974,0.0211533,0.0204168,0.0196876,0.0189654,0.01825,0.0175412,0.0168386,0.0161421,0.0154513,0.0147662,0.0140863,0.0134116,0.0127417,0.0120764,0.0114154,0.0107586,0.0101057,0.0094564,0.00881057,0.00816794,0.00752827,0.00689133,0.0062569,0.00562474,0.00499463,0.00436633,0.00373962,0.00311427,0.00249006,0.00186675,0.00124412
0,0.011953,0.0237904,0.0354012,0.0466834,0.0575471,0.0679168,0.077733,0.0869515,0.0955435,0.103494,0.110798,0.117464,0.123505,0.128942,0.1338,0.138108,0.141895,0.145193,0.148034,0.150448,0.152465,0.154116,0.155427,0.156425,0.157136,0.157583,0.157787,0.15777,0.15755,0.157145,0.156572,0.155846,0.154981,0.15399,0.152885,0.151677,0.150377,0.148995,0.147538,0.146015,0.144433,0.1428,0.141121,0.139403,0.137651,0.135869,0.134063,0.132236,0.130392,0.128535,0.126669,0.124795,0.122917,0.121038,0.119159,0.117282,0.115411,0.113545,0.111688,0.10984,0.108002,0.106177,0.104364,0.102565,0.100781,0.0990124,0.0972601,0.0955246,0.0938064,0.0921061,0.090424,0.0887605,0.0871159,0.0854904,0.0838842,0.0822975,0.0807305,0.0791831,0.0776554,0.0761475,0.0746594,0.073191,0.0717422,0.070313,0.0689033,0.0675129,0.0661417,0.0647897,0.0634564,0.062142,0.060846,0.0595683,0.0583088,0.0570671,0.0558431,0.0546365,0.0534471,0.0522745,0.0511187,0.0499792,0.0488559,0.0477485,0.0466566,0.0455801,0.0445187,0.043472,0.0424398,0.0414218,0.0404178,0.0394274,0.0384504,0.0374865,0.0365354,0.0355968,0.0346705,0.0337561,0.0328534,0.0319621,0.031082,0.0302127,0.0293539,0.0285055,0.027667,0.0268383,0.0260191,0.0252091,0.024408,0.0236156,0.0228316,0.0220557,0.0212877,0.0205273,0.0197742,0.0190282,0.0182891,0.0175565,0.0168302,0.01611,0.0153956,0.0146867,0.0139831,0.0132846,0.0125909,0.0119018,0.011217,0.0105362,0.00985928,0.00918591,0.00851589,0.00784896,0.00718488,0.00652341,0.00586432,0.00520736,0.0045523,0.0038989,0.00324691,0.00259611,0.00194626,0.00129711
0,0.0130739,0.0260091,0.0386736,0.0509467,0.0627241,0.0739204,0.08447,0.0943272,0.103464,0.11187,0.119548,0.12651,0.132779,0.138383,0.143355,0.147731,0.151547,0.15484,0.157647,0.160005,0.161946,0.163505,0.164711,0.165594,0.166182,0.166499,0.166568,0.166413,0.166053,0.165506,0.16479,0.163921,0.162914,0.161781,0.160535,0.159188,0.15775,0.156231,0.154639,0.152983,0.151271,0.149509,0.147704,0.145861,0.143986,0.142083,0.140158,0.138215,0.136257,0.134288,0.13231,0.130328,0.128344,0.12636,0.124378,0.1224,0.120429,0.118466,0.116513,0.114571,0.112641,0.110725,0.108823,0.106936,0.105066,0.103213,0.101378,0.0995604,0.0977621,0.0959829,0.0942233,0.0924837,0.0907643,0.0890652,0.0873868,0.0857291,0.0840922,0.0824762,0.0808812,0.079307,0.0777537,0.0762212,0.0747095,0.0732184,0.0717478,0.0702976,0.0688676,0.0674576,0.0660675,0.0646971,0.063346,0.0620142,0.0607014,0.0594074,0.0581318,0.0568745,0.0556351,0.0544135,0.0532093,0.0520223,0.0508521,0.0496986,0.0485614,0.0474402,0.0463347,0.0452447,0.0441698,0.0431097,0.0420643,0.041033,0.0400158,0.0390122,0.038022,0.0370448,0.0360805,0.0351286,0.0341889,0.0332611,0.0323449,0.03144,0.0305461,0.029663,0.0287903,0.0279278,0.0270752,0.0262321,0.0253984,0.0245737,0.0237577,0.0229502,0.022151,0.0213596,0.0205759,0.0197996,0.0190304,0.0182681,0.0175123,0.0167628,0.0160194,0.0152818,0.0145497,0.0138228,0.013101,0.0123839,0.0116713,0.010963,0.0102586,0.00955793,0.00886075,0.0081668,0.00747582,0.00678756,0.00610177,0.00541821,0.00473662,0.00405676,0.00337837,0.00270122,0.00202505,0.00134963
0,0.0143333,0.0284988,0.0423373,0.0557057,0.0684824,0.0805707,0.0918995,0.102423,0.112116,0.120976,0.129013,0.136249,0.142718,0.148456,0.153507,0.157914,0.161721,0.164973,0.167711,0.169977,0.17181,0.173246,0.174318,0.175059,0.175498,0.175661,0.175575,0.175262,0.174742,0.174037,0.173162,0.172136,0.170972,0.169685,0.168287,0.166789,0.165204,0.163539,0.161805,0.160009,0.158159,0.156261,0.154323,0.15235,0.150348,0.14832,0.146273,0.144209,0.142133,0.140048,0.137957,0.135864,0.13377,0.131679,0.129592,0.127512,0.12544,0.123378,0.121328,0.11929,0.117267,0.115258,0.113266,0.111291,0.109334,0.107396,0.105477,0.103578,0.101699,0.0998401,0.0980028,0.0961867,0.0943922,0.0926195,0.0908687,0.0891399,0.0874332,0.0857486,0.0840861,0.0824456,0.0808272,0.0792308,0.0776562,0.0761033,0.074572,0.0730621,0.0715734,0.0701058,0.068659,0.0672328,0.0658269,0.0644412,0.0630754,0.0617292,0.0604023,0.0590945,0.0578055,0.0565351,0.0552828,0.0540485,0.0528318,0.0516325,0.0504501,0.0492845,0.0481353,0.0470022,0.0458849,0.0447831,0.0436965,0.0426247,0.0415675,0.0405246,0.0394955,0.0384801,0.037478,0.0364889,0.0355125,0.0345484,0.0335965,0.0326563,0.0317276,0.0308101,0.0299035,0.0290074,0.0281216,0.0272458,0.0263797,0.025523,0.0246754,0.0238366,0.0230064,0.0221843,0.0213703,0.0205639,0.019765,0.0189731,0.0181881,0.0174096,0.0166375,0.0158713,0.015111,0.014356,0.0136063,0.0128615,0.0121214,0.0113857,0.0106542,0.00992648,0.00920241,0.00848168,0.00776405,0.00704925,0.00633701,0.00562709,0.00491922,0.00421314,0.0035086,0.00280535,0.00210311,0.00140165
0,0.0157604,0.0313153,0.0464711,0.0610564,0.0749291,0.0879803,0.100135,0.111348,0.121603,0.130905,0.139278,0.146756,0.153386,0.159217,0.164303,0.168696,0.172451,0.175618,0.178247,0.180383,0.182071,0.18335,0.184257,0.184826,0.185089,0.185075,0.184809,0.184316,0.183619,0.182736,0.181686,0.180487,0.179154,0.177699,0.176137,0.17448,0.172736,0.170917,0.169032,0.167088,0.165093,0.163055,0.160978,0.15887,0.156735,0.154578,0.152403,0.150215,0.148018,0.145814,0.143607,0.1414,0.139195,0.136994,0.134801,0.132616,0.130441,0.128278,0.126129,0.123995,0.121877,0.119776,0.117693,0.115629,0.113584,0.11156,0.109556,0.107574,0.105614,0.103676,0.101761,0.0998682,0.0979985,0.096152,0.0943286,0.0925287,0.090752,0.0889988,0.0872689,0.0855623,0.0838789,0.0822186,0.0805812,0.0789667,0.0773748,0.0758054,0.0742583,0.0727332,0.0712299,0.0697481,0.0682877,0.0668483,0.0654297,0.0640317,0.0626538,0.0612958,0.0599575,0.0586385,0.0573384,0.0560571,0.0547942,0.0535493,0.0523222,0.0511125,0.0499199,0.048744,0.0475847,0.0464414,0.0453139,0.0442019,0.0431051,0.042023,0.0409555,0.0399021,0.0388625,0.0378365,0.0368237,0.0358238,0.0348364,0.0338612,0.032898,0.0319464,0.0310061,0.0300768,0.0291582,0.0282499,0.0273517,0.0264633,0.0255843,0.0247145,0.0238535,0.0230011,0.022157,0.0213209,0.0204924,0.0196713,0.0188573,0.0180502,0.0172496,0.0164552,0.0156668,0.014884,0.0141067,0.0133345,0.0125672,0.0118044,0.0110459,0.0102914,0.00954072,0.00879349,0.00804946,0.00730837,0.00656995,0.00583392,0.00510003,0.004368,0.00363756,0.00290845,0.00218041,0.00145316
0,0.0173932,0.0345311,0.0511755,0.0671196,0.0821972,0.0962869,0.109311,0.121231,0.132042,0.141763,0.150436,0.158113,0.164854,0.170724,0.175791,0.180118,0.183768,0.186802,0.189275,0.191239,0.192741,0.193826,0.194533,0.194899,0.194958,0.194739,0.19427,0.193576,0.19268,0.191602,0.19036,0.188973,0.187456,0.185822,0.184084,0.182255,0.180344,0.178362,0.176318,0.174218,0.172072,0.169886,0.167665,0.165416,0.163143,0.160852,0.158547,0.156231,0.153909,0.151583,0.149257,0.146934,0.144615,0.142303,0.14,0.137709,0.13543,0.133165,0.130916,0.128684,0.12647,0.124275,0.1221,0.119946,0.117813,0.115703,0.113615,0.11155,0.109508,0.10749,0.105496,0.103527,0.101582,0.0996612,0.0977653,0.0958941,0.0940476,0.0922258,0.0904285,0.0886558,0.0869075,0.0851834,0.0834835,0.0818075,0.0801553,0.0785266,0.0769211,0.0753388,0.0737792,0.0722422,0.0707275,0.0692347,0.0677637,0.066314,0.0648854,0.0634775,0.0620901,0.0607229,0.0593754,0.0580474,0.0567385,0.0554485,0.0541769,0.0529234,0.0516877,0.0504695,0.0492683,0.0480839,0.0469159,0.045764,0.0446278,0.043507,0.0424013,0.0413103,0.0402336,0.039171,0.0381221,0.0370865,0.036064,0.0350542,0.0340568,0.0330714,0.0320978,0.0311355,0.0301843,0.0292439,0.0283139,0.0273941,0.026484,0.0255835,0.0246921,0.0238097,0.0229358,0.0220701,0.0212125,0.0203624,0.0195198,0.0186842,0.0178554,0.0170331,0.0162169,0.0154067,0.014602,0.0138027,0.0130083,0.0122187,0.0114336,0.0106526,0.00987557,0.0091021,0.00833194,0.00756483,0.00680049,0.00603863,0.00527898,0.00452126,0.00376519,0.0030105,0.00225691,0.00150415
0,0.0192812,0.0382403,0.0565801,0.0740492,0.0904533,0.105659,0.119591,0.132224,0.143569,0.153671,0.162591,0.170404,0.177192,0.183036,0.188017,0.192215,0.195702,0.198547,0.200812,0.202555,0.203829,0.204679,0.20515,0.20528,0.205104,0.204653,0.203956,0.203038,0.201922,0.20063,0.199181,0.19759,0.195875,0.194048,0.192123,0.190112,0.188024,0.18587,0.183658,0.181396,0.179091,0.176751,0.17438,0.171985,0.169571,0.167141,0.164701,0.162254,0.159804,0.157353,0.154905,0.152462,0.150027,0.147602,0.145189,0.142789,0.140404,0.138036,0.135686,0.133355,0.131045,0.128755,0.126487,0.124242,0.122021,0.119823,0.11765,0.115501,0.113378,0.11128,0.109208,0.107161,0.10514,0.103146,0.101177,0.0992349,0.0973185,0.0954281,0.0935636,0.0917249,0.0899118,0.0881242,0.0863619,0.0846246,0.0829122,0.0812244,0.079561,0.0779216,0.0763061,0.0747141,0.0731453,0.0715995,0.0700762,0.0685753,0.0670962,0.0656388,0.0642027,0.0627875,0.061393,0.0600186,0.0586642,0.0573292,0.0560135,0.0547166,0.0534381,0.0521778,0.0509352,0.04971,0.0485019,0.0473104,0.0461352,0.044976,0.0438325,0.0427041,0.0415907,0.0404918,0.0394072,0.0383363,0.037279,0.0362349,0.0352036,0.0341848,0.0331781,0.0321832,0.0311998,0.0302275,0.0292661,0.0283151,0.0273743,0.0264434,0.0255219,0.0246097,0.0237063,0.0228115,0.0219249,0.0210462,0.0201752,0.0193115,0.0184548,0.0176048,0.0167612,0.0159237,0.015092,0.0142658,0.0134448,0.0126287,0.0118172,0.01101,0.0102068,0.00940739,0.00861139,0.00781854,0.00702856,0.00624114,0.00545601,0.00467287,0.00389145,0.00311145,0.00233259,0.00155459
0,0.0214914,0.0425686,0.0628556,0.0820438,0.0999075,0.116305,0.131172,0.144503,0.156341,0.16676,0.175853,0.183722,0.190473,0.196209,0.201028,0.205023,0.208279,0.210872,0.212872,0.214342,0.215339,0.215913,0.216109,0.215967,0.215525,0.214814,0.213862,0.212697,0.211342,0.209817,0.208141,0.206332,0.204404,0.202372,0.200249,0.198045,0.19577,0.193435,0.191048,0.188616,0.186146,0.183646,0.18112,0.178574,0.176013,0.173441,0.170862,0.16828,0.165699,0.16312,0.160548,0.157984,0.15543,0.15289,0.150364,0.147854,0.145362,0.142889,0.140437,0.138006,0.135598,0.133213,0.130852,0.128515,0.126204,0.123919,0.12166,0.119428,0.117222,0.115044,0.112893,0.110769,0.108673,0.106604,0.104563,0.10255,0.100564,0.0986047,0.0966731,0.0947685,0.0928908,0.0910398,0.0892152,0.0874169,0.0856446,0.083898,0.0821768,0.0804807,0.0788095,0.0771628,0.0755403,0.0739417,0.0723666,0.0708146,0.0692855,0.0677789,0.0662944,0.0648317,0.0633903,0.06197,0.0605703,0.0591909,0.0578313,0.0564913,0.0551705,0.0538685,0.0525848,0.0513192,0.0500712,0.0488405,0.0476267,0.0464295,0.0452484,0.0440831,0.0429333,0.0417985,0.0406784,0.0395727,0.0384809,0.0374028,0.0363379,0.035286,0.0342466,0.0332194,0.0322041,0.0312004,0.0302078,0.029226,0.0282548,0.0272938,0.0263425,0.0254008,0.0244683,0.0235446,0.0226294,0.0217224,0.0208233,0.0199318,0.0190475,0.0181702,0.0172994,0.016435,0.0155765,0.0147238,0.0138763,0.013034,0.0121964,0.0113633,0.0105344,0.00970926,0.0088877,0.00806941,0.00725406,0.00644137,0.00563105,0.00482278,0.00401629,0.00321126,0.00240742,0.00160445
0,0.0241158,0.0476872,0.0702299,0.091363,0.110828,0.128483,0.144287,0.158275,0.170532,0.181175,0.190339,0.198158,0.204769,0.210299,0.214864,0.218571,0.221518,0.223789,0.225461,0.226602,0.227272,0.227524,0.227404,0.226956,0.226215,0.225214,0.223983,0.222547,0.220931,0.219154,0.217236,0.215192,0.213039,0.210789,0.208455,0.206048,0.203577,0.201053,0.198482,0.195874,0.193233,0.190566,0.18788,0.185178,0.182466,0.179748,0.177027,0.174307,0.171591,0.168882,0.166182,0.163494,0.160821,0.158163,0.155522,0.152901,0.150301,0.147722,0.145167,0.142635,0.140128,0.137646,0.135191,0.132763,0.130362,0.127989,0.125644,0.123328,0.12104,0.118781,0.116551,0.11435,0.112178,0.110036,0.107922,0.105837,0.103781,0.101754,0.0997555,0.0977852,0.0958431,0.0939289,0.0920424,0.0901833,0.0883513,0.0865462,0.0847675,0.083015,0.0812885,0.0795874,0.0779115,0.0762604,0.0746338,0.0730312,0.0714524,0.0698969,0.0683644,0.0668545,0.0653667,0.0639007,0.0624562,0.0610326,0.0596297,0.058247,0.0568841,0.0555407,0.0542164,0.0529107,0.0516233,0.0503538,0.0491017,0.0478668,0.0466486,0.0454467,0.0442608,0.0430905,0.0419353,0.040795,0.0396692,0.0385574,0.0374594,0.0363746,0.0353029,0.0342438,0.033197,0.032162,0.0311387,0.0301265,0.0291252,0.0281343,0.0271537,0.0261828,0.0252214,0.0242692,0.0233257,0.0223908,0.0214639,0.0205449,0.0196333,0.0187289,0.0178314,0.0169403,0.0160554,0.0151763,0.0143029,0.0134346,0.0125713,0.0117125,0.0108581,0.0100076,0.00916077,0.00831732,0.00747692,0.00663925,0.00580403,0.00497093,0.00413966,0.0033099,0.00248136,0.00165374
0,0.0272847,0.0538345,0.0790136,0.102351,0.123557,0.142511,0.159219,0.173778,0.186336,0.197071,0.206167,0.213803,0.220148,0.225353,0.229557,0.232881,0.235432,0.237305,0.238582,0.239333,0.239623,0.239506,0.23903,0.238237,0.237164,0.235845,0.234308,0.232579,0.23068,0.228633,0.226455,0.224162,0.221769,0.219289,0.216734,0.214114,0.211439,0.208717,0.205956,0.203163,0.200345,0.197507,0.194655,0.191793,0.188925,0.186057,0.18319,0.180329,0.177476,0.174633,0.171804,0.168991,0.166195,0.163418,0.160662,0.157928,0.155218,0.152532,0.149872,0.147239,0.144632,0.142054,0.139504,0.136983,0.134492,0.132031,0.1296,0.127199,0.124829,0.122489,0.12018,0.117902,0.115654,0.113438,0.111251,0.109096,0.10697,0.104875,0.10281,0.100774,0.0987676,0.0967905,0.0948422,0.0929226,0.0910313,0.0891679,0.0873321,0.0855235,0.0837419,0.0819868,0.0802579,0.0785547,0.0768769,0.0752242,0.073596,0.071992,0.0704119,0.0688551,0.0673213,0.0658101,0.0643211,0.0628538,0.0614079,0.0599829,0.0585784,0.057194,0.0558294,0.054484,0.0531575,0.0518496,0.0505596,0.0492874,0.0480325,0.0467944,0.0455728,0.0443673,0.0431775,0.042003,0.0408434,0.0396984,0.0385675,0.0374504,0.0363467,0.035256,0.034178,0.0331122,0.0320584,0.0310161,0.029985,0.0289648,0.027955,0.0269554,0.0259655,0.024985,0.0240137,0.023051,0.0220967,0.0211505,0.020212,0.0192809,0.0183568,0.0174394,0.0165284,0.0156234,0.0147242,0.0138303,0.0129415,0.0120574,0.0111778,0.0103023,0.0094305,0.0085622,0.00769704,0.00683471,0.00597489,0.00511726,0.00426151,0.00340733,0.0025544,0.00170241
0,0.0311886,0.0613523,0.0896394,0.115469,0.13854,0.158786,0.176301,0.19128,0.203964,0.214607,0.223456,0.23074,0.236664,0.241408,0.245129,0.247963,0.250025,0.251418,0.252227,0.252527,0.252382,0.251847,0.250972,0.249797,0.24836,0.246694,0.244825,0.242779,0.240579,0.238243,0.235789,0.233232,0.230587,0.227865,0.225078,0.222235,0.219346,0.216419,0.213461,0.210478,0.207477,0.204462,0.201439,0.198413,0.195386,0.192364,0.189348,0.186342,0.18335,0.180372,0.177411,0.17447,0.17155,0.168653,0.16578,0.162932,0.16011,0.157317,0.154551,0.151815,0.149109,0.146433,0.143788,0.141174,0.138592,0.136043,0.133525,0.13104,0.128587,0.126166,0.123778,0.121423,0.1191,0.116809,0.114551,0.112324,0.110129,0.107966,0.105834,0.103733,0.101663,0.0996231,0.0976135,0.0956337,0.0936833,0.091762,0.0898694,0.0880052,0.0861689,0.0843601,0.0825785,0.0808237,0.0790952,0.0773926,0.0757154,0.0740634,0.072436,0.0708328,0.0692534,0.0676974,0.0661643,0.0646537,0.0631651,0.0616982,0.0602526,0.0588277,0.0574231,0.0560385,0.0546734,0.0533273,0.0519999,0.0506908,0.0493995,0.0481256,0.0468688,0.0456285,0.0444044,0.0431961,0.0420032,0.0408252,0.0396619,0.0385128,0.0373774,0.0362555,0.0351467,0.0340505,0.0329666,0.0318946,0.0308341,0.0297848,0.0287463,0.0277182,0.0267001,0.0256918,0.0246929,0.0237029,0.0227215,0.0217485,0.0207834,0.0198258,0.0188756,0.0179322,0.0169954,0.0160648,0.0151401,0.0142209,0.013307,0.012398,0.0114934,0.0105932,0.00969677,0.00880394,0.00791434,0.00702766,0.00614356,0.00526172,0.00438181,0.00350351,0.00262651,0.00175047
0,0.0361173,0.070747,0.102723,0.131345,0.156348,0.17779,0.195919,0.211077,0.223632,0.233935,0.24231,0.249038,0.254361,0.258487,0.261589,0.263815,0.265289,0.266114,0.266381,0.266165,0.265529,0.264529,0.263212,0.26162,0.259787,0.257744,0.255519,0.253135,0.250612,0.247971,0.245225,0.242391,0.239481,0.236506,0.233477,0.230403,0.227293,0.224153,0.220991,0.217812,0.214622,0.211426,0.208228,0.205033,0.201844,0.198664,0.195496,0.192344,0.189209,0.186093,0.182999,0.179929,0.176883,0.173864,0.170872,0.167909,0.164975,0.162073,0.159201,0.156362,0.153555,0.150781,0.14804,0.145334,0.142661,0.140022,0.137418,0.134848,0.132312,0.129811,0.127344,0.124912,0.122513,0.120149,0.117818,0.115521,0.113257,0.111026,0.108827,0.106662,0.104528,0.102426,0.100355,0.0983154,0.0963064,0.0943275,0.0923785,0.090459,0.0885684,0.0867064,0.0848725,0.0830664,0.0812875,0.0795355,0.0778099,0.0761102,0.074436,0.0727868,0.0711622,0.0695618,0.067985,0.0664316,0.0649008,0.0633925,0.061906,0.060441,0.0589969,0.0575735,0.0561701,0.0547865,0.053422,0.0520764,0.0507492,0.0494399,0.0481482,0.0468735,0.0456155,0.0443738,0.043148,0.0419375,0.0407421,0.0395614,0.0383948,0.0372421,0.0361028,0.0349765,0.0338629,0.0327615,0.031672,0.030594,0.0295271,0.0284709,0.0274251,0.0263893,0.0253631,0.0243461,0.0233381,0.0223385,0.0213471,0.0203636,0.0193874,0.0184184,0.0174562,0.0165003,0.0155505,0.0146064,0.0136676,0.0127339,0.0118049,0.0108802,0.00995949,0.00904246,0.00812875,0.00721804,0.00630998,0.00540424,0.0045005,0.00359841,0.00269765,0.00179788
0,0.0425337,0.0827954,0.11916,0.150839,0.177719,0.200108,0.218509,0.233479,0.24555,0.255193,0.262811,0.26874,0.273256,0.276589,0.278926,0.28042,0.281199,0.28137,0.281019,0.280222,0.279041,0.277528,0.275729,0.273683,0.271423,0.268977,0.266372,0.263628,0.260766,0.257802,0.254751,0.251626,0.24844,0.245202,0.241922,0.238608,0.235268,0.231909,0.228537,0.225156,0.221773,0.218391,0.215014,0.211647,0.208292,0.204952,0.201629,0.198328,0.195048,0.191793,0.188564,0.185362,0.182189,0.179047,0.175935,0.172856,0.16981,0.166797,0.163819,0.160876,0.157968,0.155096,0.152259,0.149459,0.146695,0.143968,0.141276,0.138622,0.136004,0.133422,0.130876,0.128367,0.125893,0.123455,0.121052,0.118684,0.116351,0.114053,0.111789,0.109558,0.107361,0.105197,0.103066,0.100967,0.0988992,0.0968633,0.0948583,0.0928838,0.0909394,0.0890245,0.0871389,0.0852819,0.0834531,0.0816521,0.0798784,0.0781315,0.0764109,0.0747162,0.0730469,0.0714026,0.0697826,0.0681867,0.0666143,0.0650649,0.063538,0.0620333,0.0605503,0.0590884,0.0576473,0.0562264,0.0548254,0.0534437,0.052081,0.0507367,0.0494105,0.0481019,0.0468105,0.0455357,0.0442774,0.0430348,0.0418078,0.0405958,0.0393984,0.0382153,0.0370459,0.03589,0.034747,0.0336167,0.0324985,0.0313922,0.0302973,0.0292134,0.0281402,0.0270772,0.0260241,0.0249805,0.0239461,0.0229204,0.0219031,0.0208939,0.0198922,0.0188979,0.0179106,0.0169298,0.0159552,0.0149865,0.0140233,0.0130652,0.012112,0.0111632,0.0102186,0.00927766,0.00834018,0.00740576,0.00647408,0.00554479,0.00461753,0.00369199,0.0027678,0.00184463
0,0.051222,0.0987408,0.140284,0.175131,0.203581,0.226412,0.244529,0.25878,0.269896,0.278476,0.285001,0.289853,0.293335,0.295688,0.297104,0.297739,0.297719,0.297146,0.296104,0.294664,0.292884,0.290813,0.288494,0.28596,0.283244,0.28037,0.277363,0.274241,0.271021,0.26772,0.26435,0.260923,0.25745,0.253939,0.2504,0.246839,0.243263,0.239679,0.236091,0.232504,0.228923,0.225351,0.221792,0.218249,0.214724,0.211222,0.207742,0.204289,0.200863,0.197467,0.1941,0.190766,0.187465,0.184199,0.180967,0.17777,0.174611,0.171488,0.168402,0.165355,0.162345,0.159374,0.156442,0.153548,0.150693,0.147876,0.145099,0.142359,0.139659,0.136996,0.134372,0.131786,0.129237,0.126725,0.124251,0.121813,0.119411,0.117046,0.114716,0.112421,0.110161,0.107936,0.105744,0.103586,0.101461,0.0993681,0.0973075,0.0952786,0.0932808,0.0913136,0.0893766,0.0874692,0.085591,0.0837415,0.0819202,0.0801265,0.0783601,0.0766203,0.0749068,0.0732189,0.0715563,0.0699184,0.0683047,0.0667147,0.065148,0.0636041,0.0620825,0.0605827,0.0591042,0.0576466,0.0562094,0.0547921,0.0533943,0.0520155,0.0506553,0.0493132,0.0479887,0.0466814,0.0453909,0.0441167,0.0428584,0.0416156,0.0403878,0.0391746,0.0379757,0.0367904,0.0356186,0.0344596,0.0333132,0.032179,0.0310564,0.0299452,0.028845,0.0277552,0.0266756,0.0256058,0.0245454,0.0234939,0.0224511,0.0214165,0.0203898,0.0193705,0.0183584,0.017353,0.0163541,0.0153611,0.0143738,0.0133918,0.0124147,0.0114422,0.0104739,0.00950946,0.00854854,0.00759077,0.00663581,0.00568329,0.00473287,0.0037842,0.00283693,0.00189071
0,0.0636135,0.120662,0.168105,0.205819,0.235061,0.257432,0.274414,0.287216,0.296779,0.303815,0.308865,0.312337,0.314542,0.315722,0.316064,0.315715,0.314792,0.313391,0.311588,0.309446,0.307018,0.304348,0.301471,0.298421,0.295222,0.291898,0.288468,0.28495,0.281359,0.277707,0.274006,0.270266,0.266497,0.262706,0.2589,0.255085,0.251267,0.247452,0.243644,0.239846,0.236063,0.232298,0.228553,0.224831,0.221136,0.217468,0.21383,0.210223,0.206649,0.20311,0.199606,0.196138,0.192708,0.189316,0.185962,0.182648,0.179375,0.176141,0.172948,0.169796,0.166685,0.163615,0.160586,0.157598,0.154652,0.151747,0.148882,0.146059,0.143276,0.140533,0.13783,0.135167,0.132543,0.129959,0.127413,0.124905,0.122436,0.120003,0.117608,0.11525,0.112927,0.110641,0.108389,0.106172,0.10399,0.101841,0.0997253,0.0976423,0.0955916,0.0935726,0.0915847,0.0896274,0.0877003,0.0858028,0.0839343,0.0820944,0.0802826,0.0784983,0.076741,0.0750101,0.0733053,0.0716259,0.0699714,0.0683414,0.0667353,0.0651527,0.0635929,0.0620557,0.0605403,0.0590464,0.0575735,0.0561211,0.0546887,0.0532758,0.051882,0.0505068,0.0491498,0.0478104,0.0464882,0.0451828,0.0438937,0.0426205,0.0413627,0.0401199,0.0388917,0.0376776,0.0364772,0.0352901,0.0341159,0.0329541,0.0318043,0.0306662,0.0295392,0.0284231,0.0273174,0.0262218,0.0251357,0.0240589,0.0229909,0.0219313,0.0208798,0.019836,0.0187995,0.01777,0.0167469,0.0157301,0.014719,0.0137134,0.0127128,0.0117169,0.0107254,0.00973776,0.00875376,0.00777299,0.00679509,0.00581971,0.00484647,0.00387503,0.00290502,0.00193608
0,0.0825704,0.152186,0.205656,0.244981,0.27341,0.293842,0.308479,0.318892,0.326187,0.33114,0.334306,0.336086,0.336776,0.336596,0.335715,0.334263,0.332344,0.330037,0.327409,0.324514,0.321395,0.318088,0.314624,0.311029,0.307325,0.303531,0.299662,0.295733,0.291757,0.287743,0.283701,0.27964,0.275566,0.271487,0.267408,0.263334,0.259269,0.255219,0.251186,0.247174,0.243186,0.239224,0.235291,0.231389,0.227519,0.223685,0.219886,0.216124,0.212401,0.208717,0.205074,0.201472,0.197912,0.194394,0.190919,0.187487,0.184098,0.180753,0.177453,0.174196,0.170983,0.167814,0.164689,0.161608,0.15857,0.155576,0.152625,0.149717,0.146852,0.144029,0.141248,0.138509,0.135811,0.133154,0.130537,0.12796,0.125422,0.122924,0.120464,0.118042,0.115658,0.11331,0.111,0.108725,0.106485,0.104281,0.10211,0.099974,0.0978708,0.0958004,0.0937622,0.0917556,0.08978,0.087835,0.08592,0.0840344,0.0821777,0.0803493,0.0785487,0.0767754,0.0750289,0.0733085,0.0716138,0.0699442,0.0682992,0.0666783,0.065081,0.0635067,0.061955,0.0604254,0.0589172,0.0574302,0.0559636,0.0545171,0.0530902,0.0516824,0.0502932,0.0489221,0.0475687,0.0462325,0.0449131,0.0436099,0.0423226,0.0410506,0.0397936,0.0385511,0.0373226,0.0361077,0.0349061,0.0337172,0.0325406,0.0313759,0.0302228,0.0290807,0.0279493,0.0268281,0.0257168,0.024615,0.0235222,0.0224381,0.0213623,0.0202943,0.0192338,0.0181803,0.0171336,0.0160933,0.0150588,0.0140299,0.0130062,0.0119873,0.0109729,0.00996247,0.00895575,0.00795234,0.00695187,0.00595398,0.00495829,0.00396443,0.00297204,0.00198075
0,0.114482,0.199858,0.257351,0.29504,0.319755,0.336048,0.346768,0.353687,0.357936,0.360252,0.361134,0.360927,0.359879,0.35817,0.355936,0.35328,0.350282,0.347005,0.343499,0.339806,0.335959,0.331985,0.327908,0.323747,0.319519,0.315238,0.310916,0.306564,0.302192,0.297807,0.293416,0.289025,0.284641,0.280268,0.275911,0.271573,0.267257,0.262968,0.258707,0.254478,0.250282,0.246121,0.241998,0.237913,0.233869,0.229865,0.225904,0.221987,0.218113,0.214285,0.210502,0.206764,0.203073,0.199429,0.195832,0.192281,0.188778,0.185322,0.181913,0.178552,0.175237,0.171969,0.168748,0.165574,0.162445,0.159362,0.156325,0.153333,0.150386,0.147484,0.144625,0.14181,0.139038,0.136308,0.133621,0.130975,0.12837,0.125806,0.123282,0.120797,0.118351,0.115944,0.113574,0.111242,0.108946,0.106686,0.104462,0.102272,0.100117,0.0979962,0.0959081,0.0938527,0.0918293,0.0898373,0.0878762,0.0859455,0.0840444,0.0821726,0.0803293,0.0785141,0.0767263,0.0749655,0.073231,0.0715224,0.0698391,0.0681805,0.0665461,0.0649353,0.0633477,0.0617828,0.0602399,0.0587187,0.0572185,0.0557389,0.0542794,0.0528394,0.0514186,0.0500163,0.0486321,0.0472656,0.0459163,0.0445836,0.0432671,0.0419665,0.0406811,0.0394105,0.0381544,0.0369122,0.0356835,0.0344679,0.033265,0.0320742,0.0308952,0.0297276,0.0285709,0.0274247,0.0262885,0.0251621,0.0240449,0.0229367,0.0218368,0.020745,0.0196609,0.018584,0.017514,0.0164505,0.0153931,0.0143413,0.0132949,0.0122534,0.0112164,0.0101835,0.00915445,0.00812876,0.00710609,0.00608605,0.00506827,0.00405236,0.00303796,0.00202468
0,0.175498,0.275412,0.328851,0.358071,0.374522,0.383829,0.388856,0.391153,0.391618,0.390799,0.38905,0.386608,0.383642,0.380269,0.376579,0.372639,0.368499,0.364201,0.359777,0.355252,0.350649,0.345985,0.341275,0.336531,0.331765,0.326986,0.3222,0.317416,0.31264,0.307876,0.30313,0.298405,0.293705,0.289034,0.284394,0.279789,0.275219,0.270688,0.266197,0.261748,0.257343,0.252982,0.248666,0.244398,0.240177,0.236004,0.23188,0.227806,0.223781,0.219807,0.215883,0.212011,0.208189,0.204418,0.200698,0.197029,0.193411,0.189844,0.186327,0.182861,0.179444,0.176078,0.172761,0.169493,0.166274,0.163103,0.15998,0.156905,0.153876,0.150894,0.147958,0.145068,0.142222,0.139421,0.136663,0.133949,0.131278,0.128648,0.12606,0.123513,0.121006,0.118539,0.116111,0.113722,0.11137,0.109056,0.106778,0.104537,0.10233,0.100159,0.0980215,0.0959178,0.0938472,0.0918088,0.0898023,0.0878269,0.0858821,0.0839673,0.0820819,0.0802253,0.0783969,0.0765962,0.0748225,0.0730754,0.0713542,0.0696584,0.0679875,0.0663408,0.0647179,0.0631182,0.0615411,0.0599862,0.0584529,0.0569407,0.055449,0.0539774,0.0525254,0.0510924,0.0496779,0.0482816,0.0469028,0.0455411,0.044196,0.042867,0.0415537,0.0402557,0.0389723,0.0377032,0.036448,0.0352061,0.0339772,0.0327608,0.0315564,0.0303636,0.029182,0.0280111,0.0268506,0.0257,0.0245588,0.0234268,0.0223033,0.0211882,0.0200808,0.0189809,0.017888,0.0168017,0.0157217,0.0146474,0.0135786,0.0125148,0.0114557,0.0104008,0.00934976,0.00830219,0.00725769,0.00621588,0.00517638,0.0041388,0.00310276,0.00206787
0,0.3121,0.397441,0.424571,0.433871,0.436433,0.435889,0.433673,0.430452,0.426584,0.422276,0.417657,0.412816,0.407811,0.402686,0.397473,0.392197,0.386875,0.381523,0.376154,0.370777,0.3654,0.360031,0.354676,0.349339,0.344025,0.338739,0.333483,0.328261,0.323075,0.317928,0.312822,0.307759,0.302741,0.297769,0.292844,0.287968,0.283143,0.278368,0.273646,0.268976,0.264359,0.259796,0.255288,0.250835,0.246436,0.242093,0.237806,0.233574,0.229398,0.225278,0.221214,0.217206,0.213253,0.209355,0.205513,0.201726,0.197993,0.194315,0.19069,0.18712,0.183602,0.180137,0.176725,0.173364,0.170055,0.166796,0.163588,0.160429,0.15732,0.154259,0.151246,0.148281,0.145362,0.14249,0.139663,0.136881,0.134143,0.131449,0.128798,0.126189,0.123622,0.121096,0.11861,0.116164,0.113758,0.111389,0.109059,0.106765,0.104508,0.102287,0.100101,0.0979501,0.0958327,0.0937486,0.0916972,0.0896778,0.0876899,0.0857327,0.0838057,0.0819083,0.0800399,0.0781999,0.0763876,0.0746025,0.0728441,0.0711117,0.0694047,0.0677226,0.0660649,0.0644309,0.0628202,0.0612321,0.0596662,0.0581219,0.0565986,0.0550959,0.0536132,0.05215,0.0507057,0.04928,0.0478723,0.046482,0.0451087,0.043752,0.0424113,0.0410861,0.039776,0.0384805,0.0371991,0.0359314,0.034677,0.0334353,0.0322059,0.0309884,0.0297824,0.0285873,0.0274028,0.0262284,0.0250637,0.0239082,0.0227617,0.0216235,0.0204933,0.0193708,0.0182554,0.0171467,0.0160445,0.0149481,0.0138574,0.0127717,0.0116908,0.0106142,0.00954162,0.00847254,0.0074066,0.00634341,0.00528258,0.00422371,0.00316641,0.00211029
1,0.675459,0.57768,0.538122,0.516409,0.501451,0.489622,0.479493,0.4704,0.461991,0.454062,0.446488,0.439186,0.4321,0.425191,0.418431,0.411799,0.405281,0.398864,0.392539,0.386301,0.380144,0.374064,0.368058,0.362123,0.356259,0.350462,0.344732,0.339069,0.333472,0.327939,0.322472,0.317069,0.31173,0.306455,0.301245,0.296098,0.291016,0.285997,0.281042,0.27615,0.271322,0.266557,0.261855,0.257216,0.252641,0.248127,0.243676,0.239287,0.23496,0.230694,0.22649,0.222346,0.218262,0.214238,0.210274,0.206368,0.202521,0.198732,0.195,0.191326,0.187707,0.184144,0.180637,0.177184,0.173785,0.170439,0.167146,0.163905,0.160715,0.157576,0.154487,0.151447,0.148456,0.145513,0.142617,0.139768,0.136965,0.134207,0.131493,0.128823,0.126196,0.123612,0.121069,0.118568,0.116107,0.113685,0.111302,0.108958,0.106651,0.104381,0.102147,0.0999485,0.0977851,0.0956558,0.0935602,0.0914974,0.0894669,0.087468,0.0855,0.0835625,0.0816546,0.0797758,0.0779255,0.0761031,0.0743079,0.0725395,0.0707971,0.0690802,0.0673882,0.0657206,0.0640767,0.062456,0.060858,0.0592821,0.0577277,0.0561944,0.0546815,0.0531886,0.0517151,0.0502605,0.0488243,0.047406,0.046005,0.044621,0.0432533,0.0419015,0.0405651,0.0392436,0.0379366,0.0366436,0.035364,0.0340976,0.0328437,0.0316019,0.0303718,0.0291529,0.0279449,0.0267471,0.0255593,0.0243809,0.0232116,0.0220508,0.0208983,0.0197535,0.018616,0.0174854,0.0163613,0.0152433,0.014131,0.0130239,0.0119216,0.0108238,0.00972995,0.00863976,0.00755277,0.0064686,0.00538683,0.00430706,0.00322889,0.00215193
1,0.812055,0.6997,0.633828,0.59219,0.563339,0.541655,0.524278,0.509663,0.496916,0.485494,0.475047,0.465341,0.456213,0.447548,0.439261,0.431289,0.423585,0.416111,0.408839,0.401745,0.394811,0.388023,0.381369,0.374838,0.368423,0.362118,0.355915,0.349812,0.343803,0.337886,0.332057,0.326314,0.320655,0.315078,0.309582,0.304164,0.298825,0.293562,0.288374,0.283261,0.278221,0.273254,0.268359,0.263536,0.258782,0.254099,0.249485,0.244939,0.24046,0.236049,0.231704,0.227425,0.223211,0.219061,0.214975,0.210952,0.206991,0.203092,0.199253,0.195475,0.191756,0.188096,0.184494,0.18095,0.177461,0.174029,0.170652,0.167329,0.164059,0.160843,0.157678,0.154565,0.151502,0.148489,0.145525,0.14261,0.139741,0.13692,0.134144,0.131414,0.128729,0.126087,0.123488,0.120931,0.118416,0.115942,0.113507,0.111112,0.108756,0.106438,0.104157,0.101912,0.0997033,0.0975295,0.0953903,0.0932848,0.0912123,0.0891723,0.0871641,0.0851869,0.0832402,0.0813233,0.0794356,0.0775765,0.0757452,0.0739413,0.072164,0.0704129,0.0686872,0.0669864,0.06531,0.0636573,0.0620278,0.0604208,0.0588359,0.0572725,0.05573,0.0542079,0.0527056,0.0512227,0.0497585,0.0483126,0.0468845,0.0454736,0.0440794,0.0427015,0.0413393,0.0399923,0.0386601,0.0373422,0.0360381,0.0347473,0.0334693,0.0322037,0.03095,0.0297078,0.0284766,0.027256,0.0260455,0.0248446,0.0236529,0.02247,0.0212955,0.0201289,0.0189697,0.0178176,0.0166721,0.0155328,0.0143993,0.0132712,0.012148,0.0110293,0.00991468,0.00880377,0.00769615,0.00659138,0.00548907,0.00438881,0.00329018,0.00219277
1,0.873063,0.775236,0.705301,0.655185,0.61806,0.589381,0.566303,0.547056,0.530517,0.515951,0.502865,0.490916,0.479862,0.469526,0.459775,0.450512,0.441659,0.433157,0.424959,0.417028,0.409332,0.401848,0.394556,0.387437,0.380479,0.37367,0.367,0.36046,0.354043,0.347743,0.341556,0.335475,0.329498,0.323621,0.31784,0.312153,0.306557,0.301051,0.295632,0.290298,0.285047,0.279879,0.274792,0.269784,0.264854,0.260002,0.255225,0.250522,0.245894,0.241338,0.236853,0.23244,0.228096,0.223821,0.219614,0.215473,0.211399,0.207391,0.203446,0.199565,0.195747,0.19199,0.188295,0.184659,0.181082,0.177564,0.174103,0.170699,0.167351,0.164058,0.160818,0.157632,0.154498,0.151416,0.148385,0.145404,0.142471,0.139587,0.136751,0.133961,0.131217,0.128518,0.125864,0.123253,0.120685,0.118158,0.115673,0.113229,0.110824,0.108458,0.10613,0.10384,0.101586,0.0993689,0.0971867,0.0950391,0.0929255,0.090845,0.0887971,0.086781,0.0847961,0.0828418,0.0809173,0.079022,0.0771552,0.0753164,0.0735049,0.0717201,0.0699614,0.0682281,0.0665196,0.0648355,0.063175,0.0615376,0.0599227,0.0583297,0.0567581,0.0552073,0.0536769,0.0521661,0.0506745,0.0492016,0.0477468,0.0463095,0.0448894,0.0434858,0.0420983,0.0407264,0.0393695,0.0380271,0.0366988,0.0353842,0.0340826,0.0327937,0.0315169,0.0302518,0.0289979,0.0277548,0.026522,0.0252991,0.0240855,0.0228809,0.0216848,0.0204968,0.0193164,0.0181432,0.0169768,0.0158166,0.0146624,0.0135136,0.0123698,0.0112307,0.0100957,0.00896452,0.00783666,0.00671172,0.00558929,0.00446893,0.00335024,0.0022328
1,0.90496,0.82288,0.756955,0.705188,0.664337,0.631504,0.604496,0.581743,0.562145,0.544929,0.529546,0.515598,0.502794,0.490917,0.479803,0.469324,0.459382,0.449899,0.440813,0.432075,0.423642,0.415483,0.407568,0.399876,0.392386,0.385084,0.377953,0.370984,0.364166,0.35749,0.350948,0.344534,0.338242,0.332067,0.326004,0.32005,0.314201,0.308453,0.302804,0.297251,0.291792,0.286424,0.281146,0.275955,0.27085,0.265829,0.26089,0.256032,0.251254,0.246555,0.241932,0.237385,0.232912,0.228512,0.224185,0.219929,0.215743,0.211625,0.207576,0.203593,0.199676,0.195824,0.192035,0.188309,0.184645,0.181042,0.177499,0.174014,0.170588,0.167218,0.163905,0.160647,0.157443,0.154293,0.151195,0.148149,0.145153,0.142207,0.139311,0.136462,0.133661,0.130906,0.128197,0.125532,0.122911,0.120334,0.117799,0.115305,0.112853,0.11044,0.108066,0.105731,0.103434,0.101173,0.0989486,0.0967597,0.0946054,0.0924852,0.0903983,0.088344,0.0863216,0.0843304,0.0823697,0.080439,0.0785374,0.0766644,0.0748192,0.0730014,0.0712101,0.0694449,0.0677051,0.06599,0.0642992,0.0626318,0.0609875,0.0593656,0.0577655,0.0561866,0.0546284,0.0530904,0.0515719,0.0500724,0.0485915,0.0471285,0.0456829,0.0442542,0.0428418,0.0414454,0.0400642,0.038698,0.0373461,0.036008,0.0346833,0.0333715,0.032072,0.0307845,0.0295084,0.0282433,0.0269887,0.0257442,0.0245092,0.0232833,0.0220661,0.0208572,0.019656,0.0184621,0.0172751,0.0160945,0.01492,0.013751,0.0125871,0.0114279,0.010273,0.00912195,0.00797427,0.00682957,0.00568742,0.00454739,0.00340906,0.002272
1,0.923899,0.854368,0.79445,0.744276,0.702594,0.667805,0.638433,0.613273,0.591391,0.572075,0.554791,0.539135,0.524799,0.511547,0.499194,0.487599,0.476646,0.466244,0.456321,0.446815,0.437679,0.428872,0.420358,0.412112,0.404107,0.396324,0.388746,0.381358,0.374147,0.367101,0.360212,0.35347,0.346868,0.3404,0.33406,0.327842,0.321742,0.315756,0.30988,0.304111,0.298445,0.292879,0.287412,0.28204,0.276761,0.271573,0.266474,0.261463,0.256537,0.251695,0.246934,0.242255,0.237655,0.233132,0.228686,0.224315,0.220017,0.215792,0.211639,0.207555,0.20354,0.199593,0.195713,0.191898,0.188147,0.18446,0.180835,0.177271,0.173768,0.170323,0.166937,0.163608,0.160335,0.157117,0.153953,0.150843,0.147785,0.144778,0.141822,0.138916,0.136058,0.133248,0.130484,0.127767,0.125095,0.122467,0.119883,0.117341,0.114842,0.112383,0.109964,0.107585,0.105244,0.102941,0.100675,0.0984455,0.0962515,0.0940922,0.091967,0.0898751,0.0878159,0.0857885,0.0837924,0.0818268,0.079891,0.0779844,0.0761063,0.0742561,0.072433,0.0706364,0.0688658,0.0671205,0.0653998,0.0637032,0.06203,0.0603797,0.0587516,0.0571452,0.0555599,0.0539951,0.0524503,0.0509249,0.0494183,0.04793,0.0464595,0.0450062,0.0435695,0.0421491,0.0407442,0.0393545,0.0379795,0.0366185,0.0352712,0.0339369,0.0326153,0.0313058,0.030008,0.0287214,0.0274454,0.0261797,0.0249238,0.0236771,0.0224392,0.0212098,0.0199882,0.0187741,0.017567,0.0163665,0.015172,0.0139833,0.0127997,0.0116209,0.0104465,0.00927598,0.00810891,0.00694488,0.00578344,0.00462416,0.00346661,0.00231035
1,0.936267,0.876242,0.822202,0.774872,0.733959,0.698687,0.668158,0.641528,0.618069,0.597188,0.578409,0.561353,0.545721,0.531276,0.51783,0.505231,0.493358,0.482111,0.47141,0.461187,0.451388,0.441966,0.432883,0.424105,0.415606,0.407361,0.39935,0.391555,0.383962,0.376557,0.369328,0.362266,0.355361,0.348606,0.341993,0.335517,0.329171,0.32295,0.31685,0.310867,0.304997,0.299237,0.293583,0.288032,0.282581,0.277229,0.271972,0.266808,0.261736,0.256752,0.251857,0.247046,0.24232,0.237675,0.233112,0.228627,0.224219,0.219888,0.215631,0.211448,0.207337,0.203296,0.199325,0.195422,0.191586,0.187816,0.18411,0.180468,0.176888,0.17337,0.169912,0.166512,0.163171,0.159887,0.156658,0.153485,0.150366,0.147299,0.144284,0.141321,0.138407,0.135543,0.132726,0.129957,0.127235,0.124557,0.121925,0.119336,0.11679,0.114285,0.111822,0.1094,0.107016,0.104672,0.102365,0.100096,0.0978628,0.0956652,0.0935024,0.0913737,0.0892783,0.0872156,0.0851846,0.0831849,0.0812156,0.0792761,0.0773656,0.0754836,0.0736293,0.0718021,0.0700013,0.0682263,0.0664765,0.0647512,0.0630498,0.0613716,0.0597162,0.0580828,0.056471,0.05488,0.0533094,0.0517585,0.0502269,0.0487139,0.0472189,0.0457415,0.0442811,0.0428372,0.0414091,0.0399965,0.0385988,0.0372154,0.0358459,0.0344898,0.0331465,0.0318156,0.0304965,0.0291888,0.027892,0.0266056,0.0253291,0.0240621,0.022804,0.0215545,0.020313,0.0190791,0.0178524,0.0166323,0.0154184,0.0142103,0.0130075,0.0118096,0.0106161,0.00942655,0.00824053,0.0070576,0.0058773,0.00469921,0.00352287,0.00234785
1,0.944927,0.892131,0.843242,0.799053,0.759682,0.724826,0.693986,0.66661,0.64217,0.620201,0.600303,0.582146,0.565455,0.550007,0.535618,0.522138,0.509444,0.497433,0.48602,0.475135,0.464719,0.454722,0.445101,0.435821,0.42685,0.418163,0.409736,0.401551,0.393589,0.385836,0.378278,0.370905,0.363705,0.356669,0.34979,0.34306,0.336473,0.330023,0.323704,0.317511,0.311441,0.305488,0.29965,0.293923,0.288303,0.282788,0.277376,0.272062,0.266845,0.261723,0.256693,0.251754,0.246903,0.242138,0.237458,0.232861,0.228345,0.223909,0.219551,0.215269,0.211063,0.20693,0.202869,0.198879,0.194959,0.191107,0.187322,0.183603,0.179948,0.176357,0.172827,0.169359,0.165951,0.162601,0.159309,0.156073,0.152893,0.149768,0.146696,0.143676,0.140708,0.13779,0.134921,0.132101,0.129329,0.126603,0.123923,0.121287,0.118696,0.116147,0.113641,0.111175,0.10875,0.106365,0.104019,0.10171,0.0994386,0.0972035,0.0950039,0.0928391,0.0907083,0.0886108,0.0865458,0.0845126,0.0825105,0.0805387,0.0785966,0.0766835,0.0747987,0.0729414,0.0711111,0.0693071,0.0675287,0.0657753,0.0640463,0.0623409,0.0606587,0.058999,0.0573611,0.0557446,0.0541488,0.052573,0.0510169,0.0494797,0.0479609,0.0464599,0.0449763,0.0435094,0.0420587,0.0406237,0.0392038,0.0377986,0.0364074,0.0350299,0.0336654,0.0323134,0.0309736,0.0296453,0.0283281,0.0270215,0.025725,0.0244381,0.0231603,0.0218912,0.0206303,0.0193771,0.0181311,0.0168919,0.0156591,0.0144321,0.0132105,0.0119939,0.0107817,0.00957361,0.00836908,0.00716769,0.00596898,0.0047725,0.00357781,0.00238446
1,0.951311,0.904114,0.859581,0.818417,0.78089,0.746949,0.716349,0.688754,0.663801,0.641141,0.620457,0.601472,0.583946,0.567678,0.552497,0.53826,0.524846,0.512156,0.500103,0.488615,0.477632,0.467101,0.456979,0.447226,0.437811,0.428705,0.419882,0.411323,0.403007,0.394919,0.387044,0.37937,0.371884,0.364576,0.357438,0.350462,0.343639,0.336964,0.33043,0.324033,0.317766,0.311625,0.305607,0.299707,0.293921,0.288247,0.28268,0.277219,0.27186,0.266601,0.26144,0.256373,0.2514,0.246517,0.241722,0.237015,0.232392,0.227852,0.223394,0.219016,0.214715,0.210491,0.206342,0.202267,0.198264,0.194331,0.190468,0.186673,0.182944,0.179281,0.175682,0.172146,0.168671,0.165257,0.161903,0.158606,0.155367,0.152183,0.149055,0.14598,0.142958,0.139987,0.137068,0.134198,0.131376,0.128603,0.125876,0.123195,0.120559,0.117967,0.115418,0.112911,0.110445,0.10802,0.105634,0.103287,0.100978,0.0987062,0.0964706,0.0942705,0.092105,0.0899735,0.0878752,0.0858093,0.083775,0.0817718,0.0797987,0.0778552,0.0759404,0.0740538,0.0721947,0.0703623,0.068556,0.0667751,0.0650191,0.0632872,0.0615788,0.0598933,0.0582301,0.0565885,0.0549681,0.0533681,0.0517879,0.0502271,0.048685,0.0471611,0.0456547,0.0441654,0.0426926,0.0412357,0.0397942,0.0383676,0.0369553,0.0355569,0.0341717,0.0327993,0.0314392,0.0300908,0.0287537,0.0274273,0.0261113,0.024805,0.0235079,0.0222197,0.0209398,0.0196678,0.0184031,0.0171453,0.0158939,0.0146485,0.0134086,0.0121737,0.0109433,0.0097171,0.00849451,0.0072751,0.00605842,0.00484402,0.00363142,0.00242019
1,0.956202,0.913434,0.872552,0.834143,0.798512,0.76573,0.735709,0.708257,0.68314,0.660106,0.638914,0.619338,0.60118,0.584262,0.568432,0.553558,0.539526,0.526241,0.51362,0.50159,0.490092,0.479073,0.468487,0.458295,0.448463,0.438962,0.429766,0.420851,0.412198,0.40379,0.395611,0.387646,0.379884,0.372314,0.364925,0.357709,0.350658,0.343764,0.337021,0.330423,0.323965,0.31764,0.311445,0.305376,0.299427,0.293597,0.28788,0.282274,0.276776,0.271382,0.266091,0.2609,0.255806,0.250806,0.245899,0.241083,0.236355,0.231714,0.227157,0.222684,0.218291,0.213978,0.209742,0.205583,0.201498,0.197486,0.193546,0.189676,0.185875,0.182142,0.178474,0.174871,0.171332,0.167855,0.164438,0.161082,0.157784,0.154544,0.15136,0.148231,0.145156,0.142134,0.139165,0.136246,0.133376,0.130556,0.127783,0.125058,0.122378,0.119743,0.117152,0.114605,0.112099,0.109635,0.107211,0.104826,0.102481,0.100173,0.0979019,0.0956672,0.0934679,0.0913032,0.0891722,0.0870743,0.0850087,0.0829746,0.0809713,0.0789981,0.0770542,0.0751389,0.0732515,0.0713914,0.0695579,0.0677502,0.0659678,0.06421,0.062476,0.0607654,0.0590774,0.0574115,0.055767,0.0541433,0.0525398,0.0509559,0.0493911,0.0478447,0.0463162,0.044805,0.0433106,0.0418324,0.0403698,0.0389224,0.0374895,0.0360706,0.0346653,0.0332729,0.031893,0.0305251,0.0291686,0.027823,0.0264878,0.0251626,0.0238468,0.0225399,0.0212415,0.0199511,0.0186682,0.0173922,0.0161228,0.0148594,0.0136016,0.0123489,0.0111009,0.00985696,0.00861676,0.0073798,0.00614561,0.00491372,0.00368368,0.00245502
1,0.960063,0.920867,0.883051,0.847092,0.813283,0.781752,0.752497,0.725426,0.700394,0.677229,0.655752,0.635788,0.617173,0.599758,0.583411,0.568012,0.55346,0.539664,0.526545,0.514034,0.502074,0.490611,0.479601,0.469003,0.458785,0.448915,0.439367,0.430117,0.421145,0.412432,0.403962,0.39572,0.387693,0.379869,0.372239,0.364792,0.357519,0.350413,0.343468,0.336675,0.330029,0.323526,0.317159,0.310924,0.304816,0.298833,0.292969,0.287221,0.281586,0.276061,0.270643,0.265329,0.260117,0.255003,0.249986,0.245063,0.240232,0.235491,0.230838,0.226271,0.221788,0.217387,0.213066,0.208824,0.204659,0.20057,0.196554,0.192611,0.188739,0.184936,0.181201,0.177533,0.17393,0.170391,0.166914,0.163499,0.160144,0.156848,0.15361,0.150428,0.147302,0.14423,0.141211,0.138244,0.135328,0.132461,0.129644,0.126875,0.124152,0.121476,0.118844,0.116257,0.113712,0.111209,0.108748,0.106327,0.103945,0.101602,0.0992971,0.0970287,0.0947963,0.0925991,0.0904363,0.0883072,0.086211,0.0841468,0.082114,0.0801117,0.0781393,0.0761961,0.0742812,0.0723941,0.070534,0.0687002,0.0668921,0.0651089,0.0633501,0.0616149,0.0599028,0.058213,0.0565451,0.0548983,0.053272,0.0516657,0.0500787,0.0485105,0.0469604,0.0454279,0.0439125,0.0424135,0.0409304,0.0394626,0.0380097,0.0365709,0.035146,0.0337341,0.032335,0.0309479,0.0295725,0.0282082,0.0268545,0.0255108,0.0241768,0.0228518,0.0215353,0.020227,0.0189263,0.0176327,0.0163456,0.0150648,0.0137896,0.0125196,0.0112542,0.00999313,0.00873579,0.00748174,0.00623049,0.00498159,0.00373455,0.00248892
1,0.963185,0.926919,0.891692,0.85789,0.825777,0.795499,0.767102,0.740556,0.715782,0.692665,0.671078,0.650889,0.631966,0.614188,0.59744,0.581621,0.566638,0.552409,0.538861,0.525929,0.513558,0.501696,0.490301,0.479333,0.468758,0.458546,0.44867,0.439106,0.429832,0.420831,0.412085,0.403578,0.395298,0.387232,0.379369,0.3717,0.364213,0.356903,0.349761,0.342779,0.335952,0.329275,0.32274,0.316344,0.310082,0.303949,0.297941,0.292055,0.286287,0.280633,0.275091,0.269658,0.264329,0.259104,0.253979,0.248951,0.24402,0.239181,0.234433,0.229774,0.225202,0.220715,0.216311,0.211988,0.207745,0.20358,0.19949,0.195475,0.191533,0.187663,0.183862,0.18013,0.176464,0.172865,0.169329,0.165857,0.162446,0.159095,0.155804,0.15257,0.149393,0.146272,0.143205,0.140191,0.137229,0.134318,0.131457,0.128645,0.125881,0.123164,0.120492,0.117866,0.115283,0.112743,0.110245,0.107788,0.105372,0.102994,0.100656,0.0983541,0.0960895,0.0938606,0.0916669,0.0895073,0.0873812,0.0852877,0.0832261,0.0811956,0.0791955,0.0772249,0.0752833,0.0733698,0.0714838,0.0696245,0.0677914,0.0659836,0.0642005,0.0624414,0.0607058,0.0589929,0.0573021,0.0556328,0.0539844,0.0523562,0.0507477,0.0491582,0.0475871,0.0460339,0.044498,0.0429787,0.0414756,0.0399881,0.0385156,0.0370576,0.0356135,0.0341827,0.0327648,0.0313592,0.0299654,0.0285829,0.0272111,0.0258495,0.0244977,0.023155,0.0218211,0.0204953,0.0191773,0.0178665,0.0165624,0.0152645,0.0139724,0.0126855,0.0114034,0.0101256,0.00885155,0.00758087,0.00631304,0.00504759,0.00378403,0.0025219
1,0.965756,0.931932,0.898909,0.867,0.836436,0.807364,0.779854,0.753916,0.729511,0.706571,0.685007,0.664722,0.645615,0.627586,0.610542,0.594394,0.579062,0.564473,0.55056,0.537264,0.524531,0.512316,0.500574,0.48927,0.478369,0.467841,0.457661,0.447803,0.438248,0.428975,0.419968,0.411211,0.40269,0.394392,0.386307,0.378424,0.370732,0.363225,0.355892,0.348729,0.341727,0.33488,0.328183,0.321631,0.315218,0.30894,0.302792,0.296772,0.290873,0.285094,0.279431,0.27388,0.268439,0.263104,0.257874,0.252744,0.247714,0.242779,0.237939,0.233191,0.228532,0.223961,0.219475,0.215073,0.210753,0.206513,0.202352,0.198267,0.194256,0.19032,0.186454,0.182659,0.178933,0.175274,0.171681,0.168152,0.164687,0.161283,0.15794,0.154655,0.151429,0.14826,0.145146,0.142086,0.139079,0.136125,0.133221,0.130368,0.127563,0.124806,0.122095,0.119431,0.116811,0.114235,0.111701,0.10921,0.106759,0.104348,0.101976,0.099643,0.0973469,0.0950872,0.0928632,0.090674,0.0885188,0.0863968,0.0843072,0.0822492,0.080222,0.078225,0.0762572,0.0743181,0.0724069,0.0705229,0.0686653,0.0668336,0.0650269,0.0632446,0.0614861,0.0597507,0.0580377,0.0563466,0.0546766,0.0530271,0.0513976,0.0497874,0.0481959,0.0466226,0.0450668,0.0435279,0.0420054,0.0404986,0.0390071,0.0375303,0.0360676,0.0346185,0.0331824,0.0317588,0.0303471,0.0289469,0.0275575,0.0261785,0.0248094,0.0234496,0.0220986,0.020756,0.0194211,0.0180936,0.0167729,0.0154585,0.0141499,0.0128467,0.0115483,0.0102542,0.00896399,0.00767716,0.00639322,0.00511169,0.00383209,0.00255392
1,0.967909,0.936145,0.905011,0.874764,0.845603,0.817667,0.791036,0.765742,0.741776,0.7191,0.697657,0.677378,0.658185,0.64,0.622747,0.606351,0.590744,0.575861,0.561642,0.548034,0.534989,0.522461,0.510411,0.498803,0.487606,0.47679,0.466329,0.456199,0.446381,0.436854,0.427601,0.418607,0.409858,0.40134,0.393043,0.384956,0.377068,0.369371,0.361856,0.354517,0.347346,0.340336,0.333482,0.326778,0.320219,0.3138,0.307517,0.301365,0.29534,0.289439,0.283658,0.277993,0.272442,0.267001,0.261667,0.256438,0.251311,0.246284,0.241353,0.236517,0.231774,0.227121,0.222555,0.218076,0.213682,0.209369,0.205137,0.200983,0.196906,0.192905,0.188977,0.185121,0.181335,0.177618,0.173969,0.170385,0.166866,0.16341,0.160016,0.156683,0.153408,0.150192,0.147032,0.143928,0.140878,0.137881,0.134936,0.132042,0.129197,0.126401,0.123653,0.120951,0.118295,0.115684,0.113116,0.11059,0.108106,0.105663,0.103259,0.100895,0.0985679,0.0962783,0.0940249,0.0918068,0.0896233,0.0874736,0.0853567,0.083272,0.0812185,0.0791957,0.0772026,0.0752386,0.073303,0.0713948,0.0695136,0.0676585,0.0658289,0.0640241,0.0622434,0.0604861,0.0587516,0.0570392,0.0553483,0.0536782,0.0520283,0.050398,0.0487867,0.0471938,0.0456187,0.0440607,0.0425193,0.040994,0.0394841,0.037989,0.0365083,0.0350413,0.0335875,0.0321464,0.0307174,0.0293,0.0278936,0.0264977,0.0251118,0.0237354,0.0223679,0.0210088,0.0196577,0.018314,0.0169771,0.0156467,0.0143222,0.013003,0.0116888,0.010379,0.00907307,0.00777057,0.00647101,0.00517388,0.00387871,0.00258499
1,0.969734,0.939728,0.910227,0.881442,0.853546,0.826665,0.800881,0.776239,0.75275,0.730396,0.709145,0.688947,0.669746,0.651483,0.634094,0.61752,0.601702,0.586584,0.572114,0.558243,0.544928,0.532128,0.519805,0.507927,0.496462,0.485383,0.474665,0.464285,0.454222,0.444458,0.434975,0.425759,0.416794,0.408068,0.39957,0.391288,0.383212,0.375334,0.367645,0.360137,0.352803,0.345636,0.338631,0.331781,0.325081,0.318525,0.312111,0.305832,0.299684,0.293664,0.287769,0.281993,0.276335,0.27079,0.265357,0.260031,0.25481,0.249692,0.244673,0.239752,0.234926,0.230193,0.22555,0.220996,0.216528,0.212144,0.207843,0.203623,0.199481,0.195416,0.191427,0.187511,0.183668,0.179895,0.17619,0.172553,0.168983,0.165476,0.162033,0.158651,0.15533,0.152068,0.148863,0.145716,0.142623,0.139585,0.136599,0.133666,0.130783,0.127949,0.125164,0.122427,0.119735,0.117089,0.114487,0.111929,0.109413,0.106938,0.104503,0.102108,0.0997519,0.0974332,0.0951512,0.0929052,0.0906942,0.0885175,0.0863742,0.0842635,0.0821846,0.0801367,0.0781191,0.0761309,0.0741714,0.07224,0.0703358,0.0684581,0.0666063,0.0647796,0.0629773,0.0611988,0.0594434,0.0577104,0.0559992,0.0543091,0.0526395,0.0509897,0.0493592,0.0477473,0.0461534,0.044577,0.0430173,0.0414739,0.0399461,0.0384334,0.0369352,0.0354509,0.03398,0.032522,0.0310762,0.0296421,0.0282192,0.0268069,0.0254048,0.0240122,0.0226288,0.0212538,0.0198869,0.0185274,0.017175,0.015829,0.014489,0.0131545,0.011825,0.0104999,0.00917874,0.00786107,0.00654636,0.00523413,0.00392387,0.00261509
1,0.971298,0.942807,0.914726,0.887232,0.860474,0.834564,0.809585,0.785585,0.762587,0.740591,0.719578,0.699518,0.68037,0.66209,0.644627,0.627934,0.61196,0.596659,0.581985,0.567896,0.554353,0.541317,0.528755,0.516636,0.504932,0.493615,0.482663,0.472053,0.461765,0.451781,0.442084,0.432658,0.423491,0.414569,0.40588,0.397414,0.389159,0.381109,0.373252,0.365583,0.358093,0.350775,0.343624,0.336633,0.329797,0.32311,0.316568,0.310166,0.3039,0.297766,0.291759,0.285876,0.280114,0.274469,0.268938,0.263518,0.258206,0.252999,0.247895,0.242891,0.237985,0.233174,0.228456,0.223828,0.219289,0.214837,0.210469,0.206183,0.201979,0.197853,0.193804,0.18983,0.18593,0.182102,0.178345,0.174656,0.171034,0.167479,0.163988,0.160559,0.157192,0.153886,0.150638,0.147448,0.144315,0.141236,0.138211,0.135239,0.132319,0.129449,0.126628,0.123855,0.12113,0.11845,0.115816,0.113225,0.110678,0.108172,0.105708,0.103284,0.100898,0.0985513,0.0962417,0.0939685,0.0917309,0.0895281,0.0873592,0.0852233,0.0831197,0.0810476,0.0790061,0.0769945,0.075012,0.0730579,0.0711315,0.0692319,0.0673586,0.0655107,0.0636875,0.0618885,0.0601128,0.0583599,0.056629,0.0549195,0.0532308,0.0515622,0.0499131,0.0482829,0.0466709,0.0450765,0.0434991,0.0419382,0.0403932,0.0388634,0.0373483,0.0358472,0.0343598,0.0328853,0.0314232,0.029973,0.0285342,0.0271061,0.0256882,0.0242801,0.0228811,0.0214908,0.0201086,0.0187339,0.0173664,0.0160054,0.0146505,0.0133011,0.0119567,0.0106168,0.00928095,0.0079486,0.00661925,0.0052924,0.00396755,0.0026442
1,0.972651,0.945475,0.918637,0.892287,0.866552,0.841534,0.817309,0.793929,0.771423,0.749802,0.72906,0.709177,0.690128,0.671879,0.654392,0.637627,0.621546,0.606107,0.591273,0.577005,0.563269,0.550032,0.537262,0.524932,0.513014,0.501484,0.490319,0.479499,0.469004,0.458816,0.44892,0.4393,0.429943,0.420837,0.411968,0.403327,0.394904,0.386688,0.378673,0.370849,0.36321,0.355748,0.348457,0.341331,0.334364,0.327551,0.320886,0.314366,0.307985,0.301739,0.295625,0.289639,0.283776,0.278034,0.272408,0.266897,0.261497,0.256205,0.251018,0.245934,0.240949,0.236063,0.231271,0.226573,0.221965,0.217445,0.213012,0.208664,0.204398,0.200212,0.196105,0.192076,0.188121,0.18424,0.18043,0.176691,0.173021,0.169417,0.165879,0.162406,0.158995,0.155645,0.152356,0.149125,0.145951,0.142833,0.139771,0.136762,0.133805,0.130899,0.128044,0.125237,0.122479,0.119767,0.117101,0.114479,0.111901,0.109366,0.106873,0.10442,0.102007,0.0996322,0.0972958,0.0949964,0.092733,0.0905049,0.0883111,0.0861509,0.0840234,0.0819278,0.0798633,0.077829,0.0758243,0.0738483,0.0719004,0.0699796,0.0680854,0.0662171,0.0643737,0.0625548,0.0607596,0.0589874,0.0572375,0.0555093,0.0538021,0.0521153,0.0504482,0.0488002,0.0471707,0.045559,0.0439646,0.0423868,0.040825,0.0392787,0.0377472,0.03623,0.0347266,0.0332362,0.0317585,0.0302927,0.0288384,0.027395,0.025962,0.0245388,0.0231248,0.0217196,0.0203227,0.0189334,0.0175512,0.0161757,0.0148064,0.0134426,0.0120839,0.0107297,0.00937967,0.00803314,0.00668965,0.00534869,0.00400975,0.00267232
1,0.97383,0.947804,0.922062,0.896728,0.871913,0.84771,0.824187,0.801398,0.779375,0.758135,0.73768,0.718003,0.699086,0.680905,0.663433,0.646638,0.630489,0.614951,0.599993,0.585582,0.571687,0.558279,0.54533,0.532815,0.520708,0.508987,0.497631,0.48662,0.475935,0.46556,0.45548,0.44568,0.436146,0.426866,0.417828,0.409023,0.400439,0.392069,0.383902,0.375932,0.36815,0.36055,0.353125,0.345869,0.338777,0.331842,0.32506,0.318425,0.311934,0.305582,0.299364,0.293277,0.287318,0.281481,0.275765,0.270166,0.26468,0.259305,0.254038,0.248876,0.243816,0.238856,0.233994,0.229226,0.224552,0.219967,0.215471,0.211062,0.206736,0.202493,0.19833,0.194246,0.190238,0.186305,0.182446,0.178658,0.17494,0.17129,0.167707,0.16419,0.160736,0.157345,0.154014,0.150744,0.147531,0.144376,0.141277,0.138231,0.13524,0.1323,0.129411,0.126572,0.123781,0.121038,0.118341,0.115689,0.113082,0.110518,0.107997,0.105516,0.103076,0.100675,0.098313,0.0959882,0.0936999,0.0914474,0.0892297,0.0870459,0.0848953,0.082777,0.0806902,0.0786341,0.0766079,0.0746108,0.072642,0.0707009,0.0687866,0.0668984,0.0650356,0.0631975,0.0613834,0.0595926,0.0578244,0.0560781,0.0543531,0.0526487,0.0509643,0.0492991,0.0476527,0.0460243,0.0444134,0.0428193,0.0412414,0.0396792,0.038132,0.0365992,0.0350803,0.0335746,0.0320817,0.030601,0.0291318,0.0276736,0.026226,0.0247882,0.0233599,0.0219403,0.0205291,0.0191257,0.0177295,0.01634,0.0149567,0.013579,0.0122065,0.0108386,0.00947486,0.00811466,0.00675753,0.00540296,0.00405043,0.00269944
1,0.974865,0.949852,0.925077,0.900649,0.876664,0.853204,0.830333,0.808102,0.786544,0.765682,0.745524,0.726069,0.707307,0.689223,0.671797,0.655004,0.638819,0.623216,0.608166,0.593642,0.579618,0.566067,0.552966,0.540289,0.528016,0.516126,0.504598,0.493414,0.482556,0.47201,0.46176,0.451793,0.442094,0.432652,0.423457,0.414497,0.405763,0.397245,0.388935,0.380826,0.372909,0.365177,0.357625,0.350245,0.343032,0.335981,0.329086,0.322342,0.315745,0.30929,0.302972,0.296789,0.290736,0.284809,0.279005,0.27332,0.267752,0.262297,0.256953,0.251715,0.246583,0.241552,0.236621,0.231787,0.227048,0.222401,0.217844,0.213376,0.208993,0.204694,0.200477,0.196339,0.192281,0.188298,0.18439,0.180555,0.176791,0.173096,0.16947,0.16591,0.162415,0.158983,0.155614,0.152305,0.149055,0.145863,0.142728,0.139648,0.136622,0.133649,0.130728,0.127857,0.125036,0.122262,0.119536,0.116855,0.11422,0.111628,0.109079,0.106572,0.104106,0.10168,0.0992928,0.0969434,0.0946312,0.0923551,0.0901143,0.0879079,0.085735,0.0835948,0.0814866,0.0794094,0.0773624,0.075345,0.0733562,0.0713954,0.0694617,0.0675544,0.0656729,0.0638163,0.061984,0.0601753,0.0583894,0.0566257,0.0548835,0.0531622,0.0514611,0.0497794,0.0481167,0.0464723,0.0448455,0.0432357,0.0416423,0.0400647,0.0385023,0.0369545,0.0354207,0.0339004,0.0323929,0.0308977,0.0294141,0.0279418,0.02648,0.0250283,0.0235861,0.0221527,0.0207278,0.0193108,0.017901,0.0164981,0.0151014,0.0137104,0.0123246,0.0109435,0.00956647,0.00819311,0.00682286,0.00545519,0.00408958,0.00272553
1,0.975778,0.95166,0.927745,0.904128,0.880891,0.858108,0.835839,0.814131,0.793018,0.772525,0.752665,0.733441,0.71485,0.696884,0.679527,0.662762,0.646569,0.630927,0.615812,0.601203,0.587075,0.573406,0.560175,0.547361,0.534943,0.522902,0.51122,0.499881,0.488867,0.478164,0.467759,0.457636,0.447785,0.438193,0.42885,0.419745,0.410869,0.402213,0.393768,0.385527,0.377481,0.369625,0.361951,0.354454,0.347126,0.339964,0.332961,0.326112,0.319413,0.31286,0.306447,0.300171,0.294028,0.288014,0.282125,0.276359,0.270711,0.265179,0.25976,0.25445,0.249248,0.244149,0.239152,0.234254,0.229452,0.224745,0.220129,0.215604,0.211165,0.206812,0.202543,0.198355,0.194247,0.190216,0.186261,0.18238,0.178572,0.174834,0.171166,0.167565,0.16403,0.16056,0.157152,0.153806,0.150521,0.147294,0.144124,0.141011,0.137952,0.134947,0.131995,0.129094,0.126242,0.12344,0.120685,0.117976,0.115314,0.112695,0.110121,0.107588,0.105097,0.102646,0.100235,0.0978617,0.0955264,0.0932276,0.0909645,0.0887363,0.086542,0.0843809,0.0822519,0.0801545,0.0780876,0.0760505,0.0740425,0.0720627,0.0701104,0.0681848,0.0662852,0.0644109,0.0625611,0.0607351,0.0589323,0.0571518,0.0553932,0.0536556,0.0519384,0.0502409,0.0485625,0.0469026,0.0452606,0.0436357,0.0420274,0.0404351,0.0388581,0.0372958,0.0357478,0.0342133,0.0326918,0.0311827,0.0296854,0.0281994,0.0267241,0.0252589,0.0238033,0.0223568,0.0209187,0.0194886,0.0180658,0.0166499,0.0152403,0.0138365,0.012438,0.0110441,0.00965447,0.00826847,0.00688561,0.00550536,0.00412719,0.00275059
1,0.976588,0.953264,0.930116,0.907225,0.884665,0.862499,0.840784,0.819564,0.798873,0.778736,0.759169,0.74018,0.72177,0.703935,0.686665,0.669948,0.653769,0.63811,0.622954,0.608282,0.594073,0.580308,0.566969,0.554036,0.541492,0.529319,0.517501,0.506022,0.494867,0.484022,0.473473,0.463209,0.453217,0.443486,0.434005,0.424765,0.415756,0.40697,0.398398,0.390032,0.381865,0.373891,0.366102,0.358492,0.351056,0.343787,0.336681,0.329733,0.322937,0.316289,0.309784,0.30342,0.297191,0.291093,0.285124,0.279279,0.273555,0.267949,0.262458,0.257079,0.251808,0.246644,0.241584,0.236624,0.231762,0.226997,0.222325,0.217744,0.213252,0.208848,0.204528,0.200291,0.196135,0.192058,0.188058,0.184134,0.180283,0.176504,0.172795,0.169154,0.165581,0.162073,0.158629,0.155248,0.151928,0.148667,0.145464,0.142319,0.139229,0.136193,0.133211,0.13028,0.1274,0.124569,0.121787,0.119052,0.116363,0.113719,0.111119,0.108562,0.106047,0.103573,0.101138,0.0987426,0.096385,0.0940645,0.0917801,0.0895309,0.087316,0.0851347,0.0829859,0.080869,0.078783,0.0767271,0.0747006,0.0727026,0.0707325,0.0687893,0.0668724,0.064981,0.0631144,0.0612719,0.0594528,0.0576563,0.0558818,0.0541286,0.052396,0.0506833,0.0489899,0.0473152,0.0456585,0.0440192,0.0423966,0.0407901,0.0391991,0.0376231,0.0360613,0.0345133,0.0329783,0.0314559,0.0299454,0.0284463,0.0269581,0.02548,0.0240116,0.0225524,0.0211017,0.019659,0.0182238,0.0167955,0.0153736,0.0139575,0.0125467,0.0111406,0.00973882,0.00834071,0.00694576,0.00555345,0.00416324,0.00277462
1,0.977308,0.954693,0.932231,0.909992,0.888042,0.86644,0.845234,0.824468,0.804174,0.784377,0.765096,0.74634,0.728115,0.71042,0.69325,0.676596,0.660448,0.644792,0.629613,0.614897,0.600626,0.586784,0.573355,0.560322,0.547669,0.535381,0.523442,0.511839,0.500556,0.489582,0.478904,0.46851,0.458388,0.448528,0.438919,0.429553,0.42042,0.411512,0.402821,0.394338,0.386057,0.377971,0.370073,0.362357,0.354817,0.347448,0.340244,0.3332,0.326312,0.319574,0.312983,0.306533,0.300222,0.294044,0.287997,0.282077,0.276281,0.270604,0.265044,0.259598,0.254263,0.249036,0.243914,0.238895,0.233977,0.229155,0.224429,0.219796,0.215253,0.210799,0.20643,0.202147,0.197945,0.193823,0.18978,0.185814,0.181922,0.178103,0.174355,0.170677,0.167067,0.163523,0.160044,0.156629,0.153275,0.149982,0.146748,0.143571,0.140451,0.137386,0.134375,0.131416,0.128509,0.125651,0.122843,0.120082,0.117368,0.114699,0.112075,0.109495,0.106956,0.104459,0.102003,0.0995855,0.0972067,0.0948653,0.0925604,0.0902912,0.0880567,0.085856,0.0836882,0.0815526,0.0794483,0.0773744,0.0753302,0.0733149,0.0713276,0.0693676,0.0674341,0.0655264,0.0636438,0.0617854,0.0599507,0.0581388,0.0563492,0.054581,0.0528337,0.0511065,0.0493988,0.0477099,0.0460391,0.044386,0.0427497,0.0411297,0.0395253,0.037936,0.0363612,0.0348001,0.0332524,0.0317172,0.0301941,0.0286825,0.0271818,0.0256914,0.0242108,0.0227394,0.0212767,0.019822,0.0183749,0.0169347,0.015501,0.0140731,0.0126506,0.0112329,0.00981949,0.00840979,0.00700329,0.00559944,0.00419772,0.0027976
1,0.977951,0.95597,0.934122,0.912471,0.891073,0.869983,0.849245,0.828899,0.808977,0.789503,0.770496,0.75197,0.73393,0.71638,0.699318,0.682738,0.666634,0.650995,0.63581,0.621066,0.60675,0.592848,0.579346,0.566229,0.553482,0.541094,0.529049,0.517334,0.505938,0.494847,0.484051,0.473538,0.463297,0.453318,0.443591,0.434108,0.42486,0.415838,0.407035,0.398443,0.390054,0.381863,0.373862,0.366046,0.358409,0.350944,0.343647,0.336513,0.329537,0.322714,0.316039,0.309509,0.303119,0.296865,0.290745,0.284753,0.278886,0.273142,0.267516,0.262007,0.25661,0.251323,0.246143,0.241067,0.236093,0.231218,0.22644,0.221757,0.217165,0.212663,0.208249,0.20392,0.199674,0.19551,0.191426,0.187419,0.183488,0.179631,0.175846,0.172132,0.168486,0.164908,0.161396,0.157948,0.154562,0.151238,0.147973,0.144767,0.141618,0.138525,0.135486,0.132501,0.129567,0.126684,0.12385,0.121065,0.118327,0.115635,0.112988,0.110385,0.107824,0.105306,0.102828,0.10039,0.097991,0.0956297,0.0933053,0.0910169,0.0887635,0.0865443,0.0843585,0.0822051,0.0800833,0.0779922,0.0759311,0.0738991,0.0718955,0.0699194,0.0679701,0.0660468,0.0641488,0.0622754,0.0604258,0.0585993,0.0567951,0.0550127,0.0532513,0.0515102,0.0497888,0.0480864,0.0464023,0.0447359,0.0430866,0.0414537,0.0398366,0.0382346,0.0366473,0.0350738,0.0335138,0.0319665,0.0304314,0.0289078,0.0273953,0.0258931,0.0244009,0.0229179,0.0214436,0.0199775,0.018519,0.0170675,0.0156225,0.0141834,0.0127498,0.011321,0.00989644,0.00847569,0.00705816,0.00564331,0.00423061,0.00281951
1,0.978527,0.957113,0.935817,0.914694,0.893798,0.873174,0.852865,0.832907,0.813331,0.794161,0.775417,0.757113,0.739256,0.721853,0.704903,0.688406,0.672355,0.656745,0.641566,0.626808,0.612461,0.598513,0.584951,0.571764,0.558938,0.546463,0.534325,0.522512,0.511014,0.499818,0.488915,0.478293,0.467943,0.457855,0.44802,0.438429,0.429074,0.419946,0.411038,0.402344,0.393854,0.385564,0.377467,0.369556,0.361827,0.354272,0.346888,0.339668,0.332609,0.325704,0.318951,0.312344,0.30588,0.299554,0.293363,0.287303,0.28137,0.275561,0.269873,0.264303,0.258847,0.253503,0.248267,0.243137,0.238111,0.233185,0.228358,0.223626,0.218987,0.21444,0.209981,0.20561,0.201322,0.197118,0.192994,0.188949,0.18498,0.181087,0.177266,0.173517,0.169838,0.166227,0.162683,0.159204,0.155788,0.152434,0.149141,0.145907,0.14273,0.13961,0.136545,0.133534,0.130575,0.127667,0.12481,0.122001,0.11924,0.116526,0.113857,0.111232,0.108651,0.106112,0.103614,0.101156,0.0987375,0.0963572,0.0940142,0.0917075,0.0894363,0.0871995,0.0849964,0.082826,0.0806875,0.0785801,0.0765029,0.0744551,0.0724359,0.0704445,0.0684801,0.066542,0.0646294,0.0627416,0.0608778,0.0590373,0.0572195,0.0554235,0.0536487,0.0518944,0.0501599,0.0484446,0.0467478,0.0450688,0.0434071,0.0417619,0.0401326,0.0385187,0.0369194,0.0353342,0.0337625,0.0322036,0.0306571,0.0291222,0.0275983,0.026085,0.0245817,0.0230876,0.0216024,0.0201254,0.0186561,0.0171938,0.0157381,0.0142884,0.0128441,0.0114047,0.00996964,0.00853838,0.00711036,0.00568505,0.00426189,0.00284036
1,0.979042,0.958138,0.937338,0.916693,0.896249,0.876049,0.856133,0.836533,0.817279,0.798394,0.779899,0.761807,0.744129,0.726871,0.710037,0.693626,0.677636,0.662063,0.6469,0.63214,0.617773,0.603791,0.590182,0.576937,0.564045,0.551494,0.539275,0.527376,0.515787,0.504497,0.493497,0.482777,0.472328,0.46214,0.452205,0.442514,0.43306,0.423834,0.414829,0.406039,0.397456,0.389073,0.380885,0.372886,0.36507,0.35743,0.349963,0.342663,0.335525,0.328544,0.321716,0.315037,0.308502,0.302108,0.29585,0.289725,0.28373,0.27786,0.272112,0.266484,0.260972,0.255574,0.250285,0.245104,0.240028,0.235054,0.230179,0.225402,0.220719,0.216128,0.211628,0.207215,0.202888,0.198645,0.194483,0.190401,0.186397,0.182469,0.178615,0.174833,0.171122,0.16748,0.163906,0.160397,0.156952,0.15357,0.150249,0.146988,0.143786,0.14064,0.13755,0.134514,0.131532,0.128601,0.125721,0.12289,0.120107,0.117371,0.114681,0.112036,0.109435,0.106876,0.104359,0.101883,0.0994459,0.0970476,0.0946869,0.0923629,0.0900746,0.0878211,0.0856016,0.0834151,0.0812608,0.0791378,0.0770453,0.0749825,0.0729485,0.0709426,0.0689639,0.0670118,0.0650853,0.0631839,0.0613066,0.0594529,0.0576219,0.0558131,0.0540256,0.0522587,0.0505119,0.0487844,0.0470755,0.0453846,0.0437111,0.0420542,0.0404134,0.0387881,0.0371775,0.0355812,0.0339984,0.0324286,0.0308711,0.0293254,0.0277909,0.026267,0.0247531,0.0232486,0.021753,0.0202657,0.0187861,0.0173136,0.0158477,0.0143879,0.0129336,0.0114841,0.0100391,0.00859783,0.00715986,0.00572462,0.00429156,0.00286013
1,0.979505,0.959058,0.938705,0.91849,0.898456,0.878642,0.859084,0.839813,0.820857,0.802238,0.783977,0.766088,0.748581,0.731466,0.714747,0.698425,0.682501,0.666971,0.651832,0.637077,0.622701,0.608694,0.59505,0.581758,0.568809,0.556195,0.543905,0.53193,0.52026,0.508887,0.4978,0.486991,0.476451,0.466172,0.456145,0.446363,0.436817,0.4275,0.418406,0.409527,0.400856,0.392387,0.384115,0.376033,0.368135,0.360417,0.352872,0.345496,0.338284,0.331231,0.324333,0.317586,0.310984,0.304525,0.298205,0.292019,0.285963,0.280036,0.274232,0.26855,0.262985,0.257535,0.252196,0.246967,0.241843,0.236823,0.231904,0.227083,0.222358,0.217726,0.213186,0.208735,0.20437,0.20009,0.195893,0.191777,0.187739,0.183778,0.179892,0.176079,0.172338,0.168666,0.165063,0.161526,0.158053,0.154645,0.151298,0.148012,0.144784,0.141614,0.138501,0.135442,0.132437,0.129484,0.126582,0.12373,0.120927,0.118171,0.115461,0.112797,0.110177,0.1076,0.105064,0.10257,0.100116,0.0977004,0.095323,0.0929825,0.0906781,0.0884089,0.0861738,0.0839721,0.0818028,0.0796651,0.0775582,0.0754811,0.0734332,0.0714135,0.0694213,0.0674559,0.0655163,0.0636019,0.061712,0.0598457,0.0580024,0.0561814,0.0543818,0.0526031,0.0508446,0.0491055,0.0473852,0.0456831,0.0439984,0.0423306,0.0406789,0.0390427,0.0374215,0.0358146,0.0342214,0.0326412,0.0310734,0.0295176,0.0279729,0.026439,0.0249151,0.0234008,0.0218954,0.0203983,0.0189089,0.0174268,0.0159514,0.014482,0.0130181,0.0115592,0.0101047,0.00865402,0.00720665,0.00576203,0.0043196,0.00287882
1,0.979921,0.959885,0.939933,0.920106,0.900443,0.880979,0.861748,0.842779,0.824097,0.805726,0.787683,0.769985,0.752643,0.735666,0.71906,0.702828,0.686971,0.671489,0.656379,0.641637,0.627258,0.613236,0.599564,0.586235,0.57324,0.560571,0.54822,0.536178,0.524438,0.512989,0.501825,0.490936,0.480314,0.469952,0.459841,0.449975,0.440345,0.430945,0.421767,0.412806,0.404054,0.395506,0.387155,0.378995,0.371022,0.363229,0.355612,0.348165,0.340884,0.333764,0.3268,0.319988,0.313324,0.306805,0.300425,0.294181,0.28807,0.282088,0.276232,0.270498,0.264883,0.259384,0.253998,0.248723,0.243555,0.238491,0.23353,0.228668,0.223904,0.219233,0.214655,0.210168,0.205768,0.201453,0.197222,0.193073,0.189003,0.185011,0.181095,0.177253,0.173483,0.169784,0.166153,0.16259,0.159092,0.155658,0.152286,0.148976,0.145725,0.142532,0.139396,0.136316,0.133289,0.130316,0.127394,0.124522,0.121699,0.118924,0.116196,0.113514,0.110876,0.108281,0.105729,0.103218,0.100747,0.0983154,0.0959222,0.0935662,0.0912466,0.0889625,0.0867128,0.0844967,0.0823133,0.0801618,0.0780412,0.0759508,0.0738897,0.071857,0.0698521,0.0678741,0.0659222,0.0639957,0.0620937,0.0602157,0.0583607,0.0565282,0.0547173,0.0529275,0.0511579,0.049408,0.0476769,0.0459642,0.044269,0.0425908,0.0409288,0.0392825,0.0376513,0.0360344,0.0344313,0.0328413,0.0312639,0.0296985,0.0281443,0.026601,0.0250677,0.0235441,0.0220294,0.0205231,0.0190246,0.0175334,0.0160489,0.0145705,0.0130977,0.0116299,0.0101665,0.00870692,0.0072507,0.00579725,0.00434601,0.00289642
1,0.980294,0.960626,0.941036,0.921559,0.902231,0.883084,0.86415,0.845456,0.827027,0.808884,0.791045,0.773526,0.756339,0.739494,0.722998,0.706854,0.691066,0.675635,0.660558,0.645834,0.631459,0.617429,0.603737,0.590377,0.577344,0.564629,0.552226,0.540126,0.528323,0.516808,0.505574,0.494613,0.483918,0.47348,0.463293,0.45335,0.443644,0.434167,0.424913,0.415876,0.407049,0.398427,0.390003,0.381772,0.373728,0.365866,0.358182,0.350669,0.343323,0.33614,0.329114,0.322243,0.315521,0.308944,0.302509,0.296211,0.290048,0.284015,0.278109,0.272326,0.266665,0.26112,0.25569,0.250372,0.245162,0.240058,0.235057,0.230157,0.225355,0.220648,0.216035,0.211513,0.207079,0.202733,0.19847,0.19429,0.190191,0.186169,0.182225,0.178355,0.174558,0.170833,0.167176,0.163588,0.160066,0.156608,0.153214,0.149881,0.146608,0.143394,0.140237,0.137136,0.13409,0.131096,0.128155,0.125265,0.122424,0.119631,0.116885,0.114186,0.111531,0.10892,0.106352,0.103825,0.101339,0.0988921,0.0964841,0.0941137,0.0917798,0.0894817,0.0872183,0.0849887,0.0827921,0.0806275,0.0784942,0.0763912,0.0743177,0.0722729,0.070256,0.0682663,0.0663028,0.0643648,0.0624517,0.0605625,0.0586967,0.0568534,0.0550319,0.0532316,0.0514517,0.0496915,0.0479504,0.0462277,0.0445227,0.0428347,0.0411631,0.0395073,0.0378667,0.0362405,0.0346281,0.033029,0.0314425,0.0298681,0.028305,0.0267528,0.0252108,0.0236784,0.022155,0.0206401,0.0191331,0.0176334,0.0161404,0.0146536,0.0131723,0.0116961,0.0102244,0.00875652,0.007292,0.00583027,0.00437076,0.00291291
1,0.980628,0.961292,0.942025,0.922863,0.903836,0.884977,0.866313,0.84787,0.829671,0.811738,0.794087,0.776735,0.759694,0.742974,0.726583,0.710525,0.694806,0.679425,0.664385,0.649682,0.635316,0.621282,0.607576,0.594194,0.581129,0.568376,0.555928,0.543778,0.53192,0.520346,0.50905,0.498025,0.487263,0.476758,0.466502,0.456489,0.446713,0.437166,0.427842,0.418735,0.40984,0.401149,0.392658,0.384361,0.376252,0.368327,0.360579,0.353005,0.3456,0.338358,0.331275,0.324348,0.317571,0.310942,0.304455,0.298107,0.291895,0.285814,0.279862,0.274035,0.268329,0.262742,0.257271,0.251912,0.246663,0.241521,0.236484,0.231547,0.22671,0.22197,0.217324,0.212769,0.208305,0.203928,0.199636,0.195427,0.191299,0.187251,0.18328,0.179384,0.175562,0.171812,0.168132,0.16452,0.160976,0.157496,0.15408,0.150726,0.147432,0.144198,0.141022,0.137902,0.134837,0.131825,0.128866,0.125958,0.1231,0.120291,0.117529,0.114813,0.112143,0.109516,0.106933,0.104392,0.101891,0.0994304,0.0970086,0.0946245,0.0922774,0.0899662,0.08769,0.0854478,0.0832388,0.0810621,0.0789168,0.0768021,0.0747171,0.072661,0.070633,0.0686322,0.0666579,0.0647093,0.0627856,0.0608862,0.0590101,0.0571568,0.0553254,0.0535153,0.0517258,0.0499561,0.0482056,0.0464735,0.0447593,0.0430623,0.0413818,0.0397171,0.0380676,0.0364327,0.0348117,0.0332041,0.0316092,0.0300263,0.0284549,0.0268944,0.0253442,0.0238037,0.0222722,0.0207493,0.0192343,0.0177266,0.0162257,0.014731,0.013242,0.0117579,0.0102784,0.00880278,0.00733053,0.00586107,0.00439385,0.0029283
1,0.980927,0.961887,0.942911,0.92403,0.905275,0.886674,0.868254,0.850038,0.83205,0.814308,0.796831,0.779634,0.762728,0.746126,0.729834,0.713859,0.698206,0.682876,0.667873,0.653195,0.63884,0.624807,0.611093,0.597693,0.584603,0.571817,0.559331,0.547138,0.535232,0.523607,0.512256,0.501173,0.490352,0.479786,0.469468,0.459392,0.449552,0.439941,0.430554,0.421384,0.412425,0.403672,0.39512,0.386762,0.378593,0.370609,0.362804,0.355173,0.347713,0.340417,0.333281,0.326302,0.319476,0.312797,0.306262,0.299868,0.29361,0.287485,0.28149,0.275621,0.269875,0.264249,0.258739,0.253343,0.248058,0.24288,0.237808,0.232839,0.227969,0.223198,0.218521,0.213937,0.209443,0.205037,0.200718,0.196483,0.192329,0.188255,0.18426,0.18034,0.176495,0.172722,0.169019,0.165386,0.16182,0.15832,0.154884,0.15151,0.148198,0.144945,0.14175,0.138612,0.13553,0.132501,0.129526,0.126602,0.123728,0.120903,0.118126,0.115395,0.112711,0.11007,0.107473,0.104918,0.102404,0.09993,0.0974953,0.0950986,0.0927391,0.0904158,0.0881277,0.0858738,0.0836534,0.0814654,0.079309,0.0771834,0.0750877,0.0730211,0.0709827,0.0689717,0.0669874,0.0650289,0.0630955,0.0611864,0.0593009,0.0574383,0.0555977,0.0537785,0.05198,0.0502015,0.0484423,0.0467016,0.0449789,0.0432734,0.0415846,0.0399116,0.038254,0.036611,0.0349821,0.0333665,0.0317637,0.0301731,0.028594,0.0270258,0.025468,0.0239199,0.022381,0.0208506,0.0193282,0.0178131,0.0163049,0.0148029,0.0133065,0.0118153,0.0103285,0.0088457,0.00736627,0.00588964,0.00441526,0.00294257
1,0.981194,0.962417,0.9437,0.925072,0.90656,0.888191,0.86999,0.85198,0.834182,0.816615,0.799296,0.78224,0.76546,0.748966,0.732768,0.716871,0.701281,0.686002,0.671036,0.656383,0.642043,0.628014,0.614295,0.600882,0.587772,0.57496,0.562441,0.550211,0.538263,0.526593,0.515194,0.50406,0.493186,0.482565,0.472192,0.462059,0.452162,0.442493,0.433048,0.423821,0.414805,0.405995,0.397387,0.388973,0.38075,0.372712,0.364854,0.357172,0.34966,0.342315,0.335131,0.328105,0.321232,0.314508,0.307929,0.301492,0.295193,0.289027,0.282993,0.277085,0.271302,0.265639,0.260094,0.254663,0.249344,0.244135,0.239031,0.234031,0.229131,0.22433,0.219625,0.215013,0.210493,0.206061,0.201717,0.197456,0.193279,0.189182,0.185163,0.181222,0.177355,0.173561,0.169838,0.166185,0.162599,0.15908,0.155625,0.152234,0.148904,0.145633,0.142422,0.139268,0.136169,0.133125,0.130134,0.127195,0.124307,0.121467,0.118676,0.115932,0.113234,0.11058,0.10797,0.105403,0.102876,0.10039,0.0979439,0.0955357,0.0931648,0.0908303,0.0885312,0.0862665,0.0840355,0.0818371,0.0796706,0.0775349,0.0754293,0.073353,0.071305,0.0692846,0.0672911,0.0653235,0.0633811,0.0614632,0.059569,0.0576977,0.0558487,0.0540211,0.0522144,0.0504277,0.0486604,0.0469118,0.0451813,0.043468,0.0417715,0.040091,0.0384258,0.0367754,0.0351391,0.0335162,0.0319062,0.0303084,0.0287221,0.0271469,0.0255821,0.024027,0.0224812,0.0209439,0.0194147,0.0178928,0.0163778,0.0148691,0.0133661,0.0118681,0.0103747,0.00888526,0.0073992,0.00591597,0.004435,0.00295573
1,0.98143,0.962888,0.944402,0.925998,0.907702,0.88954,0.871535,0.853709,0.836082,0.818673,0.801497,0.78457,0.767905,0.751512,0.7354,0.719576,0.704046,0.688815,0.673885,0.659258,0.644934,0.630912,0.617191,0.603769,0.590643,0.577809,0.565263,0.553001,0.541018,0.529308,0.517867,0.506688,0.495767,0.485098,0.474674,0.464491,0.454542,0.444822,0.435325,0.426046,0.416979,0.408118,0.399458,0.390995,0.382722,0.374635,0.366729,0.359,0.351442,0.344052,0.336824,0.329754,0.322839,0.316074,0.309455,0.302979,0.296641,0.290439,0.284368,0.278425,0.272607,0.266911,0.261334,0.255872,0.250522,0.245283,0.24015,0.235121,0.230195,0.225367,0.220636,0.215999,0.211454,0.206998,0.202631,0.198348,0.194148,0.19003,0.18599,0.182028,0.178142,0.174328,0.170587,0.166915,0.163312,0.159775,0.156304,0.152896,0.149549,0.146264,0.143037,0.139867,0.136754,0.133696,0.130691,0.127738,0.124836,0.121984,0.11918,0.116424,0.113713,0.111047,0.108425,0.105846,0.103309,0.100812,0.0983544,0.0959355,0.0935542,0.0912094,0.0889003,0.0866258,0.084385,0.0821772,0.0800012,0.0778564,0.0757418,0.0736565,0.0715998,0.0695709,0.0675688,0.0655929,0.0636423,0.0617163,0.0598141,0.057935,0.0560782,0.054243,0.0524287,0.0506346,0.04886,0.0471041,0.0453663,0.043646,0.0419424,0.040255,0.0385829,0.0369257,0.0352826,0.0336531,0.0320364,0.0304321,0.0288393,0.0272577,0.0256864,0.024125,0.0225728,0.0210293,0.0194938,0.0179657,0.0164446,0.0149297,0.0134205,0.0119164,0.0104169,0.00892143,0.00742932,0.00594005,0.00445305,0.00296776
1,0.981639,0.963304,0.945021,0.926815,0.908711,0.890733,0.872902,0.855239,0.837765,0.820497,0.80345,0.78664,0.770078,0.753776,0.737743,0.721987,0.706513,0.691327,0.676432,0.66183,0.647522,0.633509,0.619789,0.606361,0.593222,0.58037,0.567802,0.555512,0.543498,0.531754,0.520276,0.509059,0.498097,0.487384,0.476917,0.466689,0.456695,0.446928,0.437385,0.428059,0.418946,0.410039,0.401334,0.392825,0.384508,0.376377,0.368428,0.360656,0.353057,0.345626,0.338358,0.331249,0.324296,0.317493,0.310838,0.304327,0.297954,0.291718,0.285615,0.27964,0.273791,0.268065,0.262458,0.256968,0.25159,0.246324,0.241165,0.236111,0.231159,0.226307,0.221552,0.216893,0.212325,0.207848,0.203459,0.199156,0.194937,0.190799,0.18674,0.18276,0.178855,0.175025,0.171266,0.167578,0.163958,0.160406,0.156919,0.153496,0.150135,0.146835,0.143594,0.140411,0.137285,0.134213,0.131196,0.12823,0.125316,0.122452,0.119637,0.116869,0.114147,0.11147,0.108838,0.106248,0.103701,0.101194,0.0987264,0.0962978,0.093907,0.091553,0.0892347,0.0869513,0.0847018,0.0824853,0.0803009,0.0781477,0.0760249,0.0739316,0.071867,0.0698302,0.0678205,0.065837,0.063879,0.0619457,0.0600363,0.05815,0.0562862,0.0544441,0.0526229,0.0508221,0.0490407,0.0472783,0.045534,0.0438073,0.0420973,0.0404036,0.0387253,0.0370619,0.0354127,0.0337771,0.0321545,0.0305442,0.0289455,0.027358,0.025781,0.0242138,0.0226559,0.0211066,0.0195655,0.0180318,0.016505,0.0149845,0.0134698,0.0119602,0.0104552,0.0089542,0.00745661,0.00596187,0.00446941,0.00297866
1,0.981821,0.963667,0.945562,0.92753,0.909594,0.891777,0.8741,0.856582,0.839243,0.822099,0.805167,0.78846,0.771991,0.755771,0.73981,0.724115,0.708693,0.693548,0.678686,0.664108,0.649817,0.635812,0.622094,0.608662,0.595515,0.582648,0.570061,0.557749,0.545708,0.533935,0.522425,0.511174,0.500176,0.489426,0.478921,0.468653,0.458618,0.448812,0.439228,0.429861,0.420706,0.411759,0.403013,0.394464,0.386107,0.377937,0.36995,0.36214,0.354504,0.347036,0.339732,0.332589,0.325602,0.318766,0.312078,0.305535,0.299132,0.292866,0.286733,0.28073,0.274853,0.2691,0.263466,0.25795,0.252548,0.247257,0.242075,0.236998,0.232024,0.22715,0.222374,0.217694,0.213107,0.20861,0.204202,0.199881,0.195643,0.191488,0.187413,0.183416,0.179495,0.175649,0.171875,0.168172,0.164538,0.160971,0.15747,0.154034,0.15066,0.147347,0.144094,0.140898,0.13776,0.134677,0.131648,0.128672,0.125747,0.122872,0.120046,0.117268,0.114536,0.11185,0.109208,0.106609,0.104052,0.101536,0.0990597,0.0966225,0.0942233,0.0918609,0.0895345,0.087243,0.0849857,0.0827614,0.0805694,0.0784088,0.0762786,0.0741781,0.0721064,0.0700626,0.068046,0.0660558,0.0640911,0.0621512,0.0602353,0.0583427,0.0564725,0.0546242,0.0527969,0.05099,0.0492027,0.0474344,0.0456843,0.0439517,0.0422361,0.0405367,0.0388528,0.0371839,0.0355293,0.0338882,0.0322602,0.0306446,0.0290407,0.0274479,0.0258656,0.0242933,0.0227302,0.0211759,0.0196297,0.018091,0.0165592,0.0150337,0.013514,0.0119994,0.0104895,0.00898356,0.00748105,0.00598141,0.00448406,0.00298842
1,0.981979,0.963982,0.946031,0.928149,0.910359,0.892682,0.875138,0.857746,0.840524,0.82349,0.806658,0.790042,0.773656,0.757508,0.741611,0.72597,0.710594,0.695487,0.680655,0.6661,0.651824,0.637829,0.624114,0.61068,0.597525,0.584648,0.572045,0.559714,0.547651,0.535853,0.524316,0.513035,0.502007,0.491225,0.480686,0.470384,0.460315,0.450472,0.440853,0.43145,0.42226,0.413276,0.404495,0.395911,0.38752,0.379315,0.371294,0.363451,0.355782,0.348282,0.340947,0.333773,0.326756,0.319891,0.313174,0.306603,0.300173,0.29388,0.287721,0.281693,0.275792,0.270014,0.264358,0.258819,0.253395,0.248082,0.242879,0.237782,0.232788,0.227895,0.223101,0.218402,0.213798,0.209284,0.204859,0.200521,0.196268,0.192097,0.188007,0.183996,0.180061,0.1762,0.172413,0.168697,0.16505,0.161471,0.157958,0.154509,0.151124,0.147799,0.144535,0.141329,0.13818,0.135087,0.132048,0.129061,0.126127,0.123243,0.120407,0.11762,0.11488,0.112185,0.109534,0.106927,0.104362,0.101838,0.0993542,0.0969094,0.0945027,0.0921329,0.0897993,0.0875008,0.0852364,0.0830054,0.0808067,0.0786394,0.0765028,0.0743959,0.0723179,0.070268,0.0682453,0.066249,0.0642785,0.0623327,0.0604111,0.0585128,0.0566372,0.0547834,0.0529507,0.0511384,0.0493458,0.0475722,0.045817,0.0440794,0.0423587,0.0406543,0.0389655,0.0372917,0.0356322,0.0339864,0.0323536,0.0307333,0.0291247,0.0275273,0.0259405,0.0243635,0.022796,0.0212371,0.0196864,0.0181432,0.016607,0.0150771,0.013553,0.0120341,0.0105198,0.00900949,0.00750265,0.00599868,0.004497,0.00299705
1,0.982114,0.96425,0.94643,0.928677,0.911011,0.893453,0.876023,0.858739,0.841619,0.824678,0.807933,0.791396,0.77508,0.758996,0.743154,0.727561,0.712226,0.697153,0.682347,0.667812,0.653551,0.639565,0.625854,0.612419,0.599259,0.586372,0.573757,0.56141,0.549329,0.53751,0.52595,0.514645,0.50359,0.492781,0.482214,0.471883,0.461783,0.451911,0.442261,0.432827,0.423606,0.414592,0.40578,0.397166,0.388744,0.380511,0.37246,0.364589,0.356891,0.349364,0.342001,0.334801,0.327757,0.320867,0.314126,0.30753,0.301076,0.29476,0.288579,0.282529,0.276606,0.270808,0.265132,0.259573,0.25413,0.248799,0.243577,0.238462,0.233452,0.228542,0.223732,0.219017,0.214397,0.209869,0.20543,0.201077,0.19681,0.192626,0.188523,0.184499,0.180551,0.176679,0.17288,0.169152,0.165494,0.161904,0.158381,0.154922,0.151526,0.148192,0.144918,0.141703,0.138545,0.135442,0.132394,0.1294,0.126457,0.123564,0.120721,0.117926,0.115178,0.112476,0.109818,0.107203,0.104631,0.1021,0.0996098,0.0971584,0.0947451,0.092369,0.0900291,0.0877244,0.085454,0.083217,0.0810125,0.0788395,0.0766973,0.0745848,0.0725014,0.0704461,0.0684181,0.0664167,0.064441,0.0624903,0.0605637,0.0586605,0.05678,0.0549214,0.053084,0.0512671,0.04947,0.0476919,0.0459321,0.0441901,0.042465,0.0407563,0.0390633,0.0373852,0.0357215,0.0340716,0.0324347,0.0308102,0.0291976,0.0275962,0.0260054,0.0244245,0.022853,0.0212902,0.0197356,0.0181886,0.0166485,0.0151148,0.0135869,0.0120642,0.0105461,0.00903199,0.00752139,0.00601366,0.00450823,0.00300453
1,0.982226,0.964473,0.946763,0.929117,0.911555,0.894097,0.876763,0.859569,0.842534,0.825672,0.808999,0.792529,0.776273,0.760243,0.744447,0.728896,0.713595,0.69855,0.683768,0.669251,0.655003,0.641025,0.627318,0.613883,0.600719,0.587825,0.5752,0.56284,0.550745,0.538909,0.52733,0.516005,0.504928,0.494096,0.483505,0.47315,0.463025,0.453128,0.443452,0.433993,0.424745,0.415706,0.406868,0.398228,0.389781,0.381523,0.373448,0.365552,0.35783,0.350279,0.342894,0.335671,0.328606,0.321694,0.314932,0.308315,0.301842,0.295506,0.289306,0.283237,0.277297,0.271481,0.265787,0.260212,0.254753,0.249406,0.244169,0.239039,0.234014,0.22909,0.224266,0.219539,0.214905,0.210364,0.205913,0.201549,0.19727,0.193075,0.18896,0.184925,0.180967,0.177085,0.173276,0.169538,0.165871,0.162272,0.158739,0.155271,0.151867,0.148525,0.145243,0.142019,0.138853,0.135744,0.132688,0.129686,0.126736,0.123837,0.120987,0.118185,0.115431,0.112722,0.110058,0.107437,0.104859,0.102323,0.0998263,0.0973692,0.0949504,0.0925689,0.0902237,0.0879138,0.0856383,0.0833963,0.0811868,0.079009,0.076862,0.0747449,0.0726568,0.070597,0.0685646,0.0665587,0.0645787,0.0626237,0.0606929,0.0587856,0.056901,0.0550383,0.053197,0.0513761,0.0495751,0.0477932,0.0460297,0.0442839,0.0425551,0.0408427,0.039146,0.0374644,0.0357972,0.0341437,0.0325033,0.0308754,0.0292594,0.0276545,0.0260603,0.0244761,0.0229012,0.0213352,0.0197773,0.018227,0.0166836,0.0151467,0.0136155,0.0120896,0.0105683,0.00905104,0.00753725,0.00602634,0.00451774,0.00301087
1,0.982316,0.964654,0.947032,0.929473,0.911995,0.894618,0.877361,0.860241,0.843274,0.826477,0.809863,0.793447,0.77724,0.761254,0.745497,0.729979,0.714707,0.699687,0.684923,0.670422,0.656184,0.642213,0.62851,0.615076,0.601909,0.58901,0.576377,0.564008,0.5519,0.540051,0.528457,0.517115,0.506021,0.495171,0.48456,0.474185,0.464041,0.454123,0.444426,0.434946,0.425678,0.416617,0.407758,0.399098,0.39063,0.382351,0.374256,0.36634,0.358599,0.351029,0.343626,0.336384,0.3293,0.322371,0.315592,0.308959,0.302468,0.296117,0.289901,0.283817,0.277862,0.272032,0.266324,0.260735,0.255263,0.249903,0.244654,0.239512,0.234475,0.229539,0.224704,0.219965,0.215322,0.21077,0.206308,0.201935,0.197646,0.193442,0.189318,0.185274,0.181308,0.177417,0.1736,0.169854,0.166179,0.162573,0.159033,0.155558,0.152147,0.148797,0.145508,0.142279,0.139106,0.13599,0.132929,0.129921,0.126965,0.12406,0.121205,0.118398,0.115638,0.112924,0.110255,0.107629,0.105046,0.102505,0.100004,0.0975419,0.0951186,0.0927326,0.0903831,0.0880689,0.0857893,0.0835431,0.0813296,0.0791478,0.0769969,0.0748759,0.0727841,0.0707205,0.0686844,0.066675,0.0646914,0.0627329,0.0607987,0.058888,0.057,0.0551341,0.0532895,0.0514654,0.0496612,0.0478761,0.0461095,0.0443606,0.0426289,0.0409135,0.0392138,0.0375293,0.0358591,0.0342027,0.0325595,0.0309288,0.0293099,0.0277023,0.0261053,0.0245183,0.0229408,0.021372,0.0198114,0.0182584,0.0167124,0.0151728,0.013639,0.0121104,0.0105865,0.00906665,0.00755024,0.00603673,0.00452553,0.00301605
1,0.982386,0.964793,0.94724,0.929747,0.912334,0.89502,0.877822,0.860759,0.843845,0.827098,0.81053,0.794156,0.777987,0.762035,0.746309,0.730817,0.715567,0.700565,0.685818,0.671328,0.657099,0.643134,0.629434,0.616,0.602832,0.589929,0.57729,0.564914,0.552797,0.540937,0.529332,0.517977,0.50687,0.496006,0.485381,0.47499,0.46483,0.454896,0.445183,0.435687,0.426403,0.417325,0.408451,0.399774,0.391291,0.382996,0.374885,0.366954,0.359198,0.351613,0.344195,0.336939,0.329841,0.322898,0.316105,0.309459,0.302956,0.296593,0.290365,0.284269,0.278302,0.272461,0.266742,0.261143,0.25566,0.25029,0.245031,0.23988,0.234833,0.229889,0.225045,0.220298,0.215646,0.211086,0.206616,0.202235,0.197939,0.193727,0.189597,0.185546,0.181573,0.177676,0.173852,0.170101,0.166419,0.162807,0.159261,0.155781,0.152364,0.149009,0.145715,0.14248,0.139303,0.136182,0.133116,0.130104,0.127143,0.124234,0.121374,0.118563,0.115799,0.113081,0.110408,0.107778,0.105191,0.102646,0.100142,0.0976763,0.0952494,0.0928601,0.0905071,0.0881897,0.0859067,0.0836574,0.0814407,0.0792558,0.0771018,0.0749779,0.0728831,0.0708167,0.0687777,0.0667655,0.0647792,0.0628179,0.060881,0.0589676,0.0570771,0.0552086,0.0533614,0.0515349,0.0497282,0.0479407,0.0461716,0.0444204,0.0426862,0.0409685,0.0392666,0.0375797,0.0359073,0.0342487,0.0326032,0.0309703,0.0293493,0.0277395,0.0261403,0.0245512,0.0229715,0.0214006,0.019838,0.0182829,0.0167348,0.0151931,0.0136573,0.0121267,0.0106007,0.00907879,0.00756035,0.00604481,0.00453158,0.00302009
1,0.982436,0.964892,0.947387,0.929942,0.912575,0.895305,0.87815,0.861126,0.844251,0.827539,0.811004,0.79466,0.778518,0.76259,0.746885,0.731412,0.716179,0.701191,0.686454,0.671973,0.657751,0.64379,0.630093,0.616659,0.60349,0.590584,0.577941,0.565559,0.553436,0.54157,0.529956,0.518593,0.507476,0.496602,0.485966,0.475565,0.465394,0.455449,0.445724,0.436216,0.426921,0.417832,0.408946,0.400257,0.391762,0.383456,0.375334,0.367392,0.359626,0.35203,0.344601,0.337335,0.330228,0.323275,0.316473,0.309817,0.303305,0.296933,0.290696,0.284592,0.278617,0.272768,0.267041,0.261434,0.255944,0.250567,0.245301,0.240142,0.235089,0.230139,0.225288,0.220535,0.215877,0.211312,0.206837,0.20245,0.198149,0.193932,0.189796,0.18574,0.181763,0.17786,0.174032,0.170276,0.166591,0.162974,0.159424,0.15594,0.152519,0.149161,0.145863,0.142625,0.139444,0.136319,0.13325,0.130234,0.127271,0.124358,0.121495,0.118681,0.115914,0.113193,0.110517,0.107885,0.105295,0.102747,0.10024,0.0977723,0.095343,0.0929511,0.0905958,0.0882759,0.0859907,0.083739,0.0815201,0.079333,0.0771769,0.0750508,0.0729539,0.0708854,0.0688444,0.0668302,0.0648418,0.0628787,0.0609398,0.0590246,0.0571322,0.0552619,0.0534129,0.0515845,0.0497761,0.0479868,0.046216,0.0444631,0.0427273,0.0410079,0.0393043,0.0376158,0.0359418,0.0342815,0.0326345,0.031,0.0293774,0.027766,0.0261654,0.0245747,0.0229935,0.0214211,0.0198569,0.0183004,0.0167508,0.0152077,0.0136703,0.0121383,0.0106108,0.00908746,0.00756758,0.00605059,0.00453591,0.00302298
1,0.982465,0.96495,0.947475,0.930058,0.912719,0.895475,0.878345,0.861346,0.844493,0.827802,0.811287,0.794961,0.778836,0.762922,0.74723,0.731769,0.716545,0.701565,0.686835,0.672359,0.658141,0.644183,0.630487,0.617054,0.603884,0.590977,0.578332,0.565947,0.55382,0.541949,0.530331,0.518962,0.507839,0.496959,0.486317,0.47591,0.465732,0.45578,0.446049,0.436534,0.427231,0.418136,0.409242,0.400547,0.392046,0.383733,0.375604,0.367656,0.359882,0.35228,0.344845,0.337573,0.33046,0.323501,0.316693,0.310032,0.303515,0.297137,0.290895,0.284786,0.278806,0.272952,0.267221,0.261609,0.256114,0.250733,0.245463,0.2403,0.235243,0.230289,0.225435,0.220678,0.216016,0.211447,0.206969,0.202579,0.198274,0.194054,0.189916,0.185857,0.181876,0.177971,0.174141,0.170382,0.166694,0.163075,0.159522,0.156036,0.152613,0.149252,0.145952,0.142711,0.139528,0.136402,0.13333,0.130313,0.127347,0.124433,0.121568,0.118752,0.115983,0.11326,0.110583,0.107949,0.105358,0.102808,0.100299,0.0978299,0.0953991,0.0930058,0.090649,0.0883277,0.086041,0.083788,0.0815678,0.0793793,0.0772219,0.0750945,0.0729964,0.0709266,0.0688844,0.066869,0.0648795,0.0629151,0.0609751,0.0590588,0.0571652,0.0552938,0.0534437,0.0516143,0.0498048,0.0480145,0.0462427,0.0444887,0.0427519,0.0410315,0.0393269,0.0376374,0.0359624,0.0343013,0.0326533,0.0310178,0.0293943,0.027782,0.0261804,0.0245888,0.0230067,0.0214334,0.0198683,0.0183109,0.0167604,0.0152164,0.0136782,0.0121452,0.0106169,0.00909267,0.00757191,0.00605405,0.00453851,0.00302471
1,0.982475,0.96497,0.947504,0.930097,0.912766,0.895532,0.87841,0.861419,0.844574,0.82789,0.811381,0.795061,0.778941,0.763033,0.747345,0.731887,0.716667,0.70169,0.686962,0.672488,0.658271,0.644314,0.630618,0.617185,0.604015,0.591108,0.578462,0.566076,0.553948,0.542075,0.530455,0.519085,0.507961,0.497078,0.486435,0.476025,0.465845,0.45589,0.446157,0.43664,0.427335,0.418237,0.409341,0.400644,0.39214,0.383825,0.375694,0.367743,0.359968,0.352364,0.344927,0.337653,0.330537,0.323576,0.316767,0.310104,0.303584,0.297205,0.290961,0.28485,0.278869,0.273013,0.26728,0.261667,0.256171,0.250788,0.245517,0.240353,0.235295,0.230339,0.225483,0.220725,0.216062,0.211492,0.207013,0.202622,0.198316,0.194095,0.189956,0.185896,0.181914,0.178008,0.174177,0.170417,0.166728,0.163108,0.159555,0.156067,0.152644,0.149282,0.145982,0.14274,0.139557,0.136429,0.133357,0.130339,0.127373,0.124457,0.121592,0.118775,0.116006,0.113283,0.110604,0.10797,0.105378,0.102828,0.100319,0.0978492,0.0954178,0.093024,0.0906667,0.088345,0.0860578,0.0838044,0.0815836,0.0793948,0.0772369,0.0751091,0.0730105,0.0709404,0.0688978,0.0668819,0.064892,0.0629273,0.0609869,0.0590702,0.0571763,0.0553045,0.053454,0.0516242,0.0498144,0.0480237,0.0462516,0.0444973,0.0427601,0.0410394,0.0393344,0.0376446,0.0359693,0.0343078,0.0326595,0.0310237,0.0293999,0.0277873,0.0261854,0.0245935,0.0230111,0.0214375,0.0198721,0.0183144,0.0167636,0.0152193,0.0136808,0.0121475,0.0106189,0.0090944,0.00757336,0.00605521,0.00453938,0.00302529
1,0.982465,0.96495,0.947475,0.930058,0.912719,0.895475,0.878345,0.861346,0.844493,0.827802,0.811287,0.794961,0.778836,0.762922,0.74723,0.731769,0.716545,0.701565,0.686835,0.672359,0.658141,0.644183,0.630487,0.617054,0.603884,0.590977,0.578332,0.565947,0.55382,0.541949,0.530331,0.518962,0.507839,0.496959,0.486317,0.47591,0.465732,0.45578,0.446049,0.436534,0.427231,0.418136,0.409242,0.400547,0.392046,0.383733,0.375604,0.367656,0.359882,0.35228,0.344845,0.337573,0.33046,0.323501,0.316693,0.310032,0.303515,0.297137,0.290895,0.284786,0.278806,0.272952,0.267221,0.261609,0.256114,0.250733,0.245463,0.2403,0.235243,0.230289,0.225435,0.220678,0.216016,0.211447,0.206969,0.202579,0.198274,0.194054,0.189916,0.185857,0.181876,0.177971,0.174141,0.170382,0.166694,0.163075,0.159522,0.156036,0.152613,0.149252,0.145952,0.142711,0.139528,0.136402,0.13333,0.130313,0.127347,0.124433,0.121568,0.118752,0.115983,0.11326,0.110583,0.107949,0.105358,0.102808,0.100299,0.0978299,0.0953991,0.0930058,0.090649,0.0883277,0.086041,0.083788,0.0815678,0.0793793,0.0772219,0.0750945,0.0729964,0.0709266,0.0688844,0.066869,0.0648795,0.0629151,0.0609751,0.0590588,0.0571652,0.0552938,0.0534437,0.0516143,0.0498048,0.0480145,0.0462427,0.0444887,0.0427519,0.0410315,0.0393269,0.0376374,0.0359624,0.0343013,0.0326533,0.0310178,0.0293943,0.027782,0.0261804,0.0245888,0.0230067,0.0214334,0.0198683,0.0183109,0.0167604,0.0152164,0.0136782,0.0121452,0.0106169,0.00909267,0.00757191,0.00605405,0.00453851,0.00302471
1,0.982436,0.964892,0.947387,0.929942,0.912575,0.895305,0.87815,0.861126,0.844251,0.827539,0.811004,0.79466,0.778518,0.76259,0.746885,0.731412,0.716179,0.701191,0.686454,0.671973,0.657751,0.64379,0.630093,0.616659,0.60349,0.590584,0.577941,0.565559,0.553436,0.54157,0.529956,0.518593,0.507476,0.496602,0.485966,0.475565,0.465394,0.455449,0.445724,0.436216,0.426921,0.417832,0.408946,0.400257,0.391762,0.383456,0.375334,0.367392,0.359626,0.35203,0.344601,0.337335,0.330228,0.323275,0.316473,0.309817,0.303305,0.296933,0.290696,0.284592,0.278617,0.272768,0.267041,0.261434,0.255944,0.250567,0.245301,0.240142,0.235089,0.230139,0.225288,0.220535,0.215877,0.211312,0.206837,0.20245,0.198149,0.193932,0.189796,0.18574,0.181763,0.17786,0.174032,0.170276,0.166591,0.162974,0.159424,0.15594,0.152519,0.149161,0.145863,0.142625,0.139444,0.136319,0.13325,0.130234,0.127271,0.124358,0.121495,0.118681,0.115914,0.113193,0.110517,0.107885,0.105295,0.102747,0.10024,0.0977723,0.095343,0.0929511,0.0905958,0.0882759,0.0859907,0.083739,0.0815201,0.079333,0.0771769,0.0750508,0.0729539,0.0708854,0.0688444,0.0668302,0.0648418,0.0628787,0.0609398,0.0590246,0.0571322,0.0552619,0.0534129,0.0515845,0.0497761,0.0479868,0.046216,0.0444631,0.0427273,0.0410079,0.0393043,0.0376158,0.0359418,0.0342815,0.0326345,0.031,0.0293774,0.027766,0.0261654,0.0245747,0.0229935,0.0214211,0.0198569,0.0183004,0.0167508,0.0152077,0.0136703,0.0121383,0.0106108,0.00908746,0.00756758,0.00605059,0.00453591,0.00302298
1,0.982386,0.964793,0.94724,0.929747,0.912334,0.89502,0.877822,0.860759,0.843845,0.827098,0.81053,0.794156,0.777987,0.762035,0.746309,0.730817,0.715567,0.700565,0.685818,0.671328,0.657099,0.643134,0.629434,0.616,0.602832,0.589929,0.57729,0.564914,0.552797,0.540937,0.529332,0.517977,0.50687,0.496006,0.485381,0.47499,0.46483,0.454896,0.445183,0.435687,0.426403,0.417325,0.408451,0.399774,0.391291,0.382996,0.374885,0.366954,0.359198,0.351613,0.344195,0.336939,0.329841,0.322898,0.316105,0.309459,0.302956,0.296593,0.290365,0.284269,0.278302,0.272461,0.266742,0.261143,0.25566,0.25029,0.245031,0.23988,0.234833,0.229889,0.225045,0.220298,0.215646,0.211086,0.206616,0.202235,0.197939,0.193727,0.189597,0.185546,0.181573,0.177676,0.173852,0.170101,0.166419,0.162807,0.159261,0.155781,0.152364,0.149009,0.145715,0.14248,0.139303,0.136182,0.133116,0.130104,0.127143,0.124234,0.121374,0.118563,0.115799,0.113081,0.110408,0.107778,0.105191,0.102646,0.100142,0.0976763,0.0952494,0.0928601,0.0905071,0.0881897,0.0859067,0.0836574,0.0814407,0.0792558,0.0771018,0.0749779,0.0728831,0.0708167,0.0687777,0.0667655,0.0647792,0.0628179,0.060881,0.0589676,0.0570771,0.0552086,0.0533614,0.0515349,0.0497282,0.0479407,0.0461716,0.0444204,0.0426862,0.0409685,0.0392666,0.0375797,0.0359073,0.0342487,0.0326032,0.0309703,0.0293493,0.0277395,0.0261403,0.0245512,0.0229715,0.0214006,0.019838,0.0182829,0.0167348,0.0151931,0.0136573,0.0121267,0.0106007,0.00907879,0.00756035,0.00604481,0.00453158,0.00302009
1,0.982316,0.964654,0.947032,0.929473,0.911995,0.894618,0.877361,0.860241,0.843274,0.826477,0.809863,0.793447,0.77724,0.761254,0.745497,0.729979,0.714707,0.699687,0.684923,0.670422,0.656184,0.642213,0.62851,0.615076,0.601909,0.58901,0.576377,0.564008,0.5519,0.540051,0.528457,0.517115,0.506021,0.495171,0.48456,0.474185,0.464041,0.454123,0.444426,0.434946,0.425678,0.416617,0.407758,0.399098,0.39063,0.382351,0.374256,0.36634,0.358599,0.351029,0.343626,0.336384,0.3293,0.322371,0.315592,0.308959,0.302468,0.296117,0.289901,0.283817,0.277862,0.272032,0.266324,0.260735,0.255263,0.249903,0.244654,0.239512,0.234475,0.229539,0.224704,0.219965,0.215322,0.21077,0.206308,0.201935,0.197646,0.193442,0.189318,0.185274,0.181308,0.177417,0.1736,0.169854,0.166179,0.162573,0.159033,0.155558,0.152147,0.148797,0.145508,0.142279,0.139106,0.13599,0.132929,0.129921,0.126965,0.12406,0.121205,0.118398,0.115638,0.112924,0.110255,0.107629,0.105046,0.102505,0.100004,0.0975419,0.0951186,0.0927326,0.0903831,0.0880689,0.0857893,0.0835431,0.0813296,0.0791478,0.0769969,0.0748759,0.0727841,0.0707205,0.0686844,0.066675,0.0646914,0.0627329,0.0607987,0.058888,0.057,0.0551341,0.0532895,0.0514654,0.0496612,0.0478761,0.0461095,0.0443606,0.0426289,0.0409135,0.0392138,0.0375293,0.0358591,0.0342027,0.0325595,0.0309288,0.0293099,0.0277023,0.0261053,0.0245183,0.0229408,0.021372,0.0198114,0.0182584,0.0167124,0.0151728,0.013639,0.0121104,0.0105865,0.00906665,0.00755024,0.00603673,0.00452553,0.00301605
1,0.982226,0.964473,0.946763,0.929117,0.911555,0.894097,0.876763,0.859569,0.842534,0.825672,0.808999,0.792529,0.776273,0.760243,0.744447,0.728896,0.713595,0.69855,0.683768,0.669251,0.655003,0.641025,0.627318,0.613883,0.600719,0.587825,0.5752,0.56284,0.550745,0.538909,0.52733,0.516005,0.504928,0.494096,0.483505,0.47315,0.463025,0.453128,0.443452,0.433993,0.424745,0.415706,0.406868,0.398228,0.389781,0.381523,0.373448,0.365552,0.35783,0.350279,0.342894,0.335671,0.328606,0.321694,0.314932,0.308315,0.301842,0.295506,0.289306,0.283237,0.277297,0.271481,0.265787,0.260212,0.254753,0.249406,0.244169,0.239039,0.234014,0.22909,0.224266,0.219539,0.214905,0.210364,0.205913,0.201549,0.19727,0.193075,0.18896,0.184925,0.180967,0.177085,0.173276,0.169538,0.165871,0.162272,0.158739,0.155271,0.151867,0.148525,0.145243,0.142019,0.138853,0.135744,0.132688,0.129686,0.126736,0.123837,0.120987,0.118185,0.115431,0.112722,0.110058,0.107437,0.104859,0.102323,0.0998263,0.0973692,0.0949504,0.0925689,0.0902237,0.0879138,0.0856383,0.0833963,0.0811868,0.079009,0.076862,0.0747449,0.0726568,0.070597,0.0685646,0.0665587,0.0645787,0.0626237,0.0606929,0.0587856,0.056901,0.0550383,0.053197,0.0513761,0.0495751,0.0477932,0.0460297,0.0442839,0.0425551,0.0408427,0.039146,0.0374644,0.0357972,0.0341437,0.0325033,0.0308754,0.0292594,0.0276545,0.0260603,0.0244761,0.0229012,0.0213352,0.0197773,0.018227,0.0166836,0.0151467,0.0136155,0.0120896,0.0105683,0.00905104,0.00753725,0.00602634,0.00451774,0.00301087
1,0.982114,0.96425,0.94643,0.928677,0.911011,0.893453,0.876023,0.858739,0.841619,0.824678,0.807933,0.791396,0.77508,0.758996,0.743154,0.727561,0.712226,0.697153,0.682347,0.667812,0.653551,0.639565,0.625854,0.612419,0.599259,0.586372,0.573757,0.56141,0.549329,0.53751,0.52595,0.514645,0.50359,0.492781,0.482214,0.471883,0.461783,0.451911,0.442261,0.432827,0.423606,0.414592,0.40578,0.397166,0.388744,0.380511,0.37246,0.364589,0.356891,0.349364,0.342001,0.334801,0.327757,0.320867,0.314126,0.30753,0.301076,0.29476,0.288579,0.282529,0.276606,0.270808,0.265132,0.259573,0.25413,0.248799,0.243577,0.238462,0.233452,0.228542,0.223732,0.219017,0.214397,0.209869,0.20543,0.201077,0.19681,0.192626,0.188523,0.184499,0.180551,0.176679,0.17288,0.169152,0.165494,0.161904,0.158381,0.154922,0.151526,0.148192,0.144918,0.141703,0.138545,0.135442,0.132394,0.1294,0.126457,0.123564,0.120721,0.117926,0.115178,0.112476,0.109818,0.107203,0.104631,0.1021,0.0996098,0.0971584,0.0947451,0.092369,0.0900291,0.0877244,0.085454,0.083217,0.0810125,0.0788395,0.0766973,0.0745848,0.0725014,0.0704461,0.0684181,0.0664167,0.064441,0.0624903,0.0605637,0.0586605,0.05678,0.0549214,0.053084,0.0512671,0.04947,0.0476919,0.0459321,0.0441901,0.042465,0.0407563,0.0390633,0.0373852,0.0357215,0.0340716,0.0324347,0.0308102,0.0291976,0.0275962,0.0260054,0.0244245,0.022853,0.0212902,0.0197356,0.0181886,0.0166485,0.0151148,0.0135869,0.0120642,0.0105461,0.00903199,0.00752139,0.00601366,0.00450823,0.00300453
1,0.981979,0.963982,0.946031,0.928149,0.910359,0.892682,0.875138,0.857746,0.840524,0.82349,0.806658,0.790042,0.773656,0.757508,0.741611,0.72597,0.710594,0.695487,0.680655,0.6661,0.651824,0.637829,0.624114,0.61068,0.597525,0.584648,0.572045,0.559714,0.547651,0.535853,0.524316,0.513035,0.502007,0.491225,0.480686,0.470384,0.460315,0.450472,0.440853,0.43145,0.42226,0.413276,0.404495,0.395911,0.38752,0.379315,0.371294,0.363451,0.355782,0.348282,0.340947,0.333773,0.326756,0.319891,0.313174,0.306603,0.300173,0.29388,0.287721,0.281693,0.275792,0.270014,0.264358,0.258819,0.253395,0.248082,0.242879,0.237782,0.232788,0.227895,0.223101,0.218402,0.213798,0.209284,0.204859,0.200521,0.196268,0.192097,0.188007,0.183996,0.180061,0.1762,0.172413,0.168697,0.16505,0.161471,0.157958,0.154509,0.151124,0.147799,0.144535,0.141329,0.13818,0.135087,0.132048,0.129061,0.126127,0.123243,0.120407,0.11762,0.11488,0.112185,0.109534,0.106927,0.104362,0.101838,0.0993542,0.0969094,0.0945027,0.0921329,0.0897993,0.0875008,0.0852364,0.0830054,0.0808067,0.0786394,0.0765028,0.0743959,0.0723179,0.070268,0.0682453,0.066249,0.0642785,0.0623327,0.0604111,0.0585128,0.0566372,0.0547834,0.0529507,0.0511384,0.0493458,0.0475722,0.045817,0.0440794,0.0423587,0.0406543,0.0389655,0.0372917,0.0356322,0.0339864,0.0323536,0.0307333,0.0291247,0.0275273,0.0259405,0.0243635,0.022796,0.0212371,0.0196864,0.0181432,0.016607,0.0150771,0.013553,0.0120341,0.0105198,0.00900949,0.00750265,0.00599868,0.004497,0.00299705
1,0.981821,0.963667,0.945562,0.92753,0.909594,0.891777,0.8741,0.856582,0.839243,0.822099,0.805167,0.78846,0.771991,0.755771,0.73981,0.724115,0.708693,0.693548,0.678686,0.664108,0.649817,0.635812,0.622094,0.608662,0.595515,0.582648,0.570061,0.557749,0.545708,0.533935,0.522425,0.511174,0.500176,0.489426,0.478921,0.468653,0.458618,0.448812,0.439228,0.429861,0.420706,0.411759,0.403013,0.394464,0.386107,0.377937,0.36995,0.36214,0.354504,0.347036,0.339732,0.332589,0.325602,0.318766,0.312078,0.305535,0.299132,0.292866,0.286733,0.28073,0.274853,0.2691,0.263466,0.25795,0.252548,0.247257,0.242075,0.236998,0.232024,0.22715,0.222374,0.217694,0.213107,0.20861,0.204202,0.199881,0.195643,0.191488,0.187413,0.183416,0.179495,0.175649,0.171875,0.168172,0.164538,0.160971,0.15747,0.154034,0.15066,0.147347,0.144094,0.140898,0.13776,0.134677,0.131648,0.128672,0.125747,0.122872,0.120046,0.117268,0.114536,0.11185,0.109208,0.106609,0.104052,0.101536,0.0990597,0.0966225,0.0942233,0.0918609,0.0895345,0.087243,0.0849857,0.0827614,0.0805694,0.0784088,0.0762786,0.0741781,0.0721064,0.0700626,0.068046,0.0660558,0.0640911,0.0621512,0.0602353,0.0583427,0.0564725,0.0546242,0.0527969,0.05099,0.0492027,0.0474344,0.0456843,0.0439517,0.0422361,0.0405367,0.0388528,0.0371839,0.0355293,0.0338882,0.0322602,0.0306446,0.0290407,0.0274479,0.0258656,0.0242933,0.0227302,0.0211759,0.0196297,0.018091,0.0165592,0.0150337,0.013514,0.0119994,0.0104895,0.00898356,0.00748105,0.00598141,0.00448406,0.00298842
1,0.981639,0.963304,0.945021,0.926815,0.908711,0.890733,0.872902,0.855239,0.837765,0.820497,0.80345,0.78664,0.770078,0.753776,0.737743,0.721987,0.706513,0.691327,0.676432,0.66183,0.647522,0.633509,0.619789,0.606361,0.593222,0.58037,0.567802,0.555512,0.543498,0.531754,0.520276,0.509059,0.498097,0.487384,0.476917,0.466689,0.456695,0.446928,0.437385,0.428059,0.418946,0.410039,0.401334,0.392825,0.384508,0.376377,0.368428,0.360656,0.353057,0.345626,0.338358,0.331249,0.324296,0.317493,0.310838,0.304327,0.297954,0.291718,0.285615,0.27964,0.273791,0.268065,0.262458,0.256968,0.25159,0.246324,0.241165,0.236111,0.231159,0.226307,0.221552,0.216893,0.212325,0.207848,0.203459,0.199156,0.194937,0.190799,0.18674,0.18276,0.178855,0.175025,0.171266,0.167578,0.163958,0.160406,0.156919,0.153496,0.150135,0.146835,0.143594,0.140411,0.137285,0.134213,0.131196,0.12823,0.125316,0.122452,0.119637,0.116869,0.114147,0.11147,0.108838,0.106248,0.103701,0.101194,0.0987264,0.0962978,0.093907,0.091553,0.0892347,0.0869513,0.0847018,0.0824853,0.0803009,0.0781477,0.0760249,0.0739316,0.071867,0.0698302,0.0678205,0.065837,0.063879,0.0619457,0.0600363,0.05815,0.0562862,0.0544441,0.0526229,0.0508221,0.0490407,0.0472783,0.045534,0.0438073,0.0420973,0.0404036,0.0387253,0.0370619,0.0354127,0.0337771,0.0321545,0.0305442,0.0289455,0.027358,0.025781,0.0242138,0.0226559,0.0211066,0.0195655,0.0180318,0.016505,0.0149845,0.0134698,0.0119602,0.0104552,0.0089542,0.00745661,0.00596187,0.00446941,0.00297866
1,0.98143,0.962888,0.944402,0.925998,0.907702,0.88954,0.871535,0.853709,0.836082,0.818673,0.801497,0.78457,0.767905,0.751512,0.7354,0.719576,0.704046,0.688815,0.673885,0.659258,0.644934,0.630912,0.617191,0.603769,0.590643,0.577809,0.565263,0.553001,0.541018,0.529308,0.517867,0.506688,0.495767,0.485098,0.474674,0.464491,0.454542,0.444822,0.435325,0.426046,0.416979,0.408118,0.399458,0.390995,0.382722,0.374635,0.366729,0.359,0.351442,0.344052,0.336824,0.329754,0.322839,0.316074,0.309455,0.302979,0.296641,0.290439,0.284368,0.278425,0.272607,0.266911,0.261334,0.255872,0.250522,0.245283,0.24015,0.235121,0.230195,0.225367,0.220636,0.215999,0.211454,0.206998,0.202631,0.198348,0.194148,0.19003,0.18599,0.182028,0.178142,0.174328,0.170587,0.166915,0.163312,0.159775,0.156304,0.152896,0.149549,0.146264,0.143037,0.139867,0.136754,0.133696,0.130691,0.127738,0.124836,0.121984,0.11918,0.116424,0.113713,0.111047,0.108425,0.105846,0.103309,0.100812,0.0983544,0.0959355,0.0935542,0.0912094,0.0889003,0.0866258,0.084385,0.0821772,0.0800012,0.0778564,0.0757418,0.0736565,0.0715998,0.0695709,0.0675688,0.0655929,0.0636423,0.0617163,0.0598141,0.057935,0.0560782,0.054243,0.0524287,0.0506346,0.04886,0.0471041,0.0453663,0.043646,0.0419424,0.040255,0.0385829,0.0369257,0.0352826,0.0336531,0.0320364,0.0304321,0.0288393,0.0272577,0.0256864,0.024125,0.0225728,0.0210293,0.0194938,0.0179657,0.0164446,0.0149297,0.0134205,0.0119164,0.0104169,0.00892143,0.00742932,0.00594005,0.00445305,0.00296776
1,0.981194,0.962417,0.9437,0.925072,0.90656,0.888191,0.86999,0.85198,0.834182,0.816615,0.799296,0.78224,0.76546,0.748966,0.732768,0.716871,0.701281,0.686002,0.671036,0.656383,0.642043,0.628014,0.614295,0.600882,0.587772,0.57496,0.562441,0.550211,0.538263,0.526593,0.515194,0.50406,0.493186,0.482565,0.472192,0.462059,0.452162,0.442493,0.433048,0.423821,0.414805,0.405995,0.397387,0.388973,0.38075,0.372712,0.364854,0.357172,0.34966,0.342315,0.335131,0.328105,0.321232,0.314508,0.307929,0.301492,0.295193,0.289027,0.282993,0.277085,0.271302,0.265639,0.260094,0.254663,0.249344,0.244135,0.239031,0.234031,0.229131,0.22433,0.219625,0.215013,0.210493,0.206061,0.201717,0.197456,0.193279,0.189182,0.185163,0.181222,0.177355,0.173561,0.169838,0.166185,0.162599,0.15908,0.155625,0.152234,0.148904,0.145633,0.142422,0.139268,0.136169,0.133125,0.130134,0.127195,0.124307,0.121467,0.118676,0.115932,0.113234,0.11058,0.10797,0.105403,0.102876,0.10039,0.0979439,0.0955357,0.0931648,0.0908303,0.0885312,0.0862665,0.0840355,0.0818371,0.0796706,0.0775349,0.0754293,0.073353,0.071305,0.0692846,0.0672911,0.0653235,0.0633811,0.0614632,0.059569,0.0576977,0.0558487,0.0540211,0.0522144,0.0504277,0.0486604,0.0469118,0.0451813,0.043468,0.0417715,0.040091,0.0384258,0.0367754,0.0351391,0.0335162,0.0319062,0.0303084,0.0287221,0.0271469,0.0255821,0.024027,0.0224812,0.0209439,0.0194147,0.0178928,0.0163778,0.0148691,0.0133661,0.0118681,0.0103747,0.00888526,0.0073992,0.00591597,0.004435,0.00295573
1,0.980927,0.961887,0.942911,0.92403,0.905275,0.886674,0.868254,0.850038,0.83205,0.814308,0.796831,0.779634,0.762728,0.746126,0.729834,0.713859,0.698206,0.682876,0.667873,0.653195,0.63884,0.624807,0.611093,0.597693,0.584603,0.571817,0.559331,0.547138,0.535232,0.523607,0.512256,0.501173,0.490352,0.479786,0.469468,0.459392,0.449552,0.439941,0.430554,0.421384,0.412425,0.403672,0.39512,0.386762,0.378593,0.370609,0.362804,0.355173,0.347713,0.340417,0.333281,0.326302,0.319476,0.312797,0.306262,0.299868,0.29361,0.287485,0.28149,0.275621,0.269875,0.264249,0.258739,0.253343,0.248058,0.24288,0.237808,0.232839,0.227969,0.223198,0.218521,0.213937,0.209443,0.205037,0.200718,0.196483,0.192329,0.188255,0.18426,0.18034,0.176495,0.172722,0.169019,0.165386,0.16182,0.15832,0.154884,0.15151,0.148198,0.144945,0.14175,0.138612,0.13553,0.132501,0.129526,0.126602,0.123728,0.120903,0.118126,0.115395,0.112711,0.11007,0.107473,0.104918,0.102404,0.09993,0.0974953,0.0950986,0.0927391,0.0904158,0.0881277,0.0858738,0.0836534,0.0814654,0.079309,0.0771834,0.0750877,0.0730211,0.0709827,0.0689717,0.0669874,0.0650289,0.0630955,0.0611864,0.0593009,0.0574383,0.0555977,0.0537785,0.05198,0.0502015,0.0484423,0.0467016,0.0449789,0.0432734,0.0415846,0.0399116,0.038254,0.036611,0.0349821,0.0333665,0.0317637,0.0301731,0.028594,0.0270258,0.025468,0.0239199,0.022381,0.0208506,0.0193282,0.0178131,0.0163049,0.0148029,0.0133065,0.0118153,0.0103285,0.0088457,0.00736627,0.00588964,0.00441526,0.00294257
1,0.980628,0.961292,0.942025,0.922863,0.903836,0.884977,0.866313,0.84787,0.829671,0.811738,0.794087,0.776735,0.759694,0.742974,0.726583,0.710525,0.694806,0.679425,0.664385,0.649682,0.635316,0.621282,0.607576,0.594194,0.581129,0.568376,0.555928,0.543778,0.53192,0.520346,0.50905,0.498025,0.487263,0.476758,0.466502,0.456489,0.446713,0.437166,0.427842,0.418735,0.40984,0.401149,0.392658,0.384361,0.376252,0.368327,0.360579,0.353005,0.3456,0.338358,0.331275,0.324348,0.317571,0.310942,0.304455,0.298107,0.291895,0.285814,0.279862,0.274035,0.268329,0.262742,0.257271,0.251912,0.246663,0.241521,0.236484,0.231547,0.22671,0.22197,0.217324,0.212769,0.208305,0.203928,0.199636,0.195427,0.191299,0.187251,0.18328,0.179384,0.175562,0.171812,0.168132,0.16452,0.160976,0.157496,0.15408,0.150726,0.147432,0.144198,0.141022,0.137902,0.134837,0.131825,0.128866,0.125958,0.1231,0.120291,0.117529,0.114813,0.112143,0.109516,0.106933,0.104392,0.101891,0.0994304,0.0970086,0.0946245,0.0922774,0.0899662,0.08769,0.0854478,0.0832388,0.0810621,0.0789168,0.0768021,0.0747171,0.072661,0.070633,0.0686322,0.0666579,0.0647093,0.0627856,0.0608862,0.0590101,0.0571568,0.0553254,0.0535153,0.0517258,0.0499561,0.0482056,0.0464735,0.0447593,0.0430623,0.0413818,0.0397171,0.0380676,0.0364327,0.0348117,0.0332041,0.0316092,0.0300263,0.0284549,0.0268944,0.0253442,0.0238037,0.0222722,0.0207493,0.0192343,0.0177266,0.0162257,0.014731,0.013242,0.0117579,0.0102784,0.00880278,0.00733053,0.00586107,0.00439385,0.0029283
1,0.980294,0.960626,0.941036,0.921559,0.902231,0.883084,0.86415,0.845456,0.827027,0.808884,0.791045,0.773526,0.756339,0.739494,0.722998,0.706854,0.691066,0.675635,0.660558,0.645834,0.631459,0.617429,0.603737,0.590377,0.577344,0.564629,0.552226,0.540126,0.528323,0.516808,0.505574,0.494613,0.483918,0.47348,0.463293,0.45335,0.443644,0.434167,0.424913,0.415876,0.407049,0.398427,0.390003,0.381772,0.373728,0.365866,0.358182,0.350669,0.343323,0.33614,0.329114,0.322243,0.315521,0.308944,0.302509,0.296211,0.290048,0.284015,0.278109,0.272326,0.266665,0.26112,0.25569,0.250372,0.245162,0.240058,0.235057,0.230157,0.225355,0.220648,0.216035,0.211513,0.207079,0.202733,0.19847,0.19429,0.190191,0.186169,0.182225,0.178355,0.174558,0.170833,0.167176,0.163588,0.160066,0.156608,0.153214,0.149881,0.146608,0.143394,0.140237,0.137136,0.13409,0.131096,0.128155,0.125265,0.122424,0.119631,0.116885,0.114186,0.111531,0.10892,0.106352,0.103825,0.101339,0.0988921,0.0964841,0.0941137,0.0917798,0.0894817,0.0872183,0.0849887,0.0827921,0.0806275,0.0784942,0.0763912,0.0743177,0.0722729,0.070256,0.0682663,0.0663028,0.0643648,0.0624517,0.0605625,0.0586967,0.0568534,0.0550319,0.0532316,0.0514517,0.0496915,0.0479504,0.0462277,0.0445227,0.0428347,0.0411631,0.0395073,0.0378667,0.0362405,0.0346281,0.033029,0.0314425,0.0298681,0.028305,0.0267528,0.0252108,0.0236784,0.022155,0.0206401,0.0191331,0.0176334,0.0161404,0.0146536,0.0131723,0.0116961,0.0102244,0.00875652,0.007292,0.00583027,0.00437076,0.00291291
1,0.979921,0.959885,0.939933,0.920106,0.900443,0.880979,0.861748,0.842779,0.824097,0.805726,0.787683,0.769985,0.752643,0.735666,0.71906,0.702828,0.686971,0.671489,0.656379,0.641637,0.627258,0.613236,0.599564,0.586235,0.57324,0.560571,0.54822,0.536178,0.524438,0.512989,0.501825,0.490936,0.480314,0.469952,0.459841,0.449975,0.440345,0.430945,0.421767,0.412806,0.404054,0.395506,0.387155,0.378995,0.371022,0.363229,0.355612,0.348165,0.340884,0.333764,0.3268,0.319988,0.313324,0.306805,0.300425,0.294181,0.28807,0.282088,0.276232,0.270498,0.264883,0.259384,0.253998,0.248723,0.243555,0.238491,0.23353,0.228668,0.223904,0.219233,0.214655,0.210168,0.205768,0.201453,0.197222,0.193073,0.189003,0.185011,0.181095,0.177253,0.173483,0.169784,0.166153,0.16259,0.159092,0.155658,0.152286,0.148976,0.145725,0.142532,0.139396,0.136316,0.133289,0.130316,0.127394,0.124522,0.121699,0.118924,0.116196,0.113514,0.110876,0.108281,0.105729,0.103218,0.100747,0.0983154,0.0959222,0.0935662,0.0912466,0.0889625,0.0867128,0.0844967,0.0823133,0.0801618,0.0780412,0.0759508,0.0738897,0.071857,0.0698521,0.0678741,0.0659222,0.0639957,0.0620937,0.0602157,0.0583607,0.0565282,0.0547173,0.0529275,0.0511579,0.049408,0.0476769,0.0459642,0.044269,0.0425908,0.0409288,0.0392825,0.0376513,0.0360344,0.0344313,0.0328413,0.0312639,0.0296985,0.0281443,0.026601,0.0250677,0.0235441,0.0220294,0.0205231,0.0190246,0.0175334,0.0160489,0.0145705,0.0130977,0.0116299,0.0101665,0.00870692,0.0072507,0.00579725,0.00434601,0.00289642
1,0.979505,0.959058,0.938705,0.91849,0.898456,0.878642,0.859084,0.839813,0.820857,0.802238,0.783977,0.766088,0.748581,0.731466,0.714747,0.698425,0.682501,0.666971,0.651832,0.637077,0.622701,0.608694,0.59505,0.581758,0.568809,0.556195,0.543905,0.53193,0.52026,0.508887,0.4978,0.486991,0.476451,0.466172,0.456145,0.446363,0.436817,0.4275,0.418406,0.409527,0.400856,0.392387,0.384115,0.376033,0.368135,0.360417,0.352872,0.345496,0.338284,0.331231,0.324333,0.317586,0.310984,0.304525,0.298205,0.292019,0.285963,0.280036,0.274232,0.26855,0.262985,0.257535,0.252196,0.246967,0.241843,0.236823,0.231904,0.227083,0.222358,0.217726,0.213186,0.208735,0.20437,0.20009,0.195893,0.191777,0.187739,0.183778,0.179892,0.176079,0.172338,0.168666,0.165063,0.161526,0.158053,0.154645,0.151298,0.148012,0.144784,0.141614,0.138501,0.135442,0.132437,0.129484,0.126582,0.12373,0.120927,0.118171,0.115461,0.112797,0.110177,0.1076,0.105064,0.10257,0.100116,0.0977004,0.095323,0.0929825,0.0906781,0.0884089,0.0861738,0.0839721,0.0818028,0.0796651,0.0775582,0.0754811,0.0734332,0.0714135,0.0694213,0.0674559,0.0655163,0.0636019,0.061712,0.0598457,0.0580024,0.0561814,0.0543818,0.0526031,0.0508446,0.0491055,0.0473852,0.0456831,0.0439984,0.0423306,0.0406789,0.0390427,0.0374215,0.0358146,0.0342214,0.0326412,0.0310734,0.0295176,0.0279729,0.026439,0.0249151,0.0234008,0.0218954,0.0203983,0.0189089,0.0174268,0.0159514,0.014482,0.0130181,0.0115592,0.0101047,0.00865402,0.00720665,0.00576203,0.0043196,0.00287882
1,0.979042,0.958138,0.937338,0.916693,0.896249,0.876049,0.856133,0.836533,0.817279,0.798394,0.779899,0.761807,0.744129,0.726871,0.710037,0.693626,0.677636,0.662063,0.6469,0.63214,0.617773,0.603791,0.590182,0.576937,0.564045,0.551494,0.539275,0.527376,0.515787,0.504497,0.493497,0.482777,0.472328,0.46214,0.452205,0.442514,0.43306,0.423834,0.414829,0.406039,0.397456,0.389073,0.380885,0.372886,0.36507,0.35743,0.349963,0.342663,0.335525,0.328544,0.321716,0.315037,0.308502,0.302108,0.29585,0.289725,0.28373,0.27786,0.272112,0.266484,0.260972,0.255574,0.250285,0.245104,0.240028,0.235054,0.230179,0.225402,0.220719,0.216128,0.211628,0.207215,0.202888,0.198645,0.194483,0.190401,0.186397,0.182469,0.178615,0.174833,0.171122,0.16748,0.163906,0.160397,0.156952,0.15357,0.150249,0.146988,0.143786,0.14064,0.13755,0.134514,0.131532,0.128601,0.125721,0.12289,0.120107,0.117371,0.114681,0.112036,0.109435,0.106876,0.104359,0.101883,0.0994459,0.0970476,0.0946869,0.0923629,0.0900746,0.0878211,0.0856016,0.0834151,0.0812608,0.0791378,0.0770453,0.0749825,0.0729485,0.0709426,0.0689639,0.0670118,0.0650853,0.0631839,0.0613066,0.0594529,0.0576219,0.0558131,0.0540256,0.0522587,0.0505119,0.0487844,0.0470755,0.0453846,0.0437111,0.0420542,0.0404134,0.0387881,0.0371775,0.0355812,0.0339984,0.0324286,0.0308711,0.0293254,0.0277909,0.026267,0.0247531,0.0232486,0.021753,0.0202657,0.0187861,0.0173136,0.0158477,0.0143879,0.0129336,0.0114841,0.0100391,0.00859783,0.00715986,0.00572462,0.00429156,0.00286013
1,0.978527,0.957113,0.935817,0.914694,0.893798,0.873174,0.852865,0.832907,0.813331,0.794161,0.775417,0.757113,0.739256,0.721853,0.704903,0.688406,0.672355,0.656745,0.641566,0.626808,0.612461,0.598513,0.584951,0.571764,0.558938,0.546463,0.534325,0.522512,0.511014,0.499818,0.488915,0.478293,0.467943,0.457855,0.44802,0.438429,0.429074,0.419946,0.411038,0.402344,0.393854,0.385564,0.377467,0.369556,0.361827,0.354272,0.346888,0.339668,0.332609,0.325704,0.318951,0.312344,0.30588,0.299554,0.293363,0.287303,0.28137,0.275561,0.269873,0.264303,0.258847,0.253503,0.248267,0.243137,0.238111,0.233185,0.228358,0.223626,0.218987,0.21444,0.209981,0.20561,0.201322,0.197118,0.192994,0.188949,0.18498,0.181087,0.177266,0.173517,0.169838,0.166227,0.162683,0.159204,0.155788,0.152434,0.149141,0.145907,0.14273,0.13961,0.136545,0.133534,0.130575,0.127667,0.12481,0.122001,0.11924,0.116526,0.113857,0.111232,0.108651,0.106112,0.103614,0.101156,0.0987375,0.0963572,0.0940142,0.0917075,0.0894363,0.0871995,0.0849964,0.082826,0.0806875,0.0785801,0.0765029,0.0744551,0.0724359,0.0704445,0.0684801,0.066542,0.0646294,0.0627416,0.0608778,0.0590373,0.0572195,0.0554235,0.0536487,0.0518944,0.0501599,0.0484446,0.0467478,0.0450688,0.0434071,0.0417619,0.0401326,0.0385187,0.0369194,0.0353342,0.0337625,0.0322036,0.0306571,0.0291222,0.0275983,0.026085,0.0245817,0.0230876,0.0216024,0.0201254,0.0186561,0.0171938,0.0157381,0.0142884,0.0128441,0.0114047,0.00996964,0.00853838,0.00711036,0.00568505,0.00426189,0.00284036
1,0.977951,0.95597,0.934122,0.912471,0.891073,0.869983,0.849245,0.828899,0.808977,0.789503,0.770496,0.75197,0.73393,0.71638,0.699318,0.682738,0.666634,0.650995,0.63581,0.621066,0.60675,0.592848,0.579346,0.566229,0.553482,0.541094,0.529049,0.517334,0.505938,0.494847,0.484051,0.473538,0.463297,0.453318,0.443591,0.434108,0.42486,0.415838,0.407035,0.398443,0.390054,0.381863,0.373862,0.366046,0.358409,0.350944,0.343647,0.336513,0.329537,0.322714,0.316039,0.309509,0.303119,0.296865,0.290745,0.284753,0.278886,0.273142,0.267516,0.262007,0.25661,0.251323,0.246143,0.241067,0.236093,0.231218,0.22644,0.221757,0.217165,0.212663,0.208249,0.20392,0.199674,0.19551,0.191426,0.187419,0.183488,0.179631,0.175846,0.172132,0.168486,0.164908,0.161396,0.157948,0.154562,0.151238,0.147973,0.144767,0.141618,0.138525,0.135486,0.132501,0.129567,0.126684,0.12385,0.121065,0.118327,0.115635,0.112988,0.110385,0.107824,0.105306,0.102828,0.10039,0.097991,0.0956297,0.0933053,0.0910169,0.0887635,0.0865443,0.0843585,0.0822051,0.0800833,0.0779922,0.0759311,0.0738991,0.0718955,0.0699194,0.0679701,0.0660468,0.0641488,0.0622754,0.0604258,0.0585993,0.0567951,0.0550127,0.0532513,0.0515102,0.0497888,0.0480864,0.0464023,0.0447359,0.0430866,0.0414537,0.0398366,0.0382346,0.0366473,0.0350738,0.0335138,0.0319665,0.0304314,0.0289078,0.0273953,0.0258931,0.0244009,0.0229179,0.0214436,0.0199775,0.018519,0.0170675,0.0156225,0.0141834,0.0127498,0.011321,0.00989644,0.00847569,0.00705816,0.00564331,0.00423061,0.00281951
1,0.977308,0.954693,0.932231,0.909992,0.888042,0.86644,0.845234,0.824468,0.804174,0.784377,0.765096,0.74634,0.728115,0.71042,0.69325,0.676596,0.660448,0.644792,0.629613,0.614897,0.600626,0.586784,0.573355,0.560322,0.547669,0.535381,0.523442,0.511839,0.500556,0.489582,0.478904,0.46851,0.458388,0.448528,0.438919,0.429553,0.42042,0.411512,0.402821,0.394338,0.386057,0.377971,0.370073,0.362357,0.354817,0.347448,0.340244,0.3332,0.326312,0.319574,0.312983,0.306533,0.300222,0.294044,0.287997,0.282077,0.276281,0.270604,0.265044,0.259598,0.254263,0.249036,0.243914,0.238895,0.233977,0.229155,0.224429,0.219796,0.215253,0.210799,0.20643,0.202147,0.197945,0.193823,0.18978,0.185814,0.181922,0.178103,0.174355,0.170677,0.167067,0.163523,0.160044,0.156629,0.153275,0.149982,0.146748,0.143571,0.140451,0.137386,0.134375,0.131416,0.128509,0.125651,0.122843,0.120082,0.117368,0.114699,0.112075,0.109495,0.106956,0.104459,0.102003,0.0995855,0.0972067,0.0948653,0.0925604,0.0902912,0.0880567,0.085856,0.0836882,0.0815526,0.0794483,0.0773744,0.0753302,0.0733149,0.0713276,0.0693676,0.0674341,0.0655264,0.0636438,0.0617854,0.0599507,0.0581388,0.0563492,0.054581,0.0528337,0.0511065,0.0493988,0.0477099,0.0460391,0.044386,0.0427497,0.0411297,0.0395253,0.037936,0.0363612,0.0348001,0.0332524,0.0317172,0.0301941,0.0286825,0.0271818,0.0256914,0.0242108,0.0227394,0.0212767,0.019822,0.0183749,0.0169347,0.015501,0.0140731,0.0126506,0.0112329,0.00981949,0.00840979,0.00700329,0.00559944,0.00419772,0.0027976
1,0.976588,0.953264,0.930116,0.907225,0.884665,0.862499,0.840784,0.819564,0.798873,0.778736,0.759169,0.74018,0.72177,0.703935,0.686665,0.669948,0.653769,0.63811,0.622954,0.608282,0.594073,0.580308,0.566969,0.554036,0.541492,0.529319,0.517501,0.506022,0.494867,0.484022,0.473473,0.463209,0.453217,0.443486,0.434005,0.424765,0.415756,0.40697,0.398398,0.390032,0.381865,0.373891,0.366102,0.358492,0.351056,0.343787,0.336681,0.329733,0.322937,0.316289,0.309784,0.30342,0.297191,0.291093,0.285124,0.279279,0.273555,0.267949,0.262458,0.257079,0.251808,0.246644,0.241584,0.236624,0.231762,0.226997,0.222325,0.217744,0.213252,0.208848,0.204528,0.200291,0.196135,0.192058,0.188058,0.184134,0.180283,0.176504,0.172795,0.169154,0.165581,0.162073,0.158629,0.155248,0.151928,0.148667,0.145464,0.142319,0.139229,0.136193,0.133211,0.13028,0.1274,0.124569,0.121787,0.119052,0.116363,0.113719,0.111119,0.108562,0.106047,0.103573,0.101138,0.0987426,0.096385,0.0940645,0.0917801,0.0895309,0.087316,0.0851347,0.0829859,0.080869,0.078783,0.0767271,0.0747006,0.0727026,0.0707325,0.0687893,0.0668724,0.064981,0.0631144,0.0612719,0.0594528,0.0576563,0.0558818,0.0541286,0.052396,0.0506833,0.0489899,0.0473152,0.0456585,0.0440192,0.0423966,0.0407901,0.0391991,0.0376231,0.0360613,0.0345133,0.0329783,0.0314559,0.0299454,0.0284463,0.0269581,0.02548,0.0240116,0.0225524,0.0211017,0.019659,0.0182238,0.0167955,0.0153736,0.0139575,0.0125467,0.0111406,0.00973882,0.00834071,0.00694576,0.00555345,0.00416324,0.00277462
1,0.975778,0.95166,0.927745,0.904128,0.880891,0.858108,0.835839,0.814131,0.793018,0.772525,0.752665,0.733441,0.71485,0.696884,0.679527,0.662762,0.646569,0.630927,0.615812,0.601203,0.587075,0.573406,0.560175,0.547361,0.534943,0.522902,0.51122,0.499881,0.488867,0.478164,0.467759,0.457636,0.447785,0.438193,0.42885,0.419745,0.410869,0.402213,0.393768,0.385527,0.377481,0.369625,0.361951,0.354454,0.347126,0.339964,0.332961,0.326112,0.319413,0.31286,0.306447,0.300171,0.294028,0.288014,0.282125,0.276359,0.270711,0.265179,0.25976,0.25445,0.249248,0.244149,0.239152,0.234254,0.229452,0.224745,0.220129,0.215604,0.211165,0.206812,0.202543,0.198355,0.194247,0.190216,0.186261,0.18238,0.178572,0.174834,0.171166,0.167565,0.16403,0.16056,0.157152,0.153806,0.150521,0.147294,0.144124,0.141011,0.137952,0.134947,0.131995,0.129094,0.126242,0.12344,0.120685,0.117976,0.115314,0.112695,0.110121,0.107588,0.105097,0.102646,0.100235,0.0978617,0.0955264,0.0932276,0.0909645,0.0887363,0.086542,0.0843809,0.0822519,0.0801545,0.0780876,0.0760505,0.0740425,0.0720627,0.0701104,0.0681848,0.0662852,0.0644109,0.0625611,0.0607351,0.0589323,0.0571518,0.0553932,0.0536556,0.0519384,0.0502409,0.0485625,0.0469026,0.0452606,0.0436357,0.0420274,0.0404351,0.0388581,0.0372958,0.0357478,0.0342133,0.0326918,0.0311827,0.0296854,0.0281994,0.0267241,0.0252589,0.0238033,0.0223568,0.0209187,0.0194886,0.0180658,0.0166499,0.0152403,0.0138365,0.012438,0.0110441,0.00965447,0.00826847,0.00688561,0.00550536,0.00412719,0.00275059
1,0.974865,0.949852,0.925077,0.900649,0.876664,0.853204,0.830333,0.808102,0.786544,0.765682,0.745524,0.726069,0.707307,0.689223,0.671797,0.655004,0.638819,0.623216,0.608166,0.593642,0.579618,0.566067,0.552966,0.540289,0.528016,0.516126,0.504598,0.493414,0.482556,0.47201,0.46176,0.451793,0.442094,0.432652,0.423457,0.414497,0.405763,0.397245,0.388935,0.380826,0.372909,0.365177,0.357625,0.350245,0.343032,0.335981,0.329086,0.322342,0.315745,0.30929,0.302972,0.296789,0.290736,0.284809,0.279005,0.27332,0.267752,0.262297,0.256953,0.251715,0.246583,0.241552,0.236621,0.231787,0.227048,0.222401,0.217844,0.213376,0.208993,0.204694,0.200477,0.196339,0.192281,0.188298,0.18439,0.180555,0.176791,0.173096,0.16947,0.16591,0.162415,0.158983,0.155614,0.152305,0.149055,0.145863,0.142728,0.139648,0.136622,0.133649,0.130728,0.127857,0.125036,0.122262,0.119536,0.116855,0.11422,0.111628,0.109079,0.106572,0.104106,0.10168,0.0992928,0.0969434,0.0946312,0.0923551,0.0901143,0.0879079,0.085735,0.0835948,0.0814866,0.0794094,0.0773624,0.075345,0.0733562,0.0713954,0.0694617,0.0675544,0.0656729,0.0638163,0.061984,0.0601753,0.0583894,0.0566257,0.0548835,0.0531622,0.0514611,0.0497794,0.0481167,0.0464723,0.0448455,0.0432357,0.0416423,0.0400647,0.0385023,0.0369545,0.0354207,0.0339004,0.0323929,0.0308977,0.0294141,0.0279418,0.02648,0.0250283,0.0235861,0.0221527,0.0207278,0.0193108,0.017901,0.0164981,0.0151014,0.0137104,0.0123246,0.0109435,0.00956647,0.00819311,0.00682286,0.00545519,0.00408958,0.00272553
1,0.97383,0.947804,0.922062,0.896728,0.871913,0.84771,0.824187,0.801398,0.779375,0.758135,0.73768,0.718003,0.699086,0.680905,0.663433,0.646638,0.630489,0.614951,0.599993,0.585582,0.571687,0.558279,0.54533,0.532815,0.520708,0.508987,0.497631,0.48662,0.475935,0.46556,0.45548,0.44568,0.436146,0.426866,0.417828,0.409023,0.400439,0.392069,0.383902,0.375932,0.36815,0.36055,0.353125,0.345869,0.338777,0.331842,0.32506,0.318425,0.311934,0.305582,0.299364,0.293277,0.287318,0.281481,0.275765,0.270166,0.26468,0.259305,0.254038,0.248876,0.243816,0.238856,0.233994,0.229226,0.224552,0.219967,0.215471,0.211062,0.206736,0.202493,0.19833,0.194246,0.190238,0.186305,0.182446,0.178658,0.17494,0.17129,0.167707,0.16419,0.160736,0.157345,0.154014,0.150744,0.147531,0.144376,0.141277,0.138231,0.13524,0.1323,0.129411,0.126572,0.123781,0.121038,0.118341,0.115689,0.113082,0.110518,0.107997,0.105516,0.103076,0.100675,0.098313,0.0959882,0.0936999,0.0914474,0.0892297,0.0870459,0.0848953,0.082777,0.0806902,0.0786341,0.0766079,0.0746108,0.072642,0.0707009,0.0687866,0.0668984,0.0650356,0.0631975,0.0613834,0.0595926,0.0578244,0.0560781,0.0543531,0.0526487,0.0509643,0.0492991,0.0476527,0.0460243,0.0444134,0.0428193,0.0412414,0.0396792,0.038132,0.0365992,0.0350803,0.0335746,0.0320817,0.030601,0.0291318,0.0276736,0.026226,0.0247882,0.0233599,0.0219403,0.0205291,0.0191257,0.0177295,0.01634,0.0149567,0.013579,0.0122065,0.0108386,0.00947486,0.00811466,0.00675753,0.00540296,0.00405043,0.00269944
1,0.972651,0.945475,0.918637,0.892287,0.866552,0.841534,0.817309,0.793929,0.771423,0.749802,0.72906,0.709177,0.690128,0.671879,0.654392,0.637627,0.621546,0.606107,0.591273,0.577005,0.563269,0.550032,0.537262,0.524932,0.513014,0.501484,0.490319,0.479499,0.469004,0.458816,0.44892,0.4393,0.429943,0.420837,0.411968,0.403327,0.394904,0.386688,0.378673,0.370849,0.36321,0.355748,0.348457,0.341331,0.334364,0.327551,0.320886,0.314366,0.307985,0.301739,0.295625,0.289639,0.283776,0.278034,0.272408,0.266897,0.261497,0.256205,0.251018,0.245934,0.240949,0.236063,0.231271,0.226573,0.221965,0.217445,0.213012,0.208664,0.204398,0.200212,0.196105,0.192076,0.188121,0.18424,0.18043,0.176691,0.173021,0.169417,0.165879,0.162406,0.158995,0.155645,0.152356,0.149125,0.145951,0.142833,0.139771,0.136762,0.133805,0.130899,0.128044,0.125237,0.122479,0.119767,0.117101,0.114479,0.111901,0.109366,0.106873,0.10442,0.102007,0.0996322,0.0972958,0.0949964,0.092733,0.0905049,0.0883111,0.0861509,0.0840234,0.0819278,0.0798633,0.077829,0.0758243,0.0738483,0.0719004,0.0699796,0.0680854,0.0662171,0.0643737,0.0625548,0.0607596,0.0589874,0.0572375,0.0555093,0.0538021,0.0521153,0.0504482,0.0488002,0.0471707,0.045559,0.0439646,0.0423868,0.040825,0.0392787,0.0377472,0.03623,0.0347266,0.0332362,0.0317585,0.0302927,0.0288384,0.027395,0.025962,0.0245388,0.0231248,0.0217196,0.0203227,0.0189334,0.0175512,0.0161757,0.0148064,0.0134426,0.0120839,0.0107297,0.00937967,0.00803314,0.00668965,0.00534869,0.00400975,0.00267232
1,0.971298,0.942807,0.914726,0.887232,0.860474,0.834564,0.809585,0.785585,0.762587,0.740591,0.719578,0.699518,0.68037,0.66209,0.644627,0.627934,0.61196,0.596659,0.581985,0.567896,0.554353,0.541317,0.528755,0.516636,0.504932,0.493615,0.482663,0.472053,0.461765,0.451781,0.442084,0.432658,0.423491,0.414569,0.40588,0.397414,0.389159,0.381109,0.373252,0.365583,0.358093,0.350775,0.343624,0.336633,0.329797,0.32311,0.316568,0.310166,0.3039,0.297766,0.291759,0.285876,0.280114,0.274469,0.268938,0.263518,0.258206,0.252999,0.247895,0.242891,0.237985,0.233174,0.228456,0.223828,0.219289,0.214837,0.210469,0.206183,0.201979,0.197853,0.193804,0.18983,0.18593,0.182102,0.178345,0.174656,0.171034,0.167479,0.163988,0.160559,0.157192,0.153886,0.150638,0.147448,0.144315,0.141236,0.138211,0.135239,0.132319,0.129449,0.126628,0.123855,0.12113,0.11845,0.115816,0.113225,0.110678,0.108172,0.105708,0.103284,0.100898,0.0985513,0.0962417,0.0939685,0.0917309,0.0895281,0.0873592,0.0852233,0.0831197,0.0810476,0.0790061,0.0769945,0.075012,0.0730579,0.0711315,0.0692319,0.0673586,0.0655107,0.0636875,0.0618885,0.0601128,0.0583599,0.056629,0.0549195,0.0532308,0.0515622,0.0499131,0.0482829,0.0466709,0.0450765,0.0434991,0.0419382,0.0403932,0.0388634,0.0373483,0.0358472,0.0343598,0.0328853,0.0314232,0.029973,0.0285342,0.0271061,0.0256882,0.0242801,0.0228811,0.0214908,0.0201086,0.0187339,0.0173664,0.0160054,0.0146505,0.0133011,0.0119567,0.0106168,0.00928095,0.0079486,0.00661925,0.0052924,0.00396755,0.0026442
1,0.969734,0.939728,0.910227,0.881442,0.853546,0.826665,0.800881,0.776239,0.75275,0.730396,0.709145,0.688947,0.669746,0.651483,0.634094,0.61752,0.601702,0.586584,0.572114,0.558243,0.544928,0.532128,0.519805,0.507927,0.496462,0.485383,0.474665,0.464285,0.454222,0.444458,0.434975,0.425759,0.416794,0.408068,0.39957,0.391288,0.383212,0.375334,0.367645,0.360137,0.352803,0.345636,0.338631,0.331781,0.325081,0.318525,0.312111,0.305832,0.299684,0.293664,0.287769,0.281993,0.276335,0.27079,0.265357,0.260031,0.25481,0.249692,0.244673,0.239752,0.234926,0.230193,0.22555,0.220996,0.216528,0.212144,0.207843,0.203623,0.199481,0.195416,0.191427,0.187511,0.183668,0.179895,0.17619,0.172553,0.168983,0.165476,0.162033,0.158651,0.15533,0.152068,0.148863,0.145716,0.142623,0.139585,0.136599,0.133666,0.130783,0.127949,0.125164,0.122427,0.119735,0.117089,0.114487,0.111929,0.109413,0.106938,0.104503,0.102108,0.0997519,0.0974332,0.0951512,0.0929052,0.0906942,0.0885175,0.0863742,0.0842635,0.0821846,0.0801367,0.0781191,0.0761309,0.0741714,0.07224,0.0703358,0.0684581,0.0666063,0.0647796,0.0629773,0.0611988,0.0594434,0.0577104,0.0559992,0.0543091,0.0526395,0.0509897,0.0493592,0.0477473,0.0461534,0.044577,0.0430173,0.0414739,0.0399461,0.0384334,0.0369352,0.0354509,0.03398,0.032522,0.0310762,0.0296421,0.0282192,0.0268069,0.0254048,0.0240122,0.0226288,0.0212538,0.0198869,0.0185274,0.017175,0.015829,0.014489,0.0131545,0.011825,0.0104999,0.00917874,0.00786107,0.00654636,0.00523413,0.00392387,0.00261509
1,0.967909,0.936145,0.905011,0.874764,0.845603,0.817667,0.791036,0.765742,0.741776,0.7191,0.697657,0.677378,0.658185,0.64,0.622747,0.606351,0.590744,0.575861,0.561642,0.548034,0.534989,0.522461,0.510411,0.498803,0.487606,0.47679,0.466329,0.456199,0.446381,0.436854,0.427601,0.418607,0.409858,0.40134,0.393043,0.384956,0.377068,0.369371,0.361856,0.354517,0.347346,0.340336,0.333482,0.326778,0.320219,0.3138,0.307517,0.301365,0.29534,0.289439,0.283658,0.277993,0.272442,0.267001,0.261667,0.256438,0.251311,0.246284,0.241353,0.236517,0.231774,0.227121,0.222555,0.218076,0.213682,0.209369,0.205137,0.200983,0.196906,0.192905,0.188977,0.185121,0.181335,0.177618,0.173969,0.170385,0.166866,0.16341,0.160016,0.156683,0.153408,0.150192,0.147032,0.143928,0.140878,0.137881,0.134936,0.132042,0.129197,0.126401,0.123653,0.120951,0.118295,0.115684,0.113116,0.11059,0.108106,0.105663,0.103259,0.100895,0.0985679,0.0962783,0.0940249,0.0918068,0.0896233,0.0874736,0.0853567,0.083272,0.0812185,0.0791957,0.0772026,0.0752386,0.073303,0.0713948,0.0695136,0.0676585,0.0658289,0.0640241,0.0622434,0.0604861,0.0587516,0.0570392,0.0553483,0.0536782,0.0520283,0.050398,0.0487867,0.0471938,0.0456187,0.0440607,0.0425193,0.040994,0.0394841,0.037989,0.0365083,0.0350413,0.0335875,0.0321464,0.0307174,0.0293,0.0278936,0.0264977,0.0251118,0.0237354,0.0223679,0.0210088,0.0196577,0.018314,0.0169771,0.0156467,0.0143222,0.013003,0.0116888,0.010379,0.00907307,0.00777057,0.00647101,0.00517388,0.00387871,0.00258499
1,0.965756,0.931932,0.898909,0.867,0.836436,0.807364,0.779854,0.753916,0.729511,0.706571,0.685007,0.664722,0.645615,0.627586,0.610542,0.594394,0.579062,0.564473,0.55056,0.537264,0.524531,0.512316,0.500574,0.48927,0.478369,0.467841,0.457661,0.447803,0.438248,0.428975,0.419968,0.411211,0.40269,0.394392,0.386307,0.378424,0.370732,0.363225,0.355892,0.348729,0.341727,0.33488,0.328183,0.321631,0.315218,0.30894,0.302792,0.296772,0.290873,0.285094,0.279431,0.27388,0.268439,0.263104,0.257874,0.252744,0.247714,0.242779,0.237939,0.233191,0.228532,0.223961,0.219475,0.215073,0.210753,0.206513,0.202352,0.198267,0.194256,0.19032,0.186454,0.182659,0.178933,0.175274,0.171681,0.168152,0.164687,0.161283,0.15794,0.154655,0.151429,0.14826,0.145146,0.142086,0.139079,0.136125,0.133221,0.130368,0.127563,0.124806,0.122095,0.119431,0.116811,0.114235,0.111701,0.10921,0.106759,0.104348,0.101976,0.099643,0.0973469,0.0950872,0.0928632,0.090674,0.0885188,0.0863968,0.0843072,0.0822492,0.080222,0.078225,0.0762572,0.0743181,0.0724069,0.0705229,0.0686653,0.0668336,0.0650269,0.0632446,0.0614861,0.0597507,0.0580377,0.0563466,0.0546766,0.0530271,0.0513976,0.0497874,0.0481959,0.0466226,0.0450668,0.0435279,0.0420054,0.0404986,0.0390071,0.0375303,0.0360676,0.0346185,0.0331824,0.0317588,0.0303471,0.0289469,0.0275575,0.0261785,0.0248094,0.0234496,0.0220986,0.020756,0.0194211,0.0180936,0.0167729,0.0154585,0.0141499,0.0128467,0.0115483,0.0102542,0.00896399,0.00767716,0.00639322,0.00511169,0.00383209,0.00255392
1,0.963185,0.926919,0.891692,0.85789,0.825777,0.795499,0.767102,0.740556,0.715782,0.692665,0.671078,0.650889,0.631966,0.614188,0.59744,0.581621,0.566638,0.552409,0.538861,0.525929,0.513558,0.501696,0.490301,0.479333,0.468758,0.458546,0.44867,0.439106,0.429832,0.420831,0.412085,0.403578,0.395298,0.387232,0.379369,0.3717,0.364213,0.356903,0.349761,0.342779,0.335952,0.329275,0.32274,0.316344,0.310082,0.303949,0.297941,0.292055,0.286287,0.280633,0.275091,0.269658,0.264329,0.259104,0.253979,0.248951,0.24402,0.239181,0.234433,0.229774,0.225202,0.220715,0.216311,0.211988,0.207745,0.20358,0.19949,0.195475,0.191533,0.187663,0.183862,0.18013,0.176464,0.172865,0.169329,0.165857,0.162446,0.159095,0.155804,0.15257,0.149393,0.146272,0.143205,0.140191,0.137229,0.134318,0.131457,0.128645,0.125881,0.123164,0.120492,0.117866,0.115283,0.112743,0.110245,0.107788,0.105372,0.102994,0.100656,0.0983541,0.0960895,0.0938606,0.0916669,0.0895073,0.0873812,0.0852877,0.0832261,0.0811956,0.0791955,0.0772249,0.0752833,0.0733698,0.0714838,0.0696245,0.0677914,0.0659836,0.0642005,0.0624414,0.0607058,0.0589929,0.0573021,0.0556328,0.0539844,0.0523562,0.0507477,0.0491582,0.0475871,0.0460339,0.044498,0.0429787,0.0414756,0.0399881,0.0385156,0.0370576,0.0356135,0.0341827,0.0327648,0.0313592,0.0299654,0.0285829,0.0272111,0.0258495,0.0244977,0.023155,0.0218211,0.0204953,0.0191773,0.0178665,0.0165624,0.0152645,0.0139724,0.0126855,0.0114034,0.0101256,0.00885155,0.00758087,0.00631304,0.00504759,0.00378403,0.0025219
1,0.960063,0.920867,0.883051,0.847092,0.813283,0.781752,0.752497,0.725426,0.700394,0.677229,0.655752,0.635788,0.617173,0.599758,0.583411,0.568012,0.55346,0.539664,0.526545,0.514034,0.502074,0.490611,0.479601,0.469003,0.458785,0.448915,0.439367,0.430117,0.421145,0.412432,0.403962,0.39572,0.387693,0.379869,0.372239,0.364792,0.357519,0.350413,0.343468,0.336675,0.330029,0.323526,0.317159,0.310924,0.304816,0.298833,0.292969,0.287221,0.281586,0.276061,0.270643,0.265329,0.260117,0.255003,0.249986,0.245063,0.240232,0.235491,0.230838,0.226271,0.221788,0.217387,0.213066,0.208824,0.204659,0.20057,0.196554,0.192611,0.188739,0.184936,0.181201,0.177533,0.17393,0.170391,0.166914,0.163499,0.160144,0.156848,0.15361,0.150428,0.147302,0.14423,0.141211,0.138244,0.135328,0.132461,0.129644,0.126875,0.124152,0.121476,0.118844,0.116257,0.113712,0.111209,0.108748,0.106327,0.103945,0.101602,0.0992971,0.0970287,0.0947963,0.0925991,0.0904363,0.0883072,0.086211,0.0841468,0.082114,0.0801117,0.0781393,0.0761961,0.0742812,0.0723941,0.070534,0.0687002,0.0668921,0.0651089,0.0633501,0.0616149,0.0599028,0.058213,0.0565451,0.0548983,0.053272,0.0516657,0.0500787,0.0485105,0.0469604,0.0454279,0.0439125,0.0424135,0.0409304,0.0394626,0.0380097,0.0365709,0.035146,0.0337341,0.032335,0.0309479,0.0295725,0.0282082,0.0268545,0.0255108,0.0241768,0.0228518,0.0215353,0.020227,0.0189263,0.0176327,0.0163456,0.0150648,0.0137896,0.0125196,0.0112542,0.00999313,0.00873579,0.00748174,0.00623049,0.00498159,0.00373455,0.00248892
1,0.956202,0.913434,0.872552,0.834143,0.798512,0.76573,0.735709,0.708257,0.68314,0.660106,0.638914,0.619338,0.60118,0.584262,0.568432,0.553558,0.539526,0.526241,0.51362,0.50159,0.490092,0.479073,0.468487,0.458295,0.448463,0.438962,0.429766,0.420851,0.412198,0.40379,0.395611,0.387646,0.379884,0.372314,0.364925,0.357709,0.350658,0.343764,0.337021,0.330423,0.323965,0.31764,0.311445,0.305376,0.299427,0.293597,0.28788,0.282274,0.276776,0.271382,0.266091,0.2609,0.255806,0.250806,0.245899,0.241083,0.236355,0.231714,0.227157,0.222684,0.218291,0.213978,0.209742,0.205583,0.201498,0.197486,0.193546,0.189676,0.185875,0.182142,0.178474,0.174871,0.171332,0.167855,0.164438,0.161082,0.157784,0.154544,0.15136,0.148231,0.145156,0.142134,0.139165,0.136246,0.133376,0.130556,0.127783,0.125058,0.122378,0.119743,0.117152,0.114605,0.112099,0.109635,0.107211,0.104826,0.102481,0.100173,0.0979019,0.0956672,0.0934679,0.0913032,0.0891722,0.0870743,0.0850087,0.0829746,0.0809713,0.0789981,0.0770542,0.0751389,0.0732515,0.0713914,0.0695579,0.0677502,0.0659678,0.06421,0.062476,0.0607654,0.0590774,0.0574115,0.055767,0.0541433,0.0525398,0.0509559,0.0493911,0.0478447,0.0463162,0.044805,0.0433106,0.0418324,0.0403698,0.0389224,0.0374895,0.0360706,0.0346653,0.0332729,0.031893,0.0305251,0.0291686,0.027823,0.0264878,0.0251626,0.0238468,0.0225399,0.0212415,0.0199511,0.0186682,0.0173922,0.0161228,0.0148594,0.0136016,0.0123489,0.0111009,0.00985696,0.00861676,0.0073798,0.00614561,0.00491372,0.00368368,0.00245502
1,0.951311,0.904114,0.859581,0.818417,0.78089,0.746949,0.716349,0.688754,0.663801,0.641141,0.620457,0.601472,0.583946,0.567678,0.552497,0.53826,0.524846,0.512156,0.500103,0.488615,0.477632,0.467101,0.456979,0.447226,0.437811,0.428705,0.419882,0.411323,0.403007,0.394919,0.387044,0.37937,0.371884,0.364576,0.357438,0.350462,0.343639,0.336964,0.33043,0.324033,0.317766,0.311625,0.305607,0.299707,0.293921,0.288247,0.28268,0.277219,0.27186,0.266601,0.26144,0.256373,0.2514,0.246517,0.241722,0.237015,0.232392,0.227852,0.223394,0.219016,0.214715,0.210491,0.206342,0.202267,0.198264,0.194331,0.190468,0.186673,0.182944,0.179281,0.175682,0.172146,0.168671,0.165257,0.161903,0.158606,0.155367,0.152183,0.149055,0.14598,0.142958,0.139987,0.137068,0.134198,0.131376,0.128603,0.125876,0.123195,0.120559,0.117967,0.115418,0.112911,0.110445,0.10802,0.105634,0.103287,0.100978,0.0987062,0.0964706,0.0942705,0.092105,0.0899735,0.0878752,0.0858093,0.083775,0.0817718,0.0797987,0.0778552,0.0759404,0.0740538,0.0721947,0.0703623,0.068556,0.0667751,0.0650191,0.0632872,0.0615788,0.0598933,0.0582301,0.0565885,0.0549681,0.0533681,0.0517879,0.0502271,0.048685,0.0471611,0.0456547,0.0441654,0.0426926,0.0412357,0.0397942,0.0383676,0.0369553,0.0355569,0.0341717,0.0327993,0.0314392,0.0300908,0.0287537,0.0274273,0.0261113,0.024805,0.0235079,0.0222197,0.0209398,0.0196678,0.0184031,0.0171453,0.0158939,0.0146485,0.0134086,0.0121737,0.0109433,0.0097171,0.00849451,0.0072751,0.00605842,0.00484402,0.00363142,0.00242019
1,0.944927,0.892131,0.843242,0.799053,0.759682,0.724826,0.693986,0.66661,0.64217,0.620201,0.600303,0.582146,0.565455,0.550007,0.535618,0.522138,0.509444,0.497433,0.48602,0.475135,0.464719,0.454722,0.445101,0.435821,0.42685,0.418163,0.409736,0.401551,0.393589,0.385836,0.378278,0.370905,0.363705,0.356669,0.34979,0.34306,0.336473,0.330023,0.323704,0.317511,0.311441,0.305488,0.29965,0.293923,0.288303,0.282788,0.277376,0.272062,0.266845,0.261723,0.256693,0.251754,0.246903,0.242138,0.237458,0.232861,0.228345,0.223909,0.219551,0.215269,0.211063,0.20693,0.202869,0.198879,0.194959,0.191107,0.187322,0.183603,0.179948,0.176357,0.172827,0.169359,0.165951,0.162601,0.159309,0.156073,0.152893,0.149768,0.146696,0.143676,0.140708,0.13779,0.134921,0.132101,0.129329,0.126603,0.123923,0.121287,0.118696,0.116147,0.113641,0.111175,0.10875,0.106365,0.104019,0.10171,0.0994386,0.0972035,0.0950039,0.0928391,0.0907083,0.0886108,0.0865458,0.0845126,0.0825105,0.0805387,0.0785966,0.0766835,0.0747987,0.0729414,0.0711111,0.0693071,0.0675287,0.0657753,0.0640463,0.0623409,0.0606587,0.058999,0.0573611,0.0557446,0.0541488,0.052573,0.0510169,0.0494797,0.0479609,0.0464599,0.0449763,0.0435094,0.0420587,0.0406237,0.0392038,0.0377986,0.0364074,0.0350299,0.0336654,0.0323134,0.0309736,0.0296453,0.0283281,0.0270215,0.025725,0.0244381,0.0231603,0.0218912,0.0206303,0.0193771,0.0181311,0.0168919,0.0156591,0.0144321,0.0132105,0.0119939,0.0107817,0.00957361,0.00836908,0.00716769,0.00596898,0.0047725,0.00357781,0.00238446
1,0.936267,0.876242,0.822202,0.774872,0.733959,0.698687,0.668158,0.641528,0.618069,0.597188,0.578409,0.561353,0.545721,0.531276,0.51783,0.505231,0.493358,0.482111,0.47141,0.461187,0.451388,0.441966,0.432883,0.424105,0.415606,0.407361,0.39935,0.391555,0.383962,0.376557,0.369328,0.362266,0.355361,0.348606,0.341993,0.335517,0.329171,0.32295,0.31685,0.310867,0.304997,0.299237,0.293583,0.288032,0.282581,0.277229,0.271972,0.266808,0.261736,0.256752,0.251857,0.247046,0.24232,0.237675,0.233112,0.228627,0.224219,0.219888,0.215631,0.211448,0.207337,0.203296,0.199325,0.195422,0.191586,0.187816,0.18411,0.180468,0.176888,0.17337,0.169912,0.166512,0.163171,0.159887,0.156658,0.153485,0.150366,0.147299,0.144284,0.141321,0.138407,0.135543,0.132726,0.129957,0.127235,0.124557,0.121925,0.119336,0.11679,0.114285,0.111822,0.1094,0.107016,0.104672,0.102365,0.100096,0.0978628,0.0956652,0.0935024,0.0913737,0.0892783,0.0872156,0.0851846,0.0831849,0.0812156,0.0792761,0.0773656,0.0754836,0.0736293,0.0718021,0.0700013,0.0682263,0.0664765,0.0647512,0.0630498,0.0613716,0.0597162,0.0580828,0.056471,0.05488,0.0533094,0.0517585,0.0502269,0.0487139,0.0472189,0.0457415,0.0442811,0.0428372,0.0414091,0.0399965,0.0385988,0.0372154,0.0358459,0.0344898,0.0331465,0.0318156,0.0304965,0.0291888,0.027892,0.0266056,0.0253291,0.0240621,0.022804,0.0215545,0.020313,0.0190791,0.0178524,0.0166323,0.0154184,0.0142103,0.0130075,0.0118096,0.0106161,0.00942655,0.00824053,0.0070576,0.0058773,0.00469921,0.00352287,0.00234785
1,0.923899,0.854368,0.79445,0.744276,0.702594,0.667805,0.638433,0.613273,0.591391,0.572075,0.554791,0.539135,0.524799,0.511547,0.499194,0.487599,0.476646,0.466244,0.456321,0.446815,0.437679,0.428872,0.420358,0.412112,0.404107,0.396324,0.388746,0.381358,0.374147,0.367101,0.360212,0.35347,0.346868,0.3404,0.33406,0.327842,0.321742,0.315756,0.30988,0.304111,0.298445,0.292879,0.287412,0.28204,0.276761,0.271573,0.266474,0.261463,0.256537,0.251695,0.246934,0.242255,0.237655,0.233132,0.228686,0.224315,0.220017,0.215792,0.211639,0.207555,0.20354,0.199593,0.195713,0.191898,0.188147,0.18446,0.180835,0.177271,0.173768,0.170323,0.166937,0.163608,0.160335,0.157117,0.153953,0.150843,0.147785,0.144778,0.141822,0.138916,0.136058,0.133248,0.130484,0.127767,0.125095,0.122467,0.119883,0.117341,0.114842,0.112383,0.109964,0.107585,0.105244,0.102941,0.100675,0.0984455,0.0962515,0.0940922,0.091967,0.0898751,0.0878159,0.0857885,0.0837924,0.0818268,0.079891,0.0779844,0.0761063,0.0742561,0.072433,0.0706364,0.0688658,0.0671205,0.0653998,0.0637032,0.06203,0.0603797,0.0587516,0.0571452,0.0555599,0.0539951,0.0524503,0.0509249,0.0494183,0.04793,0.0464595,0.0450062,0.0435695,0.0421491,0.0407442,0.0393545,0.0379795,0.0366185,0.0352712,0.0339369,0.0326153,0.0313058,0.030008,0.0287214,0.0274454,0.0261797,0.0249238,0.0236771,0.0224392,0.0212098,0.0199882,0.0187741,0.017567,0.0163665,0.015172,0.0139833,0.0127997,0.0116209,0.0104465,0.00927598,0.00810891,0.00694488,0.00578344,0.00462416,0.00346661,0.00231035
1,0.90496,0.82288,0.756955,0.705188,0.664337,0.631504,0.604496,0.581743,0.562145,0.544929,0.529546,0.515598,0.502794,0.490917,0.479803,0.469324,0.459382,0.449899,0.440813,0.432075,0.423642,0.415483,0.407568,0.399876,0.392386,0.385084,0.377953,0.370984,0.364166,0.35749,0.350948,0.344534,0.338242,0.332067,0.326004,0.32005,0.314201,0.308453,0.302804,0.297251,0.291792,0.286424,0.281146,0.275955,0.27085,0.265829,0.26089,0.256032,0.251254,0.246555,0.241932,0.237385,0.232912,0.228512,0.224185,0.219929,0.215743,0.211625,0.207576,0.203593,0.199676,0.195824,0.192035,0.188309,0.184645,0.181042,0.177499,0.174014,0.170588,0.167218,0.163905,0.160647,0.157443,0.154293,0.151195,0.148149,0.145153,0.142207,0.139311,0.136462,0.133661,0.130906,0.128197,0.125532,0.122911,0.120334,0.117799,0.115305,0.112853,0.11044,0.108066,0.105731,0.103434,0.101173,0.0989486,0.0967597,0.0946054,0.0924852,0.0903983,0.088344,0.0863216,0.0843304,0.0823697,0.080439,0.0785374,0.0766644,0.0748192,0.0730014,0.0712101,0.0694449,0.0677051,0.06599,0.0642992,0.0626318,0.0609875,0.0593656,0.0577655,0.0561866,0.0546284,0.0530904,0.0515719,0.0500724,0.0485915,0.0471285,0.0456829,0.0442542,0.0428418,0.0414454,0.0400642,0.038698,0.0373461,0.036008,0.0346833,0.0333715,0.032072,0.0307845,0.0295084,0.0282433,0.0269887,0.0257442,0.0245092,0.0232833,0.0220661,0.0208572,0.019656,0.0184621,0.0172751,0.0160945,0.01492,0.013751,0.0125871,0.0114279,0.010273,0.00912195,0.00797427,0.00682957,0.00568742,0.00454739,0.00340906,0.002272
1,0.873063,0.775236,0.705301,0.655185,0.61806,0.589381,0.566303,0.547056,0.530517,0.515951,0.502865,0.490916,0.479862,0.469526,0.459775,0.450512,0.441659,0.433157,0.424959,0.417028,0.409332,0.401848,0.394556,0.387437,0.380479,0.37367,0.367,0.36046,0.354043,0.347743,0.341556,0.335475,0.329498,0.323621,0.31784,0.312153,0.306557,0.301051,0.295632,0.290298,0.285047,0.279879,0.274792,0.269784,0.264854,0.260002,0.255225,0.250522,0.245894,0.241338,0.236853,0.23244,0.228096,0.223821,0.219614,0.215473,0.211399,0.207391,0.203446,0.199565,0.195747,0.19199,0.188295,0.184659,0.181082,0.177564,0.174103,0.170699,0.167351,0.164058,0.160818,0.157632,0.154498,0.151416,0.148385,0.145404,0.142471,0.139587,0.136751,0.133961,0.131217,0.128518,0.125864,0.123253,0.120685,0.118158,0.115673,0.113229,0.110824,0.108458,0.10613,0.10384,0.101586,0.0993689,0.0971867,0.0950391,0.0929255,0.090845,0.0887971,0.086781,0.0847961,0.0828418,0.0809173,0.079022,0.0771552,0.0753164,0.0735049,0.0717201,0.0699614,0.0682281,0.0665196,0.0648355,0.063175,0.0615376,0.0599227,0.0583297,0.0567581,0.0552073,0.0536769,0.0521661,0.0506745,0.0492016,0.0477468,0.0463095,0.0448894,0.0434858,0.0420983,0.0407264,0.0393695,0.0380271,0.0366988,0.0353842,0.0340826,0.0327937,0.0315169,0.0302518,0.0289979,0.0277548,0.026522,0.0252991,0.0240855,0.0228809,0.0216848,0.0204968,0.0193164,0.0181432,0.0169768,0.0158166,0.0146624,0.0135136,0.0123698,0.0112307,0.0100957,0.00896452,0.00783666,0.00671172,0.00558929,0.00446893,0.00335024,0.0022328
1,0.812055,0.6997,0.633828,0.59219,0.563339,0.541655,0.524278,0.509663,0.496916,0.485494,0.475047,0.465341,0.456213,0.447548,0.439261,0.431289,0.423585,0.416111,0.408839,0.401745,0.394811,0.388023,0.381369,0.374838,0.368423,0.362118,0.355915,0.349812,0.343803,0.337886,0.332057,0.326314,0.320655,0.315078,0.309582,0.304164,0.298825,0.293562,0.288374,0.283261,0.278221,0.273254,0.268359,0.263536,0.258782,0.254099,0.249485,0.244939,0.24046,0.236049,0.231704,0.227425,0.223211,0.219061,0.214975,0.210952,0.206991,0.203092,0.199253,0.195475,0.191756,0.188096,0.184494,0.18095,0.177461,0.174029,0.170652,0.167329,0.164059,0.160843,0.157678,0.154565,0.151502,0.148489,0.145525,0.14261,0.139741,0.13692,0.134144,0.131414,0.128729,0.126087,0.123488,0.120931,0.118416,0.115942,0.113507,0.111112,0.108756,0.106438,0.104157,0.101912,0.0997033,0.0975295,0.0953903,0.0932848,0.0912123,0.0891723,0.0871641,0.0851869,0.0832402,0.0813233,0.0794356,0.0775765,0.0757452,0.0739413,0.072164,0.0704129,0.0686872,0.0669864,0.06531,0.0636573,0.0620278,0.0604208,0.0588359,0.0572725,0.05573,0.0542079,0.0527056,0.0512227,0.0497585,0.0483126,0.0468845,0.0454736,0.0440794,0.0427015,0.0413393,0.0399923,0.0386601,0.0373422,0.0360381,0.0347473,0.0334693,0.0322037,0.03095,0.0297078,0.0284766,0.027256,0.0260455,0.0248446,0.0236529,0.02247,0.0212955,0.0201289,0.0189697,0.0178176,0.0166721,0.0155328,0.0143993,0.0132712,0.012148,0.0110293,0.00991468,0.00880377,0.00769615,0.00659138,0.00548907,0.00438881,0.00329018,0.00219277
1,0.675459,0.57768,0.538122,0.516409,0.501451,0.489622,0.479493,0.4704,0.461991,0.454062,0.446488,0.439186,0.4321,0.425191,0.418431,0.411799,0.405281,0.398864,0.392539,0.386301,0.380144,0.374064,0.368058,0.362123,0.356259,0.350462,0.344732,0.339069,0.333472,0.327939,0.322472,0.317069,0.31173,0.306455,0.301245,0.296098,0.291016,0.285997,0.281042,0.27615,0.271322,0.266557,0.261855,0.257216,0.252641,0.248127,0.243676,0.239287,0.23496,0.230694,0.22649,0.222346,0.218262,0.214238,0.210274,0.206368,0.202521,0.198732,0.195,0.191326,0.187707,0.184144,0.180637,0.177184,0.173785,0.170439,0.167146,0.163905,0.160715,0.157576,0.154487,0.151447,0.148456,0.145513,0.142617,0.139768,0.136965,0.134207,0.131493,0.128823,0.126196,0.123612,0.121069,0.118568,0.116107,0.113685,0.111302,0.108958,0.106651,0.104381,0.102147,0.0999485,0.0977851,0.0956558,0.0935602,0.0914974,0.0894669,0.087468,0.0855,0.0835625,0.0816546,0.0797758,0.0779255,0.0761031,0.0743079,0.0725395,0.0707971,0.0690802,0.0673882,0.0657206,0.0640767,0.062456,0.060858,0.0592821,0.0577277,0.0561944,0.0546815,0.0531886,0.0517151,0.0502605,0.0488243,0.047406,0.046005,0.044621,0.0432533,0.0419015,0.0405651,0.0392436,0.0379366,0.0366436,0.035364,0.0340976,0.0328437,0.0316019,0.0303718,0.0291529,0.0279449,0.0267471,0.0255593,0.0243809,0.0232116,0.0220508,0.0208983,0.0197535,0.018616,0.0174854,0.0163613,0.0152433,0.014131,0.0130239,0.0119216,0.0108238,0.00972995,0.00863976,0.00755277,0.0064686,0.00538683,0.00430706,0.00322889,0.00215193
0,0.3121,0.397441,0.424571,0.433871,0.436433,0.435889,0.433673,0.430452,0.426584,0.422276,0.417657,0.412816,0.407811,0.402686,0.397473,0.392197,0.386875,0.381523,0.376154,0.370777,0.3654,0.360031,0.354676,0.349339,0.344025,0.338739,0.333483,0.328261,0.323075,0.317928,0.312822,0.307759,0.302741,0.297769,0.292844,0.287968,0.283143,0.278368,0.273646,0.268976,0.264359,0.259796,0.255288,0.250835,0.246436,0.242093,0.237806,0.233574,0.229398,0.225278,0.221214,0.217206,0.213253,0.209355,0.205513,0.201726,0.197993,0.194315,0.19069,0.18712,0.183602,0.180137,0.176725,0.173364,0.170055,0.166796,0.163588,0.160429,0.15732,0.154259,0.151246,0.148281,0.145362,0.14249,0.139663,0.136881,0.134143,0.131449,0.128798,0.126189,0.123622,0.121096,0.11861,0.116164,0.113758,0.111389,0.109059,0.106765,0.104508,0.102287,0.100101,0.0979501,0.0958327,0.0937486,0.0916972,0.0896778,0.0876899,0.0857327,0.0838057,0.0819083,0.0800399,0.0781999,0.0763876,0.0746025,0.0728441,0.0711117,0.0694047,0.0677226,0.0660649,0.0644309,0.0628202,0.0612321,0.0596662,0.0581219,0.0565986,0.0550959,0.0536132,0.05215,0.0507057,0.04928,0.0478723,0.046482,0.0451087,0.043752,0.0424113,0.0410861,0.039776,0.0384805,0.0371991,0.0359314,0.034677,0.0334353,0.0322059,0.0309884,0.0297824,0.0285873,0.0274028,0.0262284,0.0250637,0.0239082,0.0227617,0.0216235,0.0204933,0.0193708,0.0182554,0.0171467,0.0160445,0.0149481,0.0138574,0.0127717,0.0116908,0.0106142,0.00954162,0.00847254,0.0074066,0.00634341,0.00528258,0.00422371,0.00316641,0.00211029
0,0.175498,0.275412,0.328851,0.358071,0.374522,0.383829,0.388856,0.391153,0.391618,0.390799,0.38905,0.386608,0.383642,0.380269,0.376579,0.372639,0.368499,0.364201,0.359777,0.355252,0.350649,0.345985,0.341275,0.336531,0.331765,0.326986,0.3222,0.317416,0.31264,0.307876,0.30313,0.298405,0.293705,0.289034,0.284394,0.279789,0.275219,0.270688,0.266197,0.261748,0.257343,0.252982,0.248666,0.244398,0.240177,0.236004,0.23188,0.227806,0.223781,0.219807,0.215883,0.212011,0.208189,0.204418,0.200698,0.197029,0.193411,0.189844,0.186327,0.182861,0.179444,0.176078,0.172761,0.169493,0.166274,0.163103,0.15998,0.156905,0.153876,0.150894,0.147958,0.145068,0.142222,0.139421,0.136663,0.133949,0.131278,0.128648,0.12606,0.123513,0.121006,0.118539,0.116111,0.113722,0.11137,0.109056,0.106778,0.104537,0.10233,0.100159,0.0980215,0.0959178,0.0938472,0.0918088,0.0898023,0.0878269,0.0858821,0.0839673,0.0820819,0.0802253,0.0783969,0.0765962,0.0748225,0.0730754,0.0713542,0.0696584,0.0679875,0.0663408,0.0647179,0.0631182,0.0615411,0.0599862,0.0584529,0.0569407,0.055449,0.0539774,0.0525254,0.0510924,0.0496779,0.0482816,0.0469028,0.0455411,0.044196,0.042867,0.0415537,0.0402557,0.0389723,0.0377032,0.036448,0.0352061,0.0339772,0.0327608,0.0315564,0.0303636,0.029182,0.0280111,0.0268506,0.0257,0.0245588,0.0234268,0.0223033,0.0211882,0.0200808,0.0189809,0.017888,0.0168017,0.0157217,0.0146474,0.0135786,0.0125148,0.0114557,0.0104008,0.00934976,0.00830219,0.00725769,0.00621588,0.00517638,0.0041388,0.00310276,0.00206787
0,0.114482,0.199858,0.257351,0.29504,0.319755,0.336048,0.346768,0.353687,0.357936,0.360252,0.361134,0.360927,0.359879,0.35817,0.355936,0.35328,0.350282,0.347005,0.343499,0.339806,0.335959,0.331985,0.327908,0.323747,0.319519,0.315238,0.310916,0.306564,0.302192,0.297807,0.293416,0.289025,0.284641,0.280268,0.275911,0.271573,0.267257,0.262968,0.258707,0.254478,0.250282,0.246121,0.241998,0.237913,0.233869,0.229865,0.225904,0.221987,0.218113,0.214285,0.210502,0.206764,0.203073,0.199429,0.195832,0.192281,0.188778,0.185322,0.181913,0.178552,0.175237,0.171969,0.168748,0.165574,0.162445,0.159362,0.156325,0.153333,0.150386,0.147484,0.144625,0.14181,0.139038,0.136308,0.133621,0.130975,0.12837,0.125806,0.123282,0.120797,0.118351,0.115944,0.113574,0.111242,0.108946,0.106686,0.104462,0.102272,0.100117,0.0979962,0.0959081,0.0938527,0.0918293,0.0898373,0.0878762,0.0859455,0.0840444,0.0821726,0.0803293,0.0785141,0.0767263,0.0749655,0.073231,0.0715224,0.0698391,0.0681805,0.0665461,0.0649353,0.0633477,0.0617828,0.0602399,0.0587187,0.0572185,0.0557389,0.0542794,0.0528394,0.0514186,0.0500163,0.0486321,0.0472656,0.0459163,0.0445836,0.0432671,0.0419665,0.0406811,0.0394105,0.0381544,0.0369122,0.0356835,0.0344679,0.033265,0.0320742,0.0308952,0.0297276,0.0285709,0.0274247,0.0262885,0.0251621,0.0240449,0.0229367,0.0218368,0.020745,0.0196609,0.018584,0.017514,0.0164505,0.0153931,0.0143413,0.0132949,0.0122534,0.0112164,0.0101835,0.00915445,0.00812876,0.00710609,0.00608605,0.00506827,0.00405236,0.00303796,0.00202468
0,0.0825704,0.152186,0.205656,0.244981,0.27341,0.293842,0.308479,0.318892,0.326187,0.33114,0.334306,0.336086,0.336776,0.336596,0.335715,0.334263,0.332344,0.330037,0.327409,0.324514,0.321395,0.318088,0.314624,0.311029,0.307325,0.303531,0.299662,0.295733,0.291757,0.287743,0.283701,0.27964,0.275566,0.271487,0.267408,0.263334,0.259269,0.255219,0.251186,0.247174,0.243186,0.239224,0.235291,0.231389,0.227519,0.223685,0.219886,0.216124,0.212401,0.208717,0.205074,0.201472,0.197912,0.194394,0.190919,0.187487,0.184098,0.180753,0.177453,0.174196,0.170983,0.167814,0.164689,0.161608,0.15857,0.155576,0.152625,0.149717,0.146852,0.144029,0.141248,0.138509,0.135811,0.133154,0.130537,0.12796,0.125422,0.122924,0.120464,0.118042,0.115658,0.11331,0.111,0.108725,0.106485,0.104281,0.10211,0.099974,0.0978708,0.0958004,0.0937622,0.0917556,0.08978,0.087835,0.08592,0.0840344,0.0821777,0.0803493,0.0785487,0.0767754,0.0750289,0.0733085,0.0716138,0.0699442,0.0682992,0.0666783,0.065081,0.0635067,0.061955,0.0604254,0.0589172,0.0574302,0.0559636,0.0545171,0.0530902,0.0516824,0.0502932,0.0489221,0.0475687,0.0462325,0.0449131,0.0436099,0.0423226,0.0410506,0.0397936,0.0385511,0.0373226,0.0361077,0.0349061,0.0337172,0.0325406,0.0313759,0.0302228,0.0290807,0.0279493,0.0268281,0.0257168,0.024615,0.0235222,0.0224381,0.0213623,0.0202943,0.0192338,0.0181803,0.0171336,0.0160933,0.0150588,0.0140299,0.0130062,0.0119873,0.0109729,0.00996247,0.00895575,0.00795234,0.00695187,0.00595398,0.00495829,0.00396443,0.00297204,0.00198075
0,0.0636135,0.120662,0.168105,0.205819,0.235061,0.257432,0.274414,0.287216,0.296779,0.303815,0.308865,0.312337,0.314542,0.315722,0.316064,0.315715,0.314792,0.313391,0.311588,0.309446,0.307018,0.304348,0.301471,0.298421,0.295222,0.291898,0.288468,0.28495,0.281359,0.277707,0.274006,0.270266,0.266497,0.262706,0.2589,0.255085,0.251267,0.247452,0.243644,0.239846,0.236063,0.232298,0.228553,0.224831,0.221136,0.217468,0.21383,0.210223,0.206649,0.20311,0.199606,0.196138,0.192708,0.189316,0.185962,0.182648,0.179375,0.176141,0.172948,0.169796,0.166685,0.163615,0.160586,0.157598,0.154652,0.151747,0.148882,0.146059,0.143276,0.140533,0.13783,0.135167,0.132543,0.129959,0.127413,0.124905,0.122436,0.120003,0.117608,0.11525,0.112927,0.110641,0.108389,0.106172,0.10399,0.101841,0.0997253,0.0976423,0.0955916,0.0935726,0.0915847,0.0896274,0.0877003,0.0858028,0.0839343,0.0820944,0.0802826,0.0784983,0.076741,0.0750101,0.0733053,0.0716259,0.0699714,0.0683414,0.0667353,0.0651527,0.0635929,0.0620557,0.0605403,0.0590464,0.0575735,0.0561211,0.0546887,0.0532758,0.051882,0.0505068,0.0491498,0.0478104,0.0464882,0.0451828,0.0438937,0.0426205,0.0413627,0.0401199,0.0388917,0.0376776,0.0364772,0.0352901,0.0341159,0.0329541,0.0318043,0.0306662,0.0295392,0.0284231,0.0273174,0.0262218,0.0251357,0.0240589,0.0229909,0.0219313,0.0208798,0.019836,0.0187995,0.01777,0.0167469,0.0157301,0.014719,0.0137134,0.0127128,0.0117169,0.0107254,0.00973776,0.00875376,0.00777299,0.00679509,0.00581971,0.00484647,0.00387503,0.00290502,0.00193608
0,0.051222,0.0987408,0.140284,0.175131,0.203581,0.226412,0.244529,0.25878,0.269896,0.278476,0.285001,0.289853,0.293335,0.295688,0.297104,0.297739,0.297719,0.297146,0.296104,0.294664,0.292884,0.290813,0.288494,0.28596,0.283244,0.28037,0.277363,0.274241,0.271021,0.26772,0.26435,0.260923,0.25745,0.253939,0.2504,0.246839,0.243263,0.239679,0.236091,0.232504,0.228923,0.225351,0.221792,0.218249,0.214724,0.211222,0.207742,0.204289,0.200863,0.197467,0.1941,0.190766,0.187465,0.184199,0.180967,0.17777,0.174611,0.171488,0.168402,0.165355,0.162345,0.159374,0.156442,0.153548,0.150693,0.147876,0.145099,0.142359,0.139659,0.136996,0.134372,0.131786,0.129237,0.126725,0.124251,0.121813,0.119411,0.117046,0.114716,0.112421,0.110161,0.107936,0.105744,0.103586,0.101461,0.0993681,0.0973075,0.0952786,0.0932808,0.0913136,0.0893766,0.0874692,0.085591,0.0837415,0.0819202,0.0801265,0.0783601,0.0766203,0.0749068,0.0732189,0.0715563,0.0699184,0.0683047,0.0667147,0.065148,0.0636041,0.0620825,0.0605827,0.0591042,0.0576466,0.0562094,0.0547921,0.0533943,0.0520155,0.0506553,0.0493132,0.0479887,0.0466814,0.0453909,0.0441167,0.0428584,0.0416156,0.0403878,0.0391746,0.0379757,0.0367904,0.0356186,0.0344596,0.0333132,0.032179,0.0310564,0.0299452,0.028845,0.0277552,0.0266756,0.0256058,0.0245454,0.0234939,0.0224511,0.0214165,0.0203898,0.0193705,0.0183584,0.017353,0.0163541,0.0153611,0.0143738,0.0133918,0.0124147,0.0114422,0.0104739,0.00950946,0.00854854,0.00759077,0.00663581,0.00568329,0.00473287,0.0037842,0.00283693,0.00189071
0,0.0425337,0.0827954,0.11916,0.150839,0.177719,0.200108,0.218509,0.233479,0.24555,0.255193,0.262811,0.26874,0.273256,0.276589,0.278926,0.28042,0.281199,0.28137,0.281019,0.280222,0.279041,0.277528,0.275729,0.273683,0.271423,0.268977,0.266372,0.263628,0.260766,0.257802,0.254751,0.251626,0.24844,0.245202,0.241922,0.238608,0.235268,0.231909,0.228537,0.225156,0.221773,0.218391,0.215014,0.211647,0.208292,0.204952,0.201629,0.198328,0.195048,0.191793,0.188564,0.185362,0.182189,0.179047,0.175935,0.172856,0.16981,0.166797,0.163819,0.160876,0.157968,0.155096,0.152259,0.149459,0.146695,0.143968,0.141276,0.138622,0.136004,0.133422,0.130876,0.128367,0.125893,0.123455,0.121052,0.118684,0.116351,0.114053,0.111789,0.109558,0.107361,0.105197,0.103066,0.100967,0.0988992,0.0968633,0.0948583,0.0928838,0.0909394,0.0890245,0.0871389,0.0852819,0.0834531,0.0816521,0.0798784,0.0781315,0.0764109,0.0747162,0.0730469,0.0714026,0.0697826,0.0681867,0.0666143,0.0650649,0.063538,0.0620333,0.0605503,0.0590884,0.0576473,0.0562264,0.0548254,0.0534437,0.052081,0.0507367,0.0494105,0.0481019,0.0468105,0.0455357,0.0442774,0.0430348,0.0418078,0.0405958,0.0393984,0.0382153,0.0370459,0.03589,0.034747,0.0336167,0.0324985,0.0313922,0.0302973,0.0292134,0.0281402,0.0270772,0.0260241,0.0249805,0.0239461,0.0229204,0.0219031,0.0208939,0.0198922,0.0188979,0.0179106,0.0169298,0.0159552,0.0149865,0.0140233,0.0130652,0.012112,0.0111632,0.0102186,0.00927766,0.00834018,0.00740576,0.00647408,0.00554479,0.00461753,0.00369199,0.0027678,0.00184463
0,0.0361173,0.070747,0.102723,0.131345,0.156348,0.17779,0.195919,0.211077,0.223632,0.233935,0.24231,0.249038,0.254361,0.258487,0.261589,0.263815,0.265289,0.266114,0.266381,0.266165,0.265529,0.264529,0.263212,0.26162,0.259787,0.257744,0.255519,0.253135,0.250612,0.247971,0.245225,0.242391,0.239481,0.236506,0.233477,0.230403,0.227293,0.224153,0.220991,0.217812,0.214622,0.211426,0.208228,0.205033,0.201844,0.198664,0.195496,0.192344,0.189209,0.186093,0.182999,0.179929,0.176883,0.173864,0.170872,0.167909,0.164975,0.162073,0.159201,0.156362,0.153555,0.150781,0.14804,0.145334,0.142661,0.140022,0.137418,0.134848,0.132312,0.129811,0.127344,0.124912,0.122513,0.120149,0.117818,0.115521,0.113257,0.111026,0.108827,0.106662,0.104528,0.102426,0.100355,0.0983154,0.0963064,0.0943275,0.0923785,0.090459,0.0885684,0.0867064,0.0848725,0.0830664,0.0812875,0.0795355,0.0778099,0.0761102,0.074436,0.0727868,0.0711622,0.0695618,0.067985,0.0664316,0.0649008,0.0633925,0.061906,0.060441,0.0589969,0.0575735,0.0561701,0.0547865,0.053422,0.0520764,0.0507492,0.0494399,0.0481482,0.0468735,0.0456155,0.0443738,0.043148,0.0419375,0.0407421,0.0395614,0.0383948,0.0372421,0.0361028,0.0349765,0.0338629,0.0327615,0.031672,0.030594,0.0295271,0.0284709,0.0274251,0.0263893,0.0253631,0.0243461,0.0233381,0.0223385,0.0213471,0.0203636,0.0193874,0.0184184,0.0174562,0.0165003,0.0155505,0.0146064,0.0136676,0.0127339,0.0118049,0.0108802,0.00995949,0.00904246,0.00812875,0.00721804,0.00630998,0.00540424,0.0045005,0.00359841,0.00269765,0.00179788
0,0.0311886,0.0613523,0.0896394,0.115469,0.13854,0.158786,0.176301,0.19128,0.203964,0.214607,0.223456,0.23074,0.236664,0.241408,0.245129,0.247963,0.250025,0.251418,0.252227,0.252527,0.252382,0.251847,0.250972,0.249797,0.24836,0.246694,0.244825,0.242779,0.240579,0.238243,0.235789,0.233232,0.230587,0.227865,0.225078,0.222235,0.219346,0.216419,0.213461,0.210478,0.207477,0.204462,0.201439,0.198413,0.195386,0.192364,0.189348,0.186342,0.18335,0.180372,0.177411,0.17447,0.17155,0.168653,0.16578,0.162932,0.16011,0.157317,0.154551,0.151815,0.149109,0.146433,0.143788,0.141174,0.138592,0.136043,0.133525,0.13104,0.128587,0.126166,0.123778,0.121423,0.1191,0.116809,0.114551,0.112324,0.110129,0.107966,0.105834,0.103733,0.101663,0.0996231,0.0976135,0.0956337,0.0936833,0.091762,0.0898694,0.0880052,0.0861689,0.0843601,0.0825785,0.0808237,0.0790952,0.0773926,0.0757154,0.0740634,0.072436,0.0708328,0.0692534,0.0676974,0.0661643,0.0646537,0.0631651,0.0616982,0.0602526,0.0588277,0.0574231,0.0560385,0.0546734,0.0533273,0.0519999,0.0506908,0.0493995,0.0481256,0.0468688,0.0456285,0.0444044,0.0431961,0.0420032,0.0408252,0.0396619,0.0385128,0.0373774,0.0362555,0.0351467,0.0340505,0.0329666,0.0318946,0.0308341,0.0297848,0.0287463,0.0277182,0.0267001,0.0256918,0.0246929,0.0237029,0.0227215,0.0217485,0.0207834,0.0198258,0.0188756,0.0179322,0.0169954,0.0160648,0.0151401,0.0142209,0.013307,0.012398,0.0114934,0.0105932,0.00969677,0.00880394,0.00791434,0.00702766,0.00614356,0.00526172,0.00438181,0.00350351,0.00262651,0.00175047
0,0.0272847,0.0538345,0.0790136,0.102351,0.123557,0.142511,0.159219,0.173778,0.186336,0.197071,0.206167,0.213803,0.220148,0.225353,0.229557,0.232881,0.235432,0.237305,0.238582,0.239333,0.239623,0.239506,0.23903,0.238237,0.237164,0.235845,0.234308,0.232579,0.23068,0.228633,0.226455,0.224162,0.221769,0.219289,0.216734,0.214114,0.211439,0.208717,0.205956,0.203163,0.200345,0.197507,0.194655,0.191793,0.188925,0.186057,0.18319,0.180329,0.177476,0.174633,0.171804,0.168991,0.166195,0.163418,0.160662,0.157928,0.155218,0.152532,0.149872,0.147239,0.144632,0.142054,0.139504,0.136983,0.134492,0.132031,0.1296,0.127199,0.124829,0.122489,0.12018,0.117902,0.115654,0.113438,0.111251,0.109096,0.10697,0.104875,0.10281,0.100774,0.0987676,0.0967905,0.0948422,0.0929226,0.0910313,0.0891679,0.0873321,0.0855235,0.0837419,0.0819868,0.0802579,0.0785547,0.0768769,0.0752242,0.073596,0.071992,0.0704119,0.0688551,0.0673213,0.0658101,0.0643211,0.0628538,0.0614079,0.0599829,0.0585784,0.057194,0.0558294,0.054484,0.0531575,0.0518496,0.0505596,0.0492874,0.0480325,0.0467944,0.0455728,0.0443673,0.0431775,0.042003,0.0408434,0.0396984,0.0385675,0.0374504,0.0363467,0.035256,0.034178,0.0331122,0.0320584,0.0310161,0.029985,0.0289648,0.027955,0.0269554,0.0259655,0.024985,0.0240137,0.023051,0.0220967,0.0211505,0.020212,0.0192809,0.0183568,0.0174394,0.0165284,0.0156234,0.0147242,0.0138303,0.0129415,0.0120574,0.0111778,0.0103023,0.0094305,0.0085622,0.00769704,0.00683471,0.00597489,0.00511726,0.00426151,0.00340733,0.0025544,0.00170241
0,0.0241158,0.0476872,0.0702299,0.091363,0.110828,0.128483,0.144287,0.158275,0.170532,0.181175,0.190339,0.198158,0.204769,0.210299,0.214864,0.218571,0.221518,0.223789,0.225461,0.226602,0.227272,0.227524,0.227404,0.226956,0.226215,0.225214,0.223983,0.222547,0.220931,0.219154,0.217236,0.215192,0.213039,0.210789,0.208455,0.206048,0.203577,0.201053,0.198482,0.195874,0.193233,0.190566,0.18788,0.185178,0.182466,0.179748,0.177027,0.174307,0.171591,0.168882,0.166182,0.163494,0.160821,0.158163,0.155522,0.152901,0.150301,0.147722,0.145167,0.142635,0.140128,0.137646,0.135191,0.132763,0.130362,0.127989,0.125644,0.123328,0.12104,0.118781,0.116551,0.11435,0.112178,0.110036,0.107922,0.105837,0.103781,0.101754,0.0997555,0.0977852,0.0958431,0.0939289,0.0920424,0.0901833,0.0883513,0.0865462,0.0847675,0.083015,0.0812885,0.0795874,0.0779115,0.0762604,0.0746338,0.0730312,0.0714524,0.0698969,0.0683644,0.0668545,0.0653667,0.0639007,0.0624562,0.0610326,0.0596297,0.058247,0.0568841,0.0555407,0.0542164,0.0529107,0.0516233,0.0503538,0.0491017,0.0478668,0.0466486,0.0454467,0.0442608,0.0430905,0.0419353,0.040795,0.0396692,0.0385574,0.0374594,0.0363746,0.0353029,0.0342438,0.033197,0.032162,0.0311387,0.0301265,0.0291252,0.0281343,0.0271537,0.0261828,0.0252214,0.0242692,0.0233257,0.0223908,0.0214639,0.0205449,0.0196333,0.0187289,0.0178314,0.0169403,0.0160554,0.0151763,0.0143029,0.0134346,0.0125713,0.0117125,0.0108581,0.0100076,0.00916077,0.00831732,0.00747692,0.00663925,0.00580403,0.00497093,0.00413966,0.0033099,0.00248136,0.00165374
0,0.0214914,0.0425686,0.0628556,0.0820438,0.0999075,0.116305,0.131172,0.144503,0.156341,0.16676,0.175853,0.183722,0.190473,0.196209,0.201028,0.205023,0.208279,0.210872,0.212872,0.214342,0.215339,0.215913,0.216109,0.215967,0.215525,0.214814,0.213862,0.212697,0.211342,0.209817,0.208141,0.206332,0.204404,0.202372,0.200249,0.198045,0.19577,0.193435,0.191048,0.188616,0.186146,0.183646,0.18112,0.178574,0.176013,0.173441,0.170862,0.16828,0.165699,0.16312,0.160548,0.157984,0.15543,0.15289,0.150364,0.147854,0.145362,0.142889,0.140437,0.138006,0.135598,0.133213,0.130852,0.128515,0.126204,0.123919,0.12166,0.119428,0.117222,0.115044,0.112893,0.110769,0.108673,0.106604,0.104563,0.10255,0.100564,0.0986047,0.0966731,0.0947685,0.0928908,0.0910398,0.0892152,0.0874169,0.0856446,0.083898,0.0821768,0.0804807,0.0788095,0.0771628,0.0755403,0.0739417,0.0723666,0.0708146,0.0692855,0.0677789,0.0662944,0.0648317,0.0633903,0.06197,0.0605703,0.0591909,0.0578313,0.0564913,0.0551705,0.0538685,0.0525848,0.0513192,0.0500712,0.0488405,0.0476267,0.0464295,0.0452484,0.0440831,0.0429333,0.0417985,0.0406784,0.0395727,0.0384809,0.0374028,0.0363379,0.035286,0.0342466,0.0332194,0.0322041,0.0312004,0.0302078,0.029226,0.0282548,0.0272938,0.0263425,0.0254008,0.0244683,0.0235446,0.0226294,0.0217224,0.0208233,0.0199318,0.0190475,0.0181702,0.0172994,0.016435,0.0155765,0.0147238,0.0138763,0.013034,0.0121964,0.0113633,0.0105344,0.00970926,0.0088877,0.00806941,0.00725406,0.00644137,0.00563105,0.00482278,0.00401629,0.00321126,0.00240742,0.00160445
0,0.0192812,0.0382403,0.0565801,0.0740492,0.0904533,0.105659,0.119591,0.132224,0.143569,0.153671,0.162591,0.170404,0.177192,0.183036,0.188017,0.192215,0.195702,0.198547,0.200812,0.202555,0.203829,0.204679,0.20515,0.20528,0.205104,0.204653,0.203956,0.203038,0.201922,0.20063,0.199181,0.19759,0.195875,0.194048,0.192123,0.190112,0.188024,0.18587,0.183658,0.181396,0.179091,0.176751,0.17438,0.171985,0.169571,0.167141,0.164701,0.162254,0.159804,0.157353,0.154905,0.152462,0.150027,0.147602,0.145189,0.142789,0.140404,0.138036,0.135686,0.133355,0.131045,0.128755,0.126487,0.124242,0.122021,0.119823,0.11765,0.115501,0.113378,0.11128,0.109208,0.107161,0.10514,0.103146,0.101177,0.0992349,0.0973185,0.0954281,0.0935636,0.0917249,0.0899118,0.0881242,0.0863619,0.0846246,0.0829122,0.0812244,0.079561,0.0779216,0.0763061,0.0747141,0.0731453,0.0715995,0.0700762,0.0685753,0.0670962,0.0656388,0.0642027,0.0627875,0.061393,0.0600186,0.0586642,0.0573292,0.0560135,0.0547166,0.0534381,0.0521778,0.0509352,0.04971,0.0485019,0.0473104,0.0461352,0.044976,0.0438325,0.0427041,0.0415907,0.0404918,0.0394072,0.0383363,0.037279,0.0362349,0.0352036,0.0341848,0.0331781,0.0321832,0.0311998,0.0302275,0.0292661,0.0283151,0.0273743,0.0264434,0.0255219,0.0246097,0.0237063,0.0228115,0.0219249,0.0210462,0.0201752,0.0193115,0.0184548,0.0176048,0.0167612,0.0159237,0.015092,0.0142658,0.0134448,0.0126287,0.0118172,0.01101,0.0102068,0.00940739,0.00861139,0.00781854,0.00702856,0.00624114,0.00545601,0.00467287,0.00389145,0.00311145,0.00233259,0.00155459
0,0.0173932,0.0345311,0.0511755,0.0671196,0.0821972,0.0962869,0.109311,0.121231,0.132042,0.141763,0.150436,0.158113,0.164854,0.170724,0.175791,0.180118,0.183768,0.186802,0.189275,0.191239,0.192741,0.193826,0.194533,0.194899,0.194958,0.194739,0.19427,0.193576,0.19268,0.191602,0.19036,0.188973,0.187456,0.185822,0.184084,0.182255,0.180344,0.178362,0.176318,0.174218,0.172072,0.169886,0.167665,0.165416,0.163143,0.160852,0.158547,0.156231,0.153909,0.151583,0.149257,0.146934,0.144615,0.142303,0.14,0.137709,0.13543,0.133165,0.130916,0.128684,0.12647,0.124275,0.1221,0.119946,0.117813,0.115703,0.113615,0.11155,0.109508,0.10749,0.105496,0.103527,0.101582,0.0996612,0.0977653,0.0958941,0.0940476,0.0922258,0.0904285,0.0886558,0.0869075,0.0851834,0.0834835,0.0818075,0.0801553,0.0785266,0.0769211,0.0753388,0.0737792,0.0722422,0.0707275,0.0692347,0.0677637,0.066314,0.0648854,0.0634775,0.0620901,0.0607229,0.0593754,0.0580474,0.0567385,0.0554485,0.0541769,0.0529234,0.0516877,0.0504695,0.0492683,0.0480839,0.0469159,0.045764,0.0446278,0.043507,0.0424013,0.0413103,0.0402336,0.039171,0.0381221,0.0370865,0.036064,0.0350542,0.0340568,0.0330714,0.0320978,0.0311355,0.0301843,0.0292439,0.0283139,0.0273941,0.026484,0.0255835,0.0246921,0.0238097,0.0229358,0.0220701,0.0212125,0.0203624,0.0195198,0.0186842,0.0178554,0.0170331,0.0162169,0.0154067,0.014602,0.0138027,0.0130083,0.0122187,0.0114336,0.0106526,0.00987557,0.0091021,0.00833194,0.00756483,0.00680049,0.00603863,0.00527898,0.00452126,0.00376519,0.0030105,0.00225691,0.00150415
0,0.0157604,0.0313153,0.0464711,0.0610564,0.0749291,0.0879803,0.100135,0.111348,0.121603,0.130905,0.139278,0.146756,0.153386,0.159217,0.164303,0.168696,0.172451,0.175618,0.178247,0.180383,0.182071,0.18335,0.184257,0.184826,0.185089,0.185075,0.184809,0.184316,0.183619,0.182736,0.181686,0.180487,0.179154,0.177699,0.176137,0.17448,0.172736,0.170917,0.169032,0.167088,0.165093,0.163055,0.160978,0.15887,0.156735,0.154578,0.152403,0.150215,0.148018,0.145814,0.143607,0.1414,0.139195,0.136994,0.134801,0.132616,0.130441,0.128278,0.126129,0.123995,0.121877,0.119776,0.117693,0.115629,0.113584,0.11156,0.109556,0.107574,0.105614,0.103676,0.101761,0.0998682,0.0979985,0.096152,0.0943286,0.0925287,0.090752,0.0889988,0.0872689,0.0855623,0.0838789,0.0822186,0.0805812,0.0789667,0.0773748,0.0758054,0.0742583,0.0727332,0.0712299,0.0697481,0.0682877,0.0668483,0.0654297,0.0640317,0.0626538,0.0612958,0.0599575,0.0586385,0.0573384,0.0560571,0.0547942,0.0535493,0.0523222,0.0511125,0.0499199,0.048744,0.0475847,0.0464414,0.0453139,0.0442019,0.0431051,0.042023,0.0409555,0.0399021,0.0388625,0.0378365,0.0368237,0.0358238,0.0348364,0.0338612,0.032898,0.0319464,0.0310061,0.0300768,0.0291582,0.0282499,0.0273517,0.0264633,0.0255843,0.0247145,0.0238535,0.0230011,0.022157,0.0213209,0.0204924,0.0196713,0.0188573,0.0180502,0.0172496,0.0164552,0.0156668,0.014884,0.0141067,0.0133345,0.0125672,0.0118044,0.0110459,0.0102914,0.00954072,0.00879349,0.00804946,0.00730837,0.00656995,0.00583392,0.00510003,0.004368,0.00363756,0.00290845,0.00218041,0.00145316
0,0.0143333,0.0284988,0.0423373,0.0557057,0.0684824,0.0805707,0.0918995,0.102423,0.112116,0.120976,0.129013,0.136249,0.142718,0.148456,0.153507,0.157914,0.161721,0.164973,0.167711,0.169977,0.17181,0.173246,0.174318,0.175059,0.175498,0.175661,0.175575,0.175262,0.174742,0.174037,0.173162,0.172136,0.170972,0.169685,0.168287,0.166789,0.165204,0.163539,0.161805,0.160009,0.158159,0.156261,0.154323,0.15235,0.150348,0.14832,0.146273,0.144209,0.142133,0.140048,0.137957,0.135864,0.13377,0.131679,0.129592,0.127512,0.12544,0.123378,0.121328,0.11929,0.117267,0.115258,0.113266,0.111291,0.109334,0.107396,0.105477,0.103578,0.101699,0.0998401,0.0980028,0.0961867,0.0943922,0.0926195,0.0908687,0.0891399,0.0874332,0.0857486,0.0840861,0.0824456,0.0808272,0.0792308,0.0776562,0.0761033,0.074572,0.0730621,0.0715734,0.0701058,0.068659,0.0672328,0.0658269,0.0644412,0.0630754,0.0617292,0.0604023,0.0590945,0.0578055,0.0565351,0.0552828,0.0540485,0.0528318,0.0516325,0.0504501,0.0492845,0.0481353,0.0470022,0.0458849,0.0447831,0.0436965,0.0426247,0.0415675,0.0405246,0.0394955,0.0384801,0.037478,0.0364889,0.0355125,0.0345484,0.0335965,0.0326563,0.0317276,0.0308101,0.0299035,0.0290074,0.0281216,0.0272458,0.0263797,0.025523,0.0246754,0.0238366,0.0230064,0.0221843,0.0213703,0.0205639,0.019765,0.0189731,0.0181881,0.0174096,0.0166375,0.0158713,0.015111,0.014356,0.0136063,0.0128615,0.0121214,0.0113857,0.0106542,0.00992648,0.00920241,0.00848168,0.00776405,0.00704925,0.00633701,0.00562709,0.00491922,0.00421314,0.0035086,0.00280535,0.00210311,0.00140165
0,0.0130739,0.0260091,0.0386736,0.0509467,0.0627241,0.0739204,0.08447,0.0943272,0.103464,0.11187,0.119548,0.12651,0.132779,0.138383,0.143355,0.147731,0.151547,0.15484,0.157647,0.160005,0.161946,0.163505,0.164711,0.165594,0.166182,0.166499,0.166568,0.166413,0.166053,0.165506,0.16479,0.163921,0.162914,0.161781,0.160535,0.159188,0.15775,0.156231,0.154639,0.152983,0.151271,0.149509,0.147704,0.145861,0.143986,0.142083,0.140158,0.138215,0.136257,0.134288,0.13231,0.130328,0.128344,0.12636,0.124378,0.1224,0.120429,0.118466,0.116513,0.114571,0.112641,0.110725,0.108823,0.106936,0.105066,0.103213,0.101378,0.0995604,0.0977621,0.0959829,0.0942233,0.0924837,0.0907643,0.0890652,0.0873868,0.0857291,0.0840922,0.0824762,0.0808812,0.079307,0.0777537,0.0762212,0.0747095,0.0732184,0.0717478,0.0702976,0.0688676,0.0674576,0.0660675,0.0646971,0.063346,0.0620142,0.0607014,0.0594074,0.0581318,0.0568745,0.0556351,0.0544135,0.0532093,0.0520223,0.0508521,0.0496986,0.0485614,0.0474402,0.0463347,0.0452447,0.0441698,0.0431097,0.0420643,0.041033,0.0400158,0.0390122,0.038022,0.0370448,0.0360805,0.0351286,0.0341889,0.0332611,0.0323449,0.03144,0.0305461,0.029663,0.0287903,0.0279278,0.0270752,0.0262321,0.0253984,0.0245737,0.0237577,0.0229502,0.022151,0.0213596,0.0205759,0.0197996,0.0190304,0.0182681,0.0175123,0.0167628,0.0160194,0.0152818,0.0145497,0.0138228,0.013101,0.0123839,0.0116713,0.010963,0.0102586,0.00955793,0.00886075,0.0081668,0.00747582,0.00678756,0.00610177,0.00541821,0.00473662,0.00405676,0.00337837,0.00270122,0.00202505,0.00134963
0,0.011953,0.0237904,0.0354012,0.0466834,0.0575471,0.0679168,0.077733,0.0869515,0.0955435,0.103494,0.110798,0.117464,0.123505,0.128942,0.1338,0.138108,0.141895,0.145193,0.148034,0.150448,0.152465,0.154116,0.155427,0.156425,0.157136,0.157583,0.157787,0.15777,0.15755,0.157145,0.156572,0.155846,0.154981,0.15399,0.152885,0.151677,0.150377,0.148995,0.147538,0.146015,0.144433,0.1428,0.141121,0.139403,0.137651,0.135869,0.134063,0.132236,0.130392,0.128535,0.126669,0.124795,0.122917,0.121038,0.119159,0.117282,0.115411,0.113545,0.111688,0.10984,0.108002,0.106177,0.104364,0.102565,0.100781,0.0990124,0.0972601,0.0955246,0.0938064,0.0921061,0.090424,0.0887605,0.0871159,0.0854904,0.0838842,0.0822975,0.0807305,0.0791831,0.0776554,0.0761475,0.0746594,0.073191,0.0717422,0.070313,0.0689033,0.0675129,0.0661417,0.0647897,0.0634564,0.062142,0.060846,0.0595683,0.0583088,0.0570671,0.0558431,0.0546365,0.0534471,0.0522745,0.0511187,0.0499792,0.0488559,0.0477485,0.0466566,0.0455801,0.0445187,0.043472,0.0424398,0.0414218,0.0404178,0.0394274,0.0384504,0.0374865,0.0365354,0.0355968,0.0346705,0.0337561,0.0328534,0.0319621,0.031082,0.0302127,0.0293539,0.0285055,0.027667,0.0268383,0.0260191,0.0252091,0.024408,0.0236156,0.0228316,0.0220557,0.0212877,0.0205273,0.0197742,0.0190282,0.0182891,0.0175565,0.0168302,0.01611,0.0153956,0.0146867,0.0139831,0.0132846,0.0125909,0.0119018,0.011217,0.0105362,0.00985928,0.00918591,0.00851589,0.00784896,0.00718488,0.00652341,0.00586432,0.00520736,0.0045523,0.0038989,0.00324691,0.00259611,0.00194626,0.00129711
0,0.0109478,0.0217982,0.0324575,0.0428386,0.0528639,0.0624669,0.0715936,0.0802025,0.0882645,0.095762,0.102687,0.109042,0.114835,0.120079,0.124795,0.129005,0.132733,0.136004,0.138847,0.141287,0.143351,0.145066,0.146455,0.147544,0.148355,0.148909,0.149227,0.149329,0.149231,0.148952,0.148506,0.147909,0.147174,0.146312,0.145337,0.144259,0.143088,0.141833,0.140502,0.139105,0.137647,0.136136,0.134579,0.13298,0.131345,0.12968,0.127987,0.126273,0.12454,0.122793,0.121034,0.119266,0.117492,0.115715,0.113937,0.11216,0.110385,0.108616,0.106853,0.105098,0.103351,0.101615,0.099891,0.098179,0.0964803,0.0947956,0.0931258,0.0914714,0.089833,0.0882111,0.0866062,0.0850185,0.0834484,0.0818963,0.0803622,0.0788464,0.077349,0.0758702,0.07441,0.0729683,0.0715454,0.0701411,0.0687554,0.0673882,0.0660394,0.064709,0.0633969,0.0621028,0.0608267,0.0595684,0.0583277,0.0571044,0.0558983,0.0547093,0.053537,0.0523814,0.0512421,0.0501189,0.0490117,0.0479201,0.0468439,0.0457828,0.0447366,0.0437051,0.0426879,0.0416848,0.0406956,0.03972,0.0387577,0.0378085,0.036872,0.035948,0.0350363,0.0341366,0.0332486,0.032372,0.0315066,0.0306521,0.0298083,0.0289748,0.0281514,0.0273379,0.026534,0.0257394,0.0249539,0.0241772,0.023409,0.0226492,0.0218974,0.0211533,0.0204168,0.0196876,0.0189654,0.01825,0.0175412,0.0168386,0.0161421,0.0154513,0.0147662,0.0140863,0.0134116,0.0127417,0.0120764,0.0114154,0.0107586,0.0101057,0.0094564,0.00881057,0.00816794,0.00752827,0.00689133,0.0062569,0.00562474,0.00499463,0.00436633,0.00373962,0.00311427,0.00249006,0.00186675,0.00124412
0,0.0100398,0.0199971,0.029792,0.0393497,0.048603,0.0574933,0.0659719,0.0740003,0.0815501,0.0886026,0.0951476,0.101183,0.106712,0.111746,0.116297,0.120384,0.124026,0.127245,0.130063,0.132502,0.134588,0.136341,0.137785,0.138941,0.13983,0.140471,0.140884,0.141086,0.141095,0.140925,0.140593,0.140111,0.139492,0.138749,0.137893,0.136934,0.135882,0.134746,0.133534,0.132255,0.130914,0.12952,0.128077,0.126592,0.125071,0.123516,0.121935,0.120329,0.118704,0.117062,0.115407,0.113743,0.112071,0.110394,0.108714,0.107034,0.105356,0.103681,0.10201,0.100346,0.0986903,0.097043,0.0954058,0.0937797,0.0921655,0.0905641,0.0889761,0.0874023,0.0858432,0.0842993,0.0827711,0.0812589,0.0797632,0.0782841,0.0768219,0.0753769,0.0739491,0.0725388,0.0711459,0.0697706,0.0684128,0.0670726,0.06575,0.0644449,0.0631573,0.061887,0.060634,0.0593981,0.0581792,0.0569772,0.055792,0.0546232,0.0534708,0.0523346,0.0512144,0.0501099,0.0490211,0.0479475,0.0468891,0.0458455,0.0448167,0.0438022,0.042802,0.0418157,0.040843,0.0398839,0.0389379,0.0380049,0.0370846,0.0361767,0.0352811,0.0343974,0.0335253,0.0326647,0.0318153,0.0309767,0.0301489,0.0293315,0.0285242,0.0277268,0.0269391,0.0261608,0.0253917,0.0246315,0.0238799,0.0231368,0.0224018,0.0216747,0.0209554,0.0202434,0.0195387,0.0188409,0.0181499,0.0174653,0.016787,0.0161147,0.0154481,0.0147872,0.0141315,0.0134809,0.0128352,0.0121941,0.0115574,0.0109249,0.0102963,0.00967146,0.00905012,0.00843205,0.00781703,0.00720485,0.00659529,0.00598812,0.00538312,0.00478008,0.00417877,0.00357899,0.0029805,0.0023831,0.00178657,0.00119069
0,0.0092145,0.0183585,0.0273635,0.0361653,0.0447051,0.0529314,0.0608004,0.0682767,0.0753331,0.0819506,0.0881175,0.093829,0.0990859,0.103894,0.108264,0.112208,0.115743,0.118886,0.121656,0.124073,0.126156,0.127926,0.129402,0.130605,0.131552,0.132262,0.132752,0.133038,0.133137,0.133062,0.132828,0.132449,0.131935,0.131299,0.130551,0.129702,0.12876,0.127735,0.126634,0.125466,0.124236,0.122951,0.121618,0.120242,0.118828,0.117381,0.115905,0.114405,0.112883,0.111344,0.109791,0.108227,0.106654,0.105075,0.103492,0.101907,0.100323,0.0987402,0.0971614,0.0955876,0.0940203,0.0924606,0.0909097,0.0893685,0.087838,0.086319,0.0848123,0.0833185,0.0818381,0.0803718,0.0789199,0.077483,0.0760612,0.074655,0.0732646,0.0718901,0.0705318,0.0691899,0.0678643,0.0665552,0.0652627,0.0639867,0.0627272,0.0614843,0.0602578,0.0590477,0.057854,0.0566764,0.0555149,0.0543694,0.0532397,0.0521257,0.0510272,0.0499441,0.048876,0.047823,0.0467847,0.045761,0.0447516,0.0437564,0.0427751,0.0418075,0.0408534,0.0399126,0.0389848,0.0380698,0.0371673,0.0362772,0.0353991,0.0345329,0.0336783,0.032835,0.0320029,0.0311817,0.0303711,0.0295709,0.0287808,0.0280007,0.0272303,0.0264693,0.0257175,0.0249746,0.0242405,0.0235149,0.0227975,0.0220882,0.0213866,0.0206926,0.0200059,0.0193264,0.0186536,0.0179875,0.0173279,0.0166744,0.0160268,0.015385,0.0147487,0.0141177,0.0134917,0.0128707,0.0122542,0.0116421,0.0110343,0.0104304,0.00983033,0.00923377,0.00864056,0.00805048,0.0074633,0.00687884,0.00629686,0.00571717,0.00513955,0.0045638,0.00398971,0.00341706,0.00284566,0.00227528,0.00170574,0.00113682
0,0.00845968,0.0168588,0.0251384,0.0332428,0.0411208,0.0487268,0.0560216,0.0629729,0.069555,0.0757492,0.081543,0.0869298,0.0919082,0.0964812,0.100656,0.104442,0.107852,0.1109,0.113603,0.115976,0.118037,0.119804,0.121294,0.122524,0.123512,0.124273,0.124823,0.125178,0.125352,0.125358,0.12521,0.124921,0.1245,0.12396,0.123311,0.122562,0.121722,0.1208,0.119802,0.118737,0.117612,0.116431,0.115202,0.11393,0.112619,0.111275,0.109901,0.108501,0.10708,0.105641,0.104187,0.10272,0.101243,0.0997597,0.0982712,0.0967799,0.0952877,0.0937963,0.0923074,0.0908224,0.0893427,0.0878694,0.0864037,0.0849466,0.0834991,0.0820618,0.0806356,0.0792212,0.0778191,0.0764299,0.075054,0.0736918,0.0723438,0.0710102,0.0696912,0.0683872,0.0670983,0.0658246,0.0645663,0.0633234,0.062096,0.0608842,0.0596879,0.0585072,0.057342,0.0561922,0.0550578,0.0539386,0.0528347,0.0517458,0.0506719,0.0496128,0.0485683,0.0475384,0.0465227,0.0455213,0.0445338,0.0435601,0.0426,0.0416534,0.0407199,0.0397994,0.0388917,0.0379965,0.0371138,0.0362431,0.0353844,0.0345373,0.0337018,0.0328774,0.0320641,0.0312616,0.0304696,0.029688,0.0289165,0.0281548,0.0274028,0.0266603,0.0259269,0.0252025,0.0244868,0.0237797,0.0230809,0.0223901,0.0217072,0.0210318,0.0203639,0.0197032,0.0190495,0.0184024,0.0177619,0.0171278,0.0164997,0.0158775,0.0152609,0.0146498,0.014044,0.0134432,0.0128472,0.0122558,0.0116688,0.011086,0.0105072,0.00993222,0.0093608,0.00879276,0.00822789,0.007666,0.00710688,0.00655033,0.00599616,0.00544416,0.00489413,0.00434587,0.0037992,0.0032539,0.00270978,0.00216664,0.00162429,0.00108253
0,0.00776544,0.0154786,0.0230885,0.0305467,0.0378084,0.0448333,0.0515865,0.0580383,0.0641649,0.0699482,0.0753755,0.080439,0.0851358,0.0894667,0.0934361,0.0970514,0.100322,0.10326,0.105879,0.108191,0.110213,0.111959,0.113445,0.114686,0.115698,0.116494,0.117089,0.117498,0.117734,0.117808,0.117734,0.117523,0.117185,0.116731,0.116171,0.115513,0.114767,0.113939,0.113038,0.11207,0.111042,0.10996,0.10883,0.107656,0.106444,0.105197,0.103922,0.10262,0.101296,0.0999529,0.0985941,0.0972222,0.0958399,0.0944496,0.0930535,0.0916537,0.0902519,0.08885,0.0874496,0.086052,0.0846586,0.0832707,0.0818892,0.0805153,0.0791498,0.0777935,0.0764473,0.0751116,0.0737873,0.0724747,0.0711743,0.0698866,0.068612,0.0673507,0.066103,0.0648693,0.0636495,0.062444,0.0612528,0.0600761,0.0589139,0.0577662,0.0566332,0.0555147,0.0544107,0.0533213,0.0522463,0.0511857,0.0501394,0.0491073,0.0480893,0.0470852,0.0460949,0.0451184,0.0441553,0.0432056,0.0422692,0.0413457,0.0404351,0.0395372,0.0386517,0.0377785,0.0369174,0.0360682,0.0352306,0.0344046,0.0335898,0.0327861,0.0319932,0.031211,0.0304392,0.0296776,0.028926,0.0281843,0.027452,0.0267292,0.0260155,0.0253107,0.0246146,0.023927,0.0232477,0.0225765,0.0219132,0.0212574,0.0206092,0.0199681,0.0193341,0.0187069,0.0180862,0.017472,0.016864,0.0162619,0.0156656,0.0150749,0.0144896,0.0139094,0.0133342,0.0127638,0.012198,0.0116365,0.0110792,0.0105259,0.00997637,0.00943044,0.0088879,0.00834857,0.00781225,0.00727876,0.00674789,0.00621947,0.00569329,0.00516918,0.00464693,0.00412637,0.00360731,0.00308955,0.00257292,0.00205721,0.00154226,0.00102786
0,0.00712349,0.0142017,0.0211902,0.028047,0.0347327,0.0412117,0.0474527,0.0534288,0.0591181,0.0645032,0.0695717,0.0743151,0.0787293,0.0828136,0.0865706,0.0900054,0.0931254,0.0959401,0.0984602,0.100697,0.102665,0.104375,0.105842,0.107078,0.108099,0.108916,0.109543,0.109992,0.110277,0.110407,0.110395,0.110252,0.109986,0.109609,0.109129,0.108554,0.107892,0.107152,0.10634,0.105463,0.104527,0.103537,0.1025,0.10142,0.100302,0.09915,0.0979683,0.0967606,0.0955303,0.0942807,0.0930147,0.0917352,0.0904446,0.0891454,0.0878396,0.0865293,0.0852163,0.0839023,0.0825889,0.0812774,0.0799692,0.0786655,0.0773673,0.0760756,0.0747913,0.0735153,0.0722483,0.0709908,0.0697436,0.0685072,0.067282,0.0660684,0.0648669,0.0636776,0.062501,0.0613373,0.0601866,0.0590491,0.057925,0.0568143,0.0557172,0.0546337,0.0535638,0.0525076,0.051465,0.050436,0.0494205,0.0484185,0.04743,0.0464547,0.0454927,0.0445438,0.0436079,0.0426849,0.0417746,0.0408768,0.0399915,0.0391185,0.0382575,0.0374085,0.0365712,0.0357455,0.0349312,0.0341281,0.0333361,0.0325548,0.0317842,0.031024,0.0302741,0.0295342,0.0288041,0.0280837,0.0273727,0.026671,0.0259783,0.0252944,0.0246192,0.0239524,0.0232938,0.0226433,0.0220006,0.0213655,0.0207378,0.0201174,0.019504,0.0188974,0.0182975,0.0177039,0.0171167,0.0165354,0.01596,0.0153903,0.014826,0.014267,0.0137131,0.0131641,0.0126198,0.0120799,0.0115444,0.0110131,0.0104857,0.00996201,0.00944194,0.00892527,0.00841181,0.00790139,0.00739381,0.0068889,0.00638647,0.00588636,0.00538837,0.00489233,0.00439806,0.00390538,0.00341412,0.00292409,0.00243513,0.00194704,0.00145967,0.000972816
0,0.00652686,0.0130143,0.0194238,0.0257185,0.0318637,0.0378282,0.0435838,0.0491062,0.0543754,0.059375,0.0640929,0.0685204,0.0726527,0.076488,0.0800273,0.0832741,0.0862341,0.0889146,0.0913245,0.0934738,0.0953731,0.0970338,0.0984677,0.0996867,0.100703,0.101528,0.102174,0.102652,0.102973,0.103149,0.103188,0.103102,0.102899,0.102589,0.10218,0.10168,0.101097,0.100437,0.0997077,0.098915,0.0980648,0.0971627,0.0962137,0.0952228,0.0941943,0.0931324,0.0920411,0.0909238,0.089784,0.0886248,0.0874489,0.0862592,0.085058,0.0838477,0.0826302,0.0814077,0.0801817,0.0789541,0.0777263,0.0764996,0.0752754,0.0740548,0.0728388,0.0716285,0.0704247,0.0692282,0.0680397,0.0668599,0.0656893,0.0645286,0.0633781,0.0622382,0.0611094,0.059992,0.0588862,0.0577923,0.0567104,0.0556409,0.0545837,0.0535391,0.052507,0.0514876,0.0504809,0.0494869,0.0485057,0.0475371,0.0465812,0.045638,0.0447072,0.043789,0.0428831,0.0419895,0.0411081,0.0402387,0.0393813,0.0385356,0.0377016,0.0368792,0.036068,0.0352681,0.0344792,0.0337012,0.0329339,0.0321771,0.0314307,0.0306944,0.0299682,0.0292517,0.0285449,0.0278475,0.0271594,0.0264803,0.0258102,0.0251487,0.0244957,0.023851,0.0232145,0.0225859,0.021965,0.0213517,0.0207458,0.0201471,0.0195553,0.0189703,0.018392,0.0178201,0.0172544,0.0166948,0.0161411,0.015593,0.0150505,0.0145133,0.0139812,0.0134541,0.0129318,0.0124141,0.0119008,0.0113917,0.0108868,0.0103857,0.00988836,0.00939456,0.00890413,0.0084169,0.0079327,0.00745136,0.0069727,0.00649656,0.00602275,0.00555113,0.0050815,0.00461372,0.0041476,0.00368298,0.0032197,0.00275758,0.00229646,0.00183617,0.00137655,0.00091742
0,0.00596964,0.0119049,0.0177722,0.0235393,0.0291756,0.0346535,0.0399479,0.045037,0.0499022,0.0545286,0.0589043,0.063021,0.0668732,0.0704584,0.0737765,0.0768297,0.0796222,0.0821597,0.0844496,0.0865,0.0883201,0.0899196,0.0913088,0.0924981,0.0934981,0.0943195,0.0949727,0.0954681,0.0958159,0.0960256,0.096107,0.0960689,0.0959201,0.0956689,0.0953232,0.0948904,0.0943776,0.0937916,0.0931385,0.0924244,0.0916547,0.0908347,0.0899693,0.0890629,0.08812,0.0871444,0.0861398,0.0851097,0.0840573,0.0829855,0.0818971,0.0807947,0.0796806,0.0785571,0.077426,0.0762894,0.0751489,0.0740061,0.0728625,0.0717193,0.0705779,0.0694394,0.0683047,0.0671749,0.0660507,0.064933,0.0638224,0.0627197,0.0616252,0.0605397,0.0594635,0.058397,0.0573406,0.0562947,0.0552595,0.0542352,0.0532221,0.0522203,0.0512299,0.0502512,0.0492841,0.0483288,0.0473853,0.0464536,0.0455337,0.0446257,0.0437294,0.0428449,0.0419721,0.0411109,0.0402612,0.039423,0.0385962,0.0377806,0.0369762,0.0361828,0.0354003,0.0346285,0.0338674,0.0331167,0.0323764,0.0316462,0.0309261,0.0302158,0.0295152,0.0288241,0.0281424,0.0274698,0.0268063,0.0261516,0.0255056,0.0248681,0.0242389,0.0236179,0.0230048,0.0223996,0.0218019,0.0212117,0.0206287,0.0200528,0.0194839,0.0189217,0.018366,0.0178167,0.0172736,0.0167365,0.0162053,0.0156798,0.0151598,0.0146451,0.0141356,0.0136311,0.0131314,0.0126364,0.0121458,0.0116596,0.0111776,0.0106995,0.0102252,0.00975462,0.00928752,0.00882374,0.00836312,0.00790551,0.00745075,0.00699866,0.00654909,0.00610188,0.00565687,0.0052139,0.00477281,0.00433345,0.00389565,0.00345926,0.00302412,0.00259007,0.00215696,0.00172463,0.00129293,0.000861692
0,0.00544677,0.0108636,0.016221,0.0214907,0.026646,0.0316623,0.0365174,0.0411915,0.0456679,0.0499327,0.0539748,0.057786,0.0613607,0.0646958,0.0677905,0.070646,0.0732652,0.0756526,0.0778142,0.0797566,0.0814877,0.0830158,0.0843497,0.0854987,0.086472,0.0872791,0.0879293,0.0884321,0.0887964,0.0890312,0.0891451,0.0891465,0.0890432,0.088843,0.0885531,0.0881805,0.0877317,0.0872131,0.0866305,0.0859893,0.0852949,0.0845522,0.0837657,0.0829397,0.0820784,0.0811853,0.080264,0.0793179,0.0783499,0.0773628,0.0763593,0.0753419,0.0743127,0.0732739,0.0722274,0.071175,0.0701184,0.069059,0.0679982,0.0669374,0.0658777,0.0648202,0.0637659,0.0627157,0.0616704,0.0606307,0.0595974,0.0585711,0.0575523,0.0565415,0.0555392,0.0545457,0.0535615,0.0525868,0.0516219,0.050667,0.0497224,0.0487882,0.0478646,0.0469517,0.0460496,0.0451583,0.0442779,0.0434085,0.04255,0.0417024,0.0408658,0.0400401,0.0392253,0.0384212,0.0376279,0.0368452,0.0360731,0.0353114,0.0345601,0.0338191,0.0330882,0.0323673,0.0316563,0.0309551,0.0302634,0.0295813,0.0289084,0.0282448,0.0275901,0.0269444,0.0263074,0.0256789,0.0250589,0.0244471,0.0238434,0.0232476,0.0226596,0.0220792,0.0215062,0.0209405,0.0203819,0.0198302,0.0192853,0.0187471,0.0182153,0.0176897,0.0171703,0.0166568,0.0161492,0.0156471,0.0151506,0.0146593,0.0141732,0.013692,0.0132157,0.0127441,0.012277,0.0118142,0.0113556,0.010901,0.0104504,0.0100034,0.00956003,0.00912006,0.00868336,0.00824976,0.00781913,0.0073913,0.00696612,0.00654344,0.00612312,0.00570501,0.00528895,0.00487479,0.0044624,0.00405161,0.00364229,0.00323428,0.00282744,0.00242163,0.00201669,0.00161247,0.00120885,0.000805654
0,0.00495388,0.00988157,0.0147574,0.0195565,0.0242554,0.0288325,0.0332678,0.0375438,0.0416453,0.0455596,0.0492763,0.0527876,0.0560878,0.0591737,0.0620438,0.0646985,0.0671399,0.0693714,0.0713978,0.0732246,0.0748583,0.0763061,0.0775757,0.0786749,0.0796121,0.0803955,0.0810335,0.0815344,0.0819065,0.0821577,0.0822959,0.0823286,0.0822632,0.0821067,0.0818657,0.0815467,0.0811558,0.0806987,0.0801809,0.0796076,0.0789836,0.0783135,0.0776016,0.076852,0.0760684,0.0752544,0.0744132,0.073548,0.0726615,0.0717566,0.0708356,0.0699008,0.0689545,0.0679985,0.0670348,0.066065,0.0650906,0.0641132,0.063134,0.0621543,0.0611753,0.0601978,0.059223,0.0582515,0.0572844,0.0563221,0.0553655,0.0544151,0.0534714,0.0525349,0.0516061,0.0506852,0.0497728,0.048869,0.0479742,0.0470886,0.0462123,0.0453456,0.0444886,0.0436414,0.0428041,0.0419768,0.0411596,0.0403524,0.0395553,0.0387683,0.0379914,0.0372246,0.0364677,0.0357209,0.0349839,0.0342569,0.0335395,0.0328319,0.0321339,0.0314453,0.0307661,0.0300962,0.0294355,0.0287838,0.028141,0.027507,0.0268816,0.0262647,0.0256563,0.025056,0.0244639,0.0238797,0.0233033,0.0227345,0.0221733,0.0216194,0.0210727,0.020533,0.0200003,0.0194743,0.0189549,0.018442,0.0179354,0.0174349,0.0169404,0.0164517,0.0159687,0.0154912,0.0150191,0.0145523,0.0140905,0.0136337,0.0131816,0.0127342,0.0122912,0.0118526,0.0114182,0.0109878,0.0105613,0.0101386,0.00971946,0.00930378,0.00889143,0.00848225,0.0080761,0.00767284,0.00727233,0.00687443,0.006479,0.00608589,0.00569496,0.00530609,0.00491913,0.00453394,0.00415038,0.00376832,0.00338762,0.00300814,0.00262975,0.00225231,0.00187568,0.00149973,0.00112433,0.000749325
0,0.00448717,0.00895148,0.0133705,0.0177224,0.0219868,0.0261443,0.0301774,0.0340706,0.0378099,0.041384,0.0447832,0.0480001,0.0510294,0.0538674,0.0565124,0.0589644,0.0612245,0.0632955,0.065181,0.0668856,0.0684149,0.0697748,0.070972,0.0720133,0.072906,0.0736573,0.0742747,0.0747657,0.0751374,0.0753972,0.0755521,0.075609,0.0755744,0.0754548,0.0752564,0.0749849,0.074646,0.0742449,0.0737868,0.0732765,0.0727183,0.0721166,0.0714753,0.0707983,0.0700889,0.0693506,0.0685865,0.0677993,0.0669917,0.0661664,0.0653255,0.0644714,0.0636059,0.0627309,0.0618482,0.0609594,0.060066,0.0591692,0.0582704,0.0573707,0.0564712,0.0555729,0.0546766,0.0537832,0.0528934,0.0520079,0.0511274,0.0502523,0.0493833,0.0485207,0.0476649,0.0468164,0.0459755,0.0451424,0.0443174,0.0435008,0.0426927,0.0418934,0.0411028,0.0403213,0.0395488,0.0387854,0.0380312,0.0372863,0.0365506,0.0358241,0.0351069,0.034399,0.0337002,0.0330106,0.0323302,0.0316588,0.0309963,0.0303428,0.0296981,0.0290621,0.0284348,0.027816,0.0272057,0.0266036,0.0260098,0.0254241,0.0248463,0.0242764,0.0237142,0.0231596,0.0226124,0.0220726,0.02154,0.0210144,0.0204958,0.0199839,0.0194787,0.01898,0.0184877,0.0180016,0.0175216,0.0170475,0.0165793,0.0161167,0.0156596,0.015208,0.0147615,0.0143202,0.0138839,0.0134524,0.0130255,0.0126033,0.0121854,0.0117718,0.0113624,0.010957,0.0105554,0.0101576,0.00976332,0.00937254,0.0089851,0.00860085,0.00821967,0.00784142,0.00746597,0.00709318,0.00672294,0.00635511,0.00598955,0.00562615,0.00526476,0.00490527,0.00454754,0.00419145,0.00383687,0.00348368,0.00313173,0.00278092,0.00243111,0.00208218,0.00173401,0.00138645,0.0010394,0.000692726
0,0.00404331,0.00806671,0.0120506,0.015976,0.019825,0.0235805,0.0272272,0.0307511,0.0341399,0.0373832,0.0404724,0.0434004,0.0461621,0.0487541,0.0511742,0.053422,0.0554983,0.057405,0.059145,0.060722,0.0621407,0.0634062,0.0645241,0.0655003,0.0663412,0.067053,0.0676425,0.0681161,0.0684803,0.0687417,0.0689064,0.0689807,0.0689706,0.0688819,0.0687201,0.0684905,0.0681983,0.0678483,0.0674451,0.0669932,0.0664966,0.0659592,0.0653848,0.0647768,0.0641385,0.0634728,0.0627827,0.0620709,0.0613398,0.0605917,0.0598289,0.0590533,0.0582667,0.0574711,0.0566678,0.0558586,0.0550446,0.0542272,0.0534076,0.0525869,0.051766,0.0509459,0.0501274,0.0493113,0.0484982,0.0476889,0.0468838,0.0460836,0.0452887,0.0444996,0.0437166,0.04294,0.0421703,0.0414077,0.0406523,0.0399045,0.0391645,0.0384323,0.0377081,0.0369921,0.0362843,0.0355848,0.0348936,0.0342109,0.0335366,0.0328707,0.0322132,0.0315642,0.0309236,0.0302913,0.0296674,0.0290517,0.0284442,0.0278449,0.0272536,0.0266703,0.026095,0.0255274,0.0249675,0.0244153,0.0238705,0.0233332,0.0228032,0.0222803,0.0217645,0.0212557,0.0207537,0.0202584,0.0197697,0.0192874,0.0188115,0.0183419,0.0178783,0.0174206,0.0169689,0.0165228,0.0160823,0.0156472,0.0152175,0.014793,0.0143735,0.013959,0.0135493,0.0131443,0.0127438,0.0123478,0.011956,0.0115685,0.011185,0.0108054,0.0104296,0.0100574,0.00968887,0.00932371,0.00896186,0.00860318,0.00824756,0.00789486,0.00754498,0.00719779,0.00685317,0.00651099,0.00617115,0.00583351,0.00549797,0.00516439,0.00483267,0.00450269,0.00417433,0.00384746,0.00352199,0.00319778,0.00287472,0.0025527,0.0022316,0.00191131,0.0015917,0.00127267,0.000954103,0.000635877
0,0.00361937,0.00722145,0.0107892,0.0143061,0.0177565,0.0211256,0.0243997,0.0275666,0.0306154,0.0335367,0.0363227,0.038967,0.0414647,0.0438125,0.0460083,0.0480513,0.0499418,0.0516812,0.0532719,0.0547168,0.0560199,0.0571853,0.0582178,0.0591227,0.0599053,0.0605712,0.0611262,0.0615759,0.0619262,0.0621827,0.0623511,0.062437,0.0624455,0.0623821,0.0622515,0.0620588,0.0618084,0.0615048,0.0611522,0.0607545,0.0603156,0.0598389,0.0593279,0.0587857,0.0582153,0.0576194,0.0570008,0.0563618,0.0557048,0.0550319,0.054345,0.0536461,0.0529368,0.0522188,0.0514935,0.0507624,0.0500267,0.0492875,0.0485461,0.0478033,0.0470601,0.0463173,0.0455758,0.0448363,0.0440993,0.0433655,0.0426354,0.0419096,0.0411884,0.0404724,0.0397617,0.0390569,0.0383581,0.0376656,0.0369797,0.0363006,0.0356283,0.0349632,0.0343053,0.0336547,0.0330115,0.0323758,0.0317477,0.0311271,0.0305142,0.0299088,0.0293111,0.0287211,0.0281386,0.0275637,0.0269963,0.0264365,0.025884,0.0253389,0.0248012,0.0242707,0.0237473,0.0232311,0.0227218,0.0222194,0.0217239,0.0212351,0.0207529,0.0202772,0.0198079,0.019345,0.0188882,0.0184376,0.0179929,0.0175541,0.0171211,0.0166937,0.0162719,0.0158555,0.0154443,0.0150384,0.0146376,0.0142417,0.0138506,0.0134643,0.0130825,0.0127053,0.0123324,0.0119638,0.0115994,0.0112389,0.0108824,0.0105297,0.0101806,0.00983512,0.00949309,0.0091544,0.00881893,0.00848658,0.00815723,0.00783077,0.00750709,0.00718608,0.00686762,0.00655161,0.00623793,0.00592648,0.00561715,0.00530983,0.00500442,0.00470079,0.00439886,0.0040985,0.00379961,0.0035021,0.00320584,0.00291073,0.00261668,0.00232356,0.00203129,0.00173974,0.00144883,0.00115844,0.000868461,0.0005788
0,0.00321272,0.0064105,0.00957862,0.0127028,0.0157694,0.0187656,0.0216794,0.0245002,0.0272184,0.0298255,0.0323147,0.03468,0.0369172,0.0390229,0.0409952,0.0428329,0.0445363,0.0461062,0.0475445,0.0488536,0.0500366,0.0510971,0.0520393,0.0528674,0.0535862,0.0542004,0.0547151,0.0551351,0.0554657,0.0557119,0.0558785,0.0559704,0.0559925,0.0559493,0.0558452,0.0556847,0.0554718,0.0552104,0.0549044,0.0545572,0.0541724,0.053753,0.0533022,0.0528228,0.0523175,0.0517889,0.0512392,0.0506708,0.0500857,0.0494859,0.0488732,0.0482492,0.0476156,0.0469738,0.0463251,0.0456709,0.0450122,0.0443502,0.0436858,0.0430201,0.0423537,0.0416876,0.0410223,0.0403587,0.0396972,0.0390384,0.0383828,0.0377309,0.0370831,0.0364397,0.0358012,0.0351677,0.0345396,0.033917,0.0333003,0.0326897,0.0320851,0.0314869,0.0308951,0.0303099,0.0297313,0.0291593,0.0285941,0.0280357,0.0274841,0.0269394,0.0264015,0.0258704,0.0253461,0.0248286,0.0243178,0.0238138,0.0233164,0.0228257,0.0223415,0.0218639,0.0213926,0.0209278,0.0204692,0.0200168,0.0195705,0.0191303,0.0186961,0.0182677,0.017845,0.0174281,0.0170167,0.0166108,0.0162103,0.0158151,0.015425,0.0150401,0.0146601,0.014285,0.0139146,0.013549,0.0131879,0.0128312,0.012479,0.0121309,0.011787,0.0114472,0.0111113,0.0107792,0.0104509,0.0101261,0.00980494,0.00948715,0.00917268,0.00886143,0.00855328,0.00824813,0.00794589,0.00764646,0.00734973,0.0070556,0.00676397,0.00647474,0.00618781,0.00590309,0.00562047,0.00533986,0.00506116,0.00478426,0.00450908,0.00423551,0.00396346,0.00369284,0.00342354,0.00315547,0.00288854,0.00262264,0.00235769,0.00209359,0.00183024,0.00156756,0.00130543,0.00104378,0.000782507,0.000521515
0,0.00282101,0.00562921,0.00841199,0.0111571,0.0138527,0.0164879,0.0190522,0.0215365,0.0239323,0.0262324,0.0284304,0.0305214,0.0325012,0.0343669,0.0361165,0.037749,0.0392643,0.0406629,0.0419463,0.0431164,0.0441758,0.0451274,0.0459748,0.0467215,0.0473716,0.0479292,0.0483985,0.0487839,0.0490898,0.0493205,0.0494804,0.0495738,0.0496047,0.0495773,0.0494955,0.049363,0.0491836,0.0489607,0.0486976,0.0483976,0.0480636,0.0476986,0.0473051,0.0468858,0.0464432,0.0459793,0.0454964,0.0449965,0.0444814,0.0439529,0.0434126,0.0428621,0.0423026,0.0417356,0.0411623,0.0405837,0.0400011,0.0394152,0.0388271,0.0382375,0.0376472,0.0370569,0.0364673,0.0358789,0.0352924,0.0347081,0.0341266,0.0335482,0.0329733,0.0324023,0.0318355,0.0312731,0.0307155,0.0301627,0.029615,0.0290726,0.0285356,0.0280042,0.0274785,0.0269585,0.0264443,0.0259361,0.0254338,0.0249376,0.0244473,0.0239631,0.023485,0.0230128,0.0225468,0.0220867,0.0216326,0.0211845,0.0207423,0.0203059,0.0198754,0.0194506,0.0190316,0.0186182,0.0182104,0.017808,0.0174112,0.0170196,0.0166334,0.0162524,0.0158765,0.0155056,0.0151397,0.0147787,0.0144224,0.0140708,0.0137239,0.0133814,0.0130434,0.0127097,0.0123803,0.012055,0.0117338,0.0114165,0.0111031,0.0107935,0.0104875,0.0101852,0.00988632,0.00959088,0.00929876,0.00900986,0.00872408,0.00844135,0.00816156,0.00788463,0.00761047,0.00733897,0.00707006,0.00680364,0.00653963,0.00627793,0.00601845,0.00576111,0.00550582,0.00525248,0.00500102,0.00475134,0.00450335,0.00425698,0.00401213,0.00376872,0.00352665,0.00328586,0.00304624,0.00280771,0.0025702,0.00233361,0.00209786,0.00186286,0.00162854,0.0013948,0.00116157,0.000928752,0.000696271,0.000464041
0,0.0024421,0.00487335,0.00728304,0.00966076,0.0119965,0.0142809,0.0165052,0.0186613,0.020742,0.0227412,0.0246533,0.0264738,0.0281993,0.0298269,0.031355,0.0327824,0.0341089,0.0353349,0.0364614,0.0374899,0.0384227,0.0392621,0.0400109,0.0406723,0.0412495,0.0417462,0.0421658,0.0425122,0.042789,0.0430001,0.043149,0.0432396,0.0432753,0.0432598,0.0431963,0.0430883,0.0429389,0.0427511,0.0425279,0.0422719,0.041986,0.0416725,0.0413339,0.0409723,0.0405899,0.0401888,0.0397707,0.0393374,0.0388906,0.0384318,0.0379624,0.0374838,0.0369972,0.0365038,0.0360046,0.0355008,0.0349931,0.0344825,0.0339697,0.0334555,0.0329406,0.0324256,0.031911,0.0313974,0.0308853,0.0303751,0.0298672,0.0293619,0.0288597,0.0283608,0.0278654,0.0273739,0.0268864,0.0264032,0.0259244,0.0254501,0.0249806,0.0245159,0.0240561,0.0236013,0.0231515,0.022707,0.0222676,0.0218334,0.0214045,0.0209808,0.0205624,0.0201493,0.0197415,0.0193388,0.0189415,0.0185493,0.0181622,0.0177803,0.0174035,0.0170317,0.0166649,0.016303,0.015946,0.0155939,0.0152464,0.0149037,0.0145656,0.014232,0.0139029,0.0135782,0.0132578,0.0129417,0.0126298,0.012322,0.0120182,0.0117184,0.0114224,0.0111303,0.0108418,0.010557,0.0102757,0.00999786,0.00972343,0.00945231,0.00918441,0.00891966,0.00865796,0.00839925,0.00814344,0.00789045,0.0076402,0.00739261,0.0071476,0.00690508,0.00666499,0.00642724,0.00619174,0.00595843,0.00572722,0.00549804,0.0052708,0.00504544,0.00482186,0.0046,0.00437978,0.00416112,0.00394395,0.00372818,0.00351375,0.00330057,0.00308858,0.0028777,0.00266785,0.00245895,0.00225094,0.00204374,0.00183728,0.00163147,0.00142625,0.00122155,0.00101729,0.000813389,0.000609785,0.000406401
0,0.00207406,0.00413906,0.00618607,0.00820641,0.0101917,0.0121341,0.0140262,0.0158614,0.0176334,0.019337,0.0209676,0.0225214,0.0239951,0.0253866,0.0266941,0.0279167,0.029054,0.0301063,0.0310743,0.0319593,0.032763,0.0334872,0.0341344,0.0347071,0.0352081,0.0356402,0.0360065,0.0363101,0.0365541,0.0367417,0.036876,0.0369602,0.0369972,0.0369901,0.0369418,0.036855,0.0367326,0.036577,0.0363908,0.0361763,0.0359359,0.0356716,0.0353855,0.0350796,0.0347556,0.0344152,0.0340601,0.0336918,0.0333117,0.0329212,0.0325213,0.0321135,0.0316986,0.0312777,0.0308518,0.0304216,0.0299881,0.0295519,0.0291138,0.0286744,0.0282342,0.0277938,0.0273538,0.0269145,0.0264763,0.0260398,0.0256051,0.0251727,0.0247428,0.0243157,0.0238916,0.0234707,0.0230532,0.0226393,0.0222292,0.021823,0.0214207,0.0210226,0.0206286,0.020239,0.0198536,0.0194726,0.0190961,0.018724,0.0183564,0.0179933,0.0176346,0.0172805,0.0169309,0.0165858,0.0162451,0.0159089,0.0155771,0.0152497,0.0149266,0.0146078,0.0142933,0.013983,0.0136769,0.013375,0.013077,0.0127831,0.0124932,0.0122071,0.0119249,0.0116465,0.0113717,0.0111007,0.0108332,0.0105692,0.0103087,0.0100515,0.00979768,0.00954709,0.00929969,0.0090554,0.00881415,0.00857587,0.00834049,0.00810795,0.00787817,0.00765109,0.00742663,0.00720473,0.00698532,0.00676832,0.00655367,0.0063413,0.00613114,0.00592312,0.00571718,0.00551325,0.00531125,0.00511112,0.0049128,0.00471621,0.00452129,0.00432798,0.0041362,0.00394589,0.00375699,0.00356943,0.00338314,0.00319805,0.00301411,0.00283125,0.00264941,0.00246851,0.0022885,0.00210931,0.00193088,0.00175314,0.00157603,0.00139949,0.00122345,0.00104786,0.000872639,0.000697734,0.00052308,0.000348616
0,0.00171506,0.00342275,0.00511578,0.00678708,0.00842983,0.0100376,0.0116043,0.0131245,0.0145932,0.0160059,0.0173589,0.0186489,0.0198733,0.0210302,0.0221182,0.0231363,0.0240842,0.024962,0.0257703,0.0265101,0.0271826,0.0277895,0.0283325,0.0288138,0.0292355,0.0296,0.0299098,0.0301675,0.0303755,0.0305365,0.0306531,0.0307279,0.0307632,0.0307617,0.0307257,0.0306575,0.0305594,0.0304335,0.030282,0.0301067,0.0299096,0.0296925,0.0294571,0.0292049,0.0289375,0.0286564,0.0283628,0.0280581,0.0277434,0.0274198,0.0270884,0.0267502,0.026406,0.0260567,0.0257031,0.0253459,0.0249858,0.0246234,0.0242593,0.023894,0.023528,0.0231618,0.0227958,0.0224303,0.0220658,0.0217026,0.0213409,0.020981,0.0206231,0.0202675,0.0199144,0.019564,0.0192164,0.0188717,0.0185302,0.0181918,0.0178568,0.0175252,0.017197,0.0168723,0.0165513,0.0162339,0.0159202,0.0156101,0.0153038,0.0150012,0.0147024,0.0144073,0.0141159,0.0138283,0.0135443,0.0132641,0.0129876,0.0127147,0.0124454,0.0121797,0.0119175,0.0116589,0.0114037,0.011152,0.0109036,0.0106586,0.0104169,0.0101784,0.00994317,0.00971104,0.00948201,0.00925601,0.00903299,0.00881291,0.0085957,0.00838131,0.00816968,0.00796075,0.00775448,0.0075508,0.00734965,0.00715098,0.00695473,0.00676084,0.00656925,0.00637991,0.00619275,0.00600773,0.00582478,0.00564384,0.00546486,0.00528778,0.00511255,0.0049391,0.00476738,0.00459733,0.00442889,0.00426202,0.00409664,0.00393272,0.00377019,0.00360899,0.00344908,0.00329039,0.00313287,0.00297646,0.00282112,0.00266679,0.00251341,0.00236092,0.00220929,0.00205844,0.00190833,0.00175891,0.00161012,0.00146191,0.00131422,0.00116701,0.00102022,0.00087379,0.000727678,0.000581828,0.000436188,0.000290704
0,0.00136344,0.00272109,0.00406723,0.0053963,0.00670294,0.00798208,0.00922896,0.0104392,0.0116089,0.0127346,0.0138131,0.014842,0.0158191,0.0167428,0.0176121,0.018426,0.0191844,0.0198872,0.0205349,0.0211282,0.021668,0.0221556,0.0225924,0.0229799,0.02332,0.0236145,0.0238654,0.0240745,0.024244,0.0243759,0.0244722,0.0245349,0.0245661,0.0245678,0.0245417,0.0244899,0.024414,0.0243158,0.0241969,0.0240589,0.0239034,0.0237318,0.0235453,0.0233454,0.0231333,0.02291,0.0226766,0.0224343,0.0221839,0.0219263,0.0216623,0.0213928,0.0211185,0.02084,0.020558,0.0202731,0.0199857,0.0196965,0.0194059,0.0191142,0.018822,0.0185296,0.0182372,0.0179453,0.0176541,0.0173638,0.0170748,0.0167872,0.0165011,0.0162169,0.0159347,0.0156545,0.0153766,0.0151011,0.0148279,0.0145574,0.0142895,0.0140242,0.0137618,0.0135021,0.0132454,0.0129915,0.0127405,0.0124925,0.0122475,0.0120054,0.0117664,0.0115303,0.0112972,0.011067,0.0108399,0.0106157,0.0103944,0.0101761,0.00996058,0.00974798,0.00953822,0.00933126,0.00912708,0.00892564,0.0087269,0.00853084,0.00833741,0.00814658,0.0079583,0.00777253,0.00758924,0.00740838,0.0072299,0.00705376,0.00687993,0.00670835,0.00653898,0.00637177,0.00620668,0.00604367,0.00588268,0.00572368,0.00556661,0.00541143,0.00525809,0.00510654,0.00495675,0.00480866,0.00466223,0.00451742,0.00437416,0.00423243,0.00409218,0.00395335,0.0038159,0.00367979,0.00354498,0.00341141,0.00327905,0.00314784,0.00301775,0.00288873,0.00276073,0.00263371,0.00250763,0.00238244,0.0022581,0.00213457,0.0020118,0.00188975,0.00176838,0.00164764,0.00152749,0.00140789,0.00128879,0.00117016,0.00105194,0.00093411,0.000816612,0.000699408,0.000582456,0.000465713,0.000349138,0.000232689
0,0.00101761,0.00203093,0.00303575,0.00402795,0.00500356,0.00595882,0.00689021,0.00779449,0.00866873,0.00951031,0.010317,0.0110868,0.0118182,0.01251,0.0131612,0.0137714,0.0143401,0.0148676,0.0153539,0.0157997,0.0162056,0.0165725,0.0169014,0.0171936,0.0174502,0.0176728,0.0178626,0.0180212,0.0181501,0.0182508,0.0183247,0.0183735,0.0183987,0.0184015,0.0183836,0.0183463,0.0182909,0.0182186,0.0181309,0.0180287,0.0179133,0.0177858,0.0176471,0.0174982,0.0173401,0.0171736,0.0169995,0.0168186,0.0166315,0.0164391,0.0162418,0.0160403,0.0158352,0.0156269,0.0154159,0.0152027,0.0149876,0.0147711,0.0145535,0.0143351,0.0141163,0.0138972,0.0136782,0.0134596,0.0132414,0.0130239,0.0128073,0.0125918,0.0123774,0.0121644,0.0119528,0.0117428,0.0115345,0.0113279,0.0111232,0.0109203,0.0107194,0.0105206,0.0103238,0.0101291,0.00993654,0.00974616,0.00955796,0.00937198,0.00918821,0.00900667,0.00882737,0.0086503,0.00847547,0.00830287,0.00813249,0.00796432,0.00779835,0.00763456,0.00747294,0.00731346,0.00715611,0.00700086,0.0068477,0.00669659,0.00654751,0.00640043,0.00625532,0.00611216,0.00597092,0.00583156,0.00569405,0.00555836,0.00542447,0.00529233,0.00516191,0.00503319,0.00490612,0.00478068,0.00465682,0.00453452,0.00441374,0.00429445,0.0041766,0.00406018,0.00394513,0.00383144,0.00371905,0.00360794,0.00349808,0.00338943,0.00328195,0.00317561,0.00307038,0.00296622,0.00286309,0.00276097,0.00265982,0.00255961,0.0024603,0.00236185,0.00226424,0.00216744,0.0020714,0.0019761,0.0018815,0.00178757,0.00169428,0.00160159,0.00150948,0.0014179,0.00132684,0.00123624,0.00114609,0.00105636,0.000966996,0.000877985,0.000789288,0.000700876,0.000612716,0.000524776,0.000437025,0.000349431,0.000261963,0.00017459
0,0.000676054,0.00134928,0.0020169,0.00267619,0.00332452,0.00395942,0.00457857,0.0051798,0.00576118,0.00632098,0.00685769,0.00737003,0.00785695,0.00831763,0.00875146,0.00915807,0.00953725,0.00988901,0.0102135,0.0105111,0.0107821,0.0110273,0.0112472,0.0114427,0.0116146,0.0117637,0.0118911,0.0119976,0.0120844,0.0121523,0.0122025,0.0122359,0.0122534,0.0122561,0.0122449,0.0122208,0.0121845,0.0121371,0.0120792,0.0120118,0.0119354,0.011851,0.0117591,0.0116603,0.0115554,0.0114448,0.0113292,0.011209,0.0110846,0.0109567,0.0108255,0.0106915,0.010555,0.0104164,0.010276,0.0101341,0.00999091,0.00984677,0.00970188,0.00955647,0.00941072,0.00926484,0.00911898,0.00897331,0.00882796,0.00868308,0.00853877,0.00839516,0.00825233,0.00811039,0.00796941,0.00782947,0.00769063,0.00755296,0.0074165,0.0072813,0.00714741,0.00701486,0.00688369,0.00675391,0.00662556,0.00649865,0.0063732,0.00624921,0.00612671,0.00600569,0.00588615,0.00576811,0.00565155,0.00553648,0.00542288,0.00531076,0.00520011,0.00509091,0.00498315,0.00487682,0.0047719,0.00466839,0.00456627,0.00446552,0.00436611,0.00426804,0.00417129,0.00407584,0.00398166,0.00388873,0.00379704,0.00370657,0.00361729,0.00352917,0.00344221,0.00335638,0.00327165,0.003188,0.00310541,0.00302386,0.00294332,0.00286377,0.00278519,0.00270755,0.00263083,0.00255502,0.00248008,0.00240599,0.00233272,0.00226027,0.0021886,0.00211769,0.00204751,0.00197805,0.00190928,0.00184119,0.00177373,0.00170691,0.00164068,0.00157503,0.00150994,0.00144538,0.00138134,0.00131779,0.0012547,0.00119207,0.00112985,0.00106805,0.00100662,0.000945549,0.00088482,0.000824407,0.00076429,0.000704447,0.000644856,0.000585498,0.000526349,0.00046739,0.000408599,0.000349955,0.000291437,0.000233024,0.000174694,0.000116428
