0,0,0,0,0,0,0,0,0,0,0,0,0,0,0,0,0,0,0,0,0,0,0,0,0,0,0,0,0,0,0,0,0,0,0,0,0,0,0,0,0,0,0,0,0,0,0,0,0,0,0,0,0,0,0,0,0,0,0,0,0,0,0,0,0,0,0,0,0,0,0,0,0,0,0,0,0,0,0,0,0,0,0,0,0,0,0,0,0,0,0,0,0,0,0,0,0,0,0,0,0,0,0,0,0,0,0,0,0,0,0,0,0,0,0,0,0,0,0,0,0,0,0,0,0,0,0,0,0,0,0,0,0,0,0,0,0,0,0,0,0,0,0,0,0,0,0,0,0,0,0,0,0,0,0,0,0,0,0,0,0
0,0.000336816,0.000672229,0.00100485,0.00133334,0.00165638,0.00197275,0.00228128,0.00258091,0.00287067,0.00314969,0.00341723,0.00367264,0.0039154,0.00414509,0.00436142,0.00456419,0.00475329,0.00492873,0.00509058,0.005239,0.0053742,0.00549649,0.00560618,0.00570368,0.00578938,0.00586373,0.00592722,0.00598031,0.0060235,0.0060573,0.0060822,0.00609871,0.00610732,0.00610851,0.00610275,0.0060905,0.00607221,0.00604831,0.0060192,0.00598529,0.00594695,0.00590454,0.00585839,0.00580884,0.00575618,0.00570071,0.0056427,0.00558241,0.00552006,0.0054559,0.00539012,0.00532293,0.00525451,0.00518502,0.00511464,0.00504351,0.00497176,0.00489953,0.00482692,0.00475406,0.00468104,0.00460795,0.00453488,0.00446191,0.00438911,0.00431655,0.00424429,0.00417237,0.00410086,0.0040298,0.00395923,0.00388918,0.00381969,0.00375079,0.00368251,0.00361487,0.00354789,0.00348159,0.00341599,0.00335109,0.00328691,0.00322347,0.00316076,0.00309879,0.00303758,0.00297711,0.0029174,0.00285844,0.00280024,0.00274278,0.00268608,0.00263012,0.0025749,0.00252042,0.00246667,0.00241364,0.00236133,0.00230973,0.00225884,0.00220863,0.00215912,0.00211028,0.0020621,0.00201458,0.00196771,0.00192148,0.00187587,0.00183088,0.00178649,0.00174269,0.00169948,0.00165684,0.00161477,0.00157324,0.00153224,0.00149178,0.00145182,0.00141237,0.00137342,0.00133494,0.00129693,0.00125937,0.00122226,0.00118558,0.00114933,0.00111348,0.00107803,0.00104297,0.00100828,0.000973957,0.000939983,0.00090635,0.000873046,0.000840059,0.000807378,0.000774991,0.000742888,0.000711057,0.000679486,0.000648165,0.000617082,0.000586227,0.000555587,0.000525153,0.000494913,0.000464857,0.000434972,0.000405249,0.000375676,0.000346242,0.000316937,0.00028775,0.000258671,0.000229687,0.000200789,0.000171966,0.000143207,0.000114502,8.5839e-05,5.72082e-05
0,0.000675036,0.00134725,0.00201385,0.00267212,0.00331944,0.00395333,0.00457146,0.00517169,0.00575207,0.00631087,0.00684658,0.00735793,0.00784386,0.00830355,0.00873641,0.00914205,0.00952026,0.00987106,0.0101946,0.0104912,0.0107613,0.0110056,0.0112246,0.0114191,0.0115901,0.0117384,0.0118648,0.0119705,0.0120564,0.0121235,0.0121728,0.0122053,0.0122221,0.012224,0.012212,0.0121871,0.0121501,0.0121018,0.0120432,0.011975,0.011898,0.0118128,0.0117202,0.0116208,0.0115152,0.011404,0.0112877,0.0111669,0.011042,0.0109134,0.0107817,0.0106471,0.0105101,0.010371,0.0102301,0.0100877,0.00994403,0.00979944,0.00965413,0.0095083,0.00936216,0.0092159,0.00906969,0.00892368,0.00877801,0.00863283,0.00848824,0.00834436,0.0082013,0.00805913,0.00791795,0.00777782,0.00763881,0.00750099,0.00736441,0.0072291,0.00709513,0.00696251,0.00683129,0.00670148,0.00657312,0.00644622,0.0063208,0.00619686,0.00607443,0.00595349,0.00583407,0.00571615,0.00559974,0.00548484,0.00537143,0.00525952,0.00514909,0.00504013,0.00493263,0.00482659,0.00472198,0.00461879,0.004517,0.0044166,0.00431758,0.0042199,0.00412356,0.00402854,0.0039348,0.00384235,0.00375114,0.00366117,0.0035724,0.00348482,0.00339841,0.00331315,0.003229,0.00314595,0.00306398,0.00298305,0.00290316,0.00282427,0.00274637,0.00266942,0.00259341,0.00251831,0.0024441,0.00237076,0.00229826,0.00222658,0.00215569,0.00208558,0.00201621,0.00194757,0.00187964,0.00181238,0.00174579,0.00167982,0.00161447,0.00154971,0.00148551,0.00142186,0.00135873,0.0012961,0.00123395,0.00117225,0.00111098,0.00105012,0.000989651,0.000929547,0.000869789,0.000810352,0.000751217,0.00069236,0.000633761,0.000575398,0.000517249,0.000459292,0.000401507,0.000343871,0.000286363,0.000228962,0.000171647,0.000114396
0,0.00101608,0.00202788,0.00303118,0.00402185,0.00499594,0.00594968,0.00687956,0.00778233,0.00865506,0.00949515,0.0103003,0.0110686,0.0117986,0.0124889,0.0131386,0.0137473,0.0143147,0.0148407,0.0153256,0.0157699,0.0161744,0.0165399,0.0168675,0.0171583,0.0174136,0.0176348,0.0178233,0.0179806,0.0181081,0.0182075,0.0182802,0.0183278,0.0183517,0.0183533,0.0183342,0.0182957,0.0182391,0.0181658,0.0180769,0.0179736,0.0178572,0.0177286,0.0175889,0.017439,0.0172799,0.0171124,0.0169373,0.0167555,0.0165675,0.0163742,0.0161761,0.0159738,0.0157678,0.0155587,0.015347,0.0151331,0.0149173,0.0147001,0.0144819,0.0142629,0.0140435,0.0138238,0.0136043,0.0133851,0.0131665,0.0129485,0.0127315,0.0125156,0.0123009,0.0120875,0.0118757,0.0116654,0.0114568,0.01125,0.0110451,0.0108421,0.010641,0.0104421,0.0102452,0.0100505,0.00985791,0.00966754,0.00947939,0.00929347,0.00910981,0.00892841,0.00874927,0.0085724,0.00839779,0.00822544,0.00805533,0.00788747,0.00772184,0.00755842,0.00739719,0.00723814,0.00708124,0.00692648,0.00677382,0.00662324,0.00647473,0.00632824,0.00618375,0.00604124,0.00590066,0.005762,0.00562522,0.00549028,0.00535716,0.00522583,0.00509624,0.00496836,0.00484217,0.00471762,0.00459469,0.00447334,0.00435353,0.00423522,0.00411839,0.004003,0.00388902,0.0037764,0.00366511,0.00355512,0.0034464,0.00333891,0.0032326,0.00312746,0.00302344,0.00292051,0.00281864,0.00271778,0.00261792,0.002519,0.002421,0.00232388,0.00222762,0.00213217,0.0020375,0.00194358,0.00185037,0.00175785,0.00166597,0.00157471,0.00148404,0.00139391,0.0013043,0.00121517,0.00112649,0.00103823,0.000950359,0.00086284,0.000775642,0.000688733,0.00060208,0.000515652,0.000429417,0.000343341,0.000257394,0.000171543
0,0.0013614,0.00271702,0.00406113,0.00538817,0.00669279,0.0079699,0.00921477,0.010423,0.0115907,0.0127144,0.0137909,0.0148178,0.0157929,0.0167147,0.017582,0.018394,0.0191504,0.0198514,0.0204971,0.0210885,0.0216265,0.0221122,0.0225471,0.0229329,0.0232712,0.0235639,0.0238129,0.0240203,0.0241881,0.0243182,0.0244129,0.024474,0.0245035,0.0245035,0.0244759,0.0244225,0.024345,0.0242453,0.0241249,0.0239855,0.0238286,0.0236555,0.0234677,0.0232664,0.0230529,0.0228284,0.0225938,0.0223502,0.0220986,0.0218398,0.0215747,0.0213041,0.0210287,0.0207492,0.0204662,0.0201803,0.0198921,0.0196019,0.0193104,0.019018,0.018725,0.0184318,0.0181387,0.0178461,0.0175543,0.0172634,0.0169738,0.0166856,0.0163992,0.0161145,0.0158318,0.0155513,0.0152731,0.0149972,0.0147238,0.0144531,0.014185,0.0139196,0.0136571,0.0133974,0.0131406,0.0128867,0.0126358,0.0123879,0.012143,0.0119011,0.0116623,0.0114264,0.0111936,0.0109638,0.0107371,0.0105133,0.0102924,0.0100746,0.00985964,0.0096476,0.00943843,0.00923212,0.00902861,0.00882789,0.00862991,0.00843463,0.00824203,0.00805205,0.00786467,0.00767983,0.00749751,0.00731764,0.0071402,0.00696513,0.0067924,0.00662195,0.00645375,0.00628774,0.00612388,0.00596213,0.00580243,0.00564475,0.00548903,0.00533523,0.0051833,0.00503319,0.00488486,0.00473827,0.00459336,0.00445008,0.0043084,0.00416826,0.00402962,0.00389244,0.00375665,0.00362223,0.00348913,0.00335729,0.00322667,0.00309724,0.00296893,0.00284172,0.00271554,0.00259036,0.00246614,0.00234283,0.00222038,0.00209875,0.00197789,0.00185777,0.00173834,0.00161955,0.00150136,0.00138373,0.00126662,0.00114997,0.00103376,0.000917926,0.000802438,0.000687249,0.000572316,0.000457597,0.000343048,0.000228628
0,0.00171252,0.00341767,0.00510816,0.00677693,0.00841715,0.0100224,0.0115866,0.0131043,0.0145704,0.0159807,0.0173311,0.0186187,0.0198407,0.0209951,0.0220806,0.0230963,0.0240418,0.0249172,0.0257232,0.0264606,0.0271308,0.0277353,0.028276,0.028755,0.0291744,0.0295367,0.0298443,0.0300998,0.0303057,0.0304646,0.030579,0.0306517,0.030685,0.0306814,0.0306434,0.0305733,0.0304733,0.0303455,0.0301921,0.030015,0.0298161,0.0295972,0.0293601,0.0291062,0.0288372,0.0285544,0.0282593,0.027953,0.0276368,0.0273118,0.026979,0.0266394,0.0262938,0.0259433,0.0255884,0.02523,0.0248687,0.0245052,0.02414,0.0237737,0.0234068,0.0230396,0.0226727,0.0223064,0.0219411,0.0215771,0.0212147,0.0208541,0.0204957,0.0201396,0.0197859,0.019435,0.019087,0.018742,0.0184001,0.0180615,0.0177263,0.0173944,0.0170661,0.0167414,0.0164204,0.016103,0.0157893,0.0154794,0.0151733,0.0148709,0.0145723,0.0142776,0.0139866,0.0136993,0.0134159,0.0131362,0.0128602,0.0125879,0.0123193,0.0120543,0.0117929,0.011535,0.0112807,0.0110299,0.0107825,0.0105384,0.0102978,0.0100604,0.0098262,0.00959524,0.0093674,0.00914265,0.00892093,0.00870218,0.00848634,0.00827337,0.0080632,0.00785577,0.00765103,0.00744893,0.00724939,0.00705237,0.00685781,0.00666564,0.00647582,0.00628827,0.00610295,0.00591979,0.00573873,0.00555972,0.0053827,0.00520762,0.0050344,0.004863,0.00469336,0.00452542,0.00435912,0.0041944,0.00403122,0.0038695,0.0037092,0.00355026,0.00339263,0.00323624,0.00308104,0.00292697,0.00277399,0.00262203,0.00247104,0.00232097,0.00217176,0.00202335,0.0018757,0.00172874,0.00158242,0.00143669,0.0012915,0.00114679,0.00100251,0.000858599,0.00071501,0.000571688,0.000428579,0.000285631
0,0.00207101,0.00413296,0.00617694,0.00819423,0.0101765,0.0121159,0.014005,0.0158371,0.0176061,0.0193068,0.0209344,0.0224851,0.023956,0.0253445,0.0266491,0.0278687,0.0290032,0.0300526,0.0310178,0.0318999,0.0327008,0.0334222,0.0340667,0.0346366,0.0351349,0.0355643,0.0359279,0.0362289,0.0364703,0.0366553,0.0367871,0.0368688,0.0369034,0.0368939,0.0368432,0.0367541,0.0366293,0.0364714,0.036283,0.0360663,0.0358237,0.0355573,0.0352692,0.0349612,0.0346352,0.0342929,0.033936,0.0335658,0.0331839,0.0327916,0.0323901,0.0319806,0.0315641,0.0311417,0.0307142,0.0302827,0.0298478,0.0294103,0.0289709,0.0285302,0.0280888,0.0276473,0.0272062,0.0267659,0.0263268,0.0258893,0.0254538,0.0250206,0.02459,0.0241622,0.0237375,0.023316,0.0228981,0.0224838,0.0220733,0.0216667,0.0212642,0.0208658,0.0204717,0.020082,0.0196966,0.0193157,0.0189392,0.0185673,0.0181998,0.017837,0.0174787,0.017125,0.0167758,0.0164312,0.0160911,0.0157555,0.0154243,0.0150976,0.0147754,0.0144574,0.0141438,0.0138345,0.0135294,0.0132285,0.0129317,0.012639,0.0123503,0.0120655,0.0117846,0.0115076,0.0112343,0.0109647,0.0106988,0.0104364,0.0101775,0.00992207,0.00966999,0.0094212,0.00917564,0.00893324,0.00869392,0.00845762,0.00822427,0.0079938,0.00776613,0.0075412,0.00731894,0.00709927,0.00688213,0.00666744,0.00645515,0.00624516,0.00603743,0.00583187,0.00562842,0.00542701,0.00522758,0.00503004,0.00483434,0.0046404,0.00444816,0.00425755,0.00406851,0.00388096,0.00369484,0.00351008,0.00332662,0.00314439,0.00296332,0.00278334,0.0026044,0.00242643,0.00224936,0.00207312,0.00189766,0.0017229,0.00154878,0.00137525,0.00120222,0.00102964,0.000857448,0.000685574,0.000513957,0.000342531
0,0.00243855,0.00486625,0.00727239,0.00964657,0.0119788,0.0142597,0.0164804,0.018633,0.0207102,0.0227059,0.0246145,0.0264316,0.0281536,0.0297778,0.0313025,0.0327265,0.0340496,0.0352722,0.0363954,0.0374207,0.0383502,0.0391863,0.0399319,0.0405901,0.0411642,0.0416577,0.0420743,0.0424176,0.0426914,0.0428994,0.0430454,0.0431331,0.043166,0.0431476,0.0430814,0.0429706,0.0428185,0.0426281,0.0424022,0.0421437,0.0418553,0.0415393,0.0411983,0.0408343,0.0404497,0.0400463,0.039626,0.0391905,0.0387416,0.0382808,0.0378094,0.0373289,0.0368404,0.0363452,0.0358443,0.0353388,0.0348295,0.0343173,0.0338031,0.0332874,0.0327712,0.0322548,0.031739,0.0312242,0.030711,0.0301997,0.0296908,0.0291847,0.0286816,0.0281819,0.0276858,0.0271937,0.0267056,0.0262218,0.0257426,0.025268,0.0247981,0.0243331,0.0238732,0.0234183,0.0229685,0.022524,0.0220847,0.0216507,0.021222,0.0207987,0.0203807,0.019968,0.0195606,0.0191586,0.0187619,0.0183704,0.0179842,0.0176031,0.0172272,0.0168564,0.0164907,0.0161299,0.0157741,0.0154232,0.015077,0.0147357,0.014399,0.0140669,0.0137394,0.0134163,0.0130976,0.0127833,0.0124732,0.0121672,0.0118654,0.0115675,0.0112736,0.0109835,0.0106972,0.0104146,0.0101355,0.00986002,0.00958795,0.00931924,0.0090538,0.00879156,0.00853242,0.00827632,0.00802316,0.00777286,0.00752535,0.00728054,0.00703836,0.00679871,0.00656152,0.00632671,0.0060942,0.00586391,0.00563576,0.00540967,0.00518555,0.00496334,0.00474295,0.00452431,0.00430733,0.00409194,0.00387806,0.00366562,0.00345453,0.00324473,0.00303612,0.00282865,0.00262222,0.00241677,0.00221222,0.00200849,0.00180551,0.00160321,0.0014015,0.00120031,0.000999578,0.000799215,0.00059915,0.000399309
0,0.00281695,0.0056211,0.00839983,0.0111409,0.0138325,0.0164636,0.0190239,0.0215042,0.023896,0.0261921,0.0283861,0.0304731,0.032449,0.0343108,0.0360566,0.0376852,0.0391966,0.0405914,0.041871,0.0430373,0.044093,0.0450409,0.0458846,0.0466277,0.0472741,0.0478281,0.0482939,0.0486759,0.0489783,0.0492056,0.0493622,0.0494522,0.0494799,0.0494492,0.0493642,0.0492286,0.0490461,0.0488202,0.0485541,0.0482512,0.0479144,0.0475465,0.0471503,0.0467283,0.046283,0.0458166,0.0453312,0.0448288,0.0443114,0.0437805,0.043238,0.0426852,0.0421236,0.0415546,0.0409792,0.0403988,0.0398142,0.0392266,0.0386368,0.0380455,0.0374537,0.0368619,0.0362709,0.0356812,0.0350933,0.0345079,0.0339252,0.0333458,0.03277,0.0321981,0.0316304,0.0310673,0.030509,0.0299556,0.0294074,0.0288646,0.0283273,0.0277956,0.0272696,0.0267495,0.0262354,0.0257272,0.025225,0.024729,0.024239,0.0237551,0.0232774,0.0228058,0.0223403,0.0218809,0.0214276,0.0209803,0.0205389,0.0201036,0.0196741,0.0192505,0.0188326,0.0184205,0.018014,0.0176131,0.0172177,0.0168278,0.0164432,0.0160639,0.0156898,0.0153208,0.0149568,0.0145977,0.0142435,0.0138941,0.0135493,0.0132092,0.0128735,0.0125422,0.0122152,0.0118924,0.0115737,0.0112591,0.0109484,0.0106415,0.0103384,0.0100389,0.00974298,0.00945051,0.00916142,0.00887559,0.00859295,0.0083134,0.00803684,0.00776318,0.00749233,0.0072242,0.00695869,0.00669572,0.0064352,0.00617702,0.00592111,0.00566737,0.00541572,0.00516605,0.00491829,0.00467235,0.00442813,0.00418555,0.00394452,0.00370495,0.00346675,0.00322985,0.00299414,0.00275955,0.00252599,0.00229336,0.00206159,0.00183059,0.00160028,0.00137056,0.00114135,0.000912568,0.000684128,0.000455943
0,0.00320816,0.00640139,0.00956496,0.0126846,0.0157466,0.0187383,0.0216476,0.0244639,0.0271776,0.0297802,0.0322649,0.0346259,0.0368586,0.0389599,0.0409278,0.0427612,0.0444602,0.0460259,0.0474599,0.0487647,0.0499435,0.0509999,0.0519379,0.052762,0.0534767,0.0540869,0.0545976,0.0550137,0.0553405,0.0555827,0.0557456,0.0558338,0.0558522,0.0558053,0.0556977,0.0555337,0.0553173,0.0550525,0.0547431,0.0543927,0.0540046,0.0535821,0.0531282,0.0526458,0.0521375,0.051606,0.0510535,0.0504824,0.0498946,0.0492922,0.0486769,0.0480505,0.0474145,0.0467703,0.0461194,0.045463,0.0448023,0.0441383,0.043472,0.0428044,0.0421363,0.0414684,0.0408016,0.0401364,0.0394735,0.0388134,0.0381565,0.0375035,0.0368546,0.0362102,0.0355707,0.0349364,0.0343075,0.0336843,0.0330671,0.0324559,0.031851,0.0312525,0.0306605,0.0300751,0.0294964,0.0289245,0.0283595,0.0278013,0.02725,0.0267057,0.0261682,0.0256377,0.0251141,0.0245973,0.0240874,0.0235843,0.023088,0.0225983,0.0221153,0.0216389,0.021169,0.0207056,0.0202485,0.0197977,0.0193532,0.0189147,0.0184823,0.0180558,0.0176352,0.0172203,0.0168111,0.0164075,0.0160093,0.0156165,0.0152289,0.0148465,0.0144691,0.0140967,0.0137291,0.0133663,0.013008,0.0126544,0.0123051,0.0119602,0.0116194,0.0112828,0.0109502,0.0106215,0.0102965,0.00997525,0.00965757,0.00934336,0.00903251,0.00872493,0.00842051,0.00811915,0.00782074,0.00752518,0.00723237,0.0069422,0.00665458,0.0063694,0.00608656,0.00580597,0.00552751,0.00525109,0.00497662,0.00470399,0.0044331,0.00416385,0.00389615,0.0036299,0.00336499,0.00310134,0.00283885,0.00257741,0.00231694,0.00205732,0.00179848,0.00154031,0.00128271,0.00102559,0.00076886,0.000512414
0,0.00361431,0.00721133,0.010774,0.0142859,0.0177313,0.0210953,0.0243644,0.0275263,0.0305701,0.0334864,0.0362675,0.0389068,0.0413996,0.0437426,0.0459335,0.0479716,0.0498574,0.051592,0.0531779,0.0546182,0.0559166,0.0570773,0.0581053,0.0590057,0.0597838,0.0604452,0.0609958,0.0614412,0.0617871,0.0620394,0.0622036,0.0622853,0.0622898,0.0622223,0.0620878,0.0618912,0.061637,0.0613296,0.0609733,0.060572,0.0601294,0.0596493,0.0591348,0.0585892,0.0580155,0.0574165,0.0567947,0.0561527,0.0554927,0.0548168,0.0541272,0.0534255,0.0527136,0.051993,0.0512653,0.0505317,0.0497937,0.0490523,0.0483087,0.0475639,0.0468188,0.0460741,0.0453309,0.0445896,0.043851,0.0431157,0.0423843,0.0416572,0.0409348,0.0402176,0.039506,0.0388002,0.0381006,0.0374074,0.0367208,0.0360411,0.0353685,0.034703,0.0340448,0.0333941,0.0327509,0.0321152,0.0314872,0.0308669,0.0302543,0.0296494,0.0290523,0.0284629,0.0278811,0.0273071,0.0267406,0.0261818,0.0256304,0.0250866,0.0245501,0.024021,0.0234992,0.0229845,0.0224769,0.0219763,0.0214827,0.0209958,0.0205156,0.0200421,0.0195751,0.0191144,0.0186601,0.0182119,0.0177698,0.0173337,0.0169034,0.0164789,0.0160599,0.0156465,0.0152384,0.0148356,0.014438,0.0140454,0.0136577,0.0132748,0.0128965,0.0125229,0.0121536,0.0117888,0.0114281,0.0110715,0.0107188,0.0103701,0.010025,0.00968364,0.00934575,0.00901125,0.00868004,0.00835199,0.00802699,0.00770493,0.00738569,0.00706917,0.00675525,0.00644382,0.00613476,0.00582797,0.00552334,0.00522075,0.00492009,0.00462126,0.00432415,0.00402865,0.00373464,0.00344203,0.00315069,0.00286054,0.00257145,0.00228332,0.00199604,0.00170951,0.00142361,0.00113825,0.000853317,0.0005687
0,0.00403776,0.0080556,0.0120339,0.0159538,0.0197972,0.0235472,0.0271884,0.0307068,0.0340902,0.037328,0.0404117,0.0433343,0.0460907,0.0486772,0.051092,0.0533346,0.0554056,0.057307,0.0590418,0.0606137,0.0620273,0.0632877,0.0644005,0.0653717,0.0662076,0.0669146,0.0674993,0.0679681,0.0683276,0.0685842,0.0687444,0.0688142,0.0687996,0.0687064,0.0685402,0.0683064,0.0680099,0.0676558,0.0672486,0.0667926,0.0662921,0.0657509,0.0651727,0.064561,0.063919,0.0632499,0.0625563,0.0618411,0.0611068,0.0603555,0.0595896,0.058811,0.0580215,0.057223,0.0564171,0.0556052,0.0547887,0.0539689,0.0531469,0.0523239,0.0515009,0.0506787,0.0498583,0.0490403,0.0482255,0.0474145,0.0466079,0.0458063,0.0450101,0.0442197,0.0434356,0.042658,0.0418874,0.041124,0.0403679,0.0396195,0.038879,0.0381464,0.037422,0.0367058,0.035998,0.0352985,0.0346075,0.0339251,0.0332511,0.0325857,0.0319289,0.0312806,0.0306407,0.0300094,0.0293865,0.0287719,0.0281657,0.0275677,0.0269778,0.0263961,0.0258224,0.0252565,0.0246985,0.0241482,0.0236055,0.0230704,0.0225426,0.0220221,0.0215087,0.0210024,0.0205031,0.0200105,0.0195246,0.0190453,0.0185724,0.0181058,0.0176454,0.0171911,0.0167426,0.0163,0.015863,0.0154316,0.0150056,0.0145848,0.0141692,0.0137586,0.0133529,0.012952,0.0125557,0.0121638,0.0117764,0.0113932,0.0110141,0.010639,0.0102677,0.0099002,0.00953628,0.00917585,0.00881878,0.00846493,0.0081142,0.00776644,0.00742154,0.00707938,0.00673983,0.00640277,0.00606809,0.00573565,0.00540533,0.00507703,0.00475061,0.00442596,0.00410295,0.00378148,0.00346141,0.00314264,0.00282503,0.00250849,0.00219288,0.00187809,0.001564,0.0012505,0.000937466,0.000624782
0,0.00448112,0.00893938,0.0133523,0.0176983,0.0219566,0.0261081,0.0301352,0.0340223,0.0377557,0.0413238,0.0447171,0.0479282,0.0509515,0.0537837,0.0564229,0.0588691,0.0611235,0.0631887,0.0650685,0.0667676,0.0682912,0.0696456,0.0708373,0.0718732,0.0727605,0.0735065,0.0741187,0.0746044,0.074971,0.0752257,0.0753756,0.0754275,0.0753881,0.0752637,0.0750605,0.0747843,0.0744408,0.0740352,0.0735727,0.073058,0.0724955,0.0718896,0.0712442,0.0705632,0.0698499,0.0691078,0.0683398,0.067549,0.0667379,0.0659091,0.0650649,0.0642074,0.0633387,0.0624607,0.0615751,0.0606834,0.0597871,0.0588877,0.0579864,0.0570842,0.0561824,0.0552818,0.0543834,0.053488,0.0525964,0.0517091,0.0508269,0.0499502,0.0490797,0.0482158,0.0473588,0.0465092,0.0456673,0.0448333,0.0440076,0.0431904,0.0423818,0.041582,0.0407912,0.0400094,0.0392369,0.0384736,0.0377196,0.0369749,0.0362396,0.0355137,0.0347972,0.03409,0.0333921,0.0327035,0.0320242,0.031354,0.0306929,0.0300408,0.0293977,0.0287634,0.0281379,0.027521,0.0269126,0.0263127,0.0257211,0.0251377,0.0245624,0.0239951,0.0234355,0.0228837,0.0223394,0.0218026,0.021273,0.0207506,0.0202353,0.0197268,0.0192251,0.0187299,0.0182413,0.0177589,0.0172828,0.0168126,0.0163484,0.0158899,0.0154371,0.0149897,0.0145476,0.0141107,0.0136789,0.013252,0.0128298,0.0124123,0.0119993,0.0115906,0.0111861,0.0107857,0.0103892,0.00999649,0.00960746,0.00922195,0.00883982,0.00846095,0.0080852,0.00771243,0.0073425,0.0069753,0.00661067,0.0062485,0.00588864,0.00553098,0.00517537,0.00482168,0.00446979,0.00411957,0.00377089,0.00342361,0.00307761,0.00273276,0.00238893,0.002046,0.00170383,0.0013623,0.00102128,0.00068064
0,0.00494733,0.00986848,0.0147377,0.0195303,0.0242228,0.0287933,0.0332221,0.0374916,0.0415867,0.0454945,0.0492048,0.0527097,0.0560036,0.0590832,0.061947,0.0645954,0.0670306,0.069256,0.0712762,0.0730969,0.0747246,0.0761665,0.0774301,0.0785234,0.0794548,0.0802324,0.0808647,0.08136,0.0817265,0.0819722,0.082105,0.0821324,0.0820617,0.0818999,0.0816538,0.0813297,0.0809338,0.0804719,0.0799493,0.0793712,0.0787426,0.078068,0.0773517,0.0765977,0.0758099,0.0749917,0.0741465,0.0732773,0.072387,0.0714783,0.0705536,0.0696153,0.0686655,0.0677063,0.0667393,0.0657664,0.0647891,0.0638088,0.0628268,0.0618445,0.0608629,0.059883,0.0589059,0.0579323,0.056963,0.0559989,0.0550404,0.0540883,0.0531431,0.0522051,0.051275,0.050353,0.0494395,0.0485348,0.0476391,0.0467528,0.045876,0.0450088,0.0441515,0.0433041,0.0424668,0.0416395,0.0408225,0.0400156,0.039219,0.0384326,0.0376563,0.0368903,0.0361345,0.0353887,0.0346529,0.0339272,0.0332113,0.0325053,0.0318089,0.0311222,0.0304449,0.0297771,0.0291185,0.0284691,0.0278288,0.0271973,0.0265746,0.0259605,0.0253549,0.0247576,0.0241686,0.0235876,0.0230145,0.0224492,0.0218915,0.0213413,0.0207983,0.0202625,0.0197338,0.0192119,0.0186966,0.0181879,0.0176856,0.0171896,0.0166996,0.0162156,0.0157373,0.0152646,0.0147974,0.0143355,0.0138788,0.0134271,0.0129803,0.0125381,0.0121005,0.0116673,0.0112384,0.0108136,0.0103927,0.0099757,0.00956232,0.00915247,0.00874598,0.00834273,0.00794256,0.00754533,0.0071509,0.00675912,0.00636985,0.00598295,0.00559827,0.00521568,0.00483503,0.00445619,0.00407901,0.00370335,0.00332908,0.00295605,0.00258413,0.00221317,0.00184304,0.00147361,0.00110472,0.000736252
0,0.00543973,0.0108495,0.0161999,0.0214626,0.0266109,0.0316202,0.0364683,0.0411354,0.0456049,0.0498628,0.053898,0.0577023,0.0612702,0.0645985,0.0676864,0.0705351,0.0731477,0.0755285,0.0776834,0.0796194,0.081344,0.0828656,0.0841932,0.0853358,0.0863028,0.0871037,0.0877479,0.0882446,0.0886029,0.0888318,0.0889399,0.0889354,0.0888265,0.0886207,0.0883253,0.0879472,0.0874931,0.0869693,0.0863814,0.0857352,0.0850359,0.0842883,0.083497,0.0826664,0.0818004,0.0809029,0.0799772,0.0790268,0.0780547,0.0770636,0.0760562,0.075035,0.0740021,0.0729597,0.0719098,0.070854,0.0697942,0.0687317,0.0676679,0.0666043,0.0655419,0.0644818,0.063425,0.0623724,0.0613249,0.0602832,0.059248,0.0582198,0.0571993,0.056187,0.0551832,0.0541885,0.0532031,0.0522274,0.0512616,0.050306,0.0493608,0.0484261,0.0475022,0.0465891,0.0456869,0.0447957,0.0439155,0.0430464,0.0421884,0.0413415,0.0405056,0.0396808,0.038867,0.0380641,0.037272,0.0364908,0.0357202,0.0349603,0.0342108,0.0334717,0.0327429,0.0320242,0.0313156,0.0306168,0.0299277,0.0292483,0.0285783,0.0279176,0.0272661,0.0266236,0.0259899,0.0253649,0.0247485,0.0241404,0.0235405,0.0229486,0.0223646,0.0217884,0.0212196,0.0206583,0.0201042,0.0195571,0.0190169,0.0184834,0.0179564,0.0174359,0.0169215,0.0164132,0.0159108,0.0154141,0.014923,0.0144372,0.0139567,0.0134813,0.0130107,0.0125449,0.0120837,0.0116269,0.0111743,0.0107259,0.0102814,0.00984073,0.00940366,0.00897007,0.00853979,0.00811268,0.00768857,0.00726732,0.00684877,0.00643277,0.00601917,0.00560781,0.00519854,0.0047912,0.00438566,0.00398176,0.00357935,0.00317828,0.00277839,0.00237955,0.0019816,0.00158439,0.00118777,0.0007916
0,0.00596212,0.0118899,0.0177497,0.0235092,0.0291381,0.0346085,0.0398954,0.044977,0.0498348,0.0544538,0.0588221,0.0629315,0.0667764,0.0703543,0.0736651,0.0767112,0.0794965,0.082027,0.0843098,0.0863532,0.0881664,0.089759,0.0911413,0.0923239,0.0933172,0.094132,0.0947786,0.0952676,0.0956089,0.0958124,0.0958875,0.0958432,0.0956884,0.0954312,0.0950795,0.0946409,0.0941225,0.0935308,0.0928722,0.0921526,0.0913777,0.0905524,0.0896819,0.0887706,0.0878227,0.0868423,0.0858331,0.0847984,0.0837416,0.0826655,0.0815729,0.0804664,0.0793484,0.078221,0.0770863,0.0759461,0.0748022,0.0736561,0.0725093,0.0713631,0.0702188,0.0690775,0.0679402,0.0668078,0.0656813,0.0645613,0.0634487,0.062344,0.0612477,0.0601605,0.0590828,0.058015,0.0569574,0.0559104,0.0548742,0.0538491,0.0528353,0.051833,0.0508423,0.0498634,0.0488962,0.047941,0.0469977,0.0460664,0.045147,0.0442396,0.0433442,0.0424606,0.0415889,0.0407289,0.0398806,0.039044,0.0382188,0.0374051,0.0366026,0.0358113,0.035031,0.0342616,0.033503,0.032755,0.0320174,0.0312902,0.0305731,0.0298659,0.0291686,0.028481,0.0278028,0.027134,0.0264743,0.0258236,0.0251817,0.0245484,0.0239235,0.0233069,0.0226984,0.0220978,0.0215049,0.0209196,0.0203416,0.0197708,0.0192071,0.0186502,0.0180999,0.0175561,0.0170187,0.0164873,0.0159619,0.0154423,0.0149283,0.0144197,0.0139163,0.0134181,0.0129247,0.0124361,0.011952,0.0114723,0.0109969,0.0105255,0.010058,0.00959421,0.00913397,0.00867713,0.0082235,0.00777293,0.00732525,0.0068803,0.00643791,0.00599792,0.00556017,0.0051245,0.00469074,0.00425874,0.00382833,0.00339936,0.00297166,0.00254507,0.00211943,0.00169459,0.00127039,0.000846662
0,0.00651885,0.0129983,0.0193998,0.0256864,0.0318237,0.0377802,0.0435278,0.0490424,0.0543036,0.0592954,0.0640054,0.0684251,0.0725497,0.0763772,0.0799088,0.0831479,0.0861003,0.0887733,0.0911757,0.0933175,0.0952094,0.0968628,0.0982895,0.0995013,0.10051,0.101328,0.101967,0.102438,0.102753,0.102922,0.102955,0.102862,0.102653,0.102336,0.101921,0.101415,0.100825,0.100159,0.0994242,0.0986257,0.0977699,0.0968622,0.0959078,0.0949115,0.0938778,0.0928109,0.0917146,0.0905925,0.089448,0.0882841,0.0871038,0.0859097,0.0847044,0.0834899,0.0822686,0.0810422,0.0798126,0.0785815,0.0773502,0.0761203,0.074893,0.0736694,0.0724507,0.0712377,0.0700314,0.0688325,0.0676418,0.0664599,0.0652875,0.0641249,0.0629728,0.0618315,0.0607014,0.0595828,0.058476,0.0573812,0.0562987,0.0552286,0.0541711,0.0531262,0.0520941,0.0510748,0.0500683,0.0490747,0.048094,0.0471262,0.0461711,0.0452289,0.0442993,0.0433823,0.0424779,0.041586,0.0407063,0.0398389,0.0389835,0.0381401,0.0373085,0.0364885,0.0356801,0.034883,0.0340971,0.0333221,0.0325581,0.0318047,0.0310618,0.0303292,0.0296067,0.0288942,0.0281915,0.0274983,0.0268145,0.0261399,0.0254743,0.0248176,0.0241694,0.0235298,0.0228983,0.0222749,0.0216594,0.0210515,0.0204511,0.019858,0.019272,0.018693,0.0181206,0.0175548,0.0169953,0.016442,0.0158946,0.015353,0.014817,0.0142865,0.0137611,0.0132408,0.0127254,0.0122147,0.0117084,0.0112065,0.0107087,0.0102149,0.0097249,0.00923848,0.00875549,0.00827575,0.0077991,0.00732536,0.00685434,0.00638589,0.00591981,0.00545596,0.00499414,0.00453419,0.00407594,0.00361922,0.00316385,0.00270967,0.00225651,0.00180419,0.00135255,0.000901419
0,0.00711499,0.0141847,0.0211648,0.0280131,0.0346903,0.0411609,0.0473934,0.0533611,0.059042,0.0644188,0.0694789,0.0742141,0.07862,0.0826962,0.0864449,0.0898716,0.0929836,0.0957903,0.0983024,0.100532,0.102491,0.104194,0.105653,0.106882,0.107894,0.108704,0.109324,0.109766,0.110043,0.110166,0.110148,0.109997,0.109725,0.109341,0.108853,0.108272,0.107604,0.106858,0.10604,0.105156,0.104214,0.103219,0.102176,0.10109,0.0999665,0.0988091,0.0976221,0.0964092,0.0951739,0.0939195,0.0926488,0.0913647,0.0900696,0.0887661,0.0874561,0.0861418,0.0848249,0.0835072,0.0821902,0.0808753,0.0795638,0.0782569,0.0769557,0.0756613,0.0743743,0.0730958,0.0718264,0.0705668,0.0693175,0.0680792,0.0668523,0.0656372,0.0644342,0.0632438,0.0620661,0.0609015,0.05975,0.058612,0.0574875,0.0563766,0.0552794,0.054196,0.0531264,0.0520705,0.0510285,0.0500002,0.0489857,0.0479848,0.0469974,0.0460236,0.0450631,0.044116,0.043182,0.042261,0.0413528,0.0404575,0.0395747,0.0387043,0.0378462,0.0370001,0.036166,0.0353436,0.0345328,0.0337332,0.0329449,0.0321675,0.031401,0.030645,0.0298993,0.0291639,0.0284384,0.0277227,0.0270166,0.0263199,0.0256324,0.0249538,0.0242839,0.0236226,0.0229697,0.022325,0.0216881,0.021059,0.0204375,0.0198233,0.0192162,0.0186161,0.0180227,0.0174359,0.0168553,0.016281,0.0157125,0.0151499,0.0145927,0.0140409,0.0134943,0.0129527,0.0124158,0.0118836,0.0113557,0.010832,0.0103123,0.00979652,0.00928434,0.00877561,0.00827016,0.00776779,0.00726831,0.00677155,0.00627733,0.00578545,0.00529574,0.00480801,0.00432208,0.00383777,0.00335491,0.0028733,0.00239277,0.00191314,0.00143422,0.00095585
0,0.00775646,0.0154606,0.0230616,0.0305108,0.0377636,0.0447796,0.0515238,0.0579668,0.0640845,0.069859,0.0752775,0.0803323,0.0850203,0.0893426,0.0933033,0.09691,0.100172,0.103102,0.105712,0.108016,0.11003,0.111768,0.113246,0.114479,0.115482,0.11627,0.116858,0.117259,0.117487,0.117554,0.117472,0.117254,0.116909,0.116448,0.115881,0.115216,0.114463,0.113628,0.11272,0.111746,0.110712,0.109624,0.108487,0.107307,0.106089,0.104837,0.103556,0.102249,0.100919,0.0995713,0.0982075,0.0968308,0.0954438,0.0940489,0.0926484,0.0912443,0.0898384,0.0884326,0.0870284,0.0856272,0.0842303,0.0828391,0.0814545,0.0800776,0.0787092,0.0773503,0.0760016,0.0746636,0.0733371,0.0720225,0.0707204,0.069431,0.0681549,0.0668924,0.0656436,0.0644088,0.0631883,0.0619822,0.0607906,0.0596136,0.0584513,0.0573038,0.056171,0.0550529,0.0539496,0.0528609,0.0517869,0.0507274,0.0496824,0.0486518,0.0476354,0.0466332,0.0456449,0.0446705,0.0437098,0.0427626,0.0418288,0.0409081,0.0400005,0.0391057,0.0382236,0.0373539,0.0364964,0.035651,0.0348174,0.0339954,0.0331849,0.0323856,0.0315973,0.0308198,0.0300529,0.0292963,0.0285499,0.0278134,0.0270866,0.0263693,0.0256613,0.0249623,0.0242722,0.0235907,0.0229176,0.0222528,0.0215959,0.0209467,0.0203052,0.0196709,0.0190438,0.0184236,0.0178102,0.0172032,0.0166025,0.0160079,0.0154191,0.0148361,0.0142584,0.0136861,0.0131188,0.0125563,0.0119986,0.0114452,0.0108961,0.0103511,0.00980987,0.00927233,0.00873825,0.00820743,0.00767967,0.00715479,0.00663258,0.00611286,0.00559543,0.00508009,0.00456666,0.00405494,0.00354475,0.00303589,0.00252816,0.00202139,0.00151538,0.00100994
0,0.00845023,0.0168399,0.02511,0.033205,0.0410736,0.0486702,0.0559557,0.0628976,0.0694704,0.0756553,0.0814398,0.0868174,0.0917866,0.0963505,0.100516,0.104293,0.107694,0.110733,0.113427,0.115792,0.117844,0.119602,0.121084,0.122305,0.123284,0.124037,0.124579,0.124926,0.125092,0.12509,0.124935,0.124637,0.124209,0.123662,0.123005,0.122249,0.121402,0.120472,0.119468,0.118396,0.117264,0.116077,0.114841,0.113563,0.112246,0.110895,0.109516,0.108111,0.106684,0.105239,0.103779,0.102308,0.100826,0.0993377,0.0978446,0.0963488,0.0948523,0.0933568,0.0918638,0.090375,0.0888916,0.0874149,0.0859459,0.0844857,0.0830351,0.0815951,0.0801663,0.0787494,0.077345,0.0759537,0.0745759,0.0732121,0.0718625,0.0705275,0.0692074,0.0679023,0.0666126,0.0653383,0.0640795,0.0628364,0.0616089,0.0603972,0.0592012,0.0580209,0.0568563,0.0557074,0.054574,0.053456,0.0523535,0.0512661,0.050194,0.0491368,0.0480944,0.0470667,0.0460535,0.0450547,0.04407,0.0430993,0.0421424,0.041199,0.040269,0.0393522,0.0384483,0.0375572,0.0366786,0.0358123,0.034958,0.0341156,0.0332848,0.0324655,0.0316573,0.03086,0.0300735,0.0292974,0.0285316,0.0277758,0.0270298,0.0262934,0.0255663,0.0248483,0.0241392,0.0234388,0.0227467,0.0220629,0.021387,0.0207189,0.0200583,0.019405,0.0187587,0.0181193,0.0174866,0.0168602,0.0162401,0.0156259,0.0150175,0.0144146,0.0138171,0.0132247,0.0126371,0.0120543,0.011476,0.0109019,0.0103319,0.00976571,0.0092032,0.00864412,0.00808827,0.00753545,0.00698545,0.00643807,0.0058931,0.00535034,0.00480959,0.00427065,0.00373331,0.00319738,0.00266265,0.00212892,0.00159599,0.00106366
0,0.00920458,0.0183386,0.0273338,0.0361256,0.0446556,0.052872,0.0607311,0.0681976,0.0752442,0.081852,0.0880092,0.093711,0.0989582,0.103757,0.108117,0.112052,0.115577,0.118711,0.121472,0.123879,0.125953,0.127714,0.129182,0.130375,0.131313,0.132015,0.132496,0.132774,0.132864,0.132781,0.132539,0.132151,0.131629,0.130985,0.13023,0.129373,0.128424,0.127391,0.126283,0.125107,0.12387,0.122579,0.121239,0.119857,0.118436,0.116983,0.115501,0.113994,0.112467,0.110922,0.109364,0.107794,0.106216,0.104632,0.103044,0.101454,0.0998655,0.0982786,0.0966956,0.0951178,0.0935467,0.0919833,0.0904289,0.0888844,0.0873508,0.0858289,0.0843195,0.0828231,0.0813403,0.0798718,0.078418,0.0769792,0.0755558,0.0741482,0.0727565,0.071381,0.0700218,0.0686792,0.0673532,0.0660438,0.0647512,0.0634753,0.0622161,0.0609737,0.0597479,0.0585387,0.0573459,0.0561696,0.0550096,0.0538657,0.0527379,0.0516259,0.0505296,0.0494488,0.0483834,0.0473331,0.0462977,0.0452771,0.0442711,0.0432793,0.0423017,0.041338,0.0403879,0.0394513,0.0385278,0.0376173,0.0367196,0.0358343,0.0349613,0.0341003,0.0332511,0.0324133,0.0315869,0.0307715,0.0299669,0.0291729,0.0283891,0.0276155,0.0268516,0.0260974,0.0253525,0.0246166,0.0238897,0.0231713,0.0224614,0.0217596,0.0210657,0.0203794,0.0197007,0.0190291,0.0183645,0.0177066,0.0170553,0.0164102,0.0157712,0.015138,0.0145105,0.0138883,0.0132712,0.0126591,0.0120517,0.0114488,0.0108502,0.0102556,0.00966484,0.0090777,0.00849395,0.00791339,0.0073358,0.00676095,0.00618864,0.00561866,0.00505079,0.00448482,0.00392053,0.00335772,0.00279617,0.00223567,0.00167602,0.001117
0,0.0100295,0.0199763,0.0297608,0.0393082,0.0485511,0.0574311,0.0658993,0.0739175,0.081457,0.0884993,0.0950341,0.101059,0.106579,0.111602,0.116144,0.120221,0.123853,0.127061,0.129869,0.1323,0.134375,0.136119,0.137554,0.1387,0.13958,0.140212,0.140616,0.14081,0.140809,0.140631,0.14029,0.139799,0.139172,0.138421,0.137556,0.136589,0.13553,0.134386,0.133167,0.131879,0.130532,0.12913,0.12768,0.126189,0.12466,0.123099,0.121511,0.119899,0.118268,0.11662,0.11496,0.113289,0.111612,0.10993,0.108245,0.10656,0.104877,0.103197,0.101523,0.0998544,0.0981942,0.0965432,0.0949024,0.0932728,0.0916553,0.0900508,0.08846,0.0868835,0.0853219,0.0837757,0.0822454,0.0807313,0.0792339,0.0777533,0.0762898,0.0748437,0.073415,0.072004,0.0706106,0.069235,0.0678771,0.0665371,0.0652148,0.0639102,0.0626232,0.0613539,0.060102,0.0588674,0.05765,0.0564498,0.0552664,0.0540997,0.0529497,0.051816,0.0506984,0.0495969,0.0485111,0.0474408,0.0463858,0.0453459,0.0443209,0.0433105,0.0423144,0.0413325,0.0403645,0.0394101,0.0384691,0.0375412,0.0366261,0.0357237,0.0348337,0.0339558,0.0330897,0.0322352,0.031392,0.03056,0.0297387,0.028928,0.0281277,0.0273374,0.0265569,0.0257859,0.0250243,0.0242717,0.0235279,0.0227926,0.0220657,0.0213467,0.0206356,0.0199321,0.0192359,0.0185467,0.0178644,0.0171887,0.0165193,0.015856,0.0151986,0.0145469,0.0139006,0.0132594,0.0126232,0.0119916,0.0113646,0.0107418,0.010123,0.00950801,0.00889658,0.00828848,0.0076835,0.0070814,0.00648196,0.00588495,0.00529016,0.00469736,0.00410633,0.00351684,0.00292868,0.00234162,0.00175544,0.00116993
0,0.0109369,0.0217765,0.0324249,0.0427952,0.0528097,0.0624019,0.0715178,0.0801159,0.0881673,0.0956541,0.102569,0.108913,0.114695,0.119929,0.124635,0.128834,0.132551,0.135813,0.138645,0.141075,0.14313,0.144834,0.146214,0.147293,0.148094,0.148638,0.148947,0.149039,0.148933,0.148644,0.14819,0.147583,0.146839,0.145969,0.144986,0.143899,0.14272,0.141456,0.140118,0.138713,0.137247,0.135729,0.134164,0.132558,0.130916,0.129244,0.127545,0.125824,0.124085,0.122331,0.120566,0.118792,0.117013,0.11523,0.113447,0.111664,0.109885,0.108111,0.106343,0.104584,0.102833,0.101093,0.099365,0.0976494,0.0959472,0.0942594,0.0925865,0.0909294,0.0892884,0.0876641,0.0860569,0.0844673,0.0828955,0.0813417,0.0798063,0.0782893,0.076791,0.0753115,0.0738507,0.0724088,0.0709857,0.0695815,0.0681961,0.0668295,0.0654815,0.064152,0.0628411,0.0615484,0.0602738,0.0590173,0.0577786,0.0565575,0.0553538,0.0541674,0.052998,0.0518453,0.0507093,0.0495895,0.0484859,0.0473981,0.0463259,0.045269,0.0442272,0.0432003,0.0421879,0.0411898,0.0402058,0.0392355,0.0382787,0.0373352,0.0364046,0.0354867,0.0345812,0.0336879,0.0328064,0.0319366,0.0310781,0.0302306,0.029394,0.0285679,0.0277521,0.0269462,0.0261501,0.0253635,0.0245861,0.0238176,0.0230579,0.0223065,0.0215633,0.0208281,0.0201004,0.0193802,0.0186672,0.017961,0.0172615,0.0165684,0.0158814,0.0152003,0.0145249,0.0138549,0.01319,0.0125301,0.0118749,0.0112241,0.0105775,0.00993489,0.00929599,0.00866058,0.00802842,0.00739928,0.00677292,0.00614911,0.00552762,0.0049082,0.00429064,0.00367469,0.00306013,0.00244672,0.00183423,0.00122244
0,0.0119417,0.0237678,0.0353673,0.0466382,0.0574906,0.0678491,0.077654,0.0868613,0.0954421,0.103381,0.110675,0.117329,0.123359,0.128785,0.133633,0.13793,0.141706,0.144994,0.147824,0.150227,0.152234,0.153874,0.155175,0.156163,0.156864,0.157301,0.157495,0.157468,0.157238,0.156824,0.156242,0.155506,0.154632,0.153632,0.152518,0.151302,0.149994,0.148602,0.147137,0.145606,0.144017,0.142375,0.140689,0.138963,0.137204,0.135415,0.133601,0.131768,0.129917,0.128054,0.126181,0.124301,0.122417,0.120532,0.118648,0.116766,0.114889,0.113019,0.111156,0.109304,0.107462,0.105632,0.103815,0.102013,0.100225,0.0984534,0.0966979,0.0949595,0.0932387,0.0915358,0.0898515,0.0881859,0.0865394,0.0849123,0.0833047,0.0817168,0.0801488,0.0786006,0.0770724,0.0755642,0.074076,0.0726077,0.0711592,0.0697306,0.0683216,0.0669323,0.0655623,0.0642116,0.0628801,0.0615675,0.0602736,0.0589982,0.0577412,0.0565022,0.0552811,0.0540777,0.0528916,0.0517226,0.0505706,0.0494351,0.0483159,0.0472129,0.0461256,0.0450539,0.0439974,0.0429559,0.0419291,0.0409167,0.0399184,0.038934,0.0379631,0.0370055,0.0360609,0.035129,0.0342095,0.0333022,0.0324067,0.0315228,0.0306501,0.0297885,0.0289376,0.0280971,0.0272668,0.0264465,0.0256357,0.0248343,0.0240419,0.0232584,0.0224834,0.0217166,0.0209579,0.0202068,0.0194633,0.0187269,0.0179975,0.0172748,0.0165584,0.0158483,0.015144,0.0144454,0.0137522,0.0130641,0.0123809,0.0117024,0.0110282,0.0103582,0.00969205,0.00902955,0.00837045,0.00771449,0.00706144,0.00641105,0.00576307,0.00511727,0.00447339,0.00383121,0.00319047,0.00255093,0.00191235,0.0012745
0,0.0130621,0.0259856,0.0386383,0.0508996,0.0626653,0.0738499,0.0843878,0.0942333,0.103359,0.111753,0.119419,0.12637,0.132627,0.13822,0.143181,0.147545,0.15135,0.154632,0.157429,0.159775,0.161706,0.163253,0.164449,0.165322,0.165899,0.166205,0.166265,0.166099,0.165729,0.165173,0.164447,0.163568,0.162551,0.161409,0.160154,0.158798,0.157351,0.155823,0.154222,0.152558,0.150838,0.149067,0.147254,0.145403,0.14352,0.141611,0.139678,0.137728,0.135763,0.133787,0.131803,0.129815,0.127824,0.125834,0.123846,0.121863,0.119887,0.117919,0.11596,0.114013,0.112079,0.110158,0.108252,0.106362,0.104488,0.102631,0.100793,0.0989726,0.0971714,0.0953896,0.0936277,0.0918859,0.0901645,0.0884638,0.0867839,0.0851249,0.0834871,0.0818703,0.0802746,0.0787001,0.0771467,0.0756144,0.074103,0.0726125,0.0711427,0.0696935,0.0682648,0.0668563,0.0654679,0.0640994,0.0627505,0.0614211,0.0601109,0.0588197,0.0575472,0.0562931,0.0550573,0.0538393,0.0526391,0.0514562,0.0502904,0.0491414,0.0480089,0.0468927,0.0457924,0.0447078,0.0436385,0.0425843,0.0415448,0.0405197,0.0395088,0.0385118,0.0375284,0.0365581,0.0356009,0.0346563,0.0337241,0.0328039,0.0318956,0.0309987,0.030113,0.0292382,0.028374,0.0275201,0.0266763,0.0258422,0.0250175,0.024202,0.0233954,0.0225975,0.0218078,0.0210263,0.0202525,0.0194862,0.0187271,0.017975,0.0172296,0.0164906,0.0157577,0.0150308,0.0143094,0.0135934,0.0128825,0.0121764,0.0114749,0.0107777,0.0100846,0.00939526,0.00870944,0.00802691,0.0073474,0.00667066,0.00599644,0.00532448,0.00465453,0.00398633,0.00331965,0.00265421,0.00198978,0.0013261
0,0.014321,0.0284743,0.0423006,0.0556568,0.0684213,0.0804974,0.0918142,0.102325,0.112007,0.120855,0.128879,0.136104,0.14256,0.148287,0.153326,0.157721,0.161517,0.164757,0.167484,0.169739,0.17156,0.172985,0.174046,0.174776,0.175204,0.175357,0.17526,0.174936,0.174406,0.17369,0.172806,0.171769,0.170595,0.169298,0.167891,0.166384,0.164789,0.163115,0.161372,0.159567,0.157708,0.155803,0.153856,0.151875,0.149865,0.147829,0.145774,0.143703,0.14162,0.139528,0.137431,0.135331,0.133231,0.131133,0.12904,0.126954,0.124877,0.122809,0.120754,0.118711,0.116683,0.11467,0.112674,0.110695,0.108734,0.106792,0.10487,0.102967,0.101085,0.099224,0.0973842,0.0955659,0.0937694,0.091995,0.0902426,0.0885125,0.0868047,0.0851193,0.0834562,0.0818154,0.0801969,0.0786006,0.0770264,0.0754741,0.0739436,0.0724348,0.0709474,0.0694813,0.0680363,0.0666121,0.0652085,0.0638253,0.0624622,0.0611189,0.0597952,0.0584908,0.0572055,0.0559388,0.0546907,0.0534606,0.0522485,0.0510538,0.0498765,0.048716,0.0475722,0.0464447,0.0453332,0.0442375,0.043157,0.0420917,0.0410411,0.040005,0.0389829,0.0379747,0.03698,0.0359985,0.0350298,0.0340738,0.0331299,0.0321981,0.0312779,0.030369,0.0294712,0.0285841,0.0277074,0.0268409,0.0259842,0.0251371,0.0242992,0.0234703,0.02265,0.0218382,0.0210344,0.0202384,0.01945,0.0186688,0.0178945,0.0171269,0.0163657,0.0156107,0.0148614,0.0141178,0.0133794,0.0126461,0.0119175,0.0111934,0.0104735,0.00975756,0.00904528,0.00833642,0.0076307,0.00692786,0.00622763,0.00552976,0.00483397,0.00414002,0.00344762,0.00275653,0.00206649,0.00137723
0,0.0157478,0.03129,0.0464331,0.0610057,0.0748658,0.0879044,0.100046,0.111247,0.121489,0.130779,0.139139,0.146606,0.153223,0.159042,0.164115,0.168497,0.172239,0.175394,0.178011,0.180136,0.181812,0.183079,0.183975,0.184533,0.184784,0.184759,0.184482,0.183978,0.18327,0.182377,0.181317,0.180107,0.178763,0.177299,0.175727,0.174059,0.172306,0.170478,0.168583,0.16663,0.164627,0.162579,0.160494,0.158377,0.156234,0.154069,0.151886,0.149691,0.147486,0.145275,0.143061,0.140847,0.138635,0.136428,0.134228,0.132037,0.129857,0.127689,0.125534,0.123395,0.121272,0.119166,0.117079,0.11501,0.112962,0.110934,0.108927,0.106942,0.104978,0.103038,0.10112,0.0992247,0.0973529,0.0955045,0.0936796,0.0918783,0.0901006,0.0883465,0.086616,0.084909,0.0832255,0.0815653,0.0799284,0.0783145,0.0767235,0.0751552,0.0736094,0.0720858,0.0705844,0.0691047,0.0676466,0.0662098,0.0647941,0.063399,0.0620244,0.06067,0.0593354,0.0580204,0.0567246,0.0554477,0.0541895,0.0529495,0.0517275,0.0505232,0.0493362,0.0481661,0.0470128,0.0458757,0.0447547,0.0436494,0.0425594,0.0414844,0.0404241,0.0393782,0.0383463,0.0373282,0.0363234,0.0353317,0.0343527,0.0333862,0.0324318,0.0314891,0.0305579,0.0296379,0.0287288,0.0278301,0.0269417,0.0260632,0.0251943,0.0243347,0.0234842,0.0226423,0.0218088,0.0209834,0.0201659,0.0193558,0.018553,0.0177571,0.0169679,0.016185,0.0154081,0.0146371,0.0138715,0.0131112,0.0123558,0.011605,0.0108586,0.0101163,0.00937784,0.0086429,0.00791122,0.00718253,0.00645656,0.00573302,0.00501166,0.00429219,0.00357435,0.00285785,0.00214244,0.00142785
0,0.0173801,0.0345048,0.0511361,0.0670671,0.0821317,0.0962084,0.109219,0.121126,0.131924,0.141633,0.150293,0.157957,0.164685,0.170543,0.175596,0.179911,0.183549,0.186571,0.189031,0.190983,0.192473,0.193546,0.194241,0.194596,0.194642,0.194412,0.193932,0.193226,0.192319,0.19123,0.189978,0.18858,0.187052,0.185407,0.18366,0.18182,0.179899,0.177908,0.175853,0.173745,0.171589,0.169393,0.167164,0.164906,0.162625,0.160326,0.158012,0.155689,0.153359,0.151026,0.148692,0.146361,0.144035,0.141717,0.139408,0.13711,0.134825,0.132555,0.1303,0.128063,0.125844,0.123644,0.121465,0.119306,0.117169,0.115055,0.112963,0.110895,0.10885,0.106829,0.104833,0.102861,0.100914,0.0989911,0.0970936,0.095221,0.0933734,0.0915506,0.0897528,0.0879797,0.0862313,0.0845073,0.0828078,0.0811325,0.0794811,0.0778535,0.0762495,0.0746688,0.0731112,0.0715763,0.070064,0.0685739,0.0671058,0.0656592,0.064234,0.0628298,0.0614463,0.0600832,0.0587401,0.0574167,0.0561127,0.0548277,0.0535614,0.0523135,0.0510836,0.0498713,0.0486764,0.0474985,0.0463371,0.0451921,0.044063,0.0429496,0.0418514,0.0407681,0.0396993,0.0386449,0.0376043,0.0365773,0.0355635,0.0345626,0.0335742,0.0325981,0.0316339,0.0306813,0.0297399,0.0288095,0.0278896,0.02698,0.0260804,0.0251905,0.0243099,0.0234383,0.0225754,0.0217209,0.0208745,0.0200359,0.0192048,0.0183809,0.0175639,0.0167534,0.0159492,0.0151511,0.0143586,0.0135715,0.0127896,0.0120124,0.0112398,0.0104714,0.009707,0.00894624,0.00818887,0.0074346,0.00668314,0.00593421,0.00518752,0.0044428,0.00369977,0.00295813,0.00221762,0.00147795
0,0.0192677,0.0382131,0.0565395,0.073995,0.0903856,0.105578,0.119497,0.132116,0.143448,0.153536,0.162443,0.170243,0.177017,0.182848,0.187817,0.192002,0.195476,0.198308,0.20056,0.202291,0.203552,0.20439,0.204849,0.204966,0.204778,0.204315,0.203606,0.202677,0.20155,0.200246,0.198785,0.197184,0.195457,0.19362,0.191684,0.189662,0.187564,0.1854,0.183178,0.180906,0.178592,0.176242,0.173862,0.171458,0.169035,0.166597,0.164149,0.161693,0.159235,0.156777,0.154321,0.151871,0.149429,0.146997,0.144577,0.14217,0.13978,0.137406,0.13505,0.132713,0.130398,0.128103,0.125831,0.123581,0.121355,0.119154,0.116977,0.114824,0.112698,0.110597,0.108522,0.106473,0.10445,0.102453,0.100483,0.0985393,0.0966218,0.0947305,0.0928653,0.0910262,0.089213,0.0874256,0.0856636,0.083927,0.0822155,0.0805289,0.078867,0.0772293,0.0756158,0.074026,0.0724597,0.0709166,0.0693964,0.0678986,0.0664231,0.0649695,0.0635374,0.0621265,0.0607364,0.0593668,0.0580174,0.0566877,0.0553775,0.0540863,0.0528138,0.0515597,0.0503236,0.049105,0.0479038,0.0467194,0.0455516,0.0444,0.0432642,0.0421438,0.0410386,0.0399481,0.0388721,0.0378101,0.0367618,0.0357268,0.0347049,0.0336957,0.0326987,0.0317138,0.0307405,0.0297786,0.0288276,0.0278873,0.0269572,0.0260372,0.0251269,0.0242259,0.0233339,0.0224506,0.0215757,0.0207088,0.0198497,0.0189981,0.0181535,0.0173158,0.0164846,0.0156596,0.0148405,0.0140269,0.0132187,0.0124154,0.0116169,0.0108227,0.0100326,0.00924633,0.00846355,0.00768396,0.00690729,0.00613323,0.0053615,0.0045918,0.00382384,0.00305733,0.00229198,0.00152751
0,0.0214774,0.0425406,0.0628137,0.0819879,0.0998377,0.116222,0.131074,0.144391,0.156216,0.166621,0.1757,0.183556,0.190293,0.196015,0.200821,0.204803,0.208045,0.210625,0.212612,0.214069,0.215053,0.215614,0.215797,0.215644,0.215189,0.214465,0.213502,0.212325,0.210957,0.20942,0.207733,0.205912,0.203974,0.20193,0.199796,0.197581,0.195296,0.19295,0.190553,0.188111,0.185631,0.183121,0.180586,0.17803,0.17546,0.172879,0.170292,0.167702,0.165112,0.162525,0.159945,0.157373,0.154813,0.152265,0.149732,0.147216,0.144718,0.142239,0.13978,0.137344,0.13493,0.13254,0.130174,0.127833,0.125518,0.123228,0.120965,0.118729,0.116521,0.114339,0.112185,0.110059,0.107961,0.10589,0.103847,0.101832,0.0998445,0.0978847,0.0959524,0.0940475,0.0921697,0.0903188,0.0884947,0.086697,0.0849257,0.0831803,0.0814606,0.0797663,0.0780971,0.0764527,0.0748328,0.073237,0.071665,0.0701164,0.0685909,0.0670882,0.0656079,0.0641495,0.0627128,0.0612974,0.0599029,0.0585289,0.057175,0.0558409,0.0545263,0.0532306,0.0519536,0.0506949,0.049454,0.0482307,0.0470244,0.045835,0.0446619,0.0435049,0.0423635,0.0412374,0.0401262,0.0390296,0.0379471,0.0368785,0.0358233,0.0347812,0.0337519,0.032735,0.0317302,0.0307371,0.0297553,0.0287845,0.0278244,0.0268746,0.0259349,0.0250048,0.024084,0.0231722,0.022269,0.0213742,0.0204875,0.0196084,0.0187366,0.0178719,0.017014,0.0161624,0.0153169,0.0144773,0.013643,0.012814,0.0119897,0.0111701,0.0103546,0.00954306,0.00873513,0.00793052,0.00712892,0.00633002,0.00553352,0.00473912,0.00394652,0.00315542,0.00236551,0.00157651
0,0.0241014,0.0476584,0.0701866,0.0913054,0.110756,0.128397,0.144187,0.15816,0.170403,0.181032,0.190181,0.197987,0.204584,0.210099,0.214651,0.218344,0.221277,0.223535,0.225193,0.226321,0.226977,0.227216,0.227084,0.226622,0.225868,0.224855,0.223611,0.222163,0.220534,0.218745,0.216815,0.21476,0.212595,0.210333,0.207988,0.20557,0.203088,0.200553,0.197972,0.195353,0.192702,0.190026,0.187329,0.184618,0.181896,0.179169,0.176439,0.17371,0.170986,0.168268,0.165561,0.162865,0.160184,0.157519,0.154872,0.152244,0.149637,0.147052,0.14449,0.141952,0.13944,0.136953,0.134493,0.13206,0.129654,0.127277,0.124928,0.122608,0.120317,0.118055,0.115822,0.113618,0.111444,0.109299,0.107184,0.105097,0.10304,0.101012,0.0990128,0.0970422,0.0950999,0.0931859,0.0912998,0.0894414,0.0876104,0.0858065,0.0840294,0.0822788,0.0805543,0.0788556,0.0771823,0.0755342,0.0739107,0.0723117,0.0707366,0.0691851,0.0676568,0.0661514,0.0646685,0.0632076,0.0617683,0.0603504,0.0589533,0.0575767,0.0562202,0.0548834,0.0535659,0.0522673,0.0509872,0.0497252,0.048481,0.0472541,0.0460442,0.0448508,0.0436736,0.0425122,0.0413663,0.0402353,0.0391191,0.0380171,0.036929,0.0358545,0.0347932,0.0337446,0.0327086,0.0316846,0.0306723,0.0296714,0.0286816,0.0277024,0.0267335,0.0257746,0.0248254,0.0238854,0.0229544,0.0220319,0.0211178,0.0202116,0.0193129,0.0184216,0.0175372,0.0166594,0.0157879,0.0149223,0.0140624,0.0132078,0.0123582,0.0115133,0.0106728,0.0098363,0.00900354,0.00817419,0.00734795,0.00652449,0.00570352,0.00488471,0.00406775,0.00325235,0.00243818,0.00162494
0,0.0272699,0.0538048,0.0789691,0.102291,0.123483,0.142422,0.159116,0.173659,0.186203,0.196924,0.206005,0.213627,0.219957,0.225148,0.229337,0.232647,0.235185,0.237043,0.238306,0.239044,0.23932,0.239189,0.238699,0.237893,0.236807,0.235475,0.233925,0.232183,0.230272,0.228212,0.226022,0.223717,0.221312,0.21882,0.216253,0.213622,0.210935,0.208202,0.205431,0.202627,0.199799,0.19695,0.194088,0.191216,0.188339,0.185461,0.182585,0.179715,0.176853,0.174002,0.171165,0.168344,0.16554,0.162755,0.159992,0.157251,0.154534,0.151842,0.149176,0.146536,0.143924,0.14134,0.138785,0.13626,0.133764,0.131298,0.128863,0.126458,0.124084,0.121741,0.119429,0.117148,0.114899,0.11268,0.110492,0.108334,0.106208,0.104111,0.102045,0.100009,0.0980026,0.0960257,0.0940779,0.092159,0.0902687,0.0884066,0.0865723,0.0847657,0.0829862,0.0812336,0.0795073,0.0778072,0.0761327,0.0744835,0.0728592,0.0712594,0.0696836,0.0681315,0.0666026,0.0650967,0.0636131,0.0621516,0.0607117,0.0592929,0.057895,0.0565174,0.0551598,0.0538218,0.0525028,0.0512026,0.0499208,0.0486568,0.0474104,0.046181,0.0449684,0.0437721,0.0425917,0.0414269,0.0402772,0.0391422,0.0380216,0.036915,0.035822,0.0347422,0.0336752,0.0326208,0.0315784,0.0305477,0.0295285,0.0285202,0.0275226,0.0265352,0.0255578,0.02459,0.0236314,0.0226817,0.0217404,0.0208074,0.0198822,0.0189645,0.018054,0.0171503,0.016253,0.0153619,0.0144767,0.0135969,0.0127222,0.0118524,0.0109871,0.010126,0.00926865,0.00841487,0.00756429,0.00671658,0.00587143,0.00502851,0.0041875,0.00334809,0.00250995,0.00167277
0,0.0311733,0.0613218,0.0895936,0.115408,0.138464,0.158694,0.176195,0.191158,0.203827,0.214455,0.22329,0.230559,0.236468,0.241197,0.244903,0.247722,0.249771,0.251149,0.251944,0.252229,0.25207,0.251521,0.250632,0.249444,0.247994,0.246313,0.244431,0.242373,0.240159,0.23781,0.235344,0.232775,0.230117,0.227383,0.224584,0.22173,0.218829,0.21589,0.212921,0.209927,0.206915,0.20389,0.200857,0.19782,0.194784,0.191751,0.188726,0.185711,0.18271,0.179723,0.176754,0.173805,0.170877,0.167972,0.165091,0.162236,0.159407,0.156607,0.153835,0.151093,0.14838,0.145699,0.143049,0.14043,0.137843,0.135289,0.132767,0.130278,0.127821,0.125398,0.123007,0.120648,0.118323,0.11603,0.11377,0.111541,0.109345,0.107181,0.105048,0.102947,0.100876,0.0988369,0.0968277,0.0948486,0.0928993,0.0909793,0.0890884,0.0872261,0.085392,0.0835857,0.0818069,0.0800552,0.07833,0.0766311,0.0749579,0.0733101,0.0716873,0.0700889,0.0685146,0.0669639,0.0654364,0.0639317,0.0624494,0.0609889,0.05955,0.058132,0.0567347,0.0553576,0.0540003,0.0526622,0.0513431,0.0500425,0.04876,0.0474951,0.0462474,0.0450166,0.0438022,0.0426038,0.041421,0.0402534,0.0391007,0.0379623,0.036838,0.0357273,0.0346298,0.0335452,0.0324731,0.031413,0.0303647,0.0293277,0.0283017,0.0272862,0.026281,0.0252857,0.0242999,0.0233231,0.0223552,0.0213957,0.0204443,0.0195006,0.0185643,0.0176349,0.0167123,0.015796,0.0148857,0.013981,0.0130816,0.0121872,0.0112974,0.0104119,0.00953038,0.00865248,0.00777787,0.00690622,0.0060372,0.00517047,0.00430572,0.00344261,0.00258081,0.00171999
0,0.0361016,0.0707156,0.102676,0.131282,0.15627,0.177696,0.19581,0.210953,0.223491,0.23378,0.242139,0.248852,0.25416,0.25827,0.261357,0.263568,0.265027,0.265838,0.26609,0.265859,0.265209,0.264195,0.262864,0.261257,0.25941,0.257354,0.255115,0.252717,0.250182,0.247527,0.244768,0.241921,0.238998,0.236011,0.23297,0.229884,0.226761,0.22361,0.220436,0.217246,0.214045,0.210838,0.20763,0.204424,0.201225,0.198035,0.194858,0.191696,0.188551,0.185427,0.182324,0.179245,0.176191,0.173164,0.170164,0.167194,0.164253,0.161344,0.158466,0.15562,0.152807,0.150027,0.147281,0.144569,0.141892,0.139248,0.13664,0.134066,0.131526,0.129022,0.126552,0.124116,0.121715,0.119349,0.117016,0.114717,0.112452,0.110219,0.10802,0.105854,0.10372,0.101618,0.0995481,0.0975092,0.0955012,0.0935237,0.0915764,0.0896588,0.0877705,0.0859111,0.0840801,0.0822772,0.0805018,0.0787535,0.0770319,0.0753366,0.073667,0.0720228,0.0704035,0.0688085,0.0672376,0.0656902,0.0641658,0.0626641,0.0611845,0.0597266,0.05829,0.0568743,0.0554789,0.0541035,0.0527475,0.0514106,0.0500924,0.0487924,0.0475101,0.0462451,0.0449971,0.0437656,0.0425501,0.0413503,0.0401658,0.0389961,0.0378408,0.0366996,0.035572,0.0344577,0.0333561,0.032267,0.03119,0.0301246,0.0290706,0.0280274,0.0269947,0.0259722,0.0249595,0.0239562,0.0229619,0.0219763,0.0209989,0.0200296,0.0190678,0.0181132,0.0171655,0.0162242,0.0152892,0.0143599,0.0134362,0.0125175,0.0116036,0.0106941,0.00978862,0.00888692,0.0079886,0.00709332,0.00620075,0.00531054,0.00442236,0.00353587,0.00265072,0.00176658
0,0.0425176,0.0827633,0.119112,0.150774,0.177639,0.200011,0.218397,0.233351,0.245406,0.255033,0.262636,0.268548,0.273049,0.276367,0.278688,0.280167,0.280931,0.281086,0.280721,0.279909,0.278713,0.277185,0.275372,0.273311,0.271036,0.268577,0.265957,0.2632,0.260324,0.257346,0.254282,0.251144,0.247945,0.244694,0.241401,0.238075,0.234723,0.231352,0.227968,0.224576,0.221181,0.217788,0.2144,0.211022,0.207657,0.204306,0.200974,0.197663,0.194374,0.191109,0.187871,0.184661,0.18148,0.178329,0.17521,0.172123,0.169069,0.16605,0.163065,0.160115,0.157201,0.154323,0.15148,0.148675,0.145906,0.143174,0.140478,0.137819,0.135197,0.132612,0.130063,0.127551,0.125074,0.122634,0.120229,0.11786,0.115525,0.113226,0.110961,0.10873,0.106533,0.104369,0.102238,0.100139,0.0980732,0.0960387,0.0940354,0.092063,0.0901209,0.0882087,0.086326,0.0844723,0.0826471,0.0808499,0.0790804,0.0773379,0.0756221,0.0739325,0.0722686,0.0706298,0.0690158,0.0674261,0.0658602,0.0643176,0.0627979,0.0613005,0.0598251,0.0583711,0.0569382,0.0555258,0.0541334,0.0527607,0.0514072,0.0500724,0.0487559,0.0474573,0.046176,0.0449118,0.0436641,0.0424325,0.0412166,0.0400159,0.0388301,0.0376588,0.0365014,0.0353577,0.0342271,0.0331094,0.032004,0.0309107,0.0298289,0.0287584,0.0276986,0.0266493,0.0256101,0.0245805,0.0235602,0.0225488,0.0215459,0.0205512,0.0195643,0.0185848,0.0176123,0.0166466,0.0156871,0.0147337,0.0137858,0.0128432,0.0119055,0.0109723,0.0100433,0.0091181,0.0081964,0.00727782,0.00636203,0.00544866,0.00453738,0.00362782,0.00271966,0.00181253
0,0.0512055,0.0987079,0.140235,0.175065,0.203498,0.226314,0.244414,0.258649,0.269749,0.278313,0.284821,0.289657,0.293123,0.29546,0.29686,0.29748,0.297444,0.296855,0.295798,0.294343,0.292548,0.290462,0.288127,0.285579,0.282848,0.27996,0.276938,0.273802,0.270568,0.267253,0.263869,0.260429,0.256942,0.253419,0.249867,0.246293,0.242705,0.239108,0.235508,0.231909,0.228316,0.224733,0.221162,0.217609,0.214074,0.21056,0.207071,0.203608,0.200172,0.196766,0.193391,0.190048,0.186738,0.183463,0.180223,0.177019,0.173852,0.170722,0.167629,0.164575,0.161559,0.158582,0.155644,0.152744,0.149884,0.147063,0.144281,0.141537,0.138832,0.136166,0.133539,0.130949,0.128398,0.125884,0.123407,0.120968,0.118565,0.116198,0.113868,0.111572,0.109312,0.107087,0.104896,0.102738,0.100614,0.0985231,0.0964643,0.0944374,0.092442,0.0904775,0.0885435,0.0866395,0.0847649,0.0829194,0.0811023,0.0793133,0.0775517,0.0758171,0.0741091,0.072427,0.0707705,0.0691389,0.0675319,0.0659489,0.0643895,0.0628531,0.0613393,0.0598476,0.0583775,0.0569285,0.0555003,0.0540922,0.0527038,0.0513347,0.0499845,0.0486525,0.0473385,0.046042,0.0447624,0.0434994,0.0422525,0.0410214,0.0398054,0.0386043,0.0374176,0.0362449,0.0350858,0.0339397,0.0328065,0.0316855,0.0305764,0.0294789,0.0283925,0.0273167,0.0262513,0.0251959,0.0241499,0.0231131,0.022085,0.0210654,0.0200537,0.0190496,0.0180528,0.0170628,0.0160794,0.015102,0.0141304,0.0131642,0.012203,0.0112465,0.0102942,0.00934593,0.00840119,0.00745966,0.00652097,0.00558478,0.00465073,0.00371845,0.00278759,0.0018578
0,0.0635966,0.120628,0.168055,0.205752,0.234976,0.257331,0.274296,0.287082,0.296628,0.303647,0.308681,0.312136,0.314325,0.315489,0.315814,0.315449,0.31451,0.313093,0.311274,0.309117,0.306674,0.303988,0.301096,0.29803,0.294816,0.291477,0.288033,0.284501,0.280895,0.277229,0.273514,0.269761,0.265978,0.262173,0.258353,0.254526,0.250696,0.246868,0.243047,0.239237,0.235442,0.231665,0.227909,0.224176,0.22047,0.216791,0.213142,0.209525,0.205942,0.202392,0.198879,0.195402,0.191963,0.188562,0.185201,0.181879,0.178597,0.175356,0.172156,0.168997,0.16588,0.162804,0.159769,0.156776,0.153824,0.150914,0.148045,0.145217,0.14243,0.139683,0.136977,0.134311,0.131684,0.129097,0.126549,0.12404,0.121569,0.119136,0.11674,0.114381,0.112058,0.109772,0.10752,0.105305,0.103123,0.100976,0.0988619,0.0967811,0.0947328,0.0927165,0.0907317,0.0887779,0.0868545,0.084961,0.083097,0.0812618,0.0794549,0.0776759,0.0759242,0.0741993,0.0725007,0.0708278,0.0691802,0.0675573,0.0659587,0.0643837,0.062832,0.061303,0.0597963,0.0583112,0.0568475,0.0554045,0.0539817,0.0525788,0.0511952,0.0498304,0.0484841,0.0471556,0.0458447,0.0445507,0.0432733,0.042012,0.0407664,0.039536,0.0383203,0.0371191,0.0359317,0.0347578,0.033597,0.0324488,0.0313129,0.0301887,0.029076,0.0279742,0.026883,0.025802,0.0247308,0.0236689,0.0226161,0.0215718,0.0205357,0.0195075,0.0184866,0.0174728,0.0164657,0.0154648,0.0144698,0.0134804,0.0124961,0.0115166,0.0105414,0.00957033,0.00860289,0.00763874,0.00667752,0.00571885,0.00476237,0.00380771,0.0028545,0.0019024
0,0.0825531,0.152152,0.205604,0.244912,0.273324,0.293739,0.308359,0.318755,0.326032,0.330969,0.334118,0.335881,0.336554,0.336357,0.335459,0.333992,0.332055,0.329733,0.327089,0.324177,0.321042,0.317719,0.31424,0.31063,0.30691,0.303101,0.299217,0.295274,0.291282,0.287254,0.283198,0.279122,0.275035,0.270942,0.266849,0.262762,0.258684,0.254621,0.250575,0.246551,0.24255,0.238577,0.234632,0.230718,0.226838,0.222992,0.219183,0.215411,0.211677,0.207984,0.204331,0.200719,0.19715,0.193623,0.19014,0.1867,0.183303,0.179951,0.176643,0.173379,0.170159,0.166984,0.163853,0.160766,0.157723,0.154724,0.151768,0.148856,0.145987,0.14316,0.140376,0.137633,0.134932,0.132272,0.129653,0.127075,0.124536,0.122036,0.119575,0.117153,0.114769,0.112421,0.110111,0.107837,0.105599,0.103396,0.101227,0.099093,0.0969923,0.0949248,0.0928897,0.0908866,0.0889148,0.086974,0.0850634,0.0831826,0.081331,0.0795081,0.0777133,0.075946,0.0742058,0.0724921,0.0708044,0.0691421,0.0675047,0.0658918,0.0643026,0.0627369,0.0611939,0.0596733,0.0581745,0.0566971,0.0552404,0.0538041,0.0523876,0.0509905,0.0496123,0.0482524,0.0469105,0.045586,0.0442785,0.0429875,0.0417126,0.0404533,0.0392092,0.0379797,0.0367646,0.0355632,0.0343753,0.0332003,0.0320379,0.0308875,0.0297489,0.0286214,0.0275049,0.0263988,0.0253026,0.0242161,0.0231388,0.0220703,0.0210102,0.0199581,0.0189137,0.0178764,0.0168459,0.0158219,0.0148039,0.0137916,0.0127846,0.0117824,0.0107847,0.00979121,0.00880143,0.00781502,0.00683161,0.00585081,0.00487225,0.00389556,0.00292037,0.00194629
0,0.114464,0.199823,0.257298,0.294969,0.319667,0.335943,0.346645,0.353547,0.357778,0.360077,0.360941,0.360717,0.359652,0.357926,0.355675,0.353002,0.349987,0.346694,0.343172,0.339462,0.335598,0.331608,0.327515,0.323339,0.319095,0.314798,0.310461,0.306095,0.301707,0.297307,0.292901,0.288497,0.284098,0.279711,0.27534,0.270988,0.266659,0.262357,0.258083,0.253841,0.249633,0.24546,0.241325,0.237228,0.233172,0.229158,0.225186,0.221258,0.217374,0.213535,0.209742,0.205995,0.202295,0.198642,0.195036,0.191477,0.187966,0.184502,0.181086,0.177717,0.174395,0.171121,0.167894,0.164713,0.161579,0.158492,0.15545,0.152453,0.149502,0.146595,0.143733,0.140915,0.13814,0.135408,0.132718,0.13007,0.127464,0.124899,0.122374,0.119888,0.117442,0.115035,0.112666,0.110334,0.10804,0.105781,0.103559,0.101372,0.0992195,0.0971012,0.0950164,0.0929645,0.090945,0.0889573,0.0870008,0.085075,0.0831792,0.0813128,0.0794754,0.0776664,0.0758852,0.0741312,0.0724039,0.0707027,0.0690271,0.0673766,0.0657505,0.0641485,0.0625699,0.0610142,0.0594809,0.0579694,0.0564794,0.0550102,0.0535613,0.0521323,0.0507226,0.0493318,0.0479594,0.0466048,0.0452677,0.0439475,0.0426437,0.041356,0.0400838,0.0388266,0.0375841,0.0363557,0.0351411,0.0339397,0.0327512,0.0315751,0.0304109,0.0292582,0.0281167,0.0269858,0.0258652,0.0247545,0.0236531,0.0225608,0.021477,0.0204015,0.0193338,0.0182734,0.01722,0.0161732,0.0151326,0.0140977,0.0130683,0.0120439,0.0110241,0.0100085,0.00899672,0.00798842,0.00698317,0.00598061,0.00498034,0.00398198,0.00298515,0.00198946
0,0.17548,0.275376,0.328797,0.357999,0.374432,0.383721,0.38873,0.39101,0.391457,0.39062,0.388853,0.386394,0.38341,0.38002,0.376313,0.372355,0.368198,0.363883,0.359442,0.354901,0.350281,0.345601,0.340874,0.336115,0.331333,0.326537,0.321736,0.316937,0.312145,0.307366,0.302604,0.297865,0.293151,0.288465,0.283811,0.279192,0.274609,0.270064,0.26556,0.261098,0.25668,0.252306,0.247979,0.243698,0.239465,0.235281,0.231146,0.227061,0.223026,0.219041,0.215108,0.211225,0.207394,0.203614,0.199885,0.196208,0.192581,0.189006,0.185482,0.182008,0.178585,0.175212,0.171889,0.168615,0.16539,0.162214,0.159086,0.156006,0.152973,0.149987,0.147048,0.144154,0.141305,0.138501,0.135741,0.133025,0.130352,0.127722,0.125133,0.122585,0.120078,0.117611,0.115184,0.112795,0.110445,0.108132,0.105856,0.103617,0.101413,0.0992449,0.0971109,0.0950109,0.0929442,0.0909102,0.0889083,0.086938,0.0849985,0.0830894,0.0812099,0.0793597,0.0775379,0.0757442,0.0739778,0.0722383,0.0705251,0.0688375,0.0671751,0.0655373,0.0639235,0.0623333,0.060766,0.0592211,0.0576981,0.0561965,0.0547157,0.0532553,0.0518147,0.0503934,0.0489909,0.0476068,0.0462405,0.0448915,0.0435594,0.0422436,0.0409438,0.0396594,0.0383899,0.037135,0.0358941,0.0346667,0.0334525,0.032251,0.0310618,0.0298843,0.0287182,0.027563,0.0264183,0.0252837,0.0241587,0.0230429,0.021936,0.0208374,0.0197467,0.0186637,0.0175877,0.0165185,0.0154557,0.0143987,0.0133473,0.0123009,0.0112593,0.0102221,0.0091887,0.00815887,0.00713217,0.00610821,0.00508659,0.00406693,0.00304883,0.0020319
0,0.312081,0.397404,0.424516,0.433798,0.436342,0.435779,0.433544,0.430306,0.42642,0.422093,0.417457,0.412597,0.407575,0.402432,0.397202,0.391907,0.386568,0.381199,0.375813,0.370419,0.365025,0.359639,0.354267,0.348914,0.343584,0.338281,0.333009,0.327771,0.32257,0.317407,0.312286,0.307208,0.302175,0.297188,0.292249,0.287359,0.28252,0.277732,0.272996,0.268312,0.263683,0.259107,0.254587,0.250121,0.24571,0.241356,0.237057,0.232814,0.228628,0.224497,0.220423,0.216404,0.212442,0.208535,0.204684,0.200888,0.197147,0.19346,0.189828,0.18625,0.182725,0.179254,0.175835,0.172468,0.169153,0.165889,0.162675,0.159512,0.156398,0.153333,0.150317,0.147348,0.144426,0.141551,0.138722,0.135938,0.133199,0.130503,0.127851,0.125242,0.122675,0.120149,0.117664,0.115219,0.112813,0.110447,0.108118,0.105827,0.103573,0.101355,0.0991723,0.0970247,0.0949114,0.0928317,0.090785,0.0887708,0.0867882,0.0848369,0.082916,0.0810251,0.0791634,0.0773305,0.0755257,0.0737484,0.071998,0.070274,0.0685758,0.0669028,0.0652544,0.0636301,0.0620293,0.0604515,0.0588961,0.0573626,0.0558504,0.0543591,0.052888,0.0514367,0.0500047,0.0485915,0.0471965,0.0458192,0.0444592,0.0431159,0.0417889,0.0404777,0.0391817,0.0379006,0.0366339,0.0353811,0.0341416,0.0329152,0.0317013,0.0304994,0.0293091,0.02813,0.0269617,0.0258036,0.0246554,0.0235166,0.0223868,0.0212655,0.0201524,0.0190471,0.017949,0.0168578,0.015773,0.0146943,0.0136213,0.0125535,0.0114905,0.0104319,0.00937728,0.0083263,0.00727852,0.00623354,0.00519096,0.00415037,0.00311139,0.00207359
1,0.67544,0.577643,0.538066,0.516334,0.501357,0.48951,0.479362,0.47025,0.461823,0.453876,0.446284,0.438963,0.431859,0.424932,0.418154,0.411504,0.404968,0.398533,0.392191,0.385936,0.379762,0.373664,0.367641,0.36169,0.355808,0.349995,0.344249,0.33857,0.332956,0.327408,0.321925,0.316507,0.311153,0.305864,0.300638,0.295477,0.290381,0.285348,0.280379,0.275473,0.270632,0.265854,0.26114,0.256489,0.251901,0.247375,0.242913,0.238513,0.234174,0.229898,0.225683,0.221528,0.217435,0.213402,0.209428,0.205514,0.201658,0.197861,0.194121,0.190439,0.186813,0.183243,0.179729,0.17627,0.172865,0.169514,0.166215,0.162969,0.159775,0.156632,0.153539,0.150496,0.147502,0.144556,0.141658,0.138807,0.136002,0.133243,0.130528,0.127858,0.125231,0.122647,0.120105,0.117604,0.115144,0.112724,0.110343,0.108001,0.105697,0.10343,0.101199,0.0990049,0.0968457,0.0947209,0.0926301,0.0905726,0.0885476,0.0865546,0.0845929,0.0826619,0.080761,0.0788894,0.0770467,0.0752322,0.0734453,0.0716854,0.0699519,0.0682443,0.0665618,0.064904,0.0632703,0.06166,0.0600728,0.0585079,0.0569649,0.0554431,0.0539422,0.0524614,0.0510004,0.0495585,0.0481353,0.0467302,0.0453427,0.0439724,0.0426187,0.0412811,0.0399592,0.0386524,0.0373603,0.0360824,0.0348182,0.0335673,0.0323291,0.0311033,0.0298893,0.0286867,0.0274951,0.026314,0.025143,0.0239816,0.0228294,0.0216859,0.0205507,0.0194234,0.0183036,0.0171908,0.0160846,0.0149845,0.0138903,0.0128013,0.0117173,0.0106378,0.00956239,0.00849066,0.00742219,0.00635658,0.00529341,0.00423228,0.00317279,0.00211451
1,0.812036,0.699662,0.633771,0.592114,0.563244,0.541541,0.524145,0.509511,0.496745,0.485304,0.474839,0.465114,0.455967,0.447284,0.438978,0.430989,0.423266,0.415774,0.408484,0.401372,0.394421,0.387616,0.380944,0.374396,0.367965,0.361642,0.355423,0.349303,0.343278,0.337345,0.3315,0.325742,0.320067,0.314475,0.308964,0.303532,0.298178,0.2929,0.287698,0.282571,0.277518,0.272538,0.26763,0.262794,0.258028,0.253333,0.248707,0.244149,0.23966,0.235238,0.230882,0.226593,0.222368,0.218209,0.214113,0.210081,0.206112,0.202204,0.198358,0.194572,0.190845,0.187178,0.18357,0.180019,0.176524,0.173086,0.169704,0.166376,0.163102,0.159881,0.156713,0.153596,0.15053,0.147514,0.144548,0.14163,0.138761,0.135938,0.133161,0.130431,0.127745,0.125103,0.122505,0.119949,0.117435,0.114963,0.11253,0.110138,0.107784,0.105469,0.103192,0.100951,0.0987462,0.0965771,0.0944427,0.0923425,0.0902758,0.0882418,0.0862399,0.0842694,0.0823298,0.0804203,0.0785403,0.0766892,0.0748664,0.0730712,0.071303,0.0695612,0.0678452,0.0661545,0.0644884,0.0628463,0.0612277,0.059632,0.0580587,0.0565071,0.0549767,0.053467,0.0519774,0.0505074,0.0490565,0.0476241,0.0462097,0.0448128,0.0434329,0.0420695,0.040722,0.03939,0.038073,0.0367705,0.035482,0.034207,0.0329451,0.0316957,0.0304585,0.0292329,0.0280184,0.0268148,0.0256213,0.0244377,0.0232635,0.0220982,0.0209414,0.0197926,0.0186514,0.0175174,0.0163902,0.0152692,0.0141541,0.0130445,0.0119398,0.0108398,0.00974396,0.00865186,0.0075631,0.00647725,0.0053939,0.00431263,0.00323302,0.00215465
1,0.873043,0.775197,0.705243,0.655107,0.617963,0.589264,0.566167,0.546901,0.530343,0.515758,0.502653,0.490685,0.479612,0.469257,0.459488,0.450206,0.441334,0.432814,0.424598,0.416649,0.408935,0.401434,0.394123,0.386987,0.380012,0.373186,0.366499,0.359942,0.353509,0.347193,0.340989,0.334893,0.3289,0.323007,0.317211,0.311509,0.305898,0.300377,0.294944,0.289596,0.284332,0.279151,0.27405,0.269029,0.264087,0.259222,0.254433,0.249719,0.245079,0.240511,0.236016,0.231592,0.227238,0.222953,0.218736,0.214587,0.210504,0.206487,0.202534,0.198645,0.19482,0.191056,0.187353,0.183711,0.180129,0.176605,0.173138,0.169729,0.166376,0.163079,0.159835,0.156646,0.153509,0.150424,0.14739,0.144407,0.141473,0.138587,0.13575,0.13296,0.130216,0.127517,0.124863,0.122253,0.119686,0.117162,0.114679,0.112237,0.109834,0.107472,0.105148,0.102861,0.100612,0.0983992,0.096222,0.0940798,0.0919719,0.0898976,0.0878561,0.0858469,0.0838692,0.0819224,0.0800057,0.0781186,0.0762605,0.0744306,0.0726283,0.070853,0.0691042,0.0673811,0.0656832,0.0640098,0.0623605,0.0607345,0.0591313,0.0575504,0.0559912,0.0544531,0.0529355,0.0514379,0.0499598,0.0485006,0.0470598,0.0456368,0.0442312,0.0428424,0.0414698,0.0401131,0.0387717,0.037445,0.0361327,0.0348341,0.0335489,0.0322764,0.0310164,0.0297682,0.0285314,0.0273056,0.0260902,0.0248849,0.0236891,0.0225024,0.0213243,0.0201545,0.0189924,0.0178376,0.0166897,0.0155482,0.0144127,0.0132828,0.0121579,0.0110378,0.00992192,0.00880986,0.00770121,0.00659553,0.00549239,0.00439137,0.00329204,0.00219399
1,0.904941,0.82284,0.756895,0.705109,0.664238,0.631386,0.604358,0.581585,0.561968,0.544733,0.52933,0.515363,0.50254,0.490644,0.47951,0.469012,0.459052,0.44955,0.440446,0.431689,0.423238,0.415061,0.407128,0.399418,0.391911,0.384591,0.377444,0.370457,0.363622,0.356929,0.350371,0.343941,0.337633,0.331442,0.325364,0.319395,0.31353,0.307768,0.302104,0.296537,0.291064,0.285683,0.280391,0.275187,0.270069,0.265035,0.260084,0.255215,0.250425,0.245714,0.24108,0.236522,0.232039,0.22763,0.223293,0.219027,0.214832,0.210706,0.206648,0.202657,0.198732,0.194873,0.191077,0.187345,0.183675,0.180066,0.176517,0.173027,0.169596,0.166222,0.162905,0.159643,0.156436,0.153283,0.150183,0.147134,0.144137,0.14119,0.138292,0.135443,0.132642,0.129887,0.127178,0.124515,0.121896,0.11932,0.116787,0.114296,0.111846,0.109436,0.107066,0.104735,0.102442,0.100186,0.0979671,0.0957837,0.0936353,0.0915213,0.089441,0.0873936,0.0853785,0.083395,0.0814423,0.0795199,0.077627,0.0757631,0.0739273,0.0721192,0.070338,0.0685832,0.066854,0.06515,0.0634705,0.0618148,0.0601824,0.0585728,0.0569852,0.0554192,0.0538742,0.0523495,0.0508447,0.0493593,0.0478925,0.046444,0.0450132,0.0435995,0.0422024,0.0408215,0.0394561,0.0381058,0.03677,0.0354484,0.0341403,0.0328452,0.0315628,0.0302925,0.0290338,0.0277863,0.0265494,0.0253227,0.0241058,0.0228982,0.0216993,0.0205089,0.0193263,0.0181512,0.016983,0.0158214,0.014666,0.0135161,0.0123715,0.0112317,0.0100962,0.00896459,0.00783646,0.00671135,0.00558883,0.00446848,0.00334985,0.00223251
1,0.923879,0.854327,0.79439,0.744196,0.702494,0.667684,0.638293,0.613113,0.591211,0.571875,0.554572,0.538896,0.524541,0.511269,0.498897,0.487282,0.47631,0.46589,0.455947,0.446423,0.437269,0.428443,0.419911,0.411646,0.403624,0.395824,0.388228,0.380822,0.373594,0.366532,0.359625,0.352867,0.346249,0.339765,0.333409,0.327176,0.321061,0.31506,0.309169,0.303385,0.297705,0.292126,0.286644,0.281259,0.275967,0.270766,0.265655,0.260632,0.255694,0.25084,0.246069,0.241378,0.236767,0.232235,0.227778,0.223398,0.219091,0.214857,0.210695,0.206603,0.202581,0.198626,0.194739,0.190917,0.18716,0.183467,0.179837,0.176268,0.172759,0.16931,0.16592,0.162587,0.159311,0.15609,0.152924,0.149812,0.146752,0.143744,0.140787,0.13788,0.135022,0.132212,0.129449,0.126733,0.124062,0.121436,0.118854,0.116315,0.113818,0.111362,0.108947,0.106572,0.104236,0.101938,0.0996772,0.0974532,0.0952651,0.0931122,0.0909937,0.0889089,0.086857,0.0848375,0.0828495,0.0808924,0.0789655,0.0770681,0.0751995,0.0733591,0.0715462,0.0697603,0.0680005,0.0662664,0.0645573,0.0628725,0.0612115,0.0595736,0.0579583,0.056365,0.054793,0.0532419,0.051711,0.0501998,0.0487077,0.0472341,0.0457786,0.0443405,0.0429194,0.0415147,0.0401259,0.0387524,0.0373938,0.0360495,0.034719,0.0334019,0.0320976,0.0308056,0.0295255,0.0282567,0.0269988,0.0257513,0.0245137,0.0232855,0.0220663,0.0208556,0.019653,0.018458,0.01727,0.0160888,0.0149138,0.0137445,0.0125805,0.0114214,0.0102667,0.00911599,0.00796879,0.00682468,0.0056832,0.00454393,0.00340641,0.00227021
1,0.936247,0.876201,0.82214,0.774791,0.733857,0.698565,0.668016,0.641365,0.617886,0.596985,0.578186,0.56111,0.545458,0.530993,0.517528,0.50491,0.493017,0.481751,0.47103,0.460789,0.450971,0.44153,0.432428,0.423632,0.415115,0.406852,0.398823,0.391011,0.3834,0.375978,0.368732,0.361653,0.354732,0.347961,0.341332,0.33484,0.328478,0.322242,0.316128,0.31013,0.304246,0.298471,0.292803,0.287238,0.281774,0.276409,0.271139,0.265963,0.260879,0.255884,0.250977,0.246155,0.241418,0.236763,0.23219,0.227695,0.223278,0.218938,0.214673,0.210481,0.206362,0.202314,0.198336,0.194426,0.190583,0.186807,0.183096,0.179449,0.175864,0.172341,0.168878,0.165475,0.162131,0.158844,0.155613,0.152437,0.149316,0.146248,0.143232,0.140268,0.137355,0.13449,0.131675,0.128906,0.126185,0.12351,0.120879,0.118293,0.11575,0.113249,0.11079,0.108371,0.105992,0.103653,0.101351,0.0990876,0.0968605,0.0946694,0.0925134,0.0903919,0.0883041,0.0862492,0.0842266,0.0822354,0.0802751,0.078345,0.0764442,0.0745722,0.0727283,0.0709118,0.0691221,0.0673585,0.0656204,0.0639071,0.062218,0.0605526,0.0589101,0.05729,0.0556917,0.0541146,0.0525582,0.0510218,0.0495048,0.0480068,0.0465271,0.0450652,0.0436205,0.0421926,0.0407808,0.0393847,0.0380037,0.0366373,0.0352849,0.0339462,0.0326204,0.0313073,0.0300062,0.0287166,0.0274381,0.0261702,0.0249124,0.0236642,0.0224251,0.0211947,0.0199724,0.0187579,0.0175506,0.0163502,0.015156,0.0139677,0.0127848,0.0116069,0.0104334,0.00926399,0.00809816,0.00693547,0.00577546,0.00461768,0.0034617,0.00230705
1,0.944907,0.89209,0.84318,0.79897,0.759578,0.724702,0.693841,0.666444,0.641985,0.619995,0.600077,0.581899,0.565188,0.54972,0.535311,0.521812,0.509098,0.497067,0.485635,0.474731,0.464296,0.454279,0.44464,0.435341,0.426352,0.417646,0.409202,0.400998,0.393019,0.385248,0.377673,0.370283,0.363066,0.356014,0.349119,0.342373,0.33577,0.329304,0.32297,0.316762,0.310677,0.30471,0.298858,0.293117,0.287484,0.281956,0.27653,0.271204,0.265975,0.260841,0.2558,0.250849,0.245987,0.241212,0.236522,0.231915,0.22739,0.222944,0.218578,0.214287,0.210073,0.205932,0.201864,0.197868,0.193941,0.190083,0.186292,0.182567,0.178908,0.175312,0.171778,0.168306,0.164894,0.161542,0.158247,0.155009,0.151828,0.148701,0.145628,0.142607,0.139639,0.136721,0.133853,0.131034,0.128263,0.125539,0.122861,0.120228,0.11764,0.115094,0.112592,0.110131,0.10771,0.10533,0.102989,0.100686,0.0984209,0.0961923,0.0939996,0.0918421,0.089719,0.0876295,0.0855729,0.0835485,0.0815555,0.0795932,0.077661,0.075758,0.0738837,0.0720374,0.0702183,0.0684259,0.0666594,0.0649182,0.0632017,0.0615092,0.0598402,0.0581939,0.0565699,0.0549674,0.0533859,0.0518249,0.0502836,0.0487617,0.0472583,0.0457731,0.0443055,0.0428549,0.0414207,0.0400024,0.0385995,0.0372115,0.0358377,0.0344778,0.0331312,0.0317973,0.0304757,0.0291658,0.0278672,0.0265794,0.0253018,0.024034,0.0227755,0.0215258,0.0202844,0.0190509,0.0178247,0.0166054,0.0153926,0.0141857,0.0129844,0.011788,0.0105962,0.00940854,0.00822451,0.00704367,0.00586556,0.00468972,0.0035157,0.00234304
1,0.95129,0.904072,0.859518,0.818333,0.780785,0.746823,0.716203,0.688587,0.663613,0.640932,0.620228,0.601221,0.583675,0.567387,0.552185,0.537928,0.524495,0.511785,0.499712,0.488205,0.477202,0.466652,0.456511,0.446739,0.437305,0.42818,0.41934,0.410762,0.402429,0.394323,0.386431,0.378738,0.371235,0.363911,0.356757,0.349764,0.342926,0.336235,0.329686,0.323273,0.316991,0.310836,0.304803,0.298889,0.29309,0.287402,0.281822,0.276349,0.270977,0.265706,0.260533,0.255455,0.25047,0.245577,0.240772,0.236054,0.231422,0.226873,0.222406,0.218019,0.213711,0.209479,0.205323,0.20124,0.197231,0.193292,0.189423,0.185622,0.181889,0.178221,0.174617,0.171077,0.167599,0.164182,0.160825,0.157526,0.154285,0.1511,0.147971,0.144895,0.141873,0.138903,0.135984,0.133115,0.130295,0.127523,0.124799,0.12212,0.119487,0.116898,0.114353,0.11185,0.109389,0.106969,0.104589,0.102248,0.0999453,0.09768,0.0954514,0.0932587,0.091101,0.0889777,0.0868879,0.0848308,0.0828059,0.0808122,0.0788492,0.076916,0.075012,0.0731364,0.0712886,0.069468,0.0676738,0.0659053,0.064162,0.0624431,0.0607481,0.0590763,0.0574271,0.0557998,0.0541939,0.0526088,0.0510438,0.0494985,0.0479721,0.0464641,0.044974,0.0435012,0.0420451,0.0406052,0.039181,0.0377718,0.0363772,0.0349967,0.0336296,0.0322755,0.0309339,0.0296042,0.028286,0.0269787,0.0256818,0.0243949,0.0231174,0.0218489,0.0205888,0.0193367,0.0180921,0.0168545,0.0156235,0.0143985,0.0131791,0.0119647,0.0107551,0.00954958,0.00834779,0.00714924,0.00595347,0.00476,0.00356839,0.00237816
1,0.956181,0.913391,0.872488,0.834058,0.798405,0.765603,0.73556,0.708087,0.682949,0.659894,0.63868,0.619084,0.600905,0.583967,0.568116,0.553221,0.53917,0.525865,0.513223,0.501174,0.489656,0.478617,0.468012,0.457801,0.44795,0.43843,0.429215,0.420282,0.411611,0.403185,0.394988,0.387006,0.379227,0.371639,0.364234,0.357001,0.349934,0.343024,0.336266,0.329653,0.323179,0.31684,0.31063,0.304546,0.298584,0.29274,0.28701,0.281391,0.27588,0.270475,0.265172,0.259969,0.254863,0.249853,0.244936,0.240109,0.235372,0.230721,0.226156,0.221673,0.217272,0.212951,0.208708,0.204542,0.20045,0.196432,0.192486,0.188611,0.184805,0.181066,0.177394,0.173787,0.170245,0.166764,0.163345,0.159987,0.156687,0.153445,0.15026,0.147131,0.144056,0.141034,0.138065,0.135147,0.132279,0.129461,0.126691,0.123968,0.121291,0.11866,0.116073,0.113529,0.111029,0.108569,0.106151,0.103773,0.101433,0.099132,0.0968682,0.094641,0.0924496,0.0902931,0.0881708,0.086082,0.0840258,0.0820014,0.0800083,0.0780455,0.0761125,0.0742084,0.0723326,0.0704844,0.0686631,0.066868,0.0650985,0.0633539,0.0616335,0.0599368,0.058263,0.0566115,0.0549818,0.0533732,0.0517851,0.0502169,0.048668,0.0471378,0.0456258,0.0441313,0.0426539,0.0411929,0.0397478,0.0383181,0.0369031,0.0355024,0.0341155,0.0327417,0.0313805,0.0300316,0.0286942,0.0273679,0.0260523,0.0247467,0.0234507,0.0221639,0.0208856,0.0196154,0.0183528,0.0170973,0.0158485,0.0146058,0.0133688,0.012137,0.0109099,0.00968706,0.00846796,0.00725215,0.00603916,0.00482851,0.00361974,0.00241238
1,0.960042,0.920824,0.882986,0.847005,0.813175,0.781623,0.752346,0.725254,0.7002,0.677014,0.655516,0.635531,0.616895,0.599459,0.583091,0.567672,0.553099,0.539282,0.526143,0.513612,0.501632,0.490149,0.479119,0.468503,0.458265,0.448376,0.438809,0.42954,0.42055,0.411819,0.403331,0.395071,0.387026,0.379186,0.371538,0.364074,0.356785,0.349664,0.342702,0.335894,0.329233,0.322714,0.316332,0.310083,0.303962,0.297964,0.292087,0.286326,0.280679,0.275141,0.269711,0.264386,0.259162,0.254037,0.249009,0.244076,0.239235,0.234485,0.229823,0.225247,0.220755,0.216346,0.212018,0.207769,0.203597,0.199501,0.19548,0.191531,0.187654,0.183846,0.180107,0.176434,0.172828,0.169286,0.165807,0.162389,0.159032,0.155735,0.152495,0.149313,0.146186,0.143114,0.140096,0.13713,0.134216,0.131351,0.128537,0.12577,0.123051,0.120378,0.11775,0.115167,0.112627,0.11013,0.107674,0.105259,0.102884,0.100547,0.0982493,0.0959884,0.093764,0.0915752,0.0894212,0.0873013,0.0852146,0.0831603,0.0811377,0.0791461,0.0771847,0.0752529,0.0733497,0.0714747,0.0696269,0.0678059,0.0660108,0.0642411,0.062496,0.0607749,0.0590772,0.0574021,0.0557492,0.0541177,0.052507,0.0509165,0.0493457,0.0477939,0.0462606,0.044745,0.0432468,0.0417653,0.0402999,0.0388501,0.0374153,0.035995,0.0345886,0.0331956,0.0318155,0.0304477,0.0290917,0.0277469,0.026413,0.0250893,0.0237753,0.0224705,0.0211745,0.0198867,0.0186066,0.0173337,0.0160676,0.0148077,0.0135536,0.0123047,0.0110607,0.0098209,0.00858495,0.00735234,0.00612258,0.00489521,0.00366974,0.0024457
1,0.963163,0.926875,0.891627,0.857803,0.825668,0.795368,0.766949,0.740382,0.715585,0.692447,0.670839,0.650628,0.631684,0.613884,0.597116,0.581276,0.566272,0.552022,0.538453,0.525501,0.51311,0.501228,0.489813,0.478826,0.468231,0.458,0.448105,0.438521,0.42923,0.42021,0.411445,0.402921,0.394623,0.38654,0.37866,0.370973,0.36347,0.356143,0.348985,0.341988,0.335145,0.328452,0.321903,0.315492,0.309216,0.303069,0.297048,0.291148,0.285367,0.279701,0.274147,0.268701,0.263362,0.258125,0.252989,0.247951,0.243009,0.238161,0.233404,0.228736,0.224156,0.219661,0.215249,0.210919,0.206669,0.202497,0.198402,0.194381,0.190434,0.186558,0.182753,0.179017,0.175348,0.171745,0.168207,0.164732,0.161319,0.157967,0.154675,0.15144,0.148263,0.145142,0.142076,0.139063,0.136102,0.133194,0.130335,0.127526,0.124765,0.122051,0.119384,0.116761,0.114184,0.111649,0.109157,0.106706,0.104296,0.101926,0.0995939,0.0973003,0.0950437,0.0928234,0.0906385,0.0884882,0.0863717,0.0842883,0.0822371,0.0802173,0.0782283,0.0762693,0.0743396,0.0724383,0.0705649,0.0687185,0.0668986,0.0651044,0.0633352,0.0615904,0.0598694,0.0581714,0.0564958,0.054842,0.0532093,0.0515972,0.0500051,0.0484322,0.046878,0.045342,0.0438235,0.042322,0.0408369,0.0393675,0.0379134,0.0364741,0.0350488,0.0336371,0.0322385,0.0308524,0.0294783,0.0281156,0.0267638,0.0254224,0.0240909,0.0227688,0.0214555,0.0201505,0.0188534,0.0175636,0.0162807,0.0150041,0.0137333,0.0124679,0.0112073,0.00995108,0.00869873,0.00744978,0.00620372,0.00496008,0.00371837,0.00247811
1,0.965734,0.931888,0.898842,0.866911,0.836325,0.807231,0.7797,0.753739,0.729312,0.70635,0.684765,0.664458,0.645329,0.627279,0.610214,0.594045,0.578692,0.564081,0.550148,0.536831,0.524078,0.511842,0.50008,0.488756,0.477835,0.467288,0.457088,0.447212,0.437637,0.428346,0.41932,0.410545,0.402006,0.393691,0.385589,0.377688,0.36998,0.362455,0.355107,0.347927,0.340909,0.334047,0.327336,0.320768,0.314341,0.308049,0.301888,0.295853,0.289942,0.28415,0.278475,0.272912,0.267459,0.262113,0.256872,0.251732,0.246691,0.241747,0.236897,0.23214,0.227472,0.222893,0.2184,0.213991,0.209664,0.205417,0.201249,0.197158,0.193143,0.189201,0.185332,0.181533,0.177803,0.17414,0.170545,0.167014,0.163546,0.160141,0.156796,0.153511,0.150285,0.147116,0.144002,0.140944,0.137939,0.134986,0.132085,0.129234,0.126433,0.123679,0.120973,0.118313,0.115698,0.113127,0.110599,0.108114,0.10567,0.103266,0.100902,0.0985759,0.096288,0.0940369,0.0918219,0.0896421,0.0874967,0.0853848,0.0833057,0.0812586,0.0792428,0.0772573,0.0753016,0.0733749,0.0714765,0.0696055,0.0677614,0.0659434,0.0641508,0.0623829,0.0606392,0.0589188,0.0572213,0.0555458,0.0538918,0.0522586,0.0506457,0.0490523,0.047478,0.045922,0.0443839,0.0428629,0.0413586,0.0398702,0.0383974,0.0369395,0.0354959,0.0340661,0.0326495,0.0312456,0.0298538,0.0284737,0.0271046,0.0257461,0.0243975,0.0230585,0.0217285,0.0204069,0.0190932,0.017787,0.0164877,0.0151948,0.0139079,0.0126263,0.0113497,0.0100775,0.00880925,0.00754442,0.00628253,0.00502309,0.0037656,0.00250959
1,0.967886,0.9361,0.904944,0.874674,0.845491,0.817533,0.790879,0.765563,0.741574,0.718877,0.697412,0.67711,0.657896,0.639689,0.622415,0.605998,0.590369,0.575465,0.561225,0.547596,0.53453,0.521981,0.509911,0.498283,0.487066,0.47623,0.465749,0.455601,0.445763,0.436217,0.426946,0.417933,0.409166,0.400631,0.392316,0.384211,0.376306,0.368592,0.361061,0.353706,0.346518,0.339493,0.332624,0.325905,0.319332,0.312899,0.306602,0.300436,0.294398,0.288484,0.28269,0.277013,0.27145,0.265998,0.260653,0.255414,0.250276,0.245239,0.240299,0.235454,0.230702,0.22604,0.221467,0.216981,0.212579,0.208259,0.204021,0.199861,0.195779,0.191773,0.18784,0.18398,0.180191,0.176471,0.172818,0.169233,0.165712,0.162254,0.158859,0.155525,0.152251,0.149034,0.145875,0.142772,0.139723,0.136728,0.133786,0.130894,0.128053,0.125261,0.122517,0.11982,0.117169,0.114562,0.112,0.109481,0.107004,0.104567,0.102171,0.0998146,0.0974962,0.0952153,0.092971,0.0907625,0.0885889,0.0864494,0.0843432,0.0822695,0.0802275,0.0782164,0.0762356,0.0742841,0.0723613,0.0704664,0.0685988,0.0667576,0.0649423,0.0631521,0.0613863,0.0596442,0.0579253,0.0562288,0.054554,0.0529004,0.0512673,0.0496541,0.0480601,0.0464848,0.0449276,0.0433877,0.0418647,0.040358,0.038867,0.037391,0.0359296,0.0344822,0.0330482,0.031627,0.0302182,0.0288211,0.0274352,0.02606,0.024695,0.0233396,0.0219933,0.0206555,0.0193258,0.0180036,0.0166885,0.0153798,0.0140772,0.01278,0.0114879,0.0102002,0.00891647,0.00763623,0.00635898,0.00508421,0.00381142,0.00254012
1,0.969711,0.939683,0.910159,0.881352,0.853432,0.826529,0.800723,0.776058,0.752546,0.73017,0.708897,0.688676,0.669454,0.651168,0.633758,0.617163,0.601323,0.586183,0.571692,0.5578,0.544464,0.531643,0.519299,0.507401,0.495916,0.484817,0.474079,0.463679,0.453597,0.443814,0.434312,0.425077,0.416094,0.40735,0.398834,0.390535,0.382442,0.374547,0.366841,0.359316,0.351966,0.344784,0.337763,0.330898,0.324183,0.317613,0.311185,0.304892,0.298731,0.292698,0.28679,0.281002,0.275332,0.269776,0.264331,0.258994,0.253763,0.248635,0.243606,0.238676,0.233841,0.2291,0.224449,0.219887,0.215412,0.211022,0.206714,0.202488,0.198341,0.194271,0.190278,0.186358,0.18251,0.178734,0.175027,0.171388,0.167815,0.164307,0.160862,0.15748,0.154159,0.150897,0.147693,0.144546,0.141456,0.138419,0.135436,0.132505,0.129626,0.126796,0.124015,0.121282,0.118596,0.115955,0.113359,0.110807,0.108298,0.10583,0.103403,0.101016,0.0986679,0.096358,0.0940852,0.0918488,0.0896479,0.0874815,0.085349,0.0832495,0.0811821,0.0791462,0.0771408,0.0751653,0.0732189,0.0713009,0.0694104,0.0675468,0.0657094,0.0638975,0.0621103,0.0603472,0.0586076,0.0568906,0.0551958,0.0535224,0.0518697,0.0502372,0.0486243,0.0470302,0.0454544,0.0438963,0.0423552,0.0408306,0.0393219,0.0378286,0.0363499,0.0348854,0.0334345,0.0319966,0.0305712,0.0291577,0.0277555,0.0263642,0.0249832,0.0236119,0.0222498,0.0208964,0.0195512,0.0182135,0.016883,0.0155591,0.0142412,0.0129289,0.0116217,0.010319,0.00902033,0.00772518,0.00643304,0.00514342,0.00385581,0.0025697
1,0.971275,0.942761,0.914657,0.88714,0.860359,0.834427,0.809424,0.785402,0.762382,0.740363,0.719327,0.699245,0.680075,0.661772,0.644288,0.627572,0.611577,0.596254,0.581559,0.567448,0.553883,0.540826,0.528244,0.516105,0.50438,0.493043,0.482071,0.471441,0.461133,0.45113,0.441413,0.43197,0.422784,0.413843,0.405136,0.396652,0.38838,0.380312,0.372439,0.364753,0.357247,0.349913,0.342747,0.33574,0.328889,0.322188,0.315632,0.309216,0.302937,0.296789,0.290769,0.284874,0.2791,0.273443,0.267901,0.26247,0.257148,0.251931,0.246817,0.241804,0.236889,0.232069,0.227343,0.222708,0.218161,0.213702,0.209328,0.205037,0.200826,0.196695,0.192642,0.188664,0.18476,0.180929,0.177168,0.173477,0.169854,0.166297,0.162804,0.159375,0.156008,0.152702,0.149455,0.146266,0.143134,0.140058,0.137035,0.134066,0.131149,0.128283,0.125466,0.122698,0.119978,0.117304,0.114675,0.112091,0.109551,0.107052,0.104595,0.102179,0.0998024,0.0974643,0.095164,0.0929005,0.0906731,0.0884807,0.0863227,0.0841981,0.0821062,0.0800461,0.0780171,0.0760183,0.074049,0.0721085,0.0701959,0.0683106,0.0664518,0.0646189,0.062811,0.0610276,0.0592678,0.0575311,0.0558168,0.0541242,0.0524526,0.0508014,0.0491701,0.0475578,0.0459641,0.0443883,0.0428297,0.0412879,0.0397621,0.0382519,0.0367565,0.0352755,0.0338082,0.0323542,0.0309127,0.0294833,0.0280654,0.0266585,0.025262,0.0238753,0.022498,0.0211294,0.0197691,0.0184166,0.0170712,0.0157325,0.0143999,0.013073,0.0117512,0.0104339,0.0091208,0.00781122,0.00650469,0.0052007,0.00389875,0.00259832
1,0.972627,0.945428,0.918568,0.892195,0.866436,0.841395,0.817147,0.793744,0.771215,0.749571,0.728806,0.708901,0.689829,0.671557,0.654048,0.637262,0.621158,0.605698,0.590841,0.576552,0.562795,0.549536,0.536746,0.524395,0.512456,0.500905,0.48972,0.47888,0.468365,0.458158,0.448243,0.438604,0.429229,0.420103,0.411216,0.402557,0.394116,0.385884,0.377852,0.370011,0.362355,0.354877,0.34757,0.340429,0.333447,0.326619,0.31994,0.313406,0.307011,0.300752,0.294625,0.288626,0.282751,0.276997,0.27136,0.265838,0.260427,0.255125,0.249928,0.244834,0.239841,0.234946,0.230146,0.22544,0.220825,0.216299,0.211859,0.207505,0.203233,0.199043,0.194931,0.190897,0.186939,0.183054,0.179242,0.1755,0.171828,0.168223,0.164684,0.161209,0.157798,0.154449,0.15116,0.14793,0.144758,0.141643,0.138582,0.135576,0.132623,0.129721,0.12687,0.124068,0.121315,0.118608,0.115948,0.113333,0.110762,0.108234,0.105748,0.103304,0.100899,0.0985338,0.0962068,0.0939171,0.091664,0.0894465,0.0872638,0.085115,0.0829993,0.0809158,0.0788639,0.0768426,0.0748512,0.0728889,0.070955,0.0690486,0.0671692,0.0653159,0.063488,0.0616848,0.0599057,0.0581499,0.0564167,0.0547056,0.0530157,0.0513465,0.0496973,0.0480675,0.0464565,0.0448636,0.0432881,0.0417296,0.0401873,0.0386607,0.0371493,0.0356523,0.0341692,0.0326995,0.0312426,0.0297978,0.0283647,0.0269427,0.0255313,0.0241298,0.0227377,0.0213545,0.0199797,0.0186127,0.0172529,0.0159,0.0145532,0.0132121,0.0118762,0.010545,0.00921784,0.00789431,0.00657388,0.00525602,0.00394022,0.00262595
1,0.973807,0.947758,0.921991,0.896634,0.871796,0.847569,0.824024,0.801211,0.779165,0.757902,0.737424,0.717724,0.698784,0.680581,0.663086,0.646269,0.630097,0.614537,0.599557,0.585124,0.571208,0.557779,0.544809,0.532272,0.520145,0.508403,0.497026,0.485995,0.47529,0.464896,0.454796,0.444977,0.435424,0.426125,0.417069,0.408246,0.399644,0.391256,0.383072,0.375085,0.367287,0.359671,0.35223,0.344958,0.337851,0.330901,0.324104,0.317456,0.310951,0.304585,0.298354,0.292255,0.286282,0.280434,0.274706,0.269096,0.263599,0.258214,0.252937,0.247766,0.242697,0.237728,0.232858,0.228082,0.2234,0.218809,0.214307,0.209891,0.20556,0.201312,0.197144,0.193055,0.189044,0.185108,0.181245,0.177455,0.173735,0.170083,0.166499,0.162981,0.159527,0.156136,0.152807,0.149537,0.146327,0.143173,0.140076,0.137034,0.134046,0.13111,0.128225,0.12539,0.122605,0.119867,0.117177,0.114532,0.111932,0.109375,0.106861,0.104389,0.101958,0.0995659,0.097213,0.0948981,0.0926202,0.0903784,0.0881718,0.0859996,0.0838609,0.0817549,0.0796808,0.0776378,0.075625,0.0736417,0.0716872,0.0697605,0.0678611,0.0659882,0.064141,0.0623188,0.060521,0.0587467,0.0569954,0.0552663,0.0535588,0.0518722,0.0502059,0.0485591,0.0469314,0.0453219,0.0437302,0.0421555,0.0405974,0.039055,0.037528,0.0360156,0.0345173,0.0330325,0.0315607,0.0301011,0.0286534,0.0272168,0.0257909,0.0243751,0.0229688,0.0215715,0.0201827,0.0188018,0.0174282,0.0160614,0.014701,0.0133463,0.0119968,0.010652,0.0093114,0.00797444,0.0066406,0.00530936,0.0039802,0.0026526
1,0.974841,0.949804,0.925006,0.900555,0.876546,0.853062,0.830168,0.807913,0.786332,0.765447,0.745266,0.725787,0.707003,0.688896,0.671447,0.654631,0.638424,0.622798,0.607726,0.59318,0.579134,0.565562,0.552439,0.539742,0.527448,0.515536,0.503987,0.492783,0.481906,0.47134,0.46107,0.451083,0.441365,0.431905,0.422691,0.413712,0.40496,0.396424,0.388097,0.379971,0.372037,0.364289,0.356721,0.349325,0.342097,0.335031,0.328121,0.321363,0.314752,0.308283,0.301953,0.295757,0.289691,0.283752,0.277936,0.27224,0.266661,0.261196,0.255841,0.250595,0.245453,0.240414,0.235474,0.230633,0.225886,0.221232,0.216669,0.212194,0.207805,0.203501,0.199279,0.195138,0.191075,0.187089,0.183178,0.17934,0.175574,0.171878,0.168251,0.16469,0.161195,0.157763,0.154394,0.151087,0.147839,0.144649,0.141516,0.138439,0.135417,0.132448,0.129531,0.126665,0.123848,0.121081,0.118361,0.115687,0.113058,0.110474,0.107933,0.105434,0.102977,0.10056,0.0981823,0.095843,0.0935411,0.0912759,0.0890463,0.0868515,0.0846907,0.082563,0.0804675,0.0784035,0.0763702,0.0743666,0.0723922,0.070446,0.0685274,0.0666355,0.0647697,0.0629292,0.0611133,0.0593213,0.0575525,0.0558062,0.0540817,0.0523783,0.0506954,0.0490324,0.0473885,0.0457632,0.0441557,0.0425656,0.0409921,0.0394346,0.0378926,0.0363654,0.0348524,0.0333531,0.0318668,0.030393,0.0289312,0.0274806,0.0260408,0.0246112,0.0231913,0.0217804,0.0203781,0.0189838,0.0175969,0.0162169,0.0148432,0.0134754,0.0121128,0.010755,0.00940145,0.00805155,0.00670481,0.0053607,0.00401868,0.00267825
1,0.975754,0.951612,0.927674,0.904032,0.880772,0.857965,0.835672,0.81394,0.792804,0.772288,0.752404,0.733157,0.714543,0.696553,0.679173,0.662386,0.64617,0.630506,0.615369,0.600737,0.586587,0.572896,0.559644,0.546808,0.534369,0.522307,0.510604,0.499244,0.48821,0.477488,0.467062,0.45692,0.447049,0.437439,0.428077,0.418953,0.410059,0.401385,0.392923,0.384664,0.376602,0.368729,0.361039,0.353526,0.346183,0.339005,0.331987,0.325124,0.318411,0.311844,0.305418,0.299129,0.292973,0.286947,0.281047,0.275269,0.269611,0.264068,0.258639,0.25332,0.248108,0.243,0.237995,0.233089,0.22828,0.223565,0.218943,0.214411,0.209967,0.205609,0.201335,0.197142,0.19303,0.188996,0.185038,0.181155,0.177344,0.173605,0.169936,0.166334,0.162799,0.159329,0.155922,0.152577,0.149293,0.146068,0.142901,0.139791,0.136736,0.133735,0.130787,0.12789,0.125044,0.122248,0.119499,0.116797,0.114142,0.111531,0.108964,0.10644,0.103957,0.101516,0.0991141,0.0967513,0.0944264,0.0921386,0.0898869,0.0876704,0.0854882,0.0833396,0.0812236,0.0791395,0.0770863,0.0750633,0.0730697,0.0711048,0.0691676,0.0672576,0.0653739,0.0635157,0.0616825,0.0598734,0.0580878,0.0563249,0.054584,0.0528645,0.0511658,0.049487,0.0478277,0.0461871,0.0445646,0.0429595,0.0413713,0.0397992,0.0382428,0.0367014,0.0351743,0.033661,0.032161,0.0306735,0.029198,0.027734,0.0262809,0.0248381,0.023405,0.0219811,0.0205658,0.0191586,0.0177589,0.0163662,0.0149798,0.0135994,0.0122243,0.010854,0.00948795,0.00812563,0.00676649,0.00541001,0.00405565,0.00270288
1,0.976563,0.953216,0.930044,0.907129,0.884544,0.862355,0.840616,0.819372,0.798657,0.778497,0.758906,0.739894,0.72146,0.703601,0.686308,0.669568,0.653366,0.637685,0.622507,0.607812,0.59358,0.579794,0.566433,0.553478,0.540913,0.528718,0.516879,0.50538,0.494204,0.483339,0.472771,0.462486,0.452475,0.442724,0.433225,0.423966,0.414939,0.406135,0.397545,0.389162,0.380978,0.372987,0.365182,0.357556,0.350104,0.34282,0.335699,0.328736,0.321926,0.315264,0.308747,0.302369,0.296127,0.290017,0.284036,0.27818,0.272445,0.266828,0.261327,0.255938,0.250659,0.245485,0.240416,0.235449,0.230579,0.225807,0.221128,0.216541,0.212044,0.207634,0.203309,0.199068,0.194908,0.190828,0.186825,0.182898,0.179045,0.175264,0.171554,0.167913,0.164339,0.160832,0.157389,0.154008,0.15069,0.147431,0.144231,0.141089,0.138002,0.13497,0.131992,0.129067,0.126192,0.123367,0.120591,0.117863,0.115181,0.112545,0.109953,0.107404,0.104898,0.102433,0.100008,0.0976225,0.0952756,0.0929661,0.0906931,0.0884558,0.0862532,0.0840845,0.0819488,0.0798452,0.0777731,0.0757314,0.0737194,0.0717364,0.0697816,0.067854,0.0659532,0.0640781,0.0622283,0.0604028,0.058601,0.0568222,0.0550657,0.0533307,0.0516167,0.0499229,0.0482488,0.0465935,0.0449565,0.0433371,0.0417348,0.0401488,0.0385786,0.0370235,0.0354829,0.0339562,0.0324429,0.0309423,0.0294539,0.027977,0.026511,0.0250555,0.0236099,0.0221734,0.0207457,0.0193262,0.0179142,0.0165093,0.0151108,0.0137183,0.0123312,0.0109489,0.00957087,0.00819663,0.00682562,0.00545728,0.00409108,0.0027265
1,0.977284,0.954645,0.932158,0.909895,0.887921,0.866294,0.845065,0.824274,0.803956,0.784136,0.764831,0.746051,0.727803,0.710084,0.69289,0.676213,0.660042,0.644363,0.629162,0.614423,0.60013,0.586266,0.572815,0.55976,0.547086,0.534776,0.522816,0.511191,0.499889,0.488894,0.478196,0.467781,0.45764,0.44776,0.438133,0.428748,0.419597,0.410671,0.401961,0.393461,0.385163,0.37706,0.369145,0.361413,0.353858,0.346473,0.339254,0.332196,0.325293,0.318541,0.311936,0.305474,0.299149,0.29296,0.286901,0.280969,0.275161,0.269474,0.263904,0.258448,0.253104,0.247868,0.242738,0.237711,0.232784,0.227956,0.223223,0.218583,0.214034,0.209575,0.205202,0.200913,0.196708,0.192583,0.188537,0.184567,0.180673,0.176853,0.173104,0.169425,0.165815,0.162271,0.158793,0.155379,0.152027,0.148736,0.145504,0.142331,0.139214,0.136153,0.133146,0.130193,0.12729,0.124439,0.121637,0.118883,0.116176,0.113515,0.110899,0.108327,0.105798,0.10331,0.100863,0.0984563,0.0960882,0.0937579,0.0914646,0.0892073,0.0869851,0.0847972,0.0826426,0.0805205,0.0784301,0.0763706,0.0743411,0.0723408,0.0703689,0.0684247,0.0665073,0.0646161,0.0627503,0.0609092,0.0590919,0.0572979,0.0555264,0.0537767,0.0520481,0.0503399,0.0486515,0.0469822,0.0453314,0.0436984,0.0420825,0.0404831,0.0388997,0.0373315,0.035778,0.0342386,0.0327126,0.0311994,0.0296985,0.0282093,0.0267311,0.0252635,0.0238058,0.0223574,0.0209178,0.0194865,0.0180627,0.0166461,0.0152361,0.013832,0.0124333,0.0110396,0.00965016,0.00826454,0.00688216,0.00550248,0.00412497,0.00274908
1,0.977927,0.955921,0.934049,0.912373,0.890951,0.869836,0.849074,0.828704,0.808757,0.78926,0.770229,0.751679,0.733615,0.716042,0.698956,0.682353,0.666225,0.650563,0.635355,0.620589,0.60625,0.592326,0.578801,0.565662,0.552894,0.540484,0.528418,0.516682,0.505265,0.494154,0.483337,0.472804,0.462543,0.452544,0.442799,0.433297,0.42403,0.41499,0.406169,0.397559,0.389153,0.380945,0.372928,0.365095,0.357442,0.349962,0.34265,0.335501,0.32851,0.321673,0.314984,0.308441,0.302038,0.295772,0.28964,0.283636,0.277758,0.272003,0.266368,0.260848,0.255442,0.250146,0.244957,0.239873,0.234892,0.23001,0.225225,0.220535,0.215937,0.21143,0.20701,0.202677,0.198428,0.19426,0.190173,0.186163,0.18223,0.178371,0.174585,0.17087,0.167225,0.163647,0.160135,0.156688,0.153304,0.149982,0.14672,0.143517,0.140372,0.137283,0.134249,0.131268,0.12834,0.125462,0.122635,0.119857,0.117126,0.114442,0.111803,0.109208,0.106657,0.104148,0.10168,0.0992522,0.0968639,0.0945137,0.092201,0.0899246,0.0876837,0.0854773,0.0833047,0.081165,0.0790572,0.0769806,0.0749343,0.0729175,0.0709294,0.0689692,0.0670362,0.0651295,0.0632485,0.0613924,0.0595604,0.0577518,0.055966,0.0542021,0.0524596,0.0507377,0.0490358,0.0473531,0.0456891,0.044043,0.0424142,0.0408021,0.0392061,0.0376254,0.0360596,0.0345079,0.0329698,0.0314447,0.0299319,0.0284309,0.0269411,0.0254619,0.0239927,0.0225329,0.021082,0.0196393,0.0182044,0.0167767,0.0153556,0.0139404,0.0125308,0.0111261,0.00972581,0.00832931,0.00693609,0.0055456,0.0041573,0.00277062
1,0.978502,0.957063,0.935743,0.914596,0.893675,0.873026,0.852692,0.83271,0.81311,0.793916,0.775148,0.756819,0.738939,0.721512,0.704539,0.688017,0.671944,0.65631,0.641108,0.626327,0.611957,0.597987,0.584402,0.571193,0.558346,0.545848,0.533689,0.521855,0.510336,0.49912,0.488196,0.477554,0.467184,0.457076,0.447222,0.437612,0.428238,0.419092,0.410166,0.401453,0.392947,0.38464,0.376526,0.368599,0.360853,0.353283,0.345883,0.338648,0.331574,0.324656,0.317889,0.311269,0.304791,0.298453,0.29225,0.286178,0.280234,0.274414,0.268716,0.263136,0.25767,0.252317,0.247072,0.241935,0.2369,0.231967,0.227133,0.222395,0.21775,0.213198,0.208734,0.204358,0.200067,0.195859,0.191731,0.187684,0.183713,0.179818,0.175996,0.172247,0.168567,0.164957,0.161413,0.157935,0.154521,0.151169,0.147879,0.144648,0.141475,0.138359,0.135298,0.132292,0.129338,0.126437,0.123586,0.120784,0.11803,0.115324,0.112663,0.110047,0.107475,0.104945,0.102457,0.10001,0.0976022,0.0952332,0.0929018,0.0906073,0.0883485,0.0861247,0.0839349,0.0817783,0.079654,0.0775611,0.0754988,0.0734663,0.0714627,0.0694873,0.0675394,0.065618,0.0637225,0.0618521,0.0600061,0.0581837,0.0563842,0.054607,0.0528512,0.0511162,0.0494014,0.047706,0.0460293,0.0443708,0.0427298,0.0411056,0.0394975,0.037905,0.0363275,0.0347642,0.0332146,0.031678,0.030154,0.0286418,0.0271409,0.0256506,0.0241705,0.0226998,0.0212381,0.0197848,0.0183392,0.0169009,0.0154692,0.0140436,0.0126236,0.0112085,0.00979776,0.00839093,0.0069874,0.00558662,0.00418805,0.00279111
1,0.979018,0.958088,0.937264,0.916594,0.896125,0.875901,0.855959,0.836335,0.817056,0.798148,0.779628,0.761512,0.74381,0.726528,0.70967,0.693235,0.677222,0.661625,0.646439,0.631655,0.617266,0.603261,0.58963,0.576362,0.563448,0.550876,0.538635,0.526714,0.515104,0.503794,0.492773,0.482033,0.471563,0.461356,0.451401,0.441691,0.432218,0.422973,0.413951,0.405142,0.396542,0.388142,0.379937,0.371922,0.364089,0.356434,0.348951,0.341636,0.334484,0.327489,0.320647,0.313954,0.307406,0.300999,0.294729,0.288593,0.282586,0.276705,0.270947,0.265309,0.259788,0.25438,0.249083,0.243893,0.238809,0.233828,0.228946,0.224162,0.219473,0.214877,0.210372,0.205955,0.201624,0.197377,0.193212,0.189128,0.185121,0.181192,0.177336,0.173554,0.169843,0.166201,0.162627,0.159119,0.155676,0.152297,0.148978,0.14572,0.142521,0.13938,0.136294,0.133264,0.130287,0.127362,0.124488,0.121664,0.118889,0.116161,0.113479,0.110843,0.108251,0.105702,0.103195,0.100729,0.0983028,0.0959158,0.0935669,0.091255,0.0889794,0.0867389,0.0845328,0.0823602,0.0802201,0.0781118,0.0760343,0.0739869,0.0719687,0.0699789,0.0680167,0.0660814,0.0641722,0.0622883,0.0604289,0.0585934,0.056781,0.0549909,0.0532226,0.0514752,0.0497481,0.0480407,0.0463521,0.0446818,0.0430291,0.0413934,0.039774,0.0381702,0.0365815,0.0350072,0.0334467,0.0318994,0.0303646,0.0288418,0.0273303,0.0258296,0.0243391,0.0228582,0.0213862,0.0199227,0.0184671,0.0170187,0.015577,0.0141415,0.0127115,0.0112865,0.009866,0.00844937,0.00703606,0.00562553,0.00421721,0.00281055
1,0.97948,0.959008,0.93863,0.91839,0.898331,0.878493,0.85891,0.839614,0.820633,0.80199,0.783704,0.76579,0.74826,0.731121,0.714377,0.698032,0.682084,0.666531,0.651368,0.63659,0.62219,0.608161,0.594494,0.581179,0.568209,0.555572,0.543261,0.531264,0.519573,0.508179,0.497071,0.486242,0.475682,0.465383,0.455336,0.445535,0.43597,0.426634,0.417522,0.408624,0.399936,0.39145,0.383161,0.375062,0.367148,0.359414,0.351854,0.344463,0.337236,0.330169,0.323257,0.316496,0.309881,0.30341,0.297077,0.290879,0.284812,0.278874,0.27306,0.267367,0.261792,0.256333,0.250986,0.245748,0.240616,0.235589,0.230663,0.225835,0.221104,0.216467,0.211922,0.207466,0.203098,0.198814,0.194614,0.190495,0.186455,0.182492,0.178605,0.174791,0.17105,0.167378,0.163776,0.16024,0.15677,0.153363,0.150019,0.146736,0.143512,0.140346,0.137237,0.134183,0.131184,0.128237,0.125341,0.122496,0.119701,0.116953,0.114251,0.111596,0.108985,0.106417,0.103892,0.101409,0.0989653,0.0965613,0.0941957,0.0918676,0.0895759,0.0873197,0.0850982,0.0829104,0.0807555,0.0786325,0.0765407,0.0744791,0.072447,0.0704436,0.068468,0.0665195,0.0645973,0.0627006,0.0608286,0.0589807,0.057156,0.0553539,0.0535737,0.0518146,0.0500759,0.048357,0.0466572,0.0449758,0.0433121,0.0416655,0.0400353,0.0384209,0.0368217,0.0352369,0.0336661,0.0321085,0.0305636,0.0290308,0.0275094,0.0259988,0.0244985,0.0230078,0.0215262,0.0200531,0.0185879,0.01713,0.0156789,0.0142339,0.0127946,0.0113603,0.0099305,0.0085046,0.00708205,0.00566229,0.00424477,0.00282892
1,0.979896,0.959834,0.939857,0.920006,0.900318,0.880829,0.861573,0.842578,0.823872,0.805476,0.787409,0.769686,0.75232,0.735318,0.718688,0.702432,0.686551,0.671046,0.655912,0.641147,0.626745,0.6127,0.599005,0.585653,0.572635,0.559944,0.547572,0.535509,0.523746,0.512277,0.501092,0.490182,0.47954,0.469158,0.459028,0.449142,0.439493,0.430074,0.420878,0.411898,0.403129,0.394563,0.386195,0.378019,0.370029,0.36222,0.354588,0.347126,0.33983,0.332695,0.325717,0.318892,0.312215,0.305682,0.29929,0.293034,0.286912,0.280919,0.275052,0.269308,0.263683,0.258175,0.252781,0.247497,0.242321,0.23725,0.232282,0.227413,0.222643,0.217967,0.213384,0.208892,0.204487,0.200169,0.195935,0.191783,0.187712,0.183718,0.179801,0.175958,0.172188,0.168488,0.164858,0.161296,0.1578,0.154368,0.151,0.147692,0.144445,0.141257,0.138125,0.13505,0.132029,0.129061,0.126146,0.123281,0.120466,0.117699,0.114979,0.112305,0.109676,0.107092,0.104549,0.102049,0.0995894,0.0971694,0.0947881,0.0924445,0.0901377,0.0878668,0.0856307,0.0834286,0.0812596,0.0791229,0.0770176,0.0749427,0.0728976,0.0708813,0.0688931,0.0669321,0.0649976,0.0630888,0.061205,0.0593454,0.0575092,0.0556958,0.0539043,0.0521342,0.0503846,0.048655,0.0469445,0.0452526,0.0435785,0.0419217,0.0402814,0.0386569,0.0370478,0.0354532,0.0338727,0.0323055,0.0307511,0.0292088,0.027678,0.0261581,0.0246485,0.0231487,0.021658,0.0201759,0.0187017,0.0172348,0.0157748,0.014321,0.0128729,0.0114298,0.00999123,0.0085566,0.00712535,0.00569691,0.00427072,0.00284621
1,0.980269,0.960576,0.94096,0.921458,0.902104,0.882933,0.863974,0.845255,0.826801,0.808633,0.790769,0.773226,0.756014,0.739145,0.722624,0.706456,0.690644,0.675189,0.660089,0.645341,0.630943,0.616889,0.603174,0.589792,0.576736,0.563999,0.551574,0.539453,0.527628,0.516092,0.504837,0.493855,0.483139,0.472682,0.462475,0.452512,0.442786,0.433291,0.424018,0.414963,0.406118,0.397479,0.389038,0.38079,0.37273,0.364852,0.357151,0.349623,0.342263,0.335065,0.328025,0.32114,0.314405,0.307815,0.301368,0.295058,0.288883,0.282839,0.276922,0.27113,0.265458,0.259905,0.254466,0.249139,0.243921,0.238809,0.233802,0.228895,0.224087,0.219375,0.214756,0.21023,0.205792,0.201442,0.197176,0.192993,0.188892,0.184869,0.180923,0.177052,0.173255,0.16953,0.165874,0.162287,0.158767,0.155312,0.15192,0.14859,0.145321,0.142111,0.138959,0.135863,0.132822,0.129835,0.1269,0.124017,0.121183,0.118398,0.115661,0.112971,0.110325,0.107724,0.105166,0.10265,0.100175,0.0977397,0.0953437,0.0929857,0.0906647,0.0883798,0.0861301,0.0839146,0.0817325,0.0795828,0.0774648,0.0753774,0.07332,0.0712917,0.0692916,0.067319,0.065373,0.0634529,0.061558,0.0596874,0.0578404,0.0560163,0.0542143,0.0524338,0.050674,0.0489343,0.0472139,0.0455121,0.0438283,0.0421619,0.040512,0.0388782,0.0372598,0.035656,0.0340664,0.0324902,0.0309268,0.0293756,0.027836,0.0263074,0.0247892,0.0232808,0.0217816,0.0202909,0.0188083,0.0173331,0.0158648,0.0144027,0.0129462,0.0114949,0.0100482,0.00860536,0.00716595,0.00572937,0.00429505,0.00286242
1,0.980603,0.961241,0.941949,0.922761,0.90371,0.884825,0.866135,0.847667,0.829443,0.811485,0.79381,0.776433,0.759368,0.742623,0.726207,0.710125,0.694381,0.678977,0.663913,0.649187,0.634797,0.62074,0.607011,0.593606,0.580518,0.567743,0.555272,0.543101,0.531221,0.519626,0.508309,0.497263,0.486481,0.475955,0.465679,0.455647,0.445851,0.436285,0.426943,0.417818,0.408904,0.400196,0.391688,0.383374,0.375249,0.367307,0.359544,0.351954,0.344534,0.337277,0.330181,0.32324,0.31645,0.309807,0.303308,0.296948,0.290724,0.284632,0.278669,0.272832,0.267116,0.26152,0.25604,0.250673,0.245416,0.240266,0.235222,0.230279,0.225436,0.22069,0.216038,0.21148,0.207011,0.20263,0.198335,0.194123,0.189994,0.185943,0.181971,0.178075,0.174253,0.170503,0.166823,0.163213,0.15967,0.156192,0.152779,0.149428,0.146139,0.142909,0.139737,0.136622,0.133562,0.130557,0.127605,0.124704,0.121853,0.119052,0.116298,0.113592,0.110931,0.108314,0.105741,0.10321,0.100721,0.098272,0.0958622,0.0934907,0.0911565,0.0888586,0.0865961,0.0843681,0.0821737,0.080012,0.0778821,0.0757831,0.0737142,0.0716746,0.0696635,0.06768,0.0657233,0.0637926,0.0618873,0.0600064,0.0581494,0.0563153,0.0545036,0.0527134,0.0509441,0.0491949,0.0474652,0.0457542,0.0440614,0.042386,0.0407273,0.0390847,0.0374576,0.0358452,0.0342471,0.0326624,0.0310907,0.0295313,0.0279835,0.0264468,0.0249205,0.023404,0.0218968,0.0203983,0.0189078,0.0174248,0.0159486,0.0144788,0.0130147,0.0115557,0.0101013,0.00865083,0.00720382,0.00575964,0.00431774,0.00287755
1,0.980902,0.961836,0.942834,0.923928,0.905148,0.886521,0.868076,0.849835,0.831821,0.814055,0.796553,0.77933,0.7624,0.745773,0.729456,0.713457,0.697779,0.682426,0.667399,0.652697,0.638319,0.624263,0.610525,0.597102,0.583989,0.571181,0.558673,0.546458,0.53453,0.522883,0.511511,0.500408,0.489566,0.478979,0.468641,0.458546,0.448686,0.439056,0.42965,0.420462,0.411485,0.402715,0.394145,0.38577,0.377585,0.369584,0.361764,0.354117,0.346641,0.339331,0.332182,0.325189,0.318349,0.311657,0.30511,0.298703,0.292434,0.286298,0.280292,0.274413,0.268657,0.263021,0.257502,0.252098,0.246804,0.24162,0.23654,0.231564,0.226689,0.221911,0.217229,0.21264,0.208143,0.203733,0.199411,0.195173,0.191017,0.186942,0.182945,0.179024,0.175179,0.171406,0.167704,0.164072,0.160508,0.15701,0.153577,0.150206,0.146898,0.143649,0.140459,0.137326,0.13425,0.131227,0.128258,0.125341,0.122475,0.119658,0.116889,0.114168,0.111493,0.108862,0.106275,0.103731,0.101228,0.098766,0.0963434,0.0939593,0.0916128,0.0893029,0.0870286,0.084789,0.0825831,0.0804102,0.0782693,0.0761595,0.07408,0.07203,0.0700085,0.0680149,0.0660483,0.0641078,0.0621928,0.0603025,0.0584361,0.0565928,0.0547719,0.0529728,0.0511946,0.0494367,0.0476983,0.0459789,0.0442776,0.0425938,0.0409269,0.0392762,0.037641,0.0360208,0.0344147,0.0328223,0.0312428,0.0296757,0.0281203,0.026576,0.0250422,0.0235184,0.0220038,0.0204979,0.0190001,0.0175098,0.0160265,0.0145494,0.0130782,0.0116121,0.0101505,0.00869302,0.00723895,0.00578773,0.0043388,0.00289158
1,0.981168,0.962366,0.943624,0.92497,0.906432,0.888038,0.869811,0.851775,0.833952,0.81636,0.799016,0.781935,0.76513,0.748612,0.732388,0.716467,0.700853,0.68555,0.670559,0.655883,0.641519,0.627467,0.613725,0.600289,0.587156,0.574321,0.56178,0.549527,0.537558,0.525866,0.514446,0.503291,0.492397,0.481755,0.471361,0.461209,0.451292,0.441605,0.432141,0.422895,0.413861,0.405034,0.396407,0.387977,0.379737,0.371683,0.363809,0.356111,0.348585,0.341224,0.334026,0.326986,0.3201,0.313363,0.306772,0.300322,0.294011,0.287834,0.281789,0.275871,0.270078,0.264405,0.258851,0.253412,0.248085,0.242868,0.237757,0.23275,0.227845,0.223038,0.218328,0.213711,0.209187,0.204752,0.200404,0.196141,0.191961,0.187862,0.183843,0.1799,0.176033,0.172239,0.168517,0.164865,0.161281,0.157764,0.154312,0.150924,0.147598,0.144332,0.141125,0.137976,0.134883,0.131845,0.128861,0.125929,0.123048,0.120217,0.117435,0.1147,0.112011,0.109367,0.106767,0.10421,0.101696,0.0992214,0.096787,0.0943914,0.0920335,0.0897124,0.0874272,0.0851769,0.0829606,0.0807773,0.0786262,0.0765065,0.0744172,0.0723575,0.0703266,0.0683236,0.0663478,0.0643983,0.0624745,0.0605753,0.0587003,0.0568485,0.0550193,0.0532118,0.0514255,0.0496595,0.0479132,0.0461859,0.0444769,0.0427854,0.041111,0.0394527,0.0378102,0.0361825,0.0345692,0.0329695,0.0313829,0.0298087,0.0282463,0.0266951,0.0251544,0.0236237,0.0221023,0.0205897,0.0190852,0.0175882,0.0160982,0.0146145,0.0131367,0.011664,0.0101959,0.0087319,0.00727132,0.00581361,0.0043582,0.00290451
1,0.981404,0.962837,0.944325,0.925895,0.907574,0.889386,0.871356,0.853504,0.835852,0.818417,0.801216,0.784264,0.767574,0.751156,0.735019,0.71917,0.703616,0.688361,0.673407,0.658756,0.644408,0.630363,0.616619,0.603174,0.590024,0.577168,0.564599,0.552315,0.54031,0.528578,0.517116,0.505916,0.494974,0.484284,0.473841,0.463638,0.453669,0.44393,0.434414,0.425116,0.416031,0.407152,0.398475,0.389994,0.381705,0.373602,0.36568,0.357935,0.350362,0.342957,0.335714,0.328631,0.321702,0.314924,0.308293,0.301804,0.295455,0.289241,0.283159,0.277206,0.271378,0.265673,0.260086,0.254616,0.249258,0.244011,0.238871,0.233836,0.228903,0.22407,0.219333,0.214692,0.210143,0.205683,0.201312,0.197027,0.192825,0.188705,0.184664,0.180702,0.176815,0.173002,0.169261,0.16559,0.161989,0.158455,0.154986,0.151581,0.148238,0.144957,0.141735,0.138571,0.135463,0.132411,0.129413,0.126467,0.123573,0.120729,0.117933,0.115186,0.112485,0.109829,0.107218,0.104649,0.102123,0.099638,0.0971928,0.0947866,0.0924183,0.0900871,0.0877919,0.0855317,0.0833058,0.0811131,0.0789527,0.0768239,0.0747256,0.0726571,0.0706175,0.068606,0.0666218,0.0646641,0.062732,0.0608249,0.0589419,0.0570824,0.0552455,0.0534305,0.0516366,0.0498633,0.0481097,0.0463752,0.0446591,0.0429607,0.0412793,0.0396142,0.0379648,0.0363304,0.0347105,0.0331042,0.0315111,0.0299305,0.0283616,0.026804,0.0252571,0.0237201,0.0221924,0.0206736,0.019163,0.0176599,0.0161638,0.0146741,0.0131902,0.0117115,0.0102375,0.00876746,0.00730092,0.00583728,0.00437594,0.00291633
1,0.981613,0.963252,0.944943,0.926712,0.908582,0.890578,0.872721,0.855034,0.837534,0.82024,0.803168,0.786332,0.769746,0.753419,0.737361,0.72158,0.706082,0.690871,0.675952,0.661326,0.646994,0.632957,0.619214,0.605763,0.592601,0.579727,0.567135,0.554824,0.542788,0.531022,0.519522,0.508284,0.497301,0.486568,0.47608,0.465832,0.455818,0.446033,0.436471,0.427126,0.417994,0.40907,0.400347,0.391821,0.383487,0.37534,0.367375,0.359588,0.351973,0.344527,0.337244,0.330122,0.323155,0.31634,0.309672,0.303148,0.296764,0.290516,0.284402,0.278417,0.272558,0.266822,0.261206,0.255707,0.250322,0.245047,0.239881,0.234821,0.229863,0.225005,0.220245,0.215581,0.211009,0.206529,0.202136,0.19783,0.193609,0.189469,0.18541,0.181428,0.177523,0.173693,0.169935,0.166248,0.162631,0.15908,0.155596,0.152176,0.148819,0.145523,0.142287,0.13911,0.135989,0.132924,0.129913,0.126955,0.124048,0.121192,0.118385,0.115626,0.112914,0.110248,0.107626,0.105047,0.102511,0.100016,0.0975606,0.0951447,0.0927671,0.0904266,0.0881223,0.0858533,0.0836186,0.0814174,0.0792486,0.0771114,0.0750051,0.0729286,0.0708811,0.0688619,0.0668701,0.0649048,0.0629654,0.061051,0.0591609,0.0572943,0.0554504,0.0536286,0.051828,0.050048,0.0482878,0.0465468,0.0448242,0.0431194,0.0414317,0.0397605,0.0381049,0.0364645,0.0348385,0.0332263,0.0316272,0.0300407,0.0284661,0.0269027,0.02535,0.0238074,0.0222741,0.0207497,0.0192334,0.0177248,0.0162232,0.014728,0.0132387,0.0117545,0.0102751,0.00879967,0.00732775,0.00585872,0.00439202,0.00292705
1,0.981795,0.963615,0.945485,0.927427,0.909465,0.891622,0.873919,0.856375,0.83901,0.821841,0.804884,0.788152,0.771658,0.755413,0.739427,0.723707,0.70826,0.693091,0.678204,0.663602,0.649287,0.635259,0.621518,0.608062,0.594891,0.582002,0.569392,0.557058,0.544995,0.533201,0.521669,0.510396,0.499377,0.488607,0.478081,0.467794,0.457739,0.447913,0.43831,0.428925,0.419752,0.410786,0.402023,0.393457,0.385083,0.376897,0.368893,0.361068,0.353416,0.345934,0.338616,0.331458,0.324457,0.317608,0.310908,0.304352,0.297938,0.29166,0.285516,0.279502,0.273616,0.267853,0.262211,0.256686,0.251275,0.245977,0.240787,0.235703,0.230723,0.225844,0.221063,0.216378,0.211787,0.207286,0.202875,0.198551,0.194311,0.190154,0.186078,0.18208,0.178159,0.174313,0.17054,0.166838,0.163206,0.159641,0.156143,0.15271,0.14934,0.146031,0.142783,0.139593,0.13646,0.133383,0.130361,0.127392,0.124474,0.121608,0.118791,0.116021,0.113299,0.110623,0.107992,0.105404,0.102858,0.100354,0.0978901,0.0954657,0.0930796,0.0907309,0.0884185,0.0861415,0.083899,0.08169,0.0795137,0.0773692,0.0752555,0.0731718,0.0711173,0.0690912,0.0670925,0.0651206,0.0631746,0.0612537,0.0593571,0.0574842,0.0556341,0.0538061,0.0519994,0.0502134,0.0484474,0.0467005,0.0449722,0.0432617,0.0415684,0.0398915,0.0382305,0.0365846,0.0349532,0.0333356,0.0317313,0.0301395,0.0285597,0.0269912,0.0254333,0.0238856,0.0223473,0.0208178,0.0192966,0.017783,0.0162765,0.0147764,0.0132821,0.0117931,0.0103088,0.00882853,0.00735178,0.00587793,0.00440642,0.00293664
1,0.981953,0.96393,0.945953,0.928045,0.910229,0.892526,0.874956,0.857539,0.840291,0.823232,0.806374,0.789733,0.773321,0.757149,0.741226,0.725561,0.71016,0.695029,0.680172,0.665593,0.651293,0.637274,0.623536,0.610079,0.5969,0.584,0.571374,0.559021,0.546936,0.535116,0.523558,0.512256,0.501206,0.490404,0.479844,0.469522,0.459433,0.449572,0.439933,0.430511,0.421303,0.412301,0.403502,0.394901,0.386493,0.378272,0.370235,0.362376,0.354692,0.347177,0.339827,0.332639,0.325608,0.31873,0.312001,0.305417,0.298975,0.292671,0.286501,0.280462,0.274551,0.268764,0.263098,0.257551,0.252119,0.246798,0.241588,0.236484,0.231484,0.226585,0.221786,0.217083,0.212474,0.207956,0.203528,0.199188,0.194932,0.19076,0.186668,0.182656,0.178721,0.17486,0.171074,0.167359,0.163714,0.160137,0.156627,0.153182,0.1498,0.14648,0.14322,0.14002,0.136876,0.133789,0.130757,0.127778,0.124851,0.121975,0.119149,0.116371,0.11364,0.110955,0.108315,0.105718,0.103165,0.100653,0.0981813,0.0957493,0.0933558,0.0909997,0.0886801,0.0863961,0.0841467,0.0819309,0.0797479,0.0775968,0.0754767,0.0733867,0.071326,0.0692937,0.067289,0.0653112,0.0633593,0.0614327,0.0595305,0.0576519,0.0557963,0.0539629,0.0521509,0.0503596,0.0485883,0.0468363,0.0451029,0.0433874,0.0416891,0.0400073,0.0383414,0.0366907,0.0350545,0.0334322,0.0318232,0.0302268,0.0286424,0.0270693,0.0255069,0.0239546,0.0224119,0.020878,0.0193524,0.0178344,0.0163235,0.014819,0.0133205,0.0118272,0.0103386,0.00885403,0.00737301,0.00589491,0.00441914,0.00294512
1,0.982088,0.964198,0.946352,0.928573,0.910881,0.893297,0.875841,0.858531,0.841385,0.824419,0.807648,0.791086,0.774745,0.758636,0.742768,0.727151,0.71179,0.696693,0.681863,0.667304,0.653018,0.639008,0.625274,0.611816,0.598632,0.585723,0.573085,0.560715,0.548612,0.536772,0.52519,0.513864,0.502788,0.491958,0.48137,0.471019,0.4609,0.451008,0.441338,0.431886,0.422647,0.413615,0.404785,0.396153,0.387715,0.379465,0.371398,0.363511,0.355798,0.348255,0.340879,0.333664,0.326607,0.319703,0.312949,0.306341,0.299875,0.293548,0.287356,0.281295,0.275362,0.269555,0.263869,0.258302,0.25285,0.247512,0.242283,0.237161,0.232144,0.227229,0.222413,0.217694,0.21307,0.208538,0.204095,0.19974,0.195471,0.191285,0.187181,0.183156,0.179208,0.175336,0.171538,0.167811,0.164155,0.160567,0.157047,0.153591,0.150199,0.146869,0.1436,0.14039,0.137238,0.134142,0.131101,0.128113,0.125178,0.122294,0.119459,0.116673,0.113935,0.111243,0.108595,0.105992,0.103431,0.100912,0.098434,0.0959954,0.0935954,0.091233,0.0889072,0.086617,0.0843616,0.08214,0.0799512,0.0777944,0.0756687,0.0735732,0.071507,0.0694694,0.0674595,0.0654765,0.0635196,0.061588,0.0596808,0.0577975,0.0559371,0.0540989,0.0522823,0.0504864,0.0487106,0.0469541,0.0452163,0.0434964,0.0417938,0.0401077,0.0384376,0.0367827,0.0351424,0.033516,0.0319029,0.0303025,0.0287141,0.027137,0.0255707,0.0240146,0.0224679,0.0209302,0.0194007,0.017879,0.0163643,0.0148561,0.0133538,0.0118567,0.0103644,0.00887614,0.00739142,0.00590963,0.00443018,0.00295248
1,0.9822,0.964421,0.946685,0.929013,0.911425,0.893941,0.87658,0.859361,0.8423,0.825412,0.808714,0.792218,0.775937,0.759881,0.744061,0.728484,0.713158,0.69809,0.683283,0.668742,0.654469,0.640467,0.626737,0.613278,0.600091,0.587175,0.574526,0.562145,0.550026,0.538169,0.526568,0.515221,0.504124,0.493271,0.482659,0.472284,0.46214,0.452223,0.442527,0.43305,0.423784,0.414726,0.405871,0.397214,0.38875,0.380474,0.372383,0.364472,0.356735,0.349169,0.341769,0.334532,0.327453,0.320528,0.313753,0.307124,0.300638,0.294291,0.28808,0.282001,0.27605,0.270225,0.264522,0.258938,0.253471,0.248116,0.242872,0.237736,0.232704,0.227775,0.222945,0.218213,0.213575,0.20903,0.204576,0.200209,0.195928,0.191731,0.187615,0.183579,0.179621,0.175739,0.171931,0.168195,0.164529,0.160932,0.157402,0.153938,0.150537,0.147199,0.143922,0.140704,0.137544,0.13444,0.131392,0.128397,0.125455,0.122564,0.119722,0.11693,0.114185,0.111486,0.108833,0.106223,0.103657,0.101132,0.098648,0.0962038,0.0937983,0.0914305,0.0890995,0.0868041,0.0845436,0.082317,0.0801233,0.0779617,0.0758312,0.0737311,0.0716604,0.0696183,0.067604,0.0656166,0.0636554,0.0617195,0.0598082,0.0579207,0.0560563,0.0542141,0.0523936,0.0505938,0.0488141,0.0470539,0.0453123,0.0435887,0.0418824,0.0401928,0.0385191,0.0368606,0.0352168,0.033587,0.0319705,0.0303666,0.0287748,0.0271944,0.0256248,0.0240653,0.0225154,0.0209744,0.0194417,0.0179167,0.0163988,0.0148874,0.0133819,0.0118817,0.0103863,0.00889487,0.00740702,0.0059221,0.00443952,0.0029587
1,0.98229,0.964601,0.946954,0.929368,0.911865,0.894462,0.877178,0.860032,0.84304,0.826217,0.809578,0.793136,0.776904,0.760892,0.74511,0.729567,0.71427,0.699225,0.684438,0.669911,0.65565,0.641655,0.627928,0.61447,0.60128,0.588358,0.575702,0.563311,0.551181,0.539309,0.527694,0.51633,0.505215,0.494344,0.483713,0.473318,0.463154,0.453216,0.4435,0.434001,0.424715,0.415636,0.406759,0.398081,0.389597,0.381301,0.37319,0.365258,0.357502,0.349917,0.342499,0.335243,0.328146,0.321203,0.314411,0.307765,0.301263,0.2949,0.288673,0.282579,0.276613,0.270774,0.265057,0.259459,0.253978,0.248611,0.243354,0.238206,0.233162,0.228221,0.223381,0.218637,0.213989,0.209434,0.204969,0.200592,0.196302,0.192095,0.187971,0.183926,0.179959,0.176069,0.172252,0.168508,0.164835,0.161231,0.157693,0.154222,0.150814,0.147469,0.144185,0.140961,0.137794,0.134685,0.13163,0.128629,0.125681,0.122785,0.119938,0.11714,0.11439,0.111686,0.109027,0.106413,0.103841,0.101312,0.0988233,0.0963745,0.0939645,0.0915923,0.0892569,0.0869574,0.0846927,0.082462,0.0802643,0.0780987,0.0759644,0.0738604,0.071786,0.0697402,0.0677222,0.0657313,0.0637665,0.0618272,0.0599125,0.0580217,0.0561539,0.0543085,0.0524847,0.0506817,0.0488989,0.0471356,0.0453909,0.0436643,0.041955,0.0402624,0.0385858,0.0369245,0.0352778,0.0336451,0.0320258,0.0304191,0.0288246,0.0272414,0.0256691,0.0241069,0.0225543,0.0210106,0.0194753,0.0179476,0.0164271,0.0149131,0.013405,0.0119022,0.0104042,0.00891021,0.00741979,0.00593231,0.00444717,0.0029638
1,0.98236,0.96474,0.947161,0.929643,0.912204,0.894863,0.87764,0.86055,0.843611,0.826838,0.810244,0.793845,0.77765,0.761673,0.745921,0.730404,0.71513,0.700103,0.685331,0.670817,0.656564,0.642575,0.628852,0.615394,0.602203,0.589277,0.576615,0.564216,0.552076,0.540195,0.528568,0.517192,0.506063,0.495178,0.484533,0.474122,0.463942,0.453988,0.444256,0.434741,0.425438,0.416343,0.407451,0.398756,0.390256,0.381944,0.373817,0.36587,0.358099,0.350499,0.343066,0.335796,0.328685,0.321728,0.314923,0.308265,0.30175,0.295374,0.289135,0.283029,0.277052,0.271201,0.265473,0.259865,0.254374,0.248997,0.24373,0.238572,0.233519,0.228569,0.22372,0.218968,0.214311,0.209748,0.205275,0.200891,0.196593,0.192379,0.188248,0.184196,0.180223,0.176326,0.172503,0.168753,0.165073,0.161463,0.15792,0.154443,0.15103,0.14768,0.144391,0.141161,0.13799,0.134875,0.131816,0.12881,0.125858,0.122957,0.120106,0.117304,0.114549,0.111841,0.109179,0.10656,0.103985,0.101452,0.0989597,0.0965074,0.0940939,0.0917182,0.0893795,0.0870766,0.0848087,0.0825748,0.080374,0.0782053,0.076068,0.0739611,0.0718837,0.069835,0.0678142,0.0658205,0.063853,0.061911,0.0599937,0.0581002,0.0562299,0.0543819,0.0525556,0.0507502,0.0489649,0.0471991,0.0454521,0.0437232,0.0420115,0.0403166,0.0386377,0.0369741,0.0353252,0.0336903,0.0320688,0.03046,0.0288633,0.027278,0.0257035,0.0241392,0.0225845,0.0210388,0.0195014,0.0179717,0.0164491,0.0149331,0.013423,0.0119182,0.0104181,0.00892214,0.00742972,0.00594025,0.00445313,0.00296777
1,0.98241,0.964839,0.947308,0.929837,0.912444,0.895148,0.877967,0.860917,0.844016,0.827278,0.810718,0.794348,0.778181,0.762228,0.746498,0.730999,0.715741,0.700728,0.685967,0.671462,0.657215,0.643231,0.629509,0.616052,0.60286,0.589931,0.577265,0.564861,0.552715,0.540827,0.529191,0.517807,0.506669,0.495774,0.485117,0.474696,0.464505,0.45454,0.444796,0.43527,0.425955,0.416848,0.407944,0.399239,0.390727,0.382404,0.374266,0.366308,0.358526,0.350915,0.343472,0.336192,0.32907,0.322104,0.315289,0.308621,0.302097,0.295713,0.289465,0.283351,0.277365,0.271507,0.265771,0.260155,0.254657,0.249272,0.243999,0.238834,0.233774,0.228818,0.223962,0.219204,0.214542,0.209973,0.205494,0.201105,0.196801,0.192582,0.188446,0.184389,0.180411,0.176509,0.172682,0.168927,0.165244,0.161629,0.158082,0.154601,0.151184,0.14783,0.144537,0.141304,0.138129,0.135011,0.131948,0.12894,0.125984,0.12308,0.120226,0.11742,0.114663,0.111952,0.109287,0.106666,0.104088,0.101552,0.0990572,0.0966023,0.0941863,0.0918082,0.0894671,0.0871618,0.0848916,0.0826554,0.0804524,0.0782815,0.076142,0.074033,0.0719535,0.0699028,0.06788,0.0658843,0.0639149,0.0619709,0.0600517,0.0581563,0.0562842,0.0544344,0.0526063,0.0507991,0.0490121,0.0472446,0.0454958,0.0437652,0.0420519,0.0403554,0.0386748,0.0370096,0.0353591,0.0337226,0.0320995,0.0304892,0.0288909,0.0273041,0.0257281,0.0241624,0.0226062,0.0210589,0.01952,0.0179889,0.0164649,0.0149474,0.0134358,0.0119296,0.0104281,0.00893067,0.00743683,0.00594593,0.00445739,0.00297061
1,0.982439,0.964898,0.947396,0.929953,0.912588,0.895318,0.878162,0.861137,0.844258,0.827542,0.811001,0.794649,0.778498,0.762559,0.746842,0.731356,0.716107,0.701102,0.686348,0.671847,0.657605,0.643623,0.629903,0.616446,0.603253,0.590323,0.577655,0.565248,0.553098,0.541205,0.529565,0.518175,0.507032,0.49613,0.485468,0.47504,0.464843,0.454871,0.44512,0.435587,0.426265,0.417152,0.408241,0.399528,0.391009,0.38268,0.374535,0.36657,0.358782,0.351165,0.343715,0.336429,0.329302,0.32233,0.315509,0.308835,0.302306,0.295916,0.289663,0.283544,0.277554,0.27169,0.26595,0.260329,0.254826,0.249437,0.24416,0.238991,0.233927,0.228967,0.224108,0.219346,0.21468,0.210107,0.205626,0.201233,0.196926,0.192704,0.188565,0.184505,0.180524,0.176619,0.172789,0.169032,0.165346,0.161729,0.158179,0.154696,0.151277,0.14792,0.144625,0.14139,0.138213,0.135093,0.132028,0.129017,0.12606,0.123153,0.120298,0.117491,0.114731,0.112019,0.109352,0.106729,0.10415,0.101612,0.0991157,0.0966593,0.0942418,0.0918622,0.0895196,0.087213,0.0849414,0.0827038,0.0804994,0.0783273,0.0761865,0.0740761,0.0719954,0.0699435,0.0679195,0.0659226,0.063952,0.0620069,0.0600865,0.05819,0.0563167,0.0544659,0.0526367,0.0508284,0.0490404,0.0472718,0.0455221,0.0437904,0.0420762,0.0403786,0.0386971,0.0370309,0.0353795,0.033742,0.032118,0.0305067,0.0289075,0.0273198,0.0257429,0.0241762,0.0226191,0.021071,0.0195312,0.0179992,0.0164743,0.014956,0.0134435,0.0119364,0.010434,0.00893579,0.00744109,0.00594933,0.00445994,0.00297231
1,0.982449,0.964918,0.947425,0.929992,0.912635,0.895375,0.878227,0.86121,0.844339,0.827629,0.811095,0.794749,0.778604,0.76267,0.746957,0.731474,0.716228,0.701227,0.686474,0.671976,0.657735,0.643754,0.630034,0.616578,0.603384,0.590454,0.577785,0.565376,0.553226,0.541331,0.52969,0.518298,0.507152,0.496249,0.485585,0.475155,0.464955,0.454981,0.445228,0.435693,0.426369,0.417253,0.408339,0.399625,0.391104,0.382772,0.374625,0.366658,0.358867,0.351248,0.343796,0.336508,0.329379,0.322405,0.315582,0.308907,0.302375,0.295984,0.28973,0.283608,0.277616,0.271751,0.266009,0.260387,0.254883,0.249493,0.244213,0.239043,0.233978,0.229017,0.224156,0.219393,0.214726,0.210152,0.20567,0.201275,0.196968,0.192745,0.188604,0.184544,0.180562,0.176656,0.172825,0.169067,0.16538,0.161762,0.158212,0.154728,0.151308,0.14795,0.144655,0.141419,0.138241,0.13512,0.132054,0.129043,0.126085,0.123178,0.120322,0.117514,0.114754,0.112041,0.109374,0.10675,0.10417,0.101632,0.0991352,0.0966783,0.0942603,0.0918802,0.0895371,0.08723,0.0849579,0.0827199,0.0805151,0.0783425,0.0762013,0.0740905,0.0720094,0.0699571,0.0679326,0.0659353,0.0639644,0.0620189,0.0600981,0.0582013,0.0563276,0.0544764,0.0526468,0.0508382,0.0490498,0.0472809,0.0455308,0.0437988,0.0420842,0.0403864,0.0387045,0.037038,0.0353862,0.0337485,0.0321241,0.0305125,0.0289131,0.027325,0.0257478,0.0241809,0.0226235,0.021075,0.019535,0.0180027,0.0164775,0.0149588,0.0134461,0.0119387,0.010436,0.0089375,0.00744251,0.00595047,0.00446079,0.00297288
1,0.982439,0.964898,0.947396,0.929953,0.912588,0.895318,0.878162,0.861137,0.844258,0.827542,0.811001,0.794649,0.778498,0.762559,0.746842,0.731356,0.716107,0.701102,0.686348,0.671847,0.657605,0.643623,0.629903,0.616446,0.603253,0.590323,0.577655,0.565248,0.553098,0.541205,0.529565,0.518175,0.507032,0.49613,0.485468,0.47504,0.464843,0.454871,0.44512,0.435587,0.426265,0.417152,0.408241,0.399528,0.391009,0.38268,0.374535,0.36657,0.358782,0.351165,0.343715,0.336429,0.329302,0.32233,0.315509,0.308835,0.302306,0.295916,0.289663,0.283544,0.277554,0.27169,0.26595,0.260329,0.254826,0.249437,0.24416,0.238991,0.233927,0.228967,0.224108,0.219346,0.21468,0.210107,0.205626,0.201233,0.196926,0.192704,0.188565,0.184505,0.180524,0.176619,0.172789,0.169032,0.165346,0.161729,0.158179,0.154696,0.151277,0.14792,0.144625,0.14139,0.138213,0.135093,0.132028,0.129017,0.12606,0.123153,0.120298,0.117491,0.114731,0.112019,0.109352,0.106729,0.10415,0.101612,0.0991157,0.0966593,0.0942418,0.0918622,0.0895196,0.087213,0.0849414,0.0827038,0.0804994,0.0783273,0.0761865,0.0740761,0.0719954,0.0699435,0.0679195,0.0659226,0.063952,0.0620069,0.0600865,0.05819,0.0563167,0.0544659,0.0526367,0.0508284,0.0490404,0.0472718,0.0455221,0.0437904,0.0420762,0.0403786,0.0386971,0.0370309,0.0353795,0.033742,0.032118,0.0305067,0.0289075,0.0273198,0.0257429,0.0241762,0.0226191,0.021071,0.0195312,0.0179992,0.0164743,0.014956,0.0134435,0.0119364,0.010434,0.00893579,0.00744109,0.00594933,0.00445994,0.00297231
1,0.98241,0.964839,0.947308,0.929837,0.912444,0.895148,0.877967,0.860917,0.844016,0.827278,0.810718,0.794348,0.778181,0.762228,0.746498,0.730999,0.715741,0.700728,0.685967,0.671462,0.657215,0.643231,0.629509,0.616052,0.60286,0.589931,0.577265,0.564861,0.552715,0.540827,0.529191,0.517807,0.506669,0.495774,0.485117,0.474696,0.464505,0.45454,0.444796,0.43527,0.425955,0.416848,0.407944,0.399239,0.390727,0.382404,0.374266,0.366308,0.358526,0.350915,0.343472,0.336192,0.32907,0.322104,0.315289,0.308621,0.302097,0.295713,0.289465,0.283351,0.277365,0.271507,0.265771,0.260155,0.254657,0.249272,0.243999,0.238834,0.233774,0.228818,0.223962,0.219204,0.214542,0.209973,0.205494,0.201105,0.196801,0.192582,0.188446,0.184389,0.180411,0.176509,0.172682,0.168927,0.165244,0.161629,0.158082,0.154601,0.151184,0.14783,0.144537,0.141304,0.138129,0.135011,0.131948,0.12894,0.125984,0.12308,0.120226,0.11742,0.114663,0.111952,0.109287,0.106666,0.104088,0.101552,0.0990572,0.0966023,0.0941863,0.0918082,0.0894671,0.0871618,0.0848916,0.0826554,0.0804524,0.0782815,0.076142,0.074033,0.0719535,0.0699028,0.06788,0.0658843,0.0639149,0.0619709,0.0600517,0.0581563,0.0562842,0.0544344,0.0526063,0.0507991,0.0490121,0.0472446,0.0454958,0.0437652,0.0420519,0.0403554,0.0386748,0.0370096,0.0353591,0.0337226,0.0320995,0.0304892,0.0288909,0.0273041,0.0257281,0.0241624,0.0226062,0.0210589,0.01952,0.0179889,0.0164649,0.0149474,0.0134358,0.0119296,0.0104281,0.00893067,0.00743683,0.00594593,0.00445739,0.00297061
1,0.98236,0.96474,0.947161,0.929643,0.912204,0.894863,0.87764,0.86055,0.843611,0.826838,0.810244,0.793845,0.77765,0.761673,0.745921,0.730404,0.71513,0.700103,0.685331,0.670817,0.656564,0.642575,0.628852,0.615394,0.602203,0.589277,0.576615,0.564216,0.552076,0.540195,0.528568,0.517192,0.506063,0.495178,0.484533,0.474122,0.463942,0.453988,0.444256,0.434741,0.425438,0.416343,0.407451,0.398756,0.390256,0.381944,0.373817,0.36587,0.358099,0.350499,0.343066,0.335796,0.328685,0.321728,0.314923,0.308265,0.30175,0.295374,0.289135,0.283029,0.277052,0.271201,0.265473,0.259865,0.254374,0.248997,0.24373,0.238572,0.233519,0.228569,0.22372,0.218968,0.214311,0.209748,0.205275,0.200891,0.196593,0.192379,0.188248,0.184196,0.180223,0.176326,0.172503,0.168753,0.165073,0.161463,0.15792,0.154443,0.15103,0.14768,0.144391,0.141161,0.13799,0.134875,0.131816,0.12881,0.125858,0.122957,0.120106,0.117304,0.114549,0.111841,0.109179,0.10656,0.103985,0.101452,0.0989597,0.0965074,0.0940939,0.0917182,0.0893795,0.0870766,0.0848087,0.0825748,0.080374,0.0782053,0.076068,0.0739611,0.0718837,0.069835,0.0678142,0.0658205,0.063853,0.061911,0.0599937,0.0581002,0.0562299,0.0543819,0.0525556,0.0507502,0.0489649,0.0471991,0.0454521,0.0437232,0.0420115,0.0403166,0.0386377,0.0369741,0.0353252,0.0336903,0.0320688,0.03046,0.0288633,0.027278,0.0257035,0.0241392,0.0225845,0.0210388,0.0195014,0.0179717,0.0164491,0.0149331,0.013423,0.0119182,0.0104181,0.00892214,0.00742972,0.00594025,0.00445313,0.00296777
1,0.98229,0.964601,0.946954,0.929368,0.911865,0.894462,0.877178,0.860032,0.84304,0.826217,0.809578,0.793136,0.776904,0.760892,0.74511,0.729567,0.71427,0.699225,0.684438,0.669911,0.65565,0.641655,0.627928,0.61447,0.60128,0.588358,0.575702,0.563311,0.551181,0.539309,0.527694,0.51633,0.505215,0.494344,0.483713,0.473318,0.463154,0.453216,0.4435,0.434001,0.424715,0.415636,0.406759,0.398081,0.389597,0.381301,0.37319,0.365258,0.357502,0.349917,0.342499,0.335243,0.328146,0.321203,0.314411,0.307765,0.301263,0.2949,0.288673,0.282579,0.276613,0.270774,0.265057,0.259459,0.253978,0.248611,0.243354,0.238206,0.233162,0.228221,0.223381,0.218637,0.213989,0.209434,0.204969,0.200592,0.196302,0.192095,0.187971,0.183926,0.179959,0.176069,0.172252,0.168508,0.164835,0.161231,0.157693,0.154222,0.150814,0.147469,0.144185,0.140961,0.137794,0.134685,0.13163,0.128629,0.125681,0.122785,0.119938,0.11714,0.11439,0.111686,0.109027,0.106413,0.103841,0.101312,0.0988233,0.0963745,0.0939645,0.0915923,0.0892569,0.0869574,0.0846927,0.082462,0.0802643,0.0780987,0.0759644,0.0738604,0.071786,0.0697402,0.0677222,0.0657313,0.0637665,0.0618272,0.0599125,0.0580217,0.0561539,0.0543085,0.0524847,0.0506817,0.0488989,0.0471356,0.0453909,0.0436643,0.041955,0.0402624,0.0385858,0.0369245,0.0352778,0.0336451,0.0320258,0.0304191,0.0288246,0.0272414,0.0256691,0.0241069,0.0225543,0.0210106,0.0194753,0.0179476,0.0164271,0.0149131,0.013405,0.0119022,0.0104042,0.00891021,0.00741979,0.00593231,0.00444717,0.0029638
1,0.9822,0.964421,0.946685,0.929013,0.911425,0.893941,0.87658,0.859361,0.8423,0.825412,0.808714,0.792218,0.775937,0.759881,0.744061,0.728484,0.713158,0.69809,0.683283,0.668742,0.654469,0.640467,0.626737,0.613278,0.600091,0.587175,0.574526,0.562145,0.550026,0.538169,0.526568,0.515221,0.504124,0.493271,0.482659,0.472284,0.46214,0.452223,0.442527,0.43305,0.423784,0.414726,0.405871,0.397214,0.38875,0.380474,0.372383,0.364472,0.356735,0.349169,0.341769,0.334532,0.327453,0.320528,0.313753,0.307124,0.300638,0.294291,0.28808,0.282001,0.27605,0.270225,0.264522,0.258938,0.253471,0.248116,0.242872,0.237736,0.232704,0.227775,0.222945,0.218213,0.213575,0.20903,0.204576,0.200209,0.195928,0.191731,0.187615,0.183579,0.179621,0.175739,0.171931,0.168195,0.164529,0.160932,0.157402,0.153938,0.150537,0.147199,0.143922,0.140704,0.137544,0.13444,0.131392,0.128397,0.125455,0.122564,0.119722,0.11693,0.114185,0.111486,0.108833,0.106223,0.103657,0.101132,0.098648,0.0962038,0.0937983,0.0914305,0.0890995,0.0868041,0.0845436,0.082317,0.0801233,0.0779617,0.0758312,0.0737311,0.0716604,0.0696183,0.067604,0.0656166,0.0636554,0.0617195,0.0598082,0.0579207,0.0560563,0.0542141,0.0523936,0.0505938,0.0488141,0.0470539,0.0453123,0.0435887,0.0418824,0.0401928,0.0385191,0.0368606,0.0352168,0.033587,0.0319705,0.0303666,0.0287748,0.0271944,0.0256248,0.0240653,0.0225154,0.0209744,0.0194417,0.0179167,0.0163988,0.0148874,0.0133819,0.0118817,0.0103863,0.00889487,0.00740702,0.0059221,0.00443952,0.0029587
1,0.982088,0.964198,0.946352,0.928573,0.910881,0.893297,0.875841,0.858531,0.841385,0.824419,0.807648,0.791086,0.774745,0.758636,0.742768,0.727151,0.71179,0.696693,0.681863,0.667304,0.653018,0.639008,0.625274,0.611816,0.598632,0.585723,0.573085,0.560715,0.548612,0.536772,0.52519,0.513864,0.502788,0.491958,0.48137,0.471019,0.4609,0.451008,0.441338,0.431886,0.422647,0.413615,0.404785,0.396153,0.387715,0.379465,0.371398,0.363511,0.355798,0.348255,0.340879,0.333664,0.326607,0.319703,0.312949,0.306341,0.299875,0.293548,0.287356,0.281295,0.275362,0.269555,0.263869,0.258302,0.25285,0.247512,0.242283,0.237161,0.232144,0.227229,0.222413,0.217694,0.21307,0.208538,0.204095,0.19974,0.195471,0.191285,0.187181,0.183156,0.179208,0.175336,0.171538,0.167811,0.164155,0.160567,0.157047,0.153591,0.150199,0.146869,0.1436,0.14039,0.137238,0.134142,0.131101,0.128113,0.125178,0.122294,0.119459,0.116673,0.113935,0.111243,0.108595,0.105992,0.103431,0.100912,0.098434,0.0959954,0.0935954,0.091233,0.0889072,0.086617,0.0843616,0.08214,0.0799512,0.0777944,0.0756687,0.0735732,0.071507,0.0694694,0.0674595,0.0654765,0.0635196,0.061588,0.0596808,0.0577975,0.0559371,0.0540989,0.0522823,0.0504864,0.0487106,0.0469541,0.0452163,0.0434964,0.0417938,0.0401077,0.0384376,0.0367827,0.0351424,0.033516,0.0319029,0.0303025,0.0287141,0.027137,0.0255707,0.0240146,0.0224679,0.0209302,0.0194007,0.017879,0.0163643,0.0148561,0.0133538,0.0118567,0.0103644,0.00887614,0.00739142,0.00590963,0.00443018,0.00295248
1,0.981953,0.96393,0.945953,0.928045,0.910229,0.892526,0.874956,0.857539,0.840291,0.823232,0.806374,0.789733,0.773321,0.757149,0.741226,0.725561,0.71016,0.695029,0.680172,0.665593,0.651293,0.637274,0.623536,0.610079,0.5969,0.584,0.571374,0.559021,0.546936,0.535116,0.523558,0.512256,0.501206,0.490404,0.479844,0.469522,0.459433,0.449572,0.439933,0.430511,0.421303,0.412301,0.403502,0.394901,0.386493,0.378272,0.370235,0.362376,0.354692,0.347177,0.339827,0.332639,0.325608,0.31873,0.312001,0.305417,0.298975,0.292671,0.286501,0.280462,0.274551,0.268764,0.263098,0.257551,0.252119,0.246798,0.241588,0.236484,0.231484,0.226585,0.221786,0.217083,0.212474,0.207956,0.203528,0.199188,0.194932,0.19076,0.186668,0.182656,0.178721,0.17486,0.171074,0.167359,0.163714,0.160137,0.156627,0.153182,0.1498,0.14648,0.14322,0.14002,0.136876,0.133789,0.130757,0.127778,0.124851,0.121975,0.119149,0.116371,0.11364,0.110955,0.108315,0.105718,0.103165,0.100653,0.0981813,0.0957493,0.0933558,0.0909997,0.0886801,0.0863961,0.0841467,0.0819309,0.0797479,0.0775968,0.0754767,0.0733867,0.071326,0.0692937,0.067289,0.0653112,0.0633593,0.0614327,0.0595305,0.0576519,0.0557963,0.0539629,0.0521509,0.0503596,0.0485883,0.0468363,0.0451029,0.0433874,0.0416891,0.0400073,0.0383414,0.0366907,0.0350545,0.0334322,0.0318232,0.0302268,0.0286424,0.0270693,0.0255069,0.0239546,0.0224119,0.020878,0.0193524,0.0178344,0.0163235,0.014819,0.0133205,0.0118272,0.0103386,0.00885403,0.00737301,0.00589491,0.00441914,0.00294512
1,0.981795,0.963615,0.945485,0.927427,0.909465,0.891622,0.873919,0.856375,0.83901,0.821841,0.804884,0.788152,0.771658,0.755413,0.739427,0.723707,0.70826,0.693091,0.678204,0.663602,0.649287,0.635259,0.621518,0.608062,0.594891,0.582002,0.569392,0.557058,0.544995,0.533201,0.521669,0.510396,0.499377,0.488607,0.478081,0.467794,0.457739,0.447913,0.43831,0.428925,0.419752,0.410786,0.402023,0.393457,0.385083,0.376897,0.368893,0.361068,0.353416,0.345934,0.338616,0.331458,0.324457,0.317608,0.310908,0.304352,0.297938,0.29166,0.285516,0.279502,0.273616,0.267853,0.262211,0.256686,0.251275,0.245977,0.240787,0.235703,0.230723,0.225844,0.221063,0.216378,0.211787,0.207286,0.202875,0.198551,0.194311,0.190154,0.186078,0.18208,0.178159,0.174313,0.17054,0.166838,0.163206,0.159641,0.156143,0.15271,0.14934,0.146031,0.142783,0.139593,0.13646,0.133383,0.130361,0.127392,0.124474,0.121608,0.118791,0.116021,0.113299,0.110623,0.107992,0.105404,0.102858,0.100354,0.0978901,0.0954657,0.0930796,0.0907309,0.0884185,0.0861415,0.083899,0.08169,0.0795137,0.0773692,0.0752555,0.0731718,0.0711173,0.0690912,0.0670925,0.0651206,0.0631746,0.0612537,0.0593571,0.0574842,0.0556341,0.0538061,0.0519994,0.0502134,0.0484474,0.0467005,0.0449722,0.0432617,0.0415684,0.0398915,0.0382305,0.0365846,0.0349532,0.0333356,0.0317313,0.0301395,0.0285597,0.0269912,0.0254333,0.0238856,0.0223473,0.0208178,0.0192966,0.017783,0.0162765,0.0147764,0.0132821,0.0117931,0.0103088,0.00882853,0.00735178,0.00587793,0.00440642,0.00293664
1,0.981613,0.963252,0.944943,0.926712,0.908582,0.890578,0.872721,0.855034,0.837534,0.82024,0.803168,0.786332,0.769746,0.753419,0.737361,0.72158,0.706082,0.690871,0.675952,0.661326,0.646994,0.632957,0.619214,0.605763,0.592601,0.579727,0.567135,0.554824,0.542788,0.531022,0.519522,0.508284,0.497301,0.486568,0.47608,0.465832,0.455818,0.446033,0.436471,0.427126,0.417994,0.40907,0.400347,0.391821,0.383487,0.37534,0.367375,0.359588,0.351973,0.344527,0.337244,0.330122,0.323155,0.31634,0.309672,0.303148,0.296764,0.290516,0.284402,0.278417,0.272558,0.266822,0.261206,0.255707,0.250322,0.245047,0.239881,0.234821,0.229863,0.225005,0.220245,0.215581,0.211009,0.206529,0.202136,0.19783,0.193609,0.189469,0.18541,0.181428,0.177523,0.173693,0.169935,0.166248,0.162631,0.15908,0.155596,0.152176,0.148819,0.145523,0.142287,0.13911,0.135989,0.132924,0.129913,0.126955,0.124048,0.121192,0.118385,0.115626,0.112914,0.110248,0.107626,0.105047,0.102511,0.100016,0.0975606,0.0951447,0.0927671,0.0904266,0.0881223,0.0858533,0.0836186,0.0814174,0.0792486,0.0771114,0.0750051,0.0729286,0.0708811,0.0688619,0.0668701,0.0649048,0.0629654,0.061051,0.0591609,0.0572943,0.0554504,0.0536286,0.051828,0.050048,0.0482878,0.0465468,0.0448242,0.0431194,0.0414317,0.0397605,0.0381049,0.0364645,0.0348385,0.0332263,0.0316272,0.0300407,0.0284661,0.0269027,0.02535,0.0238074,0.0222741,0.0207497,0.0192334,0.0177248,0.0162232,0.014728,0.0132387,0.0117545,0.0102751,0.00879967,0.00732775,0.00585872,0.00439202,0.00292705
1,0.981404,0.962837,0.944325,0.925895,0.907574,0.889386,0.871356,0.853504,0.835852,0.818417,0.801216,0.784264,0.767574,0.751156,0.735019,0.71917,0.703616,0.688361,0.673407,0.658756,0.644408,0.630363,0.616619,0.603174,0.590024,0.577168,0.564599,0.552315,0.54031,0.528578,0.517116,0.505916,0.494974,0.484284,0.473841,0.463638,0.453669,0.44393,0.434414,0.425116,0.416031,0.407152,0.398475,0.389994,0.381705,0.373602,0.36568,0.357935,0.350362,0.342957,0.335714,0.328631,0.321702,0.314924,0.308293,0.301804,0.295455,0.289241,0.283159,0.277206,0.271378,0.265673,0.260086,0.254616,0.249258,0.244011,0.238871,0.233836,0.228903,0.22407,0.219333,0.214692,0.210143,0.205683,0.201312,0.197027,0.192825,0.188705,0.184664,0.180702,0.176815,0.173002,0.169261,0.16559,0.161989,0.158455,0.154986,0.151581,0.148238,0.144957,0.141735,0.138571,0.135463,0.132411,0.129413,0.126467,0.123573,0.120729,0.117933,0.115186,0.112485,0.109829,0.107218,0.104649,0.102123,0.099638,0.0971928,0.0947866,0.0924183,0.0900871,0.0877919,0.0855317,0.0833058,0.0811131,0.0789527,0.0768239,0.0747256,0.0726571,0.0706175,0.068606,0.0666218,0.0646641,0.062732,0.0608249,0.0589419,0.0570824,0.0552455,0.0534305,0.0516366,0.0498633,0.0481097,0.0463752,0.0446591,0.0429607,0.0412793,0.0396142,0.0379648,0.0363304,0.0347105,0.0331042,0.0315111,0.0299305,0.0283616,0.026804,0.0252571,0.0237201,0.0221924,0.0206736,0.019163,0.0176599,0.0161638,0.0146741,0.0131902,0.0117115,0.0102375,0.00876746,0.00730092,0.00583728,0.00437594,0.00291633
1,0.981168,0.962366,0.943624,0.92497,0.906432,0.888038,0.869811,0.851775,0.833952,0.81636,0.799016,0.781935,0.76513,0.748612,0.732388,0.716467,0.700853,0.68555,0.670559,0.655883,0.641519,0.627467,0.613725,0.600289,0.587156,0.574321,0.56178,0.549527,0.537558,0.525866,0.514446,0.503291,0.492397,0.481755,0.471361,0.461209,0.451292,0.441605,0.432141,0.422895,0.413861,0.405034,0.396407,0.387977,0.379737,0.371683,0.363809,0.356111,0.348585,0.341224,0.334026,0.326986,0.3201,0.313363,0.306772,0.300322,0.294011,0.287834,0.281789,0.275871,0.270078,0.264405,0.258851,0.253412,0.248085,0.242868,0.237757,0.23275,0.227845,0.223038,0.218328,0.213711,0.209187,0.204752,0.200404,0.196141,0.191961,0.187862,0.183843,0.1799,0.176033,0.172239,0.168517,0.164865,0.161281,0.157764,0.154312,0.150924,0.147598,0.144332,0.141125,0.137976,0.134883,0.131845,0.128861,0.125929,0.123048,0.120217,0.117435,0.1147,0.112011,0.109367,0.106767,0.10421,0.101696,0.0992214,0.096787,0.0943914,0.0920335,0.0897124,0.0874272,0.0851769,0.0829606,0.0807773,0.0786262,0.0765065,0.0744172,0.0723575,0.0703266,0.0683236,0.0663478,0.0643983,0.0624745,0.0605753,0.0587003,0.0568485,0.0550193,0.0532118,0.0514255,0.0496595,0.0479132,0.0461859,0.0444769,0.0427854,0.041111,0.0394527,0.0378102,0.0361825,0.0345692,0.0329695,0.0313829,0.0298087,0.0282463,0.0266951,0.0251544,0.0236237,0.0221023,0.0205897,0.0190852,0.0175882,0.0160982,0.0146145,0.0131367,0.011664,0.0101959,0.0087319,0.00727132,0.00581361,0.0043582,0.00290451
1,0.980902,0.961836,0.942834,0.923928,0.905148,0.886521,0.868076,0.849835,0.831821,0.814055,0.796553,0.77933,0.7624,0.745773,0.729456,0.713457,0.697779,0.682426,0.667399,0.652697,0.638319,0.624263,0.610525,0.597102,0.583989,0.571181,0.558673,0.546458,0.53453,0.522883,0.511511,0.500408,0.489566,0.478979,0.468641,0.458546,0.448686,0.439056,0.42965,0.420462,0.411485,0.402715,0.394145,0.38577,0.377585,0.369584,0.361764,0.354117,0.346641,0.339331,0.332182,0.325189,0.318349,0.311657,0.30511,0.298703,0.292434,0.286298,0.280292,0.274413,0.268657,0.263021,0.257502,0.252098,0.246804,0.24162,0.23654,0.231564,0.226689,0.221911,0.217229,0.21264,0.208143,0.203733,0.199411,0.195173,0.191017,0.186942,0.182945,0.179024,0.175179,0.171406,0.167704,0.164072,0.160508,0.15701,0.153577,0.150206,0.146898,0.143649,0.140459,0.137326,0.13425,0.131227,0.128258,0.125341,0.122475,0.119658,0.116889,0.114168,0.111493,0.108862,0.106275,0.103731,0.101228,0.098766,0.0963434,0.0939593,0.0916128,0.0893029,0.0870286,0.084789,0.0825831,0.0804102,0.0782693,0.0761595,0.07408,0.07203,0.0700085,0.0680149,0.0660483,0.0641078,0.0621928,0.0603025,0.0584361,0.0565928,0.0547719,0.0529728,0.0511946,0.0494367,0.0476983,0.0459789,0.0442776,0.0425938,0.0409269,0.0392762,0.037641,0.0360208,0.0344147,0.0328223,0.0312428,0.0296757,0.0281203,0.026576,0.0250422,0.0235184,0.0220038,0.0204979,0.0190001,0.0175098,0.0160265,0.0145494,0.0130782,0.0116121,0.0101505,0.00869302,0.00723895,0.00578773,0.0043388,0.00289158
1,0.980603,0.961241,0.941949,0.922761,0.90371,0.884825,0.866135,0.847667,0.829443,0.811485,0.79381,0.776433,0.759368,0.742623,0.726207,0.710125,0.694381,0.678977,0.663913,0.649187,0.634797,0.62074,0.607011,0.593606,0.580518,0.567743,0.555272,0.543101,0.531221,0.519626,0.508309,0.497263,0.486481,0.475955,0.465679,0.455647,0.445851,0.436285,0.426943,0.417818,0.408904,0.400196,0.391688,0.383374,0.375249,0.367307,0.359544,0.351954,0.344534,0.337277,0.330181,0.32324,0.31645,0.309807,0.303308,0.296948,0.290724,0.284632,0.278669,0.272832,0.267116,0.26152,0.25604,0.250673,0.245416,0.240266,0.235222,0.230279,0.225436,0.22069,0.216038,0.21148,0.207011,0.20263,0.198335,0.194123,0.189994,0.185943,0.181971,0.178075,0.174253,0.170503,0.166823,0.163213,0.15967,0.156192,0.152779,0.149428,0.146139,0.142909,0.139737,0.136622,0.133562,0.130557,0.127605,0.124704,0.121853,0.119052,0.116298,0.113592,0.110931,0.108314,0.105741,0.10321,0.100721,0.098272,0.0958622,0.0934907,0.0911565,0.0888586,0.0865961,0.0843681,0.0821737,0.080012,0.0778821,0.0757831,0.0737142,0.0716746,0.0696635,0.06768,0.0657233,0.0637926,0.0618873,0.0600064,0.0581494,0.0563153,0.0545036,0.0527134,0.0509441,0.0491949,0.0474652,0.0457542,0.0440614,0.042386,0.0407273,0.0390847,0.0374576,0.0358452,0.0342471,0.0326624,0.0310907,0.0295313,0.0279835,0.0264468,0.0249205,0.023404,0.0218968,0.0203983,0.0189078,0.0174248,0.0159486,0.0144788,0.0130147,0.0115557,0.0101013,0.00865083,0.00720382,0.00575964,0.00431774,0.00287755
1,0.980269,0.960576,0.94096,0.921458,0.902104,0.882933,0.863974,0.845255,0.826801,0.808633,0.790769,0.773226,0.756014,0.739145,0.722624,0.706456,0.690644,0.675189,0.660089,0.645341,0.630943,0.616889,0.603174,0.589792,0.576736,0.563999,0.551574,0.539453,0.527628,0.516092,0.504837,0.493855,0.483139,0.472682,0.462475,0.452512,0.442786,0.433291,0.424018,0.414963,0.406118,0.397479,0.389038,0.38079,0.37273,0.364852,0.357151,0.349623,0.342263,0.335065,0.328025,0.32114,0.314405,0.307815,0.301368,0.295058,0.288883,0.282839,0.276922,0.27113,0.265458,0.259905,0.254466,0.249139,0.243921,0.238809,0.233802,0.228895,0.224087,0.219375,0.214756,0.21023,0.205792,0.201442,0.197176,0.192993,0.188892,0.184869,0.180923,0.177052,0.173255,0.16953,0.165874,0.162287,0.158767,0.155312,0.15192,0.14859,0.145321,0.142111,0.138959,0.135863,0.132822,0.129835,0.1269,0.124017,0.121183,0.118398,0.115661,0.112971,0.110325,0.107724,0.105166,0.10265,0.100175,0.0977397,0.0953437,0.0929857,0.0906647,0.0883798,0.0861301,0.0839146,0.0817325,0.0795828,0.0774648,0.0753774,0.07332,0.0712917,0.0692916,0.067319,0.065373,0.0634529,0.061558,0.0596874,0.0578404,0.0560163,0.0542143,0.0524338,0.050674,0.0489343,0.0472139,0.0455121,0.0438283,0.0421619,0.040512,0.0388782,0.0372598,0.035656,0.0340664,0.0324902,0.0309268,0.0293756,0.027836,0.0263074,0.0247892,0.0232808,0.0217816,0.0202909,0.0188083,0.0173331,0.0158648,0.0144027,0.0129462,0.0114949,0.0100482,0.00860536,0.00716595,0.00572937,0.00429505,0.00286242
1,0.979896,0.959834,0.939857,0.920006,0.900318,0.880829,0.861573,0.842578,0.823872,0.805476,0.787409,0.769686,0.75232,0.735318,0.718688,0.702432,0.686551,0.671046,0.655912,0.641147,0.626745,0.6127,0.599005,0.585653,0.572635,0.559944,0.547572,0.535509,0.523746,0.512277,0.501092,0.490182,0.47954,0.469158,0.459028,0.449142,0.439493,0.430074,0.420878,0.411898,0.403129,0.394563,0.386195,0.378019,0.370029,0.36222,0.354588,0.347126,0.33983,0.332695,0.325717,0.318892,0.312215,0.305682,0.29929,0.293034,0.286912,0.280919,0.275052,0.269308,0.263683,0.258175,0.252781,0.247497,0.242321,0.23725,0.232282,0.227413,0.222643,0.217967,0.213384,0.208892,0.204487,0.200169,0.195935,0.191783,0.187712,0.183718,0.179801,0.175958,0.172188,0.168488,0.164858,0.161296,0.1578,0.154368,0.151,0.147692,0.144445,0.141257,0.138125,0.13505,0.132029,0.129061,0.126146,0.123281,0.120466,0.117699,0.114979,0.112305,0.109676,0.107092,0.104549,0.102049,0.0995894,0.0971694,0.0947881,0.0924445,0.0901377,0.0878668,0.0856307,0.0834286,0.0812596,0.0791229,0.0770176,0.0749427,0.0728976,0.0708813,0.0688931,0.0669321,0.0649976,0.0630888,0.061205,0.0593454,0.0575092,0.0556958,0.0539043,0.0521342,0.0503846,0.048655,0.0469445,0.0452526,0.0435785,0.0419217,0.0402814,0.0386569,0.0370478,0.0354532,0.0338727,0.0323055,0.0307511,0.0292088,0.027678,0.0261581,0.0246485,0.0231487,0.021658,0.0201759,0.0187017,0.0172348,0.0157748,0.014321,0.0128729,0.0114298,0.00999123,0.0085566,0.00712535,0.00569691,0.00427072,0.00284621
1,0.97948,0.959008,0.93863,0.91839,0.898331,0.878493,0.85891,0.839614,0.820633,0.80199,0.783704,0.76579,0.74826,0.731121,0.714377,0.698032,0.682084,0.666531,0.651368,0.63659,0.62219,0.608161,0.594494,0.581179,0.568209,0.555572,0.543261,0.531264,0.519573,0.508179,0.497071,0.486242,0.475682,0.465383,0.455336,0.445535,0.43597,0.426634,0.417522,0.408624,0.399936,0.39145,0.383161,0.375062,0.367148,0.359414,0.351854,0.344463,0.337236,0.330169,0.323257,0.316496,0.309881,0.30341,0.297077,0.290879,0.284812,0.278874,0.27306,0.267367,0.261792,0.256333,0.250986,0.245748,0.240616,0.235589,0.230663,0.225835,0.221104,0.216467,0.211922,0.207466,0.203098,0.198814,0.194614,0.190495,0.186455,0.182492,0.178605,0.174791,0.17105,0.167378,0.163776,0.16024,0.15677,0.153363,0.150019,0.146736,0.143512,0.140346,0.137237,0.134183,0.131184,0.128237,0.125341,0.122496,0.119701,0.116953,0.114251,0.111596,0.108985,0.106417,0.103892,0.101409,0.0989653,0.0965613,0.0941957,0.0918676,0.0895759,0.0873197,0.0850982,0.0829104,0.0807555,0.0786325,0.0765407,0.0744791,0.072447,0.0704436,0.068468,0.0665195,0.0645973,0.0627006,0.0608286,0.0589807,0.057156,0.0553539,0.0535737,0.0518146,0.0500759,0.048357,0.0466572,0.0449758,0.0433121,0.0416655,0.0400353,0.0384209,0.0368217,0.0352369,0.0336661,0.0321085,0.0305636,0.0290308,0.0275094,0.0259988,0.0244985,0.0230078,0.0215262,0.0200531,0.0185879,0.01713,0.0156789,0.0142339,0.0127946,0.0113603,0.0099305,0.0085046,0.00708205,0.00566229,0.00424477,0.00282892
1,0.979018,0.958088,0.937264,0.916594,0.896125,0.875901,0.855959,0.836335,0.817056,0.798148,0.779628,0.761512,0.74381,0.726528,0.70967,0.693235,0.677222,0.661625,0.646439,0.631655,0.617266,0.603261,0.58963,0.576362,0.563448,0.550876,0.538635,0.526714,0.515104,0.503794,0.492773,0.482033,0.471563,0.461356,0.451401,0.441691,0.432218,0.422973,0.413951,0.405142,0.396542,0.388142,0.379937,0.371922,0.364089,0.356434,0.348951,0.341636,0.334484,0.327489,0.320647,0.313954,0.307406,0.300999,0.294729,0.288593,0.282586,0.276705,0.270947,0.265309,0.259788,0.25438,0.249083,0.243893,0.238809,0.233828,0.228946,0.224162,0.219473,0.214877,0.210372,0.205955,0.201624,0.197377,0.193212,0.189128,0.185121,0.181192,0.177336,0.173554,0.169843,0.166201,0.162627,0.159119,0.155676,0.152297,0.148978,0.14572,0.142521,0.13938,0.136294,0.133264,0.130287,0.127362,0.124488,0.121664,0.118889,0.116161,0.113479,0.110843,0.108251,0.105702,0.103195,0.100729,0.0983028,0.0959158,0.0935669,0.091255,0.0889794,0.0867389,0.0845328,0.0823602,0.0802201,0.0781118,0.0760343,0.0739869,0.0719687,0.0699789,0.0680167,0.0660814,0.0641722,0.0622883,0.0604289,0.0585934,0.056781,0.0549909,0.0532226,0.0514752,0.0497481,0.0480407,0.0463521,0.0446818,0.0430291,0.0413934,0.039774,0.0381702,0.0365815,0.0350072,0.0334467,0.0318994,0.0303646,0.0288418,0.0273303,0.0258296,0.0243391,0.0228582,0.0213862,0.0199227,0.0184671,0.0170187,0.015577,0.0141415,0.0127115,0.0112865,0.009866,0.00844937,0.00703606,0.00562553,0.00421721,0.00281055
1,0.978502,0.957063,0.935743,0.914596,0.893675,0.873026,0.852692,0.83271,0.81311,0.793916,0.775148,0.756819,0.738939,0.721512,0.704539,0.688017,0.671944,0.65631,0.641108,0.626327,0.611957,0.597987,0.584402,0.571193,0.558346,0.545848,0.533689,0.521855,0.510336,0.49912,0.488196,0.477554,0.467184,0.457076,0.447222,0.437612,0.428238,0.419092,0.410166,0.401453,0.392947,0.38464,0.376526,0.368599,0.360853,0.353283,0.345883,0.338648,0.331574,0.324656,0.317889,0.311269,0.304791,0.298453,0.29225,0.286178,0.280234,0.274414,0.268716,0.263136,0.25767,0.252317,0.247072,0.241935,0.2369,0.231967,0.227133,0.222395,0.21775,0.213198,0.208734,0.204358,0.200067,0.195859,0.191731,0.187684,0.183713,0.179818,0.175996,0.172247,0.168567,0.164957,0.161413,0.157935,0.154521,0.151169,0.147879,0.144648,0.141475,0.138359,0.135298,0.132292,0.129338,0.126437,0.123586,0.120784,0.11803,0.115324,0.112663,0.110047,0.107475,0.104945,0.102457,0.10001,0.0976022,0.0952332,0.0929018,0.0906073,0.0883485,0.0861247,0.0839349,0.0817783,0.079654,0.0775611,0.0754988,0.0734663,0.0714627,0.0694873,0.0675394,0.065618,0.0637225,0.0618521,0.0600061,0.0581837,0.0563842,0.054607,0.0528512,0.0511162,0.0494014,0.047706,0.0460293,0.0443708,0.0427298,0.0411056,0.0394975,0.037905,0.0363275,0.0347642,0.0332146,0.031678,0.030154,0.0286418,0.0271409,0.0256506,0.0241705,0.0226998,0.0212381,0.0197848,0.0183392,0.0169009,0.0154692,0.0140436,0.0126236,0.0112085,0.00979776,0.00839093,0.0069874,0.00558662,0.00418805,0.00279111
1,0.977927,0.955921,0.934049,0.912373,0.890951,0.869836,0.849074,0.828704,0.808757,0.78926,0.770229,0.751679,0.733615,0.716042,0.698956,0.682353,0.666225,0.650563,0.635355,0.620589,0.60625,0.592326,0.578801,0.565662,0.552894,0.540484,0.528418,0.516682,0.505265,0.494154,0.483337,0.472804,0.462543,0.452544,0.442799,0.433297,0.42403,0.41499,0.406169,0.397559,0.389153,0.380945,0.372928,0.365095,0.357442,0.349962,0.34265,0.335501,0.32851,0.321673,0.314984,0.308441,0.302038,0.295772,0.28964,0.283636,0.277758,0.272003,0.266368,0.260848,0.255442,0.250146,0.244957,0.239873,0.234892,0.23001,0.225225,0.220535,0.215937,0.21143,0.20701,0.202677,0.198428,0.19426,0.190173,0.186163,0.18223,0.178371,0.174585,0.17087,0.167225,0.163647,0.160135,0.156688,0.153304,0.149982,0.14672,0.143517,0.140372,0.137283,0.134249,0.131268,0.12834,0.125462,0.122635,0.119857,0.117126,0.114442,0.111803,0.109208,0.106657,0.104148,0.10168,0.0992522,0.0968639,0.0945137,0.092201,0.0899246,0.0876837,0.0854773,0.0833047,0.081165,0.0790572,0.0769806,0.0749343,0.0729175,0.0709294,0.0689692,0.0670362,0.0651295,0.0632485,0.0613924,0.0595604,0.0577518,0.055966,0.0542021,0.0524596,0.0507377,0.0490358,0.0473531,0.0456891,0.044043,0.0424142,0.0408021,0.0392061,0.0376254,0.0360596,0.0345079,0.0329698,0.0314447,0.0299319,0.0284309,0.0269411,0.0254619,0.0239927,0.0225329,0.021082,0.0196393,0.0182044,0.0167767,0.0153556,0.0139404,0.0125308,0.0111261,0.00972581,0.00832931,0.00693609,0.0055456,0.0041573,0.00277062
1,0.977284,0.954645,0.932158,0.909895,0.887921,0.866294,0.845065,0.824274,0.803956,0.784136,0.764831,0.746051,0.727803,0.710084,0.69289,0.676213,0.660042,0.644363,0.629162,0.614423,0.60013,0.586266,0.572815,0.55976,0.547086,0.534776,0.522816,0.511191,0.499889,0.488894,0.478196,0.467781,0.45764,0.44776,0.438133,0.428748,0.419597,0.410671,0.401961,0.393461,0.385163,0.37706,0.369145,0.361413,0.353858,0.346473,0.339254,0.332196,0.325293,0.318541,0.311936,0.305474,0.299149,0.29296,0.286901,0.280969,0.275161,0.269474,0.263904,0.258448,0.253104,0.247868,0.242738,0.237711,0.232784,0.227956,0.223223,0.218583,0.214034,0.209575,0.205202,0.200913,0.196708,0.192583,0.188537,0.184567,0.180673,0.176853,0.173104,0.169425,0.165815,0.162271,0.158793,0.155379,0.152027,0.148736,0.145504,0.142331,0.139214,0.136153,0.133146,0.130193,0.12729,0.124439,0.121637,0.118883,0.116176,0.113515,0.110899,0.108327,0.105798,0.10331,0.100863,0.0984563,0.0960882,0.0937579,0.0914646,0.0892073,0.0869851,0.0847972,0.0826426,0.0805205,0.0784301,0.0763706,0.0743411,0.0723408,0.0703689,0.0684247,0.0665073,0.0646161,0.0627503,0.0609092,0.0590919,0.0572979,0.0555264,0.0537767,0.0520481,0.0503399,0.0486515,0.0469822,0.0453314,0.0436984,0.0420825,0.0404831,0.0388997,0.0373315,0.035778,0.0342386,0.0327126,0.0311994,0.0296985,0.0282093,0.0267311,0.0252635,0.0238058,0.0223574,0.0209178,0.0194865,0.0180627,0.0166461,0.0152361,0.013832,0.0124333,0.0110396,0.00965016,0.00826454,0.00688216,0.00550248,0.00412497,0.00274908
1,0.976563,0.953216,0.930044,0.907129,0.884544,0.862355,0.840616,0.819372,0.798657,0.778497,0.758906,0.739894,0.72146,0.703601,0.686308,0.669568,0.653366,0.637685,0.622507,0.607812,0.59358,0.579794,0.566433,0.553478,0.540913,0.528718,0.516879,0.50538,0.494204,0.483339,0.472771,0.462486,0.452475,0.442724,0.433225,0.423966,0.414939,0.406135,0.397545,0.389162,0.380978,0.372987,0.365182,0.357556,0.350104,0.34282,0.335699,0.328736,0.321926,0.315264,0.308747,0.302369,0.296127,0.290017,0.284036,0.27818,0.272445,0.266828,0.261327,0.255938,0.250659,0.245485,0.240416,0.235449,0.230579,0.225807,0.221128,0.216541,0.212044,0.207634,0.203309,0.199068,0.194908,0.190828,0.186825,0.182898,0.179045,0.175264,0.171554,0.167913,0.164339,0.160832,0.157389,0.154008,0.15069,0.147431,0.144231,0.141089,0.138002,0.13497,0.131992,0.129067,0.126192,0.123367,0.120591,0.117863,0.115181,0.112545,0.109953,0.107404,0.104898,0.102433,0.100008,0.0976225,0.0952756,0.0929661,0.0906931,0.0884558,0.0862532,0.0840845,0.0819488,0.0798452,0.0777731,0.0757314,0.0737194,0.0717364,0.0697816,0.067854,0.0659532,0.0640781,0.0622283,0.0604028,0.058601,0.0568222,0.0550657,0.0533307,0.0516167,0.0499229,0.0482488,0.0465935,0.0449565,0.0433371,0.0417348,0.0401488,0.0385786,0.0370235,0.0354829,0.0339562,0.0324429,0.0309423,0.0294539,0.027977,0.026511,0.0250555,0.0236099,0.0221734,0.0207457,0.0193262,0.0179142,0.0165093,0.0151108,0.0137183,0.0123312,0.0109489,0.00957087,0.00819663,0.00682562,0.00545728,0.00409108,0.0027265
1,0.975754,0.951612,0.927674,0.904032,0.880772,0.857965,0.835672,0.81394,0.792804,0.772288,0.752404,0.733157,0.714543,0.696553,0.679173,0.662386,0.64617,0.630506,0.615369,0.600737,0.586587,0.572896,0.559644,0.546808,0.534369,0.522307,0.510604,0.499244,0.48821,0.477488,0.467062,0.45692,0.447049,0.437439,0.428077,0.418953,0.410059,0.401385,0.392923,0.384664,0.376602,0.368729,0.361039,0.353526,0.346183,0.339005,0.331987,0.325124,0.318411,0.311844,0.305418,0.299129,0.292973,0.286947,0.281047,0.275269,0.269611,0.264068,0.258639,0.25332,0.248108,0.243,0.237995,0.233089,0.22828,0.223565,0.218943,0.214411,0.209967,0.205609,0.201335,0.197142,0.19303,0.188996,0.185038,0.181155,0.177344,0.173605,0.169936,0.166334,0.162799,0.159329,0.155922,0.152577,0.149293,0.146068,0.142901,0.139791,0.136736,0.133735,0.130787,0.12789,0.125044,0.122248,0.119499,0.116797,0.114142,0.111531,0.108964,0.10644,0.103957,0.101516,0.0991141,0.0967513,0.0944264,0.0921386,0.0898869,0.0876704,0.0854882,0.0833396,0.0812236,0.0791395,0.0770863,0.0750633,0.0730697,0.0711048,0.0691676,0.0672576,0.0653739,0.0635157,0.0616825,0.0598734,0.0580878,0.0563249,0.054584,0.0528645,0.0511658,0.049487,0.0478277,0.0461871,0.0445646,0.0429595,0.0413713,0.0397992,0.0382428,0.0367014,0.0351743,0.033661,0.032161,0.0306735,0.029198,0.027734,0.0262809,0.0248381,0.023405,0.0219811,0.0205658,0.0191586,0.0177589,0.0163662,0.0149798,0.0135994,0.0122243,0.010854,0.00948795,0.00812563,0.00676649,0.00541001,0.00405565,0.00270288
1,0.974841,0.949804,0.925006,0.900555,0.876546,0.853062,0.830168,0.807913,0.786332,0.765447,0.745266,0.725787,0.707003,0.688896,0.671447,0.654631,0.638424,0.622798,0.607726,0.59318,0.579134,0.565562,0.552439,0.539742,0.527448,0.515536,0.503987,0.492783,0.481906,0.47134,0.46107,0.451083,0.441365,0.431905,0.422691,0.413712,0.40496,0.396424,0.388097,0.379971,0.372037,0.364289,0.356721,0.349325,0.342097,0.335031,0.328121,0.321363,0.314752,0.308283,0.301953,0.295757,0.289691,0.283752,0.277936,0.27224,0.266661,0.261196,0.255841,0.250595,0.245453,0.240414,0.235474,0.230633,0.225886,0.221232,0.216669,0.212194,0.207805,0.203501,0.199279,0.195138,0.191075,0.187089,0.183178,0.17934,0.175574,0.171878,0.168251,0.16469,0.161195,0.157763,0.154394,0.151087,0.147839,0.144649,0.141516,0.138439,0.135417,0.132448,0.129531,0.126665,0.123848,0.121081,0.118361,0.115687,0.113058,0.110474,0.107933,0.105434,0.102977,0.10056,0.0981823,0.095843,0.0935411,0.0912759,0.0890463,0.0868515,0.0846907,0.082563,0.0804675,0.0784035,0.0763702,0.0743666,0.0723922,0.070446,0.0685274,0.0666355,0.0647697,0.0629292,0.0611133,0.0593213,0.0575525,0.0558062,0.0540817,0.0523783,0.0506954,0.0490324,0.0473885,0.0457632,0.0441557,0.0425656,0.0409921,0.0394346,0.0378926,0.0363654,0.0348524,0.0333531,0.0318668,0.030393,0.0289312,0.0274806,0.0260408,0.0246112,0.0231913,0.0217804,0.0203781,0.0189838,0.0175969,0.0162169,0.0148432,0.0134754,0.0121128,0.010755,0.00940145,0.00805155,0.00670481,0.0053607,0.00401868,0.00267825
1,0.973807,0.947758,0.921991,0.896634,0.871796,0.847569,0.824024,0.801211,0.779165,0.757902,0.737424,0.717724,0.698784,0.680581,0.663086,0.646269,0.630097,0.614537,0.599557,0.585124,0.571208,0.557779,0.544809,0.532272,0.520145,0.508403,0.497026,0.485995,0.47529,0.464896,0.454796,0.444977,0.435424,0.426125,0.417069,0.408246,0.399644,0.391256,0.383072,0.375085,0.367287,0.359671,0.35223,0.344958,0.337851,0.330901,0.324104,0.317456,0.310951,0.304585,0.298354,0.292255,0.286282,0.280434,0.274706,0.269096,0.263599,0.258214,0.252937,0.247766,0.242697,0.237728,0.232858,0.228082,0.2234,0.218809,0.214307,0.209891,0.20556,0.201312,0.197144,0.193055,0.189044,0.185108,0.181245,0.177455,0.173735,0.170083,0.166499,0.162981,0.159527,0.156136,0.152807,0.149537,0.146327,0.143173,0.140076,0.137034,0.134046,0.13111,0.128225,0.12539,0.122605,0.119867,0.117177,0.114532,0.111932,0.109375,0.106861,0.104389,0.101958,0.0995659,0.097213,0.0948981,0.0926202,0.0903784,0.0881718,0.0859996,0.0838609,0.0817549,0.0796808,0.0776378,0.075625,0.0736417,0.0716872,0.0697605,0.0678611,0.0659882,0.064141,0.0623188,0.060521,0.0587467,0.0569954,0.0552663,0.0535588,0.0518722,0.0502059,0.0485591,0.0469314,0.0453219,0.0437302,0.0421555,0.0405974,0.039055,0.037528,0.0360156,0.0345173,0.0330325,0.0315607,0.0301011,0.0286534,0.0272168,0.0257909,0.0243751,0.0229688,0.0215715,0.0201827,0.0188018,0.0174282,0.0160614,0.014701,0.0133463,0.0119968,0.010652,0.0093114,0.00797444,0.0066406,0.00530936,0.0039802,0.0026526
1,0.972627,0.945428,0.918568,0.892195,0.866436,0.841395,0.817147,0.793744,0.771215,0.749571,0.728806,0.708901,0.689829,0.671557,0.654048,0.637262,0.621158,0.605698,0.590841,0.576552,0.562795,0.549536,0.536746,0.524395,0.512456,0.500905,0.48972,0.47888,0.468365,0.458158,0.448243,0.438604,0.429229,0.420103,0.411216,0.402557,0.394116,0.385884,0.377852,0.370011,0.362355,0.354877,0.34757,0.340429,0.333447,0.326619,0.31994,0.313406,0.307011,0.300752,0.294625,0.288626,0.282751,0.276997,0.27136,0.265838,0.260427,0.255125,0.249928,0.244834,0.239841,0.234946,0.230146,0.22544,0.220825,0.216299,0.211859,0.207505,0.203233,0.199043,0.194931,0.190897,0.186939,0.183054,0.179242,0.1755,0.171828,0.168223,0.164684,0.161209,0.157798,0.154449,0.15116,0.14793,0.144758,0.141643,0.138582,0.135576,0.132623,0.129721,0.12687,0.124068,0.121315,0.118608,0.115948,0.113333,0.110762,0.108234,0.105748,0.103304,0.100899,0.0985338,0.0962068,0.0939171,0.091664,0.0894465,0.0872638,0.085115,0.0829993,0.0809158,0.0788639,0.0768426,0.0748512,0.0728889,0.070955,0.0690486,0.0671692,0.0653159,0.063488,0.0616848,0.0599057,0.0581499,0.0564167,0.0547056,0.0530157,0.0513465,0.0496973,0.0480675,0.0464565,0.0448636,0.0432881,0.0417296,0.0401873,0.0386607,0.0371493,0.0356523,0.0341692,0.0326995,0.0312426,0.0297978,0.0283647,0.0269427,0.0255313,0.0241298,0.0227377,0.0213545,0.0199797,0.0186127,0.0172529,0.0159,0.0145532,0.0132121,0.0118762,0.010545,0.00921784,0.00789431,0.00657388,0.00525602,0.00394022,0.00262595
1,0.971275,0.942761,0.914657,0.88714,0.860359,0.834427,0.809424,0.785402,0.762382,0.740363,0.719327,0.699245,0.680075,0.661772,0.644288,0.627572,0.611577,0.596254,0.581559,0.567448,0.553883,0.540826,0.528244,0.516105,0.50438,0.493043,0.482071,0.471441,0.461133,0.45113,0.441413,0.43197,0.422784,0.413843,0.405136,0.396652,0.38838,0.380312,0.372439,0.364753,0.357247,0.349913,0.342747,0.33574,0.328889,0.322188,0.315632,0.309216,0.302937,0.296789,0.290769,0.284874,0.2791,0.273443,0.267901,0.26247,0.257148,0.251931,0.246817,0.241804,0.236889,0.232069,0.227343,0.222708,0.218161,0.213702,0.209328,0.205037,0.200826,0.196695,0.192642,0.188664,0.18476,0.180929,0.177168,0.173477,0.169854,0.166297,0.162804,0.159375,0.156008,0.152702,0.149455,0.146266,0.143134,0.140058,0.137035,0.134066,0.131149,0.128283,0.125466,0.122698,0.119978,0.117304,0.114675,0.112091,0.109551,0.107052,0.104595,0.102179,0.0998024,0.0974643,0.095164,0.0929005,0.0906731,0.0884807,0.0863227,0.0841981,0.0821062,0.0800461,0.0780171,0.0760183,0.074049,0.0721085,0.0701959,0.0683106,0.0664518,0.0646189,0.062811,0.0610276,0.0592678,0.0575311,0.0558168,0.0541242,0.0524526,0.0508014,0.0491701,0.0475578,0.0459641,0.0443883,0.0428297,0.0412879,0.0397621,0.0382519,0.0367565,0.0352755,0.0338082,0.0323542,0.0309127,0.0294833,0.0280654,0.0266585,0.025262,0.0238753,0.022498,0.0211294,0.0197691,0.0184166,0.0170712,0.0157325,0.0143999,0.013073,0.0117512,0.0104339,0.0091208,0.00781122,0.00650469,0.0052007,0.00389875,0.00259832
1,0.969711,0.939683,0.910159,0.881352,0.853432,0.826529,0.800723,0.776058,0.752546,0.73017,0.708897,0.688676,0.669454,0.651168,0.633758,0.617163,0.601323,0.586183,0.571692,0.5578,0.544464,0.531643,0.519299,0.507401,0.495916,0.484817,0.474079,0.463679,0.453597,0.443814,0.434312,0.425077,0.416094,0.40735,0.398834,0.390535,0.382442,0.374547,0.366841,0.359316,0.351966,0.344784,0.337763,0.330898,0.324183,0.317613,0.311185,0.304892,0.298731,0.292698,0.28679,0.281002,0.275332,0.269776,0.264331,0.258994,0.253763,0.248635,0.243606,0.238676,0.233841,0.2291,0.224449,0.219887,0.215412,0.211022,0.206714,0.202488,0.198341,0.194271,0.190278,0.186358,0.18251,0.178734,0.175027,0.171388,0.167815,0.164307,0.160862,0.15748,0.154159,0.150897,0.147693,0.144546,0.141456,0.138419,0.135436,0.132505,0.129626,0.126796,0.124015,0.121282,0.118596,0.115955,0.113359,0.110807,0.108298,0.10583,0.103403,0.101016,0.0986679,0.096358,0.0940852,0.0918488,0.0896479,0.0874815,0.085349,0.0832495,0.0811821,0.0791462,0.0771408,0.0751653,0.0732189,0.0713009,0.0694104,0.0675468,0.0657094,0.0638975,0.0621103,0.0603472,0.0586076,0.0568906,0.0551958,0.0535224,0.0518697,0.0502372,0.0486243,0.0470302,0.0454544,0.0438963,0.0423552,0.0408306,0.0393219,0.0378286,0.0363499,0.0348854,0.0334345,0.0319966,0.0305712,0.0291577,0.0277555,0.0263642,0.0249832,0.0236119,0.0222498,0.0208964,0.0195512,0.0182135,0.016883,0.0155591,0.0142412,0.0129289,0.0116217,0.010319,0.00902033,0.00772518,0.00643304,0.00514342,0.00385581,0.0025697
1,0.967886,0.9361,0.904944,0.874674,0.845491,0.817533,0.790879,0.765563,0.741574,0.718877,0.697412,0.67711,0.657896,0.639689,0.622415,0.605998,0.590369,0.575465,0.561225,0.547596,0.53453,0.521981,0.509911,0.498283,0.487066,0.47623,0.465749,0.455601,0.445763,0.436217,0.426946,0.417933,0.409166,0.400631,0.392316,0.384211,0.376306,0.368592,0.361061,0.353706,0.346518,0.339493,0.332624,0.325905,0.319332,0.312899,0.306602,0.300436,0.294398,0.288484,0.28269,0.277013,0.27145,0.265998,0.260653,0.255414,0.250276,0.245239,0.240299,0.235454,0.230702,0.22604,0.221467,0.216981,0.212579,0.208259,0.204021,0.199861,0.195779,0.191773,0.18784,0.18398,0.180191,0.176471,0.172818,0.169233,0.165712,0.162254,0.158859,0.155525,0.152251,0.149034,0.145875,0.142772,0.139723,0.136728,0.133786,0.130894,0.128053,0.125261,0.122517,0.11982,0.117169,0.114562,0.112,0.109481,0.107004,0.104567,0.102171,0.0998146,0.0974962,0.0952153,0.092971,0.0907625,0.0885889,0.0864494,0.0843432,0.0822695,0.0802275,0.0782164,0.0762356,0.0742841,0.0723613,0.0704664,0.0685988,0.0667576,0.0649423,0.0631521,0.0613863,0.0596442,0.0579253,0.0562288,0.054554,0.0529004,0.0512673,0.0496541,0.0480601,0.0464848,0.0449276,0.0433877,0.0418647,0.040358,0.038867,0.037391,0.0359296,0.0344822,0.0330482,0.031627,0.0302182,0.0288211,0.0274352,0.02606,0.024695,0.0233396,0.0219933,0.0206555,0.0193258,0.0180036,0.0166885,0.0153798,0.0140772,0.01278,0.0114879,0.0102002,0.00891647,0.00763623,0.00635898,0.00508421,0.00381142,0.00254012
1,0.965734,0.931888,0.898842,0.866911,0.836325,0.807231,0.7797,0.753739,0.729312,0.70635,0.684765,0.664458,0.645329,0.627279,0.610214,0.594045,0.578692,0.564081,0.550148,0.536831,0.524078,0.511842,0.50008,0.488756,0.477835,0.467288,0.457088,0.447212,0.437637,0.428346,0.41932,0.410545,0.402006,0.393691,0.385589,0.377688,0.36998,0.362455,0.355107,0.347927,0.340909,0.334047,0.327336,0.320768,0.314341,0.308049,0.301888,0.295853,0.289942,0.28415,0.278475,0.272912,0.267459,0.262113,0.256872,0.251732,0.246691,0.241747,0.236897,0.23214,0.227472,0.222893,0.2184,0.213991,0.209664,0.205417,0.201249,0.197158,0.193143,0.189201,0.185332,0.181533,0.177803,0.17414,0.170545,0.167014,0.163546,0.160141,0.156796,0.153511,0.150285,0.147116,0.144002,0.140944,0.137939,0.134986,0.132085,0.129234,0.126433,0.123679,0.120973,0.118313,0.115698,0.113127,0.110599,0.108114,0.10567,0.103266,0.100902,0.0985759,0.096288,0.0940369,0.0918219,0.0896421,0.0874967,0.0853848,0.0833057,0.0812586,0.0792428,0.0772573,0.0753016,0.0733749,0.0714765,0.0696055,0.0677614,0.0659434,0.0641508,0.0623829,0.0606392,0.0589188,0.0572213,0.0555458,0.0538918,0.0522586,0.0506457,0.0490523,0.047478,0.045922,0.0443839,0.0428629,0.0413586,0.0398702,0.0383974,0.0369395,0.0354959,0.0340661,0.0326495,0.0312456,0.0298538,0.0284737,0.0271046,0.0257461,0.0243975,0.0230585,0.0217285,0.0204069,0.0190932,0.017787,0.0164877,0.0151948,0.0139079,0.0126263,0.0113497,0.0100775,0.00880925,0.00754442,0.00628253,0.00502309,0.0037656,0.00250959
1,0.963163,0.926875,0.891627,0.857803,0.825668,0.795368,0.766949,0.740382,0.715585,0.692447,0.670839,0.650628,0.631684,0.613884,0.597116,0.581276,0.566272,0.552022,0.538453,0.525501,0.51311,0.501228,0.489813,0.478826,0.468231,0.458,0.448105,0.438521,0.42923,0.42021,0.411445,0.402921,0.394623,0.38654,0.37866,0.370973,0.36347,0.356143,0.348985,0.341988,0.335145,0.328452,0.321903,0.315492,0.309216,0.303069,0.297048,0.291148,0.285367,0.279701,0.274147,0.268701,0.263362,0.258125,0.252989,0.247951,0.243009,0.238161,0.233404,0.228736,0.224156,0.219661,0.215249,0.210919,0.206669,0.202497,0.198402,0.194381,0.190434,0.186558,0.182753,0.179017,0.175348,0.171745,0.168207,0.164732,0.161319,0.157967,0.154675,0.15144,0.148263,0.145142,0.142076,0.139063,0.136102,0.133194,0.130335,0.127526,0.124765,0.122051,0.119384,0.116761,0.114184,0.111649,0.109157,0.106706,0.104296,0.101926,0.0995939,0.0973003,0.0950437,0.0928234,0.0906385,0.0884882,0.0863717,0.0842883,0.0822371,0.0802173,0.0782283,0.0762693,0.0743396,0.0724383,0.0705649,0.0687185,0.0668986,0.0651044,0.0633352,0.0615904,0.0598694,0.0581714,0.0564958,0.054842,0.0532093,0.0515972,0.0500051,0.0484322,0.046878,0.045342,0.0438235,0.042322,0.0408369,0.0393675,0.0379134,0.0364741,0.0350488,0.0336371,0.0322385,0.0308524,0.0294783,0.0281156,0.0267638,0.0254224,0.0240909,0.0227688,0.0214555,0.0201505,0.0188534,0.0175636,0.0162807,0.0150041,0.0137333,0.0124679,0.0112073,0.00995108,0.00869873,0.00744978,0.00620372,0.00496008,0.00371837,0.00247811
1,0.960042,0.920824,0.882986,0.847005,0.813175,0.781623,0.752346,0.725254,0.7002,0.677014,0.655516,0.635531,0.616895,0.599459,0.583091,0.567672,0.553099,0.539282,0.526143,0.513612,0.501632,0.490149,0.479119,0.468503,0.458265,0.448376,0.438809,0.42954,0.42055,0.411819,0.403331,0.395071,0.387026,0.379186,0.371538,0.364074,0.356785,0.349664,0.342702,0.335894,0.329233,0.322714,0.316332,0.310083,0.303962,0.297964,0.292087,0.286326,0.280679,0.275141,0.269711,0.264386,0.259162,0.254037,0.249009,0.244076,0.239235,0.234485,0.229823,0.225247,0.220755,0.216346,0.212018,0.207769,0.203597,0.199501,0.19548,0.191531,0.187654,0.183846,0.180107,0.176434,0.172828,0.169286,0.165807,0.162389,0.159032,0.155735,0.152495,0.149313,0.146186,0.143114,0.140096,0.13713,0.134216,0.131351,0.128537,0.12577,0.123051,0.120378,0.11775,0.115167,0.112627,0.11013,0.107674,0.105259,0.102884,0.100547,0.0982493,0.0959884,0.093764,0.0915752,0.0894212,0.0873013,0.0852146,0.0831603,0.0811377,0.0791461,0.0771847,0.0752529,0.0733497,0.0714747,0.0696269,0.0678059,0.0660108,0.0642411,0.062496,0.0607749,0.0590772,0.0574021,0.0557492,0.0541177,0.052507,0.0509165,0.0493457,0.0477939,0.0462606,0.044745,0.0432468,0.0417653,0.0402999,0.0388501,0.0374153,0.035995,0.0345886,0.0331956,0.0318155,0.0304477,0.0290917,0.0277469,0.026413,0.0250893,0.0237753,0.0224705,0.0211745,0.0198867,0.0186066,0.0173337,0.0160676,0.0148077,0.0135536,0.0123047,0.0110607,0.0098209,0.00858495,0.00735234,0.00612258,0.00489521,0.00366974,0.0024457
1,0.956181,0.913391,0.872488,0.834058,0.798405,0.765603,0.73556,0.708087,0.682949,0.659894,0.63868,0.619084,0.600905,0.583967,0.568116,0.553221,0.53917,0.525865,0.513223,0.501174,0.489656,0.478617,0.468012,0.457801,0.44795,0.43843,0.429215,0.420282,0.411611,0.403185,0.394988,0.387006,0.379227,0.371639,0.364234,0.357001,0.349934,0.343024,0.336266,0.329653,0.323179,0.31684,0.31063,0.304546,0.298584,0.29274,0.28701,0.281391,0.27588,0.270475,0.265172,0.259969,0.254863,0.249853,0.244936,0.240109,0.235372,0.230721,0.226156,0.221673,0.217272,0.212951,0.208708,0.204542,0.20045,0.196432,0.192486,0.188611,0.184805,0.181066,0.177394,0.173787,0.170245,0.166764,0.163345,0.159987,0.156687,0.153445,0.15026,0.147131,0.144056,0.141034,0.138065,0.135147,0.132279,0.129461,0.126691,0.123968,0.121291,0.11866,0.116073,0.113529,0.111029,0.108569,0.106151,0.103773,0.101433,0.099132,0.0968682,0.094641,0.0924496,0.0902931,0.0881708,0.086082,0.0840258,0.0820014,0.0800083,0.0780455,0.0761125,0.0742084,0.0723326,0.0704844,0.0686631,0.066868,0.0650985,0.0633539,0.0616335,0.0599368,0.058263,0.0566115,0.0549818,0.0533732,0.0517851,0.0502169,0.048668,0.0471378,0.0456258,0.0441313,0.0426539,0.0411929,0.0397478,0.0383181,0.0369031,0.0355024,0.0341155,0.0327417,0.0313805,0.0300316,0.0286942,0.0273679,0.0260523,0.0247467,0.0234507,0.0221639,0.0208856,0.0196154,0.0183528,0.0170973,0.0158485,0.0146058,0.0133688,0.012137,0.0109099,0.00968706,0.00846796,0.00725215,0.00603916,0.00482851,0.00361974,0.00241238
1,0.95129,0.904072,0.859518,0.818333,0.780785,0.746823,0.716203,0.688587,0.663613,0.640932,0.620228,0.601221,0.583675,0.567387,0.552185,0.537928,0.524495,0.511785,0.499712,0.488205,0.477202,0.466652,0.456511,0.446739,0.437305,0.42818,0.41934,0.410762,0.402429,0.394323,0.386431,0.378738,0.371235,0.363911,0.356757,0.349764,0.342926,0.336235,0.329686,0.323273,0.316991,0.310836,0.304803,0.298889,0.29309,0.287402,0.281822,0.276349,0.270977,0.265706,0.260533,0.255455,0.25047,0.245577,0.240772,0.236054,0.231422,0.226873,0.222406,0.218019,0.213711,0.209479,0.205323,0.20124,0.197231,0.193292,0.189423,0.185622,0.181889,0.178221,0.174617,0.171077,0.167599,0.164182,0.160825,0.157526,0.154285,0.1511,0.147971,0.144895,0.141873,0.138903,0.135984,0.133115,0.130295,0.127523,0.124799,0.12212,0.119487,0.116898,0.114353,0.11185,0.109389,0.106969,0.104589,0.102248,0.0999453,0.09768,0.0954514,0.0932587,0.091101,0.0889777,0.0868879,0.0848308,0.0828059,0.0808122,0.0788492,0.076916,0.075012,0.0731364,0.0712886,0.069468,0.0676738,0.0659053,0.064162,0.0624431,0.0607481,0.0590763,0.0574271,0.0557998,0.0541939,0.0526088,0.0510438,0.0494985,0.0479721,0.0464641,0.044974,0.0435012,0.0420451,0.0406052,0.039181,0.0377718,0.0363772,0.0349967,0.0336296,0.0322755,0.0309339,0.0296042,0.028286,0.0269787,0.0256818,0.0243949,0.0231174,0.0218489,0.0205888,0.0193367,0.0180921,0.0168545,0.0156235,0.0143985,0.0131791,0.0119647,0.0107551,0.00954958,0.00834779,0.00714924,0.00595347,0.00476,0.00356839,0.00237816
1,0.944907,0.89209,0.84318,0.79897,0.759578,0.724702,0.693841,0.666444,0.641985,0.619995,0.600077,0.581899,0.565188,0.54972,0.535311,0.521812,0.509098,0.497067,0.485635,0.474731,0.464296,0.454279,0.44464,0.435341,0.426352,0.417646,0.409202,0.400998,0.393019,0.385248,0.377673,0.370283,0.363066,0.356014,0.349119,0.342373,0.33577,0.329304,0.32297,0.316762,0.310677,0.30471,0.298858,0.293117,0.287484,0.281956,0.27653,0.271204,0.265975,0.260841,0.2558,0.250849,0.245987,0.241212,0.236522,0.231915,0.22739,0.222944,0.218578,0.214287,0.210073,0.205932,0.201864,0.197868,0.193941,0.190083,0.186292,0.182567,0.178908,0.175312,0.171778,0.168306,0.164894,0.161542,0.158247,0.155009,0.151828,0.148701,0.145628,0.142607,0.139639,0.136721,0.133853,0.131034,0.128263,0.125539,0.122861,0.120228,0.11764,0.115094,0.112592,0.110131,0.10771,0.10533,0.102989,0.100686,0.0984209,0.0961923,0.0939996,0.0918421,0.089719,0.0876295,0.0855729,0.0835485,0.0815555,0.0795932,0.077661,0.075758,0.0738837,0.0720374,0.0702183,0.0684259,0.0666594,0.0649182,0.0632017,0.0615092,0.0598402,0.0581939,0.0565699,0.0549674,0.0533859,0.0518249,0.0502836,0.0487617,0.0472583,0.0457731,0.0443055,0.0428549,0.0414207,0.0400024,0.0385995,0.0372115,0.0358377,0.0344778,0.0331312,0.0317973,0.0304757,0.0291658,0.0278672,0.0265794,0.0253018,0.024034,0.0227755,0.0215258,0.0202844,0.0190509,0.0178247,0.0166054,0.0153926,0.0141857,0.0129844,0.011788,0.0105962,0.00940854,0.00822451,0.00704367,0.00586556,0.00468972,0.0035157,0.00234304
1,0.936247,0.876201,0.82214,0.774791,0.733857,0.698565,0.668016,0.641365,0.617886,0.596985,0.578186,0.56111,0.545458,0.530993,0.517528,0.50491,0.493017,0.481751,0.47103,0.460789,0.450971,0.44153,0.432428,0.423632,0.415115,0.406852,0.398823,0.391011,0.3834,0.375978,0.368732,0.361653,0.354732,0.347961,0.341332,0.33484,0.328478,0.322242,0.316128,0.31013,0.304246,0.298471,0.292803,0.287238,0.281774,0.276409,0.271139,0.265963,0.260879,0.255884,0.250977,0.246155,0.241418,0.236763,0.23219,0.227695,0.223278,0.218938,0.214673,0.210481,0.206362,0.202314,0.198336,0.194426,0.190583,0.186807,0.183096,0.179449,0.175864,0.172341,0.168878,0.165475,0.162131,0.158844,0.155613,0.152437,0.149316,0.146248,0.143232,0.140268,0.137355,0.13449,0.131675,0.128906,0.126185,0.12351,0.120879,0.118293,0.11575,0.113249,0.11079,0.108371,0.105992,0.103653,0.101351,0.0990876,0.0968605,0.0946694,0.0925134,0.0903919,0.0883041,0.0862492,0.0842266,0.0822354,0.0802751,0.078345,0.0764442,0.0745722,0.0727283,0.0709118,0.0691221,0.0673585,0.0656204,0.0639071,0.062218,0.0605526,0.0589101,0.05729,0.0556917,0.0541146,0.0525582,0.0510218,0.0495048,0.0480068,0.0465271,0.0450652,0.0436205,0.0421926,0.0407808,0.0393847,0.0380037,0.0366373,0.0352849,0.0339462,0.0326204,0.0313073,0.0300062,0.0287166,0.0274381,0.0261702,0.0249124,0.0236642,0.0224251,0.0211947,0.0199724,0.0187579,0.0175506,0.0163502,0.015156,0.0139677,0.0127848,0.0116069,0.0104334,0.00926399,0.00809816,0.00693547,0.00577546,0.00461768,0.0034617,0.00230705
1,0.923879,0.854327,0.79439,0.744196,0.702494,0.667684,0.638293,0.613113,0.591211,0.571875,0.554572,0.538896,0.524541,0.511269,0.498897,0.487282,0.47631,0.46589,0.455947,0.446423,0.437269,0.428443,0.419911,0.411646,0.403624,0.395824,0.388228,0.380822,0.373594,0.366532,0.359625,0.352867,0.346249,0.339765,0.333409,0.327176,0.321061,0.31506,0.309169,0.303385,0.297705,0.292126,0.286644,0.281259,0.275967,0.270766,0.265655,0.260632,0.255694,0.25084,0.246069,0.241378,0.236767,0.232235,0.227778,0.223398,0.219091,0.214857,0.210695,0.206603,0.202581,0.198626,0.194739,0.190917,0.18716,0.183467,0.179837,0.176268,0.172759,0.16931,0.16592,0.162587,0.159311,0.15609,0.152924,0.149812,0.146752,0.143744,0.140787,0.13788,0.135022,0.132212,0.129449,0.126733,0.124062,0.121436,0.118854,0.116315,0.113818,0.111362,0.108947,0.106572,0.104236,0.101938,0.0996772,0.0974532,0.0952651,0.0931122,0.0909937,0.0889089,0.086857,0.0848375,0.0828495,0.0808924,0.0789655,0.0770681,0.0751995,0.0733591,0.0715462,0.0697603,0.0680005,0.0662664,0.0645573,0.0628725,0.0612115,0.0595736,0.0579583,0.056365,0.054793,0.0532419,0.051711,0.0501998,0.0487077,0.0472341,0.0457786,0.0443405,0.0429194,0.0415147,0.0401259,0.0387524,0.0373938,0.0360495,0.034719,0.0334019,0.0320976,0.0308056,0.0295255,0.0282567,0.0269988,0.0257513,0.0245137,0.0232855,0.0220663,0.0208556,0.019653,0.018458,0.01727,0.0160888,0.0149138,0.0137445,0.0125805,0.0114214,0.0102667,0.00911599,0.00796879,0.00682468,0.0056832,0.00454393,0.00340641,0.00227021
1,0.904941,0.82284,0.756895,0.705109,0.664238,0.631386,0.604358,0.581585,0.561968,0.544733,0.52933,0.515363,0.50254,0.490644,0.47951,0.469012,0.459052,0.44955,0.440446,0.431689,0.423238,0.415061,0.407128,0.399418,0.391911,0.384591,0.377444,0.370457,0.363622,0.356929,0.350371,0.343941,0.337633,0.331442,0.325364,0.319395,0.31353,0.307768,0.302104,0.296537,0.291064,0.285683,0.280391,0.275187,0.270069,0.265035,0.260084,0.255215,0.250425,0.245714,0.24108,0.236522,0.232039,0.22763,0.223293,0.219027,0.214832,0.210706,0.206648,0.202657,0.198732,0.194873,0.191077,0.187345,0.183675,0.180066,0.176517,0.173027,0.169596,0.166222,0.162905,0.159643,0.156436,0.153283,0.150183,0.147134,0.144137,0.14119,0.138292,0.135443,0.132642,0.129887,0.127178,0.124515,0.121896,0.11932,0.116787,0.114296,0.111846,0.109436,0.107066,0.104735,0.102442,0.100186,0.0979671,0.0957837,0.0936353,0.0915213,0.089441,0.0873936,0.0853785,0.083395,0.0814423,0.0795199,0.077627,0.0757631,0.0739273,0.0721192,0.070338,0.0685832,0.066854,0.06515,0.0634705,0.0618148,0.0601824,0.0585728,0.0569852,0.0554192,0.0538742,0.0523495,0.0508447,0.0493593,0.0478925,0.046444,0.0450132,0.0435995,0.0422024,0.0408215,0.0394561,0.0381058,0.03677,0.0354484,0.0341403,0.0328452,0.0315628,0.0302925,0.0290338,0.0277863,0.0265494,0.0253227,0.0241058,0.0228982,0.0216993,0.0205089,0.0193263,0.0181512,0.016983,0.0158214,0.014666,0.0135161,0.0123715,0.0112317,0.0100962,0.00896459,0.00783646,0.00671135,0.00558883,0.00446848,0.00334985,0.00223251
1,0.873043,0.775197,0.705243,0.655107,0.617963,0.589264,0.566167,0.546901,0.530343,0.515758,0.502653,0.490685,0.479612,0.469257,0.459488,0.450206,0.441334,0.432814,0.424598,0.416649,0.408935,0.401434,0.394123,0.386987,0.380012,0.373186,0.366499,0.359942,0.353509,0.347193,0.340989,0.334893,0.3289,0.323007,0.317211,0.311509,0.305898,0.300377,0.294944,0.289596,0.284332,0.279151,0.27405,0.269029,0.264087,0.259222,0.254433,0.249719,0.245079,0.240511,0.236016,0.231592,0.227238,0.222953,0.218736,0.214587,0.210504,0.206487,0.202534,0.198645,0.19482,0.191056,0.187353,0.183711,0.180129,0.176605,0.173138,0.169729,0.166376,0.163079,0.159835,0.156646,0.153509,0.150424,0.14739,0.144407,0.141473,0.138587,0.13575,0.13296,0.130216,0.127517,0.124863,0.122253,0.119686,0.117162,0.114679,0.112237,0.109834,0.107472,0.105148,0.102861,0.100612,0.0983992,0.096222,0.0940798,0.0919719,0.0898976,0.0878561,0.0858469,0.0838692,0.0819224,0.0800057,0.0781186,0.0762605,0.0744306,0.0726283,0.070853,0.0691042,0.0673811,0.0656832,0.0640098,0.0623605,0.0607345,0.0591313,0.0575504,0.0559912,0.0544531,0.0529355,0.0514379,0.0499598,0.0485006,0.0470598,0.0456368,0.0442312,0.0428424,0.0414698,0.0401131,0.0387717,0.037445,0.0361327,0.0348341,0.0335489,0.0322764,0.0310164,0.0297682,0.0285314,0.0273056,0.0260902,0.0248849,0.0236891,0.0225024,0.0213243,0.0201545,0.0189924,0.0178376,0.0166897,0.0155482,0.0144127,0.0132828,0.0121579,0.0110378,0.00992192,0.00880986,0.00770121,0.00659553,0.00549239,0.00439137,0.00329204,0.00219399
1,0.812036,0.699662,0.633771,0.592114,0.563244,0.541541,0.524145,0.509511,0.496745,0.485304,0.474839,0.465114,0.455967,0.447284,0.438978,0.430989,0.423266,0.415774,0.408484,0.401372,0.394421,0.387616,0.380944,0.374396,0.367965,0.361642,0.355423,0.349303,0.343278,0.337345,0.3315,0.325742,0.320067,0.314475,0.308964,0.303532,0.298178,0.2929,0.287698,0.282571,0.277518,0.272538,0.26763,0.262794,0.258028,0.253333,0.248707,0.244149,0.23966,0.235238,0.230882,0.226593,0.222368,0.218209,0.214113,0.210081,0.206112,0.202204,0.198358,0.194572,0.190845,0.187178,0.18357,0.180019,0.176524,0.173086,0.169704,0.166376,0.163102,0.159881,0.156713,0.153596,0.15053,0.147514,0.144548,0.14163,0.138761,0.135938,0.133161,0.130431,0.127745,0.125103,0.122505,0.119949,0.117435,0.114963,0.11253,0.110138,0.107784,0.105469,0.103192,0.100951,0.0987462,0.0965771,0.0944427,0.0923425,0.0902758,0.0882418,0.0862399,0.0842694,0.0823298,0.0804203,0.0785403,0.0766892,0.0748664,0.0730712,0.071303,0.0695612,0.0678452,0.0661545,0.0644884,0.0628463,0.0612277,0.059632,0.0580587,0.0565071,0.0549767,0.053467,0.0519774,0.0505074,0.0490565,0.0476241,0.0462097,0.0448128,0.0434329,0.0420695,0.040722,0.03939,0.038073,0.0367705,0.035482,0.034207,0.0329451,0.0316957,0.0304585,0.0292329,0.0280184,0.0268148,0.0256213,0.0244377,0.0232635,0.0220982,0.0209414,0.0197926,0.0186514,0.0175174,0.0163902,0.0152692,0.0141541,0.0130445,0.0119398,0.0108398,0.00974396,0.00865186,0.0075631,0.00647725,0.0053939,0.00431263,0.00323302,0.00215465
1,0.67544,0.577643,0.538066,0.516334,0.501357,0.48951,0.479362,0.47025,0.461823,0.453876,0.446284,0.438963,0.431859,0.424932,0.418154,0.411504,0.404968,0.398533,0.392191,0.385936,0.379762,0.373664,0.367641,0.36169,0.355808,0.349995,0.344249,0.33857,0.332956,0.327408,0.321925,0.316507,0.311153,0.305864,0.300638,0.295477,0.290381,0.285348,0.280379,0.275473,0.270632,0.265854,0.26114,0.256489,0.251901,0.247375,0.242913,0.238513,0.234174,0.229898,0.225683,0.221528,0.217435,0.213402,0.209428,0.205514,0.201658,0.197861,0.194121,0.190439,0.186813,0.183243,0.179729,0.17627,0.172865,0.169514,0.166215,0.162969,0.159775,0.156632,0.153539,0.150496,0.147502,0.144556,0.141658,0.138807,0.136002,0.133243,0.130528,0.127858,0.125231,0.122647,0.120105,0.117604,0.115144,0.112724,0.110343,0.108001,0.105697,0.10343,0.101199,0.0990049,0.0968457,0.0947209,0.0926301,0.0905726,0.0885476,0.0865546,0.0845929,0.0826619,0.080761,0.0788894,0.0770467,0.0752322,0.0734453,0.0716854,0.0699519,0.0682443,0.0665618,0.064904,0.0632703,0.06166,0.0600728,0.0585079,0.0569649,0.0554431,0.0539422,0.0524614,0.0510004,0.0495585,0.0481353,0.0467302,0.0453427,0.0439724,0.0426187,0.0412811,0.0399592,0.0386524,0.0373603,0.0360824,0.0348182,0.0335673,0.0323291,0.0311033,0.0298893,0.0286867,0.0274951,0.026314,0.025143,0.0239816,0.0228294,0.0216859,0.0205507,0.0194234,0.0183036,0.0171908,0.0160846,0.0149845,0.0138903,0.0128013,0.0117173,0.0106378,0.00956239,0.00849066,0.00742219,0.00635658,0.00529341,0.00423228,0.00317279,0.00211451
0,0.312081,0.397404,0.424516,0.433798,0.436342,0.435779,0.433544,0.430306,0.42642,0.422093,0.417457,0.412597,0.407575,0.402432,0.397202,0.391907,0.386568,0.381199,0.375813,0.370419,0.365025,0.359639,0.354267,0.348914,0.343584,0.338281,0.333009,0.327771,0.32257,0.317407,0.312286,0.307208,0.302175,0.297188,0.292249,0.287359,0.28252,0.277732,0.272996,0.268312,0.263683,0.259107,0.254587,0.250121,0.24571,0.241356,0.237057,0.232814,0.228628,0.224497,0.220423,0.216404,0.212442,0.208535,0.204684,0.200888,0.197147,0.19346,0.189828,0.18625,0.182725,0.179254,0.175835,0.172468,0.169153,0.165889,0.162675,0.159512,0.156398,0.153333,0.150317,0.147348,0.144426,0.141551,0.138722,0.135938,0.133199,0.130503,0.127851,0.125242,0.122675,0.120149,0.117664,0.115219,0.112813,0.110447,0.108118,0.105827,0.103573,0.101355,0.0991723,0.0970247,0.0949114,0.0928317,0.090785,0.0887708,0.0867882,0.0848369,0.082916,0.0810251,0.0791634,0.0773305,0.0755257,0.0737484,0.071998,0.070274,0.0685758,0.0669028,0.0652544,0.0636301,0.0620293,0.0604515,0.0588961,0.0573626,0.0558504,0.0543591,0.052888,0.0514367,0.0500047,0.0485915,0.0471965,0.0458192,0.0444592,0.0431159,0.0417889,0.0404777,0.0391817,0.0379006,0.0366339,0.0353811,0.0341416,0.0329152,0.0317013,0.0304994,0.0293091,0.02813,0.0269617,0.0258036,0.0246554,0.0235166,0.0223868,0.0212655,0.0201524,0.0190471,0.017949,0.0168578,0.015773,0.0146943,0.0136213,0.0125535,0.0114905,0.0104319,0.00937728,0.0083263,0.00727852,0.00623354,0.00519096,0.00415037,0.00311139,0.00207359
0,0.17548,0.275376,0.328797,0.357999,0.374432,0.383721,0.38873,0.39101,0.391457,0.39062,0.388853,0.386394,0.38341,0.38002,0.376313,0.372355,0.368198,0.363883,0.359442,0.354901,0.350281,0.345601,0.340874,0.336115,0.331333,0.326537,0.321736,0.316937,0.312145,0.307366,0.302604,0.297865,0.293151,0.288465,0.283811,0.279192,0.274609,0.270064,0.26556,0.261098,0.25668,0.252306,0.247979,0.243698,0.239465,0.235281,0.231146,0.227061,0.223026,0.219041,0.215108,0.211225,0.207394,0.203614,0.199885,0.196208,0.192581,0.189006,0.185482,0.182008,0.178585,0.175212,0.171889,0.168615,0.16539,0.162214,0.159086,0.156006,0.152973,0.149987,0.147048,0.144154,0.141305,0.138501,0.135741,0.133025,0.130352,0.127722,0.125133,0.122585,0.120078,0.117611,0.115184,0.112795,0.110445,0.108132,0.105856,0.103617,0.101413,0.0992449,0.0971109,0.0950109,0.0929442,0.0909102,0.0889083,0.086938,0.0849985,0.0830894,0.0812099,0.0793597,0.0775379,0.0757442,0.0739778,0.0722383,0.0705251,0.0688375,0.0671751,0.0655373,0.0639235,0.0623333,0.060766,0.0592211,0.0576981,0.0561965,0.0547157,0.0532553,0.0518147,0.0503934,0.0489909,0.0476068,0.0462405,0.0448915,0.0435594,0.0422436,0.0409438,0.0396594,0.0383899,0.037135,0.0358941,0.0346667,0.0334525,0.032251,0.0310618,0.0298843,0.0287182,0.027563,0.0264183,0.0252837,0.0241587,0.0230429,0.021936,0.0208374,0.0197467,0.0186637,0.0175877,0.0165185,0.0154557,0.0143987,0.0133473,0.0123009,0.0112593,0.0102221,0.0091887,0.00815887,0.00713217,0.00610821,0.00508659,0.00406693,0.00304883,0.0020319
0,0.114464,0.199823,0.257298,0.294969,0.319667,0.335943,0.346645,0.353547,0.357778,0.360077,0.360941,0.360717,0.359652,0.357926,0.355675,0.353002,0.349987,0.346694,0.343172,0.339462,0.335598,0.331608,0.327515,0.323339,0.319095,0.314798,0.310461,0.306095,0.301707,0.297307,0.292901,0.288497,0.284098,0.279711,0.27534,0.270988,0.266659,0.262357,0.258083,0.253841,0.249633,0.24546,0.241325,0.237228,0.233172,0.229158,0.225186,0.221258,0.217374,0.213535,0.209742,0.205995,0.202295,0.198642,0.195036,0.191477,0.187966,0.184502,0.181086,0.177717,0.174395,0.171121,0.167894,0.164713,0.161579,0.158492,0.15545,0.152453,0.149502,0.146595,0.143733,0.140915,0.13814,0.135408,0.132718,0.13007,0.127464,0.124899,0.122374,0.119888,0.117442,0.115035,0.112666,0.110334,0.10804,0.105781,0.103559,0.101372,0.0992195,0.0971012,0.0950164,0.0929645,0.090945,0.0889573,0.0870008,0.085075,0.0831792,0.0813128,0.0794754,0.0776664,0.0758852,0.0741312,0.0724039,0.0707027,0.0690271,0.0673766,0.0657505,0.0641485,0.0625699,0.0610142,0.0594809,0.0579694,0.0564794,0.0550102,0.0535613,0.0521323,0.0507226,0.0493318,0.0479594,0.0466048,0.0452677,0.0439475,0.0426437,0.041356,0.0400838,0.0388266,0.0375841,0.0363557,0.0351411,0.0339397,0.0327512,0.0315751,0.0304109,0.0292582,0.0281167,0.0269858,0.0258652,0.0247545,0.0236531,0.0225608,0.021477,0.0204015,0.0193338,0.0182734,0.01722,0.0161732,0.0151326,0.0140977,0.0130683,0.0120439,0.0110241,0.0100085,0.00899672,0.00798842,0.00698317,0.00598061,0.00498034,0.00398198,0.00298515,0.00198946
0,0.0825531,0.152152,0.205604,0.244912,0.273324,0.293739,0.308359,0.318755,0.326032,0.330969,0.334118,0.335881,0.336554,0.336357,0.335459,0.333992,0.332055,0.329733,0.327089,0.324177,0.321042,0.317719,0.31424,0.31063,0.30691,0.303101,0.299217,0.295274,0.291282,0.287254,0.283198,0.279122,0.275035,0.270942,0.266849,0.262762,0.258684,0.254621,0.250575,0.246551,0.24255,0.238577,0.234632,0.230718,0.226838,0.222992,0.219183,0.215411,0.211677,0.207984,0.204331,0.200719,0.19715,0.193623,0.19014,0.1867,0.183303,0.179951,0.176643,0.173379,0.170159,0.166984,0.163853,0.160766,0.157723,0.154724,0.151768,0.148856,0.145987,0.14316,0.140376,0.137633,0.134932,0.132272,0.129653,0.127075,0.124536,0.122036,0.119575,0.117153,0.114769,0.112421,0.110111,0.107837,0.105599,0.103396,0.101227,0.099093,0.0969923,0.0949248,0.0928897,0.0908866,0.0889148,0.086974,0.0850634,0.0831826,0.081331,0.0795081,0.0777133,0.075946,0.0742058,0.0724921,0.0708044,0.0691421,0.0675047,0.0658918,0.0643026,0.0627369,0.0611939,0.0596733,0.0581745,0.0566971,0.0552404,0.0538041,0.0523876,0.0509905,0.0496123,0.0482524,0.0469105,0.045586,0.0442785,0.0429875,0.0417126,0.0404533,0.0392092,0.0379797,0.0367646,0.0355632,0.0343753,0.0332003,0.0320379,0.0308875,0.0297489,0.0286214,0.0275049,0.0263988,0.0253026,0.0242161,0.0231388,0.0220703,0.0210102,0.0199581,0.0189137,0.0178764,0.0168459,0.0158219,0.0148039,0.0137916,0.0127846,0.0117824,0.0107847,0.00979121,0.00880143,0.00781502,0.00683161,0.00585081,0.00487225,0.00389556,0.00292037,0.00194629
0,0.0635966,0.120628,0.168055,0.205752,0.234976,0.257331,0.274296,0.287082,0.296628,0.303647,0.308681,0.312136,0.314325,0.315489,0.315814,0.315449,0.31451,0.313093,0.311274,0.309117,0.306674,0.303988,0.301096,0.29803,0.294816,0.291477,0.288033,0.284501,0.280895,0.277229,0.273514,0.269761,0.265978,0.262173,0.258353,0.254526,0.250696,0.246868,0.243047,0.239237,0.235442,0.231665,0.227909,0.224176,0.22047,0.216791,0.213142,0.209525,0.205942,0.202392,0.198879,0.195402,0.191963,0.188562,0.185201,0.181879,0.178597,0.175356,0.172156,0.168997,0.16588,0.162804,0.159769,0.156776,0.153824,0.150914,0.148045,0.145217,0.14243,0.139683,0.136977,0.134311,0.131684,0.129097,0.126549,0.12404,0.121569,0.119136,0.11674,0.114381,0.112058,0.109772,0.10752,0.105305,0.103123,0.100976,0.0988619,0.0967811,0.0947328,0.0927165,0.0907317,0.0887779,0.0868545,0.084961,0.083097,0.0812618,0.0794549,0.0776759,0.0759242,0.0741993,0.0725007,0.0708278,0.0691802,0.0675573,0.0659587,0.0643837,0.062832,0.061303,0.0597963,0.0583112,0.0568475,0.0554045,0.0539817,0.0525788,0.0511952,0.0498304,0.0484841,0.0471556,0.0458447,0.0445507,0.0432733,0.042012,0.0407664,0.039536,0.0383203,0.0371191,0.0359317,0.0347578,0.033597,0.0324488,0.0313129,0.0301887,0.029076,0.0279742,0.026883,0.025802,0.0247308,0.0236689,0.0226161,0.0215718,0.0205357,0.0195075,0.0184866,0.0174728,0.0164657,0.0154648,0.0144698,0.0134804,0.0124961,0.0115166,0.0105414,0.00957033,0.00860289,0.00763874,0.00667752,0.00571885,0.00476237,0.00380771,0.0028545,0.0019024
0,0.0512055,0.0987079,0.140235,0.175065,0.203498,0.226314,0.244414,0.258649,0.269749,0.278313,0.284821,0.289657,0.293123,0.29546,0.29686,0.29748,0.297444,0.296855,0.295798,0.294343,0.292548,0.290462,0.288127,0.285579,0.282848,0.27996,0.276938,0.273802,0.270568,0.267253,0.263869,0.260429,0.256942,0.253419,0.249867,0.246293,0.242705,0.239108,0.235508,0.231909,0.228316,0.224733,0.221162,0.217609,0.214074,0.21056,0.207071,0.203608,0.200172,0.196766,0.193391,0.190048,0.186738,0.183463,0.180223,0.177019,0.173852,0.170722,0.167629,0.164575,0.161559,0.158582,0.155644,0.152744,0.149884,0.147063,0.144281,0.141537,0.138832,0.136166,0.133539,0.130949,0.128398,0.125884,0.123407,0.120968,0.118565,0.116198,0.113868,0.111572,0.109312,0.107087,0.104896,0.102738,0.100614,0.0985231,0.0964643,0.0944374,0.092442,0.0904775,0.0885435,0.0866395,0.0847649,0.0829194,0.0811023,0.0793133,0.0775517,0.0758171,0.0741091,0.072427,0.0707705,0.0691389,0.0675319,0.0659489,0.0643895,0.0628531,0.0613393,0.0598476,0.0583775,0.0569285,0.0555003,0.0540922,0.0527038,0.0513347,0.0499845,0.0486525,0.0473385,0.046042,0.0447624,0.0434994,0.0422525,0.0410214,0.0398054,0.0386043,0.0374176,0.0362449,0.0350858,0.0339397,0.0328065,0.0316855,0.0305764,0.0294789,0.0283925,0.0273167,0.0262513,0.0251959,0.0241499,0.0231131,0.022085,0.0210654,0.0200537,0.0190496,0.0180528,0.0170628,0.0160794,0.015102,0.0141304,0.0131642,0.012203,0.0112465,0.0102942,0.00934593,0.00840119,0.00745966,0.00652097,0.00558478,0.00465073,0.00371845,0.00278759,0.0018578
0,0.0425176,0.0827633,0.119112,0.150774,0.177639,0.200011,0.218397,0.233351,0.245406,0.255033,0.262636,0.268548,0.273049,0.276367,0.278688,0.280167,0.280931,0.281086,0.280721,0.279909,0.278713,0.277185,0.275372,0.273311,0.271036,0.268577,0.265957,0.2632,0.260324,0.257346,0.254282,0.251144,0.247945,0.244694,0.241401,0.238075,0.234723,0.231352,0.227968,0.224576,0.221181,0.217788,0.2144,0.211022,0.207657,0.204306,0.200974,0.197663,0.194374,0.191109,0.187871,0.184661,0.18148,0.178329,0.17521,0.172123,0.169069,0.16605,0.163065,0.160115,0.157201,0.154323,0.15148,0.148675,0.145906,0.143174,0.140478,0.137819,0.135197,0.132612,0.130063,0.127551,0.125074,0.122634,0.120229,0.11786,0.115525,0.113226,0.110961,0.10873,0.106533,0.104369,0.102238,0.100139,0.0980732,0.0960387,0.0940354,0.092063,0.0901209,0.0882087,0.086326,0.0844723,0.0826471,0.0808499,0.0790804,0.0773379,0.0756221,0.0739325,0.0722686,0.0706298,0.0690158,0.0674261,0.0658602,0.0643176,0.0627979,0.0613005,0.0598251,0.0583711,0.0569382,0.0555258,0.0541334,0.0527607,0.0514072,0.0500724,0.0487559,0.0474573,0.046176,0.0449118,0.0436641,0.0424325,0.0412166,0.0400159,0.0388301,0.0376588,0.0365014,0.0353577,0.0342271,0.0331094,0.032004,0.0309107,0.0298289,0.0287584,0.0276986,0.0266493,0.0256101,0.0245805,0.0235602,0.0225488,0.0215459,0.0205512,0.0195643,0.0185848,0.0176123,0.0166466,0.0156871,0.0147337,0.0137858,0.0128432,0.0119055,0.0109723,0.0100433,0.0091181,0.0081964,0.00727782,0.00636203,0.00544866,0.00453738,0.00362782,0.00271966,0.00181253
0,0.0361016,0.0707156,0.102676,0.131282,0.15627,0.177696,0.19581,0.210953,0.223491,0.23378,0.242139,0.248852,0.25416,0.25827,0.261357,0.263568,0.265027,0.265838,0.26609,0.265859,0.265209,0.264195,0.262864,0.261257,0.25941,0.257354,0.255115,0.252717,0.250182,0.247527,0.244768,0.241921,0.238998,0.236011,0.23297,0.229884,0.226761,0.22361,0.220436,0.217246,0.214045,0.210838,0.20763,0.204424,0.201225,0.198035,0.194858,0.191696,0.188551,0.185427,0.182324,0.179245,0.176191,0.173164,0.170164,0.167194,0.164253,0.161344,0.158466,0.15562,0.152807,0.150027,0.147281,0.144569,0.141892,0.139248,0.13664,0.134066,0.131526,0.129022,0.126552,0.124116,0.121715,0.119349,0.117016,0.114717,0.112452,0.110219,0.10802,0.105854,0.10372,0.101618,0.0995481,0.0975092,0.0955012,0.0935237,0.0915764,0.0896588,0.0877705,0.0859111,0.0840801,0.0822772,0.0805018,0.0787535,0.0770319,0.0753366,0.073667,0.0720228,0.0704035,0.0688085,0.0672376,0.0656902,0.0641658,0.0626641,0.0611845,0.0597266,0.05829,0.0568743,0.0554789,0.0541035,0.0527475,0.0514106,0.0500924,0.0487924,0.0475101,0.0462451,0.0449971,0.0437656,0.0425501,0.0413503,0.0401658,0.0389961,0.0378408,0.0366996,0.035572,0.0344577,0.0333561,0.032267,0.03119,0.0301246,0.0290706,0.0280274,0.0269947,0.0259722,0.0249595,0.0239562,0.0229619,0.0219763,0.0209989,0.0200296,0.0190678,0.0181132,0.0171655,0.0162242,0.0152892,0.0143599,0.0134362,0.0125175,0.0116036,0.0106941,0.00978862,0.00888692,0.0079886,0.00709332,0.00620075,0.00531054,0.00442236,0.00353587,0.00265072,0.00176658
0,0.0311733,0.0613218,0.0895936,0.115408,0.138464,0.158694,0.176195,0.191158,0.203827,0.214455,0.22329,0.230559,0.236468,0.241197,0.244903,0.247722,0.249771,0.251149,0.251944,0.252229,0.25207,0.251521,0.250632,0.249444,0.247994,0.246313,0.244431,0.242373,0.240159,0.23781,0.235344,0.232775,0.230117,0.227383,0.224584,0.22173,0.218829,0.21589,0.212921,0.209927,0.206915,0.20389,0.200857,0.19782,0.194784,0.191751,0.188726,0.185711,0.18271,0.179723,0.176754,0.173805,0.170877,0.167972,0.165091,0.162236,0.159407,0.156607,0.153835,0.151093,0.14838,0.145699,0.143049,0.14043,0.137843,0.135289,0.132767,0.130278,0.127821,0.125398,0.123007,0.120648,0.118323,0.11603,0.11377,0.111541,0.109345,0.107181,0.105048,0.102947,0.100876,0.0988369,0.0968277,0.0948486,0.0928993,0.0909793,0.0890884,0.0872261,0.085392,0.0835857,0.0818069,0.0800552,0.07833,0.0766311,0.0749579,0.0733101,0.0716873,0.0700889,0.0685146,0.0669639,0.0654364,0.0639317,0.0624494,0.0609889,0.05955,0.058132,0.0567347,0.0553576,0.0540003,0.0526622,0.0513431,0.0500425,0.04876,0.0474951,0.0462474,0.0450166,0.0438022,0.0426038,0.041421,0.0402534,0.0391007,0.0379623,0.036838,0.0357273,0.0346298,0.0335452,0.0324731,0.031413,0.0303647,0.0293277,0.0283017,0.0272862,0.026281,0.0252857,0.0242999,0.0233231,0.0223552,0.0213957,0.0204443,0.0195006,0.0185643,0.0176349,0.0167123,0.015796,0.0148857,0.013981,0.0130816,0.0121872,0.0112974,0.0104119,0.00953038,0.00865248,0.00777787,0.00690622,0.0060372,0.00517047,0.00430572,0.00344261,0.00258081,0.00171999
0,0.0272699,0.0538048,0.0789691,0.102291,0.123483,0.142422,0.159116,0.173659,0.186203,0.196924,0.206005,0.213627,0.219957,0.225148,0.229337,0.232647,0.235185,0.237043,0.238306,0.239044,0.23932,0.239189,0.238699,0.237893,0.236807,0.235475,0.233925,0.232183,0.230272,0.228212,0.226022,0.223717,0.221312,0.21882,0.216253,0.213622,0.210935,0.208202,0.205431,0.202627,0.199799,0.19695,0.194088,0.191216,0.188339,0.185461,0.182585,0.179715,0.176853,0.174002,0.171165,0.168344,0.16554,0.162755,0.159992,0.157251,0.154534,0.151842,0.149176,0.146536,0.143924,0.14134,0.138785,0.13626,0.133764,0.131298,0.128863,0.126458,0.124084,0.121741,0.119429,0.117148,0.114899,0.11268,0.110492,0.108334,0.106208,0.104111,0.102045,0.100009,0.0980026,0.0960257,0.0940779,0.092159,0.0902687,0.0884066,0.0865723,0.0847657,0.0829862,0.0812336,0.0795073,0.0778072,0.0761327,0.0744835,0.0728592,0.0712594,0.0696836,0.0681315,0.0666026,0.0650967,0.0636131,0.0621516,0.0607117,0.0592929,0.057895,0.0565174,0.0551598,0.0538218,0.0525028,0.0512026,0.0499208,0.0486568,0.0474104,0.046181,0.0449684,0.0437721,0.0425917,0.0414269,0.0402772,0.0391422,0.0380216,0.036915,0.035822,0.0347422,0.0336752,0.0326208,0.0315784,0.0305477,0.0295285,0.0285202,0.0275226,0.0265352,0.0255578,0.02459,0.0236314,0.0226817,0.0217404,0.0208074,0.0198822,0.0189645,0.018054,0.0171503,0.016253,0.0153619,0.0144767,0.0135969,0.0127222,0.0118524,0.0109871,0.010126,0.00926865,0.00841487,0.00756429,0.00671658,0.00587143,0.00502851,0.0041875,0.00334809,0.00250995,0.00167277
0,0.0241014,0.0476584,0.0701866,0.0913054,0.110756,0.128397,0.144187,0.15816,0.170403,0.181032,0.190181,0.197987,0.204584,0.210099,0.214651,0.218344,0.221277,0.223535,0.225193,0.226321,0.226977,0.227216,0.227084,0.226622,0.225868,0.224855,0.223611,0.222163,0.220534,0.218745,0.216815,0.21476,0.212595,0.210333,0.207988,0.20557,0.203088,0.200553,0.197972,0.195353,0.192702,0.190026,0.187329,0.184618,0.181896,0.179169,0.176439,0.17371,0.170986,0.168268,0.165561,0.162865,0.160184,0.157519,0.154872,0.152244,0.149637,0.147052,0.14449,0.141952,0.13944,0.136953,0.134493,0.13206,0.129654,0.127277,0.124928,0.122608,0.120317,0.118055,0.115822,0.113618,0.111444,0.109299,0.107184,0.105097,0.10304,0.101012,0.0990128,0.0970422,0.0950999,0.0931859,0.0912998,0.0894414,0.0876104,0.0858065,0.0840294,0.0822788,0.0805543,0.0788556,0.0771823,0.0755342,0.0739107,0.0723117,0.0707366,0.0691851,0.0676568,0.0661514,0.0646685,0.0632076,0.0617683,0.0603504,0.0589533,0.0575767,0.0562202,0.0548834,0.0535659,0.0522673,0.0509872,0.0497252,0.048481,0.0472541,0.0460442,0.0448508,0.0436736,0.0425122,0.0413663,0.0402353,0.0391191,0.0380171,0.036929,0.0358545,0.0347932,0.0337446,0.0327086,0.0316846,0.0306723,0.0296714,0.0286816,0.0277024,0.0267335,0.0257746,0.0248254,0.0238854,0.0229544,0.0220319,0.0211178,0.0202116,0.0193129,0.0184216,0.0175372,0.0166594,0.0157879,0.0149223,0.0140624,0.0132078,0.0123582,0.0115133,0.0106728,0.0098363,0.00900354,0.00817419,0.00734795,0.00652449,0.00570352,0.00488471,0.00406775,0.00325235,0.00243818,0.00162494
0,0.0214774,0.0425406,0.0628137,0.0819879,0.0998377,0.116222,0.131074,0.144391,0.156216,0.166621,0.1757,0.183556,0.190293,0.196015,0.200821,0.204803,0.208045,0.210625,0.212612,0.214069,0.215053,0.215614,0.215797,0.215644,0.215189,0.214465,0.213502,0.212325,0.210957,0.20942,0.207733,0.205912,0.203974,0.20193,0.199796,0.197581,0.195296,0.19295,0.190553,0.188111,0.185631,0.183121,0.180586,0.17803,0.17546,0.172879,0.170292,0.167702,0.165112,0.162525,0.159945,0.157373,0.154813,0.152265,0.149732,0.147216,0.144718,0.142239,0.13978,0.137344,0.13493,0.13254,0.130174,0.127833,0.125518,0.123228,0.120965,0.118729,0.116521,0.114339,0.112185,0.110059,0.107961,0.10589,0.103847,0.101832,0.0998445,0.0978847,0.0959524,0.0940475,0.0921697,0.0903188,0.0884947,0.086697,0.0849257,0.0831803,0.0814606,0.0797663,0.0780971,0.0764527,0.0748328,0.073237,0.071665,0.0701164,0.0685909,0.0670882,0.0656079,0.0641495,0.0627128,0.0612974,0.0599029,0.0585289,0.057175,0.0558409,0.0545263,0.0532306,0.0519536,0.0506949,0.049454,0.0482307,0.0470244,0.045835,0.0446619,0.0435049,0.0423635,0.0412374,0.0401262,0.0390296,0.0379471,0.0368785,0.0358233,0.0347812,0.0337519,0.032735,0.0317302,0.0307371,0.0297553,0.0287845,0.0278244,0.0268746,0.0259349,0.0250048,0.024084,0.0231722,0.022269,0.0213742,0.0204875,0.0196084,0.0187366,0.0178719,0.017014,0.0161624,0.0153169,0.0144773,0.013643,0.012814,0.0119897,0.0111701,0.0103546,0.00954306,0.00873513,0.00793052,0.00712892,0.00633002,0.00553352,0.00473912,0.00394652,0.00315542,0.00236551,0.00157651
0,0.0192677,0.0382131,0.0565395,0.073995,0.0903856,0.105578,0.119497,0.132116,0.143448,0.153536,0.162443,0.170243,0.177017,0.182848,0.187817,0.192002,0.195476,0.198308,0.20056,0.202291,0.203552,0.20439,0.204849,0.204966,0.204778,0.204315,0.203606,0.202677,0.20155,0.200246,0.198785,0.197184,0.195457,0.19362,0.191684,0.189662,0.187564,0.1854,0.183178,0.180906,0.178592,0.176242,0.173862,0.171458,0.169035,0.166597,0.164149,0.161693,0.159235,0.156777,0.154321,0.151871,0.149429,0.146997,0.144577,0.14217,0.13978,0.137406,0.13505,0.132713,0.130398,0.128103,0.125831,0.123581,0.121355,0.119154,0.116977,0.114824,0.112698,0.110597,0.108522,0.106473,0.10445,0.102453,0.100483,0.0985393,0.0966218,0.0947305,0.0928653,0.0910262,0.089213,0.0874256,0.0856636,0.083927,0.0822155,0.0805289,0.078867,0.0772293,0.0756158,0.074026,0.0724597,0.0709166,0.0693964,0.0678986,0.0664231,0.0649695,0.0635374,0.0621265,0.0607364,0.0593668,0.0580174,0.0566877,0.0553775,0.0540863,0.0528138,0.0515597,0.0503236,0.049105,0.0479038,0.0467194,0.0455516,0.0444,0.0432642,0.0421438,0.0410386,0.0399481,0.0388721,0.0378101,0.0367618,0.0357268,0.0347049,0.0336957,0.0326987,0.0317138,0.0307405,0.0297786,0.0288276,0.0278873,0.0269572,0.0260372,0.0251269,0.0242259,0.0233339,0.0224506,0.0215757,0.0207088,0.0198497,0.0189981,0.0181535,0.0173158,0.0164846,0.0156596,0.0148405,0.0140269,0.0132187,0.0124154,0.0116169,0.0108227,0.0100326,0.00924633,0.00846355,0.00768396,0.00690729,0.00613323,0.0053615,0.0045918,0.00382384,0.00305733,0.00229198,0.00152751
0,0.0173801,0.0345048,0.0511361,0.0670671,0.0821317,0.0962084,0.109219,0.121126,0.131924,0.141633,0.150293,0.157957,0.164685,0.170543,0.175596,0.179911,0.183549,0.186571,0.189031,0.190983,0.192473,0.193546,0.194241,0.194596,0.194642,0.194412,0.193932,0.193226,0.192319,0.19123,0.189978,0.18858,0.187052,0.185407,0.18366,0.18182,0.179899,0.177908,0.175853,0.173745,0.171589,0.169393,0.167164,0.164906,0.162625,0.160326,0.158012,0.155689,0.153359,0.151026,0.148692,0.146361,0.144035,0.141717,0.139408,0.13711,0.134825,0.132555,0.1303,0.128063,0.125844,0.123644,0.121465,0.119306,0.117169,0.115055,0.112963,0.110895,0.10885,0.106829,0.104833,0.102861,0.100914,0.0989911,0.0970936,0.095221,0.0933734,0.0915506,0.0897528,0.0879797,0.0862313,0.0845073,0.0828078,0.0811325,0.0794811,0.0778535,0.0762495,0.0746688,0.0731112,0.0715763,0.070064,0.0685739,0.0671058,0.0656592,0.064234,0.0628298,0.0614463,0.0600832,0.0587401,0.0574167,0.0561127,0.0548277,0.0535614,0.0523135,0.0510836,0.0498713,0.0486764,0.0474985,0.0463371,0.0451921,0.044063,0.0429496,0.0418514,0.0407681,0.0396993,0.0386449,0.0376043,0.0365773,0.0355635,0.0345626,0.0335742,0.0325981,0.0316339,0.0306813,0.0297399,0.0288095,0.0278896,0.02698,0.0260804,0.0251905,0.0243099,0.0234383,0.0225754,0.0217209,0.0208745,0.0200359,0.0192048,0.0183809,0.0175639,0.0167534,0.0159492,0.0151511,0.0143586,0.0135715,0.0127896,0.0120124,0.0112398,0.0104714,0.009707,0.00894624,0.00818887,0.0074346,0.00668314,0.00593421,0.00518752,0.0044428,0.00369977,0.00295813,0.00221762,0.00147795
0,0.0157478,0.03129,0.0464331,0.0610057,0.0748658,0.0879044,0.100046,0.111247,0.121489,0.130779,0.139139,0.146606,0.153223,0.159042,0.164115,0.168497,0.172239,0.175394,0.178011,0.180136,0.181812,0.183079,0.183975,0.184533,0.184784,0.184759,0.184482,0.183978,0.18327,0.182377,0.181317,0.180107,0.178763,0.177299,0.175727,0.174059,0.172306,0.170478,0.168583,0.16663,0.164627,0.162579,0.160494,0.158377,0.156234,0.154069,0.151886,0.149691,0.147486,0.145275,0.143061,0.140847,0.138635,0.136428,0.134228,0.132037,0.129857,0.127689,0.125534,0.123395,0.121272,0.119166,0.117079,0.11501,0.112962,0.110934,0.108927,0.106942,0.104978,0.103038,0.10112,0.0992247,0.0973529,0.0955045,0.0936796,0.0918783,0.0901006,0.0883465,0.086616,0.084909,0.0832255,0.0815653,0.0799284,0.0783145,0.0767235,0.0751552,0.0736094,0.0720858,0.0705844,0.0691047,0.0676466,0.0662098,0.0647941,0.063399,0.0620244,0.06067,0.0593354,0.0580204,0.0567246,0.0554477,0.0541895,0.0529495,0.0517275,0.0505232,0.0493362,0.0481661,0.0470128,0.0458757,0.0447547,0.0436494,0.0425594,0.0414844,0.0404241,0.0393782,0.0383463,0.0373282,0.0363234,0.0353317,0.0343527,0.0333862,0.0324318,0.0314891,0.0305579,0.0296379,0.0287288,0.0278301,0.0269417,0.0260632,0.0251943,0.0243347,0.0234842,0.0226423,0.0218088,0.0209834,0.0201659,0.0193558,0.018553,0.0177571,0.0169679,0.016185,0.0154081,0.0146371,0.0138715,0.0131112,0.0123558,0.011605,0.0108586,0.0101163,0.00937784,0.0086429,0.00791122,0.00718253,0.00645656,0.00573302,0.00501166,0.00429219,0.00357435,0.00285785,0.00214244,0.00142785
0,0.014321,0.0284743,0.0423006,0.0556568,0.0684213,0.0804974,0.0918142,0.102325,0.112007,0.120855,0.128879,0.136104,0.14256,0.148287,0.153326,0.157721,0.161517,0.164757,0.167484,0.169739,0.17156,0.172985,0.174046,0.174776,0.175204,0.175357,0.17526,0.174936,0.174406,0.17369,0.172806,0.171769,0.170595,0.169298,0.167891,0.166384,0.164789,0.163115,0.161372,0.159567,0.157708,0.155803,0.153856,0.151875,0.149865,0.147829,0.145774,0.143703,0.14162,0.139528,0.137431,0.135331,0.133231,0.131133,0.12904,0.126954,0.124877,0.122809,0.120754,0.118711,0.116683,0.11467,0.112674,0.110695,0.108734,0.106792,0.10487,0.102967,0.101085,0.099224,0.0973842,0.0955659,0.0937694,0.091995,0.0902426,0.0885125,0.0868047,0.0851193,0.0834562,0.0818154,0.0801969,0.0786006,0.0770264,0.0754741,0.0739436,0.0724348,0.0709474,0.0694813,0.0680363,0.0666121,0.0652085,0.0638253,0.0624622,0.0611189,0.0597952,0.0584908,0.0572055,0.0559388,0.0546907,0.0534606,0.0522485,0.0510538,0.0498765,0.048716,0.0475722,0.0464447,0.0453332,0.0442375,0.043157,0.0420917,0.0410411,0.040005,0.0389829,0.0379747,0.03698,0.0359985,0.0350298,0.0340738,0.0331299,0.0321981,0.0312779,0.030369,0.0294712,0.0285841,0.0277074,0.0268409,0.0259842,0.0251371,0.0242992,0.0234703,0.02265,0.0218382,0.0210344,0.0202384,0.01945,0.0186688,0.0178945,0.0171269,0.0163657,0.0156107,0.0148614,0.0141178,0.0133794,0.0126461,0.0119175,0.0111934,0.0104735,0.00975756,0.00904528,0.00833642,0.0076307,0.00692786,0.00622763,0.00552976,0.00483397,0.00414002,0.00344762,0.00275653,0.00206649,0.00137723
0,0.0130621,0.0259856,0.0386383,0.0508996,0.0626653,0.0738499,0.0843878,0.0942333,0.103359,0.111753,0.119419,0.12637,0.132627,0.13822,0.143181,0.147545,0.15135,0.154632,0.157429,0.159775,0.161706,0.163253,0.164449,0.165322,0.165899,0.166205,0.166265,0.166099,0.165729,0.165173,0.164447,0.163568,0.162551,0.161409,0.160154,0.158798,0.157351,0.155823,0.154222,0.152558,0.150838,0.149067,0.147254,0.145403,0.14352,0.141611,0.139678,0.137728,0.135763,0.133787,0.131803,0.129815,0.127824,0.125834,0.123846,0.121863,0.119887,0.117919,0.11596,0.114013,0.112079,0.110158,0.108252,0.106362,0.104488,0.102631,0.100793,0.0989726,0.0971714,0.0953896,0.0936277,0.0918859,0.0901645,0.0884638,0.0867839,0.0851249,0.0834871,0.0818703,0.0802746,0.0787001,0.0771467,0.0756144,0.074103,0.0726125,0.0711427,0.0696935,0.0682648,0.0668563,0.0654679,0.0640994,0.0627505,0.0614211,0.0601109,0.0588197,0.0575472,0.0562931,0.0550573,0.0538393,0.0526391,0.0514562,0.0502904,0.0491414,0.0480089,0.0468927,0.0457924,0.0447078,0.0436385,0.0425843,0.0415448,0.0405197,0.0395088,0.0385118,0.0375284,0.0365581,0.0356009,0.0346563,0.0337241,0.0328039,0.0318956,0.0309987,0.030113,0.0292382,0.028374,0.0275201,0.0266763,0.0258422,0.0250175,0.024202,0.0233954,0.0225975,0.0218078,0.0210263,0.0202525,0.0194862,0.0187271,0.017975,0.0172296,0.0164906,0.0157577,0.0150308,0.0143094,0.0135934,0.0128825,0.0121764,0.0114749,0.0107777,0.0100846,0.00939526,0.00870944,0.00802691,0.0073474,0.00667066,0.00599644,0.00532448,0.00465453,0.00398633,0.00331965,0.00265421,0.00198978,0.0013261
0,0.0119417,0.0237678,0.0353673,0.0466382,0.0574906,0.0678491,0.077654,0.0868613,0.0954421,0.103381,0.110675,0.117329,0.123359,0.128785,0.133633,0.13793,0.141706,0.144994,0.147824,0.150227,0.152234,0.153874,0.155175,0.156163,0.156864,0.157301,0.157495,0.157468,0.157238,0.156824,0.156242,0.155506,0.154632,0.153632,0.152518,0.151302,0.149994,0.148602,0.147137,0.145606,0.144017,0.142375,0.140689,0.138963,0.137204,0.135415,0.133601,0.131768,0.129917,0.128054,0.126181,0.124301,0.122417,0.120532,0.118648,0.116766,0.114889,0.113019,0.111156,0.109304,0.107462,0.105632,0.103815,0.102013,0.100225,0.0984534,0.0966979,0.0949595,0.0932387,0.0915358,0.0898515,0.0881859,0.0865394,0.0849123,0.0833047,0.0817168,0.0801488,0.0786006,0.0770724,0.0755642,0.074076,0.0726077,0.0711592,0.0697306,0.0683216,0.0669323,0.0655623,0.0642116,0.0628801,0.0615675,0.0602736,0.0589982,0.0577412,0.0565022,0.0552811,0.0540777,0.0528916,0.0517226,0.0505706,0.0494351,0.0483159,0.0472129,0.0461256,0.0450539,0.0439974,0.0429559,0.0419291,0.0409167,0.0399184,0.038934,0.0379631,0.0370055,0.0360609,0.035129,0.0342095,0.0333022,0.0324067,0.0315228,0.0306501,0.0297885,0.0289376,0.0280971,0.0272668,0.0264465,0.0256357,0.0248343,0.0240419,0.0232584,0.0224834,0.0217166,0.0209579,0.0202068,0.0194633,0.0187269,0.0179975,0.0172748,0.0165584,0.0158483,0.015144,0.0144454,0.0137522,0.0130641,0.0123809,0.0117024,0.0110282,0.0103582,0.00969205,0.00902955,0.00837045,0.00771449,0.00706144,0.00641105,0.00576307,0.00511727,0.00447339,0.00383121,0.00319047,0.00255093,0.00191235,0.0012745
0,0.0109369,0.0217765,0.0324249,0.0427952,0.0528097,0.0624019,0.0715178,0.0801159,0.0881673,0.0956541,0.102569,0.108913,0.114695,0.119929,0.124635,0.128834,0.132551,0.135813,0.138645,0.141075,0.14313,0.144834,0.146214,0.147293,0.148094,0.148638,0.148947,0.149039,0.148933,0.148644,0.14819,0.147583,0.146839,0.145969,0.144986,0.143899,0.14272,0.141456,0.140118,0.138713,0.137247,0.135729,0.134164,0.132558,0.130916,0.129244,0.127545,0.125824,0.124085,0.122331,0.120566,0.118792,0.117013,0.11523,0.113447,0.111664,0.109885,0.108111,0.106343,0.104584,0.102833,0.101093,0.099365,0.0976494,0.0959472,0.0942594,0.0925865,0.0909294,0.0892884,0.0876641,0.0860569,0.0844673,0.0828955,0.0813417,0.0798063,0.0782893,0.076791,0.0753115,0.0738507,0.0724088,0.0709857,0.0695815,0.0681961,0.0668295,0.0654815,0.064152,0.0628411,0.0615484,0.0602738,0.0590173,0.0577786,0.0565575,0.0553538,0.0541674,0.052998,0.0518453,0.0507093,0.0495895,0.0484859,0.0473981,0.0463259,0.045269,0.0442272,0.0432003,0.0421879,0.0411898,0.0402058,0.0392355,0.0382787,0.0373352,0.0364046,0.0354867,0.0345812,0.0336879,0.0328064,0.0319366,0.0310781,0.0302306,0.029394,0.0285679,0.0277521,0.0269462,0.0261501,0.0253635,0.0245861,0.0238176,0.0230579,0.0223065,0.0215633,0.0208281,0.0201004,0.0193802,0.0186672,0.017961,0.0172615,0.0165684,0.0158814,0.0152003,0.0145249,0.0138549,0.01319,0.0125301,0.0118749,0.0112241,0.0105775,0.00993489,0.00929599,0.00866058,0.00802842,0.00739928,0.00677292,0.00614911,0.00552762,0.0049082,0.00429064,0.00367469,0.00306013,0.00244672,0.00183423,0.00122244
0,0.0100295,0.0199763,0.0297608,0.0393082,0.0485511,0.0574311,0.0658993,0.0739175,0.081457,0.0884993,0.0950341,0.101059,0.106579,0.111602,0.116144,0.120221,0.123853,0.127061,0.129869,0.1323,0.134375,0.136119,0.137554,0.1387,0.13958,0.140212,0.140616,0.14081,0.140809,0.140631,0.14029,0.139799,0.139172,0.138421,0.137556,0.136589,0.13553,0.134386,0.133167,0.131879,0.130532,0.12913,0.12768,0.126189,0.12466,0.123099,0.121511,0.119899,0.118268,0.11662,0.11496,0.113289,0.111612,0.10993,0.108245,0.10656,0.104877,0.103197,0.101523,0.0998544,0.0981942,0.0965432,0.0949024,0.0932728,0.0916553,0.0900508,0.08846,0.0868835,0.0853219,0.0837757,0.0822454,0.0807313,0.0792339,0.0777533,0.0762898,0.0748437,0.073415,0.072004,0.0706106,0.069235,0.0678771,0.0665371,0.0652148,0.0639102,0.0626232,0.0613539,0.060102,0.0588674,0.05765,0.0564498,0.0552664,0.0540997,0.0529497,0.051816,0.0506984,0.0495969,0.0485111,0.0474408,0.0463858,0.0453459,0.0443209,0.0433105,0.0423144,0.0413325,0.0403645,0.0394101,0.0384691,0.0375412,0.0366261,0.0357237,0.0348337,0.0339558,0.0330897,0.0322352,0.031392,0.03056,0.0297387,0.028928,0.0281277,0.0273374,0.0265569,0.0257859,0.0250243,0.0242717,0.0235279,0.0227926,0.0220657,0.0213467,0.0206356,0.0199321,0.0192359,0.0185467,0.0178644,0.0171887,0.0165193,0.015856,0.0151986,0.0145469,0.0139006,0.0132594,0.0126232,0.0119916,0.0113646,0.0107418,0.010123,0.00950801,0.00889658,0.00828848,0.0076835,0.0070814,0.00648196,0.00588495,0.00529016,0.00469736,0.00410633,0.00351684,0.00292868,0.00234162,0.00175544,0.00116993
0,0.00920458,0.0183386,0.0273338,0.0361256,0.0446556,0.052872,0.0607311,0.0681976,0.0752442,0.081852,0.0880092,0.093711,0.0989582,0.103757,0.108117,0.112052,0.115577,0.118711,0.121472,0.123879,0.125953,0.127714,0.129182,0.130375,0.131313,0.132015,0.132496,0.132774,0.132864,0.132781,0.132539,0.132151,0.131629,0.130985,0.13023,0.129373,0.128424,0.127391,0.126283,0.125107,0.12387,0.122579,0.121239,0.119857,0.118436,0.116983,0.115501,0.113994,0.112467,0.110922,0.109364,0.107794,0.106216,0.104632,0.103044,0.101454,0.0998655,0.0982786,0.0966956,0.0951178,0.0935467,0.0919833,0.0904289,0.0888844,0.0873508,0.0858289,0.0843195,0.0828231,0.0813403,0.0798718,0.078418,0.0769792,0.0755558,0.0741482,0.0727565,0.071381,0.0700218,0.0686792,0.0673532,0.0660438,0.0647512,0.0634753,0.0622161,0.0609737,0.0597479,0.0585387,0.0573459,0.0561696,0.0550096,0.0538657,0.0527379,0.0516259,0.0505296,0.0494488,0.0483834,0.0473331,0.0462977,0.0452771,0.0442711,0.0432793,0.0423017,0.041338,0.0403879,0.0394513,0.0385278,0.0376173,0.0367196,0.0358343,0.0349613,0.0341003,0.0332511,0.0324133,0.0315869,0.0307715,0.0299669,0.0291729,0.0283891,0.0276155,0.0268516,0.0260974,0.0253525,0.0246166,0.0238897,0.0231713,0.0224614,0.0217596,0.0210657,0.0203794,0.0197007,0.0190291,0.0183645,0.0177066,0.0170553,0.0164102,0.0157712,0.015138,0.0145105,0.0138883,0.0132712,0.0126591,0.0120517,0.0114488,0.0108502,0.0102556,0.00966484,0.0090777,0.00849395,0.00791339,0.0073358,0.00676095,0.00618864,0.00561866,0.00505079,0.00448482,0.00392053,0.00335772,0.00279617,0.00223567,0.00167602,0.001117
0,0.00845023,0.0168399,0.02511,0.033205,0.0410736,0.0486702,0.0559557,0.0628976,0.0694704,0.0756553,0.0814398,0.0868174,0.0917866,0.0963505,0.100516,0.104293,0.107694,0.110733,0.113427,0.115792,0.117844,0.119602,0.121084,0.122305,0.123284,0.124037,0.124579,0.124926,0.125092,0.12509,0.124935,0.124637,0.124209,0.123662,0.123005,0.122249,0.121402,0.120472,0.119468,0.118396,0.117264,0.116077,0.114841,0.113563,0.112246,0.110895,0.109516,0.108111,0.106684,0.105239,0.103779,0.102308,0.100826,0.0993377,0.0978446,0.0963488,0.0948523,0.0933568,0.0918638,0.090375,0.0888916,0.0874149,0.0859459,0.0844857,0.0830351,0.0815951,0.0801663,0.0787494,0.077345,0.0759537,0.0745759,0.0732121,0.0718625,0.0705275,0.0692074,0.0679023,0.0666126,0.0653383,0.0640795,0.0628364,0.0616089,0.0603972,0.0592012,0.0580209,0.0568563,0.0557074,0.054574,0.053456,0.0523535,0.0512661,0.050194,0.0491368,0.0480944,0.0470667,0.0460535,0.0450547,0.04407,0.0430993,0.0421424,0.041199,0.040269,0.0393522,0.0384483,0.0375572,0.0366786,0.0358123,0.034958,0.0341156,0.0332848,0.0324655,0.0316573,0.03086,0.0300735,0.0292974,0.0285316,0.0277758,0.0270298,0.0262934,0.0255663,0.0248483,0.0241392,0.0234388,0.0227467,0.0220629,0.021387,0.0207189,0.0200583,0.019405,0.0187587,0.0181193,0.0174866,0.0168602,0.0162401,0.0156259,0.0150175,0.0144146,0.0138171,0.0132247,0.0126371,0.0120543,0.011476,0.0109019,0.0103319,0.00976571,0.0092032,0.00864412,0.00808827,0.00753545,0.00698545,0.00643807,0.0058931,0.00535034,0.00480959,0.00427065,0.00373331,0.00319738,0.00266265,0.00212892,0.00159599,0.00106366
0,0.00775646,0.0154606,0.0230616,0.0305108,0.0377636,0.0447796,0.0515238,0.0579668,0.0640845,0.069859,0.0752775,0.0803323,0.0850203,0.0893426,0.0933033,0.09691,0.100172,0.103102,0.105712,0.108016,0.11003,0.111768,0.113246,0.114479,0.115482,0.11627,0.116858,0.117259,0.117487,0.117554,0.117472,0.117254,0.116909,0.116448,0.115881,0.115216,0.114463,0.113628,0.11272,0.111746,0.110712,0.109624,0.108487,0.107307,0.106089,0.104837,0.103556,0.102249,0.100919,0.0995713,0.0982075,0.0968308,0.0954438,0.0940489,0.0926484,0.0912443,0.0898384,0.0884326,0.0870284,0.0856272,0.0842303,0.0828391,0.0814545,0.0800776,0.0787092,0.0773503,0.0760016,0.0746636,0.0733371,0.0720225,0.0707204,0.069431,0.0681549,0.0668924,0.0656436,0.0644088,0.0631883,0.0619822,0.0607906,0.0596136,0.0584513,0.0573038,0.056171,0.0550529,0.0539496,0.0528609,0.0517869,0.0507274,0.0496824,0.0486518,0.0476354,0.0466332,0.0456449,0.0446705,0.0437098,0.0427626,0.0418288,0.0409081,0.0400005,0.0391057,0.0382236,0.0373539,0.0364964,0.035651,0.0348174,0.0339954,0.0331849,0.0323856,0.0315973,0.0308198,0.0300529,0.0292963,0.0285499,0.0278134,0.0270866,0.0263693,0.0256613,0.0249623,0.0242722,0.0235907,0.0229176,0.0222528,0.0215959,0.0209467,0.0203052,0.0196709,0.0190438,0.0184236,0.0178102,0.0172032,0.0166025,0.0160079,0.0154191,0.0148361,0.0142584,0.0136861,0.0131188,0.0125563,0.0119986,0.0114452,0.0108961,0.0103511,0.00980987,0.00927233,0.00873825,0.00820743,0.00767967,0.00715479,0.00663258,0.00611286,0.00559543,0.00508009,0.00456666,0.00405494,0.00354475,0.00303589,0.00252816,0.00202139,0.00151538,0.00100994
0,0.00711499,0.0141847,0.0211648,0.0280131,0.0346903,0.0411609,0.0473934,0.0533611,0.059042,0.0644188,0.0694789,0.0742141,0.07862,0.0826962,0.0864449,0.0898716,0.0929836,0.0957903,0.0983024,0.100532,0.102491,0.104194,0.105653,0.106882,0.107894,0.108704,0.109324,0.109766,0.110043,0.110166,0.110148,0.109997,0.109725,0.109341,0.108853,0.108272,0.107604,0.106858,0.10604,0.105156,0.104214,0.103219,0.102176,0.10109,0.0999665,0.0988091,0.0976221,0.0964092,0.0951739,0.0939195,0.0926488,0.0913647,0.0900696,0.0887661,0.0874561,0.0861418,0.0848249,0.0835072,0.0821902,0.0808753,0.0795638,0.0782569,0.0769557,0.0756613,0.0743743,0.0730958,0.0718264,0.0705668,0.0693175,0.0680792,0.0668523,0.0656372,0.0644342,0.0632438,0.0620661,0.0609015,0.05975,0.058612,0.0574875,0.0563766,0.0552794,0.054196,0.0531264,0.0520705,0.0510285,0.0500002,0.0489857,0.0479848,0.0469974,0.0460236,0.0450631,0.044116,0.043182,0.042261,0.0413528,0.0404575,0.0395747,0.0387043,0.0378462,0.0370001,0.036166,0.0353436,0.0345328,0.0337332,0.0329449,0.0321675,0.031401,0.030645,0.0298993,0.0291639,0.0284384,0.0277227,0.0270166,0.0263199,0.0256324,0.0249538,0.0242839,0.0236226,0.0229697,0.022325,0.0216881,0.021059,0.0204375,0.0198233,0.0192162,0.0186161,0.0180227,0.0174359,0.0168553,0.016281,0.0157125,0.0151499,0.0145927,0.0140409,0.0134943,0.0129527,0.0124158,0.0118836,0.0113557,0.010832,0.0103123,0.00979652,0.00928434,0.00877561,0.00827016,0.00776779,0.00726831,0.00677155,0.00627733,0.00578545,0.00529574,0.00480801,0.00432208,0.00383777,0.00335491,0.0028733,0.00239277,0.00191314,0.00143422,0.00095585
0,0.00651885,0.0129983,0.0193998,0.0256864,0.0318237,0.0377802,0.0435278,0.0490424,0.0543036,0.0592954,0.0640054,0.0684251,0.0725497,0.0763772,0.0799088,0.0831479,0.0861003,0.0887733,0.0911757,0.0933175,0.0952094,0.0968628,0.0982895,0.0995013,0.10051,0.101328,0.101967,0.102438,0.102753,0.102922,0.102955,0.102862,0.102653,0.102336,0.101921,0.101415,0.100825,0.100159,0.0994242,0.0986257,0.0977699,0.0968622,0.0959078,0.0949115,0.0938778,0.0928109,0.0917146,0.0905925,0.089448,0.0882841,0.0871038,0.0859097,0.0847044,0.0834899,0.0822686,0.0810422,0.0798126,0.0785815,0.0773502,0.0761203,0.074893,0.0736694,0.0724507,0.0712377,0.0700314,0.0688325,0.0676418,0.0664599,0.0652875,0.0641249,0.0629728,0.0618315,0.0607014,0.0595828,0.058476,0.0573812,0.0562987,0.0552286,0.0541711,0.0531262,0.0520941,0.0510748,0.0500683,0.0490747,0.048094,0.0471262,0.0461711,0.0452289,0.0442993,0.0433823,0.0424779,0.041586,0.0407063,0.0398389,0.0389835,0.0381401,0.0373085,0.0364885,0.0356801,0.034883,0.0340971,0.0333221,0.0325581,0.0318047,0.0310618,0.0303292,0.0296067,0.0288942,0.0281915,0.0274983,0.0268145,0.0261399,0.0254743,0.0248176,0.0241694,0.0235298,0.0228983,0.0222749,0.0216594,0.0210515,0.0204511,0.019858,0.019272,0.018693,0.0181206,0.0175548,0.0169953,0.016442,0.0158946,0.015353,0.014817,0.0142865,0.0137611,0.0132408,0.0127254,0.0122147,0.0117084,0.0112065,0.0107087,0.0102149,0.0097249,0.00923848,0.00875549,0.00827575,0.0077991,0.00732536,0.00685434,0.00638589,0.00591981,0.00545596,0.00499414,0.00453419,0.00407594,0.00361922,0.00316385,0.00270967,0.00225651,0.00180419,0.00135255,0.000901419
0,0.00596212,0.0118899,0.0177497,0.0235092,0.0291381,0.0346085,0.0398954,0.044977,0.0498348,0.0544538,0.0588221,0.0629315,0.0667764,0.0703543,0.0736651,0.0767112,0.0794965,0.082027,0.0843098,0.0863532,0.0881664,0.089759,0.0911413,0.0923239,0.0933172,0.094132,0.0947786,0.0952676,0.0956089,0.0958124,0.0958875,0.0958432,0.0956884,0.0954312,0.0950795,0.0946409,0.0941225,0.0935308,0.0928722,0.0921526,0.0913777,0.0905524,0.0896819,0.0887706,0.0878227,0.0868423,0.0858331,0.0847984,0.0837416,0.0826655,0.0815729,0.0804664,0.0793484,0.078221,0.0770863,0.0759461,0.0748022,0.0736561,0.0725093,0.0713631,0.0702188,0.0690775,0.0679402,0.0668078,0.0656813,0.0645613,0.0634487,0.062344,0.0612477,0.0601605,0.0590828,0.058015,0.0569574,0.0559104,0.0548742,0.0538491,0.0528353,0.051833,0.0508423,0.0498634,0.0488962,0.047941,0.0469977,0.0460664,0.045147,0.0442396,0.0433442,0.0424606,0.0415889,0.0407289,0.0398806,0.039044,0.0382188,0.0374051,0.0366026,0.0358113,0.035031,0.0342616,0.033503,0.032755,0.0320174,0.0312902,0.0305731,0.0298659,0.0291686,0.028481,0.0278028,0.027134,0.0264743,0.0258236,0.0251817,0.0245484,0.0239235,0.0233069,0.0226984,0.0220978,0.0215049,0.0209196,0.0203416,0.0197708,0.0192071,0.0186502,0.0180999,0.0175561,0.0170187,0.0164873,0.0159619,0.0154423,0.0149283,0.0144197,0.0139163,0.0134181,0.0129247,0.0124361,0.011952,0.0114723,0.0109969,0.0105255,0.010058,0.00959421,0.00913397,0.00867713,0.0082235,0.00777293,0.00732525,0.0068803,0.00643791,0.00599792,0.00556017,0.0051245,0.00469074,0.00425874,0.00382833,0.00339936,0.00297166,0.00254507,0.00211943,0.00169459,0.00127039,0.000846662
0,0.00543973,0.0108495,0.0161999,0.0214626,0.0266109,0.0316202,0.0364683,0.0411354,0.0456049,0.0498628,0.053898,0.0577023,0.0612702,0.0645985,0.0676864,0.0705351,0.0731477,0.0755285,0.0776834,0.0796194,0.081344,0.0828656,0.0841932,0.0853358,0.0863028,0.0871037,0.0877479,0.0882446,0.0886029,0.0888318,0.0889399,0.0889354,0.0888265,0.0886207,0.0883253,0.0879472,0.0874931,0.0869693,0.0863814,0.0857352,0.0850359,0.0842883,0.083497,0.0826664,0.0818004,0.0809029,0.0799772,0.0790268,0.0780547,0.0770636,0.0760562,0.075035,0.0740021,0.0729597,0.0719098,0.070854,0.0697942,0.0687317,0.0676679,0.0666043,0.0655419,0.0644818,0.063425,0.0623724,0.0613249,0.0602832,0.059248,0.0582198,0.0571993,0.056187,0.0551832,0.0541885,0.0532031,0.0522274,0.0512616,0.050306,0.0493608,0.0484261,0.0475022,0.0465891,0.0456869,0.0447957,0.0439155,0.0430464,0.0421884,0.0413415,0.0405056,0.0396808,0.038867,0.0380641,0.037272,0.0364908,0.0357202,0.0349603,0.0342108,0.0334717,0.0327429,0.0320242,0.0313156,0.0306168,0.0299277,0.0292483,0.0285783,0.0279176,0.0272661,0.0266236,0.0259899,0.0253649,0.0247485,0.0241404,0.0235405,0.0229486,0.0223646,0.0217884,0.0212196,0.0206583,0.0201042,0.0195571,0.0190169,0.0184834,0.0179564,0.0174359,0.0169215,0.0164132,0.0159108,0.0154141,0.014923,0.0144372,0.0139567,0.0134813,0.0130107,0.0125449,0.0120837,0.0116269,0.0111743,0.0107259,0.0102814,0.00984073,0.00940366,0.00897007,0.00853979,0.00811268,0.00768857,0.00726732,0.00684877,0.00643277,0.00601917,0.00560781,0.00519854,0.0047912,0.00438566,0.00398176,0.00357935,0.00317828,0.00277839,0.00237955,0.0019816,0.00158439,0.00118777,0.0007916
0,0.00494733,0.00986848,0.0147377,0.0195303,0.0242228,0.0287933,0.0332221,0.0374916,0.0415867,0.0454945,0.0492048,0.0527097,0.0560036,0.0590832,0.061947,0.0645954,0.0670306,0.069256,0.0712762,0.0730969,0.0747246,0.0761665,0.0774301,0.0785234,0.0794548,0.0802324,0.0808647,0.08136,0.0817265,0.0819722,0.082105,0.0821324,0.0820617,0.0818999,0.0816538,0.0813297,0.0809338,0.0804719,0.0799493,0.0793712,0.0787426,0.078068,0.0773517,0.0765977,0.0758099,0.0749917,0.0741465,0.0732773,0.072387,0.0714783,0.0705536,0.0696153,0.0686655,0.0677063,0.0667393,0.0657664,0.0647891,0.0638088,0.0628268,0.0618445,0.0608629,0.059883,0.0589059,0.0579323,0.056963,0.0559989,0.0550404,0.0540883,0.0531431,0.0522051,0.051275,0.050353,0.0494395,0.0485348,0.0476391,0.0467528,0.045876,0.0450088,0.0441515,0.0433041,0.0424668,0.0416395,0.0408225,0.0400156,0.039219,0.0384326,0.0376563,0.0368903,0.0361345,0.0353887,0.0346529,0.0339272,0.0332113,0.0325053,0.0318089,0.0311222,0.0304449,0.0297771,0.0291185,0.0284691,0.0278288,0.0271973,0.0265746,0.0259605,0.0253549,0.0247576,0.0241686,0.0235876,0.0230145,0.0224492,0.0218915,0.0213413,0.0207983,0.0202625,0.0197338,0.0192119,0.0186966,0.0181879,0.0176856,0.0171896,0.0166996,0.0162156,0.0157373,0.0152646,0.0147974,0.0143355,0.0138788,0.0134271,0.0129803,0.0125381,0.0121005,0.0116673,0.0112384,0.0108136,0.0103927,0.0099757,0.00956232,0.00915247,0.00874598,0.00834273,0.00794256,0.00754533,0.0071509,0.00675912,0.00636985,0.00598295,0.00559827,0.00521568,0.00483503,0.00445619,0.00407901,0.00370335,0.00332908,0.00295605,0.00258413,0.00221317,0.00184304,0.00147361,0.00110472,0.000736252
0,0.00448112,0.00893938,0.0133523,0.0176983,0.0219566,0.0261081,0.0301352,0.0340223,0.0377557,0.0413238,0.0447171,0.0479282,0.0509515,0.0537837,0.0564229,0.0588691,0.0611235,0.0631887,0.0650685,0.0667676,0.0682912,0.0696456,0.0708373,0.0718732,0.0727605,0.0735065,0.0741187,0.0746044,0.074971,0.0752257,0.0753756,0.0754275,0.0753881,0.0752637,0.0750605,0.0747843,0.0744408,0.0740352,0.0735727,0.073058,0.0724955,0.0718896,0.0712442,0.0705632,0.0698499,0.0691078,0.0683398,0.067549,0.0667379,0.0659091,0.0650649,0.0642074,0.0633387,0.0624607,0.0615751,0.0606834,0.0597871,0.0588877,0.0579864,0.0570842,0.0561824,0.0552818,0.0543834,0.053488,0.0525964,0.0517091,0.0508269,0.0499502,0.0490797,0.0482158,0.0473588,0.0465092,0.0456673,0.0448333,0.0440076,0.0431904,0.0423818,0.041582,0.0407912,0.0400094,0.0392369,0.0384736,0.0377196,0.0369749,0.0362396,0.0355137,0.0347972,0.03409,0.0333921,0.0327035,0.0320242,0.031354,0.0306929,0.0300408,0.0293977,0.0287634,0.0281379,0.027521,0.0269126,0.0263127,0.0257211,0.0251377,0.0245624,0.0239951,0.0234355,0.0228837,0.0223394,0.0218026,0.021273,0.0207506,0.0202353,0.0197268,0.0192251,0.0187299,0.0182413,0.0177589,0.0172828,0.0168126,0.0163484,0.0158899,0.0154371,0.0149897,0.0145476,0.0141107,0.0136789,0.013252,0.0128298,0.0124123,0.0119993,0.0115906,0.0111861,0.0107857,0.0103892,0.00999649,0.00960746,0.00922195,0.00883982,0.00846095,0.0080852,0.00771243,0.0073425,0.0069753,0.00661067,0.0062485,0.00588864,0.00553098,0.00517537,0.00482168,0.00446979,0.00411957,0.00377089,0.00342361,0.00307761,0.00273276,0.00238893,0.002046,0.00170383,0.0013623,0.00102128,0.00068064
0,0.00403776,0.0080556,0.0120339,0.0159538,0.0197972,0.0235472,0.0271884,0.0307068,0.0340902,0.037328,0.0404117,0.0433343,0.0460907,0.0486772,0.051092,0.0533346,0.0554056,0.057307,0.0590418,0.0606137,0.0620273,0.0632877,0.0644005,0.0653717,0.0662076,0.0669146,0.0674993,0.0679681,0.0683276,0.0685842,0.0687444,0.0688142,0.0687996,0.0687064,0.0685402,0.0683064,0.0680099,0.0676558,0.0672486,0.0667926,0.0662921,0.0657509,0.0651727,0.064561,0.063919,0.0632499,0.0625563,0.0618411,0.0611068,0.0603555,0.0595896,0.058811,0.0580215,0.057223,0.0564171,0.0556052,0.0547887,0.0539689,0.0531469,0.0523239,0.0515009,0.0506787,0.0498583,0.0490403,0.0482255,0.0474145,0.0466079,0.0458063,0.0450101,0.0442197,0.0434356,0.042658,0.0418874,0.041124,0.0403679,0.0396195,0.038879,0.0381464,0.037422,0.0367058,0.035998,0.0352985,0.0346075,0.0339251,0.0332511,0.0325857,0.0319289,0.0312806,0.0306407,0.0300094,0.0293865,0.0287719,0.0281657,0.0275677,0.0269778,0.0263961,0.0258224,0.0252565,0.0246985,0.0241482,0.0236055,0.0230704,0.0225426,0.0220221,0.0215087,0.0210024,0.0205031,0.0200105,0.0195246,0.0190453,0.0185724,0.0181058,0.0176454,0.0171911,0.0167426,0.0163,0.015863,0.0154316,0.0150056,0.0145848,0.0141692,0.0137586,0.0133529,0.012952,0.0125557,0.0121638,0.0117764,0.0113932,0.0110141,0.010639,0.0102677,0.0099002,0.00953628,0.00917585,0.00881878,0.00846493,0.0081142,0.00776644,0.00742154,0.00707938,0.00673983,0.00640277,0.00606809,0.00573565,0.00540533,0.00507703,0.00475061,0.00442596,0.00410295,0.00378148,0.00346141,0.00314264,0.00282503,0.00250849,0.00219288,0.00187809,0.001564,0.0012505,0.000937466,0.000624782
0,0.00361431,0.00721133,0.010774,0.0142859,0.0177313,0.0210953,0.0243644,0.0275263,0.0305701,0.0334864,0.0362675,0.0389068,0.0413996,0.0437426,0.0459335,0.0479716,0.0498574,0.051592,0.0531779,0.0546182,0.0559166,0.0570773,0.0581053,0.0590057,0.0597838,0.0604452,0.0609958,0.0614412,0.0617871,0.0620394,0.0622036,0.0622853,0.0622898,0.0622223,0.0620878,0.0618912,0.061637,0.0613296,0.0609733,0.060572,0.0601294,0.0596493,0.0591348,0.0585892,0.0580155,0.0574165,0.0567947,0.0561527,0.0554927,0.0548168,0.0541272,0.0534255,0.0527136,0.051993,0.0512653,0.0505317,0.0497937,0.0490523,0.0483087,0.0475639,0.0468188,0.0460741,0.0453309,0.0445896,0.043851,0.0431157,0.0423843,0.0416572,0.0409348,0.0402176,0.039506,0.0388002,0.0381006,0.0374074,0.0367208,0.0360411,0.0353685,0.034703,0.0340448,0.0333941,0.0327509,0.0321152,0.0314872,0.0308669,0.0302543,0.0296494,0.0290523,0.0284629,0.0278811,0.0273071,0.0267406,0.0261818,0.0256304,0.0250866,0.0245501,0.024021,0.0234992,0.0229845,0.0224769,0.0219763,0.0214827,0.0209958,0.0205156,0.0200421,0.0195751,0.0191144,0.0186601,0.0182119,0.0177698,0.0173337,0.0169034,0.0164789,0.0160599,0.0156465,0.0152384,0.0148356,0.014438,0.0140454,0.0136577,0.0132748,0.0128965,0.0125229,0.0121536,0.0117888,0.0114281,0.0110715,0.0107188,0.0103701,0.010025,0.00968364,0.00934575,0.00901125,0.00868004,0.00835199,0.00802699,0.00770493,0.00738569,0.00706917,0.00675525,0.00644382,0.00613476,0.00582797,0.00552334,0.00522075,0.00492009,0.00462126,0.00432415,0.00402865,0.00373464,0.00344203,0.00315069,0.00286054,0.00257145,0.00228332,0.00199604,0.00170951,0.00142361,0.00113825,0.000853317,0.0005687
0,0.00320816,0.00640139,0.00956496,0.0126846,0.0157466,0.0187383,0.0216476,0.0244639,0.0271776,0.0297802,0.0322649,0.0346259,0.0368586,0.0389599,0.0409278,0.0427612,0.0444602,0.0460259,0.0474599,0.0487647,0.0499435,0.0509999,0.0519379,0.052762,0.0534767,0.0540869,0.0545976,0.0550137,0.0553405,0.0555827,0.0557456,0.0558338,0.0558522,0.0558053,0.0556977,0.0555337,0.0553173,0.0550525,0.0547431,0.0543927,0.0540046,0.0535821,0.0531282,0.0526458,0.0521375,0.051606,0.0510535,0.0504824,0.0498946,0.0492922,0.0486769,0.0480505,0.0474145,0.0467703,0.0461194,0.045463,0.0448023,0.0441383,0.043472,0.0428044,0.0421363,0.0414684,0.0408016,0.0401364,0.0394735,0.0388134,0.0381565,0.0375035,0.0368546,0.0362102,0.0355707,0.0349364,0.0343075,0.0336843,0.0330671,0.0324559,0.031851,0.0312525,0.0306605,0.0300751,0.0294964,0.0289245,0.0283595,0.0278013,0.02725,0.0267057,0.0261682,0.0256377,0.0251141,0.0245973,0.0240874,0.0235843,0.023088,0.0225983,0.0221153,0.0216389,0.021169,0.0207056,0.0202485,0.0197977,0.0193532,0.0189147,0.0184823,0.0180558,0.0176352,0.0172203,0.0168111,0.0164075,0.0160093,0.0156165,0.0152289,0.0148465,0.0144691,0.0140967,0.0137291,0.0133663,0.013008,0.0126544,0.0123051,0.0119602,0.0116194,0.0112828,0.0109502,0.0106215,0.0102965,0.00997525,0.00965757,0.00934336,0.00903251,0.00872493,0.00842051,0.00811915,0.00782074,0.00752518,0.00723237,0.0069422,0.00665458,0.0063694,0.00608656,0.00580597,0.00552751,0.00525109,0.00497662,0.00470399,0.0044331,0.00416385,0.00389615,0.0036299,0.00336499,0.00310134,0.00283885,0.00257741,0.00231694,0.00205732,0.00179848,0.00154031,0.00128271,0.00102559,0.00076886,0.000512414
0,0.00281695,0.0056211,0.00839983,0.0111409,0.0138325,0.0164636,0.0190239,0.0215042,0.023896,0.0261921,0.0283861,0.0304731,0.032449,0.0343108,0.0360566,0.0376852,0.0391966,0.0405914,0.041871,0.0430373,0.044093,0.0450409,0.0458846,0.0466277,0.0472741,0.0478281,0.0482939,0.0486759,0.0489783,0.0492056,0.0493622,0.0494522,0.0494799,0.0494492,0.0493642,0.0492286,0.0490461,0.0488202,0.0485541,0.0482512,0.0479144,0.0475465,0.0471503,0.0467283,0.046283,0.0458166,0.0453312,0.0448288,0.0443114,0.0437805,0.043238,0.0426852,0.0421236,0.0415546,0.0409792,0.0403988,0.0398142,0.0392266,0.0386368,0.0380455,0.0374537,0.0368619,0.0362709,0.0356812,0.0350933,0.0345079,0.0339252,0.0333458,0.03277,0.0321981,0.0316304,0.0310673,0.030509,0.0299556,0.0294074,0.0288646,0.0283273,0.0277956,0.0272696,0.0267495,0.0262354,0.0257272,0.025225,0.024729,0.024239,0.0237551,0.0232774,0.0228058,0.0223403,0.0218809,0.0214276,0.0209803,0.0205389,0.0201036,0.0196741,0.0192505,0.0188326,0.0184205,0.018014,0.0176131,0.0172177,0.0168278,0.0164432,0.0160639,0.0156898,0.0153208,0.0149568,0.0145977,0.0142435,0.0138941,0.0135493,0.0132092,0.0128735,0.0125422,0.0122152,0.0118924,0.0115737,0.0112591,0.0109484,0.0106415,0.0103384,0.0100389,0.00974298,0.00945051,0.00916142,0.00887559,0.00859295,0.0083134,0.00803684,0.00776318,0.00749233,0.0072242,0.00695869,0.00669572,0.0064352,0.00617702,0.00592111,0.00566737,0.00541572,0.00516605,0.00491829,0.00467235,0.00442813,0.00418555,0.00394452,0.00370495,0.00346675,0.00322985,0.00299414,0.00275955,0.00252599,0.00229336,0.00206159,0.00183059,0.00160028,0.00137056,0.00114135,0.000912568,0.000684128,0.000455943
0,0.00243855,0.00486625,0.00727239,0.00964657,0.0119788,0.0142597,0.0164804,0.018633,0.0207102,0.0227059,0.0246145,0.0264316,0.0281536,0.0297778,0.0313025,0.0327265,0.0340496,0.0352722,0.0363954,0.0374207,0.0383502,0.0391863,0.0399319,0.0405901,0.0411642,0.0416577,0.0420743,0.0424176,0.0426914,0.0428994,0.0430454,0.0431331,0.043166,0.0431476,0.0430814,0.0429706,0.0428185,0.0426281,0.0424022,0.0421437,0.0418553,0.0415393,0.0411983,0.0408343,0.0404497,0.0400463,0.039626,0.0391905,0.0387416,0.0382808,0.0378094,0.0373289,0.0368404,0.0363452,0.0358443,0.0353388,0.0348295,0.0343173,0.0338031,0.0332874,0.0327712,0.0322548,0.031739,0.0312242,0.030711,0.0301997,0.0296908,0.0291847,0.0286816,0.0281819,0.0276858,0.0271937,0.0267056,0.0262218,0.0257426,0.025268,0.0247981,0.0243331,0.0238732,0.0234183,0.0229685,0.022524,0.0220847,0.0216507,0.021222,0.0207987,0.0203807,0.019968,0.0195606,0.0191586,0.0187619,0.0183704,0.0179842,0.0176031,0.0172272,0.0168564,0.0164907,0.0161299,0.0157741,0.0154232,0.015077,0.0147357,0.014399,0.0140669,0.0137394,0.0134163,0.0130976,0.0127833,0.0124732,0.0121672,0.0118654,0.0115675,0.0112736,0.0109835,0.0106972,0.0104146,0.0101355,0.00986002,0.00958795,0.00931924,0.0090538,0.00879156,0.00853242,0.00827632,0.00802316,0.00777286,0.00752535,0.00728054,0.00703836,0.00679871,0.00656152,0.00632671,0.0060942,0.00586391,0.00563576,0.00540967,0.00518555,0.00496334,0.00474295,0.00452431,0.00430733,0.00409194,0.00387806,0.00366562,0.00345453,0.00324473,0.00303612,0.00282865,0.00262222,0.00241677,0.00221222,0.00200849,0.00180551,0.00160321,0.0014015,0.00120031,0.000999578,0.000799215,0.00059915,0.000399309
0,0.00207101,0.00413296,0.00617694,0.00819423,0.0101765,0.0121159,0.014005,0.0158371,0.0176061,0.0193068,0.0209344,0.0224851,0.023956,0.0253445,0.0266491,0.0278687,0.0290032,0.0300526,0.0310178,0.0318999,0.0327008,0.0334222,0.0340667,0.0346366,0.0351349,0.0355643,0.0359279,0.0362289,0.0364703,0.0366553,0.0367871,0.0368688,0.0369034,0.0368939,0.0368432,0.0367541,0.0366293,0.0364714,0.036283,0.0360663,0.0358237,0.0355573,0.0352692,0.0349612,0.0346352,0.0342929,0.033936,0.0335658,0.0331839,0.0327916,0.0323901,0.0319806,0.0315641,0.0311417,0.0307142,0.0302827,0.0298478,0.0294103,0.0289709,0.0285302,0.0280888,0.0276473,0.0272062,0.0267659,0.0263268,0.0258893,0.0254538,0.0250206,0.02459,0.0241622,0.0237375,0.023316,0.0228981,0.0224838,0.0220733,0.0216667,0.0212642,0.0208658,0.0204717,0.020082,0.0196966,0.0193157,0.0189392,0.0185673,0.0181998,0.017837,0.0174787,0.017125,0.0167758,0.0164312,0.0160911,0.0157555,0.0154243,0.0150976,0.0147754,0.0144574,0.0141438,0.0138345,0.0135294,0.0132285,0.0129317,0.012639,0.0123503,0.0120655,0.0117846,0.0115076,0.0112343,0.0109647,0.0106988,0.0104364,0.0101775,0.00992207,0.00966999,0.0094212,0.00917564,0.00893324,0.00869392,0.00845762,0.00822427,0.0079938,0.00776613,0.0075412,0.00731894,0.00709927,0.00688213,0.00666744,0.00645515,0.00624516,0.00603743,0.00583187,0.00562842,0.00542701,0.00522758,0.00503004,0.00483434,0.0046404,0.00444816,0.00425755,0.00406851,0.00388096,0.00369484,0.00351008,0.00332662,0.00314439,0.00296332,0.00278334,0.0026044,0.00242643,0.00224936,0.00207312,0.00189766,0.0017229,0.00154878,0.00137525,0.00120222,0.00102964,0.000857448,0.000685574,0.000513957,0.000342531
0,0.00171252,0.00341767,0.00510816,0.00677693,0.00841715,0.0100224,0.0115866,0.0131043,0.0145704,0.0159807,0.0173311,0.0186187,0.0198407,0.0209951,0.0220806,0.0230963,0.0240418,0.0249172,0.0257232,0.0264606,0.0271308,0.0277353,0.028276,0.028755,0.0291744,0.0295367,0.0298443,0.0300998,0.0303057,0.0304646,0.030579,0.0306517,0.030685,0.0306814,0.0306434,0.0305733,0.0304733,0.0303455,0.0301921,0.030015,0.0298161,0.0295972,0.0293601,0.0291062,0.0288372,0.0285544,0.0282593,0.027953,0.0276368,0.0273118,0.026979,0.0266394,0.0262938,0.0259433,0.0255884,0.02523,0.0248687,0.0245052,0.02414,0.0237737,0.0234068,0.0230396,0.0226727,0.0223064,0.0219411,0.0215771,0.0212147,0.0208541,0.0204957,0.0201396,0.0197859,0.019435,0.019087,0.018742,0.0184001,0.0180615,0.0177263,0.0173944,0.0170661,0.0167414,0.0164204,0.016103,0.0157893,0.0154794,0.0151733,0.0148709,0.0145723,0.0142776,0.0139866,0.0136993,0.0134159,0.0131362,0.0128602,0.0125879,0.0123193,0.0120543,0.0117929,0.011535,0.0112807,0.0110299,0.0107825,0.0105384,0.0102978,0.0100604,0.0098262,0.00959524,0.0093674,0.00914265,0.00892093,0.00870218,0.00848634,0.00827337,0.0080632,0.00785577,0.00765103,0.00744893,0.00724939,0.00705237,0.00685781,0.00666564,0.00647582,0.00628827,0.00610295,0.00591979,0.00573873,0.00555972,0.0053827,0.00520762,0.0050344,0.004863,0.00469336,0.00452542,0.00435912,0.0041944,0.00403122,0.0038695,0.0037092,0.00355026,0.00339263,0.00323624,0.00308104,0.00292697,0.00277399,0.00262203,0.00247104,0.00232097,0.00217176,0.00202335,0.0018757,0.00172874,0.00158242,0.00143669,0.0012915,0.00114679,0.00100251,0.000858599,0.00071501,0.000571688,0.000428579,0.000285631
0,0.0013614,0.00271702,0.00406113,0.00538817,0.00669279,0.0079699,0.00921477,0.010423,0.0115907,0.0127144,0.0137909,0.0148178,0.0157929,0.0167147,0.017582,0.018394,0.0191504,0.0198514,0.0204971,0.0210885,0.0216265,0.0221122,0.0225471,0.0229329,0.0232712,0.0235639,0.0238129,0.0240203,0.0241881,0.0243182,0.0244129,0.024474,0.0245035,0.0245035,0.0244759,0.0244225,0.024345,0.0242453,0.0241249,0.0239855,0.0238286,0.0236555,0.0234677,0.0232664,0.0230529,0.0228284,0.0225938,0.0223502,0.0220986,0.0218398,0.0215747,0.0213041,0.0210287,0.0207492,0.0204662,0.0201803,0.0198921,0.0196019,0.0193104,0.019018,0.018725,0.0184318,0.0181387,0.0178461,0.0175543,0.0172634,0.0169738,0.0166856,0.0163992,0.0161145,0.0158318,0.0155513,0.0152731,0.0149972,0.0147238,0.0144531,0.014185,0.0139196,0.0136571,0.0133974,0.0131406,0.0128867,0.0126358,0.0123879,0.012143,0.0119011,0.0116623,0.0114264,0.0111936,0.0109638,0.0107371,0.0105133,0.0102924,0.0100746,0.00985964,0.0096476,0.00943843,0.00923212,0.00902861,0.00882789,0.00862991,0.00843463,0.00824203,0.00805205,0.00786467,0.00767983,0.00749751,0.00731764,0.0071402,0.00696513,0.0067924,0.00662195,0.00645375,0.00628774,0.00612388,0.00596213,0.00580243,0.00564475,0.00548903,0.00533523,0.0051833,0.00503319,0.00488486,0.00473827,0.00459336,0.00445008,0.0043084,0.00416826,0.00402962,0.00389244,0.00375665,0.00362223,0.00348913,0.00335729,0.00322667,0.00309724,0.00296893,0.00284172,0.00271554,0.00259036,0.00246614,0.00234283,0.00222038,0.00209875,0.00197789,0.00185777,0.00173834,0.00161955,0.00150136,0.00138373,0.00126662,0.00114997,0.00103376,0.000917926,0.000802438,0.000687249,0.000572316,0.000457597,0.000343048,0.000228628
0,0.00101608,0.00202788,0.00303118,0.00402185,0.00499594,0.00594968,0.00687956,0.00778233,0.00865506,0.00949515,0.0103003,0.0110686,0.0117986,0.0124889,0.0131386,0.0137473,0.0143147,0.0148407,0.0153256,0.0157699,0.0161744,0.0165399,0.0168675,0.0171583,0.0174136,0.0176348,0.0178233,0.0179806,0.0181081,0.0182075,0.0182802,0.0183278,0.0183517,0.0183533,0.0183342,0.0182957,0.0182391,0.0181658,0.0180769,0.0179736,0.0178572,0.0177286,0.0175889,0.017439,0.0172799,0.0171124,0.0169373,0.0167555,0.0165675,0.0163742,0.0161761,0.0159738,0.0157678,0.0155587,0.015347,0.0151331,0.0149173,0.0147001,0.0144819,0.0142629,0.0140435,0.0138238,0.0136043,0.0133851,0.0131665,0.0129485,0.0127315,0.0125156,0.0123009,0.0120875,0.0118757,0.0116654,0.0114568,0.01125,0.0110451,0.0108421,0.010641,0.0104421,0.0102452,0.0100505,0.00985791,0.00966754,0.00947939,0.00929347,0.00910981,0.00892841,0.00874927,0.0085724,0.00839779,0.00822544,0.00805533,0.00788747,0.00772184,0.00755842,0.00739719,0.00723814,0.00708124,0.00692648,0.00677382,0.00662324,0.00647473,0.00632824,0.00618375,0.00604124,0.00590066,0.005762,0.00562522,0.00549028,0.00535716,0.00522583,0.00509624,0.00496836,0.00484217,0.00471762,0.00459469,0.00447334,0.00435353,0.00423522,0.00411839,0.004003,0.00388902,0.0037764,0.00366511,0.00355512,0.0034464,0.00333891,0.0032326,0.00312746,0.00302344,0.00292051,0.00281864,0.00271778,0.00261792,0.002519,0.002421,0.00232388,0.00222762,0.00213217,0.0020375,0.00194358,0.00185037,0.00175785,0.00166597,0.00157471,0.00148404,0.00139391,0.0013043,0.00121517,0.00112649,0.00103823,0.000950359,0.00086284,0.000775642,0.000688733,0.00060208,0.000515652,0.000429417,0.000343341,0.000257394,0.000171543
0,0.000675036,0.00134725,0.00201385,0.00267212,0.00331944,0.00395333,0.00457146,0.00517169,0.00575207,0.00631087,0.00684658,0.00735793,0.00784386,0.00830355,0.00873641,0.00914205,0.00952026,0.00987106,0.0101946,0.0104912,0.0107613,0.0110056,0.0112246,0.0114191,0.0115901,0.0117384,0.0118648,0.0119705,0.0120564,0.0121235,0.0121728,0.0122053,0.0122221,0.012224,0.012212,0.0121871,0.0121501,0.0121018,0.0120432,0.011975,0.011898,0.0118128,0.0117202,0.0116208,0.0115152,0.011404,0.0112877,0.0111669,0.011042,0.0109134,0.0107817,0.0106471,0.0105101,0.010371,0.0102301,0.0100877,0.00994403,0.00979944,0.00965413,0.0095083,0.00936216,0.0092159,0.00906969,0.00892368,0.00877801,0.00863283,0.00848824,0.00834436,0.0082013,0.00805913,0.00791795,0.00777782,0.00763881,0.00750099,0.00736441,0.0072291,0.00709513,0.00696251,0.00683129,0.00670148,0.00657312,0.00644622,0.0063208,0.00619686,0.00607443,0.00595349,0.00583407,0.00571615,0.00559974,0.00548484,0.00537143,0.00525952,0.00514909,0.00504013,0.00493263,0.00482659,0.00472198,0.00461879,0.004517,0.0044166,0.00431758,0.0042199,0.00412356,0.00402854,0.0039348,0.00384235,0.00375114,0.00366117,0.0035724,0.00348482,0.00339841,0.00331315,0.003229,0.00314595,0.00306398,0.00298305,0.00290316,0.00282427,0.00274637,0.00266942,0.00259341,0.00251831,0.0024441,0.00237076,0.00229826,0.00222658,0.00215569,0.00208558,0.00201621,0.00194757,0.00187964,0.00181238,0.00174579,0.00167982,0.00161447,0.00154971,0.00148551,0.00142186,0.00135873,0.0012961,0.00123395,0.00117225,0.00111098,0.00105012,0.000989651,0.000929547,0.000869789,0.000810352,0.000751217,0.00069236,0.000633761,0.000575398,0.000517249,0.000459292,0.000401507,0.000343871,0.000286363,0.000228962,0.000171647,0.000114396
