0,0,0,0,0,0,0,0,0,0,0,0,0,0,0,0,0,0,0,0,0,0,0,0,0,0,0,0,0,0,0,0,0,0,0,0,0,0,0,0,0,0,0,0,0,0,0,0,0,0,0,0,0,0,0,0,0,0,0,0,0,0,0,0,0,0,0,0,0,0,0,0,0,0,0,0,0,0,0,0,0,0,0,0,0,0,0,0,0,0,0,0,0,0,0,0,0,0,0,0,0,0,0,0,0,0,0,0,0,0,0,0,0,0,0,0,0,0,0,0,0,0,0,0,0,0,0,0,0,0,0,0,0,0,0,0,0,0,0,0,0,0,0,0,0,0,0,0,0,0,0,0,0,0,0,0,0,0,0,0,0
0,0.000277401,0.000553446,0.000826793,0.00109614,0.00136023,0.00161787,0.00186796,0.00210946,0.00234146,0.00256313,0.00277377,0.00297277,0.00315966,0.00333407,0.00349573,0.00364449,0.00378029,0.00390315,0.00401319,0.00411062,0.00419567,0.00426869,0.00433002,0.00438009,0.00441933,0.00444824,0.00446729,0.00447702,0.00447791,0.00447052,0.00445536,0.00443294,0.00440378,0.0043684,0.00432725,0.00428084,0.0042296,0.004174,0.00411444,0.00405133,0.00398506,0.00391599,0.00384446,0.00377081,0.00369534,0.00361835,0.00354008,0.00346083,0.00338079,0.00330022,0.0032193,0.00313824,0.00305719,0.00297634,0.00289582,0.00281578,0.00273632,0.00265759,0.00257967,0.00250267,0.00242666,0.00235173,0.00227793,0.00220534,0.002134,0.00206397,0.00199527,0.00192796,0.00186204,0.00179757,0.00173453,0.00167297,0.00161287,0.00155426,0.00149713,0.00144149,0.00138732,0.00133464,0.00128342,0.00123366,0.00118535,0.00113846,0.00109299,0.00104892,0.00100622,0.000964882,0.000924872,0.000886181,0.00084877,0.00081263,0.000777722,0.000744033,0.000711523,0.00068018,0.000649963,0.000620858,0.000592825,0.000565848,0.000539889,0.000514932,0.000490937,0.000467889,0.000445749,0.000424501,0.00040411,0.000384556,0.000365806,0.000347842,0.00033063,0.000314154,0.000298381,0.000283295,0.000268864,0.000255072,0.00024189,0.000229301,0.000217278,0.000205804,0.000194855,0.000184414,0.000174456,0.000164967,0.000155924,0.000147312,0.00013911,0.000131303,0.000123871,0.000116802,0.000110075,0.00010368,9.75959e-05,9.18131e-05,8.63139e-05,8.10875e-05,7.61177e-05,7.13942e-05,6.69021e-05,6.26315e-05,5.85683e-05,5.47033e-05,5.10235e-05,4.75197e-05,4.41801e-05,4.09959e-05,3.79558e-05,3.50517e-05,3.2273e-05,2.96117e-05,2.70579e-05,2.46041e-05,2.22409e-05,1.99608e-05,1.7755e-05,1.56164e-05,1.35365e-05,1.15083e-05,9.5236e-06,7.57551e-06,5.65627e-06,3.75885e-06
0,0.000556227,0.00110972,0.00165779,0.00219781,0.00272725,0.00324371,0.00374497,0.00422897,0.00469385,0.00513796,0.00555989,0.00595845,0.00633267,0.00668181,0.00700535,0.00730298,0.0075746,0.00782026,0.00804022,0.00823485,0.00840471,0.0085504,0.00867271,0.00877244,0.00885052,0.00890787,0.00894552,0.00896447,0.0089658,0.00895051,0.00891971,0.00887439,0.00881562,0.00874437,0.00866165,0.00856838,0.00846551,0.00835388,0.00823439,0.0081078,0.00797492,0.00783643,0.00769308,0.00754547,0.00739426,0.00723999,0.00708323,0.00692447,0.0067642,0.00660284,0.00644083,0.0062785,0.00611626,0.00595438,0.00579321,0.00563297,0.00547397,0.00531637,0.00516044,0.00500632,0.00485423,0.00470426,0.0045566,0.00441134,0.00426861,0.00412846,0.00399103,0.00385634,0.00372448,0.00359546,0.00346937,0.00334619,0.00322597,0.00310871,0.00299443,0.00288311,0.00277478,0.00266938,0.00256693,0.00246739,0.00237075,0.00227696,0.00218602,0.00209785,0.00201245,0.00192976,0.00184974,0.00177234,0.00169753,0.00162523,0.00155542,0.00148802,0.00142301,0.00136031,0.00129989,0.00124166,0.00118561,0.00113164,0.00107974,0.00102981,0.000981831,0.000935724,0.000891455,0.000848951,0.000808176,0.000769061,0.00073157,0.000695634,0.00066122,0.000628262,0.000596724,0.000566545,0.000537691,0.000510102,0.000483745,0.000458563,0.000434523,0.000411573,0.00038968,0.000368794,0.000348885,0.000329904,0.000311823,0.000294596,0.000278196,0.00026258,0.000247722,0.000233581,0.000220132,0.000207338,0.000195175,0.000183607,0.000172612,0.000162158,0.000152221,0.000142773,0.000133792,0.000125249,0.000117126,0.000109394,0.000102037,9.50287e-05,8.83516e-05,8.19823e-05,7.59042e-05,7.00953e-05,6.45395e-05,5.92164e-05,5.41105e-05,4.92024e-05,4.44773e-05,3.99168e-05,3.55065e-05,3.12291e-05,2.70703e-05,2.30138e-05,1.90453e-05,1.51492e-05,1.13114e-05,7.51679e-06
0,0.000837919,0.0016717,0.00249725,0.0033106,0.00410791,0.00488557,0.00564019,0.00636867,0.00706819,0.00773631,0.00837085,0.00897006,0.00953246,0.010057,0.0105428,0.0109896,0.011397,0.0117654,0.012095,0.0123864,0.0126405,0.0128582,0.0130408,0.0131894,0.0133054,0.0133903,0.0134456,0.0134728,0.0134736,0.0134495,0.013402,0.0133329,0.0132435,0.0131355,0.0130103,0.0128693,0.012714,0.0125455,0.0123653,0.0121745,0.0119743,0.0117658,0.01155,0.0113278,0.0111003,0.0108682,0.0106325,0.0103938,0.0101528,0.00991027,0.00966674,0.00942284,0.00917903,0.00893586,0.00869371,0.00845306,0.0082142,0.00797755,0.00774336,0.00751197,0.00728356,0.00705843,0.00683672,0.00661867,0.00640438,0.00619405,0.00598773,0.00578559,0.00558765,0.00539405,0.00520478,0.00501995,0.00483952,0.00466357,0.00449206,0.00432505,0.00416246,0.00400433,0.0038506,0.00370126,0.00355624,0.00341555,0.00327908,0.00314682,0.00301868,0.00289464,0.00277458,0.00265848,0.00254622,0.00243778,0.00233304,0.00223196,0.00213442,0.00204038,0.00194972,0.00186239,0.00177829,0.00169736,0.00161948,0.0015446,0.00147262,0.00140347,0.00133705,0.00127331,0.00121214,0.00115348,0.00109723,0.00104334,0.000991715,0.00094229,0.000894976,0.000849721,0.000806433,0.000765062,0.00072552,0.000687758,0.000651694,0.000617279,0.000584436,0.000553117,0.000523249,0.000494788,0.000467663,0.000441832,0.000417229,0.000393813,0.000371523,0.000350319,0.000330143,0.000310959,0.000292712,0.000275368,0.000258874,0.000243198,0.000228292,0.000214125,0.000200652,0.000187843,0.000175657,0.000164065,0.000153028,0.000142519,0.000132503,0.000122953,0.000113835,0.000105125,9.6791e-05,8.88094e-05,8.11503e-05,7.37909e-05,6.67031e-05,5.98648e-05,5.32495e-05,4.68355e-05,4.05976e-05,3.45146e-05,2.85623e-05,2.27198e-05,1.69638e-05,1.12732e-05
0,0.00112396,0.00224231,0.00334953,0.00444023,0.00550925,0.00655167,0.00756297,0.00853892,0.00947578,0.0103702,0.0112194,0.0120208,0.0127727,0.0134735,0.0141223,0.0147185,0.0152619,0.0157527,0.0161915,0.016579,0.0169166,0.0172054,0.017447,0.0176432,0.0177959,0.017907,0.0179785,0.0180125,0.0180113,0.0179768,0.0179113,0.0178168,0.0176955,0.0175493,0.0173803,0.0171903,0.0169812,0.0167548,0.0165127,0.0162566,0.0159881,0.0157084,0.0154192,0.0151216,0.014817,0.0145063,0.0141908,0.0138715,0.0135492,0.0132248,0.0128993,0.0125732,0.0122474,0.0119224,0.0115989,0.0112774,0.0109584,0.0106423,0.0103295,0.0100205,0.00971559,0.00941499,0.00911905,0.00882794,0.00854195,0.00826119,0.00798587,0.00771607,0.00745198,0.00719361,0.0069411,0.00669445,0.00645376,0.00621899,0.00599022,0.00576738,0.00555053,0.00533957,0.00513453,0.00493531,0.00474191,0.00455423,0.00437224,0.00419582,0.00402495,0.00385949,0.0036994,0.00354454,0.00339487,0.00325023,0.00311058,0.00297576,0.00284572,0.00272029,0.00259943,0.00248297,0.00237085,0.00226291,0.00215909,0.00205923,0.00196327,0.00187106,0.00178252,0.00169752,0.00161597,0.00153775,0.00146277,0.00139091,0.00132209,0.00125618,0.00119311,0.00113276,0.00107507,0.0010199,0.000967192,0.000916837,0.000868768,0.000822877,0.000779102,0.00073734,0.000697531,0.000659579,0.000623427,0.000588983,0.000556192,0.000524968,0.00049526,0.000466986,0.000440097,0.000414517,0.000390198,0.00036707,0.000345089,0.000324186,0.000304321,0.00028543,0.000267474,0.000250395,0.000234154,0.000218698,0.000203989,0.000189977,0.000176628,0.000163895,0.000151743,0.00014013,0.000129023,0.000118381,0.000108174,9.83618e-05,8.89155e-05,7.97985e-05,7.09816e-05,6.24306e-05,5.41166e-05,4.6007e-05,3.80736e-05,3.02848e-05,2.26127e-05,1.50269e-05
0,0.00141587,0.0028246,0.00421914,0.00559264,0.00693851,0.00825055,0.00952295,0.0107504,0.0119282,0.0130521,0.0141184,0.0151244,0.0160674,0.0169458,0.0177583,0.0185044,0.0191837,0.0197966,0.0203439,0.0208268,0.0212465,0.0216051,0.0219043,0.0221465,0.022334,0.0224694,0.0225552,0.0225941,0.0225888,0.022542,0.0224565,0.0223348,0.0221795,0.0219934,0.0217787,0.021538,0.0212734,0.0209874,0.0206819,0.0203591,0.0200207,0.0196688,0.0193049,0.0189307,0.0185477,0.0181575,0.0177613,0.0173603,0.0169558,0.0165489,0.0161405,0.0157316,0.0153231,0.0149157,0.0145102,0.0141074,0.0137076,0.0133117,0.01292,0.012533,0.0121511,0.0117748,0.0114042,0.0110398,0.0106818,0.0103305,0.00998585,0.00964827,0.00931775,0.00899451,0.00867854,0.00837,0.00806885,0.00777521,0.007489,0.00721031,0.00693903,0.00667522,0.00641874,0.00616963,0.00592774,0.00569307,0.00546546,0.00524489,0.0050312,0.00482434,0.00462415,0.00443056,0.00424339,0.00406259,0.00388796,0.00371944,0.00355684,0.00340007,0.00324894,0.00310338,0.00296319,0.00282829,0.00269848,0.00257368,0.00245371,0.00233847,0.00222777,0.00212154,0.0020196,0.00192184,0.00182811,0.0017383,0.00165227,0.00156991,0.00149106,0.00141565,0.00134352,0.00127459,0.0012087,0.00114578,0.00108569,0.00102835,0.000973628,0.000921447,0.000871684,0.000824264,0.000779072,0.000736036,0.000695046,0.000656034,0.000618898,0.000583572,0.00054996,0.000518001,0.000487602,0.000458707,0.000431229,0.000405115,0.000380283,0.000356682,0.000334238,0.0003129,0.0002926,0.000273289,0.000254904,0.000237398,0.000220713,0.000204805,0.000189616,0.000175108,0.000161225,0.00014793,0.000135172,0.000122913,0.000111107,9.9716e-05,8.86967e-05,7.80129e-05,6.76225e-05,5.74901e-05,4.75756e-05,3.78437e-05,2.82561e-05,1.87774e-05
0,0.00171526,0.00342175,0.00511081,0.00677401,0.00840331,0.00999107,0.0115302,0.0130143,0.0144375,0.0157947,0.0170817,0.0182947,0.019431,0.0204885,0.0214658,0.0223621,0.0231773,0.0239119,0.0245669,0.0251438,0.0256444,0.0260708,0.0264257,0.0267117,0.0269318,0.027089,0.0271867,0.027228,0.0272162,0.0271545,0.0270465,0.026895,0.0267036,0.026475,0.0262125,0.0259188,0.0255968,0.0252491,0.0248783,0.0244868,0.024077,0.023651,0.0232109,0.0227586,0.0222961,0.0218249,0.0213467,0.020863,0.0203753,0.0198847,0.0193925,0.0188999,0.0184079,0.0179173,0.0174292,0.0169443,0.0164633,0.0159869,0.0155157,0.0150502,0.014591,0.0141384,0.013693,0.0132549,0.0128246,0.0124022,0.0119882,0.0115825,0.0111854,0.010797,0.0104174,0.0100467,0.00968506,0.00933231,0.00898862,0.00865387,0.00832814,0.0080113,0.00770338,0.00740422,0.00711383,0.00683204,0.00655882,0.00629398,0.00603749,0.00578913,0.00554885,0.00531643,0.00509181,0.00487476,0.0046652,0.0044629,0.00426777,0.00407959,0.00389825,0.00372352,0.00355532,0.00339339,0.00323765,0.00308786,0.00294391,0.0028056,0.0026728,0.0025453,0.002423,0.00230567,0.00219323,0.00208545,0.00198224,0.0018834,0.00178882,0.00169832,0.0016118,0.00152907,0.00145004,0.00137453,0.00130245,0.00123364,0.001168,0.00110538,0.0010457,0.000988793,0.000934588,0.000882945,0.000833782,0.000786969,0.000742429,0.000700039,0.000659726,0.000621376,0.000584918,0.000550246,0.000517291,0.000485956,0.000456175,0.000427856,0.000400938,0.000375335,0.000350989,0.000327818,0.000305769,0.000284765,0.000264754,0.000245667,0.000227452,0.000210044,0.000193395,0.000177443,0.000162142,0.000147435,0.000133275,0.000119609,0.000106394,9.35764e-05,8.11146e-05,6.89592e-05,5.70678e-05,4.53934e-05,3.38937e-05,2.25234e-05
0,0.00202384,0.00403714,0.00602953,0.00799093,0.00991167,0.0117826,0.0135954,0.0153423,0.0170164,0.0186117,0.0201231,0.0215466,0.0228786,0.0241169,0.02526,0.026307,0.027258,0.0281137,0.0288753,0.0295446,0.030124,0.0306163,0.0310243,0.0313515,0.0316013,0.0317776,0.0318841,0.0319247,0.0319033,0.0318238,0.0316901,0.0315061,0.0312754,0.0310017,0.0306885,0.0303393,0.0299572,0.0295455,0.0291071,0.0286449,0.0281614,0.0276594,0.0271412,0.0266091,0.0260652,0.0255115,0.0249499,0.0243821,0.0238098,0.0232344,0.0226573,0.02208,0.0215034,0.0209289,0.0203572,0.0197895,0.0192265,0.018669,0.0181176,0.0175731,0.017036,0.0165068,0.0159859,0.0154738,0.0149707,0.0144771,0.0139931,0.0135191,0.0130551,0.0126014,0.0121579,0.011725,0.0113025,0.0108906,0.0104891,0.0100983,0.00971786,0.00934796,0.00898839,0.00863919,0.00830013,0.00797122,0.00765224,0.00734316,0.00704372,0.0067539,0.00647341,0.00620221,0.00594003,0.00568677,0.00544218,0.00520615,0.00497842,0.00475887,0.00454724,0.00434341,0.00414711,0.00395822,0.00377648,0.00360175,0.00343379,0.00327245,0.00311749,0.00296878,0.00282607,0.00268924,0.00255804,0.00243234,0.00231192,0.00219664,0.0020863,0.00198076,0.00187981,0.00178333,0.00169113,0.00160307,0.00151898,0.00143874,0.00136216,0.00128915,0.00121951,0.00115316,0.00108992,0.00102971,0.000972353,0.000917769,0.000865809,0.000816383,0.000769356,0.000724641,0.000682111,0.000641684,0.000603242,0.000566706,0.000531966,0.000498949,0.000467549,0.000437698,0.000409298,0.000382284,0.000356564,0.000332076,0.000308735,0.00028648,0.000265234,0.000244938,0.000225519,0.000206921,0.000189074,0.000171926,0.000155412,0.000139479,0.000124065,0.000109121,9.4587e-05,8.04141e-05,6.65461e-05,5.29336e-05,3.9523e-05,2.62648e-05
0,0.00234342,0.0046744,0.00698069,0.0092504,0.0114722,0.0136352,0.0157298,0.0177468,0.0196782,0.0215172,0.0232578,0.0248952,0.0264259,0.027847,0.0291571,0.0303552,0.0314418,0.0324175,0.0332843,0.0340442,0.0347001,0.0352554,0.0357136,0.0360787,0.036355,0.0365467,0.0366585,0.0366947,0.0366601,0.0365591,0.0363964,0.0361761,0.0359029,0.0355807,0.0352137,0.0348058,0.0343608,0.0338821,0.0333734,0.0328377,0.0322783,0.031698,0.0310996,0.0304855,0.0298584,0.0292204,0.0285737,0.0279201,0.0272618,0.0266001,0.025937,0.0252736,0.0246115,0.0239517,0.0232957,0.0226442,0.0219983,0.0213588,0.0207267,0.0201024,0.0194869,0.0188803,0.0182836,0.0176969,0.0171207,0.0165554,0.0160012,0.0154584,0.0149273,0.0144078,0.0139004,0.0134048,0.0129214,0.0124499,0.0119907,0.0115435,0.0111084,0.0106852,0.0102739,0.00987445,0.00948674,0.00911053,0.00874581,0.0083923,0.00804997,0.00771852,0.00739789,0.00708776,0.00678807,0.00649849,0.00621893,0.00594906,0.00568879,0.00543779,0.00519593,0.00496291,0.00473859,0.00452266,0.00431498,0.00411525,0.00392332,0.00373891,0.00356186,0.00339188,0.00322883,0.00307243,0.00292253,0.00277887,0.00264129,0.00250955,0.00238349,0.00226287,0.00214755,0.00203729,0.00193196,0.00183134,0.00173528,0.00164358,0.00155611,0.00147267,0.00139313,0.00131731,0.00124508,0.00117627,0.00111076,0.00104838,0.000989038,0.000932559,0.000878847,0.000827752,0.000779178,0.000732984,0.00068908,0.000647333,0.000607658,0.000569931,0.00053407,0.000499962,0.000467529,0.000436662,0.000407289,0.00037931,0.000352653,0.000327227,0.000302963,0.000279774,0.000257597,0.000236349,0.000215968,0.000196377,0.000177516,0.000159314,0.000141711,0.000124638,0.00010804,9.18493e-05,7.60105e-05,6.04609e-05,4.5144e-05,2.99996e-05
0,0.00267597,0.00533743,0.00797005,0.01056,0.013094,0.0155596,0.0179455,0.0202411,0.0224374,0.0245263,0.0265014,0.0283571,0.0300894,0.0316956,0.0331737,0.0345234,0.0357449,0.0368396,0.0378096,0.0386577,0.0393873,0.0400024,0.0405072,0.0409065,0.0412051,0.0414082,0.041521,0.0415487,0.0414965,0.0413699,0.0411738,0.0409134,0.0405936,0.0402191,0.0397946,0.0393245,0.038813,0.0382644,0.0376821,0.0370703,0.036432,0.0357708,0.0350895,0.0343913,0.0336787,0.0329543,0.0322205,0.0314795,0.0307334,0.029984,0.0292331,0.0284825,0.0277334,0.0269874,0.0262457,0.0255095,0.0247798,0.0240576,0.0233437,0.0226391,0.0219442,0.0212599,0.0205866,0.0199248,0.019275,0.0186375,0.0180127,0.0174009,0.0168021,0.0162167,0.0156448,0.0150865,0.0145417,0.0140107,0.0134933,0.0129897,0.0124996,0.012023,0.0115599,0.0111102,0.0106735,0.0102501,0.00983939,0.00944151,0.00905609,0.00868307,0.00832212,0.00797314,0.00763579,0.00730996,0.00699529,0.00669167,0.00639874,0.00611635,0.00584417,0.00558203,0.0053296,0.0050867,0.00485301,0.00462835,0.0044124,0.00420498,0.00400577,0.0038146,0.00363115,0.00345525,0.00328661,0.00312505,0.00297027,0.00282212,0.0026803,0.00254467,0.00241493,0.00229096,0.00217247,0.00205932,0.00195127,0.00184816,0.00174977,0.00165595,0.00156648,0.00148123,0.00139999,0.00132262,0.00124894,0.00117881,0.00111206,0.00104857,0.000988154,0.000930713,0.000876079,0.000824149,0.000774768,0.000727837,0.000683214,0.000640803,0.000600471,0.000562129,0.000525652,0.000490954,0.00045792,0.000426468,0.000396489,0.000367907,0.00034062,0.000314554,0.000289614,0.000265728,0.000242809,0.000220787,0.000199578,0.000179116,0.000159322,0.00014013,0.000121466,0.000103265,8.54563e-05,6.79755e-05,5.07539e-05,3.37282e-05
0,0.00302366,0.00603049,0.00900394,0.0119279,0.0147872,0.0175675,0.0202556,0.0228396,0.0253092,0.0276554,0.0298708,0.0319494,0.0338869,0.0356802,0.0373277,0.0388289,0.0401847,0.0413967,0.0424677,0.043401,0.0442008,0.0448717,0.045419,0.0458479,0.0461642,0.0463738,0.0464828,0.046497,0.0464225,0.0462653,0.0460313,0.045726,0.0453551,0.044924,0.0444378,0.0439015,0.0433198,0.0426973,0.0420383,0.0413467,0.0406266,0.0398814,0.0391147,0.0383295,0.0375291,0.036716,0.035893,0.0350625,0.0342267,0.0333878,0.0325477,0.031708,0.0308707,0.030037,0.0292086,0.0283865,0.027572,0.026766,0.0259697,0.0251836,0.0244089,0.0236459,0.0228955,0.0221579,0.021434,0.0207238,0.0200279,0.0193465,0.0186799,0.0180281,0.0173915,0.01677,0.0161638,0.0155728,0.0149972,0.0144368,0.0138916,0.0133615,0.0128464,0.0123461,0.0118607,0.0113896,0.0109331,0.0104906,0.0100622,0.00964738,0.00924618,0.00885817,0.00848324,0.008121,0.00777132,0.0074338,0.00710829,0.00679441,0.00649198,0.00620062,0.00592016,0.00565021,0.00539059,0.00514092,0.00490102,0.00467052,0.00444923,0.0042368,0.00403303,0.00383758,0.00365027,0.00347075,0.00329885,0.00313424,0.00297674,0.00282604,0.00268197,0.00254422,0.00241264,0.00228694,0.00216695,0.0020524,0.00194314,0.00183892,0.00173957,0.00164487,0.00155466,0.00146871,0.0013869,0.001309,0.00123489,0.00116436,0.00109728,0.00103347,0.000972817,0.000915133,0.000860309,0.00080818,0.000758639,0.000711531,0.000666756,0.000624168,0.000583672,0.000545133,0.00050846,0.000473526,0.000440246,0.000408501,0.000378208,0.000349258,0.000321571,0.000295044,0.0002696,0.000245143,0.000221598,0.000198874,0.0001769,0.000155587,0.000134867,0.000114656,9.48841e-05,7.54733e-05,5.63532e-05,3.74484e-05
0,0.00338886,0.00675831,0.0100893,0.0133633,0.0165628,0.0196715,0.0226743,0.0255579,0.0283104,0.030922,0.0333842,0.0356908,0.037837,0.0398198,0.0416375,0.0432902,0.044779,0.0461062,0.0472752,0.0482903,0.0491561,0.0498784,0.050463,0.0509164,0.0512449,0.0514556,0.051555,0.0515502,0.0514478,0.0512546,0.0509771,0.0506219,0.0501948,0.0497022,0.0491496,0.0485427,0.0478864,0.0471861,0.0464462,0.0456715,0.0448659,0.0440337,0.0431783,0.0423035,0.0414123,0.0405081,0.0395935,0.0386712,0.0377437,0.0368133,0.035882,0.034952,0.0340247,0.0331021,0.0321854,0.0312762,0.0303756,0.0294849,0.028605,0.0277368,0.0268812,0.0260389,0.0252105,0.0243968,0.0235979,0.0228146,0.022047,0.0212957,0.0205606,0.0198422,0.0191405,0.0184556,0.0177876,0.0171365,0.0165023,0.015885,0.0152844,0.0147007,0.0141333,0.0135825,0.0130479,0.0125294,0.0120267,0.0115397,0.011068,0.0106115,0.0101699,0.00974291,0.00933022,0.00893166,0.0085468,0.00817548,0.00781727,0.00747198,0.00713919,0.00681871,0.00651011,0.0062132,0.00592755,0.00565296,0.00538903,0.00513554,0.0048921,0.0046585,0.00443434,0.00421943,0.00401338,0.003816,0.00362691,0.00344592,0.00327268,0.003107,0.00294854,0.00279711,0.00265239,0.0025142,0.00238223,0.00225631,0.00213615,0.00202158,0.00191233,0.00180822,0.00170902,0.00161455,0.00152458,0.00143896,0.00135746,0.00127993,0.00120617,0.00113604,0.00106934,0.00100594,0.00094566,0.000888368,0.000833893,0.000782121,0.000732887,0.000686084,0.000641556,0.000599203,0.00055888,0.000520489,0.000483897,0.000449011,0.000415705,0.000383891,0.000353451,0.000324299,0.000296326,0.000269448,0.000243564,0.000218591,0.000194434,0.000171012,0.000148234,0.000126022,0.000104288,8.2955e-05,6.19383e-05,4.11607e-05
0,0.0037742,0.0075261,0.0112338,0.0148761,0.018433,0.0218858,0.0252176,0.0284131,0.0314593,0.034345,0.0370613,0.0396013,0.04196,0.0441343,0.0461231,0.0479267,0.0495468,0.0509865,0.05225,0.0533423,0.0542694,0.0550375,0.0556538,0.0561254,0.0564601,0.0566653,0.056749,0.0567187,0.0565821,0.0563467,0.0560199,0.0556087,0.0551201,0.0545604,0.0539363,0.0532536,0.0525182,0.0517355,0.0509107,0.0500485,0.0491539,0.0482308,0.0472835,0.0463157,0.0453311,0.0443328,0.0433241,0.0423076,0.0412862,0.0402622,0.0392379,0.0382154,0.0371967,0.0361833,0.0351772,0.0341794,0.0331917,0.0322149,0.0312505,0.0302991,0.0293618,0.0284393,0.0275324,0.0266414,0.0257673,0.0249101,0.0240704,0.0232485,0.0224447,0.0216591,0.020892,0.0201432,0.0194132,0.0187016,0.0180087,0.0173342,0.0166782,0.0160404,0.0154208,0.0148192,0.0142354,0.0136691,0.0131203,0.0125885,0.0120736,0.0115752,0.0110932,0.0106271,0.0101768,0.00974173,0.00932181,0.00891652,0.0085257,0.00814887,0.00778583,0.00743609,0.00709947,0.00677548,0.00646392,0.00616431,0.00587645,0.00559989,0.0053344,0.00507954,0.0048351,0.00460064,0.00437596,0.00416064,0.00395446,0.00375704,0.00356816,0.00338743,0.00321467,0.0030495,0.00289172,0.00274099,0.00259713,0.00245979,0.0023288,0.00220385,0.00208475,0.00197122,0.00186308,0.00176005,0.00166198,0.00156861,0.00147977,0.00139523,0.00131484,0.00123837,0.00116567,0.00109653,0.00103083,0.000968355,0.000908985,0.000852531,0.000798874,0.00074784,0.000699312,0.000653131,0.000609187,0.000567328,0.00052745,0.000489413,0.000453117,0.00041843,0.000385256,0.000353474,0.000322989,0.000293687,0.000265478,0.000238254,0.000211927,0.000186394,0.00016157,0.000137357,0.00011367,9.04159e-05,6.75102e-05,4.48626e-05
0,0.00418265,0.00833973,0.0124461,0.0164776,0.0204113,0.024226,0.0279026,0.0314241,0.0347757,0.0379455,0.0409235,0.0437025,0.0462774,0.0486454,0.0508056,0.052759,0.054508,0.0560568,0.0574103,0.0585747,0.059557,0.0603647,0.0610059,0.061489,0.0618224,0.0620152,0.0620757,0.0620129,0.061835,0.0615507,0.0611677,0.0606942,0.0601375,0.0595051,0.0588036,0.0580399,0.05722,0.0563501,0.0554355,0.0544819,0.0534938,0.0524762,0.0514332,0.0503692,0.0492878,0.0481926,0.0470868,0.0459737,0.0448558,0.043736,0.0426165,0.0414998,0.0403876,0.039282,0.0381846,0.0370971,0.0360207,0.0349569,0.0339066,0.0328711,0.031851,0.0308475,0.029861,0.0288924,0.027942,0.0270105,0.026098,0.0252052,0.024332,0.0234789,0.0226459,0.0218331,0.0210405,0.0202683,0.0195162,0.0187844,0.0180725,0.0173807,0.0167086,0.0160561,0.0154229,0.0148089,0.0142137,0.0136372,0.0130789,0.0125387,0.0120161,0.0115109,0.0110227,0.0105513,0.0100961,0.00965696,0.00923337,0.00882512,0.00843167,0.00805281,0.00768803,0.00733709,0.00699949,0.006675,0.00636311,0.00606358,0.00577595,0.00549995,0.00523514,0.00498125,0.00473786,0.00450471,0.00428137,0.00406761,0.00386302,0.00366735,0.00348022,0.00330141,0.00313052,0.00296735,0.00281153,0.00266286,0.002521,0.00238574,0.00225676,0.00213386,0.00201675,0.00190524,0.00179904,0.00169798,0.00160178,0.00151028,0.00142322,0.00134045,0.00126173,0.00118691,0.00111576,0.00104815,0.000983867,0.000922772,0.000864674,0.000809445,0.000756903,0.000706927,0.000659348,0.00061405,0.000570875,0.000529714,0.000490418,0.000452881,0.000416968,0.000382574,0.000349572,0.000317863,0.000287326,0.000257865,0.000229366,0.000201736,0.000174865,0.000148662,0.000123023,9.78573e-05,7.3065e-05,4.85548e-05
0,0.00461757,0.0092058,0.0137359,0.0181803,0.0225129,0.0267096,0.0307489,0.0346117,0.038282,0.0417462,0.0449941,0.0480179,0.0508127,0.053376,0.0557074,0.0578088,0.0596837,0.061337,0.0627751,0.0640054,0.0650361,0.0658759,0.0665343,0.0670207,0.067345,0.0675169,0.0675464,0.0674429,0.0672161,0.066875,0.0664287,0.0658856,0.0652543,0.0645422,0.0637574,0.0629065,0.0619967,0.0610341,0.060025,0.0589748,0.0578891,0.0567726,0.0556303,0.0544662,0.0532846,0.0520892,0.0508835,0.0496707,0.048454,0.0472359,0.0460191,0.0448059,0.0435985,0.0423988,0.0412087,0.0400297,0.0388634,0.037711,0.0365739,0.0354529,0.0343493,0.0332637,0.032197,0.0311497,0.0301226,0.0291159,0.0281302,0.0271657,0.0262228,0.0253016,0.0244024,0.0235249,0.0226697,0.0218363,0.021025,0.0202354,0.0194677,0.0187214,0.0179967,0.017293,0.0166104,0.0159484,0.0153069,0.0146854,0.0140837,0.0135015,0.0129384,0.012394,0.011868,0.01136,0.0108697,0.0103965,0.00994032,0.00950048,0.00907677,0.00866864,0.00827584,0.00789782,0.00753432,0.00718481,0.00684902,0.00652643,0.00621678,0.00591955,0.00563448,0.00536109,0.0050991,0.00484804,0.00460766,0.00437749,0.00415729,0.00394662,0.00374523,0.00355271,0.00336881,0.00319314,0.00302547,0.00286542,0.00271276,0.00256715,0.00242837,0.00229607,0.00217007,0.00205003,0.00193577,0.00182698,0.00172348,0.00162499,0.00153133,0.00144224,0.00135755,0.00127702,0.00120048,0.00112771,0.00105855,0.000992798,0.0009303,0.000870859,0.000814339,0.000760553,0.000709373,0.000660623,0.000614182,0.000569884,0.000527615,0.000487221,0.00044859,0.000411579,0.000376081,0.00034196,0.000309112,0.000277412,0.000246756,0.000217026,0.000188122,0.000159929,0.00013235,0.000105274,7.86039e-05,5.22346e-05
0,0.00508276,0.0101319,0.0151143,0.0199986,0.024755,0.0293563,0.0337781,0.0379995,0.0420024,0.0457726,0.0492988,0.0525734,0.0555914,0.0583511,0.0608528,0.0630996,0.0650959,0.0668483,0.0683644,0.0696532,0.070724,0.0715875,0.072254,0.0727348,0.0730406,0.0731827,0.0731719,0.0730191,0.0727344,0.0723283,0.0718104,0.0711901,0.0704764,0.069678,0.0688027,0.0678585,0.0668525,0.0657917,0.0646824,0.0635309,0.0623425,0.0611229,0.0598768,0.0586089,0.0573234,0.0560246,0.0547157,0.0534005,0.052082,0.0507632,0.0494466,0.0481349,0.0468301,0.0455346,0.0442498,0.0429779,0.04172,0.0404779,0.0392525,0.0380452,0.0368568,0.0356883,0.0345403,0.0334137,0.0323088,0.0312265,0.0301667,0.0291302,0.0281169,0.0271273,0.0261612,0.025219,0.0243005,0.0234058,0.0225347,0.0216874,0.0208633,0.0200627,0.0192849,0.0185301,0.0177978,0.0170878,0.0163996,0.0157332,0.015088,0.0144637,0.0138599,0.0132763,0.0127124,0.012168,0.0116423,0.0111353,0.0106463,0.010175,0.00972086,0.00928361,0.00886264,0.00845769,0.00806816,0.00769378,0.00733397,0.00698846,0.00665669,0.00633836,0.00603295,0.00574017,0.0054595,0.00519067,0.00493316,0.00468671,0.00445083,0.00422527,0.00400956,0.00380343,0.00360646,0.00341839,0.00323881,0.00306747,0.00290398,0.00274811,0.00259948,0.00245787,0.00232292,0.00219444,0.00207207,0.00195563,0.0018448,0.00173939,0.00163909,0.00154374,0.00145306,0.00136687,0.00128492,0.00120704,0.00113299,0.00106262,0.000995704,0.000932093,0.000871579,0.000814021,0.000759226,0.000707058,0.000657337,0.000609934,0.000564682,0.000521457,0.000480101,0.000440496,0.000402494,0.000365982,0.00033082,0.000296898,0.000264084,0.00023227,0.000201331,0.000171161,0.000141642,0.000112667,8.41225e-05,5.59029e-05
0,0.00558262,0.0111266,0.016594,0.0219488,0.0271572,0.0321883,0.037015,0.0416136,0.0459647,0.0500527,0.0538661,0.0573971,0.0606413,0.0635976,0.0662678,0.0686559,0.0707683,0.0726128,0.074199,0.0755373,0.076639,0.077516,0.0781806,0.0786452,0.0789223,0.0790242,0.0789632,0.0787509,0.0783991,0.0779185,0.0773203,0.0766142,0.0758103,0.0749174,0.0739447,0.0729001,0.0717916,0.0706263,0.0694113,0.0681528,0.066857,0.0655293,0.0641752,0.0627992,0.0614062,0.06,0.0585849,0.057164,0.055741,0.0543186,0.0529,0.0514873,0.0500832,0.0486896,0.0473087,0.0459419,0.0445912,0.0432577,0.041943,0.0406479,0.0393737,0.0381211,0.0368911,0.0356841,0.034501,0.033342,0.0322078,0.0310984,0.0300144,0.0289556,0.0279225,0.0269149,0.025933,0.0249765,0.0240456,0.0231399,0.0222595,0.021404,0.0205733,0.019767,0.018985,0.0182267,0.017492,0.0167803,0.0160916,0.0154251,0.0147807,0.0141578,0.013556,0.0129749,0.0124141,0.011873,0.0113513,0.0108484,0.010364,0.00989746,0.00944849,0.00901645,0.00860105,0.00820167,0.00781801,0.00744946,0.00709571,0.00675618,0.00643058,0.00611832,0.00581911,0.0055324,0.0052579,0.00499509,0.00474367,0.00450314,0.00427322,0.00405343,0.00384351,0.00364298,0.00345159,0.00326891,0.00309468,0.0029285,0.00277011,0.00261914,0.00247535,0.00233837,0.00220799,0.00208386,0.00196577,0.00185339,0.00174654,0.0016449,0.00154828,0.00145641,0.0013691,0.00128608,0.0012072,0.00113219,0.0010609,0.000993102,0.000928636,0.00086729,0.000808917,0.000753317,0.000700351,0.000649832,0.000601627,0.000555561,0.000511507,0.000469301,0.00042882,0.000389911,0.000352455,0.000316308,0.000281353,0.000247453,0.000214495,0.000182349,0.000150903,0.000120031,8.96225e-05,5.95567e-05
0,0.00612222,0.0121999,0.0181895,0.0240497,0.0297419,0.0352313,0.0404872,0.0454837,0.0501994,0.054618,0.0587273,0.0625201,0.0659925,0.0691449,0.0719802,0.0745045,0.0767257,0.0786539,0.0803004,0.0816778,0.0827992,0.0836784,0.0843293,0.0847662,0.0850028,0.0850532,0.0849305,0.0846482,0.0842184,0.0836537,0.0829653,0.0821644,0.0812613,0.0802661,0.0791878,0.0780357,0.0768175,0.0755414,0.0742144,0.0728434,0.0714346,0.0699941,0.0685271,0.0670389,0.065534,0.0640171,0.0624919,0.0609624,0.0594316,0.0579032,0.0563796,0.0548639,0.053358,0.0518647,0.0503854,0.0489224,0.0474769,0.0460508,0.0446451,0.0432612,0.0418999,0.0405624,0.0392492,0.0379612,0.0366988,0.0354627,0.0342531,0.0330705,0.0319149,0.0307868,0.0296859,0.0286127,0.0275668,0.0265484,0.0255571,0.0245931,0.0236559,0.0227456,0.0218615,0.0210037,0.0201716,0.0193651,0.0185835,0.0178268,0.0170943,0.0163857,0.0157004,0.0150382,0.0143984,0.0137808,0.0131846,0.0126096,0.0120551,0.0115207,0.0110059,0.0105102,0.0100331,0.00957416,0.00913275,0.00870854,0.00830088,0.00790946,0.00753362,0.00717306,0.00682714,0.00649556,0.00617771,0.00587329,0.00558171,0.00530267,0.00503563,0.00478027,0.00453607,0.00430275,0.00407979,0.00386693,0.00366368,0.00346976,0.00328474,0.00310835,0.00294016,0.00277992,0.00262724,0.00248186,0.00234342,0.00221168,0.00208629,0.00196703,0.00185358,0.00174572,0.00164314,0.00154565,0.00145295,0.00136486,0.00128111,0.00120152,0.00112584,0.0010539,0.000985466,0.000920374,0.000858408,0.000799415,0.00074319,0.000689589,0.00063842,0.000589544,0.000542783,0.000498003,0.000455036,0.000413754,0.000374,0.000335648,0.000298549,0.000262581,0.000227604,0.000193497,0.000160124,0.000127368,9.50989e-05,6.31971e-05
0,0.00670751,0.0133635,0.019918,0.0263231,0.0325351,0.0385144,0.0442268,0.0496435,0.0547416,0.0595035,0.0639175,0.0679765,0.0716783,0.0750244,0.0780201,0.0806732,0.0829944,0.0849958,0.0866913,0.0880953,0.0892236,0.0900917,0.0907158,0.0911116,0.0912949,0.0912808,0.0910844,0.0907198,0.090201,0.0895408,0.0887521,0.0878462,0.0868349,0.0857281,0.0845364,0.0832685,0.0819337,0.0805397,0.0790944,0.0776047,0.0760776,0.0745187,0.0729342,0.0713291,0.0697085,0.0680766,0.066438,0.0647961,0.0631549,0.0615172,0.0598863,0.0582647,0.0566552,0.0550596,0.0534803,0.051919,0.0503775,0.048857,0.0473592,0.045885,0.0444357,0.0430119,0.0416148,0.0402446,0.0389024,0.0375882,0.0363027,0.035046,0.0338186,0.0326203,0.0314516,0.030312,0.029202,0.0281211,0.0270694,0.0260466,0.0250526,0.0240869,0.0231495,0.0222398,0.0213578,0.0205027,0.0196744,0.0188722,0.018096,0.017345,0.0166191,0.0159174,0.0152397,0.0145853,0.0139539,0.0133448,0.0127576,0.0121916,0.0116466,0.0111216,0.0106165,0.0101305,0.00966328,0.0092141,0.00878264,0.00836821,0.00797046,0.00758874,0.00722269,0.00687168,0.00653536,0.00621312,0.00590462,0.00560927,0.00532674,0.00505647,0.00479814,0.00455121,0.00431536,0.00409009,0.00387509,0.00366989,0.00347419,0.00328754,0.00310965,0.0029401,0.00277861,0.00262479,0.00247838,0.002339,0.0022064,0.00208022,0.00196025,0.00184613,0.00173766,0.00163452,0.0015365,0.00144331,0.00135476,0.00127056,0.00119054,0.00111444,0.00104208,0.000973228,0.000907712,0.000845311,0.000785866,0.00072917,0.000675072,0.000623376,0.000573938,0.000526575,0.00048115,0.000437489,0.00039546,0.000354899,0.000315677,0.00027764,0.000240661,0.000204593,0.00016931,0.000134672,0.000100554,6.68207e-05
0,0.00734547,0.0146312,0.0217992,0.0287946,0.035567,0.0420717,0.0482704,0.0541316,0.0596304,0.0647489,0.0694754,0.0738043,0.0777347,0.0812706,0.0844196,0.0871924,0.0896022,0.0916642,0.0933946,0.094811,0.0959311,0.0967733,0.0973553,0.0976954,0.0978106,0.0977183,0.0974344,0.0969748,0.0963542,0.095587,0.0946864,0.0936653,0.0925354,0.0913081,0.0899937,0.0886022,0.0871426,0.0856237,0.0840532,0.0824388,0.0807871,0.0791048,0.0773975,0.075671,0.0739299,0.0721794,0.0704233,0.068666,0.0669107,0.0651611,0.0634199,0.0616903,0.0599744,0.0582748,0.0565933,0.0549321,0.0532925,0.0516764,0.0500848,0.0485193,0.0469805,0.0454697,0.0439873,0.0425344,0.0411112,0.0397184,0.0383562,0.0370251,0.0357249,0.0344563,0.0332188,0.0320129,0.0308381,0.0296946,0.0285819,0.0275003,0.0264489,0.025428,0.0244369,0.0234754,0.0225429,0.0216394,0.020764,0.0199166,0.0190964,0.0183032,0.0175362,0.0167953,0.0160794,0.0153885,0.0147217,0.0140787,0.0134586,0.0128612,0.0122857,0.0117317,0.0111984,0.0106856,0.0101924,0.00971841,0.009263,0.00882576,0.00840598,0.00800328,0.00761699,0.00724672,0.00689183,0.00655194,0.00622642,0.00591492,0.00561683,0.0053318,0.00505926,0.00479885,0.00455004,0.0043125,0.0040857,0.00386933,0.0036629,0.0034661,0.00327846,0.0030997,0.00292937,0.00276721,0.00261278,0.00246584,0.00232599,0.00219298,0.00206645,0.00194616,0.00183177,0.00172305,0.00161968,0.00152146,0.00142807,0.00133933,0.00125495,0.00117474,0.00109844,0.00102587,0.000956786,0.00089102,0.000828341,0.000768589,0.000711549,0.000657067,0.000604944,0.00055503,0.000507138,0.000461126,0.000416816,0.00037407,0.000332722,0.000292636,0.000253654,0.000215642,0.00017845,0.000141944,0.000105982,7.0429e-05
0,0.00804441,0.0160192,0.0238569,0.031494,0.0388728,0.0459426,0.0526605,0.0589919,0.0649107,0.0703986,0.0754448,0.0800452,0.0842017,0.0879208,0.0912135,0.0940938,0.0965783,0.0986852,0.100434,0.101846,0.102941,0.10374,0.104263,0.104531,0.104562,0.104376,0.10399,0.103421,0.102685,0.101798,0.100774,0.0996261,0.0983673,0.0970091,0.095563,0.0940389,0.0924468,0.0907951,0.0890927,0.0873467,0.0855648,0.083753,0.081918,0.0800649,0.0781993,0.0763256,0.0744486,0.0725719,0.0706996,0.0688348,0.0669809,0.0651402,0.0633159,0.0615098,0.0597243,0.0579611,0.0562221,0.0545085,0.0528221,0.0511636,0.0495344,0.0479352,0.0463669,0.04483,0.0433253,0.0418528,0.0404134,0.039007,0.0376339,0.0362941,0.0349878,0.0337147,0.032475,0.0312683,0.0300947,0.0289536,0.0278451,0.0267684,0.0257236,0.0247099,0.0237272,0.0227748,0.0218525,0.0209594,0.0200955,0.0192597,0.018452,0.0176714,0.0169177,0.01619,0.015488,0.0148108,0.0141581,0.0135291,0.0129233,0.0123401,0.0117789,0.011239,0.01072,0.0102212,0.00974201,0.00928183,0.00884021,0.00841642,0.00801007,0.00762045,0.00724716,0.00688953,0.00654717,0.00621943,0.00590594,0.00560607,0.00531946,0.00504551,0.00478389,0.004534,0.00429554,0.00406794,0.0038509,0.00364389,0.00344662,0.00325861,0.00307955,0.00290899,0.00274665,0.00259211,0.00244511,0.00230523,0.00217222,0.00204572,0.00192549,0.00181116,0.00170251,0.00159922,0.00150107,0.00140776,0.00131908,0.00123474,0.00115455,0.00107825,0.00100565,0.000936499,0.00087063,0.000807808,0.000747866,0.000690587,0.000635812,0.000583337,0.00053301,0.000484639,0.000438076,0.000393142,0.000349691,0.000307553,0.000266588,0.000226633,0.000187548,0.000149179,0.000111385,7.40183e-05
0,0.0088143,0.017547,0.0261191,0.0344571,0.0424943,0.0501733,0.0574462,0.0642755,0.0706338,0.0765031,0.0818742,0.0867457,0.0911226,0.0950154,0.0984388,0.101411,0.103953,0.106087,0.107835,0.109223,0.110273,0.111009,0.111454,0.111631,0.111561,0.111264,0.110759,0.110066,0.1092,0.10818,0.107019,0.105733,0.104333,0.102834,0.101247,0.099581,0.0978476,0.0960557,0.0942136,0.0923297,0.0904109,0.0884643,0.0864958,0.0845115,0.0825163,0.0805156,0.0785134,0.0765141,0.0745211,0.0725384,0.0705684,0.0686146,0.0666791,0.0647646,0.0628728,0.0610061,0.0591656,0.0573533,0.0555702,0.0538178,0.0520967,0.0504083,0.0487528,0.0471313,0.0455439,0.0439914,0.0424738,0.0409917,0.0395448,0.0381336,0.0367577,0.0354174,0.0341122,0.0328423,0.0316071,0.0304067,0.0292403,0.028108,0.027009,0.0259433,0.0249099,0.0239089,0.0229392,0.0220008,0.0210927,0.0202147,0.0193659,0.0185459,0.017754,0.0169898,0.0162523,0.0155412,0.0148556,0.0141952,0.0135591,0.0129468,0.0123575,0.0117909,0.011246,0.0107224,0.0102194,0.00973646,0.00927288,0.00882821,0.00840169,0.0079929,0.00760111,0.00722592,0.00686662,0.00652282,0.00619384,0.0058793,0.00557856,0.00529123,0.00501671,0.00475464,0.00450443,0.00426575,0.00403804,0.00382096,0.00361401,0.00341685,0.003229,0.00305017,0.00287988,0.00271784,0.00256364,0.00241698,0.00227747,0.00214485,0.00201873,0.00189887,0.00178492,0.00167664,0.0015737,0.00147588,0.00138287,0.00129446,0.00121036,0.00113038,0.00105424,0.000981765,0.00091269,0.000846842,0.000783984,0.000723947,0.00066651,0.00061151,0.000558739,0.00050804,0.000459218,0.000412121,0.000366564,0.000322399,0.00027945,0.000237571,0.000196596,0.000156378,0.000116758,7.75902e-05
0,0.0096672,0.0192381,0.0286198,0.0377263,0.046481,0.0548183,0.0626852,0.0700412,0.0768582,0.0831194,0.0888183,0.093957,0.0985452,0.102598,0.106135,0.10918,0.111759,0.113897,0.115622,0.116962,0.117945,0.118597,0.118943,0.119009,0.118817,0.11839,0.11775,0.116915,0.115905,0.114737,0.113426,0.111988,0.110437,0.108786,0.107046,0.10523,0.103346,0.101406,0.099417,0.0973878,0.095326,0.0932382,0.0911312,0.0890102,0.0868813,0.0847488,0.0826178,0.0804918,0.0783752,0.076271,0.0741826,0.0721126,0.0700639,0.0680384,0.0660386,0.0640661,0.0621228,0.0602099,0.0583291,0.0564811,0.0546673,0.0528881,0.0511448,0.0494374,0.0477669,0.0461333,0.0445372,0.0429785,0.0414576,0.0399742,0.0385286,0.0371203,0.0357496,0.0344158,0.0331191,0.0318587,0.0306347,0.0294462,0.0282933,0.027175,0.0260912,0.025041,0.0240243,0.0230401,0.0220881,0.0211675,0.0202778,0.0194183,0.0185884,0.0177873,0.0170147,0.0162695,0.0155513,0.0148593,0.014193,0.0135515,0.0129344,0.0123408,0.0117702,0.0112218,0.0106951,0.0101894,0.00970404,0.00923836,0.00879188,0.00836381,0.00795373,0.00756089,0.00718485,0.00682489,0.00648061,0.00615131,0.0058366,0.00553581,0.00524856,0.00497423,0.00471244,0.00446261,0.00422437,0.00399716,0.00378065,0.0035743,0.00337779,0.00319062,0.00301249,0.00284292,0.00268162,0.00252814,0.00238222,0.00224344,0.00211153,0.00198611,0.00186693,0.00175363,0.00164597,0.00154362,0.00144635,0.00135385,0.0012659,0.00118222,0.0011026,0.00102677,0.000954539,0.00088565,0.00081992,0.000757113,0.000697053,0.000639517,0.000584337,0.000531303,0.000480252,0.000430988,0.000383351,0.000337156,0.000292246,0.000248444,0.000205597,0.000163534,0.000122103,8.11407e-05
0,0.0106179,0.0211212,0.0314,0.0413533,0.0508922,0.0599424,0.0684451,0.0763574,0.0836512,0.0903124,0.0963381,0.101736,0.106521,0.110716,0.114345,0.117439,0.120028,0.122144,0.12382,0.125087,0.125977,0.126519,0.126742,0.126674,0.12634,0.125764,0.124969,0.123976,0.122804,0.121472,0.119997,0.118395,0.116679,0.114865,0.112963,0.110986,0.108943,0.106846,0.104702,0.102521,0.10031,0.0980749,0.0958233,0.0935611,0.0912932,0.089025,0.0867607,0.0845049,0.0822608,0.0800324,0.0778223,0.0756338,0.0734691,0.0713308,0.0692207,0.0671409,0.0650927,0.063078,0.0610976,0.0591531,0.057245,0.0553745,0.053542,0.0517483,0.0499935,0.0482784,0.0466028,0.0449672,0.0433714,0.0418156,0.0402995,0.0388233,0.0373863,0.0359888,0.0346299,0.0333097,0.0320274,0.030783,0.0295756,0.028405,0.0272703,0.0261713,0.0251071,0.0240774,0.0230812,0.0221182,0.0211874,0.0202885,0.0194204,0.0185828,0.0177747,0.0169956,0.0162447,0.0155213,0.0148247,0.0141543,0.0135091,0.0128888,0.0122924,0.0117194,0.0111689,0.0106406,0.0101334,0.00964691,0.00918036,0.00873324,0.00830476,0.00789447,0.00750158,0.00712567,0.006766,0.00642213,0.00609337,0.0057793,0.00547925,0.00519282,0.00491938,0.00465855,0.00440972,0.00417252,0.0039464,0.00373099,0.00352577,0.0033304,0.00314437,0.00296738,0.00279894,0.00263875,0.00248638,0.00234153,0.0022038,0.0020729,0.00194846,0.00183022,0.00171782,0.00161101,0.00150945,0.00141292,0.00132111,0.00123379,0.00115066,0.00107154,0.000996132,0.00092425,0.000855635,0.0007901,0.000727406,0.000667372,0.000609774,0.000554439,0.000501154,0.000449751,0.000400032,0.000351831,0.00030496,0.000259257,0.00021454,0.000170651,0.000127414,8.46715e-05
0,0.0116847,0.0232319,0.0345104,0.0454008,0.0557998,0.065623,0.074806,0.083304,0.0910906,0.0981555,0.104502,0.110145,0.115108,0.119419,0.123113,0.126225,0.128794,0.130857,0.132453,0.133617,0.134385,0.13479,0.134865,0.134639,0.134139,0.133392,0.132422,0.131251,0.129901,0.128389,0.126735,0.124954,0.123062,0.121072,0.118997,0.116849,0.114638,0.112375,0.11007,0.107729,0.105361,0.102973,0.100572,0.0981625,0.0957514,0.0933427,0.0909417,0.0885517,0.0861773,0.0838211,0.0814869,0.079177,0.0768943,0.0746406,0.0724185,0.0702292,0.0680748,0.0659564,0.0638755,0.0618328,0.0598297,0.0578664,0.0559441,0.0540627,0.0522233,0.0504256,0.0486702,0.0469568,0.0452859,0.043657,0.0420704,0.0405255,0.0390223,0.0375603,0.0361394,0.0347588,0.0334185,0.0321176,0.0308559,0.0296325,0.0284472,0.027299,0.0261876,0.025112,0.0240719,0.0230662,0.0220946,0.021156,0.02025,0.0193756,0.0185324,0.0177192,0.0169357,0.0161809,0.0154542,0.0147546,0.0140818,0.0134346,0.0128126,0.0122148,0.0116409,0.0110897,0.0105609,0.0100536,0.00956718,0.0091009,0.00865425,0.0082264,0.00781689,0.00742493,0.00705007,0.00669155,0.00634893,0.00602149,0.00570882,0.00541023,0.0051253,0.0048534,0.00459414,0.0043469,0.00411131,0.00388679,0.00367299,0.00346936,0.00327556,0.0030911,0.00291563,0.00274869,0.00258997,0.00243903,0.00229556,0.00215916,0.00202955,0.00190634,0.00178926,0.00167797,0.0015722,0.00147162,0.001376,0.00128502,0.00119845,0.00111601,0.00103749,0.000962597,0.000891144,0.00082287,0.000757584,0.000695043,0.000635065,0.00057742,0.000521934,0.000468389,0.000416615,0.000366409,0.0003176,0.000269997,0.000223431,0.000177719,0.000132694,8.81785e-05
0,0.0128905,0.0256144,0.0380136,0.0499459,0.0612911,0.0719534,0.0818629,0.0909746,0.0992656,0.106732,0.113387,0.119254,0.124365,0.128761,0.132484,0.135579,0.138091,0.140065,0.141545,0.142572,0.143186,0.143425,0.143322,0.14291,0.14222,0.141279,0.140112,0.138744,0.137196,0.135489,0.13364,0.131666,0.129584,0.127406,0.125147,0.122818,0.12043,0.117993,0.115517,0.11301,0.110479,0.107932,0.105375,0.102814,0.100254,0.0977011,0.0951588,0.0926316,0.0901229,0.0876365,0.0851749,0.0827413,0.0803378,0.077967,0.0756305,0.0733304,0.0710678,0.0688445,0.0666613,0.0645197,0.0624199,0.0603632,0.0583498,0.0563805,0.0544552,0.0525746,0.0507384,0.0489471,0.0472003,0.0454982,0.0438403,0.0422267,0.0406567,0.0391303,0.0376468,0.036206,0.0348071,0.0334499,0.0321335,0.0308576,0.0296212,0.0284241,0.0272651,0.0261439,0.0250595,0.0240115,0.0229987,0.0220208,0.0210766,0.0201658,0.0192871,0.0184402,0.017624,0.016838,0.016081,0.0153526,0.0146518,0.0139781,0.0133304,0.0127082,0.0121105,0.0115369,0.0109864,0.0104584,0.00995203,0.00946683,0.0090019,0.00855674,0.0081305,0.00772272,0.00733257,0.00695961,0.00660305,0.00626245,0.00593707,0.00562649,0.00533002,0.00504722,0.00477746,0.00452033,0.00427521,0.00404173,0.00381929,0.00360754,0.00340593,0.00321412,0.00303159,0.00285801,0.0026929,0.00253596,0.00238673,0.00224491,0.0021101,0.001982,0.00186024,0.00174453,0.00163453,0.00152997,0.00143052,0.00133594,0.00124592,0.00116022,0.00107856,0.00100071,0.000926406,0.000855439,0.00078755,0.000722544,0.000660177,0.000600261,0.000542566,0.000486912,0.000433081,0.000380895,0.00033015,0.00028067,0.000232259,0.000184744,0.000137936,9.16636e-05
0,0.0142647,0.028325,0.0419884,0.0550849,0.0674734,0.0790462,0.0897291,0.0994787,0.108279,0.116138,0.123078,0.129136,0.134359,0.138798,0.142507,0.14554,0.147952,0.149795,0.151119,0.151971,0.152395,0.152433,0.152121,0.151495,0.150588,0.149428,0.148042,0.146456,0.144692,0.142771,0.140711,0.13853,0.136244,0.133867,0.131412,0.128892,0.126317,0.123698,0.121043,0.118362,0.115661,0.112949,0.110231,0.107512,0.1048,0.102098,0.0994109,0.0967424,0.0940967,0.0914764,0.0888851,0.0863249,0.0837988,0.0813084,0.078856,0.0764428,0.0740708,0.0717409,0.0694545,0.0672122,0.0650152,0.0628637,0.0607587,0.0587001,0.0566887,0.0547242,0.0528071,0.050937,0.0491142,0.0473381,0.0456089,0.0439259,0.0422892,0.0406978,0.0391519,0.0376503,0.0361931,0.0347792,0.0334083,0.0320794,0.0307923,0.0295458,0.0283395,0.0271725,0.0260441,0.0249534,0.0238998,0.0228823,0.0219003,0.0209527,0.0200391,0.0191582,0.0183096,0.0174921,0.0167052,0.0159478,0.0152194,0.014519,0.0138458,0.013199,0.012578,0.0119818,0.0114098,0.010861,0.010335,0.00983074,0.00934778,0.00888519,0.00844248,0.00801876,0.00761357,0.00722607,0.00685578,0.00650193,0.00616406,0.00584142,0.00553357,0.00523982,0.00495973,0.00469265,0.00443816,0.00419565,0.00396473,0.00374481,0.00353552,0.00333632,0.00314684,0.00296658,0.0027952,0.00263222,0.00247733,0.00233007,0.00219015,0.00205714,0.00193076,0.00181062,0.00169646,0.0015879,0.00148469,0.0013865,0.00129308,0.00120411,0.00111936,0.00103854,0.00096144,0.000887768,0.000817321,0.00074984,0.000685124,0.00062293,0.000563064,0.000505295,0.000449438,0.000395273,0.000342617,0.000291262,0.000241028,0.000191715,0.000143144,9.51223e-05
0,0.0158449,0.0314357,0.0465355,0.0609385,0.0744799,0.0870393,0.0985402,0.108945,0.118251,0.126478,0.133668,0.139874,0.145159,0.149588,0.15323,0.156149,0.15841,0.160073,0.161195,0.161829,0.162024,0.161824,0.161269,0.160399,0.159246,0.157841,0.156213,0.154387,0.152387,0.150234,0.147947,0.145544,0.143041,0.140452,0.13779,0.135068,0.132296,0.129486,0.126645,0.123782,0.120906,0.118022,0.115137,0.112257,0.109387,0.106532,0.103696,0.100883,0.0980961,0.0953396,0.0926154,0.0899267,0.0872753,0.0846636,0.082093,0.0795656,0.0770822,0.0746446,0.0722534,0.0699098,0.067614,0.0653673,0.0631694,0.0610213,0.0589226,0.056874,0.054875,0.052926,0.0510263,0.0491763,0.0473751,0.0456229,0.0439188,0.0422627,0.0406537,0.0390917,0.0375756,0.0361052,0.0346794,0.0332979,0.0319596,0.0306641,0.0294102,0.0281976,0.027025,0.0258919,0.0247973,0.0237405,0.0227204,0.0217365,0.0207876,0.0198731,0.0189918,0.0181433,0.0173263,0.0165403,0.0157841,0.0150572,0.0143585,0.0136874,0.0130429,0.0124243,0.0118307,0.0112615,0.0107157,0.0101927,0.00969157,0.00921183,0.00875252,0.00831313,0.00789279,0.00749099,0.00710689,0.00674001,0.00638955,0.00605506,0.00573577,0.00543124,0.00514076,0.0048639,0.00459999,0.00434862,0.00410916,0.00388121,0.0036642,0.00345773,0.00326127,0.00307445,0.00289676,0.00272786,0.00256727,0.00241467,0.0022696,0.00213178,0.00200076,0.00187627,0.00175792,0.00164544,0.00153845,0.00143671,0.00133987,0.00124769,0.00115985,0.00107612,0.0009962,0.000919873,0.000846859,0.000776947,0.000709875,0.000645441,0.000583399,0.000523551,0.000465665,0.00040955,0.000354985,0.000301781,0.000249727,0.000198638,0.00014831,9.85567e-05
0,0.017681,0.0350411,0.0517845,0.0676608,0.0824771,0.0961014,0.108459,0.119526,0.129316,0.137873,0.14526,0.151554,0.156836,0.161191,0.1647,0.167442,0.169493,0.170921,0.171791,0.172159,0.172081,0.171604,0.170771,0.169623,0.168194,0.166518,0.164623,0.162535,0.160279,0.157876,0.155345,0.152704,0.14997,0.147156,0.144276,0.141342,0.138365,0.135354,0.13232,0.129269,0.126209,0.123148,0.120091,0.117044,0.114012,0.110999,0.108011,0.10505,0.10212,0.0992235,0.0963645,0.0935443,0.0907658,0.0880305,0.0853404,0.0826966,0.0801009,0.0775539,0.075057,0.0726105,0.0702156,0.0678722,0.0655812,0.0633423,0.0611563,0.0590225,0.0569416,0.0549128,0.0529364,0.0510116,0.0491386,0.0473165,0.0455452,0.0438237,0.042152,0.0405289,0.0389543,0.037427,0.0359466,0.0345121,0.033123,0.0317781,0.030477,0.0292185,0.028002,0.0268264,0.025691,0.0245947,0.023537,0.0225165,0.0215326,0.0205843,0.0196708,0.018791,0.0179443,0.0171294,0.0163458,0.0155924,0.0148685,0.014173,0.0135052,0.0128642,0.0122493,0.0116595,0.0110941,0.0105523,0.0100333,0.00953633,0.0090607,0.00860554,0.0081703,0.0077541,0.00735643,0.00697643,0.00661362,0.00626719,0.00593667,0.00562129,0.00532061,0.00503391,0.00476075,0.00450046,0.00425262,0.0040166,0.003792,0.00357823,0.00337491,0.00318149,0.00299762,0.00282276,0.00265658,0.0024986,0.0023485,0.00220582,0.00207026,0.0019414,0.00181895,0.00170251,0.00159183,0.00148652,0.00138633,0.00129092,0.00120004,0.00111338,0.00103071,0.000951713,0.00087618,0.000803829,0.000734445,0.000667765,0.000603584,0.000541653,0.000481772,0.000423707,0.000367261,0.00031221,0.000258362,0.000205502,0.000153437,0.000101962
0,0.0198399,0.0392668,0.0579061,0.0754505,0.0916754,0.106441,0.119682,0.131398,0.14163,0.150455,0.157966,0.164267,0.169465,0.173663,0.176963,0.179456,0.181229,0.18236,0.182919,0.182971,0.182573,0.181776,0.180626,0.179166,0.177431,0.175455,0.173267,0.170895,0.168362,0.165691,0.162899,0.160006,0.157027,0.153976,0.150867,0.147711,0.144518,0.141299,0.138063,0.134817,0.131568,0.128324,0.125089,0.12187,0.118672,0.115498,0.112353,0.109241,0.106164,0.103126,0.100129,0.0971761,0.094268,0.0914076,0.0885959,0.0858347,0.0831248,0.0804676,0.0778635,0.0753137,0.0728181,0.0703778,0.0679924,0.0656627,0.0633881,0.0611693,0.0590054,0.0568969,0.054843,0.0528437,0.0508981,0.0490063,0.0471672,0.0453807,0.0436457,0.041962,0.0403283,0.0387445,0.0372091,0.0357219,0.0342817,0.0328878,0.0315392,0.0302352,0.0289745,0.0277567,0.0265804,0.025445,0.0243493,0.0232926,0.0222737,0.0212919,0.020346,0.0194353,0.0185587,0.0177154,0.0169042,0.0161246,0.0153753,0.0146556,0.0139646,0.0133015,0.0126652,0.0120551,0.0114701,0.0109097,0.0103727,0.00985876,0.00936672,0.00889605,0.00844582,0.00801548,0.00760414,0.00721127,0.00683602,0.00647788,0.00613605,0.00581004,0.00549909,0.00520273,0.00492026,0.00465122,0.00439495,0.00415101,0.00391878,0.00369785,0.00348764,0.00328776,0.00309765,0.00291696,0.00274516,0.00258192,0.00242674,0.00227931,0.00213918,0.00200603,0.00187946,0.00175916,0.00164474,0.00153594,0.00143239,0.00133382,0.00123989,0.00115036,0.00106491,0.000983307,0.000905245,0.000830502,0.000758797,0.000689915,0.00062359,0.000559614,0.000497737,0.000437753,0.000379427,0.000322558,0.000266919,0.000212312,0.000158519,0.000105341
0,0.0224135,0.0442839,0.0651283,0.0845671,0.102343,0.118315,0.132445,0.144767,0.155369,0.164369,0.171902,0.178105,0.183115,0.18706,0.190059,0.192218,0.193637,0.194401,0.194588,0.194267,0.193499,0.192338,0.190832,0.189024,0.18695,0.184646,0.182141,0.179461,0.176631,0.173672,0.170604,0.167443,0.164206,0.160906,0.157556,0.154167,0.150751,0.147315,0.14387,0.140422,0.136978,0.133545,0.130128,0.126733,0.123364,0.120025,0.116721,0.113454,0.110228,0.107045,0.103908,0.100819,0.0977802,0.0947925,0.091858,0.0889775,0.0861526,0.0833836,0.0806718,0.0780171,0.0754206,0.0728821,0.0704022,0.0679805,0.0656175,0.0633126,0.061066,0.058877,0.0567457,0.0546711,0.0526533,0.0506912,0.0487846,0.0469325,0.0451346,0.0433897,0.0416974,0.0400565,0.0384667,0.0369264,0.0354354,0.0339923,0.0325965,0.0312467,0.0299424,0.0286821,0.0274653,0.0262906,0.0251573,0.0240643,0.0230107,0.0219953,0.0210173,0.0200756,0.0191694,0.0182975,0.0174592,0.0166532,0.0158789,0.0151351,0.014421,0.0137357,0.0130783,0.0124478,0.0118435,0.0112644,0.0107099,0.0101788,0.00967062,0.00918435,0.00871941,0.00827485,0.0078501,0.00744427,0.00705682,0.00668689,0.00633397,0.00599725,0.00567624,0.00537017,0.00507857,0.00480073,0.0045362,0.00428429,0.00404459,0.00381646,0.0035995,0.00339311,0.00319691,0.00301034,0.00283304,0.0026645,0.00250436,0.00235216,0.00220755,0.00207009,0.00193948,0.00181529,0.00169724,0.00158492,0.00147807,0.00137632,0.00127941,0.001187,0.00109884,0.00101461,0.000934071,0.000856928,0.00078295,0.000711858,0.000643432,0.000577407,0.000513569,0.000451668,0.000391494,0.000332809,0.000275406,0.000219058,0.000163558,0.000108687
0,0.0255323,0.050331,0.0737618,0.0953546,0.114823,0.132044,0.147028,0.159872,0.170727,0.17977,0.187188,0.19316,0.197856,0.20143,0.204021,0.205752,0.20673,0.207052,0.206799,0.206046,0.204856,0.203284,0.201381,0.199188,0.196744,0.194083,0.191234,0.188224,0.185076,0.181812,0.17845,0.175008,0.171499,0.167938,0.164337,0.160706,0.157057,0.153397,0.149735,0.146079,0.142434,0.138807,0.135203,0.131627,0.128084,0.124577,0.121109,0.117685,0.114307,0.110977,0.107698,0.104471,0.101299,0.0981832,0.0951241,0.0921236,0.0891819,0.0863006,0.0834795,0.0807197,0.078021,0.0753842,0.0728087,0.0702951,0.0678426,0.0654518,0.0631216,0.0608523,0.0586429,0.0564934,0.0544026,0.0523706,0.050396,0.0484787,0.0466174,0.0448118,0.0430604,0.041363,0.0397182,0.0381254,0.0365834,0.0350914,0.0336482,0.0322531,0.0309048,0.0296025,0.0283449,0.0271314,0.0259604,0.0248314,0.023743,0.0226944,0.0216843,0.0207119,0.0197761,0.018876,0.0180103,0.0171784,0.0163789,0.0156112,0.0148741,0.0141669,0.0134883,0.0128378,0.0122141,0.0116167,0.0110443,0.0104965,0.0099721,0.00947053,0.00899078,0.00853226,0.00809402,0.00767549,0.00727576,0.00689428,0.00653021,0.006183,0.00585186,0.00553628,0.00523551,0.00494905,0.0046762,0.0044165,0.00416928,0.00393411,0.00371035,0.00349759,0.00329526,0.00310295,0.00292011,0.00274639,0.00258126,0.00242439,0.00227528,0.00213361,0.00199894,0.00187095,0.00174923,0.00163348,0.00152332,0.00141847,0.00131856,0.00122333,0.00113244,0.00104564,0.000962617,0.000883125,0.000806866,0.000733611,0.000663079,0.000595045,0.000529245,0.000465461,0.00040344,0.00034297,0.000283808,0.000225745,0.000168547,0.000112005
0,0.0293867,0.0577499,0.0842393,0.108275,0.129559,0.148023,0.163766,0.176982,0.187914,0.196817,0.203941,0.209514,0.213743,0.21681,0.218873,0.220067,0.220513,0.22031,0.219547,0.2183,0.216633,0.214603,0.21226,0.209646,0.206799,0.203752,0.200535,0.197172,0.193687,0.1901,0.186429,0.18269,0.178897,0.175064,0.171202,0.16732,0.16343,0.159538,0.155654,0.151783,0.147931,0.144105,0.14031,0.136549,0.132827,0.129148,0.125515,0.121931,0.118398,0.114919,0.111496,0.10813,0.104823,0.101577,0.0983923,0.09527,0.0922112,0.089216,0.0862854,0.0834193,0.0806183,0.077882,0.0752109,0.0726044,0.0700627,0.0675851,0.0651716,0.0628213,0.0605341,0.058309,0.0561458,0.0540432,0.0520011,0.0500181,0.0480938,0.046227,0.0444171,0.0426628,0.0409636,0.0393179,0.0377253,0.0361842,0.0346941,0.0332534,0.0318616,0.0305171,0.0292193,0.0279667,0.0267585,0.0255934,0.0244706,0.0233886,0.0223468,0.0213437,0.0203786,0.0194501,0.0185575,0.0176995,0.0168753,0.0160837,0.0153239,0.0145947,0.0138953,0.0132246,0.0125819,0.011966,0.0113762,0.0108115,0.0102712,0.00975424,0.00925998,0.00878743,0.00833598,0.00790467,0.00749292,0.00709982,0.00672482,0.00636707,0.00602602,0.00570087,0.00539112,0.00509599,0.00481501,0.00454747,0.0042929,0.00405063,0.00382024,0.00360108,0.00339275,0.00319466,0.00300642,0.00282749,0.00265749,0.00249591,0.00234241,0.0021965,0.00205787,0.00192605,0.00180076,0.00168156,0.00156816,0.00146018,0.00135734,0.00125928,0.00116573,0.00107636,0.000990902,0.000909052,0.000830564,0.00075514,0.000682545,0.0006125,0.000544777,0.00047911,0.000415277,0.000353025,0.000292134,0.000232362,0.000173491,0.000115288
0,0.0342666,0.067047,0.0971764,0.123956,0.147123,0.166736,0.183045,0.196392,0.207147,0.215664,0.222266,0.227236,0.230819,0.233222,0.234621,0.235164,0.234976,0.234164,0.232816,0.231011,0.228812,0.226276,0.223452,0.220381,0.217099,0.213639,0.210029,0.206292,0.202451,0.198524,0.194528,0.19048,0.186391,0.182275,0.178141,0.174001,0.169861,0.165731,0.161617,0.157526,0.153463,0.149434,0.145443,0.141494,0.13759,0.133736,0.129935,0.126188,0.122498,0.118868,0.115298,0.111792,0.108349,0.104971,0.10166,0.0984151,0.0952376,0.0921283,0.089087,0.0861144,0.08321,0.0803744,0.0776068,0.0749076,0.0722758,0.0697117,0.0672142,0.0647832,0.0624177,0.0601174,0.0578811,0.0557085,0.0535983,0.0515502,0.0495626,0.0476351,0.0457663,0.0439556,0.0422016,0.0405036,0.0388601,0.0372705,0.0357332,0.0342476,0.0328121,0.0314259,0.0300876,0.0287964,0.0275509,0.0263501,0.0251927,0.0240779,0.0230042,0.0219708,0.0209763,0.02002,0.0191004,0.0182167,0.0173677,0.0165525,0.0157699,0.0150191,0.0142988,0.0136083,0.0129464,0.0123124,0.0117052,0.0111239,0.0105676,0.0100356,0.00952672,0.00904043,0.00857568,0.00813187,0.00770802,0.00730357,0.00691758,0.00654951,0.00619849,0.00586399,0.0055452,0.00524161,0.00495245,0.00467725,0.00441528,0.0041661,0.00392902,0.00370361,0.00348925,0.00328552,0.00309184,0.00290783,0.00273292,0.00256676,0.00240883,0.0022588,0.00211617,0.00198063,0.00185174,0.00172917,0.00161252,0.0015015,0.00139572,0.00129489,0.00119867,0.00110678,0.00101888,0.00093473,0.000854004,0.00077646,0.0007018,0.000629787,0.00056014,0.000492628,0.000426984,0.000362982,0.000300367,0.000238915,0.00017838,0.000118538
0,0.0406348,0.0789992,0.11347,0.143258,0.168254,0.188766,0.205299,0.218412,0.228636,0.236446,0.242245,0.246371,0.249102,0.250667,0.251256,0.251024,0.250099,0.248588,0.246581,0.244154,0.241369,0.23828,0.234934,0.231371,0.227625,0.223725,0.219698,0.215567,0.211351,0.207069,0.202735,0.198365,0.193969,0.18956,0.185147,0.180739,0.176344,0.171968,0.16762,0.163303,0.159024,0.154787,0.150596,0.146455,0.142368,0.138336,0.134363,0.130452,0.126603,0.12282,0.119103,0.115454,0.111874,0.108363,0.104924,0.101556,0.0982594,0.0950348,0.0918827,0.0888026,0.0857949,0.082859,0.0799952,0.0772024,0.074481,0.0718297,0.0692485,0.0667363,0.0642929,0.0619169,0.0596081,0.057365,0.0551874,0.0530736,0.0510232,0.0490348,0.0471076,0.0452403,0.0434321,0.0416815,0.0399878,0.0383493,0.0367655,0.0352346,0.033756,0.0323279,0.0309497,0.0296198,0.0283374,0.0271009,0.0259095,0.0247616,0.0236565,0.0225927,0.0215694,0.020585,0.0196388,0.0187294,0.017856,0.0170172,0.0162121,0.0154396,0.0146988,0.0139885,0.0133078,0.0126556,0.0120312,0.0114334,0.0108614,0.0103142,0.00979106,0.00929094,0.0088132,0.00835681,0.00792115,0.00750526,0.00710855,0.0067301,0.00636935,0.00602544,0.00569783,0.00538571,0.00508858,0.00480567,0.00453649,0.00428033,0.00403674,0.00380504,0.00358481,0.0033754,0.00317643,0.00298729,0.00280761,0.00263683,0.0024746,0.00232041,0.0021739,0.00203461,0.00190221,0.00177625,0.00165644,0.00154235,0.0014337,0.0013301,0.00123127,0.00113685,0.00104658,0.000960114,0.000877206,0.000797536,0.000720858,0.000646874,0.000575345,0.000505989,0.000438571,0.000372825,0.000308517,0.000245392,0.000183219,0.000121752
0,0.0492757,0.0948497,0.134451,0.167361,0.193879,0.214787,0.230989,0.243336,0.25256,0.259261,0.263922,0.266926,0.268577,0.269118,0.268743,0.267609,0.265841,0.263545,0.260806,0.257694,0.25427,0.250585,0.246679,0.242591,0.238352,0.233988,0.229523,0.224979,0.220372,0.21572,0.211035,0.206331,0.201618,0.196908,0.192207,0.187524,0.182867,0.178241,0.173652,0.169106,0.164607,0.160158,0.155765,0.151429,0.147154,0.142942,0.138796,0.134718,0.130709,0.126771,0.122905,0.119113,0.115394,0.111751,0.108182,0.10469,0.101274,0.0979338,0.0946698,0.0914824,0.0883705,0.0853347,0.0823738,0.079488,0.0766761,0.0739381,0.0712727,0.0686798,0.066158,0.0637069,0.0613251,0.0590122,0.0567666,0.0545879,0.0524744,0.0504256,0.0484399,0.0465165,0.0446539,0.0428513,0.0411071,0.0394205,0.0377898,0.0362144,0.0346924,0.0332231,0.0318048,0.0304368,0.0291173,0.0278456,0.02662,0.0254397,0.0243031,0.0232094,0.0221571,0.0211452,0.0201723,0.0192377,0.0183397,0.0174777,0.0166502,0.0158564,0.015095,0.0143651,0.0136656,0.0129956,0.012354,0.0117399,0.0111522,0.0105901,0.0100527,0.00953905,0.00904824,0.00857957,0.00813202,0.00770498,0.00729747,0.0069089,0.00653835,0.00618527,0.00584879,0.00552837,0.00522321,0.00493278,0.00465635,0.00439341,0.00414326,0.00390544,0.00367928,0.00346436,0.00326005,0.00306593,0.00288144,0.00270618,0.00253961,0.00238137,0.00223095,0.00208802,0.00195209,0.00182284,0.00169984,0.00158277,0.00147124,0.00136493,0.00126348,0.0011666,0.00107394,0.000985227,0.000900129,0.000818386,0.000739686,0.000663779,0.000590367,0.000519207,0.000450018,0.000382561,0.000316567,0.000251799,0.000187999,0.00012493
0,0.0616204,0.116677,0.162132,0.197863,0.225126,0.245528,0.260549,0.271401,0.279026,0.284138,0.287279,0.288859,0.28919,0.288515,0.287022,0.28486,0.282149,0.278983,0.275442,0.271588,0.267477,0.263153,0.258653,0.25401,0.249252,0.244402,0.23948,0.234506,0.229494,0.224458,0.219411,0.214364,0.209326,0.204305,0.19931,0.194346,0.189421,0.184539,0.179707,0.174926,0.170204,0.165541,0.160941,0.156408,0.151944,0.14755,0.143229,0.138982,0.134812,0.130718,0.126702,0.122765,0.118907,0.115129,0.111432,0.107815,0.104278,0.100822,0.0974467,0.094151,0.0909354,0.0877988,0.0847414,0.0817618,0.0788601,0.0760349,0.073286,0.0706119,0.0680123,0.0654856,0.0630316,0.0606484,0.0583357,0.0560917,0.0539158,0.0518063,0.0497627,0.047783,0.0458667,0.0440119,0.0422179,0.0404829,0.0388061,0.0371858,0.0356212,0.0341105,0.0326528,0.0312465,0.0298906,0.0285835,0.0273244,0.0261115,0.024944,0.0238203,0.0227394,0.0216999,0.0207009,0.0197408,0.0188189,0.0179335,0.017084,0.0162689,0.0154873,0.0147379,0.0140199,0.0133321,0.0126736,0.0120431,0.01144,0.0108631,0.0103116,0.00978443,0.00928087,0.00879985,0.00834072,0.00790245,0.00748442,0.00708566,0.00670558,0.00634327,0.00599815,0.00566937,0.0053564,0.00505842,0.00477492,0.00450515,0.00424863,0.00400464,0.00377273,0.00355225,0.00334275,0.00314362,0.00295446,0.00277468,0.0026039,0.00244159,0.00228738,0.00214076,0.00200141,0.00186885,0.00174275,0.00162269,0.00150835,0.00139933,0.00129533,0.00119598,0.001101,0.00101002,0.000922793,0.000838973,0.000758302,0.000680468,0.000605219,0.000532257,0.000461336,0.000392174,0.000324526,0.000258124,0.000192725,0.000128068
0,0.0805313,0.14811,0.199545,0.236841,0.263246,0.281663,0.294294,0.302713,0.308024,0.311009,0.312222,0.312066,0.310838,0.30876,0.306002,0.302697,0.298947,0.294836,0.290429,0.285783,0.280941,0.275942,0.270817,0.265594,0.260294,0.254939,0.249544,0.244125,0.238695,0.233266,0.227847,0.222447,0.217076,0.211739,0.206443,0.201193,0.195996,0.190855,0.185774,0.180757,0.175807,0.170927,0.166119,0.161387,0.156731,0.152154,0.147657,0.143241,0.138907,0.134656,0.130489,0.126407,0.122409,0.118497,0.114669,0.110927,0.10727,0.103698,0.10021,0.0968069,0.0934868,0.0902502,0.0870956,0.0840229,0.0810309,0.0781191,0.0752861,0.0725316,0.0698538,0.0672524,0.0647257,0.0622731,0.0598928,0.0575843,0.0553458,0.0531765,0.0510746,0.0490395,0.0470692,0.0451629,0.0433189,0.0415363,0.0398133,0.0381489,0.0365415,0.03499,0.0334928,0.0320488,0.0306564,0.0293147,0.0280218,0.0267769,0.0255784,0.0244252,0.0233158,0.0222492,0.0212239,0.020239,0.0192929,0.0183848,0.0175132,0.0166771,0.0158753,0.0151068,0.0143703,0.013665,0.0129895,0.0123431,0.0117246,0.0111331,0.0105676,0.0100272,0.00951078,0.00901773,0.00854694,0.00809775,0.00766914,0.00726047,0.0068708,0.00649951,0.00614569,0.00580879,0.00548795,0.00518263,0.00489202,0.00461562,0.00435268,0.00410271,0.00386501,0.00363913,0.00342441,0.00322042,0.00302655,0.00284239,0.00266737,0.0025011,0.00234307,0.0021929,0.0020501,0.00191432,0.00178511,0.00166214,0.00154498,0.00143332,0.00132676,0.00122501,0.0011277,0.00103453,0.000945158,0.000859315,0.00077667,0.00069696,0.000619872,0.000545151,0.000472502,0.000401672,0.000332379,0.000264375,0.000197388,0.000131169
0,0.112397,0.195691,0.251105,0.286719,0.309366,0.323599,0.332268,0.337148,0.339371,0.339675,0.33856,0.336374,0.333365,0.329717,0.325564,0.321013,0.316144,0.311022,0.305698,0.300215,0.294608,0.288904,0.283129,0.277303,0.271445,0.265567,0.259686,0.253811,0.247953,0.242121,0.236322,0.230564,0.224853,0.219194,0.213593,0.208054,0.20258,0.197176,0.191844,0.186587,0.181409,0.176309,0.171293,0.166359,0.161511,0.156748,0.152074,0.147487,0.142989,0.138581,0.134263,0.130035,0.125897,0.121849,0.117892,0.114024,0.110247,0.106558,0.102959,0.0994471,0.0960233,0.092686,0.089435,0.0862688,0.0831872,0.0801885,0.0772723,0.0744369,0.0716819,0.0690054,0.0664069,0.0638845,0.0614376,0.0590644,0.056764,0.0545346,0.0523754,0.0502846,0.0482611,0.0463033,0.0444101,0.0425797,0.0408111,0.0391025,0.037453,0.0358607,0.0343246,0.0328429,0.0314147,0.0300381,0.0287122,0.0274352,0.0262063,0.0250236,0.0238862,0.0227925,0.0217415,0.0207316,0.019762,0.0188309,0.0179377,0.0170807,0.0162591,0.0154714,0.0147168,0.0139939,0.013302,0.0126396,0.012006,0.0113999,0.0108206,0.0102669,0.00973805,0.0092329,0.00875078,0.0082906,0.0078517,0.00743307,0.00703407,0.00665375,0.00629149,0.00594642,0.00561794,0.00530522,0.00500772,0.00472464,0.00445548,0.00419948,0.00395617,0.00372486,0.00350508,0.00329619,0.00309776,0.00290918,0.00273006,0.00255982,0.00239808,0.00224432,0.00209818,0.00195917,0.00182694,0.00170104,0.00158115,0.00146684,0.00135781,0.00125364,0.00115406,0.00105869,0.000967243,0.000879374,0.000794809,0.000713221,0.000634343,0.000557865,0.000483528,0.000411036,0.000340133,0.000270537,0.000201992,0.000134226
0,0.17337,0.271156,0.322472,0.349572,0.363911,0.371114,0.374046,0.374261,0.372656,0.369782,0.365994,0.361532,0.356563,0.351209,0.34556,0.339683,0.333633,0.32745,0.321169,0.314817,0.308416,0.301985,0.295541,0.289097,0.282665,0.276256,0.269877,0.263537,0.257244,0.251002,0.244818,0.238696,0.232641,0.226657,0.220747,0.214915,0.209162,0.203493,0.197908,0.19241,0.187,0.181681,0.176453,0.171317,0.166275,0.161327,0.156474,0.151717,0.147055,0.142489,0.138019,0.133645,0.129366,0.125184,0.121096,0.117104,0.113205,0.109401,0.105689,0.10207,0.0985419,0.0951048,0.091757,0.0884982,0.0853267,0.082242,0.0792422,0.076327,0.0734944,0.0707438,0.0680732,0.0654821,0.0629684,0.0605313,0.0581689,0.0558803,0.0536637,0.051518,0.0494413,0.0474326,0.0454901,0.0436127,0.0417985,0.0400466,0.0383549,0.0367224,0.0351474,0.0336287,0.0321645,0.0307538,0.0293948,0.0280864,0.0268269,0.0256153,0.0244499,0.0233296,0.0222529,0.0212186,0.0202253,0.019272,0.018357,0.0174796,0.0166381,0.0158317,0.0150589,0.014319,0.0136104,0.0129325,0.0122837,0.0116635,0.0110704,0.0105037,0.00996235,0.00944545,0.00895193,0.00848108,0.00803184,0.00760353,0.00719515,0.00680607,0.00643532,0.00608232,0.00574616,0.00542628,0.00512184,0.00483229,0.00455686,0.00429503,0.00404606,0.00380949,0.00358461,0.00337099,0.00316796,0.00297512,0.00279186,0.00261777,0.00245231,0.00229508,0.00214558,0.00200343,0.00186817,0.00173944,0.00161681,0.00149993,0.0013884,0.0012819,0.00118004,0.00108254,0.000989005,0.000899169,0.000812682,0.000729268,0.000648601,0.000570412,0.000494392,0.000420278,0.000347773,0.000276618,0.000206528,0.000137243
0,0.309927,0.393098,0.418061,0.425198,0.425605,0.422913,0.418559,0.413214,0.407233,0.400827,0.394128,0.387224,0.380176,0.373029,0.365817,0.358565,0.351293,0.344019,0.336754,0.329512,0.3223,0.315128,0.308003,0.300931,0.293918,0.286968,0.280086,0.273276,0.266542,0.259887,0.253314,0.246825,0.240424,0.234112,0.227891,0.221764,0.215731,0.209794,0.203955,0.198215,0.192574,0.187033,0.181593,0.176255,0.171019,0.165885,0.160854,0.155925,0.151099,0.146374,0.141753,0.137233,0.132814,0.128496,0.124279,0.120161,0.116143,0.112222,0.108399,0.104672,0.101041,0.0975039,0.0940604,0.0907086,0.0874482,0.0842772,0.0811951,0.0781997,0.0752906,0.0724657,0.0697241,0.067064,0.0644844,0.0619834,0.05956,0.0572121,0.0549389,0.0527383,0.0506092,0.0485497,0.0465588,0.0446343,0.0427754,0.0409799,0.0392468,0.0375742,0.035961,0.0344052,0.0329058,0.031461,0.0300695,0.0287297,0.0274404,0.0261998,0.025007,0.0238601,0.0227582,0.0216995,0.0206831,0.0197073,0.0187712,0.0178732,0.0170124,0.0161873,0.0153968,0.0146397,0.013915,0.0132214,0.012558,0.0119234,0.011317,0.0107373,0.0101838,0.00965506,0.00915048,0.0086689,0.00820963,0.00777159,0.00735413,0.00695623,0.00657726,0.00621628,0.00587268,0.00554559,0.00523443,0.00493837,0.00465688,0.00438918,0.00413475,0.00389288,0.00366308,0.00344468,0.00323722,0.00304008,0.00285282,0.00267486,0.00250579,0.00234508,0.00219233,0.00204703,0.00190884,0.00177726,0.00165197,0.00153251,0.00141857,0.00130972,0.00120567,0.00110602,0.00101047,0.000918661,0.000830308,0.000745068,0.000662661,0.000582765,0.000505106,0.000429376,0.000355307,0.000282605,0.000211001,0.000140213
1,0.673243,0.573251,0.531483,0.507564,0.490408,0.47639,0.464082,0.452821,0.442258,0.432191,0.422495,0.413089,0.40392,0.394949,0.38615,0.377504,0.368997,0.360618,0.352362,0.344221,0.336193,0.328275,0.320464,0.31276,0.305162,0.297669,0.290281,0.282999,0.275823,0.268753,0.261789,0.254932,0.248183,0.241543,0.23501,0.228587,0.222273,0.21607,0.209976,0.203993,0.19812,0.192358,0.186706,0.181166,0.175735,0.170416,0.165206,0.160106,0.155115,0.150234,0.14546,0.140795,0.136236,0.131784,0.127437,0.123195,0.119056,0.115021,0.111086,0.107252,0.103518,0.0998818,0.0963423,0.0928988,0.0895493,0.0862933,0.0831284,0.0800542,0.0770684,0.0741703,0.0713576,0.0686296,0.0659841,0.0634202,0.0609356,0.0585295,0.0561997,0.0539451,0.0517637,0.0496543,0.0476148,0.0456443,0.0437404,0.0419024,0.0401279,0.0384159,0.0367645,0.0351724,0.0336378,0.0321595,0.0307356,0.029365,0.0280458,0.026777,0.0255567,0.0243838,0.0232567,0.0221742,0.0211346,0.0201371,0.0191798,0.0182618,0.0173816,0.0165382,0.01573,0.0149562,0.0142153,0.0135065,0.0128283,0.0121799,0.01156,0.0109678,0.010402,0.00986181,0.00934612,0.00885415,0.0083848,0.00793734,0.00751073,0.00710431,0.00671706,0.00634837,0.00599729,0.00566323,0.00534532,0.00504297,0.00475538,0.004482,0.00422207,0.00397509,0.00374033,0.00351733,0.0033054,0.00310411,0.00291283,0.00273113,0.00255844,0.00239436,0.00223834,0.00209001,0.00194886,0.00181454,0.00168657,0.00156462,0.00144826,0.00133715,0.00123088,0.00112916,0.00103159,0.000937869,0.00084765,0.000760639,0.000676495,0.000594938,0.000515646,0.000438342,0.00036272,0.000288505,0.000215402,0.000143139
1,0.809798,0.695187,0.627063,0.583178,0.552087,0.528172,0.508574,0.49175,0.476809,0.463207,0.450598,0.438748,0.427497,0.416731,0.406367,0.396342,0.386612,0.37714,0.367898,0.358866,0.350026,0.341364,0.332871,0.324538,0.316357,0.308322,0.300431,0.292677,0.28506,0.277575,0.270222,0.262998,0.255902,0.248933,0.24209,0.235372,0.228778,0.222307,0.215959,0.209733,0.20363,0.197647,0.191784,0.186041,0.180418,0.174912,0.169525,0.164255,0.159101,0.154062,0.149138,0.144327,0.139629,0.135043,0.130567,0.126201,0.121943,0.117792,0.113748,0.109807,0.10597,0.102235,0.0986013,0.095066,0.0916288,0.0882876,0.0850414,0.0818882,0.078827,0.0758556,0.072973,0.0701771,0.0674669,0.06484,0.0622954,0.059831,0.0574457,0.0551371,0.0529043,0.0507449,0.048658,0.0466412,0.0446936,0.0428128,0.0409978,0.0392465,0.0375577,0.0359294,0.0343603,0.0328486,0.031393,0.0299916,0.0286433,0.0273461,0.026099,0.0249002,0.0237485,0.0226421,0.0215801,0.0205606,0.0195827,0.0186447,0.0177456,0.0168839,0.0160585,0.015268,0.0145114,0.0137873,0.0130948,0.0124325,0.0117996,0.0111947,0.010617,0.0100654,0.00953894,0.00903653,0.00855742,0.0081005,0.00766506,0.00725006,0.00685482,0.00647837,0.00612007,0.005779,0.00545456,0.00514589,0.00485241,0.00457333,0.0043081,0.00405596,0.00381643,0.00358879,0.00337256,0.00316709,0.00297194,0.00278648,0.0026103,0.00244282,0.00228366,0.00213226,0.00198827,0.00185119,0.00172065,0.0015962,0.0014775,0.00136411,0.00125571,0.00115191,0.00105238,0.000956754,0.000864728,0.000775946,0.000690118,0.000606906,0.000526026,0.000447156,0.000370019,0.000294304,0.000219736,0.000146016
1,0.870764,0.77064,0.698412,0.646008,0.606603,0.575651,0.550312,0.528816,0.510042,0.493257,0.477969,0.463838,0.450622,0.438146,0.42628,0.414927,0.40401,0.393474,0.383271,0.373366,0.363729,0.354338,0.345172,0.336218,0.327461,0.318892,0.310501,0.302282,0.294227,0.286332,0.278592,0.271003,0.263563,0.256268,0.249116,0.242104,0.235231,0.228495,0.221895,0.215428,0.209094,0.202892,0.196819,0.190876,0.185059,0.17937,0.173806,0.168366,0.163049,0.157854,0.15278,0.147825,0.142989,0.13827,0.133666,0.129176,0.1248,0.120535,0.11638,0.112335,0.108396,0.104563,0.100835,0.097209,0.0936841,0.0902591,0.0869316,0.0837008,0.0805641,0.0775208,0.0745684,0.0717058,0.0689308,0.0662422,0.0636377,0.0611162,0.0586753,0.0563139,0.0540296,0.0518215,0.049687,0.0476251,0.0456336,0.0437112,0.0418557,0.0400659,0.0383397,0.036676,0.0350725,0.0335281,0.0320408,0.0306094,0.0292319,0.0279072,0.0266333,0.0254092,0.0242329,0.0231033,0.0220187,0.020978,0.0199794,0.019022,0.018104,0.0172245,0.0163819,0.0155752,0.0148028,0.0140639,0.0133571,0.0126813,0.0120353,0.0114182,0.0108286,0.0102659,0.00972862,0.00921613,0.00872722,0.00826116,0.00781684,0.00739356,0.00699029,0.00660636,0.0062408,0.00589298,0.00556197,0.0052472,0.00494781,0.00466322,0.00439266,0.00413557,0.00389123,0.00365913,0.00343857,0.00322908,0.00303003,0.00284095,0.00266126,0.00249052,0.00232818,0.00217385,0.002027,0.00188726,0.00175413,0.00162727,0.00150622,0.00139064,0.00128011,0.0011743,0.00107281,0.000975337,0.000881503,0.000791009,0.000703499,0.000618681,0.00053622,0.000455829,0.000377188,0.000300011,0.000223992,0.000148847
1,0.902621,0.818203,0.749945,0.69585,0.652678,0.617533,0.588224,0.563182,0.54131,0.521837,0.504213,0.488044,0.47304,0.458986,0.445719,0.433113,0.421072,0.409519,0.398393,0.387646,0.377238,0.367137,0.357318,0.347757,0.338438,0.329344,0.320463,0.311785,0.303299,0.294999,0.286878,0.278929,0.271149,0.263531,0.256073,0.248771,0.241622,0.234623,0.227773,0.221067,0.214505,0.208085,0.201804,0.195661,0.189654,0.183781,0.178042,0.172434,0.166956,0.161606,0.156383,0.151285,0.146311,0.14146,0.136729,0.132117,0.127624,0.123246,0.118982,0.114832,0.110793,0.106863,0.103041,0.0993251,0.095714,0.0922054,0.0887981,0.0854897,0.0822791,0.0791639,0.076143,0.0732139,0.0703754,0.0676251,0.0649619,0.0623833,0.0598881,0.0574739,0.0551395,0.0528825,0.0507016,0.0485946,0.0465603,0.0445962,0.0427012,0.040873,0.0391104,0.0374112,0.0357742,0.0341972,0.0326791,0.0312176,0.0298118,0.0284595,0.0271596,0.0259101,0.0247099,0.0235571,0.0224506,0.0213886,0.0203701,0.0193931,0.0184569,0.0175596,0.0167002,0.0158772,0.0150897,0.0143359,0.0136152,0.0129259,0.0122673,0.0116379,0.0110369,0.0104629,0.00991525,0.00939263,0.00889428,0.00841903,0.00796616,0.00753457,0.00712356,0.00673211,0.00635956,0.00600494,0.00566763,0.00534672,0.00504164,0.00475152,0.00447583,0.00421376,0.0039648,0.0037282,0.00350348,0.00328996,0.00308715,0.00289444,0.00271137,0.00253735,0.00237197,0.00221468,0.00206508,0.00192267,0.00178706,0.00165777,0.00153446,0.00141668,0.00130409,0.00119627,0.0010929,0.000993575,0.000897997,0.000805791,0.000716655,0.000630237,0.000546244,0.00046434,0.000384236,0.000305611,0.000228177,0.000151625
1,0.92152,0.849612,0.787322,0.73478,0.690738,0.653598,0.621886,0.5944,0.570204,0.548592,0.52903,0.511116,0.494543,0.479077,0.464535,0.450777,0.437689,0.425182,0.413184,0.401636,0.390491,0.37971,0.369259,0.359113,0.349247,0.339643,0.330285,0.321159,0.312252,0.303556,0.29506,0.286758,0.278642,0.270707,0.262948,0.25536,0.247939,0.240681,0.233582,0.226641,0.219854,0.213218,0.206731,0.20039,0.194194,0.188141,0.182228,0.176454,0.170815,0.165312,0.159942,0.154703,0.149593,0.144611,0.139754,0.135022,0.130411,0.125922,0.12155,0.117297,0.113157,0.109132,0.105217,0.101413,0.0977159,0.0941253,0.0906383,0.087254,0.0839696,0.0807841,0.0776948,0.0747006,0.0717988,0.0689883,0.0662664,0.0636321,0.0610827,0.0586169,0.0562323,0.0539277,0.0517005,0.0495496,0.0474724,0.0454678,0.0435333,0.0416677,0.0398687,0.0381351,0.0364645,0.0348558,0.0333068,0.0318163,0.0303821,0.029003,0.027677,0.026403,0.0251789,0.0240036,0.0228752,0.0217926,0.020754,0.0197582,0.0188036,0.0178891,0.017013,0.0161743,0.0153714,0.0146034,0.0138687,0.0131665,0.0124951,0.0118539,0.0112413,0.0106566,0.0100985,0.00956615,0.0090583,0.00857422,0.00811276,0.00767317,0.00725439,0.00685571,0.00647613,0.00611498,0.00577132,0.00544453,0.00513372,0.00483829,0.00455744,0.00429059,0.00403697,0.00379608,0.00356717,0.00334977,0.00314319,0.00294699,0.00276052,0.00258336,0.00241492,0.00225479,0.00210243,0.00195745,0.00181934,0.00168774,0.00156216,0.00144227,0.00132761,0.00121786,0.00111259,0.00101149,0.000914169,0.000820312,0.000729554,0.00064159,0.000556071,0.000472701,0.000391147,0.000311112,0.00023228,0.000154354
1,0.93385,0.871409,0.814957,0.765222,0.72191,0.684249,0.651343,0.622347,0.596539,0.573324,0.55223,0.532878,0.514973,0.498278,0.482608,0.467811,0.453769,0.440382,0.427572,0.415274,0.403434,0.392006,0.380954,0.370246,0.359855,0.349759,0.339939,0.330378,0.321063,0.31198,0.303119,0.294471,0.286028,0.277782,0.269727,0.261858,0.254169,0.246656,0.239314,0.23214,0.225131,0.218282,0.211592,0.205057,0.198675,0.192443,0.186358,0.180419,0.174624,0.168969,0.163453,0.158074,0.15283,0.147718,0.142737,0.137885,0.13316,0.12856,0.124082,0.119726,0.115488,0.111368,0.107362,0.10347,0.0996887,0.0960163,0.0924514,0.0889914,0.0856349,0.0823792,0.0792232,0.076164,0.0732004,0.0703298,0.0675508,0.0648608,0.0622585,0.0597413,0.057308,0.0549558,0.0526835,0.0504887,0.0483699,0.0463247,0.0443519,0.0424489,0.0406146,0.0388465,0.0371435,0.0355031,0.0339242,0.0324045,0.0309428,0.0295369,0.0281858,0.0268871,0.0256399,0.0244421,0.0232925,0.0221893,0.0211313,0.0201167,0.0191443,0.0182126,0.0173203,0.0164659,0.0156483,0.0148659,0.0141178,0.0134025,0.012719,0.0120658,0.0114422,0.0108467,0.0102785,0.00973635,0.00921939,0.00872644,0.00825672,0.0078091,0.00738285,0.00697691,0.00659059,0.00622288,0.00587314,0.00554042,0.00522412,0.00492336,0.00463756,0.0043659,0.00410784,0.0038626,0.00362969,0.00340839,0.00319821,0.00299849,0.00280877,0.00262845,0.00245708,0.0022941,0.0021391,0.00199154,0.00185104,0.0017171,0.00158935,0.00146733,0.0013507,0.001239,0.00113192,0.00102904,0.000930042,0.000834537,0.000742214,0.00065271,0.000565717,0.000480891,0.000397929,0.000316501,0.000236307,0.000157027
1,0.942472,0.887223,0.835885,0.789253,0.747445,0.710163,0.676908,0.64713,0.620304,0.595964,0.573715,0.553227,0.534227,0.516494,0.499846,0.484134,0.469236,0.455052,0.441499,0.428506,0.416017,0.403982,0.392362,0.381121,0.370229,0.359663,0.349399,0.33942,0.329708,0.320251,0.311036,0.302052,0.293289,0.28474,0.276397,0.268253,0.260301,0.252538,0.244958,0.237556,0.230328,0.223271,0.216381,0.209655,0.203089,0.196681,0.190427,0.184326,0.178375,0.172571,0.166911,0.161394,0.156017,0.150778,0.145675,0.140705,0.135867,0.131157,0.126575,0.122118,0.117783,0.113569,0.109473,0.105494,0.10163,0.0978774,0.094235,0.090701,0.0872727,0.0839486,0.080726,0.0776035,0.0745784,0.0716492,0.0688132,0.0660691,0.0634141,0.0608469,0.0583648,0.0559664,0.0536492,0.0514117,0.0492514,0.0471669,0.0451557,0.0432166,0.0413469,0.0395455,0.03781,0.0361389,0.0345301,0.0329822,0.0314931,0.0300613,0.0286849,0.0273626,0.0260922,0.0248727,0.0237019,0.0225788,0.0215014,0.0204685,0.0194785,0.0185301,0.0176217,0.0167521,0.0159197,0.0151236,0.014362,0.0136341,0.0129383,0.0122738,0.011639,0.0110332,0.0104549,0.00990336,0.00937725,0.00887578,0.00839777,0.00794246,0.00750871,0.00709581,0.00670271,0.00632872,0.00597286,0.00563448,0.00531267,0.0050068,0.00471603,0.00443977,0.00417723,0.00392786,0.00369091,0.00346588,0.00325207,0.00304899,0.00285601,0.00267267,0.00249835,0.00233265,0.00217498,0.00202496,0.00188206,0.00174588,0.00161596,0.00149191,0.00137329,0.00125974,0.00115084,0.00104625,0.000945576,0.000848486,0.000754603,0.000663613,0.000575155,0.000488921,0.000404566,0.000321784,0.000240247,0.000159648
1,0.948819,0.899133,0.852114,0.808469,0.76847,0.732066,0.699015,0.668982,0.641607,0.616541,0.593471,0.572119,0.55225,0.533663,0.516189,0.499686,0.484036,0.46914,0.454914,0.441287,0.428199,0.415601,0.403449,0.391706,0.380342,0.369327,0.358641,0.34826,0.338169,0.328352,0.318794,0.309485,0.300413,0.291569,0.282945,0.274533,0.266326,0.258318,0.250505,0.242879,0.235438,0.228176,0.22109,0.214175,0.20743,0.200848,0.194429,0.188169,0.182065,0.176113,0.170313,0.16466,0.159153,0.153788,0.148565,0.143478,0.138529,0.133712,0.129026,0.124469,0.120039,0.115732,0.111549,0.107484,0.103538,0.099706,0.095988,0.0923806,0.0888822,0.0854901,0.0822027,0.0790172,0.0759322,0.0729447,0.0700533,0.0672553,0.0645491,0.061932,0.0594027,0.0569582,0.0545974,0.0523173,0.0501168,0.0479931,0.0459449,0.0439695,0.0420658,0.0402311,0.0384641,0.0367624,0.0351247,0.0335487,0.032033,0.0305754,0.0291746,0.0278286,0.0265359,0.0252946,0.0241034,0.0229604,0.0218643,0.0208133,0.0198062,0.0188412,0.0179172,0.0170324,0.0161859,0.0153759,0.0146014,0.0138609,0.0131534,0.0124774,0.011832,0.0112158,0.0106278,0.0100668,0.00953197,0.00902196,0.00853602,0.00807297,0.00763205,0.00721217,0.00681259,0.00643229,0.00607059,0.00572651,0.00539943,0.00508843,0.00479291,0.00451203,0.00424522,0.00399168,0.00375089,0.00352211,0.00330484,0.00309839,0.00290229,0.00271591,0.00253879,0.00237034,0.00221014,0.00205764,0.00191245,0.00177403,0.00164202,0.00151594,0.00139542,0.00128001,0.00116937,0.00106308,0.000960792,0.000862121,0.00076674,0.000674272,0.000584401,0.00049677,0.000411067,0.000326949,0.000244107,0.00016221
1,0.953674,0.908381,0.864977,0.824052,0.785913,0.750633,0.718125,0.688201,0.660626,0.635152,0.611538,0.589563,0.569028,0.549757,0.531601,0.514429,0.498129,0.482606,0.46778,0.453581,0.439948,0.426831,0.414186,0.401976,0.390166,0.37873,0.367642,0.356881,0.346427,0.336264,0.326378,0.316756,0.307385,0.298256,0.289359,0.280687,0.272232,0.263987,0.255945,0.248102,0.240452,0.232991,0.225712,0.218614,0.211691,0.204941,0.198359,0.191943,0.185688,0.179593,0.173653,0.167868,0.162232,0.156745,0.151402,0.146202,0.141142,0.13622,0.131432,0.126778,0.122253,0.117857,0.113586,0.109438,0.10541,0.101501,0.0977081,0.0940291,0.0904613,0.087003,0.0836512,0.0804045,0.0772599,0.0742158,0.0712693,0.068419,0.0656619,0.0629965,0.06042,0.057931,0.0555267,0.0532055,0.0509648,0.0488032,0.046718,0.0447078,0.0427699,0.0409031,0.0391047,0.0373735,0.035707,0.0341038,0.0325616,0.0310791,0.0296541,0.0282852,0.0269702,0.025708,0.0244964,0.0233343,0.0222195,0.021151,0.0201268,0.0191459,0.0182063,0.017307,0.0164462,0.015623,0.0148356,0.0140831,0.0133638,0.0126768,0.0120207,0.0113946,0.0107969,0.0102269,0.00968324,0.00916507,0.00867117,0.00820075,0.00775263,0.00732607,0.00691999,0.00653367,0.0061661,0.0058166,0.00548422,0.00516833,0.00486804,0.00458276,0.00431165,0.00405415,0.00380949,0.00357715,0.0033564,0.00314674,0.0029475,0.00275823,0.00257828,0.00240723,0.00224448,0.00208963,0.00194213,0.00180158,0.00166748,0.00153946,0.00141703,0.00129985,0.00118747,0.00107954,0.000975651,0.000875464,0.00077859,0.000684702,0.000593429,0.000504451,0.000417415,0.000332003,0.000247875,0.000164717
1,0.957501,0.915744,0.875371,0.836862,0.80051,0.766447,0.734671,0.705092,0.677569,0.65193,0.627999,0.605601,0.584577,0.564777,0.546071,0.528343,0.51149,0.495426,0.480072,0.465361,0.451236,0.437647,0.42455,0.411906,0.399683,0.387851,0.376385,0.365263,0.354465,0.343973,0.333773,0.32385,0.314192,0.304788,0.29563,0.286706,0.27801,0.269534,0.261272,0.253217,0.245364,0.237707,0.230242,0.222964,0.215869,0.208953,0.202212,0.195642,0.189241,0.183004,0.176929,0.171013,0.165252,0.159643,0.154184,0.148872,0.143705,0.138679,0.133792,0.129041,0.124425,0.119939,0.115583,0.111352,0.107246,0.10326,0.0993943,0.0956444,0.0920091,0.0884851,0.0850709,0.0817634,0.078561,0.0754607,0.0724608,0.0695585,0.0667521,0.0640386,0.0614167,0.0588833,0.0564369,0.0540748,0.0517954,0.049596,0.0474752,0.0454301,0.0434594,0.0415606,0.039732,0.0379713,0.036277,0.0346468,0.0330791,0.0315718,0.0301234,0.0287316,0.0273953,0.0261122,0.024881,0.0236997,0.0225671,0.0214811,0.0204406,0.0194437,0.0184892,0.0175753,0.016701,0.0158644,0.0150647,0.0143001,0.0135696,0.0128716,0.0122053,0.0115692,0.0109623,0.0103832,0.00983119,0.00930483,0.00880335,0.00832551,0.00787054,0.00743729,0.00702502,0.00663265,0.00625949,0.00590454,0.00556713,0.00524633,0.0049415,0.00465179,0.0043766,0.00411512,0.00386679,0.00363085,0.0034068,0.00319391,0.0029917,0.00279952,0.00261689,0.00244322,0.00227805,0.00212083,0.00197114,0.00182845,0.00169237,0.0015624,0.00143816,0.0013192,0.00120516,0.0010956,0.000990175,0.000888478,0.000790173,0.000694874,0.000602253,0.000511942,0.000423619,0.000336931,0.000251559,0.000167161
1,0.960588,0.921728,0.883911,0.847524,0.812835,0.77999,0.749039,0.719953,0.692654,0.66703,0.642957,0.620302,0.598937,0.578743,0.559606,0.541426,0.524112,0.507584,0.491771,0.47661,0.462046,0.448031,0.43452,0.421479,0.408872,0.396673,0.384853,0.373392,0.362268,0.351465,0.340965,0.330756,0.320823,0.311157,0.301745,0.292579,0.283651,0.274952,0.266476,0.258215,0.250165,0.242319,0.234672,0.227219,0.219956,0.212879,0.205982,0.199264,0.192719,0.186344,0.180136,0.174092,0.168208,0.162481,0.156908,0.151487,0.146214,0.141087,0.136102,0.131258,0.12655,0.121978,0.117537,0.113227,0.109042,0.104983,0.101044,0.0972256,0.0935234,0.0899358,0.0864597,0.0830934,0.0798337,0.076679,0.0736261,0.0706735,0.0678181,0.0650583,0.0623911,0.0598149,0.0573268,0.0549252,0.0526073,0.0503715,0.0482151,0.0461366,0.0441332,0.0422035,0.0403449,0.0385558,0.0368339,0.0351776,0.0335846,0.0320534,0.0305817,0.0291681,0.0278104,0.0265073,0.0252565,0.0240569,0.0229064,0.0218037,0.0207468,0.0197346,0.0187652,0.0178375,0.0169495,0.0161003,0.0152882,0.0145121,0.0137703,0.0130619,0.0123854,0.0117398,0.0111236,0.0105359,0.00997548,0.00944135,0.00893225,0.00844737,0.00798552,0.00754591,0.00712742,0.00672932,0.00635055,0.00599042,0.00564796,0.00532249,0.00501311,0.0047192,0.00443991,0.00417465,0.00392263,0.0036833,0.00345592,0.00323997,0.00303477,0.00283984,0.00265452,0.00247836,0.00231076,0.0021513,0.00199941,0.00185469,0.00171661,0.00158479,0.00145874,0.0013381,0.00122239,0.00111128,0.00100432,0.000901184,0.000801457,0.000704806,0.000610849,0.000519256,0.000429663,0.000341743,0.000255147,0.000169548
1,0.963127,0.926675,0.891029,0.856502,0.823329,0.791658,0.761562,0.733051,0.706089,0.68061,0.656528,0.633746,0.612166,0.59169,0.572226,0.553688,0.535996,0.519079,0.502872,0.487318,0.472366,0.457968,0.444085,0.43068,0.417722,0.405182,0.393033,0.381255,0.369826,0.358728,0.347945,0.337463,0.327269,0.31735,0.307697,0.298298,0.289146,0.280232,0.27155,0.263091,0.25485,0.24682,0.238997,0.231374,0.223948,0.216713,0.209666,0.202802,0.196117,0.189608,0.183271,0.177101,0.171097,0.165255,0.159571,0.154043,0.148667,0.14344,0.138361,0.133424,0.128628,0.123971,0.119448,0.115058,0.110798,0.106665,0.102657,0.0987705,0.0950035,0.091353,0.087817,0.0843924,0.0810774,0.0778688,0.0747648,0.0717624,0.0688598,0.0660539,0.0633431,0.0607243,0.058196,0.0557552,0.0534003,0.0511283,0.0489378,0.0468259,0.0447912,0.0428308,0.0409433,0.0391261,0.0373777,0.0356955,0.0340781,0.0325231,0.0310291,0.0295937,0.0282156,0.0268925,0.0256231,0.0244052,0.0232376,0.0221182,0.0210457,0.0200183,0.0190347,0.018093,0.0171921,0.0163302,0.0155063,0.0147187,0.0139662,0.0132473,0.0125611,0.011906,0.011281,0.0106847,0.0101163,0.00957431,0.009058,0.00856606,0.00809768,0.00765169,0.00722731,0.00682345,0.00643937,0.00607404,0.00572679,0.00539664,0.00508295,0.00478483,0.00450166,0.0042326,0.00397709,0.00373434,0.00350383,0.00328481,0.00307678,0.00287907,0.00269121,0.00251255,0.00234266,0.00218095,0.00202698,0.00188022,0.00174026,0.00160658,0.00147882,0.00135648,0.0012392,0.00112653,0.00101812,0.000913545,0.00081246,0.000714468,0.000619231,0.000526371,0.000435556,0.000346424,0.000258646,0.00017187
1,0.965247,0.930824,0.897035,0.864139,0.832337,0.80177,0.772521,0.744622,0.718068,0.692824,0.668832,0.646025,0.624329,0.603667,0.583965,0.565149,0.547153,0.529914,0.513374,0.497481,0.482188,0.467451,0.453234,0.439501,0.426221,0.413367,0.400914,0.388841,0.377126,0.365751,0.354702,0.343962,0.333519,0.323361,0.313476,0.303855,0.294489,0.285369,0.276487,0.267837,0.259411,0.251204,0.24321,0.235423,0.227839,0.220452,0.213258,0.206253,0.199432,0.192792,0.186328,0.180038,0.173917,0.167962,0.16217,0.156537,0.151061,0.145738,0.140564,0.135538,0.130656,0.125916,0.121313,0.116846,0.112512,0.108308,0.104231,0.100278,0.0964473,0.092736,0.0891409,0.0856601,0.0822903,0.0790298,0.0758752,0.0728248,0.0698753,0.0670252,0.0642711,0.0616116,0.0590433,0.0565649,0.0541731,0.0518665,0.0496421,0.0474983,0.0454323,0.0434426,0.0415264,0.0396822,0.0379073,0.0362004,0.0345588,0.0329811,0.0314648,0.0300086,0.0286101,0.027268,0.0259799,0.0247446,0.02356,0.0224247,0.0213367,0.0202947,0.0192969,0.018342,0.0174282,0.0165543,0.0157186,0.01492,0.0141568,0.013428,0.012732,0.0120679,0.011434,0.0108296,0.0102532,0.00970385,0.0091803,0.00868168,0.00820676,0.00775473,0.00732445,0.00691514,0.00652573,0.0061555,0.00580344,0.00546887,0.00515085,0.00484875,0.00456168,0.00428905,0.00403003,0.00378406,0.00355039,0.00332847,0.00311761,0.00291729,0.00272686,0.00254586,0.00237366,0.00220982,0.00205377,0.00190508,0.00176323,0.00162781,0.00149832,0.00137438,0.00125553,0.00114139,0.00103152,0.000925583,0.000823149,0.000723877,0.000627373,0.0005333,0.000441281,0.000350983,0.000262044,0.000174131
1,0.967041,0.934345,0.902158,0.870693,0.840125,0.810582,0.78215,0.754874,0.728766,0.703814,0.679983,0.657229,0.635496,0.614726,0.59486,0.575838,0.557603,0.540102,0.523283,0.507101,0.491512,0.476477,0.461962,0.447933,0.434362,0.421222,0.408489,0.396141,0.38416,0.372527,0.361227,0.350244,0.339566,0.32918,0.319076,0.309243,0.299672,0.290354,0.281282,0.272447,0.263845,0.255467,0.247308,0.239362,0.231625,0.22409,0.216754,0.209612,0.202659,0.195892,0.189306,0.182897,0.176663,0.170599,0.164701,0.158967,0.153393,0.147975,0.142711,0.137598,0.132632,0.12781,0.12313,0.118588,0.114181,0.109907,0.105764,0.101747,0.0978542,0.0940829,0.0904308,0.0868945,0.083472,0.0801601,0.0769569,0.073859,0.0708646,0.0679706,0.0651751,0.0624751,0.0598686,0.0573528,0.0549258,0.0525848,0.0503279,0.0481524,0.0460566,0.0440377,0.0420941,0.040223,0.038423,0.0366914,0.0350267,0.0334264,0.031889,0.0304121,0.0289942,0.0276331,0.0263273,0.0250746,0.0238738,0.0227226,0.0216198,0.0205634,0.0195521,0.018584,0.0176579,0.016772,0.0159251,0.0151156,0.0143422,0.0136035,0.0128983,0.0122252,0.011583,0.0109704,0.0103864,0.00982966,0.00929928,0.00879396,0.00831287,0.00785479,0.00741894,0.00700417,0.00660973,0.00623458,0.00587799,0.00553899,0.0052169,0.0049108,0.00462006,0.00434383,0.00408152,0.00383232,0.00359567,0.00337085,0.00315731,0.00295437,0.00276154,0.00257818,0.00240381,0.00223783,0.00207982,0.0019292,0.00178557,0.0016484,0.00151728,0.00139175,0.0012714,0.0011558,0.00104456,0.00093726,0.000833544,0.000733004,0.000635292,0.000540021,0.000446849,0.000355405,0.00026535,0.000176325
1,0.968575,0.937364,0.906566,0.876363,0.846903,0.818303,0.790645,0.763981,0.738337,0.713712,0.690092,0.667447,0.645739,0.624924,0.604956,0.585787,0.56737,0.549659,0.532611,0.516184,0.500341,0.485047,0.470267,0.455975,0.44214,0.428739,0.41575,0.40315,0.390922,0.379049,0.367514,0.356303,0.345403,0.334803,0.32449,0.314455,0.304689,0.295182,0.285927,0.276917,0.268144,0.259602,0.251284,0.243186,0.235301,0.227624,0.22015,0.212876,0.205795,0.198905,0.1922,0.185678,0.179333,0.173163,0.167162,0.16133,0.15566,0.150152,0.144799,0.139601,0.134553,0.129653,0.124896,0.120282,0.115805,0.111464,0.107254,0.103175,0.0992219,0.095393,0.0916847,0.0880951,0.0846207,0.0812595,0.0780082,0.0748649,0.0718261,0.0688901,0.0660536,0.0633148,0.0606705,0.0581189,0.0556571,0.0532831,0.0509941,0.0487884,0.046663,0.0446162,0.0426454,0.0407488,0.0389238,0.0371687,0.0354811,0.0338593,0.0323008,0.0308042,0.029367,0.0279879,0.0266644,0.0253953,0.0241783,0.0230121,0.0218946,0.0208244,0.0197997,0.0188191,0.0178807,0.0169835,0.0161255,0.0153056,0.0145221,0.013774,0.0130596,0.0123779,0.0117274,0.0111071,0.0105156,0.00995187,0.00941464,0.00890302,0.00841574,0.00795198,0.00751054,0.00709064,0.00669116,0.00631138,0.00595026,0.00560709,0.00528091,0.00497106,0.00467664,0.00439704,0.00413141,0.00387918,0.00363956,0.003412,0.00319578,0.00299039,0.00279514,0.00260956,0.00243301,0.00226504,0.00210506,0.00195263,0.00180721,0.00166839,0.00153566,0.00140861,0.00128678,0.00116979,0.00105718,0.0009486,0.000843612,0.000741867,0.000642961,0.000546547,0.000452241,0.000359699,0.000268551,0.000178455
1,0.969899,0.939974,0.910391,0.881303,0.852837,0.825099,0.798167,0.772095,0.746915,0.722637,0.699259,0.676764,0.655128,0.634317,0.614298,0.595032,0.576481,0.558607,0.541373,0.524742,0.508683,0.493163,0.478152,0.463624,0.449554,0.435917,0.422694,0.409863,0.397408,0.385311,0.373557,0.362132,0.351025,0.340221,0.329712,0.319486,0.309534,0.299848,0.29042,0.281241,0.272305,0.263605,0.255136,0.24689,0.238863,0.231049,0.223443,0.216041,0.208837,0.201828,0.195009,0.188375,0.181924,0.17565,0.169551,0.163623,0.157862,0.152264,0.146827,0.141546,0.136419,0.131442,0.126612,0.121926,0.117381,0.112974,0.108702,0.104561,0.10055,0.0966643,0.0929022,0.0892601,0.085736,0.0823262,0.079029,0.0758407,0.0727595,0.069782,0.0669063,0.0641292,0.0614488,0.058862,0.0563669,0.0539604,0.0516408,0.049405,0.0472515,0.0451772,0.0431804,0.0412585,0.0394097,0.0376314,0.035922,0.0342788,0.0327004,0.0311842,0.0297287,0.0283317,0.0269915,0.025706,0.0244738,0.0232926,0.0221611,0.0210773,0.0200399,0.0190468,0.0180969,0.0171883,0.0163198,0.0154896,0.0146966,0.0139391,0.0132161,0.0125259,0.0118675,0.0112395,0.0106409,0.0100702,0.00952652,0.00900858,0.00851551,0.00804604,0.00759936,0.00717432,0.00677013,0.00638571,0.00602033,0.00567298,0.00534297,0.00502936,0.0047315,0.00444852,0.00417979,0.00392451,0.0036821,0.00345181,0.00323308,0.00302522,0.00282772,0.00263991,0.00246133,0.00229135,0.00212953,0.00197528,0.00182819,0.00168772,0.00155347,0.00142492,0.00130169,0.00118332,0.00106943,0.000959564,0.000853373,0.000750436,0.000650397,0.000552857,0.000457469,0.00036385,0.000271654,0.000180514
1,0.97105,0.942248,0.913732,0.885632,0.858059,0.831108,0.804851,0.779343,0.754618,0.730694,0.707578,0.685261,0.66373,0.642963,0.622932,0.603611,0.584966,0.566969,0.549586,0.532788,0.516546,0.500833,0.48562,0.470885,0.456604,0.442755,0.429319,0.416277,0.403612,0.391309,0.379352,0.367729,0.356426,0.345433,0.334737,0.324331,0.314204,0.304347,0.294753,0.285414,0.276323,0.267473,0.258857,0.250471,0.242307,0.234362,0.226628,0.219103,0.211781,0.204657,0.197727,0.190987,0.184432,0.17806,0.171865,0.165844,0.159994,0.15431,0.14879,0.14343,0.138226,0.133175,0.128274,0.123519,0.118908,0.114437,0.110104,0.105905,0.101836,0.0978963,0.0940814,0.0903891,0.086816,0.08336,0.0800174,0.0767863,0.0736633,0.0706463,0.067732,0.0649184,0.0622024,0.0595819,0.0570539,0.0546165,0.0522666,0.0500024,0.047821,0.0457205,0.0436982,0.0417522,0.0398799,0.0380796,0.0363485,0.0346851,0.0330869,0.0315522,0.0300786,0.0286646,0.0273079,0.0260069,0.0247595,0.0235642,0.0224188,0.0213222,0.0202721,0.0192673,0.0183059,0.0173866,0.0165076,0.0156677,0.0148652,0.014099,0.0133673,0.0126691,0.0120029,0.0113677,0.0107619,0.0101847,0.00963461,0.00911078,0.00861189,0.0081371,0.00768517,0.00725532,0.0068464,0.00645765,0.00608801,0.00573676,0.00540292,0.0050858,0.00478449,0.00449834,0.00422651,0.00396839,0.00372319,0.00349034,0.0032691,0.00305894,0.00285917,0.00266929,0.00248867,0.00231682,0.00215315,0.00199721,0.00184845,0.00170644,0.00157066,0.0014407,0.00131609,0.00119642,0.00108124,0.000970176,0.000862794,0.00075873,0.000657572,0.000558965,0.000462514,0.000367868,0.000274649,0.000182507
1,0.972058,0.944241,0.916666,0.889445,0.862676,0.836442,0.81081,0.785833,0.761547,0.737976,0.71513,0.69301,0.671609,0.650913,0.630904,0.61156,0.592857,0.574769,0.557271,0.540338,0.523944,0.508065,0.492678,0.477761,0.463292,0.449253,0.435625,0.422391,0.409534,0.397041,0.384896,0.373088,0.361603,0.350432,0.339563,0.328986,0.318693,0.308675,0.298924,0.289433,0.280193,0.2712,0.262445,0.253924,0.24563,0.237558,0.229703,0.22206,0.214624,0.207389,0.200353,0.19351,0.186857,0.180388,0.174101,0.167991,0.162055,0.156288,0.150689,0.145251,0.139973,0.13485,0.129881,0.125059,0.120385,0.115852,0.11146,0.107203,0.10308,0.0990872,0.0952218,0.0914803,0.0878606,0.084359,0.0809733,0.0777001,0.0745373,0.0714814,0.0685304,0.0656809,0.0629311,0.0602775,0.0577183,0.0552504,0.0528718,0.0505795,0.0483717,0.0462453,0.0441988,0.042229,0.0403345,0.0385123,0.0367608,0.0350775,0.0334605,0.0319075,0.0304168,0.028986,0.0276136,0.0262973,0.0250356,0.0238263,0.0226679,0.0215585,0.0204965,0.0194801,0.0185079,0.017578,0.0166892,0.0158396,0.0150282,0.0142531,0.0135134,0.0128072,0.0121337,0.0114913,0.0108789,0.0102951,0.00973906,0.00920932,0.00870502,0.00822489,0.00776809,0.00733342,0.0069201,0.00652701,0.00615341,0.00579825,0.00546084,0.0051402,0.00483567,0.00454636,0.00427165,0.00401068,0.00376288,0.00352747,0.00330389,0.00309143,0.00288956,0.0026976,0.00251508,0.00234135,0.00217597,0.00201834,0.00186802,0.00172447,0.00158727,0.00145591,0.00132999,0.00120903,0.00109265,0.000980398,0.000871896,0.000766719,0.000664505,0.000564847,0.000467388,0.000371738,0.000277543,0.000184426
1,0.972946,0.945997,0.919257,0.892821,0.866774,0.841192,0.816136,0.791657,0.767791,0.744564,0.721991,0.700078,0.678824,0.658221,0.638258,0.618918,0.600183,0.582034,0.56445,0.547408,0.530889,0.51487,0.499333,0.484257,0.469623,0.455414,0.441613,0.428204,0.415173,0.402505,0.390187,0.378207,0.366554,0.355216,0.344184,0.333448,0.322999,0.312829,0.302929,0.293293,0.283913,0.274783,0.265896,0.257247,0.248828,0.240636,0.232664,0.224908,0.217362,0.210023,0.202884,0.195943,0.189194,0.182633,0.176257,0.170062,0.164043,0.158197,0.152519,0.147008,0.141658,0.136467,0.13143,0.126546,0.121809,0.117218,0.112767,0.108456,0.10428,0.100236,0.0963217,0.0925334,0.088868,0.0853231,0.0818952,0.078582,0.0753801,0.0722873,0.0693002,0.0664167,0.0636335,0.0609486,0.0583588,0.055862,0.0534551,0.0511363,0.0489024,0.0467517,0.0446812,0.0426891,0.0407725,0.0389298,0.0371581,0.0354559,0.0338205,0.0322502,0.0307426,0.0292961,0.0279082,0.0265775,0.0253016,0.0240791,0.0229078,0.0217864,0.0207126,0.0196853,0.0187023,0.0177625,0.0168639,0.0160054,0.0151851,0.0144018,0.013654,0.0129405,0.0122596,0.0116105,0.0109915,0.0104016,0.00983957,0.00930435,0.00879463,0.00830955,0.00784786,0.00740873,0.006991,0.00659389,0.00621631,0.00585754,0.00551655,0.00519265,0.00488491,0.00459267,0.00431506,0.00405146,0.00380105,0.00356327,0.00333735,0.00312276,0.00291878,0.0027249,0.00254047,0.00236501,0.00219791,0.00203871,0.00188683,0.00174185,0.00160324,0.00147057,0.00134336,0.0012212,0.00110362,0.000990255,0.000880644,0.000774423,0.000671169,0.00057052,0.000472073,0.00037547,0.000280324,0.000186277
1,0.973731,0.947552,0.921554,0.895819,0.870424,0.845435,0.820909,0.796894,0.773425,0.75053,0.728227,0.706525,0.685429,0.664934,0.645035,0.625721,0.606978,0.58879,0.571143,0.554017,0.537395,0.52126,0.505594,0.49038,0.475601,0.461241,0.447285,0.433719,0.420529,0.407701,0.395224,0.383086,0.371276,0.359783,0.348599,0.337713,0.327118,0.316804,0.306765,0.296993,0.28748,0.27822,0.269208,0.260436,0.251899,0.243592,0.235509,0.227645,0.219995,0.212554,0.205318,0.198281,0.191442,0.184793,0.178332,0.172054,0.165955,0.160032,0.154282,0.148698,0.14328,0.138022,0.132922,0.127976,0.12318,0.118531,0.114027,0.109662,0.105435,0.101342,0.0973807,0.0935466,0.0898379,0.0862507,0.0827827,0.0794304,0.0761915,0.0730625,0.0700414,0.0671245,0.0643099,0.0615942,0.0589753,0.0564502,0.0540167,0.0516717,0.0494133,0.0472386,0.0451456,0.0431313,0.0411941,0.0393311,0.0375406,0.0358197,0.034167,0.0325797,0.0310562,0.029594,0.0281917,0.0268467,0.0255576,0.024322,0.0231387,0.0220054,0.0209206,0.0198825,0.0188895,0.0179398,0.0170321,0.0161646,0.015336,0.0145447,0.0137893,0.0130684,0.0123808,0.0117249,0.0110998,0.0105039,0.00993629,0.00939558,0.00888086,0.00839083,0.00792462,0.00748102,0.00705922,0.00665809,0.00627684,0.00591444,0.00557015,0.00524299,0.00493228,0.00463711,0.00435683,0.00409058,0.00383778,0.00359762,0.00336955,0.00315281,0.00294689,0.00275109,0.00256491,0.00238771,0.00221902,0.00205824,0.00190493,0.00175853,0.0016186,0.00148463,0.00135622,0.00123287,0.00111418,0.000999707,0.000889062,0.00078181,0.000677581,0.000575959,0.000476581,0.000379048,0.000283,0.000188052
1,0.974427,0.948934,0.923598,0.898492,0.873684,0.849234,0.825194,0.80161,0.778515,0.755938,0.733897,0.712407,0.691472,0.671096,0.651275,0.632002,0.613268,0.595063,0.577372,0.560182,0.543479,0.527248,0.511472,0.496139,0.481232,0.466739,0.452645,0.438937,0.425602,0.412629,0.400006,0.387723,0.375768,0.364132,0.352806,0.341781,0.331048,0.3206,0.310429,0.300529,0.29089,0.281509,0.272377,0.263489,0.25484,0.246424,0.238234,0.230268,0.222518,0.214981,0.207651,0.200525,0.193597,0.186865,0.180322,0.173965,0.167791,0.161795,0.155973,0.150322,0.144837,0.139516,0.134354,0.129349,0.124496,0.119793,0.115235,0.11082,0.106544,0.102404,0.098397,0.0945198,0.0907687,0.0871415,0.0836344,0.0802452,0.0769701,0.0738071,0.0707525,0.0678042,0.0649588,0.0622141,0.0595669,0.057015,0.0545553,0.0521858,0.0499034,0.0477061,0.0455909,0.0435561,0.0415985,0.0397165,0.0379073,0.0361691,0.0344992,0.032896,0.0313568,0.0298801,0.0284634,0.0271051,0.0258029,0.0245553,0.02336,0.0222156,0.02112,0.0200717,0.0190688,0.01811,0.0171933,0.0163175,0.0154807,0.0146818,0.013919,0.0131912,0.0124969,0.0118348,0.0112035,0.0106021,0.0100289,0.00948316,0.00896344,0.00846885,0.00799813,0.00755042,0.00712455,0.00671971,0.0063348,0.00596906,0.00562147,0.00529131,0.00497763,0.00467976,0.00439681,0.00412814,0.00387294,0.0036306,0.00340036,0.00318167,0.00297379,0.00277623,0.00258829,0.0024095,0.00223922,0.002077,0.00192225,0.00177453,0.0016333,0.00149813,0.00136852,0.00124407,0.00112428,0.00100878,0.000897115,0.000788903,0.000683715,0.000581182,0.000480893,0.000382484,0.00028556,0.000189756
1,0.975048,0.950165,0.925421,0.90088,0.876602,0.852642,0.829048,0.805862,0.783117,0.76084,0.739053,0.71777,0.697,0.676748,0.657014,0.637795,0.619085,0.600876,0.583159,0.565923,0.549156,0.532845,0.516978,0.501542,0.486525,0.471914,0.457696,0.443861,0.430396,0.417291,0.404535,0.392117,0.380029,0.368261,0.356803,0.345648,0.334788,0.324214,0.31392,0.303898,0.294142,0.284645,0.275401,0.266404,0.257648,0.249128,0.240838,0.232774,0.22493,0.217301,0.209883,0.20267,0.19566,0.188846,0.182226,0.175794,0.169547,0.163481,0.157591,0.151875,0.146328,0.140945,0.135726,0.130664,0.125757,0.121,0.116393,0.111928,0.107606,0.103421,0.0993705,0.0954511,0.0916603,0.0879941,0.0844502,0.0810249,0.0777159,0.0745196,0.0714337,0.0684546,0.0655803,0.0628072,0.0601334,0.0575554,0.0550713,0.0526777,0.0503728,0.0481533,0.0460175,0.0439623,0.0419858,0.0400851,0.0382585,0.0365032,0.0348174,0.0331984,0.0316447,0.0301537,0.0287236,0.0273522,0.0260379,0.0247783,0.0235719,0.0224166,0.0213108,0.0202526,0.0192406,0.0182727,0.0173476,0.0164635,0.0156192,0.0148128,0.0140431,0.0133086,0.012608,0.0119398,0.0113029,0.0106958,0.0101176,0.00956682,0.00904251,0.00854336,0.00806851,0.00761669,0.00718709,0.00677855,0.00639029,0.00602122,0.00567061,0.00533745,0.00502106,0.00472048,0.00443509,0.004164,0.0039066,0.00366208,0.00342986,0.0032092,0.00299956,0.00280022,0.00261068,0.00243029,0.00225857,0.0020949,0.00193884,0.00178981,0.00164738,0.00151101,0.00138031,0.00125475,0.00113395,0.00101744,0.000904827,0.000795669,0.000689589,0.000586164,0.000485023,0.000385761,0.000288011,0.000191382
1,0.975602,0.951266,0.927052,0.903018,0.879219,0.855705,0.832518,0.809699,0.787279,0.765287,0.743741,0.72266,0.702053,0.681927,0.662286,0.64313,0.624454,0.606255,0.588525,0.571257,0.55444,0.538065,0.522121,0.506599,0.491485,0.476771,0.462444,0.448495,0.434913,0.421688,0.408811,0.396271,0.38406,0.372169,0.36059,0.349315,0.338335,0.327644,0.317234,0.3071,0.297232,0.287627,0.278277,0.269177,0.260321,0.251703,0.243318,0.235162,0.227228,0.219512,0.21201,0.204716,0.197626,0.190737,0.184042,0.177539,0.171223,0.16509,0.159136,0.153357,0.14775,0.14231,0.137034,0.131919,0.126959,0.122153,0.117497,0.112987,0.108619,0.104391,0.100299,0.0963405,0.0925109,0.0888083,0.0852286,0.0817696,0.0784275,0.0752,0.0720835,0.0690757,0.0661732,0.0633737,0.0606738,0.0580715,0.0555634,0.0531474,0.0508204,0.0485804,0.0464243,0.0443502,0.042355,0.0404371,0.0385934,0.0368222,0.0351207,0.0334873,0.0319192,0.0304149,0.0289717,0.0275882,0.0262618,0.0249912,0.0237738,0.0226084,0.0214927,0.0204254,0.0194042,0.018428,0.0174946,0.016603,0.0157511,0.0149378,0.0141614,0.0134206,0.0127138,0.01204,0.0113975,0.0107854,0.0102021,0.00964669,0.0091178,0.00861451,0.00813552,0.00767997,0.00724664,0.00683474,0.00644311,0.00607101,0.00571738,0.0053815,0.00506239,0.00475937,0.00447153,0.00419823,0.00393863,0.00369213,0.00345794,0.0032355,0.00302407,0.00282313,0.00263198,0.00245014,0.00227697,0.00211199,0.00195462,0.00180439,0.00166077,0.00152331,0.00139151,0.00126496,0.00114315,0.00102571,0.000912163,0.000802131,0.000695176,0.000590921,0.000488951,0.000388891,0.000290343,0.000192934
1,0.976097,0.95225,0.928512,0.904935,0.881569,0.858458,0.835645,0.813163,0.791046,0.769318,0.748002,0.727114,0.706666,0.686668,0.667123,0.648034,0.629402,0.611222,0.59349,0.576201,0.559348,0.542922,0.526915,0.511318,0.496122,0.481317,0.466894,0.452843,0.439156,0.425823,0.412835,0.400184,0.387861,0.375857,0.364166,0.352779,0.341689,0.330889,0.320372,0.310131,0.300161,0.290454,0.281005,0.271808,0.262858,0.254148,0.245673,0.237429,0.229411,0.221613,0.214031,0.20666,0.199496,0.192533,0.185769,0.179198,0.172816,0.16662,0.160605,0.154767,0.149103,0.143608,0.138279,0.133112,0.128104,0.12325,0.118548,0.113993,0.109584,0.105315,0.101184,0.0971864,0.0933207,0.0895826,0.0859696,0.0824777,0.0791048,0.075847,0.0727021,0.0696663,0.0667376,0.0639123,0.0611883,0.0585622,0.0560318,0.053594,0.0512465,0.0489864,0.0468115,0.0447189,0.0427066,0.0407716,0.0389121,0.0371253,0.0354094,0.0337617,0.0321804,0.030663,0.0292078,0.0278123,0.026475,0.0251934,0.0239661,0.0227907,0.0216659,0.0205894,0.01956,0.0185755,0.0176346,0.0167354,0.0158767,0.0150566,0.0142739,0.013527,0.0128146,0.0121351,0.0114876,0.0108704,0.0102825,0.0097225,0.00918947,0.00868204,0.00819931,0.00774002,0.00730333,0.00688805,0.0064934,0.00611827,0.00576191,0.0054233,0.00510173,0.00479626,0.00450621,0.00423071,0.00396913,0.00372064,0.00348467,0.00326044,0.00304741,0.00284485,0.00265226,0.00246897,0.00229449,0.0021282,0.00196964,0.00181822,0.00167352,0.00153498,0.00140219,0.00127463,0.00115191,0.00103355,0.000919147,0.000808257,0.000700495,0.000595432,0.000492691,0.000391859,0.000292563,0.000194406
1,0.976541,0.953132,0.929821,0.906655,0.88368,0.860936,0.838462,0.816291,0.794452,0.772972,0.751872,0.731168,0.710874,0.691,0.671552,0.652536,0.633951,0.615797,0.598073,0.580773,0.563893,0.547427,0.531368,0.515709,0.500442,0.485558,0.47105,0.45691,0.443129,0.429698,0.41661,0.403858,0.391431,0.379325,0.367531,0.356041,0.344849,0.333948,0.323331,0.312993,0.302925,0.293124,0.283582,0.274295,0.265255,0.256459,0.247901,0.239575,0.231477,0.223602,0.215945,0.208501,0.201266,0.194235,0.187405,0.18077,0.174326,0.16807,0.161997,0.156103,0.150385,0.144838,0.139459,0.134244,0.129188,0.12429,0.119544,0.114948,0.110498,0.10619,0.102021,0.0979887,0.0940881,0.0903171,0.0866716,0.0831495,0.0797466,0.0764608,0.0732882,0.0702266,0.0672723,0.0644232,0.0616756,0.0590276,0.0564756,0.0540175,0.0516502,0.0493715,0.0471783,0.0450686,0.0430394,0.0410889,0.0392139,0.0374129,0.0356828,0.034022,0.0324278,0.0308984,0.0294314,0.028025,0.0266768,0.0253853,0.024148,0.0229636,0.0218297,0.020745,0.0197074,0.0187154,0.017767,0.016861,0.0159955,0.0151693,0.0143804,0.0136279,0.0129099,0.0122254,0.0115728,0.010951,0.0103585,0.00979442,0.00925725,0.00874609,0.00825963,0.00779699,0.00735693,0.00693863,0.00654094,0.00616309,0.005804,0.00546295,0.00513893,0.00483125,0.004539,0.00426152,0.00399795,0.00374769,0.00350993,0.0032841,0.00306946,0.00286547,0.00267143,0.00248684,0.00231105,0.00214358,0.00198383,0.00183135,0.00168556,0.00154605,0.00141227,0.00128381,0.00116019,0.00104099,0.000925744,0.00081407,0.00070552,0.000599712,0.000496223,0.000394675,0.00029466,0.000195803
1,0.976938,0.953922,0.930994,0.908199,0.885577,0.863165,0.841,0.819112,0.797531,0.77628,0.755382,0.734852,0.714705,0.694952,0.675601,0.656657,0.638124,0.620002,0.602291,0.584988,0.568091,0.551595,0.535494,0.519782,0.504454,0.489502,0.47492,0.4607,0.446834,0.433316,0.420139,0.407294,0.394775,0.382574,0.370685,0.359101,0.347815,0.336821,0.326112,0.315682,0.305525,0.295636,0.286008,0.276635,0.267513,0.258636,0.249999,0.241597,0.233425,0.225477,0.217749,0.210237,0.202936,0.195841,0.188948,0.182253,0.175751,0.169438,0.163311,0.157364,0.151596,0.145999,0.140573,0.135312,0.130213,0.125271,0.120485,0.115849,0.111361,0.107017,0.102813,0.0987458,0.094813,0.0910102,0.087335,0.0837833,0.080353,0.0770399,0.0738419,0.0707552,0.0677775,0.0649052,0.0621361,0.0594667,0.0568948,0.0544171,0.0520315,0.0497347,0.0475248,0.0453985,0.043354,0.0413881,0.0394991,0.0376841,0.0359411,0.0342675,0.0326615,0.0311204,0.0296426,0.0282255,0.0268674,0.0255661,0.0243199,0.0231266,0.0219845,0.0208917,0.0198466,0.0188472,0.0178921,0.0169794,0.0161078,0.0152754,0.0144811,0.013723,0.013,0.0123104,0.0116533,0.0110269,0.0104304,0.00986216,0.0093213,0.00880643,0.00831663,0.00785064,0.00740758,0.00698626,0.00658587,0.0062053,0.00584379,0.00550028,0.00517408,0.0048642,0.00456999,0.00429053,0.0040252,0.00377315,0.00353381,0.00330638,0.00309031,0.00288487,0.00268954,0.00250365,0.0023267,0.00215805,0.00199725,0.0018437,0.00169695,0.00155646,0.0014218,0.00129245,0.00116801,0.00104798,0.000931981,0.000819539,0.000710271,0.000603739,0.000499563,0.000397324,0.000296642,0.000197117
1,0.977294,0.95463,0.932046,0.909584,0.887279,0.865169,0.843284,0.821655,0.80031,0.779271,0.758559,0.738193,0.718185,0.698548,0.679291,0.660421,0.641941,0.623854,0.606162,0.588863,0.571955,0.555436,0.539301,0.523546,0.508166,0.493156,0.478508,0.464218,0.450277,0.436681,0.423422,0.410495,0.397891,0.385604,0.373629,0.361959,0.350586,0.339506,0.328712,0.318199,0.307959,0.297988,0.288279,0.278829,0.26963,0.260678,0.251968,0.243494,0.235252,0.227236,0.219443,0.211867,0.204503,0.197349,0.190397,0.183646,0.177089,0.170724,0.164545,0.15855,0.152733,0.147091,0.14162,0.136316,0.131175,0.126194,0.121369,0.116696,0.112172,0.107794,0.103556,0.0994579,0.095494,0.0916621,0.0879581,0.0843796,0.0809225,0.0775847,0.0743621,0.0712524,0.068252,0.0653586,0.0625686,0.0598797,0.0572885,0.054793,0.0523896,0.0500764,0.0478502,0.0457088,0.0436493,0.0416696,0.0397669,0.0379392,0.0361836,0.0344984,0.0328809,0.0313292,0.0298408,0.028414,0.0270464,0.0257362,0.0244812,0.0232799,0.0221298,0.0210297,0.0199773,0.0189713,0.0180095,0.0170908,0.0162131,0.0153753,0.0145755,0.0138124,0.0130844,0.0123904,0.0117288,0.0110984,0.0104978,0.0099259,0.00938135,0.00886319,0.00837008,0.00790112,0.00745506,0.00703108,0.00662799,0.00624502,0.00588107,0.00553541,0.00520702,0.00489521,0.00459903,0.00431782,0.00405072,0.00379711,0.00355618,0.00332734,0.00310984,0.00290313,0.00270652,0.00251948,0.00234136,0.00217167,0.00200982,0.00185532,0.00170761,0.00156626,0.00143072,0.00130058,0.00117534,0.00105457,0.000937822,0.000824687,0.000714719,0.00060753,0.00050269,0.000399817,0.000298499,0.000198354
1,0.977613,0.955263,0.932988,0.910824,0.888806,0.866966,0.845336,0.823942,0.802812,0.781968,0.76143,0.741215,0.721338,0.701812,0.682645,0.663846,0.64542,0.627371,0.609701,0.592409,0.575497,0.558961,0.5428,0.527009,0.511586,0.496524,0.48182,0.467468,0.453462,0.439796,0.426465,0.413462,0.400782,0.388417,0.376364,0.364614,0.353164,0.342005,0.331133,0.320542,0.310226,0.30018,0.290398,0.280874,0.271604,0.262583,0.253805,0.245264,0.236958,0.228879,0.221025,0.213389,0.205968,0.198757,0.191752,0.184947,0.17834,0.171925,0.165699,0.159657,0.153796,0.148111,0.142599,0.137254,0.132075,0.127057,0.122196,0.117488,0.112931,0.10852,0.104252,0.100124,0.0961313,0.0922713,0.0885412,0.0849368,0.0814556,0.0780937,0.0748488,0.0717171,0.0686961,0.0657823,0.0629733,0.0602656,0.0576571,0.0551442,0.0527248,0.0503957,0.0481547,0.0459987,0.0439257,0.0419326,0.0400175,0.0381774,0.0364106,0.0347141,0.0330862,0.0315242,0.0300264,0.0285901,0.0272139,0.0258951,0.0246323,0.023423,0.0222658,0.0211585,0.0200996,0.019087,0.0181194,0.0171948,0.0163117,0.0154685,0.0146638,0.0138959,0.0131635,0.0124651,0.0117995,0.0111651,0.0105609,0.00998535,0.00943758,0.00891614,0.00842012,0.0079482,0.00749953,0.00707288,0.00666743,0.00628206,0.00591599,0.00556817,0.00523787,0.00492411,0.00462622,0.00434327,0.00407463,0.00381945,0.00357713,0.00334688,0.00312813,0.00292015,0.00272241,0.00253423,0.00235509,0.00218437,0.00202159,0.00186615,0.0017176,0.00157539,0.00143909,0.00130816,0.0011822,0.00106071,0.000943294,0.000829484,0.000718887,0.000611061,0.00050562,0.00040214,0.000300238,0.000199506
1,0.977897,0.955829,0.93383,0.911933,0.890172,0.868576,0.847174,0.825994,0.80506,0.784393,0.764014,0.74394,0.724185,0.704762,0.685682,0.666952,0.648579,0.630568,0.612922,0.595642,0.578729,0.562183,0.546001,0.530181,0.51472,0.499616,0.484862,0.470456,0.456391,0.442664,0.429267,0.416198,0.403449,0.391015,0.37889,0.367069,0.355547,0.344317,0.333373,0.322712,0.312326,0.302211,0.29236,0.282771,0.273435,0.26435,0.255509,0.246908,0.238541,0.230405,0.222493,0.214803,0.207329,0.200066,0.19301,0.186157,0.179502,0.173042,0.166772,0.160687,0.154784,0.14906,0.143508,0.138127,0.132912,0.127859,0.122964,0.118225,0.113636,0.109196,0.104899,0.100743,0.0967234,0.0928382,0.089083,0.0854552,0.0819508,0.0785674,0.0753011,0.0721494,0.0691087,0.0661765,0.0633493,0.0606248,0.0579994,0.055471,0.0530361,0.0506927,0.0484375,0.0462685,0.0441824,0.0421773,0.0402502,0.0383992,0.0366213,0.0349148,0.0332768,0.0317057,0.0301986,0.028754,0.0273693,0.0260429,0.0247724,0.0235562,0.022392,0.0212784,0.0202131,0.0191948,0.0182214,0.0172915,0.0164032,0.0155553,0.0147458,0.0139736,0.0132369,0.0125346,0.011865,0.0112271,0.0106194,0.0100407,0.00948972,0.00896544,0.00846652,0.00799204,0.00754075,0.00711179,0.00670399,0.00631655,0.00594836,0.00559867,0.00526647,0.00495104,0.00465142,0.00436697,0.00409679,0.00384026,0.00359655,0.00336508,0.00314508,0.002936,0.00273714,0.00254796,0.00236781,0.00219619,0.00203249,0.00187624,0.00172686,0.0015839,0.00144683,0.00131522,0.00118855,0.00106643,0.000948362,0.000833952,0.000722747,0.000614351,0.000508333,0.000404305,0.000301849,0.000200579
1,0.97815,0.956332,0.934579,0.912921,0.891389,0.870012,0.848816,0.827828,0.807071,0.786566,0.766332,0.746386,0.726744,0.707418,0.688418,0.669754,0.651433,0.63346,0.615839,0.598573,0.581663,0.565109,0.548912,0.533068,0.517577,0.502435,0.487639,0.473185,0.45907,0.445287,0.431834,0.418705,0.405894,0.393397,0.381209,0.369323,0.357736,0.346441,0.335434,0.324707,0.314258,0.30408,0.294168,0.284517,0.275122,0.265978,0.25708,0.248422,0.240001,0.231811,0.223848,0.216107,0.208584,0.201273,0.194171,0.187273,0.180576,0.174073,0.167762,0.161638,0.155697,0.149935,0.144348,0.138933,0.133684,0.128599,0.123674,0.118905,0.114288,0.109819,0.105496,0.101314,0.0972706,0.0933614,0.0895837,0.0859336,0.0824086,0.0790045,0.0757191,0.0725484,0.06949,0.0665403,0.0636968,0.0609561,0.0583158,0.0557724,0.0533239,0.0509668,0.048699,0.0465173,0.0444197,0.042403,0.0404653,0.0386037,0.0368162,0.0350999,0.0334531,0.031873,0.0303579,0.0289051,0.0275131,0.0261792,0.024902,0.023679,0.0225087,0.0213889,0.0203181,0.0192941,0.0183157,0.0173807,0.0164878,0.0156352,0.0148216,0.0140452,0.0133047,0.0125986,0.0119256,0.0112843,0.0106735,0.0100917,0.00953796,0.00901085,0.00850944,0.00803241,0.00757888,0.00714763,0.00673782,0.0063483,0.0059783,0.00562676,0.00529292,0.00497582,0.00467474,0.00438878,0.00411729,0.0038594,0.00361451,0.00338182,0.00316076,0.00295059,0.00275077,0.0025606,0.00237958,0.00220707,0.00204259,0.00188552,0.00173542,0.00159173,0.001454,0.00132171,0.00119444,0.00107169,0.000953053,0.000838063,0.000726319,0.000617377,0.000510845,0.000406295,0.00030334,0.000201567
1,0.978374,0.956778,0.935243,0.913797,0.892469,0.871287,0.850275,0.829459,0.808861,0.788501,0.768399,0.748571,0.729031,0.709794,0.690869,0.672267,0.653995,0.636059,0.618463,0.601213,0.584308,0.567751,0.551541,0.535679,0.520162,0.504989,0.490157,0.475662,0.461501,0.447671,0.434167,0.420985,0.40812,0.395567,0.383321,0.371378,0.359732,0.348379,0.337313,0.32653,0.316022,0.305788,0.295819,0.286113,0.276664,0.267467,0.258516,0.249808,0.241337,0.233099,0.225088,0.217301,0.209733,0.202379,0.195234,0.188296,0.181558,0.175017,0.168668,0.162508,0.156532,0.150737,0.145118,0.139671,0.134392,0.129278,0.124324,0.119528,0.114885,0.110391,0.106043,0.101838,0.0977716,0.093841,0.0900421,0.0863723,0.0828276,0.0794054,0.0761017,0.0729142,0.0698391,0.0668739,0.0640149,0.06126,0.0586054,0.056049,0.0535872,0.0512181,0.0489382,0.0467455,0.0446368,0.04261,0.0406622,0.0387913,0.0369944,0.0352697,0.0336143,0.0320265,0.0305036,0.0290438,0.0276446,0.0263043,0.0250205,0.0237917,0.0226154,0.0214903,0.020414,0.0193853,0.0184019,0.0174625,0.0165652,0.0157086,0.0148909,0.0141109,0.0133667,0.0126573,0.0119811,0.0113368,0.0107229,0.0101385,0.00958202,0.00905253,0.00854865,0.00806947,0.00761372,0.00718053,0.00676871,0.00637746,0.00600565,0.00565254,0.00531708,0.00499857,0.00469604,0.00440882,0.00413601,0.00387698,0.00363091,0.0033972,0.00317508,0.00296399,0.00276321,0.00257221,0.00239033,0.00221707,0.0020518,0.00189405,0.00174324,0.00159892,0.00146054,0.00132767,0.00119981,0.00107652,0.000957333,0.000841839,0.000729579,0.000620158,0.000513136,0.000408124,0.0003047,0.000202474
1,0.978571,0.957171,0.935828,0.914569,0.893422,0.872412,0.851564,0.8309,0.810444,0.790214,0.77023,0.750507,0.731061,0.711905,0.693049,0.674504,0.656278,0.638377,0.620807,0.603571,0.586674,0.570115,0.553898,0.53802,0.522482,0.507282,0.492419,0.477889,0.46369,0.449818,0.436269,0.42304,0.410127,0.397524,0.385228,0.373234,0.361536,0.350131,0.339013,0.328177,0.317619,0.307333,0.297315,0.287558,0.27806,0.268815,0.259818,0.251063,0.242547,0.234265,0.226212,0.218383,0.210775,0.203381,0.196199,0.189222,0.182449,0.175873,0.169491,0.163298,0.157291,0.151465,0.145816,0.14034,0.135034,0.129894,0.124915,0.120093,0.115426,0.11091,0.10654,0.102313,0.0982267,0.094276,0.0904586,0.0867702,0.0832083,0.0797688,0.0764494,0.073246,0.0701562,0.0671763,0.064304,0.0615354,0.0588685,0.0562996,0.0538266,0.051446,0.0491557,0.0469524,0.0448341,0.0427977,0.0408411,0.0389613,0.0371564,0.0354235,0.0337608,0.0321656,0.030636,0.0291693,0.0277641,0.0264176,0.0251283,0.0238937,0.0227124,0.0215821,0.0205013,0.0194678,0.0184802,0.0175366,0.0166355,0.015775,0.0149539,0.0141703,0.0134231,0.0127105,0.0120314,0.0113843,0.0107679,0.0101808,0.0096221,0.00909024,0.00858431,0.008103,0.00764541,0.00721029,0.00679682,0.00640383,0.00603053,0.00567586,0.00533907,0.00501915,0.00471541,0.00442693,0.00415304,0.00389288,0.00364584,0.00341111,0.00318811,0.0029761,0.00277453,0.0025827,0.00240011,0.0022261,0.00206018,0.00190175,0.00175035,0.00160542,0.0014665,0.00133306,0.00120469,0.00108089,0.00096123,0.00084525,0.000732547,0.000622669,0.000515223,0.000409777,0.000305939,0.000203293
1,0.978744,0.957515,0.93634,0.915245,0.894255,0.873396,0.852691,0.832163,0.811832,0.791717,0.771838,0.752209,0.732847,0.713763,0.694969,0.676476,0.658292,0.640424,0.622878,0.605658,0.588768,0.572211,0.555987,0.540098,0.524542,0.509321,0.494431,0.479871,0.465638,0.45173,0.438143,0.424874,0.411918,0.399272,0.386931,0.374891,0.363148,0.351697,0.340533,0.329651,0.319047,0.308716,0.298652,0.288853,0.279311,0.270023,0.260983,0.252188,0.243632,0.235311,0.227219,0.219353,0.211708,0.20428,0.197063,0.190054,0.183248,0.176641,0.170229,0.164007,0.157971,0.152118,0.146442,0.140942,0.13561,0.130446,0.125444,0.120601,0.115912,0.111375,0.106985,0.10274,0.0986347,0.0946667,0.0908319,0.0871275,0.0835495,0.0800953,0.0767609,0.073544,0.0704405,0.067448,0.064563,0.0617829,0.0591043,0.0565248,0.054041,0.0516507,0.0493505,0.0471383,0.0450109,0.0429663,0.0410013,0.039114,0.0373015,0.0355618,0.0338921,0.0322906,0.0307545,0.0292822,0.0278711,0.0265194,0.0252247,0.0239855,0.0227993,0.0216647,0.0205794,0.019542,0.0185504,0.0176032,0.0166984,0.0158347,0.0150103,0.0142238,0.0134736,0.0127584,0.0120765,0.011427,0.0108081,0.0102189,0.00965795,0.00912416,0.00861621,0.00813316,0.00767374,0.00723707,0.00682194,0.00642755,0.00605278,0.00569684,0.00535871,0.00503767,0.00473273,0.00444323,0.00416826,0.00390719,0.00365918,0.00342362,0.00319975,0.002987,0.00278465,0.00259215,0.00240885,0.00223423,0.00206767,0.00190869,0.00175671,0.00161127,0.00147181,0.00133792,0.00120906,0.00108482,0.000964709,0.000848323,0.000735197,0.000624932,0.000517086,0.000411265,0.000307044,0.000204031
1,0.978893,0.957812,0.936782,0.915828,0.894976,0.874248,0.853668,0.833256,0.813034,0.79302,0.773233,0.753687,0.734398,0.715378,0.69664,0.678194,0.660048,0.64221,0.624686,0.607481,0.590599,0.574043,0.557816,0.541917,0.526348,0.511108,0.496196,0.481611,0.46735,0.45341,0.43979,0.426486,0.413494,0.40081,0.388431,0.376351,0.364569,0.353077,0.341873,0.330951,0.320307,0.309936,0.299834,0.289995,0.280415,0.271089,0.262013,0.253182,0.24459,0.236234,0.22811,0.220211,0.212534,0.205074,0.197827,0.190789,0.183955,0.17732,0.170881,0.164633,0.158573,0.152695,0.146997,0.141473,0.13612,0.130935,0.125912,0.121049,0.116342,0.111787,0.10738,0.103117,0.098996,0.095012,0.0911625,0.0874432,0.0838517,0.0803838,0.0770369,0.0738072,0.0706922,0.0676881,0.0647924,0.0620015,0.0593132,0.0567237,0.054231,0.0518314,0.049523,0.0473024,0.0451675,0.0431151,0.0411433,0.0392489,0.0374301,0.0356838,0.0340084,0.0324009,0.0308596,0.0293819,0.0279659,0.0266092,0.0253102,0.0240664,0.0228763,0.0217375,0.0206486,0.0196075,0.0186126,0.0176619,0.0167542,0.0158874,0.0150603,0.014271,0.0135183,0.0128005,0.0121165,0.0114646,0.0108438,0.0102525,0.00968975,0.00915406,0.00864451,0.00815974,0.00769888,0.00726066,0.00684424,0.00644846,0.00607251,0.00571533,0.00537615,0.00505398,0.0047481,0.00445759,0.00418177,0.00391979,0.00367102,0.00343465,0.00321009,0.0029966,0.00279363,0.00260047,0.00241661,0.00224139,0.00207432,0.0019148,0.00176235,0.00161641,0.00147654,0.00134219,0.00121294,0.00108828,0.0009678,0.000851026,0.000737551,0.000626922,0.000518741,0.000412574,0.000308027,0.000204681
1,0.97902,0.958064,0.937158,0.916325,0.895589,0.874973,0.854499,0.834188,0.81406,0.794133,0.774424,0.75495,0.735724,0.716761,0.698071,0.679666,0.661553,0.643742,0.626238,0.609047,0.592173,0.57562,0.55939,0.543484,0.527904,0.512649,0.497719,0.483112,0.468827,0.454862,0.441213,0.427879,0.414856,0.40214,0.389728,0.377616,0.365798,0.354273,0.343034,0.332078,0.321399,0.310994,0.300857,0.290985,0.281372,0.272014,0.262906,0.254044,0.245422,0.237036,0.228882,0.220955,0.21325,0.205764,0.198491,0.191427,0.184568,0.17791,0.171447,0.165177,0.159095,0.153197,0.147477,0.141935,0.136563,0.131359,0.126319,0.121439,0.116715,0.112144,0.107722,0.103445,0.0993094,0.0953122,0.0914492,0.0877178,0.0841138,0.0806347,0.0772763,0.0740362,0.0709106,0.0678969,0.0649914,0.0621917,0.0594943,0.0568968,0.0543957,0.0519888,0.0496727,0.0474453,0.0453033,0.0432447,0.0412663,0.0393663,0.0375415,0.0357901,0.0341092,0.032497,0.0309507,0.0294686,0.0280481,0.0266875,0.0253843,0.0241369,0.0229429,0.0218009,0.0207086,0.0196645,0.0186664,0.0177131,0.0168025,0.0159333,0.0151035,0.014312,0.013557,0.0128373,0.0121511,0.0114974,0.0108747,0.0102818,0.00971726,0.00918012,0.00866898,0.00818292,0.00772062,0.00728123,0.00686352,0.00646668,0.00608958,0.00573145,0.00539123,0.0050682,0.00476139,0.00447011,0.00419345,0.00393078,0.00368125,0.00344426,0.00321902,0.00300498,0.00280139,0.00260772,0.00242331,0.00224763,0.00208007,0.00192013,0.00176723,0.00162091,0.00148062,0.00134592,0.00121628,0.0010913,0.000970469,0.000853386,0.000739584,0.000628659,0.00052017,0.000413717,0.000308875,0.000205248
1,0.979125,0.958274,0.937471,0.916739,0.896101,0.875578,0.855194,0.834966,0.814917,0.795062,0.77542,0.756006,0.736834,0.717918,0.699269,0.680899,0.662815,0.645027,0.62754,0.610362,0.593495,0.576945,0.560714,0.544803,0.529214,0.513946,0.499002,0.484377,0.470073,0.456086,0.442415,0.429056,0.416007,0.403264,0.390824,0.378683,0.366838,0.355283,0.344016,0.33303,0.322323,0.311889,0.301724,0.291823,0.282183,0.272797,0.263663,0.254774,0.246126,0.237715,0.229537,0.221585,0.213858,0.206348,0.199053,0.191968,0.185088,0.178409,0.171928,0.165638,0.159538,0.153621,0.147886,0.142325,0.136938,0.131719,0.126664,0.121769,0.117032,0.112447,0.108012,0.103723,0.0995754,0.0955663,0.0916927,0.0879502,0.0843364,0.080847,0.0774795,0.07423,0.071096,0.0680736,0.0651604,0.0623527,0.0596482,0.0570432,0.0545356,0.0521218,0.0497998,0.0475661,0.0454186,0.0433543,0.0413709,0.0394655,0.0376362,0.0358799,0.0341948,0.0325781,0.0310281,0.0295419,0.0281179,0.0267536,0.0254472,0.0241964,0.0229996,0.0218545,0.0207596,0.0197126,0.0187122,0.0177563,0.0168436,0.015972,0.0151404,0.0143467,0.01359,0.0128683,0.0121806,0.0115251,0.010901,0.0103065,0.00974068,0.00920211,0.00868982,0.00820246,0.00773913,0.00729858,0.00687994,0.00648205,0.00610412,0.00574504,0.00540407,0.00508019,0.00477271,0.00448066,0.0042034,0.00394004,0.00368997,0.00345236,0.00322663,0.00301203,0.002808,0.00261384,0.00242902,0.00225289,0.00208496,0.00192462,0.00177138,0.00162469,0.0014841,0.00134905,0.00121914,0.00109384,0.000972745,0.000855373,0.000741317,0.000630122,0.000521388,0.000414679,0.000309598,0.000205725
1,0.979211,0.958444,0.937724,0.917074,0.896514,0.876067,0.855755,0.835596,0.815609,0.795814,0.776226,0.756861,0.737733,0.718856,0.700241,0.6819,0.66384,0.646071,0.628599,0.611431,0.594571,0.578023,0.561791,0.545876,0.53028,0.515004,0.500047,0.485409,0.471089,0.457085,0.443395,0.430016,0.416946,0.404182,0.39172,0.379556,0.367687,0.35611,0.344818,0.333809,0.323078,0.312621,0.302433,0.29251,0.282846,0.273439,0.264282,0.255372,0.246703,0.238271,0.230072,0.222102,0.214354,0.206827,0.199513,0.192411,0.185514,0.178819,0.172321,0.166016,0.1599,0.15397,0.148219,0.142646,0.137245,0.132014,0.126946,0.12204,0.117291,0.112696,0.10825,0.103951,0.0997931,0.095775,0.0918918,0.0881411,0.0845184,0.0810214,0.0776458,0.0743892,0.0712476,0.0682187,0.0652985,0.0624849,0.0597739,0.0571635,0.05465,0.0522312,0.0499037,0.0476653,0.0455129,0.0434443,0.0414564,0.0395471,0.0377135,0.0359537,0.0342648,0.0326449,0.0310913,0.0296022,0.028175,0.0268079,0.0254986,0.0242454,0.0230459,0.0218986,0.0208012,0.0197522,0.0187496,0.0177919,0.0168771,0.0160039,0.0151704,0.0143753,0.0136168,0.0128938,0.0122046,0.0115479,0.0109224,0.0103268,0.00975976,0.00922022,0.0087068,0.00821857,0.00775422,0.00731287,0.00689332,0.00649472,0.00611596,0.00575624,0.00541453,0.00509008,0.00478192,0.00448937,0.0042115,0.00394768,0.00369706,0.00345904,0.00323283,0.00301785,0.00281338,0.00261888,0.00243367,0.00225723,0.00208895,0.00192832,0.00177476,0.00162782,0.00148692,0.00135165,0.00122146,0.00109594,0.000974596,0.000857013,0.000742726,0.00063133,0.000522379,0.000415474,0.000310186,0.000206119
1,0.979276,0.958575,0.937919,0.917331,0.896832,0.876444,0.856187,0.836081,0.816144,0.796394,0.776848,0.757521,0.738428,0.719581,0.700992,0.682673,0.664632,0.646878,0.629418,0.612258,0.595403,0.578858,0.562626,0.546708,0.531107,0.515824,0.500858,0.48621,0.471878,0.45786,0.444156,0.430762,0.417676,0.404895,0.392416,0.380235,0.368348,0.356752,0.345442,0.334415,0.323666,0.313191,0.302985,0.293043,0.283363,0.273937,0.264764,0.255836,0.247152,0.238704,0.23049,0.222503,0.214742,0.207199,0.199872,0.192755,0.185846,0.179137,0.172627,0.16631,0.160183,0.154241,0.14848,0.142896,0.137485,0.132243,0.127166,0.122251,0.117493,0.112889,0.108435,0.104128,0.0999629,0.0959371,0.0920473,0.0882893,0.0846605,0.0811568,0.0777756,0.0745128,0.071366,0.0683314,0.0654065,0.0625875,0.0598722,0.0572568,0.0547393,0.052316,0.0499848,0.0477424,0.0455866,0.0435142,0.0415231,0.0396104,0.037774,0.036011,0.0343195,0.0326967,0.0311407,0.0296489,0.0282196,0.0268501,0.0255389,0.0242834,0.0230821,0.0219328,0.0208338,0.0197829,0.0187789,0.0178195,0.0169034,0.0160286,0.0151939,0.0143974,0.0136379,0.0129136,0.0122234,0.0115656,0.0109392,0.0103426,0.00977472,0.00923423,0.00872011,0.00823102,0.00776604,0.00732392,0.0069038,0.00650451,0.00612524,0.0057649,0.00542273,0.00509772,0.00478915,0.00449609,0.00421786,0.00395358,0.00370264,0.0034642,0.00323769,0.00302234,0.00281761,0.00262277,0.00243732,0.00226058,0.00209208,0.00193118,0.00177742,0.00163023,0.00148915,0.00135364,0.00122328,0.00109756,0.00097605,0.000858278,0.000743834,0.000632261,0.000523158,0.000416086,0.000310649,0.000206423
1,0.979323,0.958668,0.938058,0.917514,0.897058,0.876711,0.856494,0.836425,0.816523,0.796805,0.777289,0.75799,0.73892,0.720095,0.701526,0.683222,0.665195,0.647452,0.63,0.612847,0.595996,0.579453,0.56322,0.547301,0.531696,0.516408,0.501436,0.486781,0.47244,0.458413,0.444699,0.431294,0.418197,0.405404,0.392912,0.380719,0.368819,0.357211,0.345888,0.334848,0.324086,0.313598,0.303378,0.293425,0.283731,0.274294,0.265108,0.256169,0.247472,0.239013,0.230788,0.222791,0.215018,0.207466,0.200128,0.193002,0.186082,0.179365,0.172846,0.166521,0.160385,0.154435,0.148666,0.143074,0.137656,0.132407,0.127324,0.122402,0.117638,0.113028,0.108568,0.104255,0.100084,0.0960533,0.0921581,0.0883957,0.0847618,0.081254,0.077868,0.0746015,0.0714504,0.0684123,0.0654833,0.0626612,0.0599421,0.0573239,0.0548029,0.052377,0.0500426,0.0477977,0.045639,0.0435644,0.0415707,0.0396559,0.037817,0.0360522,0.0343584,0.0327339,0.0311758,0.0296825,0.0282513,0.0268804,0.0255674,0.0243107,0.0231078,0.0219573,0.0208569,0.019805,0.0187996,0.0178393,0.016922,0.0160464,0.0152106,0.0144133,0.0136528,0.0129278,0.0122367,0.0115783,0.0109511,0.0103539,0.00978532,0.00924433,0.00872954,0.00824,0.00777442,0.0073319,0.00691123,0.00651158,0.00613181,0.00577115,0.00542854,0.00510324,0.00479427,0.00450094,0.00422235,0.00395784,0.00370657,0.00346793,0.00324113,0.00302559,0.00282059,0.00262559,0.0024399,0.00226301,0.00209429,0.00193325,0.00177929,0.00163197,0.00149072,0.00135509,0.00122457,0.00109873,0.000977076,0.000859194,0.000744616,0.000632936,0.000523707,0.00041653,0.000310975,0.000206643
1,0.979351,0.958723,0.93814,0.917623,0.897193,0.876871,0.856677,0.83663,0.816749,0.797051,0.777553,0.75827,0.739215,0.720403,0.701845,0.683551,0.665532,0.647795,0.630349,0.613199,0.596351,0.579808,0.563576,0.547655,0.532049,0.516758,0.501783,0.487122,0.472777,0.458745,0.445024,0.431613,0.418509,0.405709,0.39321,0.381009,0.369102,0.357485,0.346155,0.335107,0.324338,0.313841,0.303615,0.293653,0.283953,0.274508,0.265315,0.256368,0.247665,0.239199,0.230967,0.222963,0.215184,0.207625,0.200282,0.19315,0.186225,0.179502,0.172977,0.166647,0.160506,0.154551,0.148778,0.143181,0.137759,0.132505,0.127418,0.122492,0.117724,0.11311,0.108647,0.10433,0.100157,0.0961228,0.0922249,0.0884592,0.0848229,0.081312,0.0779238,0.0746544,0.0715013,0.0684605,0.0655297,0.0627051,0.0599844,0.0573639,0.0548413,0.0524133,0.0500775,0.0478307,0.0456707,0.0435943,0.0415994,0.039683,0.0378431,0.0360767,0.0343819,0.032756,0.0311971,0.0297025,0.0282705,0.0268984,0.0255847,0.0243269,0.0231234,0.0219719,0.0208709,0.0198181,0.0188122,0.0178511,0.0169333,0.0160569,0.0152207,0.0144228,0.0136619,0.0129363,0.0122448,0.0115859,0.0109583,0.0103606,0.00979177,0.00925031,0.00873528,0.00824532,0.00777952,0.00733662,0.00691576,0.00651576,0.00613582,0.00577484,0.00543208,0.00510649,0.00479739,0.00450381,0.0042251,0.00396036,0.00370898,0.00347013,0.00324323,0.00302751,0.00282242,0.00262725,0.00244147,0.00226444,0.00209564,0.00193446,0.00178044,0.001633,0.00149168,0.00135594,0.00122536,0.00109942,0.000977705,0.000859733,0.000745094,0.000633332,0.000524044,0.000416791,0.000311175,0.000206772
1,0.97936,0.958742,0.938168,0.917659,0.897238,0.876924,0.856738,0.836699,0.816824,0.797133,0.777641,0.758363,0.739313,0.720505,0.701951,0.68366,0.665644,0.64791,0.630465,0.613316,0.596468,0.579927,0.563694,0.547774,0.532167,0.516875,0.501898,0.487236,0.472889,0.458855,0.445132,0.431719,0.418613,0.405811,0.39331,0.381106,0.369196,0.357577,0.346244,0.335194,0.324421,0.313923,0.303694,0.29373,0.284026,0.274579,0.265383,0.256435,0.247729,0.239261,0.231026,0.223021,0.21524,0.207679,0.200333,0.193199,0.186272,0.179548,0.173021,0.166689,0.160546,0.15459,0.148815,0.143217,0.137793,0.132539,0.127449,0.122523,0.117753,0.113138,0.108674,0.104356,0.100181,0.0961462,0.0922469,0.0884806,0.084843,0.0813316,0.0779422,0.0746723,0.071518,0.0684769,0.065545,0.06272,0.0599983,0.0573774,0.054854,0.0524256,0.050089,0.0478419,0.0456811,0.0436044,0.0416088,0.0396922,0.0378516,0.036085,0.0343896,0.0327636,0.0312041,0.0297093,0.0282767,0.0269046,0.0255904,0.0243325,0.0231285,0.0219769,0.0208755,0.0198226,0.0188163,0.0178551,0.016937,0.0160606,0.015224,0.014426,0.0136648,0.0129392,0.0122474,0.0115884,0.0109606,0.0103629,0.00979385,0.00925238,0.00873713,0.00824716,0.00778116,0.00733825,0.00691721,0.00651721,0.0061371,0.00577613,0.00543321,0.00510762,0.00479839,0.00450481,0.00422597,0.00396124,0.00370975,0.0034709,0.0032439,0.00302818,0.002823,0.00262783,0.00244198,0.00226493,0.00209607,0.00193489,0.00178081,0.00163336,0.00149198,0.00135624,0.00122561,0.00109966,0.000977904,0.000859922,0.000745246,0.000633471,0.00052415,0.000416882,0.000311238,0.000206818
1,0.979351,0.958723,0.93814,0.917623,0.897193,0.876871,0.856677,0.83663,0.816749,0.797051,0.777553,0.75827,0.739215,0.720403,0.701845,0.683551,0.665532,0.647795,0.630349,0.613199,0.596351,0.579808,0.563576,0.547655,0.532049,0.516758,0.501783,0.487122,0.472777,0.458745,0.445024,0.431613,0.418509,0.405709,0.39321,0.381009,0.369102,0.357485,0.346155,0.335107,0.324338,0.313841,0.303615,0.293653,0.283953,0.274508,0.265315,0.256368,0.247665,0.239199,0.230967,0.222963,0.215184,0.207625,0.200282,0.19315,0.186225,0.179502,0.172977,0.166647,0.160506,0.154551,0.148778,0.143181,0.137759,0.132505,0.127418,0.122492,0.117724,0.11311,0.108647,0.10433,0.100157,0.0961228,0.0922249,0.0884592,0.0848229,0.081312,0.0779238,0.0746544,0.0715013,0.0684605,0.0655297,0.0627051,0.0599844,0.0573639,0.0548413,0.0524133,0.0500775,0.0478307,0.0456707,0.0435943,0.0415994,0.039683,0.0378431,0.0360767,0.0343819,0.032756,0.0311971,0.0297025,0.0282705,0.0268984,0.0255847,0.0243269,0.0231234,0.0219719,0.0208709,0.0198181,0.0188122,0.0178511,0.0169333,0.0160569,0.0152207,0.0144228,0.0136619,0.0129363,0.0122448,0.0115859,0.0109583,0.0103606,0.00979177,0.00925031,0.00873528,0.00824532,0.00777952,0.00733662,0.00691576,0.00651576,0.00613582,0.00577484,0.00543208,0.00510649,0.00479739,0.00450381,0.0042251,0.00396036,0.00370898,0.00347013,0.00324323,0.00302751,0.00282242,0.00262725,0.00244147,0.00226444,0.00209564,0.00193446,0.00178044,0.001633,0.00149168,0.00135594,0.00122536,0.00109942,0.000977705,0.000859733,0.000745094,0.000633332,0.000524044,0.000416791,0.000311175,0.000206772
1,0.979323,0.958668,0.938058,0.917514,0.897058,0.876711,0.856494,0.836425,0.816523,0.796805,0.777289,0.75799,0.73892,0.720095,0.701526,0.683222,0.665195,0.647452,0.63,0.612847,0.595996,0.579453,0.56322,0.547301,0.531696,0.516408,0.501436,0.486781,0.47244,0.458413,0.444699,0.431294,0.418197,0.405404,0.392912,0.380719,0.368819,0.357211,0.345888,0.334848,0.324086,0.313598,0.303378,0.293425,0.283731,0.274294,0.265108,0.256169,0.247472,0.239013,0.230788,0.222791,0.215018,0.207466,0.200128,0.193002,0.186082,0.179365,0.172846,0.166521,0.160385,0.154435,0.148666,0.143074,0.137656,0.132407,0.127324,0.122402,0.117638,0.113028,0.108568,0.104255,0.100084,0.0960533,0.0921581,0.0883957,0.0847618,0.081254,0.077868,0.0746015,0.0714504,0.0684123,0.0654833,0.0626612,0.0599421,0.0573239,0.0548029,0.052377,0.0500426,0.0477977,0.045639,0.0435644,0.0415707,0.0396559,0.037817,0.0360522,0.0343584,0.0327339,0.0311758,0.0296825,0.0282513,0.0268804,0.0255674,0.0243107,0.0231078,0.0219573,0.0208569,0.019805,0.0187996,0.0178393,0.016922,0.0160464,0.0152106,0.0144133,0.0136528,0.0129278,0.0122367,0.0115783,0.0109511,0.0103539,0.00978532,0.00924433,0.00872954,0.00824,0.00777442,0.0073319,0.00691123,0.00651158,0.00613181,0.00577115,0.00542854,0.00510324,0.00479427,0.00450094,0.00422235,0.00395784,0.00370657,0.00346793,0.00324113,0.00302559,0.00282059,0.00262559,0.0024399,0.00226301,0.00209429,0.00193325,0.00177929,0.00163197,0.00149072,0.00135509,0.00122457,0.00109873,0.000977076,0.000859194,0.000744616,0.000632936,0.000523707,0.00041653,0.000310975,0.000206643
1,0.979276,0.958575,0.937919,0.917331,0.896832,0.876444,0.856187,0.836081,0.816144,0.796394,0.776848,0.757521,0.738428,0.719581,0.700992,0.682673,0.664632,0.646878,0.629418,0.612258,0.595403,0.578858,0.562626,0.546708,0.531107,0.515824,0.500858,0.48621,0.471878,0.45786,0.444156,0.430762,0.417676,0.404895,0.392416,0.380235,0.368348,0.356752,0.345442,0.334415,0.323666,0.313191,0.302985,0.293043,0.283363,0.273937,0.264764,0.255836,0.247152,0.238704,0.23049,0.222503,0.214742,0.207199,0.199872,0.192755,0.185846,0.179137,0.172627,0.16631,0.160183,0.154241,0.14848,0.142896,0.137485,0.132243,0.127166,0.122251,0.117493,0.112889,0.108435,0.104128,0.0999629,0.0959371,0.0920473,0.0882893,0.0846605,0.0811568,0.0777756,0.0745128,0.071366,0.0683314,0.0654065,0.0625875,0.0598722,0.0572568,0.0547393,0.052316,0.0499848,0.0477424,0.0455866,0.0435142,0.0415231,0.0396104,0.037774,0.036011,0.0343195,0.0326967,0.0311407,0.0296489,0.0282196,0.0268501,0.0255389,0.0242834,0.0230821,0.0219328,0.0208338,0.0197829,0.0187789,0.0178195,0.0169034,0.0160286,0.0151939,0.0143974,0.0136379,0.0129136,0.0122234,0.0115656,0.0109392,0.0103426,0.00977472,0.00923423,0.00872011,0.00823102,0.00776604,0.00732392,0.0069038,0.00650451,0.00612524,0.0057649,0.00542273,0.00509772,0.00478915,0.00449609,0.00421786,0.00395358,0.00370264,0.0034642,0.00323769,0.00302234,0.00281761,0.00262277,0.00243732,0.00226058,0.00209208,0.00193118,0.00177742,0.00163023,0.00148915,0.00135364,0.00122328,0.00109756,0.00097605,0.000858278,0.000743834,0.000632261,0.000523158,0.000416086,0.000310649,0.000206423
1,0.979211,0.958444,0.937724,0.917074,0.896514,0.876067,0.855755,0.835596,0.815609,0.795814,0.776226,0.756861,0.737733,0.718856,0.700241,0.6819,0.66384,0.646071,0.628599,0.611431,0.594571,0.578023,0.561791,0.545876,0.53028,0.515004,0.500047,0.485409,0.471089,0.457085,0.443395,0.430016,0.416946,0.404182,0.39172,0.379556,0.367687,0.35611,0.344818,0.333809,0.323078,0.312621,0.302433,0.29251,0.282846,0.273439,0.264282,0.255372,0.246703,0.238271,0.230072,0.222102,0.214354,0.206827,0.199513,0.192411,0.185514,0.178819,0.172321,0.166016,0.1599,0.15397,0.148219,0.142646,0.137245,0.132014,0.126946,0.12204,0.117291,0.112696,0.10825,0.103951,0.0997931,0.095775,0.0918918,0.0881411,0.0845184,0.0810214,0.0776458,0.0743892,0.0712476,0.0682187,0.0652985,0.0624849,0.0597739,0.0571635,0.05465,0.0522312,0.0499037,0.0476653,0.0455129,0.0434443,0.0414564,0.0395471,0.0377135,0.0359537,0.0342648,0.0326449,0.0310913,0.0296022,0.028175,0.0268079,0.0254986,0.0242454,0.0230459,0.0218986,0.0208012,0.0197522,0.0187496,0.0177919,0.0168771,0.0160039,0.0151704,0.0143753,0.0136168,0.0128938,0.0122046,0.0115479,0.0109224,0.0103268,0.00975976,0.00922022,0.0087068,0.00821857,0.00775422,0.00731287,0.00689332,0.00649472,0.00611596,0.00575624,0.00541453,0.00509008,0.00478192,0.00448937,0.0042115,0.00394768,0.00369706,0.00345904,0.00323283,0.00301785,0.00281338,0.00261888,0.00243367,0.00225723,0.00208895,0.00192832,0.00177476,0.00162782,0.00148692,0.00135165,0.00122146,0.00109594,0.000974596,0.000857013,0.000742726,0.00063133,0.000522379,0.000415474,0.000310186,0.000206119
1,0.979125,0.958274,0.937471,0.916739,0.896101,0.875578,0.855194,0.834966,0.814917,0.795062,0.77542,0.756006,0.736834,0.717918,0.699269,0.680899,0.662815,0.645027,0.62754,0.610362,0.593495,0.576945,0.560714,0.544803,0.529214,0.513946,0.499002,0.484377,0.470073,0.456086,0.442415,0.429056,0.416007,0.403264,0.390824,0.378683,0.366838,0.355283,0.344016,0.33303,0.322323,0.311889,0.301724,0.291823,0.282183,0.272797,0.263663,0.254774,0.246126,0.237715,0.229537,0.221585,0.213858,0.206348,0.199053,0.191968,0.185088,0.178409,0.171928,0.165638,0.159538,0.153621,0.147886,0.142325,0.136938,0.131719,0.126664,0.121769,0.117032,0.112447,0.108012,0.103723,0.0995754,0.0955663,0.0916927,0.0879502,0.0843364,0.080847,0.0774795,0.07423,0.071096,0.0680736,0.0651604,0.0623527,0.0596482,0.0570432,0.0545356,0.0521218,0.0497998,0.0475661,0.0454186,0.0433543,0.0413709,0.0394655,0.0376362,0.0358799,0.0341948,0.0325781,0.0310281,0.0295419,0.0281179,0.0267536,0.0254472,0.0241964,0.0229996,0.0218545,0.0207596,0.0197126,0.0187122,0.0177563,0.0168436,0.015972,0.0151404,0.0143467,0.01359,0.0128683,0.0121806,0.0115251,0.010901,0.0103065,0.00974068,0.00920211,0.00868982,0.00820246,0.00773913,0.00729858,0.00687994,0.00648205,0.00610412,0.00574504,0.00540407,0.00508019,0.00477271,0.00448066,0.0042034,0.00394004,0.00368997,0.00345236,0.00322663,0.00301203,0.002808,0.00261384,0.00242902,0.00225289,0.00208496,0.00192462,0.00177138,0.00162469,0.0014841,0.00134905,0.00121914,0.00109384,0.000972745,0.000855373,0.000741317,0.000630122,0.000521388,0.000414679,0.000309598,0.000205725
1,0.97902,0.958064,0.937158,0.916325,0.895589,0.874973,0.854499,0.834188,0.81406,0.794133,0.774424,0.75495,0.735724,0.716761,0.698071,0.679666,0.661553,0.643742,0.626238,0.609047,0.592173,0.57562,0.55939,0.543484,0.527904,0.512649,0.497719,0.483112,0.468827,0.454862,0.441213,0.427879,0.414856,0.40214,0.389728,0.377616,0.365798,0.354273,0.343034,0.332078,0.321399,0.310994,0.300857,0.290985,0.281372,0.272014,0.262906,0.254044,0.245422,0.237036,0.228882,0.220955,0.21325,0.205764,0.198491,0.191427,0.184568,0.17791,0.171447,0.165177,0.159095,0.153197,0.147477,0.141935,0.136563,0.131359,0.126319,0.121439,0.116715,0.112144,0.107722,0.103445,0.0993094,0.0953122,0.0914492,0.0877178,0.0841138,0.0806347,0.0772763,0.0740362,0.0709106,0.0678969,0.0649914,0.0621917,0.0594943,0.0568968,0.0543957,0.0519888,0.0496727,0.0474453,0.0453033,0.0432447,0.0412663,0.0393663,0.0375415,0.0357901,0.0341092,0.032497,0.0309507,0.0294686,0.0280481,0.0266875,0.0253843,0.0241369,0.0229429,0.0218009,0.0207086,0.0196645,0.0186664,0.0177131,0.0168025,0.0159333,0.0151035,0.014312,0.013557,0.0128373,0.0121511,0.0114974,0.0108747,0.0102818,0.00971726,0.00918012,0.00866898,0.00818292,0.00772062,0.00728123,0.00686352,0.00646668,0.00608958,0.00573145,0.00539123,0.0050682,0.00476139,0.00447011,0.00419345,0.00393078,0.00368125,0.00344426,0.00321902,0.00300498,0.00280139,0.00260772,0.00242331,0.00224763,0.00208007,0.00192013,0.00176723,0.00162091,0.00148062,0.00134592,0.00121628,0.0010913,0.000970469,0.000853386,0.000739584,0.000628659,0.00052017,0.000413717,0.000308875,0.000205248
1,0.978893,0.957812,0.936782,0.915828,0.894976,0.874248,0.853668,0.833256,0.813034,0.79302,0.773233,0.753687,0.734398,0.715378,0.69664,0.678194,0.660048,0.64221,0.624686,0.607481,0.590599,0.574043,0.557816,0.541917,0.526348,0.511108,0.496196,0.481611,0.46735,0.45341,0.43979,0.426486,0.413494,0.40081,0.388431,0.376351,0.364569,0.353077,0.341873,0.330951,0.320307,0.309936,0.299834,0.289995,0.280415,0.271089,0.262013,0.253182,0.24459,0.236234,0.22811,0.220211,0.212534,0.205074,0.197827,0.190789,0.183955,0.17732,0.170881,0.164633,0.158573,0.152695,0.146997,0.141473,0.13612,0.130935,0.125912,0.121049,0.116342,0.111787,0.10738,0.103117,0.098996,0.095012,0.0911625,0.0874432,0.0838517,0.0803838,0.0770369,0.0738072,0.0706922,0.0676881,0.0647924,0.0620015,0.0593132,0.0567237,0.054231,0.0518314,0.049523,0.0473024,0.0451675,0.0431151,0.0411433,0.0392489,0.0374301,0.0356838,0.0340084,0.0324009,0.0308596,0.0293819,0.0279659,0.0266092,0.0253102,0.0240664,0.0228763,0.0217375,0.0206486,0.0196075,0.0186126,0.0176619,0.0167542,0.0158874,0.0150603,0.014271,0.0135183,0.0128005,0.0121165,0.0114646,0.0108438,0.0102525,0.00968975,0.00915406,0.00864451,0.00815974,0.00769888,0.00726066,0.00684424,0.00644846,0.00607251,0.00571533,0.00537615,0.00505398,0.0047481,0.00445759,0.00418177,0.00391979,0.00367102,0.00343465,0.00321009,0.0029966,0.00279363,0.00260047,0.00241661,0.00224139,0.00207432,0.0019148,0.00176235,0.00161641,0.00147654,0.00134219,0.00121294,0.00108828,0.0009678,0.000851026,0.000737551,0.000626922,0.000518741,0.000412574,0.000308027,0.000204681
1,0.978744,0.957515,0.93634,0.915245,0.894255,0.873396,0.852691,0.832163,0.811832,0.791717,0.771838,0.752209,0.732847,0.713763,0.694969,0.676476,0.658292,0.640424,0.622878,0.605658,0.588768,0.572211,0.555987,0.540098,0.524542,0.509321,0.494431,0.479871,0.465638,0.45173,0.438143,0.424874,0.411918,0.399272,0.386931,0.374891,0.363148,0.351697,0.340533,0.329651,0.319047,0.308716,0.298652,0.288853,0.279311,0.270023,0.260983,0.252188,0.243632,0.235311,0.227219,0.219353,0.211708,0.20428,0.197063,0.190054,0.183248,0.176641,0.170229,0.164007,0.157971,0.152118,0.146442,0.140942,0.13561,0.130446,0.125444,0.120601,0.115912,0.111375,0.106985,0.10274,0.0986347,0.0946667,0.0908319,0.0871275,0.0835495,0.0800953,0.0767609,0.073544,0.0704405,0.067448,0.064563,0.0617829,0.0591043,0.0565248,0.054041,0.0516507,0.0493505,0.0471383,0.0450109,0.0429663,0.0410013,0.039114,0.0373015,0.0355618,0.0338921,0.0322906,0.0307545,0.0292822,0.0278711,0.0265194,0.0252247,0.0239855,0.0227993,0.0216647,0.0205794,0.019542,0.0185504,0.0176032,0.0166984,0.0158347,0.0150103,0.0142238,0.0134736,0.0127584,0.0120765,0.011427,0.0108081,0.0102189,0.00965795,0.00912416,0.00861621,0.00813316,0.00767374,0.00723707,0.00682194,0.00642755,0.00605278,0.00569684,0.00535871,0.00503767,0.00473273,0.00444323,0.00416826,0.00390719,0.00365918,0.00342362,0.00319975,0.002987,0.00278465,0.00259215,0.00240885,0.00223423,0.00206767,0.00190869,0.00175671,0.00161127,0.00147181,0.00133792,0.00120906,0.00108482,0.000964709,0.000848323,0.000735197,0.000624932,0.000517086,0.000411265,0.000307044,0.000204031
1,0.978571,0.957171,0.935828,0.914569,0.893422,0.872412,0.851564,0.8309,0.810444,0.790214,0.77023,0.750507,0.731061,0.711905,0.693049,0.674504,0.656278,0.638377,0.620807,0.603571,0.586674,0.570115,0.553898,0.53802,0.522482,0.507282,0.492419,0.477889,0.46369,0.449818,0.436269,0.42304,0.410127,0.397524,0.385228,0.373234,0.361536,0.350131,0.339013,0.328177,0.317619,0.307333,0.297315,0.287558,0.27806,0.268815,0.259818,0.251063,0.242547,0.234265,0.226212,0.218383,0.210775,0.203381,0.196199,0.189222,0.182449,0.175873,0.169491,0.163298,0.157291,0.151465,0.145816,0.14034,0.135034,0.129894,0.124915,0.120093,0.115426,0.11091,0.10654,0.102313,0.0982267,0.094276,0.0904586,0.0867702,0.0832083,0.0797688,0.0764494,0.073246,0.0701562,0.0671763,0.064304,0.0615354,0.0588685,0.0562996,0.0538266,0.051446,0.0491557,0.0469524,0.0448341,0.0427977,0.0408411,0.0389613,0.0371564,0.0354235,0.0337608,0.0321656,0.030636,0.0291693,0.0277641,0.0264176,0.0251283,0.0238937,0.0227124,0.0215821,0.0205013,0.0194678,0.0184802,0.0175366,0.0166355,0.015775,0.0149539,0.0141703,0.0134231,0.0127105,0.0120314,0.0113843,0.0107679,0.0101808,0.0096221,0.00909024,0.00858431,0.008103,0.00764541,0.00721029,0.00679682,0.00640383,0.00603053,0.00567586,0.00533907,0.00501915,0.00471541,0.00442693,0.00415304,0.00389288,0.00364584,0.00341111,0.00318811,0.0029761,0.00277453,0.0025827,0.00240011,0.0022261,0.00206018,0.00190175,0.00175035,0.00160542,0.0014665,0.00133306,0.00120469,0.00108089,0.00096123,0.00084525,0.000732547,0.000622669,0.000515223,0.000409777,0.000305939,0.000203293
1,0.978374,0.956778,0.935243,0.913797,0.892469,0.871287,0.850275,0.829459,0.808861,0.788501,0.768399,0.748571,0.729031,0.709794,0.690869,0.672267,0.653995,0.636059,0.618463,0.601213,0.584308,0.567751,0.551541,0.535679,0.520162,0.504989,0.490157,0.475662,0.461501,0.447671,0.434167,0.420985,0.40812,0.395567,0.383321,0.371378,0.359732,0.348379,0.337313,0.32653,0.316022,0.305788,0.295819,0.286113,0.276664,0.267467,0.258516,0.249808,0.241337,0.233099,0.225088,0.217301,0.209733,0.202379,0.195234,0.188296,0.181558,0.175017,0.168668,0.162508,0.156532,0.150737,0.145118,0.139671,0.134392,0.129278,0.124324,0.119528,0.114885,0.110391,0.106043,0.101838,0.0977716,0.093841,0.0900421,0.0863723,0.0828276,0.0794054,0.0761017,0.0729142,0.0698391,0.0668739,0.0640149,0.06126,0.0586054,0.056049,0.0535872,0.0512181,0.0489382,0.0467455,0.0446368,0.04261,0.0406622,0.0387913,0.0369944,0.0352697,0.0336143,0.0320265,0.0305036,0.0290438,0.0276446,0.0263043,0.0250205,0.0237917,0.0226154,0.0214903,0.020414,0.0193853,0.0184019,0.0174625,0.0165652,0.0157086,0.0148909,0.0141109,0.0133667,0.0126573,0.0119811,0.0113368,0.0107229,0.0101385,0.00958202,0.00905253,0.00854865,0.00806947,0.00761372,0.00718053,0.00676871,0.00637746,0.00600565,0.00565254,0.00531708,0.00499857,0.00469604,0.00440882,0.00413601,0.00387698,0.00363091,0.0033972,0.00317508,0.00296399,0.00276321,0.00257221,0.00239033,0.00221707,0.0020518,0.00189405,0.00174324,0.00159892,0.00146054,0.00132767,0.00119981,0.00107652,0.000957333,0.000841839,0.000729579,0.000620158,0.000513136,0.000408124,0.0003047,0.000202474
1,0.97815,0.956332,0.934579,0.912921,0.891389,0.870012,0.848816,0.827828,0.807071,0.786566,0.766332,0.746386,0.726744,0.707418,0.688418,0.669754,0.651433,0.63346,0.615839,0.598573,0.581663,0.565109,0.548912,0.533068,0.517577,0.502435,0.487639,0.473185,0.45907,0.445287,0.431834,0.418705,0.405894,0.393397,0.381209,0.369323,0.357736,0.346441,0.335434,0.324707,0.314258,0.30408,0.294168,0.284517,0.275122,0.265978,0.25708,0.248422,0.240001,0.231811,0.223848,0.216107,0.208584,0.201273,0.194171,0.187273,0.180576,0.174073,0.167762,0.161638,0.155697,0.149935,0.144348,0.138933,0.133684,0.128599,0.123674,0.118905,0.114288,0.109819,0.105496,0.101314,0.0972706,0.0933614,0.0895837,0.0859336,0.0824086,0.0790045,0.0757191,0.0725484,0.06949,0.0665403,0.0636968,0.0609561,0.0583158,0.0557724,0.0533239,0.0509668,0.048699,0.0465173,0.0444197,0.042403,0.0404653,0.0386037,0.0368162,0.0350999,0.0334531,0.031873,0.0303579,0.0289051,0.0275131,0.0261792,0.024902,0.023679,0.0225087,0.0213889,0.0203181,0.0192941,0.0183157,0.0173807,0.0164878,0.0156352,0.0148216,0.0140452,0.0133047,0.0125986,0.0119256,0.0112843,0.0106735,0.0100917,0.00953796,0.00901085,0.00850944,0.00803241,0.00757888,0.00714763,0.00673782,0.0063483,0.0059783,0.00562676,0.00529292,0.00497582,0.00467474,0.00438878,0.00411729,0.0038594,0.00361451,0.00338182,0.00316076,0.00295059,0.00275077,0.0025606,0.00237958,0.00220707,0.00204259,0.00188552,0.00173542,0.00159173,0.001454,0.00132171,0.00119444,0.00107169,0.000953053,0.000838063,0.000726319,0.000617377,0.000510845,0.000406295,0.00030334,0.000201567
1,0.977897,0.955829,0.93383,0.911933,0.890172,0.868576,0.847174,0.825994,0.80506,0.784393,0.764014,0.74394,0.724185,0.704762,0.685682,0.666952,0.648579,0.630568,0.612922,0.595642,0.578729,0.562183,0.546001,0.530181,0.51472,0.499616,0.484862,0.470456,0.456391,0.442664,0.429267,0.416198,0.403449,0.391015,0.37889,0.367069,0.355547,0.344317,0.333373,0.322712,0.312326,0.302211,0.29236,0.282771,0.273435,0.26435,0.255509,0.246908,0.238541,0.230405,0.222493,0.214803,0.207329,0.200066,0.19301,0.186157,0.179502,0.173042,0.166772,0.160687,0.154784,0.14906,0.143508,0.138127,0.132912,0.127859,0.122964,0.118225,0.113636,0.109196,0.104899,0.100743,0.0967234,0.0928382,0.089083,0.0854552,0.0819508,0.0785674,0.0753011,0.0721494,0.0691087,0.0661765,0.0633493,0.0606248,0.0579994,0.055471,0.0530361,0.0506927,0.0484375,0.0462685,0.0441824,0.0421773,0.0402502,0.0383992,0.0366213,0.0349148,0.0332768,0.0317057,0.0301986,0.028754,0.0273693,0.0260429,0.0247724,0.0235562,0.022392,0.0212784,0.0202131,0.0191948,0.0182214,0.0172915,0.0164032,0.0155553,0.0147458,0.0139736,0.0132369,0.0125346,0.011865,0.0112271,0.0106194,0.0100407,0.00948972,0.00896544,0.00846652,0.00799204,0.00754075,0.00711179,0.00670399,0.00631655,0.00594836,0.00559867,0.00526647,0.00495104,0.00465142,0.00436697,0.00409679,0.00384026,0.00359655,0.00336508,0.00314508,0.002936,0.00273714,0.00254796,0.00236781,0.00219619,0.00203249,0.00187624,0.00172686,0.0015839,0.00144683,0.00131522,0.00118855,0.00106643,0.000948362,0.000833952,0.000722747,0.000614351,0.000508333,0.000404305,0.000301849,0.000200579
1,0.977613,0.955263,0.932988,0.910824,0.888806,0.866966,0.845336,0.823942,0.802812,0.781968,0.76143,0.741215,0.721338,0.701812,0.682645,0.663846,0.64542,0.627371,0.609701,0.592409,0.575497,0.558961,0.5428,0.527009,0.511586,0.496524,0.48182,0.467468,0.453462,0.439796,0.426465,0.413462,0.400782,0.388417,0.376364,0.364614,0.353164,0.342005,0.331133,0.320542,0.310226,0.30018,0.290398,0.280874,0.271604,0.262583,0.253805,0.245264,0.236958,0.228879,0.221025,0.213389,0.205968,0.198757,0.191752,0.184947,0.17834,0.171925,0.165699,0.159657,0.153796,0.148111,0.142599,0.137254,0.132075,0.127057,0.122196,0.117488,0.112931,0.10852,0.104252,0.100124,0.0961313,0.0922713,0.0885412,0.0849368,0.0814556,0.0780937,0.0748488,0.0717171,0.0686961,0.0657823,0.0629733,0.0602656,0.0576571,0.0551442,0.0527248,0.0503957,0.0481547,0.0459987,0.0439257,0.0419326,0.0400175,0.0381774,0.0364106,0.0347141,0.0330862,0.0315242,0.0300264,0.0285901,0.0272139,0.0258951,0.0246323,0.023423,0.0222658,0.0211585,0.0200996,0.019087,0.0181194,0.0171948,0.0163117,0.0154685,0.0146638,0.0138959,0.0131635,0.0124651,0.0117995,0.0111651,0.0105609,0.00998535,0.00943758,0.00891614,0.00842012,0.0079482,0.00749953,0.00707288,0.00666743,0.00628206,0.00591599,0.00556817,0.00523787,0.00492411,0.00462622,0.00434327,0.00407463,0.00381945,0.00357713,0.00334688,0.00312813,0.00292015,0.00272241,0.00253423,0.00235509,0.00218437,0.00202159,0.00186615,0.0017176,0.00157539,0.00143909,0.00130816,0.0011822,0.00106071,0.000943294,0.000829484,0.000718887,0.000611061,0.00050562,0.00040214,0.000300238,0.000199506
1,0.977294,0.95463,0.932046,0.909584,0.887279,0.865169,0.843284,0.821655,0.80031,0.779271,0.758559,0.738193,0.718185,0.698548,0.679291,0.660421,0.641941,0.623854,0.606162,0.588863,0.571955,0.555436,0.539301,0.523546,0.508166,0.493156,0.478508,0.464218,0.450277,0.436681,0.423422,0.410495,0.397891,0.385604,0.373629,0.361959,0.350586,0.339506,0.328712,0.318199,0.307959,0.297988,0.288279,0.278829,0.26963,0.260678,0.251968,0.243494,0.235252,0.227236,0.219443,0.211867,0.204503,0.197349,0.190397,0.183646,0.177089,0.170724,0.164545,0.15855,0.152733,0.147091,0.14162,0.136316,0.131175,0.126194,0.121369,0.116696,0.112172,0.107794,0.103556,0.0994579,0.095494,0.0916621,0.0879581,0.0843796,0.0809225,0.0775847,0.0743621,0.0712524,0.068252,0.0653586,0.0625686,0.0598797,0.0572885,0.054793,0.0523896,0.0500764,0.0478502,0.0457088,0.0436493,0.0416696,0.0397669,0.0379392,0.0361836,0.0344984,0.0328809,0.0313292,0.0298408,0.028414,0.0270464,0.0257362,0.0244812,0.0232799,0.0221298,0.0210297,0.0199773,0.0189713,0.0180095,0.0170908,0.0162131,0.0153753,0.0145755,0.0138124,0.0130844,0.0123904,0.0117288,0.0110984,0.0104978,0.0099259,0.00938135,0.00886319,0.00837008,0.00790112,0.00745506,0.00703108,0.00662799,0.00624502,0.00588107,0.00553541,0.00520702,0.00489521,0.00459903,0.00431782,0.00405072,0.00379711,0.00355618,0.00332734,0.00310984,0.00290313,0.00270652,0.00251948,0.00234136,0.00217167,0.00200982,0.00185532,0.00170761,0.00156626,0.00143072,0.00130058,0.00117534,0.00105457,0.000937822,0.000824687,0.000714719,0.00060753,0.00050269,0.000399817,0.000298499,0.000198354
1,0.976938,0.953922,0.930994,0.908199,0.885577,0.863165,0.841,0.819112,0.797531,0.77628,0.755382,0.734852,0.714705,0.694952,0.675601,0.656657,0.638124,0.620002,0.602291,0.584988,0.568091,0.551595,0.535494,0.519782,0.504454,0.489502,0.47492,0.4607,0.446834,0.433316,0.420139,0.407294,0.394775,0.382574,0.370685,0.359101,0.347815,0.336821,0.326112,0.315682,0.305525,0.295636,0.286008,0.276635,0.267513,0.258636,0.249999,0.241597,0.233425,0.225477,0.217749,0.210237,0.202936,0.195841,0.188948,0.182253,0.175751,0.169438,0.163311,0.157364,0.151596,0.145999,0.140573,0.135312,0.130213,0.125271,0.120485,0.115849,0.111361,0.107017,0.102813,0.0987458,0.094813,0.0910102,0.087335,0.0837833,0.080353,0.0770399,0.0738419,0.0707552,0.0677775,0.0649052,0.0621361,0.0594667,0.0568948,0.0544171,0.0520315,0.0497347,0.0475248,0.0453985,0.043354,0.0413881,0.0394991,0.0376841,0.0359411,0.0342675,0.0326615,0.0311204,0.0296426,0.0282255,0.0268674,0.0255661,0.0243199,0.0231266,0.0219845,0.0208917,0.0198466,0.0188472,0.0178921,0.0169794,0.0161078,0.0152754,0.0144811,0.013723,0.013,0.0123104,0.0116533,0.0110269,0.0104304,0.00986216,0.0093213,0.00880643,0.00831663,0.00785064,0.00740758,0.00698626,0.00658587,0.0062053,0.00584379,0.00550028,0.00517408,0.0048642,0.00456999,0.00429053,0.0040252,0.00377315,0.00353381,0.00330638,0.00309031,0.00288487,0.00268954,0.00250365,0.0023267,0.00215805,0.00199725,0.0018437,0.00169695,0.00155646,0.0014218,0.00129245,0.00116801,0.00104798,0.000931981,0.000819539,0.000710271,0.000603739,0.000499563,0.000397324,0.000296642,0.000197117
1,0.976541,0.953132,0.929821,0.906655,0.88368,0.860936,0.838462,0.816291,0.794452,0.772972,0.751872,0.731168,0.710874,0.691,0.671552,0.652536,0.633951,0.615797,0.598073,0.580773,0.563893,0.547427,0.531368,0.515709,0.500442,0.485558,0.47105,0.45691,0.443129,0.429698,0.41661,0.403858,0.391431,0.379325,0.367531,0.356041,0.344849,0.333948,0.323331,0.312993,0.302925,0.293124,0.283582,0.274295,0.265255,0.256459,0.247901,0.239575,0.231477,0.223602,0.215945,0.208501,0.201266,0.194235,0.187405,0.18077,0.174326,0.16807,0.161997,0.156103,0.150385,0.144838,0.139459,0.134244,0.129188,0.12429,0.119544,0.114948,0.110498,0.10619,0.102021,0.0979887,0.0940881,0.0903171,0.0866716,0.0831495,0.0797466,0.0764608,0.0732882,0.0702266,0.0672723,0.0644232,0.0616756,0.0590276,0.0564756,0.0540175,0.0516502,0.0493715,0.0471783,0.0450686,0.0430394,0.0410889,0.0392139,0.0374129,0.0356828,0.034022,0.0324278,0.0308984,0.0294314,0.028025,0.0266768,0.0253853,0.024148,0.0229636,0.0218297,0.020745,0.0197074,0.0187154,0.017767,0.016861,0.0159955,0.0151693,0.0143804,0.0136279,0.0129099,0.0122254,0.0115728,0.010951,0.0103585,0.00979442,0.00925725,0.00874609,0.00825963,0.00779699,0.00735693,0.00693863,0.00654094,0.00616309,0.005804,0.00546295,0.00513893,0.00483125,0.004539,0.00426152,0.00399795,0.00374769,0.00350993,0.0032841,0.00306946,0.00286547,0.00267143,0.00248684,0.00231105,0.00214358,0.00198383,0.00183135,0.00168556,0.00154605,0.00141227,0.00128381,0.00116019,0.00104099,0.000925744,0.00081407,0.00070552,0.000599712,0.000496223,0.000394675,0.00029466,0.000195803
1,0.976097,0.95225,0.928512,0.904935,0.881569,0.858458,0.835645,0.813163,0.791046,0.769318,0.748002,0.727114,0.706666,0.686668,0.667123,0.648034,0.629402,0.611222,0.59349,0.576201,0.559348,0.542922,0.526915,0.511318,0.496122,0.481317,0.466894,0.452843,0.439156,0.425823,0.412835,0.400184,0.387861,0.375857,0.364166,0.352779,0.341689,0.330889,0.320372,0.310131,0.300161,0.290454,0.281005,0.271808,0.262858,0.254148,0.245673,0.237429,0.229411,0.221613,0.214031,0.20666,0.199496,0.192533,0.185769,0.179198,0.172816,0.16662,0.160605,0.154767,0.149103,0.143608,0.138279,0.133112,0.128104,0.12325,0.118548,0.113993,0.109584,0.105315,0.101184,0.0971864,0.0933207,0.0895826,0.0859696,0.0824777,0.0791048,0.075847,0.0727021,0.0696663,0.0667376,0.0639123,0.0611883,0.0585622,0.0560318,0.053594,0.0512465,0.0489864,0.0468115,0.0447189,0.0427066,0.0407716,0.0389121,0.0371253,0.0354094,0.0337617,0.0321804,0.030663,0.0292078,0.0278123,0.026475,0.0251934,0.0239661,0.0227907,0.0216659,0.0205894,0.01956,0.0185755,0.0176346,0.0167354,0.0158767,0.0150566,0.0142739,0.013527,0.0128146,0.0121351,0.0114876,0.0108704,0.0102825,0.0097225,0.00918947,0.00868204,0.00819931,0.00774002,0.00730333,0.00688805,0.0064934,0.00611827,0.00576191,0.0054233,0.00510173,0.00479626,0.00450621,0.00423071,0.00396913,0.00372064,0.00348467,0.00326044,0.00304741,0.00284485,0.00265226,0.00246897,0.00229449,0.0021282,0.00196964,0.00181822,0.00167352,0.00153498,0.00140219,0.00127463,0.00115191,0.00103355,0.000919147,0.000808257,0.000700495,0.000595432,0.000492691,0.000391859,0.000292563,0.000194406
1,0.975602,0.951266,0.927052,0.903018,0.879219,0.855705,0.832518,0.809699,0.787279,0.765287,0.743741,0.72266,0.702053,0.681927,0.662286,0.64313,0.624454,0.606255,0.588525,0.571257,0.55444,0.538065,0.522121,0.506599,0.491485,0.476771,0.462444,0.448495,0.434913,0.421688,0.408811,0.396271,0.38406,0.372169,0.36059,0.349315,0.338335,0.327644,0.317234,0.3071,0.297232,0.287627,0.278277,0.269177,0.260321,0.251703,0.243318,0.235162,0.227228,0.219512,0.21201,0.204716,0.197626,0.190737,0.184042,0.177539,0.171223,0.16509,0.159136,0.153357,0.14775,0.14231,0.137034,0.131919,0.126959,0.122153,0.117497,0.112987,0.108619,0.104391,0.100299,0.0963405,0.0925109,0.0888083,0.0852286,0.0817696,0.0784275,0.0752,0.0720835,0.0690757,0.0661732,0.0633737,0.0606738,0.0580715,0.0555634,0.0531474,0.0508204,0.0485804,0.0464243,0.0443502,0.042355,0.0404371,0.0385934,0.0368222,0.0351207,0.0334873,0.0319192,0.0304149,0.0289717,0.0275882,0.0262618,0.0249912,0.0237738,0.0226084,0.0214927,0.0204254,0.0194042,0.018428,0.0174946,0.016603,0.0157511,0.0149378,0.0141614,0.0134206,0.0127138,0.01204,0.0113975,0.0107854,0.0102021,0.00964669,0.0091178,0.00861451,0.00813552,0.00767997,0.00724664,0.00683474,0.00644311,0.00607101,0.00571738,0.0053815,0.00506239,0.00475937,0.00447153,0.00419823,0.00393863,0.00369213,0.00345794,0.0032355,0.00302407,0.00282313,0.00263198,0.00245014,0.00227697,0.00211199,0.00195462,0.00180439,0.00166077,0.00152331,0.00139151,0.00126496,0.00114315,0.00102571,0.000912163,0.000802131,0.000695176,0.000590921,0.000488951,0.000388891,0.000290343,0.000192934
1,0.975048,0.950165,0.925421,0.90088,0.876602,0.852642,0.829048,0.805862,0.783117,0.76084,0.739053,0.71777,0.697,0.676748,0.657014,0.637795,0.619085,0.600876,0.583159,0.565923,0.549156,0.532845,0.516978,0.501542,0.486525,0.471914,0.457696,0.443861,0.430396,0.417291,0.404535,0.392117,0.380029,0.368261,0.356803,0.345648,0.334788,0.324214,0.31392,0.303898,0.294142,0.284645,0.275401,0.266404,0.257648,0.249128,0.240838,0.232774,0.22493,0.217301,0.209883,0.20267,0.19566,0.188846,0.182226,0.175794,0.169547,0.163481,0.157591,0.151875,0.146328,0.140945,0.135726,0.130664,0.125757,0.121,0.116393,0.111928,0.107606,0.103421,0.0993705,0.0954511,0.0916603,0.0879941,0.0844502,0.0810249,0.0777159,0.0745196,0.0714337,0.0684546,0.0655803,0.0628072,0.0601334,0.0575554,0.0550713,0.0526777,0.0503728,0.0481533,0.0460175,0.0439623,0.0419858,0.0400851,0.0382585,0.0365032,0.0348174,0.0331984,0.0316447,0.0301537,0.0287236,0.0273522,0.0260379,0.0247783,0.0235719,0.0224166,0.0213108,0.0202526,0.0192406,0.0182727,0.0173476,0.0164635,0.0156192,0.0148128,0.0140431,0.0133086,0.012608,0.0119398,0.0113029,0.0106958,0.0101176,0.00956682,0.00904251,0.00854336,0.00806851,0.00761669,0.00718709,0.00677855,0.00639029,0.00602122,0.00567061,0.00533745,0.00502106,0.00472048,0.00443509,0.004164,0.0039066,0.00366208,0.00342986,0.0032092,0.00299956,0.00280022,0.00261068,0.00243029,0.00225857,0.0020949,0.00193884,0.00178981,0.00164738,0.00151101,0.00138031,0.00125475,0.00113395,0.00101744,0.000904827,0.000795669,0.000689589,0.000586164,0.000485023,0.000385761,0.000288011,0.000191382
1,0.974427,0.948934,0.923598,0.898492,0.873684,0.849234,0.825194,0.80161,0.778515,0.755938,0.733897,0.712407,0.691472,0.671096,0.651275,0.632002,0.613268,0.595063,0.577372,0.560182,0.543479,0.527248,0.511472,0.496139,0.481232,0.466739,0.452645,0.438937,0.425602,0.412629,0.400006,0.387723,0.375768,0.364132,0.352806,0.341781,0.331048,0.3206,0.310429,0.300529,0.29089,0.281509,0.272377,0.263489,0.25484,0.246424,0.238234,0.230268,0.222518,0.214981,0.207651,0.200525,0.193597,0.186865,0.180322,0.173965,0.167791,0.161795,0.155973,0.150322,0.144837,0.139516,0.134354,0.129349,0.124496,0.119793,0.115235,0.11082,0.106544,0.102404,0.098397,0.0945198,0.0907687,0.0871415,0.0836344,0.0802452,0.0769701,0.0738071,0.0707525,0.0678042,0.0649588,0.0622141,0.0595669,0.057015,0.0545553,0.0521858,0.0499034,0.0477061,0.0455909,0.0435561,0.0415985,0.0397165,0.0379073,0.0361691,0.0344992,0.032896,0.0313568,0.0298801,0.0284634,0.0271051,0.0258029,0.0245553,0.02336,0.0222156,0.02112,0.0200717,0.0190688,0.01811,0.0171933,0.0163175,0.0154807,0.0146818,0.013919,0.0131912,0.0124969,0.0118348,0.0112035,0.0106021,0.0100289,0.00948316,0.00896344,0.00846885,0.00799813,0.00755042,0.00712455,0.00671971,0.0063348,0.00596906,0.00562147,0.00529131,0.00497763,0.00467976,0.00439681,0.00412814,0.00387294,0.0036306,0.00340036,0.00318167,0.00297379,0.00277623,0.00258829,0.0024095,0.00223922,0.002077,0.00192225,0.00177453,0.0016333,0.00149813,0.00136852,0.00124407,0.00112428,0.00100878,0.000897115,0.000788903,0.000683715,0.000581182,0.000480893,0.000382484,0.00028556,0.000189756
1,0.973731,0.947552,0.921554,0.895819,0.870424,0.845435,0.820909,0.796894,0.773425,0.75053,0.728227,0.706525,0.685429,0.664934,0.645035,0.625721,0.606978,0.58879,0.571143,0.554017,0.537395,0.52126,0.505594,0.49038,0.475601,0.461241,0.447285,0.433719,0.420529,0.407701,0.395224,0.383086,0.371276,0.359783,0.348599,0.337713,0.327118,0.316804,0.306765,0.296993,0.28748,0.27822,0.269208,0.260436,0.251899,0.243592,0.235509,0.227645,0.219995,0.212554,0.205318,0.198281,0.191442,0.184793,0.178332,0.172054,0.165955,0.160032,0.154282,0.148698,0.14328,0.138022,0.132922,0.127976,0.12318,0.118531,0.114027,0.109662,0.105435,0.101342,0.0973807,0.0935466,0.0898379,0.0862507,0.0827827,0.0794304,0.0761915,0.0730625,0.0700414,0.0671245,0.0643099,0.0615942,0.0589753,0.0564502,0.0540167,0.0516717,0.0494133,0.0472386,0.0451456,0.0431313,0.0411941,0.0393311,0.0375406,0.0358197,0.034167,0.0325797,0.0310562,0.029594,0.0281917,0.0268467,0.0255576,0.024322,0.0231387,0.0220054,0.0209206,0.0198825,0.0188895,0.0179398,0.0170321,0.0161646,0.015336,0.0145447,0.0137893,0.0130684,0.0123808,0.0117249,0.0110998,0.0105039,0.00993629,0.00939558,0.00888086,0.00839083,0.00792462,0.00748102,0.00705922,0.00665809,0.00627684,0.00591444,0.00557015,0.00524299,0.00493228,0.00463711,0.00435683,0.00409058,0.00383778,0.00359762,0.00336955,0.00315281,0.00294689,0.00275109,0.00256491,0.00238771,0.00221902,0.00205824,0.00190493,0.00175853,0.0016186,0.00148463,0.00135622,0.00123287,0.00111418,0.000999707,0.000889062,0.00078181,0.000677581,0.000575959,0.000476581,0.000379048,0.000283,0.000188052
1,0.972946,0.945997,0.919257,0.892821,0.866774,0.841192,0.816136,0.791657,0.767791,0.744564,0.721991,0.700078,0.678824,0.658221,0.638258,0.618918,0.600183,0.582034,0.56445,0.547408,0.530889,0.51487,0.499333,0.484257,0.469623,0.455414,0.441613,0.428204,0.415173,0.402505,0.390187,0.378207,0.366554,0.355216,0.344184,0.333448,0.322999,0.312829,0.302929,0.293293,0.283913,0.274783,0.265896,0.257247,0.248828,0.240636,0.232664,0.224908,0.217362,0.210023,0.202884,0.195943,0.189194,0.182633,0.176257,0.170062,0.164043,0.158197,0.152519,0.147008,0.141658,0.136467,0.13143,0.126546,0.121809,0.117218,0.112767,0.108456,0.10428,0.100236,0.0963217,0.0925334,0.088868,0.0853231,0.0818952,0.078582,0.0753801,0.0722873,0.0693002,0.0664167,0.0636335,0.0609486,0.0583588,0.055862,0.0534551,0.0511363,0.0489024,0.0467517,0.0446812,0.0426891,0.0407725,0.0389298,0.0371581,0.0354559,0.0338205,0.0322502,0.0307426,0.0292961,0.0279082,0.0265775,0.0253016,0.0240791,0.0229078,0.0217864,0.0207126,0.0196853,0.0187023,0.0177625,0.0168639,0.0160054,0.0151851,0.0144018,0.013654,0.0129405,0.0122596,0.0116105,0.0109915,0.0104016,0.00983957,0.00930435,0.00879463,0.00830955,0.00784786,0.00740873,0.006991,0.00659389,0.00621631,0.00585754,0.00551655,0.00519265,0.00488491,0.00459267,0.00431506,0.00405146,0.00380105,0.00356327,0.00333735,0.00312276,0.00291878,0.0027249,0.00254047,0.00236501,0.00219791,0.00203871,0.00188683,0.00174185,0.00160324,0.00147057,0.00134336,0.0012212,0.00110362,0.000990255,0.000880644,0.000774423,0.000671169,0.00057052,0.000472073,0.00037547,0.000280324,0.000186277
1,0.972058,0.944241,0.916666,0.889445,0.862676,0.836442,0.81081,0.785833,0.761547,0.737976,0.71513,0.69301,0.671609,0.650913,0.630904,0.61156,0.592857,0.574769,0.557271,0.540338,0.523944,0.508065,0.492678,0.477761,0.463292,0.449253,0.435625,0.422391,0.409534,0.397041,0.384896,0.373088,0.361603,0.350432,0.339563,0.328986,0.318693,0.308675,0.298924,0.289433,0.280193,0.2712,0.262445,0.253924,0.24563,0.237558,0.229703,0.22206,0.214624,0.207389,0.200353,0.19351,0.186857,0.180388,0.174101,0.167991,0.162055,0.156288,0.150689,0.145251,0.139973,0.13485,0.129881,0.125059,0.120385,0.115852,0.11146,0.107203,0.10308,0.0990872,0.0952218,0.0914803,0.0878606,0.084359,0.0809733,0.0777001,0.0745373,0.0714814,0.0685304,0.0656809,0.0629311,0.0602775,0.0577183,0.0552504,0.0528718,0.0505795,0.0483717,0.0462453,0.0441988,0.042229,0.0403345,0.0385123,0.0367608,0.0350775,0.0334605,0.0319075,0.0304168,0.028986,0.0276136,0.0262973,0.0250356,0.0238263,0.0226679,0.0215585,0.0204965,0.0194801,0.0185079,0.017578,0.0166892,0.0158396,0.0150282,0.0142531,0.0135134,0.0128072,0.0121337,0.0114913,0.0108789,0.0102951,0.00973906,0.00920932,0.00870502,0.00822489,0.00776809,0.00733342,0.0069201,0.00652701,0.00615341,0.00579825,0.00546084,0.0051402,0.00483567,0.00454636,0.00427165,0.00401068,0.00376288,0.00352747,0.00330389,0.00309143,0.00288956,0.0026976,0.00251508,0.00234135,0.00217597,0.00201834,0.00186802,0.00172447,0.00158727,0.00145591,0.00132999,0.00120903,0.00109265,0.000980398,0.000871896,0.000766719,0.000664505,0.000564847,0.000467388,0.000371738,0.000277543,0.000184426
1,0.97105,0.942248,0.913732,0.885632,0.858059,0.831108,0.804851,0.779343,0.754618,0.730694,0.707578,0.685261,0.66373,0.642963,0.622932,0.603611,0.584966,0.566969,0.549586,0.532788,0.516546,0.500833,0.48562,0.470885,0.456604,0.442755,0.429319,0.416277,0.403612,0.391309,0.379352,0.367729,0.356426,0.345433,0.334737,0.324331,0.314204,0.304347,0.294753,0.285414,0.276323,0.267473,0.258857,0.250471,0.242307,0.234362,0.226628,0.219103,0.211781,0.204657,0.197727,0.190987,0.184432,0.17806,0.171865,0.165844,0.159994,0.15431,0.14879,0.14343,0.138226,0.133175,0.128274,0.123519,0.118908,0.114437,0.110104,0.105905,0.101836,0.0978963,0.0940814,0.0903891,0.086816,0.08336,0.0800174,0.0767863,0.0736633,0.0706463,0.067732,0.0649184,0.0622024,0.0595819,0.0570539,0.0546165,0.0522666,0.0500024,0.047821,0.0457205,0.0436982,0.0417522,0.0398799,0.0380796,0.0363485,0.0346851,0.0330869,0.0315522,0.0300786,0.0286646,0.0273079,0.0260069,0.0247595,0.0235642,0.0224188,0.0213222,0.0202721,0.0192673,0.0183059,0.0173866,0.0165076,0.0156677,0.0148652,0.014099,0.0133673,0.0126691,0.0120029,0.0113677,0.0107619,0.0101847,0.00963461,0.00911078,0.00861189,0.0081371,0.00768517,0.00725532,0.0068464,0.00645765,0.00608801,0.00573676,0.00540292,0.0050858,0.00478449,0.00449834,0.00422651,0.00396839,0.00372319,0.00349034,0.0032691,0.00305894,0.00285917,0.00266929,0.00248867,0.00231682,0.00215315,0.00199721,0.00184845,0.00170644,0.00157066,0.0014407,0.00131609,0.00119642,0.00108124,0.000970176,0.000862794,0.00075873,0.000657572,0.000558965,0.000462514,0.000367868,0.000274649,0.000182507
1,0.969899,0.939974,0.910391,0.881303,0.852837,0.825099,0.798167,0.772095,0.746915,0.722637,0.699259,0.676764,0.655128,0.634317,0.614298,0.595032,0.576481,0.558607,0.541373,0.524742,0.508683,0.493163,0.478152,0.463624,0.449554,0.435917,0.422694,0.409863,0.397408,0.385311,0.373557,0.362132,0.351025,0.340221,0.329712,0.319486,0.309534,0.299848,0.29042,0.281241,0.272305,0.263605,0.255136,0.24689,0.238863,0.231049,0.223443,0.216041,0.208837,0.201828,0.195009,0.188375,0.181924,0.17565,0.169551,0.163623,0.157862,0.152264,0.146827,0.141546,0.136419,0.131442,0.126612,0.121926,0.117381,0.112974,0.108702,0.104561,0.10055,0.0966643,0.0929022,0.0892601,0.085736,0.0823262,0.079029,0.0758407,0.0727595,0.069782,0.0669063,0.0641292,0.0614488,0.058862,0.0563669,0.0539604,0.0516408,0.049405,0.0472515,0.0451772,0.0431804,0.0412585,0.0394097,0.0376314,0.035922,0.0342788,0.0327004,0.0311842,0.0297287,0.0283317,0.0269915,0.025706,0.0244738,0.0232926,0.0221611,0.0210773,0.0200399,0.0190468,0.0180969,0.0171883,0.0163198,0.0154896,0.0146966,0.0139391,0.0132161,0.0125259,0.0118675,0.0112395,0.0106409,0.0100702,0.00952652,0.00900858,0.00851551,0.00804604,0.00759936,0.00717432,0.00677013,0.00638571,0.00602033,0.00567298,0.00534297,0.00502936,0.0047315,0.00444852,0.00417979,0.00392451,0.0036821,0.00345181,0.00323308,0.00302522,0.00282772,0.00263991,0.00246133,0.00229135,0.00212953,0.00197528,0.00182819,0.00168772,0.00155347,0.00142492,0.00130169,0.00118332,0.00106943,0.000959564,0.000853373,0.000750436,0.000650397,0.000552857,0.000457469,0.00036385,0.000271654,0.000180514
1,0.968575,0.937364,0.906566,0.876363,0.846903,0.818303,0.790645,0.763981,0.738337,0.713712,0.690092,0.667447,0.645739,0.624924,0.604956,0.585787,0.56737,0.549659,0.532611,0.516184,0.500341,0.485047,0.470267,0.455975,0.44214,0.428739,0.41575,0.40315,0.390922,0.379049,0.367514,0.356303,0.345403,0.334803,0.32449,0.314455,0.304689,0.295182,0.285927,0.276917,0.268144,0.259602,0.251284,0.243186,0.235301,0.227624,0.22015,0.212876,0.205795,0.198905,0.1922,0.185678,0.179333,0.173163,0.167162,0.16133,0.15566,0.150152,0.144799,0.139601,0.134553,0.129653,0.124896,0.120282,0.115805,0.111464,0.107254,0.103175,0.0992219,0.095393,0.0916847,0.0880951,0.0846207,0.0812595,0.0780082,0.0748649,0.0718261,0.0688901,0.0660536,0.0633148,0.0606705,0.0581189,0.0556571,0.0532831,0.0509941,0.0487884,0.046663,0.0446162,0.0426454,0.0407488,0.0389238,0.0371687,0.0354811,0.0338593,0.0323008,0.0308042,0.029367,0.0279879,0.0266644,0.0253953,0.0241783,0.0230121,0.0218946,0.0208244,0.0197997,0.0188191,0.0178807,0.0169835,0.0161255,0.0153056,0.0145221,0.013774,0.0130596,0.0123779,0.0117274,0.0111071,0.0105156,0.00995187,0.00941464,0.00890302,0.00841574,0.00795198,0.00751054,0.00709064,0.00669116,0.00631138,0.00595026,0.00560709,0.00528091,0.00497106,0.00467664,0.00439704,0.00413141,0.00387918,0.00363956,0.003412,0.00319578,0.00299039,0.00279514,0.00260956,0.00243301,0.00226504,0.00210506,0.00195263,0.00180721,0.00166839,0.00153566,0.00140861,0.00128678,0.00116979,0.00105718,0.0009486,0.000843612,0.000741867,0.000642961,0.000546547,0.000452241,0.000359699,0.000268551,0.000178455
1,0.967041,0.934345,0.902158,0.870693,0.840125,0.810582,0.78215,0.754874,0.728766,0.703814,0.679983,0.657229,0.635496,0.614726,0.59486,0.575838,0.557603,0.540102,0.523283,0.507101,0.491512,0.476477,0.461962,0.447933,0.434362,0.421222,0.408489,0.396141,0.38416,0.372527,0.361227,0.350244,0.339566,0.32918,0.319076,0.309243,0.299672,0.290354,0.281282,0.272447,0.263845,0.255467,0.247308,0.239362,0.231625,0.22409,0.216754,0.209612,0.202659,0.195892,0.189306,0.182897,0.176663,0.170599,0.164701,0.158967,0.153393,0.147975,0.142711,0.137598,0.132632,0.12781,0.12313,0.118588,0.114181,0.109907,0.105764,0.101747,0.0978542,0.0940829,0.0904308,0.0868945,0.083472,0.0801601,0.0769569,0.073859,0.0708646,0.0679706,0.0651751,0.0624751,0.0598686,0.0573528,0.0549258,0.0525848,0.0503279,0.0481524,0.0460566,0.0440377,0.0420941,0.040223,0.038423,0.0366914,0.0350267,0.0334264,0.031889,0.0304121,0.0289942,0.0276331,0.0263273,0.0250746,0.0238738,0.0227226,0.0216198,0.0205634,0.0195521,0.018584,0.0176579,0.016772,0.0159251,0.0151156,0.0143422,0.0136035,0.0128983,0.0122252,0.011583,0.0109704,0.0103864,0.00982966,0.00929928,0.00879396,0.00831287,0.00785479,0.00741894,0.00700417,0.00660973,0.00623458,0.00587799,0.00553899,0.0052169,0.0049108,0.00462006,0.00434383,0.00408152,0.00383232,0.00359567,0.00337085,0.00315731,0.00295437,0.00276154,0.00257818,0.00240381,0.00223783,0.00207982,0.0019292,0.00178557,0.0016484,0.00151728,0.00139175,0.0012714,0.0011558,0.00104456,0.00093726,0.000833544,0.000733004,0.000635292,0.000540021,0.000446849,0.000355405,0.00026535,0.000176325
1,0.965247,0.930824,0.897035,0.864139,0.832337,0.80177,0.772521,0.744622,0.718068,0.692824,0.668832,0.646025,0.624329,0.603667,0.583965,0.565149,0.547153,0.529914,0.513374,0.497481,0.482188,0.467451,0.453234,0.439501,0.426221,0.413367,0.400914,0.388841,0.377126,0.365751,0.354702,0.343962,0.333519,0.323361,0.313476,0.303855,0.294489,0.285369,0.276487,0.267837,0.259411,0.251204,0.24321,0.235423,0.227839,0.220452,0.213258,0.206253,0.199432,0.192792,0.186328,0.180038,0.173917,0.167962,0.16217,0.156537,0.151061,0.145738,0.140564,0.135538,0.130656,0.125916,0.121313,0.116846,0.112512,0.108308,0.104231,0.100278,0.0964473,0.092736,0.0891409,0.0856601,0.0822903,0.0790298,0.0758752,0.0728248,0.0698753,0.0670252,0.0642711,0.0616116,0.0590433,0.0565649,0.0541731,0.0518665,0.0496421,0.0474983,0.0454323,0.0434426,0.0415264,0.0396822,0.0379073,0.0362004,0.0345588,0.0329811,0.0314648,0.0300086,0.0286101,0.027268,0.0259799,0.0247446,0.02356,0.0224247,0.0213367,0.0202947,0.0192969,0.018342,0.0174282,0.0165543,0.0157186,0.01492,0.0141568,0.013428,0.012732,0.0120679,0.011434,0.0108296,0.0102532,0.00970385,0.0091803,0.00868168,0.00820676,0.00775473,0.00732445,0.00691514,0.00652573,0.0061555,0.00580344,0.00546887,0.00515085,0.00484875,0.00456168,0.00428905,0.00403003,0.00378406,0.00355039,0.00332847,0.00311761,0.00291729,0.00272686,0.00254586,0.00237366,0.00220982,0.00205377,0.00190508,0.00176323,0.00162781,0.00149832,0.00137438,0.00125553,0.00114139,0.00103152,0.000925583,0.000823149,0.000723877,0.000627373,0.0005333,0.000441281,0.000350983,0.000262044,0.000174131
1,0.963127,0.926675,0.891029,0.856502,0.823329,0.791658,0.761562,0.733051,0.706089,0.68061,0.656528,0.633746,0.612166,0.59169,0.572226,0.553688,0.535996,0.519079,0.502872,0.487318,0.472366,0.457968,0.444085,0.43068,0.417722,0.405182,0.393033,0.381255,0.369826,0.358728,0.347945,0.337463,0.327269,0.31735,0.307697,0.298298,0.289146,0.280232,0.27155,0.263091,0.25485,0.24682,0.238997,0.231374,0.223948,0.216713,0.209666,0.202802,0.196117,0.189608,0.183271,0.177101,0.171097,0.165255,0.159571,0.154043,0.148667,0.14344,0.138361,0.133424,0.128628,0.123971,0.119448,0.115058,0.110798,0.106665,0.102657,0.0987705,0.0950035,0.091353,0.087817,0.0843924,0.0810774,0.0778688,0.0747648,0.0717624,0.0688598,0.0660539,0.0633431,0.0607243,0.058196,0.0557552,0.0534003,0.0511283,0.0489378,0.0468259,0.0447912,0.0428308,0.0409433,0.0391261,0.0373777,0.0356955,0.0340781,0.0325231,0.0310291,0.0295937,0.0282156,0.0268925,0.0256231,0.0244052,0.0232376,0.0221182,0.0210457,0.0200183,0.0190347,0.018093,0.0171921,0.0163302,0.0155063,0.0147187,0.0139662,0.0132473,0.0125611,0.011906,0.011281,0.0106847,0.0101163,0.00957431,0.009058,0.00856606,0.00809768,0.00765169,0.00722731,0.00682345,0.00643937,0.00607404,0.00572679,0.00539664,0.00508295,0.00478483,0.00450166,0.0042326,0.00397709,0.00373434,0.00350383,0.00328481,0.00307678,0.00287907,0.00269121,0.00251255,0.00234266,0.00218095,0.00202698,0.00188022,0.00174026,0.00160658,0.00147882,0.00135648,0.0012392,0.00112653,0.00101812,0.000913545,0.00081246,0.000714468,0.000619231,0.000526371,0.000435556,0.000346424,0.000258646,0.00017187
1,0.960588,0.921728,0.883911,0.847524,0.812835,0.77999,0.749039,0.719953,0.692654,0.66703,0.642957,0.620302,0.598937,0.578743,0.559606,0.541426,0.524112,0.507584,0.491771,0.47661,0.462046,0.448031,0.43452,0.421479,0.408872,0.396673,0.384853,0.373392,0.362268,0.351465,0.340965,0.330756,0.320823,0.311157,0.301745,0.292579,0.283651,0.274952,0.266476,0.258215,0.250165,0.242319,0.234672,0.227219,0.219956,0.212879,0.205982,0.199264,0.192719,0.186344,0.180136,0.174092,0.168208,0.162481,0.156908,0.151487,0.146214,0.141087,0.136102,0.131258,0.12655,0.121978,0.117537,0.113227,0.109042,0.104983,0.101044,0.0972256,0.0935234,0.0899358,0.0864597,0.0830934,0.0798337,0.076679,0.0736261,0.0706735,0.0678181,0.0650583,0.0623911,0.0598149,0.0573268,0.0549252,0.0526073,0.0503715,0.0482151,0.0461366,0.0441332,0.0422035,0.0403449,0.0385558,0.0368339,0.0351776,0.0335846,0.0320534,0.0305817,0.0291681,0.0278104,0.0265073,0.0252565,0.0240569,0.0229064,0.0218037,0.0207468,0.0197346,0.0187652,0.0178375,0.0169495,0.0161003,0.0152882,0.0145121,0.0137703,0.0130619,0.0123854,0.0117398,0.0111236,0.0105359,0.00997548,0.00944135,0.00893225,0.00844737,0.00798552,0.00754591,0.00712742,0.00672932,0.00635055,0.00599042,0.00564796,0.00532249,0.00501311,0.0047192,0.00443991,0.00417465,0.00392263,0.0036833,0.00345592,0.00323997,0.00303477,0.00283984,0.00265452,0.00247836,0.00231076,0.0021513,0.00199941,0.00185469,0.00171661,0.00158479,0.00145874,0.0013381,0.00122239,0.00111128,0.00100432,0.000901184,0.000801457,0.000704806,0.000610849,0.000519256,0.000429663,0.000341743,0.000255147,0.000169548
1,0.957501,0.915744,0.875371,0.836862,0.80051,0.766447,0.734671,0.705092,0.677569,0.65193,0.627999,0.605601,0.584577,0.564777,0.546071,0.528343,0.51149,0.495426,0.480072,0.465361,0.451236,0.437647,0.42455,0.411906,0.399683,0.387851,0.376385,0.365263,0.354465,0.343973,0.333773,0.32385,0.314192,0.304788,0.29563,0.286706,0.27801,0.269534,0.261272,0.253217,0.245364,0.237707,0.230242,0.222964,0.215869,0.208953,0.202212,0.195642,0.189241,0.183004,0.176929,0.171013,0.165252,0.159643,0.154184,0.148872,0.143705,0.138679,0.133792,0.129041,0.124425,0.119939,0.115583,0.111352,0.107246,0.10326,0.0993943,0.0956444,0.0920091,0.0884851,0.0850709,0.0817634,0.078561,0.0754607,0.0724608,0.0695585,0.0667521,0.0640386,0.0614167,0.0588833,0.0564369,0.0540748,0.0517954,0.049596,0.0474752,0.0454301,0.0434594,0.0415606,0.039732,0.0379713,0.036277,0.0346468,0.0330791,0.0315718,0.0301234,0.0287316,0.0273953,0.0261122,0.024881,0.0236997,0.0225671,0.0214811,0.0204406,0.0194437,0.0184892,0.0175753,0.016701,0.0158644,0.0150647,0.0143001,0.0135696,0.0128716,0.0122053,0.0115692,0.0109623,0.0103832,0.00983119,0.00930483,0.00880335,0.00832551,0.00787054,0.00743729,0.00702502,0.00663265,0.00625949,0.00590454,0.00556713,0.00524633,0.0049415,0.00465179,0.0043766,0.00411512,0.00386679,0.00363085,0.0034068,0.00319391,0.0029917,0.00279952,0.00261689,0.00244322,0.00227805,0.00212083,0.00197114,0.00182845,0.00169237,0.0015624,0.00143816,0.0013192,0.00120516,0.0010956,0.000990175,0.000888478,0.000790173,0.000694874,0.000602253,0.000511942,0.000423619,0.000336931,0.000251559,0.000167161
1,0.953674,0.908381,0.864977,0.824052,0.785913,0.750633,0.718125,0.688201,0.660626,0.635152,0.611538,0.589563,0.569028,0.549757,0.531601,0.514429,0.498129,0.482606,0.46778,0.453581,0.439948,0.426831,0.414186,0.401976,0.390166,0.37873,0.367642,0.356881,0.346427,0.336264,0.326378,0.316756,0.307385,0.298256,0.289359,0.280687,0.272232,0.263987,0.255945,0.248102,0.240452,0.232991,0.225712,0.218614,0.211691,0.204941,0.198359,0.191943,0.185688,0.179593,0.173653,0.167868,0.162232,0.156745,0.151402,0.146202,0.141142,0.13622,0.131432,0.126778,0.122253,0.117857,0.113586,0.109438,0.10541,0.101501,0.0977081,0.0940291,0.0904613,0.087003,0.0836512,0.0804045,0.0772599,0.0742158,0.0712693,0.068419,0.0656619,0.0629965,0.06042,0.057931,0.0555267,0.0532055,0.0509648,0.0488032,0.046718,0.0447078,0.0427699,0.0409031,0.0391047,0.0373735,0.035707,0.0341038,0.0325616,0.0310791,0.0296541,0.0282852,0.0269702,0.025708,0.0244964,0.0233343,0.0222195,0.021151,0.0201268,0.0191459,0.0182063,0.017307,0.0164462,0.015623,0.0148356,0.0140831,0.0133638,0.0126768,0.0120207,0.0113946,0.0107969,0.0102269,0.00968324,0.00916507,0.00867117,0.00820075,0.00775263,0.00732607,0.00691999,0.00653367,0.0061661,0.0058166,0.00548422,0.00516833,0.00486804,0.00458276,0.00431165,0.00405415,0.00380949,0.00357715,0.0033564,0.00314674,0.0029475,0.00275823,0.00257828,0.00240723,0.00224448,0.00208963,0.00194213,0.00180158,0.00166748,0.00153946,0.00141703,0.00129985,0.00118747,0.00107954,0.000975651,0.000875464,0.00077859,0.000684702,0.000593429,0.000504451,0.000417415,0.000332003,0.000247875,0.000164717
1,0.948819,0.899133,0.852114,0.808469,0.76847,0.732066,0.699015,0.668982,0.641607,0.616541,0.593471,0.572119,0.55225,0.533663,0.516189,0.499686,0.484036,0.46914,0.454914,0.441287,0.428199,0.415601,0.403449,0.391706,0.380342,0.369327,0.358641,0.34826,0.338169,0.328352,0.318794,0.309485,0.300413,0.291569,0.282945,0.274533,0.266326,0.258318,0.250505,0.242879,0.235438,0.228176,0.22109,0.214175,0.20743,0.200848,0.194429,0.188169,0.182065,0.176113,0.170313,0.16466,0.159153,0.153788,0.148565,0.143478,0.138529,0.133712,0.129026,0.124469,0.120039,0.115732,0.111549,0.107484,0.103538,0.099706,0.095988,0.0923806,0.0888822,0.0854901,0.0822027,0.0790172,0.0759322,0.0729447,0.0700533,0.0672553,0.0645491,0.061932,0.0594027,0.0569582,0.0545974,0.0523173,0.0501168,0.0479931,0.0459449,0.0439695,0.0420658,0.0402311,0.0384641,0.0367624,0.0351247,0.0335487,0.032033,0.0305754,0.0291746,0.0278286,0.0265359,0.0252946,0.0241034,0.0229604,0.0218643,0.0208133,0.0198062,0.0188412,0.0179172,0.0170324,0.0161859,0.0153759,0.0146014,0.0138609,0.0131534,0.0124774,0.011832,0.0112158,0.0106278,0.0100668,0.00953197,0.00902196,0.00853602,0.00807297,0.00763205,0.00721217,0.00681259,0.00643229,0.00607059,0.00572651,0.00539943,0.00508843,0.00479291,0.00451203,0.00424522,0.00399168,0.00375089,0.00352211,0.00330484,0.00309839,0.00290229,0.00271591,0.00253879,0.00237034,0.00221014,0.00205764,0.00191245,0.00177403,0.00164202,0.00151594,0.00139542,0.00128001,0.00116937,0.00106308,0.000960792,0.000862121,0.00076674,0.000674272,0.000584401,0.00049677,0.000411067,0.000326949,0.000244107,0.00016221
1,0.942472,0.887223,0.835885,0.789253,0.747445,0.710163,0.676908,0.64713,0.620304,0.595964,0.573715,0.553227,0.534227,0.516494,0.499846,0.484134,0.469236,0.455052,0.441499,0.428506,0.416017,0.403982,0.392362,0.381121,0.370229,0.359663,0.349399,0.33942,0.329708,0.320251,0.311036,0.302052,0.293289,0.28474,0.276397,0.268253,0.260301,0.252538,0.244958,0.237556,0.230328,0.223271,0.216381,0.209655,0.203089,0.196681,0.190427,0.184326,0.178375,0.172571,0.166911,0.161394,0.156017,0.150778,0.145675,0.140705,0.135867,0.131157,0.126575,0.122118,0.117783,0.113569,0.109473,0.105494,0.10163,0.0978774,0.094235,0.090701,0.0872727,0.0839486,0.080726,0.0776035,0.0745784,0.0716492,0.0688132,0.0660691,0.0634141,0.0608469,0.0583648,0.0559664,0.0536492,0.0514117,0.0492514,0.0471669,0.0451557,0.0432166,0.0413469,0.0395455,0.03781,0.0361389,0.0345301,0.0329822,0.0314931,0.0300613,0.0286849,0.0273626,0.0260922,0.0248727,0.0237019,0.0225788,0.0215014,0.0204685,0.0194785,0.0185301,0.0176217,0.0167521,0.0159197,0.0151236,0.014362,0.0136341,0.0129383,0.0122738,0.011639,0.0110332,0.0104549,0.00990336,0.00937725,0.00887578,0.00839777,0.00794246,0.00750871,0.00709581,0.00670271,0.00632872,0.00597286,0.00563448,0.00531267,0.0050068,0.00471603,0.00443977,0.00417723,0.00392786,0.00369091,0.00346588,0.00325207,0.00304899,0.00285601,0.00267267,0.00249835,0.00233265,0.00217498,0.00202496,0.00188206,0.00174588,0.00161596,0.00149191,0.00137329,0.00125974,0.00115084,0.00104625,0.000945576,0.000848486,0.000754603,0.000663613,0.000575155,0.000488921,0.000404566,0.000321784,0.000240247,0.000159648
1,0.93385,0.871409,0.814957,0.765222,0.72191,0.684249,0.651343,0.622347,0.596539,0.573324,0.55223,0.532878,0.514973,0.498278,0.482608,0.467811,0.453769,0.440382,0.427572,0.415274,0.403434,0.392006,0.380954,0.370246,0.359855,0.349759,0.339939,0.330378,0.321063,0.31198,0.303119,0.294471,0.286028,0.277782,0.269727,0.261858,0.254169,0.246656,0.239314,0.23214,0.225131,0.218282,0.211592,0.205057,0.198675,0.192443,0.186358,0.180419,0.174624,0.168969,0.163453,0.158074,0.15283,0.147718,0.142737,0.137885,0.13316,0.12856,0.124082,0.119726,0.115488,0.111368,0.107362,0.10347,0.0996887,0.0960163,0.0924514,0.0889914,0.0856349,0.0823792,0.0792232,0.076164,0.0732004,0.0703298,0.0675508,0.0648608,0.0622585,0.0597413,0.057308,0.0549558,0.0526835,0.0504887,0.0483699,0.0463247,0.0443519,0.0424489,0.0406146,0.0388465,0.0371435,0.0355031,0.0339242,0.0324045,0.0309428,0.0295369,0.0281858,0.0268871,0.0256399,0.0244421,0.0232925,0.0221893,0.0211313,0.0201167,0.0191443,0.0182126,0.0173203,0.0164659,0.0156483,0.0148659,0.0141178,0.0134025,0.012719,0.0120658,0.0114422,0.0108467,0.0102785,0.00973635,0.00921939,0.00872644,0.00825672,0.0078091,0.00738285,0.00697691,0.00659059,0.00622288,0.00587314,0.00554042,0.00522412,0.00492336,0.00463756,0.0043659,0.00410784,0.0038626,0.00362969,0.00340839,0.00319821,0.00299849,0.00280877,0.00262845,0.00245708,0.0022941,0.0021391,0.00199154,0.00185104,0.0017171,0.00158935,0.00146733,0.0013507,0.001239,0.00113192,0.00102904,0.000930042,0.000834537,0.000742214,0.00065271,0.000565717,0.000480891,0.000397929,0.000316501,0.000236307,0.000157027
1,0.92152,0.849612,0.787322,0.73478,0.690738,0.653598,0.621886,0.5944,0.570204,0.548592,0.52903,0.511116,0.494543,0.479077,0.464535,0.450777,0.437689,0.425182,0.413184,0.401636,0.390491,0.37971,0.369259,0.359113,0.349247,0.339643,0.330285,0.321159,0.312252,0.303556,0.29506,0.286758,0.278642,0.270707,0.262948,0.25536,0.247939,0.240681,0.233582,0.226641,0.219854,0.213218,0.206731,0.20039,0.194194,0.188141,0.182228,0.176454,0.170815,0.165312,0.159942,0.154703,0.149593,0.144611,0.139754,0.135022,0.130411,0.125922,0.12155,0.117297,0.113157,0.109132,0.105217,0.101413,0.0977159,0.0941253,0.0906383,0.087254,0.0839696,0.0807841,0.0776948,0.0747006,0.0717988,0.0689883,0.0662664,0.0636321,0.0610827,0.0586169,0.0562323,0.0539277,0.0517005,0.0495496,0.0474724,0.0454678,0.0435333,0.0416677,0.0398687,0.0381351,0.0364645,0.0348558,0.0333068,0.0318163,0.0303821,0.029003,0.027677,0.026403,0.0251789,0.0240036,0.0228752,0.0217926,0.020754,0.0197582,0.0188036,0.0178891,0.017013,0.0161743,0.0153714,0.0146034,0.0138687,0.0131665,0.0124951,0.0118539,0.0112413,0.0106566,0.0100985,0.00956615,0.0090583,0.00857422,0.00811276,0.00767317,0.00725439,0.00685571,0.00647613,0.00611498,0.00577132,0.00544453,0.00513372,0.00483829,0.00455744,0.00429059,0.00403697,0.00379608,0.00356717,0.00334977,0.00314319,0.00294699,0.00276052,0.00258336,0.00241492,0.00225479,0.00210243,0.00195745,0.00181934,0.00168774,0.00156216,0.00144227,0.00132761,0.00121786,0.00111259,0.00101149,0.000914169,0.000820312,0.000729554,0.00064159,0.000556071,0.000472701,0.000391147,0.000311112,0.00023228,0.000154354
1,0.902621,0.818203,0.749945,0.69585,0.652678,0.617533,0.588224,0.563182,0.54131,0.521837,0.504213,0.488044,0.47304,0.458986,0.445719,0.433113,0.421072,0.409519,0.398393,0.387646,0.377238,0.367137,0.357318,0.347757,0.338438,0.329344,0.320463,0.311785,0.303299,0.294999,0.286878,0.278929,0.271149,0.263531,0.256073,0.248771,0.241622,0.234623,0.227773,0.221067,0.214505,0.208085,0.201804,0.195661,0.189654,0.183781,0.178042,0.172434,0.166956,0.161606,0.156383,0.151285,0.146311,0.14146,0.136729,0.132117,0.127624,0.123246,0.118982,0.114832,0.110793,0.106863,0.103041,0.0993251,0.095714,0.0922054,0.0887981,0.0854897,0.0822791,0.0791639,0.076143,0.0732139,0.0703754,0.0676251,0.0649619,0.0623833,0.0598881,0.0574739,0.0551395,0.0528825,0.0507016,0.0485946,0.0465603,0.0445962,0.0427012,0.040873,0.0391104,0.0374112,0.0357742,0.0341972,0.0326791,0.0312176,0.0298118,0.0284595,0.0271596,0.0259101,0.0247099,0.0235571,0.0224506,0.0213886,0.0203701,0.0193931,0.0184569,0.0175596,0.0167002,0.0158772,0.0150897,0.0143359,0.0136152,0.0129259,0.0122673,0.0116379,0.0110369,0.0104629,0.00991525,0.00939263,0.00889428,0.00841903,0.00796616,0.00753457,0.00712356,0.00673211,0.00635956,0.00600494,0.00566763,0.00534672,0.00504164,0.00475152,0.00447583,0.00421376,0.0039648,0.0037282,0.00350348,0.00328996,0.00308715,0.00289444,0.00271137,0.00253735,0.00237197,0.00221468,0.00206508,0.00192267,0.00178706,0.00165777,0.00153446,0.00141668,0.00130409,0.00119627,0.0010929,0.000993575,0.000897997,0.000805791,0.000716655,0.000630237,0.000546244,0.00046434,0.000384236,0.000305611,0.000228177,0.000151625
1,0.870764,0.77064,0.698412,0.646008,0.606603,0.575651,0.550312,0.528816,0.510042,0.493257,0.477969,0.463838,0.450622,0.438146,0.42628,0.414927,0.40401,0.393474,0.383271,0.373366,0.363729,0.354338,0.345172,0.336218,0.327461,0.318892,0.310501,0.302282,0.294227,0.286332,0.278592,0.271003,0.263563,0.256268,0.249116,0.242104,0.235231,0.228495,0.221895,0.215428,0.209094,0.202892,0.196819,0.190876,0.185059,0.17937,0.173806,0.168366,0.163049,0.157854,0.15278,0.147825,0.142989,0.13827,0.133666,0.129176,0.1248,0.120535,0.11638,0.112335,0.108396,0.104563,0.100835,0.097209,0.0936841,0.0902591,0.0869316,0.0837008,0.0805641,0.0775208,0.0745684,0.0717058,0.0689308,0.0662422,0.0636377,0.0611162,0.0586753,0.0563139,0.0540296,0.0518215,0.049687,0.0476251,0.0456336,0.0437112,0.0418557,0.0400659,0.0383397,0.036676,0.0350725,0.0335281,0.0320408,0.0306094,0.0292319,0.0279072,0.0266333,0.0254092,0.0242329,0.0231033,0.0220187,0.020978,0.0199794,0.019022,0.018104,0.0172245,0.0163819,0.0155752,0.0148028,0.0140639,0.0133571,0.0126813,0.0120353,0.0114182,0.0108286,0.0102659,0.00972862,0.00921613,0.00872722,0.00826116,0.00781684,0.00739356,0.00699029,0.00660636,0.0062408,0.00589298,0.00556197,0.0052472,0.00494781,0.00466322,0.00439266,0.00413557,0.00389123,0.00365913,0.00343857,0.00322908,0.00303003,0.00284095,0.00266126,0.00249052,0.00232818,0.00217385,0.002027,0.00188726,0.00175413,0.00162727,0.00150622,0.00139064,0.00128011,0.0011743,0.00107281,0.000975337,0.000881503,0.000791009,0.000703499,0.000618681,0.00053622,0.000455829,0.000377188,0.000300011,0.000223992,0.000148847
1,0.809798,0.695187,0.627063,0.583178,0.552087,0.528172,0.508574,0.49175,0.476809,0.463207,0.450598,0.438748,0.427497,0.416731,0.406367,0.396342,0.386612,0.37714,0.367898,0.358866,0.350026,0.341364,0.332871,0.324538,0.316357,0.308322,0.300431,0.292677,0.28506,0.277575,0.270222,0.262998,0.255902,0.248933,0.24209,0.235372,0.228778,0.222307,0.215959,0.209733,0.20363,0.197647,0.191784,0.186041,0.180418,0.174912,0.169525,0.164255,0.159101,0.154062,0.149138,0.144327,0.139629,0.135043,0.130567,0.126201,0.121943,0.117792,0.113748,0.109807,0.10597,0.102235,0.0986013,0.095066,0.0916288,0.0882876,0.0850414,0.0818882,0.078827,0.0758556,0.072973,0.0701771,0.0674669,0.06484,0.0622954,0.059831,0.0574457,0.0551371,0.0529043,0.0507449,0.048658,0.0466412,0.0446936,0.0428128,0.0409978,0.0392465,0.0375577,0.0359294,0.0343603,0.0328486,0.031393,0.0299916,0.0286433,0.0273461,0.026099,0.0249002,0.0237485,0.0226421,0.0215801,0.0205606,0.0195827,0.0186447,0.0177456,0.0168839,0.0160585,0.015268,0.0145114,0.0137873,0.0130948,0.0124325,0.0117996,0.0111947,0.010617,0.0100654,0.00953894,0.00903653,0.00855742,0.0081005,0.00766506,0.00725006,0.00685482,0.00647837,0.00612007,0.005779,0.00545456,0.00514589,0.00485241,0.00457333,0.0043081,0.00405596,0.00381643,0.00358879,0.00337256,0.00316709,0.00297194,0.00278648,0.0026103,0.00244282,0.00228366,0.00213226,0.00198827,0.00185119,0.00172065,0.0015962,0.0014775,0.00136411,0.00125571,0.00115191,0.00105238,0.000956754,0.000864728,0.000775946,0.000690118,0.000606906,0.000526026,0.000447156,0.000370019,0.000294304,0.000219736,0.000146016
1,0.673243,0.573251,0.531483,0.507564,0.490408,0.47639,0.464082,0.452821,0.442258,0.432191,0.422495,0.413089,0.40392,0.394949,0.38615,0.377504,0.368997,0.360618,0.352362,0.344221,0.336193,0.328275,0.320464,0.31276,0.305162,0.297669,0.290281,0.282999,0.275823,0.268753,0.261789,0.254932,0.248183,0.241543,0.23501,0.228587,0.222273,0.21607,0.209976,0.203993,0.19812,0.192358,0.186706,0.181166,0.175735,0.170416,0.165206,0.160106,0.155115,0.150234,0.14546,0.140795,0.136236,0.131784,0.127437,0.123195,0.119056,0.115021,0.111086,0.107252,0.103518,0.0998818,0.0963423,0.0928988,0.0895493,0.0862933,0.0831284,0.0800542,0.0770684,0.0741703,0.0713576,0.0686296,0.0659841,0.0634202,0.0609356,0.0585295,0.0561997,0.0539451,0.0517637,0.0496543,0.0476148,0.0456443,0.0437404,0.0419024,0.0401279,0.0384159,0.0367645,0.0351724,0.0336378,0.0321595,0.0307356,0.029365,0.0280458,0.026777,0.0255567,0.0243838,0.0232567,0.0221742,0.0211346,0.0201371,0.0191798,0.0182618,0.0173816,0.0165382,0.01573,0.0149562,0.0142153,0.0135065,0.0128283,0.0121799,0.01156,0.0109678,0.010402,0.00986181,0.00934612,0.00885415,0.0083848,0.00793734,0.00751073,0.00710431,0.00671706,0.00634837,0.00599729,0.00566323,0.00534532,0.00504297,0.00475538,0.004482,0.00422207,0.00397509,0.00374033,0.00351733,0.0033054,0.00310411,0.00291283,0.00273113,0.00255844,0.00239436,0.00223834,0.00209001,0.00194886,0.00181454,0.00168657,0.00156462,0.00144826,0.00133715,0.00123088,0.00112916,0.00103159,0.000937869,0.00084765,0.000760639,0.000676495,0.000594938,0.000515646,0.000438342,0.00036272,0.000288505,0.000215402,0.000143139
0,0.309927,0.393098,0.418061,0.425198,0.425605,0.422913,0.418559,0.413214,0.407233,0.400827,0.394128,0.387224,0.380176,0.373029,0.365817,0.358565,0.351293,0.344019,0.336754,0.329512,0.3223,0.315128,0.308003,0.300931,0.293918,0.286968,0.280086,0.273276,0.266542,0.259887,0.253314,0.246825,0.240424,0.234112,0.227891,0.221764,0.215731,0.209794,0.203955,0.198215,0.192574,0.187033,0.181593,0.176255,0.171019,0.165885,0.160854,0.155925,0.151099,0.146374,0.141753,0.137233,0.132814,0.128496,0.124279,0.120161,0.116143,0.112222,0.108399,0.104672,0.101041,0.0975039,0.0940604,0.0907086,0.0874482,0.0842772,0.0811951,0.0781997,0.0752906,0.0724657,0.0697241,0.067064,0.0644844,0.0619834,0.05956,0.0572121,0.0549389,0.0527383,0.0506092,0.0485497,0.0465588,0.0446343,0.0427754,0.0409799,0.0392468,0.0375742,0.035961,0.0344052,0.0329058,0.031461,0.0300695,0.0287297,0.0274404,0.0261998,0.025007,0.0238601,0.0227582,0.0216995,0.0206831,0.0197073,0.0187712,0.0178732,0.0170124,0.0161873,0.0153968,0.0146397,0.013915,0.0132214,0.012558,0.0119234,0.011317,0.0107373,0.0101838,0.00965506,0.00915048,0.0086689,0.00820963,0.00777159,0.00735413,0.00695623,0.00657726,0.00621628,0.00587268,0.00554559,0.00523443,0.00493837,0.00465688,0.00438918,0.00413475,0.00389288,0.00366308,0.00344468,0.00323722,0.00304008,0.00285282,0.00267486,0.00250579,0.00234508,0.00219233,0.00204703,0.00190884,0.00177726,0.00165197,0.00153251,0.00141857,0.00130972,0.00120567,0.00110602,0.00101047,0.000918661,0.000830308,0.000745068,0.000662661,0.000582765,0.000505106,0.000429376,0.000355307,0.000282605,0.000211001,0.000140213
0,0.17337,0.271156,0.322472,0.349572,0.363911,0.371114,0.374046,0.374261,0.372656,0.369782,0.365994,0.361532,0.356563,0.351209,0.34556,0.339683,0.333633,0.32745,0.321169,0.314817,0.308416,0.301985,0.295541,0.289097,0.282665,0.276256,0.269877,0.263537,0.257244,0.251002,0.244818,0.238696,0.232641,0.226657,0.220747,0.214915,0.209162,0.203493,0.197908,0.19241,0.187,0.181681,0.176453,0.171317,0.166275,0.161327,0.156474,0.151717,0.147055,0.142489,0.138019,0.133645,0.129366,0.125184,0.121096,0.117104,0.113205,0.109401,0.105689,0.10207,0.0985419,0.0951048,0.091757,0.0884982,0.0853267,0.082242,0.0792422,0.076327,0.0734944,0.0707438,0.0680732,0.0654821,0.0629684,0.0605313,0.0581689,0.0558803,0.0536637,0.051518,0.0494413,0.0474326,0.0454901,0.0436127,0.0417985,0.0400466,0.0383549,0.0367224,0.0351474,0.0336287,0.0321645,0.0307538,0.0293948,0.0280864,0.0268269,0.0256153,0.0244499,0.0233296,0.0222529,0.0212186,0.0202253,0.019272,0.018357,0.0174796,0.0166381,0.0158317,0.0150589,0.014319,0.0136104,0.0129325,0.0122837,0.0116635,0.0110704,0.0105037,0.00996235,0.00944545,0.00895193,0.00848108,0.00803184,0.00760353,0.00719515,0.00680607,0.00643532,0.00608232,0.00574616,0.00542628,0.00512184,0.00483229,0.00455686,0.00429503,0.00404606,0.00380949,0.00358461,0.00337099,0.00316796,0.00297512,0.00279186,0.00261777,0.00245231,0.00229508,0.00214558,0.00200343,0.00186817,0.00173944,0.00161681,0.00149993,0.0013884,0.0012819,0.00118004,0.00108254,0.000989005,0.000899169,0.000812682,0.000729268,0.000648601,0.000570412,0.000494392,0.000420278,0.000347773,0.000276618,0.000206528,0.000137243
0,0.112397,0.195691,0.251105,0.286719,0.309366,0.323599,0.332268,0.337148,0.339371,0.339675,0.33856,0.336374,0.333365,0.329717,0.325564,0.321013,0.316144,0.311022,0.305698,0.300215,0.294608,0.288904,0.283129,0.277303,0.271445,0.265567,0.259686,0.253811,0.247953,0.242121,0.236322,0.230564,0.224853,0.219194,0.213593,0.208054,0.20258,0.197176,0.191844,0.186587,0.181409,0.176309,0.171293,0.166359,0.161511,0.156748,0.152074,0.147487,0.142989,0.138581,0.134263,0.130035,0.125897,0.121849,0.117892,0.114024,0.110247,0.106558,0.102959,0.0994471,0.0960233,0.092686,0.089435,0.0862688,0.0831872,0.0801885,0.0772723,0.0744369,0.0716819,0.0690054,0.0664069,0.0638845,0.0614376,0.0590644,0.056764,0.0545346,0.0523754,0.0502846,0.0482611,0.0463033,0.0444101,0.0425797,0.0408111,0.0391025,0.037453,0.0358607,0.0343246,0.0328429,0.0314147,0.0300381,0.0287122,0.0274352,0.0262063,0.0250236,0.0238862,0.0227925,0.0217415,0.0207316,0.019762,0.0188309,0.0179377,0.0170807,0.0162591,0.0154714,0.0147168,0.0139939,0.013302,0.0126396,0.012006,0.0113999,0.0108206,0.0102669,0.00973805,0.0092329,0.00875078,0.0082906,0.0078517,0.00743307,0.00703407,0.00665375,0.00629149,0.00594642,0.00561794,0.00530522,0.00500772,0.00472464,0.00445548,0.00419948,0.00395617,0.00372486,0.00350508,0.00329619,0.00309776,0.00290918,0.00273006,0.00255982,0.00239808,0.00224432,0.00209818,0.00195917,0.00182694,0.00170104,0.00158115,0.00146684,0.00135781,0.00125364,0.00115406,0.00105869,0.000967243,0.000879374,0.000794809,0.000713221,0.000634343,0.000557865,0.000483528,0.000411036,0.000340133,0.000270537,0.000201992,0.000134226
0,0.0805313,0.14811,0.199545,0.236841,0.263246,0.281663,0.294294,0.302713,0.308024,0.311009,0.312222,0.312066,0.310838,0.30876,0.306002,0.302697,0.298947,0.294836,0.290429,0.285783,0.280941,0.275942,0.270817,0.265594,0.260294,0.254939,0.249544,0.244125,0.238695,0.233266,0.227847,0.222447,0.217076,0.211739,0.206443,0.201193,0.195996,0.190855,0.185774,0.180757,0.175807,0.170927,0.166119,0.161387,0.156731,0.152154,0.147657,0.143241,0.138907,0.134656,0.130489,0.126407,0.122409,0.118497,0.114669,0.110927,0.10727,0.103698,0.10021,0.0968069,0.0934868,0.0902502,0.0870956,0.0840229,0.0810309,0.0781191,0.0752861,0.0725316,0.0698538,0.0672524,0.0647257,0.0622731,0.0598928,0.0575843,0.0553458,0.0531765,0.0510746,0.0490395,0.0470692,0.0451629,0.0433189,0.0415363,0.0398133,0.0381489,0.0365415,0.03499,0.0334928,0.0320488,0.0306564,0.0293147,0.0280218,0.0267769,0.0255784,0.0244252,0.0233158,0.0222492,0.0212239,0.020239,0.0192929,0.0183848,0.0175132,0.0166771,0.0158753,0.0151068,0.0143703,0.013665,0.0129895,0.0123431,0.0117246,0.0111331,0.0105676,0.0100272,0.00951078,0.00901773,0.00854694,0.00809775,0.00766914,0.00726047,0.0068708,0.00649951,0.00614569,0.00580879,0.00548795,0.00518263,0.00489202,0.00461562,0.00435268,0.00410271,0.00386501,0.00363913,0.00342441,0.00322042,0.00302655,0.00284239,0.00266737,0.0025011,0.00234307,0.0021929,0.0020501,0.00191432,0.00178511,0.00166214,0.00154498,0.00143332,0.00132676,0.00122501,0.0011277,0.00103453,0.000945158,0.000859315,0.00077667,0.00069696,0.000619872,0.000545151,0.000472502,0.000401672,0.000332379,0.000264375,0.000197388,0.000131169
0,0.0616204,0.116677,0.162132,0.197863,0.225126,0.245528,0.260549,0.271401,0.279026,0.284138,0.287279,0.288859,0.28919,0.288515,0.287022,0.28486,0.282149,0.278983,0.275442,0.271588,0.267477,0.263153,0.258653,0.25401,0.249252,0.244402,0.23948,0.234506,0.229494,0.224458,0.219411,0.214364,0.209326,0.204305,0.19931,0.194346,0.189421,0.184539,0.179707,0.174926,0.170204,0.165541,0.160941,0.156408,0.151944,0.14755,0.143229,0.138982,0.134812,0.130718,0.126702,0.122765,0.118907,0.115129,0.111432,0.107815,0.104278,0.100822,0.0974467,0.094151,0.0909354,0.0877988,0.0847414,0.0817618,0.0788601,0.0760349,0.073286,0.0706119,0.0680123,0.0654856,0.0630316,0.0606484,0.0583357,0.0560917,0.0539158,0.0518063,0.0497627,0.047783,0.0458667,0.0440119,0.0422179,0.0404829,0.0388061,0.0371858,0.0356212,0.0341105,0.0326528,0.0312465,0.0298906,0.0285835,0.0273244,0.0261115,0.024944,0.0238203,0.0227394,0.0216999,0.0207009,0.0197408,0.0188189,0.0179335,0.017084,0.0162689,0.0154873,0.0147379,0.0140199,0.0133321,0.0126736,0.0120431,0.01144,0.0108631,0.0103116,0.00978443,0.00928087,0.00879985,0.00834072,0.00790245,0.00748442,0.00708566,0.00670558,0.00634327,0.00599815,0.00566937,0.0053564,0.00505842,0.00477492,0.00450515,0.00424863,0.00400464,0.00377273,0.00355225,0.00334275,0.00314362,0.00295446,0.00277468,0.0026039,0.00244159,0.00228738,0.00214076,0.00200141,0.00186885,0.00174275,0.00162269,0.00150835,0.00139933,0.00129533,0.00119598,0.001101,0.00101002,0.000922793,0.000838973,0.000758302,0.000680468,0.000605219,0.000532257,0.000461336,0.000392174,0.000324526,0.000258124,0.000192725,0.000128068
0,0.0492757,0.0948497,0.134451,0.167361,0.193879,0.214787,0.230989,0.243336,0.25256,0.259261,0.263922,0.266926,0.268577,0.269118,0.268743,0.267609,0.265841,0.263545,0.260806,0.257694,0.25427,0.250585,0.246679,0.242591,0.238352,0.233988,0.229523,0.224979,0.220372,0.21572,0.211035,0.206331,0.201618,0.196908,0.192207,0.187524,0.182867,0.178241,0.173652,0.169106,0.164607,0.160158,0.155765,0.151429,0.147154,0.142942,0.138796,0.134718,0.130709,0.126771,0.122905,0.119113,0.115394,0.111751,0.108182,0.10469,0.101274,0.0979338,0.0946698,0.0914824,0.0883705,0.0853347,0.0823738,0.079488,0.0766761,0.0739381,0.0712727,0.0686798,0.066158,0.0637069,0.0613251,0.0590122,0.0567666,0.0545879,0.0524744,0.0504256,0.0484399,0.0465165,0.0446539,0.0428513,0.0411071,0.0394205,0.0377898,0.0362144,0.0346924,0.0332231,0.0318048,0.0304368,0.0291173,0.0278456,0.02662,0.0254397,0.0243031,0.0232094,0.0221571,0.0211452,0.0201723,0.0192377,0.0183397,0.0174777,0.0166502,0.0158564,0.015095,0.0143651,0.0136656,0.0129956,0.012354,0.0117399,0.0111522,0.0105901,0.0100527,0.00953905,0.00904824,0.00857957,0.00813202,0.00770498,0.00729747,0.0069089,0.00653835,0.00618527,0.00584879,0.00552837,0.00522321,0.00493278,0.00465635,0.00439341,0.00414326,0.00390544,0.00367928,0.00346436,0.00326005,0.00306593,0.00288144,0.00270618,0.00253961,0.00238137,0.00223095,0.00208802,0.00195209,0.00182284,0.00169984,0.00158277,0.00147124,0.00136493,0.00126348,0.0011666,0.00107394,0.000985227,0.000900129,0.000818386,0.000739686,0.000663779,0.000590367,0.000519207,0.000450018,0.000382561,0.000316567,0.000251799,0.000187999,0.00012493
0,0.0406348,0.0789992,0.11347,0.143258,0.168254,0.188766,0.205299,0.218412,0.228636,0.236446,0.242245,0.246371,0.249102,0.250667,0.251256,0.251024,0.250099,0.248588,0.246581,0.244154,0.241369,0.23828,0.234934,0.231371,0.227625,0.223725,0.219698,0.215567,0.211351,0.207069,0.202735,0.198365,0.193969,0.18956,0.185147,0.180739,0.176344,0.171968,0.16762,0.163303,0.159024,0.154787,0.150596,0.146455,0.142368,0.138336,0.134363,0.130452,0.126603,0.12282,0.119103,0.115454,0.111874,0.108363,0.104924,0.101556,0.0982594,0.0950348,0.0918827,0.0888026,0.0857949,0.082859,0.0799952,0.0772024,0.074481,0.0718297,0.0692485,0.0667363,0.0642929,0.0619169,0.0596081,0.057365,0.0551874,0.0530736,0.0510232,0.0490348,0.0471076,0.0452403,0.0434321,0.0416815,0.0399878,0.0383493,0.0367655,0.0352346,0.033756,0.0323279,0.0309497,0.0296198,0.0283374,0.0271009,0.0259095,0.0247616,0.0236565,0.0225927,0.0215694,0.020585,0.0196388,0.0187294,0.017856,0.0170172,0.0162121,0.0154396,0.0146988,0.0139885,0.0133078,0.0126556,0.0120312,0.0114334,0.0108614,0.0103142,0.00979106,0.00929094,0.0088132,0.00835681,0.00792115,0.00750526,0.00710855,0.0067301,0.00636935,0.00602544,0.00569783,0.00538571,0.00508858,0.00480567,0.00453649,0.00428033,0.00403674,0.00380504,0.00358481,0.0033754,0.00317643,0.00298729,0.00280761,0.00263683,0.0024746,0.00232041,0.0021739,0.00203461,0.00190221,0.00177625,0.00165644,0.00154235,0.0014337,0.0013301,0.00123127,0.00113685,0.00104658,0.000960114,0.000877206,0.000797536,0.000720858,0.000646874,0.000575345,0.000505989,0.000438571,0.000372825,0.000308517,0.000245392,0.000183219,0.000121752
0,0.0342666,0.067047,0.0971764,0.123956,0.147123,0.166736,0.183045,0.196392,0.207147,0.215664,0.222266,0.227236,0.230819,0.233222,0.234621,0.235164,0.234976,0.234164,0.232816,0.231011,0.228812,0.226276,0.223452,0.220381,0.217099,0.213639,0.210029,0.206292,0.202451,0.198524,0.194528,0.19048,0.186391,0.182275,0.178141,0.174001,0.169861,0.165731,0.161617,0.157526,0.153463,0.149434,0.145443,0.141494,0.13759,0.133736,0.129935,0.126188,0.122498,0.118868,0.115298,0.111792,0.108349,0.104971,0.10166,0.0984151,0.0952376,0.0921283,0.089087,0.0861144,0.08321,0.0803744,0.0776068,0.0749076,0.0722758,0.0697117,0.0672142,0.0647832,0.0624177,0.0601174,0.0578811,0.0557085,0.0535983,0.0515502,0.0495626,0.0476351,0.0457663,0.0439556,0.0422016,0.0405036,0.0388601,0.0372705,0.0357332,0.0342476,0.0328121,0.0314259,0.0300876,0.0287964,0.0275509,0.0263501,0.0251927,0.0240779,0.0230042,0.0219708,0.0209763,0.02002,0.0191004,0.0182167,0.0173677,0.0165525,0.0157699,0.0150191,0.0142988,0.0136083,0.0129464,0.0123124,0.0117052,0.0111239,0.0105676,0.0100356,0.00952672,0.00904043,0.00857568,0.00813187,0.00770802,0.00730357,0.00691758,0.00654951,0.00619849,0.00586399,0.0055452,0.00524161,0.00495245,0.00467725,0.00441528,0.0041661,0.00392902,0.00370361,0.00348925,0.00328552,0.00309184,0.00290783,0.00273292,0.00256676,0.00240883,0.0022588,0.00211617,0.00198063,0.00185174,0.00172917,0.00161252,0.0015015,0.00139572,0.00129489,0.00119867,0.00110678,0.00101888,0.00093473,0.000854004,0.00077646,0.0007018,0.000629787,0.00056014,0.000492628,0.000426984,0.000362982,0.000300367,0.000238915,0.00017838,0.000118538
0,0.0293867,0.0577499,0.0842393,0.108275,0.129559,0.148023,0.163766,0.176982,0.187914,0.196817,0.203941,0.209514,0.213743,0.21681,0.218873,0.220067,0.220513,0.22031,0.219547,0.2183,0.216633,0.214603,0.21226,0.209646,0.206799,0.203752,0.200535,0.197172,0.193687,0.1901,0.186429,0.18269,0.178897,0.175064,0.171202,0.16732,0.16343,0.159538,0.155654,0.151783,0.147931,0.144105,0.14031,0.136549,0.132827,0.129148,0.125515,0.121931,0.118398,0.114919,0.111496,0.10813,0.104823,0.101577,0.0983923,0.09527,0.0922112,0.089216,0.0862854,0.0834193,0.0806183,0.077882,0.0752109,0.0726044,0.0700627,0.0675851,0.0651716,0.0628213,0.0605341,0.058309,0.0561458,0.0540432,0.0520011,0.0500181,0.0480938,0.046227,0.0444171,0.0426628,0.0409636,0.0393179,0.0377253,0.0361842,0.0346941,0.0332534,0.0318616,0.0305171,0.0292193,0.0279667,0.0267585,0.0255934,0.0244706,0.0233886,0.0223468,0.0213437,0.0203786,0.0194501,0.0185575,0.0176995,0.0168753,0.0160837,0.0153239,0.0145947,0.0138953,0.0132246,0.0125819,0.011966,0.0113762,0.0108115,0.0102712,0.00975424,0.00925998,0.00878743,0.00833598,0.00790467,0.00749292,0.00709982,0.00672482,0.00636707,0.00602602,0.00570087,0.00539112,0.00509599,0.00481501,0.00454747,0.0042929,0.00405063,0.00382024,0.00360108,0.00339275,0.00319466,0.00300642,0.00282749,0.00265749,0.00249591,0.00234241,0.0021965,0.00205787,0.00192605,0.00180076,0.00168156,0.00156816,0.00146018,0.00135734,0.00125928,0.00116573,0.00107636,0.000990902,0.000909052,0.000830564,0.00075514,0.000682545,0.0006125,0.000544777,0.00047911,0.000415277,0.000353025,0.000292134,0.000232362,0.000173491,0.000115288
0,0.0255323,0.050331,0.0737618,0.0953546,0.114823,0.132044,0.147028,0.159872,0.170727,0.17977,0.187188,0.19316,0.197856,0.20143,0.204021,0.205752,0.20673,0.207052,0.206799,0.206046,0.204856,0.203284,0.201381,0.199188,0.196744,0.194083,0.191234,0.188224,0.185076,0.181812,0.17845,0.175008,0.171499,0.167938,0.164337,0.160706,0.157057,0.153397,0.149735,0.146079,0.142434,0.138807,0.135203,0.131627,0.128084,0.124577,0.121109,0.117685,0.114307,0.110977,0.107698,0.104471,0.101299,0.0981832,0.0951241,0.0921236,0.0891819,0.0863006,0.0834795,0.0807197,0.078021,0.0753842,0.0728087,0.0702951,0.0678426,0.0654518,0.0631216,0.0608523,0.0586429,0.0564934,0.0544026,0.0523706,0.050396,0.0484787,0.0466174,0.0448118,0.0430604,0.041363,0.0397182,0.0381254,0.0365834,0.0350914,0.0336482,0.0322531,0.0309048,0.0296025,0.0283449,0.0271314,0.0259604,0.0248314,0.023743,0.0226944,0.0216843,0.0207119,0.0197761,0.018876,0.0180103,0.0171784,0.0163789,0.0156112,0.0148741,0.0141669,0.0134883,0.0128378,0.0122141,0.0116167,0.0110443,0.0104965,0.0099721,0.00947053,0.00899078,0.00853226,0.00809402,0.00767549,0.00727576,0.00689428,0.00653021,0.006183,0.00585186,0.00553628,0.00523551,0.00494905,0.0046762,0.0044165,0.00416928,0.00393411,0.00371035,0.00349759,0.00329526,0.00310295,0.00292011,0.00274639,0.00258126,0.00242439,0.00227528,0.00213361,0.00199894,0.00187095,0.00174923,0.00163348,0.00152332,0.00141847,0.00131856,0.00122333,0.00113244,0.00104564,0.000962617,0.000883125,0.000806866,0.000733611,0.000663079,0.000595045,0.000529245,0.000465461,0.00040344,0.00034297,0.000283808,0.000225745,0.000168547,0.000112005
0,0.0224135,0.0442839,0.0651283,0.0845671,0.102343,0.118315,0.132445,0.144767,0.155369,0.164369,0.171902,0.178105,0.183115,0.18706,0.190059,0.192218,0.193637,0.194401,0.194588,0.194267,0.193499,0.192338,0.190832,0.189024,0.18695,0.184646,0.182141,0.179461,0.176631,0.173672,0.170604,0.167443,0.164206,0.160906,0.157556,0.154167,0.150751,0.147315,0.14387,0.140422,0.136978,0.133545,0.130128,0.126733,0.123364,0.120025,0.116721,0.113454,0.110228,0.107045,0.103908,0.100819,0.0977802,0.0947925,0.091858,0.0889775,0.0861526,0.0833836,0.0806718,0.0780171,0.0754206,0.0728821,0.0704022,0.0679805,0.0656175,0.0633126,0.061066,0.058877,0.0567457,0.0546711,0.0526533,0.0506912,0.0487846,0.0469325,0.0451346,0.0433897,0.0416974,0.0400565,0.0384667,0.0369264,0.0354354,0.0339923,0.0325965,0.0312467,0.0299424,0.0286821,0.0274653,0.0262906,0.0251573,0.0240643,0.0230107,0.0219953,0.0210173,0.0200756,0.0191694,0.0182975,0.0174592,0.0166532,0.0158789,0.0151351,0.014421,0.0137357,0.0130783,0.0124478,0.0118435,0.0112644,0.0107099,0.0101788,0.00967062,0.00918435,0.00871941,0.00827485,0.0078501,0.00744427,0.00705682,0.00668689,0.00633397,0.00599725,0.00567624,0.00537017,0.00507857,0.00480073,0.0045362,0.00428429,0.00404459,0.00381646,0.0035995,0.00339311,0.00319691,0.00301034,0.00283304,0.0026645,0.00250436,0.00235216,0.00220755,0.00207009,0.00193948,0.00181529,0.00169724,0.00158492,0.00147807,0.00137632,0.00127941,0.001187,0.00109884,0.00101461,0.000934071,0.000856928,0.00078295,0.000711858,0.000643432,0.000577407,0.000513569,0.000451668,0.000391494,0.000332809,0.000275406,0.000219058,0.000163558,0.000108687
0,0.0198399,0.0392668,0.0579061,0.0754505,0.0916754,0.106441,0.119682,0.131398,0.14163,0.150455,0.157966,0.164267,0.169465,0.173663,0.176963,0.179456,0.181229,0.18236,0.182919,0.182971,0.182573,0.181776,0.180626,0.179166,0.177431,0.175455,0.173267,0.170895,0.168362,0.165691,0.162899,0.160006,0.157027,0.153976,0.150867,0.147711,0.144518,0.141299,0.138063,0.134817,0.131568,0.128324,0.125089,0.12187,0.118672,0.115498,0.112353,0.109241,0.106164,0.103126,0.100129,0.0971761,0.094268,0.0914076,0.0885959,0.0858347,0.0831248,0.0804676,0.0778635,0.0753137,0.0728181,0.0703778,0.0679924,0.0656627,0.0633881,0.0611693,0.0590054,0.0568969,0.054843,0.0528437,0.0508981,0.0490063,0.0471672,0.0453807,0.0436457,0.041962,0.0403283,0.0387445,0.0372091,0.0357219,0.0342817,0.0328878,0.0315392,0.0302352,0.0289745,0.0277567,0.0265804,0.025445,0.0243493,0.0232926,0.0222737,0.0212919,0.020346,0.0194353,0.0185587,0.0177154,0.0169042,0.0161246,0.0153753,0.0146556,0.0139646,0.0133015,0.0126652,0.0120551,0.0114701,0.0109097,0.0103727,0.00985876,0.00936672,0.00889605,0.00844582,0.00801548,0.00760414,0.00721127,0.00683602,0.00647788,0.00613605,0.00581004,0.00549909,0.00520273,0.00492026,0.00465122,0.00439495,0.00415101,0.00391878,0.00369785,0.00348764,0.00328776,0.00309765,0.00291696,0.00274516,0.00258192,0.00242674,0.00227931,0.00213918,0.00200603,0.00187946,0.00175916,0.00164474,0.00153594,0.00143239,0.00133382,0.00123989,0.00115036,0.00106491,0.000983307,0.000905245,0.000830502,0.000758797,0.000689915,0.00062359,0.000559614,0.000497737,0.000437753,0.000379427,0.000322558,0.000266919,0.000212312,0.000158519,0.000105341
0,0.017681,0.0350411,0.0517845,0.0676608,0.0824771,0.0961014,0.108459,0.119526,0.129316,0.137873,0.14526,0.151554,0.156836,0.161191,0.1647,0.167442,0.169493,0.170921,0.171791,0.172159,0.172081,0.171604,0.170771,0.169623,0.168194,0.166518,0.164623,0.162535,0.160279,0.157876,0.155345,0.152704,0.14997,0.147156,0.144276,0.141342,0.138365,0.135354,0.13232,0.129269,0.126209,0.123148,0.120091,0.117044,0.114012,0.110999,0.108011,0.10505,0.10212,0.0992235,0.0963645,0.0935443,0.0907658,0.0880305,0.0853404,0.0826966,0.0801009,0.0775539,0.075057,0.0726105,0.0702156,0.0678722,0.0655812,0.0633423,0.0611563,0.0590225,0.0569416,0.0549128,0.0529364,0.0510116,0.0491386,0.0473165,0.0455452,0.0438237,0.042152,0.0405289,0.0389543,0.037427,0.0359466,0.0345121,0.033123,0.0317781,0.030477,0.0292185,0.028002,0.0268264,0.025691,0.0245947,0.023537,0.0225165,0.0215326,0.0205843,0.0196708,0.018791,0.0179443,0.0171294,0.0163458,0.0155924,0.0148685,0.014173,0.0135052,0.0128642,0.0122493,0.0116595,0.0110941,0.0105523,0.0100333,0.00953633,0.0090607,0.00860554,0.0081703,0.0077541,0.00735643,0.00697643,0.00661362,0.00626719,0.00593667,0.00562129,0.00532061,0.00503391,0.00476075,0.00450046,0.00425262,0.0040166,0.003792,0.00357823,0.00337491,0.00318149,0.00299762,0.00282276,0.00265658,0.0024986,0.0023485,0.00220582,0.00207026,0.0019414,0.00181895,0.00170251,0.00159183,0.00148652,0.00138633,0.00129092,0.00120004,0.00111338,0.00103071,0.000951713,0.00087618,0.000803829,0.000734445,0.000667765,0.000603584,0.000541653,0.000481772,0.000423707,0.000367261,0.00031221,0.000258362,0.000205502,0.000153437,0.000101962
0,0.0158449,0.0314357,0.0465355,0.0609385,0.0744799,0.0870393,0.0985402,0.108945,0.118251,0.126478,0.133668,0.139874,0.145159,0.149588,0.15323,0.156149,0.15841,0.160073,0.161195,0.161829,0.162024,0.161824,0.161269,0.160399,0.159246,0.157841,0.156213,0.154387,0.152387,0.150234,0.147947,0.145544,0.143041,0.140452,0.13779,0.135068,0.132296,0.129486,0.126645,0.123782,0.120906,0.118022,0.115137,0.112257,0.109387,0.106532,0.103696,0.100883,0.0980961,0.0953396,0.0926154,0.0899267,0.0872753,0.0846636,0.082093,0.0795656,0.0770822,0.0746446,0.0722534,0.0699098,0.067614,0.0653673,0.0631694,0.0610213,0.0589226,0.056874,0.054875,0.052926,0.0510263,0.0491763,0.0473751,0.0456229,0.0439188,0.0422627,0.0406537,0.0390917,0.0375756,0.0361052,0.0346794,0.0332979,0.0319596,0.0306641,0.0294102,0.0281976,0.027025,0.0258919,0.0247973,0.0237405,0.0227204,0.0217365,0.0207876,0.0198731,0.0189918,0.0181433,0.0173263,0.0165403,0.0157841,0.0150572,0.0143585,0.0136874,0.0130429,0.0124243,0.0118307,0.0112615,0.0107157,0.0101927,0.00969157,0.00921183,0.00875252,0.00831313,0.00789279,0.00749099,0.00710689,0.00674001,0.00638955,0.00605506,0.00573577,0.00543124,0.00514076,0.0048639,0.00459999,0.00434862,0.00410916,0.00388121,0.0036642,0.00345773,0.00326127,0.00307445,0.00289676,0.00272786,0.00256727,0.00241467,0.0022696,0.00213178,0.00200076,0.00187627,0.00175792,0.00164544,0.00153845,0.00143671,0.00133987,0.00124769,0.00115985,0.00107612,0.0009962,0.000919873,0.000846859,0.000776947,0.000709875,0.000645441,0.000583399,0.000523551,0.000465665,0.00040955,0.000354985,0.000301781,0.000249727,0.000198638,0.00014831,9.85567e-05
0,0.0142647,0.028325,0.0419884,0.0550849,0.0674734,0.0790462,0.0897291,0.0994787,0.108279,0.116138,0.123078,0.129136,0.134359,0.138798,0.142507,0.14554,0.147952,0.149795,0.151119,0.151971,0.152395,0.152433,0.152121,0.151495,0.150588,0.149428,0.148042,0.146456,0.144692,0.142771,0.140711,0.13853,0.136244,0.133867,0.131412,0.128892,0.126317,0.123698,0.121043,0.118362,0.115661,0.112949,0.110231,0.107512,0.1048,0.102098,0.0994109,0.0967424,0.0940967,0.0914764,0.0888851,0.0863249,0.0837988,0.0813084,0.078856,0.0764428,0.0740708,0.0717409,0.0694545,0.0672122,0.0650152,0.0628637,0.0607587,0.0587001,0.0566887,0.0547242,0.0528071,0.050937,0.0491142,0.0473381,0.0456089,0.0439259,0.0422892,0.0406978,0.0391519,0.0376503,0.0361931,0.0347792,0.0334083,0.0320794,0.0307923,0.0295458,0.0283395,0.0271725,0.0260441,0.0249534,0.0238998,0.0228823,0.0219003,0.0209527,0.0200391,0.0191582,0.0183096,0.0174921,0.0167052,0.0159478,0.0152194,0.014519,0.0138458,0.013199,0.012578,0.0119818,0.0114098,0.010861,0.010335,0.00983074,0.00934778,0.00888519,0.00844248,0.00801876,0.00761357,0.00722607,0.00685578,0.00650193,0.00616406,0.00584142,0.00553357,0.00523982,0.00495973,0.00469265,0.00443816,0.00419565,0.00396473,0.00374481,0.00353552,0.00333632,0.00314684,0.00296658,0.0027952,0.00263222,0.00247733,0.00233007,0.00219015,0.00205714,0.00193076,0.00181062,0.00169646,0.0015879,0.00148469,0.0013865,0.00129308,0.00120411,0.00111936,0.00103854,0.00096144,0.000887768,0.000817321,0.00074984,0.000685124,0.00062293,0.000563064,0.000505295,0.000449438,0.000395273,0.000342617,0.000291262,0.000241028,0.000191715,0.000143144,9.51223e-05
0,0.0128905,0.0256144,0.0380136,0.0499459,0.0612911,0.0719534,0.0818629,0.0909746,0.0992656,0.106732,0.113387,0.119254,0.124365,0.128761,0.132484,0.135579,0.138091,0.140065,0.141545,0.142572,0.143186,0.143425,0.143322,0.14291,0.14222,0.141279,0.140112,0.138744,0.137196,0.135489,0.13364,0.131666,0.129584,0.127406,0.125147,0.122818,0.12043,0.117993,0.115517,0.11301,0.110479,0.107932,0.105375,0.102814,0.100254,0.0977011,0.0951588,0.0926316,0.0901229,0.0876365,0.0851749,0.0827413,0.0803378,0.077967,0.0756305,0.0733304,0.0710678,0.0688445,0.0666613,0.0645197,0.0624199,0.0603632,0.0583498,0.0563805,0.0544552,0.0525746,0.0507384,0.0489471,0.0472003,0.0454982,0.0438403,0.0422267,0.0406567,0.0391303,0.0376468,0.036206,0.0348071,0.0334499,0.0321335,0.0308576,0.0296212,0.0284241,0.0272651,0.0261439,0.0250595,0.0240115,0.0229987,0.0220208,0.0210766,0.0201658,0.0192871,0.0184402,0.017624,0.016838,0.016081,0.0153526,0.0146518,0.0139781,0.0133304,0.0127082,0.0121105,0.0115369,0.0109864,0.0104584,0.00995203,0.00946683,0.0090019,0.00855674,0.0081305,0.00772272,0.00733257,0.00695961,0.00660305,0.00626245,0.00593707,0.00562649,0.00533002,0.00504722,0.00477746,0.00452033,0.00427521,0.00404173,0.00381929,0.00360754,0.00340593,0.00321412,0.00303159,0.00285801,0.0026929,0.00253596,0.00238673,0.00224491,0.0021101,0.001982,0.00186024,0.00174453,0.00163453,0.00152997,0.00143052,0.00133594,0.00124592,0.00116022,0.00107856,0.00100071,0.000926406,0.000855439,0.00078755,0.000722544,0.000660177,0.000600261,0.000542566,0.000486912,0.000433081,0.000380895,0.00033015,0.00028067,0.000232259,0.000184744,0.000137936,9.16636e-05
0,0.0116847,0.0232319,0.0345104,0.0454008,0.0557998,0.065623,0.074806,0.083304,0.0910906,0.0981555,0.104502,0.110145,0.115108,0.119419,0.123113,0.126225,0.128794,0.130857,0.132453,0.133617,0.134385,0.13479,0.134865,0.134639,0.134139,0.133392,0.132422,0.131251,0.129901,0.128389,0.126735,0.124954,0.123062,0.121072,0.118997,0.116849,0.114638,0.112375,0.11007,0.107729,0.105361,0.102973,0.100572,0.0981625,0.0957514,0.0933427,0.0909417,0.0885517,0.0861773,0.0838211,0.0814869,0.079177,0.0768943,0.0746406,0.0724185,0.0702292,0.0680748,0.0659564,0.0638755,0.0618328,0.0598297,0.0578664,0.0559441,0.0540627,0.0522233,0.0504256,0.0486702,0.0469568,0.0452859,0.043657,0.0420704,0.0405255,0.0390223,0.0375603,0.0361394,0.0347588,0.0334185,0.0321176,0.0308559,0.0296325,0.0284472,0.027299,0.0261876,0.025112,0.0240719,0.0230662,0.0220946,0.021156,0.02025,0.0193756,0.0185324,0.0177192,0.0169357,0.0161809,0.0154542,0.0147546,0.0140818,0.0134346,0.0128126,0.0122148,0.0116409,0.0110897,0.0105609,0.0100536,0.00956718,0.0091009,0.00865425,0.0082264,0.00781689,0.00742493,0.00705007,0.00669155,0.00634893,0.00602149,0.00570882,0.00541023,0.0051253,0.0048534,0.00459414,0.0043469,0.00411131,0.00388679,0.00367299,0.00346936,0.00327556,0.0030911,0.00291563,0.00274869,0.00258997,0.00243903,0.00229556,0.00215916,0.00202955,0.00190634,0.00178926,0.00167797,0.0015722,0.00147162,0.001376,0.00128502,0.00119845,0.00111601,0.00103749,0.000962597,0.000891144,0.00082287,0.000757584,0.000695043,0.000635065,0.00057742,0.000521934,0.000468389,0.000416615,0.000366409,0.0003176,0.000269997,0.000223431,0.000177719,0.000132694,8.81785e-05
0,0.0106179,0.0211212,0.0314,0.0413533,0.0508922,0.0599424,0.0684451,0.0763574,0.0836512,0.0903124,0.0963381,0.101736,0.106521,0.110716,0.114345,0.117439,0.120028,0.122144,0.12382,0.125087,0.125977,0.126519,0.126742,0.126674,0.12634,0.125764,0.124969,0.123976,0.122804,0.121472,0.119997,0.118395,0.116679,0.114865,0.112963,0.110986,0.108943,0.106846,0.104702,0.102521,0.10031,0.0980749,0.0958233,0.0935611,0.0912932,0.089025,0.0867607,0.0845049,0.0822608,0.0800324,0.0778223,0.0756338,0.0734691,0.0713308,0.0692207,0.0671409,0.0650927,0.063078,0.0610976,0.0591531,0.057245,0.0553745,0.053542,0.0517483,0.0499935,0.0482784,0.0466028,0.0449672,0.0433714,0.0418156,0.0402995,0.0388233,0.0373863,0.0359888,0.0346299,0.0333097,0.0320274,0.030783,0.0295756,0.028405,0.0272703,0.0261713,0.0251071,0.0240774,0.0230812,0.0221182,0.0211874,0.0202885,0.0194204,0.0185828,0.0177747,0.0169956,0.0162447,0.0155213,0.0148247,0.0141543,0.0135091,0.0128888,0.0122924,0.0117194,0.0111689,0.0106406,0.0101334,0.00964691,0.00918036,0.00873324,0.00830476,0.00789447,0.00750158,0.00712567,0.006766,0.00642213,0.00609337,0.0057793,0.00547925,0.00519282,0.00491938,0.00465855,0.00440972,0.00417252,0.0039464,0.00373099,0.00352577,0.0033304,0.00314437,0.00296738,0.00279894,0.00263875,0.00248638,0.00234153,0.0022038,0.0020729,0.00194846,0.00183022,0.00171782,0.00161101,0.00150945,0.00141292,0.00132111,0.00123379,0.00115066,0.00107154,0.000996132,0.00092425,0.000855635,0.0007901,0.000727406,0.000667372,0.000609774,0.000554439,0.000501154,0.000449751,0.000400032,0.000351831,0.00030496,0.000259257,0.00021454,0.000170651,0.000127414,8.46715e-05
0,0.0096672,0.0192381,0.0286198,0.0377263,0.046481,0.0548183,0.0626852,0.0700412,0.0768582,0.0831194,0.0888183,0.093957,0.0985452,0.102598,0.106135,0.10918,0.111759,0.113897,0.115622,0.116962,0.117945,0.118597,0.118943,0.119009,0.118817,0.11839,0.11775,0.116915,0.115905,0.114737,0.113426,0.111988,0.110437,0.108786,0.107046,0.10523,0.103346,0.101406,0.099417,0.0973878,0.095326,0.0932382,0.0911312,0.0890102,0.0868813,0.0847488,0.0826178,0.0804918,0.0783752,0.076271,0.0741826,0.0721126,0.0700639,0.0680384,0.0660386,0.0640661,0.0621228,0.0602099,0.0583291,0.0564811,0.0546673,0.0528881,0.0511448,0.0494374,0.0477669,0.0461333,0.0445372,0.0429785,0.0414576,0.0399742,0.0385286,0.0371203,0.0357496,0.0344158,0.0331191,0.0318587,0.0306347,0.0294462,0.0282933,0.027175,0.0260912,0.025041,0.0240243,0.0230401,0.0220881,0.0211675,0.0202778,0.0194183,0.0185884,0.0177873,0.0170147,0.0162695,0.0155513,0.0148593,0.014193,0.0135515,0.0129344,0.0123408,0.0117702,0.0112218,0.0106951,0.0101894,0.00970404,0.00923836,0.00879188,0.00836381,0.00795373,0.00756089,0.00718485,0.00682489,0.00648061,0.00615131,0.0058366,0.00553581,0.00524856,0.00497423,0.00471244,0.00446261,0.00422437,0.00399716,0.00378065,0.0035743,0.00337779,0.00319062,0.00301249,0.00284292,0.00268162,0.00252814,0.00238222,0.00224344,0.00211153,0.00198611,0.00186693,0.00175363,0.00164597,0.00154362,0.00144635,0.00135385,0.0012659,0.00118222,0.0011026,0.00102677,0.000954539,0.00088565,0.00081992,0.000757113,0.000697053,0.000639517,0.000584337,0.000531303,0.000480252,0.000430988,0.000383351,0.000337156,0.000292246,0.000248444,0.000205597,0.000163534,0.000122103,8.11407e-05
0,0.0088143,0.017547,0.0261191,0.0344571,0.0424943,0.0501733,0.0574462,0.0642755,0.0706338,0.0765031,0.0818742,0.0867457,0.0911226,0.0950154,0.0984388,0.101411,0.103953,0.106087,0.107835,0.109223,0.110273,0.111009,0.111454,0.111631,0.111561,0.111264,0.110759,0.110066,0.1092,0.10818,0.107019,0.105733,0.104333,0.102834,0.101247,0.099581,0.0978476,0.0960557,0.0942136,0.0923297,0.0904109,0.0884643,0.0864958,0.0845115,0.0825163,0.0805156,0.0785134,0.0765141,0.0745211,0.0725384,0.0705684,0.0686146,0.0666791,0.0647646,0.0628728,0.0610061,0.0591656,0.0573533,0.0555702,0.0538178,0.0520967,0.0504083,0.0487528,0.0471313,0.0455439,0.0439914,0.0424738,0.0409917,0.0395448,0.0381336,0.0367577,0.0354174,0.0341122,0.0328423,0.0316071,0.0304067,0.0292403,0.028108,0.027009,0.0259433,0.0249099,0.0239089,0.0229392,0.0220008,0.0210927,0.0202147,0.0193659,0.0185459,0.017754,0.0169898,0.0162523,0.0155412,0.0148556,0.0141952,0.0135591,0.0129468,0.0123575,0.0117909,0.011246,0.0107224,0.0102194,0.00973646,0.00927288,0.00882821,0.00840169,0.0079929,0.00760111,0.00722592,0.00686662,0.00652282,0.00619384,0.0058793,0.00557856,0.00529123,0.00501671,0.00475464,0.00450443,0.00426575,0.00403804,0.00382096,0.00361401,0.00341685,0.003229,0.00305017,0.00287988,0.00271784,0.00256364,0.00241698,0.00227747,0.00214485,0.00201873,0.00189887,0.00178492,0.00167664,0.0015737,0.00147588,0.00138287,0.00129446,0.00121036,0.00113038,0.00105424,0.000981765,0.00091269,0.000846842,0.000783984,0.000723947,0.00066651,0.00061151,0.000558739,0.00050804,0.000459218,0.000412121,0.000366564,0.000322399,0.00027945,0.000237571,0.000196596,0.000156378,0.000116758,7.75902e-05
0,0.00804441,0.0160192,0.0238569,0.031494,0.0388728,0.0459426,0.0526605,0.0589919,0.0649107,0.0703986,0.0754448,0.0800452,0.0842017,0.0879208,0.0912135,0.0940938,0.0965783,0.0986852,0.100434,0.101846,0.102941,0.10374,0.104263,0.104531,0.104562,0.104376,0.10399,0.103421,0.102685,0.101798,0.100774,0.0996261,0.0983673,0.0970091,0.095563,0.0940389,0.0924468,0.0907951,0.0890927,0.0873467,0.0855648,0.083753,0.081918,0.0800649,0.0781993,0.0763256,0.0744486,0.0725719,0.0706996,0.0688348,0.0669809,0.0651402,0.0633159,0.0615098,0.0597243,0.0579611,0.0562221,0.0545085,0.0528221,0.0511636,0.0495344,0.0479352,0.0463669,0.04483,0.0433253,0.0418528,0.0404134,0.039007,0.0376339,0.0362941,0.0349878,0.0337147,0.032475,0.0312683,0.0300947,0.0289536,0.0278451,0.0267684,0.0257236,0.0247099,0.0237272,0.0227748,0.0218525,0.0209594,0.0200955,0.0192597,0.018452,0.0176714,0.0169177,0.01619,0.015488,0.0148108,0.0141581,0.0135291,0.0129233,0.0123401,0.0117789,0.011239,0.01072,0.0102212,0.00974201,0.00928183,0.00884021,0.00841642,0.00801007,0.00762045,0.00724716,0.00688953,0.00654717,0.00621943,0.00590594,0.00560607,0.00531946,0.00504551,0.00478389,0.004534,0.00429554,0.00406794,0.0038509,0.00364389,0.00344662,0.00325861,0.00307955,0.00290899,0.00274665,0.00259211,0.00244511,0.00230523,0.00217222,0.00204572,0.00192549,0.00181116,0.00170251,0.00159922,0.00150107,0.00140776,0.00131908,0.00123474,0.00115455,0.00107825,0.00100565,0.000936499,0.00087063,0.000807808,0.000747866,0.000690587,0.000635812,0.000583337,0.00053301,0.000484639,0.000438076,0.000393142,0.000349691,0.000307553,0.000266588,0.000226633,0.000187548,0.000149179,0.000111385,7.40183e-05
0,0.00734547,0.0146312,0.0217992,0.0287946,0.035567,0.0420717,0.0482704,0.0541316,0.0596304,0.0647489,0.0694754,0.0738043,0.0777347,0.0812706,0.0844196,0.0871924,0.0896022,0.0916642,0.0933946,0.094811,0.0959311,0.0967733,0.0973553,0.0976954,0.0978106,0.0977183,0.0974344,0.0969748,0.0963542,0.095587,0.0946864,0.0936653,0.0925354,0.0913081,0.0899937,0.0886022,0.0871426,0.0856237,0.0840532,0.0824388,0.0807871,0.0791048,0.0773975,0.075671,0.0739299,0.0721794,0.0704233,0.068666,0.0669107,0.0651611,0.0634199,0.0616903,0.0599744,0.0582748,0.0565933,0.0549321,0.0532925,0.0516764,0.0500848,0.0485193,0.0469805,0.0454697,0.0439873,0.0425344,0.0411112,0.0397184,0.0383562,0.0370251,0.0357249,0.0344563,0.0332188,0.0320129,0.0308381,0.0296946,0.0285819,0.0275003,0.0264489,0.025428,0.0244369,0.0234754,0.0225429,0.0216394,0.020764,0.0199166,0.0190964,0.0183032,0.0175362,0.0167953,0.0160794,0.0153885,0.0147217,0.0140787,0.0134586,0.0128612,0.0122857,0.0117317,0.0111984,0.0106856,0.0101924,0.00971841,0.009263,0.00882576,0.00840598,0.00800328,0.00761699,0.00724672,0.00689183,0.00655194,0.00622642,0.00591492,0.00561683,0.0053318,0.00505926,0.00479885,0.00455004,0.0043125,0.0040857,0.00386933,0.0036629,0.0034661,0.00327846,0.0030997,0.00292937,0.00276721,0.00261278,0.00246584,0.00232599,0.00219298,0.00206645,0.00194616,0.00183177,0.00172305,0.00161968,0.00152146,0.00142807,0.00133933,0.00125495,0.00117474,0.00109844,0.00102587,0.000956786,0.00089102,0.000828341,0.000768589,0.000711549,0.000657067,0.000604944,0.00055503,0.000507138,0.000461126,0.000416816,0.00037407,0.000332722,0.000292636,0.000253654,0.000215642,0.00017845,0.000141944,0.000105982,7.0429e-05
0,0.00670751,0.0133635,0.019918,0.0263231,0.0325351,0.0385144,0.0442268,0.0496435,0.0547416,0.0595035,0.0639175,0.0679765,0.0716783,0.0750244,0.0780201,0.0806732,0.0829944,0.0849958,0.0866913,0.0880953,0.0892236,0.0900917,0.0907158,0.0911116,0.0912949,0.0912808,0.0910844,0.0907198,0.090201,0.0895408,0.0887521,0.0878462,0.0868349,0.0857281,0.0845364,0.0832685,0.0819337,0.0805397,0.0790944,0.0776047,0.0760776,0.0745187,0.0729342,0.0713291,0.0697085,0.0680766,0.066438,0.0647961,0.0631549,0.0615172,0.0598863,0.0582647,0.0566552,0.0550596,0.0534803,0.051919,0.0503775,0.048857,0.0473592,0.045885,0.0444357,0.0430119,0.0416148,0.0402446,0.0389024,0.0375882,0.0363027,0.035046,0.0338186,0.0326203,0.0314516,0.030312,0.029202,0.0281211,0.0270694,0.0260466,0.0250526,0.0240869,0.0231495,0.0222398,0.0213578,0.0205027,0.0196744,0.0188722,0.018096,0.017345,0.0166191,0.0159174,0.0152397,0.0145853,0.0139539,0.0133448,0.0127576,0.0121916,0.0116466,0.0111216,0.0106165,0.0101305,0.00966328,0.0092141,0.00878264,0.00836821,0.00797046,0.00758874,0.00722269,0.00687168,0.00653536,0.00621312,0.00590462,0.00560927,0.00532674,0.00505647,0.00479814,0.00455121,0.00431536,0.00409009,0.00387509,0.00366989,0.00347419,0.00328754,0.00310965,0.0029401,0.00277861,0.00262479,0.00247838,0.002339,0.0022064,0.00208022,0.00196025,0.00184613,0.00173766,0.00163452,0.0015365,0.00144331,0.00135476,0.00127056,0.00119054,0.00111444,0.00104208,0.000973228,0.000907712,0.000845311,0.000785866,0.00072917,0.000675072,0.000623376,0.000573938,0.000526575,0.00048115,0.000437489,0.00039546,0.000354899,0.000315677,0.00027764,0.000240661,0.000204593,0.00016931,0.000134672,0.000100554,6.68207e-05
0,0.00612222,0.0121999,0.0181895,0.0240497,0.0297419,0.0352313,0.0404872,0.0454837,0.0501994,0.054618,0.0587273,0.0625201,0.0659925,0.0691449,0.0719802,0.0745045,0.0767257,0.0786539,0.0803004,0.0816778,0.0827992,0.0836784,0.0843293,0.0847662,0.0850028,0.0850532,0.0849305,0.0846482,0.0842184,0.0836537,0.0829653,0.0821644,0.0812613,0.0802661,0.0791878,0.0780357,0.0768175,0.0755414,0.0742144,0.0728434,0.0714346,0.0699941,0.0685271,0.0670389,0.065534,0.0640171,0.0624919,0.0609624,0.0594316,0.0579032,0.0563796,0.0548639,0.053358,0.0518647,0.0503854,0.0489224,0.0474769,0.0460508,0.0446451,0.0432612,0.0418999,0.0405624,0.0392492,0.0379612,0.0366988,0.0354627,0.0342531,0.0330705,0.0319149,0.0307868,0.0296859,0.0286127,0.0275668,0.0265484,0.0255571,0.0245931,0.0236559,0.0227456,0.0218615,0.0210037,0.0201716,0.0193651,0.0185835,0.0178268,0.0170943,0.0163857,0.0157004,0.0150382,0.0143984,0.0137808,0.0131846,0.0126096,0.0120551,0.0115207,0.0110059,0.0105102,0.0100331,0.00957416,0.00913275,0.00870854,0.00830088,0.00790946,0.00753362,0.00717306,0.00682714,0.00649556,0.00617771,0.00587329,0.00558171,0.00530267,0.00503563,0.00478027,0.00453607,0.00430275,0.00407979,0.00386693,0.00366368,0.00346976,0.00328474,0.00310835,0.00294016,0.00277992,0.00262724,0.00248186,0.00234342,0.00221168,0.00208629,0.00196703,0.00185358,0.00174572,0.00164314,0.00154565,0.00145295,0.00136486,0.00128111,0.00120152,0.00112584,0.0010539,0.000985466,0.000920374,0.000858408,0.000799415,0.00074319,0.000689589,0.00063842,0.000589544,0.000542783,0.000498003,0.000455036,0.000413754,0.000374,0.000335648,0.000298549,0.000262581,0.000227604,0.000193497,0.000160124,0.000127368,9.50989e-05,6.31971e-05
0,0.00558262,0.0111266,0.016594,0.0219488,0.0271572,0.0321883,0.037015,0.0416136,0.0459647,0.0500527,0.0538661,0.0573971,0.0606413,0.0635976,0.0662678,0.0686559,0.0707683,0.0726128,0.074199,0.0755373,0.076639,0.077516,0.0781806,0.0786452,0.0789223,0.0790242,0.0789632,0.0787509,0.0783991,0.0779185,0.0773203,0.0766142,0.0758103,0.0749174,0.0739447,0.0729001,0.0717916,0.0706263,0.0694113,0.0681528,0.066857,0.0655293,0.0641752,0.0627992,0.0614062,0.06,0.0585849,0.057164,0.055741,0.0543186,0.0529,0.0514873,0.0500832,0.0486896,0.0473087,0.0459419,0.0445912,0.0432577,0.041943,0.0406479,0.0393737,0.0381211,0.0368911,0.0356841,0.034501,0.033342,0.0322078,0.0310984,0.0300144,0.0289556,0.0279225,0.0269149,0.025933,0.0249765,0.0240456,0.0231399,0.0222595,0.021404,0.0205733,0.019767,0.018985,0.0182267,0.017492,0.0167803,0.0160916,0.0154251,0.0147807,0.0141578,0.013556,0.0129749,0.0124141,0.011873,0.0113513,0.0108484,0.010364,0.00989746,0.00944849,0.00901645,0.00860105,0.00820167,0.00781801,0.00744946,0.00709571,0.00675618,0.00643058,0.00611832,0.00581911,0.0055324,0.0052579,0.00499509,0.00474367,0.00450314,0.00427322,0.00405343,0.00384351,0.00364298,0.00345159,0.00326891,0.00309468,0.0029285,0.00277011,0.00261914,0.00247535,0.00233837,0.00220799,0.00208386,0.00196577,0.00185339,0.00174654,0.0016449,0.00154828,0.00145641,0.0013691,0.00128608,0.0012072,0.00113219,0.0010609,0.000993102,0.000928636,0.00086729,0.000808917,0.000753317,0.000700351,0.000649832,0.000601627,0.000555561,0.000511507,0.000469301,0.00042882,0.000389911,0.000352455,0.000316308,0.000281353,0.000247453,0.000214495,0.000182349,0.000150903,0.000120031,8.96225e-05,5.95567e-05
0,0.00508276,0.0101319,0.0151143,0.0199986,0.024755,0.0293563,0.0337781,0.0379995,0.0420024,0.0457726,0.0492988,0.0525734,0.0555914,0.0583511,0.0608528,0.0630996,0.0650959,0.0668483,0.0683644,0.0696532,0.070724,0.0715875,0.072254,0.0727348,0.0730406,0.0731827,0.0731719,0.0730191,0.0727344,0.0723283,0.0718104,0.0711901,0.0704764,0.069678,0.0688027,0.0678585,0.0668525,0.0657917,0.0646824,0.0635309,0.0623425,0.0611229,0.0598768,0.0586089,0.0573234,0.0560246,0.0547157,0.0534005,0.052082,0.0507632,0.0494466,0.0481349,0.0468301,0.0455346,0.0442498,0.0429779,0.04172,0.0404779,0.0392525,0.0380452,0.0368568,0.0356883,0.0345403,0.0334137,0.0323088,0.0312265,0.0301667,0.0291302,0.0281169,0.0271273,0.0261612,0.025219,0.0243005,0.0234058,0.0225347,0.0216874,0.0208633,0.0200627,0.0192849,0.0185301,0.0177978,0.0170878,0.0163996,0.0157332,0.015088,0.0144637,0.0138599,0.0132763,0.0127124,0.012168,0.0116423,0.0111353,0.0106463,0.010175,0.00972086,0.00928361,0.00886264,0.00845769,0.00806816,0.00769378,0.00733397,0.00698846,0.00665669,0.00633836,0.00603295,0.00574017,0.0054595,0.00519067,0.00493316,0.00468671,0.00445083,0.00422527,0.00400956,0.00380343,0.00360646,0.00341839,0.00323881,0.00306747,0.00290398,0.00274811,0.00259948,0.00245787,0.00232292,0.00219444,0.00207207,0.00195563,0.0018448,0.00173939,0.00163909,0.00154374,0.00145306,0.00136687,0.00128492,0.00120704,0.00113299,0.00106262,0.000995704,0.000932093,0.000871579,0.000814021,0.000759226,0.000707058,0.000657337,0.000609934,0.000564682,0.000521457,0.000480101,0.000440496,0.000402494,0.000365982,0.00033082,0.000296898,0.000264084,0.00023227,0.000201331,0.000171161,0.000141642,0.000112667,8.41225e-05,5.59029e-05
0,0.00461757,0.0092058,0.0137359,0.0181803,0.0225129,0.0267096,0.0307489,0.0346117,0.038282,0.0417462,0.0449941,0.0480179,0.0508127,0.053376,0.0557074,0.0578088,0.0596837,0.061337,0.0627751,0.0640054,0.0650361,0.0658759,0.0665343,0.0670207,0.067345,0.0675169,0.0675464,0.0674429,0.0672161,0.066875,0.0664287,0.0658856,0.0652543,0.0645422,0.0637574,0.0629065,0.0619967,0.0610341,0.060025,0.0589748,0.0578891,0.0567726,0.0556303,0.0544662,0.0532846,0.0520892,0.0508835,0.0496707,0.048454,0.0472359,0.0460191,0.0448059,0.0435985,0.0423988,0.0412087,0.0400297,0.0388634,0.037711,0.0365739,0.0354529,0.0343493,0.0332637,0.032197,0.0311497,0.0301226,0.0291159,0.0281302,0.0271657,0.0262228,0.0253016,0.0244024,0.0235249,0.0226697,0.0218363,0.021025,0.0202354,0.0194677,0.0187214,0.0179967,0.017293,0.0166104,0.0159484,0.0153069,0.0146854,0.0140837,0.0135015,0.0129384,0.012394,0.011868,0.01136,0.0108697,0.0103965,0.00994032,0.00950048,0.00907677,0.00866864,0.00827584,0.00789782,0.00753432,0.00718481,0.00684902,0.00652643,0.00621678,0.00591955,0.00563448,0.00536109,0.0050991,0.00484804,0.00460766,0.00437749,0.00415729,0.00394662,0.00374523,0.00355271,0.00336881,0.00319314,0.00302547,0.00286542,0.00271276,0.00256715,0.00242837,0.00229607,0.00217007,0.00205003,0.00193577,0.00182698,0.00172348,0.00162499,0.00153133,0.00144224,0.00135755,0.00127702,0.00120048,0.00112771,0.00105855,0.000992798,0.0009303,0.000870859,0.000814339,0.000760553,0.000709373,0.000660623,0.000614182,0.000569884,0.000527615,0.000487221,0.00044859,0.000411579,0.000376081,0.00034196,0.000309112,0.000277412,0.000246756,0.000217026,0.000188122,0.000159929,0.00013235,0.000105274,7.86039e-05,5.22346e-05
0,0.00418265,0.00833973,0.0124461,0.0164776,0.0204113,0.024226,0.0279026,0.0314241,0.0347757,0.0379455,0.0409235,0.0437025,0.0462774,0.0486454,0.0508056,0.052759,0.054508,0.0560568,0.0574103,0.0585747,0.059557,0.0603647,0.0610059,0.061489,0.0618224,0.0620152,0.0620757,0.0620129,0.061835,0.0615507,0.0611677,0.0606942,0.0601375,0.0595051,0.0588036,0.0580399,0.05722,0.0563501,0.0554355,0.0544819,0.0534938,0.0524762,0.0514332,0.0503692,0.0492878,0.0481926,0.0470868,0.0459737,0.0448558,0.043736,0.0426165,0.0414998,0.0403876,0.039282,0.0381846,0.0370971,0.0360207,0.0349569,0.0339066,0.0328711,0.031851,0.0308475,0.029861,0.0288924,0.027942,0.0270105,0.026098,0.0252052,0.024332,0.0234789,0.0226459,0.0218331,0.0210405,0.0202683,0.0195162,0.0187844,0.0180725,0.0173807,0.0167086,0.0160561,0.0154229,0.0148089,0.0142137,0.0136372,0.0130789,0.0125387,0.0120161,0.0115109,0.0110227,0.0105513,0.0100961,0.00965696,0.00923337,0.00882512,0.00843167,0.00805281,0.00768803,0.00733709,0.00699949,0.006675,0.00636311,0.00606358,0.00577595,0.00549995,0.00523514,0.00498125,0.00473786,0.00450471,0.00428137,0.00406761,0.00386302,0.00366735,0.00348022,0.00330141,0.00313052,0.00296735,0.00281153,0.00266286,0.002521,0.00238574,0.00225676,0.00213386,0.00201675,0.00190524,0.00179904,0.00169798,0.00160178,0.00151028,0.00142322,0.00134045,0.00126173,0.00118691,0.00111576,0.00104815,0.000983867,0.000922772,0.000864674,0.000809445,0.000756903,0.000706927,0.000659348,0.00061405,0.000570875,0.000529714,0.000490418,0.000452881,0.000416968,0.000382574,0.000349572,0.000317863,0.000287326,0.000257865,0.000229366,0.000201736,0.000174865,0.000148662,0.000123023,9.78573e-05,7.3065e-05,4.85548e-05
0,0.0037742,0.0075261,0.0112338,0.0148761,0.018433,0.0218858,0.0252176,0.0284131,0.0314593,0.034345,0.0370613,0.0396013,0.04196,0.0441343,0.0461231,0.0479267,0.0495468,0.0509865,0.05225,0.0533423,0.0542694,0.0550375,0.0556538,0.0561254,0.0564601,0.0566653,0.056749,0.0567187,0.0565821,0.0563467,0.0560199,0.0556087,0.0551201,0.0545604,0.0539363,0.0532536,0.0525182,0.0517355,0.0509107,0.0500485,0.0491539,0.0482308,0.0472835,0.0463157,0.0453311,0.0443328,0.0433241,0.0423076,0.0412862,0.0402622,0.0392379,0.0382154,0.0371967,0.0361833,0.0351772,0.0341794,0.0331917,0.0322149,0.0312505,0.0302991,0.0293618,0.0284393,0.0275324,0.0266414,0.0257673,0.0249101,0.0240704,0.0232485,0.0224447,0.0216591,0.020892,0.0201432,0.0194132,0.0187016,0.0180087,0.0173342,0.0166782,0.0160404,0.0154208,0.0148192,0.0142354,0.0136691,0.0131203,0.0125885,0.0120736,0.0115752,0.0110932,0.0106271,0.0101768,0.00974173,0.00932181,0.00891652,0.0085257,0.00814887,0.00778583,0.00743609,0.00709947,0.00677548,0.00646392,0.00616431,0.00587645,0.00559989,0.0053344,0.00507954,0.0048351,0.00460064,0.00437596,0.00416064,0.00395446,0.00375704,0.00356816,0.00338743,0.00321467,0.0030495,0.00289172,0.00274099,0.00259713,0.00245979,0.0023288,0.00220385,0.00208475,0.00197122,0.00186308,0.00176005,0.00166198,0.00156861,0.00147977,0.00139523,0.00131484,0.00123837,0.00116567,0.00109653,0.00103083,0.000968355,0.000908985,0.000852531,0.000798874,0.00074784,0.000699312,0.000653131,0.000609187,0.000567328,0.00052745,0.000489413,0.000453117,0.00041843,0.000385256,0.000353474,0.000322989,0.000293687,0.000265478,0.000238254,0.000211927,0.000186394,0.00016157,0.000137357,0.00011367,9.04159e-05,6.75102e-05,4.48626e-05
0,0.00338886,0.00675831,0.0100893,0.0133633,0.0165628,0.0196715,0.0226743,0.0255579,0.0283104,0.030922,0.0333842,0.0356908,0.037837,0.0398198,0.0416375,0.0432902,0.044779,0.0461062,0.0472752,0.0482903,0.0491561,0.0498784,0.050463,0.0509164,0.0512449,0.0514556,0.051555,0.0515502,0.0514478,0.0512546,0.0509771,0.0506219,0.0501948,0.0497022,0.0491496,0.0485427,0.0478864,0.0471861,0.0464462,0.0456715,0.0448659,0.0440337,0.0431783,0.0423035,0.0414123,0.0405081,0.0395935,0.0386712,0.0377437,0.0368133,0.035882,0.034952,0.0340247,0.0331021,0.0321854,0.0312762,0.0303756,0.0294849,0.028605,0.0277368,0.0268812,0.0260389,0.0252105,0.0243968,0.0235979,0.0228146,0.022047,0.0212957,0.0205606,0.0198422,0.0191405,0.0184556,0.0177876,0.0171365,0.0165023,0.015885,0.0152844,0.0147007,0.0141333,0.0135825,0.0130479,0.0125294,0.0120267,0.0115397,0.011068,0.0106115,0.0101699,0.00974291,0.00933022,0.00893166,0.0085468,0.00817548,0.00781727,0.00747198,0.00713919,0.00681871,0.00651011,0.0062132,0.00592755,0.00565296,0.00538903,0.00513554,0.0048921,0.0046585,0.00443434,0.00421943,0.00401338,0.003816,0.00362691,0.00344592,0.00327268,0.003107,0.00294854,0.00279711,0.00265239,0.0025142,0.00238223,0.00225631,0.00213615,0.00202158,0.00191233,0.00180822,0.00170902,0.00161455,0.00152458,0.00143896,0.00135746,0.00127993,0.00120617,0.00113604,0.00106934,0.00100594,0.00094566,0.000888368,0.000833893,0.000782121,0.000732887,0.000686084,0.000641556,0.000599203,0.00055888,0.000520489,0.000483897,0.000449011,0.000415705,0.000383891,0.000353451,0.000324299,0.000296326,0.000269448,0.000243564,0.000218591,0.000194434,0.000171012,0.000148234,0.000126022,0.000104288,8.2955e-05,6.19383e-05,4.11607e-05
0,0.00302366,0.00603049,0.00900394,0.0119279,0.0147872,0.0175675,0.0202556,0.0228396,0.0253092,0.0276554,0.0298708,0.0319494,0.0338869,0.0356802,0.0373277,0.0388289,0.0401847,0.0413967,0.0424677,0.043401,0.0442008,0.0448717,0.045419,0.0458479,0.0461642,0.0463738,0.0464828,0.046497,0.0464225,0.0462653,0.0460313,0.045726,0.0453551,0.044924,0.0444378,0.0439015,0.0433198,0.0426973,0.0420383,0.0413467,0.0406266,0.0398814,0.0391147,0.0383295,0.0375291,0.036716,0.035893,0.0350625,0.0342267,0.0333878,0.0325477,0.031708,0.0308707,0.030037,0.0292086,0.0283865,0.027572,0.026766,0.0259697,0.0251836,0.0244089,0.0236459,0.0228955,0.0221579,0.021434,0.0207238,0.0200279,0.0193465,0.0186799,0.0180281,0.0173915,0.01677,0.0161638,0.0155728,0.0149972,0.0144368,0.0138916,0.0133615,0.0128464,0.0123461,0.0118607,0.0113896,0.0109331,0.0104906,0.0100622,0.00964738,0.00924618,0.00885817,0.00848324,0.008121,0.00777132,0.0074338,0.00710829,0.00679441,0.00649198,0.00620062,0.00592016,0.00565021,0.00539059,0.00514092,0.00490102,0.00467052,0.00444923,0.0042368,0.00403303,0.00383758,0.00365027,0.00347075,0.00329885,0.00313424,0.00297674,0.00282604,0.00268197,0.00254422,0.00241264,0.00228694,0.00216695,0.0020524,0.00194314,0.00183892,0.00173957,0.00164487,0.00155466,0.00146871,0.0013869,0.001309,0.00123489,0.00116436,0.00109728,0.00103347,0.000972817,0.000915133,0.000860309,0.00080818,0.000758639,0.000711531,0.000666756,0.000624168,0.000583672,0.000545133,0.00050846,0.000473526,0.000440246,0.000408501,0.000378208,0.000349258,0.000321571,0.000295044,0.0002696,0.000245143,0.000221598,0.000198874,0.0001769,0.000155587,0.000134867,0.000114656,9.48841e-05,7.54733e-05,5.63532e-05,3.74484e-05
0,0.00267597,0.00533743,0.00797005,0.01056,0.013094,0.0155596,0.0179455,0.0202411,0.0224374,0.0245263,0.0265014,0.0283571,0.0300894,0.0316956,0.0331737,0.0345234,0.0357449,0.0368396,0.0378096,0.0386577,0.0393873,0.0400024,0.0405072,0.0409065,0.0412051,0.0414082,0.041521,0.0415487,0.0414965,0.0413699,0.0411738,0.0409134,0.0405936,0.0402191,0.0397946,0.0393245,0.038813,0.0382644,0.0376821,0.0370703,0.036432,0.0357708,0.0350895,0.0343913,0.0336787,0.0329543,0.0322205,0.0314795,0.0307334,0.029984,0.0292331,0.0284825,0.0277334,0.0269874,0.0262457,0.0255095,0.0247798,0.0240576,0.0233437,0.0226391,0.0219442,0.0212599,0.0205866,0.0199248,0.019275,0.0186375,0.0180127,0.0174009,0.0168021,0.0162167,0.0156448,0.0150865,0.0145417,0.0140107,0.0134933,0.0129897,0.0124996,0.012023,0.0115599,0.0111102,0.0106735,0.0102501,0.00983939,0.00944151,0.00905609,0.00868307,0.00832212,0.00797314,0.00763579,0.00730996,0.00699529,0.00669167,0.00639874,0.00611635,0.00584417,0.00558203,0.0053296,0.0050867,0.00485301,0.00462835,0.0044124,0.00420498,0.00400577,0.0038146,0.00363115,0.00345525,0.00328661,0.00312505,0.00297027,0.00282212,0.0026803,0.00254467,0.00241493,0.00229096,0.00217247,0.00205932,0.00195127,0.00184816,0.00174977,0.00165595,0.00156648,0.00148123,0.00139999,0.00132262,0.00124894,0.00117881,0.00111206,0.00104857,0.000988154,0.000930713,0.000876079,0.000824149,0.000774768,0.000727837,0.000683214,0.000640803,0.000600471,0.000562129,0.000525652,0.000490954,0.00045792,0.000426468,0.000396489,0.000367907,0.00034062,0.000314554,0.000289614,0.000265728,0.000242809,0.000220787,0.000199578,0.000179116,0.000159322,0.00014013,0.000121466,0.000103265,8.54563e-05,6.79755e-05,5.07539e-05,3.37282e-05
0,0.00234342,0.0046744,0.00698069,0.0092504,0.0114722,0.0136352,0.0157298,0.0177468,0.0196782,0.0215172,0.0232578,0.0248952,0.0264259,0.027847,0.0291571,0.0303552,0.0314418,0.0324175,0.0332843,0.0340442,0.0347001,0.0352554,0.0357136,0.0360787,0.036355,0.0365467,0.0366585,0.0366947,0.0366601,0.0365591,0.0363964,0.0361761,0.0359029,0.0355807,0.0352137,0.0348058,0.0343608,0.0338821,0.0333734,0.0328377,0.0322783,0.031698,0.0310996,0.0304855,0.0298584,0.0292204,0.0285737,0.0279201,0.0272618,0.0266001,0.025937,0.0252736,0.0246115,0.0239517,0.0232957,0.0226442,0.0219983,0.0213588,0.0207267,0.0201024,0.0194869,0.0188803,0.0182836,0.0176969,0.0171207,0.0165554,0.0160012,0.0154584,0.0149273,0.0144078,0.0139004,0.0134048,0.0129214,0.0124499,0.0119907,0.0115435,0.0111084,0.0106852,0.0102739,0.00987445,0.00948674,0.00911053,0.00874581,0.0083923,0.00804997,0.00771852,0.00739789,0.00708776,0.00678807,0.00649849,0.00621893,0.00594906,0.00568879,0.00543779,0.00519593,0.00496291,0.00473859,0.00452266,0.00431498,0.00411525,0.00392332,0.00373891,0.00356186,0.00339188,0.00322883,0.00307243,0.00292253,0.00277887,0.00264129,0.00250955,0.00238349,0.00226287,0.00214755,0.00203729,0.00193196,0.00183134,0.00173528,0.00164358,0.00155611,0.00147267,0.00139313,0.00131731,0.00124508,0.00117627,0.00111076,0.00104838,0.000989038,0.000932559,0.000878847,0.000827752,0.000779178,0.000732984,0.00068908,0.000647333,0.000607658,0.000569931,0.00053407,0.000499962,0.000467529,0.000436662,0.000407289,0.00037931,0.000352653,0.000327227,0.000302963,0.000279774,0.000257597,0.000236349,0.000215968,0.000196377,0.000177516,0.000159314,0.000141711,0.000124638,0.00010804,9.18493e-05,7.60105e-05,6.04609e-05,4.5144e-05,2.99996e-05
0,0.00202384,0.00403714,0.00602953,0.00799093,0.00991167,0.0117826,0.0135954,0.0153423,0.0170164,0.0186117,0.0201231,0.0215466,0.0228786,0.0241169,0.02526,0.026307,0.027258,0.0281137,0.0288753,0.0295446,0.030124,0.0306163,0.0310243,0.0313515,0.0316013,0.0317776,0.0318841,0.0319247,0.0319033,0.0318238,0.0316901,0.0315061,0.0312754,0.0310017,0.0306885,0.0303393,0.0299572,0.0295455,0.0291071,0.0286449,0.0281614,0.0276594,0.0271412,0.0266091,0.0260652,0.0255115,0.0249499,0.0243821,0.0238098,0.0232344,0.0226573,0.02208,0.0215034,0.0209289,0.0203572,0.0197895,0.0192265,0.018669,0.0181176,0.0175731,0.017036,0.0165068,0.0159859,0.0154738,0.0149707,0.0144771,0.0139931,0.0135191,0.0130551,0.0126014,0.0121579,0.011725,0.0113025,0.0108906,0.0104891,0.0100983,0.00971786,0.00934796,0.00898839,0.00863919,0.00830013,0.00797122,0.00765224,0.00734316,0.00704372,0.0067539,0.00647341,0.00620221,0.00594003,0.00568677,0.00544218,0.00520615,0.00497842,0.00475887,0.00454724,0.00434341,0.00414711,0.00395822,0.00377648,0.00360175,0.00343379,0.00327245,0.00311749,0.00296878,0.00282607,0.00268924,0.00255804,0.00243234,0.00231192,0.00219664,0.0020863,0.00198076,0.00187981,0.00178333,0.00169113,0.00160307,0.00151898,0.00143874,0.00136216,0.00128915,0.00121951,0.00115316,0.00108992,0.00102971,0.000972353,0.000917769,0.000865809,0.000816383,0.000769356,0.000724641,0.000682111,0.000641684,0.000603242,0.000566706,0.000531966,0.000498949,0.000467549,0.000437698,0.000409298,0.000382284,0.000356564,0.000332076,0.000308735,0.00028648,0.000265234,0.000244938,0.000225519,0.000206921,0.000189074,0.000171926,0.000155412,0.000139479,0.000124065,0.000109121,9.4587e-05,8.04141e-05,6.65461e-05,5.29336e-05,3.9523e-05,2.62648e-05
0,0.00171526,0.00342175,0.00511081,0.00677401,0.00840331,0.00999107,0.0115302,0.0130143,0.0144375,0.0157947,0.0170817,0.0182947,0.019431,0.0204885,0.0214658,0.0223621,0.0231773,0.0239119,0.0245669,0.0251438,0.0256444,0.0260708,0.0264257,0.0267117,0.0269318,0.027089,0.0271867,0.027228,0.0272162,0.0271545,0.0270465,0.026895,0.0267036,0.026475,0.0262125,0.0259188,0.0255968,0.0252491,0.0248783,0.0244868,0.024077,0.023651,0.0232109,0.0227586,0.0222961,0.0218249,0.0213467,0.020863,0.0203753,0.0198847,0.0193925,0.0188999,0.0184079,0.0179173,0.0174292,0.0169443,0.0164633,0.0159869,0.0155157,0.0150502,0.014591,0.0141384,0.013693,0.0132549,0.0128246,0.0124022,0.0119882,0.0115825,0.0111854,0.010797,0.0104174,0.0100467,0.00968506,0.00933231,0.00898862,0.00865387,0.00832814,0.0080113,0.00770338,0.00740422,0.00711383,0.00683204,0.00655882,0.00629398,0.00603749,0.00578913,0.00554885,0.00531643,0.00509181,0.00487476,0.0046652,0.0044629,0.00426777,0.00407959,0.00389825,0.00372352,0.00355532,0.00339339,0.00323765,0.00308786,0.00294391,0.0028056,0.0026728,0.0025453,0.002423,0.00230567,0.00219323,0.00208545,0.00198224,0.0018834,0.00178882,0.00169832,0.0016118,0.00152907,0.00145004,0.00137453,0.00130245,0.00123364,0.001168,0.00110538,0.0010457,0.000988793,0.000934588,0.000882945,0.000833782,0.000786969,0.000742429,0.000700039,0.000659726,0.000621376,0.000584918,0.000550246,0.000517291,0.000485956,0.000456175,0.000427856,0.000400938,0.000375335,0.000350989,0.000327818,0.000305769,0.000284765,0.000264754,0.000245667,0.000227452,0.000210044,0.000193395,0.000177443,0.000162142,0.000147435,0.000133275,0.000119609,0.000106394,9.35764e-05,8.11146e-05,6.89592e-05,5.70678e-05,4.53934e-05,3.38937e-05,2.25234e-05
0,0.00141587,0.0028246,0.00421914,0.00559264,0.00693851,0.00825055,0.00952295,0.0107504,0.0119282,0.0130521,0.0141184,0.0151244,0.0160674,0.0169458,0.0177583,0.0185044,0.0191837,0.0197966,0.0203439,0.0208268,0.0212465,0.0216051,0.0219043,0.0221465,0.022334,0.0224694,0.0225552,0.0225941,0.0225888,0.022542,0.0224565,0.0223348,0.0221795,0.0219934,0.0217787,0.021538,0.0212734,0.0209874,0.0206819,0.0203591,0.0200207,0.0196688,0.0193049,0.0189307,0.0185477,0.0181575,0.0177613,0.0173603,0.0169558,0.0165489,0.0161405,0.0157316,0.0153231,0.0149157,0.0145102,0.0141074,0.0137076,0.0133117,0.01292,0.012533,0.0121511,0.0117748,0.0114042,0.0110398,0.0106818,0.0103305,0.00998585,0.00964827,0.00931775,0.00899451,0.00867854,0.00837,0.00806885,0.00777521,0.007489,0.00721031,0.00693903,0.00667522,0.00641874,0.00616963,0.00592774,0.00569307,0.00546546,0.00524489,0.0050312,0.00482434,0.00462415,0.00443056,0.00424339,0.00406259,0.00388796,0.00371944,0.00355684,0.00340007,0.00324894,0.00310338,0.00296319,0.00282829,0.00269848,0.00257368,0.00245371,0.00233847,0.00222777,0.00212154,0.0020196,0.00192184,0.00182811,0.0017383,0.00165227,0.00156991,0.00149106,0.00141565,0.00134352,0.00127459,0.0012087,0.00114578,0.00108569,0.00102835,0.000973628,0.000921447,0.000871684,0.000824264,0.000779072,0.000736036,0.000695046,0.000656034,0.000618898,0.000583572,0.00054996,0.000518001,0.000487602,0.000458707,0.000431229,0.000405115,0.000380283,0.000356682,0.000334238,0.0003129,0.0002926,0.000273289,0.000254904,0.000237398,0.000220713,0.000204805,0.000189616,0.000175108,0.000161225,0.00014793,0.000135172,0.000122913,0.000111107,9.9716e-05,8.86967e-05,7.80129e-05,6.76225e-05,5.74901e-05,4.75756e-05,3.78437e-05,2.82561e-05,1.87774e-05
0,0.00112396,0.00224231,0.00334953,0.00444023,0.00550925,0.00655167,0.00756297,0.00853892,0.00947578,0.0103702,0.0112194,0.0120208,0.0127727,0.0134735,0.0141223,0.0147185,0.0152619,0.0157527,0.0161915,0.016579,0.0169166,0.0172054,0.017447,0.0176432,0.0177959,0.017907,0.0179785,0.0180125,0.0180113,0.0179768,0.0179113,0.0178168,0.0176955,0.0175493,0.0173803,0.0171903,0.0169812,0.0167548,0.0165127,0.0162566,0.0159881,0.0157084,0.0154192,0.0151216,0.014817,0.0145063,0.0141908,0.0138715,0.0135492,0.0132248,0.0128993,0.0125732,0.0122474,0.0119224,0.0115989,0.0112774,0.0109584,0.0106423,0.0103295,0.0100205,0.00971559,0.00941499,0.00911905,0.00882794,0.00854195,0.00826119,0.00798587,0.00771607,0.00745198,0.00719361,0.0069411,0.00669445,0.00645376,0.00621899,0.00599022,0.00576738,0.00555053,0.00533957,0.00513453,0.00493531,0.00474191,0.00455423,0.00437224,0.00419582,0.00402495,0.00385949,0.0036994,0.00354454,0.00339487,0.00325023,0.00311058,0.00297576,0.00284572,0.00272029,0.00259943,0.00248297,0.00237085,0.00226291,0.00215909,0.00205923,0.00196327,0.00187106,0.00178252,0.00169752,0.00161597,0.00153775,0.00146277,0.00139091,0.00132209,0.00125618,0.00119311,0.00113276,0.00107507,0.0010199,0.000967192,0.000916837,0.000868768,0.000822877,0.000779102,0.00073734,0.000697531,0.000659579,0.000623427,0.000588983,0.000556192,0.000524968,0.00049526,0.000466986,0.000440097,0.000414517,0.000390198,0.00036707,0.000345089,0.000324186,0.000304321,0.00028543,0.000267474,0.000250395,0.000234154,0.000218698,0.000203989,0.000189977,0.000176628,0.000163895,0.000151743,0.00014013,0.000129023,0.000118381,0.000108174,9.83618e-05,8.89155e-05,7.97985e-05,7.09816e-05,6.24306e-05,5.41166e-05,4.6007e-05,3.80736e-05,3.02848e-05,2.26127e-05,1.50269e-05
0,0.000837919,0.0016717,0.00249725,0.0033106,0.00410791,0.00488557,0.00564019,0.00636867,0.00706819,0.00773631,0.00837085,0.00897006,0.00953246,0.010057,0.0105428,0.0109896,0.011397,0.0117654,0.012095,0.0123864,0.0126405,0.0128582,0.0130408,0.0131894,0.0133054,0.0133903,0.0134456,0.0134728,0.0134736,0.0134495,0.013402,0.0133329,0.0132435,0.0131355,0.0130103,0.0128693,0.012714,0.0125455,0.0123653,0.0121745,0.0119743,0.0117658,0.01155,0.0113278,0.0111003,0.0108682,0.0106325,0.0103938,0.0101528,0.00991027,0.00966674,0.00942284,0.00917903,0.00893586,0.00869371,0.00845306,0.0082142,0.00797755,0.00774336,0.00751197,0.00728356,0.00705843,0.00683672,0.00661867,0.00640438,0.00619405,0.00598773,0.00578559,0.00558765,0.00539405,0.00520478,0.00501995,0.00483952,0.00466357,0.00449206,0.00432505,0.00416246,0.00400433,0.0038506,0.00370126,0.00355624,0.00341555,0.00327908,0.00314682,0.00301868,0.00289464,0.00277458,0.00265848,0.00254622,0.00243778,0.00233304,0.00223196,0.00213442,0.00204038,0.00194972,0.00186239,0.00177829,0.00169736,0.00161948,0.0015446,0.00147262,0.00140347,0.00133705,0.00127331,0.00121214,0.00115348,0.00109723,0.00104334,0.000991715,0.00094229,0.000894976,0.000849721,0.000806433,0.000765062,0.00072552,0.000687758,0.000651694,0.000617279,0.000584436,0.000553117,0.000523249,0.000494788,0.000467663,0.000441832,0.000417229,0.000393813,0.000371523,0.000350319,0.000330143,0.000310959,0.000292712,0.000275368,0.000258874,0.000243198,0.000228292,0.000214125,0.000200652,0.000187843,0.000175657,0.000164065,0.000153028,0.000142519,0.000132503,0.000122953,0.000113835,0.000105125,9.6791e-05,8.88094e-05,8.11503e-05,7.37909e-05,6.67031e-05,5.98648e-05,5.32495e-05,4.68355e-05,4.05976e-05,3.45146e-05,2.85623e-05,2.27198e-05,1.69638e-05,1.12732e-05
0,0.000556227,0.00110972,0.00165779,0.00219781,0.00272725,0.00324371,0.00374497,0.00422897,0.00469385,0.00513796,0.00555989,0.00595845,0.00633267,0.00668181,0.00700535,0.00730298,0.0075746,0.00782026,0.00804022,0.00823485,0.00840471,0.0085504,0.00867271,0.00877244,0.00885052,0.00890787,0.00894552,0.00896447,0.0089658,0.00895051,0.00891971,0.00887439,0.00881562,0.00874437,0.00866165,0.00856838,0.00846551,0.00835388,0.00823439,0.0081078,0.00797492,0.00783643,0.00769308,0.00754547,0.00739426,0.00723999,0.00708323,0.00692447,0.0067642,0.00660284,0.00644083,0.0062785,0.00611626,0.00595438,0.00579321,0.00563297,0.00547397,0.00531637,0.00516044,0.00500632,0.00485423,0.00470426,0.0045566,0.00441134,0.00426861,0.00412846,0.00399103,0.00385634,0.00372448,0.00359546,0.00346937,0.00334619,0.00322597,0.00310871,0.00299443,0.00288311,0.00277478,0.00266938,0.00256693,0.00246739,0.00237075,0.00227696,0.00218602,0.00209785,0.00201245,0.00192976,0.00184974,0.00177234,0.00169753,0.00162523,0.00155542,0.00148802,0.00142301,0.00136031,0.00129989,0.00124166,0.00118561,0.00113164,0.00107974,0.00102981,0.000981831,0.000935724,0.000891455,0.000848951,0.000808176,0.000769061,0.00073157,0.000695634,0.00066122,0.000628262,0.000596724,0.000566545,0.000537691,0.000510102,0.000483745,0.000458563,0.000434523,0.000411573,0.00038968,0.000368794,0.000348885,0.000329904,0.000311823,0.000294596,0.000278196,0.00026258,0.000247722,0.000233581,0.000220132,0.000207338,0.000195175,0.000183607,0.000172612,0.000162158,0.000152221,0.000142773,0.000133792,0.000125249,0.000117126,0.000109394,0.000102037,9.50287e-05,8.83516e-05,8.19823e-05,7.59042e-05,7.00953e-05,6.45395e-05,5.92164e-05,5.41105e-05,4.92024e-05,4.44773e-05,3.99168e-05,3.55065e-05,3.12291e-05,2.70703e-05,2.30138e-05,1.90453e-05,1.51492e-05,1.13114e-05,7.51679e-06
