0,0,0,0,0,0,0,0,0,0,0,0,0,0,0,0,0,0,0,0,0,0,0,0,0,0,0,0,0,0,0,0,0,0,0,0,0,0,0,0,0,0,0,0,0,0,0,0,0,0,0,0,0,0,0,0,0,0,0,0,0,0,0,0,0,0,0,0,0,0,0,0,0,0,0,0,0,0,0,0,0,0,0,0,0,0,0,0,0,0,0,0,0,0,0,0,0,0,0,0,0,0,0,0,0,0,0,0,0,0,0,0,0,0,0,0,0,0,0,0,0,0,0,0,0,0,0,0,0,0,0,0,0,0,0,0,0,0,0,0,0,0,0,0,0,0,0,0,0,0,0,0,0,0,0,0,0,0,0,0,0
0,0.000256577,0.000511826,0.000764433,0.00101313,0.00125667,0.00149391,0.00172375,0.00194521,0.00215738,0.00235947,0.00255079,0.00273079,0.00289898,0.00305504,0.00319871,0.00332987,0.00344846,0.00355456,0.00364828,0.00372986,0.00379953,0.00385768,0.00390464,0.00394088,0.00396683,0.00398301,0.00398988,0.003988,0.00397787,0.00396005,0.00393504,0.00390339,0.00386559,0.00382218,0.00377361,0.00372038,0.00366294,0.00360174,0.00353718,0.00346968,0.0033996,0.00332732,0.00325316,0.00317746,0.00310049,0.00302257,0.00294392,0.00286482,0.00278546,0.00270608,0.00262684,0.00254795,0.00246955,0.0023918,0.00231482,0.00223875,0.00216368,0.00208973,0.00201696,0.00194548,0.00187533,0.00180659,0.00173929,0.00167349,0.00160922,0.00154651,0.00148538,0.00142587,0.00136795,0.00131166,0.00125699,0.00120395,0.00115251,0.00110269,0.00105445,0.0010078,0.000962707,0.00091916,0.000877122,0.000836587,0.000797511,0.000759884,0.000723659,0.000688826,0.000655334,0.000623169,0.000592283,0.000562658,0.000534246,0.000507028,0.000480956,0.000456009,0.000432141,0.000409331,0.000387532,0.000366723,0.00034686,0.000327921,0.000309863,0.000292664,0.000276284,0.000260701,0.000245876,0.000231787,0.000218399,0.000205689,0.000193624,0.000182184,0.000171335,0.000161059,0.000151324,0.000142113,0.000133396,0.000125157,0.000117369,0.000110014,0.000103069,9.6518e-05,9.03374e-05,8.45133e-05,7.90242e-05,7.38567e-05,6.89911e-05,6.44151e-05,6.01104e-05,5.60657e-05,5.22641e-05,4.86953e-05,4.53438e-05,4.22002e-05,3.92503e-05,3.64853e-05,3.38925e-05,3.14637e-05,2.91874e-05,2.70561e-05,2.50594e-05,2.31904e-05,2.14396e-05,1.98007e-05,1.82652e-05,1.68273e-05,1.54792e-05,1.42157e-05,1.30297e-05,1.19164e-05,1.08693e-05,9.88402e-06,8.95472e-06,8.07716e-06,7.24611e-06,6.45757e-06,5.70675e-06,4.98985e-06,4.30243e-06,3.64087e-06,3.00102e-06,2.37936e-06,1.77198e-06,1.1754e-06
0,0.000514585,0.00102649,0.00153309,0.0020318,0.00252015,0.00299581,0.0034566,0.00390051,0.00432574,0.00473069,0.00511401,0.00547454,0.00581138,0.0061238,0.00641138,0.0066738,0.00691104,0.00712317,0.0073105,0.00747342,0.00761254,0.00772849,0.00782208,0.00789414,0.00794564,0.00797751,0.00799082,0.00798656,0.00796585,0.0079297,0.00787922,0.00781542,0.00773938,0.00765207,0.00755451,0.00744761,0.00733233,0.00720951,0.00708003,0.00694464,0.00680416,0.00665924,0.00651063,0.00635891,0.00620473,0.00604859,0.00589107,0.0057326,0.00557369,0.0054147,0.00525607,0.00509808,0.00494114,0.00478546,0.00463138,0.00447908,0.00432884,0.00418079,0.00403518,0.00389208,0.00375171,0.00361412,0.00347946,0.00334778,0.00321918,0.00309369,0.0029714,0.00285228,0.00273642,0.00262378,0.00251442,0.00240827,0.00230538,0.00220569,0.00210921,0.00201586,0.00192566,0.00183852,0.00175445,0.00167334,0.00159519,0.0015199,0.00144745,0.00137776,0.00131078,0.00124642,0.00118465,0.00112538,0.00106856,0.0010141,0.000961966,0.000912054,0.000864325,0.000818687,0.000775097,0.000733464,0.000693746,0.000655854,0.000619745,0.000585335,0.000552582,0.000521405,0.000491761,0.000463574,0.000436804,0.000411376,0.000387253,0.000364364,0.000342672,0.000322112,0.000302649,0.00028422,0.000266792,0.000250309,0.000234736,0.000220023,0.000206137,0.00019303,0.000180673,0.000169021,0.000158046,0.000147708,0.00013798,0.000128825,0.000120219,0.000112126,0.000104526,9.73858e-05,9.06856e-05,8.4396e-05,7.84985e-05,7.29666e-05,6.77831e-05,6.29238e-05,5.83731e-05,5.41091e-05,5.01173e-05,4.63779e-05,4.28777e-05,3.95989e-05,3.65291e-05,3.36523e-05,3.09573e-05,2.84295e-05,2.60585e-05,2.38311e-05,2.17378e-05,1.97667e-05,1.79088e-05,1.61532e-05,1.44917e-05,1.29142e-05,1.1413e-05,9.97895e-06,8.60452e-06,7.28119e-06,6.0018e-06,4.75835e-06,3.54382e-06,2.35063e-06
0,0.000775469,0.00154688,0.00231024,0.00306164,0.00379734,0.00451381,0.00520772,0.00587609,0.00651616,0.00712555,0.00770218,0.00824436,0.00875068,0.00922016,0.00965205,0.010046,0.0104019,0.01072,0.0110006,0.0112445,0.0114525,0.0116256,0.0117651,0.0118722,0.0119484,0.0119951,0.0120139,0.0120063,0.011974,0.0119186,0.0118416,0.0117448,0.0116295,0.0114974,0.0113499,0.0111886,0.0110146,0.0108294,0.0106341,0.0104302,0.0102186,0.0100004,0.00977667,0.00954839,0.00931637,0.00908155,0.00884461,0.00860637,0.00836742,0.00812846,0.00788999,0.00765261,0.00741673,0.00718287,0.00695134,0.0067226,0.00649688,0.00627457,0.00605583,0.00584098,0.00563015,0.00542359,0.00522136,0.00502369,0.00483059,0.00464223,0.00445861,0.00427984,0.00410589,0.00393686,0.00377267,0.00361339,0.00345893,0.00330934,0.00316451,0.00302446,0.00288907,0.00275834,0.00263214,0.00251045,0.00239316,0.00228021,0.00217148,0.00206693,0.0019664,0.00186986,0.00177717,0.00168826,0.00160299,0.0015213,0.00144306,0.0013682,0.00129657,0.00122812,0.0011627,0.00110026,0.00104066,0.000983829,0.000929644,0.000878038,0.000828889,0.000782131,0.000737648,0.000695377,0.000655206,0.000617073,0.000580874,0.00054655,0.000514,0.000483169,0.000453962,0.000426327,0.000400176,0.000375458,0.000352091,0.000330028,0.000309192,0.000289538,0.000270996,0.000253524,0.000237056,0.000221554,0.000206958,0.00019323,0.000180316,0.000168182,0.000156778,0.000146072,0.000136018,0.000126588,0.000117739,0.000109444,0.000101666,9.43803e-05,8.75521e-05,8.11587e-05,7.51691e-05,6.95625e-05,6.43106e-05,5.93944e-05,5.47884e-05,5.04751e-05,4.64314e-05,4.26412e-05,3.90837e-05,3.57441e-05,3.26033e-05,2.96478e-05,2.68602e-05,2.42279e-05,2.17351e-05,1.93698e-05,1.71177e-05,1.49673e-05,1.29053e-05,1.09209e-05,9.00167e-06,7.13696e-06,5.31512e-06,3.52566e-06
0,0.00104072,0.00207594,0.00310026,0.00410838,0.00509528,0.00605614,0.00698653,0.00788235,0.00873996,0.00955611,0.0103281,0.0110535,0.0117307,0.0123581,0.012935,0.0134608,0.0139355,0.0143592,0.0147328,0.015057,0.0153331,0.0155624,0.0157467,0.0158876,0.0159871,0.0160472,0.0160701,0.0160578,0.0160125,0.0159363,0.0158314,0.0157,0.0155442,0.0153659,0.0151672,0.0149499,0.0147161,0.0144672,0.0142052,0.0139315,0.0136478,0.0133553,0.0130556,0.0127498,0.0124392,0.0121248,0.0118078,0.011489,0.0111694,0.0108498,0.010531,0.0102136,0.0098984,0.0095858,0.00927648,0.00897081,0.00866932,0.0083723,0.00808021,0.00779322,0.00751174,0.00723586,0.00696592,0.00670195,0.00644423,0.00619274,0.00594769,0.00570903,0.00547692,0.00525128,0.00503221,0.00481962,0.00461356,0.00441391,0.00422071,0.0040338,0.0038532,0.00367875,0.00351043,0.00334806,0.00319161,0.00304091,0.0028959,0.0027564,0.00262235,0.00249355,0.00236993,0.00225132,0.00213762,0.00202864,0.00192431,0.00182444,0.00172894,0.00163762,0.00155041,0.00146711,0.00138765,0.00131184,0.0012396,0.00117076,0.00110523,0.00104286,0.000983563,0.000927178,0.000873626,0.000822762,0.000774507,0.000728723,0.000685333,0.000644209,0.000605277,0.000568417,0.000533559,0.000500589,0.000469443,0.000440014,0.000412241,0.000386027,0.000361313,0.000338008,0.00031606,0.000295383,0.000275928,0.000257618,0.000240407,0.000224223,0.000209023,0.000194744,0.000181344,0.000168766,0.000156972,0.00014591,0.000135544,0.000125826,0.000116726,0.000108199,0.000100216,9.27385e-05,8.57392e-05,7.91824e-05,7.30439e-05,6.72912e-05,6.19021e-05,5.68472e-05,5.21061e-05,4.76521e-05,4.34664e-05,3.95247e-05,3.58096e-05,3.22992e-05,2.89768e-05,2.58226e-05,2.28209e-05,1.99533e-05,1.72051e-05,1.4559e-05,1.20008e-05,9.51448e-06,7.08598e-06,4.70015e-06
0,0.00131186,0.00261672,0.00390766,0.005178,0.00642126,0.00763138,0.00880269,0.00993004,0.0110088,0.0120349,0.0130048,0.0139157,0.0147654,0.0155521,0.0162748,0.0169329,0.0175263,0.0180555,0.0185213,0.018925,0.0192679,0.0195522,0.0197797,0.0199528,0.0200739,0.0201457,0.0201706,0.0201516,0.0200912,0.0199924,0.0198576,0.0196898,0.0194914,0.0192652,0.0190134,0.0187387,0.0184431,0.0181291,0.0177987,0.0174539,0.0170965,0.0167286,0.0163515,0.0159671,0.0155767,0.0151818,0.0147836,0.0143835,0.0139823,0.0135813,0.0131813,0.0127833,0.012388,0.0119961,0.0116083,0.0112253,0.0108475,0.0104754,0.0101094,0.00974999,0.00939737,0.00905196,0.00871386,0.00838343,0.0080607,0.00774594,0.00743913,0.00714048,0.00684991,0.00656758,0.00629338,0.00602741,0.00576952,0.00551977,0.00527799,0.00504421,0.00481822,0.00460003,0.00438943,0.00418637,0.00399064,0.00380219,0.00362078,0.00344635,0.00327865,0.00311761,0.00296298,0.00281468,0.00267245,0.00253622,0.00240572,0.00228087,0.00216142,0.00204727,0.00193819,0.00183407,0.00173468,0.00163993,0.00154958,0.00146354,0.00138159,0.00130364,0.00122948,0.00115901,0.00109204,0.00102847,0.000968124,0.000910905,0.000856646,0.000805253,0.000756569,0.000710505,0.000666916,0.000625715,0.000586768,0.000549993,0.000515265,0.000482508,0.000451604,0.000422484,0.000395038,0.000369202,0.000344875,0.000321997,0.000300475,0.000280254,0.000261248,0.000243407,0.000226652,0.000210936,0.000196189,0.000182367,0.000169406,0.000157265,0.000145886,0.000135232,0.000125251,0.000115908,0.000107157,9.8965e-05,9.12898e-05,8.41025e-05,7.73645e-05,7.1049e-05,6.51212e-05,5.95565e-05,5.43232e-05,4.93986e-05,4.47539e-05,4.03679e-05,3.62143e-05,3.22733e-05,2.85207e-05,2.49378e-05,2.15022e-05,1.81959e-05,1.49981e-05,1.18912e-05,8.85576e-06,5.87425e-06
0,0.00159051,0.00317241,0.00473723,0.00627669,0.00778292,0.00924843,0.0106663,0.0120303,0.0133347,0.0145747,0.0157459,0.016845,0.0178694,0.0188169,0.0196864,0.0204772,0.0211894,0.0218236,0.0223809,0.0228627,0.0232712,0.0236085,0.0238774,0.0240805,0.024221,0.0243019,0.0243267,0.0242984,0.0242206,0.0240964,0.0239294,0.0237226,0.0234794,0.0232028,0.0228958,0.0225612,0.0222021,0.0218208,0.0214202,0.0210023,0.0205697,0.0201244,0.0196686,0.019204,0.0187325,0.0182557,0.0177753,0.0172925,0.0168088,0.0163253,0.0158433,0.0153637,0.0148875,0.0144155,0.0139487,0.0134875,0.0130328,0.012585,0.0121447,0.0117122,0.0112882,0.0108726,0.0104661,0.0100687,0.00968081,0.00930233,0.00893361,0.00857457,0.00822543,0.00788608,0.00755665,0.007237,0.00692722,0.00662711,0.00633672,0.00605582,0.00578443,0.00552229,0.0052694,0.00502547,0.00479046,0.00456409,0.0043463,0.00413678,0.00393546,0.00374205,0.00355643,0.00337833,0.00320762,0.00304401,0.00288739,0.00273746,0.0025941,0.00245703,0.00232613,0.0022011,0.00208184,0.00196806,0.00185965,0.00175634,0.00165801,0.00156442,0.00147544,0.00139083,0.00131048,0.00123416,0.00116176,0.00109306,0.00102797,0.000966267,0.00090786,0.000852562,0.000800268,0.000750808,0.000704085,0.000659939,0.000618278,0.000578955,0.000541883,0.000506927,0.000474004,0.000442991,0.00041381,0.000386347,0.000360531,0.000336258,0.000313461,0.000292045,0.000271948,0.000253084,0.000235396,0.000218804,0.000203258,0.000188685,0.000175037,0.000162249,0.000150278,0.000139064,0.000128567,0.000118735,0.000109529,0.000100903,9.28212e-05,8.52411e-05,7.81315e-05,7.14525e-05,6.51759e-05,5.92653e-05,5.36946e-05,4.84306e-05,4.34488e-05,3.87191e-05,3.42182e-05,2.99185e-05,2.57976e-05,2.183e-05,1.79942e-05,1.42661e-05,1.06248e-05,7.04744e-06
0,0.00187838,0.00374642,0.00559394,0.00741106,0.00918828,0.0109167,0.0125881,0.014195,0.0157306,0.0171891,0.0185657,0.0198562,0.0210577,0.0221678,0.0231852,0.0241093,0.0249402,0.0256788,0.0263263,0.026885,0.027357,0.0277453,0.028053,0.0282836,0.0284406,0.0285279,0.0285493,0.0285088,0.0284104,0.0282581,0.0280556,0.0278071,0.027516,0.0271863,0.0268212,0.0264245,0.025999,0.0255482,0.0250748,0.0245819,0.0240719,0.0235475,0.0230109,0.0224645,0.0219101,0.02135,0.0207856,0.0202189,0.0196513,0.0190842,0.018519,0.0179568,0.0173987,0.0168458,0.0162989,0.015759,0.0152265,0.0147024,0.014187,0.0136811,0.0131849,0.0126989,0.0122234,0.0117588,0.0113051,0.0108627,0.0104315,0.010012,0.00960381,0.00920731,0.00882228,0.00844887,0.00808685,0.00773632,0.00739701,0.00706897,0.00675191,0.00644582,0.00615039,0.00586559,0.0055911,0.00532683,0.00507246,0.00482789,0.00459278,0.00436703,0.00415028,0.00394241,0.00374308,0.00355214,0.00336927,0.00319431,0.00302694,0.002867,0.00271417,0.00256829,0.00242906,0.00229631,0.00216975,0.00204923,0.00193445,0.00182526,0.00172139,0.00162269,0.00152889,0.00143987,0.00135536,0.00127523,0.00119925,0.00112728,0.00105911,0.000994613,0.000933578,0.000875891,0.000821359,0.000769871,0.000721249,0.000675388,0.000632122,0.000591354,0.000552932,0.000516763,0.000482708,0.000450681,0.000420554,0.000392247,0.000365643,0.000340668,0.000317215,0.000295217,0.000274576,0.000255228,0.000237087,0.000220093,0.000204167,0.000189255,0.000175286,0.00016221,0.000149961,0.000138496,0.000127754,0.000117695,0.000108265,9.94266e-05,9.11306e-05,8.33429e-05,7.60191e-05,6.91273e-05,6.26273e-05,5.64894e-05,5.06768e-05,4.51617e-05,3.99105e-05,3.48966e-05,3.0089e-05,2.54622e-05,2.09874e-05,1.66398e-05,1.23921e-05,8.22001e-06
0,0.00217729,0.00434236,0.0064832,0.00858812,0.010646,0.0126463,0.0145794,0.0164364,0.0182097,0.0198924,0.021479,0.0229647,0.0243462,0.0256209,0.0267875,0.0278452,0.0287946,0.0296366,0.0303731,0.0310065,0.0315399,0.0319764,0.0323201,0.0325749,0.0327451,0.0328352,0.0328498,0.0327935,0.032671,0.0324867,0.0322455,0.0319515,0.0316094,0.0312231,0.0307969,0.0303346,0.0298401,0.0293168,0.0287682,0.0281975,0.0276078,0.0270018,0.0263824,0.0257519,0.0251129,0.0244674,0.0238177,0.0231654,0.0225124,0.0218602,0.0212106,0.0205645,0.0199235,0.0192885,0.0186607,0.0180409,0.01743,0.0168286,0.0162376,0.0156574,0.0150886,0.0145314,0.0139865,0.013454,0.0129342,0.0124273,0.0119336,0.0114529,0.0109856,0.0105315,0.0100908,0.00966316,0.00924884,0.00884751,0.00845925,0.00808373,0.00772098,0.00737064,0.00703269,0.00670676,0.00639279,0.00609039,0.00579947,0.00551964,0.00525079,0.00499251,0.00474466,0.00450687,0.00427896,0.00406055,0.00385149,0.00365137,0.00346003,0.0032771,0.0031024,0.00293557,0.00277642,0.00262461,0.00247996,0.00234213,0.00221095,0.00208609,0.00196738,0.00185452,0.00174734,0.00164555,0.00154898,0.00145736,0.00137054,0.00128825,0.00121036,0.00113661,0.00106688,0.00100092,0.000938618,0.000879753,0.000824202,0.000771771,0.000722341,0.000675734,0.000631839,0.000590491,0.000551586,0.000514973,0.000480556,0.000448196,0.000417806,0.000389255,0.000362465,0.000337318,0.00031374,0.000291623,0.0002709,0.000251475,0.000233283,0.000216238,0.000200281,0.000185334,0.000171344,0.000158239,0.000145969,0.000134472,0.000123701,0.000113598,0.000104123,9.52212e-05,8.68561e-05,7.89791e-05,7.15548e-05,6.45396e-05,5.79005e-05,5.15975e-05,4.55993e-05,3.98693e-05,3.43777e-05,2.90904e-05,2.39788e-05,1.90108e-05,1.41584e-05,9.39129e-06
0,0.00248922,0.00496417,0.0074108,0.00981549,0.0121652,0.0144479,0.0166522,0.0187681,0.0207865,0.0226999,0.0245017,0.026187,0.0277516,0.0291931,0.0305099,0.0317018,0.0327691,0.0337134,0.034537,0.035243,0.0358347,0.0363164,0.0366924,0.0369677,0.037147,0.0372359,0.0372394,0.0371631,0.0370121,0.0367919,0.0365076,0.0361644,0.035767,0.0353206,0.0348295,0.0342983,0.0337312,0.0331323,0.0325052,0.0318539,0.0311815,0.0304915,0.0297867,0.0290701,0.028344,0.0276114,0.0268741,0.0261345,0.0253944,0.0246557,0.0239199,0.0231888,0.0224634,0.0217453,0.0210353,0.0203348,0.0196443,0.018965,0.0182974,0.0176422,0.0169999,0.0163711,0.015756,0.0151552,0.0145687,0.013997,0.01344,0.0128981,0.0123711,0.0118592,0.0113622,0.0108803,0.0104133,0.0099611,0.00952348,0.00910046,0.00869166,0.00829706,0.00791627,0.00754923,0.0071955,0.006855,0.00652729,0.00621224,0.00590941,0.00561865,0.00533952,0.00507185,0.0048152,0.00456938,0.00433396,0.00410874,0.0038933,0.00368744,0.00349075,0.00330302,0.00312385,0.00295304,0.00279019,0.00263512,0.00248745,0.00234698,0.00221336,0.0020864,0.00196575,0.00185124,0.00174254,0.00163949,0.00154177,0.00144921,0.00136154,0.0012786,0.00120011,0.00112594,0.00105582,0.000989612,0.000927095,0.000868129,0.000812503,0.000760089,0.000710692,0.000664193,0.000620413,0.00057924,0.000540511,0.000504123,0.000469925,0.000437821,0.000407675,0.000379399,0.000352867,0.000327999,0.000304681,0.000282839,0.00026237,0.000243205,0.000225251,0.000208446,0.000192704,0.000177969,0.000164164,0.000151237,0.000139119,0.00012776,0.000117099,0.000107092,9.76802e-05,8.88241e-05,8.04715e-05,7.25843e-05,6.51153e-05,5.80286e-05,5.1281e-05,4.48385e-05,3.86611e-05,3.27161e-05,2.69664e-05,2.13801e-05,1.59224e-05,1.05617e-05
0,0.00281634,0.00561612,0.00838307,0.0111014,0.0137562,0.0163332,0.0188198,0.0212043,0.0234765,0.0256278,0.0276509,0.0295402,0.0312915,0.032902,0.0343705,0.0356964,0.036881,0.0379261,0.0388346,0.03961,0.0402568,0.0407796,0.041184,0.0414751,0.0416591,0.0417419,0.0417296,0.0416282,0.0414441,0.041183,0.040851,0.0404537,0.0399969,0.0394858,0.0389257,0.0383215,0.0376781,0.0369998,0.0362911,0.0355557,0.0347978,0.0340205,0.0332277,0.0324221,0.0316068,0.0307844,0.0299577,0.0291286,0.0282996,0.0274724,0.0266492,0.0258311,0.0250202,0.0242174,0.0234243,0.0226416,0.0218708,0.0211124,0.0203674,0.0196363,0.0189199,0.0182185,0.0175328,0.0168629,0.0162093,0.0155721,0.0149516,0.0143477,0.0137607,0.0131905,0.0126372,0.0121005,0.0115806,0.0110771,0.0105901,0.0101191,0.00966427,0.00922505,0.00880142,0.00839293,0.00799948,0.00762058,0.00725612,0.00690559,0.00656884,0.00624538,0.00593502,0.00563727,0.00535194,0.00507852,0.00481681,0.00456633,0.00432686,0.00409793,0.00387932,0.00367056,0.00347144,0.0032815,0.00310054,0.00292812,0.00276403,0.00260785,0.00245938,0.00231823,0.00218418,0.00205688,0.00193612,0.00182155,0.00171299,0.0016101,0.00151271,0.00142051,0.00133333,0.00125087,0.00117299,0.0010994,0.00102996,0.000964419,0.000902634,0.000844378,0.000789514,0.000737834,0.00068921,0.000643451,0.000600438,0.000559997,0.000522017,0.000486339,0.00045286,0.000421436,0.000391972,0.000364336,0.000338442,0.000314169,0.000291438,0.000270141,0.000250204,0.000231529,0.000214049,0.000197675,0.000182346,0.000167981,0.000154525,0.000141904,0.000130066,0.000118946,0.000108496,9.86556e-05,8.93811e-05,8.06177e-05,7.23243e-05,6.44507e-05,5.69581e-05,4.98005e-05,4.29408e-05,3.63364e-05,2.99514e-05,2.3746e-05,1.76849e-05,1.17304e-05
0,0.00316101,0.00630293,0.00940696,0.012455,0.0154297,0.0183152,0.0210965,0.0237608,0.0262964,0.0286937,0.0309446,0.0330432,0.0349848,0.0367667,0.0383876,0.0398477,0.0411483,0.0422922,0.0432826,0.0441242,0.0448218,0.0453814,0.0458088,0.0461109,0.046294,0.0463653,0.0463314,0.0461997,0.0459766,0.0456693,0.0452842,0.0448278,0.0443063,0.0437259,0.043092,0.0424105,0.0416864,0.0409248,0.0401302,0.0393074,0.0384602,0.0375928,0.0367086,0.0358114,0.0349039,0.0339896,0.0330707,0.0321501,0.03123,0.0303126,0.0293998,0.0284935,0.0275952,0.0267065,0.0258286,0.0249629,0.0241102,0.0232718,0.0224482,0.0216405,0.020849,0.0200745,0.0193171,0.0185777,0.0178562,0.0171531,0.0164683,0.0158023,0.0151547,0.0145259,0.0139157,0.0133241,0.0127508,0.0121959,0.011659,0.0111401,0.0106387,0.0101549,0.00968806,0.00923815,0.00880463,0.00838738,0.00798586,0.00759991,0.00722897,0.00687287,0.00653105,0.00620329,0.00588906,0.00558812,0.00529994,0.00502428,0.0047606,0.00450868,0.00426799,0.00403829,0.00381907,0.0036101,0.00341089,0.00322121,0.00304058,0.00286877,0.00270535,0.00255008,0.00240255,0.00226252,0.00212961,0.0020036,0.00188413,0.00177097,0.0016638,0.0015624,0.00146646,0.00137578,0.00129007,0.00120915,0.00113274,0.00106067,0.000992687,0.00092863,0.000868262,0.000811438,0.000757938,0.000707626,0.000660301,0.000615838,0.000574051,0.000534826,0.000497992,0.000463445,0.000431029,0.000400647,0.000372159,0.000345475,0.000320468,0.000297056,0.000275123,0.000254593,0.000235364,0.000217365,0.000200502,0.000184712,0.000169909,0.000156035,0.000143013,0.00013079,0.000119295,0.000108478,9.82767e-05,8.86437e-05,7.95217e-05,7.08667e-05,6.26259e-05,5.47578e-05,4.72136e-05,3.99533e-05,3.29316e-05,2.61096e-05,1.94445e-05,1.2898e-05
0,0.0035259,0.00702983,0.0104902,0.0138862,0.0171982,0.0204077,0.0234981,0.0264546,0.0292644,0.0319166,0.0344027,0.0367159,0.0388517,0.0408071,0.0425815,0.0441751,0.0455903,0.04683,0.047899,0.0488022,0.0495459,0.0501367,0.0505818,0.0508885,0.0510647,0.051118,0.0510565,0.0508877,0.0506198,0.05026,0.0498159,0.0492944,0.0487029,0.0480474,0.0473349,0.0465709,0.0457616,0.044912,0.0440277,0.0431131,0.0421731,0.0412117,0.0402331,0.0392408,0.0382385,0.037229,0.0362158,0.035201,0.0341877,0.0331778,0.0321738,0.0311771,0.03019,0.0292136,0.0282497,0.0272993,0.0263639,0.025444,0.0245411,0.0236554,0.0227881,0.0219393,0.0211099,0.0203,0.0195101,0.0187402,0.0179909,0.0172619,0.0165535,0.0158655,0.0151981,0.014551,0.0139242,0.0133174,0.0127306,0.0121632,0.0116154,0.0110865,0.0105765,0.0100847,0.00961119,0.00915525,0.00871673,0.00829505,0.00789,0.00750098,0.00712777,0.00676976,0.00642671,0.00609804,0.00578347,0.00548243,0.00519465,0.00491956,0.00465688,0.00440608,0.00416686,0.00393871,0.00372135,0.00351426,0.00331719,0.00312964,0.00295135,0.00278186,0.00262091,0.00246807,0.00232309,0.00218556,0.00205524,0.00193174,0.00181484,0.00170418,0.00159954,0.00150059,0.00140711,0.0013188,0.00123548,0.00115683,0.00108269,0.00101279,0.000946967,0.000884961,0.000826624,0.000771727,0.000720125,0.00067161,0.000626049,0.00058325,0.000543091,0.000505397,0.000470055,0.000436907,0.000405849,0.000376736,0.000349473,0.00032393,0.000300019,0.000277622,0.000256659,0.000237023,0.00021864,0.000201414,0.000185277,0.000170143,0.000155948,0.000142613,0.000130083,0.000118284,0.000107163,9.66554e-05,8.67115e-05,7.72711e-05,6.82877e-05,5.97061e-05,5.14817e-05,4.35635e-05,3.59085e-05,2.84687e-05,2.12022e-05,1.40634e-05
0,0.00391396,0.00780271,0.0116415,0.0154064,0.019075,0.0226265,0.026042,0.0293048,0.0324006,0.0353177,0.0380465,0.0405802,0.0429138,0.045045,0.0469731,0.0486994,0.0502265,0.051559,0.0527019,0.0536618,0.0544457,0.0550615,0.0555174,0.055822,0.0559839,0.0560123,0.0559157,0.0557032,0.0553831,0.0549642,0.0544542,0.0538616,0.0531934,0.0524574,0.0516601,0.0508085,0.0499085,0.0489664,0.0479873,0.046977,0.0459398,0.0448808,0.0438039,0.0427134,0.0416127,0.0405055,0.0393947,0.0382836,0.0371744,0.03607,0.0349723,0.0338836,0.0328055,0.03174,0.0306883,0.0296521,0.0286322,0.02763,0.0266462,0.0256819,0.0247375,0.0238139,0.0229112,0.0220303,0.0211711,0.0203341,0.0195193,0.0187271,0.0179571,0.0172097,0.0164845,0.0157817,0.0151009,0.014442,0.0138047,0.0131889,0.0125941,0.0120201,0.0114665,0.010933,0.010419,0.00992442,0.00944856,0.00899122,0.00855174,0.00812989,0.00772501,0.00733684,0.00696474,0.00660842,0.00626725,0.00594093,0.00562884,0.00533068,0.00504585,0.00477404,0.00451466,0.00426743,0.00403177,0.00380738,0.00359373,0.00339053,0.00319726,0.00301364,0.00283918,0.00267361,0.00251646,0.00236748,0.00222623,0.00209247,0.00196577,0.00184591,0.00173251,0.00162534,0.00152404,0.0014284,0.0013381,0.00125294,0.0011726,0.00109691,0.00102558,0.000958434,0.000895222,0.000835779,0.000779868,0.000727338,0.000677972,0.000631633,0.000588122,0.000547312,0.000509021,0.000473133,0.000439484,0.000407966,0.00037843,0.000350777,0.000324873,0.000300627,0.000277917,0.00025666,0.000236746,0.000218098,0.000200618,0.000184234,0.000168857,0.000154423,0.00014085,0.000128077,0.000116032,0.000104658,9.38869e-05,8.36678e-05,7.3938e-05,6.46483e-05,5.57412e-05,4.71693e-05,3.88793e-05,3.0825e-05,2.29562e-05,1.52273e-05
0,0.00432857,0.00862818,0.0128705,0.0170282,0.0210756,0.0249892,0.0287476,0.0323322,0.0357273,0.0389197,0.0418996,0.0446595,0.0471949,0.0495034,0.0515852,0.0534422,0.0550785,0.0564991,0.0577108,0.058721,0.0595384,0.0601717,0.0606309,0.0609252,0.0610651,0.0610602,0.0609207,0.0606562,0.0602764,0.0597905,0.0592077,0.0585363,0.0577851,0.0569617,0.0560738,0.0551284,0.0541325,0.0530921,0.0520137,0.0509025,0.049764,0.0486029,0.0474241,0.0462315,0.0450293,0.0438209,0.04261,0.0413992,0.0401919,0.0389903,0.037797,0.0366139,0.0354433,0.0342866,0.0331457,0.0320218,0.0309164,0.0298302,0.0287647,0.0277203,0.0266981,0.0256983,0.0247219,0.0237688,0.0228398,0.0219347,0.0210542,0.0201978,0.019366,0.0185584,0.0177752,0.0170161,0.016281,0.0155696,0.0148817,0.0142169,0.0135751,0.0129556,0.0123583,0.0117826,0.0112283,0.0106947,0.0101816,0.00968821,0.00921439,0.0087594,0.00832296,0.00790435,0.0075033,0.00711909,0.00675142,0.0063996,0.00606331,0.00574188,0.005435,0.00514201,0.00486259,0.00459611,0.00434225,0.00410042,0.0038703,0.00365132,0.00344316,0.00324529,0.00305741,0.002879,0.00270978,0.00254926,0.00239717,0.00225305,0.00211664,0.00198751,0.00186541,0.00174995,0.0016409,0.00153787,0.00144066,0.00134892,0.00126244,0.00118091,0.00110412,0.0010318,0.000963763,0.000899736,0.000839557,0.000782978,0.000729846,0.000679937,0.000633108,0.000589155,0.000547946,0.000509295,0.000473083,0.000439139,0.000407354,0.000377574,0.000349698,0.000323587,0.000299149,0.000276258,0.000254829,0.000234748,0.000215938,0.000198296,0.000181751,0.000166208,0.000151603,0.00013785,0.000124889,0.000112642,0.000101053,9.00503e-05,7.95807e-05,6.95795e-05,5.99947e-05,5.0767e-05,4.18459e-05,3.31759e-05,2.47078e-05,1.63886e-05
0,0.00477352,0.0095138,0.0141883,0.0187658,0.0232171,0.0275154,0.0316367,0.0355604,0.0392688,0.0427482,0.0459877,0.0489799,0.0517203,0.0542074,0.056442,0.0584273,0.0601683,0.0616717,0.0629455,0.0639988,0.0648414,0.065484,0.0659372,0.0662126,0.066321,0.066274,0.0660823,0.0657572,0.0653088,0.0647478,0.0640837,0.0633263,0.0624843,0.0615666,0.0605811,0.0595358,0.0584376,0.0572937,0.0561102,0.0548934,0.0536486,0.0523813,0.051096,0.0497978,0.0484901,0.0471774,0.0458628,0.04455,0.0432414,0.0419403,0.0406487,0.0393694,0.0381039,0.0368544,0.0356223,0.0344094,0.0332166,0.0320454,0.0308966,0.0297712,0.0286698,0.0275932,0.0265417,0.0255161,0.0245161,0.0235426,0.0225952,0.0216745,0.0207799,0.019912,0.0190701,0.0182545,0.0174645,0.0167004,0.0159614,0.0152476,0.0145582,0.0138932,0.0132518,0.012634,0.0120389,0.0114663,0.0109155,0.0103862,0.00987773,0.0093897,0.00892138,0.00847246,0.00804217,0.00763019,0.00723577,0.00685857,0.00649786,0.0061533,0.00582416,0.00551011,0.00521046,0.00492486,0.00465265,0.00439349,0.00414675,0.00391209,0.00368892,0.00347691,0.00327549,0.00308435,0.00290294,0.00273098,0.00256794,0.00241356,0.00226734,0.00212902,0.00199816,0.00187449,0.00175761,0.00164727,0.00154308,0.00144483,0.00135215,0.00126483,0.00118255,0.0011051,0.00103219,0.000963629,0.000899143,0.00083856,0.000781628,0.000728188,0.000678011,0.00063095,0.000586796,0.000545414,0.000506615,0.000470273,0.000436219,0.000404336,0.00037447,0.000346517,0.000320335,0.000295829,0.000272872,0.000251375,0.000231224,0.000212339,0.000194614,0.000177976,0.00016233,0.000147608,0.000133725,0.000120615,0.000108201,9.64232e-05,8.52094e-05,7.4503e-05,6.42378e-05,5.4359e-05,4.48052e-05,3.55232e-05,2.6455e-05,1.75481e-05
0,0.00525323,0.0104682,0.0156076,0.0206357,0.0255191,0.0302274,0.034734,0.0390155,0.043053,0.0468313,0.0503393,0.0535694,0.0565179,0.0591839,0.0615696,0.0636792,0.0655197,0.0670989,0.068427,0.0695144,0.0703731,0.0710147,0.0714523,0.071698,0.0717649,0.0716653,0.0714117,0.0710158,0.0704897,0.0698441,0.0690902,0.068238,0.0672975,0.0662776,0.0651875,0.0640351,0.0628285,0.0615746,0.0602806,0.0589525,0.0575966,0.0562181,0.0548224,0.0534139,0.0519974,0.0505764,0.0491552,0.0477367,0.0463245,0.0449209,0.043529,0.0421506,0.0407885,0.0394439,0.0381191,0.0368151,0.0355338,0.0342758,0.0330427,0.0318348,0.0306534,0.0294986,0.0283715,0.0272719,0.0262007,0.0251575,0.0241431,0.0231569,0.0221995,0.0212702,0.0203695,0.0194966,0.0186517,0.0178342,0.0170441,0.0162806,0.0155437,0.0148326,0.0141472,0.0134867,0.0128509,0.0122389,0.0116506,0.011085,0.0105419,0.0100205,0.00952046,0.00904091,0.00858152,0.00814149,0.00772046,0.00731764,0.00693264,0.00656471,0.00621346,0.00587815,0.0055584,0.00525349,0.00496305,0.0046864,0.00442317,0.00417269,0.00393463,0.00370834,0.00349349,0.0032895,0.00309602,0.0029125,0.00273862,0.00257387,0.00241795,0.00227035,0.0021308,0.00199885,0.00187422,0.00175649,0.00164541,0.00154058,0.00144177,0.00134861,0.00126089,0.00117827,0.00110054,0.0010274,0.00095866,0.000894033,0.000833345,0.00077634,0.000722855,0.000672657,0.000625593,0.000581454,0.0005401,0.000501338,0.000465042,0.000431036,0.000399206,0.000369393,0.000341489,0.000315353,0.000290887,0.000267961,0.000246486,0.000226345,0.000207456,0.000189713,0.00017304,0.000157341,0.000142546,0.000128566,0.000115337,0.000102779,9.08286e-05,7.94133e-05,6.84735e-05,5.79413e-05,4.77593e-05,3.7864e-05,2.81991e-05,1.87044e-05
0,0.00577277,0.0115015,0.0171431,0.0226566,0.028004,0.033151,0.0380673,0.0427274,0.0471104,0.0512004,0.0549857,0.0584593,0.061618,0.0644624,0.0669958,0.0692247,0.0711574,0.0728043,0.0741769,0.0752883,0.0761517,0.0767813,0.0771912,0.077396,0.0774095,0.0772462,0.0769192,0.0764421,0.0758274,0.0750876,0.074234,0.0732782,0.0722301,0.0711002,0.0698974,0.0686309,0.0673086,0.0659386,0.0645277,0.063083,0.0616103,0.060116,0.0586048,0.0570822,0.0555523,0.0540198,0.0524881,0.0509611,0.0494417,0.0479333,0.046438,0.0449588,0.0434973,0.042056,0.0406362,0.0392399,0.037868,0.0365221,0.0352028,0.0339116,0.0326486,0.031415,0.0302108,0.0290369,0.027893,0.02678,0.0256973,0.0246455,0.0236242,0.0226335,0.021673,0.0207428,0.0198422,0.0189713,0.0181293,0.0173162,0.0165312,0.0157741,0.0150441,0.0143411,0.0136641,0.0130128,0.0123865,0.0117848,0.0112067,0.0106521,0.0101199,0.00960987,0.00912108,0.00865315,0.00820524,0.00777693,0.00736741,0.00697625,0.00660267,0.00624624,0.00590619,0.00558212,0.00527328,0.00497927,0.00469938,0.00443322,0.00418011,0.00393968,0.00371127,0.00349454,0.00328886,0.0030939,0.00290908,0.00273407,0.00256834,0.00241156,0.00226325,0.0021231,0.00199064,0.00186561,0.00174756,0.00163623,0.00153122,0.0014323,0.00133908,0.00125135,0.00116875,0.00109109,0.00101805,0.000949429,0.000884948,0.000824424,0.000767597,0.000714301,0.000664299,0.000617438,0.000573503,0.000532353,0.000493792,0.000457693,0.000423878,0.00039223,0.000362588,0.000334844,0.000308853,0.000284518,0.000261706,0.000240327,0.000220263,0.000201429,0.00018372,0.000167056,0.000151341,0.000136503,0.000122453,0.000109123,9.64312e-05,8.43142e-05,7.26966e-05,6.15167e-05,5.07046e-05,4.02003e-05,2.9938e-05,1.98585e-05
0,0.0063381,0.0126252,0.0188117,0.0248505,0.030698,0.0363154,0.0416687,0.0467298,0.0514762,0.0558907,0.0599622,0.0636838,0.0670539,0.0700744,0.072751,0.0750919,0.0771081,0.0788121,0.080218,0.0813408,0.0821964,0.0828006,0.0831701,0.0833204,0.083268,0.0830278,0.0826155,0.0820451,0.0813308,0.0804855,0.0795222,0.0784524,0.0772879,0.0760387,0.0747153,0.0733266,0.0718817,0.0703883,0.0688545,0.0672868,0.0656922,0.0640763,0.0624453,0.0608036,0.0591567,0.0575082,0.0558628,0.0542236,0.0525945,0.0509778,0.049377,0.0477939,0.0462313,0.0446907,0.0431744,0.0416835,0.0402198,0.038784,0.0373777,0.0360013,0.0346561,0.0333421,0.0320603,0.0308106,0.0295938,0.0284095,0.0272584,0.0261399,0.0250544,0.0240014,0.022981,0.0219926,0.0210363,0.0201112,0.0192174,0.018354,0.017521,0.0167173,0.0159429,0.0151967,0.0144786,0.0137876,0.0131235,0.0124851,0.0118723,0.011284,0.0107199,0.010179,0.00966101,0.00916488,0.00869024,0.00823619,0.00780229,0.00738768,0.00699192,0.00661416,0.00625397,0.00591054,0.00558344,0.0052719,0.0049755,0.00469349,0.00442548,0.00417075,0.00392892,0.00369931,0.00348157,0.00327505,0.00307939,0.00289402,0.00271858,0.00255254,0.00239555,0.00224712,0.00210693,0.00197451,0.00184958,0.00173168,0.00162056,0.00151581,0.00141716,0.00132426,0.00123687,0.00115463,0.00107735,0.00100469,0.000936469,0.000872388,0.000812265,0.000755839,0.000702939,0.000653328,0.000606848,0.000563283,0.000522491,0.000484276,0.000448505,0.000415002,0.000383646,0.000354277,0.000326785,0.000301025,0.000276896,0.000254266,0.000233044,0.00021311,0.000194378,0.000176741,0.000160119,0.000144415,0.000129554,0.000115446,0.000102022,8.91993e-05,7.69109e-05,6.50805e-05,5.36437e-05,4.2529e-05,3.16733e-05,2.10087e-05
0,0.00695621,0.0138532,0.0206335,0.0272428,0.0336311,0.0397545,0.0455748,0.0510613,0.0561894,0.060942,0.0653075,0.0692809,0.0728618,0.0760547,0.0788673,0.0813111,0.0833995,0.0851481,0.0865734,0.0876935,0.0885262,0.0890904,0.089404,0.0894855,0.0893523,0.0890218,0.0885103,0.0878338,0.0870072,0.086045,0.0849604,0.0837667,0.0824753,0.0810979,0.0796447,0.078126,0.0765503,0.0749268,0.0732629,0.0715664,0.0698436,0.0681013,0.0663448,0.0645799,0.062811,0.0610431,0.0592798,0.0575254,0.0557827,0.0540554,0.0523457,0.0506568,0.0489903,0.0473487,0.0457334,0.0441465,0.0425888,0.0410621,0.0395669,0.0381045,0.0366753,0.0352802,0.0339193,0.0325934,0.0313023,0.0300465,0.0288257,0.0276403,0.0264897,0.0253742,0.0242931,0.0232465,0.0222336,0.0212544,0.020308,0.0193944,0.0185126,0.0176624,0.0168429,0.0160538,0.0152941,0.0145635,0.0138611,0.0131863,0.0125382,0.0119165,0.0113201,0.0107486,0.010201,0.00967684,0.00917518,0.00869556,0.00823703,0.00779913,0.00738095,0.00698202,0.00660148,0.00623886,0.00589331,0.0055644,0.00525131,0.00495361,0.00467053,0.00440165,0.00414625,0.00390392,0.00367397,0.00345601,0.00324941,0.00305379,0.00286855,0.00269334,0.0025276,0.00237098,0.00222298,0.00208327,0.00195137,0.001827,0.00170969,0.00159918,0.00149506,0.00139706,0.00130481,0.00121807,0.00113649,0.00105986,0.000987851,0.000920264,0.000856809,0.000797299,0.000741469,0.000689147,0.000640095,0.000594153,0.000551104,0.000510804,0.000473056,0.000437726,0.000404638,0.00037367,0.00034466,0.000317497,0.000292036,0.000268175,0.000245782,0.000224764,0.000205,0.000186403,0.000168867,0.000152308,0.00013663,0.000121755,0.000107594,9.40731e-05,8.11103e-05,6.8636e-05,5.65724e-05,4.48522e-05,3.34023e-05,2.21563e-05
0,0.00763541,0.0152017,0.0226321,0.0298635,0.0368388,0.0435078,0.0498282,0.0557659,0.0612953,0.0663985,0.0710655,0.0752924,0.0790816,0.0824402,0.0853797,0.0879141,0.090061,0.0918386,0.0932674,0.0943676,0.0951607,0.0956674,0.0959087,0.0959045,0.0956749,0.0952383,0.0946132,0.0938162,0.0928642,0.0917721,0.0905548,0.0892253,0.0877969,0.086281,0.0846892,0.0830313,0.0813173,0.0795557,0.0777552,0.0759228,0.0740663,0.0721914,0.0703047,0.0684112,0.0665165,0.0646244,0.0627399,0.0608662,0.0590073,0.0571658,0.055345,0.0535471,0.0517748,0.0500295,0.0483138,0.0466285,0.0449757,0.0433559,0.0417708,0.0402206,0.0387066,0.0372289,0.0357883,0.0343848,0.033019,0.0316904,0.0303997,0.0291463,0.0279304,0.0267514,0.0256094,0.0245037,0.0234342,0.0224001,0.0214012,0.0204367,0.0195063,0.018609,0.0177445,0.0169119,0.0161108,0.0153401,0.0145995,0.0138879,0.0132048,0.0125492,0.0119207,0.0113182,0.0107412,0.0101887,0.0096602,0.00915472,0.00867175,0.0082103,0.00776989,0.00734957,0.00694885,0.00656683,0.00620301,0.00585653,0.00552692,0.00521335,0.00491537,0.00463219,0.00436337,0.00410816,0.00386615,0.00363664,0.00341923,0.00321325,0.00301832,0.00283385,0.00265945,0.00249456,0.00233884,0.00219176,0.002053,0.00192207,0.00179867,0.00168234,0.00157281,0.00146966,0.00137262,0.00128133,0.00119552,0.00111487,0.00103913,0.000967997,0.000901261,0.000838631,0.000779916,0.000724854,0.000673269,0.000624922,0.000579653,0.000537244,0.00049755,0.000460374,0.000425582,0.000392995,0.000362492,0.000333911,0.00030714,0.000282034,0.00025849,0.000236375,0.000215595,0.000196031,0.000177593,0.000160173,0.000143688,0.00012804,0.000113151,9.89284e-05,8.5299e-05,7.21779e-05,5.94935e-05,4.71666e-05,3.51269e-05,2.32995e-05
0,0.00838567,0.0166903,0.0248355,0.0327483,0.0403626,0.0476216,0.0544779,0.0608947,0.0668448,0.0723111,0.0772847,0.0817648,0.0857568,0.0892719,0.092325,0.0949352,0.097123,0.0989116,0.100324,0.101385,0.102119,0.102549,0.102699,0.102591,0.102247,0.101688,0.100932,0.1,0.098908,0.0976728,0.0963095,0.0948329,0.0932559,0.0915916,0.0898509,0.0880453,0.086184,0.084277,0.082332,0.0803577,0.0783606,0.0763479,0.0743252,0.0722987,0.0702729,0.0682531,0.0662429,0.0642468,0.0622677,0.0603095,0.0583743,0.0564653,0.0545842,0.0527336,0.0509147,0.0491298,0.0473795,0.0456656,0.0439886,0.0423498,0.0407494,0.0391884,0.0376666,0.036185,0.0347431,0.0333415,0.0319797,0.030658,0.0293757,0.0281332,0.0269294,0.0257645,0.0246376,0.0235486,0.0224965,0.0214811,0.0205014,0.0195572,0.0186472,0.0177712,0.0169282,0.0161176,0.0153383,0.01459,0.0138715,0.0131822,0.0125212,0.0118879,0.0112812,0.0107006,0.010145,0.00961382,0.00910612,0.00862134,0.00815845,0.00771694,0.00729581,0.00689457,0.00651228,0.00614842,0.0058021,0.00547284,0.00515979,0.00486247,0.00458007,0.00431215,0.00405795,0.00381702,0.00358866,0.00337246,0.00316774,0.00297412,0.00279098,0.00261793,0.00245441,0.00230006,0.00215436,0.00201697,0.0018874,0.00176534,0.00165034,0.00154211,0.00144023,0.00134445,0.00125437,0.00116975,0.00109024,0.00101562,0.000945565,0.000879866,0.000818233,0.000760475,0.000706327,0.000655616,0.000608099,0.000563619,0.000521956,0.000482964,0.000446447,0.00041227,0.000380256,0.000350282,0.000322186,0.000295857,0.000271148,0.000247956,0.000226149,0.000205632,0.000186283,0.000168015,0.000150718,0.000134308,0.000118685,0.00010377,8.94705e-05,7.57099e-05,6.24026e-05,4.94744e-05,3.68444e-05,2.44394e-05
0,0.00921907,0.0183424,0.0272778,0.0359398,0.0442524,0.0521505,0.0595819,0.0665065,0.0728969,0.0787366,0.08402,0.0887495,0.0929353,0.0965931,0.0997434,0.10241,0.104618,0.106395,0.107769,0.108768,0.10942,0.109752,0.109789,0.109557,0.109079,0.108379,0.107476,0.106392,0.105145,0.103751,0.102229,0.100592,0.0988555,0.0970313,0.0951322,0.0931689,0.0911522,0.0890911,0.0869949,0.084871,0.0827275,0.0805705,0.0784069,0.0762418,0.0740809,0.0719283,0.0697891,0.0676664,0.0655644,0.0634857,0.0614337,0.0594104,0.0574187,0.05546,0.0535366,0.0516495,0.0498006,0.0479905,0.0462206,0.0444913,0.0428037,0.0411578,0.0395543,0.0379931,0.0364748,0.0349989,0.0335657,0.0321747,0.030826,0.0295188,0.0282532,0.0270283,0.025844,0.0246993,0.0235941,0.0225272,0.0214983,0.0205064,0.0195511,0.0186312,0.0177464,0.0168953,0.0160777,0.0152922,0.0145384,0.0138152,0.0131219,0.0124574,0.0118212,0.0112121,0.0106296,0.0100725,0.00954031,0.00903191,0.00854676,0.0080838,0.00764249,0.00722181,0.00682123,0.00643979,0.00607697,0.00573183,0.00540389,0.00509226,0.00479647,0.00451568,0.00424944,0.00399697,0.00375782,0.00353127,0.00331689,0.00311402,0.00292225,0.00274095,0.00256974,0.00240805,0.0022555,0.00211157,0.00197593,0.00184807,0.00172768,0.00161432,0.00150768,0.00140735,0.00131307,0.00122444,0.00114123,0.00106307,0.000989755,0.000920949,0.000856448,0.000795961,0.000739297,0.000686191,0.000636468,0.000589889,0.000546293,0.000505463,0.000467253,0.000431467,0.00039797,0.000366584,0.000337188,0.000309621,0.000283769,0.000259487,0.000236672,0.000215191,0.000194948,0.000175824,0.000157727,0.000140548,0.000124203,0.00010859,9.36292e-05,7.92261e-05,6.53027e-05,5.17718e-05,3.85565e-05,2.55742e-05
0,0.0101504,0.0201868,0.03,0.0394896,0.0485673,0.0571594,0.0652076,0.0726699,0.0795186,0.0857402,0.0913324,0.0963034,0.100669,0.104451,0.107677,0.110375,0.112578,0.114318,0.115627,0.116539,0.117083,0.117292,0.117193,0.116814,0.116182,0.11532,0.114251,0.112998,0.111578,0.110012,0.108316,0.106507,0.104597,0.102602,0.100534,0.0984036,0.0962219,0.093999,0.0917432,0.0894634,0.0871664,0.0848597,0.082549,0.0802407,0.0779394,0.0756504,0.0733774,0.0711251,0.0688961,0.0666945,0.0645223,0.0623827,0.0602773,0.0582088,0.0561782,0.0541877,0.0522378,0.0503305,0.0484658,0.0466452,0.0448687,0.0431372,0.0414505,0.0398094,0.0382133,0.0366627,0.035157,0.0336965,0.0322802,0.0309084,0.02958,0.0282952,0.0270526,0.0258524,0.0246932,0.0235749,0.0224962,0.0214569,0.0204556,0.019492,0.0185648,0.0176736,0.016817,0.0159947,0.0152052,0.0144482,0.0137222,0.0130268,0.0123608,0.0117234,0.0111137,0.0105309,0.00997392,0.00944215,0.00893447,0.0084503,0.00798856,0.00754867,0.0071296,0.00673078,0.00635125,0.00599044,0.00564743,0.00532168,0.00501233,0.00471885,0.00444043,0.00417657,0.0039265,0.00368975,0.00346561,0.00325363,0.00305313,0.0028637,0.00268471,0.00251577,0.00235631,0.00220595,0.00206416,0.00193059,0.00180476,0.00168634,0.00157488,0.00147009,0.00137155,0.00127899,0.00119202,0.0011104,0.00103377,0.000961915,0.000894509,0.000831344,0.000772131,0.000716676,0.000664718,0.00061608,0.000570526,0.000527894,0.000487969,0.000450604,0.000415604,0.000382836,0.000352123,0.000323341,0.000296331,0.000270981,0.000247145,0.000224719,0.000203572,0.000183606,0.000164702,0.000146768,0.000129694,0.000113395,9.77679e-05,8.27306e-05,6.81889e-05,5.40616e-05,4.02604e-05,2.67052e-05
0,0.0111979,0.022259,0.0330528,0.0434604,0.0533792,0.0627255,0.0714354,0.0794648,0.086788,0.0933952,0.0992906,0.104489,0.109015,0.112897,0.11617,0.118871,0.121038,0.122709,0.123923,0.124717,0.125126,0.125184,0.124923,0.124373,0.123562,0.122517,0.121263,0.119821,0.118213,0.116458,0.114574,0.112577,0.110482,0.108305,0.106056,0.103749,0.101394,0.0989999,0.0965774,0.0941337,0.0916772,0.0892141,0.0867514,0.0842941,0.0818483,0.0794178,0.0770078,0.0746214,0.0722629,0.0699345,0.0676398,0.0653806,0.0631599,0.0609787,0.0588395,0.056743,0.0546912,0.0526844,0.0507241,0.0488103,0.0469443,0.0451256,0.0433553,0.0416327,0.0399586,0.0383321,0.0367537,0.0352224,0.0337386,0.0323011,0.03091,0.0295643,0.0282636,0.027007,0.025794,0.0246236,0.0234953,0.0224079,0.0213609,0.020353,0.0193837,0.0184518,0.0175566,0.0166969,0.015872,0.0150807,0.0143223,0.0135957,0.0129,0.0122341,0.0115974,0.0109886,0.0104071,0.00985168,0.00932172,0.00881609,0.00833415,0.00787482,0.00743748,0.00702109,0.00662506,0.00624839,0.00589052,0.00555049,0.00522776,0.00492144,0.00463101,0.00435563,0.0040948,0.00384774,0.00361397,0.00339277,0.00318368,0.00298602,0.00279938,0.00262312,0.00245685,0.00229998,0.00215214,0.0020128,0.00188161,0.00175808,0.00164189,0.00153258,0.00142986,0.0013333,0.00124265,0.00115752,0.00107765,0.0010027,0.000932449,0.000866571,0.000804857,0.000747023,0.000692874,0.000642151,0.000594678,0.000550219,0.000508614,0.000469649,0.000433179,0.000399009,0.000367005,0.000336993,0.00030885,0.000282418,0.000257582,0.0002342,0.000212166,0.00019135,0.000171653,0.000152956,0.000135166,0.000118174,0.000101892,8.6217e-05,7.10645e-05,5.63395e-05,4.1958e-05,2.78304e-05
0,0.0123847,0.0246034,0.0364988,0.0479294,0.0587755,0.0689422,0.07836,0.0869848,0.0947942,0.101785,0.107971,0.113376,0.118033,0.121983,0.125269,0.127936,0.13003,0.131598,0.132681,0.133323,0.133564,0.133441,0.132989,0.132242,0.131228,0.129978,0.128515,0.126866,0.12505,0.123089,0.121001,0.118803,0.116511,0.114139,0.111699,0.109205,0.106666,0.104093,0.101496,0.0988815,0.0962582,0.0936332,0.0910122,0.0884015,0.0858057,0.0832302,0.0806784,0.0781551,0.0756628,0.0732053,0.0707846,0.068404,0.0660647,0.0637694,0.0615189,0.0593154,0.0571592,0.0550521,0.0529941,0.0509866,0.0490292,0.0471229,0.0452673,0.0434631,0.0417094,0.0400069,0.0383546,0.0367526,0.0352001,0.033697,0.0322423,0.0308357,0.0294761,0.0281632,0.0268958,0.0256734,0.0244948,0.0233595,0.0222662,0.0212142,0.0202024,0.01923,0.0182957,0.0173989,0.0165381,0.0157129,0.0149218,0.0141641,0.0134385,0.0127443,0.0120803,0.0114458,0.0108394,0.0102606,0.00970814,0.0091813,0.00867893,0.0082004,0.00774458,0.00731084,0.00689812,0.00650581,0.00613289,0.00577878,0.00544252,0.00512355,0.00482097,0.00453425,0.00426253,0.00400531,0.00376181,0.00353153,0.00331374,0.003108,0.00291361,0.00273015,0.00255698,0.00239372,0.00223977,0.00209475,0.00195815,0.00182959,0.00170861,0.00159486,0.0014879,0.00138744,0.00129305,0.00120447,0.00112132,0.00104335,0.000970209,0.000901672,0.000837426,0.00077726,0.000720891,0.000668126,0.000618708,0.000572462,0.000529154,0.000488624,0.000450662,0.000415121,0.00038181,0.000350594,0.000321303,0.000293811,0.000267963,0.000243644,0.000220713,0.000199063,0.000178565,0.000159119,0.000140607,0.000122935,0.000105993,8.96896e-05,7.39241e-05,5.86083e-05,4.36462e-05,2.8951e-05
0,0.0137399,0.0272761,0.0404169,0.0529928,0.0648637,0.0759223,0.0860951,0.0953395,0.103641,0.111005,0.117459,0.123038,0.12779,0.131766,0.135022,0.137611,0.13959,0.14101,0.141923,0.142376,0.142413,0.142075,0.141402,0.140427,0.139185,0.137704,0.136012,0.134133,0.132091,0.129907,0.1276,0.125186,0.122682,0.120102,0.117461,0.114769,0.112038,0.109277,0.106497,0.103704,0.100908,0.0981147,0.0953305,0.0925605,0.0898108,0.0870852,0.0843885,0.0817238,0.0790952,0.0765049,0.0739562,0.0714508,0.0689914,0.0665792,0.0642162,0.0619031,0.0596417,0.0574321,0.0552757,0.0531724,0.0511232,0.0491277,0.0471866,0.0452991,0.0434659,0.041686,0.0399597,0.0382859,0.0366648,0.0350951,0.0335768,0.0321085,0.0306901,0.0293202,0.0279984,0.0267235,0.0254948,0.024311,0.0231716,0.0220751,0.0210209,0.0200075,0.0190344,0.0181001,0.0172038,0.0163442,0.0155206,0.0147315,0.0139763,0.0132535,0.0125625,0.011902,0.0112711,0.0106686,0.0100938,0.00954554,0.00902301,0.00852505,0.008051,0.00759971,0.00717054,0.0067624,0.00637466,0.0060063,0.00565672,0.00532494,0.00501041,0.0047122,0.00442977,0.00416228,0.00390919,0.00366973,0.0034434,0.00322947,0.00302747,0.00283672,0.00265679,0.00248705,0.00232709,0.00217634,0.00203441,0.00190077,0.00177508,0.00165684,0.00154574,0.00144131,0.00134327,0.0012512,0.00116483,0.00108379,0.00100782,0.000936592,0.000869867,0.000807339,0.000748798,0.000693963,0.000642643,0.000594584,0.000549611,0.000507494,0.000468074,0.000431142,0.000396553,0.000364118,0.000333703,0.000305139,0.0002783,0.000253033,0.000229224,0.000206731,0.000185448,0.000165247,0.000146026,0.000127668,0.000110076,9.31415e-05,7.67715e-05,6.08636e-05,4.53272e-05,3.0065e-05
0,0.0153013,0.0303493,0.0449077,0.0587716,0.0717767,0.0838035,0.0947761,0.104658,0.113446,0.121162,0.127848,0.133558,0.138355,0.142305,0.145476,0.147936,0.149748,0.150974,0.15167,0.151891,0.151684,0.151095,0.150166,0.148935,0.147435,0.145698,0.143752,0.141623,0.139335,0.13691,0.134366,0.131722,0.128993,0.126194,0.123339,0.120439,0.117506,0.114549,0.111578,0.108601,0.105625,0.102657,0.0997033,0.0967699,0.0938609,0.0909817,0.0881354,0.0853267,0.0825577,0.0798324,0.0771522,0.0745204,0.0719379,0.0694073,0.0669292,0.0645056,0.0621366,0.0598238,0.0575671,0.0553676,0.0532249,0.0511397,0.0491115,0.0471408,0.0452266,0.0433693,0.0415678,0.0398223,0.0381315,0.0364953,0.0349124,0.0333827,0.0319046,0.030478,0.0291012,0.0277739,0.0264945,0.0252625,0.0240764,0.0229356,0.0218386,0.0207846,0.0197722,0.0188006,0.0178684,0.0169748,0.0161183,0.0152982,0.0145129,0.0137619,0.0130436,0.0123573,0.0117016,0.0110757,0.0104784,0.00990896,0.00936602,0.00884891,0.00835641,0.00788783,0.007442,0.00701827,0.00661553,0.00623315,0.00587008,0.00552572,0.00519908,0.00488958,0.00459631,0.00431872,0.00405594,0.00380746,0.00357248,0.00335051,0.0031408,0.0029429,0.00275612,0.00258003,0.00241399,0.00225761,0.00211029,0.00197168,0.00184122,0.00171858,0.00160327,0.00149496,0.00139322,0.00129773,0.0012081,0.00112406,0.00104523,0.000971364,0.000902126,0.000837289,0.000776545,0.000719687,0.000666438,0.000616609,0.000569947,0.000526281,0.000485382,0.000447093,0.000411208,0.000377581,0.000346028,0.000316415,0.000288573,0.00026238,0.000237682,0.000214364,0.000192288,0.000171346,0.00015141,0.000132378,0.000114133,9.65774e-05,7.96008e-05,6.31085e-05,4.69973e-05,3.11738e-05
0,0.0171188,0.0339175,0.050101,0.0654197,0.0796814,0.0927548,0.104566,0.115092,0.124346,0.132375,0.139241,0.145021,0.149799,0.153658,0.156681,0.158949,0.160535,0.161511,0.16194,0.16188,0.161387,0.160508,0.159288,0.157766,0.155979,0.153958,0.151735,0.149334,0.14678,0.144095,0.141299,0.138409,0.135441,0.132411,0.129331,0.126212,0.123068,0.119906,0.116737,0.113567,0.110405,0.107257,0.104129,0.101026,0.0979543,0.0949166,0.0919178,0.0889608,0.0860492,0.0831851,0.0803717,0.0776102,0.0749033,0.0722517,0.0696574,0.0671208,0.0646436,0.0622255,0.0598679,0.0575704,0.0553338,0.0531574,0.051042,0.0489865,0.0469913,0.0450554,0.0431788,0.0413604,0.0396,0.0378964,0.0362492,0.0346571,0.0331197,0.0316355,0.030204,0.0288236,0.0274938,0.0262131,0.0249807,0.0237951,0.0226555,0.0215604,0.0205091,0.0194998,0.018532,0.0176039,0.0167149,0.0158634,0.0150485,0.0142688,0.0135236,0.0128112,0.012131,0.0114815,0.010862,0.0102711,0.00970808,0.00917159,0.00866092,0.00817483,0.00771263,0.00727312,0.00685563,0.00645905,0.00608273,0.00572561,0.00538709,0.00506616,0.00476225,0.00447443,0.00420214,0.00394453,0.00370107,0.00347095,0.00325369,0.00304854,0.00285505,0.00267252,0.00250053,0.00233844,0.00218585,0.00204219,0.00190707,0.00177998,0.00166055,0.00154831,0.00144294,0.00134399,0.00125118,0.00116409,0.00108247,0.00100593,0.000934236,0.000867056,0.000804162,0.000745252,0.000690121,0.000638496,0.000590187,0.000544948,0.000502607,0.00046294,0.000425791,0.000390957,0.000358293,0.000327617,0.000298796,0.000271664,0.000246098,0.000221946,0.000199094,0.000177404,0.000156767,0.000137057,0.000118171,9.999e-05,8.24158e-05,6.5338e-05,4.86591e-05,3.22749e-05
0,0.0192592,0.0381063,0.0561673,0.0731358,0.0887879,0.102984,0.115662,0.126818,0.136498,0.144776,0.151749,0.15752,0.162196,0.165883,0.168681,0.170683,0.171977,0.17264,0.172744,0.172354,0.171528,0.170316,0.168766,0.16692,0.164814,0.162483,0.159956,0.157261,0.15442,0.151458,0.148392,0.145242,0.142021,0.138747,0.13543,0.132085,0.128719,0.125344,0.121968,0.1186,0.115245,0.111911,0.108603,0.105327,0.102087,0.0988881,0.0957324,0.0926246,0.0895666,0.0865619,0.0836119,0.0807193,0.077885,0.0751113,0.0723984,0.0697481,0.0671603,0.0646365,0.0621761,0.0597802,0.057448,0.0551803,0.0529762,0.0508359,0.0487585,0.046744,0.0447912,0.0429001,0.0410691,0.0392983,0.0375859,0.0359318,0.0343342,0.0327927,0.0313058,0.0298728,0.028492,0.0271628,0.0258835,0.0246534,0.0234708,0.022335,0.0212443,0.0201978,0.0191939,0.0182318,0.0173099,0.0164273,0.0155825,0.0147745,0.014002,0.0132639,0.0125589,0.0118862,0.0112442,0.0106322,0.0100488,0.00949321,0.00896416,0.00846086,0.00798206,0.00752705,0.00709463,0.00668411,0.00629437,0.00592474,0.00557418,0.00524204,0.00492735,0.0046295,0.00434758,0.00408102,0.00382896,0.00359087,0.00336596,0.00315372,0.00295342,0.0027646,0.00258657,0.0024189,0.00226097,0.00211237,0.00197253,0.00184108,0.00171748,0.0016014,0.00149236,0.00139003,0.00129399,0.00120393,0.00111946,0.00104032,0.000966137,0.000896672,0.000831597,0.000770687,0.000713646,0.00066027,0.000610289,0.000563518,0.000519714,0.000478705,0.000440273,0.000404262,0.000370472,0.00033876,0.000308947,0.000280899,0.000254454,0.000229487,0.000205851,0.000183429,0.000162086,0.000141711,0.000122178,0.000103384,8.52104e-05,6.75555e-05,5.03088e-05,3.33702e-05
0,0.0218146,0.0430869,0.0633348,0.0821795,0.0993643,0.11475,0.128298,0.140043,0.150075,0.158512,0.165489,0.171146,0.175618,0.179035,0.181516,0.18317,0.184094,0.184375,0.184093,0.183317,0.182107,0.180518,0.178599,0.176392,0.173937,0.171266,0.168411,0.165397,0.162251,0.158992,0.15564,0.152214,0.148728,0.145197,0.141634,0.13805,0.134455,0.130858,0.127269,0.123694,0.120142,0.116616,0.113124,0.109669,0.106258,0.102892,0.0995771,0.0963145,0.0931081,0.0899594,0.0868712,0.0838446,0.0808819,0.0779834,0.0751511,0.0723848,0.0696861,0.0670544,0.0644909,0.0619949,0.0595671,0.0572066,0.0549137,0.0526874,0.0505278,0.0484336,0.0464047,0.0444398,0.0425387,0.0406996,0.0389224,0.0372054,0.035548,0.0339486,0.0324066,0.0309202,0.0294888,0.0281106,0.0267849,0.0255098,0.0242847,0.0231076,0.0219779,0.0208937,0.0198542,0.0188577,0.0179033,0.0169893,0.0161149,0.0152784,0.0144789,0.0137149,0.0129855,0.0122891,0.011625,0.0109917,0.0103882,0.00981337,0.00926625,0.00874553,0.00825044,0.00777973,0.00733266,0.00690802,0.00650512,0.00612282,0.00576045,0.00541696,0.00509171,0.00478371,0.00449235,0.00421673,0.00395626,0.00371009,0.00347769,0.00325826,0.00305132,0.00285611,0.00267219,0.00249886,0.00233571,0.00218211,0.00203766,0.00190178,0.00177412,0.00165414,0.00154151,0.00143576,0.00133656,0.00124349,0.00115626,0.00107447,0.000997864,0.000926081,0.000858881,0.000795941,0.00073704,0.000681887,0.000630279,0.000581953,0.000536724,0.000494354,0.000454674,0.000417468,0.000382582,0.00034982,0.00031904,0.000290065,0.000262762,0.000236971,0.000212569,0.000189409,0.000167373,0.000146328,0.000126163,0.000106752,8.79887e-05,6.97557e-05,5.19489e-05,3.44569e-05
0,0.0249153,0.0490979,0.0719142,0.092895,0.111754,0.128372,0.142756,0.155006,0.165273,0.173736,0.180582,0.185991,0.190132,0.193163,0.195221,0.19643,0.196899,0.196724,0.195988,0.194765,0.193119,0.191107,0.188778,0.186175,0.183337,0.180299,0.177089,0.173736,0.170261,0.166689,0.163035,0.159319,0.155554,0.151755,0.147934,0.144102,0.140269,0.136444,0.132634,0.128847,0.125089,0.121367,0.117685,0.114049,0.110461,0.106927,0.103448,0.100028,0.0966701,0.0933758,0.0901465,0.0869847,0.0838909,0.0808669,0.0779128,0.07503,0.0722183,0.0694786,0.0668102,0.064214,0.061689,0.0592356,0.0568527,0.0545404,0.0522974,0.0501237,0.0480178,0.0459795,0.0440071,0.0421003,0.0402574,0.0384779,0.0367599,0.035103,0.0335053,0.031966,0.0304834,0.0290567,0.0276839,0.0263643,0.0250961,0.0238783,0.0227092,0.0215877,0.0205122,0.0194817,0.0184944,0.0175495,0.0166451,0.0157805,0.0149538,0.0141642,0.0134101,0.0126905,0.012004,0.0113497,0.010726,0.0101322,0.00956678,0.00902896,0.00851739,0.00803129,0.00756937,0.0071309,0.00671467,0.00631995,0.00594564,0.00559103,0.00525508,0.00493715,0.00463624,0.00435174,0.00408275,0.00382869,0.0035887,0.00336225,0.00314857,0.00294713,0.00275723,0.00257839,0.00240994,0.00225146,0.00210233,0.00196215,0.00183035,0.00170658,0.00159032,0.00148122,0.00137883,0.00128283,0.00119278,0.00110842,0.00102935,0.000955316,0.000885959,0.000821044,0.000760256,0.000703375,0.000650115,0.000600277,0.000553602,0.000509908,0.000468961,0.000430593,0.000394595,0.000360811,0.000329051,0.000299173,0.000271003,0.000244409,0.000219233,0.000195351,0.000172618,0.000150917,0.000130115,0.000110099,9.07441e-05,7.19422e-05,5.35754e-05,3.55368e-05
0,0.0287518,0.0564811,0.0823381,0.105744,0.126401,0.144244,0.15937,0.171974,0.182302,0.190608,0.197143,0.202137,0.205796,0.208303,0.209817,0.210475,0.210397,0.209683,0.208423,0.206691,0.204556,0.202073,0.199292,0.196256,0.193004,0.189569,0.18598,0.182264,0.178443,0.174538,0.170567,0.166546,0.16249,0.158412,0.154324,0.150235,0.146155,0.142093,0.138056,0.134051,0.130084,0.12616,0.122284,0.118461,0.114694,0.110987,0.107342,0.103762,0.10025,0.0968074,0.0934358,0.0901361,0.0869104,0.0837585,0.0806822,0.0776809,0.0747559,0.0719063,0.0691331,0.0664351,0.0638129,0.0612653,0.0587925,0.0563931,0.054067,0.0518127,0.0496301,0.0475174,0.0454742,0.0434987,0.0415906,0.0397478,0.0379698,0.0362547,0.0346018,0.033009,0.0314757,0.0299998,0.0285806,0.027216,0.0259052,0.0246462,0.0234381,0.022279,0.021168,0.0201031,0.0190834,0.0181072,0.0171733,0.0162802,0.0154267,0.0146112,0.0138328,0.0130899,0.0123814,0.0117058,0.0110623,0.0104492,0.00986588,0.00931076,0.00878303,0.00828134,0.00780489,0.00735241,0.00692313,0.00651585,0.00612984,0.00576398,0.00541757,0.00508957,0.00477932,0.00448585,0.00420853,0.00394646,0.00369907,0.00346551,0.00324525,0.0030375,0.00284177,0.00265733,0.00248373,0.00232029,0.00216661,0.00202206,0.00188625,0.00175862,0.00163882,0.00152634,0.00142083,0.00132185,0.00122908,0.00114211,0.00106064,0.000984315,0.000912863,0.000845943,0.000783321,0.000724685,0.000669821,0.000618448,0.000570369,0.000525331,0.000483153,0.000443608,0.000406529,0.000371709,0.000338997,0.000308204,0.000279189,0.000251782,0.000225852,0.000201241,0.000177827,0.000155466,0.00013404,0.000113416,9.34809e-05,7.41094e-05,5.5191e-05,3.66072e-05
0,0.033614,0.0657427,0.0952222,0.121355,0.143878,0.162851,0.178526,0.191245,0.201378,0.209282,0.215279,0.219653,0.22265,0.224478,0.225313,0.225305,0.224578,0.22324,0.221382,0.219079,0.216398,0.213397,0.210122,0.206618,0.20292,0.199061,0.195069,0.190969,0.186782,0.182528,0.178224,0.173886,0.169527,0.165159,0.160793,0.156439,0.152105,0.1478,0.14353,0.139301,0.135119,0.130989,0.126915,0.122902,0.118952,0.115069,0.111255,0.107513,0.103845,0.100252,0.0967353,0.093297,0.089937,0.0866569,0.0834562,0.0803362,0.077296,0.0743366,0.0714568,0.0686572,0.0659365,0.063295,0.0607311,0.0582448,0.0558346,0.0535002,0.0512398,0.0490531,0.0469383,0.0448947,0.0429205,0.0410151,0.0391763,0.0374036,0.0356947,0.0340491,0.0324645,0.0309401,0.0294738,0.0280648,0.0267109,0.0254113,0.0241638,0.0229676,0.0218207,0.0207219,0.0196695,0.0186625,0.0176988,0.0167776,0.0158971,0.0150562,0.0142533,0.0134872,0.0127565,0.0120601,0.0113965,0.0107646,0.0101631,0.00959105,0.00904696,0.00853002,0.00803886,0.00757268,0.00713019,0.00671062,0.00631277,0.00593591,0.00557891,0.00524108,0.00492137,0.00461913,0.00433339,0.00406352,0.00380862,0.00356813,0.0033412,0.00312729,0.00292565,0.00273577,0.00255693,0.00238868,0.00223037,0.00208157,0.00194168,0.00181032,0.00168692,0.00157115,0.00146249,0.00136061,0.00126507,0.00117556,0.00109167,0.00101312,0.000939535,0.00087067,0.000806185,0.000745848,0.000689354,0.000636492,0.000586987,0.000540645,0.000497219,0.00045653,0.000418355,0.000382529,0.000348851,0.00031717,0.0002873,0.000259103,0.00023241,0.00020709,0.000182988,0.000159982,0.000137929,0.00011671,9.61923e-05,7.62611e-05,5.67914e-05,3.76699e-05
0,0.0399648,0.07766,0.111463,0.140587,0.164922,0.184777,0.200659,0.213127,0.222714,0.229893,0.235071,0.238585,0.240714,0.241689,0.241699,0.2409,0.239422,0.237372,0.23484,0.231902,0.228623,0.225056,0.221248,0.21724,0.213066,0.208756,0.204338,0.199833,0.195263,0.190645,0.185995,0.181327,0.176654,0.171986,0.167334,0.162707,0.158112,0.153557,0.149048,0.144589,0.140188,0.135848,0.131573,0.127365,0.12323,0.119168,0.115184,0.111277,0.10745,0.103705,0.100043,0.0964635,0.0929688,0.0895583,0.0862332,0.0829927,0.0798375,0.0767666,0.0737805,0.0708779,0.068059,0.0653222,0.0626676,0.0600935,0.0575995,0.055184,0.0528465,0.050585,0.0483991,0.0462866,0.044247,0.0422782,0.0403793,0.0385482,0.0367842,0.035085,0.0334497,0.0318762,0.0303636,0.0289096,0.0275133,0.0261726,0.0248864,0.0236527,0.0224704,0.0213374,0.0202528,0.0192146,0.0182217,0.0172722,0.0163651,0.0154985,0.0146714,0.0138821,0.0131296,0.0124121,0.0117288,0.0110779,0.0104586,0.0098694,0.00930931,0.00877693,0.00827139,0.00779134,0.00733595,0.00690394,0.00649454,0.00610654,0.00573921,0.00539142,0.00506249,0.00475137,0.00445741,0.00417963,0.00391743,0.0036699,0.00343648,0.00321635,0.00300895,0.00281354,0.00262962,0.00245649,0.00229368,0.00214057,0.00199672,0.00186156,0.00173468,0.00161556,0.00150384,0.00139902,0.0013008,0.00120871,0.00112246,0.00104165,0.000966009,0.000895168,0.000828879,0.000766812,0.00070874,0.000654366,0.00060348,0.000555814,0.000511178,0.000469329,0.000430091,0.000393245,0.000358631,0.000326049,0.000295349,0.000266352,0.000238917,0.00021288,0.00018811,0.000164454,0.000141788,0.000119971,9.88827e-05,7.83914e-05,5.83795e-05,3.8722e-05
0,0.0485884,0.093476,0.132393,0.164621,0.190461,0.210696,0.22623,0.237915,0.246484,0.252539,0.256563,0.258939,0.259973,0.259909,0.25894,0.257225,0.25489,0.25204,0.248762,0.245127,0.241196,0.23702,0.23264,0.228096,0.223417,0.218633,0.213767,0.20884,0.203869,0.198872,0.193863,0.188854,0.183857,0.178881,0.173935,0.169028,0.164165,0.159355,0.154601,0.14991,0.145285,0.140731,0.136251,0.131847,0.127523,0.123281,0.119122,0.115049,0.111063,0.107164,0.103354,0.0996334,0.0960021,0.0924612,0.0890098,0.0856489,0.0823771,0.0791951,0.0761013,0.0730961,0.0701777,0.0673463,0.0645999,0.0619384,0.0593598,0.0568638,0.0544482,0.0521126,0.0498548,0.0476742,0.0455684,0.0435369,0.0415772,0.0396885,0.0378687,0.0361167,0.0344302,0.0328084,0.0312488,0.0297506,0.0283114,0.0269302,0.0256049,0.0243342,0.0231162,0.0219496,0.0208325,0.0197637,0.0187412,0.0177639,0.0168299,0.0159381,0.0150867,0.0142746,0.0135,0.0127619,0.0120586,0.0113892,0.0107519,0.0101459,0.00956967,0.00902221,0.00850212,0.00800853,0.00754008,0.00709593,0.00667483,0.00627597,0.00589818,0.0055407,0.00520242,0.00488266,0.00458037,0.0042949,0.00402529,0.00377093,0.00353093,0.00330473,0.00309151,0.00289073,0.00270165,0.00252378,0.00235642,0.00219912,0.00205125,0.0019124,0.00178199,0.00165963,0.00154479,0.00143714,0.00133618,0.00124159,0.00115295,0.00106996,0.000992223,0.00091947,0.000851348,0.000787609,0.000727933,0.000672096,0.000619807,0.000570861,0.000524995,0.000482023,0.000441707,0.000403874,0.00036831,0.000334855,0.000303315,0.000273542,0.000245357,0.000218624,0.000193178,0.000168889,0.000145606,0.000123205,0.000101545,8.05041e-05,5.99509e-05,3.97654e-05
0,0.0609161,0.115269,0.160023,0.195055,0.221623,0.241335,0.255672,0.265846,0.2728,0.27725,0.279738,0.280674,0.280373,0.279077,0.276976,0.274219,0.270926,0.267193,0.263099,0.25871,0.254079,0.249251,0.244266,0.239155,0.233948,0.228666,0.223333,0.217966,0.212582,0.207193,0.201814,0.196454,0.191124,0.185831,0.180585,0.175391,0.170256,0.165185,0.160184,0.155255,0.150403,0.145632,0.140944,0.136341,0.131827,0.127401,0.123068,0.118826,0.114679,0.110625,0.106666,0.102802,0.0990346,0.0953616,0.0917843,0.0883014,0.0849135,0.0816189,0.078418,0.0753089,0.0722918,0.0693646,0.0665271,0.0637773,0.0611148,0.0585374,0.0560446,0.0536341,0.0513052,0.0490556,0.0468845,0.0447895,0.0427698,0.040823,0.0389481,0.0371428,0.0354059,0.0337352,0.0321295,0.0305865,0.0291052,0.0276831,0.0263193,0.0250114,0.0237582,0.0225577,0.0214087,0.0203089,0.0192574,0.0182521,0.0172918,0.0163745,0.0154992,0.0146641,0.0138679,0.013109,0.0123862,0.011698,0.0110432,0.0104202,0.00982815,0.00926544,0.00873116,0.00822387,0.00774269,0.00728626,0.00685376,0.00644392,0.00605593,0.00568863,0.00534127,0.00501275,0.00470237,0.0044091,0.00413229,0.00387101,0.00362463,0.00339228,0.0031734,0.00296718,0.0027731,0.00259041,0.00241863,0.00225709,0.00210533,0.00196274,0.0018289,0.00170325,0.00158541,0.00147486,0.00137126,0.00127414,0.00118319,0.00109798,0.00101821,0.000943518,0.000873624,0.000808186,0.000746961,0.000689637,0.000635993,0.000585746,0.000538693,0.000494581,0.000453222,0.000414387,0.000377904,0.000343565,0.000311211,0.000280652,0.000251741,0.000224304,0.000198202,0.000173275,0.000149391,0.000126403,0.000104184,8.25933e-05,6.15085e-05,4.07972e-05
0,0.0798102,0.146669,0.197386,0.233966,0.25966,0.27737,0.2893,0.297024,0.30165,0.303956,0.304501,0.303686,0.301811,0.299097,0.295716,0.291801,0.287456,0.282764,0.277792,0.272597,0.267223,0.261709,0.256087,0.250385,0.244625,0.238828,0.233011,0.227191,0.221379,0.215589,0.209829,0.20411,0.198439,0.192824,0.187271,0.181786,0.176374,0.171039,0.165785,0.160616,0.155534,0.150543,0.145645,0.140841,0.136134,0.131525,0.127014,0.122603,0.118293,0.114084,0.109975,0.105968,0.102062,0.0982575,0.0945528,0.0909486,0.0874431,0.0840367,0.0807275,0.0775154,0.0743983,0.0713762,0.0684467,0.0656094,0.0628621,0.0602042,0.0576334,0.0551488,0.0527481,0.0504305,0.0481934,0.046036,0.0439557,0.0419516,0.0400211,0.0381632,0.0363754,0.0346566,0.0330043,0.0314174,0.0298935,0.0284313,0.0270286,0.0256841,0.0243956,0.0231618,0.0219804,0.0208505,0.0197696,0.0187368,0.0177499,0.0168078,0.0159084,0.0150507,0.0142328,0.0134535,0.012711,0.0120044,0.0113319,0.0106924,0.0100843,0.00950675,0.00895811,0.00843748,0.00794342,0.00747505,0.00703101,0.00661048,0.00621218,0.00583534,0.00547878,0.00514175,0.00482317,0.00452233,0.00423823,0.00397023,0.00371737,0.00347907,0.00325445,0.00304296,0.0028438,0.00265646,0.0024802,0.00231455,0.00215884,0.00201263,0.00187531,0.00174648,0.00162558,0.00151224,0.00140596,0.0013064,0.00121309,0.00112574,0.00104392,0.000967346,0.000895652,0.000828574,0.000765775,0.000707017,0.000651995,0.000600493,0.000552234,0.000507021,0.000464605,0.000424802,0.000387388,0.000352194,0.000319016,0.000287696,0.00025805,0.00022993,0.000203166,0.000177619,0.000153132,0.000129572,0.000106791,8.46629e-05,6.30477e-05,4.18194e-05
0,0.11166,0.194216,0.248896,0.283778,0.305697,0.319208,0.327159,0.33133,0.33285,0.33246,0.330661,0.327801,0.32413,0.319831,0.315042,0.309867,0.304389,0.298673,0.292771,0.286726,0.280574,0.274344,0.26806,0.261744,0.255415,0.249086,0.242774,0.236488,0.230239,0.224037,0.21789,0.211805,0.205788,0.199845,0.193981,0.1882,0.182507,0.176904,0.171396,0.165983,0.16067,0.155457,0.150347,0.145341,0.14044,0.135645,0.130957,0.126375,0.121902,0.117536,0.113278,0.109126,0.105083,0.101145,0.0973135,0.0935867,0.0899646,0.0864452,0.0830285,0.0797124,0.0764964,0.0733783,0.0703578,0.0674323,0.0646012,0.061862,0.0592141,0.0566548,0.0541833,0.051797,0.0494949,0.0472744,0.0451345,0.0430725,0.0410874,0.0391765,0.0373387,0.0355714,0.0338734,0.0322421,0.0306764,0.0291738,0.0277329,0.0263515,0.0250283,0.0237608,0.022548,0.0213874,0.020278,0.0192174,0.0182045,0.0172372,0.0163143,0.0154338,0.0145946,0.0137948,0.0130332,0.012308,0.0116181,0.0109619,0.0103383,0.00974572,0.00918311,0.00864899,0.00814241,0.00766194,0.0072067,0.00677534,0.00636704,0.00598053,0.00561504,0.0052694,0.00494286,0.00463436,0.0043432,0.00406838,0.00380926,0.00356492,0.00333475,0.00311791,0.00291384,0.00272177,0.00254118,0.00237136,0.00221184,0.00206195,0.00192128,0.00178922,0.00166537,0.0015492,0.00144033,0.00133828,0.00124271,0.00115317,0.00106937,0.000990893,0.000917464,0.000848719,0.000784403,0.000724188,0.00066784,0.000615062,0.000565642,0.000519311,0.000475875,0.00043509,0.000396777,0.000360717,0.000326742,0.000294654,0.000264296,0.000235487,0.000208081,0.00018191,0.000156835,0.0001327,0.000109373,8.67067e-05,6.45715e-05,4.28287e-05
0,0.172615,0.269649,0.320214,0.346566,0.360161,0.366625,0.368825,0.368314,0.365991,0.362408,0.35792,0.352769,0.347123,0.341105,0.334804,0.328291,0.321618,0.314828,0.307956,0.301029,0.294072,0.287103,0.280139,0.273194,0.266281,0.25941,0.25259,0.245831,0.239138,0.232519,0.225978,0.219522,0.213155,0.20688,0.200701,0.194622,0.188645,0.182773,0.177007,0.17135,0.165803,0.160367,0.155044,0.149834,0.144738,0.139757,0.13489,0.130138,0.125501,0.120978,0.116569,0.112274,0.108091,0.104022,0.100062,0.0962139,0.0924742,0.0888429,0.0853179,0.0818987,0.078583,0.0753701,0.0722577,0.0692451,0.0663295,0.0635102,0.0607846,0.0581517,0.0556088,0.0531548,0.0507872,0.0485047,0.0463046,0.0441858,0.0421455,0.0401826,0.0382943,0.0364794,0.0347353,0.0330605,0.0314527,0.0299104,0.0284311,0.0270136,0.0256553,0.024355,0.0231103,0.0219199,0.0207815,0.0196939,0.0186548,0.0176629,0.0167163,0.0158136,0.0149529,0.014133,0.013352,0.0126088,0.0119015,0.011229,0.0105897,0.00998247,0.00940574,0.00885851,0.00833926,0.00784705,0.00738047,0.00693863,0.00652019,0.00612432,0.00574978,0.0053958,0.00506121,0.00474529,0.00444697,0.00416557,0.00390009,0.00364991,0.00341411,0.0031921,0.00298306,0.00278643,0.00260144,0.0024276,0.0022642,0.00211078,0.00196669,0.00183152,0.00170467,0.00158577,0.00147427,0.00136983,0.00127195,0.00118032,0.0010945,0.00101419,0.000939001,0.000868653,0.000802796,0.000741179,0.000683482,0.000629478,0.000578877,0.000531472,0.000487,0.00044527,0.000406045,0.00036915,0.000334368,0.000301537,0.000270461,0.000240985,0.000212932,0.000186155,0.000160489,0.000135796,0.00011192,8.87287e-05,6.60751e-05,4.38273e-05
0,0.309157,0.391558,0.415754,0.422128,0.421775,0.418329,0.413226,0.407139,0.400426,0.393296,0.385882,0.378275,0.370536,0.36271,0.354833,0.346929,0.339022,0.331127,0.323259,0.31543,0.307651,0.299929,0.292273,0.284689,0.277184,0.269763,0.262431,0.255192,0.248051,0.241009,0.234073,0.227242,0.220522,0.213913,0.207418,0.201038,0.194777,0.188633,0.182609,0.176706,0.170925,0.165265,0.159728,0.154314,0.149023,0.143855,0.13881,0.133886,0.129085,0.124405,0.119846,0.115407,0.111086,0.106883,0.102797,0.0988264,0.0949702,0.0912262,0.0875941,0.0840712,0.0806569,0.0773487,0.0741457,0.0710452,0.0680464,0.0651464,0.0623442,0.0596371,0.057024,0.054502,0.0520699,0.0497249,0.0474657,0.0452897,0.0431953,0.04118,0.0392422,0.0373794,0.03559,0.0338715,0.0322224,0.0306401,0.0291233,0.0276693,0.0262769,0.0249434,0.0236676,0.0224471,0.0212805,0.0201655,0.0191008,0.0180842,0.0171145,0.0161894,0.0153078,0.0144677,0.0136678,0.0129063,0.012182,0.0114931,0.0108385,0.0102166,0.00962612,0.00906564,0.00853411,0.00803004,0.00755247,0.0071,0.00667175,0.0062664,0.00588312,0.00552069,0.00517832,0.00485488,0.00454964,0.00426156,0.00398995,0.00373385,0.00349262,0.00326538,0.00305153,0.00285027,0.00266105,0.00248312,0.00231599,0.00215897,0.00201161,0.00187327,0.00174355,0.00162186,0.00150784,0.00140096,0.00130088,0.00120712,0.00111936,0.00103718,0.000960299,0.000888321,0.000820983,0.000757941,0.00069895,0.000643699,0.000591964,0.000543466,0.000497999,0.00045531,0.000415209,0.000377466,0.000341909,0.000308326,0.000276556,0.000246407,0.000217728,0.000190341,0.000164102,0.000138848,0.000114439,9.07225e-05,6.75618e-05,4.48119e-05
1,0.672458,0.571681,0.529129,0.504431,0.4865,0.471711,0.458639,0.446622,0.43531,0.424504,0.414079,0.403956,0.394081,0.384418,0.37494,0.365629,0.356473,0.347462,0.33859,0.329851,0.321243,0.312763,0.30441,0.296185,0.288084,0.280111,0.272264,0.264544,0.256951,0.249488,0.242153,0.234948,0.227873,0.220929,0.214117,0.207437,0.200889,0.194474,0.188191,0.182042,0.176026,0.170143,0.164392,0.158774,0.153288,0.147933,0.142709,0.137615,0.13265,0.127814,0.123104,0.118521,0.114062,0.109727,0.105514,0.101422,0.097449,0.0935937,0.0898538,0.0862286,0.0827153,0.0793129,0.0760188,0.0728319,0.0697492,0.0667698,0.0638907,0.0611107,0.0584269,0.055838,0.0533411,0.0509348,0.0486162,0.046384,0.0442352,0.0421685,0.0401809,0.0382711,0.0364363,0.0346749,0.0329843,0.031363,0.0298083,0.0283188,0.0268918,0.0255261,0.0242189,0.022969,0.021774,0.0206324,0.0195419,0.0185012,0.0175081,0.0165613,0.0156586,0.0147988,0.0139799,0.0132007,0.0124593,0.0117544,0.0110844,0.0104481,0.00984383,0.00927052,0.00872657,0.00821101,0.00772233,0.00725959,0.00682141,0.00640691,0.00601477,0.00564418,0.00529392,0.00496323,0.00465099,0.00435647,0.00407864,0.00381683,0.0035701,0.00333781,0.00311909,0.00291337,0.00271986,0.002538,0.00236708,0.00220661,0.00205591,0.00191454,0.00178188,0.00165754,0.00154095,0.00143173,0.0013294,0.00123359,0.00114387,0.0010599,0.000981296,0.000907755,0.000838912,0.000774504,0.000714196,0.00065775,0.000604864,0.000555318,0.00050884,0.00046523,0.000424239,0.000385684,0.000349339,0.000315033,0.000282562,0.000251764,0.000222453,0.000194477,0.000167662,0.000141864,0.000116921,9.26923e-05,6.90265e-05,4.57847e-05
1,0.808997,0.693585,0.624663,0.579983,0.548101,0.5234,0.503024,0.485428,0.469724,0.455369,0.442016,0.429434,0.417464,0.405991,0.394935,0.384233,0.373841,0.363723,0.353854,0.344211,0.33478,0.325546,0.3165,0.307634,0.298942,0.290417,0.282057,0.273857,0.265815,0.257929,0.250198,0.242618,0.23519,0.227912,0.220783,0.213803,0.20697,0.200284,0.193744,0.187349,0.181099,0.174993,0.169029,0.163207,0.157527,0.151986,0.146584,0.141319,0.136192,0.131198,0.12634,0.121613,0.117017,0.11255,0.108211,0.103998,0.0999087,0.0959417,0.0920957,0.0883677,0.0847567,0.0812599,0.0778761,0.0746023,0.0714374,0.0683782,0.0654235,0.0625702,0.059817,0.0571609,0.0546004,0.0521325,0.0497557,0.047467,0.045265,0.0431466,0.0411104,0.0391533,0.037274,0.0354695,0.0337384,0.0320778,0.0304861,0.0289608,0.0275003,0.0261019,0.0247643,0.0234849,0.0222621,0.0210937,0.0199782,0.0189132,0.0178974,0.0169286,0.0160054,0.0151258,0.0142885,0.0134914,0.0127333,0.0120124,0.0113274,0.0106767,0.010059,0.00947272,0.00891677,0.00838959,0.00789018,0.00741706,0.00696929,0.00654552,0.00614484,0.00576599,0.00540813,0.00507009,0.0047511,0.00445006,0.00416624,0.00389865,0.00364662,0.00340922,0.00318582,0.00297558,0.00277794,0.0025921,0.00241754,0.00225356,0.00209966,0.0019552,0.00181974,0.00169269,0.00157364,0.00146205,0.00135756,0.00125967,0.00116806,0.00108228,0.00100203,0.000926899,0.000856615,0.000790817,0.00072925,0.000671589,0.000617599,0.000566989,0.000519544,0.000474998,0.000433155,0.000393775,0.000356675,0.000321637,0.000288491,0.000257038,0.000227118,0.000198548,0.000171177,0.000144833,0.000119371,9.46315e-05,7.04725e-05,4.67424e-05
1,0.869947,0.769008,0.695966,0.642752,0.602541,0.570789,0.544656,0.522374,0.502822,0.48527,0.469224,0.454347,0.440398,0.427202,0.41463,0.402587,0.390996,0.379802,0.368959,0.358432,0.348192,0.338218,0.328489,0.318993,0.309715,0.300646,0.291778,0.283103,0.274616,0.266312,0.258186,0.250235,0.242456,0.234846,0.227403,0.220124,0.213008,0.206053,0.199256,0.192618,0.186135,0.179807,0.173631,0.167607,0.161732,0.156007,0.150427,0.144994,0.139703,0.134556,0.129547,0.124678,0.119946,0.115348,0.110883,0.10655,0.102346,0.0982686,0.0943161,0.090487,0.0867782,0.0831886,0.0797148,0.0763558,0.0731082,0.0699707,0.0669401,0.0640151,0.0611923,0.0584703,0.0558459,0.0533177,0.0508824,0.0485386,0.046283,0.0441142,0.042029,0.0400259,0.0381019,0.0362554,0.0344834,0.0327845,0.0311557,0.0295955,0.0281012,0.0266712,0.0253028,0.0239946,0.022744,0.0215496,0.0204088,0.0193202,0.0182816,0.0172915,0.0163477,0.0154489,0.0145929,0.0137785,0.0130037,0.0122672,0.0115671,0.0109024,0.0102712,0.00967239,0.00910431,0.00856592,0.00805565,0.00757252,0.00711506,0.00668235,0.00627303,0.00588623,0.00552068,0.00517558,0.00484975,0.00454243,0.00425256,0.00397941,0.00372201,0.00347969,0.00325155,0.00303698,0.00283514,0.00264548,0.00246723,0.00229988,0.00214274,0.00199533,0.00185702,0.00172737,0.00160582,0.00149196,0.00138528,0.00128541,0.00119188,0.00110437,0.00102243,0.000945785,0.000874036,0.000806911,0.000744063,0.000685241,0.00063013,0.000578503,0.000530074,0.000484635,0.000441927,0.000401757,0.000363892,0.000328152,0.000294324,0.000262241,0.000231708,0.000202565,0.000174633,0.000147761,0.00012178,9.65444e-05,7.18948e-05,4.76871e-05
1,0.901789,0.816541,0.747454,0.692534,0.648541,0.612582,0.582464,0.556622,0.533958,0.513702,0.495307,0.478379,0.462629,0.447842,0.433856,0.420547,0.407819,0.395596,0.383818,0.372438,0.361416,0.350722,0.340329,0.330215,0.320365,0.310763,0.301396,0.292254,0.283329,0.274612,0.266098,0.25778,0.249655,0.241716,0.233962,0.226388,0.218992,0.211769,0.204719,0.197838,0.191125,0.184576,0.17819,0.171965,0.165899,0.159989,0.154235,0.148633,0.143182,0.13788,0.132724,0.127714,0.122846,0.118118,0.113529,0.109076,0.104758,0.100571,0.0965136,0.0925833,0.0887785,0.0850959,0.0815339,0.0780894,0.0747609,0.0715449,0.0684401,0.065443,0.0625521,0.0597641,0.0570773,0.0544886,0.0519962,0.0495969,0.0472891,0.0450696,0.0429367,0.0408873,0.0389198,0.037031,0.0352194,0.033482,0.0318171,0.0302218,0.0286947,0.0272328,0.0258346,0.0244975,0.0232198,0.0219991,0.0208339,0.0197216,0.0186608,0.0176493,0.0166855,0.0157673,0.0148933,0.0140614,0.0132704,0.0125182,0.0118037,0.0111248,0.0104805,0.00986909,0.00928932,0.0087396,0.00821889,0.00772563,0.00725885,0.00681711,0.00639948,0.00600463,0.00563169,0.00527943,0.00494703,0.00463337,0.00433767,0.0040589,0.00379635,0.00354905,0.00331636,0.00309739,0.00289154,0.002698,0.00251622,0.00234546,0.00218521,0.0020348,0.00189377,0.00176149,0.00163755,0.00152138,0.00141261,0.00131072,0.00121536,0.00112608,0.00104255,0.000964356,0.000891209,0.000822735,0.000758665,0.000698662,0.000642483,0.000589821,0.000540455,0.000494107,0.000450573,0.000409602,0.000371005,0.000334554,0.000300073,0.000267354,0.000236231,0.000206512,0.000178041,0.000150639,0.000124156,9.84242e-05,7.32966e-05,4.86154e-05
1,0.920674,0.847921,0.784787,0.731406,0.686529,0.648559,0.616025,0.587723,0.562722,0.540314,0.519967,0.50128,0.483947,0.467735,0.452462,0.437989,0.424201,0.411013,0.398352,0.38616,0.37439,0.363004,0.35197,0.341261,0.330855,0.320734,0.310881,0.301283,0.291929,0.282808,0.273913,0.265235,0.256768,0.248507,0.240446,0.232582,0.224908,0.217423,0.210121,0.203002,0.19606,0.189294,0.1827,0.176276,0.17002,0.163929,0.158,0.152232,0.146622,0.141167,0.135865,0.130715,0.125713,0.120857,0.116144,0.111574,0.107142,0.102846,0.0986848,0.0946553,0.0907545,0.0869807,0.0833305,0.0798024,0.0763928,0.0731001,0.0699209,0.0668534,0.0638943,0.0610418,0.0582925,0.0556448,0.0530951,0.0506419,0.0482817,0.0460128,0.043832,0.0417376,0.0397263,0.0377965,0.035945,0.0341702,0.032469,0.0308397,0.0292796,0.0277868,0.0263586,0.0249935,0.0236886,0.0224425,0.0212526,0.0201174,0.0190343,0.018002,0.0170181,0.0160812,0.0151891,0.0143404,0.0135331,0.0127657,0.0120365,0.011344,0.0106866,0.010063,0.00947139,0.00891078,0.0083795,0.00787652,0.00740031,0.00694989,0.00652386,0.00612129,0.00574087,0.00538175,0.00504271,0.00472296,0.00442137,0.00413721,0.00386944,0.00361738,0.00338008,0.0031569,0.00294699,0.00274974,0.00256438,0.00239036,0.00222696,0.00207369,0.00192988,0.00179509,0.00166872,0.00155036,0.00143946,0.00133565,0.00123843,0.00114746,0.00106231,0.000982645,0.000908078,0.000838319,0.000773007,0.000711881,0.000654614,0.000600968,0.000550649,0.000503436,0.000459063,0.000417328,0.00037799,0.00034086,0.000305718,0.00027239,0.000240672,0.0002104,0.000181386,0.000153473,0.000126488,0.000100275,7.46729e-05,4.95296e-05
1,0.932989,0.869689,0.81238,0.761791,0.717629,0.679125,0.645382,0.615557,0.588929,0.564905,0.543013,0.522875,0.504197,0.486744,0.47033,0.454805,0.440052,0.425972,0.412488,0.399534,0.387059,0.375016,0.363371,0.352091,0.341151,0.330528,0.320205,0.310165,0.300394,0.290879,0.281612,0.272582,0.263782,0.255204,0.246843,0.238692,0.230747,0.223002,0.215454,0.208099,0.200933,0.193951,0.187153,0.180533,0.17409,0.167819,0.161719,0.155786,0.150019,0.144413,0.138967,0.133678,0.128543,0.12356,0.118726,0.114039,0.109495,0.105092,0.100828,0.0966996,0.0927048,0.08884,0.0851036,0.0814919,0.0780032,0.0746337,0.0713819,0.0682441,0.0652184,0.0623014,0.0594912,0.0567843,0.0541789,0.0516716,0.0492604,0.0469421,0.0447148,0.0425752,0.0405215,0.0385505,0.0366603,0.0348479,0.0331116,0.0314482,0.029856,0.0283322,0.026875,0.0254817,0.0241505,0.0228789,0.0216652,0.0205069,0.0194023,0.0183491,0.0173458,0.0163901,0.0154805,0.0146148,0.0137917,0.0130091,0.0122657,0.0115596,0.0108895,0.0102536,0.00965066,0.00907905,0.00853764,0.00802483,0.00753958,0.0070804,0.00664631,0.00623593,0.00584835,0.00548229,0.00513689,0.00481098,0.00450376,0.00421414,0.00394138,0.00368449,0.00344279,0.00321535,0.00300155,0.00280055,0.00261177,0.00243444,0.00226804,0.00211186,0.00196542,0.00182808,0.0016994,0.0015788,0.00146588,0.00136011,0.00126113,0.00116845,0.00108175,0.00100059,0.000924676,0.000853611,0.000787119,0.00072485,0.000666551,0.000611905,0.000560679,0.000512587,0.000467417,0.000424907,0.000384862,0.000347045,0.000311272,0.000277329,0.000245041,0.000214212,0.000184677,0.000156253,0.000128782,0.000102091,7.60269e-05,5.04262e-05
1,0.941597,0.885475,0.833265,0.785765,0.743094,0.704955,0.670849,0.640229,0.61257,0.587408,0.564347,0.54306,0.523275,0.504771,0.487367,0.470916,0.455295,0.440407,0.426167,0.412509,0.399374,0.386715,0.374491,0.362669,0.351219,0.340117,0.329342,0.318875,0.308701,0.298806,0.289177,0.279805,0.27068,0.261793,0.253138,0.244708,0.236496,0.228498,0.220708,0.213121,0.205734,0.198542,0.191541,0.184729,0.178101,0.171654,0.165384,0.15929,0.153367,0.147613,0.142025,0.1366,0.131334,0.126226,0.121271,0.116469,0.111814,0.107306,0.10294,0.0987149,0.0946264,0.0906728,0.0868503,0.0831571,0.0795893,0.0761452,0.0728208,0.0696144,0.0665223,0.0635425,0.0606713,0.057907,0.0552458,0.0526859,0.0502237,0.0478574,0.0455835,0.0434001,0.0413038,0.0392929,0.037364,0.0355153,0.0337436,0.0320471,0.0304229,0.0288691,0.0273828,0.0259622,0.0246047,0.0233084,0.0220708,0.0208901,0.0197639,0.0186907,0.0176678,0.016694,0.0157667,0.0148848,0.0140458,0.0132486,0.012491,0.0117717,0.0110888,0.0104411,0.00982671,0.00924456,0.00869292,0.0081707,0.00767631,0.00720874,0.00676651,0.00634867,0.00595385,0.00558115,0.00522932,0.00489753,0.0045846,0.00428978,0.00401197,0.00375048,0.00350432,0.00327282,0.00305508,0.0028505,0.00265826,0.00247778,0.00230833,0.00214939,0.00200027,0.00186051,0.00172949,0.00160677,0.00149179,0.00138417,0.00128338,0.00118908,0.00110081,0.00101824,0.000940947,0.000868643,0.000800951,0.000737599,0.00067825,0.000622655,0.000570509,0.000521583,0.000475603,0.000432358,0.000391596,0.000353125,0.000316714,0.000282184,0.000249323,0.00021796,0.000187902,0.000158986,0.00013103,0.000103876,7.73536e-05,5.13075e-05
1,0.947931,0.897357,0.849453,0.804926,0.76405,0.726776,0.692861,0.661973,0.633751,0.60785,0.583956,0.561792,0.541126,0.521755,0.503513,0.486259,0.469876,0.454264,0.439341,0.425037,0.411294,0.398061,0.385297,0.372964,0.361032,0.349474,0.338268,0.327392,0.316831,0.306568,0.296591,0.286888,0.277447,0.268261,0.25932,0.250617,0.242146,0.233899,0.225873,0.21806,0.210457,0.203058,0.19586,0.188858,0.182049,0.175428,0.168993,0.162739,0.156664,0.150763,0.145035,0.139475,0.134081,0.128849,0.123777,0.11886,0.114098,0.109485,0.105019,0.100698,0.0965181,0.092476,0.0885697,0.0847952,0.0811506,0.0776318,0.0742369,0.0709621,0.0678054,0.0647628,0.0618326,0.0590108,0.0562955,0.053683,0.0511714,0.0487571,0.046438,0.0442108,0.0420734,0.0400224,0.038056,0.0361709,0.0343651,0.0326355,0.0309803,0.0293964,0.027882,0.0264341,0.0250511,0.0237301,0.0224694,0.0212664,0.0201194,0.0190259,0.0179843,0.0169922,0.0160481,0.0151497,0.0142955,0.0134835,0.0127123,0.0119797,0.0112846,0.010625,0.00999969,0.0094069,0.00884548,0.00831375,0.00781064,0.0073346,0.0068846,0.00645921,0.00605748,0.00567808,0.00532012,0.00498237,0.00466402,0.00436392,0.00408131,0.00381516,0.00356475,0.00332913,0.00310766,0.00289945,0.00270391,0.00252025,0.00234791,0.00218616,0.0020345,0.00189228,0.00175903,0.00163416,0.00151723,0.00140772,0.00130524,0.00120929,0.00111953,0.00103551,0.000956925,0.000883361,0.000814534,0.000750081,0.000689738,0.000633179,0.000580161,0.00053039,0.000483642,0.00043965,0.000398209,0.000359076,0.000322059,0.000286935,0.000253527,0.000221628,0.000191069,0.00016166,0.000133237,0.000105622,7.86563e-05,5.217e-05
1,0.952772,0.906578,0.862276,0.820456,0.781426,0.745263,0.711878,0.681085,0.652651,0.626329,0.601879,0.57908,0.557734,0.537669,0.518733,0.500798,0.483754,0.467505,0.451972,0.437085,0.422787,0.409026,0.395759,0.382949,0.370564,0.358576,0.346961,0.335697,0.324765,0.314151,0.303839,0.293816,0.284071,0.274595,0.265377,0.25641,0.247686,0.239198,0.230941,0.222907,0.215093,0.207492,0.2001,0.192913,0.185926,0.179136,0.172537,0.166128,0.159903,0.153859,0.147993,0.142302,0.136781,0.131428,0.126239,0.121211,0.116341,0.111626,0.107062,0.102647,0.0983767,0.0942486,0.0902589,0.0864055,0.0826842,0.079093,0.0756279,0.0722867,0.0690655,0.0659622,0.0629728,0.0600954,0.0573261,0.0546628,0.0521018,0.049641,0.0472768,0.0450072,0.0428286,0.0407391,0.0387351,0.0368149,0.0349749,0.0332134,0.0315272,0.0299142,0.0283716,0.0268975,0.025489,0.0241442,0.0228604,0.0216359,0.020468,0.0193551,0.0182946,0.017285,0.0163239,0.0154097,0.0145403,0.0137141,0.0129291,0.0121839,0.0114765,0.0108055,0.0101692,0.00956622,0.00899493,0.00845414,0.00794222,0.0074581,0.00700025,0.00656768,0.00615896,0.00577318,0.00540902,0.00506562,0.00474177,0.00443666,0.00414919,0.00387861,0.0036239,0.00338438,0.00315912,0.00294747,0.0027486,0.00256191,0.00238663,0.00222223,0.002068,0.00192345,0.00178794,0.00166102,0.00154212,0.00143083,0.00132662,0.00122911,0.00113784,0.00105246,0.000972551,0.000897799,0.000827817,0.000762325,0.000700972,0.000643502,0.0005896,0.000539028,0.000491501,0.000446803,0.000404674,0.000364913,0.000327283,0.000291596,0.000257637,0.000225226,0.000194165,0.000164283,0.000135395,0.000107335,7.99296e-05,5.3016e-05
1,0.956586,0.913914,0.87263,0.833213,0.795959,0.760998,0.728332,0.697873,0.669478,0.642979,0.618199,0.594966,0.573119,0.552513,0.533016,0.514514,0.496906,0.480105,0.464033,0.448626,0.433826,0.419583,0.405854,0.392603,0.379795,0.367403,0.355403,0.343771,0.332488,0.321538,0.310906,0.300577,0.29054,0.280783,0.271298,0.262075,0.253107,0.244385,0.235903,0.227655,0.219635,0.211837,0.204257,0.196889,0.189729,0.182772,0.176015,0.169452,0.163081,0.156896,0.150896,0.145075,0.13943,0.133958,0.128656,0.123518,0.118544,0.113728,0.109068,0.10456,0.100201,0.0959876,0.091917,0.087985,0.0841896,0.0805263,0.0769931,0.0735858,0.0703022,0.0671383,0.0640919,0.061159,0.0583375,0.0556234,0.0530147,0.0505075,0.0480998,0.0457878,0.0435696,0.0414414,0.0394013,0.0374459,0.0355731,0.0337796,0.0320635,0.0304216,0.0288519,0.0273515,0.0259184,0.0245497,0.0232438,0.0219977,0.0208098,0.0196774,0.0185988,0.0175717,0.0165943,0.0156643,0.0147803,0.0139399,0.0131417,0.0123838,0.0116645,0.0109821,0.0103353,0.00972211,0.00914142,0.00859149,0.00807119,0.00757891,0.0071136,0.00667377,0.00625843,0.00586619,0.00549615,0.00514703,0.00481796,0.00450778,0.0042157,0.00394064,0.00368187,0.00343839,0.00320954,0.00299441,0.00279238,0.00260262,0.00242457,0.00225748,0.00210081,0.0019539,0.00181626,0.00168728,0.00156651,0.00145341,0.00134756,0.00124847,0.00115578,0.00106902,0.000987863,0.000911901,0.000840833,0.000774283,0.00071198,0.000653585,0.000598847,0.000547463,0.000499203,0.000453789,0.000411009,0.000370613,0.000332402,0.000296147,0.000261663,0.000228739,0.000197198,0.000166844,0.000137509,0.000109008,8.11773e-05,5.3842e-05
1,0.95966,0.919873,0.881132,0.843825,0.808219,0.774465,0.742612,0.712633,0.68445,0.657954,0.63302,0.609517,0.58732,0.566307,0.546368,0.527404,0.509324,0.492049,0.475509,0.459642,0.444392,0.429714,0.415564,0.401906,0.388707,0.37594,0.363578,0.3516,0.339985,0.328717,0.317779,0.307158,0.29684,0.286816,0.277073,0.267605,0.258399,0.249452,0.240752,0.232297,0.224077,0.216088,0.208324,0.20078,0.193451,0.186332,0.179419,0.172707,0.166193,0.159871,0.153739,0.147792,0.142025,0.136437,0.131023,0.125779,0.120701,0.115787,0.111032,0.106434,0.101988,0.097692,0.0935411,0.0895332,0.085664,0.0819311,0.0783302,0.074859,0.0715134,0.068291,0.0651877,0.0622013,0.0593277,0.0565647,0.0539084,0.0513566,0.0489054,0.0465527,0.0442948,0.0421295,0.0400533,0.0380641,0.0361585,0.0343343,0.0325883,0.0309185,0.0293218,0.0277961,0.0263384,0.0249469,0.0236187,0.022352,0.021144,0.019993,0.0188963,0.0178524,0.0168587,0.0159136,0.0150148,0.0141609,0.0133496,0.0125794,0.0118484,0.0111551,0.0104976,0.00987472,0.00928456,0.00872595,0.00819719,0.00769718,0.00722434,0.00677762,0.00635558,0.00595724,0.00558125,0.00522671,0.00489237,0.0045774,0.00428066,0.00400136,0.00373847,0.00349126,0.00325877,0.00304035,0.00283512,0.00264247,0.00246161,0.00229198,0.00213284,0.00198371,0.0018439,0.00171297,0.00159031,0.0014755,0.001368,0.00126742,0.00117328,0.00108522,0.0010028,0.000925703,0.000853529,0.000785987,0.000722716,0.000663451,0.000607867,0.000555719,0.000506713,0.000460625,0.000417187,0.000376191,0.000337394,0.000300601,0.00026559,0.000232177,0.000200155,0.00016935,0.00013957,0.000110645,8.23938e-05,5.46503e-05
1,0.962186,0.924796,0.888212,0.852753,0.818652,0.786059,0.755049,0.725632,0.697775,0.671412,0.646458,0.622817,0.600393,0.579088,0.558811,0.539478,0.521009,0.503335,0.486392,0.470122,0.454475,0.439405,0.424874,0.410845,0.397286,0.38417,0.371473,0.35917,0.347243,0.335674,0.324448,0.313548,0.302964,0.292683,0.282695,0.272988,0.263557,0.25439,0.245482,0.236824,0.228412,0.220237,0.212295,0.20458,0.197087,0.189811,0.182746,0.175889,0.169235,0.16278,0.156519,0.150448,0.144564,0.138862,0.133339,0.12799,0.122812,0.117802,0.112955,0.108267,0.103737,0.0993588,0.0951304,0.0910472,0.0871068,0.0833048,0.0796386,0.076104,0.0726986,0.069418,0.06626,0.0632203,0.0602966,0.0574849,0.0547829,0.0521865,0.0496936,0.0473003,0.0450043,0.042802,0.0406912,0.0386682,0.0367311,0.0348763,0.0331017,0.031404,0.0297813,0.0282304,0.0267493,0.0253349,0.0239855,0.0226981,0.0214709,0.0203012,0.0191872,0.0181264,0.0171172,0.016157,0.0152442,0.0143767,0.0135528,0.0127704,0.0120281,0.0113239,0.0106563,0.0100236,0.0094245,0.00885713,0.00832037,0.00781256,0.00733259,0.00687893,0.00645056,0.00604604,0.00566444,0.00530442,0.00496511,0.00464529,0.00434415,0.00406057,0.00379379,0.0035428,0.00330689,0.00308514,0.0028769,0.00268132,0.00249781,0.0023256,0.00216415,0.00201275,0.00187092,0.00173801,0.00161357,0.00149703,0.00138798,0.00128589,0.00119039,0.001101,0.0010174,0.000939147,0.000865938,0.000797387,0.00073321,0.000673062,0.000616683,0.00056376,0.000514054,0.000467282,0.000423225,0.000381623,0.000342273,0.000304938,0.000269428,0.000235524,0.000203046,0.000171791,0.000141585,0.000112239,8.35829e-05,5.54374e-05
1,0.964295,0.92892,0.894182,0.860341,0.827599,0.796099,0.765924,0.737109,0.709648,0.683507,0.658632,0.634955,0.612404,0.590903,0.570377,0.550757,0.531974,0.513968,0.496681,0.480063,0.464066,0.44865,0.433776,0.41941,0.405522,0.392086,0.379076,0.366472,0.354252,0.342401,0.330902,0.31974,0.308901,0.298376,0.288152,0.27822,0.26857,0.259194,0.250084,0.241233,0.232633,0.22428,0.216165,0.208285,0.200633,0.193204,0.185992,0.178994,0.172204,0.165619,0.159233,0.153042,0.147042,0.14123,0.1356,0.130149,0.124873,0.119769,0.114832,0.110058,0.105445,0.100987,0.0966822,0.0925265,0.0885156,0.0846469,0.080916,0.0773204,0.0738556,0.0705191,0.0673067,0.0642159,0.0612424,0.0583839,0.0556364,0.0529973,0.0504628,0.0480305,0.0456967,0.0434589,0.0413135,0.0392583,0.0372897,0.0354056,0.0336025,0.0318782,0.0302296,0.0286546,0.0271499,0.0257138,0.0243431,0.023036,0.0217896,0.0206021,0.0194709,0.0183941,0.0173692,0.0163946,0.0154678,0.0145873,0.0137508,0.0129568,0.0122033,0.0114886,0.010811,0.010169,0.00956084,0.00898521,0.00844038,0.00792519,0.00743804,0.00697783,0.00654306,0.00613273,0.00574545,0.00538028,0.00503594,0.00471156,0.00440597,0.00411836,0.00384765,0.00359311,0.00335374,0.00312886,0.00291756,0.00271923,0.00253305,0.00235842,0.00219462,0.00204111,0.00189721,0.00176245,0.00163621,0.00151805,0.00140741,0.00130391,0.00120703,0.00111641,0.0010316,0.000952271,0.000878009,0.000808514,0.000743417,0.000682443,0.000625257,0.000571608,0.000521193,0.000473781,0.000429096,0.000386925,0.000347017,0.000309172,0.00027316,0.000238792,0.000205856,0.000174173,0.000143544,0.000113795,8.47389e-05,5.62056e-05
1,0.966077,0.932418,0.89927,0.866848,0.835329,0.804841,0.775472,0.747267,0.720242,0.694382,0.669658,0.646022,0.623424,0.601804,0.581105,0.561268,0.542237,0.523959,0.506385,0.489468,0.473167,0.457444,0.442264,0.427594,0.413408,0.399678,0.386381,0.373497,0.361005,0.348889,0.337134,0.325723,0.314645,0.303888,0.29344,0.283291,0.273433,0.263856,0.254553,0.245515,0.236737,0.22821,0.21993,0.211889,0.204083,0.196506,0.189152,0.182017,0.175096,0.168384,0.161877,0.155569,0.149457,0.143537,0.137804,0.132254,0.126883,0.121687,0.116662,0.111804,0.10711,0.102575,0.0981957,0.0939683,0.0898896,0.0859551,0.082162,0.0785059,0.0749842,0.0715922,0.0683277,0.065186,0.0621649,0.05926,0.0564688,0.0537873,0.0512131,0.0487421,0.0463719,0.0440988,0.0419205,0.0398331,0.0378346,0.0359212,0.0340908,0.03234,0.0306667,0.0290676,0.0275406,0.0260827,0.0246918,0.023365,0.0221004,0.0208951,0.0197474,0.0186546,0.0176149,0.0166258,0.0156858,0.0147923,0.0139439,0.0131383,0.012374,0.011649,0.0109618,0.0103105,0.00969375,0.00910979,0.00855735,0.00803475,0.00754083,0.00707401,0.00663323,0.00621703,0.00582442,0.00545404,0.00510498,0.00477599,0.00446623,0.00417454,0.00390015,0.00364201,0.0033994,0.00317135,0.0029572,0.00275608,0.00256739,0.00239032,0.00222431,0.00206866,0.00192283,0.00178619,0.00165827,0.00153846,0.00142636,0.00132141,0.00122325,0.00113138,0.00104544,0.000965017,0.000889774,0.000819321,0.000753366,0.000691552,0.000633614,0.000579229,0.000528152,0.000480091,0.00043482,0.000392073,0.000351642,0.000313282,0.000276797,0.000241964,0.000208596,0.000176485,0.000145453,0.000115305,8.58658e-05,5.69514e-05
1,0.967599,0.935413,0.903644,0.872473,0.84205,0.812494,0.783888,0.756285,0.729711,0.70417,0.679644,0.656108,0.633524,0.61185,0.591039,0.571045,0.551822,0.533326,0.515513,0.498344,0.48178,0.465789,0.450337,0.435396,0.420939,0.406941,0.393381,0.380239,0.367494,0.355132,0.343136,0.331493,0.320188,0.309212,0.298551,0.288198,0.27814,0.268372,0.258883,0.249667,0.240716,0.232024,0.223583,0.215389,0.207434,0.199714,0.192223,0.184956,0.177907,0.171073,0.164447,0.158027,0.151806,0.145782,0.139948,0.134302,0.128838,0.123553,0.118443,0.113503,0.10873,0.10412,0.0996682,0.095372,0.0912265,0.0872288,0.0833743,0.0796603,0.0760821,0.0726372,0.0693209,0.0661308,0.0630623,0.060113,0.0572786,0.0545566,0.0519428,0.0494348,0.0470287,0.0447219,0.0425107,0.0403928,0.0383643,0.0364232,0.0345657,0.0327896,0.0310917,0.0294697,0.0279205,0.0264418,0.0250308,0.0236853,0.0224024,0.0211803,0.0200161,0.0189081,0.0178536,0.016851,0.0158976,0.0149918,0.0141315,0.0133149,0.0125399,0.011805,0.0111082,0.0104481,0.00982283,0.00923104,0.00867095,0.00814137,0.00764063,0.00716761,0.00672078,0.00629907,0.00590108,0.00552583,0.005172,0.0048387,0.00452471,0.00422922,0.0039511,0.0036896,0.0034437,0.0032127,0.00299566,0.00279194,0.00260071,0.00242136,0.00225312,0.00209547,0.00194769,0.0018093,0.00167966,0.00155833,0.00144473,0.00133845,0.00123898,0.00114594,0.00105887,0.000977421,0.000901181,0.000829838,0.000763011,0.000700418,0.000641716,0.000586646,0.000534897,0.000486232,0.000440368,0.000397084,0.000356124,0.000317282,0.000280323,0.000245052,0.000211251,0.000178736,0.000147304,0.000116775,8.69579e-05,5.76773e-05
1,0.968912,0.938002,0.907436,0.877369,0.84793,0.819225,0.791334,0.764312,0.738192,0.712987,0.688694,0.665298,0.642775,0.621095,0.600224,0.580124,0.560758,0.542089,0.524082,0.5067,0.489913,0.473688,0.457997,0.442814,0.428114,0.413873,0.400073,0.386693,0.373715,0.361124,0.348904,0.337042,0.325525,0.314342,0.303481,0.292932,0.282687,0.272735,0.26307,0.253683,0.244568,0.235716,0.227122,0.218779,0.210682,0.202824,0.195201,0.187805,0.180634,0.173681,0.166943,0.160412,0.154087,0.14796,0.14203,0.13629,0.130737,0.125365,0.120173,0.115153,0.110304,0.105621,0.101099,0.0967352,0.0925257,0.0884657,0.0845525,0.0807813,0.0771493,0.0736518,0.0702863,0.0670481,0.0639345,0.0609412,0.0580656,0.0553034,0.0526521,0.0501074,0.047667,0.0453268,0.0430844,0.040936,0.0388792,0.0369104,0.0350271,0.033226,0.0315047,0.02986,0.0282896,0.0267903,0.0253601,0.023996,0.0226959,0.021457,0.0202773,0.0191541,0.0180856,0.0170693,0.0161033,0.0151854,0.0143137,0.0134861,0.012701,0.0119563,0.0112505,0.0105816,0.00994825,0.00934858,0.00878132,0.00824472,0.0077376,0.00725834,0.00680583,0.00637858,0.00597556,0.00559539,0.00523711,0.00489945,0.00458153,0.00428219,0.0040006,0.00373571,0.00348675,0.00325275,0.00303302,0.00282668,0.00263308,0.00245142,0.00228111,0.00212143,0.00197184,0.00183167,0.00170045,0.00157757,0.00146258,0.00135494,0.00125426,0.00116004,0.00107191,0.000989428,0.000912265,0.000840017,0.000772383,0.000708998,0.000649589,0.000593824,0.000541452,0.000492174,0.000445758,0.000401932,0.00036048,0.000321153,0.000283749,0.000248039,0.000213831,0.000180914,0.000149102,0.000118197,8.80191e-05,5.83795e-05
1,0.970053,0.940254,0.910745,0.881655,0.853099,0.82517,0.797945,0.771476,0.745801,0.72094,0.696898,0.673671,0.651244,0.629598,0.608706,0.588541,0.569074,0.550273,0.532109,0.514552,0.497574,0.481148,0.465248,0.44985,0.434932,0.420474,0.406454,0.392857,0.379664,0.366861,0.354433,0.342368,0.330651,0.319274,0.308223,0.297491,0.287067,0.276942,0.267109,0.25756,0.248286,0.239283,0.230541,0.222057,0.213822,0.205833,0.198081,0.190564,0.183274,0.176207,0.169358,0.162723,0.156295,0.150072,0.144047,0.138217,0.132576,0.127122,0.121849,0.116753,0.11183,0.107076,0.102486,0.0980573,0.0937848,0.0896654,0.0856943,0.0818686,0.0781835,0.0746361,0.0712219,0.0679379,0.0647798,0.0617447,0.0588283,0.0560279,0.0533393,0.0507599,0.0482855,0.0459136,0.0436402,0.041463,0.039378,0.037383,0.0354741,0.0336492,0.0319048,0.0302385,0.028647,0.0271283,0.0256791,0.0242974,0.0229801,0.0217253,0.0205301,0.0193927,0.0183102,0.0172811,0.0163026,0.0153731,0.0144901,0.0136522,0.012857,0.012103,0.0113882,0.010711,0.0100696,0.00946258,0.00888811,0.00834496,0.00783141,0.00734633,0.00688811,0.00645569,0.0060476,0.00566285,0.00530008,0.00495837,0.00463648,0.00433356,0.00404847,0.00378042,0.00352837,0.0032916,0.00306915,0.00286036,0.00266437,0.00248057,0.00230817,0.00214661,0.00199518,0.00185338,0.00172054,0.00159622,0.00147983,0.00137094,0.00126903,0.00117371,0.00108451,0.00100107,0.000922973,0.00084989,0.000781436,0.000717321,0.000657193,0.000600786,0.000547783,0.000497938,0.000450965,0.000406635,0.000364686,0.000324907,0.000287057,0.000250937,0.000216323,0.000183026,0.000150838,0.000119576,8.90438e-05,5.90607e-05
1,0.971051,0.942227,0.913649,0.885428,0.857665,0.830443,0.803832,0.777885,0.75264,0.728121,0.704341,0.681301,0.658995,0.637411,0.616532,0.596336,0.576801,0.557902,0.539614,0.521914,0.504776,0.488178,0.472096,0.456509,0.441398,0.426742,0.412525,0.39873,0.38534,0.372342,0.359722,0.347466,0.335564,0.324004,0.312776,0.30187,0.291277,0.280988,0.270996,0.261292,0.251869,0.24272,0.233839,0.225218,0.216853,0.208736,0.200863,0.193227,0.185824,0.178647,0.171693,0.164956,0.158431,0.152112,0.145997,0.14008,0.134356,0.128821,0.123471,0.1183,0.113306,0.108483,0.103828,0.0993359,0.0950034,0.0908257,0.0867996,0.0829202,0.0791846,0.075588,0.0721276,0.0687985,0.0655981,0.0625217,0.0595667,0.0567285,0.0540047,0.0513907,0.0488842,0.0464809,0.0441783,0.0419725,0.0398609,0.0378399,0.0359069,0.0340584,0.032292,0.0306043,0.0289931,0.027455,0.0259879,0.0245887,0.0232553,0.0219846,0.0207749,0.0196232,0.0185277,0.0174857,0.0164954,0.0155544,0.0146609,0.0138126,0.013008,0.0122448,0.0115215,0.010836,0.0101871,0.00957266,0.00899148,0.00844174,0.00792222,0.00743127,0.00696776,0.00653013,0.00611734,0.00572797,0.00536104,0.00501524,0.00468968,0.00438314,0.0040948,0.00382357,0.00356866,0.00332908,0.00310412,0.00289286,0.00269467,0.00250869,0.00233436,0.0021709,0.00201778,0.00187431,0.00173999,0.00161422,0.00149653,0.00138637,0.00128333,0.0011869,0.00109671,0.0010123,0.00093334,0.000859409,0.000790202,0.000725344,0.000664555,0.000607497,0.000553912,0.000503494,0.000456006,0.000411167,0.000368759,0.000328526,0.000290261,0.000253729,0.000218735,0.000185062,0.00015252,0.000120906,9.00361e-05,5.97171e-05
1,0.971928,0.943964,0.91621,0.888764,0.861714,0.835135,0.80909,0.783631,0.758797,0.734613,0.711096,0.688254,0.666087,0.644587,0.623745,0.603545,0.58397,0.565002,0.54662,0.528804,0.511533,0.494788,0.478549,0.462797,0.447514,0.432683,0.418287,0.404312,0.390742,0.377564,0.364766,0.352335,0.34026,0.32853,0.317135,0.306067,0.295314,0.284871,0.274728,0.264877,0.255312,0.246025,0.23701,0.22826,0.219769,0.211532,0.203541,0.195793,0.188281,0.181,0.173944,0.167109,0.160489,0.154081,0.147878,0.141877,0.136072,0.13046,0.125035,0.119794,0.11473,0.109842,0.105123,0.100571,0.0961793,0.0919462,0.087866,0.0839359,0.0801506,0.0765075,0.0730015,0.0696298,0.0663876,0.0632723,0.0602791,0.0574053,0.0546466,0.0520002,0.0494619,0.047029,0.0446974,0.0424647,0.0403268,0.0382812,0.0363243,0.0344536,0.0326656,0.0309578,0.0293269,0.0277706,0.0262857,0.0248701,0.0235205,0.0222351,0.0210109,0.0198459,0.0187373,0.0176833,0.0166813,0.0157295,0.0148255,0.0139676,0.0131535,0.0123817,0.0116499,0.0109568,0.0103003,0.009679,0.00909107,0.00853523,0.00800971,0.00751333,0.00704448,0.00660203,0.00618451,0.00579087,0.00541974,0.00507018,0.0047409,0.00443104,0.00413942,0.00386525,0.00360745,0.00336529,0.00313778,0.00292426,0.00272383,0.00253587,0.00235957,0.00219436,0.00203952,0.00189453,0.00175871,0.0016316,0.0015126,0.00140127,0.00129708,0.00119964,0.00110845,0.00102315,0.000943313,0.000868607,0.000798633,0.000733096,0.000671637,0.000613982,0.000559808,0.000508863,0.000460854,0.000415548,0.000372676,0.000332022,0.000293341,0.000256428,0.000221055,0.000187029,0.000154137,0.00012219,9.09902e-05,6.03515e-05
1,0.972704,0.9455,0.918479,0.891725,0.865317,0.839321,0.813797,0.788793,0.764347,0.740486,0.717231,0.694591,0.672573,0.651173,0.630387,0.610204,0.590613,0.571599,0.553147,0.535239,0.51786,0.500991,0.484617,0.468721,0.453286,0.438298,0.423742,0.409604,0.39587,0.382528,0.369566,0.356972,0.344737,0.332849,0.321299,0.310077,0.299176,0.288586,0.278301,0.268312,0.258612,0.249195,0.240053,0.23118,0.22257,0.214217,0.206115,0.198259,0.190643,0.18326,0.176108,0.169179,0.16247,0.155974,0.149689,0.143607,0.137725,0.132038,0.126542,0.121231,0.116102,0.11115,0.10637,0.101759,0.0973122,0.0930248,0.0888936,0.0849135,0.0810815,0.0773925,0.0738436,0.0704299,0.0671485,0.0639947,0.0609657,0.0580568,0.0552653,0.0525868,0.0500186,0.0475564,0.0451977,0.0429383,0.0407757,0.038706,0.0367266,0.034834,0.0330256,0.0312978,0.0296485,0.0280742,0.0265727,0.0251407,0.0237762,0.0224761,0.0212383,0.02006,0.0189393,0.0178734,0.0168605,0.0158979,0.0149841,0.0141166,0.0132938,0.0125133,0.0117737,0.0110729,0.0104094,0.00978122,0.00918707,0.00862509,0.00809403,0.0075922,0.00711842,0.00667114,0.00624925,0.00585132,0.00547633,0.00512296,0.00479027,0.00447705,0.00418243,0.00390529,0.00364484,0.00340006,0.00317023,0.00295441,0.00275194,0.00256196,0.00238387,0.0022169,0.00206049,0.00191394,0.00177676,0.00164829,0.00152809,0.00141558,0.00131035,0.00121187,0.00111976,0.00103356,0.000952929,0.000877433,0.000806763,0.000740536,0.000678465,0.000620205,0.000565492,0.000514015,0.000465529,0.00041975,0.000376453,0.000335377,0.000296312,0.000259017,0.000223292,0.000188916,0.000155696,0.000123423,9.19103e-05,6.096e-05
1,0.973391,0.946863,0.920495,0.894362,0.868531,0.843066,0.81802,0.793438,0.769356,0.745805,0.722804,0.700367,0.678503,0.657214,0.636497,0.616349,0.596759,0.57772,0.559217,0.541239,0.523771,0.506799,0.49031,0.474288,0.458721,0.443594,0.428894,0.414609,0.400726,0.387234,0.374122,0.361379,0.348994,0.336959,0.325264,0.313901,0.302859,0.292133,0.281714,0.271595,0.261767,0.252226,0.242964,0.233975,0.225251,0.216789,0.208581,0.200622,0.192906,0.185429,0.178183,0.171166,0.16437,0.157792,0.151426,0.145267,0.139311,0.133553,0.127988,0.122611,0.117419,0.112406,0.107568,0.102901,0.0983999,0.0940614,0.0898802,0.0858532,0.0819752,0.0782432,0.0746522,0.0711991,0.0678791,0.0646892,0.0616248,0.058683,0.0558592,0.0531507,0.050553,0.0480635,0.045678,0.0433937,0.0412067,0.0391143,0.0371128,0.0351996,0.0333711,0.0316248,0.0299572,0.0283661,0.0268481,0.025401,0.0240216,0.0227078,0.0214566,0.020266,0.0191331,0.0180561,0.0170323,0.0160599,0.0151363,0.0142599,0.0134283,0.0126399,0.0118924,0.0111845,0.010514,0.0098795,0.0092791,0.00871149,0.00817487,0.00766803,0.00718931,0.00673758,0.0063113,0.00590944,0.00553056,0.00517371,0.00483759,0.00452129,0.00422363,0.00394379,0.00368067,0.00343351,0.00320132,0.00298341,0.00277886,0.00258705,0.00240715,0.00223857,0.00208057,0.00193262,0.00179404,0.00166434,0.00154293,0.00142934,0.00132305,0.00122363,0.0011306,0.00104358,0.000962134,0.000885924,0.000814545,0.000747692,0.000685,0.000626191,0.000570933,0.00051897,0.000470002,0.000423793,0.000380067,0.000338604,0.000299154,0.000261507,0.000225433,0.000190732,0.000157187,0.000124609,9.27906e-05,6.15455e-05
1,0.974003,0.948077,0.922293,0.896715,0.871407,0.846423,0.821814,0.797621,0.773882,0.750623,0.727867,0.70563,0.683922,0.662749,0.642113,0.62201,0.602438,0.583388,0.564853,0.546821,0.529283,0.512225,0.495638,0.479509,0.463825,0.448575,0.433747,0.419329,0.405312,0.391683,0.378434,0.365553,0.353032,0.340861,0.329031,0.317534,0.306363,0.295509,0.284964,0.274722,0.264776,0.255118,0.245742,0.236642,0.227812,0.219245,0.210937,0.20288,0.195071,0.187502,0.180169,0.173065,0.166188,0.15953,0.153088,0.146856,0.140829,0.135003,0.129373,0.123933,0.11868,0.113609,0.108715,0.103994,0.0994421,0.0950537,0.0908257,0.0867528,0.0828319,0.0790577,0.0754273,0.0719355,0.0685794,0.0653541,0.0622567,0.0592825,0.0564287,0.0536906,0.0510655,0.048549,0.0461384,0.0438296,0.0416199,0.0395052,0.037483,0.0355496,0.0337024,0.0319377,0.0302532,0.0286455,0.0271122,0.02565,0.0242568,0.0229294,0.0216658,0.020463,0.019319,0.018231,0.0171971,0.0162148,0.0152822,0.0143969,0.0135573,0.0127609,0.0120063,0.0112912,0.0106143,0.00997348,0.00936736,0.00879409,0.00825239,0.00774052,0.00725729,0.00680109,0.00637082,0.00596499,0.00558258,0.00522222,0.00488297,0.00456357,0.00426316,0.00398058,0.00371503,0.00346546,0.00323114,0.00301111,0.00280469,0.00261102,0.00242947,0.00225926,0.00209983,0.00195045,0.00181061,0.00167967,0.00155716,0.00144248,0.00133523,0.00123486,0.00114099,0.00105314,0.000970966,0.000894029,0.000822011,0.000754523,0.000691271,0.000631904,0.000576153,0.0005237,0.000474295,0.000427651,0.000383535,0.000341684,0.000301882,0.000263884,0.000227487,0.000192464,0.000158619,0.00012574,9.36354e-05,6.21041e-05
1,0.974549,0.949161,0.923898,0.89882,0.873983,0.849436,0.825226,0.801394,0.777971,0.754988,0.732467,0.710424,0.688871,0.667818,0.647267,0.627221,0.607676,0.588629,0.570074,0.552004,0.53441,0.517283,0.500613,0.484391,0.468606,0.453248,0.438305,0.42377,0.409631,0.395879,0.382503,0.369497,0.356849,0.344553,0.332598,0.320979,0.309686,0.298712,0.28805,0.277693,0.267634,0.257867,0.248384,0.239181,0.230249,0.221585,0.213181,0.205033,0.197133,0.189478,0.182061,0.174878,0.167922,0.161189,0.154674,0.148373,0.142278,0.136387,0.130694,0.125195,0.119884,0.114758,0.10981,0.105039,0.100437,0.0960019,0.0917282,0.0876125,0.0836495,0.0798361,0.076167,0.0726393,0.0692478,0.0659896,0.0628599,0.0598556,0.0569721,0.0542066,0.0515545,0.049013,0.0465779,0.0442463,0.0420142,0.0398788,0.0378363,0.0358842,0.0340185,0.0322368,0.0305356,0.0289126,0.0273641,0.0258881,0.0244812,0.0231414,0.0218654,0.0206513,0.0194962,0.0183981,0.0173543,0.0163629,0.0154214,0.014528,0.0136803,0.0128766,0.0121148,0.0113933,0.01071,0.0100633,0.00945149,0.00887308,0.00832628,0.00780984,0.00732208,0.00686183,0.00642753,0.00601811,0.00563214,0.00526861,0.0049262,0.00460401,0.00430081,0.00401576,0.00374776,0.00349602,0.00325954,0.00303761,0.00282929,0.00263395,0.00245074,0.00227906,0.00211817,0.00196751,0.0018264,0.00169434,0.00157071,0.00145506,0.00134682,0.0012456,0.00115088,0.00106229,0.000979371,0.000901784,0.000829117,0.000761059,0.000697238,0.000637371,0.00058112,0.000528225,0.00047838,0.000431343,0.000386835,0.000344631,0.000304477,0.000266159,0.000229441,0.000194122,0.000159981,0.000126823,9.4439e-05,6.26388e-05
1,0.975036,0.95013,0.925335,0.900706,0.876293,0.852143,0.828298,0.804796,0.781669,0.758943,0.736644,0.714787,0.693387,0.672453,0.651992,0.632007,0.612498,0.593464,0.574901,0.556805,0.539168,0.521985,0.505247,0.488945,0.473072,0.457618,0.442575,0.427934,0.413686,0.399821,0.386332,0.37321,0.360447,0.348035,0.335966,0.324232,0.312827,0.301741,0.290971,0.280506,0.270343,0.260472,0.25089,0.241588,0.232562,0.223805,0.215312,0.207076,0.199092,0.191355,0.18386,0.176599,0.16957,0.162766,0.156183,0.149814,0.143657,0.137704,0.131952,0.126395,0.12103,0.11585,0.110853,0.106032,0.101384,0.0969039,0.0925877,0.0884303,0.0844283,0.0805766,0.0768718,0.0733088,0.0698846,0.0665942,0.0634345,0.0604008,0.05749,0.0546975,0.0520205,0.0494544,0.0469966,0.0446426,0.0423899,0.0402342,0.038173,0.0362023,0.0343197,0.0325213,0.0308048,0.0291665,0.0276042,0.0261145,0.0246951,0.0233428,0.0220556,0.0208304,0.0196651,0.018557,0.0175041,0.0165037,0.015554,0.0146525,0.0137975,0.0129866,0.0122183,0.0114903,0.0108011,0.0101487,0.00953169,0.00894812,0.00839672,0.00787569,0.00738384,0.00691951,0.00648159,0.00606856,0.00567938,0.00531266,0.00496742,0.0046424,0.00433671,0.00404917,0.00377897,0.00352504,0.00328663,0.00306276,0.00285275,0.00265571,0.00247101,0.00229785,0.00213566,0.0019837,0.00184145,0.00170825,0.00158363,0.00146698,0.00135788,0.00125579,0.00116032,0.00107097,0.000987389,0.00090914,0.000835894,0.000767258,0.00070293,0.000642556,0.000585859,0.000532517,0.000482276,0.000434843,0.000389983,0.000347426,0.000306952,0.000268315,0.000231305,0.000195694,0.00016128,0.000127849,9.52057e-05,6.31456e-05
1,0.975473,0.950997,0.926622,0.902397,0.878367,0.854577,0.831064,0.807865,0.785009,0.762525,0.740434,0.718754,0.697501,0.676686,0.656316,0.636396,0.616929,0.597916,0.579354,0.561241,0.543573,0.526344,0.509549,0.49318,0.477231,0.461694,0.446562,0.431826,0.41748,0.403514,0.389922,0.376695,0.363827,0.351309,0.339134,0.327295,0.315785,0.304597,0.293724,0.28316,0.272898,0.262933,0.253256,0.243864,0.234748,0.225905,0.217327,0.209009,0.200946,0.193133,0.185562,0.17823,0.171131,0.16426,0.157612,0.151181,0.144962,0.138952,0.133143,0.127533,0.122115,0.116887,0.111841,0.106974,0.102282,0.0977597,0.0934023,0.0892064,0.0851665,0.0812793,0.0775397,0.0739443,0.0704882,0.0671681,0.0639791,0.0609183,0.0579807,0.0551635,0.0524621,0.0498735,0.0473934,0.0450189,0.0427459,0.0405716,0.038492,0.0365045,0.0346051,0.0327914,0.0310597,0.0294077,0.0278317,0.0263294,0.0248977,0.0235342,0.0222358,0.0210004,0.0198251,0.0187079,0.0176459,0.0166374,0.0156796,0.0147707,0.0139085,0.0130911,0.0123162,0.0115824,0.0108874,0.0102298,0.0096076,0.00901941,0.00846338,0.00793825,0.00744229,0.00697432,0.00653275,0.0061165,0.00572409,0.00535451,0.00500642,0.00467888,0.00437067,0.00408091,0.00380849,0.00355261,0.00331224,0.00308666,0.00287493,0.00267639,0.00249018,0.00231571,0.00215219,0.00199908,0.00185568,0.00172147,0.00159584,0.00147832,0.00136834,0.00126548,0.00116924,0.00107922,0.000994965,0.000916132,0.000842299,0.000773151,0.000708309,0.000647485,0.000590336,0.000536597,0.000485957,0.000438172,0.000392956,0.000350083,0.000309291,0.000270365,0.000233066,0.000197188,0.000162507,0.000128825,9.59299e-05,6.36275e-05
1,0.975863,0.951773,0.927775,0.903913,0.880229,0.856764,0.833554,0.810631,0.788026,0.765765,0.743869,0.722357,0.701245,0.680544,0.660264,0.640412,0.620991,0.602003,0.58345,0.565328,0.547638,0.530373,0.513531,0.497105,0.481091,0.465482,0.450271,0.435452,0.421018,0.406961,0.393276,0.379954,0.366989,0.354374,0.342102,0.330166,0.318561,0.307277,0.296311,0.285654,0.275302,0.265246,0.255483,0.246005,0.236807,0.227882,0.219225,0.210831,0.202694,0.194808,0.187168,0.179768,0.172604,0.165669,0.15896,0.15247,0.146195,0.140129,0.134269,0.128607,0.123141,0.117865,0.112774,0.107864,0.10313,0.0985675,0.0941722,0.0899389,0.0858642,0.0819427,0.0781711,0.0745442,0.0710588,0.0677098,0.0644941,0.0614067,0.0584447,0.0556034,0.0528796,0.050269,0.0477686,0.0453741,0.0430826,0.0408901,0.0387937,0.0367896,0.034875,0.0330463,0.0313009,0.0296352,0.0280468,0.0265322,0.0250893,0.0237147,0.0224062,0.0211608,0.0199765,0.0188502,0.0177801,0.0167634,0.0157984,0.0148823,0.0140135,0.0131896,0.0124089,0.0116692,0.0109691,0.0103063,0.00967942,0.0090866,0.00852646,0.0079972,0.00749759,0.00702596,0.00658116,0.00616166,0.00576639,0.00539394,0.00504332,0.00471325,0.00440281,0.00411081,0.00383643,0.00357857,0.00333648,0.00310917,0.00289593,0.00269586,0.00250833,0.00233252,0.00216785,0.00201357,0.00186915,0.00173392,0.0016074,0.00148899,0.00137824,0.0012746,0.00117768,0.00108698,0.00100214,0.000922712,0.000848364,0.000778695,0.000713402,0.000652122,0.000594576,0.000540436,0.000489444,0.000441303,0.000395773,0.000352582,0.000311506,0.000272294,0.000234735,0.000198594,0.00016367,0.000129743,9.66159e-05,6.40808e-05
1,0.976213,0.952468,0.928807,0.905271,0.881899,0.858729,0.835792,0.813122,0.790747,0.768691,0.746976,0.725622,0.704643,0.684053,0.663861,0.644076,0.624703,0.605746,0.587205,0.569083,0.551376,0.534085,0.517204,0.500731,0.484661,0.468989,0.453708,0.438815,0.424303,0.410165,0.396395,0.382988,0.369935,0.357232,0.344872,0.332848,0.321153,0.309783,0.298729,0.287988,0.277551,0.267413,0.257568,0.248012,0.238736,0.229736,0.221006,0.21254,0.204333,0.19638,0.188675,0.181212,0.173986,0.166993,0.160226,0.153682,0.147353,0.141236,0.135326,0.129617,0.124105,0.118785,0.113651,0.108701,0.103927,0.0993275,0.0948956,0.0906282,0.0865197,0.0825669,0.0787643,0.0751087,0.0715949,0.0682196,0.0649779,0.0618665,0.0588807,0.0560174,0.053272,0.0506414,0.0481211,0.0457084,0.0433989,0.0411899,0.0390771,0.037058,0.0351286,0.0332863,0.0315274,0.0298494,0.0282488,0.0267232,0.0252692,0.0238847,0.0225662,0.0213119,0.0201186,0.0189842,0.0179061,0.0168822,0.0159099,0.0149873,0.014112,0.0132823,0.0124959,0.011751,0.0110457,0.0103783,0.00974681,0.0091499,0.00858564,0.00805275,0.00754948,0.00707462,0.00662658,0.00620422,0.00580607,0.0054311,0.00507793,0.00474563,0.00443294,0.00413899,0.00386262,0.00360304,0.00335921,0.00313038,0.00291561,0.00271422,0.00252534,0.00234837,0.00218252,0.00202722,0.00188177,0.00174566,0.00161824,0.00149905,0.00138751,0.0012832,0.00118559,0.0010943,0.00100886,0.000928917,0.000854045,0.000783925,0.000718173,0.000656496,0.000598547,0.000544056,0.000492709,0.000444256,0.00039841,0.000354939,0.00031358,0.000274113,0.000236296,0.00019992,0.000164758,0.000130609,9.72581e-05,6.45084e-05
1,0.976525,0.953089,0.92973,0.906487,0.883396,0.86049,0.837802,0.815361,0.793195,0.771328,0.749781,0.728573,0.707719,0.687234,0.667128,0.647409,0.628085,0.60916,0.590637,0.572517,0.554802,0.537489,0.520578,0.504065,0.487947,0.47222,0.45688,0.441922,0.42734,0.413129,0.399284,0.385799,0.372668,0.359884,0.347444,0.335338,0.323564,0.312113,0.30098,0.29016,0.279646,0.269432,0.259513,0.249882,0.240535,0.231465,0.222667,0.214135,0.205864,0.197848,0.190083,0.182561,0.175279,0.16823,0.16141,0.154813,0.148436,0.142271,0.136314,0.130561,0.125006,0.119645,0.114472,0.109483,0.104673,0.100038,0.0955728,0.0912724,0.0871335,0.0831504,0.0793198,0.0756364,0.0720969,0.0686962,0.065431,0.0622963,0.059289,0.0564044,0.0536394,0.0509894,0.0484513,0.0460209,0.0436952,0.04147,0.0393426,0.0373088,0.0353661,0.0335105,0.0317396,0.0300496,0.0284381,0.0269016,0.0254378,0.0240434,0.0227162,0.021453,0.0202517,0.0191094,0.0180241,0.0169931,0.0160144,0.0150854,0.0142044,0.013369,0.0125774,0.0118274,0.0111175,0.0104455,0.00980999,0.00920898,0.00864112,0.00810459,0.00759812,0.00712003,0.00666915,0.00624393,0.00584327,0.00546576,0.00511039,0.00477584,0.0044612,0.00416527,0.00388719,0.00362587,0.00338053,0.00315016,0.00293407,0.00273133,0.0025413,0.00236315,0.00219628,0.00203995,0.00189361,0.0017566,0.00162841,0.00150843,0.00139621,0.00129121,0.00119301,0.00110112,0.00101517,0.000934698,0.000859376,0.000788796,0.00072265,0.00066057,0.000602273,0.000547428,0.000495773,0.000447007,0.000400886,0.000357135,0.000315527,0.000275807,0.000237762,0.000201155,0.00016578,0.000131415,9.7861e-05,6.49065e-05
1,0.976803,0.953643,0.930555,0.907573,0.884733,0.862065,0.839601,0.817368,0.795393,0.773698,0.752304,0.731231,0.710495,0.690108,0.670083,0.650429,0.631153,0.612262,0.593758,0.575646,0.557926,0.540598,0.523662,0.507117,0.490958,0.475185,0.459792,0.444776,0.430133,0.415858,0.401945,0.38839,0.375188,0.362333,0.349818,0.33764,0.325792,0.314268,0.303063,0.292171,0.281585,0.271302,0.261314,0.251617,0.242203,0.233069,0.224208,0.215616,0.207285,0.199212,0.191389,0.183814,0.176478,0.169379,0.16251,0.155866,0.149441,0.143233,0.137233,0.131439,0.125844,0.120444,0.115235,0.110211,0.105367,0.100699,0.0962019,0.0918721,0.0877038,0.0836936,0.079836,0.0761277,0.0725634,0.0691399,0.0658519,0.0626964,0.0596684,0.0567648,0.0539808,0.0513134,0.0487581,0.0463119,0.0439705,0.041731,0.0395892,0.0375424,0.0355867,0.0337194,0.0319367,0.0302361,0.0286139,0.0270678,0.0255944,0.0241914,0.0228554,0.0215844,0.0203753,0.0192261,0.0181337,0.0170964,0.0161114,0.0151768,0.0142902,0.0134497,0.012653,0.0118986,0.0111841,0.0105082,0.0098686,0.00926405,0.00869259,0.00815291,0.00764324,0.00716236,0.00670864,0.00628095,0.00587778,0.00549808,0.00514048,0.00480401,0.00448741,0.00418978,0.00390996,0.00364715,0.00340029,0.00316861,0.00295118,0.00274729,0.00255609,0.00237693,0.00220903,0.00205182,0.00190459,0.0017668,0.00163782,0.00151718,0.00140427,0.00129869,0.00119989,0.00110749,0.00102101,0.000940093,0.000864313,0.000793343,0.000726795,0.000664373,0.000605724,0.000550576,0.00049861,0.000449574,0.000403177,0.000359185,0.000317329,0.000277389,0.000239119,0.000202308,0.000166725,0.000132168,9.8419e-05,6.52783e-05
1,0.977051,0.954136,0.931288,0.90854,0.885924,0.86347,0.841207,0.819161,0.797357,0.775819,0.754566,0.733617,0.712988,0.692693,0.672744,0.653151,0.633923,0.615065,0.596583,0.578481,0.56076,0.543421,0.526466,0.509893,0.493701,0.477887,0.462449,0.447382,0.432686,0.418353,0.404381,0.390764,0.377498,0.364577,0.351998,0.339753,0.327839,0.316248,0.304978,0.29402,0.28337,0.273023,0.262973,0.253213,0.243741,0.234547,0.225629,0.21698,0.208595,0.200468,0.192595,0.184969,0.177586,0.170439,0.163525,0.156836,0.15037,0.14412,0.138081,0.132249,0.126618,0.121182,0.115939,0.110882,0.106007,0.101309,0.0967836,0.0924255,0.0882311,0.0841948,0.0803133,0.0765811,0.0729948,0.0695493,0.0662413,0.0630657,0.0600193,0.0570973,0.0542966,0.0516125,0.0490419,0.0465804,0.0442251,0.0419717,0.0398174,0.037758,0.0357909,0.0339121,0.0321191,0.030408,0.0287766,0.0272211,0.0257393,0.0243278,0.0229843,0.0217057,0.0204898,0.0193336,0.0182352,0.0171917,0.0162012,0.0152611,0.0143695,0.0135241,0.0127231,0.0119642,0.0112459,0.0105659,0.00992288,0.00931479,0.00874025,0.00819743,0.00768503,0.00720135,0.00674522,0.00631505,0.00590974,0.00552785,0.00516836,0.00482995,0.00451169,0.00421234,0.00393107,0.00366675,0.00341859,0.0031856,0.00296704,0.00276199,0.00256979,0.00238961,0.00222085,0.00206275,0.00191476,0.00177619,0.00164655,0.00152522,0.00141175,0.00130556,0.00120626,0.00111334,0.00102642,0.000945054,0.000868891,0.000797524,0.00073064,0.000667869,0.000608924,0.00055347,0.000501242,0.000451935,0.000405303,0.000361068,0.000319001,0.000278843,0.000240378,0.000203367,0.000167603,0.00013286,9.89367e-05,6.56199e-05
1,0.97727,0.954573,0.931938,0.909397,0.886981,0.864717,0.842632,0.820754,0.799105,0.777707,0.756581,0.735745,0.715215,0.695005,0.675127,0.655592,0.636408,0.617584,0.599124,0.581033,0.563313,0.545968,0.528998,0.512403,0.496181,0.480333,0.464855,0.449746,0.435002,0.420619,0.406593,0.392922,0.379599,0.366621,0.353982,0.341679,0.329704,0.318055,0.306724,0.295708,0.284999,0.274595,0.264488,0.254673,0.245145,0.235899,0.226928,0.218228,0.209793,0.201619,0.193698,0.186027,0.178599,0.17141,0.164453,0.157726,0.15122,0.144933,0.138858,0.132991,0.127326,0.121859,0.116584,0.111498,0.106594,0.101868,0.0973161,0.0929331,0.0887138,0.0846546,0.0807502,0.076997,0.0733897,0.069925,0.0665977,0.0634046,0.0603405,0.0574025,0.0545857,0.0518869,0.0493016,0.0468269,0.0444582,0.0421927,0.0400262,0.0379558,0.0359777,0.034089,0.0322859,0.030566,0.0289254,0.0273619,0.0258719,0.0244531,0.0231022,0.021817,0.0205944,0.0194324,0.018328,0.0172792,0.0162833,0.0153385,0.0144421,0.0135924,0.0127871,0.0120245,0.0113023,0.010619,0.00997249,0.00936142,0.00878381,0.00823834,0.00772321,0.00723719,0.00677863,0.00634639,0.00593893,0.00555521,0.00519383,0.0048538,0.00453386,0.00423309,0.00395034,0.00368476,0.00343531,0.00320122,0.00298151,0.0027755,0.0025823,0.00240128,0.00223164,0.0020728,0.00192404,0.00178483,0.00165452,0.00153263,0.00141856,0.00131189,0.00121208,0.00111873,0.00103136,0.000949621,0.000873066,0.000801372,0.000734145,0.000671087,0.000611842,0.000556134,0.000503641,0.000454108,0.000407241,0.000362803,0.000320524,0.000280181,0.000241525,0.000204343,0.000168402,0.000133497,9.94085e-05,6.59345e-05
1,0.977463,0.954957,0.93251,0.910152,0.887912,0.865816,0.84389,0.822161,0.800649,0.779378,0.758366,0.737631,0.717191,0.697057,0.677245,0.657763,0.638622,0.619829,0.601391,0.583312,0.565596,0.548247,0.531265,0.514651,0.498407,0.482529,0.467018,0.451871,0.437086,0.422658,0.408587,0.394866,0.381494,0.368464,0.355774,0.343417,0.33139,0.319686,0.308303,0.297234,0.286474,0.276017,0.265859,0.255994,0.246417,0.237122,0.228105,0.219359,0.21088,0.202661,0.194698,0.186985,0.179518,0.17229,0.165296,0.158532,0.151992,0.14567,0.139563,0.133664,0.127969,0.122473,0.11717,0.112056,0.107127,0.102376,0.0978,0.0933934,0.0891525,0.0850716,0.0811473,0.0773742,0.0737487,0.0702657,0.0669217,0.0637118,0.0606326,0.0576792,0.0548485,0.0521357,0.0495378,0.0470503,0.0446701,0.042393,0.0402161,0.0381352,0.0361476,0.0342493,0.0324377,0.0307091,0.0290608,0.0274894,0.0259925,0.0245665,0.0232094,0.0219178,0.0206897,0.0195219,0.0184124,0.0173584,0.0163581,0.0154086,0.0145081,0.0136543,0.0128454,0.012079,0.0113536,0.010667,0.0100177,0.00940362,0.00882347,0.00827536,0.00775798,0.00726962,0.00680907,0.00637474,0.00596553,0.00557996,0.00521702,0.00487537,0.00455405,0.00425185,0.00396789,0.00370106,0.00345054,0.00321534,0.0029947,0.00278771,0.0025937,0.00241182,0.00224147,0.00208188,0.0019325,0.00179264,0.00166178,0.00153932,0.00142478,0.00131761,0.00121738,0.0011236,0.00103587,0.000953744,0.000876874,0.000804846,0.000737344,0.000673992,0.000614504,0.000558538,0.00050583,0.000456069,0.000409009,0.000364368,0.000321915,0.000281389,0.000242573,0.000205223,0.000169132,0.000134072,9.98391e-05,6.62184e-05
1,0.977632,0.955292,0.93301,0.910812,0.888725,0.866777,0.844991,0.823392,0.802002,0.780843,0.759932,0.739288,0.718927,0.698863,0.679109,0.659676,0.640574,0.621811,0.603393,0.585327,0.567616,0.550265,0.533274,0.516647,0.500382,0.48448,0.46894,0.453761,0.43894,0.424475,0.410363,0.3966,0.383183,0.370109,0.357372,0.344969,0.332895,0.321145,0.309714,0.298599,0.287792,0.27729,0.267086,0.257177,0.247556,0.238219,0.229159,0.220372,0.211852,0.203595,0.195594,0.187845,0.180341,0.173079,0.166052,0.159255,0.152684,0.146332,0.140195,0.134269,0.128546,0.123024,0.117695,0.112558,0.107604,0.102832,0.0982336,0.0938069,0.0895456,0.0854463,0.0815033,0.0777131,0.0740704,0.0705718,0.0672121,0.0639879,0.0608943,0.0579279,0.055084,0.0523594,0.0497494,0.0472512,0.04486,0.0425731,0.0403862,0.0382964,0.0362998,0.0343935,0.0325737,0.0308378,0.0291821,0.0276041,0.0261005,0.0246687,0.0233054,0.0220086,0.0207749,0.0196024,0.018488,0.0174298,0.0164249,0.0154716,0.0145673,0.01371,0.0128976,0.0121281,0.0113995,0.0107102,0.0100581,0.00944162,0.00885895,0.0083087,0.00778908,0.00729883,0.00683628,0.00640028,0.0059893,0.00560226,0.00523776,0.0048948,0.00457211,0.00426876,0.00398358,0.00371574,0.00346415,0.00322806,0.00300649,0.00279872,0.00260388,0.00242133,0.00225025,0.00209007,0.00194006,0.00179968,0.00166827,0.00154535,0.00143033,0.00132276,0.00122211,0.00112798,0.00103989,0.000957464,0.000880272,0.000807981,0.000740196,0.000676615,0.000616878,0.000560709,0.000507782,0.000457839,0.000410586,0.000365782,0.000323155,0.00028248,0.000243506,0.000206018,0.000169783,0.000134591,0.000100223,6.64747e-05
1,0.977777,0.955582,0.933441,0.911381,0.889429,0.867608,0.845943,0.824458,0.803174,0.782112,0.76129,0.740725,0.720435,0.700432,0.680731,0.661342,0.642275,0.623539,0.605141,0.587087,0.569382,0.552029,0.535033,0.518393,0.502113,0.48619,0.470627,0.45542,0.440569,0.426071,0.411924,0.398125,0.38467,0.371557,0.35878,0.346336,0.334222,0.322431,0.310959,0.299802,0.288955,0.278412,0.268169,0.258221,0.248562,0.239186,0.23009,0.221267,0.212713,0.20442,0.196387,0.188604,0.18107,0.173776,0.16672,0.159895,0.153296,0.146917,0.140755,0.134802,0.129056,0.12351,0.118161,0.113001,0.108027,0.103234,0.0986178,0.0941723,0.089894,0.0857773,0.0818186,0.0780125,0.0743555,0.0708423,0.0674695,0.0642319,0.0611262,0.0581476,0.0552928,0.0525569,0.0499371,0.0474285,0.0450284,0.0427322,0.0405371,0.0384388,0.0364347,0.0345207,0.0326942,0.0309514,0.0292896,0.0277054,0.0261963,0.0247588,0.0233906,0.0220886,0.0208506,0.0196734,0.0185551,0.0174927,0.0164843,0.0155273,0.0146197,0.0137592,0.0129439,0.0121714,0.0114403,0.0107483,0.0100939,0.00947511,0.00889045,0.00833808,0.0078167,0.00732456,0.00686045,0.00642278,0.00601042,0.0056219,0.00525618,0.00491192,0.00458815,0.00428364,0.00399753,0.00372866,0.00347625,0.00323927,0.00301696,0.00280841,0.00261294,0.0024297,0.00225807,0.00209728,0.00194678,0.00180587,0.00167404,0.00155066,0.00143527,0.0013273,0.00122633,0.00113184,0.00104347,0.000960735,0.000883297,0.000810737,0.000742736,0.000678919,0.000618993,0.000562616,0.00050952,0.000459395,0.00041199,0.000367023,0.000324259,0.000283438,0.000244338,0.000206717,0.000170362,0.000135047,0.000100565,6.66998e-05
1,0.977901,0.955829,0.933808,0.911866,0.890027,0.868316,0.846755,0.825367,0.804174,0.783195,0.762449,0.741954,0.721724,0.701775,0.682119,0.662768,0.643732,0.625021,0.60664,0.588598,0.570898,0.553547,0.536545,0.519897,0.503603,0.487664,0.47208,0.456851,0.441974,0.427449,0.413272,0.399442,0.385955,0.372809,0.359998,0.34752,0.33537,0.323544,0.312037,0.300845,0.289962,0.279385,0.269108,0.259126,0.249433,0.240026,0.230897,0.222044,0.213458,0.205137,0.197074,0.189264,0.181701,0.174382,0.1673,0.16045,0.153826,0.147425,0.14124,0.135267,0.129499,0.123934,0.118564,0.113386,0.108394,0.103584,0.098951,0.0944901,0.0901961,0.0860653,0.0820921,0.0782731,0.0746027,0.0710777,0.0676926,0.0644442,0.0613273,0.0583388,0.0554737,0.0527289,0.0500997,0.047583,0.0451743,0.0428707,0.0406678,0.0385628,0.0365517,0.0346316,0.0327987,0.0310504,0.0293828,0.0277936,0.0262792,0.0248373,0.0234644,0.0221584,0.0209161,0.0197353,0.0186131,0.0175475,0.0165357,0.0155758,0.0146651,0.013802,0.0129839,0.0122092,0.0114756,0.0107816,0.010125,0.00950433,0.0089177,0.00836372,0.00784058,0.00734702,0.00688135,0.00644242,0.00602868,0.00563904,0.0052721,0.00492686,0.00460201,0.00429664,0.00400957,0.00373995,0.0034867,0.00324905,0.00302601,0.00281688,0.00262076,0.00243701,0.00226481,0.00210358,0.00195258,0.00181128,0.00167901,0.0015553,0.00143953,0.00133126,0.00122996,0.00113522,0.00104655,0.000963596,0.000885905,0.000813148,0.000744926,0.000680935,0.000620815,0.000564285,0.000511018,0.000460756,0.0004132,0.00036811,0.000325211,0.000284277,0.000245054,0.000207328,0.000170861,0.000135446,0.00010086,6.68969e-05
1,0.978004,0.956034,0.934114,0.91227,0.890526,0.868905,0.847431,0.826125,0.805008,0.784099,0.763418,0.74298,0.722802,0.702898,0.683281,0.663963,0.644954,0.626263,0.607898,0.589866,0.572173,0.554822,0.537818,0.521162,0.504858,0.488905,0.473305,0.458056,0.443159,0.42861,0.41441,0.400554,0.38704,0.373866,0.361027,0.348519,0.33634,0.324484,0.312948,0.301726,0.290815,0.280208,0.269903,0.259892,0.250172,0.240736,0.231581,0.222701,0.21409,0.205743,0.197656,0.189822,0.182237,0.174895,0.167791,0.16092,0.154277,0.147855,0.141652,0.13566,0.129875,0.124292,0.118906,0.113712,0.108706,0.103881,0.099234,0.0947591,0.0904527,0.086309,0.0823245,0.0784936,0.0748128,0.0712768,0.0678822,0.0646238,0.0614983,0.0585006,0.0556276,0.0528744,0.050238,0.0477136,0.0452984,0.0429878,0.040779,0.0386677,0.0366512,0.0347253,0.0328876,0.031134,0.0294621,0.0278682,0.0263498,0.0249036,0.0235272,0.0222173,0.0209718,0.0197876,0.0186626,0.0175938,0.0165795,0.0156167,0.0147038,0.0138382,0.013018,0.0122411,0.0115057,0.0108096,0.0101514,0.00952898,0.00894092,0.00838535,0.00786094,0.00736596,0.00689917,0.00645898,0.00604425,0.0056535,0.00528568,0.00493945,0.00461384,0.0043076,0.00401985,0.00374946,0.00349562,0.00325729,0.00303374,0.00282401,0.00262743,0.00244316,0.00227056,0.00210888,0.00195753,0.00181583,0.00168327,0.0015592,0.00144317,0.00133459,0.00123306,0.00113806,0.00104919,0.000966,0.000888135,0.000815174,0.000746799,0.00068263,0.000622374,0.000565687,0.0005123,0.0004619,0.000414236,0.000369022,0.000326025,0.000284981,0.000245668,0.000207841,0.000171289,0.000135781,0.000101112,6.70624e-05
1,0.978088,0.9562,0.934361,0.912597,0.890929,0.869382,0.847978,0.826738,0.805682,0.784831,0.764201,0.743811,0.723675,0.703808,0.684223,0.664932,0.645945,0.627272,0.60892,0.590897,0.573208,0.555859,0.538852,0.522192,0.505879,0.489916,0.474303,0.45904,0.444125,0.429559,0.415338,0.401462,0.387926,0.374729,0.361867,0.349337,0.337133,0.325254,0.313693,0.302448,0.291512,0.280882,0.270552,0.260519,0.250775,0.241318,0.232141,0.223239,0.214607,0.20624,0.198133,0.19028,0.182675,0.175316,0.168194,0.161306,0.154645,0.148208,0.141989,0.135982,0.130183,0.124586,0.119187,0.11398,0.108961,0.104124,0.0994654,0.09498,0.0906625,0.0865092,0.0825144,0.0786747,0.0749845,0.0714405,0.0680372,0.0647714,0.061638,0.0586336,0.0557533,0.052994,0.0503509,0.047821,0.0453997,0.0430841,0.0408698,0.0387539,0.0367324,0.0348025,0.0329601,0.0312028,0.0295268,0.0279295,0.0264075,0.0249582,0.0235784,0.0222659,0.0210173,0.0198306,0.0187029,0.017632,0.0166151,0.0156505,0.0147353,0.013868,0.0130459,0.0122674,0.0115302,0.0108328,0.010173,0.00954931,0.00895984,0.00840318,0.00787752,0.00738158,0.00691368,0.00647264,0.00605692,0.00566542,0.00529673,0.00494985,0.00462346,0.00431664,0.00402821,0.00375732,0.00350287,0.0032641,0.00304001,0.0028299,0.00263286,0.00244824,0.00227524,0.00211326,0.00196156,0.0018196,0.00168672,0.00156243,0.00144612,0.00133735,0.00123558,0.00114041,0.00105133,0.000967991,0.000889943,0.000816852,0.000748317,0.000684033,0.000623637,0.000566849,0.000513339,0.000462847,0.000415075,0.000369779,0.000326685,0.000285564,0.000246164,0.000208267,0.000171635,0.000136059,0.000101316,6.71995e-05
1,0.978152,0.956327,0.934552,0.912848,0.891239,0.869749,0.848399,0.82721,0.806202,0.785395,0.764806,0.744452,0.724349,0.704511,0.684951,0.665681,0.646712,0.628052,0.609711,0.591695,0.57401,0.556662,0.539654,0.52299,0.506671,0.4907,0.475077,0.459802,0.444875,0.430294,0.416059,0.402166,0.388614,0.3754,0.36252,0.349971,0.33775,0.325851,0.314273,0.303008,0.292054,0.281406,0.271058,0.261006,0.251246,0.24177,0.232576,0.223658,0.21501,0.206627,0.198504,0.190636,0.183017,0.175642,0.168507,0.161605,0.154933,0.148483,0.142251,0.136233,0.130423,0.124815,0.119405,0.114188,0.10916,0.104313,0.0996461,0.0951516,0.0908264,0.0866646,0.0826628,0.0788153,0.0751187,0.0715675,0.0681583,0.064886,0.0617471,0.0587367,0.0558516,0.0530868,0.0504393,0.0479043,0.045479,0.0431588,0.0409408,0.0388208,0.036796,0.0348622,0.0330169,0.0312562,0.0295775,0.0279771,0.0264526,0.0250005,0.0236186,0.0223034,0.0210529,0.019864,0.0187345,0.0176615,0.0166431,0.0156766,0.0147601,0.013891,0.0130677,0.0122877,0.0115494,0.0108506,0.0101899,0.00956501,0.00897468,0.00841696,0.00789053,0.00739365,0.00692507,0.00648319,0.00606687,0.00567463,0.00530542,0.00495787,0.00463102,0.00432362,0.00403478,0.00376337,0.00350858,0.00326935,0.00304495,0.00283444,0.00263713,0.00245216,0.00227892,0.00211663,0.00196473,0.0018225,0.00168944,0.00156491,0.00144845,0.00133948,0.00123757,0.00114221,0.00105302,0.000969522,0.00089137,0.000818141,0.000749515,0.000685111,0.000624635,0.000567741,0.000514159,0.000463575,0.000415737,0.00037036,0.000327206,0.000286013,0.000246557,0.000208593,0.000171908,0.000136272,0.000101477,6.73048e-05
1,0.978197,0.956418,0.934686,0.913026,0.891459,0.870009,0.848698,0.827545,0.806571,0.785795,0.765235,0.744907,0.724827,0.70501,0.685468,0.666213,0.647256,0.628607,0.610273,0.592262,0.574581,0.557234,0.540225,0.523558,0.507235,0.491258,0.475628,0.460346,0.445409,0.430819,0.416572,0.402669,0.389105,0.375879,0.362986,0.350424,0.33819,0.326279,0.314686,0.303409,0.292441,0.28178,0.271419,0.261355,0.251581,0.242094,0.232887,0.223957,0.215297,0.206903,0.198769,0.19089,0.183261,0.175877,0.168731,0.16182,0.155138,0.148679,0.142439,0.136412,0.130594,0.124979,0.119561,0.114337,0.109301,0.104449,0.0997748,0.0952747,0.0909431,0.0867762,0.0827685,0.0789163,0.0752142,0.0716587,0.0682446,0.0649683,0.0618248,0.0588109,0.0559215,0.0531535,0.0505021,0.0479642,0.0455354,0.0432125,0.0409913,0.0388689,0.0368411,0.0349052,0.0330573,0.0312946,0.0296134,0.0280113,0.0264846,0.025031,0.0236471,0.0223305,0.0210782,0.019888,0.0187569,0.0176828,0.0166629,0.0156954,0.0147776,0.0139076,0.0130831,0.0123023,0.011563,0.0108636,0.0102018,0.00957636,0.00898518,0.00842692,0.00789974,0.00740237,0.00693312,0.00649082,0.00607391,0.00568129,0.00531155,0.00496367,0.00463636,0.00432867,0.00403942,0.00376776,0.0035126,0.00327315,0.00304844,0.00283773,0.00264014,0.00245501,0.00228152,0.00211908,0.00196696,0.0018246,0.00169135,0.00156672,0.00145009,0.00134102,0.00123897,0.00114353,0.00105421,0.000970635,0.000892372,0.00081908,0.000750357,0.000685896,0.000625335,0.000568391,0.000514735,0.000464105,0.000416202,0.000370783,0.000327571,0.000286339,0.000246832,0.000208831,0.0001721,0.000136428,0.000101591,6.73816e-05
1,0.978224,0.956472,0.934767,0.913132,0.891591,0.870165,0.848876,0.827745,0.806791,0.786034,0.765491,0.745179,0.725114,0.705308,0.685777,0.666531,0.647582,0.628938,0.610609,0.592602,0.574922,0.557575,0.540566,0.523898,0.507573,0.491593,0.475959,0.460671,0.44573,0.431133,0.416881,0.40297,0.389399,0.376165,0.363266,0.350696,0.338454,0.326534,0.314934,0.303649,0.292674,0.282004,0.271636,0.261563,0.251783,0.242288,0.233074,0.224136,0.21547,0.207069,0.198928,0.191043,0.183408,0.176017,0.168866,0.161949,0.155261,0.148797,0.142552,0.13652,0.130697,0.125076,0.119655,0.114426,0.109387,0.10453,0.0998525,0.0953482,0.0910136,0.0868428,0.0828323,0.0789765,0.0752719,0.0717131,0.0682967,0.0650174,0.0618718,0.0588551,0.0559638,0.0531932,0.0505401,0.0479999,0.0455695,0.0432445,0.0410219,0.0388975,0.0368685,0.0349308,0.0330817,0.0313174,0.0296353,0.0280316,0.0265041,0.0250491,0.0236644,0.0223466,0.0210936,0.0199023,0.0187705,0.0176954,0.016675,0.0157066,0.0147882,0.0139175,0.0130925,0.012311,0.0115713,0.0108712,0.0102091,0.00958307,0.00899159,0.0084328,0.00790536,0.00740752,0.00693805,0.00649532,0.00607821,0.00568522,0.0053153,0.00496709,0.00463963,0.00433164,0.00404227,0.00377034,0.00351507,0.00327539,0.00305057,0.00283966,0.00264198,0.00245667,0.00228311,0.00212052,0.00196833,0.00182584,0.00169253,0.00156777,0.00145109,0.00134192,0.00123983,0.00114429,0.00105494,0.000971286,0.00089299,0.000819628,0.000750876,0.000686354,0.000625767,0.00056877,0.00051509,0.000464414,0.00041649,0.000371029,0.000327797,0.000286529,0.000247002,0.00020897,0.000172219,0.000136518,0.000101661,6.74263e-05
1,0.978233,0.95649,0.934793,0.913167,0.891634,0.870217,0.848935,0.827811,0.806865,0.786114,0.765577,0.74527,0.725209,0.705408,0.68588,0.666637,0.64769,0.629049,0.610721,0.592715,0.575036,0.55769,0.54068,0.524011,0.507685,0.491704,0.476069,0.46078,0.445836,0.431238,0.416983,0.403071,0.389497,0.376261,0.363358,0.350787,0.338541,0.32662,0.315017,0.303729,0.292751,0.282079,0.271708,0.261633,0.25185,0.242353,0.233136,0.224197,0.215527,0.207124,0.198981,0.191094,0.183456,0.176064,0.16891,0.161992,0.155302,0.148836,0.142589,0.136556,0.130731,0.125109,0.119686,0.114457,0.109415,0.104557,0.099878,0.0953731,0.0910367,0.0868653,0.0828533,0.0789969,0.0752909,0.0717316,0.0683138,0.065034,0.0618872,0.0588701,0.0559776,0.0532067,0.0505525,0.048012,0.0455806,0.0432554,0.0410319,0.0389073,0.0368774,0.0349395,0.0330897,0.0313252,0.0296423,0.0280386,0.0265104,0.0250553,0.02367,0.0223521,0.0210986,0.0199072,0.0187749,0.0176997,0.0166789,0.0157104,0.0147917,0.0139209,0.0130956,0.012314,0.011574,0.0108738,0.0102115,0.00958539,0.00899365,0.00843484,0.00790716,0.00740931,0.00693961,0.00649689,0.00607958,0.00568659,0.0053165,0.00496829,0.00464066,0.00433269,0.00404317,0.00377125,0.00351585,0.00327618,0.00305125,0.00284034,0.00264257,0.00245726,0.00228361,0.00212103,0.00196876,0.00182627,0.0016929,0.00156815,0.00145141,0.00134224,0.0012401,0.00114457,0.00105516,0.000971518,0.000893183,0.000819823,0.000751037,0.000686518,0.000625902,0.000568906,0.0005152,0.000464525,0.000416579,0.000371118,0.000327867,0.000286598,0.000247055,0.00020902,0.000172255,0.000136551,0.000101682,6.74424e-05
1,0.978224,0.956472,0.934767,0.913132,0.891591,0.870165,0.848876,0.827745,0.806791,0.786034,0.765491,0.745179,0.725114,0.705308,0.685777,0.666531,0.647582,0.628938,0.610609,0.592602,0.574922,0.557575,0.540566,0.523898,0.507573,0.491593,0.475959,0.460671,0.44573,0.431133,0.416881,0.40297,0.389399,0.376165,0.363266,0.350696,0.338454,0.326534,0.314934,0.303649,0.292674,0.282004,0.271636,0.261563,0.251783,0.242288,0.233074,0.224136,0.21547,0.207069,0.198928,0.191043,0.183408,0.176017,0.168866,0.161949,0.155261,0.148797,0.142552,0.13652,0.130697,0.125076,0.119655,0.114426,0.109387,0.10453,0.0998525,0.0953482,0.0910136,0.0868428,0.0828323,0.0789765,0.0752719,0.0717131,0.0682967,0.0650174,0.0618718,0.0588551,0.0559638,0.0531932,0.0505401,0.0479999,0.0455695,0.0432445,0.0410219,0.0388975,0.0368685,0.0349308,0.0330817,0.0313174,0.0296353,0.0280316,0.0265041,0.0250491,0.0236644,0.0223466,0.0210936,0.0199023,0.0187705,0.0176954,0.016675,0.0157066,0.0147882,0.0139175,0.0130925,0.012311,0.0115713,0.0108712,0.0102091,0.00958307,0.00899159,0.0084328,0.00790536,0.00740752,0.00693805,0.00649532,0.00607821,0.00568522,0.0053153,0.00496709,0.00463963,0.00433164,0.00404227,0.00377034,0.00351507,0.00327539,0.00305057,0.00283966,0.00264198,0.00245667,0.00228311,0.00212052,0.00196833,0.00182584,0.00169253,0.00156777,0.00145109,0.00134192,0.00123983,0.00114429,0.00105494,0.000971286,0.00089299,0.000819628,0.000750876,0.000686354,0.000625767,0.00056877,0.00051509,0.000464414,0.00041649,0.000371029,0.000327797,0.000286529,0.000247002,0.00020897,0.000172219,0.000136518,0.000101661,6.74263e-05
1,0.978197,0.956418,0.934686,0.913026,0.891459,0.870009,0.848698,0.827545,0.806571,0.785795,0.765235,0.744907,0.724827,0.70501,0.685468,0.666213,0.647256,0.628607,0.610273,0.592262,0.574581,0.557234,0.540225,0.523558,0.507235,0.491258,0.475628,0.460346,0.445409,0.430819,0.416572,0.402669,0.389105,0.375879,0.362986,0.350424,0.33819,0.326279,0.314686,0.303409,0.292441,0.28178,0.271419,0.261355,0.251581,0.242094,0.232887,0.223957,0.215297,0.206903,0.198769,0.19089,0.183261,0.175877,0.168731,0.16182,0.155138,0.148679,0.142439,0.136412,0.130594,0.124979,0.119561,0.114337,0.109301,0.104449,0.0997748,0.0952747,0.0909431,0.0867762,0.0827685,0.0789163,0.0752142,0.0716587,0.0682446,0.0649683,0.0618248,0.0588109,0.0559215,0.0531535,0.0505021,0.0479642,0.0455354,0.0432125,0.0409913,0.0388689,0.0368411,0.0349052,0.0330573,0.0312946,0.0296134,0.0280113,0.0264846,0.025031,0.0236471,0.0223305,0.0210782,0.019888,0.0187569,0.0176828,0.0166629,0.0156954,0.0147776,0.0139076,0.0130831,0.0123023,0.011563,0.0108636,0.0102018,0.00957636,0.00898518,0.00842692,0.00789974,0.00740237,0.00693312,0.00649082,0.00607391,0.00568129,0.00531155,0.00496367,0.00463636,0.00432867,0.00403942,0.00376776,0.0035126,0.00327315,0.00304844,0.00283773,0.00264014,0.00245501,0.00228152,0.00211908,0.00196696,0.0018246,0.00169135,0.00156672,0.00145009,0.00134102,0.00123897,0.00114353,0.00105421,0.000970635,0.000892372,0.00081908,0.000750357,0.000685896,0.000625335,0.000568391,0.000514735,0.000464105,0.000416202,0.000370783,0.000327571,0.000286339,0.000246832,0.000208831,0.0001721,0.000136428,0.000101591,6.73816e-05
1,0.978152,0.956327,0.934552,0.912848,0.891239,0.869749,0.848399,0.82721,0.806202,0.785395,0.764806,0.744452,0.724349,0.704511,0.684951,0.665681,0.646712,0.628052,0.609711,0.591695,0.57401,0.556662,0.539654,0.52299,0.506671,0.4907,0.475077,0.459802,0.444875,0.430294,0.416059,0.402166,0.388614,0.3754,0.36252,0.349971,0.33775,0.325851,0.314273,0.303008,0.292054,0.281406,0.271058,0.261006,0.251246,0.24177,0.232576,0.223658,0.21501,0.206627,0.198504,0.190636,0.183017,0.175642,0.168507,0.161605,0.154933,0.148483,0.142251,0.136233,0.130423,0.124815,0.119405,0.114188,0.10916,0.104313,0.0996461,0.0951516,0.0908264,0.0866646,0.0826628,0.0788153,0.0751187,0.0715675,0.0681583,0.064886,0.0617471,0.0587367,0.0558516,0.0530868,0.0504393,0.0479043,0.045479,0.0431588,0.0409408,0.0388208,0.036796,0.0348622,0.0330169,0.0312562,0.0295775,0.0279771,0.0264526,0.0250005,0.0236186,0.0223034,0.0210529,0.019864,0.0187345,0.0176615,0.0166431,0.0156766,0.0147601,0.013891,0.0130677,0.0122877,0.0115494,0.0108506,0.0101899,0.00956501,0.00897468,0.00841696,0.00789053,0.00739365,0.00692507,0.00648319,0.00606687,0.00567463,0.00530542,0.00495787,0.00463102,0.00432362,0.00403478,0.00376337,0.00350858,0.00326935,0.00304495,0.00283444,0.00263713,0.00245216,0.00227892,0.00211663,0.00196473,0.0018225,0.00168944,0.00156491,0.00144845,0.00133948,0.00123757,0.00114221,0.00105302,0.000969522,0.00089137,0.000818141,0.000749515,0.000685111,0.000624635,0.000567741,0.000514159,0.000463575,0.000415737,0.00037036,0.000327206,0.000286013,0.000246557,0.000208593,0.000171908,0.000136272,0.000101477,6.73048e-05
1,0.978088,0.9562,0.934361,0.912597,0.890929,0.869382,0.847978,0.826738,0.805682,0.784831,0.764201,0.743811,0.723675,0.703808,0.684223,0.664932,0.645945,0.627272,0.60892,0.590897,0.573208,0.555859,0.538852,0.522192,0.505879,0.489916,0.474303,0.45904,0.444125,0.429559,0.415338,0.401462,0.387926,0.374729,0.361867,0.349337,0.337133,0.325254,0.313693,0.302448,0.291512,0.280882,0.270552,0.260519,0.250775,0.241318,0.232141,0.223239,0.214607,0.20624,0.198133,0.19028,0.182675,0.175316,0.168194,0.161306,0.154645,0.148208,0.141989,0.135982,0.130183,0.124586,0.119187,0.11398,0.108961,0.104124,0.0994654,0.09498,0.0906625,0.0865092,0.0825144,0.0786747,0.0749845,0.0714405,0.0680372,0.0647714,0.061638,0.0586336,0.0557533,0.052994,0.0503509,0.047821,0.0453997,0.0430841,0.0408698,0.0387539,0.0367324,0.0348025,0.0329601,0.0312028,0.0295268,0.0279295,0.0264075,0.0249582,0.0235784,0.0222659,0.0210173,0.0198306,0.0187029,0.017632,0.0166151,0.0156505,0.0147353,0.013868,0.0130459,0.0122674,0.0115302,0.0108328,0.010173,0.00954931,0.00895984,0.00840318,0.00787752,0.00738158,0.00691368,0.00647264,0.00605692,0.00566542,0.00529673,0.00494985,0.00462346,0.00431664,0.00402821,0.00375732,0.00350287,0.0032641,0.00304001,0.0028299,0.00263286,0.00244824,0.00227524,0.00211326,0.00196156,0.0018196,0.00168672,0.00156243,0.00144612,0.00133735,0.00123558,0.00114041,0.00105133,0.000967991,0.000889943,0.000816852,0.000748317,0.000684033,0.000623637,0.000566849,0.000513339,0.000462847,0.000415075,0.000369779,0.000326685,0.000285564,0.000246164,0.000208267,0.000171635,0.000136059,0.000101316,6.71995e-05
1,0.978004,0.956034,0.934114,0.91227,0.890526,0.868905,0.847431,0.826125,0.805008,0.784099,0.763418,0.74298,0.722802,0.702898,0.683281,0.663963,0.644954,0.626263,0.607898,0.589866,0.572173,0.554822,0.537818,0.521162,0.504858,0.488905,0.473305,0.458056,0.443159,0.42861,0.41441,0.400554,0.38704,0.373866,0.361027,0.348519,0.33634,0.324484,0.312948,0.301726,0.290815,0.280208,0.269903,0.259892,0.250172,0.240736,0.231581,0.222701,0.21409,0.205743,0.197656,0.189822,0.182237,0.174895,0.167791,0.16092,0.154277,0.147855,0.141652,0.13566,0.129875,0.124292,0.118906,0.113712,0.108706,0.103881,0.099234,0.0947591,0.0904527,0.086309,0.0823245,0.0784936,0.0748128,0.0712768,0.0678822,0.0646238,0.0614983,0.0585006,0.0556276,0.0528744,0.050238,0.0477136,0.0452984,0.0429878,0.040779,0.0386677,0.0366512,0.0347253,0.0328876,0.031134,0.0294621,0.0278682,0.0263498,0.0249036,0.0235272,0.0222173,0.0209718,0.0197876,0.0186626,0.0175938,0.0165795,0.0156167,0.0147038,0.0138382,0.013018,0.0122411,0.0115057,0.0108096,0.0101514,0.00952898,0.00894092,0.00838535,0.00786094,0.00736596,0.00689917,0.00645898,0.00604425,0.0056535,0.00528568,0.00493945,0.00461384,0.0043076,0.00401985,0.00374946,0.00349562,0.00325729,0.00303374,0.00282401,0.00262743,0.00244316,0.00227056,0.00210888,0.00195753,0.00181583,0.00168327,0.0015592,0.00144317,0.00133459,0.00123306,0.00113806,0.00104919,0.000966,0.000888135,0.000815174,0.000746799,0.00068263,0.000622374,0.000565687,0.0005123,0.0004619,0.000414236,0.000369022,0.000326025,0.000284981,0.000245668,0.000207841,0.000171289,0.000135781,0.000101112,6.70624e-05
1,0.977901,0.955829,0.933808,0.911866,0.890027,0.868316,0.846755,0.825367,0.804174,0.783195,0.762449,0.741954,0.721724,0.701775,0.682119,0.662768,0.643732,0.625021,0.60664,0.588598,0.570898,0.553547,0.536545,0.519897,0.503603,0.487664,0.47208,0.456851,0.441974,0.427449,0.413272,0.399442,0.385955,0.372809,0.359998,0.34752,0.33537,0.323544,0.312037,0.300845,0.289962,0.279385,0.269108,0.259126,0.249433,0.240026,0.230897,0.222044,0.213458,0.205137,0.197074,0.189264,0.181701,0.174382,0.1673,0.16045,0.153826,0.147425,0.14124,0.135267,0.129499,0.123934,0.118564,0.113386,0.108394,0.103584,0.098951,0.0944901,0.0901961,0.0860653,0.0820921,0.0782731,0.0746027,0.0710777,0.0676926,0.0644442,0.0613273,0.0583388,0.0554737,0.0527289,0.0500997,0.047583,0.0451743,0.0428707,0.0406678,0.0385628,0.0365517,0.0346316,0.0327987,0.0310504,0.0293828,0.0277936,0.0262792,0.0248373,0.0234644,0.0221584,0.0209161,0.0197353,0.0186131,0.0175475,0.0165357,0.0155758,0.0146651,0.013802,0.0129839,0.0122092,0.0114756,0.0107816,0.010125,0.00950433,0.0089177,0.00836372,0.00784058,0.00734702,0.00688135,0.00644242,0.00602868,0.00563904,0.0052721,0.00492686,0.00460201,0.00429664,0.00400957,0.00373995,0.0034867,0.00324905,0.00302601,0.00281688,0.00262076,0.00243701,0.00226481,0.00210358,0.00195258,0.00181128,0.00167901,0.0015553,0.00143953,0.00133126,0.00122996,0.00113522,0.00104655,0.000963596,0.000885905,0.000813148,0.000744926,0.000680935,0.000620815,0.000564285,0.000511018,0.000460756,0.0004132,0.00036811,0.000325211,0.000284277,0.000245054,0.000207328,0.000170861,0.000135446,0.00010086,6.68969e-05
1,0.977777,0.955582,0.933441,0.911381,0.889429,0.867608,0.845943,0.824458,0.803174,0.782112,0.76129,0.740725,0.720435,0.700432,0.680731,0.661342,0.642275,0.623539,0.605141,0.587087,0.569382,0.552029,0.535033,0.518393,0.502113,0.48619,0.470627,0.45542,0.440569,0.426071,0.411924,0.398125,0.38467,0.371557,0.35878,0.346336,0.334222,0.322431,0.310959,0.299802,0.288955,0.278412,0.268169,0.258221,0.248562,0.239186,0.23009,0.221267,0.212713,0.20442,0.196387,0.188604,0.18107,0.173776,0.16672,0.159895,0.153296,0.146917,0.140755,0.134802,0.129056,0.12351,0.118161,0.113001,0.108027,0.103234,0.0986178,0.0941723,0.089894,0.0857773,0.0818186,0.0780125,0.0743555,0.0708423,0.0674695,0.0642319,0.0611262,0.0581476,0.0552928,0.0525569,0.0499371,0.0474285,0.0450284,0.0427322,0.0405371,0.0384388,0.0364347,0.0345207,0.0326942,0.0309514,0.0292896,0.0277054,0.0261963,0.0247588,0.0233906,0.0220886,0.0208506,0.0196734,0.0185551,0.0174927,0.0164843,0.0155273,0.0146197,0.0137592,0.0129439,0.0121714,0.0114403,0.0107483,0.0100939,0.00947511,0.00889045,0.00833808,0.0078167,0.00732456,0.00686045,0.00642278,0.00601042,0.0056219,0.00525618,0.00491192,0.00458815,0.00428364,0.00399753,0.00372866,0.00347625,0.00323927,0.00301696,0.00280841,0.00261294,0.0024297,0.00225807,0.00209728,0.00194678,0.00180587,0.00167404,0.00155066,0.00143527,0.0013273,0.00122633,0.00113184,0.00104347,0.000960735,0.000883297,0.000810737,0.000742736,0.000678919,0.000618993,0.000562616,0.00050952,0.000459395,0.00041199,0.000367023,0.000324259,0.000283438,0.000244338,0.000206717,0.000170362,0.000135047,0.000100565,6.66998e-05
1,0.977632,0.955292,0.93301,0.910812,0.888725,0.866777,0.844991,0.823392,0.802002,0.780843,0.759932,0.739288,0.718927,0.698863,0.679109,0.659676,0.640574,0.621811,0.603393,0.585327,0.567616,0.550265,0.533274,0.516647,0.500382,0.48448,0.46894,0.453761,0.43894,0.424475,0.410363,0.3966,0.383183,0.370109,0.357372,0.344969,0.332895,0.321145,0.309714,0.298599,0.287792,0.27729,0.267086,0.257177,0.247556,0.238219,0.229159,0.220372,0.211852,0.203595,0.195594,0.187845,0.180341,0.173079,0.166052,0.159255,0.152684,0.146332,0.140195,0.134269,0.128546,0.123024,0.117695,0.112558,0.107604,0.102832,0.0982336,0.0938069,0.0895456,0.0854463,0.0815033,0.0777131,0.0740704,0.0705718,0.0672121,0.0639879,0.0608943,0.0579279,0.055084,0.0523594,0.0497494,0.0472512,0.04486,0.0425731,0.0403862,0.0382964,0.0362998,0.0343935,0.0325737,0.0308378,0.0291821,0.0276041,0.0261005,0.0246687,0.0233054,0.0220086,0.0207749,0.0196024,0.018488,0.0174298,0.0164249,0.0154716,0.0145673,0.01371,0.0128976,0.0121281,0.0113995,0.0107102,0.0100581,0.00944162,0.00885895,0.0083087,0.00778908,0.00729883,0.00683628,0.00640028,0.0059893,0.00560226,0.00523776,0.0048948,0.00457211,0.00426876,0.00398358,0.00371574,0.00346415,0.00322806,0.00300649,0.00279872,0.00260388,0.00242133,0.00225025,0.00209007,0.00194006,0.00179968,0.00166827,0.00154535,0.00143033,0.00132276,0.00122211,0.00112798,0.00103989,0.000957464,0.000880272,0.000807981,0.000740196,0.000676615,0.000616878,0.000560709,0.000507782,0.000457839,0.000410586,0.000365782,0.000323155,0.00028248,0.000243506,0.000206018,0.000169783,0.000134591,0.000100223,6.64747e-05
1,0.977463,0.954957,0.93251,0.910152,0.887912,0.865816,0.84389,0.822161,0.800649,0.779378,0.758366,0.737631,0.717191,0.697057,0.677245,0.657763,0.638622,0.619829,0.601391,0.583312,0.565596,0.548247,0.531265,0.514651,0.498407,0.482529,0.467018,0.451871,0.437086,0.422658,0.408587,0.394866,0.381494,0.368464,0.355774,0.343417,0.33139,0.319686,0.308303,0.297234,0.286474,0.276017,0.265859,0.255994,0.246417,0.237122,0.228105,0.219359,0.21088,0.202661,0.194698,0.186985,0.179518,0.17229,0.165296,0.158532,0.151992,0.14567,0.139563,0.133664,0.127969,0.122473,0.11717,0.112056,0.107127,0.102376,0.0978,0.0933934,0.0891525,0.0850716,0.0811473,0.0773742,0.0737487,0.0702657,0.0669217,0.0637118,0.0606326,0.0576792,0.0548485,0.0521357,0.0495378,0.0470503,0.0446701,0.042393,0.0402161,0.0381352,0.0361476,0.0342493,0.0324377,0.0307091,0.0290608,0.0274894,0.0259925,0.0245665,0.0232094,0.0219178,0.0206897,0.0195219,0.0184124,0.0173584,0.0163581,0.0154086,0.0145081,0.0136543,0.0128454,0.012079,0.0113536,0.010667,0.0100177,0.00940362,0.00882347,0.00827536,0.00775798,0.00726962,0.00680907,0.00637474,0.00596553,0.00557996,0.00521702,0.00487537,0.00455405,0.00425185,0.00396789,0.00370106,0.00345054,0.00321534,0.0029947,0.00278771,0.0025937,0.00241182,0.00224147,0.00208188,0.0019325,0.00179264,0.00166178,0.00153932,0.00142478,0.00131761,0.00121738,0.0011236,0.00103587,0.000953744,0.000876874,0.000804846,0.000737344,0.000673992,0.000614504,0.000558538,0.00050583,0.000456069,0.000409009,0.000364368,0.000321915,0.000281389,0.000242573,0.000205223,0.000169132,0.000134072,9.98391e-05,6.62184e-05
1,0.97727,0.954573,0.931938,0.909397,0.886981,0.864717,0.842632,0.820754,0.799105,0.777707,0.756581,0.735745,0.715215,0.695005,0.675127,0.655592,0.636408,0.617584,0.599124,0.581033,0.563313,0.545968,0.528998,0.512403,0.496181,0.480333,0.464855,0.449746,0.435002,0.420619,0.406593,0.392922,0.379599,0.366621,0.353982,0.341679,0.329704,0.318055,0.306724,0.295708,0.284999,0.274595,0.264488,0.254673,0.245145,0.235899,0.226928,0.218228,0.209793,0.201619,0.193698,0.186027,0.178599,0.17141,0.164453,0.157726,0.15122,0.144933,0.138858,0.132991,0.127326,0.121859,0.116584,0.111498,0.106594,0.101868,0.0973161,0.0929331,0.0887138,0.0846546,0.0807502,0.076997,0.0733897,0.069925,0.0665977,0.0634046,0.0603405,0.0574025,0.0545857,0.0518869,0.0493016,0.0468269,0.0444582,0.0421927,0.0400262,0.0379558,0.0359777,0.034089,0.0322859,0.030566,0.0289254,0.0273619,0.0258719,0.0244531,0.0231022,0.021817,0.0205944,0.0194324,0.018328,0.0172792,0.0162833,0.0153385,0.0144421,0.0135924,0.0127871,0.0120245,0.0113023,0.010619,0.00997249,0.00936142,0.00878381,0.00823834,0.00772321,0.00723719,0.00677863,0.00634639,0.00593893,0.00555521,0.00519383,0.0048538,0.00453386,0.00423309,0.00395034,0.00368476,0.00343531,0.00320122,0.00298151,0.0027755,0.0025823,0.00240128,0.00223164,0.0020728,0.00192404,0.00178483,0.00165452,0.00153263,0.00141856,0.00131189,0.00121208,0.00111873,0.00103136,0.000949621,0.000873066,0.000801372,0.000734145,0.000671087,0.000611842,0.000556134,0.000503641,0.000454108,0.000407241,0.000362803,0.000320524,0.000280181,0.000241525,0.000204343,0.000168402,0.000133497,9.94085e-05,6.59345e-05
1,0.977051,0.954136,0.931288,0.90854,0.885924,0.86347,0.841207,0.819161,0.797357,0.775819,0.754566,0.733617,0.712988,0.692693,0.672744,0.653151,0.633923,0.615065,0.596583,0.578481,0.56076,0.543421,0.526466,0.509893,0.493701,0.477887,0.462449,0.447382,0.432686,0.418353,0.404381,0.390764,0.377498,0.364577,0.351998,0.339753,0.327839,0.316248,0.304978,0.29402,0.28337,0.273023,0.262973,0.253213,0.243741,0.234547,0.225629,0.21698,0.208595,0.200468,0.192595,0.184969,0.177586,0.170439,0.163525,0.156836,0.15037,0.14412,0.138081,0.132249,0.126618,0.121182,0.115939,0.110882,0.106007,0.101309,0.0967836,0.0924255,0.0882311,0.0841948,0.0803133,0.0765811,0.0729948,0.0695493,0.0662413,0.0630657,0.0600193,0.0570973,0.0542966,0.0516125,0.0490419,0.0465804,0.0442251,0.0419717,0.0398174,0.037758,0.0357909,0.0339121,0.0321191,0.030408,0.0287766,0.0272211,0.0257393,0.0243278,0.0229843,0.0217057,0.0204898,0.0193336,0.0182352,0.0171917,0.0162012,0.0152611,0.0143695,0.0135241,0.0127231,0.0119642,0.0112459,0.0105659,0.00992288,0.00931479,0.00874025,0.00819743,0.00768503,0.00720135,0.00674522,0.00631505,0.00590974,0.00552785,0.00516836,0.00482995,0.00451169,0.00421234,0.00393107,0.00366675,0.00341859,0.0031856,0.00296704,0.00276199,0.00256979,0.00238961,0.00222085,0.00206275,0.00191476,0.00177619,0.00164655,0.00152522,0.00141175,0.00130556,0.00120626,0.00111334,0.00102642,0.000945054,0.000868891,0.000797524,0.00073064,0.000667869,0.000608924,0.00055347,0.000501242,0.000451935,0.000405303,0.000361068,0.000319001,0.000278843,0.000240378,0.000203367,0.000167603,0.00013286,9.89367e-05,6.56199e-05
1,0.976803,0.953643,0.930555,0.907573,0.884733,0.862065,0.839601,0.817368,0.795393,0.773698,0.752304,0.731231,0.710495,0.690108,0.670083,0.650429,0.631153,0.612262,0.593758,0.575646,0.557926,0.540598,0.523662,0.507117,0.490958,0.475185,0.459792,0.444776,0.430133,0.415858,0.401945,0.38839,0.375188,0.362333,0.349818,0.33764,0.325792,0.314268,0.303063,0.292171,0.281585,0.271302,0.261314,0.251617,0.242203,0.233069,0.224208,0.215616,0.207285,0.199212,0.191389,0.183814,0.176478,0.169379,0.16251,0.155866,0.149441,0.143233,0.137233,0.131439,0.125844,0.120444,0.115235,0.110211,0.105367,0.100699,0.0962019,0.0918721,0.0877038,0.0836936,0.079836,0.0761277,0.0725634,0.0691399,0.0658519,0.0626964,0.0596684,0.0567648,0.0539808,0.0513134,0.0487581,0.0463119,0.0439705,0.041731,0.0395892,0.0375424,0.0355867,0.0337194,0.0319367,0.0302361,0.0286139,0.0270678,0.0255944,0.0241914,0.0228554,0.0215844,0.0203753,0.0192261,0.0181337,0.0170964,0.0161114,0.0151768,0.0142902,0.0134497,0.012653,0.0118986,0.0111841,0.0105082,0.0098686,0.00926405,0.00869259,0.00815291,0.00764324,0.00716236,0.00670864,0.00628095,0.00587778,0.00549808,0.00514048,0.00480401,0.00448741,0.00418978,0.00390996,0.00364715,0.00340029,0.00316861,0.00295118,0.00274729,0.00255609,0.00237693,0.00220903,0.00205182,0.00190459,0.0017668,0.00163782,0.00151718,0.00140427,0.00129869,0.00119989,0.00110749,0.00102101,0.000940093,0.000864313,0.000793343,0.000726795,0.000664373,0.000605724,0.000550576,0.00049861,0.000449574,0.000403177,0.000359185,0.000317329,0.000277389,0.000239119,0.000202308,0.000166725,0.000132168,9.8419e-05,6.52783e-05
1,0.976525,0.953089,0.92973,0.906487,0.883396,0.86049,0.837802,0.815361,0.793195,0.771328,0.749781,0.728573,0.707719,0.687234,0.667128,0.647409,0.628085,0.60916,0.590637,0.572517,0.554802,0.537489,0.520578,0.504065,0.487947,0.47222,0.45688,0.441922,0.42734,0.413129,0.399284,0.385799,0.372668,0.359884,0.347444,0.335338,0.323564,0.312113,0.30098,0.29016,0.279646,0.269432,0.259513,0.249882,0.240535,0.231465,0.222667,0.214135,0.205864,0.197848,0.190083,0.182561,0.175279,0.16823,0.16141,0.154813,0.148436,0.142271,0.136314,0.130561,0.125006,0.119645,0.114472,0.109483,0.104673,0.100038,0.0955728,0.0912724,0.0871335,0.0831504,0.0793198,0.0756364,0.0720969,0.0686962,0.065431,0.0622963,0.059289,0.0564044,0.0536394,0.0509894,0.0484513,0.0460209,0.0436952,0.04147,0.0393426,0.0373088,0.0353661,0.0335105,0.0317396,0.0300496,0.0284381,0.0269016,0.0254378,0.0240434,0.0227162,0.021453,0.0202517,0.0191094,0.0180241,0.0169931,0.0160144,0.0150854,0.0142044,0.013369,0.0125774,0.0118274,0.0111175,0.0104455,0.00980999,0.00920898,0.00864112,0.00810459,0.00759812,0.00712003,0.00666915,0.00624393,0.00584327,0.00546576,0.00511039,0.00477584,0.0044612,0.00416527,0.00388719,0.00362587,0.00338053,0.00315016,0.00293407,0.00273133,0.0025413,0.00236315,0.00219628,0.00203995,0.00189361,0.0017566,0.00162841,0.00150843,0.00139621,0.00129121,0.00119301,0.00110112,0.00101517,0.000934698,0.000859376,0.000788796,0.00072265,0.00066057,0.000602273,0.000547428,0.000495773,0.000447007,0.000400886,0.000357135,0.000315527,0.000275807,0.000237762,0.000201155,0.00016578,0.000131415,9.7861e-05,6.49065e-05
1,0.976213,0.952468,0.928807,0.905271,0.881899,0.858729,0.835792,0.813122,0.790747,0.768691,0.746976,0.725622,0.704643,0.684053,0.663861,0.644076,0.624703,0.605746,0.587205,0.569083,0.551376,0.534085,0.517204,0.500731,0.484661,0.468989,0.453708,0.438815,0.424303,0.410165,0.396395,0.382988,0.369935,0.357232,0.344872,0.332848,0.321153,0.309783,0.298729,0.287988,0.277551,0.267413,0.257568,0.248012,0.238736,0.229736,0.221006,0.21254,0.204333,0.19638,0.188675,0.181212,0.173986,0.166993,0.160226,0.153682,0.147353,0.141236,0.135326,0.129617,0.124105,0.118785,0.113651,0.108701,0.103927,0.0993275,0.0948956,0.0906282,0.0865197,0.0825669,0.0787643,0.0751087,0.0715949,0.0682196,0.0649779,0.0618665,0.0588807,0.0560174,0.053272,0.0506414,0.0481211,0.0457084,0.0433989,0.0411899,0.0390771,0.037058,0.0351286,0.0332863,0.0315274,0.0298494,0.0282488,0.0267232,0.0252692,0.0238847,0.0225662,0.0213119,0.0201186,0.0189842,0.0179061,0.0168822,0.0159099,0.0149873,0.014112,0.0132823,0.0124959,0.011751,0.0110457,0.0103783,0.00974681,0.0091499,0.00858564,0.00805275,0.00754948,0.00707462,0.00662658,0.00620422,0.00580607,0.0054311,0.00507793,0.00474563,0.00443294,0.00413899,0.00386262,0.00360304,0.00335921,0.00313038,0.00291561,0.00271422,0.00252534,0.00234837,0.00218252,0.00202722,0.00188177,0.00174566,0.00161824,0.00149905,0.00138751,0.0012832,0.00118559,0.0010943,0.00100886,0.000928917,0.000854045,0.000783925,0.000718173,0.000656496,0.000598547,0.000544056,0.000492709,0.000444256,0.00039841,0.000354939,0.00031358,0.000274113,0.000236296,0.00019992,0.000164758,0.000130609,9.72581e-05,6.45084e-05
1,0.975863,0.951773,0.927775,0.903913,0.880229,0.856764,0.833554,0.810631,0.788026,0.765765,0.743869,0.722357,0.701245,0.680544,0.660264,0.640412,0.620991,0.602003,0.58345,0.565328,0.547638,0.530373,0.513531,0.497105,0.481091,0.465482,0.450271,0.435452,0.421018,0.406961,0.393276,0.379954,0.366989,0.354374,0.342102,0.330166,0.318561,0.307277,0.296311,0.285654,0.275302,0.265246,0.255483,0.246005,0.236807,0.227882,0.219225,0.210831,0.202694,0.194808,0.187168,0.179768,0.172604,0.165669,0.15896,0.15247,0.146195,0.140129,0.134269,0.128607,0.123141,0.117865,0.112774,0.107864,0.10313,0.0985675,0.0941722,0.0899389,0.0858642,0.0819427,0.0781711,0.0745442,0.0710588,0.0677098,0.0644941,0.0614067,0.0584447,0.0556034,0.0528796,0.050269,0.0477686,0.0453741,0.0430826,0.0408901,0.0387937,0.0367896,0.034875,0.0330463,0.0313009,0.0296352,0.0280468,0.0265322,0.0250893,0.0237147,0.0224062,0.0211608,0.0199765,0.0188502,0.0177801,0.0167634,0.0157984,0.0148823,0.0140135,0.0131896,0.0124089,0.0116692,0.0109691,0.0103063,0.00967942,0.0090866,0.00852646,0.0079972,0.00749759,0.00702596,0.00658116,0.00616166,0.00576639,0.00539394,0.00504332,0.00471325,0.00440281,0.00411081,0.00383643,0.00357857,0.00333648,0.00310917,0.00289593,0.00269586,0.00250833,0.00233252,0.00216785,0.00201357,0.00186915,0.00173392,0.0016074,0.00148899,0.00137824,0.0012746,0.00117768,0.00108698,0.00100214,0.000922712,0.000848364,0.000778695,0.000713402,0.000652122,0.000594576,0.000540436,0.000489444,0.000441303,0.000395773,0.000352582,0.000311506,0.000272294,0.000234735,0.000198594,0.00016367,0.000129743,9.66159e-05,6.40808e-05
1,0.975473,0.950997,0.926622,0.902397,0.878367,0.854577,0.831064,0.807865,0.785009,0.762525,0.740434,0.718754,0.697501,0.676686,0.656316,0.636396,0.616929,0.597916,0.579354,0.561241,0.543573,0.526344,0.509549,0.49318,0.477231,0.461694,0.446562,0.431826,0.41748,0.403514,0.389922,0.376695,0.363827,0.351309,0.339134,0.327295,0.315785,0.304597,0.293724,0.28316,0.272898,0.262933,0.253256,0.243864,0.234748,0.225905,0.217327,0.209009,0.200946,0.193133,0.185562,0.17823,0.171131,0.16426,0.157612,0.151181,0.144962,0.138952,0.133143,0.127533,0.122115,0.116887,0.111841,0.106974,0.102282,0.0977597,0.0934023,0.0892064,0.0851665,0.0812793,0.0775397,0.0739443,0.0704882,0.0671681,0.0639791,0.0609183,0.0579807,0.0551635,0.0524621,0.0498735,0.0473934,0.0450189,0.0427459,0.0405716,0.038492,0.0365045,0.0346051,0.0327914,0.0310597,0.0294077,0.0278317,0.0263294,0.0248977,0.0235342,0.0222358,0.0210004,0.0198251,0.0187079,0.0176459,0.0166374,0.0156796,0.0147707,0.0139085,0.0130911,0.0123162,0.0115824,0.0108874,0.0102298,0.0096076,0.00901941,0.00846338,0.00793825,0.00744229,0.00697432,0.00653275,0.0061165,0.00572409,0.00535451,0.00500642,0.00467888,0.00437067,0.00408091,0.00380849,0.00355261,0.00331224,0.00308666,0.00287493,0.00267639,0.00249018,0.00231571,0.00215219,0.00199908,0.00185568,0.00172147,0.00159584,0.00147832,0.00136834,0.00126548,0.00116924,0.00107922,0.000994965,0.000916132,0.000842299,0.000773151,0.000708309,0.000647485,0.000590336,0.000536597,0.000485957,0.000438172,0.000392956,0.000350083,0.000309291,0.000270365,0.000233066,0.000197188,0.000162507,0.000128825,9.59299e-05,6.36275e-05
1,0.975036,0.95013,0.925335,0.900706,0.876293,0.852143,0.828298,0.804796,0.781669,0.758943,0.736644,0.714787,0.693387,0.672453,0.651992,0.632007,0.612498,0.593464,0.574901,0.556805,0.539168,0.521985,0.505247,0.488945,0.473072,0.457618,0.442575,0.427934,0.413686,0.399821,0.386332,0.37321,0.360447,0.348035,0.335966,0.324232,0.312827,0.301741,0.290971,0.280506,0.270343,0.260472,0.25089,0.241588,0.232562,0.223805,0.215312,0.207076,0.199092,0.191355,0.18386,0.176599,0.16957,0.162766,0.156183,0.149814,0.143657,0.137704,0.131952,0.126395,0.12103,0.11585,0.110853,0.106032,0.101384,0.0969039,0.0925877,0.0884303,0.0844283,0.0805766,0.0768718,0.0733088,0.0698846,0.0665942,0.0634345,0.0604008,0.05749,0.0546975,0.0520205,0.0494544,0.0469966,0.0446426,0.0423899,0.0402342,0.038173,0.0362023,0.0343197,0.0325213,0.0308048,0.0291665,0.0276042,0.0261145,0.0246951,0.0233428,0.0220556,0.0208304,0.0196651,0.018557,0.0175041,0.0165037,0.015554,0.0146525,0.0137975,0.0129866,0.0122183,0.0114903,0.0108011,0.0101487,0.00953169,0.00894812,0.00839672,0.00787569,0.00738384,0.00691951,0.00648159,0.00606856,0.00567938,0.00531266,0.00496742,0.0046424,0.00433671,0.00404917,0.00377897,0.00352504,0.00328663,0.00306276,0.00285275,0.00265571,0.00247101,0.00229785,0.00213566,0.0019837,0.00184145,0.00170825,0.00158363,0.00146698,0.00135788,0.00125579,0.00116032,0.00107097,0.000987389,0.00090914,0.000835894,0.000767258,0.00070293,0.000642556,0.000585859,0.000532517,0.000482276,0.000434843,0.000389983,0.000347426,0.000306952,0.000268315,0.000231305,0.000195694,0.00016128,0.000127849,9.52057e-05,6.31456e-05
1,0.974549,0.949161,0.923898,0.89882,0.873983,0.849436,0.825226,0.801394,0.777971,0.754988,0.732467,0.710424,0.688871,0.667818,0.647267,0.627221,0.607676,0.588629,0.570074,0.552004,0.53441,0.517283,0.500613,0.484391,0.468606,0.453248,0.438305,0.42377,0.409631,0.395879,0.382503,0.369497,0.356849,0.344553,0.332598,0.320979,0.309686,0.298712,0.28805,0.277693,0.267634,0.257867,0.248384,0.239181,0.230249,0.221585,0.213181,0.205033,0.197133,0.189478,0.182061,0.174878,0.167922,0.161189,0.154674,0.148373,0.142278,0.136387,0.130694,0.125195,0.119884,0.114758,0.10981,0.105039,0.100437,0.0960019,0.0917282,0.0876125,0.0836495,0.0798361,0.076167,0.0726393,0.0692478,0.0659896,0.0628599,0.0598556,0.0569721,0.0542066,0.0515545,0.049013,0.0465779,0.0442463,0.0420142,0.0398788,0.0378363,0.0358842,0.0340185,0.0322368,0.0305356,0.0289126,0.0273641,0.0258881,0.0244812,0.0231414,0.0218654,0.0206513,0.0194962,0.0183981,0.0173543,0.0163629,0.0154214,0.014528,0.0136803,0.0128766,0.0121148,0.0113933,0.01071,0.0100633,0.00945149,0.00887308,0.00832628,0.00780984,0.00732208,0.00686183,0.00642753,0.00601811,0.00563214,0.00526861,0.0049262,0.00460401,0.00430081,0.00401576,0.00374776,0.00349602,0.00325954,0.00303761,0.00282929,0.00263395,0.00245074,0.00227906,0.00211817,0.00196751,0.0018264,0.00169434,0.00157071,0.00145506,0.00134682,0.0012456,0.00115088,0.00106229,0.000979371,0.000901784,0.000829117,0.000761059,0.000697238,0.000637371,0.00058112,0.000528225,0.00047838,0.000431343,0.000386835,0.000344631,0.000304477,0.000266159,0.000229441,0.000194122,0.000159981,0.000126823,9.4439e-05,6.26388e-05
1,0.974003,0.948077,0.922293,0.896715,0.871407,0.846423,0.821814,0.797621,0.773882,0.750623,0.727867,0.70563,0.683922,0.662749,0.642113,0.62201,0.602438,0.583388,0.564853,0.546821,0.529283,0.512225,0.495638,0.479509,0.463825,0.448575,0.433747,0.419329,0.405312,0.391683,0.378434,0.365553,0.353032,0.340861,0.329031,0.317534,0.306363,0.295509,0.284964,0.274722,0.264776,0.255118,0.245742,0.236642,0.227812,0.219245,0.210937,0.20288,0.195071,0.187502,0.180169,0.173065,0.166188,0.15953,0.153088,0.146856,0.140829,0.135003,0.129373,0.123933,0.11868,0.113609,0.108715,0.103994,0.0994421,0.0950537,0.0908257,0.0867528,0.0828319,0.0790577,0.0754273,0.0719355,0.0685794,0.0653541,0.0622567,0.0592825,0.0564287,0.0536906,0.0510655,0.048549,0.0461384,0.0438296,0.0416199,0.0395052,0.037483,0.0355496,0.0337024,0.0319377,0.0302532,0.0286455,0.0271122,0.02565,0.0242568,0.0229294,0.0216658,0.020463,0.019319,0.018231,0.0171971,0.0162148,0.0152822,0.0143969,0.0135573,0.0127609,0.0120063,0.0112912,0.0106143,0.00997348,0.00936736,0.00879409,0.00825239,0.00774052,0.00725729,0.00680109,0.00637082,0.00596499,0.00558258,0.00522222,0.00488297,0.00456357,0.00426316,0.00398058,0.00371503,0.00346546,0.00323114,0.00301111,0.00280469,0.00261102,0.00242947,0.00225926,0.00209983,0.00195045,0.00181061,0.00167967,0.00155716,0.00144248,0.00133523,0.00123486,0.00114099,0.00105314,0.000970966,0.000894029,0.000822011,0.000754523,0.000691271,0.000631904,0.000576153,0.0005237,0.000474295,0.000427651,0.000383535,0.000341684,0.000301882,0.000263884,0.000227487,0.000192464,0.000158619,0.00012574,9.36354e-05,6.21041e-05
1,0.973391,0.946863,0.920495,0.894362,0.868531,0.843066,0.81802,0.793438,0.769356,0.745805,0.722804,0.700367,0.678503,0.657214,0.636497,0.616349,0.596759,0.57772,0.559217,0.541239,0.523771,0.506799,0.49031,0.474288,0.458721,0.443594,0.428894,0.414609,0.400726,0.387234,0.374122,0.361379,0.348994,0.336959,0.325264,0.313901,0.302859,0.292133,0.281714,0.271595,0.261767,0.252226,0.242964,0.233975,0.225251,0.216789,0.208581,0.200622,0.192906,0.185429,0.178183,0.171166,0.16437,0.157792,0.151426,0.145267,0.139311,0.133553,0.127988,0.122611,0.117419,0.112406,0.107568,0.102901,0.0983999,0.0940614,0.0898802,0.0858532,0.0819752,0.0782432,0.0746522,0.0711991,0.0678791,0.0646892,0.0616248,0.058683,0.0558592,0.0531507,0.050553,0.0480635,0.045678,0.0433937,0.0412067,0.0391143,0.0371128,0.0351996,0.0333711,0.0316248,0.0299572,0.0283661,0.0268481,0.025401,0.0240216,0.0227078,0.0214566,0.020266,0.0191331,0.0180561,0.0170323,0.0160599,0.0151363,0.0142599,0.0134283,0.0126399,0.0118924,0.0111845,0.010514,0.0098795,0.0092791,0.00871149,0.00817487,0.00766803,0.00718931,0.00673758,0.0063113,0.00590944,0.00553056,0.00517371,0.00483759,0.00452129,0.00422363,0.00394379,0.00368067,0.00343351,0.00320132,0.00298341,0.00277886,0.00258705,0.00240715,0.00223857,0.00208057,0.00193262,0.00179404,0.00166434,0.00154293,0.00142934,0.00132305,0.00122363,0.0011306,0.00104358,0.000962134,0.000885924,0.000814545,0.000747692,0.000685,0.000626191,0.000570933,0.00051897,0.000470002,0.000423793,0.000380067,0.000338604,0.000299154,0.000261507,0.000225433,0.000190732,0.000157187,0.000124609,9.27906e-05,6.15455e-05
1,0.972704,0.9455,0.918479,0.891725,0.865317,0.839321,0.813797,0.788793,0.764347,0.740486,0.717231,0.694591,0.672573,0.651173,0.630387,0.610204,0.590613,0.571599,0.553147,0.535239,0.51786,0.500991,0.484617,0.468721,0.453286,0.438298,0.423742,0.409604,0.39587,0.382528,0.369566,0.356972,0.344737,0.332849,0.321299,0.310077,0.299176,0.288586,0.278301,0.268312,0.258612,0.249195,0.240053,0.23118,0.22257,0.214217,0.206115,0.198259,0.190643,0.18326,0.176108,0.169179,0.16247,0.155974,0.149689,0.143607,0.137725,0.132038,0.126542,0.121231,0.116102,0.11115,0.10637,0.101759,0.0973122,0.0930248,0.0888936,0.0849135,0.0810815,0.0773925,0.0738436,0.0704299,0.0671485,0.0639947,0.0609657,0.0580568,0.0552653,0.0525868,0.0500186,0.0475564,0.0451977,0.0429383,0.0407757,0.038706,0.0367266,0.034834,0.0330256,0.0312978,0.0296485,0.0280742,0.0265727,0.0251407,0.0237762,0.0224761,0.0212383,0.02006,0.0189393,0.0178734,0.0168605,0.0158979,0.0149841,0.0141166,0.0132938,0.0125133,0.0117737,0.0110729,0.0104094,0.00978122,0.00918707,0.00862509,0.00809403,0.0075922,0.00711842,0.00667114,0.00624925,0.00585132,0.00547633,0.00512296,0.00479027,0.00447705,0.00418243,0.00390529,0.00364484,0.00340006,0.00317023,0.00295441,0.00275194,0.00256196,0.00238387,0.0022169,0.00206049,0.00191394,0.00177676,0.00164829,0.00152809,0.00141558,0.00131035,0.00121187,0.00111976,0.00103356,0.000952929,0.000877433,0.000806763,0.000740536,0.000678465,0.000620205,0.000565492,0.000514015,0.000465529,0.00041975,0.000376453,0.000335377,0.000296312,0.000259017,0.000223292,0.000188916,0.000155696,0.000123423,9.19103e-05,6.096e-05
1,0.971928,0.943964,0.91621,0.888764,0.861714,0.835135,0.80909,0.783631,0.758797,0.734613,0.711096,0.688254,0.666087,0.644587,0.623745,0.603545,0.58397,0.565002,0.54662,0.528804,0.511533,0.494788,0.478549,0.462797,0.447514,0.432683,0.418287,0.404312,0.390742,0.377564,0.364766,0.352335,0.34026,0.32853,0.317135,0.306067,0.295314,0.284871,0.274728,0.264877,0.255312,0.246025,0.23701,0.22826,0.219769,0.211532,0.203541,0.195793,0.188281,0.181,0.173944,0.167109,0.160489,0.154081,0.147878,0.141877,0.136072,0.13046,0.125035,0.119794,0.11473,0.109842,0.105123,0.100571,0.0961793,0.0919462,0.087866,0.0839359,0.0801506,0.0765075,0.0730015,0.0696298,0.0663876,0.0632723,0.0602791,0.0574053,0.0546466,0.0520002,0.0494619,0.047029,0.0446974,0.0424647,0.0403268,0.0382812,0.0363243,0.0344536,0.0326656,0.0309578,0.0293269,0.0277706,0.0262857,0.0248701,0.0235205,0.0222351,0.0210109,0.0198459,0.0187373,0.0176833,0.0166813,0.0157295,0.0148255,0.0139676,0.0131535,0.0123817,0.0116499,0.0109568,0.0103003,0.009679,0.00909107,0.00853523,0.00800971,0.00751333,0.00704448,0.00660203,0.00618451,0.00579087,0.00541974,0.00507018,0.0047409,0.00443104,0.00413942,0.00386525,0.00360745,0.00336529,0.00313778,0.00292426,0.00272383,0.00253587,0.00235957,0.00219436,0.00203952,0.00189453,0.00175871,0.0016316,0.0015126,0.00140127,0.00129708,0.00119964,0.00110845,0.00102315,0.000943313,0.000868607,0.000798633,0.000733096,0.000671637,0.000613982,0.000559808,0.000508863,0.000460854,0.000415548,0.000372676,0.000332022,0.000293341,0.000256428,0.000221055,0.000187029,0.000154137,0.00012219,9.09902e-05,6.03515e-05
1,0.971051,0.942227,0.913649,0.885428,0.857665,0.830443,0.803832,0.777885,0.75264,0.728121,0.704341,0.681301,0.658995,0.637411,0.616532,0.596336,0.576801,0.557902,0.539614,0.521914,0.504776,0.488178,0.472096,0.456509,0.441398,0.426742,0.412525,0.39873,0.38534,0.372342,0.359722,0.347466,0.335564,0.324004,0.312776,0.30187,0.291277,0.280988,0.270996,0.261292,0.251869,0.24272,0.233839,0.225218,0.216853,0.208736,0.200863,0.193227,0.185824,0.178647,0.171693,0.164956,0.158431,0.152112,0.145997,0.14008,0.134356,0.128821,0.123471,0.1183,0.113306,0.108483,0.103828,0.0993359,0.0950034,0.0908257,0.0867996,0.0829202,0.0791846,0.075588,0.0721276,0.0687985,0.0655981,0.0625217,0.0595667,0.0567285,0.0540047,0.0513907,0.0488842,0.0464809,0.0441783,0.0419725,0.0398609,0.0378399,0.0359069,0.0340584,0.032292,0.0306043,0.0289931,0.027455,0.0259879,0.0245887,0.0232553,0.0219846,0.0207749,0.0196232,0.0185277,0.0174857,0.0164954,0.0155544,0.0146609,0.0138126,0.013008,0.0122448,0.0115215,0.010836,0.0101871,0.00957266,0.00899148,0.00844174,0.00792222,0.00743127,0.00696776,0.00653013,0.00611734,0.00572797,0.00536104,0.00501524,0.00468968,0.00438314,0.0040948,0.00382357,0.00356866,0.00332908,0.00310412,0.00289286,0.00269467,0.00250869,0.00233436,0.0021709,0.00201778,0.00187431,0.00173999,0.00161422,0.00149653,0.00138637,0.00128333,0.0011869,0.00109671,0.0010123,0.00093334,0.000859409,0.000790202,0.000725344,0.000664555,0.000607497,0.000553912,0.000503494,0.000456006,0.000411167,0.000368759,0.000328526,0.000290261,0.000253729,0.000218735,0.000185062,0.00015252,0.000120906,9.00361e-05,5.97171e-05
1,0.970053,0.940254,0.910745,0.881655,0.853099,0.82517,0.797945,0.771476,0.745801,0.72094,0.696898,0.673671,0.651244,0.629598,0.608706,0.588541,0.569074,0.550273,0.532109,0.514552,0.497574,0.481148,0.465248,0.44985,0.434932,0.420474,0.406454,0.392857,0.379664,0.366861,0.354433,0.342368,0.330651,0.319274,0.308223,0.297491,0.287067,0.276942,0.267109,0.25756,0.248286,0.239283,0.230541,0.222057,0.213822,0.205833,0.198081,0.190564,0.183274,0.176207,0.169358,0.162723,0.156295,0.150072,0.144047,0.138217,0.132576,0.127122,0.121849,0.116753,0.11183,0.107076,0.102486,0.0980573,0.0937848,0.0896654,0.0856943,0.0818686,0.0781835,0.0746361,0.0712219,0.0679379,0.0647798,0.0617447,0.0588283,0.0560279,0.0533393,0.0507599,0.0482855,0.0459136,0.0436402,0.041463,0.039378,0.037383,0.0354741,0.0336492,0.0319048,0.0302385,0.028647,0.0271283,0.0256791,0.0242974,0.0229801,0.0217253,0.0205301,0.0193927,0.0183102,0.0172811,0.0163026,0.0153731,0.0144901,0.0136522,0.012857,0.012103,0.0113882,0.010711,0.0100696,0.00946258,0.00888811,0.00834496,0.00783141,0.00734633,0.00688811,0.00645569,0.0060476,0.00566285,0.00530008,0.00495837,0.00463648,0.00433356,0.00404847,0.00378042,0.00352837,0.0032916,0.00306915,0.00286036,0.00266437,0.00248057,0.00230817,0.00214661,0.00199518,0.00185338,0.00172054,0.00159622,0.00147983,0.00137094,0.00126903,0.00117371,0.00108451,0.00100107,0.000922973,0.00084989,0.000781436,0.000717321,0.000657193,0.000600786,0.000547783,0.000497938,0.000450965,0.000406635,0.000364686,0.000324907,0.000287057,0.000250937,0.000216323,0.000183026,0.000150838,0.000119576,8.90438e-05,5.90607e-05
1,0.968912,0.938002,0.907436,0.877369,0.84793,0.819225,0.791334,0.764312,0.738192,0.712987,0.688694,0.665298,0.642775,0.621095,0.600224,0.580124,0.560758,0.542089,0.524082,0.5067,0.489913,0.473688,0.457997,0.442814,0.428114,0.413873,0.400073,0.386693,0.373715,0.361124,0.348904,0.337042,0.325525,0.314342,0.303481,0.292932,0.282687,0.272735,0.26307,0.253683,0.244568,0.235716,0.227122,0.218779,0.210682,0.202824,0.195201,0.187805,0.180634,0.173681,0.166943,0.160412,0.154087,0.14796,0.14203,0.13629,0.130737,0.125365,0.120173,0.115153,0.110304,0.105621,0.101099,0.0967352,0.0925257,0.0884657,0.0845525,0.0807813,0.0771493,0.0736518,0.0702863,0.0670481,0.0639345,0.0609412,0.0580656,0.0553034,0.0526521,0.0501074,0.047667,0.0453268,0.0430844,0.040936,0.0388792,0.0369104,0.0350271,0.033226,0.0315047,0.02986,0.0282896,0.0267903,0.0253601,0.023996,0.0226959,0.021457,0.0202773,0.0191541,0.0180856,0.0170693,0.0161033,0.0151854,0.0143137,0.0134861,0.012701,0.0119563,0.0112505,0.0105816,0.00994825,0.00934858,0.00878132,0.00824472,0.0077376,0.00725834,0.00680583,0.00637858,0.00597556,0.00559539,0.00523711,0.00489945,0.00458153,0.00428219,0.0040006,0.00373571,0.00348675,0.00325275,0.00303302,0.00282668,0.00263308,0.00245142,0.00228111,0.00212143,0.00197184,0.00183167,0.00170045,0.00157757,0.00146258,0.00135494,0.00125426,0.00116004,0.00107191,0.000989428,0.000912265,0.000840017,0.000772383,0.000708998,0.000649589,0.000593824,0.000541452,0.000492174,0.000445758,0.000401932,0.00036048,0.000321153,0.000283749,0.000248039,0.000213831,0.000180914,0.000149102,0.000118197,8.80191e-05,5.83795e-05
1,0.967599,0.935413,0.903644,0.872473,0.84205,0.812494,0.783888,0.756285,0.729711,0.70417,0.679644,0.656108,0.633524,0.61185,0.591039,0.571045,0.551822,0.533326,0.515513,0.498344,0.48178,0.465789,0.450337,0.435396,0.420939,0.406941,0.393381,0.380239,0.367494,0.355132,0.343136,0.331493,0.320188,0.309212,0.298551,0.288198,0.27814,0.268372,0.258883,0.249667,0.240716,0.232024,0.223583,0.215389,0.207434,0.199714,0.192223,0.184956,0.177907,0.171073,0.164447,0.158027,0.151806,0.145782,0.139948,0.134302,0.128838,0.123553,0.118443,0.113503,0.10873,0.10412,0.0996682,0.095372,0.0912265,0.0872288,0.0833743,0.0796603,0.0760821,0.0726372,0.0693209,0.0661308,0.0630623,0.060113,0.0572786,0.0545566,0.0519428,0.0494348,0.0470287,0.0447219,0.0425107,0.0403928,0.0383643,0.0364232,0.0345657,0.0327896,0.0310917,0.0294697,0.0279205,0.0264418,0.0250308,0.0236853,0.0224024,0.0211803,0.0200161,0.0189081,0.0178536,0.016851,0.0158976,0.0149918,0.0141315,0.0133149,0.0125399,0.011805,0.0111082,0.0104481,0.00982283,0.00923104,0.00867095,0.00814137,0.00764063,0.00716761,0.00672078,0.00629907,0.00590108,0.00552583,0.005172,0.0048387,0.00452471,0.00422922,0.0039511,0.0036896,0.0034437,0.0032127,0.00299566,0.00279194,0.00260071,0.00242136,0.00225312,0.00209547,0.00194769,0.0018093,0.00167966,0.00155833,0.00144473,0.00133845,0.00123898,0.00114594,0.00105887,0.000977421,0.000901181,0.000829838,0.000763011,0.000700418,0.000641716,0.000586646,0.000534897,0.000486232,0.000440368,0.000397084,0.000356124,0.000317282,0.000280323,0.000245052,0.000211251,0.000178736,0.000147304,0.000116775,8.69579e-05,5.76773e-05
1,0.966077,0.932418,0.89927,0.866848,0.835329,0.804841,0.775472,0.747267,0.720242,0.694382,0.669658,0.646022,0.623424,0.601804,0.581105,0.561268,0.542237,0.523959,0.506385,0.489468,0.473167,0.457444,0.442264,0.427594,0.413408,0.399678,0.386381,0.373497,0.361005,0.348889,0.337134,0.325723,0.314645,0.303888,0.29344,0.283291,0.273433,0.263856,0.254553,0.245515,0.236737,0.22821,0.21993,0.211889,0.204083,0.196506,0.189152,0.182017,0.175096,0.168384,0.161877,0.155569,0.149457,0.143537,0.137804,0.132254,0.126883,0.121687,0.116662,0.111804,0.10711,0.102575,0.0981957,0.0939683,0.0898896,0.0859551,0.082162,0.0785059,0.0749842,0.0715922,0.0683277,0.065186,0.0621649,0.05926,0.0564688,0.0537873,0.0512131,0.0487421,0.0463719,0.0440988,0.0419205,0.0398331,0.0378346,0.0359212,0.0340908,0.03234,0.0306667,0.0290676,0.0275406,0.0260827,0.0246918,0.023365,0.0221004,0.0208951,0.0197474,0.0186546,0.0176149,0.0166258,0.0156858,0.0147923,0.0139439,0.0131383,0.012374,0.011649,0.0109618,0.0103105,0.00969375,0.00910979,0.00855735,0.00803475,0.00754083,0.00707401,0.00663323,0.00621703,0.00582442,0.00545404,0.00510498,0.00477599,0.00446623,0.00417454,0.00390015,0.00364201,0.0033994,0.00317135,0.0029572,0.00275608,0.00256739,0.00239032,0.00222431,0.00206866,0.00192283,0.00178619,0.00165827,0.00153846,0.00142636,0.00132141,0.00122325,0.00113138,0.00104544,0.000965017,0.000889774,0.000819321,0.000753366,0.000691552,0.000633614,0.000579229,0.000528152,0.000480091,0.00043482,0.000392073,0.000351642,0.000313282,0.000276797,0.000241964,0.000208596,0.000176485,0.000145453,0.000115305,8.58658e-05,5.69514e-05
1,0.964295,0.92892,0.894182,0.860341,0.827599,0.796099,0.765924,0.737109,0.709648,0.683507,0.658632,0.634955,0.612404,0.590903,0.570377,0.550757,0.531974,0.513968,0.496681,0.480063,0.464066,0.44865,0.433776,0.41941,0.405522,0.392086,0.379076,0.366472,0.354252,0.342401,0.330902,0.31974,0.308901,0.298376,0.288152,0.27822,0.26857,0.259194,0.250084,0.241233,0.232633,0.22428,0.216165,0.208285,0.200633,0.193204,0.185992,0.178994,0.172204,0.165619,0.159233,0.153042,0.147042,0.14123,0.1356,0.130149,0.124873,0.119769,0.114832,0.110058,0.105445,0.100987,0.0966822,0.0925265,0.0885156,0.0846469,0.080916,0.0773204,0.0738556,0.0705191,0.0673067,0.0642159,0.0612424,0.0583839,0.0556364,0.0529973,0.0504628,0.0480305,0.0456967,0.0434589,0.0413135,0.0392583,0.0372897,0.0354056,0.0336025,0.0318782,0.0302296,0.0286546,0.0271499,0.0257138,0.0243431,0.023036,0.0217896,0.0206021,0.0194709,0.0183941,0.0173692,0.0163946,0.0154678,0.0145873,0.0137508,0.0129568,0.0122033,0.0114886,0.010811,0.010169,0.00956084,0.00898521,0.00844038,0.00792519,0.00743804,0.00697783,0.00654306,0.00613273,0.00574545,0.00538028,0.00503594,0.00471156,0.00440597,0.00411836,0.00384765,0.00359311,0.00335374,0.00312886,0.00291756,0.00271923,0.00253305,0.00235842,0.00219462,0.00204111,0.00189721,0.00176245,0.00163621,0.00151805,0.00140741,0.00130391,0.00120703,0.00111641,0.0010316,0.000952271,0.000878009,0.000808514,0.000743417,0.000682443,0.000625257,0.000571608,0.000521193,0.000473781,0.000429096,0.000386925,0.000347017,0.000309172,0.00027316,0.000238792,0.000205856,0.000174173,0.000143544,0.000113795,8.47389e-05,5.62056e-05
1,0.962186,0.924796,0.888212,0.852753,0.818652,0.786059,0.755049,0.725632,0.697775,0.671412,0.646458,0.622817,0.600393,0.579088,0.558811,0.539478,0.521009,0.503335,0.486392,0.470122,0.454475,0.439405,0.424874,0.410845,0.397286,0.38417,0.371473,0.35917,0.347243,0.335674,0.324448,0.313548,0.302964,0.292683,0.282695,0.272988,0.263557,0.25439,0.245482,0.236824,0.228412,0.220237,0.212295,0.20458,0.197087,0.189811,0.182746,0.175889,0.169235,0.16278,0.156519,0.150448,0.144564,0.138862,0.133339,0.12799,0.122812,0.117802,0.112955,0.108267,0.103737,0.0993588,0.0951304,0.0910472,0.0871068,0.0833048,0.0796386,0.076104,0.0726986,0.069418,0.06626,0.0632203,0.0602966,0.0574849,0.0547829,0.0521865,0.0496936,0.0473003,0.0450043,0.042802,0.0406912,0.0386682,0.0367311,0.0348763,0.0331017,0.031404,0.0297813,0.0282304,0.0267493,0.0253349,0.0239855,0.0226981,0.0214709,0.0203012,0.0191872,0.0181264,0.0171172,0.016157,0.0152442,0.0143767,0.0135528,0.0127704,0.0120281,0.0113239,0.0106563,0.0100236,0.0094245,0.00885713,0.00832037,0.00781256,0.00733259,0.00687893,0.00645056,0.00604604,0.00566444,0.00530442,0.00496511,0.00464529,0.00434415,0.00406057,0.00379379,0.0035428,0.00330689,0.00308514,0.0028769,0.00268132,0.00249781,0.0023256,0.00216415,0.00201275,0.00187092,0.00173801,0.00161357,0.00149703,0.00138798,0.00128589,0.00119039,0.001101,0.0010174,0.000939147,0.000865938,0.000797387,0.00073321,0.000673062,0.000616683,0.00056376,0.000514054,0.000467282,0.000423225,0.000381623,0.000342273,0.000304938,0.000269428,0.000235524,0.000203046,0.000171791,0.000141585,0.000112239,8.35829e-05,5.54374e-05
1,0.95966,0.919873,0.881132,0.843825,0.808219,0.774465,0.742612,0.712633,0.68445,0.657954,0.63302,0.609517,0.58732,0.566307,0.546368,0.527404,0.509324,0.492049,0.475509,0.459642,0.444392,0.429714,0.415564,0.401906,0.388707,0.37594,0.363578,0.3516,0.339985,0.328717,0.317779,0.307158,0.29684,0.286816,0.277073,0.267605,0.258399,0.249452,0.240752,0.232297,0.224077,0.216088,0.208324,0.20078,0.193451,0.186332,0.179419,0.172707,0.166193,0.159871,0.153739,0.147792,0.142025,0.136437,0.131023,0.125779,0.120701,0.115787,0.111032,0.106434,0.101988,0.097692,0.0935411,0.0895332,0.085664,0.0819311,0.0783302,0.074859,0.0715134,0.068291,0.0651877,0.0622013,0.0593277,0.0565647,0.0539084,0.0513566,0.0489054,0.0465527,0.0442948,0.0421295,0.0400533,0.0380641,0.0361585,0.0343343,0.0325883,0.0309185,0.0293218,0.0277961,0.0263384,0.0249469,0.0236187,0.022352,0.021144,0.019993,0.0188963,0.0178524,0.0168587,0.0159136,0.0150148,0.0141609,0.0133496,0.0125794,0.0118484,0.0111551,0.0104976,0.00987472,0.00928456,0.00872595,0.00819719,0.00769718,0.00722434,0.00677762,0.00635558,0.00595724,0.00558125,0.00522671,0.00489237,0.0045774,0.00428066,0.00400136,0.00373847,0.00349126,0.00325877,0.00304035,0.00283512,0.00264247,0.00246161,0.00229198,0.00213284,0.00198371,0.0018439,0.00171297,0.00159031,0.0014755,0.001368,0.00126742,0.00117328,0.00108522,0.0010028,0.000925703,0.000853529,0.000785987,0.000722716,0.000663451,0.000607867,0.000555719,0.000506713,0.000460625,0.000417187,0.000376191,0.000337394,0.000300601,0.00026559,0.000232177,0.000200155,0.00016935,0.00013957,0.000110645,8.23938e-05,5.46503e-05
1,0.956586,0.913914,0.87263,0.833213,0.795959,0.760998,0.728332,0.697873,0.669478,0.642979,0.618199,0.594966,0.573119,0.552513,0.533016,0.514514,0.496906,0.480105,0.464033,0.448626,0.433826,0.419583,0.405854,0.392603,0.379795,0.367403,0.355403,0.343771,0.332488,0.321538,0.310906,0.300577,0.29054,0.280783,0.271298,0.262075,0.253107,0.244385,0.235903,0.227655,0.219635,0.211837,0.204257,0.196889,0.189729,0.182772,0.176015,0.169452,0.163081,0.156896,0.150896,0.145075,0.13943,0.133958,0.128656,0.123518,0.118544,0.113728,0.109068,0.10456,0.100201,0.0959876,0.091917,0.087985,0.0841896,0.0805263,0.0769931,0.0735858,0.0703022,0.0671383,0.0640919,0.061159,0.0583375,0.0556234,0.0530147,0.0505075,0.0480998,0.0457878,0.0435696,0.0414414,0.0394013,0.0374459,0.0355731,0.0337796,0.0320635,0.0304216,0.0288519,0.0273515,0.0259184,0.0245497,0.0232438,0.0219977,0.0208098,0.0196774,0.0185988,0.0175717,0.0165943,0.0156643,0.0147803,0.0139399,0.0131417,0.0123838,0.0116645,0.0109821,0.0103353,0.00972211,0.00914142,0.00859149,0.00807119,0.00757891,0.0071136,0.00667377,0.00625843,0.00586619,0.00549615,0.00514703,0.00481796,0.00450778,0.0042157,0.00394064,0.00368187,0.00343839,0.00320954,0.00299441,0.00279238,0.00260262,0.00242457,0.00225748,0.00210081,0.0019539,0.00181626,0.00168728,0.00156651,0.00145341,0.00134756,0.00124847,0.00115578,0.00106902,0.000987863,0.000911901,0.000840833,0.000774283,0.00071198,0.000653585,0.000598847,0.000547463,0.000499203,0.000453789,0.000411009,0.000370613,0.000332402,0.000296147,0.000261663,0.000228739,0.000197198,0.000166844,0.000137509,0.000109008,8.11773e-05,5.3842e-05
1,0.952772,0.906578,0.862276,0.820456,0.781426,0.745263,0.711878,0.681085,0.652651,0.626329,0.601879,0.57908,0.557734,0.537669,0.518733,0.500798,0.483754,0.467505,0.451972,0.437085,0.422787,0.409026,0.395759,0.382949,0.370564,0.358576,0.346961,0.335697,0.324765,0.314151,0.303839,0.293816,0.284071,0.274595,0.265377,0.25641,0.247686,0.239198,0.230941,0.222907,0.215093,0.207492,0.2001,0.192913,0.185926,0.179136,0.172537,0.166128,0.159903,0.153859,0.147993,0.142302,0.136781,0.131428,0.126239,0.121211,0.116341,0.111626,0.107062,0.102647,0.0983767,0.0942486,0.0902589,0.0864055,0.0826842,0.079093,0.0756279,0.0722867,0.0690655,0.0659622,0.0629728,0.0600954,0.0573261,0.0546628,0.0521018,0.049641,0.0472768,0.0450072,0.0428286,0.0407391,0.0387351,0.0368149,0.0349749,0.0332134,0.0315272,0.0299142,0.0283716,0.0268975,0.025489,0.0241442,0.0228604,0.0216359,0.020468,0.0193551,0.0182946,0.017285,0.0163239,0.0154097,0.0145403,0.0137141,0.0129291,0.0121839,0.0114765,0.0108055,0.0101692,0.00956622,0.00899493,0.00845414,0.00794222,0.0074581,0.00700025,0.00656768,0.00615896,0.00577318,0.00540902,0.00506562,0.00474177,0.00443666,0.00414919,0.00387861,0.0036239,0.00338438,0.00315912,0.00294747,0.0027486,0.00256191,0.00238663,0.00222223,0.002068,0.00192345,0.00178794,0.00166102,0.00154212,0.00143083,0.00132662,0.00122911,0.00113784,0.00105246,0.000972551,0.000897799,0.000827817,0.000762325,0.000700972,0.000643502,0.0005896,0.000539028,0.000491501,0.000446803,0.000404674,0.000364913,0.000327283,0.000291596,0.000257637,0.000225226,0.000194165,0.000164283,0.000135395,0.000107335,7.99296e-05,5.3016e-05
1,0.947931,0.897357,0.849453,0.804926,0.76405,0.726776,0.692861,0.661973,0.633751,0.60785,0.583956,0.561792,0.541126,0.521755,0.503513,0.486259,0.469876,0.454264,0.439341,0.425037,0.411294,0.398061,0.385297,0.372964,0.361032,0.349474,0.338268,0.327392,0.316831,0.306568,0.296591,0.286888,0.277447,0.268261,0.25932,0.250617,0.242146,0.233899,0.225873,0.21806,0.210457,0.203058,0.19586,0.188858,0.182049,0.175428,0.168993,0.162739,0.156664,0.150763,0.145035,0.139475,0.134081,0.128849,0.123777,0.11886,0.114098,0.109485,0.105019,0.100698,0.0965181,0.092476,0.0885697,0.0847952,0.0811506,0.0776318,0.0742369,0.0709621,0.0678054,0.0647628,0.0618326,0.0590108,0.0562955,0.053683,0.0511714,0.0487571,0.046438,0.0442108,0.0420734,0.0400224,0.038056,0.0361709,0.0343651,0.0326355,0.0309803,0.0293964,0.027882,0.0264341,0.0250511,0.0237301,0.0224694,0.0212664,0.0201194,0.0190259,0.0179843,0.0169922,0.0160481,0.0151497,0.0142955,0.0134835,0.0127123,0.0119797,0.0112846,0.010625,0.00999969,0.0094069,0.00884548,0.00831375,0.00781064,0.0073346,0.0068846,0.00645921,0.00605748,0.00567808,0.00532012,0.00498237,0.00466402,0.00436392,0.00408131,0.00381516,0.00356475,0.00332913,0.00310766,0.00289945,0.00270391,0.00252025,0.00234791,0.00218616,0.0020345,0.00189228,0.00175903,0.00163416,0.00151723,0.00140772,0.00130524,0.00120929,0.00111953,0.00103551,0.000956925,0.000883361,0.000814534,0.000750081,0.000689738,0.000633179,0.000580161,0.00053039,0.000483642,0.00043965,0.000398209,0.000359076,0.000322059,0.000286935,0.000253527,0.000221628,0.000191069,0.00016166,0.000133237,0.000105622,7.86563e-05,5.217e-05
1,0.941597,0.885475,0.833265,0.785765,0.743094,0.704955,0.670849,0.640229,0.61257,0.587408,0.564347,0.54306,0.523275,0.504771,0.487367,0.470916,0.455295,0.440407,0.426167,0.412509,0.399374,0.386715,0.374491,0.362669,0.351219,0.340117,0.329342,0.318875,0.308701,0.298806,0.289177,0.279805,0.27068,0.261793,0.253138,0.244708,0.236496,0.228498,0.220708,0.213121,0.205734,0.198542,0.191541,0.184729,0.178101,0.171654,0.165384,0.15929,0.153367,0.147613,0.142025,0.1366,0.131334,0.126226,0.121271,0.116469,0.111814,0.107306,0.10294,0.0987149,0.0946264,0.0906728,0.0868503,0.0831571,0.0795893,0.0761452,0.0728208,0.0696144,0.0665223,0.0635425,0.0606713,0.057907,0.0552458,0.0526859,0.0502237,0.0478574,0.0455835,0.0434001,0.0413038,0.0392929,0.037364,0.0355153,0.0337436,0.0320471,0.0304229,0.0288691,0.0273828,0.0259622,0.0246047,0.0233084,0.0220708,0.0208901,0.0197639,0.0186907,0.0176678,0.016694,0.0157667,0.0148848,0.0140458,0.0132486,0.012491,0.0117717,0.0110888,0.0104411,0.00982671,0.00924456,0.00869292,0.0081707,0.00767631,0.00720874,0.00676651,0.00634867,0.00595385,0.00558115,0.00522932,0.00489753,0.0045846,0.00428978,0.00401197,0.00375048,0.00350432,0.00327282,0.00305508,0.0028505,0.00265826,0.00247778,0.00230833,0.00214939,0.00200027,0.00186051,0.00172949,0.00160677,0.00149179,0.00138417,0.00128338,0.00118908,0.00110081,0.00101824,0.000940947,0.000868643,0.000800951,0.000737599,0.00067825,0.000622655,0.000570509,0.000521583,0.000475603,0.000432358,0.000391596,0.000353125,0.000316714,0.000282184,0.000249323,0.00021796,0.000187902,0.000158986,0.00013103,0.000103876,7.73536e-05,5.13075e-05
1,0.932989,0.869689,0.81238,0.761791,0.717629,0.679125,0.645382,0.615557,0.588929,0.564905,0.543013,0.522875,0.504197,0.486744,0.47033,0.454805,0.440052,0.425972,0.412488,0.399534,0.387059,0.375016,0.363371,0.352091,0.341151,0.330528,0.320205,0.310165,0.300394,0.290879,0.281612,0.272582,0.263782,0.255204,0.246843,0.238692,0.230747,0.223002,0.215454,0.208099,0.200933,0.193951,0.187153,0.180533,0.17409,0.167819,0.161719,0.155786,0.150019,0.144413,0.138967,0.133678,0.128543,0.12356,0.118726,0.114039,0.109495,0.105092,0.100828,0.0966996,0.0927048,0.08884,0.0851036,0.0814919,0.0780032,0.0746337,0.0713819,0.0682441,0.0652184,0.0623014,0.0594912,0.0567843,0.0541789,0.0516716,0.0492604,0.0469421,0.0447148,0.0425752,0.0405215,0.0385505,0.0366603,0.0348479,0.0331116,0.0314482,0.029856,0.0283322,0.026875,0.0254817,0.0241505,0.0228789,0.0216652,0.0205069,0.0194023,0.0183491,0.0173458,0.0163901,0.0154805,0.0146148,0.0137917,0.0130091,0.0122657,0.0115596,0.0108895,0.0102536,0.00965066,0.00907905,0.00853764,0.00802483,0.00753958,0.0070804,0.00664631,0.00623593,0.00584835,0.00548229,0.00513689,0.00481098,0.00450376,0.00421414,0.00394138,0.00368449,0.00344279,0.00321535,0.00300155,0.00280055,0.00261177,0.00243444,0.00226804,0.00211186,0.00196542,0.00182808,0.0016994,0.0015788,0.00146588,0.00136011,0.00126113,0.00116845,0.00108175,0.00100059,0.000924676,0.000853611,0.000787119,0.00072485,0.000666551,0.000611905,0.000560679,0.000512587,0.000467417,0.000424907,0.000384862,0.000347045,0.000311272,0.000277329,0.000245041,0.000214212,0.000184677,0.000156253,0.000128782,0.000102091,7.60269e-05,5.04262e-05
1,0.920674,0.847921,0.784787,0.731406,0.686529,0.648559,0.616025,0.587723,0.562722,0.540314,0.519967,0.50128,0.483947,0.467735,0.452462,0.437989,0.424201,0.411013,0.398352,0.38616,0.37439,0.363004,0.35197,0.341261,0.330855,0.320734,0.310881,0.301283,0.291929,0.282808,0.273913,0.265235,0.256768,0.248507,0.240446,0.232582,0.224908,0.217423,0.210121,0.203002,0.19606,0.189294,0.1827,0.176276,0.17002,0.163929,0.158,0.152232,0.146622,0.141167,0.135865,0.130715,0.125713,0.120857,0.116144,0.111574,0.107142,0.102846,0.0986848,0.0946553,0.0907545,0.0869807,0.0833305,0.0798024,0.0763928,0.0731001,0.0699209,0.0668534,0.0638943,0.0610418,0.0582925,0.0556448,0.0530951,0.0506419,0.0482817,0.0460128,0.043832,0.0417376,0.0397263,0.0377965,0.035945,0.0341702,0.032469,0.0308397,0.0292796,0.0277868,0.0263586,0.0249935,0.0236886,0.0224425,0.0212526,0.0201174,0.0190343,0.018002,0.0170181,0.0160812,0.0151891,0.0143404,0.0135331,0.0127657,0.0120365,0.011344,0.0106866,0.010063,0.00947139,0.00891078,0.0083795,0.00787652,0.00740031,0.00694989,0.00652386,0.00612129,0.00574087,0.00538175,0.00504271,0.00472296,0.00442137,0.00413721,0.00386944,0.00361738,0.00338008,0.0031569,0.00294699,0.00274974,0.00256438,0.00239036,0.00222696,0.00207369,0.00192988,0.00179509,0.00166872,0.00155036,0.00143946,0.00133565,0.00123843,0.00114746,0.00106231,0.000982645,0.000908078,0.000838319,0.000773007,0.000711881,0.000654614,0.000600968,0.000550649,0.000503436,0.000459063,0.000417328,0.00037799,0.00034086,0.000305718,0.00027239,0.000240672,0.0002104,0.000181386,0.000153473,0.000126488,0.000100275,7.46729e-05,4.95296e-05
1,0.901789,0.816541,0.747454,0.692534,0.648541,0.612582,0.582464,0.556622,0.533958,0.513702,0.495307,0.478379,0.462629,0.447842,0.433856,0.420547,0.407819,0.395596,0.383818,0.372438,0.361416,0.350722,0.340329,0.330215,0.320365,0.310763,0.301396,0.292254,0.283329,0.274612,0.266098,0.25778,0.249655,0.241716,0.233962,0.226388,0.218992,0.211769,0.204719,0.197838,0.191125,0.184576,0.17819,0.171965,0.165899,0.159989,0.154235,0.148633,0.143182,0.13788,0.132724,0.127714,0.122846,0.118118,0.113529,0.109076,0.104758,0.100571,0.0965136,0.0925833,0.0887785,0.0850959,0.0815339,0.0780894,0.0747609,0.0715449,0.0684401,0.065443,0.0625521,0.0597641,0.0570773,0.0544886,0.0519962,0.0495969,0.0472891,0.0450696,0.0429367,0.0408873,0.0389198,0.037031,0.0352194,0.033482,0.0318171,0.0302218,0.0286947,0.0272328,0.0258346,0.0244975,0.0232198,0.0219991,0.0208339,0.0197216,0.0186608,0.0176493,0.0166855,0.0157673,0.0148933,0.0140614,0.0132704,0.0125182,0.0118037,0.0111248,0.0104805,0.00986909,0.00928932,0.0087396,0.00821889,0.00772563,0.00725885,0.00681711,0.00639948,0.00600463,0.00563169,0.00527943,0.00494703,0.00463337,0.00433767,0.0040589,0.00379635,0.00354905,0.00331636,0.00309739,0.00289154,0.002698,0.00251622,0.00234546,0.00218521,0.0020348,0.00189377,0.00176149,0.00163755,0.00152138,0.00141261,0.00131072,0.00121536,0.00112608,0.00104255,0.000964356,0.000891209,0.000822735,0.000758665,0.000698662,0.000642483,0.000589821,0.000540455,0.000494107,0.000450573,0.000409602,0.000371005,0.000334554,0.000300073,0.000267354,0.000236231,0.000206512,0.000178041,0.000150639,0.000124156,9.84242e-05,7.32966e-05,4.86154e-05
1,0.869947,0.769008,0.695966,0.642752,0.602541,0.570789,0.544656,0.522374,0.502822,0.48527,0.469224,0.454347,0.440398,0.427202,0.41463,0.402587,0.390996,0.379802,0.368959,0.358432,0.348192,0.338218,0.328489,0.318993,0.309715,0.300646,0.291778,0.283103,0.274616,0.266312,0.258186,0.250235,0.242456,0.234846,0.227403,0.220124,0.213008,0.206053,0.199256,0.192618,0.186135,0.179807,0.173631,0.167607,0.161732,0.156007,0.150427,0.144994,0.139703,0.134556,0.129547,0.124678,0.119946,0.115348,0.110883,0.10655,0.102346,0.0982686,0.0943161,0.090487,0.0867782,0.0831886,0.0797148,0.0763558,0.0731082,0.0699707,0.0669401,0.0640151,0.0611923,0.0584703,0.0558459,0.0533177,0.0508824,0.0485386,0.046283,0.0441142,0.042029,0.0400259,0.0381019,0.0362554,0.0344834,0.0327845,0.0311557,0.0295955,0.0281012,0.0266712,0.0253028,0.0239946,0.022744,0.0215496,0.0204088,0.0193202,0.0182816,0.0172915,0.0163477,0.0154489,0.0145929,0.0137785,0.0130037,0.0122672,0.0115671,0.0109024,0.0102712,0.00967239,0.00910431,0.00856592,0.00805565,0.00757252,0.00711506,0.00668235,0.00627303,0.00588623,0.00552068,0.00517558,0.00484975,0.00454243,0.00425256,0.00397941,0.00372201,0.00347969,0.00325155,0.00303698,0.00283514,0.00264548,0.00246723,0.00229988,0.00214274,0.00199533,0.00185702,0.00172737,0.00160582,0.00149196,0.00138528,0.00128541,0.00119188,0.00110437,0.00102243,0.000945785,0.000874036,0.000806911,0.000744063,0.000685241,0.00063013,0.000578503,0.000530074,0.000484635,0.000441927,0.000401757,0.000363892,0.000328152,0.000294324,0.000262241,0.000231708,0.000202565,0.000174633,0.000147761,0.00012178,9.65444e-05,7.18948e-05,4.76871e-05
1,0.808997,0.693585,0.624663,0.579983,0.548101,0.5234,0.503024,0.485428,0.469724,0.455369,0.442016,0.429434,0.417464,0.405991,0.394935,0.384233,0.373841,0.363723,0.353854,0.344211,0.33478,0.325546,0.3165,0.307634,0.298942,0.290417,0.282057,0.273857,0.265815,0.257929,0.250198,0.242618,0.23519,0.227912,0.220783,0.213803,0.20697,0.200284,0.193744,0.187349,0.181099,0.174993,0.169029,0.163207,0.157527,0.151986,0.146584,0.141319,0.136192,0.131198,0.12634,0.121613,0.117017,0.11255,0.108211,0.103998,0.0999087,0.0959417,0.0920957,0.0883677,0.0847567,0.0812599,0.0778761,0.0746023,0.0714374,0.0683782,0.0654235,0.0625702,0.059817,0.0571609,0.0546004,0.0521325,0.0497557,0.047467,0.045265,0.0431466,0.0411104,0.0391533,0.037274,0.0354695,0.0337384,0.0320778,0.0304861,0.0289608,0.0275003,0.0261019,0.0247643,0.0234849,0.0222621,0.0210937,0.0199782,0.0189132,0.0178974,0.0169286,0.0160054,0.0151258,0.0142885,0.0134914,0.0127333,0.0120124,0.0113274,0.0106767,0.010059,0.00947272,0.00891677,0.00838959,0.00789018,0.00741706,0.00696929,0.00654552,0.00614484,0.00576599,0.00540813,0.00507009,0.0047511,0.00445006,0.00416624,0.00389865,0.00364662,0.00340922,0.00318582,0.00297558,0.00277794,0.0025921,0.00241754,0.00225356,0.00209966,0.0019552,0.00181974,0.00169269,0.00157364,0.00146205,0.00135756,0.00125967,0.00116806,0.00108228,0.00100203,0.000926899,0.000856615,0.000790817,0.00072925,0.000671589,0.000617599,0.000566989,0.000519544,0.000474998,0.000433155,0.000393775,0.000356675,0.000321637,0.000288491,0.000257038,0.000227118,0.000198548,0.000171177,0.000144833,0.000119371,9.46315e-05,7.04725e-05,4.67424e-05
1,0.672458,0.571681,0.529129,0.504431,0.4865,0.471711,0.458639,0.446622,0.43531,0.424504,0.414079,0.403956,0.394081,0.384418,0.37494,0.365629,0.356473,0.347462,0.33859,0.329851,0.321243,0.312763,0.30441,0.296185,0.288084,0.280111,0.272264,0.264544,0.256951,0.249488,0.242153,0.234948,0.227873,0.220929,0.214117,0.207437,0.200889,0.194474,0.188191,0.182042,0.176026,0.170143,0.164392,0.158774,0.153288,0.147933,0.142709,0.137615,0.13265,0.127814,0.123104,0.118521,0.114062,0.109727,0.105514,0.101422,0.097449,0.0935937,0.0898538,0.0862286,0.0827153,0.0793129,0.0760188,0.0728319,0.0697492,0.0667698,0.0638907,0.0611107,0.0584269,0.055838,0.0533411,0.0509348,0.0486162,0.046384,0.0442352,0.0421685,0.0401809,0.0382711,0.0364363,0.0346749,0.0329843,0.031363,0.0298083,0.0283188,0.0268918,0.0255261,0.0242189,0.022969,0.021774,0.0206324,0.0195419,0.0185012,0.0175081,0.0165613,0.0156586,0.0147988,0.0139799,0.0132007,0.0124593,0.0117544,0.0110844,0.0104481,0.00984383,0.00927052,0.00872657,0.00821101,0.00772233,0.00725959,0.00682141,0.00640691,0.00601477,0.00564418,0.00529392,0.00496323,0.00465099,0.00435647,0.00407864,0.00381683,0.0035701,0.00333781,0.00311909,0.00291337,0.00271986,0.002538,0.00236708,0.00220661,0.00205591,0.00191454,0.00178188,0.00165754,0.00154095,0.00143173,0.0013294,0.00123359,0.00114387,0.0010599,0.000981296,0.000907755,0.000838912,0.000774504,0.000714196,0.00065775,0.000604864,0.000555318,0.00050884,0.00046523,0.000424239,0.000385684,0.000349339,0.000315033,0.000282562,0.000251764,0.000222453,0.000194477,0.000167662,0.000141864,0.000116921,9.26923e-05,6.90265e-05,4.57847e-05
0,0.309157,0.391558,0.415754,0.422128,0.421775,0.418329,0.413226,0.407139,0.400426,0.393296,0.385882,0.378275,0.370536,0.36271,0.354833,0.346929,0.339022,0.331127,0.323259,0.31543,0.307651,0.299929,0.292273,0.284689,0.277184,0.269763,0.262431,0.255192,0.248051,0.241009,0.234073,0.227242,0.220522,0.213913,0.207418,0.201038,0.194777,0.188633,0.182609,0.176706,0.170925,0.165265,0.159728,0.154314,0.149023,0.143855,0.13881,0.133886,0.129085,0.124405,0.119846,0.115407,0.111086,0.106883,0.102797,0.0988264,0.0949702,0.0912262,0.0875941,0.0840712,0.0806569,0.0773487,0.0741457,0.0710452,0.0680464,0.0651464,0.0623442,0.0596371,0.057024,0.054502,0.0520699,0.0497249,0.0474657,0.0452897,0.0431953,0.04118,0.0392422,0.0373794,0.03559,0.0338715,0.0322224,0.0306401,0.0291233,0.0276693,0.0262769,0.0249434,0.0236676,0.0224471,0.0212805,0.0201655,0.0191008,0.0180842,0.0171145,0.0161894,0.0153078,0.0144677,0.0136678,0.0129063,0.012182,0.0114931,0.0108385,0.0102166,0.00962612,0.00906564,0.00853411,0.00803004,0.00755247,0.0071,0.00667175,0.0062664,0.00588312,0.00552069,0.00517832,0.00485488,0.00454964,0.00426156,0.00398995,0.00373385,0.00349262,0.00326538,0.00305153,0.00285027,0.00266105,0.00248312,0.00231599,0.00215897,0.00201161,0.00187327,0.00174355,0.00162186,0.00150784,0.00140096,0.00130088,0.00120712,0.00111936,0.00103718,0.000960299,0.000888321,0.000820983,0.000757941,0.00069895,0.000643699,0.000591964,0.000543466,0.000497999,0.00045531,0.000415209,0.000377466,0.000341909,0.000308326,0.000276556,0.000246407,0.000217728,0.000190341,0.000164102,0.000138848,0.000114439,9.07225e-05,6.75618e-05,4.48119e-05
0,0.172615,0.269649,0.320214,0.346566,0.360161,0.366625,0.368825,0.368314,0.365991,0.362408,0.35792,0.352769,0.347123,0.341105,0.334804,0.328291,0.321618,0.314828,0.307956,0.301029,0.294072,0.287103,0.280139,0.273194,0.266281,0.25941,0.25259,0.245831,0.239138,0.232519,0.225978,0.219522,0.213155,0.20688,0.200701,0.194622,0.188645,0.182773,0.177007,0.17135,0.165803,0.160367,0.155044,0.149834,0.144738,0.139757,0.13489,0.130138,0.125501,0.120978,0.116569,0.112274,0.108091,0.104022,0.100062,0.0962139,0.0924742,0.0888429,0.0853179,0.0818987,0.078583,0.0753701,0.0722577,0.0692451,0.0663295,0.0635102,0.0607846,0.0581517,0.0556088,0.0531548,0.0507872,0.0485047,0.0463046,0.0441858,0.0421455,0.0401826,0.0382943,0.0364794,0.0347353,0.0330605,0.0314527,0.0299104,0.0284311,0.0270136,0.0256553,0.024355,0.0231103,0.0219199,0.0207815,0.0196939,0.0186548,0.0176629,0.0167163,0.0158136,0.0149529,0.014133,0.013352,0.0126088,0.0119015,0.011229,0.0105897,0.00998247,0.00940574,0.00885851,0.00833926,0.00784705,0.00738047,0.00693863,0.00652019,0.00612432,0.00574978,0.0053958,0.00506121,0.00474529,0.00444697,0.00416557,0.00390009,0.00364991,0.00341411,0.0031921,0.00298306,0.00278643,0.00260144,0.0024276,0.0022642,0.00211078,0.00196669,0.00183152,0.00170467,0.00158577,0.00147427,0.00136983,0.00127195,0.00118032,0.0010945,0.00101419,0.000939001,0.000868653,0.000802796,0.000741179,0.000683482,0.000629478,0.000578877,0.000531472,0.000487,0.00044527,0.000406045,0.00036915,0.000334368,0.000301537,0.000270461,0.000240985,0.000212932,0.000186155,0.000160489,0.000135796,0.00011192,8.87287e-05,6.60751e-05,4.38273e-05
0,0.11166,0.194216,0.248896,0.283778,0.305697,0.319208,0.327159,0.33133,0.33285,0.33246,0.330661,0.327801,0.32413,0.319831,0.315042,0.309867,0.304389,0.298673,0.292771,0.286726,0.280574,0.274344,0.26806,0.261744,0.255415,0.249086,0.242774,0.236488,0.230239,0.224037,0.21789,0.211805,0.205788,0.199845,0.193981,0.1882,0.182507,0.176904,0.171396,0.165983,0.16067,0.155457,0.150347,0.145341,0.14044,0.135645,0.130957,0.126375,0.121902,0.117536,0.113278,0.109126,0.105083,0.101145,0.0973135,0.0935867,0.0899646,0.0864452,0.0830285,0.0797124,0.0764964,0.0733783,0.0703578,0.0674323,0.0646012,0.061862,0.0592141,0.0566548,0.0541833,0.051797,0.0494949,0.0472744,0.0451345,0.0430725,0.0410874,0.0391765,0.0373387,0.0355714,0.0338734,0.0322421,0.0306764,0.0291738,0.0277329,0.0263515,0.0250283,0.0237608,0.022548,0.0213874,0.020278,0.0192174,0.0182045,0.0172372,0.0163143,0.0154338,0.0145946,0.0137948,0.0130332,0.012308,0.0116181,0.0109619,0.0103383,0.00974572,0.00918311,0.00864899,0.00814241,0.00766194,0.0072067,0.00677534,0.00636704,0.00598053,0.00561504,0.0052694,0.00494286,0.00463436,0.0043432,0.00406838,0.00380926,0.00356492,0.00333475,0.00311791,0.00291384,0.00272177,0.00254118,0.00237136,0.00221184,0.00206195,0.00192128,0.00178922,0.00166537,0.0015492,0.00144033,0.00133828,0.00124271,0.00115317,0.00106937,0.000990893,0.000917464,0.000848719,0.000784403,0.000724188,0.00066784,0.000615062,0.000565642,0.000519311,0.000475875,0.00043509,0.000396777,0.000360717,0.000326742,0.000294654,0.000264296,0.000235487,0.000208081,0.00018191,0.000156835,0.0001327,0.000109373,8.67067e-05,6.45715e-05,4.28287e-05
0,0.0798102,0.146669,0.197386,0.233966,0.25966,0.27737,0.2893,0.297024,0.30165,0.303956,0.304501,0.303686,0.301811,0.299097,0.295716,0.291801,0.287456,0.282764,0.277792,0.272597,0.267223,0.261709,0.256087,0.250385,0.244625,0.238828,0.233011,0.227191,0.221379,0.215589,0.209829,0.20411,0.198439,0.192824,0.187271,0.181786,0.176374,0.171039,0.165785,0.160616,0.155534,0.150543,0.145645,0.140841,0.136134,0.131525,0.127014,0.122603,0.118293,0.114084,0.109975,0.105968,0.102062,0.0982575,0.0945528,0.0909486,0.0874431,0.0840367,0.0807275,0.0775154,0.0743983,0.0713762,0.0684467,0.0656094,0.0628621,0.0602042,0.0576334,0.0551488,0.0527481,0.0504305,0.0481934,0.046036,0.0439557,0.0419516,0.0400211,0.0381632,0.0363754,0.0346566,0.0330043,0.0314174,0.0298935,0.0284313,0.0270286,0.0256841,0.0243956,0.0231618,0.0219804,0.0208505,0.0197696,0.0187368,0.0177499,0.0168078,0.0159084,0.0150507,0.0142328,0.0134535,0.012711,0.0120044,0.0113319,0.0106924,0.0100843,0.00950675,0.00895811,0.00843748,0.00794342,0.00747505,0.00703101,0.00661048,0.00621218,0.00583534,0.00547878,0.00514175,0.00482317,0.00452233,0.00423823,0.00397023,0.00371737,0.00347907,0.00325445,0.00304296,0.0028438,0.00265646,0.0024802,0.00231455,0.00215884,0.00201263,0.00187531,0.00174648,0.00162558,0.00151224,0.00140596,0.0013064,0.00121309,0.00112574,0.00104392,0.000967346,0.000895652,0.000828574,0.000765775,0.000707017,0.000651995,0.000600493,0.000552234,0.000507021,0.000464605,0.000424802,0.000387388,0.000352194,0.000319016,0.000287696,0.00025805,0.00022993,0.000203166,0.000177619,0.000153132,0.000129572,0.000106791,8.46629e-05,6.30477e-05,4.18194e-05
0,0.0609161,0.115269,0.160023,0.195055,0.221623,0.241335,0.255672,0.265846,0.2728,0.27725,0.279738,0.280674,0.280373,0.279077,0.276976,0.274219,0.270926,0.267193,0.263099,0.25871,0.254079,0.249251,0.244266,0.239155,0.233948,0.228666,0.223333,0.217966,0.212582,0.207193,0.201814,0.196454,0.191124,0.185831,0.180585,0.175391,0.170256,0.165185,0.160184,0.155255,0.150403,0.145632,0.140944,0.136341,0.131827,0.127401,0.123068,0.118826,0.114679,0.110625,0.106666,0.102802,0.0990346,0.0953616,0.0917843,0.0883014,0.0849135,0.0816189,0.078418,0.0753089,0.0722918,0.0693646,0.0665271,0.0637773,0.0611148,0.0585374,0.0560446,0.0536341,0.0513052,0.0490556,0.0468845,0.0447895,0.0427698,0.040823,0.0389481,0.0371428,0.0354059,0.0337352,0.0321295,0.0305865,0.0291052,0.0276831,0.0263193,0.0250114,0.0237582,0.0225577,0.0214087,0.0203089,0.0192574,0.0182521,0.0172918,0.0163745,0.0154992,0.0146641,0.0138679,0.013109,0.0123862,0.011698,0.0110432,0.0104202,0.00982815,0.00926544,0.00873116,0.00822387,0.00774269,0.00728626,0.00685376,0.00644392,0.00605593,0.00568863,0.00534127,0.00501275,0.00470237,0.0044091,0.00413229,0.00387101,0.00362463,0.00339228,0.0031734,0.00296718,0.0027731,0.00259041,0.00241863,0.00225709,0.00210533,0.00196274,0.0018289,0.00170325,0.00158541,0.00147486,0.00137126,0.00127414,0.00118319,0.00109798,0.00101821,0.000943518,0.000873624,0.000808186,0.000746961,0.000689637,0.000635993,0.000585746,0.000538693,0.000494581,0.000453222,0.000414387,0.000377904,0.000343565,0.000311211,0.000280652,0.000251741,0.000224304,0.000198202,0.000173275,0.000149391,0.000126403,0.000104184,8.25933e-05,6.15085e-05,4.07972e-05
0,0.0485884,0.093476,0.132393,0.164621,0.190461,0.210696,0.22623,0.237915,0.246484,0.252539,0.256563,0.258939,0.259973,0.259909,0.25894,0.257225,0.25489,0.25204,0.248762,0.245127,0.241196,0.23702,0.23264,0.228096,0.223417,0.218633,0.213767,0.20884,0.203869,0.198872,0.193863,0.188854,0.183857,0.178881,0.173935,0.169028,0.164165,0.159355,0.154601,0.14991,0.145285,0.140731,0.136251,0.131847,0.127523,0.123281,0.119122,0.115049,0.111063,0.107164,0.103354,0.0996334,0.0960021,0.0924612,0.0890098,0.0856489,0.0823771,0.0791951,0.0761013,0.0730961,0.0701777,0.0673463,0.0645999,0.0619384,0.0593598,0.0568638,0.0544482,0.0521126,0.0498548,0.0476742,0.0455684,0.0435369,0.0415772,0.0396885,0.0378687,0.0361167,0.0344302,0.0328084,0.0312488,0.0297506,0.0283114,0.0269302,0.0256049,0.0243342,0.0231162,0.0219496,0.0208325,0.0197637,0.0187412,0.0177639,0.0168299,0.0159381,0.0150867,0.0142746,0.0135,0.0127619,0.0120586,0.0113892,0.0107519,0.0101459,0.00956967,0.00902221,0.00850212,0.00800853,0.00754008,0.00709593,0.00667483,0.00627597,0.00589818,0.0055407,0.00520242,0.00488266,0.00458037,0.0042949,0.00402529,0.00377093,0.00353093,0.00330473,0.00309151,0.00289073,0.00270165,0.00252378,0.00235642,0.00219912,0.00205125,0.0019124,0.00178199,0.00165963,0.00154479,0.00143714,0.00133618,0.00124159,0.00115295,0.00106996,0.000992223,0.00091947,0.000851348,0.000787609,0.000727933,0.000672096,0.000619807,0.000570861,0.000524995,0.000482023,0.000441707,0.000403874,0.00036831,0.000334855,0.000303315,0.000273542,0.000245357,0.000218624,0.000193178,0.000168889,0.000145606,0.000123205,0.000101545,8.05041e-05,5.99509e-05,3.97654e-05
0,0.0399648,0.07766,0.111463,0.140587,0.164922,0.184777,0.200659,0.213127,0.222714,0.229893,0.235071,0.238585,0.240714,0.241689,0.241699,0.2409,0.239422,0.237372,0.23484,0.231902,0.228623,0.225056,0.221248,0.21724,0.213066,0.208756,0.204338,0.199833,0.195263,0.190645,0.185995,0.181327,0.176654,0.171986,0.167334,0.162707,0.158112,0.153557,0.149048,0.144589,0.140188,0.135848,0.131573,0.127365,0.12323,0.119168,0.115184,0.111277,0.10745,0.103705,0.100043,0.0964635,0.0929688,0.0895583,0.0862332,0.0829927,0.0798375,0.0767666,0.0737805,0.0708779,0.068059,0.0653222,0.0626676,0.0600935,0.0575995,0.055184,0.0528465,0.050585,0.0483991,0.0462866,0.044247,0.0422782,0.0403793,0.0385482,0.0367842,0.035085,0.0334497,0.0318762,0.0303636,0.0289096,0.0275133,0.0261726,0.0248864,0.0236527,0.0224704,0.0213374,0.0202528,0.0192146,0.0182217,0.0172722,0.0163651,0.0154985,0.0146714,0.0138821,0.0131296,0.0124121,0.0117288,0.0110779,0.0104586,0.0098694,0.00930931,0.00877693,0.00827139,0.00779134,0.00733595,0.00690394,0.00649454,0.00610654,0.00573921,0.00539142,0.00506249,0.00475137,0.00445741,0.00417963,0.00391743,0.0036699,0.00343648,0.00321635,0.00300895,0.00281354,0.00262962,0.00245649,0.00229368,0.00214057,0.00199672,0.00186156,0.00173468,0.00161556,0.00150384,0.00139902,0.0013008,0.00120871,0.00112246,0.00104165,0.000966009,0.000895168,0.000828879,0.000766812,0.00070874,0.000654366,0.00060348,0.000555814,0.000511178,0.000469329,0.000430091,0.000393245,0.000358631,0.000326049,0.000295349,0.000266352,0.000238917,0.00021288,0.00018811,0.000164454,0.000141788,0.000119971,9.88827e-05,7.83914e-05,5.83795e-05,3.8722e-05
0,0.033614,0.0657427,0.0952222,0.121355,0.143878,0.162851,0.178526,0.191245,0.201378,0.209282,0.215279,0.219653,0.22265,0.224478,0.225313,0.225305,0.224578,0.22324,0.221382,0.219079,0.216398,0.213397,0.210122,0.206618,0.20292,0.199061,0.195069,0.190969,0.186782,0.182528,0.178224,0.173886,0.169527,0.165159,0.160793,0.156439,0.152105,0.1478,0.14353,0.139301,0.135119,0.130989,0.126915,0.122902,0.118952,0.115069,0.111255,0.107513,0.103845,0.100252,0.0967353,0.093297,0.089937,0.0866569,0.0834562,0.0803362,0.077296,0.0743366,0.0714568,0.0686572,0.0659365,0.063295,0.0607311,0.0582448,0.0558346,0.0535002,0.0512398,0.0490531,0.0469383,0.0448947,0.0429205,0.0410151,0.0391763,0.0374036,0.0356947,0.0340491,0.0324645,0.0309401,0.0294738,0.0280648,0.0267109,0.0254113,0.0241638,0.0229676,0.0218207,0.0207219,0.0196695,0.0186625,0.0176988,0.0167776,0.0158971,0.0150562,0.0142533,0.0134872,0.0127565,0.0120601,0.0113965,0.0107646,0.0101631,0.00959105,0.00904696,0.00853002,0.00803886,0.00757268,0.00713019,0.00671062,0.00631277,0.00593591,0.00557891,0.00524108,0.00492137,0.00461913,0.00433339,0.00406352,0.00380862,0.00356813,0.0033412,0.00312729,0.00292565,0.00273577,0.00255693,0.00238868,0.00223037,0.00208157,0.00194168,0.00181032,0.00168692,0.00157115,0.00146249,0.00136061,0.00126507,0.00117556,0.00109167,0.00101312,0.000939535,0.00087067,0.000806185,0.000745848,0.000689354,0.000636492,0.000586987,0.000540645,0.000497219,0.00045653,0.000418355,0.000382529,0.000348851,0.00031717,0.0002873,0.000259103,0.00023241,0.00020709,0.000182988,0.000159982,0.000137929,0.00011671,9.61923e-05,7.62611e-05,5.67914e-05,3.76699e-05
0,0.0287518,0.0564811,0.0823381,0.105744,0.126401,0.144244,0.15937,0.171974,0.182302,0.190608,0.197143,0.202137,0.205796,0.208303,0.209817,0.210475,0.210397,0.209683,0.208423,0.206691,0.204556,0.202073,0.199292,0.196256,0.193004,0.189569,0.18598,0.182264,0.178443,0.174538,0.170567,0.166546,0.16249,0.158412,0.154324,0.150235,0.146155,0.142093,0.138056,0.134051,0.130084,0.12616,0.122284,0.118461,0.114694,0.110987,0.107342,0.103762,0.10025,0.0968074,0.0934358,0.0901361,0.0869104,0.0837585,0.0806822,0.0776809,0.0747559,0.0719063,0.0691331,0.0664351,0.0638129,0.0612653,0.0587925,0.0563931,0.054067,0.0518127,0.0496301,0.0475174,0.0454742,0.0434987,0.0415906,0.0397478,0.0379698,0.0362547,0.0346018,0.033009,0.0314757,0.0299998,0.0285806,0.027216,0.0259052,0.0246462,0.0234381,0.022279,0.021168,0.0201031,0.0190834,0.0181072,0.0171733,0.0162802,0.0154267,0.0146112,0.0138328,0.0130899,0.0123814,0.0117058,0.0110623,0.0104492,0.00986588,0.00931076,0.00878303,0.00828134,0.00780489,0.00735241,0.00692313,0.00651585,0.00612984,0.00576398,0.00541757,0.00508957,0.00477932,0.00448585,0.00420853,0.00394646,0.00369907,0.00346551,0.00324525,0.0030375,0.00284177,0.00265733,0.00248373,0.00232029,0.00216661,0.00202206,0.00188625,0.00175862,0.00163882,0.00152634,0.00142083,0.00132185,0.00122908,0.00114211,0.00106064,0.000984315,0.000912863,0.000845943,0.000783321,0.000724685,0.000669821,0.000618448,0.000570369,0.000525331,0.000483153,0.000443608,0.000406529,0.000371709,0.000338997,0.000308204,0.000279189,0.000251782,0.000225852,0.000201241,0.000177827,0.000155466,0.00013404,0.000113416,9.34809e-05,7.41094e-05,5.5191e-05,3.66072e-05
0,0.0249153,0.0490979,0.0719142,0.092895,0.111754,0.128372,0.142756,0.155006,0.165273,0.173736,0.180582,0.185991,0.190132,0.193163,0.195221,0.19643,0.196899,0.196724,0.195988,0.194765,0.193119,0.191107,0.188778,0.186175,0.183337,0.180299,0.177089,0.173736,0.170261,0.166689,0.163035,0.159319,0.155554,0.151755,0.147934,0.144102,0.140269,0.136444,0.132634,0.128847,0.125089,0.121367,0.117685,0.114049,0.110461,0.106927,0.103448,0.100028,0.0966701,0.0933758,0.0901465,0.0869847,0.0838909,0.0808669,0.0779128,0.07503,0.0722183,0.0694786,0.0668102,0.064214,0.061689,0.0592356,0.0568527,0.0545404,0.0522974,0.0501237,0.0480178,0.0459795,0.0440071,0.0421003,0.0402574,0.0384779,0.0367599,0.035103,0.0335053,0.031966,0.0304834,0.0290567,0.0276839,0.0263643,0.0250961,0.0238783,0.0227092,0.0215877,0.0205122,0.0194817,0.0184944,0.0175495,0.0166451,0.0157805,0.0149538,0.0141642,0.0134101,0.0126905,0.012004,0.0113497,0.010726,0.0101322,0.00956678,0.00902896,0.00851739,0.00803129,0.00756937,0.0071309,0.00671467,0.00631995,0.00594564,0.00559103,0.00525508,0.00493715,0.00463624,0.00435174,0.00408275,0.00382869,0.0035887,0.00336225,0.00314857,0.00294713,0.00275723,0.00257839,0.00240994,0.00225146,0.00210233,0.00196215,0.00183035,0.00170658,0.00159032,0.00148122,0.00137883,0.00128283,0.00119278,0.00110842,0.00102935,0.000955316,0.000885959,0.000821044,0.000760256,0.000703375,0.000650115,0.000600277,0.000553602,0.000509908,0.000468961,0.000430593,0.000394595,0.000360811,0.000329051,0.000299173,0.000271003,0.000244409,0.000219233,0.000195351,0.000172618,0.000150917,0.000130115,0.000110099,9.07441e-05,7.19422e-05,5.35754e-05,3.55368e-05
0,0.0218146,0.0430869,0.0633348,0.0821795,0.0993643,0.11475,0.128298,0.140043,0.150075,0.158512,0.165489,0.171146,0.175618,0.179035,0.181516,0.18317,0.184094,0.184375,0.184093,0.183317,0.182107,0.180518,0.178599,0.176392,0.173937,0.171266,0.168411,0.165397,0.162251,0.158992,0.15564,0.152214,0.148728,0.145197,0.141634,0.13805,0.134455,0.130858,0.127269,0.123694,0.120142,0.116616,0.113124,0.109669,0.106258,0.102892,0.0995771,0.0963145,0.0931081,0.0899594,0.0868712,0.0838446,0.0808819,0.0779834,0.0751511,0.0723848,0.0696861,0.0670544,0.0644909,0.0619949,0.0595671,0.0572066,0.0549137,0.0526874,0.0505278,0.0484336,0.0464047,0.0444398,0.0425387,0.0406996,0.0389224,0.0372054,0.035548,0.0339486,0.0324066,0.0309202,0.0294888,0.0281106,0.0267849,0.0255098,0.0242847,0.0231076,0.0219779,0.0208937,0.0198542,0.0188577,0.0179033,0.0169893,0.0161149,0.0152784,0.0144789,0.0137149,0.0129855,0.0122891,0.011625,0.0109917,0.0103882,0.00981337,0.00926625,0.00874553,0.00825044,0.00777973,0.00733266,0.00690802,0.00650512,0.00612282,0.00576045,0.00541696,0.00509171,0.00478371,0.00449235,0.00421673,0.00395626,0.00371009,0.00347769,0.00325826,0.00305132,0.00285611,0.00267219,0.00249886,0.00233571,0.00218211,0.00203766,0.00190178,0.00177412,0.00165414,0.00154151,0.00143576,0.00133656,0.00124349,0.00115626,0.00107447,0.000997864,0.000926081,0.000858881,0.000795941,0.00073704,0.000681887,0.000630279,0.000581953,0.000536724,0.000494354,0.000454674,0.000417468,0.000382582,0.00034982,0.00031904,0.000290065,0.000262762,0.000236971,0.000212569,0.000189409,0.000167373,0.000146328,0.000126163,0.000106752,8.79887e-05,6.97557e-05,5.19489e-05,3.44569e-05
0,0.0192592,0.0381063,0.0561673,0.0731358,0.0887879,0.102984,0.115662,0.126818,0.136498,0.144776,0.151749,0.15752,0.162196,0.165883,0.168681,0.170683,0.171977,0.17264,0.172744,0.172354,0.171528,0.170316,0.168766,0.16692,0.164814,0.162483,0.159956,0.157261,0.15442,0.151458,0.148392,0.145242,0.142021,0.138747,0.13543,0.132085,0.128719,0.125344,0.121968,0.1186,0.115245,0.111911,0.108603,0.105327,0.102087,0.0988881,0.0957324,0.0926246,0.0895666,0.0865619,0.0836119,0.0807193,0.077885,0.0751113,0.0723984,0.0697481,0.0671603,0.0646365,0.0621761,0.0597802,0.057448,0.0551803,0.0529762,0.0508359,0.0487585,0.046744,0.0447912,0.0429001,0.0410691,0.0392983,0.0375859,0.0359318,0.0343342,0.0327927,0.0313058,0.0298728,0.028492,0.0271628,0.0258835,0.0246534,0.0234708,0.022335,0.0212443,0.0201978,0.0191939,0.0182318,0.0173099,0.0164273,0.0155825,0.0147745,0.014002,0.0132639,0.0125589,0.0118862,0.0112442,0.0106322,0.0100488,0.00949321,0.00896416,0.00846086,0.00798206,0.00752705,0.00709463,0.00668411,0.00629437,0.00592474,0.00557418,0.00524204,0.00492735,0.0046295,0.00434758,0.00408102,0.00382896,0.00359087,0.00336596,0.00315372,0.00295342,0.0027646,0.00258657,0.0024189,0.00226097,0.00211237,0.00197253,0.00184108,0.00171748,0.0016014,0.00149236,0.00139003,0.00129399,0.00120393,0.00111946,0.00104032,0.000966137,0.000896672,0.000831597,0.000770687,0.000713646,0.00066027,0.000610289,0.000563518,0.000519714,0.000478705,0.000440273,0.000404262,0.000370472,0.00033876,0.000308947,0.000280899,0.000254454,0.000229487,0.000205851,0.000183429,0.000162086,0.000141711,0.000122178,0.000103384,8.52104e-05,6.75555e-05,5.03088e-05,3.33702e-05
0,0.0171188,0.0339175,0.050101,0.0654197,0.0796814,0.0927548,0.104566,0.115092,0.124346,0.132375,0.139241,0.145021,0.149799,0.153658,0.156681,0.158949,0.160535,0.161511,0.16194,0.16188,0.161387,0.160508,0.159288,0.157766,0.155979,0.153958,0.151735,0.149334,0.14678,0.144095,0.141299,0.138409,0.135441,0.132411,0.129331,0.126212,0.123068,0.119906,0.116737,0.113567,0.110405,0.107257,0.104129,0.101026,0.0979543,0.0949166,0.0919178,0.0889608,0.0860492,0.0831851,0.0803717,0.0776102,0.0749033,0.0722517,0.0696574,0.0671208,0.0646436,0.0622255,0.0598679,0.0575704,0.0553338,0.0531574,0.051042,0.0489865,0.0469913,0.0450554,0.0431788,0.0413604,0.0396,0.0378964,0.0362492,0.0346571,0.0331197,0.0316355,0.030204,0.0288236,0.0274938,0.0262131,0.0249807,0.0237951,0.0226555,0.0215604,0.0205091,0.0194998,0.018532,0.0176039,0.0167149,0.0158634,0.0150485,0.0142688,0.0135236,0.0128112,0.012131,0.0114815,0.010862,0.0102711,0.00970808,0.00917159,0.00866092,0.00817483,0.00771263,0.00727312,0.00685563,0.00645905,0.00608273,0.00572561,0.00538709,0.00506616,0.00476225,0.00447443,0.00420214,0.00394453,0.00370107,0.00347095,0.00325369,0.00304854,0.00285505,0.00267252,0.00250053,0.00233844,0.00218585,0.00204219,0.00190707,0.00177998,0.00166055,0.00154831,0.00144294,0.00134399,0.00125118,0.00116409,0.00108247,0.00100593,0.000934236,0.000867056,0.000804162,0.000745252,0.000690121,0.000638496,0.000590187,0.000544948,0.000502607,0.00046294,0.000425791,0.000390957,0.000358293,0.000327617,0.000298796,0.000271664,0.000246098,0.000221946,0.000199094,0.000177404,0.000156767,0.000137057,0.000118171,9.999e-05,8.24158e-05,6.5338e-05,4.86591e-05,3.22749e-05
0,0.0153013,0.0303493,0.0449077,0.0587716,0.0717767,0.0838035,0.0947761,0.104658,0.113446,0.121162,0.127848,0.133558,0.138355,0.142305,0.145476,0.147936,0.149748,0.150974,0.15167,0.151891,0.151684,0.151095,0.150166,0.148935,0.147435,0.145698,0.143752,0.141623,0.139335,0.13691,0.134366,0.131722,0.128993,0.126194,0.123339,0.120439,0.117506,0.114549,0.111578,0.108601,0.105625,0.102657,0.0997033,0.0967699,0.0938609,0.0909817,0.0881354,0.0853267,0.0825577,0.0798324,0.0771522,0.0745204,0.0719379,0.0694073,0.0669292,0.0645056,0.0621366,0.0598238,0.0575671,0.0553676,0.0532249,0.0511397,0.0491115,0.0471408,0.0452266,0.0433693,0.0415678,0.0398223,0.0381315,0.0364953,0.0349124,0.0333827,0.0319046,0.030478,0.0291012,0.0277739,0.0264945,0.0252625,0.0240764,0.0229356,0.0218386,0.0207846,0.0197722,0.0188006,0.0178684,0.0169748,0.0161183,0.0152982,0.0145129,0.0137619,0.0130436,0.0123573,0.0117016,0.0110757,0.0104784,0.00990896,0.00936602,0.00884891,0.00835641,0.00788783,0.007442,0.00701827,0.00661553,0.00623315,0.00587008,0.00552572,0.00519908,0.00488958,0.00459631,0.00431872,0.00405594,0.00380746,0.00357248,0.00335051,0.0031408,0.0029429,0.00275612,0.00258003,0.00241399,0.00225761,0.00211029,0.00197168,0.00184122,0.00171858,0.00160327,0.00149496,0.00139322,0.00129773,0.0012081,0.00112406,0.00104523,0.000971364,0.000902126,0.000837289,0.000776545,0.000719687,0.000666438,0.000616609,0.000569947,0.000526281,0.000485382,0.000447093,0.000411208,0.000377581,0.000346028,0.000316415,0.000288573,0.00026238,0.000237682,0.000214364,0.000192288,0.000171346,0.00015141,0.000132378,0.000114133,9.65774e-05,7.96008e-05,6.31085e-05,4.69973e-05,3.11738e-05
0,0.0137399,0.0272761,0.0404169,0.0529928,0.0648637,0.0759223,0.0860951,0.0953395,0.103641,0.111005,0.117459,0.123038,0.12779,0.131766,0.135022,0.137611,0.13959,0.14101,0.141923,0.142376,0.142413,0.142075,0.141402,0.140427,0.139185,0.137704,0.136012,0.134133,0.132091,0.129907,0.1276,0.125186,0.122682,0.120102,0.117461,0.114769,0.112038,0.109277,0.106497,0.103704,0.100908,0.0981147,0.0953305,0.0925605,0.0898108,0.0870852,0.0843885,0.0817238,0.0790952,0.0765049,0.0739562,0.0714508,0.0689914,0.0665792,0.0642162,0.0619031,0.0596417,0.0574321,0.0552757,0.0531724,0.0511232,0.0491277,0.0471866,0.0452991,0.0434659,0.041686,0.0399597,0.0382859,0.0366648,0.0350951,0.0335768,0.0321085,0.0306901,0.0293202,0.0279984,0.0267235,0.0254948,0.024311,0.0231716,0.0220751,0.0210209,0.0200075,0.0190344,0.0181001,0.0172038,0.0163442,0.0155206,0.0147315,0.0139763,0.0132535,0.0125625,0.011902,0.0112711,0.0106686,0.0100938,0.00954554,0.00902301,0.00852505,0.008051,0.00759971,0.00717054,0.0067624,0.00637466,0.0060063,0.00565672,0.00532494,0.00501041,0.0047122,0.00442977,0.00416228,0.00390919,0.00366973,0.0034434,0.00322947,0.00302747,0.00283672,0.00265679,0.00248705,0.00232709,0.00217634,0.00203441,0.00190077,0.00177508,0.00165684,0.00154574,0.00144131,0.00134327,0.0012512,0.00116483,0.00108379,0.00100782,0.000936592,0.000869867,0.000807339,0.000748798,0.000693963,0.000642643,0.000594584,0.000549611,0.000507494,0.000468074,0.000431142,0.000396553,0.000364118,0.000333703,0.000305139,0.0002783,0.000253033,0.000229224,0.000206731,0.000185448,0.000165247,0.000146026,0.000127668,0.000110076,9.31415e-05,7.67715e-05,6.08636e-05,4.53272e-05,3.0065e-05
0,0.0123847,0.0246034,0.0364988,0.0479294,0.0587755,0.0689422,0.07836,0.0869848,0.0947942,0.101785,0.107971,0.113376,0.118033,0.121983,0.125269,0.127936,0.13003,0.131598,0.132681,0.133323,0.133564,0.133441,0.132989,0.132242,0.131228,0.129978,0.128515,0.126866,0.12505,0.123089,0.121001,0.118803,0.116511,0.114139,0.111699,0.109205,0.106666,0.104093,0.101496,0.0988815,0.0962582,0.0936332,0.0910122,0.0884015,0.0858057,0.0832302,0.0806784,0.0781551,0.0756628,0.0732053,0.0707846,0.068404,0.0660647,0.0637694,0.0615189,0.0593154,0.0571592,0.0550521,0.0529941,0.0509866,0.0490292,0.0471229,0.0452673,0.0434631,0.0417094,0.0400069,0.0383546,0.0367526,0.0352001,0.033697,0.0322423,0.0308357,0.0294761,0.0281632,0.0268958,0.0256734,0.0244948,0.0233595,0.0222662,0.0212142,0.0202024,0.01923,0.0182957,0.0173989,0.0165381,0.0157129,0.0149218,0.0141641,0.0134385,0.0127443,0.0120803,0.0114458,0.0108394,0.0102606,0.00970814,0.0091813,0.00867893,0.0082004,0.00774458,0.00731084,0.00689812,0.00650581,0.00613289,0.00577878,0.00544252,0.00512355,0.00482097,0.00453425,0.00426253,0.00400531,0.00376181,0.00353153,0.00331374,0.003108,0.00291361,0.00273015,0.00255698,0.00239372,0.00223977,0.00209475,0.00195815,0.00182959,0.00170861,0.00159486,0.0014879,0.00138744,0.00129305,0.00120447,0.00112132,0.00104335,0.000970209,0.000901672,0.000837426,0.00077726,0.000720891,0.000668126,0.000618708,0.000572462,0.000529154,0.000488624,0.000450662,0.000415121,0.00038181,0.000350594,0.000321303,0.000293811,0.000267963,0.000243644,0.000220713,0.000199063,0.000178565,0.000159119,0.000140607,0.000122935,0.000105993,8.96896e-05,7.39241e-05,5.86083e-05,4.36462e-05,2.8951e-05
0,0.0111979,0.022259,0.0330528,0.0434604,0.0533792,0.0627255,0.0714354,0.0794648,0.086788,0.0933952,0.0992906,0.104489,0.109015,0.112897,0.11617,0.118871,0.121038,0.122709,0.123923,0.124717,0.125126,0.125184,0.124923,0.124373,0.123562,0.122517,0.121263,0.119821,0.118213,0.116458,0.114574,0.112577,0.110482,0.108305,0.106056,0.103749,0.101394,0.0989999,0.0965774,0.0941337,0.0916772,0.0892141,0.0867514,0.0842941,0.0818483,0.0794178,0.0770078,0.0746214,0.0722629,0.0699345,0.0676398,0.0653806,0.0631599,0.0609787,0.0588395,0.056743,0.0546912,0.0526844,0.0507241,0.0488103,0.0469443,0.0451256,0.0433553,0.0416327,0.0399586,0.0383321,0.0367537,0.0352224,0.0337386,0.0323011,0.03091,0.0295643,0.0282636,0.027007,0.025794,0.0246236,0.0234953,0.0224079,0.0213609,0.020353,0.0193837,0.0184518,0.0175566,0.0166969,0.015872,0.0150807,0.0143223,0.0135957,0.0129,0.0122341,0.0115974,0.0109886,0.0104071,0.00985168,0.00932172,0.00881609,0.00833415,0.00787482,0.00743748,0.00702109,0.00662506,0.00624839,0.00589052,0.00555049,0.00522776,0.00492144,0.00463101,0.00435563,0.0040948,0.00384774,0.00361397,0.00339277,0.00318368,0.00298602,0.00279938,0.00262312,0.00245685,0.00229998,0.00215214,0.0020128,0.00188161,0.00175808,0.00164189,0.00153258,0.00142986,0.0013333,0.00124265,0.00115752,0.00107765,0.0010027,0.000932449,0.000866571,0.000804857,0.000747023,0.000692874,0.000642151,0.000594678,0.000550219,0.000508614,0.000469649,0.000433179,0.000399009,0.000367005,0.000336993,0.00030885,0.000282418,0.000257582,0.0002342,0.000212166,0.00019135,0.000171653,0.000152956,0.000135166,0.000118174,0.000101892,8.6217e-05,7.10645e-05,5.63395e-05,4.1958e-05,2.78304e-05
0,0.0101504,0.0201868,0.03,0.0394896,0.0485673,0.0571594,0.0652076,0.0726699,0.0795186,0.0857402,0.0913324,0.0963034,0.100669,0.104451,0.107677,0.110375,0.112578,0.114318,0.115627,0.116539,0.117083,0.117292,0.117193,0.116814,0.116182,0.11532,0.114251,0.112998,0.111578,0.110012,0.108316,0.106507,0.104597,0.102602,0.100534,0.0984036,0.0962219,0.093999,0.0917432,0.0894634,0.0871664,0.0848597,0.082549,0.0802407,0.0779394,0.0756504,0.0733774,0.0711251,0.0688961,0.0666945,0.0645223,0.0623827,0.0602773,0.0582088,0.0561782,0.0541877,0.0522378,0.0503305,0.0484658,0.0466452,0.0448687,0.0431372,0.0414505,0.0398094,0.0382133,0.0366627,0.035157,0.0336965,0.0322802,0.0309084,0.02958,0.0282952,0.0270526,0.0258524,0.0246932,0.0235749,0.0224962,0.0214569,0.0204556,0.019492,0.0185648,0.0176736,0.016817,0.0159947,0.0152052,0.0144482,0.0137222,0.0130268,0.0123608,0.0117234,0.0111137,0.0105309,0.00997392,0.00944215,0.00893447,0.0084503,0.00798856,0.00754867,0.0071296,0.00673078,0.00635125,0.00599044,0.00564743,0.00532168,0.00501233,0.00471885,0.00444043,0.00417657,0.0039265,0.00368975,0.00346561,0.00325363,0.00305313,0.0028637,0.00268471,0.00251577,0.00235631,0.00220595,0.00206416,0.00193059,0.00180476,0.00168634,0.00157488,0.00147009,0.00137155,0.00127899,0.00119202,0.0011104,0.00103377,0.000961915,0.000894509,0.000831344,0.000772131,0.000716676,0.000664718,0.00061608,0.000570526,0.000527894,0.000487969,0.000450604,0.000415604,0.000382836,0.000352123,0.000323341,0.000296331,0.000270981,0.000247145,0.000224719,0.000203572,0.000183606,0.000164702,0.000146768,0.000129694,0.000113395,9.77679e-05,8.27306e-05,6.81889e-05,5.40616e-05,4.02604e-05,2.67052e-05
0,0.00921907,0.0183424,0.0272778,0.0359398,0.0442524,0.0521505,0.0595819,0.0665065,0.0728969,0.0787366,0.08402,0.0887495,0.0929353,0.0965931,0.0997434,0.10241,0.104618,0.106395,0.107769,0.108768,0.10942,0.109752,0.109789,0.109557,0.109079,0.108379,0.107476,0.106392,0.105145,0.103751,0.102229,0.100592,0.0988555,0.0970313,0.0951322,0.0931689,0.0911522,0.0890911,0.0869949,0.084871,0.0827275,0.0805705,0.0784069,0.0762418,0.0740809,0.0719283,0.0697891,0.0676664,0.0655644,0.0634857,0.0614337,0.0594104,0.0574187,0.05546,0.0535366,0.0516495,0.0498006,0.0479905,0.0462206,0.0444913,0.0428037,0.0411578,0.0395543,0.0379931,0.0364748,0.0349989,0.0335657,0.0321747,0.030826,0.0295188,0.0282532,0.0270283,0.025844,0.0246993,0.0235941,0.0225272,0.0214983,0.0205064,0.0195511,0.0186312,0.0177464,0.0168953,0.0160777,0.0152922,0.0145384,0.0138152,0.0131219,0.0124574,0.0118212,0.0112121,0.0106296,0.0100725,0.00954031,0.00903191,0.00854676,0.0080838,0.00764249,0.00722181,0.00682123,0.00643979,0.00607697,0.00573183,0.00540389,0.00509226,0.00479647,0.00451568,0.00424944,0.00399697,0.00375782,0.00353127,0.00331689,0.00311402,0.00292225,0.00274095,0.00256974,0.00240805,0.0022555,0.00211157,0.00197593,0.00184807,0.00172768,0.00161432,0.00150768,0.00140735,0.00131307,0.00122444,0.00114123,0.00106307,0.000989755,0.000920949,0.000856448,0.000795961,0.000739297,0.000686191,0.000636468,0.000589889,0.000546293,0.000505463,0.000467253,0.000431467,0.00039797,0.000366584,0.000337188,0.000309621,0.000283769,0.000259487,0.000236672,0.000215191,0.000194948,0.000175824,0.000157727,0.000140548,0.000124203,0.00010859,9.36292e-05,7.92261e-05,6.53027e-05,5.17718e-05,3.85565e-05,2.55742e-05
0,0.00838567,0.0166903,0.0248355,0.0327483,0.0403626,0.0476216,0.0544779,0.0608947,0.0668448,0.0723111,0.0772847,0.0817648,0.0857568,0.0892719,0.092325,0.0949352,0.097123,0.0989116,0.100324,0.101385,0.102119,0.102549,0.102699,0.102591,0.102247,0.101688,0.100932,0.1,0.098908,0.0976728,0.0963095,0.0948329,0.0932559,0.0915916,0.0898509,0.0880453,0.086184,0.084277,0.082332,0.0803577,0.0783606,0.0763479,0.0743252,0.0722987,0.0702729,0.0682531,0.0662429,0.0642468,0.0622677,0.0603095,0.0583743,0.0564653,0.0545842,0.0527336,0.0509147,0.0491298,0.0473795,0.0456656,0.0439886,0.0423498,0.0407494,0.0391884,0.0376666,0.036185,0.0347431,0.0333415,0.0319797,0.030658,0.0293757,0.0281332,0.0269294,0.0257645,0.0246376,0.0235486,0.0224965,0.0214811,0.0205014,0.0195572,0.0186472,0.0177712,0.0169282,0.0161176,0.0153383,0.01459,0.0138715,0.0131822,0.0125212,0.0118879,0.0112812,0.0107006,0.010145,0.00961382,0.00910612,0.00862134,0.00815845,0.00771694,0.00729581,0.00689457,0.00651228,0.00614842,0.0058021,0.00547284,0.00515979,0.00486247,0.00458007,0.00431215,0.00405795,0.00381702,0.00358866,0.00337246,0.00316774,0.00297412,0.00279098,0.00261793,0.00245441,0.00230006,0.00215436,0.00201697,0.0018874,0.00176534,0.00165034,0.00154211,0.00144023,0.00134445,0.00125437,0.00116975,0.00109024,0.00101562,0.000945565,0.000879866,0.000818233,0.000760475,0.000706327,0.000655616,0.000608099,0.000563619,0.000521956,0.000482964,0.000446447,0.00041227,0.000380256,0.000350282,0.000322186,0.000295857,0.000271148,0.000247956,0.000226149,0.000205632,0.000186283,0.000168015,0.000150718,0.000134308,0.000118685,0.00010377,8.94705e-05,7.57099e-05,6.24026e-05,4.94744e-05,3.68444e-05,2.44394e-05
0,0.00763541,0.0152017,0.0226321,0.0298635,0.0368388,0.0435078,0.0498282,0.0557659,0.0612953,0.0663985,0.0710655,0.0752924,0.0790816,0.0824402,0.0853797,0.0879141,0.090061,0.0918386,0.0932674,0.0943676,0.0951607,0.0956674,0.0959087,0.0959045,0.0956749,0.0952383,0.0946132,0.0938162,0.0928642,0.0917721,0.0905548,0.0892253,0.0877969,0.086281,0.0846892,0.0830313,0.0813173,0.0795557,0.0777552,0.0759228,0.0740663,0.0721914,0.0703047,0.0684112,0.0665165,0.0646244,0.0627399,0.0608662,0.0590073,0.0571658,0.055345,0.0535471,0.0517748,0.0500295,0.0483138,0.0466285,0.0449757,0.0433559,0.0417708,0.0402206,0.0387066,0.0372289,0.0357883,0.0343848,0.033019,0.0316904,0.0303997,0.0291463,0.0279304,0.0267514,0.0256094,0.0245037,0.0234342,0.0224001,0.0214012,0.0204367,0.0195063,0.018609,0.0177445,0.0169119,0.0161108,0.0153401,0.0145995,0.0138879,0.0132048,0.0125492,0.0119207,0.0113182,0.0107412,0.0101887,0.0096602,0.00915472,0.00867175,0.0082103,0.00776989,0.00734957,0.00694885,0.00656683,0.00620301,0.00585653,0.00552692,0.00521335,0.00491537,0.00463219,0.00436337,0.00410816,0.00386615,0.00363664,0.00341923,0.00321325,0.00301832,0.00283385,0.00265945,0.00249456,0.00233884,0.00219176,0.002053,0.00192207,0.00179867,0.00168234,0.00157281,0.00146966,0.00137262,0.00128133,0.00119552,0.00111487,0.00103913,0.000967997,0.000901261,0.000838631,0.000779916,0.000724854,0.000673269,0.000624922,0.000579653,0.000537244,0.00049755,0.000460374,0.000425582,0.000392995,0.000362492,0.000333911,0.00030714,0.000282034,0.00025849,0.000236375,0.000215595,0.000196031,0.000177593,0.000160173,0.000143688,0.00012804,0.000113151,9.89284e-05,8.5299e-05,7.21779e-05,5.94935e-05,4.71666e-05,3.51269e-05,2.32995e-05
0,0.00695621,0.0138532,0.0206335,0.0272428,0.0336311,0.0397545,0.0455748,0.0510613,0.0561894,0.060942,0.0653075,0.0692809,0.0728618,0.0760547,0.0788673,0.0813111,0.0833995,0.0851481,0.0865734,0.0876935,0.0885262,0.0890904,0.089404,0.0894855,0.0893523,0.0890218,0.0885103,0.0878338,0.0870072,0.086045,0.0849604,0.0837667,0.0824753,0.0810979,0.0796447,0.078126,0.0765503,0.0749268,0.0732629,0.0715664,0.0698436,0.0681013,0.0663448,0.0645799,0.062811,0.0610431,0.0592798,0.0575254,0.0557827,0.0540554,0.0523457,0.0506568,0.0489903,0.0473487,0.0457334,0.0441465,0.0425888,0.0410621,0.0395669,0.0381045,0.0366753,0.0352802,0.0339193,0.0325934,0.0313023,0.0300465,0.0288257,0.0276403,0.0264897,0.0253742,0.0242931,0.0232465,0.0222336,0.0212544,0.020308,0.0193944,0.0185126,0.0176624,0.0168429,0.0160538,0.0152941,0.0145635,0.0138611,0.0131863,0.0125382,0.0119165,0.0113201,0.0107486,0.010201,0.00967684,0.00917518,0.00869556,0.00823703,0.00779913,0.00738095,0.00698202,0.00660148,0.00623886,0.00589331,0.0055644,0.00525131,0.00495361,0.00467053,0.00440165,0.00414625,0.00390392,0.00367397,0.00345601,0.00324941,0.00305379,0.00286855,0.00269334,0.0025276,0.00237098,0.00222298,0.00208327,0.00195137,0.001827,0.00170969,0.00159918,0.00149506,0.00139706,0.00130481,0.00121807,0.00113649,0.00105986,0.000987851,0.000920264,0.000856809,0.000797299,0.000741469,0.000689147,0.000640095,0.000594153,0.000551104,0.000510804,0.000473056,0.000437726,0.000404638,0.00037367,0.00034466,0.000317497,0.000292036,0.000268175,0.000245782,0.000224764,0.000205,0.000186403,0.000168867,0.000152308,0.00013663,0.000121755,0.000107594,9.40731e-05,8.11103e-05,6.8636e-05,5.65724e-05,4.48522e-05,3.34023e-05,2.21563e-05
0,0.0063381,0.0126252,0.0188117,0.0248505,0.030698,0.0363154,0.0416687,0.0467298,0.0514762,0.0558907,0.0599622,0.0636838,0.0670539,0.0700744,0.072751,0.0750919,0.0771081,0.0788121,0.080218,0.0813408,0.0821964,0.0828006,0.0831701,0.0833204,0.083268,0.0830278,0.0826155,0.0820451,0.0813308,0.0804855,0.0795222,0.0784524,0.0772879,0.0760387,0.0747153,0.0733266,0.0718817,0.0703883,0.0688545,0.0672868,0.0656922,0.0640763,0.0624453,0.0608036,0.0591567,0.0575082,0.0558628,0.0542236,0.0525945,0.0509778,0.049377,0.0477939,0.0462313,0.0446907,0.0431744,0.0416835,0.0402198,0.038784,0.0373777,0.0360013,0.0346561,0.0333421,0.0320603,0.0308106,0.0295938,0.0284095,0.0272584,0.0261399,0.0250544,0.0240014,0.022981,0.0219926,0.0210363,0.0201112,0.0192174,0.018354,0.017521,0.0167173,0.0159429,0.0151967,0.0144786,0.0137876,0.0131235,0.0124851,0.0118723,0.011284,0.0107199,0.010179,0.00966101,0.00916488,0.00869024,0.00823619,0.00780229,0.00738768,0.00699192,0.00661416,0.00625397,0.00591054,0.00558344,0.0052719,0.0049755,0.00469349,0.00442548,0.00417075,0.00392892,0.00369931,0.00348157,0.00327505,0.00307939,0.00289402,0.00271858,0.00255254,0.00239555,0.00224712,0.00210693,0.00197451,0.00184958,0.00173168,0.00162056,0.00151581,0.00141716,0.00132426,0.00123687,0.00115463,0.00107735,0.00100469,0.000936469,0.000872388,0.000812265,0.000755839,0.000702939,0.000653328,0.000606848,0.000563283,0.000522491,0.000484276,0.000448505,0.000415002,0.000383646,0.000354277,0.000326785,0.000301025,0.000276896,0.000254266,0.000233044,0.00021311,0.000194378,0.000176741,0.000160119,0.000144415,0.000129554,0.000115446,0.000102022,8.91993e-05,7.69109e-05,6.50805e-05,5.36437e-05,4.2529e-05,3.16733e-05,2.10087e-05
0,0.00577277,0.0115015,0.0171431,0.0226566,0.028004,0.033151,0.0380673,0.0427274,0.0471104,0.0512004,0.0549857,0.0584593,0.061618,0.0644624,0.0669958,0.0692247,0.0711574,0.0728043,0.0741769,0.0752883,0.0761517,0.0767813,0.0771912,0.077396,0.0774095,0.0772462,0.0769192,0.0764421,0.0758274,0.0750876,0.074234,0.0732782,0.0722301,0.0711002,0.0698974,0.0686309,0.0673086,0.0659386,0.0645277,0.063083,0.0616103,0.060116,0.0586048,0.0570822,0.0555523,0.0540198,0.0524881,0.0509611,0.0494417,0.0479333,0.046438,0.0449588,0.0434973,0.042056,0.0406362,0.0392399,0.037868,0.0365221,0.0352028,0.0339116,0.0326486,0.031415,0.0302108,0.0290369,0.027893,0.02678,0.0256973,0.0246455,0.0236242,0.0226335,0.021673,0.0207428,0.0198422,0.0189713,0.0181293,0.0173162,0.0165312,0.0157741,0.0150441,0.0143411,0.0136641,0.0130128,0.0123865,0.0117848,0.0112067,0.0106521,0.0101199,0.00960987,0.00912108,0.00865315,0.00820524,0.00777693,0.00736741,0.00697625,0.00660267,0.00624624,0.00590619,0.00558212,0.00527328,0.00497927,0.00469938,0.00443322,0.00418011,0.00393968,0.00371127,0.00349454,0.00328886,0.0030939,0.00290908,0.00273407,0.00256834,0.00241156,0.00226325,0.0021231,0.00199064,0.00186561,0.00174756,0.00163623,0.00153122,0.0014323,0.00133908,0.00125135,0.00116875,0.00109109,0.00101805,0.000949429,0.000884948,0.000824424,0.000767597,0.000714301,0.000664299,0.000617438,0.000573503,0.000532353,0.000493792,0.000457693,0.000423878,0.00039223,0.000362588,0.000334844,0.000308853,0.000284518,0.000261706,0.000240327,0.000220263,0.000201429,0.00018372,0.000167056,0.000151341,0.000136503,0.000122453,0.000109123,9.64312e-05,8.43142e-05,7.26966e-05,6.15167e-05,5.07046e-05,4.02003e-05,2.9938e-05,1.98585e-05
0,0.00525323,0.0104682,0.0156076,0.0206357,0.0255191,0.0302274,0.034734,0.0390155,0.043053,0.0468313,0.0503393,0.0535694,0.0565179,0.0591839,0.0615696,0.0636792,0.0655197,0.0670989,0.068427,0.0695144,0.0703731,0.0710147,0.0714523,0.071698,0.0717649,0.0716653,0.0714117,0.0710158,0.0704897,0.0698441,0.0690902,0.068238,0.0672975,0.0662776,0.0651875,0.0640351,0.0628285,0.0615746,0.0602806,0.0589525,0.0575966,0.0562181,0.0548224,0.0534139,0.0519974,0.0505764,0.0491552,0.0477367,0.0463245,0.0449209,0.043529,0.0421506,0.0407885,0.0394439,0.0381191,0.0368151,0.0355338,0.0342758,0.0330427,0.0318348,0.0306534,0.0294986,0.0283715,0.0272719,0.0262007,0.0251575,0.0241431,0.0231569,0.0221995,0.0212702,0.0203695,0.0194966,0.0186517,0.0178342,0.0170441,0.0162806,0.0155437,0.0148326,0.0141472,0.0134867,0.0128509,0.0122389,0.0116506,0.011085,0.0105419,0.0100205,0.00952046,0.00904091,0.00858152,0.00814149,0.00772046,0.00731764,0.00693264,0.00656471,0.00621346,0.00587815,0.0055584,0.00525349,0.00496305,0.0046864,0.00442317,0.00417269,0.00393463,0.00370834,0.00349349,0.0032895,0.00309602,0.0029125,0.00273862,0.00257387,0.00241795,0.00227035,0.0021308,0.00199885,0.00187422,0.00175649,0.00164541,0.00154058,0.00144177,0.00134861,0.00126089,0.00117827,0.00110054,0.0010274,0.00095866,0.000894033,0.000833345,0.00077634,0.000722855,0.000672657,0.000625593,0.000581454,0.0005401,0.000501338,0.000465042,0.000431036,0.000399206,0.000369393,0.000341489,0.000315353,0.000290887,0.000267961,0.000246486,0.000226345,0.000207456,0.000189713,0.00017304,0.000157341,0.000142546,0.000128566,0.000115337,0.000102779,9.08286e-05,7.94133e-05,6.84735e-05,5.79413e-05,4.77593e-05,3.7864e-05,2.81991e-05,1.87044e-05
0,0.00477352,0.0095138,0.0141883,0.0187658,0.0232171,0.0275154,0.0316367,0.0355604,0.0392688,0.0427482,0.0459877,0.0489799,0.0517203,0.0542074,0.056442,0.0584273,0.0601683,0.0616717,0.0629455,0.0639988,0.0648414,0.065484,0.0659372,0.0662126,0.066321,0.066274,0.0660823,0.0657572,0.0653088,0.0647478,0.0640837,0.0633263,0.0624843,0.0615666,0.0605811,0.0595358,0.0584376,0.0572937,0.0561102,0.0548934,0.0536486,0.0523813,0.051096,0.0497978,0.0484901,0.0471774,0.0458628,0.04455,0.0432414,0.0419403,0.0406487,0.0393694,0.0381039,0.0368544,0.0356223,0.0344094,0.0332166,0.0320454,0.0308966,0.0297712,0.0286698,0.0275932,0.0265417,0.0255161,0.0245161,0.0235426,0.0225952,0.0216745,0.0207799,0.019912,0.0190701,0.0182545,0.0174645,0.0167004,0.0159614,0.0152476,0.0145582,0.0138932,0.0132518,0.012634,0.0120389,0.0114663,0.0109155,0.0103862,0.00987773,0.0093897,0.00892138,0.00847246,0.00804217,0.00763019,0.00723577,0.00685857,0.00649786,0.0061533,0.00582416,0.00551011,0.00521046,0.00492486,0.00465265,0.00439349,0.00414675,0.00391209,0.00368892,0.00347691,0.00327549,0.00308435,0.00290294,0.00273098,0.00256794,0.00241356,0.00226734,0.00212902,0.00199816,0.00187449,0.00175761,0.00164727,0.00154308,0.00144483,0.00135215,0.00126483,0.00118255,0.0011051,0.00103219,0.000963629,0.000899143,0.00083856,0.000781628,0.000728188,0.000678011,0.00063095,0.000586796,0.000545414,0.000506615,0.000470273,0.000436219,0.000404336,0.00037447,0.000346517,0.000320335,0.000295829,0.000272872,0.000251375,0.000231224,0.000212339,0.000194614,0.000177976,0.00016233,0.000147608,0.000133725,0.000120615,0.000108201,9.64232e-05,8.52094e-05,7.4503e-05,6.42378e-05,5.4359e-05,4.48052e-05,3.55232e-05,2.6455e-05,1.75481e-05
0,0.00432857,0.00862818,0.0128705,0.0170282,0.0210756,0.0249892,0.0287476,0.0323322,0.0357273,0.0389197,0.0418996,0.0446595,0.0471949,0.0495034,0.0515852,0.0534422,0.0550785,0.0564991,0.0577108,0.058721,0.0595384,0.0601717,0.0606309,0.0609252,0.0610651,0.0610602,0.0609207,0.0606562,0.0602764,0.0597905,0.0592077,0.0585363,0.0577851,0.0569617,0.0560738,0.0551284,0.0541325,0.0530921,0.0520137,0.0509025,0.049764,0.0486029,0.0474241,0.0462315,0.0450293,0.0438209,0.04261,0.0413992,0.0401919,0.0389903,0.037797,0.0366139,0.0354433,0.0342866,0.0331457,0.0320218,0.0309164,0.0298302,0.0287647,0.0277203,0.0266981,0.0256983,0.0247219,0.0237688,0.0228398,0.0219347,0.0210542,0.0201978,0.019366,0.0185584,0.0177752,0.0170161,0.016281,0.0155696,0.0148817,0.0142169,0.0135751,0.0129556,0.0123583,0.0117826,0.0112283,0.0106947,0.0101816,0.00968821,0.00921439,0.0087594,0.00832296,0.00790435,0.0075033,0.00711909,0.00675142,0.0063996,0.00606331,0.00574188,0.005435,0.00514201,0.00486259,0.00459611,0.00434225,0.00410042,0.0038703,0.00365132,0.00344316,0.00324529,0.00305741,0.002879,0.00270978,0.00254926,0.00239717,0.00225305,0.00211664,0.00198751,0.00186541,0.00174995,0.0016409,0.00153787,0.00144066,0.00134892,0.00126244,0.00118091,0.00110412,0.0010318,0.000963763,0.000899736,0.000839557,0.000782978,0.000729846,0.000679937,0.000633108,0.000589155,0.000547946,0.000509295,0.000473083,0.000439139,0.000407354,0.000377574,0.000349698,0.000323587,0.000299149,0.000276258,0.000254829,0.000234748,0.000215938,0.000198296,0.000181751,0.000166208,0.000151603,0.00013785,0.000124889,0.000112642,0.000101053,9.00503e-05,7.95807e-05,6.95795e-05,5.99947e-05,5.0767e-05,4.18459e-05,3.31759e-05,2.47078e-05,1.63886e-05
0,0.00391396,0.00780271,0.0116415,0.0154064,0.019075,0.0226265,0.026042,0.0293048,0.0324006,0.0353177,0.0380465,0.0405802,0.0429138,0.045045,0.0469731,0.0486994,0.0502265,0.051559,0.0527019,0.0536618,0.0544457,0.0550615,0.0555174,0.055822,0.0559839,0.0560123,0.0559157,0.0557032,0.0553831,0.0549642,0.0544542,0.0538616,0.0531934,0.0524574,0.0516601,0.0508085,0.0499085,0.0489664,0.0479873,0.046977,0.0459398,0.0448808,0.0438039,0.0427134,0.0416127,0.0405055,0.0393947,0.0382836,0.0371744,0.03607,0.0349723,0.0338836,0.0328055,0.03174,0.0306883,0.0296521,0.0286322,0.02763,0.0266462,0.0256819,0.0247375,0.0238139,0.0229112,0.0220303,0.0211711,0.0203341,0.0195193,0.0187271,0.0179571,0.0172097,0.0164845,0.0157817,0.0151009,0.014442,0.0138047,0.0131889,0.0125941,0.0120201,0.0114665,0.010933,0.010419,0.00992442,0.00944856,0.00899122,0.00855174,0.00812989,0.00772501,0.00733684,0.00696474,0.00660842,0.00626725,0.00594093,0.00562884,0.00533068,0.00504585,0.00477404,0.00451466,0.00426743,0.00403177,0.00380738,0.00359373,0.00339053,0.00319726,0.00301364,0.00283918,0.00267361,0.00251646,0.00236748,0.00222623,0.00209247,0.00196577,0.00184591,0.00173251,0.00162534,0.00152404,0.0014284,0.0013381,0.00125294,0.0011726,0.00109691,0.00102558,0.000958434,0.000895222,0.000835779,0.000779868,0.000727338,0.000677972,0.000631633,0.000588122,0.000547312,0.000509021,0.000473133,0.000439484,0.000407966,0.00037843,0.000350777,0.000324873,0.000300627,0.000277917,0.00025666,0.000236746,0.000218098,0.000200618,0.000184234,0.000168857,0.000154423,0.00014085,0.000128077,0.000116032,0.000104658,9.38869e-05,8.36678e-05,7.3938e-05,6.46483e-05,5.57412e-05,4.71693e-05,3.88793e-05,3.0825e-05,2.29562e-05,1.52273e-05
0,0.0035259,0.00702983,0.0104902,0.0138862,0.0171982,0.0204077,0.0234981,0.0264546,0.0292644,0.0319166,0.0344027,0.0367159,0.0388517,0.0408071,0.0425815,0.0441751,0.0455903,0.04683,0.047899,0.0488022,0.0495459,0.0501367,0.0505818,0.0508885,0.0510647,0.051118,0.0510565,0.0508877,0.0506198,0.05026,0.0498159,0.0492944,0.0487029,0.0480474,0.0473349,0.0465709,0.0457616,0.044912,0.0440277,0.0431131,0.0421731,0.0412117,0.0402331,0.0392408,0.0382385,0.037229,0.0362158,0.035201,0.0341877,0.0331778,0.0321738,0.0311771,0.03019,0.0292136,0.0282497,0.0272993,0.0263639,0.025444,0.0245411,0.0236554,0.0227881,0.0219393,0.0211099,0.0203,0.0195101,0.0187402,0.0179909,0.0172619,0.0165535,0.0158655,0.0151981,0.014551,0.0139242,0.0133174,0.0127306,0.0121632,0.0116154,0.0110865,0.0105765,0.0100847,0.00961119,0.00915525,0.00871673,0.00829505,0.00789,0.00750098,0.00712777,0.00676976,0.00642671,0.00609804,0.00578347,0.00548243,0.00519465,0.00491956,0.00465688,0.00440608,0.00416686,0.00393871,0.00372135,0.00351426,0.00331719,0.00312964,0.00295135,0.00278186,0.00262091,0.00246807,0.00232309,0.00218556,0.00205524,0.00193174,0.00181484,0.00170418,0.00159954,0.00150059,0.00140711,0.0013188,0.00123548,0.00115683,0.00108269,0.00101279,0.000946967,0.000884961,0.000826624,0.000771727,0.000720125,0.00067161,0.000626049,0.00058325,0.000543091,0.000505397,0.000470055,0.000436907,0.000405849,0.000376736,0.000349473,0.00032393,0.000300019,0.000277622,0.000256659,0.000237023,0.00021864,0.000201414,0.000185277,0.000170143,0.000155948,0.000142613,0.000130083,0.000118284,0.000107163,9.66554e-05,8.67115e-05,7.72711e-05,6.82877e-05,5.97061e-05,5.14817e-05,4.35635e-05,3.59085e-05,2.84687e-05,2.12022e-05,1.40634e-05
0,0.00316101,0.00630293,0.00940696,0.012455,0.0154297,0.0183152,0.0210965,0.0237608,0.0262964,0.0286937,0.0309446,0.0330432,0.0349848,0.0367667,0.0383876,0.0398477,0.0411483,0.0422922,0.0432826,0.0441242,0.0448218,0.0453814,0.0458088,0.0461109,0.046294,0.0463653,0.0463314,0.0461997,0.0459766,0.0456693,0.0452842,0.0448278,0.0443063,0.0437259,0.043092,0.0424105,0.0416864,0.0409248,0.0401302,0.0393074,0.0384602,0.0375928,0.0367086,0.0358114,0.0349039,0.0339896,0.0330707,0.0321501,0.03123,0.0303126,0.0293998,0.0284935,0.0275952,0.0267065,0.0258286,0.0249629,0.0241102,0.0232718,0.0224482,0.0216405,0.020849,0.0200745,0.0193171,0.0185777,0.0178562,0.0171531,0.0164683,0.0158023,0.0151547,0.0145259,0.0139157,0.0133241,0.0127508,0.0121959,0.011659,0.0111401,0.0106387,0.0101549,0.00968806,0.00923815,0.00880463,0.00838738,0.00798586,0.00759991,0.00722897,0.00687287,0.00653105,0.00620329,0.00588906,0.00558812,0.00529994,0.00502428,0.0047606,0.00450868,0.00426799,0.00403829,0.00381907,0.0036101,0.00341089,0.00322121,0.00304058,0.00286877,0.00270535,0.00255008,0.00240255,0.00226252,0.00212961,0.0020036,0.00188413,0.00177097,0.0016638,0.0015624,0.00146646,0.00137578,0.00129007,0.00120915,0.00113274,0.00106067,0.000992687,0.00092863,0.000868262,0.000811438,0.000757938,0.000707626,0.000660301,0.000615838,0.000574051,0.000534826,0.000497992,0.000463445,0.000431029,0.000400647,0.000372159,0.000345475,0.000320468,0.000297056,0.000275123,0.000254593,0.000235364,0.000217365,0.000200502,0.000184712,0.000169909,0.000156035,0.000143013,0.00013079,0.000119295,0.000108478,9.82767e-05,8.86437e-05,7.95217e-05,7.08667e-05,6.26259e-05,5.47578e-05,4.72136e-05,3.99533e-05,3.29316e-05,2.61096e-05,1.94445e-05,1.2898e-05
0,0.00281634,0.00561612,0.00838307,0.0111014,0.0137562,0.0163332,0.0188198,0.0212043,0.0234765,0.0256278,0.0276509,0.0295402,0.0312915,0.032902,0.0343705,0.0356964,0.036881,0.0379261,0.0388346,0.03961,0.0402568,0.0407796,0.041184,0.0414751,0.0416591,0.0417419,0.0417296,0.0416282,0.0414441,0.041183,0.040851,0.0404537,0.0399969,0.0394858,0.0389257,0.0383215,0.0376781,0.0369998,0.0362911,0.0355557,0.0347978,0.0340205,0.0332277,0.0324221,0.0316068,0.0307844,0.0299577,0.0291286,0.0282996,0.0274724,0.0266492,0.0258311,0.0250202,0.0242174,0.0234243,0.0226416,0.0218708,0.0211124,0.0203674,0.0196363,0.0189199,0.0182185,0.0175328,0.0168629,0.0162093,0.0155721,0.0149516,0.0143477,0.0137607,0.0131905,0.0126372,0.0121005,0.0115806,0.0110771,0.0105901,0.0101191,0.00966427,0.00922505,0.00880142,0.00839293,0.00799948,0.00762058,0.00725612,0.00690559,0.00656884,0.00624538,0.00593502,0.00563727,0.00535194,0.00507852,0.00481681,0.00456633,0.00432686,0.00409793,0.00387932,0.00367056,0.00347144,0.0032815,0.00310054,0.00292812,0.00276403,0.00260785,0.00245938,0.00231823,0.00218418,0.00205688,0.00193612,0.00182155,0.00171299,0.0016101,0.00151271,0.00142051,0.00133333,0.00125087,0.00117299,0.0010994,0.00102996,0.000964419,0.000902634,0.000844378,0.000789514,0.000737834,0.00068921,0.000643451,0.000600438,0.000559997,0.000522017,0.000486339,0.00045286,0.000421436,0.000391972,0.000364336,0.000338442,0.000314169,0.000291438,0.000270141,0.000250204,0.000231529,0.000214049,0.000197675,0.000182346,0.000167981,0.000154525,0.000141904,0.000130066,0.000118946,0.000108496,9.86556e-05,8.93811e-05,8.06177e-05,7.23243e-05,6.44507e-05,5.69581e-05,4.98005e-05,4.29408e-05,3.63364e-05,2.99514e-05,2.3746e-05,1.76849e-05,1.17304e-05
0,0.00248922,0.00496417,0.0074108,0.00981549,0.0121652,0.0144479,0.0166522,0.0187681,0.0207865,0.0226999,0.0245017,0.026187,0.0277516,0.0291931,0.0305099,0.0317018,0.0327691,0.0337134,0.034537,0.035243,0.0358347,0.0363164,0.0366924,0.0369677,0.037147,0.0372359,0.0372394,0.0371631,0.0370121,0.0367919,0.0365076,0.0361644,0.035767,0.0353206,0.0348295,0.0342983,0.0337312,0.0331323,0.0325052,0.0318539,0.0311815,0.0304915,0.0297867,0.0290701,0.028344,0.0276114,0.0268741,0.0261345,0.0253944,0.0246557,0.0239199,0.0231888,0.0224634,0.0217453,0.0210353,0.0203348,0.0196443,0.018965,0.0182974,0.0176422,0.0169999,0.0163711,0.015756,0.0151552,0.0145687,0.013997,0.01344,0.0128981,0.0123711,0.0118592,0.0113622,0.0108803,0.0104133,0.0099611,0.00952348,0.00910046,0.00869166,0.00829706,0.00791627,0.00754923,0.0071955,0.006855,0.00652729,0.00621224,0.00590941,0.00561865,0.00533952,0.00507185,0.0048152,0.00456938,0.00433396,0.00410874,0.0038933,0.00368744,0.00349075,0.00330302,0.00312385,0.00295304,0.00279019,0.00263512,0.00248745,0.00234698,0.00221336,0.0020864,0.00196575,0.00185124,0.00174254,0.00163949,0.00154177,0.00144921,0.00136154,0.0012786,0.00120011,0.00112594,0.00105582,0.000989612,0.000927095,0.000868129,0.000812503,0.000760089,0.000710692,0.000664193,0.000620413,0.00057924,0.000540511,0.000504123,0.000469925,0.000437821,0.000407675,0.000379399,0.000352867,0.000327999,0.000304681,0.000282839,0.00026237,0.000243205,0.000225251,0.000208446,0.000192704,0.000177969,0.000164164,0.000151237,0.000139119,0.00012776,0.000117099,0.000107092,9.76802e-05,8.88241e-05,8.04715e-05,7.25843e-05,6.51153e-05,5.80286e-05,5.1281e-05,4.48385e-05,3.86611e-05,3.27161e-05,2.69664e-05,2.13801e-05,1.59224e-05,1.05617e-05
0,0.00217729,0.00434236,0.0064832,0.00858812,0.010646,0.0126463,0.0145794,0.0164364,0.0182097,0.0198924,0.021479,0.0229647,0.0243462,0.0256209,0.0267875,0.0278452,0.0287946,0.0296366,0.0303731,0.0310065,0.0315399,0.0319764,0.0323201,0.0325749,0.0327451,0.0328352,0.0328498,0.0327935,0.032671,0.0324867,0.0322455,0.0319515,0.0316094,0.0312231,0.0307969,0.0303346,0.0298401,0.0293168,0.0287682,0.0281975,0.0276078,0.0270018,0.0263824,0.0257519,0.0251129,0.0244674,0.0238177,0.0231654,0.0225124,0.0218602,0.0212106,0.0205645,0.0199235,0.0192885,0.0186607,0.0180409,0.01743,0.0168286,0.0162376,0.0156574,0.0150886,0.0145314,0.0139865,0.013454,0.0129342,0.0124273,0.0119336,0.0114529,0.0109856,0.0105315,0.0100908,0.00966316,0.00924884,0.00884751,0.00845925,0.00808373,0.00772098,0.00737064,0.00703269,0.00670676,0.00639279,0.00609039,0.00579947,0.00551964,0.00525079,0.00499251,0.00474466,0.00450687,0.00427896,0.00406055,0.00385149,0.00365137,0.00346003,0.0032771,0.0031024,0.00293557,0.00277642,0.00262461,0.00247996,0.00234213,0.00221095,0.00208609,0.00196738,0.00185452,0.00174734,0.00164555,0.00154898,0.00145736,0.00137054,0.00128825,0.00121036,0.00113661,0.00106688,0.00100092,0.000938618,0.000879753,0.000824202,0.000771771,0.000722341,0.000675734,0.000631839,0.000590491,0.000551586,0.000514973,0.000480556,0.000448196,0.000417806,0.000389255,0.000362465,0.000337318,0.00031374,0.000291623,0.0002709,0.000251475,0.000233283,0.000216238,0.000200281,0.000185334,0.000171344,0.000158239,0.000145969,0.000134472,0.000123701,0.000113598,0.000104123,9.52212e-05,8.68561e-05,7.89791e-05,7.15548e-05,6.45396e-05,5.79005e-05,5.15975e-05,4.55993e-05,3.98693e-05,3.43777e-05,2.90904e-05,2.39788e-05,1.90108e-05,1.41584e-05,9.39129e-06
0,0.00187838,0.00374642,0.00559394,0.00741106,0.00918828,0.0109167,0.0125881,0.014195,0.0157306,0.0171891,0.0185657,0.0198562,0.0210577,0.0221678,0.0231852,0.0241093,0.0249402,0.0256788,0.0263263,0.026885,0.027357,0.0277453,0.028053,0.0282836,0.0284406,0.0285279,0.0285493,0.0285088,0.0284104,0.0282581,0.0280556,0.0278071,0.027516,0.0271863,0.0268212,0.0264245,0.025999,0.0255482,0.0250748,0.0245819,0.0240719,0.0235475,0.0230109,0.0224645,0.0219101,0.02135,0.0207856,0.0202189,0.0196513,0.0190842,0.018519,0.0179568,0.0173987,0.0168458,0.0162989,0.015759,0.0152265,0.0147024,0.014187,0.0136811,0.0131849,0.0126989,0.0122234,0.0117588,0.0113051,0.0108627,0.0104315,0.010012,0.00960381,0.00920731,0.00882228,0.00844887,0.00808685,0.00773632,0.00739701,0.00706897,0.00675191,0.00644582,0.00615039,0.00586559,0.0055911,0.00532683,0.00507246,0.00482789,0.00459278,0.00436703,0.00415028,0.00394241,0.00374308,0.00355214,0.00336927,0.00319431,0.00302694,0.002867,0.00271417,0.00256829,0.00242906,0.00229631,0.00216975,0.00204923,0.00193445,0.00182526,0.00172139,0.00162269,0.00152889,0.00143987,0.00135536,0.00127523,0.00119925,0.00112728,0.00105911,0.000994613,0.000933578,0.000875891,0.000821359,0.000769871,0.000721249,0.000675388,0.000632122,0.000591354,0.000552932,0.000516763,0.000482708,0.000450681,0.000420554,0.000392247,0.000365643,0.000340668,0.000317215,0.000295217,0.000274576,0.000255228,0.000237087,0.000220093,0.000204167,0.000189255,0.000175286,0.00016221,0.000149961,0.000138496,0.000127754,0.000117695,0.000108265,9.94266e-05,9.11306e-05,8.33429e-05,7.60191e-05,6.91273e-05,6.26273e-05,5.64894e-05,5.06768e-05,4.51617e-05,3.99105e-05,3.48966e-05,3.0089e-05,2.54622e-05,2.09874e-05,1.66398e-05,1.23921e-05,8.22001e-06
0,0.00159051,0.00317241,0.00473723,0.00627669,0.00778292,0.00924843,0.0106663,0.0120303,0.0133347,0.0145747,0.0157459,0.016845,0.0178694,0.0188169,0.0196864,0.0204772,0.0211894,0.0218236,0.0223809,0.0228627,0.0232712,0.0236085,0.0238774,0.0240805,0.024221,0.0243019,0.0243267,0.0242984,0.0242206,0.0240964,0.0239294,0.0237226,0.0234794,0.0232028,0.0228958,0.0225612,0.0222021,0.0218208,0.0214202,0.0210023,0.0205697,0.0201244,0.0196686,0.019204,0.0187325,0.0182557,0.0177753,0.0172925,0.0168088,0.0163253,0.0158433,0.0153637,0.0148875,0.0144155,0.0139487,0.0134875,0.0130328,0.012585,0.0121447,0.0117122,0.0112882,0.0108726,0.0104661,0.0100687,0.00968081,0.00930233,0.00893361,0.00857457,0.00822543,0.00788608,0.00755665,0.007237,0.00692722,0.00662711,0.00633672,0.00605582,0.00578443,0.00552229,0.0052694,0.00502547,0.00479046,0.00456409,0.0043463,0.00413678,0.00393546,0.00374205,0.00355643,0.00337833,0.00320762,0.00304401,0.00288739,0.00273746,0.0025941,0.00245703,0.00232613,0.0022011,0.00208184,0.00196806,0.00185965,0.00175634,0.00165801,0.00156442,0.00147544,0.00139083,0.00131048,0.00123416,0.00116176,0.00109306,0.00102797,0.000966267,0.00090786,0.000852562,0.000800268,0.000750808,0.000704085,0.000659939,0.000618278,0.000578955,0.000541883,0.000506927,0.000474004,0.000442991,0.00041381,0.000386347,0.000360531,0.000336258,0.000313461,0.000292045,0.000271948,0.000253084,0.000235396,0.000218804,0.000203258,0.000188685,0.000175037,0.000162249,0.000150278,0.000139064,0.000128567,0.000118735,0.000109529,0.000100903,9.28212e-05,8.52411e-05,7.81315e-05,7.14525e-05,6.51759e-05,5.92653e-05,5.36946e-05,4.84306e-05,4.34488e-05,3.87191e-05,3.42182e-05,2.99185e-05,2.57976e-05,2.183e-05,1.79942e-05,1.42661e-05,1.06248e-05,7.04744e-06
0,0.00131186,0.00261672,0.00390766,0.005178,0.00642126,0.00763138,0.00880269,0.00993004,0.0110088,0.0120349,0.0130048,0.0139157,0.0147654,0.0155521,0.0162748,0.0169329,0.0175263,0.0180555,0.0185213,0.018925,0.0192679,0.0195522,0.0197797,0.0199528,0.0200739,0.0201457,0.0201706,0.0201516,0.0200912,0.0199924,0.0198576,0.0196898,0.0194914,0.0192652,0.0190134,0.0187387,0.0184431,0.0181291,0.0177987,0.0174539,0.0170965,0.0167286,0.0163515,0.0159671,0.0155767,0.0151818,0.0147836,0.0143835,0.0139823,0.0135813,0.0131813,0.0127833,0.012388,0.0119961,0.0116083,0.0112253,0.0108475,0.0104754,0.0101094,0.00974999,0.00939737,0.00905196,0.00871386,0.00838343,0.0080607,0.00774594,0.00743913,0.00714048,0.00684991,0.00656758,0.00629338,0.00602741,0.00576952,0.00551977,0.00527799,0.00504421,0.00481822,0.00460003,0.00438943,0.00418637,0.00399064,0.00380219,0.00362078,0.00344635,0.00327865,0.00311761,0.00296298,0.00281468,0.00267245,0.00253622,0.00240572,0.00228087,0.00216142,0.00204727,0.00193819,0.00183407,0.00173468,0.00163993,0.00154958,0.00146354,0.00138159,0.00130364,0.00122948,0.00115901,0.00109204,0.00102847,0.000968124,0.000910905,0.000856646,0.000805253,0.000756569,0.000710505,0.000666916,0.000625715,0.000586768,0.000549993,0.000515265,0.000482508,0.000451604,0.000422484,0.000395038,0.000369202,0.000344875,0.000321997,0.000300475,0.000280254,0.000261248,0.000243407,0.000226652,0.000210936,0.000196189,0.000182367,0.000169406,0.000157265,0.000145886,0.000135232,0.000125251,0.000115908,0.000107157,9.8965e-05,9.12898e-05,8.41025e-05,7.73645e-05,7.1049e-05,6.51212e-05,5.95565e-05,5.43232e-05,4.93986e-05,4.47539e-05,4.03679e-05,3.62143e-05,3.22733e-05,2.85207e-05,2.49378e-05,2.15022e-05,1.81959e-05,1.49981e-05,1.18912e-05,8.85576e-06,5.87425e-06
0,0.00104072,0.00207594,0.00310026,0.00410838,0.00509528,0.00605614,0.00698653,0.00788235,0.00873996,0.00955611,0.0103281,0.0110535,0.0117307,0.0123581,0.012935,0.0134608,0.0139355,0.0143592,0.0147328,0.015057,0.0153331,0.0155624,0.0157467,0.0158876,0.0159871,0.0160472,0.0160701,0.0160578,0.0160125,0.0159363,0.0158314,0.0157,0.0155442,0.0153659,0.0151672,0.0149499,0.0147161,0.0144672,0.0142052,0.0139315,0.0136478,0.0133553,0.0130556,0.0127498,0.0124392,0.0121248,0.0118078,0.011489,0.0111694,0.0108498,0.010531,0.0102136,0.0098984,0.0095858,0.00927648,0.00897081,0.00866932,0.0083723,0.00808021,0.00779322,0.00751174,0.00723586,0.00696592,0.00670195,0.00644423,0.00619274,0.00594769,0.00570903,0.00547692,0.00525128,0.00503221,0.00481962,0.00461356,0.00441391,0.00422071,0.0040338,0.0038532,0.00367875,0.00351043,0.00334806,0.00319161,0.00304091,0.0028959,0.0027564,0.00262235,0.00249355,0.00236993,0.00225132,0.00213762,0.00202864,0.00192431,0.00182444,0.00172894,0.00163762,0.00155041,0.00146711,0.00138765,0.00131184,0.0012396,0.00117076,0.00110523,0.00104286,0.000983563,0.000927178,0.000873626,0.000822762,0.000774507,0.000728723,0.000685333,0.000644209,0.000605277,0.000568417,0.000533559,0.000500589,0.000469443,0.000440014,0.000412241,0.000386027,0.000361313,0.000338008,0.00031606,0.000295383,0.000275928,0.000257618,0.000240407,0.000224223,0.000209023,0.000194744,0.000181344,0.000168766,0.000156972,0.00014591,0.000135544,0.000125826,0.000116726,0.000108199,0.000100216,9.27385e-05,8.57392e-05,7.91824e-05,7.30439e-05,6.72912e-05,6.19021e-05,5.68472e-05,5.21061e-05,4.76521e-05,4.34664e-05,3.95247e-05,3.58096e-05,3.22992e-05,2.89768e-05,2.58226e-05,2.28209e-05,1.99533e-05,1.72051e-05,1.4559e-05,1.20008e-05,9.51448e-06,7.08598e-06,4.70015e-06
0,0.000775469,0.00154688,0.00231024,0.00306164,0.00379734,0.00451381,0.00520772,0.00587609,0.00651616,0.00712555,0.00770218,0.00824436,0.00875068,0.00922016,0.00965205,0.010046,0.0104019,0.01072,0.0110006,0.0112445,0.0114525,0.0116256,0.0117651,0.0118722,0.0119484,0.0119951,0.0120139,0.0120063,0.011974,0.0119186,0.0118416,0.0117448,0.0116295,0.0114974,0.0113499,0.0111886,0.0110146,0.0108294,0.0106341,0.0104302,0.0102186,0.0100004,0.00977667,0.00954839,0.00931637,0.00908155,0.00884461,0.00860637,0.00836742,0.00812846,0.00788999,0.00765261,0.00741673,0.00718287,0.00695134,0.0067226,0.00649688,0.00627457,0.00605583,0.00584098,0.00563015,0.00542359,0.00522136,0.00502369,0.00483059,0.00464223,0.00445861,0.00427984,0.00410589,0.00393686,0.00377267,0.00361339,0.00345893,0.00330934,0.00316451,0.00302446,0.00288907,0.00275834,0.00263214,0.00251045,0.00239316,0.00228021,0.00217148,0.00206693,0.0019664,0.00186986,0.00177717,0.00168826,0.00160299,0.0015213,0.00144306,0.0013682,0.00129657,0.00122812,0.0011627,0.00110026,0.00104066,0.000983829,0.000929644,0.000878038,0.000828889,0.000782131,0.000737648,0.000695377,0.000655206,0.000617073,0.000580874,0.00054655,0.000514,0.000483169,0.000453962,0.000426327,0.000400176,0.000375458,0.000352091,0.000330028,0.000309192,0.000289538,0.000270996,0.000253524,0.000237056,0.000221554,0.000206958,0.00019323,0.000180316,0.000168182,0.000156778,0.000146072,0.000136018,0.000126588,0.000117739,0.000109444,0.000101666,9.43803e-05,8.75521e-05,8.11587e-05,7.51691e-05,6.95625e-05,6.43106e-05,5.93944e-05,5.47884e-05,5.04751e-05,4.64314e-05,4.26412e-05,3.90837e-05,3.57441e-05,3.26033e-05,2.96478e-05,2.68602e-05,2.42279e-05,2.17351e-05,1.93698e-05,1.71177e-05,1.49673e-05,1.29053e-05,1.09209e-05,9.00167e-06,7.13696e-06,5.31512e-06,3.52566e-06
0,0.000514585,0.00102649,0.00153309,0.0020318,0.00252015,0.00299581,0.0034566,0.00390051,0.00432574,0.00473069,0.00511401,0.00547454,0.00581138,0.0061238,0.00641138,0.0066738,0.00691104,0.00712317,0.0073105,0.00747342,0.00761254,0.00772849,0.00782208,0.00789414,0.00794564,0.00797751,0.00799082,0.00798656,0.00796585,0.0079297,0.00787922,0.00781542,0.00773938,0.00765207,0.00755451,0.00744761,0.00733233,0.00720951,0.00708003,0.00694464,0.00680416,0.00665924,0.00651063,0.00635891,0.00620473,0.00604859,0.00589107,0.0057326,0.00557369,0.0054147,0.00525607,0.00509808,0.00494114,0.00478546,0.00463138,0.00447908,0.00432884,0.00418079,0.00403518,0.00389208,0.00375171,0.00361412,0.00347946,0.00334778,0.00321918,0.00309369,0.0029714,0.00285228,0.00273642,0.00262378,0.00251442,0.00240827,0.00230538,0.00220569,0.00210921,0.00201586,0.00192566,0.00183852,0.00175445,0.00167334,0.00159519,0.0015199,0.00144745,0.00137776,0.00131078,0.00124642,0.00118465,0.00112538,0.00106856,0.0010141,0.000961966,0.000912054,0.000864325,0.000818687,0.000775097,0.000733464,0.000693746,0.000655854,0.000619745,0.000585335,0.000552582,0.000521405,0.000491761,0.000463574,0.000436804,0.000411376,0.000387253,0.000364364,0.000342672,0.000322112,0.000302649,0.00028422,0.000266792,0.000250309,0.000234736,0.000220023,0.000206137,0.00019303,0.000180673,0.000169021,0.000158046,0.000147708,0.00013798,0.000128825,0.000120219,0.000112126,0.000104526,9.73858e-05,9.06856e-05,8.4396e-05,7.84985e-05,7.29666e-05,6.77831e-05,6.29238e-05,5.83731e-05,5.41091e-05,5.01173e-05,4.63779e-05,4.28777e-05,3.95989e-05,3.65291e-05,3.36523e-05,3.09573e-05,2.84295e-05,2.60585e-05,2.38311e-05,2.17378e-05,1.97667e-05,1.79088e-05,1.61532e-05,1.44917e-05,1.29142e-05,1.1413e-05,9.97895e-06,8.60452e-06,7.28119e-06,6.0018e-06,4.75835e-06,3.54382e-06,2.35063e-06
