0,0,0,0,0,0,0,0,0,0,0,0,0,0,0,0,0,0,0,0,0,0,0,0,0,0,0,0,0,0,0,0,0,0,0,0,0,0,0,0,0,0,0,0,0,0,0,0,0,0,0,0,0,0,0,0,0,0,0,0,0,0,0,0,0,0,0,0,0,0,0,0,0,0,0,0,0,0,0,0,0,0,0,0,0,0,0,0,0,0,0,0,0,0,0,0,0,0,0,0,0,0,0,0,0,0,0,0,0,0,0,0,0,0,0,0,0,0,0,0,0,0,0,0,0,0,0,0,0,0,0,0,0,0,0,0,0,0,0,0,0,0,0,0,0,0,0,0,0,0,0,0,0,0,0,0,0,0,0,0,0
0,0.000336701,0.000671999,0.00100451,0.00133288,0.00165581,0.00197206,0.00228047,0.00257999,0.00286963,0.00314854,0.00341597,0.00367126,0.00391391,0.0041435,0.00435972,0.00456237,0.00475137,0.0049267,0.00508844,0.00523675,0.00537185,0.00549403,0.00560362,0.005701,0.0057866,0.00586086,0.00592424,0.00597723,0.00602033,0.00605403,0.00607884,0.00609525,0.00610377,0.00610486,0.00609901,0.00608668,0.0060683,0.00604431,0.00601512,0.00598113,0.0059427,0.00590021,0.00585399,0.00580436,0.00575163,0.00569609,0.005638,0.00557764,0.00551522,0.00545099,0.00538515,0.0053179,0.00524941,0.00517988,0.00510944,0.00503825,0.00496645,0.00489416,0.00482151,0.0047486,0.00467554,0.00460241,0.0045293,0.00445629,0.00438345,0.00431086,0.00423856,0.00416662,0.00409508,0.00402399,0.00395339,0.00388333,0.00381382,0.00374491,0.00367661,0.00360896,0.00354197,0.00347566,0.00341005,0.00334515,0.00328097,0.00321753,0.00315482,0.00309286,0.00303165,0.0029712,0.0029115,0.00285256,0.00279437,0.00273693,0.00268025,0.00262431,0.00256912,0.00251467,0.00246095,0.00240795,0.00235568,0.00230412,0.00225326,0.0022031,0.00215362,0.00210482,0.0020567,0.00200923,0.00196241,0.00191622,0.00187067,0.00182574,0.00178141,0.00173767,0.00169452,0.00165195,0.00160994,0.00156847,0.00152755,0.00148716,0.00144728,0.0014079,0.00136902,0.00133062,0.00129269,0.00125522,0.00121819,0.0011816,0.00114543,0.00110967,0.00107431,0.00103933,0.00100474,0.000970506,0.000936628,0.00090309,0.000869883,0.000836994,0.000804412,0.000772125,0.000740123,0.000708394,0.000676927,0.00064571,0.000614733,0.000583983,0.000553451,0.000523125,0.000492993,0.000463045,0.000433271,0.000403658,0.000374196,0.000344874,0.000315682,0.000286607,0.000257641,0.000228771,0.000199987,0.000171278,0.000142633,0.000114042,8.54941e-05,5.69782e-05
0,0.000674805,0.00134679,0.00201316,0.0026712,0.00331829,0.00395195,0.00456985,0.00516985,0.00575,0.00630858,0.00684406,0.00735518,0.00784089,0.00830036,0.008733,0.00913841,0.00951641,0.00986699,0.0101903,0.0104867,0.0107566,0.0110006,0.0112195,0.0114138,0.0115846,0.0117326,0.0118589,0.0119644,0.0120501,0.012117,0.0121661,0.0121984,0.012215,0.0122167,0.0122045,0.0121794,0.0121422,0.0120938,0.0120351,0.0119667,0.0118895,0.0118042,0.0117114,0.0116118,0.0115061,0.0113947,0.0112783,0.0111573,0.0110323,0.0109036,0.0107717,0.010637,0.0104999,0.0103607,0.0102196,0.0100771,0.00993341,0.00978872,0.0096433,0.00949738,0.00935116,0.00920481,0.00905852,0.00891243,0.00876669,0.00862144,0.00847679,0.00833285,0.00818973,0.00804752,0.00790628,0.00776611,0.00762707,0.00748922,0.0073526,0.00721728,0.00708328,0.00695065,0.00681941,0.0066896,0.00656124,0.00643434,0.00630893,0.006185,0.00606258,0.00594167,0.00582227,0.00570438,0.00558801,0.00547314,0.00535978,0.00524791,0.00513753,0.00502863,0.00492119,0.00481521,0.00471067,0.00460755,0.00450584,0.00440553,0.00430659,0.004209,0.00411276,0.00401783,0.0039242,0.00383184,0.00374075,0.00365089,0.00356224,0.00347478,0.0033885,0.00330336,0.00321934,0.00313643,0.0030546,0.00297382,0.00289407,0.00281533,0.00273758,0.00266079,0.00258494,0.00251,0.00243596,0.00236279,0.00229046,0.00221895,0.00214824,0.00207831,0.00200913,0.00194068,0.00187293,0.00180586,0.00173946,0.00167369,0.00160854,0.00154398,0.00147999,0.00141654,0.00135361,0.00129119,0.00122925,0.00116776,0.00110671,0.00104606,0.000985811,0.000925926,0.000866387,0.000807172,0.000748258,0.000689625,0.00063125,0.000573112,0.000515189,0.00045746,0.000399902,0.000342494,0.000285215,0.000228043,0.000170958,0.000113936
0,0.00101573,0.00202719,0.00303014,0.00402047,0.00499421,0.00594761,0.00687714,0.00777957,0.00865196,0.00949171,0.0102965,0.0110645,0.0117941,0.0124841,0.0131335,0.0137419,0.0143089,0.0148346,0.0153191,0.0157632,0.0161673,0.0165325,0.0168598,0.0171502,0.0174053,0.0176261,0.0178143,0.0179713,0.0180986,0.0181977,0.0182701,0.0183174,0.018341,0.0183424,0.018323,0.0182842,0.0182274,0.0181538,0.0180646,0.0179612,0.0178444,0.0177156,0.0175756,0.0174255,0.0172662,0.0170985,0.0169232,0.0167412,0.016553,0.0163595,0.0161612,0.0159587,0.0157526,0.0155433,0.0153314,0.0151173,0.0149014,0.014684,0.0144657,0.0142465,0.014027,0.0138072,0.0135876,0.0133683,0.0131495,0.0129315,0.0127144,0.0124983,0.0122835,0.0120701,0.0118582,0.0116478,0.0114392,0.0112323,0.0110274,0.0108243,0.0106233,0.0104243,0.0102274,0.0100327,0.00984009,0.00964973,0.00946159,0.00927569,0.00909205,0.00891068,0.00873158,0.00855475,0.00838019,0.0082079,0.00803786,0.00787007,0.00770451,0.00754117,0.00738004,0.00722108,0.00706429,0.00690963,0.00675709,0.00660664,0.00645825,0.00631189,0.00616755,0.00602518,0.00588476,0.00574625,0.00560963,0.00547487,0.00534192,0.00521077,0.00508137,0.00495369,0.00482769,0.00470335,0.00458063,0.00445949,0.00433989,0.00422182,0.00410522,0.00399006,0.00387631,0.00376394,0.0036529,0.00354317,0.0034347,0.00332747,0.00322143,0.00311656,0.00301282,0.00291017,0.00280858,0.00270801,0.00260843,0.00250981,0.0024121,0.00231529,0.00221933,0.00212418,0.00202982,0.00193622,0.00184333,0.00175112,0.00165957,0.00156863,0.00147828,0.00138848,0.00129919,0.0012104,0.00112205,0.00103413,0.000946594,0.000859412,0.000772553,0.000685985,0.000599673,0.000513588,0.000427695,0.000341963,0.00025636,0.000170853
0,0.00136094,0.0027161,0.00405975,0.00538633,0.00669049,0.00796714,0.00921155,0.0104193,0.0115866,0.0127098,0.0137859,0.0148123,0.015787,0.0167083,0.0175752,0.0183867,0.0191427,0.0198432,0.0204886,0.0210795,0.021617,0.0221023,0.0225369,0.0229222,0.0232601,0.0235524,0.0238011,0.024008,0.0241754,0.0243052,0.0243994,0.0244601,0.0244893,0.024489,0.024461,0.0244072,0.0243294,0.0242293,0.0241086,0.0239689,0.0238116,0.0236382,0.0234501,0.0232485,0.0230347,0.0228099,0.022575,0.0223311,0.0220792,0.0218202,0.0215549,0.021284,0.0210084,0.0207286,0.0204454,0.0201593,0.0198708,0.0195805,0.0192888,0.0189962,0.018703,0.0184096,0.0181164,0.0178236,0.0175316,0.0172407,0.0169509,0.0166626,0.016376,0.0160913,0.0158085,0.0155279,0.0152496,0.0149737,0.0147003,0.0144294,0.0141613,0.0138959,0.0136333,0.0133736,0.0131168,0.012863,0.0126121,0.0123642,0.0121193,0.0118775,0.0116387,0.0114029,0.0111702,0.0109405,0.0107138,0.0104901,0.0102694,0.0100516,0.00983677,0.00962486,0.00941584,0.00920967,0.00900631,0.00880575,0.00860794,0.00841285,0.00822043,0.00803065,0.00784347,0.00765884,0.00747673,0.0072971,0.00711989,0.00694506,0.00677258,0.00660239,0.00643445,0.00626871,0.00610513,0.00594367,0.00578426,0.00562688,0.00547147,0.00531798,0.00516637,0.00501659,0.00486859,0.00472233,0.00457777,0.00443484,0.00429351,0.00415374,0.00401546,0.00387865,0.00374324,0.0036092,0.00347649,0.00334504,0.00321482,0.00308578,0.00295788,0.00283108,0.00270532,0.00258056,0.00245675,0.00233386,0.00221184,0.00209064,0.00197022,0.00185053,0.00173154,0.00161319,0.00149545,0.00137826,0.0012616,0.0011454,0.00102964,0.000914264,0.00079923,0.000684497,0.000570021,0.00045576,0.00034167,0.000227709
0,0.00171194,0.00341651,0.00510644,0.00677463,0.00841427,0.0100189,0.0115826,0.0130997,0.0145653,0.0159749,0.0173249,0.0186118,0.0198332,0.0209871,0.0220721,0.0230872,0.0240321,0.024907,0.0257125,0.0264493,0.027119,0.027723,0.0282632,0.0287416,0.0291606,0.0295224,0.0298295,0.0300844,0.0302898,0.0304482,0.0305622,0.0306344,0.0306673,0.0306633,0.0306248,0.0305542,0.0304537,0.0303255,0.0301717,0.0299942,0.0297949,0.0295756,0.0293381,0.0290838,0.0288144,0.0285313,0.0282358,0.0279292,0.0276126,0.0272873,0.0269542,0.0266142,0.0262684,0.0259176,0.0255624,0.0252037,0.0248422,0.0244784,0.024113,0.0237465,0.0233793,0.0230119,0.0226448,0.0222784,0.0219129,0.0215487,0.0211861,0.0208254,0.0204668,0.0201106,0.0197568,0.0194058,0.0190577,0.0187126,0.0183707,0.018032,0.0176967,0.0173648,0.0170365,0.0167118,0.0163907,0.0160733,0.0157597,0.0154498,0.0151437,0.0148414,0.0145429,0.0142482,0.0139573,0.0136701,0.0133868,0.0131072,0.0128313,0.0125592,0.0122907,0.0120259,0.0117646,0.011507,0.0112529,0.0110022,0.010755,0.0105112,0.0102708,0.0100336,0.00979972,0.00956901,0.00934145,0.00911699,0.00889556,0.00867711,0.00846158,0.00824893,0.00803909,0.007832,0.00762761,0.00742586,0.00722669,0.00703005,0.00683587,0.00664409,0.00645466,0.00626753,0.00608262,0.00589988,0.00571925,0.00554068,0.00536411,0.00518947,0.00501671,0.00484578,0.00467661,0.00450914,0.00434332,0.0041791,0.00401641,0.00385519,0.0036954,0.00353697,0.00337985,0.00322398,0.00306931,0.00291577,0.00276332,0.0026119,0.00246146,0.00231193,0.00216327,0.00201541,0.00186831,0.00172191,0.00157615,0.00143099,0.00128636,0.00114222,0.000998501,0.000855162,0.000712144,0.000569393,0.000426858,0.000284483
0,0.00207032,0.00413158,0.00617487,0.00819147,0.0101731,0.0121117,0.0140002,0.0158316,0.0175999,0.0192999,0.0209268,0.0224769,0.0239471,0.0253349,0.0266388,0.0278579,0.0289916,0.0300404,0.0310049,0.0318865,0.0326866,0.0334075,0.0340513,0.0346206,0.0351183,0.0355471,0.0359101,0.0362105,0.0364513,0.0366358,0.036767,0.0368481,0.0368821,0.0368721,0.0368208,0.0367312,0.0366059,0.0364475,0.0362586,0.0360414,0.0357983,0.0355314,0.0352428,0.0349344,0.034608,0.0342652,0.0339078,0.0335373,0.033155,0.0327623,0.0323604,0.0319505,0.0315336,0.0311108,0.0306831,0.0302512,0.029816,0.0293781,0.0289384,0.0284975,0.0280559,0.0276141,0.0271728,0.0267322,0.0262929,0.0258552,0.0254196,0.0249862,0.0245554,0.0241274,0.0237025,0.023281,0.0228629,0.0224485,0.0220379,0.0216313,0.0212287,0.0208303,0.0204362,0.0200464,0.019661,0.0192801,0.0189037,0.0185317,0.0181644,0.0178016,0.0174434,0.0170897,0.0167407,0.0163962,0.0160562,0.0157207,0.0153897,0.0150632,0.0147411,0.0144234,0.01411,0.0138009,0.013496,0.0131954,0.0128988,0.0126064,0.0123179,0.0120335,0.0117529,0.0114762,0.0112032,0.010934,0.0106684,0.0104063,0.0101478,0.00989277,0.00964108,0.0093927,0.00914756,0.00890558,0.0086667,0.00843085,0.00819796,0.00796796,0.00774077,0.00751632,0.00729456,0.0070754,0.00685877,0.00664461,0.00643285,0.0062234,0.00601622,0.00581122,0.00560833,0.0054075,0.00520864,0.00501169,0.00481658,0.00462324,0.00443161,0.00424162,0.00405319,0.00386626,0.00368077,0.00349665,0.00331383,0.00313224,0.00295182,0.0027725,0.00259422,0.00241691,0.0022405,0.00206493,0.00189014,0.00171606,0.00154262,0.00136976,0.00119741,0.00102552,0.00085401,0.000682823,0.000511892,0.000341154
0,0.00243775,0.00486464,0.00726998,0.00964335,0.0119748,0.0142548,0.0164748,0.0186265,0.020703,0.0226979,0.0246057,0.026422,0.0281432,0.0297667,0.0312906,0.0327138,0.0340362,0.035258,0.0363804,0.037405,0.0383337,0.0391691,0.039914,0.0405714,0.0411448,0.0416376,0.0420535,0.0423961,0.0426692,0.0428766,0.043022,0.0431089,0.0431412,0.0431221,0.0430553,0.0429439,0.0427912,0.0426002,0.0423737,0.0421147,0.0418256,0.0415091,0.0411675,0.0408031,0.0404179,0.040014,0.0395932,0.0391572,0.0387079,0.0382465,0.0377747,0.0372938,0.0368049,0.0363093,0.035808,0.0353021,0.0347924,0.0342799,0.0337653,0.0332493,0.0327327,0.0322161,0.0317,0.031185,0.0306715,0.03016,0.0296509,0.0291445,0.0286412,0.0281413,0.0276451,0.0271528,0.0266646,0.0261808,0.0257014,0.0252267,0.0247568,0.0242917,0.0238317,0.0233768,0.022927,0.0224825,0.0220433,0.0216093,0.0211807,0.0207574,0.0203395,0.0199269,0.0195197,0.0191178,0.0187212,0.0183299,0.0179438,0.017563,0.0171873,0.0168167,0.0164512,0.0160907,0.0157352,0.0153845,0.0150387,0.0146976,0.0143613,0.0140295,0.0137023,0.0133797,0.0130614,0.0127474,0.0124377,0.0121322,0.0118308,0.0115334,0.0112399,0.0109503,0.0106645,0.0103823,0.0101038,0.00982882,0.00955728,0.00928911,0.00902423,0.00876256,0.008504,0.00824849,0.00799593,0.00774625,0.00749936,0.00725518,0.00701363,0.00677463,0.0065381,0.00630396,0.00607213,0.00584252,0.00561506,0.00538966,0.00516626,0.00494476,0.00472509,0.00450718,0.00429093,0.00407629,0.00386315,0.00365146,0.00344113,0.00323209,0.00302425,0.00281754,0.00261189,0.00240722,0.00220346,0.00200051,0.00179832,0.00159681,0.0013959,0.00119551,0.000995571,0.000796007,0.000596743,0.000397704
0,0.00281603,0.00561926,0.00839707,0.0111372,0.0138279,0.0164581,0.0190175,0.0214969,0.0238878,0.0261829,0.0283761,0.0304622,0.0324372,0.0342981,0.036043,0.0376707,0.0391812,0.0405752,0.0418539,0.0430194,0.0440742,0.0450213,0.0458641,0.0466064,0.0472521,0.0478052,0.0482702,0.0486514,0.048953,0.0491796,0.0493354,0.0494246,0.0494515,0.0494202,0.0493344,0.0491982,0.049015,0.0487883,0.0485216,0.048218,0.0478805,0.047512,0.0471152,0.0466926,0.0462467,0.0457797,0.0452937,0.0447908,0.0442728,0.0437415,0.0431984,0.0426451,0.042083,0.0415135,0.0409377,0.0403569,0.0397719,0.0391839,0.0385936,0.038002,0.0374098,0.0368177,0.0362264,0.0356364,0.0350482,0.0344625,0.0338796,0.0332999,0.0327239,0.0321518,0.031584,0.0310207,0.0304622,0.0299087,0.0293604,0.0288175,0.0282801,0.0277483,0.0272223,0.0267022,0.026188,0.0256798,0.0251777,0.0246817,0.0241918,0.023708,0.0232304,0.0227589,0.0222935,0.0218343,0.0213811,0.020934,0.0204929,0.0200578,0.0196285,0.0192051,0.0187876,0.0183757,0.0179696,0.017569,0.0171739,0.0167844,0.0164001,0.0160212,0.0156475,0.0152789,0.0149154,0.0145568,0.014203,0.0138541,0.0135098,0.0131702,0.012835,0.0125042,0.0121778,0.0118556,0.0115375,0.0112235,0.0109134,0.0106071,0.0103046,0.0100058,0.00971053,0.00941874,0.00913033,0.0088452,0.00856327,0.00828443,0.0080086,0.00773569,0.00746559,0.00719822,0.00693349,0.0066713,0.00641156,0.00615419,0.00589908,0.00564616,0.00539533,0.00514649,0.00489957,0.00465447,0.0044111,0.00416938,0.00392922,0.00369052,0.0034532,0.00321717,0.00298235,0.00274865,0.00251598,0.00228425,0.00205339,0.00182329,0.00159388,0.00136507,0.00113677,0.000908906,0.00068138,0.000454111
0,0.00320713,0.00639932,0.00956186,0.0126805,0.0157415,0.0187321,0.0216404,0.0244557,0.0271683,0.02977,0.0322536,0.0346136,0.0368453,0.0389456,0.0409125,0.0427449,0.044443,0.0460076,0.0474407,0.0487445,0.0499224,0.0509779,0.0519149,0.0527381,0.0534518,0.0540611,0.0545709,0.0549862,0.055312,0.0555535,0.0557154,0.0558028,0.0558204,0.0557727,0.0556643,0.0554994,0.0552823,0.0550167,0.0547066,0.0543554,0.0539666,0.0535434,0.0530888,0.0526057,0.0520967,0.0515645,0.0510114,0.0504397,0.0498513,0.0492483,0.0486324,0.0480054,0.0473689,0.0467242,0.0460728,0.0454159,0.0447547,0.0440902,0.0434235,0.0427555,0.042087,0.0414188,0.0407516,0.0400861,0.0394228,0.0387624,0.0381053,0.0374519,0.0368028,0.0361582,0.0355185,0.034884,0.0342549,0.0336316,0.0330142,0.0324029,0.0317979,0.0311993,0.0306073,0.0300219,0.0294432,0.0288713,0.0283063,0.0277482,0.027197,0.0266527,0.0261154,0.025585,0.0250615,0.0245449,0.0240352,0.0235323,0.0230362,0.0225468,0.0220641,0.021588,0.0211184,0.0206553,0.0201986,0.0197481,0.019304,0.0188659,0.0184339,0.0180079,0.0175877,0.0171733,0.0167646,0.0163614,0.0159638,0.0155715,0.0151845,0.0148026,0.0144258,0.014054,0.0136871,0.0133249,0.0129673,0.0126143,0.0122658,0.0119215,0.0115815,0.0112456,0.0109137,0.0105858,0.0102616,0.0099411,0.00962421,0.00931081,0.00900079,0.00869404,0.00839046,0.00808996,0.00779241,0.00749773,0.0072058,0.00691654,0.00662982,0.00634556,0.00606365,0.00578398,0.00550647,0.005231,0.00495749,0.00468582,0.0044159,0.00414763,0.00388092,0.00361565,0.00335175,0.00308909,0.0028276,0.00256718,0.00230771,0.00204912,0.00179129,0.00153414,0.00127757,0.00102148,0.000765772,0.000510354
0,0.00361317,0.00720904,0.0107706,0.0142813,0.0177255,0.0210884,0.0243564,0.0275171,0.0305598,0.033475,0.0362549,0.0388932,0.0413849,0.0437267,0.0459165,0.0479536,0.0498382,0.0515718,0.0531566,0.0545958,0.0558931,0.0570529,0.0580798,0.0589791,0.0597562,0.0604167,0.0609662,0.0614106,0.0617556,0.0620069,0.0621702,0.0622509,0.0622545,0.0621861,0.0620507,0.0618532,0.0615981,0.0612899,0.0609327,0.0605306,0.0600872,0.0596063,0.059091,0.0585447,0.0579703,0.0573705,0.056748,0.0561053,0.0554446,0.0547681,0.0540778,0.0533755,0.052663,0.0519418,0.0512135,0.0504794,0.0497409,0.048999,0.0482549,0.0475096,0.0467641,0.046019,0.0452753,0.0445337,0.0437948,0.0430592,0.0423274,0.0416,0.0408773,0.0401599,0.039448,0.038742,0.0380422,0.0373488,0.0366622,0.0359824,0.0353096,0.034644,0.0339858,0.0333351,0.0326918,0.0320562,0.0314282,0.030808,0.0301955,0.0295907,0.0289937,0.0284044,0.0278228,0.0272489,0.0266827,0.0261241,0.025573,0.0250294,0.0244933,0.0239645,0.023443,0.0229287,0.0224215,0.0219213,0.021428,0.0209416,0.0204619,0.0199889,0.0195223,0.0190622,0.0186084,0.0181608,0.0177193,0.0172838,0.0168541,0.0164302,0.0160119,0.0155992,0.0151918,0.0147897,0.0143928,0.0140009,0.013614,0.0132319,0.0128544,0.0124816,0.0121132,0.0117491,0.0113893,0.0110336,0.0106818,0.0103339,0.00998983,0.00964936,0.0093124,0.00897885,0.0086486,0.00832152,0.00799751,0.00767645,0.00735822,0.00704271,0.00672982,0.00641942,0.00611141,0.00580567,0.0055021,0.00520058,0.00490101,0.00460327,0.00430725,0.00401284,0.00371994,0.00342843,0.00313822,0.00284918,0.00256121,0.00227421,0.00198806,0.00170266,0.00141791,0.00113368,0.000849889,0.000566415
0,0.0040365,0.00805308,0.0120302,0.0159488,0.0197909,0.0235397,0.0271796,0.0306967,0.0340789,0.0373155,0.040398,0.0433193,0.0460745,0.0486598,0.0510734,0.0533147,0.0553845,0.0572848,0.0590184,0.0605891,0.0620015,0.0632608,0.0643725,0.0653426,0.0661774,0.0668833,0.0674668,0.0679345,0.068293,0.0685486,0.0687076,0.0687764,0.0687608,0.0686666,0.0684995,0.0682646,0.0679672,0.0676122,0.067204,0.0667471,0.0662457,0.0657036,0.0651246,0.0645121,0.0638693,0.0631993,0.062505,0.0617891,0.0610539,0.060302,0.0595353,0.058756,0.0579659,0.0571668,0.0563602,0.0555477,0.0547307,0.0539103,0.0530878,0.0522643,0.0514408,0.0506182,0.0497973,0.0489789,0.0481637,0.0473523,0.0465454,0.0457435,0.0449469,0.0441563,0.0433719,0.0425941,0.0418233,0.0410597,0.0403035,0.039555,0.0388143,0.0380817,0.0373572,0.036641,0.0359331,0.0352337,0.0345427,0.0338603,0.0331865,0.0325212,0.0318645,0.0312163,0.0305767,0.0299455,0.0293228,0.0287085,0.0281026,0.0275049,0.0269154,0.026334,0.0257606,0.0251952,0.0246376,0.0240878,0.0235455,0.0230108,0.0224836,0.0219636,0.0214508,0.0209451,0.0204463,0.0199544,0.0194691,0.0189905,0.0185183,0.0180524,0.0175927,0.0171391,0.0166914,0.0162496,0.0158134,0.0153828,0.0149576,0.0145377,0.014123,0.0137133,0.0133085,0.0129084,0.0125131,0.0121222,0.0117357,0.0113535,0.0109754,0.0106013,0.0102311,0.0098646,0.00950175,0.00914239,0.00878639,0.00843364,0.00808401,0.00773737,0.0073936,0.00705258,0.00671418,0.00637828,0.00604476,0.0057135,0.00538437,0.00505725,0.00473204,0.00440859,0.0040868,0.00376654,0.0034477,0.00313016,0.00281379,0.00249848,0.00218412,0.00187057,0.00155773,0.00124548,0.000933701,0.000622272
0,0.00447974,0.00893664,0.0133482,0.0176928,0.0219497,0.0260998,0.0301256,0.0340114,0.0377435,0.0413102,0.0447021,0.0479118,0.0509339,0.0537647,0.0564026,0.0588475,0.0611006,0.0631645,0.0650431,0.0667408,0.0682632,0.0696164,0.0708068,0.0718415,0.0727275,0.0734723,0.0740833,0.0745679,0.0749333,0.0751869,0.0753356,0.0753864,0.0753458,0.0752203,0.075016,0.0747388,0.0743943,0.0739877,0.0735242,0.0730084,0.072445,0.0718381,0.0711918,0.0705099,0.0697957,0.0690527,0.0682839,0.0674922,0.0666804,0.0658508,0.0650058,0.0641476,0.0632782,0.0623995,0.0615132,0.0606208,0.059724,0.0588239,0.057922,0.0570193,0.056117,0.0552159,0.054317,0.0534211,0.052529,0.0516414,0.0507588,0.0498818,0.0490109,0.0481467,0.0472895,0.0464396,0.0455975,0.0447633,0.0439374,0.04312,0.0423113,0.0415114,0.0407206,0.0399388,0.0391662,0.0384029,0.0376489,0.0369044,0.0361692,0.0354434,0.034727,0.03402,0.0333223,0.032634,0.0319549,0.0312849,0.0306242,0.0299724,0.0293296,0.0286957,0.0280706,0.0274542,0.0268463,0.0262468,0.0256558,0.0250729,0.0244981,0.0239314,0.0233724,0.0228212,0.0222776,0.0217414,0.0212126,0.0206909,0.0201763,0.0196686,0.0191676,0.0186733,0.0181855,0.017704,0.0172287,0.0167595,0.0162961,0.0158386,0.0153867,0.0149403,0.0144992,0.0140633,0.0136325,0.0132066,0.0127855,0.0123691,0.0119571,0.0115495,0.0111462,0.0107469,0.0103516,0.00996003,0.00957218,0.00918786,0.00880694,0.00842929,0.00805476,0.00768323,0.00731456,0.00694861,0.00658526,0.00622437,0.00586581,0.00550944,0.00515513,0.00480276,0.0044522,0.0041033,0.00375595,0.00341001,0.00306536,0.00272186,0.00237939,0.00203781,0.001697,0.00135683,0.00101718,0.000677905
0,0.00494585,0.00986552,0.0147333,0.0195244,0.0242153,0.0287844,0.0332117,0.0374798,0.0415734,0.0454798,0.0491886,0.0526921,0.0559845,0.0590627,0.061925,0.0645721,0.0670058,0.0692298,0.0712486,0.073068,0.0746943,0.0761348,0.077397,0.0784891,0.0794191,0.0801954,0.0808264,0.0813205,0.0816857,0.0819302,0.0820617,0.0820879,0.082016,0.081853,0.0816058,0.0812806,0.0808835,0.0804204,0.0798967,0.0793176,0.078688,0.0780123,0.077295,0.0765401,0.0757513,0.0749321,0.074086,0.0732159,0.0723247,0.0714152,0.0704897,0.0695506,0.0686001,0.06764,0.0666723,0.0656987,0.0647207,0.0637398,0.0627572,0.0617743,0.0607921,0.0598117,0.058834,0.0578599,0.0568902,0.0559256,0.0549668,0.0540143,0.0530687,0.0521304,0.0512,0.0502777,0.0493639,0.048459,0.0475632,0.0466767,0.0457998,0.0449325,0.0440751,0.0432277,0.0423904,0.0415631,0.0407461,0.0399393,0.0391428,0.0383565,0.0375805,0.0368146,0.036059,0.0353134,0.034578,0.0338525,0.033137,0.0324313,0.0317353,0.031049,0.0303722,0.0297048,0.0290468,0.0283979,0.0277581,0.0271271,0.026505,0.0258916,0.0252866,0.0246901,0.0241017,0.0235215,0.0229491,0.0223846,0.0218277,0.0212783,0.0207362,0.0202013,0.0196734,0.0191524,0.0186381,0.0181304,0.0176291,0.0171341,0.0166451,0.0161621,0.0156849,0.0152133,0.0147472,0.0142865,0.0138309,0.0133804,0.0129347,0.0124937,0.0120574,0.0116254,0.0111977,0.0107742,0.0103546,0.00993883,0.00952676,0.00911822,0.00871307,0.00831115,0.00791234,0.00751647,0.00712342,0.00673302,0.00634515,0.00595965,0.00557639,0.00519522,0.004816,0.00443859,0.00406285,0.00368865,0.00331583,0.00294426,0.0025738,0.00220431,0.00183566,0.0014677,0.00110029,0.000733294
0,0.00543814,0.0108463,0.0161951,0.0214562,0.0266029,0.0316107,0.0364571,0.0411227,0.0455906,0.0498469,0.0538806,0.0576834,0.0612497,0.0645764,0.0676628,0.07051,0.073121,0.0755004,0.0776538,0.0795882,0.0813114,0.0828316,0.0841577,0.0852989,0.0862645,0.087064,0.0877067,0.088202,0.088559,0.0887866,0.0888933,0.0888876,0.0887773,0.0885703,0.0882736,0.0878943,0.0874391,0.086914,0.086325,0.0856776,0.0849772,0.0842284,0.0834361,0.0826044,0.0817374,0.0808388,0.0799122,0.0789609,0.0779878,0.0769958,0.0759875,0.0749654,0.0739317,0.0728885,0.0718378,0.0707813,0.0697207,0.0686575,0.0675931,0.0665288,0.0654657,0.0644051,0.0633477,0.0622946,0.0612466,0.0602045,0.0591688,0.0581402,0.0571194,0.0561067,0.0551026,0.0541076,0.0531219,0.052146,0.05118,0.0502242,0.0492789,0.0483441,0.0474201,0.0465069,0.0456047,0.0447135,0.0438334,0.0429644,0.0421065,0.0412597,0.040424,0.0395994,0.0387858,0.0379832,0.0371914,0.0364105,0.0356403,0.0348807,0.0341317,0.033393,0.0326647,0.0319465,0.0312384,0.0305402,0.0298517,0.0291729,0.0285036,0.0278436,0.0271928,0.026551,0.025918,0.0252938,0.0246782,0.0240709,0.0234719,0.0228809,0.0222979,0.0217225,0.0211548,0.0205944,0.0200413,0.0194952,0.0189561,0.0184237,0.0178978,0.0173784,0.0168652,0.0163581,0.0158568,0.0153614,0.0148715,0.014387,0.0139077,0.0134335,0.0129643,0.0124998,0.0120399,0.0115845,0.0111333,0.0106863,0.0102432,0.00980391,0.00936827,0.00893612,0.0085073,0.00808165,0.00765903,0.00723927,0.00682222,0.00640773,0.00599564,0.00558581,0.00517807,0.00477229,0.0043683,0.00396595,0.00356511,0.0031656,0.00276729,0.00237003,0.00197366,0.00157803,0.001183,0.000788419
0,0.00596041,0.0118865,0.0177446,0.0235024,0.0291295,0.0345982,0.0398835,0.0449634,0.0498195,0.0544368,0.0588035,0.0629112,0.0667544,0.0703307,0.0736399,0.0766843,0.079468,0.0819969,0.0842781,0.0863199,0.0881315,0.0897226,0.0911034,0.0922844,0.0932762,0.0940894,0.0947346,0.0952221,0.095562,0.095764,0.0958377,0.095792,0.0956358,0.0953773,0.0950243,0.0945844,0.0940646,0.0934717,0.0928118,0.092091,0.0913148,0.0904885,0.0896167,0.0887043,0.0877553,0.0867739,0.0857636,0.0847279,0.08367,0.0825929,0.0814994,0.080392,0.0792731,0.0781449,0.0770093,0.0758683,0.0747236,0.0735767,0.0724292,0.0712823,0.0701374,0.0689954,0.0678575,0.0667246,0.0655976,0.0644771,0.063364,0.0622588,0.0611622,0.0600746,0.0589966,0.0579284,0.0568705,0.0558233,0.0547869,0.0537616,0.0527477,0.0517453,0.0507545,0.0497755,0.0488084,0.0478532,0.0469099,0.0459787,0.0450594,0.0441522,0.0432569,0.0423735,0.0415021,0.0406424,0.0397944,0.0389581,0.0381333,0.03732,0.036518,0.0357271,0.0349474,0.0341785,0.0334205,0.032673,0.0319361,0.0312095,0.0304931,0.0297867,0.0290902,0.0284033,0.027726,0.027058,0.0263991,0.0257493,0.0251083,0.024476,0.0238521,0.0232365,0.022629,0.0220294,0.0214376,0.0208534,0.0202766,0.019707,0.0191444,0.0185887,0.0180397,0.0174972,0.016961,0.0164309,0.0159068,0.0153885,0.0148759,0.0143686,0.0138667,0.0133698,0.0128779,0.0123907,0.0119081,0.0114299,0.010956,0.0104861,0.0100201,0.0095579,0.00909922,0.00864395,0.0081919,0.00774292,0.00729685,0.00685351,0.00641275,0.0059744,0.00553829,0.00510427,0.00467217,0.00424184,0.0038131,0.0033858,0.00295978,0.00253488,0.00211094,0.0016878,0.00126529,0.00084326
0,0.00651703,0.0129947,0.0193943,0.0256792,0.0318147,0.0377693,0.0435152,0.0490279,0.0542874,0.0592773,0.0639855,0.0684035,0.0725263,0.0763521,0.0798819,0.0831193,0.08607,0.0887412,0.091142,0.0932821,0.0951723,0.096824,0.098249,0.0994592,0.100467,0.101283,0.10192,0.10239,0.102703,0.10287,0.102902,0.102807,0.102597,0.102279,0.101862,0.101355,0.100764,0.100096,0.0993599,0.0985601,0.097703,0.0967941,0.0958385,0.094841,0.0938061,0.092738,0.0916406,0.0905174,0.0893718,0.0882069,0.0870256,0.0858305,0.0846242,0.0834088,0.0821866,0.0809594,0.0797289,0.078497,0.077265,0.0760344,0.0748064,0.0735821,0.0723627,0.0711491,0.0699422,0.0687428,0.0675516,0.0663693,0.0651964,0.0640335,0.062881,0.0617393,0.0606089,0.0594901,0.0583831,0.0572881,0.0562054,0.0551352,0.0540776,0.0530327,0.0520005,0.0509812,0.0499748,0.0489813,0.0480008,0.0470331,0.0460782,0.0451362,0.0442069,0.0432902,0.0423862,0.0414946,0.0406153,0.0397483,0.0388934,0.0380505,0.0372195,0.0364001,0.0355922,0.0347958,0.0340105,0.0332363,0.032473,0.0317203,0.0309782,0.0302465,0.0295249,0.0288133,0.0281114,0.0274192,0.0267364,0.0260628,0.0253983,0.0247426,0.0240956,0.023457,0.0228267,0.0222045,0.0215902,0.0209835,0.0203844,0.0197926,0.0192079,0.0186302,0.0180592,0.0174947,0.0169366,0.0163847,0.0158388,0.0152987,0.0147642,0.0142351,0.0137113,0.0131926,0.0126787,0.0121696,0.0116649,0.0111646,0.0106684,0.0101763,0.0096879,0.00920315,0.00872185,0.00824381,0.00776887,0.00729684,0.00682756,0.00636084,0.00589652,0.00543442,0.00497437,0.00451619,0.00405972,0.00360479,0.00315121,0.00269883,0.00224747,0.00179695,0.00134712,0.000897797
0,0.00711307,0.0141808,0.021159,0.0280054,0.0346807,0.0411493,0.04738,0.0533458,0.0590248,0.0643997,0.0694579,0.0741912,0.0785953,0.0826695,0.0864164,0.0898413,0.0929514,0.0957563,0.0982666,0.100494,0.102452,0.104152,0.10561,0.106837,0.107848,0.108656,0.109274,0.109715,0.10999,0.110112,0.110091,0.109939,0.109665,0.10928,0.108791,0.108208,0.107539,0.106791,0.105971,0.105087,0.104143,0.103147,0.102102,0.101015,0.0998904,0.0987318,0.0975436,0.0963296,0.0950932,0.0938376,0.0925658,0.0912807,0.0899846,0.0886801,0.0873692,0.086054,0.0847362,0.0834177,0.0820998,0.0807842,0.0794719,0.0781643,0.0768625,0.0755674,0.0742798,0.0730007,0.0717308,0.0704707,0.069221,0.0679823,0.0667549,0.0655395,0.0643362,0.0631455,0.0619676,0.0608027,0.0596511,0.058513,0.0573884,0.0562774,0.0551802,0.0540968,0.0530272,0.0519715,0.0509296,0.0499015,0.0488872,0.0478865,0.0468995,0.0459259,0.0449658,0.0440191,0.0430855,0.0421649,0.0412573,0.0403625,0.0394803,0.0386105,0.037753,0.0369077,0.0360743,0.0352526,0.0344425,0.0336438,0.0328563,0.0320799,0.0313142,0.0305591,0.0298145,0.02908,0.0283556,0.027641,0.026936,0.0262404,0.025554,0.0248766,0.024208,0.023548,0.0228964,0.0222529,0.0216174,0.0209897,0.0203695,0.0197567,0.0191511,0.0185524,0.0179605,0.0173752,0.0167962,0.0162234,0.0156565,0.0150954,0.0145399,0.0139898,0.0134448,0.0129048,0.0123697,0.0118391,0.0113129,0.010791,0.0102731,0.00975907,0.00924867,0.00874174,0.0082381,0.00773755,0.00723991,0.006745,0.00625263,0.00576261,0.00527477,0.00478892,0.00430488,0.00382247,0.00334151,0.0028618,0.00238318,0.00190546,0.00142847,0.000952011
0,0.00775443,0.0154566,0.0230554,0.0305026,0.0377534,0.0447674,0.0515096,0.0579505,0.0640663,0.0698388,0.0752553,0.0803081,0.0849942,0.0893144,0.0932732,0.096878,0.100138,0.103066,0.105674,0.107977,0.109988,0.111724,0.1132,0.114432,0.115433,0.11622,0.116806,0.117205,0.117431,0.117496,0.117413,0.117193,0.116846,0.116384,0.115815,0.115149,0.114394,0.113558,0.112648,0.111673,0.110637,0.109547,0.108409,0.107228,0.106009,0.104756,0.103473,0.102165,0.100834,0.0994848,0.0981199,0.096742,0.095354,0.0939581,0.0925566,0.0911515,0.0897447,0.088338,0.0869329,0.0855309,0.0841333,0.0827412,0.0813559,0.0799784,0.0786094,0.0772499,0.0759006,0.0745621,0.0732351,0.0719201,0.0706175,0.0693278,0.0680514,0.0667885,0.0655395,0.0643045,0.0630838,0.0618776,0.0606859,0.0595089,0.0583465,0.057199,0.0560663,0.0549483,0.0538451,0.0527566,0.0516828,0.0506236,0.0495789,0.0485486,0.0475326,0.0465308,0.045543,0.0445691,0.0436089,0.0426623,0.041729,0.040809,0.0399021,0.039008,0.0381266,0.0372577,0.0364011,0.0355565,0.0347238,0.0339028,0.0330932,0.0322949,0.0315077,0.0307312,0.0299654,0.02921,0.0284647,0.0277294,0.0270038,0.0262878,0.0255811,0.0248834,0.0241947,0.0235146,0.0228429,0.0221795,0.021524,0.0208764,0.0202364,0.0196037,0.0189781,0.0183595,0.0177477,0.0171423,0.0165433,0.0159504,0.0153633,0.014782,0.0142061,0.0136355,0.01307,0.0125094,0.0119534,0.0114019,0.0108547,0.0103115,0.00977219,0.00923655,0.00870438,0.00817548,0.00764967,0.00712673,0.00660649,0.00608873,0.00557328,0.00505993,0.00454849,0.00403878,0.00353059,0.00302374,0.00251804,0.00201329,0.0015093,0.00100588
0,0.00844809,0.0168356,0.0251036,0.0331964,0.0410629,0.0486574,0.0559407,0.0628805,0.0694512,0.075634,0.0814164,0.0867919,0.091759,0.0963208,0.100484,0.104259,0.107658,0.110696,0.113387,0.11575,0.1178,0.119557,0.121036,0.122256,0.123233,0.123984,0.124524,0.124869,0.125033,0.12503,0.124872,0.124573,0.124143,0.123594,0.122936,0.122178,0.121329,0.120398,0.119392,0.118319,0.117185,0.115996,0.11476,0.113479,0.112161,0.110809,0.109428,0.108022,0.106594,0.105148,0.103687,0.102214,0.100732,0.0992421,0.0977479,0.0962511,0.0947536,0.0932571,0.0917633,0.0902736,0.0887894,0.0873119,0.0858421,0.0843812,0.08293,0.0814893,0.0800599,0.0786425,0.0772376,0.0758458,0.0744676,0.0731033,0.0717534,0.0704181,0.0690977,0.0677925,0.0665026,0.0652281,0.0639692,0.062726,0.0614986,0.0602869,0.0590909,0.0579108,0.0567463,0.0555975,0.0544644,0.0533467,0.0522445,0.0511575,0.0500857,0.0490289,0.0479871,0.0469599,0.0459473,0.044949,0.043965,0.042995,0.0420388,0.0410962,0.040167,0.039251,0.0383479,0.0374577,0.03658,0.0357147,0.0348615,0.0340201,0.0331904,0.0323722,0.0315652,0.0307691,0.0299838,0.029209,0.0284445,0.02769,0.0269454,0.0262104,0.0254847,0.0247682,0.0240605,0.0233616,0.0226711,0.0219888,0.0213145,0.020648,0.0199891,0.0193374,0.0186929,0.0180553,0.0174242,0.0167997,0.0161813,0.015569,0.0149624,0.0143614,0.0137657,0.0131752,0.0125896,0.0120087,0.0114323,0.0108602,0.0102922,0.00972803,0.00916753,0.00861048,0.00805667,0.0075059,0.00695797,0.00641266,0.00586977,0.00532911,0.00479046,0.00425363,0.00371841,0.00318459,0.00265198,0.00212038,0.00158958,0.00105939
0,0.00920233,0.0183341,0.027327,0.0361166,0.0446443,0.0528585,0.0607154,0.0681796,0.0752241,0.0818296,0.0879846,0.0936842,0.0989293,0.103726,0.108084,0.112016,0.11554,0.118671,0.12143,0.123835,0.125907,0.127666,0.129132,0.130323,0.131259,0.131958,0.132438,0.132714,0.132802,0.132717,0.132473,0.132084,0.13156,0.130914,0.130157,0.129298,0.128348,0.127313,0.126204,0.125026,0.123788,0.122495,0.121153,0.119769,0.118347,0.116893,0.115409,0.113901,0.112373,0.110827,0.109267,0.107696,0.106116,0.104531,0.102942,0.101352,0.0997618,0.098174,0.09659,0.0950114,0.0934393,0.0918751,0.0903199,0.0887747,0.0872404,0.0857179,0.0842078,0.0827108,0.0812275,0.0797585,0.0783042,0.076865,0.0754413,0.0740333,0.0726414,0.0712656,0.0699063,0.0685635,0.0672374,0.065928,0.0646353,0.0633594,0.0621003,0.060858,0.0596324,0.0584233,0.0572309,0.0560549,0.0548952,0.0537517,0.0526242,0.0515127,0.0504169,0.0493366,0.0482718,0.0472221,0.0461874,0.0451675,0.0441622,0.0431713,0.0421945,0.0412317,0.0402825,0.0393468,0.0384244,0.0375149,0.0366182,0.0357341,0.0348622,0.0340024,0.0331543,0.0323179,0.0314927,0.0306787,0.0298754,0.0290828,0.0283005,0.0275283,0.0267659,0.0260132,0.0252698,0.0245356,0.0238103,0.0230936,0.0223853,0.0216852,0.020993,0.0203086,0.0196316,0.0189618,0.018299,0.017643,0.0169936,0.0163504,0.0157134,0.0150821,0.0144565,0.0138363,0.0132213,0.0126112,0.0120059,0.0114051,0.0108085,0.010216,0.00962739,0.00904237,0.00846077,0.00788237,0.00730694,0.00673427,0.00616415,0.00559637,0.0050307,0.00446694,0.00390487,0.00334429,0.00278497,0.00222671,0.00166929,0.00111251
0,0.0100271,0.0199716,0.0297537,0.0392988,0.0485393,0.057417,0.0658829,0.0738987,0.0814359,0.0884759,0.0950084,0.101031,0.106548,0.111569,0.116109,0.120183,0.123813,0.12702,0.129826,0.132254,0.134327,0.136069,0.137501,0.138646,0.139523,0.140153,0.140555,0.140747,0.140744,0.140564,0.140221,0.139728,0.139099,0.138346,0.13748,0.136511,0.13545,0.134304,0.133083,0.131794,0.130445,0.129042,0.12759,0.126097,0.124567,0.123005,0.121415,0.119802,0.118169,0.11652,0.114858,0.113187,0.111508,0.109824,0.108139,0.106453,0.104768,0.103088,0.101412,0.0997429,0.0980818,0.0964299,0.0947882,0.0931579,0.0915397,0.0899345,0.088343,0.0867659,0.0852037,0.083657,0.0821262,0.0806118,0.0791139,0.077633,0.0761693,0.0747229,0.073294,0.0718828,0.0704893,0.0691136,0.0677558,0.0664157,0.0650935,0.063789,0.0625023,0.0612331,0.0599814,0.0587472,0.0575302,0.0563303,0.0551473,0.0539812,0.0528316,0.0516985,0.0505816,0.0494807,0.0483956,0.047326,0.0462718,0.0452328,0.0442086,0.0431991,0.042204,0.0412231,0.0402561,0.0393028,0.0383629,0.0374361,0.0365223,0.0356212,0.0347324,0.0338558,0.032991,0.0321379,0.0312962,0.0304656,0.0296459,0.0288367,0.0280379,0.0272492,0.0264703,0.0257011,0.0249411,0.0241902,0.0234482,0.0227147,0.0219896,0.0212725,0.0205633,0.0198616,0.0191673,0.0184801,0.0177998,0.0171261,0.0164587,0.0157975,0.0151422,0.0144925,0.0138483,0.0132092,0.0125752,0.0119458,0.0113209,0.0107003,0.0100838,0.00947102,0.00886183,0.00825599,0.00765328,0.00705346,0.00645631,0.0058616,0.00526912,0.00467864,0.00408993,0.00350278,0.00291695,0.00233223,0.0017484,0.00116523
0,0.0109344,0.0217716,0.0324176,0.0427854,0.0527974,0.0623871,0.0715006,0.0800963,0.0881452,0.0956296,0.102542,0.108884,0.114663,0.119895,0.124598,0.128795,0.13251,0.135769,0.1386,0.141027,0.143079,0.144782,0.146159,0.147236,0.148034,0.148577,0.148884,0.148974,0.148865,0.148575,0.148118,0.14751,0.146763,0.145892,0.144906,0.143818,0.142636,0.141371,0.140031,0.138624,0.137157,0.135637,0.13407,0.132462,0.130819,0.129145,0.127445,0.125722,0.123982,0.122227,0.12046,0.118685,0.116904,0.11512,0.113336,0.111552,0.109772,0.107996,0.106228,0.104467,0.102716,0.100975,0.0992458,0.0975293,0.0958264,0.0941379,0.0924643,0.0908065,0.089165,0.0875401,0.0859325,0.0843424,0.0827702,0.0812161,0.0796803,0.0781631,0.0766646,0.0751849,0.073724,0.072282,0.0708589,0.0694548,0.0680694,0.0667029,0.0653551,0.0640259,0.0627151,0.0614228,0.0601486,0.0588925,0.0576542,0.0564336,0.0552305,0.0540446,0.0528759,0.0517239,0.0505886,0.0494696,0.0483668,0.0472799,0.0462086,0.0451527,0.0441119,0.043086,0.0420747,0.0410777,0.0400949,0.0391258,0.0381703,0.037228,0.0362987,0.0353822,0.0344781,0.0335863,0.0327063,0.031838,0.030981,0.0301352,0.0293002,0.0284758,0.0276617,0.0268576,0.0260632,0.0252784,0.0245028,0.0237362,0.0229784,0.0222289,0.0214877,0.0207544,0.0200288,0.0193107,0.0185997,0.0178956,0.0171982,0.0165072,0.0158224,0.0151435,0.0144703,0.0138025,0.0131399,0.0124823,0.0118293,0.0111808,0.0105365,0.00989624,0.00925969,0.00862664,0.00799685,0.00737009,0.00674613,0.00612472,0.00550564,0.00488865,0.00427351,0.00366,0.00304787,0.00243691,0.00182687,0.00121753
0,0.0119391,0.0237626,0.0353596,0.0466279,0.0574777,0.0678337,0.0776361,0.0868409,0.0954191,0.103355,0.110646,0.117299,0.123326,0.12875,0.133595,0.137889,0.141663,0.144948,0.147776,0.150177,0.152182,0.153819,0.155118,0.156104,0.156802,0.157237,0.157429,0.1574,0.157168,0.156751,0.156167,0.155429,0.154553,0.153551,0.152435,0.151217,0.149907,0.148513,0.147046,0.145513,0.143922,0.142279,0.140591,0.138864,0.137102,0.135312,0.133497,0.131661,0.12981,0.127945,0.12607,0.124189,0.122304,0.120418,0.118532,0.116649,0.114771,0.112899,0.111036,0.109182,0.107339,0.105509,0.103691,0.101888,0.100099,0.0983267,0.0965705,0.0948315,0.09311,0.0914066,0.0897217,0.0880557,0.0864088,0.0847813,0.0831734,0.0815852,0.080017,0.0784686,0.0769403,0.075432,0.0739438,0.0724755,0.0710272,0.0695986,0.0681899,0.0668007,0.0654311,0.0640807,0.0627495,0.0614373,0.0601439,0.0588691,0.0576126,0.0563743,0.0551539,0.0539511,0.0527658,0.0515977,0.0504464,0.0493119,0.0481937,0.0470916,0.0460054,0.0449348,0.0438794,0.0428391,0.0418135,0.0408024,0.0398054,0.0388223,0.0378528,0.0368966,0.0359535,0.0350231,0.0341052,0.0331994,0.0323055,0.0314233,0.0305523,0.0296925,0.0288433,0.0280047,0.0271763,0.0263578,0.0255489,0.0247494,0.0239591,0.0231775,0.0224046,0.0216399,0.0208832,0.0201343,0.0193929,0.0186587,0.0179315,0.017211,0.0164969,0.0157891,0.0150871,0.0143908,0.0136999,0.0130142,0.0123334,0.0116573,0.0109855,0.0103179,0.0096542,0.00899417,0.00833753,0.00768406,0.00703351,0.00638562,0.00574016,0.00509688,0.00445554,0.00381589,0.00317769,0.0025407,0.00190468,0.00126939
0,0.0130594,0.0259803,0.0386303,0.050889,0.062652,0.0738339,0.0843692,0.094212,0.103335,0.111727,0.11939,0.126338,0.132593,0.138183,0.143142,0.147503,0.151306,0.154585,0.157379,0.159723,0.161651,0.163196,0.164389,0.16526,0.165834,0.166139,0.166196,0.166028,0.165656,0.165097,0.164369,0.163488,0.162469,0.161324,0.160067,0.158709,0.15726,0.15573,0.154128,0.152462,0.150739,0.148967,0.147152,0.145299,0.143415,0.141504,0.13957,0.137618,0.135651,0.133673,0.131688,0.129698,0.127706,0.125715,0.123726,0.121741,0.119764,0.117795,0.115835,0.113887,0.111952,0.11003,0.108123,0.106232,0.104357,0.1025,0.10066,0.0988393,0.0970375,0.0952551,0.0934927,0.0917504,0.0900286,0.0883275,0.0866473,0.0849881,0.0833499,0.081733,0.0801372,0.0785626,0.0770092,0.0754769,0.0739656,0.0724752,0.0710056,0.0695567,0.0681282,0.0667201,0.0653321,0.063964,0.0626156,0.0612868,0.0599772,0.0586866,0.0574147,0.0561614,0.0549264,0.0537093,0.0525099,0.051328,0.0501632,0.0490152,0.0478839,0.0467688,0.0456696,0.0445862,0.0435182,0.0424653,0.0414271,0.0404035,0.0393941,0.0383985,0.0374166,0.036448,0.0354923,0.0345494,0.0336189,0.0327005,0.0317939,0.0308988,0.0300149,0.029142,0.0282797,0.0274278,0.026586,0.0257539,0.0249313,0.0241179,0.0233134,0.0225176,0.0217302,0.0209508,0.0201792,0.0194152,0.0186584,0.0179087,0.0171656,0.0164289,0.0156985,0.0149739,0.014255,0.0135415,0.0128331,0.0121295,0.0114305,0.0107358,0.0100452,0.00935844,0.0086752,0.00799525,0.00731834,0.00664421,0.0059726,0.00530327,0.00463595,0.0039704,0.00330636,0.00264358,0.0019818,0.00132078
0,0.0143183,0.0284688,0.0422923,0.0556457,0.0684075,0.0804808,0.0917948,0.102303,0.111982,0.120827,0.128849,0.136071,0.142525,0.148249,0.153285,0.157678,0.16147,0.164708,0.167432,0.169685,0.171504,0.172925,0.173984,0.174712,0.175137,0.175288,0.175188,0.174862,0.17433,0.173612,0.172725,0.171686,0.17051,0.169211,0.167801,0.166292,0.164695,0.163019,0.161274,0.159467,0.157606,0.155699,0.15375,0.151768,0.149755,0.147718,0.145661,0.143589,0.141504,0.13941,0.137311,0.13521,0.133108,0.131009,0.128915,0.126828,0.124749,0.12268,0.120624,0.11858,0.116551,0.114537,0.11254,0.11056,0.108598,0.106655,0.104732,0.102829,0.100946,0.0990844,0.097244,0.0954253,0.0936283,0.0918535,0.0901008,0.0883704,0.0866624,0.0849767,0.0833135,0.0816727,0.0800542,0.0784579,0.0768837,0.0753316,0.0738013,0.0722927,0.0708056,0.0693399,0.0678953,0.0664715,0.0650684,0.0636858,0.0623233,0.0609807,0.0596577,0.0583541,0.0570695,0.0558038,0.0545566,0.0533275,0.0521164,0.0509228,0.0497466,0.0485873,0.0474447,0.0463185,0.0452083,0.0441139,0.0430349,0.041971,0.0409219,0.0398873,0.0388669,0.0378603,0.0368673,0.0358874,0.0349206,0.0339663,0.0330243,0.0320943,0.031176,0.0302691,0.0293733,0.0284882,0.0276136,0.0267492,0.0258947,0.0250497,0.0242141,0.0233874,0.0225694,0.0217598,0.0209584,0.0201648,0.0193787,0.0185999,0.0178281,0.0170629,0.0163042,0.0155517,0.014805,0.0140639,0.0133281,0.0125973,0.0118714,0.0111499,0.0104326,0.00971933,0.00900972,0.00830354,0.00760052,0.00690038,0.00620288,0.00550773,0.00481468,0.00412347,0.00343382,0.00274549,0.0020582,0.0013717
0,0.0157449,0.0312842,0.0464245,0.0609942,0.0748514,0.0878872,0.100026,0.111224,0.121463,0.13075,0.139108,0.146571,0.153186,0.159002,0.164073,0.168451,0.172191,0.175344,0.177958,0.18008,0.181753,0.183018,0.183911,0.184466,0.184715,0.184687,0.184408,0.183902,0.183191,0.182295,0.181233,0.180021,0.178675,0.177208,0.175634,0.173964,0.172209,0.170378,0.168482,0.166527,0.164521,0.162471,0.160384,0.158266,0.15612,0.153953,0.151769,0.149572,0.147366,0.145153,0.142937,0.140722,0.138508,0.1363,0.134099,0.131906,0.129724,0.127555,0.1254,0.123259,0.121135,0.119028,0.11694,0.11487,0.112821,0.110792,0.108784,0.106798,0.104834,0.102893,0.100974,0.0990789,0.0972066,0.0953578,0.0935326,0.091731,0.089953,0.0881987,0.0864681,0.084761,0.0830775,0.0814173,0.0797805,0.0781667,0.0765759,0.0750079,0.0734624,0.0719392,0.0704382,0.068959,0.0675014,0.0660652,0.0646501,0.0632557,0.0618819,0.0605283,0.0591945,0.0578804,0.0565856,0.0553097,0.0540525,0.0528137,0.0515929,0.0503897,0.049204,0.0480353,0.0468833,0.0457476,0.0446281,0.0435242,0.0424358,0.0413624,0.0403038,0.0392596,0.0382294,0.0372131,0.0362101,0.0352203,0.0342432,0.0332786,0.0323262,0.0313856,0.0304565,0.0295386,0.0286316,0.0277351,0.0268489,0.0259726,0.025106,0.0242488,0.0234006,0.0225611,0.02173,0.0209071,0.020092,0.0192844,0.0184841,0.0176908,0.0169041,0.0161238,0.0153496,0.0145812,0.0138183,0.0130606,0.0123079,0.0115599,0.0108162,0.0100767,0.00934098,0.00860882,0.00787994,0.00715406,0.0064309,0.00571019,0.00499166,0.00427504,0.00356004,0.0028464,0.00213385,0.00142212
0,0.0173771,0.0344989,0.0511272,0.0670552,0.0821169,0.0961906,0.109199,0.121103,0.131897,0.141603,0.15026,0.157921,0.164647,0.170502,0.175552,0.179864,0.183499,0.186518,0.188976,0.190925,0.192412,0.193482,0.194175,0.194527,0.194571,0.194338,0.193855,0.193147,0.192237,0.191145,0.189891,0.188491,0.18696,0.185313,0.183563,0.181721,0.179799,0.177805,0.175748,0.173637,0.17148,0.169282,0.16705,0.16479,0.162508,0.160206,0.157891,0.155566,0.153234,0.150899,0.148564,0.146232,0.143904,0.141584,0.139274,0.136974,0.134688,0.132417,0.130161,0.127922,0.125702,0.123501,0.121321,0.119161,0.117023,0.114908,0.112815,0.110746,0.108701,0.106679,0.104682,0.10271,0.100762,0.0988393,0.0969414,0.0950685,0.0932206,0.0913977,0.0895997,0.0878265,0.0860781,0.0843542,0.0826547,0.0809795,0.0793284,0.0777011,0.0760974,0.0745171,0.0729599,0.0714255,0.0699137,0.0684242,0.0669567,0.0655109,0.0640865,0.0626831,0.0613005,0.0599383,0.0585962,0.0572739,0.055971,0.0546872,0.0534221,0.0521754,0.0509468,0.0497359,0.0485424,0.0473659,0.0462061,0.0450626,0.0439352,0.0428234,0.0417269,0.0406453,0.0395784,0.0385258,0.0374871,0.036462,0.0354502,0.0344513,0.033465,0.032491,0.0315289,0.0305785,0.0296393,0.0287111,0.0277936,0.0268863,0.0259891,0.0251015,0.0242233,0.0233542,0.0224938,0.0216419,0.020798,0.019962,0.0191335,0.0183123,0.0174979,0.0166901,0.0158887,0.0150932,0.0143035,0.0135192,0.01274,0.0119657,0.0111959,0.0104304,0.00966885,0.00891097,0.0081565,0.00740513,0.00665658,0.00591058,0.00516683,0.00442505,0.00368496,0.00294628,0.00220873,0.00147202
0,0.0192646,0.038207,0.0565303,0.0739827,0.0903702,0.10556,0.119475,0.132091,0.14342,0.153506,0.16241,0.170207,0.176978,0.182806,0.187771,0.191953,0.195425,0.198254,0.200503,0.202231,0.203489,0.204324,0.20478,0.204895,0.204704,0.204239,0.203527,0.202595,0.201465,0.200159,0.198695,0.197091,0.195362,0.193523,0.191585,0.18956,0.18746,0.185293,0.183069,0.180795,0.178479,0.176127,0.173745,0.171339,0.168914,0.166474,0.164023,0.161566,0.159106,0.156646,0.154189,0.151737,0.149293,0.14686,0.144438,0.14203,0.139638,0.137263,0.134906,0.132568,0.130251,0.127955,0.125682,0.123431,0.121204,0.119002,0.116824,0.114671,0.112544,0.110442,0.108366,0.106317,0.104293,0.102296,0.100326,0.0983817,0.0964639,0.0945724,0.0927071,0.0908679,0.0890547,0.0872673,0.0855054,0.083769,0.0820577,0.0803714,0.0787097,0.0770725,0.0754594,0.0738701,0.0723044,0.0707619,0.0692424,0.0677454,0.0662707,0.0648179,0.0633867,0.0619768,0.0605878,0.0592193,0.0578709,0.0565425,0.0552335,0.0539436,0.0526725,0.0514198,0.0501851,0.0489681,0.0477684,0.0465856,0.0454195,0.0442695,0.0431355,0.042017,0.0409136,0.039825,0.0387509,0.0376909,0.0366447,0.0356118,0.034592,0.0335849,0.0325902,0.0316076,0.0306366,0.0296769,0.0287283,0.0277904,0.0268628,0.0259453,0.0250375,0.024139,0.0232496,0.0223689,0.0214966,0.0206325,0.0197761,0.0189271,0.0180853,0.0172504,0.016422,0.0155998,0.0147835,0.0139729,0.0131675,0.0123672,0.0115716,0.0107803,0.0099932,0.00920989,0.00843009,0.0076535,0.00687984,0.00610881,0.00534011,0.00457345,0.00380854,0.00304509,0.0022828,0.00152138
0,0.0214742,0.0425343,0.0628041,0.0819752,0.0998218,0.116203,0.131052,0.144366,0.156187,0.16659,0.175666,0.183518,0.190252,0.195972,0.200775,0.204753,0.207992,0.210569,0.212553,0.214007,0.214988,0.215546,0.215727,0.21557,0.215112,0.214386,0.21342,0.21224,0.21087,0.20933,0.207641,0.205817,0.203876,0.20183,0.199693,0.197476,0.195188,0.19284,0.19044,0.187996,0.185515,0.183002,0.180465,0.177907,0.175335,0.172752,0.170163,0.167571,0.164979,0.162391,0.159808,0.157235,0.154673,0.152123,0.149589,0.147071,0.144571,0.142091,0.139632,0.137194,0.134779,0.132387,0.13002,0.127678,0.125362,0.123072,0.120808,0.118571,0.116362,0.114179,0.112025,0.109898,0.107799,0.105728,0.103685,0.101669,0.0996816,0.0977216,0.0957892,0.0938841,0.0920063,0.0901555,0.0883314,0.086534,0.0847628,0.0830177,0.0812983,0.0796045,0.0779357,0.0762919,0.0746725,0.0730774,0.0715061,0.0699583,0.0684336,0.0669318,0.0654524,0.063995,0.0625594,0.0611451,0.0597517,0.058379,0.0570264,0.0556937,0.0543804,0.0530862,0.0518107,0.0505535,0.0493142,0.0480926,0.0468881,0.0457004,0.0445292,0.043374,0.0422345,0.0411104,0.0400012,0.0389066,0.0378263,0.0367598,0.0357068,0.034667,0.03364,0.0326254,0.0316229,0.0306322,0.0296528,0.0286846,0.027727,0.0267798,0.0258426,0.0249151,0.023997,0.0230879,0.0221875,0.0212954,0.0204114,0.0195352,0.0186663,0.0178044,0.0169494,0.0161007,0.0152582,0.0144215,0.0135902,0.0127642,0.011943,0.0111263,0.0103139,0.00950545,0.00870061,0.00789909,0.0071006,0.00630481,0.00551144,0.00472018,0.00393073,0.00314278,0.00235603,0.00157019
0,0.0240981,0.0476518,0.0701768,0.0912923,0.110739,0.128377,0.144164,0.158134,0.170373,0.181,0.190145,0.197948,0.204542,0.210054,0.214602,0.218293,0.221223,0.223477,0.225133,0.226257,0.226911,0.227146,0.227011,0.226546,0.22579,0.224773,0.223527,0.222076,0.220445,0.218653,0.21672,0.214662,0.212494,0.21023,0.207882,0.205461,0.202978,0.20044,0.197857,0.195235,0.192582,0.189903,0.187204,0.184491,0.181767,0.179038,0.176306,0.173575,0.170849,0.168129,0.16542,0.162723,0.16004,0.157373,0.154724,0.152095,0.149486,0.1469,0.144336,0.141797,0.139284,0.136796,0.134334,0.1319,0.129494,0.127116,0.124766,0.122445,0.120153,0.11789,0.115656,0.113452,0.111278,0.109132,0.107016,0.10493,0.102872,0.100844,0.0988446,0.0968738,0.0949316,0.0930176,0.0911316,0.0892733,0.0874426,0.085639,0.0838622,0.082112,0.080388,0.0786898,0.0770172,0.0753697,0.073747,0.0721487,0.0705745,0.0690239,0.0674966,0.0659922,0.0645104,0.0630506,0.0616126,0.0601959,0.0588001,0.0574249,0.0560699,0.0547346,0.0534186,0.0521216,0.0508432,0.0495829,0.0483405,0.0471154,0.0459074,0.0447159,0.0435407,0.0423813,0.0412374,0.0401086,0.0389945,0.0378948,0.036809,0.0357367,0.0346778,0.0336316,0.032598,0.0315765,0.0305668,0.0295684,0.0285812,0.0276046,0.0266384,0.0256823,0.0247357,0.0237985,0.0228703,0.0219507,0.0210394,0.0201361,0.0192404,0.018352,0.0174706,0.0165958,0.0157273,0.0148648,0.014008,0.0131565,0.01231,0.0114683,0.0106309,0.00979754,0.00896795,0.0081418,0.00731876,0.00649852,0.00568077,0.00486519,0.00405148,0.00323932,0.00242841,0.00161842
0,0.0272665,0.053798,0.078959,0.102278,0.123467,0.142402,0.159092,0.173632,0.186173,0.19689,0.205969,0.213587,0.219913,0.225101,0.229287,0.232594,0.235128,0.236984,0.238243,0.238978,0.239251,0.239117,0.238625,0.237815,0.236727,0.235391,0.233838,0.232094,0.23018,0.228117,0.225924,0.223616,0.221208,0.218714,0.216144,0.21351,0.210821,0.208086,0.205311,0.202506,0.199675,0.196824,0.19396,0.191085,0.188206,0.185326,0.182448,0.179576,0.176712,0.173859,0.17102,0.168197,0.165391,0.162605,0.15984,0.157098,0.154379,0.151685,0.149018,0.146377,0.143763,0.141178,0.138622,0.136095,0.133599,0.131132,0.128696,0.12629,0.123915,0.121572,0.119259,0.116978,0.114727,0.112508,0.110319,0.108162,0.106035,0.103938,0.101872,0.0998357,0.0978293,0.0958524,0.0939047,0.091986,0.0900959,0.0882341,0.0864003,0.084594,0.082815,0.081063,0.0793374,0.0776379,0.0759642,0.0743158,0.0726923,0.0710934,0.0695186,0.0679676,0.0664399,0.0649351,0.0634528,0.0619926,0.060554,0.0591367,0.0577402,0.0563642,0.0550082,0.0536718,0.0523546,0.0510562,0.0497761,0.048514,0.0472695,0.0460422,0.0448316,0.0436374,0.0424591,0.0412965,0.040149,0.0390163,0.037898,0.0367938,0.0357032,0.0346259,0.0335614,0.0325095,0.0314697,0.0304417,0.0294251,0.0284196,0.0274247,0.0264401,0.0254656,0.0245006,0.0235449,0.0225981,0.0216598,0.0207298,0.0198076,0.0188929,0.0179855,0.0170848,0.0161907,0.0153028,0.0144207,0.0135441,0.0126726,0.011806,0.0109439,0.0100861,0.00923203,0.00838153,0.00753425,0.00668985,0.00584802,0.00500843,0.00417076,0.00333469,0.0024999,0.00166606
0,0.0311699,0.0613149,0.0895832,0.115394,0.138447,0.158674,0.17617,0.191131,0.203796,0.214421,0.223252,0.230518,0.236424,0.241149,0.244852,0.247668,0.249713,0.251088,0.251879,0.252162,0.251999,0.251448,0.250555,0.249364,0.24791,0.246227,0.244342,0.24228,0.240064,0.237712,0.235243,0.232671,0.23001,0.227274,0.224472,0.221615,0.218712,0.215771,0.212799,0.209802,0.206788,0.20376,0.200725,0.197686,0.194647,0.191613,0.188585,0.185568,0.182564,0.179576,0.176605,0.173654,0.170724,0.167817,0.164935,0.162078,0.159248,0.156446,0.153673,0.150929,0.148215,0.145533,0.142881,0.140261,0.137674,0.135118,0.132595,0.130105,0.127648,0.125223,0.122832,0.120473,0.118147,0.115853,0.113593,0.111364,0.109167,0.107003,0.10487,0.102769,0.100698,0.0986587,0.0966497,0.0946708,0.0927217,0.090802,0.0889115,0.0870496,0.085216,0.0834103,0.0816322,0.0798811,0.0781567,0.0764586,0.0747864,0.0731395,0.0715177,0.0699204,0.0683472,0.0667978,0.0652716,0.0637683,0.0622873,0.0608283,0.0593909,0.0579745,0.0565789,0.0552035,0.0538479,0.0525116,0.0511944,0.0498957,0.0486151,0.0473523,0.0461067,0.0448781,0.0436659,0.0424697,0.0412892,0.040124,0.0389736,0.0378377,0.0367159,0.0356077,0.0345128,0.0334309,0.0323614,0.031304,0.0302585,0.0292243,0.0282011,0.0271885,0.0261862,0.0251938,0.0242109,0.0232372,0.0222723,0.0213159,0.0203676,0.019427,0.0184938,0.0175677,0.0166482,0.0157351,0.0148281,0.0139267,0.0130306,0.0121395,0.011253,0.0103709,0.00949273,0.0086182,0.00774698,0.00687873,0.00601313,0.00514983,0.0042885,0.00342883,0.00257047,0.0017131
0,0.0360981,0.0707085,0.102665,0.131268,0.156252,0.177675,0.195785,0.210924,0.223459,0.233744,0.2421,0.248809,0.254114,0.258221,0.261305,0.263512,0.264968,0.265775,0.266024,0.26579,0.265136,0.264119,0.262785,0.261175,0.259325,0.257265,0.255023,0.252622,0.250084,0.247426,0.244665,0.241815,0.238889,0.235899,0.232855,0.229766,0.226641,0.223487,0.22031,0.217118,0.213914,0.210705,0.207494,0.204286,0.201084,0.197892,0.194713,0.191549,0.188402,0.185276,0.182171,0.17909,0.176034,0.173005,0.170004,0.167032,0.16409,0.161179,0.158299,0.155452,0.152637,0.149856,0.147109,0.144396,0.141717,0.139073,0.136463,0.133888,0.131348,0.128843,0.126372,0.123936,0.121535,0.119167,0.116834,0.114535,0.112269,0.110037,0.107838,0.105671,0.103537,0.101435,0.0993653,0.0973265,0.0953188,0.0933417,0.0913947,0.0894776,0.0875898,0.085731,0.0839007,0.0820984,0.0803238,0.0785764,0.0768558,0.0751614,0.0734929,0.0718498,0.0702316,0.068638,0.0670683,0.0655223,0.0639994,0.0624991,0.0610211,0.0595649,0.05813,0.056716,0.0553224,0.0539488,0.0525948,0.0512599,0.0499437,0.0486457,0.0473656,0.0461029,0.0448571,0.0436279,0.0424148,0.0412174,0.0400353,0.0388682,0.0377154,0.0365768,0.0354519,0.0343402,0.0332414,0.0321551,0.0310809,0.0300184,0.0289672,0.027927,0.0268973,0.0258778,0.0248682,0.0238679,0.0228767,0.0218943,0.0209201,0.019954,0.0189954,0.0180441,0.0170997,0.0161618,0.0152301,0.0143042,0.0133838,0.0124685,0.011558,0.0106519,0.00974995,0.00885172,0.00795688,0.0070651,0.00617603,0.00528934,0.00440468,0.00352171,0.0026401,0.0017595
0,0.042514,0.082756,0.119101,0.15076,0.17762,0.199989,0.218371,0.233322,0.245373,0.254997,0.262596,0.268505,0.273003,0.276316,0.278634,0.280109,0.28087,0.281022,0.280653,0.279838,0.278638,0.277107,0.275291,0.273227,0.270949,0.268486,0.265863,0.263103,0.260224,0.257243,0.254176,0.251035,0.247832,0.244579,0.241283,0.237955,0.2346,0.231226,0.227839,0.224444,0.221047,0.217651,0.214261,0.210881,0.207513,0.20416,0.200826,0.197512,0.194221,0.190954,0.187714,0.184502,0.181319,0.178166,0.175045,0.171957,0.168901,0.16588,0.162894,0.159943,0.157027,0.154147,0.151304,0.148497,0.145727,0.142994,0.140297,0.137638,0.135015,0.132428,0.129879,0.127366,0.124889,0.122448,0.120042,0.117673,0.115338,0.113038,0.110773,0.108542,0.106345,0.104181,0.10205,0.0999521,0.0978861,0.0958519,0.093849,0.091877,0.0899355,0.0880239,0.0861419,0.0842889,0.0824645,0.0806682,0.0788996,0.0771582,0.0754435,0.073755,0.0720923,0.0704548,0.0688422,0.0672539,0.0656895,0.0641484,0.0626303,0.0611346,0.0596609,0.0582087,0.0567776,0.0553671,0.0539768,0.0526061,0.0512547,0.049922,0.0486077,0.0473113,0.0460324,0.0447705,0.0435252,0.0422961,0.0410827,0.0398846,0.0387015,0.0375328,0.0363782,0.0352372,0.0341094,0.0329945,0.0318921,0.0308017,0.0297229,0.0286554,0.0275987,0.0265525,0.0255164,0.0244899,0.0234728,0.0224647,0.0214651,0.0204737,0.0194901,0.0185139,0.0175448,0.0165825,0.0156265,0.0146765,0.0137321,0.0127929,0.0118587,0.0109291,0.0100036,0.00908199,0.00816386,0.00724887,0.00633667,0.00542691,0.00451924,0.0036133,0.00270876,0.00180526
0,0.0512018,0.0987004,0.140224,0.17505,0.20348,0.226291,0.244388,0.258619,0.269715,0.278276,0.284781,0.289613,0.293075,0.295408,0.296805,0.297421,0.297382,0.296789,0.295729,0.29427,0.292471,0.290382,0.288044,0.285492,0.282758,0.279867,0.276842,0.273702,0.270466,0.267147,0.263761,0.260317,0.256827,0.253301,0.249746,0.246169,0.242578,0.238979,0.235376,0.231774,0.228179,0.224593,0.22102,0.217463,0.213926,0.21041,0.206919,0.203453,0.200015,0.196607,0.19323,0.189885,0.186573,0.183296,0.180054,0.176849,0.17368,0.170548,0.167454,0.164398,0.161381,0.158403,0.155463,0.152562,0.149701,0.146878,0.144095,0.141351,0.138645,0.135978,0.13335,0.13076,0.128208,0.125693,0.123216,0.120776,0.118373,0.116006,0.113675,0.11138,0.10912,0.106895,0.104704,0.102546,0.100422,0.0983316,0.0962732,0.0942469,0.092252,0.0902881,0.0883548,0.0864515,0.0845778,0.0827332,0.0809171,0.0791291,0.0773686,0.0756352,0.0739284,0.0722477,0.0705925,0.0689624,0.0673569,0.0657755,0.0642177,0.0626831,0.061171,0.0596811,0.058213,0.056766,0.0553397,0.0539337,0.0525475,0.0511806,0.0498326,0.048503,0.0471913,0.0458972,0.0446201,0.0433597,0.0421154,0.0408868,0.0396736,0.0384752,0.0372913,0.0361214,0.0349652,0.0338221,0.0326917,0.0315738,0.0304678,0.0293734,0.0282901,0.0272175,0.0261553,0.0251031,0.0240604,0.0230269,0.0220022,0.0209859,0.0199776,0.018977,0.0179836,0.0169971,0.0160172,0.0150434,0.0140753,0.0131127,0.0121551,0.0112022,0.0102536,0.00930892,0.00836784,0.00742998,0.00649499,0.00556249,0.00463214,0.00370357,0.00277643,0.00185036
0,0.0635928,0.12062,0.168043,0.205737,0.234957,0.257309,0.27427,0.287051,0.296593,0.303609,0.308639,0.312091,0.314276,0.315436,0.315758,0.315389,0.314447,0.313026,0.311203,0.309042,0.306595,0.303906,0.301011,0.297942,0.294724,0.291382,0.287935,0.284399,0.28079,0.277121,0.273403,0.269646,0.26586,0.262052,0.25823,0.254399,0.250566,0.246735,0.242912,0.239099,0.235301,0.231521,0.227763,0.224028,0.220318,0.216637,0.212987,0.209367,0.205781,0.20223,0.198714,0.195235,0.191794,0.188392,0.185028,0.181705,0.178421,0.175179,0.171977,0.168816,0.165697,0.16262,0.159584,0.156589,0.153636,0.150725,0.147855,0.145026,0.142238,0.13949,0.136783,0.134117,0.13149,0.128902,0.126354,0.123844,0.121372,0.118939,0.116543,0.114184,0.111861,0.109575,0.107324,0.105108,0.102927,0.10078,0.0986663,0.096586,0.0945383,0.0925226,0.0905385,0.0885855,0.0866629,0.0847704,0.0829073,0.0810732,0.0792675,0.0774897,0.0757393,0.0740157,0.0723185,0.0706471,0.069001,0.0673798,0.0657828,0.0642096,0.0626597,0.0611326,0.0596278,0.0581448,0.0566831,0.0552422,0.0538217,0.052421,0.0510397,0.0496773,0.0483334,0.0470074,0.045699,0.0444076,0.0431329,0.0418743,0.0406314,0.0394038,0.038191,0.0369926,0.0358082,0.0346373,0.0334795,0.0323344,0.0312016,0.0300806,0.0289711,0.0278726,0.0267847,0.025707,0.0246391,0.0235807,0.0225312,0.0214904,0.0204578,0.0194331,0.0184158,0.0174056,0.016402,0.0154048,0.0144134,0.0134277,0.012447,0.0114712,0.0104998,0.00953244,0.00856875,0.00760836,0.00665091,0.00569602,0.00474333,0.00379247,0.00284307,0.00189477
0,0.0825492,0.152144,0.205593,0.244897,0.273304,0.293716,0.308331,0.318724,0.325997,0.33093,0.334075,0.335835,0.336503,0.336303,0.335402,0.33393,0.33199,0.329664,0.327016,0.324101,0.320962,0.317636,0.314153,0.310539,0.306816,0.303003,0.299116,0.295169,0.291175,0.287143,0.283084,0.279005,0.274914,0.270818,0.266722,0.262632,0.258552,0.254485,0.250437,0.24641,0.242406,0.23843,0.234483,0.230566,0.226683,0.222835,0.219023,0.215249,0.211513,0.207817,0.204162,0.200549,0.196977,0.193449,0.189963,0.186521,0.183123,0.179769,0.176459,0.173194,0.169973,0.166796,0.163664,0.160575,0.157531,0.154531,0.151574,0.148661,0.145791,0.142963,0.140178,0.137435,0.134733,0.132073,0.129453,0.126874,0.124335,0.121835,0.119374,0.116952,0.114567,0.11222,0.10991,0.107636,0.105398,0.103195,0.101027,0.0988934,0.0967933,0.0947264,0.0926921,0.0906897,0.0887189,0.086779,0.0848694,0.0829897,0.0811393,0.0793176,0.0775241,0.0757582,0.0740195,0.0723073,0.0706211,0.0689605,0.0673249,0.0657137,0.0641264,0.0625625,0.0610216,0.059503,0.0580064,0.0565311,0.0550767,0.0536427,0.0522286,0.0508339,0.0494581,0.0481008,0.0467615,0.0454396,0.0441348,0.0428466,0.0415745,0.0403181,0.0390769,0.0378504,0.0366383,0.03544,0.0342552,0.0330833,0.0319241,0.030777,0.0296416,0.0285175,0.0274043,0.0263016,0.0252089,0.0241259,0.0230521,0.0219871,0.0209306,0.0198821,0.0188412,0.0178076,0.0167808,0.0157605,0.0147462,0.0137377,0.0127344,0.011736,0.0107422,0.00975245,0.00876651,0.00778394,0.00680439,0.00582746,0.00485278,0.00387998,0.00290867,0.00193849
0,0.11446,0.199815,0.257286,0.294953,0.319647,0.335919,0.346617,0.353515,0.357742,0.360037,0.360897,0.360669,0.3596,0.357871,0.355616,0.352939,0.349921,0.346623,0.343097,0.339384,0.335517,0.331523,0.327426,0.323246,0.318999,0.314699,0.310358,0.305988,0.301597,0.297194,0.292785,0.288377,0.283975,0.279585,0.27521,0.270855,0.266524,0.262218,0.257942,0.253697,0.249486,0.24531,0.241172,0.237073,0.233014,0.228997,0.225023,0.221092,0.217206,0.213365,0.20957,0.205821,0.202119,0.198463,0.194855,0.191295,0.187782,0.184316,0.180898,0.177528,0.174205,0.170929,0.1677,0.164518,0.161383,0.158294,0.155251,0.152254,0.149301,0.146394,0.143531,0.140712,0.137936,0.135204,0.132514,0.129865,0.127259,0.124693,0.122168,0.119682,0.117236,0.114829,0.11246,0.110129,0.107834,0.105577,0.103355,0.101168,0.0990162,0.0968985,0.0948144,0.0927634,0.0907448,0.088758,0.0868026,0.0848778,0.0829832,0.0811181,0.0792821,0.0774744,0.0756947,0.0739422,0.0722166,0.0705171,0.0688433,0.0671945,0.0655704,0.0639703,0.0623937,0.0608401,0.059309,0.0577998,0.056312,0.0548452,0.0533987,0.0519722,0.0505651,0.0491769,0.0478071,0.0464552,0.0451209,0.0438035,0.0425026,0.0412178,0.0399486,0.0386945,0.037455,0.0362298,0.0350183,0.0338202,0.0326349,0.0314621,0.0303012,0.029152,0.0280139,0.0268865,0.0257694,0.0246622,0.0235644,0.0224757,0.0213956,0.0203238,0.0192597,0.0182031,0.0171535,0.0161104,0.0150736,0.0140426,0.013017,0.0119965,0.0109806,0.00996887,0.00896103,0.00795666,0.00695536,0.00595675,0.00496044,0.00396605,0.0029732,0.00198149
0,0.175476,0.275368,0.328785,0.357983,0.374412,0.383697,0.388701,0.390977,0.39142,0.390579,0.388808,0.386346,0.383358,0.379964,0.376253,0.372291,0.36813,0.363811,0.359366,0.354821,0.350198,0.345514,0.340784,0.33602,0.331234,0.326435,0.321631,0.316828,0.312032,0.30725,0.302485,0.297742,0.293025,0.288336,0.283679,0.279056,0.27447,0.269923,0.265416,0.260951,0.25653,0.252153,0.247823,0.243539,0.239304,0.235117,0.23098,0.226892,0.222855,0.218868,0.214932,0.211047,0.207214,0.203432,0.199701,0.196021,0.192393,0.188816,0.18529,0.181815,0.17839,0.175016,0.171691,0.168416,0.16519,0.162012,0.158883,0.155802,0.152768,0.149782,0.146841,0.143947,0.141097,0.138293,0.135533,0.132816,0.130143,0.127512,0.124923,0.122375,0.119868,0.117401,0.114974,0.112585,0.110235,0.107923,0.105648,0.103409,0.101206,0.0990379,0.0969047,0.0948055,0.0927397,0.0907067,0.0887059,0.0867366,0.0847984,0.0828905,0.0810125,0.0791636,0.0773434,0.0755513,0.0737866,0.0720488,0.0703373,0.0686517,0.0669912,0.0653554,0.0637437,0.0621556,0.0605905,0.0590479,0.0575272,0.056028,0.0545497,0.0530918,0.0516538,0.0502352,0.0488354,0.047454,0.0460905,0.0447445,0.0434153,0.0421025,0.0408057,0.0395244,0.0382581,0.0370063,0.0357687,0.0345446,0.0333338,0.0321357,0.0309498,0.0297758,0.0286132,0.0274616,0.0263205,0.0251895,0.0240681,0.0229561,0.0218528,0.020758,0.0196711,0.0185919,0.0175198,0.0164544,0.0153954,0.0143424,0.0132949,0.0122525,0.0112149,0.0101816,0.00915225,0.00812643,0.00710376,0.00608384,0.00506627,0.00405066,0.00303663,0.00202376
0,0.312077,0.397396,0.424504,0.433781,0.436321,0.435754,0.433515,0.430273,0.426382,0.422052,0.417411,0.412548,0.407521,0.402375,0.39714,0.391842,0.386499,0.381126,0.375735,0.370337,0.36494,0.35955,0.354174,0.348817,0.343484,0.338177,0.332902,0.32766,0.322455,0.317289,0.312165,0.307083,0.302047,0.297056,0.292114,0.287221,0.282379,0.277587,0.272848,0.268162,0.263529,0.258951,0.254427,0.249959,0.245546,0.241189,0.236887,0.232642,0.228453,0.22432,0.220243,0.216223,0.212258,0.208349,0.204496,0.200698,0.196955,0.193267,0.189633,0.186053,0.182526,0.179053,0.175633,0.172265,0.168948,0.165683,0.162469,0.159304,0.156189,0.153124,0.150106,0.147137,0.144214,0.141339,0.138509,0.135724,0.132985,0.130289,0.127637,0.125028,0.12246,0.119935,0.11745,0.115005,0.1126,0.110233,0.107905,0.105615,0.103361,0.101144,0.0989618,0.0968151,0.0947027,0.092624,0.0905785,0.0885653,0.0865841,0.084634,0.0827145,0.0808251,0.078965,0.0771337,0.0753305,0.073555,0.0718065,0.0700844,0.0683881,0.0667171,0.0650709,0.0634487,0.0618502,0.0602747,0.0587217,0.0571906,0.055681,0.0541922,0.0527239,0.0512753,0.0498461,0.0484356,0.0470435,0.0456692,0.0443121,0.0429719,0.041648,0.0403399,0.0390472,0.0377694,0.036506,0.0352565,0.0340205,0.0327975,0.031587,0.0303887,0.029202,0.0280265,0.0268618,0.0257075,0.024563,0.023428,0.022302,0.0211845,0.0200753,0.0189738,0.0178796,0.0167924,0.0157116,0.0146369,0.0135679,0.0125041,0.0114451,0.0103906,0.00934009,0.00829321,0.00724954,0.00620868,0.00517023,0.00413378,0.00309893,0.00206529
1,0.675436,0.577635,0.538053,0.516317,0.501336,0.489484,0.479333,0.470217,0.461785,0.453834,0.446237,0.438913,0.431805,0.424873,0.418091,0.411438,0.404897,0.398458,0.392112,0.385853,0.379675,0.373574,0.367547,0.361592,0.355706,0.349889,0.34414,0.338457,0.33284,0.327288,0.321801,0.316379,0.311022,0.305729,0.300501,0.295337,0.290236,0.2852,0.280228,0.27532,0.270476,0.265695,0.260978,0.256324,0.251733,0.247205,0.24274,0.238337,0.233996,0.229717,0.2255,0.221343,0.217247,0.213212,0.209236,0.20532,0.201462,0.197663,0.193922,0.190238,0.18661,0.183039,0.179524,0.176063,0.172657,0.169304,0.166005,0.162758,0.159562,0.156418,0.153325,0.150281,0.147286,0.144339,0.141441,0.138589,0.135784,0.133024,0.13031,0.127639,0.125012,0.122428,0.119886,0.117386,0.114926,0.112506,0.110126,0.107784,0.105481,0.103215,0.100985,0.0987912,0.0966329,0.0945092,0.0924195,0.0903631,0.0883394,0.0863478,0.0843875,0.082458,0.0805586,0.0786887,0.0768477,0.0750351,0.07325,0.0714921,0.0697606,0.068055,0.0663747,0.0647191,0.0630877,0.0614798,0.059895,0.0583326,0.0567922,0.0552731,0.0537748,0.0522968,0.0508386,0.0493996,0.0479793,0.0465772,0.0451928,0.0438256,0.0424751,0.0411407,0.0398221,0.0385186,0.0372299,0.0359554,0.0346947,0.0334472,0.0322126,0.0309904,0.0297801,0.0285812,0.0273933,0.026216,0.0250488,0.0238912,0.0227429,0.0216033,0.0204721,0.0193487,0.0182329,0.0171241,0.0160219,0.014926,0.0138358,0.012751,0.0116711,0.0105957,0.00952447,0.00845691,0.00739263,0.00633122,0.00527227,0.00421536,0.00316009,0.00210605
1,0.812032,0.699653,0.633758,0.592097,0.563222,0.541515,0.524115,0.509476,0.496706,0.485261,0.474791,0.465062,0.455911,0.447224,0.438914,0.430921,0.423194,0.415698,0.408404,0.401288,0.394333,0.387523,0.380848,0.374296,0.367861,0.361534,0.355312,0.349188,0.343159,0.337222,0.331374,0.325612,0.319934,0.314339,0.308824,0.303388,0.298031,0.29275,0.287545,0.282415,0.277359,0.272376,0.267465,0.262626,0.257858,0.253159,0.24853,0.24397,0.239478,0.235054,0.230696,0.226404,0.222177,0.218016,0.213918,0.209884,0.205912,0.202003,0.198154,0.194367,0.190639,0.18697,0.18336,0.179808,0.176312,0.172873,0.169489,0.16616,0.162885,0.159663,0.156494,0.153376,0.15031,0.147293,0.144327,0.141408,0.138538,0.135715,0.132939,0.130208,0.127522,0.12488,0.122282,0.119727,0.117213,0.114741,0.112309,0.109917,0.107564,0.10525,0.102973,0.100733,0.0985294,0.0963613,0.0942281,0.0921291,0.0900637,0.088031,0.0860306,0.0840617,0.0821236,0.0802158,0.0783376,0.0764883,0.0746674,0.0728741,0.071108,0.0693684,0.0676546,0.0659661,0.0643024,0.0626627,0.0610466,0.0594535,0.0578827,0.0563338,0.0548062,0.0532993,0.0518126,0.0503455,0.0488976,0.0474683,0.046057,0.0446633,0.0432866,0.0419264,0.0405823,0.0392537,0.0379401,0.0366411,0.0353561,0.0340847,0.0328264,0.0315807,0.0303472,0.0291254,0.0279147,0.0267149,0.0255254,0.0243457,0.0231754,0.0220141,0.0208613,0.0197165,0.0185794,0.0174495,0.0163264,0.0152095,0.0140986,0.0129932,0.0118927,0.0107969,0.00970533,0.00861749,0.00753299,0.00645142,0.00537236,0.00429539,0.00322008,0.00214602
1,0.873039,0.775188,0.705229,0.65509,0.617941,0.589238,0.566136,0.546866,0.530304,0.515715,0.502605,0.490633,0.479556,0.469196,0.459423,0.450136,0.441261,0.432737,0.424516,0.416563,0.408845,0.40134,0.394025,0.386885,0.379906,0.373076,0.366385,0.359824,0.353387,0.347068,0.34086,0.334761,0.328764,0.322868,0.317068,0.311363,0.305749,0.300225,0.294788,0.289437,0.28417,0.278985,0.273882,0.268858,0.263913,0.259045,0.254253,0.249536,0.244894,0.240324,0.235826,0.2314,0.227044,0.222756,0.218538,0.214386,0.210301,0.206282,0.202328,0.198437,0.194609,0.190844,0.18714,0.183496,0.179912,0.176387,0.17292,0.169509,0.166155,0.162857,0.159613,0.156422,0.153285,0.150199,0.147165,0.144181,0.141246,0.138361,0.135523,0.132733,0.129989,0.12729,0.124636,0.122027,0.11946,0.116936,0.114453,0.112012,0.10961,0.107248,0.104925,0.10264,0.100391,0.0981795,0.0960035,0.0938626,0.091756,0.089683,0.0876431,0.0856354,0.0836593,0.0817142,0.0797993,0.0779141,0.0760579,0.07423,0.0724298,0.0706567,0.0689101,0.0671893,0.0654938,0.0638229,0.0621761,0.0605527,0.0589522,0.057374,0.0558176,0.0542823,0.0527677,0.0512731,0.049798,0.0483419,0.0469043,0.0454845,0.0440822,0.0426967,0.0413276,0.0399743,0.0386364,0.0373133,0.0360045,0.0347096,0.033428,0.0321594,0.0309031,0.0296587,0.0284258,0.0272039,0.0259925,0.0247911,0.0235993,0.0224167,0.0212427,0.020077,0.0189191,0.0177684,0.0166247,0.0154875,0.0143562,0.0132305,0.01211,0.0109941,0.00988258,0.00877486,0.00767056,0.00656923,0.00547046,0.00437381,0.00327887,0.00218521
1,0.904936,0.822831,0.756882,0.705091,0.664216,0.631359,0.604326,0.581549,0.561928,0.544688,0.529281,0.515309,0.502482,0.490582,0.479444,0.468942,0.458977,0.449471,0.440363,0.431602,0.423147,0.414965,0.407029,0.399314,0.391803,0.384479,0.377328,0.370338,0.363499,0.356802,0.35024,0.343806,0.337495,0.3313,0.325219,0.319246,0.313378,0.307613,0.301946,0.296375,0.290899,0.285515,0.28022,0.275013,0.269892,0.264855,0.259902,0.255029,0.250237,0.245523,0.240887,0.236327,0.231841,0.22743,0.22309,0.218823,0.214625,0.210497,0.206438,0.202445,0.198519,0.194657,0.19086,0.187126,0.183455,0.179844,0.176294,0.172804,0.169371,0.165997,0.162678,0.159416,0.156208,0.153054,0.149953,0.146905,0.143907,0.14096,0.138062,0.135212,0.132411,0.129656,0.126948,0.124284,0.121665,0.11909,0.116558,0.114067,0.111618,0.109209,0.10684,0.10451,0.102218,0.0999629,0.0977448,0.0955626,0.0934156,0.091303,0.0892242,0.0871784,0.085165,0.0831832,0.0812323,0.0793118,0.0774209,0.075559,0.0737254,0.0719194,0.0701405,0.0683881,0.0666614,0.0649598,0.0632828,0.0616298,0.0600002,0.0583933,0.0568086,0.0552455,0.0537034,0.0521818,0.0506801,0.0491978,0.0477343,0.0462891,0.0448616,0.0434513,0.0420577,0.0406802,0.0393184,0.0379717,0.0366396,0.0353217,0.0340174,0.0327261,0.0314476,0.0301811,0.0289264,0.0276828,0.02645,0.0252274,0.0240145,0.022811,0.0216163,0.02043,0.0192517,0.0180808,0.0169169,0.0157596,0.0146085,0.013463,0.0123227,0.0111873,0.0100562,0.00892898,0.00780527,0.0066846,0.00556652,0.00445062,0.00333645,0.00222358
1,0.923874,0.854318,0.794376,0.744178,0.702471,0.667657,0.638261,0.613077,0.59117,0.57183,0.554522,0.538842,0.524482,0.511206,0.49883,0.48721,0.476234,0.465809,0.455863,0.446334,0.437176,0.428345,0.41981,0.411541,0.403514,0.39571,0.388111,0.380701,0.373469,0.366402,0.359492,0.35273,0.346109,0.339621,0.333262,0.327025,0.320906,0.314902,0.309008,0.303221,0.297537,0.291955,0.28647,0.281082,0.275787,0.270583,0.265469,0.260443,0.255502,0.250646,0.245872,0.241179,0.236566,0.232031,0.227573,0.22319,0.218881,0.214645,0.210481,0.206388,0.202363,0.198407,0.194518,0.190695,0.186937,0.183242,0.179611,0.17604,0.172531,0.169081,0.16569,0.162356,0.159079,0.155858,0.152691,0.149578,0.146518,0.14351,0.140552,0.137645,0.134787,0.131977,0.129215,0.126499,0.123828,0.121203,0.118621,0.116083,0.113586,0.111131,0.108717,0.106343,0.104008,0.101711,0.0994512,0.0972285,0.0950417,0.0928902,0.0907732,0.08869,0.0866399,0.0846221,0.082636,0.0806808,0.0787559,0.0768606,0.0749942,0.073156,0.0713455,0.0695619,0.0678046,0.066073,0.0643665,0.0626844,0.0610262,0.0593911,0.0577787,0.0561883,0.0546194,0.0530714,0.0515436,0.0500356,0.0485468,0.0470766,0.0456245,0.0441899,0.0427723,0.0413711,0.0399859,0.0386161,0.0372612,0.0359207,0.0345941,0.0332808,0.0319804,0.0306924,0.0294162,0.0281515,0.0268977,0.0256543,0.0244208,0.0231969,0.0219819,0.0207755,0.0195772,0.0183864,0.0172028,0.016026,0.0148553,0.0136904,0.0125309,0.0113762,0.010226,0.00907978,0.00793708,0.00679748,0.00566052,0.00452577,0.00339278,0.00226112
1,0.936242,0.876192,0.822126,0.774772,0.733834,0.698537,0.667983,0.641328,0.617845,0.596939,0.578135,0.561054,0.545398,0.530929,0.517459,0.504837,0.49294,0.481669,0.470944,0.460698,0.450876,0.441431,0.432325,0.423525,0.415004,0.406736,0.398704,0.390887,0.383273,0.375847,0.368597,0.361515,0.35459,0.347814,0.341182,0.334686,0.328321,0.322082,0.315964,0.309963,0.304075,0.298297,0.292626,0.287058,0.281591,0.276223,0.270951,0.265772,0.260685,0.255687,0.250777,0.245953,0.241214,0.236557,0.231981,0.227484,0.223065,0.218723,0.214456,0.210262,0.206141,0.202091,0.198111,0.1942,0.190356,0.186579,0.182866,0.179217,0.175632,0.172108,0.168644,0.165241,0.161895,0.158607,0.155376,0.1522,0.149078,0.14601,0.142994,0.14003,0.137116,0.134252,0.131436,0.128668,0.125947,0.123272,0.120642,0.118057,0.115514,0.113014,0.110556,0.108138,0.10576,0.103422,0.101122,0.0988593,0.0966336,0.0944439,0.0922895,0.0901696,0.0880834,0.0860304,0.0840096,0.0820204,0.0800622,0.0781341,0.0762356,0.0743659,0.0725243,0.0707103,0.0689231,0.067162,0.0654266,0.063716,0.0620297,0.0603671,0.0587276,0.0571105,0.0555153,0.0539414,0.0523881,0.050855,0.0493414,0.0478467,0.0463705,0.0449121,0.043471,0.0420467,0.0406386,0.0392462,0.037869,0.0365064,0.035158,0.0338231,0.0325014,0.0311922,0.0298952,0.0286097,0.0273354,0.0260717,0.0248181,0.0235741,0.0223393,0.0211132,0.0198954,0.0186852,0.0174824,0.0162863,0.0150966,0.0139128,0.0127344,0.011561,0.0103921,0.0092272,0.00806594,0.00690783,0.00575241,0.00459923,0.00344786,0.00229782
1,0.944902,0.89208,0.843166,0.798952,0.759555,0.724674,0.693808,0.666407,0.641942,0.619948,0.600025,0.581843,0.565127,0.549655,0.535241,0.521737,0.509019,0.496984,0.485548,0.474639,0.4642,0.454179,0.444535,0.435232,0.426239,0.417529,0.40908,0.400873,0.392889,0.385115,0.377536,0.370142,0.362921,0.355865,0.348967,0.342217,0.335611,0.329141,0.322803,0.316592,0.310504,0.304534,0.298679,0.292934,0.287298,0.281767,0.276339,0.27101,0.265778,0.260641,0.255597,0.250644,0.24578,0.241002,0.23631,0.231701,0.227173,0.222726,0.218357,0.214065,0.209849,0.205706,0.201637,0.197638,0.19371,0.189851,0.186059,0.182333,0.178672,0.175075,0.17154,0.168068,0.164655,0.161302,0.158006,0.154768,0.151586,0.148459,0.145385,0.142365,0.139397,0.136479,0.133611,0.130792,0.128022,0.125298,0.122621,0.119988,0.1174,0.114856,0.112354,0.109894,0.107475,0.105096,0.102756,0.100454,0.0981904,0.0959633,0.0937722,0.0916163,0.0894949,0.0874073,0.0853526,0.0833301,0.0813392,0.0793791,0.0774491,0.0755485,0.0736766,0.0718327,0.0700162,0.0682263,0.0664625,0.0647241,0.0630105,0.0613209,0.0596549,0.0580117,0.0563907,0.0547915,0.0532133,0.0516555,0.0501177,0.0485991,0.0470993,0.0456177,0.0441537,0.0427067,0.0412763,0.0398618,0.0384627,0.0370786,0.0357088,0.0343529,0.0330103,0.0316805,0.030363,0.0290573,0.0277629,0.0264793,0.025206,0.0239426,0.0226884,0.0214431,0.0202061,0.0189771,0.0177554,0.0165406,0.0153323,0.01413,0.0129332,0.0117414,0.0105542,0.00937119,0.00819179,0.0070156,0.00584215,0.00467098,0.00350164,0.00233367
1,0.951285,0.904063,0.859504,0.818314,0.780761,0.746794,0.716169,0.688549,0.66357,0.640885,0.620176,0.601165,0.583614,0.567321,0.552115,0.537853,0.524415,0.5117,0.499623,0.488112,0.477105,0.46655,0.456404,0.446629,0.43719,0.428061,0.419217,0.410635,0.402297,0.394188,0.386291,0.378595,0.371088,0.36376,0.356602,0.349606,0.342764,0.336069,0.329517,0.3231,0.316815,0.310657,0.304621,0.298704,0.292901,0.28721,0.281628,0.276151,0.270777,0.265504,0.260328,0.255247,0.25026,0.245364,0.240557,0.235837,0.231202,0.226651,0.222182,0.217793,0.213483,0.20925,0.205092,0.201008,0.196996,0.193056,0.189186,0.185384,0.181649,0.17798,0.174376,0.170835,0.167357,0.163939,0.160581,0.157282,0.15404,0.150855,0.147725,0.144649,0.141627,0.138657,0.135738,0.132869,0.13005,0.127279,0.124554,0.121877,0.119244,0.116656,0.114112,0.11161,0.10915,0.106731,0.104352,0.102013,0.0997114,0.0974476,0.0952206,0.0930295,0.0908736,0.0887521,0.0866643,0.0846093,0.0825864,0.080595,0.0786342,0.0767033,0.0748017,0.0729287,0.0710835,0.0692655,0.067474,0.0657084,0.0639679,0.062252,0.06056,0.0588913,0.0572453,0.0556213,0.0540187,0.0524369,0.0508754,0.0493335,0.0478107,0.0463063,0.0448199,0.0433508,0.0418986,0.0404625,0.0390422,0.037637,0.0362464,0.0348699,0.0335069,0.032157,0.0308195,0.0294941,0.0281801,0.0268772,0.0255847,0.0243021,0.0230291,0.021765,0.0205094,0.0192618,0.0180218,0.0167887,0.0155623,0.0143419,0.0131271,0.0119175,0.0107125,0.00951167,0.00831459,0.00712076,0.00592972,0.00474099,0.00355412,0.00236864
1,0.956176,0.913382,0.872474,0.834039,0.798381,0.765574,0.735526,0.708049,0.682905,0.659846,0.638628,0.619027,0.600843,0.5839,0.568044,0.553145,0.539089,0.52578,0.513133,0.50108,0.489557,0.478514,0.467904,0.457689,0.447834,0.43831,0.42909,0.420153,0.411478,0.403048,0.394847,0.386861,0.379078,0.371486,0.364077,0.356841,0.34977,0.342857,0.336095,0.329478,0.323001,0.316658,0.310445,0.304358,0.298393,0.292546,0.286813,0.281191,0.275677,0.270269,0.264963,0.259758,0.25465,0.249637,0.244717,0.239889,0.235149,0.230496,0.225928,0.221444,0.217041,0.212718,0.208474,0.204306,0.200213,0.196193,0.192246,0.188369,0.184562,0.180822,0.177149,0.173542,0.169998,0.166517,0.163098,0.159739,0.156439,0.153197,0.150011,0.146882,0.143807,0.140785,0.137816,0.134898,0.132031,0.129213,0.126443,0.123721,0.121045,0.118414,0.115828,0.113286,0.110786,0.108328,0.105911,0.103534,0.101196,0.0988963,0.0966341,0.0944086,0.092219,0.0900644,0.0879441,0.0858573,0.0838032,0.0817811,0.0797902,0.0778298,0.0758992,0.0739977,0.0721245,0.070279,0.0684605,0.0666683,0.0649017,0.0631601,0.0614428,0.0597492,0.0580786,0.0564304,0.054804,0.0531988,0.0516142,0.0500496,0.0485043,0.0469778,0.0454695,0.0439789,0.0425053,0.0410482,0.0396071,0.0381813,0.0367704,0.0353738,0.033991,0.0326214,0.0312645,0.0299199,0.0285868,0.0272649,0.0259537,0.0246526,0.0233611,0.0220787,0.020805,0.0195394,0.0182814,0.0170306,0.0157864,0.0145484,0.0133161,0.0120891,0.0108667,0.0096486,0.00843428,0.00722326,0.00601507,0.00480923,0.00360527,0.00240273
1,0.960037,0.920814,0.882971,0.846986,0.813151,0.781594,0.752312,0.725215,0.700157,0.676966,0.655462,0.635472,0.616832,0.599391,0.583018,0.567594,0.553017,0.539196,0.526052,0.513517,0.501532,0.490044,0.47901,0.468389,0.458147,0.448254,0.438682,0.42941,0.420415,0.41168,0.403187,0.394924,0.386875,0.379031,0.371379,0.363912,0.356619,0.349494,0.342528,0.335716,0.329052,0.32253,0.316145,0.309892,0.303768,0.297767,0.291887,0.286123,0.280473,0.274933,0.2695,0.264172,0.258945,0.253818,0.248788,0.243852,0.239009,0.234257,0.229592,0.225014,0.220521,0.21611,0.21178,0.207529,0.203356,0.199259,0.195236,0.191286,0.187408,0.183599,0.179859,0.176186,0.172578,0.169035,0.165556,0.162138,0.15878,0.155483,0.152243,0.14906,0.145934,0.142862,0.139844,0.136878,0.133964,0.1311,0.128286,0.12552,0.122801,0.120129,0.117502,0.11492,0.112381,0.109885,0.10743,0.105017,0.102643,0.100308,0.098012,0.0957529,0.0935303,0.0913434,0.0891914,0.0870735,0.0849889,0.0829369,0.0809167,0.0789275,0.0769686,0.0750393,0.0731388,0.0712665,0.0694216,0.0676034,0.0658113,0.0640446,0.0623027,0.0605848,0.0588903,0.0572186,0.055569,0.053941,0.0523338,0.050747,0.0491798,0.0476317,0.0461021,0.0445905,0.0430961,0.0416186,0.0401572,0.0387114,0.0372808,0.0358646,0.0344624,0.0330737,0.0316979,0.0303344,0.0289828,0.0276426,0.0263131,0.0249939,0.0236844,0.0223842,0.0210928,0.0198097,0.0185342,0.0172661,0.0160047,0.0147496,0.0135002,0.0122561,0.0110169,0.00978193,0.00855082,0.00732305,0.00609816,0.00487566,0.00365508,0.00243592
1,0.963158,0.926865,0.891612,0.857783,0.825643,0.795338,0.766914,0.740342,0.715541,0.692398,0.670785,0.650569,0.63162,0.613816,0.597043,0.581198,0.566189,0.551935,0.538361,0.525405,0.513008,0.501122,0.489703,0.478711,0.468112,0.457876,0.447976,0.438389,0.429093,0.420069,0.4113,0.402772,0.39447,0.386383,0.378499,0.370808,0.363302,0.355971,0.348809,0.341808,0.334962,0.328266,0.321713,0.315299,0.30902,0.30287,0.296845,0.290943,0.285159,0.27949,0.273933,0.268485,0.263142,0.257903,0.252765,0.247725,0.242781,0.23793,0.233171,0.228501,0.223919,0.219422,0.215008,0.210677,0.206425,0.202252,0.198155,0.194133,0.190184,0.186308,0.182502,0.178765,0.175095,0.171491,0.167952,0.164477,0.161064,0.157711,0.154419,0.151184,0.148007,0.144886,0.14182,0.138807,0.135847,0.132939,0.130081,0.127272,0.124512,0.121799,0.119133,0.116511,0.113935,0.111401,0.10891,0.106461,0.104052,0.101683,0.0993535,0.0970616,0.0948069,0.0925885,0.0904056,0.0882574,0.0861431,0.0840619,0.0820131,0.0799958,0.0780094,0.076053,0.0741259,0.0722274,0.0703568,0.0685134,0.0666965,0.0649054,0.0631393,0.0613978,0.05968,0.0579854,0.0563132,0.054663,0.0530339,0.0514254,0.049837,0.0482679,0.0467175,0.0451854,0.0436709,0.0421734,0.0406923,0.0392271,0.0377772,0.036342,0.034921,0.0335137,0.0321194,0.0307377,0.029368,0.0280098,0.0266626,0.0253258,0.0239989,0.0226814,0.0213728,0.0200725,0.0187801,0.0174951,0.016217,0.0149451,0.0136792,0.0124186,0.0111629,0.00991159,0.00866415,0.00742011,0.00617898,0.00494028,0.00370351,0.0024682
1,0.965729,0.931878,0.898827,0.866891,0.8363,0.807201,0.779664,0.753699,0.729267,0.7063,0.68471,0.664398,0.645264,0.627209,0.610139,0.593965,0.578608,0.563993,0.550054,0.536733,0.523975,0.511734,0.499969,0.48864,0.477714,0.467163,0.456959,0.447078,0.437499,0.428203,0.419174,0.410394,0.401851,0.393532,0.385426,0.377521,0.369809,0.362281,0.354929,0.347746,0.340724,0.333859,0.327143,0.320573,0.314142,0.307847,0.301683,0.295645,0.289731,0.283936,0.278258,0.272692,0.267237,0.261889,0.256644,0.251502,0.246459,0.241513,0.236661,0.231902,0.227232,0.222651,0.218156,0.213745,0.209417,0.205169,0.200999,0.196907,0.192891,0.188948,0.185077,0.181277,0.177547,0.173884,0.170287,0.166756,0.163288,0.159882,0.156537,0.153252,0.150026,0.146856,0.143743,0.140685,0.13768,0.134728,0.131828,0.128977,0.126177,0.123424,0.120719,0.11806,0.115446,0.112876,0.11035,0.107865,0.105423,0.103021,0.100658,0.0983342,0.0960482,0.0937991,0.0915861,0.0894084,0.0872652,0.0851556,0.083079,0.0810343,0.079021,0.0770383,0.0750853,0.0731614,0.0712658,0.0693978,0.0675567,0.0657418,0.0639524,0.0621879,0.0604475,0.0587305,0.0570364,0.0553645,0.0537141,0.0520847,0.0504755,0.0488859,0.0473155,0.0457635,0.0442293,0.0427124,0.0412122,0.039728,0.0382594,0.0368057,0.0353665,0.033941,0.0325289,0.0311294,0.0297422,0.0283666,0.0270021,0.0256482,0.0243043,0.02297,0.0216447,0.0203278,0.019019,0.0177176,0.0164231,0.0151351,0.0138531,0.0125765,0.0113048,0.0100375,0.00877423,0.00751438,0.00625748,0.00500303,0.00375056,0.00249955
1,0.967881,0.93609,0.904929,0.874654,0.845466,0.817502,0.790844,0.765522,0.741529,0.718826,0.697356,0.67705,0.65783,0.639619,0.622339,0.605917,0.590284,0.575375,0.56113,0.547497,0.534426,0.521872,0.509798,0.498165,0.486944,0.476103,0.465618,0.455465,0.445623,0.436073,0.426797,0.417781,0.409009,0.40047,0.392151,0.384042,0.376133,0.368416,0.360881,0.353522,0.346331,0.339302,0.33243,0.325707,0.319131,0.312694,0.306394,0.300225,0.294184,0.288267,0.282471,0.276791,0.271226,0.265771,0.260423,0.255181,0.250042,0.245002,0.24006,0.235213,0.230459,0.225795,0.221221,0.216732,0.212329,0.208008,0.203768,0.199607,0.195524,0.191516,0.187583,0.183722,0.179931,0.176211,0.172558,0.168971,0.16545,0.161992,0.158597,0.155263,0.151988,0.148772,0.145613,0.14251,0.139462,0.136467,0.133525,0.130635,0.127794,0.125003,0.12226,0.119564,0.116914,0.114309,0.111748,0.10923,0.106754,0.104319,0.101925,0.0995701,0.0972536,0.0949746,0.0927324,0.090526,0.0883546,0.0862175,0.0841137,0.0820425,0.0800031,0.0779947,0.0760166,0.074068,0.0721481,0.0702562,0.0683916,0.0665537,0.0647416,0.0629547,0.0611922,0.0594537,0.0577382,0.0560453,0.0543742,0.0527244,0.0510951,0.0494857,0.0478957,0.0463244,0.0447711,0.0432354,0.0417166,0.0402141,0.0387273,0.0372557,0.0357987,0.0343557,0.0329261,0.0315095,0.0301052,0.0287127,0.0273315,0.025961,0.0246007,0.02325,0.0219085,0.0205755,0.0192507,0.0179334,0.0166232,0.0153194,0.0140218,0.0127296,0.0114424,0.0101597,0.00888103,0.00760583,0.00633363,0.00506392,0.0037962,0.00252997
1,0.969706,0.939672,0.910143,0.881331,0.853407,0.826498,0.800687,0.776017,0.7525,0.730119,0.70884,0.688615,0.669387,0.651097,0.633682,0.617081,0.601237,0.586092,0.571596,0.557699,0.544358,0.531533,0.519185,0.507281,0.495792,0.484688,0.473946,0.463542,0.453455,0.443668,0.434162,0.424923,0.415936,0.407188,0.398667,0.390364,0.382267,0.374368,0.366658,0.35913,0.351776,0.344591,0.337566,0.330698,0.323979,0.317407,0.310975,0.304679,0.298515,0.292479,0.286568,0.280777,0.275104,0.269546,0.264098,0.258759,0.253526,0.248395,0.243365,0.238432,0.233596,0.228852,0.224199,0.219636,0.215159,0.210767,0.206459,0.202231,0.198083,0.194012,0.190017,0.186096,0.182248,0.178471,0.174763,0.171123,0.16755,0.164042,0.160597,0.157215,0.153893,0.150632,0.147428,0.144282,0.141191,0.138155,0.135173,0.132243,0.129364,0.126535,0.123755,0.121023,0.118338,0.115698,0.113104,0.110553,0.108045,0.105579,0.103154,0.100769,0.0984224,0.0961145,0.0938438,0.0916096,0.0894109,0.087247,0.0851169,0.0830199,0.0809552,0.0789219,0.0769194,0.0749467,0.0730033,0.0710882,0.0692009,0.0673405,0.0655064,0.0636978,0.0619141,0.0601545,0.0584184,0.0567051,0.0550139,0.0533443,0.0516955,0.0500669,0.0484579,0.0468678,0.0452961,0.0437422,0.0422053,0.040685,0.0391807,0.0376917,0.0362174,0.0347574,0.033311,0.0318777,0.0304569,0.0290481,0.0276506,0.026264,0.0248878,0.0235213,0.022164,0.0208155,0.0194752,0.0181425,0.0168169,0.015498,0.0141852,0.0128779,0.0115757,0.0102781,0.00898448,0.00769443,0.0064074,0.0051229,0.00384041,0.00255943
1,0.97127,0.94275,0.914641,0.88712,0.860333,0.834395,0.809388,0.78536,0.762335,0.740311,0.719271,0.699183,0.680008,0.6617,0.64421,0.62749,0.61149,0.596162,0.581462,0.567347,0.553777,0.540715,0.528128,0.515984,0.504254,0.492913,0.481936,0.471302,0.46099,0.450982,0.441262,0.431813,0.422623,0.413679,0.404968,0.396479,0.388204,0.380132,0.372255,0.364565,0.357055,0.349718,0.342548,0.335538,0.328684,0.321979,0.31542,0.309001,0.302718,0.296567,0.290545,0.284647,0.27887,0.273211,0.267666,0.262232,0.256908,0.251689,0.246573,0.241557,0.23664,0.231819,0.227091,0.222454,0.217906,0.213445,0.209069,0.204777,0.200565,0.196433,0.192378,0.1884,0.184495,0.180663,0.176902,0.17321,0.169586,0.166029,0.162536,0.159107,0.15574,0.152434,0.149187,0.145998,0.142867,0.139791,0.136769,0.133801,0.130884,0.128019,0.125203,0.122436,0.119717,0.117044,0.114417,0.111834,0.109295,0.106799,0.104344,0.101929,0.0995542,0.0972182,0.0949199,0.0926587,0.0904335,0.0882436,0.086088,0.083966,0.0818767,0.0798194,0.0777932,0.0757973,0.073831,0.0718935,0.0699841,0.068102,0.0662466,0.064417,0.0626126,0.0608327,0.0590765,0.0573435,0.0556329,0.0539441,0.0522764,0.0506292,0.0490019,0.0473937,0.0458041,0.0442325,0.0426782,0.0411407,0.0396193,0.0381135,0.0366226,0.0351461,0.0336834,0.0322339,0.0307972,0.0293725,0.0279593,0.0265572,0.0251655,0.0237837,0.0224113,0.0210477,0.0196923,0.0183447,0.0170044,0.0156707,0.0143432,0.0130214,0.0117047,0.0103926,0.00908456,0.00778013,0.00647876,0.00517995,0.00388318,0.00258793
1,0.972622,0.945418,0.918552,0.892174,0.86641,0.841363,0.81711,0.793702,0.771168,0.749519,0.728749,0.708838,0.689762,0.671485,0.65397,0.637179,0.62107,0.605605,0.590744,0.576449,0.562687,0.549424,0.536629,0.524273,0.512329,0.500774,0.489585,0.47874,0.468221,0.458009,0.448089,0.438446,0.429066,0.419937,0.411046,0.402383,0.393938,0.385702,0.377665,0.369821,0.362162,0.35468,0.34737,0.340224,0.333239,0.326408,0.319725,0.313188,0.30679,0.300529,0.294399,0.288397,0.282519,0.276762,0.271123,0.265598,0.260185,0.25488,0.249681,0.244585,0.23959,0.234693,0.229892,0.225184,0.220567,0.216039,0.211598,0.207242,0.202969,0.198778,0.194665,0.19063,0.186671,0.182785,0.178972,0.17523,0.171557,0.167952,0.164413,0.160938,0.157527,0.154178,0.150889,0.14766,0.144488,0.141373,0.138313,0.135308,0.132355,0.129454,0.126604,0.123803,0.121051,0.118346,0.115687,0.113074,0.110504,0.107978,0.105494,0.103051,0.100648,0.098285,0.0959601,0.0936727,0.0914219,0.0892068,0.0870266,0.0848804,0.0827674,0.0806867,0.0786376,0.0766192,0.0746309,0.0726717,0.0707409,0.0688379,0.0669618,0.0651119,0.0632875,0.0614879,0.0597124,0.0579603,0.0562309,0.0545236,0.0528377,0.0511725,0.0495274,0.0479017,0.0462948,0.0447061,0.043135,0.0415808,0.040043,0.0385209,0.0370139,0.0355215,0.0340431,0.032578,0.0311258,0.0296858,0.0282575,0.0268404,0.0254338,0.0240372,0.0226501,0.0212719,0.0199021,0.0185401,0.0171854,0.0158376,0.0144959,0.01316,0.0118292,0.0105032,0.00918121,0.0078629,0.00654768,0.00523505,0.00392448,0.00261546
1,0.973801,0.947747,0.921975,0.896613,0.87177,0.847537,0.823987,0.801169,0.779118,0.757849,0.737366,0.717661,0.698716,0.680507,0.663007,0.646185,0.630008,0.614444,0.599458,0.58502,0.571099,0.557665,0.54469,0.532149,0.520017,0.50827,0.496889,0.485853,0.475144,0.464745,0.454641,0.444817,0.43526,0.425957,0.416897,0.408069,0.399464,0.391072,0.382884,0.374893,0.367091,0.359471,0.352027,0.344752,0.337641,0.330688,0.323888,0.317236,0.310728,0.304359,0.298125,0.292023,0.286048,0.280197,0.274467,0.268853,0.263355,0.257967,0.252688,0.247514,0.242443,0.237473,0.2326,0.227823,0.22314,0.218547,0.214043,0.209626,0.205294,0.201044,0.196875,0.192786,0.188773,0.184836,0.180973,0.177182,0.173462,0.16981,0.166226,0.162708,0.159254,0.155863,0.152533,0.149264,0.146054,0.142901,0.139804,0.136763,0.133775,0.13084,0.127956,0.125123,0.122339,0.119602,0.116913,0.11427,0.111671,0.109116,0.106604,0.104134,0.101704,0.0993146,0.0969639,0.0946513,0.0923757,0.0901363,0.0879323,0.0857627,0.0836267,0.0815235,0.0794523,0.0774122,0.0754025,0.0734223,0.071471,0.0695477,0.0676516,0.0657821,0.0639385,0.0621199,0.0603257,0.0585552,0.0568077,0.0550826,0.053379,0.0516965,0.0500342,0.0483916,0.0467681,0.0451629,0.0435755,0.0420053,0.0404516,0.0389138,0.0373913,0.0358835,0.0343899,0.0329098,0.0314427,0.029988,0.0285451,0.0271134,0.0256924,0.0242816,0.0228803,0.0214881,0.0201043,0.0187285,0.01736,0.0159984,0.0146431,0.0132936,0.0119493,0.0106098,0.00927441,0.00794271,0.00661414,0.00528818,0.00396431,0.002642
1,0.974836,0.949793,0.92499,0.900533,0.876519,0.85303,0.83013,0.80787,0.786284,0.765394,0.745207,0.725723,0.706933,0.688821,0.671367,0.654547,0.638335,0.622704,0.607626,0.593075,0.579024,0.565447,0.552319,0.539617,0.527318,0.515402,0.503849,0.49264,0.481758,0.471187,0.460913,0.450922,0.4412,0.431735,0.422517,0.413534,0.404778,0.396238,0.387907,0.379777,0.371839,0.364088,0.356516,0.349117,0.341885,0.334816,0.327902,0.321141,0.314527,0.308055,0.301721,0.295522,0.289454,0.283512,0.277694,0.271996,0.266414,0.260947,0.25559,0.250341,0.245197,0.240156,0.235215,0.230371,0.225623,0.220967,0.216402,0.211926,0.207536,0.203231,0.199008,0.194865,0.190802,0.186815,0.182903,0.179065,0.175298,0.171602,0.167974,0.164414,0.160918,0.157487,0.154118,0.150811,0.147563,0.144374,0.141242,0.138166,0.135144,0.132176,0.12926,0.126395,0.12358,0.120813,0.118094,0.115422,0.112795,0.110213,0.107674,0.105177,0.102721,0.100306,0.0979308,0.0955938,0.0932943,0.0910315,0.0888045,0.0866123,0.0844543,0.0823293,0.0802368,0.0781758,0.0761455,0.0741452,0.0721739,0.0702311,0.0683159,0.0664275,0.0645653,0.0627284,0.0609162,0.059128,0.057363,0.0556206,0.0539001,0.0522008,0.0505221,0.0488633,0.0472237,0.0456026,0.0439996,0.0424139,0.0408449,0.039292,0.0377546,0.036232,0.0347238,0.0332292,0.0317478,0.0302788,0.0288219,0.0273762,0.0259414,0.0245169,0.023102,0.0216962,0.020299,0.0189098,0.017528,0.0161532,0.0147848,0.0134222,0.0120649,0.0107124,0.00936411,0.00801952,0.0066781,0.00533931,0.00400264,0.00266755
1,0.975749,0.951601,0.927657,0.904011,0.880745,0.857933,0.835634,0.813897,0.792756,0.772234,0.752345,0.733093,0.714473,0.696478,0.679093,0.662301,0.64608,0.63041,0.615268,0.600631,0.586476,0.572781,0.559523,0.546683,0.534238,0.522172,0.510465,0.4991,0.488061,0.477334,0.466904,0.456758,0.446883,0.437268,0.427901,0.418774,0.409876,0.401197,0.392731,0.384469,0.376403,0.368526,0.360832,0.353315,0.345969,0.338788,0.331767,0.3249,0.318184,0.311614,0.305185,0.298893,0.292734,0.286705,0.280802,0.275022,0.269361,0.263816,0.258385,0.253063,0.247849,0.24274,0.237732,0.232825,0.228014,0.223298,0.218674,0.214141,0.209696,0.205336,0.201061,0.196868,0.192754,0.188719,0.184761,0.180877,0.177066,0.173327,0.169657,0.166055,0.16252,0.15905,0.155643,0.152299,0.149015,0.145791,0.142624,0.139515,0.136461,0.13346,0.130513,0.127618,0.124773,0.121978,0.11923,0.11653,0.113876,0.111267,0.108702,0.10618,0.103699,0.10126,0.0988603,0.0964998,0.0941773,0.091892,0.0896428,0.087429,0.0852497,0.0831039,0.0809908,0.0789097,0.0768596,0.0748398,0.0728495,0.0708879,0.0689542,0.0670477,0.0651675,0.0633131,0.0614836,0.0596783,0.0578966,0.0561377,0.0544008,0.0526855,0.0509909,0.0493164,0.0476614,0.0460251,0.044407,0.0428064,0.0412227,0.0396553,0.0381035,0.0365668,0.0350445,0.033536,0.0320408,0.0305582,0.0290877,0.0276287,0.0261806,0.0247428,0.0233148,0.0218961,0.0204859,0.0190839,0.0176894,0.0163019,0.0149209,0.0135457,0.012176,0.010811,0.00945027,0.0080933,0.00673953,0.00538843,0.00403946,0.00269209
1,0.976558,0.953205,0.930028,0.907107,0.884517,0.862322,0.840578,0.819328,0.798608,0.778442,0.758847,0.739829,0.72139,0.703526,0.686227,0.669482,0.653275,0.637589,0.622405,0.607705,0.593469,0.579677,0.566311,0.553352,0.540781,0.528582,0.516739,0.505234,0.494054,0.483184,0.472611,0.462323,0.452307,0.442552,0.433048,0.423785,0.414754,0.405945,0.397352,0.388965,0.380777,0.372782,0.364973,0.357344,0.349888,0.342601,0.335477,0.32851,0.321697,0.315032,0.308511,0.302131,0.295886,0.289773,0.283789,0.27793,0.272193,0.266574,0.261071,0.25568,0.250398,0.245223,0.240152,0.235182,0.230311,0.225537,0.220857,0.216269,0.21177,0.207359,0.203033,0.198791,0.19463,0.190549,0.186545,0.182618,0.178764,0.174983,0.171273,0.167632,0.164058,0.16055,0.157107,0.153727,0.150409,0.147151,0.143952,0.14081,0.137724,0.134693,0.131716,0.128792,0.125918,0.123095,0.12032,0.117593,0.114913,0.112279,0.109688,0.107142,0.104637,0.102174,0.099752,0.0973689,0.0950244,0.0927174,0.090447,0.0882123,0.0860125,0.0838467,0.0817139,0.0796135,0.0775444,0.075506,0.0734973,0.0715177,0.0695663,0.0676423,0.0657451,0.0638737,0.0620276,0.060206,0.0584082,0.0566334,0.0548809,0.0531501,0.0514403,0.0497508,0.048081,0.0464301,0.0447976,0.0431828,0.041585,0.0400036,0.0384381,0.0368878,0.035352,0.0338302,0.0323217,0.0308261,0.0293426,0.0278707,0.0264099,0.0249595,0.0235189,0.0220877,0.0206652,0.0192509,0.0178442,0.0164445,0.0150514,0.0136642,0.0122824,0.0109055,0.00953286,0.00816403,0.00679843,0.00543551,0.00407475,0.00271561
1,0.977278,0.954634,0.932142,0.909873,0.887894,0.866261,0.845026,0.82423,0.803907,0.784081,0.76477,0.745986,0.727732,0.710008,0.692809,0.676127,0.65995,0.644266,0.62906,0.614316,0.600017,0.586148,0.572692,0.559632,0.546953,0.534639,0.522674,0.511045,0.499737,0.488738,0.478035,0.467616,0.45747,0.447586,0.437955,0.428566,0.41941,0.41048,0.401766,0.393262,0.38496,0.376853,0.368935,0.361199,0.35364,0.346252,0.33903,0.331968,0.325062,0.318307,0.311699,0.305234,0.298906,0.292714,0.286652,0.280718,0.274908,0.269218,0.263646,0.258188,0.252841,0.247603,0.242471,0.237442,0.232514,0.227684,0.222949,0.218308,0.213758,0.209297,0.204923,0.200634,0.196427,0.192302,0.188255,0.184285,0.180391,0.17657,0.172821,0.169142,0.165531,0.161988,0.15851,0.155096,0.151744,0.148454,0.145223,0.14205,0.138934,0.135874,0.132868,0.129915,0.127015,0.124164,0.121364,0.118611,0.115906,0.113247,0.110633,0.108063,0.105535,0.10305,0.100605,0.0982006,0.0958349,0.0935072,0.0912165,0.0889619,0.0867425,0.0845574,0.0824058,0.0802868,0.0781996,0.0761433,0.0741171,0.0721202,0.0701519,0.0682112,0.0662975,0.0644101,0.0625481,0.0607108,0.0588975,0.0571075,0.0553401,0.0535946,0.0518702,0.0501664,0.0484824,0.0468175,0.0451712,0.0435427,0.0419315,0.0403368,0.0387581,0.0371947,0.035646,0.0341115,0.0325904,0.0310822,0.0295864,0.0281022,0.0266291,0.0251666,0.0237141,0.0222709,0.0208366,0.0194105,0.0179921,0.0165808,0.0151761,0.0137774,0.0123842,0.0109958,0.00961184,0.00823166,0.00685474,0.00548054,0.00410851,0.0027381
1,0.977921,0.95591,0.934032,0.912351,0.890923,0.869803,0.849036,0.82866,0.808708,0.789204,0.770169,0.751613,0.733544,0.715965,0.698874,0.682265,0.666133,0.650465,0.635252,0.620481,0.606137,0.592207,0.578678,0.565533,0.552761,0.540346,0.528274,0.516534,0.505112,0.493996,0.483175,0.472637,0.462372,0.452369,0.442619,0.433113,0.423842,0.414798,0.405972,0.397359,0.388949,0.380737,0.372716,0.364879,0.357222,0.349739,0.342423,0.335271,0.328277,0.321437,0.314745,0.308199,0.301793,0.295525,0.289389,0.283383,0.277503,0.271745,0.266107,0.260585,0.255177,0.249879,0.244688,0.239603,0.234619,0.229736,0.224949,0.220258,0.215659,0.21115,0.20673,0.202396,0.198145,0.193977,0.189889,0.185879,0.181945,0.178086,0.174299,0.170584,0.166939,0.163361,0.159849,0.156403,0.153019,0.149698,0.146437,0.143234,0.14009,0.137001,0.133968,0.130989,0.128062,0.125186,0.12236,0.119583,0.116854,0.114171,0.111534,0.108942,0.106392,0.103885,0.10142,0.0989946,0.0966086,0.094261,0.0919509,0.0896772,0.0874392,0.0852358,0.0830662,0.0809295,0.0788249,0.0767515,0.0747086,0.0726952,0.0707106,0.0687541,0.0668247,0.0649219,0.0630447,0.0611925,0.0593645,0.05756,0.0557783,0.0540186,0.0522804,0.0505628,0.0488653,0.0471871,0.0455276,0.0438861,0.042262,0.0406546,0.0390634,0.0374876,0.0359266,0.0343798,0.0328467,0.0313266,0.0298189,0.028323,0.0268383,0.0253643,0.0239003,0.0224458,0.0210001,0.0195628,0.0181333,0.0167109,0.0152951,0.0138855,0.0124813,0.011082,0.00968719,0.00829619,0.00690847,0.00552349,0.0041407,0.00275956
1,0.978496,0.957052,0.935726,0.914574,0.893647,0.872993,0.852653,0.832666,0.81306,0.793861,0.775087,0.756753,0.738867,0.721434,0.704456,0.687929,0.67185,0.656211,0.641004,0.626218,0.611843,0.597867,0.584278,0.571064,0.558211,0.545709,0.533545,0.521706,0.510182,0.498961,0.488033,0.477386,0.467012,0.4569,0.447041,0.437426,0.428048,0.418898,0.409968,0.401251,0.392741,0.38443,0.376312,0.368381,0.360632,0.353058,0.345655,0.338417,0.33134,0.324418,0.317648,0.311025,0.304545,0.298203,0.291997,0.285923,0.279976,0.274154,0.268454,0.262871,0.257403,0.252048,0.246802,0.241662,0.236626,0.231692,0.226856,0.222116,0.21747,0.212916,0.208452,0.204074,0.199782,0.195573,0.191445,0.187397,0.183426,0.17953,0.175709,0.171959,0.16828,0.164669,0.161126,0.157648,0.154234,0.150883,0.147593,0.144362,0.14119,0.138075,0.135016,0.132011,0.129058,0.126158,0.123308,0.120508,0.117756,0.115051,0.112392,0.109778,0.107208,0.104681,0.102195,0.0997503,0.0973451,0.0949786,0.0926499,0.0903581,0.0881022,0.0858814,0.0836946,0.0815411,0.07942,0.0773304,0.0752714,0.0732424,0.0712424,0.0692707,0.0673264,0.0654088,0.0635172,0.0616508,0.0598088,0.0579905,0.0561952,0.0544221,0.0526707,0.0509401,0.0492297,0.0475388,0.0458667,0.0442129,0.0425765,0.040957,0.0393538,0.0377662,0.0361935,0.0346352,0.0330906,0.0315591,0.0300401,0.0285331,0.0270373,0.0255523,0.0240774,0.0226121,0.0211557,0.0197077,0.0182675,0.0168346,0.0154084,0.0139882,0.0125736,0.011164,0.00975886,0.00835756,0.00695958,0.00556435,0.00417133,0.00277997
1,0.979012,0.958077,0.937247,0.916571,0.896097,0.875867,0.85592,0.83629,0.817006,0.798092,0.779566,0.761445,0.743737,0.72645,0.709586,0.693147,0.677128,0.661526,0.646334,0.631546,0.617151,0.603141,0.589504,0.576232,0.563313,0.550735,0.53849,0.526564,0.514949,0.503634,0.492609,0.481864,0.47139,0.461178,0.451219,0.441505,0.432027,0.422778,0.413751,0.404939,0.396334,0.387931,0.379722,0.371703,0.363867,0.356208,0.348722,0.341403,0.334247,0.327249,0.320404,0.313709,0.307158,0.300748,0.294475,0.288336,0.282326,0.276443,0.270683,0.265043,0.259519,0.254109,0.24881,0.243619,0.238533,0.23355,0.228667,0.223881,0.219191,0.214594,0.210087,0.205669,0.201337,0.19709,0.192924,0.188839,0.184832,0.180902,0.177047,0.173264,0.169553,0.165911,0.162337,0.15883,0.155387,0.152008,0.148691,0.145433,0.142235,0.139094,0.13601,0.132981,0.130005,0.127081,0.124209,0.121386,0.118613,0.115887,0.113207,0.110573,0.107983,0.105436,0.102931,0.100467,0.0980439,0.0956595,0.0933133,0.0910042,0.0887314,0.0864939,0.0842909,0.0821214,0.0799845,0.0778795,0.0758054,0.0737615,0.0717469,0.0697607,0.0678023,0.0658708,0.0639655,0.0620855,0.0602302,0.0583988,0.0565906,0.0548049,0.0530408,0.0512979,0.0495753,0.0478723,0.0461884,0.0445228,0.0428748,0.0412438,0.0396293,0.0380304,0.0364466,0.0348773,0.0333218,0.0317796,0.0302499,0.0287323,0.0272261,0.0257306,0.0242454,0.0227698,0.0213032,0.0198451,0.0183949,0.0169519,0.0155157,0.0140857,0.0126612,0.0112418,0.00982684,0.00841577,0.00700805,0.0056031,0.00420038,0.00279933
1,0.979475,0.958997,0.938613,0.918367,0.898303,0.878459,0.85887,0.839569,0.820582,0.801934,0.783642,0.765723,0.748187,0.731042,0.714294,0.697943,0.681989,0.666431,0.651263,0.63648,0.622075,0.60804,0.594368,0.581048,0.568072,0.555431,0.543114,0.531113,0.519417,0.508018,0.496906,0.486072,0.475507,0.465204,0.455153,0.445347,0.435778,0.426438,0.417321,0.40842,0.399728,0.391238,0.382945,0.374842,0.366925,0.359187,0.351623,0.344228,0.336998,0.329928,0.323013,0.316249,0.309631,0.303157,0.296821,0.29062,0.284551,0.27861,0.272794,0.267099,0.261522,0.256061,0.250711,0.245472,0.240338,0.235309,0.230382,0.225553,0.22082,0.216182,0.211636,0.207179,0.202809,0.198525,0.194324,0.190204,0.186164,0.182201,0.178313,0.1745,0.170758,0.167087,0.163484,0.159949,0.156479,0.153073,0.149729,0.146447,0.143224,0.140059,0.136951,0.133898,0.1309,0.127954,0.125061,0.122217,0.119423,0.116677,0.113977,0.111324,0.108715,0.10615,0.103627,0.101146,0.0987048,0.0963034,0.0939405,0.0916151,0.0893263,0.0870731,0.0848547,0.08267,0.0805183,0.0783987,0.0763103,0.0742523,0.0722238,0.070224,0.0682522,0.0663075,0.0643892,0.0624965,0.0606286,0.0587849,0.0569644,0.0551666,0.0533908,0.0516361,0.049902,0.0481876,0.0464924,0.0448157,0.0431567,0.041515,0.0398896,0.0382802,0.0366859,0.0351062,0.0335404,0.031988,0.0304483,0.0289206,0.0274044,0.0258992,0.0244042,0.0229189,0.0214427,0.019975,0.0185152,0.0170628,0.0156172,0.0141778,0.012744,0.0113153,0.00989108,0.00847079,0.00705385,0.00563972,0.00422783,0.00281762
1,0.97989,0.959823,0.93984,0.919983,0.900289,0.880795,0.861533,0.842533,0.823821,0.805419,0.787347,0.769618,0.752246,0.735239,0.718603,0.702342,0.686456,0.670945,0.655806,0.641036,0.626629,0.612578,0.598878,0.585521,0.572498,0.559802,0.547425,0.535357,0.52359,0.512115,0.500925,0.490011,0.479365,0.468978,0.458843,0.448953,0.439299,0.429876,0.420676,0.411693,0.402919,0.394349,0.385977,0.377797,0.369804,0.361992,0.354355,0.34689,0.33959,0.332453,0.325472,0.318643,0.311963,0.305428,0.299033,0.292775,0.286649,0.280654,0.274784,0.269038,0.263411,0.257901,0.252505,0.247219,0.242041,0.236969,0.231999,0.227129,0.222357,0.21768,0.213096,0.208602,0.204197,0.199878,0.195644,0.191491,0.187419,0.183425,0.179507,0.175664,0.171894,0.168195,0.164565,0.161003,0.157507,0.154076,0.150708,0.147402,0.144155,0.140968,0.137837,0.134763,0.131743,0.128777,0.125863,0.123,0.120186,0.117421,0.114703,0.112032,0.109405,0.106822,0.104282,0.101784,0.0993273,0.0969099,0.0945313,0.0921906,0.0898867,0.0876187,0.0853857,0.0831868,0.0810211,0.0788877,0.0767858,0.0747145,0.072673,0.0706604,0.0686759,0.0667188,0.0647883,0.0628836,0.0610038,0.0591484,0.0573165,0.0555073,0.0537203,0.0519546,0.0502096,0.0484845,0.0467787,0.0450915,0.0434222,0.0417702,0.0401348,0.0385154,0.0369112,0.0353217,0.0337463,0.0321842,0.030635,0.0290979,0.0275724,0.0260579,0.0245537,0.0230592,0.021574,0.0200973,0.0186286,0.0171673,0.0157128,0.0142646,0.012822,0.0113845,0.00995157,0.00852259,0.00709699,0.00567421,0.00425368,0.00283485
1,0.980263,0.960564,0.940943,0.921435,0.902076,0.882899,0.863934,0.845209,0.826749,0.808576,0.790707,0.773157,0.755941,0.739065,0.722539,0.706366,0.690549,0.675088,0.659982,0.645229,0.630826,0.616767,0.603047,0.589659,0.576598,0.563856,0.551426,0.5393,0.52747,0.515929,0.50467,0.493683,0.482963,0.472501,0.462289,0.452322,0.442592,0.433092,0.423816,0.414756,0.405907,0.397264,0.388819,0.380567,0.372503,0.364622,0.356918,0.349386,0.342022,0.334821,0.327779,0.32089,0.314152,0.307559,0.301109,0.294797,0.288619,0.282572,0.276653,0.270858,0.265185,0.259629,0.254188,0.248859,0.24364,0.238527,0.233517,0.228609,0.223799,0.219086,0.214467,0.209939,0.2055,0.201149,0.196883,0.192699,0.188597,0.184574,0.180628,0.176757,0.17296,0.169235,0.16558,0.161993,0.158473,0.155018,0.151627,0.148298,0.145029,0.14182,0.138669,0.135574,0.132535,0.129549,0.126616,0.123734,0.120902,0.118119,0.115384,0.112695,0.110052,0.107453,0.104897,0.102384,0.0999112,0.0974788,0.0950855,0.0927303,0.0904122,0.0881303,0.0858837,0.0836714,0.0814926,0.0793463,0.0772317,0.0751479,0.0730942,0.0710695,0.0690733,0.0671045,0.0651625,0.0632465,0.0613557,0.0594893,0.0576466,0.0558268,0.0540293,0.0522532,0.050498,0.0487629,0.0470472,0.0453501,0.0436712,0.0420096,0.0403647,0.0387359,0.0371224,0.0355238,0.0339392,0.0323682,0.0308101,0.0292642,0.0277299,0.0262066,0.0246938,0.0231908,0.0216971,0.0202119,0.0187348,0.0172652,0.0158024,0.0143459,0.0128951,0.0114494,0.0100083,0.00857115,0.00713742,0.00570653,0.00427791,0.002851
1,0.980597,0.961229,0.941932,0.922738,0.903681,0.88479,0.866095,0.847621,0.829392,0.811428,0.793747,0.776365,0.759293,0.742543,0.726122,0.710035,0.694285,0.678876,0.663806,0.649074,0.634679,0.620617,0.606883,0.593472,0.58038,0.567599,0.555124,0.542947,0.531063,0.519463,0.508141,0.49709,0.486303,0.475773,0.465493,0.455456,0.445656,0.436085,0.426739,0.41761,0.408692,0.39998,0.391468,0.38315,0.375021,0.367076,0.359309,0.351716,0.344292,0.337032,0.329933,0.322988,0.316196,0.30955,0.303048,0.296685,0.290459,0.284364,0.278399,0.272559,0.266842,0.261243,0.255761,0.250392,0.245133,0.239982,0.234936,0.229991,0.225147,0.2204,0.215747,0.211187,0.206717,0.202336,0.19804,0.193828,0.189698,0.185647,0.181675,0.177778,0.173956,0.170206,0.166527,0.162917,0.159374,0.155897,0.152484,0.149134,0.145846,0.142616,0.139446,0.136332,0.133274,0.13027,0.127319,0.12442,0.121571,0.118771,0.11602,0.113315,0.110656,0.108042,0.105471,0.102943,0.100456,0.0980097,0.0956026,0.0932339,0.0909026,0.0886078,0.0863484,0.0841237,0.0819326,0.0797742,0.0776478,0.0755524,0.0734872,0.0714513,0.069444,0.0674644,0.0655117,0.0635851,0.0616839,0.0598073,0.0579545,0.0561249,0.0543175,0.0525319,0.0507671,0.0490226,0.0472976,0.0455914,0.0439034,0.0422329,0.0405791,0.0389416,0.0373195,0.0357123,0.0341193,0.0325399,0.0309734,0.0294192,0.0278768,0.0263454,0.0248246,0.0233136,0.0218119,0.0203189,0.0188339,0.0173565,0.0158859,0.0144217,0.0129632,0.0115099,0.0100612,0.00861645,0.00717514,0.00573669,0.00430052,0.00286606
1,0.980896,0.961824,0.942817,0.923905,0.905119,0.886487,0.868035,0.849789,0.831769,0.813997,0.796489,0.779261,0.762325,0.745692,0.72937,0.713366,0.697683,0.682324,0.667291,0.652584,0.6382,0.624139,0.610396,0.596968,0.58385,0.571037,0.558523,0.546303,0.534371,0.522719,0.511343,0.500234,0.489388,0.478796,0.468454,0.458354,0.44849,0.438856,0.429445,0.420253,0.411272,0.402498,0.393924,0.385545,0.377356,0.369352,0.361528,0.353878,0.346399,0.339085,0.331932,0.324936,0.318093,0.311398,0.304848,0.298439,0.292167,0.286029,0.28002,0.274139,0.26838,0.262743,0.257222,0.251815,0.24652,0.241334,0.236253,0.231275,0.226399,0.22162,0.216937,0.212347,0.207848,0.203438,0.199115,0.194876,0.19072,0.186644,0.182647,0.178726,0.17488,0.171108,0.167407,0.163775,0.160211,0.156713,0.153281,0.149911,0.146603,0.143356,0.140167,0.137035,0.13396,0.130939,0.127971,0.125056,0.122191,0.119376,0.116609,0.11389,0.111217,0.108588,0.106004,0.103462,0.100962,0.0985024,0.0960826,0.0937013,0.0913578,0.0890509,0.0867797,0.0845433,0.0823408,0.0801713,0.0780339,0.0759277,0.0738519,0.0718056,0.069788,0.0677983,0.0658357,0.0638993,0.0619885,0.0601024,0.0582403,0.0564014,0.054585,0.0527904,0.0510168,0.0492636,0.0475299,0.0458153,0.0441189,0.04244,0.0407781,0.0391324,0.0375023,0.0358872,0.0342863,0.0326991,0.0311249,0.0295631,0.0280131,0.0264742,0.0249459,0.0234275,0.0219184,0.0204181,0.0189259,0.0174412,0.0159635,0.0144921,0.0130265,0.0115661,0.0101103,0.00865847,0.00721013,0.00576466,0.00432149,0.00288004
1,0.981162,0.962354,0.943606,0.924946,0.906403,0.888003,0.86977,0.851729,0.8339,0.816302,0.798952,0.781866,0.765055,0.748531,0.732302,0.716375,0.700756,0.685447,0.670451,0.655769,0.6414,0.627343,0.613595,0.600154,0.587016,0.574176,0.56163,0.549373,0.537398,0.525701,0.514276,0.503117,0.492217,0.481572,0.471173,0.461016,0.451095,0.441403,0.431935,0.422685,0.413647,0.404815,0.396185,0.387751,0.379507,0.37145,0.363572,0.355871,0.348341,0.340977,0.333776,0.326733,0.319843,0.313103,0.306509,0.300057,0.293743,0.287564,0.281516,0.275596,0.2698,0.264126,0.25857,0.253129,0.2478,0.242581,0.237469,0.23246,0.227553,0.222745,0.218034,0.213416,0.208891,0.204455,0.200106,0.195843,0.191662,0.187563,0.183543,0.179601,0.175733,0.17194,0.168218,0.164566,0.160983,0.157466,0.154015,0.150627,0.147302,0.144037,0.140831,0.137684,0.134592,0.131556,0.128573,0.125642,0.122763,0.119934,0.117153,0.11442,0.111734,0.109092,0.106495,0.103941,0.101428,0.0989566,0.096525,0.0941322,0.0917773,0.0894593,0.0871773,0.0849302,0.0827172,0.0805374,0.0783898,0.0762737,0.0741881,0.0721321,0.0701051,0.0681061,0.0661343,0.0641889,0.0622692,0.0603744,0.0585036,0.0566563,0.0548315,0.0530286,0.0512469,0.0494856,0.0477441,0.0460216,0.0443174,0.0426309,0.0409615,0.0393083,0.0376708,0.0360483,0.0344402,0.0328458,0.0312645,0.0296957,0.0281387,0.0265929,0.0250577,0.0235324,0.0220166,0.0205095,0.0190106,0.0175193,0.0160349,0.0145569,0.0130848,0.0116178,0.0101555,0.0086972,0.00724238,0.00579044,0.00434082,0.00289292
1,0.981399,0.962825,0.944307,0.925872,0.907545,0.889351,0.871315,0.853457,0.835799,0.818359,0.801152,0.784195,0.767499,0.751075,0.734932,0.719078,0.703519,0.688258,0.673299,0.658642,0.644289,0.630238,0.616489,0.603038,0.589884,0.577022,0.564449,0.552159,0.540149,0.528413,0.516945,0.505741,0.494795,0.4841,0.473652,0.463444,0.453471,0.443728,0.434208,0.424906,0.415816,0.406933,0.398252,0.389767,0.381474,0.373367,0.365442,0.357694,0.350117,0.342709,0.335463,0.328376,0.321445,0.314663,0.308029,0.301538,0.295186,0.28897,0.282885,0.27693,0.2711,0.265392,0.259804,0.254331,0.248972,0.243723,0.238581,0.233545,0.22861,0.223776,0.219038,0.214396,0.209845,0.205386,0.201014,0.196728,0.192525,0.188405,0.184364,0.180401,0.176514,0.172701,0.16896,0.16529,0.161689,0.158155,0.154687,0.151283,0.147941,0.144661,0.14144,0.138277,0.135171,0.13212,0.129123,0.126179,0.123287,0.120444,0.117651,0.114905,0.112207,0.109553,0.106944,0.104378,0.101855,0.0993722,0.0969298,0.0945264,0.0921611,0.089833,0.0875409,0.0852841,0.0830614,0.0808722,0.0787153,0.0765901,0.0744955,0.0724308,0.0703951,0.0683876,0.0664074,0.0644538,0.062526,0.0606231,0.0587445,0.0568894,0.055057,0.0532465,0.0514574,0.0496887,0.0479399,0.0462103,0.044499,0.0428056,0.0411292,0.0394692,0.0378249,0.0361957,0.034581,0.03298,0.0313922,0.0298169,0.0282535,0.0267014,0.0251599,0.0236284,0.0221064,0.0205931,0.0190881,0.0175907,0.0161002,0.0146162,0.0131381,0.0116651,0.0101968,0.00873261,0.00727187,0.00581402,0.00435849,0.00290469
1,0.981607,0.96324,0.944926,0.926688,0.908553,0.890543,0.87268,0.854987,0.837481,0.820182,0.803104,0.786263,0.76967,0.753338,0.737274,0.721488,0.705984,0.690768,0.675843,0.661212,0.646875,0.632832,0.619084,0.605627,0.59246,0.579581,0.566984,0.554668,0.542626,0.530856,0.519352,0.508108,0.49712,0.486383,0.475891,0.465638,0.45562,0.44583,0.436263,0.426915,0.417779,0.40885,0.400123,0.391593,0.383256,0.375105,0.367136,0.359345,0.351727,0.344278,0.336992,0.329866,0.322896,0.316078,0.309407,0.302881,0.296494,0.290244,0.284127,0.27814,0.272279,0.266541,0.260923,0.255421,0.250034,0.244758,0.23959,0.234528,0.229569,0.22471,0.219949,0.215284,0.210711,0.20623,0.201837,0.19753,0.193308,0.189168,0.185108,0.181127,0.177222,0.173391,0.169634,0.165947,0.16233,0.15878,0.155297,0.151877,0.148521,0.145226,0.141991,0.138815,0.135695,0.132632,0.129622,0.126666,0.123761,0.120907,0.118102,0.115345,0.112635,0.109971,0.107351,0.104775,0.102241,0.0997488,0.0972966,0.0948837,0.092509,0.0901716,0.0878705,0.0856047,0.0833734,0.0811756,0.0790104,0.0768768,0.0747742,0.0727015,0.0706579,0.0686427,0.0666549,0.0646938,0.0627586,0.0608485,0.0589628,0.0571006,0.0552612,0.053444,0.0516481,0.0498728,0.0481174,0.0463812,0.0446636,0.0429638,0.0412811,0.0396149,0.0379645,0.0363293,0.0347085,0.0331016,0.0315079,0.0299268,0.0283576,0.0267997,0.0252525,0.0237154,0.0221877,0.0206689,0.0191583,0.0176553,0.0161594,0.01467,0.0131864,0.011708,0.0102343,0.0087647,0.00729859,0.00583538,0.0043745,0.00291537
1,0.98179,0.963604,0.945467,0.927403,0.909436,0.891587,0.873878,0.856328,0.838958,0.821783,0.80482,0.788082,0.771582,0.755332,0.73934,0.723614,0.708162,0.692987,0.678095,0.663488,0.649167,0.635133,0.621387,0.607926,0.59475,0.581856,0.569241,0.556901,0.544834,0.533034,0.521498,0.51022,0.499196,0.488422,0.477891,0.467599,0.45754,0.44771,0.438102,0.428713,0.419535,0.410566,0.401798,0.393229,0.384851,0.376661,0.368654,0.360825,0.35317,0.345684,0.338363,0.331202,0.324198,0.317346,0.310643,0.304084,0.297667,0.291387,0.28524,0.279224,0.273335,0.26757,0.261926,0.256399,0.250987,0.245687,0.240495,0.23541,0.230429,0.225548,0.220766,0.21608,0.211487,0.206986,0.202574,0.198249,0.194009,0.189852,0.185775,0.181777,0.177856,0.17401,0.170237,0.166536,0.162904,0.15934,0.155843,0.15241,0.149041,0.145733,0.142486,0.139297,0.136166,0.13309,0.130069,0.127102,0.124186,0.121322,0.118506,0.115739,0.113019,0.110345,0.107716,0.105131,0.102588,0.100086,0.0976253,0.0952038,0.0928207,0.090475,0.0881658,0.0858921,0.083653,0.0814475,0.0792747,0.0771338,0.0750238,0.072944,0.0708934,0.0688712,0.0668767,0.0649089,0.0629671,0.0610505,0.0591583,0.0572899,0.0554443,0.0536209,0.0518189,0.0500377,0.0482764,0.0465344,0.044811,0.0431055,0.0414172,0.0397455,0.0380896,0.0364489,0.0348228,0.0332106,0.0316116,0.0300252,0.0284508,0.0268878,0.0253355,0.0237933,0.0222606,0.0207367,0.0192212,0.0177133,0.0162125,0.0147181,0.0132296,0.0117464,0.0102679,0.00879345,0.00732252,0.00585452,0.00438885,0.00292493
1,0.981947,0.963918,0.945935,0.928022,0.9102,0.892491,0.874915,0.857492,0.840239,0.823173,0.80631,0.789663,0.773245,0.757067,0.741139,0.725468,0.710061,0.694925,0.680063,0.665478,0.651172,0.637148,0.623405,0.609942,0.596759,0.583853,0.571222,0.558864,0.546774,0.534949,0.523386,0.512079,0.501024,0.490217,0.479653,0.469327,0.459233,0.449367,0.439724,0.430299,0.421086,0.41208,0.403277,0.394672,0.38626,0.378035,0.369994,0.362132,0.354444,0.346926,0.339573,0.332382,0.325348,0.318467,0.311735,0.305148,0.298703,0.292397,0.286224,0.280183,0.27427,0.268481,0.262813,0.257263,0.251829,0.246508,0.241295,0.23619,0.231188,0.226289,0.221488,0.216784,0.212174,0.207655,0.203227,0.198885,0.194629,0.190457,0.186365,0.182352,0.178417,0.174557,0.170771,0.167056,0.163411,0.159835,0.156325,0.152881,0.1495,0.146181,0.142922,0.139723,0.136581,0.133495,0.130465,0.127487,0.124562,0.121688,0.118863,0.116087,0.113359,0.110676,0.108039,0.105445,0.102894,0.100384,0.0979158,0.0954866,0.0930961,0.0907431,0.0884267,0.086146,0.0839,0.0816877,0.0795083,0.0773608,0.0752444,0.0731582,0.0711014,0.0690732,0.0670726,0.0650989,0.0631512,0.0612289,0.0593311,0.0574571,0.055606,0.0537772,0.0519698,0.0501833,0.0484168,0.0466697,0.0449413,0.0432307,0.0415375,0.0398608,0.0382001,0.0365546,0.0349237,0.0333068,0.0317032,0.0301122,0.0285332,0.0269656,0.0254088,0.0238621,0.022325,0.0207967,0.0192768,0.0177645,0.0162593,0.0147606,0.0132678,0.0117803,0.0102975,0.00881884,0.00734367,0.00587142,0.00440152,0.00293337
1,0.982082,0.964186,0.946334,0.928549,0.910852,0.893262,0.8758,0.858484,0.841333,0.824361,0.807584,0.791016,0.774669,0.758554,0.742681,0.727058,0.711692,0.696589,0.681753,0.667189,0.652898,0.638882,0.625143,0.611679,0.59849,0.585575,0.572932,0.560558,0.54845,0.536604,0.525018,0.513686,0.502606,0.491771,0.481179,0.470823,0.460699,0.450803,0.441129,0.431673,0.422429,0.413393,0.404559,0.395924,0.387482,0.379228,0.371157,0.363266,0.35555,0.348004,0.340624,0.333406,0.326346,0.319439,0.312683,0.306072,0.299603,0.293273,0.287078,0.281015,0.275081,0.269271,0.263583,0.258014,0.25256,0.24722,0.24199,0.236867,0.231848,0.226932,0.222115,0.217395,0.212769,0.208236,0.203793,0.199437,0.195168,0.190981,0.186877,0.182851,0.178904,0.175032,0.171234,0.167508,0.163852,0.160265,0.156744,0.15329,0.149899,0.14657,0.143302,0.140093,0.136942,0.133847,0.130807,0.127822,0.124888,0.122006,0.119173,0.11639,0.113653,0.110963,0.108318,0.105717,0.103159,0.100643,0.0981678,0.0957321,0.0933351,0.0909757,0.0886531,0.0863663,0.0841143,0.0818961,0.0797109,0.0775578,0.0754358,0.0733441,0.0712819,0.0692484,0.0672425,0.0652637,0.063311,0.0613837,0.059481,0.0576021,0.0557463,0.0539128,0.0521008,0.0503097,0.0485387,0.0467871,0.0450542,0.0433394,0.0416418,0.0399609,0.038296,0.0366463,0.0350113,0.0333903,0.0317826,0.0301876,0.0286046,0.0270331,0.0254724,0.0239218,0.0223808,0.0208487,0.019325,0.0178089,0.0163,0.0147975,0.013301,0.0118098,0.0103233,0.00884087,0.00736201,0.00588609,0.00441251,0.0029407
1,0.982194,0.964409,0.946667,0.928989,0.911395,0.893906,0.876539,0.859314,0.842247,0.825354,0.80865,0.792148,0.775861,0.759799,0.743973,0.728391,0.71306,0.697985,0.683173,0.668626,0.654348,0.640341,0.626605,0.613141,0.599949,0.587027,0.574374,0.561987,0.549864,0.538001,0.526396,0.515044,0.503941,0.493084,0.482468,0.472088,0.461939,0.452017,0.442318,0.432836,0.423566,0.414504,0.405645,0.396984,0.388516,0.380237,0.372142,0.364227,0.356487,0.348917,0.341514,0.334274,0.327191,0.320263,0.313485,0.306854,0.300366,0.294016,0.287802,0.281721,0.275768,0.26994,0.264235,0.258649,0.25318,0.247824,0.242578,0.23744,0.232407,0.227476,0.222646,0.217912,0.213274,0.208728,0.204273,0.199905,0.195624,0.191426,0.18731,0.183274,0.179316,0.175434,0.171626,0.16789,0.164225,0.160629,0.157099,0.153636,0.150236,0.146899,0.143623,0.140406,0.137247,0.134145,0.131098,0.128105,0.125164,0.122275,0.119436,0.116646,0.113903,0.111206,0.108555,0.105948,0.103384,0.100862,0.0983813,0.09594,0.0935375,0.0911728,0.0888449,0.0865529,0.0842958,0.0820726,0.0798825,0.0777246,0.0755979,0.0735016,0.0714348,0.0693967,0.0673865,0.0654033,0.0634464,0.0615148,0.059608,0.057725,0.0558651,0.0540276,0.0522117,0.0504167,0.0486419,0.0468865,0.0451499,0.0434314,0.0417302,0.0400457,0.0383772,0.036724,0.0350855,0.033461,0.0318499,0.0302515,0.0286652,0.0270903,0.0255262,0.0239724,0.0224281,0.0208928,0.0193658,0.0178465,0.0163344,0.0148288,0.0133291,0.0118347,0.0103451,0.00885953,0.00737755,0.00589851,0.00442182,0.0029469
1,0.982284,0.96459,0.946936,0.929345,0.911835,0.894426,0.877137,0.859985,0.842987,0.826158,0.809513,0.793066,0.776828,0.76081,0.745022,0.729474,0.714171,0.69912,0.684327,0.669796,0.655529,0.641528,0.627796,0.614333,0.601138,0.588211,0.575549,0.563153,0.551017,0.539141,0.527521,0.516153,0.505033,0.494157,0.483521,0.473122,0.462953,0.453011,0.44329,0.433787,0.424496,0.415413,0.406533,0.397851,0.389363,0.381063,0.372948,0.365013,0.357253,0.349665,0.342243,0.334984,0.327884,0.320938,0.314143,0.307495,0.30099,0.294625,0.288395,0.282298,0.27633,0.270489,0.26477,0.25917,0.253687,0.248318,0.24306,0.23791,0.232865,0.227923,0.223081,0.218336,0.213687,0.209131,0.204666,0.200288,0.195997,0.19179,0.187666,0.183621,0.179654,0.175763,0.171947,0.168203,0.164531,0.160927,0.15739,0.153919,0.150513,0.147169,0.143886,0.140663,0.137497,0.134389,0.131336,0.128337,0.125391,0.122496,0.119651,0.116855,0.114107,0.111406,0.108749,0.106137,0.103569,0.101042,0.0985561,0.0961102,0.0937032,0.0913341,0.0890019,0.0867057,0.0844444,0.0822172,0.0800231,0.0778612,0.0757306,0.0736305,0.07156,0.0695182,0.0675044,0.0655176,0.0635572,0.0616222,0.0597119,0.0578256,0.0559624,0.0541216,0.0523025,0.0505044,0.0487264,0.046968,0.0452283,0.0435067,0.0418025,0.0401151,0.0384436,0.0367876,0.0351462,0.0335189,0.031905,0.0303038,0.0287147,0.0271371,0.0255703,0.0240138,0.0224668,0.0209288,0.0193992,0.0178773,0.0163626,0.0148543,0.0133521,0.0118551,0.0103629,0.00887481,0.00739026,0.00590867,0.00442944,0.00295198
1,0.982354,0.964729,0.947144,0.929619,0.912174,0.894828,0.877598,0.860503,0.843558,0.826778,0.81018,0.793774,0.777574,0.761591,0.745833,0.730311,0.71503,0.699999,0.685221,0.670701,0.656443,0.642448,0.628719,0.615257,0.60206,0.589129,0.576462,0.564057,0.551913,0.540027,0.528395,0.517014,0.50588,0.494991,0.48434,0.473925,0.463741,0.453783,0.444046,0.434527,0.42522,0.41612,0.407224,0.398526,0.390021,0.381706,0.373575,0.365625,0.35785,0.350247,0.34281,0.335537,0.328423,0.321463,0.314655,0.307994,0.301476,0.295098,0.288857,0.282748,0.276769,0.270916,0.265186,0.259576,0.254083,0.248703,0.243435,0.238276,0.233221,0.22827,0.223419,0.218667,0.214009,0.209445,0.204971,0.200587,0.196288,0.192074,0.187942,0.18389,0.179917,0.17602,0.172197,0.168447,0.164768,0.161159,0.157616,0.15414,0.150728,0.147379,0.144091,0.140862,0.137692,0.134579,0.131521,0.128518,0.125567,0.122667,0.119818,0.117018,0.114266,0.111561,0.1089,0.106285,0.103712,0.101182,0.0986921,0.0962427,0.0938322,0.0914597,0.0891242,0.0868246,0.0845601,0.0823297,0.0801325,0.0779675,0.0758339,0.0737309,0.0716574,0.0696128,0.0675961,0.0656066,0.0636434,0.0617057,0.0597928,0.0579039,0.0560381,0.0541948,0.0523732,0.0505726,0.0487922,0.0470313,0.0452893,0.0435653,0.0418588,0.0401691,0.0384954,0.0368371,0.0351935,0.0335639,0.0319478,0.0303445,0.0287533,0.0271735,0.0256047,0.024046,0.022497,0.0209569,0.0194252,0.0179013,0.0163845,0.0148743,0.01337,0.011871,0.0103768,0.00888669,0.00740016,0.00591659,0.00443538,0.00295593
1,0.982404,0.964827,0.947291,0.929813,0.912414,0.895112,0.877925,0.86087,0.843963,0.827219,0.810653,0.794277,0.778105,0.762145,0.74641,0.730906,0.715642,0.700623,0.685857,0.671346,0.657094,0.643104,0.629377,0.615915,0.602717,0.589783,0.577112,0.564702,0.552552,0.540658,0.529018,0.517628,0.506486,0.495586,0.484925,0.474499,0.464303,0.454334,0.444586,0.435055,0.425736,0.416625,0.407717,0.399008,0.390492,0.382165,0.374024,0.366062,0.358276,0.350662,0.343216,0.335932,0.328808,0.321839,0.315021,0.30835,0.301823,0.295437,0.289186,0.283069,0.277082,0.271221,0.265483,0.259865,0.254365,0.248979,0.243704,0.238537,0.233476,0.228519,0.223661,0.218903,0.214239,0.209669,0.20519,0.2008,0.196496,0.192277,0.18814,0.184083,0.180105,0.176203,0.172376,0.168622,0.164938,0.161325,0.157778,0.154298,0.150882,0.147529,0.144237,0.141005,0.137831,0.134715,0.131654,0.128647,0.125693,0.12279,0.119938,0.117135,0.11438,0.111671,0.109008,0.10639,0.103815,0.101281,0.0987894,0.0963374,0.0939244,0.0915495,0.0892115,0.0869096,0.0846428,0.0824101,0.0802106,0.0780435,0.0759078,0.0738026,0.0717271,0.0696804,0.0676617,0.0656702,0.063705,0.0617654,0.0598506,0.0579598,0.0560922,0.0542471,0.0524237,0.0506213,0.0488392,0.0470766,0.0453328,0.0436072,0.0418991,0.0402077,0.0385323,0.0368724,0.0352272,0.0335961,0.0319785,0.0303736,0.0287808,0.0271996,0.0256292,0.024069,0.0225185,0.020977,0.0194438,0.0179184,0.0164002,0.0148885,0.0133827,0.0118823,0.0103867,0.00889519,0.00740724,0.00592224,0.00443961,0.00295876
1,0.982433,0.964886,0.947378,0.929929,0.912558,0.895282,0.878121,0.86109,0.844205,0.827482,0.810936,0.794578,0.778422,0.762477,0.746754,0.731262,0.716007,0.700997,0.686237,0.671731,0.657483,0.643496,0.629771,0.616309,0.60311,0.590175,0.577502,0.565089,0.552935,0.541037,0.529392,0.517997,0.506848,0.495943,0.485276,0.474843,0.464641,0.454665,0.44491,0.435372,0.426046,0.416928,0.408014,0.399297,0.390774,0.382441,0.374293,0.366324,0.358532,0.350912,0.343459,0.336169,0.329039,0.322064,0.31524,0.308564,0.302032,0.29564,0.289384,0.283262,0.27727,0.271404,0.265662,0.260039,0.254534,0.249144,0.243865,0.238694,0.233629,0.228668,0.223807,0.219044,0.214377,0.209804,0.205321,0.200928,0.196621,0.192398,0.188258,0.184199,0.180218,0.176313,0.172483,0.168726,0.165041,0.161424,0.157875,0.154393,0.150974,0.147619,0.144325,0.141091,0.137915,0.134796,0.131733,0.128724,0.125768,0.122864,0.12001,0.117205,0.114448,0.111738,0.109073,0.106453,0.103876,0.101341,0.0988477,0.0963942,0.0939798,0.0916033,0.0892639,0.0869606,0.0846924,0.0824583,0.0802575,0.0780891,0.0759521,0.0738456,0.0717688,0.0697209,0.0677011,0.0657083,0.063742,0.0618013,0.0598853,0.0579934,0.0561247,0.0542785,0.052454,0.0506505,0.0488674,0.0471038,0.045359,0.0436324,0.0419232,0.0402308,0.0385545,0.0368936,0.0352475,0.0336155,0.0319969,0.030391,0.0287974,0.0272152,0.0256439,0.0240828,0.0225314,0.020989,0.019455,0.0179287,0.0164096,0.014897,0.0133904,0.0118892,0.0103926,0.00890029,0.00741148,0.00592564,0.00444216,0.00296045
1,0.982443,0.964906,0.947408,0.929968,0.912606,0.895339,0.878186,0.861163,0.844286,0.82757,0.81103,0.794678,0.778527,0.762588,0.746869,0.73138,0.716129,0.701122,0.686364,0.67186,0.657613,0.643627,0.629902,0.61644,0.603241,0.590306,0.577632,0.565218,0.553062,0.541163,0.529516,0.51812,0.506969,0.496061,0.485392,0.474958,0.464753,0.454775,0.445018,0.435478,0.42615,0.41703,0.408112,0.399393,0.390869,0.382533,0.374382,0.366412,0.358618,0.350995,0.34354,0.336249,0.329116,0.322139,0.315314,0.308636,0.302101,0.295708,0.28945,0.283327,0.277333,0.271465,0.265721,0.260097,0.254591,0.249199,0.243918,0.238746,0.23368,0.228717,0.223855,0.219091,0.214423,0.209849,0.205365,0.20097,0.196662,0.192439,0.188298,0.184237,0.180255,0.17635,0.172519,0.168761,0.165075,0.161457,0.157908,0.154424,0.151005,0.147649,0.144354,0.141119,0.137943,0.134823,0.131759,0.12875,0.125793,0.122888,0.120034,0.117228,0.114471,0.11176,0.109095,0.106474,0.103897,0.101361,0.0988672,0.0964132,0.0939982,0.0916213,0.0892814,0.0869776,0.0847089,0.0824744,0.0802732,0.0781043,0.0759668,0.07386,0.0717828,0.0697345,0.0677142,0.0657211,0.0637544,0.0618132,0.0598969,0.0580046,0.0561355,0.0542889,0.0524641,0.0506603,0.0488768,0.0471128,0.0453677,0.0436408,0.0419313,0.0402386,0.0385619,0.0369007,0.0352543,0.0336219,0.032003,0.0303969,0.0288029,0.0272204,0.0256488,0.0240875,0.0225357,0.020993,0.0194587,0.0179321,0.0164127,0.0148999,0.013393,0.0118914,0.0103946,0.00890199,0.0074129,0.00592677,0.00444301,0.00296102
1,0.982433,0.964886,0.947378,0.929929,0.912558,0.895282,0.878121,0.86109,0.844205,0.827482,0.810936,0.794578,0.778422,0.762477,0.746754,0.731262,0.716007,0.700997,0.686237,0.671731,0.657483,0.643496,0.629771,0.616309,0.60311,0.590175,0.577502,0.565089,0.552935,0.541037,0.529392,0.517997,0.506848,0.495943,0.485276,0.474843,0.464641,0.454665,0.44491,0.435372,0.426046,0.416928,0.408014,0.399297,0.390774,0.382441,0.374293,0.366324,0.358532,0.350912,0.343459,0.336169,0.329039,0.322064,0.31524,0.308564,0.302032,0.29564,0.289384,0.283262,0.27727,0.271404,0.265662,0.260039,0.254534,0.249144,0.243865,0.238694,0.233629,0.228668,0.223807,0.219044,0.214377,0.209804,0.205321,0.200928,0.196621,0.192398,0.188258,0.184199,0.180218,0.176313,0.172483,0.168726,0.165041,0.161424,0.157875,0.154393,0.150974,0.147619,0.144325,0.141091,0.137915,0.134796,0.131733,0.128724,0.125768,0.122864,0.12001,0.117205,0.114448,0.111738,0.109073,0.106453,0.103876,0.101341,0.0988477,0.0963942,0.0939798,0.0916033,0.0892639,0.0869606,0.0846924,0.0824583,0.0802575,0.0780891,0.0759521,0.0738456,0.0717688,0.0697209,0.0677011,0.0657083,0.063742,0.0618013,0.0598853,0.0579934,0.0561247,0.0542785,0.052454,0.0506505,0.0488674,0.0471038,0.045359,0.0436324,0.0419232,0.0402308,0.0385545,0.0368936,0.0352475,0.0336155,0.0319969,0.030391,0.0287974,0.0272152,0.0256439,0.0240828,0.0225314,0.020989,0.019455,0.0179287,0.0164096,0.014897,0.0133904,0.0118892,0.0103926,0.00890029,0.00741148,0.00592564,0.00444216,0.00296045
1,0.982404,0.964827,0.947291,0.929813,0.912414,0.895112,0.877925,0.86087,0.843963,0.827219,0.810653,0.794277,0.778105,0.762145,0.74641,0.730906,0.715642,0.700623,0.685857,0.671346,0.657094,0.643104,0.629377,0.615915,0.602717,0.589783,0.577112,0.564702,0.552552,0.540658,0.529018,0.517628,0.506486,0.495586,0.484925,0.474499,0.464303,0.454334,0.444586,0.435055,0.425736,0.416625,0.407717,0.399008,0.390492,0.382165,0.374024,0.366062,0.358276,0.350662,0.343216,0.335932,0.328808,0.321839,0.315021,0.30835,0.301823,0.295437,0.289186,0.283069,0.277082,0.271221,0.265483,0.259865,0.254365,0.248979,0.243704,0.238537,0.233476,0.228519,0.223661,0.218903,0.214239,0.209669,0.20519,0.2008,0.196496,0.192277,0.18814,0.184083,0.180105,0.176203,0.172376,0.168622,0.164938,0.161325,0.157778,0.154298,0.150882,0.147529,0.144237,0.141005,0.137831,0.134715,0.131654,0.128647,0.125693,0.12279,0.119938,0.117135,0.11438,0.111671,0.109008,0.10639,0.103815,0.101281,0.0987894,0.0963374,0.0939244,0.0915495,0.0892115,0.0869096,0.0846428,0.0824101,0.0802106,0.0780435,0.0759078,0.0738026,0.0717271,0.0696804,0.0676617,0.0656702,0.063705,0.0617654,0.0598506,0.0579598,0.0560922,0.0542471,0.0524237,0.0506213,0.0488392,0.0470766,0.0453328,0.0436072,0.0418991,0.0402077,0.0385323,0.0368724,0.0352272,0.0335961,0.0319785,0.0303736,0.0287808,0.0271996,0.0256292,0.024069,0.0225185,0.020977,0.0194438,0.0179184,0.0164002,0.0148885,0.0133827,0.0118823,0.0103867,0.00889519,0.00740724,0.00592224,0.00443961,0.00295876
1,0.982354,0.964729,0.947144,0.929619,0.912174,0.894828,0.877598,0.860503,0.843558,0.826778,0.81018,0.793774,0.777574,0.761591,0.745833,0.730311,0.71503,0.699999,0.685221,0.670701,0.656443,0.642448,0.628719,0.615257,0.60206,0.589129,0.576462,0.564057,0.551913,0.540027,0.528395,0.517014,0.50588,0.494991,0.48434,0.473925,0.463741,0.453783,0.444046,0.434527,0.42522,0.41612,0.407224,0.398526,0.390021,0.381706,0.373575,0.365625,0.35785,0.350247,0.34281,0.335537,0.328423,0.321463,0.314655,0.307994,0.301476,0.295098,0.288857,0.282748,0.276769,0.270916,0.265186,0.259576,0.254083,0.248703,0.243435,0.238276,0.233221,0.22827,0.223419,0.218667,0.214009,0.209445,0.204971,0.200587,0.196288,0.192074,0.187942,0.18389,0.179917,0.17602,0.172197,0.168447,0.164768,0.161159,0.157616,0.15414,0.150728,0.147379,0.144091,0.140862,0.137692,0.134579,0.131521,0.128518,0.125567,0.122667,0.119818,0.117018,0.114266,0.111561,0.1089,0.106285,0.103712,0.101182,0.0986921,0.0962427,0.0938322,0.0914597,0.0891242,0.0868246,0.0845601,0.0823297,0.0801325,0.0779675,0.0758339,0.0737309,0.0716574,0.0696128,0.0675961,0.0656066,0.0636434,0.0617057,0.0597928,0.0579039,0.0560381,0.0541948,0.0523732,0.0505726,0.0487922,0.0470313,0.0452893,0.0435653,0.0418588,0.0401691,0.0384954,0.0368371,0.0351935,0.0335639,0.0319478,0.0303445,0.0287533,0.0271735,0.0256047,0.024046,0.022497,0.0209569,0.0194252,0.0179013,0.0163845,0.0148743,0.01337,0.011871,0.0103768,0.00888669,0.00740016,0.00591659,0.00443538,0.00295593
1,0.982284,0.96459,0.946936,0.929345,0.911835,0.894426,0.877137,0.859985,0.842987,0.826158,0.809513,0.793066,0.776828,0.76081,0.745022,0.729474,0.714171,0.69912,0.684327,0.669796,0.655529,0.641528,0.627796,0.614333,0.601138,0.588211,0.575549,0.563153,0.551017,0.539141,0.527521,0.516153,0.505033,0.494157,0.483521,0.473122,0.462953,0.453011,0.44329,0.433787,0.424496,0.415413,0.406533,0.397851,0.389363,0.381063,0.372948,0.365013,0.357253,0.349665,0.342243,0.334984,0.327884,0.320938,0.314143,0.307495,0.30099,0.294625,0.288395,0.282298,0.27633,0.270489,0.26477,0.25917,0.253687,0.248318,0.24306,0.23791,0.232865,0.227923,0.223081,0.218336,0.213687,0.209131,0.204666,0.200288,0.195997,0.19179,0.187666,0.183621,0.179654,0.175763,0.171947,0.168203,0.164531,0.160927,0.15739,0.153919,0.150513,0.147169,0.143886,0.140663,0.137497,0.134389,0.131336,0.128337,0.125391,0.122496,0.119651,0.116855,0.114107,0.111406,0.108749,0.106137,0.103569,0.101042,0.0985561,0.0961102,0.0937032,0.0913341,0.0890019,0.0867057,0.0844444,0.0822172,0.0800231,0.0778612,0.0757306,0.0736305,0.07156,0.0695182,0.0675044,0.0655176,0.0635572,0.0616222,0.0597119,0.0578256,0.0559624,0.0541216,0.0523025,0.0505044,0.0487264,0.046968,0.0452283,0.0435067,0.0418025,0.0401151,0.0384436,0.0367876,0.0351462,0.0335189,0.031905,0.0303038,0.0287147,0.0271371,0.0255703,0.0240138,0.0224668,0.0209288,0.0193992,0.0178773,0.0163626,0.0148543,0.0133521,0.0118551,0.0103629,0.00887481,0.00739026,0.00590867,0.00442944,0.00295198
1,0.982194,0.964409,0.946667,0.928989,0.911395,0.893906,0.876539,0.859314,0.842247,0.825354,0.80865,0.792148,0.775861,0.759799,0.743973,0.728391,0.71306,0.697985,0.683173,0.668626,0.654348,0.640341,0.626605,0.613141,0.599949,0.587027,0.574374,0.561987,0.549864,0.538001,0.526396,0.515044,0.503941,0.493084,0.482468,0.472088,0.461939,0.452017,0.442318,0.432836,0.423566,0.414504,0.405645,0.396984,0.388516,0.380237,0.372142,0.364227,0.356487,0.348917,0.341514,0.334274,0.327191,0.320263,0.313485,0.306854,0.300366,0.294016,0.287802,0.281721,0.275768,0.26994,0.264235,0.258649,0.25318,0.247824,0.242578,0.23744,0.232407,0.227476,0.222646,0.217912,0.213274,0.208728,0.204273,0.199905,0.195624,0.191426,0.18731,0.183274,0.179316,0.175434,0.171626,0.16789,0.164225,0.160629,0.157099,0.153636,0.150236,0.146899,0.143623,0.140406,0.137247,0.134145,0.131098,0.128105,0.125164,0.122275,0.119436,0.116646,0.113903,0.111206,0.108555,0.105948,0.103384,0.100862,0.0983813,0.09594,0.0935375,0.0911728,0.0888449,0.0865529,0.0842958,0.0820726,0.0798825,0.0777246,0.0755979,0.0735016,0.0714348,0.0693967,0.0673865,0.0654033,0.0634464,0.0615148,0.059608,0.057725,0.0558651,0.0540276,0.0522117,0.0504167,0.0486419,0.0468865,0.0451499,0.0434314,0.0417302,0.0400457,0.0383772,0.036724,0.0350855,0.033461,0.0318499,0.0302515,0.0286652,0.0270903,0.0255262,0.0239724,0.0224281,0.0208928,0.0193658,0.0178465,0.0163344,0.0148288,0.0133291,0.0118347,0.0103451,0.00885953,0.00737755,0.00589851,0.00442182,0.0029469
1,0.982082,0.964186,0.946334,0.928549,0.910852,0.893262,0.8758,0.858484,0.841333,0.824361,0.807584,0.791016,0.774669,0.758554,0.742681,0.727058,0.711692,0.696589,0.681753,0.667189,0.652898,0.638882,0.625143,0.611679,0.59849,0.585575,0.572932,0.560558,0.54845,0.536604,0.525018,0.513686,0.502606,0.491771,0.481179,0.470823,0.460699,0.450803,0.441129,0.431673,0.422429,0.413393,0.404559,0.395924,0.387482,0.379228,0.371157,0.363266,0.35555,0.348004,0.340624,0.333406,0.326346,0.319439,0.312683,0.306072,0.299603,0.293273,0.287078,0.281015,0.275081,0.269271,0.263583,0.258014,0.25256,0.24722,0.24199,0.236867,0.231848,0.226932,0.222115,0.217395,0.212769,0.208236,0.203793,0.199437,0.195168,0.190981,0.186877,0.182851,0.178904,0.175032,0.171234,0.167508,0.163852,0.160265,0.156744,0.15329,0.149899,0.14657,0.143302,0.140093,0.136942,0.133847,0.130807,0.127822,0.124888,0.122006,0.119173,0.11639,0.113653,0.110963,0.108318,0.105717,0.103159,0.100643,0.0981678,0.0957321,0.0933351,0.0909757,0.0886531,0.0863663,0.0841143,0.0818961,0.0797109,0.0775578,0.0754358,0.0733441,0.0712819,0.0692484,0.0672425,0.0652637,0.063311,0.0613837,0.059481,0.0576021,0.0557463,0.0539128,0.0521008,0.0503097,0.0485387,0.0467871,0.0450542,0.0433394,0.0416418,0.0399609,0.038296,0.0366463,0.0350113,0.0333903,0.0317826,0.0301876,0.0286046,0.0270331,0.0254724,0.0239218,0.0223808,0.0208487,0.019325,0.0178089,0.0163,0.0147975,0.013301,0.0118098,0.0103233,0.00884087,0.00736201,0.00588609,0.00441251,0.0029407
1,0.981947,0.963918,0.945935,0.928022,0.9102,0.892491,0.874915,0.857492,0.840239,0.823173,0.80631,0.789663,0.773245,0.757067,0.741139,0.725468,0.710061,0.694925,0.680063,0.665478,0.651172,0.637148,0.623405,0.609942,0.596759,0.583853,0.571222,0.558864,0.546774,0.534949,0.523386,0.512079,0.501024,0.490217,0.479653,0.469327,0.459233,0.449367,0.439724,0.430299,0.421086,0.41208,0.403277,0.394672,0.38626,0.378035,0.369994,0.362132,0.354444,0.346926,0.339573,0.332382,0.325348,0.318467,0.311735,0.305148,0.298703,0.292397,0.286224,0.280183,0.27427,0.268481,0.262813,0.257263,0.251829,0.246508,0.241295,0.23619,0.231188,0.226289,0.221488,0.216784,0.212174,0.207655,0.203227,0.198885,0.194629,0.190457,0.186365,0.182352,0.178417,0.174557,0.170771,0.167056,0.163411,0.159835,0.156325,0.152881,0.1495,0.146181,0.142922,0.139723,0.136581,0.133495,0.130465,0.127487,0.124562,0.121688,0.118863,0.116087,0.113359,0.110676,0.108039,0.105445,0.102894,0.100384,0.0979158,0.0954866,0.0930961,0.0907431,0.0884267,0.086146,0.0839,0.0816877,0.0795083,0.0773608,0.0752444,0.0731582,0.0711014,0.0690732,0.0670726,0.0650989,0.0631512,0.0612289,0.0593311,0.0574571,0.055606,0.0537772,0.0519698,0.0501833,0.0484168,0.0466697,0.0449413,0.0432307,0.0415375,0.0398608,0.0382001,0.0365546,0.0349237,0.0333068,0.0317032,0.0301122,0.0285332,0.0269656,0.0254088,0.0238621,0.022325,0.0207967,0.0192768,0.0177645,0.0162593,0.0147606,0.0132678,0.0117803,0.0102975,0.00881884,0.00734367,0.00587142,0.00440152,0.00293337
1,0.98179,0.963604,0.945467,0.927403,0.909436,0.891587,0.873878,0.856328,0.838958,0.821783,0.80482,0.788082,0.771582,0.755332,0.73934,0.723614,0.708162,0.692987,0.678095,0.663488,0.649167,0.635133,0.621387,0.607926,0.59475,0.581856,0.569241,0.556901,0.544834,0.533034,0.521498,0.51022,0.499196,0.488422,0.477891,0.467599,0.45754,0.44771,0.438102,0.428713,0.419535,0.410566,0.401798,0.393229,0.384851,0.376661,0.368654,0.360825,0.35317,0.345684,0.338363,0.331202,0.324198,0.317346,0.310643,0.304084,0.297667,0.291387,0.28524,0.279224,0.273335,0.26757,0.261926,0.256399,0.250987,0.245687,0.240495,0.23541,0.230429,0.225548,0.220766,0.21608,0.211487,0.206986,0.202574,0.198249,0.194009,0.189852,0.185775,0.181777,0.177856,0.17401,0.170237,0.166536,0.162904,0.15934,0.155843,0.15241,0.149041,0.145733,0.142486,0.139297,0.136166,0.13309,0.130069,0.127102,0.124186,0.121322,0.118506,0.115739,0.113019,0.110345,0.107716,0.105131,0.102588,0.100086,0.0976253,0.0952038,0.0928207,0.090475,0.0881658,0.0858921,0.083653,0.0814475,0.0792747,0.0771338,0.0750238,0.072944,0.0708934,0.0688712,0.0668767,0.0649089,0.0629671,0.0610505,0.0591583,0.0572899,0.0554443,0.0536209,0.0518189,0.0500377,0.0482764,0.0465344,0.044811,0.0431055,0.0414172,0.0397455,0.0380896,0.0364489,0.0348228,0.0332106,0.0316116,0.0300252,0.0284508,0.0268878,0.0253355,0.0237933,0.0222606,0.0207367,0.0192212,0.0177133,0.0162125,0.0147181,0.0132296,0.0117464,0.0102679,0.00879345,0.00732252,0.00585452,0.00438885,0.00292493
1,0.981607,0.96324,0.944926,0.926688,0.908553,0.890543,0.87268,0.854987,0.837481,0.820182,0.803104,0.786263,0.76967,0.753338,0.737274,0.721488,0.705984,0.690768,0.675843,0.661212,0.646875,0.632832,0.619084,0.605627,0.59246,0.579581,0.566984,0.554668,0.542626,0.530856,0.519352,0.508108,0.49712,0.486383,0.475891,0.465638,0.45562,0.44583,0.436263,0.426915,0.417779,0.40885,0.400123,0.391593,0.383256,0.375105,0.367136,0.359345,0.351727,0.344278,0.336992,0.329866,0.322896,0.316078,0.309407,0.302881,0.296494,0.290244,0.284127,0.27814,0.272279,0.266541,0.260923,0.255421,0.250034,0.244758,0.23959,0.234528,0.229569,0.22471,0.219949,0.215284,0.210711,0.20623,0.201837,0.19753,0.193308,0.189168,0.185108,0.181127,0.177222,0.173391,0.169634,0.165947,0.16233,0.15878,0.155297,0.151877,0.148521,0.145226,0.141991,0.138815,0.135695,0.132632,0.129622,0.126666,0.123761,0.120907,0.118102,0.115345,0.112635,0.109971,0.107351,0.104775,0.102241,0.0997488,0.0972966,0.0948837,0.092509,0.0901716,0.0878705,0.0856047,0.0833734,0.0811756,0.0790104,0.0768768,0.0747742,0.0727015,0.0706579,0.0686427,0.0666549,0.0646938,0.0627586,0.0608485,0.0589628,0.0571006,0.0552612,0.053444,0.0516481,0.0498728,0.0481174,0.0463812,0.0446636,0.0429638,0.0412811,0.0396149,0.0379645,0.0363293,0.0347085,0.0331016,0.0315079,0.0299268,0.0283576,0.0267997,0.0252525,0.0237154,0.0221877,0.0206689,0.0191583,0.0176553,0.0161594,0.01467,0.0131864,0.011708,0.0102343,0.0087647,0.00729859,0.00583538,0.0043745,0.00291537
1,0.981399,0.962825,0.944307,0.925872,0.907545,0.889351,0.871315,0.853457,0.835799,0.818359,0.801152,0.784195,0.767499,0.751075,0.734932,0.719078,0.703519,0.688258,0.673299,0.658642,0.644289,0.630238,0.616489,0.603038,0.589884,0.577022,0.564449,0.552159,0.540149,0.528413,0.516945,0.505741,0.494795,0.4841,0.473652,0.463444,0.453471,0.443728,0.434208,0.424906,0.415816,0.406933,0.398252,0.389767,0.381474,0.373367,0.365442,0.357694,0.350117,0.342709,0.335463,0.328376,0.321445,0.314663,0.308029,0.301538,0.295186,0.28897,0.282885,0.27693,0.2711,0.265392,0.259804,0.254331,0.248972,0.243723,0.238581,0.233545,0.22861,0.223776,0.219038,0.214396,0.209845,0.205386,0.201014,0.196728,0.192525,0.188405,0.184364,0.180401,0.176514,0.172701,0.16896,0.16529,0.161689,0.158155,0.154687,0.151283,0.147941,0.144661,0.14144,0.138277,0.135171,0.13212,0.129123,0.126179,0.123287,0.120444,0.117651,0.114905,0.112207,0.109553,0.106944,0.104378,0.101855,0.0993722,0.0969298,0.0945264,0.0921611,0.089833,0.0875409,0.0852841,0.0830614,0.0808722,0.0787153,0.0765901,0.0744955,0.0724308,0.0703951,0.0683876,0.0664074,0.0644538,0.062526,0.0606231,0.0587445,0.0568894,0.055057,0.0532465,0.0514574,0.0496887,0.0479399,0.0462103,0.044499,0.0428056,0.0411292,0.0394692,0.0378249,0.0361957,0.034581,0.03298,0.0313922,0.0298169,0.0282535,0.0267014,0.0251599,0.0236284,0.0221064,0.0205931,0.0190881,0.0175907,0.0161002,0.0146162,0.0131381,0.0116651,0.0101968,0.00873261,0.00727187,0.00581402,0.00435849,0.00290469
1,0.981162,0.962354,0.943606,0.924946,0.906403,0.888003,0.86977,0.851729,0.8339,0.816302,0.798952,0.781866,0.765055,0.748531,0.732302,0.716375,0.700756,0.685447,0.670451,0.655769,0.6414,0.627343,0.613595,0.600154,0.587016,0.574176,0.56163,0.549373,0.537398,0.525701,0.514276,0.503117,0.492217,0.481572,0.471173,0.461016,0.451095,0.441403,0.431935,0.422685,0.413647,0.404815,0.396185,0.387751,0.379507,0.37145,0.363572,0.355871,0.348341,0.340977,0.333776,0.326733,0.319843,0.313103,0.306509,0.300057,0.293743,0.287564,0.281516,0.275596,0.2698,0.264126,0.25857,0.253129,0.2478,0.242581,0.237469,0.23246,0.227553,0.222745,0.218034,0.213416,0.208891,0.204455,0.200106,0.195843,0.191662,0.187563,0.183543,0.179601,0.175733,0.17194,0.168218,0.164566,0.160983,0.157466,0.154015,0.150627,0.147302,0.144037,0.140831,0.137684,0.134592,0.131556,0.128573,0.125642,0.122763,0.119934,0.117153,0.11442,0.111734,0.109092,0.106495,0.103941,0.101428,0.0989566,0.096525,0.0941322,0.0917773,0.0894593,0.0871773,0.0849302,0.0827172,0.0805374,0.0783898,0.0762737,0.0741881,0.0721321,0.0701051,0.0681061,0.0661343,0.0641889,0.0622692,0.0603744,0.0585036,0.0566563,0.0548315,0.0530286,0.0512469,0.0494856,0.0477441,0.0460216,0.0443174,0.0426309,0.0409615,0.0393083,0.0376708,0.0360483,0.0344402,0.0328458,0.0312645,0.0296957,0.0281387,0.0265929,0.0250577,0.0235324,0.0220166,0.0205095,0.0190106,0.0175193,0.0160349,0.0145569,0.0130848,0.0116178,0.0101555,0.0086972,0.00724238,0.00579044,0.00434082,0.00289292
1,0.980896,0.961824,0.942817,0.923905,0.905119,0.886487,0.868035,0.849789,0.831769,0.813997,0.796489,0.779261,0.762325,0.745692,0.72937,0.713366,0.697683,0.682324,0.667291,0.652584,0.6382,0.624139,0.610396,0.596968,0.58385,0.571037,0.558523,0.546303,0.534371,0.522719,0.511343,0.500234,0.489388,0.478796,0.468454,0.458354,0.44849,0.438856,0.429445,0.420253,0.411272,0.402498,0.393924,0.385545,0.377356,0.369352,0.361528,0.353878,0.346399,0.339085,0.331932,0.324936,0.318093,0.311398,0.304848,0.298439,0.292167,0.286029,0.28002,0.274139,0.26838,0.262743,0.257222,0.251815,0.24652,0.241334,0.236253,0.231275,0.226399,0.22162,0.216937,0.212347,0.207848,0.203438,0.199115,0.194876,0.19072,0.186644,0.182647,0.178726,0.17488,0.171108,0.167407,0.163775,0.160211,0.156713,0.153281,0.149911,0.146603,0.143356,0.140167,0.137035,0.13396,0.130939,0.127971,0.125056,0.122191,0.119376,0.116609,0.11389,0.111217,0.108588,0.106004,0.103462,0.100962,0.0985024,0.0960826,0.0937013,0.0913578,0.0890509,0.0867797,0.0845433,0.0823408,0.0801713,0.0780339,0.0759277,0.0738519,0.0718056,0.069788,0.0677983,0.0658357,0.0638993,0.0619885,0.0601024,0.0582403,0.0564014,0.054585,0.0527904,0.0510168,0.0492636,0.0475299,0.0458153,0.0441189,0.04244,0.0407781,0.0391324,0.0375023,0.0358872,0.0342863,0.0326991,0.0311249,0.0295631,0.0280131,0.0264742,0.0249459,0.0234275,0.0219184,0.0204181,0.0189259,0.0174412,0.0159635,0.0144921,0.0130265,0.0115661,0.0101103,0.00865847,0.00721013,0.00576466,0.00432149,0.00288004
1,0.980597,0.961229,0.941932,0.922738,0.903681,0.88479,0.866095,0.847621,0.829392,0.811428,0.793747,0.776365,0.759293,0.742543,0.726122,0.710035,0.694285,0.678876,0.663806,0.649074,0.634679,0.620617,0.606883,0.593472,0.58038,0.567599,0.555124,0.542947,0.531063,0.519463,0.508141,0.49709,0.486303,0.475773,0.465493,0.455456,0.445656,0.436085,0.426739,0.41761,0.408692,0.39998,0.391468,0.38315,0.375021,0.367076,0.359309,0.351716,0.344292,0.337032,0.329933,0.322988,0.316196,0.30955,0.303048,0.296685,0.290459,0.284364,0.278399,0.272559,0.266842,0.261243,0.255761,0.250392,0.245133,0.239982,0.234936,0.229991,0.225147,0.2204,0.215747,0.211187,0.206717,0.202336,0.19804,0.193828,0.189698,0.185647,0.181675,0.177778,0.173956,0.170206,0.166527,0.162917,0.159374,0.155897,0.152484,0.149134,0.145846,0.142616,0.139446,0.136332,0.133274,0.13027,0.127319,0.12442,0.121571,0.118771,0.11602,0.113315,0.110656,0.108042,0.105471,0.102943,0.100456,0.0980097,0.0956026,0.0932339,0.0909026,0.0886078,0.0863484,0.0841237,0.0819326,0.0797742,0.0776478,0.0755524,0.0734872,0.0714513,0.069444,0.0674644,0.0655117,0.0635851,0.0616839,0.0598073,0.0579545,0.0561249,0.0543175,0.0525319,0.0507671,0.0490226,0.0472976,0.0455914,0.0439034,0.0422329,0.0405791,0.0389416,0.0373195,0.0357123,0.0341193,0.0325399,0.0309734,0.0294192,0.0278768,0.0263454,0.0248246,0.0233136,0.0218119,0.0203189,0.0188339,0.0173565,0.0158859,0.0144217,0.0129632,0.0115099,0.0100612,0.00861645,0.00717514,0.00573669,0.00430052,0.00286606
1,0.980263,0.960564,0.940943,0.921435,0.902076,0.882899,0.863934,0.845209,0.826749,0.808576,0.790707,0.773157,0.755941,0.739065,0.722539,0.706366,0.690549,0.675088,0.659982,0.645229,0.630826,0.616767,0.603047,0.589659,0.576598,0.563856,0.551426,0.5393,0.52747,0.515929,0.50467,0.493683,0.482963,0.472501,0.462289,0.452322,0.442592,0.433092,0.423816,0.414756,0.405907,0.397264,0.388819,0.380567,0.372503,0.364622,0.356918,0.349386,0.342022,0.334821,0.327779,0.32089,0.314152,0.307559,0.301109,0.294797,0.288619,0.282572,0.276653,0.270858,0.265185,0.259629,0.254188,0.248859,0.24364,0.238527,0.233517,0.228609,0.223799,0.219086,0.214467,0.209939,0.2055,0.201149,0.196883,0.192699,0.188597,0.184574,0.180628,0.176757,0.17296,0.169235,0.16558,0.161993,0.158473,0.155018,0.151627,0.148298,0.145029,0.14182,0.138669,0.135574,0.132535,0.129549,0.126616,0.123734,0.120902,0.118119,0.115384,0.112695,0.110052,0.107453,0.104897,0.102384,0.0999112,0.0974788,0.0950855,0.0927303,0.0904122,0.0881303,0.0858837,0.0836714,0.0814926,0.0793463,0.0772317,0.0751479,0.0730942,0.0710695,0.0690733,0.0671045,0.0651625,0.0632465,0.0613557,0.0594893,0.0576466,0.0558268,0.0540293,0.0522532,0.050498,0.0487629,0.0470472,0.0453501,0.0436712,0.0420096,0.0403647,0.0387359,0.0371224,0.0355238,0.0339392,0.0323682,0.0308101,0.0292642,0.0277299,0.0262066,0.0246938,0.0231908,0.0216971,0.0202119,0.0187348,0.0172652,0.0158024,0.0143459,0.0128951,0.0114494,0.0100083,0.00857115,0.00713742,0.00570653,0.00427791,0.002851
1,0.97989,0.959823,0.93984,0.919983,0.900289,0.880795,0.861533,0.842533,0.823821,0.805419,0.787347,0.769618,0.752246,0.735239,0.718603,0.702342,0.686456,0.670945,0.655806,0.641036,0.626629,0.612578,0.598878,0.585521,0.572498,0.559802,0.547425,0.535357,0.52359,0.512115,0.500925,0.490011,0.479365,0.468978,0.458843,0.448953,0.439299,0.429876,0.420676,0.411693,0.402919,0.394349,0.385977,0.377797,0.369804,0.361992,0.354355,0.34689,0.33959,0.332453,0.325472,0.318643,0.311963,0.305428,0.299033,0.292775,0.286649,0.280654,0.274784,0.269038,0.263411,0.257901,0.252505,0.247219,0.242041,0.236969,0.231999,0.227129,0.222357,0.21768,0.213096,0.208602,0.204197,0.199878,0.195644,0.191491,0.187419,0.183425,0.179507,0.175664,0.171894,0.168195,0.164565,0.161003,0.157507,0.154076,0.150708,0.147402,0.144155,0.140968,0.137837,0.134763,0.131743,0.128777,0.125863,0.123,0.120186,0.117421,0.114703,0.112032,0.109405,0.106822,0.104282,0.101784,0.0993273,0.0969099,0.0945313,0.0921906,0.0898867,0.0876187,0.0853857,0.0831868,0.0810211,0.0788877,0.0767858,0.0747145,0.072673,0.0706604,0.0686759,0.0667188,0.0647883,0.0628836,0.0610038,0.0591484,0.0573165,0.0555073,0.0537203,0.0519546,0.0502096,0.0484845,0.0467787,0.0450915,0.0434222,0.0417702,0.0401348,0.0385154,0.0369112,0.0353217,0.0337463,0.0321842,0.030635,0.0290979,0.0275724,0.0260579,0.0245537,0.0230592,0.021574,0.0200973,0.0186286,0.0171673,0.0157128,0.0142646,0.012822,0.0113845,0.00995157,0.00852259,0.00709699,0.00567421,0.00425368,0.00283485
1,0.979475,0.958997,0.938613,0.918367,0.898303,0.878459,0.85887,0.839569,0.820582,0.801934,0.783642,0.765723,0.748187,0.731042,0.714294,0.697943,0.681989,0.666431,0.651263,0.63648,0.622075,0.60804,0.594368,0.581048,0.568072,0.555431,0.543114,0.531113,0.519417,0.508018,0.496906,0.486072,0.475507,0.465204,0.455153,0.445347,0.435778,0.426438,0.417321,0.40842,0.399728,0.391238,0.382945,0.374842,0.366925,0.359187,0.351623,0.344228,0.336998,0.329928,0.323013,0.316249,0.309631,0.303157,0.296821,0.29062,0.284551,0.27861,0.272794,0.267099,0.261522,0.256061,0.250711,0.245472,0.240338,0.235309,0.230382,0.225553,0.22082,0.216182,0.211636,0.207179,0.202809,0.198525,0.194324,0.190204,0.186164,0.182201,0.178313,0.1745,0.170758,0.167087,0.163484,0.159949,0.156479,0.153073,0.149729,0.146447,0.143224,0.140059,0.136951,0.133898,0.1309,0.127954,0.125061,0.122217,0.119423,0.116677,0.113977,0.111324,0.108715,0.10615,0.103627,0.101146,0.0987048,0.0963034,0.0939405,0.0916151,0.0893263,0.0870731,0.0848547,0.08267,0.0805183,0.0783987,0.0763103,0.0742523,0.0722238,0.070224,0.0682522,0.0663075,0.0643892,0.0624965,0.0606286,0.0587849,0.0569644,0.0551666,0.0533908,0.0516361,0.049902,0.0481876,0.0464924,0.0448157,0.0431567,0.041515,0.0398896,0.0382802,0.0366859,0.0351062,0.0335404,0.031988,0.0304483,0.0289206,0.0274044,0.0258992,0.0244042,0.0229189,0.0214427,0.019975,0.0185152,0.0170628,0.0156172,0.0141778,0.012744,0.0113153,0.00989108,0.00847079,0.00705385,0.00563972,0.00422783,0.00281762
1,0.979012,0.958077,0.937247,0.916571,0.896097,0.875867,0.85592,0.83629,0.817006,0.798092,0.779566,0.761445,0.743737,0.72645,0.709586,0.693147,0.677128,0.661526,0.646334,0.631546,0.617151,0.603141,0.589504,0.576232,0.563313,0.550735,0.53849,0.526564,0.514949,0.503634,0.492609,0.481864,0.47139,0.461178,0.451219,0.441505,0.432027,0.422778,0.413751,0.404939,0.396334,0.387931,0.379722,0.371703,0.363867,0.356208,0.348722,0.341403,0.334247,0.327249,0.320404,0.313709,0.307158,0.300748,0.294475,0.288336,0.282326,0.276443,0.270683,0.265043,0.259519,0.254109,0.24881,0.243619,0.238533,0.23355,0.228667,0.223881,0.219191,0.214594,0.210087,0.205669,0.201337,0.19709,0.192924,0.188839,0.184832,0.180902,0.177047,0.173264,0.169553,0.165911,0.162337,0.15883,0.155387,0.152008,0.148691,0.145433,0.142235,0.139094,0.13601,0.132981,0.130005,0.127081,0.124209,0.121386,0.118613,0.115887,0.113207,0.110573,0.107983,0.105436,0.102931,0.100467,0.0980439,0.0956595,0.0933133,0.0910042,0.0887314,0.0864939,0.0842909,0.0821214,0.0799845,0.0778795,0.0758054,0.0737615,0.0717469,0.0697607,0.0678023,0.0658708,0.0639655,0.0620855,0.0602302,0.0583988,0.0565906,0.0548049,0.0530408,0.0512979,0.0495753,0.0478723,0.0461884,0.0445228,0.0428748,0.0412438,0.0396293,0.0380304,0.0364466,0.0348773,0.0333218,0.0317796,0.0302499,0.0287323,0.0272261,0.0257306,0.0242454,0.0227698,0.0213032,0.0198451,0.0183949,0.0169519,0.0155157,0.0140857,0.0126612,0.0112418,0.00982684,0.00841577,0.00700805,0.0056031,0.00420038,0.00279933
1,0.978496,0.957052,0.935726,0.914574,0.893647,0.872993,0.852653,0.832666,0.81306,0.793861,0.775087,0.756753,0.738867,0.721434,0.704456,0.687929,0.67185,0.656211,0.641004,0.626218,0.611843,0.597867,0.584278,0.571064,0.558211,0.545709,0.533545,0.521706,0.510182,0.498961,0.488033,0.477386,0.467012,0.4569,0.447041,0.437426,0.428048,0.418898,0.409968,0.401251,0.392741,0.38443,0.376312,0.368381,0.360632,0.353058,0.345655,0.338417,0.33134,0.324418,0.317648,0.311025,0.304545,0.298203,0.291997,0.285923,0.279976,0.274154,0.268454,0.262871,0.257403,0.252048,0.246802,0.241662,0.236626,0.231692,0.226856,0.222116,0.21747,0.212916,0.208452,0.204074,0.199782,0.195573,0.191445,0.187397,0.183426,0.17953,0.175709,0.171959,0.16828,0.164669,0.161126,0.157648,0.154234,0.150883,0.147593,0.144362,0.14119,0.138075,0.135016,0.132011,0.129058,0.126158,0.123308,0.120508,0.117756,0.115051,0.112392,0.109778,0.107208,0.104681,0.102195,0.0997503,0.0973451,0.0949786,0.0926499,0.0903581,0.0881022,0.0858814,0.0836946,0.0815411,0.07942,0.0773304,0.0752714,0.0732424,0.0712424,0.0692707,0.0673264,0.0654088,0.0635172,0.0616508,0.0598088,0.0579905,0.0561952,0.0544221,0.0526707,0.0509401,0.0492297,0.0475388,0.0458667,0.0442129,0.0425765,0.040957,0.0393538,0.0377662,0.0361935,0.0346352,0.0330906,0.0315591,0.0300401,0.0285331,0.0270373,0.0255523,0.0240774,0.0226121,0.0211557,0.0197077,0.0182675,0.0168346,0.0154084,0.0139882,0.0125736,0.011164,0.00975886,0.00835756,0.00695958,0.00556435,0.00417133,0.00277997
1,0.977921,0.95591,0.934032,0.912351,0.890923,0.869803,0.849036,0.82866,0.808708,0.789204,0.770169,0.751613,0.733544,0.715965,0.698874,0.682265,0.666133,0.650465,0.635252,0.620481,0.606137,0.592207,0.578678,0.565533,0.552761,0.540346,0.528274,0.516534,0.505112,0.493996,0.483175,0.472637,0.462372,0.452369,0.442619,0.433113,0.423842,0.414798,0.405972,0.397359,0.388949,0.380737,0.372716,0.364879,0.357222,0.349739,0.342423,0.335271,0.328277,0.321437,0.314745,0.308199,0.301793,0.295525,0.289389,0.283383,0.277503,0.271745,0.266107,0.260585,0.255177,0.249879,0.244688,0.239603,0.234619,0.229736,0.224949,0.220258,0.215659,0.21115,0.20673,0.202396,0.198145,0.193977,0.189889,0.185879,0.181945,0.178086,0.174299,0.170584,0.166939,0.163361,0.159849,0.156403,0.153019,0.149698,0.146437,0.143234,0.14009,0.137001,0.133968,0.130989,0.128062,0.125186,0.12236,0.119583,0.116854,0.114171,0.111534,0.108942,0.106392,0.103885,0.10142,0.0989946,0.0966086,0.094261,0.0919509,0.0896772,0.0874392,0.0852358,0.0830662,0.0809295,0.0788249,0.0767515,0.0747086,0.0726952,0.0707106,0.0687541,0.0668247,0.0649219,0.0630447,0.0611925,0.0593645,0.05756,0.0557783,0.0540186,0.0522804,0.0505628,0.0488653,0.0471871,0.0455276,0.0438861,0.042262,0.0406546,0.0390634,0.0374876,0.0359266,0.0343798,0.0328467,0.0313266,0.0298189,0.028323,0.0268383,0.0253643,0.0239003,0.0224458,0.0210001,0.0195628,0.0181333,0.0167109,0.0152951,0.0138855,0.0124813,0.011082,0.00968719,0.00829619,0.00690847,0.00552349,0.0041407,0.00275956
1,0.977278,0.954634,0.932142,0.909873,0.887894,0.866261,0.845026,0.82423,0.803907,0.784081,0.76477,0.745986,0.727732,0.710008,0.692809,0.676127,0.65995,0.644266,0.62906,0.614316,0.600017,0.586148,0.572692,0.559632,0.546953,0.534639,0.522674,0.511045,0.499737,0.488738,0.478035,0.467616,0.45747,0.447586,0.437955,0.428566,0.41941,0.41048,0.401766,0.393262,0.38496,0.376853,0.368935,0.361199,0.35364,0.346252,0.33903,0.331968,0.325062,0.318307,0.311699,0.305234,0.298906,0.292714,0.286652,0.280718,0.274908,0.269218,0.263646,0.258188,0.252841,0.247603,0.242471,0.237442,0.232514,0.227684,0.222949,0.218308,0.213758,0.209297,0.204923,0.200634,0.196427,0.192302,0.188255,0.184285,0.180391,0.17657,0.172821,0.169142,0.165531,0.161988,0.15851,0.155096,0.151744,0.148454,0.145223,0.14205,0.138934,0.135874,0.132868,0.129915,0.127015,0.124164,0.121364,0.118611,0.115906,0.113247,0.110633,0.108063,0.105535,0.10305,0.100605,0.0982006,0.0958349,0.0935072,0.0912165,0.0889619,0.0867425,0.0845574,0.0824058,0.0802868,0.0781996,0.0761433,0.0741171,0.0721202,0.0701519,0.0682112,0.0662975,0.0644101,0.0625481,0.0607108,0.0588975,0.0571075,0.0553401,0.0535946,0.0518702,0.0501664,0.0484824,0.0468175,0.0451712,0.0435427,0.0419315,0.0403368,0.0387581,0.0371947,0.035646,0.0341115,0.0325904,0.0310822,0.0295864,0.0281022,0.0266291,0.0251666,0.0237141,0.0222709,0.0208366,0.0194105,0.0179921,0.0165808,0.0151761,0.0137774,0.0123842,0.0109958,0.00961184,0.00823166,0.00685474,0.00548054,0.00410851,0.0027381
1,0.976558,0.953205,0.930028,0.907107,0.884517,0.862322,0.840578,0.819328,0.798608,0.778442,0.758847,0.739829,0.72139,0.703526,0.686227,0.669482,0.653275,0.637589,0.622405,0.607705,0.593469,0.579677,0.566311,0.553352,0.540781,0.528582,0.516739,0.505234,0.494054,0.483184,0.472611,0.462323,0.452307,0.442552,0.433048,0.423785,0.414754,0.405945,0.397352,0.388965,0.380777,0.372782,0.364973,0.357344,0.349888,0.342601,0.335477,0.32851,0.321697,0.315032,0.308511,0.302131,0.295886,0.289773,0.283789,0.27793,0.272193,0.266574,0.261071,0.25568,0.250398,0.245223,0.240152,0.235182,0.230311,0.225537,0.220857,0.216269,0.21177,0.207359,0.203033,0.198791,0.19463,0.190549,0.186545,0.182618,0.178764,0.174983,0.171273,0.167632,0.164058,0.16055,0.157107,0.153727,0.150409,0.147151,0.143952,0.14081,0.137724,0.134693,0.131716,0.128792,0.125918,0.123095,0.12032,0.117593,0.114913,0.112279,0.109688,0.107142,0.104637,0.102174,0.099752,0.0973689,0.0950244,0.0927174,0.090447,0.0882123,0.0860125,0.0838467,0.0817139,0.0796135,0.0775444,0.075506,0.0734973,0.0715177,0.0695663,0.0676423,0.0657451,0.0638737,0.0620276,0.060206,0.0584082,0.0566334,0.0548809,0.0531501,0.0514403,0.0497508,0.048081,0.0464301,0.0447976,0.0431828,0.041585,0.0400036,0.0384381,0.0368878,0.035352,0.0338302,0.0323217,0.0308261,0.0293426,0.0278707,0.0264099,0.0249595,0.0235189,0.0220877,0.0206652,0.0192509,0.0178442,0.0164445,0.0150514,0.0136642,0.0122824,0.0109055,0.00953286,0.00816403,0.00679843,0.00543551,0.00407475,0.00271561
1,0.975749,0.951601,0.927657,0.904011,0.880745,0.857933,0.835634,0.813897,0.792756,0.772234,0.752345,0.733093,0.714473,0.696478,0.679093,0.662301,0.64608,0.63041,0.615268,0.600631,0.586476,0.572781,0.559523,0.546683,0.534238,0.522172,0.510465,0.4991,0.488061,0.477334,0.466904,0.456758,0.446883,0.437268,0.427901,0.418774,0.409876,0.401197,0.392731,0.384469,0.376403,0.368526,0.360832,0.353315,0.345969,0.338788,0.331767,0.3249,0.318184,0.311614,0.305185,0.298893,0.292734,0.286705,0.280802,0.275022,0.269361,0.263816,0.258385,0.253063,0.247849,0.24274,0.237732,0.232825,0.228014,0.223298,0.218674,0.214141,0.209696,0.205336,0.201061,0.196868,0.192754,0.188719,0.184761,0.180877,0.177066,0.173327,0.169657,0.166055,0.16252,0.15905,0.155643,0.152299,0.149015,0.145791,0.142624,0.139515,0.136461,0.13346,0.130513,0.127618,0.124773,0.121978,0.11923,0.11653,0.113876,0.111267,0.108702,0.10618,0.103699,0.10126,0.0988603,0.0964998,0.0941773,0.091892,0.0896428,0.087429,0.0852497,0.0831039,0.0809908,0.0789097,0.0768596,0.0748398,0.0728495,0.0708879,0.0689542,0.0670477,0.0651675,0.0633131,0.0614836,0.0596783,0.0578966,0.0561377,0.0544008,0.0526855,0.0509909,0.0493164,0.0476614,0.0460251,0.044407,0.0428064,0.0412227,0.0396553,0.0381035,0.0365668,0.0350445,0.033536,0.0320408,0.0305582,0.0290877,0.0276287,0.0261806,0.0247428,0.0233148,0.0218961,0.0204859,0.0190839,0.0176894,0.0163019,0.0149209,0.0135457,0.012176,0.010811,0.00945027,0.0080933,0.00673953,0.00538843,0.00403946,0.00269209
1,0.974836,0.949793,0.92499,0.900533,0.876519,0.85303,0.83013,0.80787,0.786284,0.765394,0.745207,0.725723,0.706933,0.688821,0.671367,0.654547,0.638335,0.622704,0.607626,0.593075,0.579024,0.565447,0.552319,0.539617,0.527318,0.515402,0.503849,0.49264,0.481758,0.471187,0.460913,0.450922,0.4412,0.431735,0.422517,0.413534,0.404778,0.396238,0.387907,0.379777,0.371839,0.364088,0.356516,0.349117,0.341885,0.334816,0.327902,0.321141,0.314527,0.308055,0.301721,0.295522,0.289454,0.283512,0.277694,0.271996,0.266414,0.260947,0.25559,0.250341,0.245197,0.240156,0.235215,0.230371,0.225623,0.220967,0.216402,0.211926,0.207536,0.203231,0.199008,0.194865,0.190802,0.186815,0.182903,0.179065,0.175298,0.171602,0.167974,0.164414,0.160918,0.157487,0.154118,0.150811,0.147563,0.144374,0.141242,0.138166,0.135144,0.132176,0.12926,0.126395,0.12358,0.120813,0.118094,0.115422,0.112795,0.110213,0.107674,0.105177,0.102721,0.100306,0.0979308,0.0955938,0.0932943,0.0910315,0.0888045,0.0866123,0.0844543,0.0823293,0.0802368,0.0781758,0.0761455,0.0741452,0.0721739,0.0702311,0.0683159,0.0664275,0.0645653,0.0627284,0.0609162,0.059128,0.057363,0.0556206,0.0539001,0.0522008,0.0505221,0.0488633,0.0472237,0.0456026,0.0439996,0.0424139,0.0408449,0.039292,0.0377546,0.036232,0.0347238,0.0332292,0.0317478,0.0302788,0.0288219,0.0273762,0.0259414,0.0245169,0.023102,0.0216962,0.020299,0.0189098,0.017528,0.0161532,0.0147848,0.0134222,0.0120649,0.0107124,0.00936411,0.00801952,0.0066781,0.00533931,0.00400264,0.00266755
1,0.973801,0.947747,0.921975,0.896613,0.87177,0.847537,0.823987,0.801169,0.779118,0.757849,0.737366,0.717661,0.698716,0.680507,0.663007,0.646185,0.630008,0.614444,0.599458,0.58502,0.571099,0.557665,0.54469,0.532149,0.520017,0.50827,0.496889,0.485853,0.475144,0.464745,0.454641,0.444817,0.43526,0.425957,0.416897,0.408069,0.399464,0.391072,0.382884,0.374893,0.367091,0.359471,0.352027,0.344752,0.337641,0.330688,0.323888,0.317236,0.310728,0.304359,0.298125,0.292023,0.286048,0.280197,0.274467,0.268853,0.263355,0.257967,0.252688,0.247514,0.242443,0.237473,0.2326,0.227823,0.22314,0.218547,0.214043,0.209626,0.205294,0.201044,0.196875,0.192786,0.188773,0.184836,0.180973,0.177182,0.173462,0.16981,0.166226,0.162708,0.159254,0.155863,0.152533,0.149264,0.146054,0.142901,0.139804,0.136763,0.133775,0.13084,0.127956,0.125123,0.122339,0.119602,0.116913,0.11427,0.111671,0.109116,0.106604,0.104134,0.101704,0.0993146,0.0969639,0.0946513,0.0923757,0.0901363,0.0879323,0.0857627,0.0836267,0.0815235,0.0794523,0.0774122,0.0754025,0.0734223,0.071471,0.0695477,0.0676516,0.0657821,0.0639385,0.0621199,0.0603257,0.0585552,0.0568077,0.0550826,0.053379,0.0516965,0.0500342,0.0483916,0.0467681,0.0451629,0.0435755,0.0420053,0.0404516,0.0389138,0.0373913,0.0358835,0.0343899,0.0329098,0.0314427,0.029988,0.0285451,0.0271134,0.0256924,0.0242816,0.0228803,0.0214881,0.0201043,0.0187285,0.01736,0.0159984,0.0146431,0.0132936,0.0119493,0.0106098,0.00927441,0.00794271,0.00661414,0.00528818,0.00396431,0.002642
1,0.972622,0.945418,0.918552,0.892174,0.86641,0.841363,0.81711,0.793702,0.771168,0.749519,0.728749,0.708838,0.689762,0.671485,0.65397,0.637179,0.62107,0.605605,0.590744,0.576449,0.562687,0.549424,0.536629,0.524273,0.512329,0.500774,0.489585,0.47874,0.468221,0.458009,0.448089,0.438446,0.429066,0.419937,0.411046,0.402383,0.393938,0.385702,0.377665,0.369821,0.362162,0.35468,0.34737,0.340224,0.333239,0.326408,0.319725,0.313188,0.30679,0.300529,0.294399,0.288397,0.282519,0.276762,0.271123,0.265598,0.260185,0.25488,0.249681,0.244585,0.23959,0.234693,0.229892,0.225184,0.220567,0.216039,0.211598,0.207242,0.202969,0.198778,0.194665,0.19063,0.186671,0.182785,0.178972,0.17523,0.171557,0.167952,0.164413,0.160938,0.157527,0.154178,0.150889,0.14766,0.144488,0.141373,0.138313,0.135308,0.132355,0.129454,0.126604,0.123803,0.121051,0.118346,0.115687,0.113074,0.110504,0.107978,0.105494,0.103051,0.100648,0.098285,0.0959601,0.0936727,0.0914219,0.0892068,0.0870266,0.0848804,0.0827674,0.0806867,0.0786376,0.0766192,0.0746309,0.0726717,0.0707409,0.0688379,0.0669618,0.0651119,0.0632875,0.0614879,0.0597124,0.0579603,0.0562309,0.0545236,0.0528377,0.0511725,0.0495274,0.0479017,0.0462948,0.0447061,0.043135,0.0415808,0.040043,0.0385209,0.0370139,0.0355215,0.0340431,0.032578,0.0311258,0.0296858,0.0282575,0.0268404,0.0254338,0.0240372,0.0226501,0.0212719,0.0199021,0.0185401,0.0171854,0.0158376,0.0144959,0.01316,0.0118292,0.0105032,0.00918121,0.0078629,0.00654768,0.00523505,0.00392448,0.00261546
1,0.97127,0.94275,0.914641,0.88712,0.860333,0.834395,0.809388,0.78536,0.762335,0.740311,0.719271,0.699183,0.680008,0.6617,0.64421,0.62749,0.61149,0.596162,0.581462,0.567347,0.553777,0.540715,0.528128,0.515984,0.504254,0.492913,0.481936,0.471302,0.46099,0.450982,0.441262,0.431813,0.422623,0.413679,0.404968,0.396479,0.388204,0.380132,0.372255,0.364565,0.357055,0.349718,0.342548,0.335538,0.328684,0.321979,0.31542,0.309001,0.302718,0.296567,0.290545,0.284647,0.27887,0.273211,0.267666,0.262232,0.256908,0.251689,0.246573,0.241557,0.23664,0.231819,0.227091,0.222454,0.217906,0.213445,0.209069,0.204777,0.200565,0.196433,0.192378,0.1884,0.184495,0.180663,0.176902,0.17321,0.169586,0.166029,0.162536,0.159107,0.15574,0.152434,0.149187,0.145998,0.142867,0.139791,0.136769,0.133801,0.130884,0.128019,0.125203,0.122436,0.119717,0.117044,0.114417,0.111834,0.109295,0.106799,0.104344,0.101929,0.0995542,0.0972182,0.0949199,0.0926587,0.0904335,0.0882436,0.086088,0.083966,0.0818767,0.0798194,0.0777932,0.0757973,0.073831,0.0718935,0.0699841,0.068102,0.0662466,0.064417,0.0626126,0.0608327,0.0590765,0.0573435,0.0556329,0.0539441,0.0522764,0.0506292,0.0490019,0.0473937,0.0458041,0.0442325,0.0426782,0.0411407,0.0396193,0.0381135,0.0366226,0.0351461,0.0336834,0.0322339,0.0307972,0.0293725,0.0279593,0.0265572,0.0251655,0.0237837,0.0224113,0.0210477,0.0196923,0.0183447,0.0170044,0.0156707,0.0143432,0.0130214,0.0117047,0.0103926,0.00908456,0.00778013,0.00647876,0.00517995,0.00388318,0.00258793
1,0.969706,0.939672,0.910143,0.881331,0.853407,0.826498,0.800687,0.776017,0.7525,0.730119,0.70884,0.688615,0.669387,0.651097,0.633682,0.617081,0.601237,0.586092,0.571596,0.557699,0.544358,0.531533,0.519185,0.507281,0.495792,0.484688,0.473946,0.463542,0.453455,0.443668,0.434162,0.424923,0.415936,0.407188,0.398667,0.390364,0.382267,0.374368,0.366658,0.35913,0.351776,0.344591,0.337566,0.330698,0.323979,0.317407,0.310975,0.304679,0.298515,0.292479,0.286568,0.280777,0.275104,0.269546,0.264098,0.258759,0.253526,0.248395,0.243365,0.238432,0.233596,0.228852,0.224199,0.219636,0.215159,0.210767,0.206459,0.202231,0.198083,0.194012,0.190017,0.186096,0.182248,0.178471,0.174763,0.171123,0.16755,0.164042,0.160597,0.157215,0.153893,0.150632,0.147428,0.144282,0.141191,0.138155,0.135173,0.132243,0.129364,0.126535,0.123755,0.121023,0.118338,0.115698,0.113104,0.110553,0.108045,0.105579,0.103154,0.100769,0.0984224,0.0961145,0.0938438,0.0916096,0.0894109,0.087247,0.0851169,0.0830199,0.0809552,0.0789219,0.0769194,0.0749467,0.0730033,0.0710882,0.0692009,0.0673405,0.0655064,0.0636978,0.0619141,0.0601545,0.0584184,0.0567051,0.0550139,0.0533443,0.0516955,0.0500669,0.0484579,0.0468678,0.0452961,0.0437422,0.0422053,0.040685,0.0391807,0.0376917,0.0362174,0.0347574,0.033311,0.0318777,0.0304569,0.0290481,0.0276506,0.026264,0.0248878,0.0235213,0.022164,0.0208155,0.0194752,0.0181425,0.0168169,0.015498,0.0141852,0.0128779,0.0115757,0.0102781,0.00898448,0.00769443,0.0064074,0.0051229,0.00384041,0.00255943
1,0.967881,0.93609,0.904929,0.874654,0.845466,0.817502,0.790844,0.765522,0.741529,0.718826,0.697356,0.67705,0.65783,0.639619,0.622339,0.605917,0.590284,0.575375,0.56113,0.547497,0.534426,0.521872,0.509798,0.498165,0.486944,0.476103,0.465618,0.455465,0.445623,0.436073,0.426797,0.417781,0.409009,0.40047,0.392151,0.384042,0.376133,0.368416,0.360881,0.353522,0.346331,0.339302,0.33243,0.325707,0.319131,0.312694,0.306394,0.300225,0.294184,0.288267,0.282471,0.276791,0.271226,0.265771,0.260423,0.255181,0.250042,0.245002,0.24006,0.235213,0.230459,0.225795,0.221221,0.216732,0.212329,0.208008,0.203768,0.199607,0.195524,0.191516,0.187583,0.183722,0.179931,0.176211,0.172558,0.168971,0.16545,0.161992,0.158597,0.155263,0.151988,0.148772,0.145613,0.14251,0.139462,0.136467,0.133525,0.130635,0.127794,0.125003,0.12226,0.119564,0.116914,0.114309,0.111748,0.10923,0.106754,0.104319,0.101925,0.0995701,0.0972536,0.0949746,0.0927324,0.090526,0.0883546,0.0862175,0.0841137,0.0820425,0.0800031,0.0779947,0.0760166,0.074068,0.0721481,0.0702562,0.0683916,0.0665537,0.0647416,0.0629547,0.0611922,0.0594537,0.0577382,0.0560453,0.0543742,0.0527244,0.0510951,0.0494857,0.0478957,0.0463244,0.0447711,0.0432354,0.0417166,0.0402141,0.0387273,0.0372557,0.0357987,0.0343557,0.0329261,0.0315095,0.0301052,0.0287127,0.0273315,0.025961,0.0246007,0.02325,0.0219085,0.0205755,0.0192507,0.0179334,0.0166232,0.0153194,0.0140218,0.0127296,0.0114424,0.0101597,0.00888103,0.00760583,0.00633363,0.00506392,0.0037962,0.00252997
1,0.965729,0.931878,0.898827,0.866891,0.8363,0.807201,0.779664,0.753699,0.729267,0.7063,0.68471,0.664398,0.645264,0.627209,0.610139,0.593965,0.578608,0.563993,0.550054,0.536733,0.523975,0.511734,0.499969,0.48864,0.477714,0.467163,0.456959,0.447078,0.437499,0.428203,0.419174,0.410394,0.401851,0.393532,0.385426,0.377521,0.369809,0.362281,0.354929,0.347746,0.340724,0.333859,0.327143,0.320573,0.314142,0.307847,0.301683,0.295645,0.289731,0.283936,0.278258,0.272692,0.267237,0.261889,0.256644,0.251502,0.246459,0.241513,0.236661,0.231902,0.227232,0.222651,0.218156,0.213745,0.209417,0.205169,0.200999,0.196907,0.192891,0.188948,0.185077,0.181277,0.177547,0.173884,0.170287,0.166756,0.163288,0.159882,0.156537,0.153252,0.150026,0.146856,0.143743,0.140685,0.13768,0.134728,0.131828,0.128977,0.126177,0.123424,0.120719,0.11806,0.115446,0.112876,0.11035,0.107865,0.105423,0.103021,0.100658,0.0983342,0.0960482,0.0937991,0.0915861,0.0894084,0.0872652,0.0851556,0.083079,0.0810343,0.079021,0.0770383,0.0750853,0.0731614,0.0712658,0.0693978,0.0675567,0.0657418,0.0639524,0.0621879,0.0604475,0.0587305,0.0570364,0.0553645,0.0537141,0.0520847,0.0504755,0.0488859,0.0473155,0.0457635,0.0442293,0.0427124,0.0412122,0.039728,0.0382594,0.0368057,0.0353665,0.033941,0.0325289,0.0311294,0.0297422,0.0283666,0.0270021,0.0256482,0.0243043,0.02297,0.0216447,0.0203278,0.019019,0.0177176,0.0164231,0.0151351,0.0138531,0.0125765,0.0113048,0.0100375,0.00877423,0.00751438,0.00625748,0.00500303,0.00375056,0.00249955
1,0.963158,0.926865,0.891612,0.857783,0.825643,0.795338,0.766914,0.740342,0.715541,0.692398,0.670785,0.650569,0.63162,0.613816,0.597043,0.581198,0.566189,0.551935,0.538361,0.525405,0.513008,0.501122,0.489703,0.478711,0.468112,0.457876,0.447976,0.438389,0.429093,0.420069,0.4113,0.402772,0.39447,0.386383,0.378499,0.370808,0.363302,0.355971,0.348809,0.341808,0.334962,0.328266,0.321713,0.315299,0.30902,0.30287,0.296845,0.290943,0.285159,0.27949,0.273933,0.268485,0.263142,0.257903,0.252765,0.247725,0.242781,0.23793,0.233171,0.228501,0.223919,0.219422,0.215008,0.210677,0.206425,0.202252,0.198155,0.194133,0.190184,0.186308,0.182502,0.178765,0.175095,0.171491,0.167952,0.164477,0.161064,0.157711,0.154419,0.151184,0.148007,0.144886,0.14182,0.138807,0.135847,0.132939,0.130081,0.127272,0.124512,0.121799,0.119133,0.116511,0.113935,0.111401,0.10891,0.106461,0.104052,0.101683,0.0993535,0.0970616,0.0948069,0.0925885,0.0904056,0.0882574,0.0861431,0.0840619,0.0820131,0.0799958,0.0780094,0.076053,0.0741259,0.0722274,0.0703568,0.0685134,0.0666965,0.0649054,0.0631393,0.0613978,0.05968,0.0579854,0.0563132,0.054663,0.0530339,0.0514254,0.049837,0.0482679,0.0467175,0.0451854,0.0436709,0.0421734,0.0406923,0.0392271,0.0377772,0.036342,0.034921,0.0335137,0.0321194,0.0307377,0.029368,0.0280098,0.0266626,0.0253258,0.0239989,0.0226814,0.0213728,0.0200725,0.0187801,0.0174951,0.016217,0.0149451,0.0136792,0.0124186,0.0111629,0.00991159,0.00866415,0.00742011,0.00617898,0.00494028,0.00370351,0.0024682
1,0.960037,0.920814,0.882971,0.846986,0.813151,0.781594,0.752312,0.725215,0.700157,0.676966,0.655462,0.635472,0.616832,0.599391,0.583018,0.567594,0.553017,0.539196,0.526052,0.513517,0.501532,0.490044,0.47901,0.468389,0.458147,0.448254,0.438682,0.42941,0.420415,0.41168,0.403187,0.394924,0.386875,0.379031,0.371379,0.363912,0.356619,0.349494,0.342528,0.335716,0.329052,0.32253,0.316145,0.309892,0.303768,0.297767,0.291887,0.286123,0.280473,0.274933,0.2695,0.264172,0.258945,0.253818,0.248788,0.243852,0.239009,0.234257,0.229592,0.225014,0.220521,0.21611,0.21178,0.207529,0.203356,0.199259,0.195236,0.191286,0.187408,0.183599,0.179859,0.176186,0.172578,0.169035,0.165556,0.162138,0.15878,0.155483,0.152243,0.14906,0.145934,0.142862,0.139844,0.136878,0.133964,0.1311,0.128286,0.12552,0.122801,0.120129,0.117502,0.11492,0.112381,0.109885,0.10743,0.105017,0.102643,0.100308,0.098012,0.0957529,0.0935303,0.0913434,0.0891914,0.0870735,0.0849889,0.0829369,0.0809167,0.0789275,0.0769686,0.0750393,0.0731388,0.0712665,0.0694216,0.0676034,0.0658113,0.0640446,0.0623027,0.0605848,0.0588903,0.0572186,0.055569,0.053941,0.0523338,0.050747,0.0491798,0.0476317,0.0461021,0.0445905,0.0430961,0.0416186,0.0401572,0.0387114,0.0372808,0.0358646,0.0344624,0.0330737,0.0316979,0.0303344,0.0289828,0.0276426,0.0263131,0.0249939,0.0236844,0.0223842,0.0210928,0.0198097,0.0185342,0.0172661,0.0160047,0.0147496,0.0135002,0.0122561,0.0110169,0.00978193,0.00855082,0.00732305,0.00609816,0.00487566,0.00365508,0.00243592
1,0.956176,0.913382,0.872474,0.834039,0.798381,0.765574,0.735526,0.708049,0.682905,0.659846,0.638628,0.619027,0.600843,0.5839,0.568044,0.553145,0.539089,0.52578,0.513133,0.50108,0.489557,0.478514,0.467904,0.457689,0.447834,0.43831,0.42909,0.420153,0.411478,0.403048,0.394847,0.386861,0.379078,0.371486,0.364077,0.356841,0.34977,0.342857,0.336095,0.329478,0.323001,0.316658,0.310445,0.304358,0.298393,0.292546,0.286813,0.281191,0.275677,0.270269,0.264963,0.259758,0.25465,0.249637,0.244717,0.239889,0.235149,0.230496,0.225928,0.221444,0.217041,0.212718,0.208474,0.204306,0.200213,0.196193,0.192246,0.188369,0.184562,0.180822,0.177149,0.173542,0.169998,0.166517,0.163098,0.159739,0.156439,0.153197,0.150011,0.146882,0.143807,0.140785,0.137816,0.134898,0.132031,0.129213,0.126443,0.123721,0.121045,0.118414,0.115828,0.113286,0.110786,0.108328,0.105911,0.103534,0.101196,0.0988963,0.0966341,0.0944086,0.092219,0.0900644,0.0879441,0.0858573,0.0838032,0.0817811,0.0797902,0.0778298,0.0758992,0.0739977,0.0721245,0.070279,0.0684605,0.0666683,0.0649017,0.0631601,0.0614428,0.0597492,0.0580786,0.0564304,0.054804,0.0531988,0.0516142,0.0500496,0.0485043,0.0469778,0.0454695,0.0439789,0.0425053,0.0410482,0.0396071,0.0381813,0.0367704,0.0353738,0.033991,0.0326214,0.0312645,0.0299199,0.0285868,0.0272649,0.0259537,0.0246526,0.0233611,0.0220787,0.020805,0.0195394,0.0182814,0.0170306,0.0157864,0.0145484,0.0133161,0.0120891,0.0108667,0.0096486,0.00843428,0.00722326,0.00601507,0.00480923,0.00360527,0.00240273
1,0.951285,0.904063,0.859504,0.818314,0.780761,0.746794,0.716169,0.688549,0.66357,0.640885,0.620176,0.601165,0.583614,0.567321,0.552115,0.537853,0.524415,0.5117,0.499623,0.488112,0.477105,0.46655,0.456404,0.446629,0.43719,0.428061,0.419217,0.410635,0.402297,0.394188,0.386291,0.378595,0.371088,0.36376,0.356602,0.349606,0.342764,0.336069,0.329517,0.3231,0.316815,0.310657,0.304621,0.298704,0.292901,0.28721,0.281628,0.276151,0.270777,0.265504,0.260328,0.255247,0.25026,0.245364,0.240557,0.235837,0.231202,0.226651,0.222182,0.217793,0.213483,0.20925,0.205092,0.201008,0.196996,0.193056,0.189186,0.185384,0.181649,0.17798,0.174376,0.170835,0.167357,0.163939,0.160581,0.157282,0.15404,0.150855,0.147725,0.144649,0.141627,0.138657,0.135738,0.132869,0.13005,0.127279,0.124554,0.121877,0.119244,0.116656,0.114112,0.11161,0.10915,0.106731,0.104352,0.102013,0.0997114,0.0974476,0.0952206,0.0930295,0.0908736,0.0887521,0.0866643,0.0846093,0.0825864,0.080595,0.0786342,0.0767033,0.0748017,0.0729287,0.0710835,0.0692655,0.067474,0.0657084,0.0639679,0.062252,0.06056,0.0588913,0.0572453,0.0556213,0.0540187,0.0524369,0.0508754,0.0493335,0.0478107,0.0463063,0.0448199,0.0433508,0.0418986,0.0404625,0.0390422,0.037637,0.0362464,0.0348699,0.0335069,0.032157,0.0308195,0.0294941,0.0281801,0.0268772,0.0255847,0.0243021,0.0230291,0.021765,0.0205094,0.0192618,0.0180218,0.0167887,0.0155623,0.0143419,0.0131271,0.0119175,0.0107125,0.00951167,0.00831459,0.00712076,0.00592972,0.00474099,0.00355412,0.00236864
1,0.944902,0.89208,0.843166,0.798952,0.759555,0.724674,0.693808,0.666407,0.641942,0.619948,0.600025,0.581843,0.565127,0.549655,0.535241,0.521737,0.509019,0.496984,0.485548,0.474639,0.4642,0.454179,0.444535,0.435232,0.426239,0.417529,0.40908,0.400873,0.392889,0.385115,0.377536,0.370142,0.362921,0.355865,0.348967,0.342217,0.335611,0.329141,0.322803,0.316592,0.310504,0.304534,0.298679,0.292934,0.287298,0.281767,0.276339,0.27101,0.265778,0.260641,0.255597,0.250644,0.24578,0.241002,0.23631,0.231701,0.227173,0.222726,0.218357,0.214065,0.209849,0.205706,0.201637,0.197638,0.19371,0.189851,0.186059,0.182333,0.178672,0.175075,0.17154,0.168068,0.164655,0.161302,0.158006,0.154768,0.151586,0.148459,0.145385,0.142365,0.139397,0.136479,0.133611,0.130792,0.128022,0.125298,0.122621,0.119988,0.1174,0.114856,0.112354,0.109894,0.107475,0.105096,0.102756,0.100454,0.0981904,0.0959633,0.0937722,0.0916163,0.0894949,0.0874073,0.0853526,0.0833301,0.0813392,0.0793791,0.0774491,0.0755485,0.0736766,0.0718327,0.0700162,0.0682263,0.0664625,0.0647241,0.0630105,0.0613209,0.0596549,0.0580117,0.0563907,0.0547915,0.0532133,0.0516555,0.0501177,0.0485991,0.0470993,0.0456177,0.0441537,0.0427067,0.0412763,0.0398618,0.0384627,0.0370786,0.0357088,0.0343529,0.0330103,0.0316805,0.030363,0.0290573,0.0277629,0.0264793,0.025206,0.0239426,0.0226884,0.0214431,0.0202061,0.0189771,0.0177554,0.0165406,0.0153323,0.01413,0.0129332,0.0117414,0.0105542,0.00937119,0.00819179,0.0070156,0.00584215,0.00467098,0.00350164,0.00233367
1,0.936242,0.876192,0.822126,0.774772,0.733834,0.698537,0.667983,0.641328,0.617845,0.596939,0.578135,0.561054,0.545398,0.530929,0.517459,0.504837,0.49294,0.481669,0.470944,0.460698,0.450876,0.441431,0.432325,0.423525,0.415004,0.406736,0.398704,0.390887,0.383273,0.375847,0.368597,0.361515,0.35459,0.347814,0.341182,0.334686,0.328321,0.322082,0.315964,0.309963,0.304075,0.298297,0.292626,0.287058,0.281591,0.276223,0.270951,0.265772,0.260685,0.255687,0.250777,0.245953,0.241214,0.236557,0.231981,0.227484,0.223065,0.218723,0.214456,0.210262,0.206141,0.202091,0.198111,0.1942,0.190356,0.186579,0.182866,0.179217,0.175632,0.172108,0.168644,0.165241,0.161895,0.158607,0.155376,0.1522,0.149078,0.14601,0.142994,0.14003,0.137116,0.134252,0.131436,0.128668,0.125947,0.123272,0.120642,0.118057,0.115514,0.113014,0.110556,0.108138,0.10576,0.103422,0.101122,0.0988593,0.0966336,0.0944439,0.0922895,0.0901696,0.0880834,0.0860304,0.0840096,0.0820204,0.0800622,0.0781341,0.0762356,0.0743659,0.0725243,0.0707103,0.0689231,0.067162,0.0654266,0.063716,0.0620297,0.0603671,0.0587276,0.0571105,0.0555153,0.0539414,0.0523881,0.050855,0.0493414,0.0478467,0.0463705,0.0449121,0.043471,0.0420467,0.0406386,0.0392462,0.037869,0.0365064,0.035158,0.0338231,0.0325014,0.0311922,0.0298952,0.0286097,0.0273354,0.0260717,0.0248181,0.0235741,0.0223393,0.0211132,0.0198954,0.0186852,0.0174824,0.0162863,0.0150966,0.0139128,0.0127344,0.011561,0.0103921,0.0092272,0.00806594,0.00690783,0.00575241,0.00459923,0.00344786,0.00229782
1,0.923874,0.854318,0.794376,0.744178,0.702471,0.667657,0.638261,0.613077,0.59117,0.57183,0.554522,0.538842,0.524482,0.511206,0.49883,0.48721,0.476234,0.465809,0.455863,0.446334,0.437176,0.428345,0.41981,0.411541,0.403514,0.39571,0.388111,0.380701,0.373469,0.366402,0.359492,0.35273,0.346109,0.339621,0.333262,0.327025,0.320906,0.314902,0.309008,0.303221,0.297537,0.291955,0.28647,0.281082,0.275787,0.270583,0.265469,0.260443,0.255502,0.250646,0.245872,0.241179,0.236566,0.232031,0.227573,0.22319,0.218881,0.214645,0.210481,0.206388,0.202363,0.198407,0.194518,0.190695,0.186937,0.183242,0.179611,0.17604,0.172531,0.169081,0.16569,0.162356,0.159079,0.155858,0.152691,0.149578,0.146518,0.14351,0.140552,0.137645,0.134787,0.131977,0.129215,0.126499,0.123828,0.121203,0.118621,0.116083,0.113586,0.111131,0.108717,0.106343,0.104008,0.101711,0.0994512,0.0972285,0.0950417,0.0928902,0.0907732,0.08869,0.0866399,0.0846221,0.082636,0.0806808,0.0787559,0.0768606,0.0749942,0.073156,0.0713455,0.0695619,0.0678046,0.066073,0.0643665,0.0626844,0.0610262,0.0593911,0.0577787,0.0561883,0.0546194,0.0530714,0.0515436,0.0500356,0.0485468,0.0470766,0.0456245,0.0441899,0.0427723,0.0413711,0.0399859,0.0386161,0.0372612,0.0359207,0.0345941,0.0332808,0.0319804,0.0306924,0.0294162,0.0281515,0.0268977,0.0256543,0.0244208,0.0231969,0.0219819,0.0207755,0.0195772,0.0183864,0.0172028,0.016026,0.0148553,0.0136904,0.0125309,0.0113762,0.010226,0.00907978,0.00793708,0.00679748,0.00566052,0.00452577,0.00339278,0.00226112
1,0.904936,0.822831,0.756882,0.705091,0.664216,0.631359,0.604326,0.581549,0.561928,0.544688,0.529281,0.515309,0.502482,0.490582,0.479444,0.468942,0.458977,0.449471,0.440363,0.431602,0.423147,0.414965,0.407029,0.399314,0.391803,0.384479,0.377328,0.370338,0.363499,0.356802,0.35024,0.343806,0.337495,0.3313,0.325219,0.319246,0.313378,0.307613,0.301946,0.296375,0.290899,0.285515,0.28022,0.275013,0.269892,0.264855,0.259902,0.255029,0.250237,0.245523,0.240887,0.236327,0.231841,0.22743,0.22309,0.218823,0.214625,0.210497,0.206438,0.202445,0.198519,0.194657,0.19086,0.187126,0.183455,0.179844,0.176294,0.172804,0.169371,0.165997,0.162678,0.159416,0.156208,0.153054,0.149953,0.146905,0.143907,0.14096,0.138062,0.135212,0.132411,0.129656,0.126948,0.124284,0.121665,0.11909,0.116558,0.114067,0.111618,0.109209,0.10684,0.10451,0.102218,0.0999629,0.0977448,0.0955626,0.0934156,0.091303,0.0892242,0.0871784,0.085165,0.0831832,0.0812323,0.0793118,0.0774209,0.075559,0.0737254,0.0719194,0.0701405,0.0683881,0.0666614,0.0649598,0.0632828,0.0616298,0.0600002,0.0583933,0.0568086,0.0552455,0.0537034,0.0521818,0.0506801,0.0491978,0.0477343,0.0462891,0.0448616,0.0434513,0.0420577,0.0406802,0.0393184,0.0379717,0.0366396,0.0353217,0.0340174,0.0327261,0.0314476,0.0301811,0.0289264,0.0276828,0.02645,0.0252274,0.0240145,0.022811,0.0216163,0.02043,0.0192517,0.0180808,0.0169169,0.0157596,0.0146085,0.013463,0.0123227,0.0111873,0.0100562,0.00892898,0.00780527,0.0066846,0.00556652,0.00445062,0.00333645,0.00222358
1,0.873039,0.775188,0.705229,0.65509,0.617941,0.589238,0.566136,0.546866,0.530304,0.515715,0.502605,0.490633,0.479556,0.469196,0.459423,0.450136,0.441261,0.432737,0.424516,0.416563,0.408845,0.40134,0.394025,0.386885,0.379906,0.373076,0.366385,0.359824,0.353387,0.347068,0.34086,0.334761,0.328764,0.322868,0.317068,0.311363,0.305749,0.300225,0.294788,0.289437,0.28417,0.278985,0.273882,0.268858,0.263913,0.259045,0.254253,0.249536,0.244894,0.240324,0.235826,0.2314,0.227044,0.222756,0.218538,0.214386,0.210301,0.206282,0.202328,0.198437,0.194609,0.190844,0.18714,0.183496,0.179912,0.176387,0.17292,0.169509,0.166155,0.162857,0.159613,0.156422,0.153285,0.150199,0.147165,0.144181,0.141246,0.138361,0.135523,0.132733,0.129989,0.12729,0.124636,0.122027,0.11946,0.116936,0.114453,0.112012,0.10961,0.107248,0.104925,0.10264,0.100391,0.0981795,0.0960035,0.0938626,0.091756,0.089683,0.0876431,0.0856354,0.0836593,0.0817142,0.0797993,0.0779141,0.0760579,0.07423,0.0724298,0.0706567,0.0689101,0.0671893,0.0654938,0.0638229,0.0621761,0.0605527,0.0589522,0.057374,0.0558176,0.0542823,0.0527677,0.0512731,0.049798,0.0483419,0.0469043,0.0454845,0.0440822,0.0426967,0.0413276,0.0399743,0.0386364,0.0373133,0.0360045,0.0347096,0.033428,0.0321594,0.0309031,0.0296587,0.0284258,0.0272039,0.0259925,0.0247911,0.0235993,0.0224167,0.0212427,0.020077,0.0189191,0.0177684,0.0166247,0.0154875,0.0143562,0.0132305,0.01211,0.0109941,0.00988258,0.00877486,0.00767056,0.00656923,0.00547046,0.00437381,0.00327887,0.00218521
1,0.812032,0.699653,0.633758,0.592097,0.563222,0.541515,0.524115,0.509476,0.496706,0.485261,0.474791,0.465062,0.455911,0.447224,0.438914,0.430921,0.423194,0.415698,0.408404,0.401288,0.394333,0.387523,0.380848,0.374296,0.367861,0.361534,0.355312,0.349188,0.343159,0.337222,0.331374,0.325612,0.319934,0.314339,0.308824,0.303388,0.298031,0.29275,0.287545,0.282415,0.277359,0.272376,0.267465,0.262626,0.257858,0.253159,0.24853,0.24397,0.239478,0.235054,0.230696,0.226404,0.222177,0.218016,0.213918,0.209884,0.205912,0.202003,0.198154,0.194367,0.190639,0.18697,0.18336,0.179808,0.176312,0.172873,0.169489,0.16616,0.162885,0.159663,0.156494,0.153376,0.15031,0.147293,0.144327,0.141408,0.138538,0.135715,0.132939,0.130208,0.127522,0.12488,0.122282,0.119727,0.117213,0.114741,0.112309,0.109917,0.107564,0.10525,0.102973,0.100733,0.0985294,0.0963613,0.0942281,0.0921291,0.0900637,0.088031,0.0860306,0.0840617,0.0821236,0.0802158,0.0783376,0.0764883,0.0746674,0.0728741,0.071108,0.0693684,0.0676546,0.0659661,0.0643024,0.0626627,0.0610466,0.0594535,0.0578827,0.0563338,0.0548062,0.0532993,0.0518126,0.0503455,0.0488976,0.0474683,0.046057,0.0446633,0.0432866,0.0419264,0.0405823,0.0392537,0.0379401,0.0366411,0.0353561,0.0340847,0.0328264,0.0315807,0.0303472,0.0291254,0.0279147,0.0267149,0.0255254,0.0243457,0.0231754,0.0220141,0.0208613,0.0197165,0.0185794,0.0174495,0.0163264,0.0152095,0.0140986,0.0129932,0.0118927,0.0107969,0.00970533,0.00861749,0.00753299,0.00645142,0.00537236,0.00429539,0.00322008,0.00214602
1,0.675436,0.577635,0.538053,0.516317,0.501336,0.489484,0.479333,0.470217,0.461785,0.453834,0.446237,0.438913,0.431805,0.424873,0.418091,0.411438,0.404897,0.398458,0.392112,0.385853,0.379675,0.373574,0.367547,0.361592,0.355706,0.349889,0.34414,0.338457,0.33284,0.327288,0.321801,0.316379,0.311022,0.305729,0.300501,0.295337,0.290236,0.2852,0.280228,0.27532,0.270476,0.265695,0.260978,0.256324,0.251733,0.247205,0.24274,0.238337,0.233996,0.229717,0.2255,0.221343,0.217247,0.213212,0.209236,0.20532,0.201462,0.197663,0.193922,0.190238,0.18661,0.183039,0.179524,0.176063,0.172657,0.169304,0.166005,0.162758,0.159562,0.156418,0.153325,0.150281,0.147286,0.144339,0.141441,0.138589,0.135784,0.133024,0.13031,0.127639,0.125012,0.122428,0.119886,0.117386,0.114926,0.112506,0.110126,0.107784,0.105481,0.103215,0.100985,0.0987912,0.0966329,0.0945092,0.0924195,0.0903631,0.0883394,0.0863478,0.0843875,0.082458,0.0805586,0.0786887,0.0768477,0.0750351,0.07325,0.0714921,0.0697606,0.068055,0.0663747,0.0647191,0.0630877,0.0614798,0.059895,0.0583326,0.0567922,0.0552731,0.0537748,0.0522968,0.0508386,0.0493996,0.0479793,0.0465772,0.0451928,0.0438256,0.0424751,0.0411407,0.0398221,0.0385186,0.0372299,0.0359554,0.0346947,0.0334472,0.0322126,0.0309904,0.0297801,0.0285812,0.0273933,0.026216,0.0250488,0.0238912,0.0227429,0.0216033,0.0204721,0.0193487,0.0182329,0.0171241,0.0160219,0.014926,0.0138358,0.012751,0.0116711,0.0105957,0.00952447,0.00845691,0.00739263,0.00633122,0.00527227,0.00421536,0.00316009,0.00210605
0,0.312077,0.397396,0.424504,0.433781,0.436321,0.435754,0.433515,0.430273,0.426382,0.422052,0.417411,0.412548,0.407521,0.402375,0.39714,0.391842,0.386499,0.381126,0.375735,0.370337,0.36494,0.35955,0.354174,0.348817,0.343484,0.338177,0.332902,0.32766,0.322455,0.317289,0.312165,0.307083,0.302047,0.297056,0.292114,0.287221,0.282379,0.277587,0.272848,0.268162,0.263529,0.258951,0.254427,0.249959,0.245546,0.241189,0.236887,0.232642,0.228453,0.22432,0.220243,0.216223,0.212258,0.208349,0.204496,0.200698,0.196955,0.193267,0.189633,0.186053,0.182526,0.179053,0.175633,0.172265,0.168948,0.165683,0.162469,0.159304,0.156189,0.153124,0.150106,0.147137,0.144214,0.141339,0.138509,0.135724,0.132985,0.130289,0.127637,0.125028,0.12246,0.119935,0.11745,0.115005,0.1126,0.110233,0.107905,0.105615,0.103361,0.101144,0.0989618,0.0968151,0.0947027,0.092624,0.0905785,0.0885653,0.0865841,0.084634,0.0827145,0.0808251,0.078965,0.0771337,0.0753305,0.073555,0.0718065,0.0700844,0.0683881,0.0667171,0.0650709,0.0634487,0.0618502,0.0602747,0.0587217,0.0571906,0.055681,0.0541922,0.0527239,0.0512753,0.0498461,0.0484356,0.0470435,0.0456692,0.0443121,0.0429719,0.041648,0.0403399,0.0390472,0.0377694,0.036506,0.0352565,0.0340205,0.0327975,0.031587,0.0303887,0.029202,0.0280265,0.0268618,0.0257075,0.024563,0.023428,0.022302,0.0211845,0.0200753,0.0189738,0.0178796,0.0167924,0.0157116,0.0146369,0.0135679,0.0125041,0.0114451,0.0103906,0.00934009,0.00829321,0.00724954,0.00620868,0.00517023,0.00413378,0.00309893,0.00206529
0,0.175476,0.275368,0.328785,0.357983,0.374412,0.383697,0.388701,0.390977,0.39142,0.390579,0.388808,0.386346,0.383358,0.379964,0.376253,0.372291,0.36813,0.363811,0.359366,0.354821,0.350198,0.345514,0.340784,0.33602,0.331234,0.326435,0.321631,0.316828,0.312032,0.30725,0.302485,0.297742,0.293025,0.288336,0.283679,0.279056,0.27447,0.269923,0.265416,0.260951,0.25653,0.252153,0.247823,0.243539,0.239304,0.235117,0.23098,0.226892,0.222855,0.218868,0.214932,0.211047,0.207214,0.203432,0.199701,0.196021,0.192393,0.188816,0.18529,0.181815,0.17839,0.175016,0.171691,0.168416,0.16519,0.162012,0.158883,0.155802,0.152768,0.149782,0.146841,0.143947,0.141097,0.138293,0.135533,0.132816,0.130143,0.127512,0.124923,0.122375,0.119868,0.117401,0.114974,0.112585,0.110235,0.107923,0.105648,0.103409,0.101206,0.0990379,0.0969047,0.0948055,0.0927397,0.0907067,0.0887059,0.0867366,0.0847984,0.0828905,0.0810125,0.0791636,0.0773434,0.0755513,0.0737866,0.0720488,0.0703373,0.0686517,0.0669912,0.0653554,0.0637437,0.0621556,0.0605905,0.0590479,0.0575272,0.056028,0.0545497,0.0530918,0.0516538,0.0502352,0.0488354,0.047454,0.0460905,0.0447445,0.0434153,0.0421025,0.0408057,0.0395244,0.0382581,0.0370063,0.0357687,0.0345446,0.0333338,0.0321357,0.0309498,0.0297758,0.0286132,0.0274616,0.0263205,0.0251895,0.0240681,0.0229561,0.0218528,0.020758,0.0196711,0.0185919,0.0175198,0.0164544,0.0153954,0.0143424,0.0132949,0.0122525,0.0112149,0.0101816,0.00915225,0.00812643,0.00710376,0.00608384,0.00506627,0.00405066,0.00303663,0.00202376
0,0.11446,0.199815,0.257286,0.294953,0.319647,0.335919,0.346617,0.353515,0.357742,0.360037,0.360897,0.360669,0.3596,0.357871,0.355616,0.352939,0.349921,0.346623,0.343097,0.339384,0.335517,0.331523,0.327426,0.323246,0.318999,0.314699,0.310358,0.305988,0.301597,0.297194,0.292785,0.288377,0.283975,0.279585,0.27521,0.270855,0.266524,0.262218,0.257942,0.253697,0.249486,0.24531,0.241172,0.237073,0.233014,0.228997,0.225023,0.221092,0.217206,0.213365,0.20957,0.205821,0.202119,0.198463,0.194855,0.191295,0.187782,0.184316,0.180898,0.177528,0.174205,0.170929,0.1677,0.164518,0.161383,0.158294,0.155251,0.152254,0.149301,0.146394,0.143531,0.140712,0.137936,0.135204,0.132514,0.129865,0.127259,0.124693,0.122168,0.119682,0.117236,0.114829,0.11246,0.110129,0.107834,0.105577,0.103355,0.101168,0.0990162,0.0968985,0.0948144,0.0927634,0.0907448,0.088758,0.0868026,0.0848778,0.0829832,0.0811181,0.0792821,0.0774744,0.0756947,0.0739422,0.0722166,0.0705171,0.0688433,0.0671945,0.0655704,0.0639703,0.0623937,0.0608401,0.059309,0.0577998,0.056312,0.0548452,0.0533987,0.0519722,0.0505651,0.0491769,0.0478071,0.0464552,0.0451209,0.0438035,0.0425026,0.0412178,0.0399486,0.0386945,0.037455,0.0362298,0.0350183,0.0338202,0.0326349,0.0314621,0.0303012,0.029152,0.0280139,0.0268865,0.0257694,0.0246622,0.0235644,0.0224757,0.0213956,0.0203238,0.0192597,0.0182031,0.0171535,0.0161104,0.0150736,0.0140426,0.013017,0.0119965,0.0109806,0.00996887,0.00896103,0.00795666,0.00695536,0.00595675,0.00496044,0.00396605,0.0029732,0.00198149
0,0.0825492,0.152144,0.205593,0.244897,0.273304,0.293716,0.308331,0.318724,0.325997,0.33093,0.334075,0.335835,0.336503,0.336303,0.335402,0.33393,0.33199,0.329664,0.327016,0.324101,0.320962,0.317636,0.314153,0.310539,0.306816,0.303003,0.299116,0.295169,0.291175,0.287143,0.283084,0.279005,0.274914,0.270818,0.266722,0.262632,0.258552,0.254485,0.250437,0.24641,0.242406,0.23843,0.234483,0.230566,0.226683,0.222835,0.219023,0.215249,0.211513,0.207817,0.204162,0.200549,0.196977,0.193449,0.189963,0.186521,0.183123,0.179769,0.176459,0.173194,0.169973,0.166796,0.163664,0.160575,0.157531,0.154531,0.151574,0.148661,0.145791,0.142963,0.140178,0.137435,0.134733,0.132073,0.129453,0.126874,0.124335,0.121835,0.119374,0.116952,0.114567,0.11222,0.10991,0.107636,0.105398,0.103195,0.101027,0.0988934,0.0967933,0.0947264,0.0926921,0.0906897,0.0887189,0.086779,0.0848694,0.0829897,0.0811393,0.0793176,0.0775241,0.0757582,0.0740195,0.0723073,0.0706211,0.0689605,0.0673249,0.0657137,0.0641264,0.0625625,0.0610216,0.059503,0.0580064,0.0565311,0.0550767,0.0536427,0.0522286,0.0508339,0.0494581,0.0481008,0.0467615,0.0454396,0.0441348,0.0428466,0.0415745,0.0403181,0.0390769,0.0378504,0.0366383,0.03544,0.0342552,0.0330833,0.0319241,0.030777,0.0296416,0.0285175,0.0274043,0.0263016,0.0252089,0.0241259,0.0230521,0.0219871,0.0209306,0.0198821,0.0188412,0.0178076,0.0167808,0.0157605,0.0147462,0.0137377,0.0127344,0.011736,0.0107422,0.00975245,0.00876651,0.00778394,0.00680439,0.00582746,0.00485278,0.00387998,0.00290867,0.00193849
0,0.0635928,0.12062,0.168043,0.205737,0.234957,0.257309,0.27427,0.287051,0.296593,0.303609,0.308639,0.312091,0.314276,0.315436,0.315758,0.315389,0.314447,0.313026,0.311203,0.309042,0.306595,0.303906,0.301011,0.297942,0.294724,0.291382,0.287935,0.284399,0.28079,0.277121,0.273403,0.269646,0.26586,0.262052,0.25823,0.254399,0.250566,0.246735,0.242912,0.239099,0.235301,0.231521,0.227763,0.224028,0.220318,0.216637,0.212987,0.209367,0.205781,0.20223,0.198714,0.195235,0.191794,0.188392,0.185028,0.181705,0.178421,0.175179,0.171977,0.168816,0.165697,0.16262,0.159584,0.156589,0.153636,0.150725,0.147855,0.145026,0.142238,0.13949,0.136783,0.134117,0.13149,0.128902,0.126354,0.123844,0.121372,0.118939,0.116543,0.114184,0.111861,0.109575,0.107324,0.105108,0.102927,0.10078,0.0986663,0.096586,0.0945383,0.0925226,0.0905385,0.0885855,0.0866629,0.0847704,0.0829073,0.0810732,0.0792675,0.0774897,0.0757393,0.0740157,0.0723185,0.0706471,0.069001,0.0673798,0.0657828,0.0642096,0.0626597,0.0611326,0.0596278,0.0581448,0.0566831,0.0552422,0.0538217,0.052421,0.0510397,0.0496773,0.0483334,0.0470074,0.045699,0.0444076,0.0431329,0.0418743,0.0406314,0.0394038,0.038191,0.0369926,0.0358082,0.0346373,0.0334795,0.0323344,0.0312016,0.0300806,0.0289711,0.0278726,0.0267847,0.025707,0.0246391,0.0235807,0.0225312,0.0214904,0.0204578,0.0194331,0.0184158,0.0174056,0.016402,0.0154048,0.0144134,0.0134277,0.012447,0.0114712,0.0104998,0.00953244,0.00856875,0.00760836,0.00665091,0.00569602,0.00474333,0.00379247,0.00284307,0.00189477
0,0.0512018,0.0987004,0.140224,0.17505,0.20348,0.226291,0.244388,0.258619,0.269715,0.278276,0.284781,0.289613,0.293075,0.295408,0.296805,0.297421,0.297382,0.296789,0.295729,0.29427,0.292471,0.290382,0.288044,0.285492,0.282758,0.279867,0.276842,0.273702,0.270466,0.267147,0.263761,0.260317,0.256827,0.253301,0.249746,0.246169,0.242578,0.238979,0.235376,0.231774,0.228179,0.224593,0.22102,0.217463,0.213926,0.21041,0.206919,0.203453,0.200015,0.196607,0.19323,0.189885,0.186573,0.183296,0.180054,0.176849,0.17368,0.170548,0.167454,0.164398,0.161381,0.158403,0.155463,0.152562,0.149701,0.146878,0.144095,0.141351,0.138645,0.135978,0.13335,0.13076,0.128208,0.125693,0.123216,0.120776,0.118373,0.116006,0.113675,0.11138,0.10912,0.106895,0.104704,0.102546,0.100422,0.0983316,0.0962732,0.0942469,0.092252,0.0902881,0.0883548,0.0864515,0.0845778,0.0827332,0.0809171,0.0791291,0.0773686,0.0756352,0.0739284,0.0722477,0.0705925,0.0689624,0.0673569,0.0657755,0.0642177,0.0626831,0.061171,0.0596811,0.058213,0.056766,0.0553397,0.0539337,0.0525475,0.0511806,0.0498326,0.048503,0.0471913,0.0458972,0.0446201,0.0433597,0.0421154,0.0408868,0.0396736,0.0384752,0.0372913,0.0361214,0.0349652,0.0338221,0.0326917,0.0315738,0.0304678,0.0293734,0.0282901,0.0272175,0.0261553,0.0251031,0.0240604,0.0230269,0.0220022,0.0209859,0.0199776,0.018977,0.0179836,0.0169971,0.0160172,0.0150434,0.0140753,0.0131127,0.0121551,0.0112022,0.0102536,0.00930892,0.00836784,0.00742998,0.00649499,0.00556249,0.00463214,0.00370357,0.00277643,0.00185036
0,0.042514,0.082756,0.119101,0.15076,0.17762,0.199989,0.218371,0.233322,0.245373,0.254997,0.262596,0.268505,0.273003,0.276316,0.278634,0.280109,0.28087,0.281022,0.280653,0.279838,0.278638,0.277107,0.275291,0.273227,0.270949,0.268486,0.265863,0.263103,0.260224,0.257243,0.254176,0.251035,0.247832,0.244579,0.241283,0.237955,0.2346,0.231226,0.227839,0.224444,0.221047,0.217651,0.214261,0.210881,0.207513,0.20416,0.200826,0.197512,0.194221,0.190954,0.187714,0.184502,0.181319,0.178166,0.175045,0.171957,0.168901,0.16588,0.162894,0.159943,0.157027,0.154147,0.151304,0.148497,0.145727,0.142994,0.140297,0.137638,0.135015,0.132428,0.129879,0.127366,0.124889,0.122448,0.120042,0.117673,0.115338,0.113038,0.110773,0.108542,0.106345,0.104181,0.10205,0.0999521,0.0978861,0.0958519,0.093849,0.091877,0.0899355,0.0880239,0.0861419,0.0842889,0.0824645,0.0806682,0.0788996,0.0771582,0.0754435,0.073755,0.0720923,0.0704548,0.0688422,0.0672539,0.0656895,0.0641484,0.0626303,0.0611346,0.0596609,0.0582087,0.0567776,0.0553671,0.0539768,0.0526061,0.0512547,0.049922,0.0486077,0.0473113,0.0460324,0.0447705,0.0435252,0.0422961,0.0410827,0.0398846,0.0387015,0.0375328,0.0363782,0.0352372,0.0341094,0.0329945,0.0318921,0.0308017,0.0297229,0.0286554,0.0275987,0.0265525,0.0255164,0.0244899,0.0234728,0.0224647,0.0214651,0.0204737,0.0194901,0.0185139,0.0175448,0.0165825,0.0156265,0.0146765,0.0137321,0.0127929,0.0118587,0.0109291,0.0100036,0.00908199,0.00816386,0.00724887,0.00633667,0.00542691,0.00451924,0.0036133,0.00270876,0.00180526
0,0.0360981,0.0707085,0.102665,0.131268,0.156252,0.177675,0.195785,0.210924,0.223459,0.233744,0.2421,0.248809,0.254114,0.258221,0.261305,0.263512,0.264968,0.265775,0.266024,0.26579,0.265136,0.264119,0.262785,0.261175,0.259325,0.257265,0.255023,0.252622,0.250084,0.247426,0.244665,0.241815,0.238889,0.235899,0.232855,0.229766,0.226641,0.223487,0.22031,0.217118,0.213914,0.210705,0.207494,0.204286,0.201084,0.197892,0.194713,0.191549,0.188402,0.185276,0.182171,0.17909,0.176034,0.173005,0.170004,0.167032,0.16409,0.161179,0.158299,0.155452,0.152637,0.149856,0.147109,0.144396,0.141717,0.139073,0.136463,0.133888,0.131348,0.128843,0.126372,0.123936,0.121535,0.119167,0.116834,0.114535,0.112269,0.110037,0.107838,0.105671,0.103537,0.101435,0.0993653,0.0973265,0.0953188,0.0933417,0.0913947,0.0894776,0.0875898,0.085731,0.0839007,0.0820984,0.0803238,0.0785764,0.0768558,0.0751614,0.0734929,0.0718498,0.0702316,0.068638,0.0670683,0.0655223,0.0639994,0.0624991,0.0610211,0.0595649,0.05813,0.056716,0.0553224,0.0539488,0.0525948,0.0512599,0.0499437,0.0486457,0.0473656,0.0461029,0.0448571,0.0436279,0.0424148,0.0412174,0.0400353,0.0388682,0.0377154,0.0365768,0.0354519,0.0343402,0.0332414,0.0321551,0.0310809,0.0300184,0.0289672,0.027927,0.0268973,0.0258778,0.0248682,0.0238679,0.0228767,0.0218943,0.0209201,0.019954,0.0189954,0.0180441,0.0170997,0.0161618,0.0152301,0.0143042,0.0133838,0.0124685,0.011558,0.0106519,0.00974995,0.00885172,0.00795688,0.0070651,0.00617603,0.00528934,0.00440468,0.00352171,0.0026401,0.0017595
0,0.0311699,0.0613149,0.0895832,0.115394,0.138447,0.158674,0.17617,0.191131,0.203796,0.214421,0.223252,0.230518,0.236424,0.241149,0.244852,0.247668,0.249713,0.251088,0.251879,0.252162,0.251999,0.251448,0.250555,0.249364,0.24791,0.246227,0.244342,0.24228,0.240064,0.237712,0.235243,0.232671,0.23001,0.227274,0.224472,0.221615,0.218712,0.215771,0.212799,0.209802,0.206788,0.20376,0.200725,0.197686,0.194647,0.191613,0.188585,0.185568,0.182564,0.179576,0.176605,0.173654,0.170724,0.167817,0.164935,0.162078,0.159248,0.156446,0.153673,0.150929,0.148215,0.145533,0.142881,0.140261,0.137674,0.135118,0.132595,0.130105,0.127648,0.125223,0.122832,0.120473,0.118147,0.115853,0.113593,0.111364,0.109167,0.107003,0.10487,0.102769,0.100698,0.0986587,0.0966497,0.0946708,0.0927217,0.090802,0.0889115,0.0870496,0.085216,0.0834103,0.0816322,0.0798811,0.0781567,0.0764586,0.0747864,0.0731395,0.0715177,0.0699204,0.0683472,0.0667978,0.0652716,0.0637683,0.0622873,0.0608283,0.0593909,0.0579745,0.0565789,0.0552035,0.0538479,0.0525116,0.0511944,0.0498957,0.0486151,0.0473523,0.0461067,0.0448781,0.0436659,0.0424697,0.0412892,0.040124,0.0389736,0.0378377,0.0367159,0.0356077,0.0345128,0.0334309,0.0323614,0.031304,0.0302585,0.0292243,0.0282011,0.0271885,0.0261862,0.0251938,0.0242109,0.0232372,0.0222723,0.0213159,0.0203676,0.019427,0.0184938,0.0175677,0.0166482,0.0157351,0.0148281,0.0139267,0.0130306,0.0121395,0.011253,0.0103709,0.00949273,0.0086182,0.00774698,0.00687873,0.00601313,0.00514983,0.0042885,0.00342883,0.00257047,0.0017131
0,0.0272665,0.053798,0.078959,0.102278,0.123467,0.142402,0.159092,0.173632,0.186173,0.19689,0.205969,0.213587,0.219913,0.225101,0.229287,0.232594,0.235128,0.236984,0.238243,0.238978,0.239251,0.239117,0.238625,0.237815,0.236727,0.235391,0.233838,0.232094,0.23018,0.228117,0.225924,0.223616,0.221208,0.218714,0.216144,0.21351,0.210821,0.208086,0.205311,0.202506,0.199675,0.196824,0.19396,0.191085,0.188206,0.185326,0.182448,0.179576,0.176712,0.173859,0.17102,0.168197,0.165391,0.162605,0.15984,0.157098,0.154379,0.151685,0.149018,0.146377,0.143763,0.141178,0.138622,0.136095,0.133599,0.131132,0.128696,0.12629,0.123915,0.121572,0.119259,0.116978,0.114727,0.112508,0.110319,0.108162,0.106035,0.103938,0.101872,0.0998357,0.0978293,0.0958524,0.0939047,0.091986,0.0900959,0.0882341,0.0864003,0.084594,0.082815,0.081063,0.0793374,0.0776379,0.0759642,0.0743158,0.0726923,0.0710934,0.0695186,0.0679676,0.0664399,0.0649351,0.0634528,0.0619926,0.060554,0.0591367,0.0577402,0.0563642,0.0550082,0.0536718,0.0523546,0.0510562,0.0497761,0.048514,0.0472695,0.0460422,0.0448316,0.0436374,0.0424591,0.0412965,0.040149,0.0390163,0.037898,0.0367938,0.0357032,0.0346259,0.0335614,0.0325095,0.0314697,0.0304417,0.0294251,0.0284196,0.0274247,0.0264401,0.0254656,0.0245006,0.0235449,0.0225981,0.0216598,0.0207298,0.0198076,0.0188929,0.0179855,0.0170848,0.0161907,0.0153028,0.0144207,0.0135441,0.0126726,0.011806,0.0109439,0.0100861,0.00923203,0.00838153,0.00753425,0.00668985,0.00584802,0.00500843,0.00417076,0.00333469,0.0024999,0.00166606
0,0.0240981,0.0476518,0.0701768,0.0912923,0.110739,0.128377,0.144164,0.158134,0.170373,0.181,0.190145,0.197948,0.204542,0.210054,0.214602,0.218293,0.221223,0.223477,0.225133,0.226257,0.226911,0.227146,0.227011,0.226546,0.22579,0.224773,0.223527,0.222076,0.220445,0.218653,0.21672,0.214662,0.212494,0.21023,0.207882,0.205461,0.202978,0.20044,0.197857,0.195235,0.192582,0.189903,0.187204,0.184491,0.181767,0.179038,0.176306,0.173575,0.170849,0.168129,0.16542,0.162723,0.16004,0.157373,0.154724,0.152095,0.149486,0.1469,0.144336,0.141797,0.139284,0.136796,0.134334,0.1319,0.129494,0.127116,0.124766,0.122445,0.120153,0.11789,0.115656,0.113452,0.111278,0.109132,0.107016,0.10493,0.102872,0.100844,0.0988446,0.0968738,0.0949316,0.0930176,0.0911316,0.0892733,0.0874426,0.085639,0.0838622,0.082112,0.080388,0.0786898,0.0770172,0.0753697,0.073747,0.0721487,0.0705745,0.0690239,0.0674966,0.0659922,0.0645104,0.0630506,0.0616126,0.0601959,0.0588001,0.0574249,0.0560699,0.0547346,0.0534186,0.0521216,0.0508432,0.0495829,0.0483405,0.0471154,0.0459074,0.0447159,0.0435407,0.0423813,0.0412374,0.0401086,0.0389945,0.0378948,0.036809,0.0357367,0.0346778,0.0336316,0.032598,0.0315765,0.0305668,0.0295684,0.0285812,0.0276046,0.0266384,0.0256823,0.0247357,0.0237985,0.0228703,0.0219507,0.0210394,0.0201361,0.0192404,0.018352,0.0174706,0.0165958,0.0157273,0.0148648,0.014008,0.0131565,0.01231,0.0114683,0.0106309,0.00979754,0.00896795,0.0081418,0.00731876,0.00649852,0.00568077,0.00486519,0.00405148,0.00323932,0.00242841,0.00161842
0,0.0214742,0.0425343,0.0628041,0.0819752,0.0998218,0.116203,0.131052,0.144366,0.156187,0.16659,0.175666,0.183518,0.190252,0.195972,0.200775,0.204753,0.207992,0.210569,0.212553,0.214007,0.214988,0.215546,0.215727,0.21557,0.215112,0.214386,0.21342,0.21224,0.21087,0.20933,0.207641,0.205817,0.203876,0.20183,0.199693,0.197476,0.195188,0.19284,0.19044,0.187996,0.185515,0.183002,0.180465,0.177907,0.175335,0.172752,0.170163,0.167571,0.164979,0.162391,0.159808,0.157235,0.154673,0.152123,0.149589,0.147071,0.144571,0.142091,0.139632,0.137194,0.134779,0.132387,0.13002,0.127678,0.125362,0.123072,0.120808,0.118571,0.116362,0.114179,0.112025,0.109898,0.107799,0.105728,0.103685,0.101669,0.0996816,0.0977216,0.0957892,0.0938841,0.0920063,0.0901555,0.0883314,0.086534,0.0847628,0.0830177,0.0812983,0.0796045,0.0779357,0.0762919,0.0746725,0.0730774,0.0715061,0.0699583,0.0684336,0.0669318,0.0654524,0.063995,0.0625594,0.0611451,0.0597517,0.058379,0.0570264,0.0556937,0.0543804,0.0530862,0.0518107,0.0505535,0.0493142,0.0480926,0.0468881,0.0457004,0.0445292,0.043374,0.0422345,0.0411104,0.0400012,0.0389066,0.0378263,0.0367598,0.0357068,0.034667,0.03364,0.0326254,0.0316229,0.0306322,0.0296528,0.0286846,0.027727,0.0267798,0.0258426,0.0249151,0.023997,0.0230879,0.0221875,0.0212954,0.0204114,0.0195352,0.0186663,0.0178044,0.0169494,0.0161007,0.0152582,0.0144215,0.0135902,0.0127642,0.011943,0.0111263,0.0103139,0.00950545,0.00870061,0.00789909,0.0071006,0.00630481,0.00551144,0.00472018,0.00393073,0.00314278,0.00235603,0.00157019
0,0.0192646,0.038207,0.0565303,0.0739827,0.0903702,0.10556,0.119475,0.132091,0.14342,0.153506,0.16241,0.170207,0.176978,0.182806,0.187771,0.191953,0.195425,0.198254,0.200503,0.202231,0.203489,0.204324,0.20478,0.204895,0.204704,0.204239,0.203527,0.202595,0.201465,0.200159,0.198695,0.197091,0.195362,0.193523,0.191585,0.18956,0.18746,0.185293,0.183069,0.180795,0.178479,0.176127,0.173745,0.171339,0.168914,0.166474,0.164023,0.161566,0.159106,0.156646,0.154189,0.151737,0.149293,0.14686,0.144438,0.14203,0.139638,0.137263,0.134906,0.132568,0.130251,0.127955,0.125682,0.123431,0.121204,0.119002,0.116824,0.114671,0.112544,0.110442,0.108366,0.106317,0.104293,0.102296,0.100326,0.0983817,0.0964639,0.0945724,0.0927071,0.0908679,0.0890547,0.0872673,0.0855054,0.083769,0.0820577,0.0803714,0.0787097,0.0770725,0.0754594,0.0738701,0.0723044,0.0707619,0.0692424,0.0677454,0.0662707,0.0648179,0.0633867,0.0619768,0.0605878,0.0592193,0.0578709,0.0565425,0.0552335,0.0539436,0.0526725,0.0514198,0.0501851,0.0489681,0.0477684,0.0465856,0.0454195,0.0442695,0.0431355,0.042017,0.0409136,0.039825,0.0387509,0.0376909,0.0366447,0.0356118,0.034592,0.0335849,0.0325902,0.0316076,0.0306366,0.0296769,0.0287283,0.0277904,0.0268628,0.0259453,0.0250375,0.024139,0.0232496,0.0223689,0.0214966,0.0206325,0.0197761,0.0189271,0.0180853,0.0172504,0.016422,0.0155998,0.0147835,0.0139729,0.0131675,0.0123672,0.0115716,0.0107803,0.0099932,0.00920989,0.00843009,0.0076535,0.00687984,0.00610881,0.00534011,0.00457345,0.00380854,0.00304509,0.0022828,0.00152138
0,0.0173771,0.0344989,0.0511272,0.0670552,0.0821169,0.0961906,0.109199,0.121103,0.131897,0.141603,0.15026,0.157921,0.164647,0.170502,0.175552,0.179864,0.183499,0.186518,0.188976,0.190925,0.192412,0.193482,0.194175,0.194527,0.194571,0.194338,0.193855,0.193147,0.192237,0.191145,0.189891,0.188491,0.18696,0.185313,0.183563,0.181721,0.179799,0.177805,0.175748,0.173637,0.17148,0.169282,0.16705,0.16479,0.162508,0.160206,0.157891,0.155566,0.153234,0.150899,0.148564,0.146232,0.143904,0.141584,0.139274,0.136974,0.134688,0.132417,0.130161,0.127922,0.125702,0.123501,0.121321,0.119161,0.117023,0.114908,0.112815,0.110746,0.108701,0.106679,0.104682,0.10271,0.100762,0.0988393,0.0969414,0.0950685,0.0932206,0.0913977,0.0895997,0.0878265,0.0860781,0.0843542,0.0826547,0.0809795,0.0793284,0.0777011,0.0760974,0.0745171,0.0729599,0.0714255,0.0699137,0.0684242,0.0669567,0.0655109,0.0640865,0.0626831,0.0613005,0.0599383,0.0585962,0.0572739,0.055971,0.0546872,0.0534221,0.0521754,0.0509468,0.0497359,0.0485424,0.0473659,0.0462061,0.0450626,0.0439352,0.0428234,0.0417269,0.0406453,0.0395784,0.0385258,0.0374871,0.036462,0.0354502,0.0344513,0.033465,0.032491,0.0315289,0.0305785,0.0296393,0.0287111,0.0277936,0.0268863,0.0259891,0.0251015,0.0242233,0.0233542,0.0224938,0.0216419,0.020798,0.019962,0.0191335,0.0183123,0.0174979,0.0166901,0.0158887,0.0150932,0.0143035,0.0135192,0.01274,0.0119657,0.0111959,0.0104304,0.00966885,0.00891097,0.0081565,0.00740513,0.00665658,0.00591058,0.00516683,0.00442505,0.00368496,0.00294628,0.00220873,0.00147202
0,0.0157449,0.0312842,0.0464245,0.0609942,0.0748514,0.0878872,0.100026,0.111224,0.121463,0.13075,0.139108,0.146571,0.153186,0.159002,0.164073,0.168451,0.172191,0.175344,0.177958,0.18008,0.181753,0.183018,0.183911,0.184466,0.184715,0.184687,0.184408,0.183902,0.183191,0.182295,0.181233,0.180021,0.178675,0.177208,0.175634,0.173964,0.172209,0.170378,0.168482,0.166527,0.164521,0.162471,0.160384,0.158266,0.15612,0.153953,0.151769,0.149572,0.147366,0.145153,0.142937,0.140722,0.138508,0.1363,0.134099,0.131906,0.129724,0.127555,0.1254,0.123259,0.121135,0.119028,0.11694,0.11487,0.112821,0.110792,0.108784,0.106798,0.104834,0.102893,0.100974,0.0990789,0.0972066,0.0953578,0.0935326,0.091731,0.089953,0.0881987,0.0864681,0.084761,0.0830775,0.0814173,0.0797805,0.0781667,0.0765759,0.0750079,0.0734624,0.0719392,0.0704382,0.068959,0.0675014,0.0660652,0.0646501,0.0632557,0.0618819,0.0605283,0.0591945,0.0578804,0.0565856,0.0553097,0.0540525,0.0528137,0.0515929,0.0503897,0.049204,0.0480353,0.0468833,0.0457476,0.0446281,0.0435242,0.0424358,0.0413624,0.0403038,0.0392596,0.0382294,0.0372131,0.0362101,0.0352203,0.0342432,0.0332786,0.0323262,0.0313856,0.0304565,0.0295386,0.0286316,0.0277351,0.0268489,0.0259726,0.025106,0.0242488,0.0234006,0.0225611,0.02173,0.0209071,0.020092,0.0192844,0.0184841,0.0176908,0.0169041,0.0161238,0.0153496,0.0145812,0.0138183,0.0130606,0.0123079,0.0115599,0.0108162,0.0100767,0.00934098,0.00860882,0.00787994,0.00715406,0.0064309,0.00571019,0.00499166,0.00427504,0.00356004,0.0028464,0.00213385,0.00142212
0,0.0143183,0.0284688,0.0422923,0.0556457,0.0684075,0.0804808,0.0917948,0.102303,0.111982,0.120827,0.128849,0.136071,0.142525,0.148249,0.153285,0.157678,0.16147,0.164708,0.167432,0.169685,0.171504,0.172925,0.173984,0.174712,0.175137,0.175288,0.175188,0.174862,0.17433,0.173612,0.172725,0.171686,0.17051,0.169211,0.167801,0.166292,0.164695,0.163019,0.161274,0.159467,0.157606,0.155699,0.15375,0.151768,0.149755,0.147718,0.145661,0.143589,0.141504,0.13941,0.137311,0.13521,0.133108,0.131009,0.128915,0.126828,0.124749,0.12268,0.120624,0.11858,0.116551,0.114537,0.11254,0.11056,0.108598,0.106655,0.104732,0.102829,0.100946,0.0990844,0.097244,0.0954253,0.0936283,0.0918535,0.0901008,0.0883704,0.0866624,0.0849767,0.0833135,0.0816727,0.0800542,0.0784579,0.0768837,0.0753316,0.0738013,0.0722927,0.0708056,0.0693399,0.0678953,0.0664715,0.0650684,0.0636858,0.0623233,0.0609807,0.0596577,0.0583541,0.0570695,0.0558038,0.0545566,0.0533275,0.0521164,0.0509228,0.0497466,0.0485873,0.0474447,0.0463185,0.0452083,0.0441139,0.0430349,0.041971,0.0409219,0.0398873,0.0388669,0.0378603,0.0368673,0.0358874,0.0349206,0.0339663,0.0330243,0.0320943,0.031176,0.0302691,0.0293733,0.0284882,0.0276136,0.0267492,0.0258947,0.0250497,0.0242141,0.0233874,0.0225694,0.0217598,0.0209584,0.0201648,0.0193787,0.0185999,0.0178281,0.0170629,0.0163042,0.0155517,0.014805,0.0140639,0.0133281,0.0125973,0.0118714,0.0111499,0.0104326,0.00971933,0.00900972,0.00830354,0.00760052,0.00690038,0.00620288,0.00550773,0.00481468,0.00412347,0.00343382,0.00274549,0.0020582,0.0013717
0,0.0130594,0.0259803,0.0386303,0.050889,0.062652,0.0738339,0.0843692,0.094212,0.103335,0.111727,0.11939,0.126338,0.132593,0.138183,0.143142,0.147503,0.151306,0.154585,0.157379,0.159723,0.161651,0.163196,0.164389,0.16526,0.165834,0.166139,0.166196,0.166028,0.165656,0.165097,0.164369,0.163488,0.162469,0.161324,0.160067,0.158709,0.15726,0.15573,0.154128,0.152462,0.150739,0.148967,0.147152,0.145299,0.143415,0.141504,0.13957,0.137618,0.135651,0.133673,0.131688,0.129698,0.127706,0.125715,0.123726,0.121741,0.119764,0.117795,0.115835,0.113887,0.111952,0.11003,0.108123,0.106232,0.104357,0.1025,0.10066,0.0988393,0.0970375,0.0952551,0.0934927,0.0917504,0.0900286,0.0883275,0.0866473,0.0849881,0.0833499,0.081733,0.0801372,0.0785626,0.0770092,0.0754769,0.0739656,0.0724752,0.0710056,0.0695567,0.0681282,0.0667201,0.0653321,0.063964,0.0626156,0.0612868,0.0599772,0.0586866,0.0574147,0.0561614,0.0549264,0.0537093,0.0525099,0.051328,0.0501632,0.0490152,0.0478839,0.0467688,0.0456696,0.0445862,0.0435182,0.0424653,0.0414271,0.0404035,0.0393941,0.0383985,0.0374166,0.036448,0.0354923,0.0345494,0.0336189,0.0327005,0.0317939,0.0308988,0.0300149,0.029142,0.0282797,0.0274278,0.026586,0.0257539,0.0249313,0.0241179,0.0233134,0.0225176,0.0217302,0.0209508,0.0201792,0.0194152,0.0186584,0.0179087,0.0171656,0.0164289,0.0156985,0.0149739,0.014255,0.0135415,0.0128331,0.0121295,0.0114305,0.0107358,0.0100452,0.00935844,0.0086752,0.00799525,0.00731834,0.00664421,0.0059726,0.00530327,0.00463595,0.0039704,0.00330636,0.00264358,0.0019818,0.00132078
0,0.0119391,0.0237626,0.0353596,0.0466279,0.0574777,0.0678337,0.0776361,0.0868409,0.0954191,0.103355,0.110646,0.117299,0.123326,0.12875,0.133595,0.137889,0.141663,0.144948,0.147776,0.150177,0.152182,0.153819,0.155118,0.156104,0.156802,0.157237,0.157429,0.1574,0.157168,0.156751,0.156167,0.155429,0.154553,0.153551,0.152435,0.151217,0.149907,0.148513,0.147046,0.145513,0.143922,0.142279,0.140591,0.138864,0.137102,0.135312,0.133497,0.131661,0.12981,0.127945,0.12607,0.124189,0.122304,0.120418,0.118532,0.116649,0.114771,0.112899,0.111036,0.109182,0.107339,0.105509,0.103691,0.101888,0.100099,0.0983267,0.0965705,0.0948315,0.09311,0.0914066,0.0897217,0.0880557,0.0864088,0.0847813,0.0831734,0.0815852,0.080017,0.0784686,0.0769403,0.075432,0.0739438,0.0724755,0.0710272,0.0695986,0.0681899,0.0668007,0.0654311,0.0640807,0.0627495,0.0614373,0.0601439,0.0588691,0.0576126,0.0563743,0.0551539,0.0539511,0.0527658,0.0515977,0.0504464,0.0493119,0.0481937,0.0470916,0.0460054,0.0449348,0.0438794,0.0428391,0.0418135,0.0408024,0.0398054,0.0388223,0.0378528,0.0368966,0.0359535,0.0350231,0.0341052,0.0331994,0.0323055,0.0314233,0.0305523,0.0296925,0.0288433,0.0280047,0.0271763,0.0263578,0.0255489,0.0247494,0.0239591,0.0231775,0.0224046,0.0216399,0.0208832,0.0201343,0.0193929,0.0186587,0.0179315,0.017211,0.0164969,0.0157891,0.0150871,0.0143908,0.0136999,0.0130142,0.0123334,0.0116573,0.0109855,0.0103179,0.0096542,0.00899417,0.00833753,0.00768406,0.00703351,0.00638562,0.00574016,0.00509688,0.00445554,0.00381589,0.00317769,0.0025407,0.00190468,0.00126939
0,0.0109344,0.0217716,0.0324176,0.0427854,0.0527974,0.0623871,0.0715006,0.0800963,0.0881452,0.0956296,0.102542,0.108884,0.114663,0.119895,0.124598,0.128795,0.13251,0.135769,0.1386,0.141027,0.143079,0.144782,0.146159,0.147236,0.148034,0.148577,0.148884,0.148974,0.148865,0.148575,0.148118,0.14751,0.146763,0.145892,0.144906,0.143818,0.142636,0.141371,0.140031,0.138624,0.137157,0.135637,0.13407,0.132462,0.130819,0.129145,0.127445,0.125722,0.123982,0.122227,0.12046,0.118685,0.116904,0.11512,0.113336,0.111552,0.109772,0.107996,0.106228,0.104467,0.102716,0.100975,0.0992458,0.0975293,0.0958264,0.0941379,0.0924643,0.0908065,0.089165,0.0875401,0.0859325,0.0843424,0.0827702,0.0812161,0.0796803,0.0781631,0.0766646,0.0751849,0.073724,0.072282,0.0708589,0.0694548,0.0680694,0.0667029,0.0653551,0.0640259,0.0627151,0.0614228,0.0601486,0.0588925,0.0576542,0.0564336,0.0552305,0.0540446,0.0528759,0.0517239,0.0505886,0.0494696,0.0483668,0.0472799,0.0462086,0.0451527,0.0441119,0.043086,0.0420747,0.0410777,0.0400949,0.0391258,0.0381703,0.037228,0.0362987,0.0353822,0.0344781,0.0335863,0.0327063,0.031838,0.030981,0.0301352,0.0293002,0.0284758,0.0276617,0.0268576,0.0260632,0.0252784,0.0245028,0.0237362,0.0229784,0.0222289,0.0214877,0.0207544,0.0200288,0.0193107,0.0185997,0.0178956,0.0171982,0.0165072,0.0158224,0.0151435,0.0144703,0.0138025,0.0131399,0.0124823,0.0118293,0.0111808,0.0105365,0.00989624,0.00925969,0.00862664,0.00799685,0.00737009,0.00674613,0.00612472,0.00550564,0.00488865,0.00427351,0.00366,0.00304787,0.00243691,0.00182687,0.00121753
0,0.0100271,0.0199716,0.0297537,0.0392988,0.0485393,0.057417,0.0658829,0.0738987,0.0814359,0.0884759,0.0950084,0.101031,0.106548,0.111569,0.116109,0.120183,0.123813,0.12702,0.129826,0.132254,0.134327,0.136069,0.137501,0.138646,0.139523,0.140153,0.140555,0.140747,0.140744,0.140564,0.140221,0.139728,0.139099,0.138346,0.13748,0.136511,0.13545,0.134304,0.133083,0.131794,0.130445,0.129042,0.12759,0.126097,0.124567,0.123005,0.121415,0.119802,0.118169,0.11652,0.114858,0.113187,0.111508,0.109824,0.108139,0.106453,0.104768,0.103088,0.101412,0.0997429,0.0980818,0.0964299,0.0947882,0.0931579,0.0915397,0.0899345,0.088343,0.0867659,0.0852037,0.083657,0.0821262,0.0806118,0.0791139,0.077633,0.0761693,0.0747229,0.073294,0.0718828,0.0704893,0.0691136,0.0677558,0.0664157,0.0650935,0.063789,0.0625023,0.0612331,0.0599814,0.0587472,0.0575302,0.0563303,0.0551473,0.0539812,0.0528316,0.0516985,0.0505816,0.0494807,0.0483956,0.047326,0.0462718,0.0452328,0.0442086,0.0431991,0.042204,0.0412231,0.0402561,0.0393028,0.0383629,0.0374361,0.0365223,0.0356212,0.0347324,0.0338558,0.032991,0.0321379,0.0312962,0.0304656,0.0296459,0.0288367,0.0280379,0.0272492,0.0264703,0.0257011,0.0249411,0.0241902,0.0234482,0.0227147,0.0219896,0.0212725,0.0205633,0.0198616,0.0191673,0.0184801,0.0177998,0.0171261,0.0164587,0.0157975,0.0151422,0.0144925,0.0138483,0.0132092,0.0125752,0.0119458,0.0113209,0.0107003,0.0100838,0.00947102,0.00886183,0.00825599,0.00765328,0.00705346,0.00645631,0.0058616,0.00526912,0.00467864,0.00408993,0.00350278,0.00291695,0.00233223,0.0017484,0.00116523
0,0.00920233,0.0183341,0.027327,0.0361166,0.0446443,0.0528585,0.0607154,0.0681796,0.0752241,0.0818296,0.0879846,0.0936842,0.0989293,0.103726,0.108084,0.112016,0.11554,0.118671,0.12143,0.123835,0.125907,0.127666,0.129132,0.130323,0.131259,0.131958,0.132438,0.132714,0.132802,0.132717,0.132473,0.132084,0.13156,0.130914,0.130157,0.129298,0.128348,0.127313,0.126204,0.125026,0.123788,0.122495,0.121153,0.119769,0.118347,0.116893,0.115409,0.113901,0.112373,0.110827,0.109267,0.107696,0.106116,0.104531,0.102942,0.101352,0.0997618,0.098174,0.09659,0.0950114,0.0934393,0.0918751,0.0903199,0.0887747,0.0872404,0.0857179,0.0842078,0.0827108,0.0812275,0.0797585,0.0783042,0.076865,0.0754413,0.0740333,0.0726414,0.0712656,0.0699063,0.0685635,0.0672374,0.065928,0.0646353,0.0633594,0.0621003,0.060858,0.0596324,0.0584233,0.0572309,0.0560549,0.0548952,0.0537517,0.0526242,0.0515127,0.0504169,0.0493366,0.0482718,0.0472221,0.0461874,0.0451675,0.0441622,0.0431713,0.0421945,0.0412317,0.0402825,0.0393468,0.0384244,0.0375149,0.0366182,0.0357341,0.0348622,0.0340024,0.0331543,0.0323179,0.0314927,0.0306787,0.0298754,0.0290828,0.0283005,0.0275283,0.0267659,0.0260132,0.0252698,0.0245356,0.0238103,0.0230936,0.0223853,0.0216852,0.020993,0.0203086,0.0196316,0.0189618,0.018299,0.017643,0.0169936,0.0163504,0.0157134,0.0150821,0.0144565,0.0138363,0.0132213,0.0126112,0.0120059,0.0114051,0.0108085,0.010216,0.00962739,0.00904237,0.00846077,0.00788237,0.00730694,0.00673427,0.00616415,0.00559637,0.0050307,0.00446694,0.00390487,0.00334429,0.00278497,0.00222671,0.00166929,0.00111251
0,0.00844809,0.0168356,0.0251036,0.0331964,0.0410629,0.0486574,0.0559407,0.0628805,0.0694512,0.075634,0.0814164,0.0867919,0.091759,0.0963208,0.100484,0.104259,0.107658,0.110696,0.113387,0.11575,0.1178,0.119557,0.121036,0.122256,0.123233,0.123984,0.124524,0.124869,0.125033,0.12503,0.124872,0.124573,0.124143,0.123594,0.122936,0.122178,0.121329,0.120398,0.119392,0.118319,0.117185,0.115996,0.11476,0.113479,0.112161,0.110809,0.109428,0.108022,0.106594,0.105148,0.103687,0.102214,0.100732,0.0992421,0.0977479,0.0962511,0.0947536,0.0932571,0.0917633,0.0902736,0.0887894,0.0873119,0.0858421,0.0843812,0.08293,0.0814893,0.0800599,0.0786425,0.0772376,0.0758458,0.0744676,0.0731033,0.0717534,0.0704181,0.0690977,0.0677925,0.0665026,0.0652281,0.0639692,0.062726,0.0614986,0.0602869,0.0590909,0.0579108,0.0567463,0.0555975,0.0544644,0.0533467,0.0522445,0.0511575,0.0500857,0.0490289,0.0479871,0.0469599,0.0459473,0.044949,0.043965,0.042995,0.0420388,0.0410962,0.040167,0.039251,0.0383479,0.0374577,0.03658,0.0357147,0.0348615,0.0340201,0.0331904,0.0323722,0.0315652,0.0307691,0.0299838,0.029209,0.0284445,0.02769,0.0269454,0.0262104,0.0254847,0.0247682,0.0240605,0.0233616,0.0226711,0.0219888,0.0213145,0.020648,0.0199891,0.0193374,0.0186929,0.0180553,0.0174242,0.0167997,0.0161813,0.015569,0.0149624,0.0143614,0.0137657,0.0131752,0.0125896,0.0120087,0.0114323,0.0108602,0.0102922,0.00972803,0.00916753,0.00861048,0.00805667,0.0075059,0.00695797,0.00641266,0.00586977,0.00532911,0.00479046,0.00425363,0.00371841,0.00318459,0.00265198,0.00212038,0.00158958,0.00105939
0,0.00775443,0.0154566,0.0230554,0.0305026,0.0377534,0.0447674,0.0515096,0.0579505,0.0640663,0.0698388,0.0752553,0.0803081,0.0849942,0.0893144,0.0932732,0.096878,0.100138,0.103066,0.105674,0.107977,0.109988,0.111724,0.1132,0.114432,0.115433,0.11622,0.116806,0.117205,0.117431,0.117496,0.117413,0.117193,0.116846,0.116384,0.115815,0.115149,0.114394,0.113558,0.112648,0.111673,0.110637,0.109547,0.108409,0.107228,0.106009,0.104756,0.103473,0.102165,0.100834,0.0994848,0.0981199,0.096742,0.095354,0.0939581,0.0925566,0.0911515,0.0897447,0.088338,0.0869329,0.0855309,0.0841333,0.0827412,0.0813559,0.0799784,0.0786094,0.0772499,0.0759006,0.0745621,0.0732351,0.0719201,0.0706175,0.0693278,0.0680514,0.0667885,0.0655395,0.0643045,0.0630838,0.0618776,0.0606859,0.0595089,0.0583465,0.057199,0.0560663,0.0549483,0.0538451,0.0527566,0.0516828,0.0506236,0.0495789,0.0485486,0.0475326,0.0465308,0.045543,0.0445691,0.0436089,0.0426623,0.041729,0.040809,0.0399021,0.039008,0.0381266,0.0372577,0.0364011,0.0355565,0.0347238,0.0339028,0.0330932,0.0322949,0.0315077,0.0307312,0.0299654,0.02921,0.0284647,0.0277294,0.0270038,0.0262878,0.0255811,0.0248834,0.0241947,0.0235146,0.0228429,0.0221795,0.021524,0.0208764,0.0202364,0.0196037,0.0189781,0.0183595,0.0177477,0.0171423,0.0165433,0.0159504,0.0153633,0.014782,0.0142061,0.0136355,0.01307,0.0125094,0.0119534,0.0114019,0.0108547,0.0103115,0.00977219,0.00923655,0.00870438,0.00817548,0.00764967,0.00712673,0.00660649,0.00608873,0.00557328,0.00505993,0.00454849,0.00403878,0.00353059,0.00302374,0.00251804,0.00201329,0.0015093,0.00100588
0,0.00711307,0.0141808,0.021159,0.0280054,0.0346807,0.0411493,0.04738,0.0533458,0.0590248,0.0643997,0.0694579,0.0741912,0.0785953,0.0826695,0.0864164,0.0898413,0.0929514,0.0957563,0.0982666,0.100494,0.102452,0.104152,0.10561,0.106837,0.107848,0.108656,0.109274,0.109715,0.10999,0.110112,0.110091,0.109939,0.109665,0.10928,0.108791,0.108208,0.107539,0.106791,0.105971,0.105087,0.104143,0.103147,0.102102,0.101015,0.0998904,0.0987318,0.0975436,0.0963296,0.0950932,0.0938376,0.0925658,0.0912807,0.0899846,0.0886801,0.0873692,0.086054,0.0847362,0.0834177,0.0820998,0.0807842,0.0794719,0.0781643,0.0768625,0.0755674,0.0742798,0.0730007,0.0717308,0.0704707,0.069221,0.0679823,0.0667549,0.0655395,0.0643362,0.0631455,0.0619676,0.0608027,0.0596511,0.058513,0.0573884,0.0562774,0.0551802,0.0540968,0.0530272,0.0519715,0.0509296,0.0499015,0.0488872,0.0478865,0.0468995,0.0459259,0.0449658,0.0440191,0.0430855,0.0421649,0.0412573,0.0403625,0.0394803,0.0386105,0.037753,0.0369077,0.0360743,0.0352526,0.0344425,0.0336438,0.0328563,0.0320799,0.0313142,0.0305591,0.0298145,0.02908,0.0283556,0.027641,0.026936,0.0262404,0.025554,0.0248766,0.024208,0.023548,0.0228964,0.0222529,0.0216174,0.0209897,0.0203695,0.0197567,0.0191511,0.0185524,0.0179605,0.0173752,0.0167962,0.0162234,0.0156565,0.0150954,0.0145399,0.0139898,0.0134448,0.0129048,0.0123697,0.0118391,0.0113129,0.010791,0.0102731,0.00975907,0.00924867,0.00874174,0.0082381,0.00773755,0.00723991,0.006745,0.00625263,0.00576261,0.00527477,0.00478892,0.00430488,0.00382247,0.00334151,0.0028618,0.00238318,0.00190546,0.00142847,0.000952011
0,0.00651703,0.0129947,0.0193943,0.0256792,0.0318147,0.0377693,0.0435152,0.0490279,0.0542874,0.0592773,0.0639855,0.0684035,0.0725263,0.0763521,0.0798819,0.0831193,0.08607,0.0887412,0.091142,0.0932821,0.0951723,0.096824,0.098249,0.0994592,0.100467,0.101283,0.10192,0.10239,0.102703,0.10287,0.102902,0.102807,0.102597,0.102279,0.101862,0.101355,0.100764,0.100096,0.0993599,0.0985601,0.097703,0.0967941,0.0958385,0.094841,0.0938061,0.092738,0.0916406,0.0905174,0.0893718,0.0882069,0.0870256,0.0858305,0.0846242,0.0834088,0.0821866,0.0809594,0.0797289,0.078497,0.077265,0.0760344,0.0748064,0.0735821,0.0723627,0.0711491,0.0699422,0.0687428,0.0675516,0.0663693,0.0651964,0.0640335,0.062881,0.0617393,0.0606089,0.0594901,0.0583831,0.0572881,0.0562054,0.0551352,0.0540776,0.0530327,0.0520005,0.0509812,0.0499748,0.0489813,0.0480008,0.0470331,0.0460782,0.0451362,0.0442069,0.0432902,0.0423862,0.0414946,0.0406153,0.0397483,0.0388934,0.0380505,0.0372195,0.0364001,0.0355922,0.0347958,0.0340105,0.0332363,0.032473,0.0317203,0.0309782,0.0302465,0.0295249,0.0288133,0.0281114,0.0274192,0.0267364,0.0260628,0.0253983,0.0247426,0.0240956,0.023457,0.0228267,0.0222045,0.0215902,0.0209835,0.0203844,0.0197926,0.0192079,0.0186302,0.0180592,0.0174947,0.0169366,0.0163847,0.0158388,0.0152987,0.0147642,0.0142351,0.0137113,0.0131926,0.0126787,0.0121696,0.0116649,0.0111646,0.0106684,0.0101763,0.0096879,0.00920315,0.00872185,0.00824381,0.00776887,0.00729684,0.00682756,0.00636084,0.00589652,0.00543442,0.00497437,0.00451619,0.00405972,0.00360479,0.00315121,0.00269883,0.00224747,0.00179695,0.00134712,0.000897797
0,0.00596041,0.0118865,0.0177446,0.0235024,0.0291295,0.0345982,0.0398835,0.0449634,0.0498195,0.0544368,0.0588035,0.0629112,0.0667544,0.0703307,0.0736399,0.0766843,0.079468,0.0819969,0.0842781,0.0863199,0.0881315,0.0897226,0.0911034,0.0922844,0.0932762,0.0940894,0.0947346,0.0952221,0.095562,0.095764,0.0958377,0.095792,0.0956358,0.0953773,0.0950243,0.0945844,0.0940646,0.0934717,0.0928118,0.092091,0.0913148,0.0904885,0.0896167,0.0887043,0.0877553,0.0867739,0.0857636,0.0847279,0.08367,0.0825929,0.0814994,0.080392,0.0792731,0.0781449,0.0770093,0.0758683,0.0747236,0.0735767,0.0724292,0.0712823,0.0701374,0.0689954,0.0678575,0.0667246,0.0655976,0.0644771,0.063364,0.0622588,0.0611622,0.0600746,0.0589966,0.0579284,0.0568705,0.0558233,0.0547869,0.0537616,0.0527477,0.0517453,0.0507545,0.0497755,0.0488084,0.0478532,0.0469099,0.0459787,0.0450594,0.0441522,0.0432569,0.0423735,0.0415021,0.0406424,0.0397944,0.0389581,0.0381333,0.03732,0.036518,0.0357271,0.0349474,0.0341785,0.0334205,0.032673,0.0319361,0.0312095,0.0304931,0.0297867,0.0290902,0.0284033,0.027726,0.027058,0.0263991,0.0257493,0.0251083,0.024476,0.0238521,0.0232365,0.022629,0.0220294,0.0214376,0.0208534,0.0202766,0.019707,0.0191444,0.0185887,0.0180397,0.0174972,0.016961,0.0164309,0.0159068,0.0153885,0.0148759,0.0143686,0.0138667,0.0133698,0.0128779,0.0123907,0.0119081,0.0114299,0.010956,0.0104861,0.0100201,0.0095579,0.00909922,0.00864395,0.0081919,0.00774292,0.00729685,0.00685351,0.00641275,0.0059744,0.00553829,0.00510427,0.00467217,0.00424184,0.0038131,0.0033858,0.00295978,0.00253488,0.00211094,0.0016878,0.00126529,0.00084326
0,0.00543814,0.0108463,0.0161951,0.0214562,0.0266029,0.0316107,0.0364571,0.0411227,0.0455906,0.0498469,0.0538806,0.0576834,0.0612497,0.0645764,0.0676628,0.07051,0.073121,0.0755004,0.0776538,0.0795882,0.0813114,0.0828316,0.0841577,0.0852989,0.0862645,0.087064,0.0877067,0.088202,0.088559,0.0887866,0.0888933,0.0888876,0.0887773,0.0885703,0.0882736,0.0878943,0.0874391,0.086914,0.086325,0.0856776,0.0849772,0.0842284,0.0834361,0.0826044,0.0817374,0.0808388,0.0799122,0.0789609,0.0779878,0.0769958,0.0759875,0.0749654,0.0739317,0.0728885,0.0718378,0.0707813,0.0697207,0.0686575,0.0675931,0.0665288,0.0654657,0.0644051,0.0633477,0.0622946,0.0612466,0.0602045,0.0591688,0.0581402,0.0571194,0.0561067,0.0551026,0.0541076,0.0531219,0.052146,0.05118,0.0502242,0.0492789,0.0483441,0.0474201,0.0465069,0.0456047,0.0447135,0.0438334,0.0429644,0.0421065,0.0412597,0.040424,0.0395994,0.0387858,0.0379832,0.0371914,0.0364105,0.0356403,0.0348807,0.0341317,0.033393,0.0326647,0.0319465,0.0312384,0.0305402,0.0298517,0.0291729,0.0285036,0.0278436,0.0271928,0.026551,0.025918,0.0252938,0.0246782,0.0240709,0.0234719,0.0228809,0.0222979,0.0217225,0.0211548,0.0205944,0.0200413,0.0194952,0.0189561,0.0184237,0.0178978,0.0173784,0.0168652,0.0163581,0.0158568,0.0153614,0.0148715,0.014387,0.0139077,0.0134335,0.0129643,0.0124998,0.0120399,0.0115845,0.0111333,0.0106863,0.0102432,0.00980391,0.00936827,0.00893612,0.0085073,0.00808165,0.00765903,0.00723927,0.00682222,0.00640773,0.00599564,0.00558581,0.00517807,0.00477229,0.0043683,0.00396595,0.00356511,0.0031656,0.00276729,0.00237003,0.00197366,0.00157803,0.001183,0.000788419
0,0.00494585,0.00986552,0.0147333,0.0195244,0.0242153,0.0287844,0.0332117,0.0374798,0.0415734,0.0454798,0.0491886,0.0526921,0.0559845,0.0590627,0.061925,0.0645721,0.0670058,0.0692298,0.0712486,0.073068,0.0746943,0.0761348,0.077397,0.0784891,0.0794191,0.0801954,0.0808264,0.0813205,0.0816857,0.0819302,0.0820617,0.0820879,0.082016,0.081853,0.0816058,0.0812806,0.0808835,0.0804204,0.0798967,0.0793176,0.078688,0.0780123,0.077295,0.0765401,0.0757513,0.0749321,0.074086,0.0732159,0.0723247,0.0714152,0.0704897,0.0695506,0.0686001,0.06764,0.0666723,0.0656987,0.0647207,0.0637398,0.0627572,0.0617743,0.0607921,0.0598117,0.058834,0.0578599,0.0568902,0.0559256,0.0549668,0.0540143,0.0530687,0.0521304,0.0512,0.0502777,0.0493639,0.048459,0.0475632,0.0466767,0.0457998,0.0449325,0.0440751,0.0432277,0.0423904,0.0415631,0.0407461,0.0399393,0.0391428,0.0383565,0.0375805,0.0368146,0.036059,0.0353134,0.034578,0.0338525,0.033137,0.0324313,0.0317353,0.031049,0.0303722,0.0297048,0.0290468,0.0283979,0.0277581,0.0271271,0.026505,0.0258916,0.0252866,0.0246901,0.0241017,0.0235215,0.0229491,0.0223846,0.0218277,0.0212783,0.0207362,0.0202013,0.0196734,0.0191524,0.0186381,0.0181304,0.0176291,0.0171341,0.0166451,0.0161621,0.0156849,0.0152133,0.0147472,0.0142865,0.0138309,0.0133804,0.0129347,0.0124937,0.0120574,0.0116254,0.0111977,0.0107742,0.0103546,0.00993883,0.00952676,0.00911822,0.00871307,0.00831115,0.00791234,0.00751647,0.00712342,0.00673302,0.00634515,0.00595965,0.00557639,0.00519522,0.004816,0.00443859,0.00406285,0.00368865,0.00331583,0.00294426,0.0025738,0.00220431,0.00183566,0.0014677,0.00110029,0.000733294
0,0.00447974,0.00893664,0.0133482,0.0176928,0.0219497,0.0260998,0.0301256,0.0340114,0.0377435,0.0413102,0.0447021,0.0479118,0.0509339,0.0537647,0.0564026,0.0588475,0.0611006,0.0631645,0.0650431,0.0667408,0.0682632,0.0696164,0.0708068,0.0718415,0.0727275,0.0734723,0.0740833,0.0745679,0.0749333,0.0751869,0.0753356,0.0753864,0.0753458,0.0752203,0.075016,0.0747388,0.0743943,0.0739877,0.0735242,0.0730084,0.072445,0.0718381,0.0711918,0.0705099,0.0697957,0.0690527,0.0682839,0.0674922,0.0666804,0.0658508,0.0650058,0.0641476,0.0632782,0.0623995,0.0615132,0.0606208,0.059724,0.0588239,0.057922,0.0570193,0.056117,0.0552159,0.054317,0.0534211,0.052529,0.0516414,0.0507588,0.0498818,0.0490109,0.0481467,0.0472895,0.0464396,0.0455975,0.0447633,0.0439374,0.04312,0.0423113,0.0415114,0.0407206,0.0399388,0.0391662,0.0384029,0.0376489,0.0369044,0.0361692,0.0354434,0.034727,0.03402,0.0333223,0.032634,0.0319549,0.0312849,0.0306242,0.0299724,0.0293296,0.0286957,0.0280706,0.0274542,0.0268463,0.0262468,0.0256558,0.0250729,0.0244981,0.0239314,0.0233724,0.0228212,0.0222776,0.0217414,0.0212126,0.0206909,0.0201763,0.0196686,0.0191676,0.0186733,0.0181855,0.017704,0.0172287,0.0167595,0.0162961,0.0158386,0.0153867,0.0149403,0.0144992,0.0140633,0.0136325,0.0132066,0.0127855,0.0123691,0.0119571,0.0115495,0.0111462,0.0107469,0.0103516,0.00996003,0.00957218,0.00918786,0.00880694,0.00842929,0.00805476,0.00768323,0.00731456,0.00694861,0.00658526,0.00622437,0.00586581,0.00550944,0.00515513,0.00480276,0.0044522,0.0041033,0.00375595,0.00341001,0.00306536,0.00272186,0.00237939,0.00203781,0.001697,0.00135683,0.00101718,0.000677905
0,0.0040365,0.00805308,0.0120302,0.0159488,0.0197909,0.0235397,0.0271796,0.0306967,0.0340789,0.0373155,0.040398,0.0433193,0.0460745,0.0486598,0.0510734,0.0533147,0.0553845,0.0572848,0.0590184,0.0605891,0.0620015,0.0632608,0.0643725,0.0653426,0.0661774,0.0668833,0.0674668,0.0679345,0.068293,0.0685486,0.0687076,0.0687764,0.0687608,0.0686666,0.0684995,0.0682646,0.0679672,0.0676122,0.067204,0.0667471,0.0662457,0.0657036,0.0651246,0.0645121,0.0638693,0.0631993,0.062505,0.0617891,0.0610539,0.060302,0.0595353,0.058756,0.0579659,0.0571668,0.0563602,0.0555477,0.0547307,0.0539103,0.0530878,0.0522643,0.0514408,0.0506182,0.0497973,0.0489789,0.0481637,0.0473523,0.0465454,0.0457435,0.0449469,0.0441563,0.0433719,0.0425941,0.0418233,0.0410597,0.0403035,0.039555,0.0388143,0.0380817,0.0373572,0.036641,0.0359331,0.0352337,0.0345427,0.0338603,0.0331865,0.0325212,0.0318645,0.0312163,0.0305767,0.0299455,0.0293228,0.0287085,0.0281026,0.0275049,0.0269154,0.026334,0.0257606,0.0251952,0.0246376,0.0240878,0.0235455,0.0230108,0.0224836,0.0219636,0.0214508,0.0209451,0.0204463,0.0199544,0.0194691,0.0189905,0.0185183,0.0180524,0.0175927,0.0171391,0.0166914,0.0162496,0.0158134,0.0153828,0.0149576,0.0145377,0.014123,0.0137133,0.0133085,0.0129084,0.0125131,0.0121222,0.0117357,0.0113535,0.0109754,0.0106013,0.0102311,0.0098646,0.00950175,0.00914239,0.00878639,0.00843364,0.00808401,0.00773737,0.0073936,0.00705258,0.00671418,0.00637828,0.00604476,0.0057135,0.00538437,0.00505725,0.00473204,0.00440859,0.0040868,0.00376654,0.0034477,0.00313016,0.00281379,0.00249848,0.00218412,0.00187057,0.00155773,0.00124548,0.000933701,0.000622272
0,0.00361317,0.00720904,0.0107706,0.0142813,0.0177255,0.0210884,0.0243564,0.0275171,0.0305598,0.033475,0.0362549,0.0388932,0.0413849,0.0437267,0.0459165,0.0479536,0.0498382,0.0515718,0.0531566,0.0545958,0.0558931,0.0570529,0.0580798,0.0589791,0.0597562,0.0604167,0.0609662,0.0614106,0.0617556,0.0620069,0.0621702,0.0622509,0.0622545,0.0621861,0.0620507,0.0618532,0.0615981,0.0612899,0.0609327,0.0605306,0.0600872,0.0596063,0.059091,0.0585447,0.0579703,0.0573705,0.056748,0.0561053,0.0554446,0.0547681,0.0540778,0.0533755,0.052663,0.0519418,0.0512135,0.0504794,0.0497409,0.048999,0.0482549,0.0475096,0.0467641,0.046019,0.0452753,0.0445337,0.0437948,0.0430592,0.0423274,0.0416,0.0408773,0.0401599,0.039448,0.038742,0.0380422,0.0373488,0.0366622,0.0359824,0.0353096,0.034644,0.0339858,0.0333351,0.0326918,0.0320562,0.0314282,0.030808,0.0301955,0.0295907,0.0289937,0.0284044,0.0278228,0.0272489,0.0266827,0.0261241,0.025573,0.0250294,0.0244933,0.0239645,0.023443,0.0229287,0.0224215,0.0219213,0.021428,0.0209416,0.0204619,0.0199889,0.0195223,0.0190622,0.0186084,0.0181608,0.0177193,0.0172838,0.0168541,0.0164302,0.0160119,0.0155992,0.0151918,0.0147897,0.0143928,0.0140009,0.013614,0.0132319,0.0128544,0.0124816,0.0121132,0.0117491,0.0113893,0.0110336,0.0106818,0.0103339,0.00998983,0.00964936,0.0093124,0.00897885,0.0086486,0.00832152,0.00799751,0.00767645,0.00735822,0.00704271,0.00672982,0.00641942,0.00611141,0.00580567,0.0055021,0.00520058,0.00490101,0.00460327,0.00430725,0.00401284,0.00371994,0.00342843,0.00313822,0.00284918,0.00256121,0.00227421,0.00198806,0.00170266,0.00141791,0.00113368,0.000849889,0.000566415
0,0.00320713,0.00639932,0.00956186,0.0126805,0.0157415,0.0187321,0.0216404,0.0244557,0.0271683,0.02977,0.0322536,0.0346136,0.0368453,0.0389456,0.0409125,0.0427449,0.044443,0.0460076,0.0474407,0.0487445,0.0499224,0.0509779,0.0519149,0.0527381,0.0534518,0.0540611,0.0545709,0.0549862,0.055312,0.0555535,0.0557154,0.0558028,0.0558204,0.0557727,0.0556643,0.0554994,0.0552823,0.0550167,0.0547066,0.0543554,0.0539666,0.0535434,0.0530888,0.0526057,0.0520967,0.0515645,0.0510114,0.0504397,0.0498513,0.0492483,0.0486324,0.0480054,0.0473689,0.0467242,0.0460728,0.0454159,0.0447547,0.0440902,0.0434235,0.0427555,0.042087,0.0414188,0.0407516,0.0400861,0.0394228,0.0387624,0.0381053,0.0374519,0.0368028,0.0361582,0.0355185,0.034884,0.0342549,0.0336316,0.0330142,0.0324029,0.0317979,0.0311993,0.0306073,0.0300219,0.0294432,0.0288713,0.0283063,0.0277482,0.027197,0.0266527,0.0261154,0.025585,0.0250615,0.0245449,0.0240352,0.0235323,0.0230362,0.0225468,0.0220641,0.021588,0.0211184,0.0206553,0.0201986,0.0197481,0.019304,0.0188659,0.0184339,0.0180079,0.0175877,0.0171733,0.0167646,0.0163614,0.0159638,0.0155715,0.0151845,0.0148026,0.0144258,0.014054,0.0136871,0.0133249,0.0129673,0.0126143,0.0122658,0.0119215,0.0115815,0.0112456,0.0109137,0.0105858,0.0102616,0.0099411,0.00962421,0.00931081,0.00900079,0.00869404,0.00839046,0.00808996,0.00779241,0.00749773,0.0072058,0.00691654,0.00662982,0.00634556,0.00606365,0.00578398,0.00550647,0.005231,0.00495749,0.00468582,0.0044159,0.00414763,0.00388092,0.00361565,0.00335175,0.00308909,0.0028276,0.00256718,0.00230771,0.00204912,0.00179129,0.00153414,0.00127757,0.00102148,0.000765772,0.000510354
0,0.00281603,0.00561926,0.00839707,0.0111372,0.0138279,0.0164581,0.0190175,0.0214969,0.0238878,0.0261829,0.0283761,0.0304622,0.0324372,0.0342981,0.036043,0.0376707,0.0391812,0.0405752,0.0418539,0.0430194,0.0440742,0.0450213,0.0458641,0.0466064,0.0472521,0.0478052,0.0482702,0.0486514,0.048953,0.0491796,0.0493354,0.0494246,0.0494515,0.0494202,0.0493344,0.0491982,0.049015,0.0487883,0.0485216,0.048218,0.0478805,0.047512,0.0471152,0.0466926,0.0462467,0.0457797,0.0452937,0.0447908,0.0442728,0.0437415,0.0431984,0.0426451,0.042083,0.0415135,0.0409377,0.0403569,0.0397719,0.0391839,0.0385936,0.038002,0.0374098,0.0368177,0.0362264,0.0356364,0.0350482,0.0344625,0.0338796,0.0332999,0.0327239,0.0321518,0.031584,0.0310207,0.0304622,0.0299087,0.0293604,0.0288175,0.0282801,0.0277483,0.0272223,0.0267022,0.026188,0.0256798,0.0251777,0.0246817,0.0241918,0.023708,0.0232304,0.0227589,0.0222935,0.0218343,0.0213811,0.020934,0.0204929,0.0200578,0.0196285,0.0192051,0.0187876,0.0183757,0.0179696,0.017569,0.0171739,0.0167844,0.0164001,0.0160212,0.0156475,0.0152789,0.0149154,0.0145568,0.014203,0.0138541,0.0135098,0.0131702,0.012835,0.0125042,0.0121778,0.0118556,0.0115375,0.0112235,0.0109134,0.0106071,0.0103046,0.0100058,0.00971053,0.00941874,0.00913033,0.0088452,0.00856327,0.00828443,0.0080086,0.00773569,0.00746559,0.00719822,0.00693349,0.0066713,0.00641156,0.00615419,0.00589908,0.00564616,0.00539533,0.00514649,0.00489957,0.00465447,0.0044111,0.00416938,0.00392922,0.00369052,0.0034532,0.00321717,0.00298235,0.00274865,0.00251598,0.00228425,0.00205339,0.00182329,0.00159388,0.00136507,0.00113677,0.000908906,0.00068138,0.000454111
0,0.00243775,0.00486464,0.00726998,0.00964335,0.0119748,0.0142548,0.0164748,0.0186265,0.020703,0.0226979,0.0246057,0.026422,0.0281432,0.0297667,0.0312906,0.0327138,0.0340362,0.035258,0.0363804,0.037405,0.0383337,0.0391691,0.039914,0.0405714,0.0411448,0.0416376,0.0420535,0.0423961,0.0426692,0.0428766,0.043022,0.0431089,0.0431412,0.0431221,0.0430553,0.0429439,0.0427912,0.0426002,0.0423737,0.0421147,0.0418256,0.0415091,0.0411675,0.0408031,0.0404179,0.040014,0.0395932,0.0391572,0.0387079,0.0382465,0.0377747,0.0372938,0.0368049,0.0363093,0.035808,0.0353021,0.0347924,0.0342799,0.0337653,0.0332493,0.0327327,0.0322161,0.0317,0.031185,0.0306715,0.03016,0.0296509,0.0291445,0.0286412,0.0281413,0.0276451,0.0271528,0.0266646,0.0261808,0.0257014,0.0252267,0.0247568,0.0242917,0.0238317,0.0233768,0.022927,0.0224825,0.0220433,0.0216093,0.0211807,0.0207574,0.0203395,0.0199269,0.0195197,0.0191178,0.0187212,0.0183299,0.0179438,0.017563,0.0171873,0.0168167,0.0164512,0.0160907,0.0157352,0.0153845,0.0150387,0.0146976,0.0143613,0.0140295,0.0137023,0.0133797,0.0130614,0.0127474,0.0124377,0.0121322,0.0118308,0.0115334,0.0112399,0.0109503,0.0106645,0.0103823,0.0101038,0.00982882,0.00955728,0.00928911,0.00902423,0.00876256,0.008504,0.00824849,0.00799593,0.00774625,0.00749936,0.00725518,0.00701363,0.00677463,0.0065381,0.00630396,0.00607213,0.00584252,0.00561506,0.00538966,0.00516626,0.00494476,0.00472509,0.00450718,0.00429093,0.00407629,0.00386315,0.00365146,0.00344113,0.00323209,0.00302425,0.00281754,0.00261189,0.00240722,0.00220346,0.00200051,0.00179832,0.00159681,0.0013959,0.00119551,0.000995571,0.000796007,0.000596743,0.000397704
0,0.00207032,0.00413158,0.00617487,0.00819147,0.0101731,0.0121117,0.0140002,0.0158316,0.0175999,0.0192999,0.0209268,0.0224769,0.0239471,0.0253349,0.0266388,0.0278579,0.0289916,0.0300404,0.0310049,0.0318865,0.0326866,0.0334075,0.0340513,0.0346206,0.0351183,0.0355471,0.0359101,0.0362105,0.0364513,0.0366358,0.036767,0.0368481,0.0368821,0.0368721,0.0368208,0.0367312,0.0366059,0.0364475,0.0362586,0.0360414,0.0357983,0.0355314,0.0352428,0.0349344,0.034608,0.0342652,0.0339078,0.0335373,0.033155,0.0327623,0.0323604,0.0319505,0.0315336,0.0311108,0.0306831,0.0302512,0.029816,0.0293781,0.0289384,0.0284975,0.0280559,0.0276141,0.0271728,0.0267322,0.0262929,0.0258552,0.0254196,0.0249862,0.0245554,0.0241274,0.0237025,0.023281,0.0228629,0.0224485,0.0220379,0.0216313,0.0212287,0.0208303,0.0204362,0.0200464,0.019661,0.0192801,0.0189037,0.0185317,0.0181644,0.0178016,0.0174434,0.0170897,0.0167407,0.0163962,0.0160562,0.0157207,0.0153897,0.0150632,0.0147411,0.0144234,0.01411,0.0138009,0.013496,0.0131954,0.0128988,0.0126064,0.0123179,0.0120335,0.0117529,0.0114762,0.0112032,0.010934,0.0106684,0.0104063,0.0101478,0.00989277,0.00964108,0.0093927,0.00914756,0.00890558,0.0086667,0.00843085,0.00819796,0.00796796,0.00774077,0.00751632,0.00729456,0.0070754,0.00685877,0.00664461,0.00643285,0.0062234,0.00601622,0.00581122,0.00560833,0.0054075,0.00520864,0.00501169,0.00481658,0.00462324,0.00443161,0.00424162,0.00405319,0.00386626,0.00368077,0.00349665,0.00331383,0.00313224,0.00295182,0.0027725,0.00259422,0.00241691,0.0022405,0.00206493,0.00189014,0.00171606,0.00154262,0.00136976,0.00119741,0.00102552,0.00085401,0.000682823,0.000511892,0.000341154
0,0.00171194,0.00341651,0.00510644,0.00677463,0.00841427,0.0100189,0.0115826,0.0130997,0.0145653,0.0159749,0.0173249,0.0186118,0.0198332,0.0209871,0.0220721,0.0230872,0.0240321,0.024907,0.0257125,0.0264493,0.027119,0.027723,0.0282632,0.0287416,0.0291606,0.0295224,0.0298295,0.0300844,0.0302898,0.0304482,0.0305622,0.0306344,0.0306673,0.0306633,0.0306248,0.0305542,0.0304537,0.0303255,0.0301717,0.0299942,0.0297949,0.0295756,0.0293381,0.0290838,0.0288144,0.0285313,0.0282358,0.0279292,0.0276126,0.0272873,0.0269542,0.0266142,0.0262684,0.0259176,0.0255624,0.0252037,0.0248422,0.0244784,0.024113,0.0237465,0.0233793,0.0230119,0.0226448,0.0222784,0.0219129,0.0215487,0.0211861,0.0208254,0.0204668,0.0201106,0.0197568,0.0194058,0.0190577,0.0187126,0.0183707,0.018032,0.0176967,0.0173648,0.0170365,0.0167118,0.0163907,0.0160733,0.0157597,0.0154498,0.0151437,0.0148414,0.0145429,0.0142482,0.0139573,0.0136701,0.0133868,0.0131072,0.0128313,0.0125592,0.0122907,0.0120259,0.0117646,0.011507,0.0112529,0.0110022,0.010755,0.0105112,0.0102708,0.0100336,0.00979972,0.00956901,0.00934145,0.00911699,0.00889556,0.00867711,0.00846158,0.00824893,0.00803909,0.007832,0.00762761,0.00742586,0.00722669,0.00703005,0.00683587,0.00664409,0.00645466,0.00626753,0.00608262,0.00589988,0.00571925,0.00554068,0.00536411,0.00518947,0.00501671,0.00484578,0.00467661,0.00450914,0.00434332,0.0041791,0.00401641,0.00385519,0.0036954,0.00353697,0.00337985,0.00322398,0.00306931,0.00291577,0.00276332,0.0026119,0.00246146,0.00231193,0.00216327,0.00201541,0.00186831,0.00172191,0.00157615,0.00143099,0.00128636,0.00114222,0.000998501,0.000855162,0.000712144,0.000569393,0.000426858,0.000284483
0,0.00136094,0.0027161,0.00405975,0.00538633,0.00669049,0.00796714,0.00921155,0.0104193,0.0115866,0.0127098,0.0137859,0.0148123,0.015787,0.0167083,0.0175752,0.0183867,0.0191427,0.0198432,0.0204886,0.0210795,0.021617,0.0221023,0.0225369,0.0229222,0.0232601,0.0235524,0.0238011,0.024008,0.0241754,0.0243052,0.0243994,0.0244601,0.0244893,0.024489,0.024461,0.0244072,0.0243294,0.0242293,0.0241086,0.0239689,0.0238116,0.0236382,0.0234501,0.0232485,0.0230347,0.0228099,0.022575,0.0223311,0.0220792,0.0218202,0.0215549,0.021284,0.0210084,0.0207286,0.0204454,0.0201593,0.0198708,0.0195805,0.0192888,0.0189962,0.018703,0.0184096,0.0181164,0.0178236,0.0175316,0.0172407,0.0169509,0.0166626,0.016376,0.0160913,0.0158085,0.0155279,0.0152496,0.0149737,0.0147003,0.0144294,0.0141613,0.0138959,0.0136333,0.0133736,0.0131168,0.012863,0.0126121,0.0123642,0.0121193,0.0118775,0.0116387,0.0114029,0.0111702,0.0109405,0.0107138,0.0104901,0.0102694,0.0100516,0.00983677,0.00962486,0.00941584,0.00920967,0.00900631,0.00880575,0.00860794,0.00841285,0.00822043,0.00803065,0.00784347,0.00765884,0.00747673,0.0072971,0.00711989,0.00694506,0.00677258,0.00660239,0.00643445,0.00626871,0.00610513,0.00594367,0.00578426,0.00562688,0.00547147,0.00531798,0.00516637,0.00501659,0.00486859,0.00472233,0.00457777,0.00443484,0.00429351,0.00415374,0.00401546,0.00387865,0.00374324,0.0036092,0.00347649,0.00334504,0.00321482,0.00308578,0.00295788,0.00283108,0.00270532,0.00258056,0.00245675,0.00233386,0.00221184,0.00209064,0.00197022,0.00185053,0.00173154,0.00161319,0.00149545,0.00137826,0.0012616,0.0011454,0.00102964,0.000914264,0.00079923,0.000684497,0.000570021,0.00045576,0.00034167,0.000227709
0,0.00101573,0.00202719,0.00303014,0.00402047,0.00499421,0.00594761,0.00687714,0.00777957,0.00865196,0.00949171,0.0102965,0.0110645,0.0117941,0.0124841,0.0131335,0.0137419,0.0143089,0.0148346,0.0153191,0.0157632,0.0161673,0.0165325,0.0168598,0.0171502,0.0174053,0.0176261,0.0178143,0.0179713,0.0180986,0.0181977,0.0182701,0.0183174,0.018341,0.0183424,0.018323,0.0182842,0.0182274,0.0181538,0.0180646,0.0179612,0.0178444,0.0177156,0.0175756,0.0174255,0.0172662,0.0170985,0.0169232,0.0167412,0.016553,0.0163595,0.0161612,0.0159587,0.0157526,0.0155433,0.0153314,0.0151173,0.0149014,0.014684,0.0144657,0.0142465,0.014027,0.0138072,0.0135876,0.0133683,0.0131495,0.0129315,0.0127144,0.0124983,0.0122835,0.0120701,0.0118582,0.0116478,0.0114392,0.0112323,0.0110274,0.0108243,0.0106233,0.0104243,0.0102274,0.0100327,0.00984009,0.00964973,0.00946159,0.00927569,0.00909205,0.00891068,0.00873158,0.00855475,0.00838019,0.0082079,0.00803786,0.00787007,0.00770451,0.00754117,0.00738004,0.00722108,0.00706429,0.00690963,0.00675709,0.00660664,0.00645825,0.00631189,0.00616755,0.00602518,0.00588476,0.00574625,0.00560963,0.00547487,0.00534192,0.00521077,0.00508137,0.00495369,0.00482769,0.00470335,0.00458063,0.00445949,0.00433989,0.00422182,0.00410522,0.00399006,0.00387631,0.00376394,0.0036529,0.00354317,0.0034347,0.00332747,0.00322143,0.00311656,0.00301282,0.00291017,0.00280858,0.00270801,0.00260843,0.00250981,0.0024121,0.00231529,0.00221933,0.00212418,0.00202982,0.00193622,0.00184333,0.00175112,0.00165957,0.00156863,0.00147828,0.00138848,0.00129919,0.0012104,0.00112205,0.00103413,0.000946594,0.000859412,0.000772553,0.000685985,0.000599673,0.000513588,0.000427695,0.000341963,0.00025636,0.000170853
0,0.000674805,0.00134679,0.00201316,0.0026712,0.00331829,0.00395195,0.00456985,0.00516985,0.00575,0.00630858,0.00684406,0.00735518,0.00784089,0.00830036,0.008733,0.00913841,0.00951641,0.00986699,0.0101903,0.0104867,0.0107566,0.0110006,0.0112195,0.0114138,0.0115846,0.0117326,0.0118589,0.0119644,0.0120501,0.012117,0.0121661,0.0121984,0.012215,0.0122167,0.0122045,0.0121794,0.0121422,0.0120938,0.0120351,0.0119667,0.0118895,0.0118042,0.0117114,0.0116118,0.0115061,0.0113947,0.0112783,0.0111573,0.0110323,0.0109036,0.0107717,0.010637,0.0104999,0.0103607,0.0102196,0.0100771,0.00993341,0.00978872,0.0096433,0.00949738,0.00935116,0.00920481,0.00905852,0.00891243,0.00876669,0.00862144,0.00847679,0.00833285,0.00818973,0.00804752,0.00790628,0.00776611,0.00762707,0.00748922,0.0073526,0.00721728,0.00708328,0.00695065,0.00681941,0.0066896,0.00656124,0.00643434,0.00630893,0.006185,0.00606258,0.00594167,0.00582227,0.00570438,0.00558801,0.00547314,0.00535978,0.00524791,0.00513753,0.00502863,0.00492119,0.00481521,0.00471067,0.00460755,0.00450584,0.00440553,0.00430659,0.004209,0.00411276,0.00401783,0.0039242,0.00383184,0.00374075,0.00365089,0.00356224,0.00347478,0.0033885,0.00330336,0.00321934,0.00313643,0.0030546,0.00297382,0.00289407,0.00281533,0.00273758,0.00266079,0.00258494,0.00251,0.00243596,0.00236279,0.00229046,0.00221895,0.00214824,0.00207831,0.00200913,0.00194068,0.00187293,0.00180586,0.00173946,0.00167369,0.00160854,0.00154398,0.00147999,0.00141654,0.00135361,0.00129119,0.00122925,0.00116776,0.00110671,0.00104606,0.000985811,0.000925926,0.000866387,0.000807172,0.000748258,0.000689625,0.00063125,0.000573112,0.000515189,0.00045746,0.000399902,0.000342494,0.000285215,0.000228043,0.000170958,0.000113936
