0,0,0,0,0,0,0,0,0,0,0,0,0,0,0,0,0,0,0,0,0,0,0,0,0,0,0,0,0,0,0,0,0,0,0,0,0,0,0,0,0,0,0,0,0,0,0,0,0,0,0,0,0,0,0,0,0,0,0,0,0,0,0,0,0,0,0,0,0,0,0,0,0,0,0,0,0,0,0,0,0,0,0,0,0,0,0,0,0,0,0,0,0,0,0,0,0,0,0,0,0,0,0,0,0,0,0,0,0,0,0,0,0,0,0,0,0,0,0,0,0,0,0,0,0,0,0,0,0,0,0,0,0,0,0,0,0,0,0,0,0,0,0,0,0,0,0,0,0,0,0,0,0,0,0,0,0,0,0,0,0
0,0.000336393,0.000671383,0.00100359,0.00133165,0.00165427,0.00197021,0.00227833,0.00257754,0.00286688,0.00314548,0.00341261,0.0036676,0.00390995,0.00413924,0.00435516,0.00455753,0.00474623,0.00492127,0.00508272,0.00523075,0.00536556,0.00548746,0.00559677,0.00569389,0.00577921,0.0058532,0.00591631,0.00596904,0.00601187,0.00604531,0.00606987,0.00608603,0.0060943,0.00609515,0.00608906,0.00607648,0.00605787,0.00603366,0.00600424,0.00597003,0.00593138,0.00588868,0.00584225,0.00579241,0.00573948,0.00568375,0.00562547,0.00556492,0.00550233,0.00543792,0.00537191,0.00530449,0.00523585,0.00516615,0.00509556,0.00502423,0.00495229,0.00487987,0.00480709,0.00473406,0.00466087,0.00458763,0.00451441,0.0044413,0.00436837,0.00429569,0.0042233,0.00415128,0.00407967,0.00400852,0.00393786,0.00386773,0.00379818,0.00372922,0.00366089,0.0035932,0.00352619,0.00345986,0.00339423,0.00332933,0.00326515,0.00320171,0.00313901,0.00307707,0.00301588,0.00295545,0.00289579,0.00283688,0.00277874,0.00272136,0.00266473,0.00260886,0.00255373,0.00249935,0.00244571,0.00239281,0.00234062,0.00228916,0.0022384,0.00218835,0.00213899,0.00209031,0.00204231,0.00199497,0.00194828,0.00190224,0.00185683,0.00181205,0.00176788,0.0017243,0.00168132,0.00163892,0.00159708,0.0015558,0.00151506,0.00147486,0.00143518,0.001396,0.00135732,0.00131913,0.00128141,0.00124416,0.00120735,0.00117098,0.00113504,0.00109952,0.00106439,0.00102966,0.000995309,0.000961325,0.000927697,0.000894414,0.000861464,0.000828836,0.000796518,0.000764498,0.000732766,0.000701309,0.000670117,0.000639178,0.00060848,0.000578013,0.000547766,0.000517726,0.000487883,0.000458226,0.000428744,0.000399425,0.000370259,0.000341234,0.00031234,0.000283566,0.0002549,0.000226332,0.000197851,0.000169445,0.000141105,0.000112819,8.45764e-05,5.63662e-05
0,0.00067419,0.00134556,0.00201131,0.00266874,0.00331522,0.00394827,0.00456556,0.00516495,0.00574449,0.00630246,0.00683735,0.00734787,0.00783298,0.00829186,0.0087239,0.00912873,0.00950614,0.00985614,0.0101789,0.0104747,0.0107441,0.0109875,0.0112058,0.0113996,0.0115698,0.0117173,0.011843,0.011948,0.0120332,0.0120995,0.0121481,0.01218,0.012196,0.0121973,0.0121846,0.012159,0.0121214,0.0120725,0.0120133,0.0119445,0.0118669,0.0117811,0.0116879,0.011588,0.0114818,0.0113701,0.0112533,0.0111319,0.0110065,0.0108775,0.0107453,0.0106102,0.0104728,0.0103332,0.0101919,0.0100491,0.00990509,0.00976014,0.00961447,0.0094683,0.00932184,0.00917526,0.00902876,0.00888246,0.00873654,0.0085911,0.00844628,0.00830219,0.00815892,0.00801657,0.00787522,0.00773494,0.0075958,0.00745785,0.00732116,0.00718577,0.00705172,0.00691905,0.00678779,0.00665796,0.0065296,0.00640271,0.00627731,0.00615342,0.00603104,0.00591018,0.00579085,0.00567304,0.00555676,0.00544199,0.00532874,0.005217,0.00510676,0.00499801,0.00489073,0.00478492,0.00468056,0.00457764,0.00447614,0.00437604,0.00427732,0.00417998,0.00408398,0.00398931,0.00389595,0.00380388,0.00371308,0.00362352,0.00353518,0.00344805,0.0033621,0.0032773,0.00319364,0.00311109,0.00302963,0.00294923,0.00286987,0.00279153,0.00271419,0.00263782,0.00256239,0.00248789,0.00241429,0.00234156,0.00226969,0.00219865,0.00212842,0.00205897,0.00199027,0.00192232,0.00185507,0.00178852,0.00172263,0.00165738,0.00159276,0.00152873,0.00146527,0.00140237,0.00134,0.00127813,0.00121675,0.00115582,0.00109534,0.00103527,0.000975593,0.000916289,0.000857335,0.000798708,0.000740386,0.000682347,0.000624569,0.00056703,0.000509709,0.000452583,0.000395631,0.00033883,0.00028216,0.000225598,0.000169123,0.000112712
0,0.00101481,0.00202534,0.00302737,0.00401678,0.00498961,0.00594209,0.0068707,0.00777222,0.0086437,0.00948254,0.0102865,0.0110536,0.0117823,0.0124713,0.0131199,0.0137274,0.0142935,0.0148183,0.015302,0.0157452,0.0161485,0.0165128,0.0168392,0.0171289,0.0173831,0.0176032,0.0177906,0.0179468,0.0180733,0.0181716,0.0182432,0.0182898,0.0183126,0.0183133,0.0182932,0.0182537,0.0181961,0.0181218,0.018032,0.0179279,0.0178105,0.017681,0.0175404,0.0173897,0.0172298,0.0170615,0.0168856,0.016703,0.0165144,0.0163203,0.0161215,0.0159185,0.0157119,0.0155021,0.0152898,0.0150752,0.0148589,0.0146412,0.0144224,0.0142029,0.013983,0.0137629,0.013543,0.0133233,0.0131043,0.012886,0.0126686,0.0124523,0.0122373,0.0120237,0.0118116,0.0116011,0.0113923,0.0111853,0.0109802,0.0107771,0.010576,0.0103769,0.01018,0.00998522,0.00979264,0.00960229,0.00941418,0.00922833,0.00904476,0.00886347,0.00868446,0.00850775,0.00833333,0.00816119,0.00799132,0.00782372,0.00765837,0.00749525,0.00733436,0.00717566,0.00701914,0.00686477,0.00671254,0.00656241,0.00641436,0.00626837,0.0061244,0.00598242,0.0058424,0.00570432,0.00556814,0.00543383,0.00530136,0.00517068,0.00504178,0.00491461,0.00478915,0.00466535,0.00454318,0.00442261,0.00430361,0.00418613,0.00407014,0.00395561,0.0038425,0.00373078,0.0036204,0.00351134,0.00340357,0.00329703,0.00319171,0.00308756,0.00298454,0.00288264,0.0027818,0.00268199,0.00258319,0.00248535,0.00238843,0.00229242,0.00219727,0.00210294,0.0020094,0.00191663,0.00182458,0.00173322,0.00164252,0.00155244,0.00146296,0.00137403,0.00128562,0.00119771,0.00111025,0.00102322,0.000936575,0.000850292,0.000764336,0.000678672,0.000593269,0.000508094,0.000423113,0.000338296,0.000253608,0.000169018
0,0.00135971,0.00271364,0.00405606,0.00538142,0.00668435,0.00795978,0.00920297,0.0104095,0.0115756,0.0126975,0.0137724,0.0147977,0.0157712,0.0166913,0.017557,0.0183674,0.0191222,0.0198215,0.0204657,0.0210555,0.0215919,0.0220761,0.0225095,0.0228937,0.0232305,0.0235218,0.0237694,0.0239753,0.0241416,0.0242703,0.0243636,0.0244233,0.0244515,0.0244502,0.0244212,0.0243665,0.0242877,0.0241867,0.0240651,0.0239245,0.0237664,0.0235921,0.0234032,0.0232008,0.0229862,0.0227605,0.0225249,0.0222803,0.0220277,0.021768,0.021502,0.0212304,0.0209542,0.0206738,0.02039,0.0201033,0.0198142,0.0195234,0.0192312,0.018938,0.0186444,0.0183506,0.0180569,0.0177638,0.0174714,0.01718,0.01689,0.0166014,0.0163145,0.0160294,0.0157464,0.0154656,0.0151871,0.014911,0.0146374,0.0143665,0.0140982,0.0138328,0.0135701,0.0133104,0.0130536,0.0127997,0.0125489,0.0123011,0.0120563,0.0118146,0.0115759,0.0113403,0.0111077,0.0108782,0.0106518,0.0104283,0.0102079,0.00999039,0.00977589,0.00956433,0.00935567,0.00914988,0.00894694,0.00874681,0.00854946,0.00835484,0.00816292,0.00797366,0.00778702,0.00760296,0.00742144,0.0072424,0.00706582,0.00689164,0.00671982,0.00655032,0.00638308,0.00621807,0.00605523,0.00589453,0.0057359,0.00557932,0.00542472,0.00527206,0.0051213,0.00497239,0.00482528,0.00467992,0.00453627,0.00439428,0.00425389,0.00411508,0.00397778,0.00384196,0.00370755,0.00357453,0.00344284,0.00331244,0.00318327,0.0030553,0.00292848,0.00280276,0.0026781,0.00255445,0.00243177,0.00231,0.00218912,0.00206906,0.0019498,0.00183127,0.00171345,0.00159628,0.00147971,0.00136372,0.00124825,0.00113325,0.00101869,0.000904518,0.000790695,0.000677175,0.000563916,0.000450873,0.000338003,0.000225263
0,0.00171041,0.00341344,0.00510183,0.00676849,0.0084066,0.0100097,0.0115719,0.0130875,0.0145515,0.0159597,0.0173081,0.0185936,0.0198135,0.0209659,0.0220494,0.023063,0.0240065,0.02488,0.0256839,0.0264194,0.0270876,0.0276902,0.028229,0.0287061,0.0291237,0.0294841,0.0297899,0.0300435,0.0302476,0.0304047,0.0305175,0.0305884,0.03062,0.0306147,0.0305751,0.0305033,0.0304017,0.0302723,0.0301174,0.0299388,0.0297384,0.0295181,0.0292795,0.0290242,0.0287538,0.0284697,0.0281732,0.0278657,0.0275483,0.027222,0.0268881,0.0265473,0.0262007,0.025849,0.0254932,0.0251338,0.0247715,0.0244071,0.024041,0.0236738,0.0233061,0.0229382,0.0225705,0.0222035,0.0218376,0.0214729,0.0211099,0.0207488,0.0203899,0.0200333,0.0196793,0.019328,0.0189796,0.0186343,0.0182922,0.0179533,0.0176179,0.0172859,0.0169575,0.0166328,0.0163117,0.0159943,0.0156807,0.0153709,0.0150649,0.0147628,0.0144644,0.0141699,0.0138792,0.0135924,0.0133093,0.01303,0.0127545,0.0124827,0.0122146,0.0119502,0.0116895,0.0114323,0.0111787,0.0109286,0.010682,0.0104388,0.0101989,0.00996242,0.0097292,0.0094992,0.00927237,0.00904866,0.00882801,0.00861037,0.00839568,0.00818388,0.00797492,0.00776873,0.00756527,0.00736447,0.00716628,0.00697063,0.00677747,0.00658673,0.00639837,0.00621231,0.00602851,0.00584689,0.00566741,0.00549,0.00531461,0.00514118,0.00496964,0.00479994,0.00463202,0.00446582,0.00430129,0.00413837,0.003977,0.00381711,0.00365867,0.0035016,0.00334585,0.00319137,0.00303809,0.00288597,0.00273494,0.00258495,0.00243595,0.00228787,0.00214066,0.00199428,0.00184865,0.00170374,0.00155947,0.0014158,0.00127268,0.00113004,0.000987838,0.000846014,0.000704516,0.000563288,0.000422276,0.000281427
0,0.00206848,0.0041279,0.00616934,0.00818411,0.0101639,0.0121007,0.0139873,0.0158169,0.0175834,0.0192816,0.0209067,0.022455,0.0239234,0.0253095,0.0266116,0.0278289,0.0289609,0.0300079,0.0309707,0.0318505,0.032649,0.0333682,0.0340103,0.034578,0.035074,0.0355012,0.0358626,0.0361614,0.0364007,0.0365836,0.0367133,0.0367929,0.0368254,0.0368139,0.0367612,0.0366702,0.0365435,0.0363837,0.0361934,0.0359749,0.0357306,0.0354624,0.0351725,0.0348629,0.0345353,0.0341914,0.0338328,0.0334612,0.0330778,0.032684,0.0322811,0.0318702,0.0314524,0.0310287,0.0306,0.0301672,0.0297312,0.0292926,0.0288521,0.0284104,0.0279681,0.0275257,0.0270837,0.0266425,0.0262026,0.0257644,0.0253282,0.0248944,0.0244631,0.0240348,0.0236095,0.0231876,0.0227693,0.0223546,0.0219438,0.021537,0.0211342,0.0207357,0.0203415,0.0199517,0.0195663,0.0191854,0.018809,0.0184372,0.01807,0.0177073,0.0173493,0.0169959,0.0166471,0.0163029,0.0159633,0.0156282,0.0152976,0.0149715,0.0146499,0.0143327,0.0140198,0.0137113,0.0134071,0.0131071,0.0128112,0.0125195,0.0122318,0.0119481,0.0116683,0.0113924,0.0111204,0.010852,0.0105874,0.0103263,0.0100688,0.00981476,0.00956412,0.00931683,0.0090728,0.00883196,0.00859425,0.0083596,0.00812793,0.00789917,0.00767326,0.00745011,0.00722967,0.00701186,0.0067966,0.00658384,0.00637349,0.00616549,0.00595977,0.00575625,0.00555487,0.00535555,0.00515824,0.00496285,0.00476932,0.00457758,0.00438756,0.0041992,0.00401242,0.00382716,0.00364334,0.00346091,0.00327979,0.00309992,0.00292123,0.00274365,0.00256712,0.00239157,0.00221693,0.00204314,0.00187014,0.00169785,0.00152621,0.00135516,0.00118463,0.00101455,0.000844863,0.000675501,0.000506398,0.000337491
0,0.0024356,0.00486035,0.00726354,0.00963477,0.0119641,0.014242,0.0164598,0.0186094,0.0206838,0.0226765,0.0245822,0.0263965,0.0281156,0.029737,0.0312588,0.03268,0.0340003,0.0352202,0.0363406,0.0373631,0.0382899,0.0391233,0.0398662,0.0405218,0.0410932,0.0415842,0.0419982,0.0423389,0.0426102,0.0428158,0.0429593,0.0430446,0.0430751,0.0430543,0.0429858,0.0428728,0.0427184,0.0425258,0.0422978,0.0420372,0.0417466,0.0414286,0.0410856,0.0407197,0.0403331,0.0399278,0.0395057,0.0390685,0.0386179,0.0381553,0.0376823,0.0372002,0.0367102,0.0362135,0.0357112,0.0352042,0.0346936,0.0341801,0.0336646,0.0331478,0.0326304,0.032113,0.0315961,0.0310804,0.0305662,0.0300541,0.0295444,0.0290375,0.0285337,0.0280333,0.0275367,0.027044,0.0265555,0.0260713,0.0255917,0.0251167,0.0246466,0.0241815,0.0237214,0.0232664,0.0228166,0.0223721,0.0219329,0.0214991,0.0210706,0.0206475,0.0202298,0.0198175,0.0194106,0.0190091,0.0186129,0.018222,0.0178364,0.0174561,0.017081,0.016711,0.0163461,0.0159863,0.0156315,0.0152816,0.0149365,0.0145963,0.0142608,0.01393,0.0136038,0.0132821,0.0129648,0.0126519,0.0123433,0.0120389,0.0117386,0.0114424,0.0111502,0.0108618,0.0105773,0.0102965,0.0100193,0.00974575,0.00947564,0.00920893,0.00894554,0.00868537,0.00842836,0.00817442,0.00792346,0.0076754,0.00743017,0.00718767,0.00694782,0.00671055,0.00647578,0.00624341,0.00601337,0.00578559,0.00555997,0.00533644,0.00511491,0.00489532,0.00467757,0.00446159,0.0042473,0.00403462,0.00382348,0.00361378,0.00340547,0.00319845,0.00299266,0.002788,0.00258442,0.00238182,0.00218014,0.00197929,0.0017792,0.00157979,0.00138099,0.00118272,0.000984908,0.000787472,0.000590339,0.000393433
0,0.00281358,0.00561436,0.00838972,0.0111274,0.0138156,0.0164434,0.0190004,0.0214773,0.0238658,0.0261585,0.0283493,0.030433,0.0324057,0.0342642,0.0360067,0.0376321,0.0391403,0.0405319,0.0418084,0.0429716,0.0440241,0.044969,0.0458096,0.0465497,0.0471931,0.0477442,0.048207,0.0485861,0.0488856,0.0491101,0.0492639,0.0493511,0.0493761,0.0493428,0.0492551,0.0491169,0.0489319,0.0487034,0.0484349,0.0481295,0.0477903,0.0474201,0.0470216,0.0465974,0.0461499,0.0456814,0.0451939,0.0446895,0.0441701,0.0436373,0.0430929,0.0425383,0.0419749,0.0414042,0.0408272,0.0402452,0.0396591,0.03907,0.0384787,0.0378861,0.037293,0.0367,0.0361078,0.0355169,0.0349281,0.0343416,0.033758,0.0331777,0.0326011,0.0320285,0.0314602,0.0308964,0.0303375,0.0297837,0.0292351,0.0286919,0.0281543,0.0276224,0.0270963,0.0265761,0.0260619,0.0255538,0.0250517,0.0245558,0.0240661,0.0235825,0.0231052,0.022634,0.022169,0.0217102,0.0212575,0.0208108,0.0203703,0.0199357,0.0195071,0.0190844,0.0186676,0.0182565,0.0178512,0.0174515,0.0170573,0.0166687,0.0162855,0.0159076,0.0155349,0.0151675,0.0148051,0.0144477,0.0140952,0.0137476,0.0134046,0.0130663,0.0127326,0.0124033,0.0120783,0.0117576,0.0114411,0.0111286,0.0108202,0.0105156,0.0102148,0.00991767,0.00962417,0.00933417,0.00904758,0.00876431,0.00848427,0.00820735,0.00793347,0.00766252,0.00739443,0.00712908,0.0068664,0.00660629,0.00634866,0.00609341,0.00584045,0.0055897,0.00534106,0.00509444,0.00484975,0.0046069,0.0043658,0.00412636,0.0038885,0.00365211,0.00341713,0.00318344,0.00295098,0.00271965,0.00248935,0.00226002,0.00203155,0.00180386,0.00157686,0.00135047,0.0011246,0.000899161,0.000674068,0.000449234
0,0.00320437,0.00639381,0.0095536,0.0126695,0.0157277,0.0187156,0.0216212,0.0244337,0.0271436,0.0297426,0.0322235,0.0345808,0.0368099,0.0389075,0.0408717,0.0427015,0.044397,0.045959,0.0473895,0.0486908,0.0498661,0.0509191,0.0518537,0.0526743,0.0533856,0.0539925,0.0544999,0.0549128,0.0552363,0.0554754,0.0556351,0.0557202,0.0557355,0.0556857,0.0555751,0.0554082,0.0551889,0.0549213,0.0546091,0.054256,0.0538652,0.0534401,0.0529836,0.0524987,0.051988,0.0514541,0.0508992,0.0503258,0.0497358,0.0491312,0.0485138,0.0478854,0.0472474,0.0466013,0.0459485,0.0452904,0.0446279,0.0439622,0.0432944,0.0426252,0.0419557,0.0412864,0.0406183,0.0399519,0.0392878,0.0386265,0.0379686,0.0373146,0.0366648,0.0360196,0.0353793,0.0347443,0.0341149,0.0334912,0.0328734,0.0322618,0.0316566,0.0310578,0.0304657,0.0298802,0.0293015,0.0287297,0.0281647,0.0276067,0.0270557,0.0265117,0.0259747,0.0254446,0.0249216,0.0244054,0.0238962,0.0233939,0.0228984,0.0224097,0.0219277,0.0214523,0.0209836,0.0205213,0.0200655,0.0196161,0.0191729,0.0187359,0.018305,0.0178802,0.0174612,0.0170481,0.0166407,0.0162389,0.0158426,0.0154518,0.0150662,0.0146859,0.0143107,0.0139406,0.0135753,0.0132148,0.012859,0.0125077,0.012161,0.0118186,0.0114805,0.0111466,0.0108167,0.0104907,0.0101686,0.0098502,0.00953543,0.00922418,0.00891635,0.00861182,0.00831049,0.00801226,0.00771702,0.00742468,0.00713512,0.00684824,0.00656394,0.00628211,0.00600266,0.00572549,0.00545048,0.00517754,0.00490657,0.00463747,0.00437014,0.00410448,0.00384038,0.00357775,0.00331649,0.0030565,0.00279768,0.00253994,0.00228317,0.00202728,0.00177217,0.00151773,0.00126389,0.00101053,0.000757555,0.000504874
0,0.00361011,0.00720293,0.0107614,0.0142691,0.0177103,0.0210701,0.024335,0.0274928,0.0305324,0.0334447,0.0362216,0.0388568,0.0413456,0.0436844,0.0458713,0.0479054,0.0497872,0.0515179,0.0530999,0.0545362,0.0558307,0.0569876,0.0580118,0.0589084,0.0596828,0.0603405,0.0608874,0.0613292,0.0616715,0.0619203,0.062081,0.0621593,0.0621604,0.0620895,0.0619518,0.0617519,0.0614945,0.061184,0.0608246,0.0604202,0.0599747,0.0594917,0.0589744,0.058426,0.0578496,0.0572479,0.0566235,0.0559789,0.0553165,0.0546382,0.0539462,0.0532423,0.0525281,0.0518054,0.0510756,0.0503401,0.0496002,0.048857,0.0481116,0.0473651,0.0466183,0.0458722,0.0451274,0.0443848,0.0436449,0.0429084,0.0421758,0.0414476,0.0407242,0.0400061,0.0392936,0.0385871,0.0378868,0.037193,0.0365059,0.0358258,0.0351528,0.034487,0.0338287,0.0331778,0.0325346,0.031899,0.0312711,0.030651,0.0300387,0.0294342,0.0288375,0.0282486,0.0276675,0.0270941,0.0265285,0.0259705,0.0254201,0.0248772,0.0243419,0.023814,0.0232934,0.02278,0.0222738,0.0217747,0.0212826,0.0207974,0.0203189,0.0198472,0.019382,0.0189233,0.0184709,0.0180248,0.0175849,0.0171509,0.0167229,0.0163007,0.0158842,0.0154732,0.0150677,0.0146675,0.0142725,0.0138826,0.0134977,0.0131177,0.0127424,0.0123717,0.0120055,0.0116436,0.0112861,0.0109327,0.0105833,0.0102378,0.00989612,0.00955811,0.00922365,0.00889263,0.00856494,0.00824045,0.00791906,0.00760065,0.0072851,0.0069723,0.00666214,0.0063545,0.00604927,0.00574634,0.0054456,0.00514693,0.00485023,0.00455537,0.00426226,0.00397077,0.00368081,0.00339226,0.00310501,0.00281895,0.00253397,0.00224997,0.00196683,0.00168445,0.00140272,0.00112153,0.00084077,0.000560333
0,0.00403314,0.00804637,0.0120201,0.0159354,0.0197742,0.0235196,0.0271562,0.03067,0.0340488,0.0372821,0.0403613,0.0432794,0.0460312,0.0486133,0.0510237,0.0532618,0.0553285,0.0572255,0.058956,0.0605236,0.0619329,0.0631891,0.0642978,0.0652649,0.0660967,0.0667996,0.0673802,0.067845,0.0682006,0.0684534,0.0686097,0.0686757,0.0686574,0.0685606,0.0683908,0.0681533,0.0678534,0.0674958,0.0670852,0.0666259,0.0661221,0.0655777,0.0649964,0.0643817,0.0637367,0.0630646,0.0623682,0.0616503,0.0609132,0.0601593,0.0593908,0.0586097,0.0578178,0.057017,0.0562088,0.0553947,0.0545761,0.0537543,0.0529304,0.0521055,0.0512807,0.0504569,0.0496348,0.0488153,0.047999,0.0471867,0.0463789,0.045576,0.0447787,0.0439873,0.0432023,0.0424239,0.0416525,0.0408884,0.0401318,0.039383,0.038642,0.0379092,0.0371845,0.0364682,0.0357603,0.0350609,0.0343701,0.0336879,0.0330142,0.0323493,0.0316929,0.0310452,0.030406,0.0297755,0.0291534,0.0285398,0.0279346,0.0273377,0.0267491,0.0261686,0.0255962,0.0250319,0.0244754,0.0239267,0.0233858,0.0228524,0.0223265,0.0218079,0.0212966,0.0207924,0.0202952,0.0198049,0.0193214,0.0188445,0.0183741,0.0179101,0.0174524,0.0170007,0.0165551,0.0161153,0.0156813,0.0152529,0.0148299,0.0144123,0.0139999,0.0135925,0.0131901,0.0127926,0.0123997,0.0120114,0.0116275,0.0112479,0.0108724,0.0105011,0.0101336,0.00976988,0.00940984,0.00905333,0.00870021,0.00835038,0.00800369,0.00766002,0.00731926,0.00698126,0.00664592,0.0063131,0.00598269,0.00565456,0.00532858,0.00500464,0.00468261,0.00436238,0.00404382,0.00372681,0.00341122,0.00309695,0.00278387,0.00247186,0.0021608,0.00185057,0.00154105,0.00123213,0.000923682,0.000615591
0,0.00447608,0.00892932,0.0133372,0.0176782,0.0219314,0.0260779,0.0301001,0.0339822,0.0377107,0.0412738,0.0446622,0.0478683,0.0508868,0.0537141,0.0563485,0.0587899,0.0610395,0.0631,0.0649751,0.0666695,0.0681885,0.0695383,0.0707254,0.0717568,0.0726396,0.0733812,0.073989,0.0744704,0.0748327,0.0750832,0.0752289,0.0752767,0.0752332,0.0751048,0.0748976,0.0746176,0.0742703,0.073861,0.0733948,0.0728764,0.0723104,0.071701,0.0710522,0.0703678,0.0696513,0.068906,0.0681349,0.067341,0.066527,0.0656953,0.0648483,0.0639881,0.0631168,0.0622363,0.0613482,0.0604541,0.0595556,0.0586539,0.0577505,0.0568463,0.0559426,0.0550401,0.05414,0.0532429,0.0523497,0.0514609,0.0505773,0.0496994,0.0488277,0.0479627,0.0471047,0.0462542,0.0454115,0.0445768,0.0437505,0.0429327,0.0421236,0.0413235,0.0405325,0.0397506,0.038978,0.0382148,0.0374609,0.0367165,0.0359816,0.0352561,0.0345401,0.0338336,0.0331365,0.0324487,0.0317703,0.0311011,0.0304411,0.0297903,0.0291485,0.0285156,0.0278915,0.0272762,0.0266696,0.0260714,0.0254817,0.0249003,0.024327,0.0237618,0.0232045,0.0226549,0.022113,0.0215787,0.0210517,0.0205319,0.0200193,0.0195136,0.0190148,0.0185226,0.018037,0.0175577,0.0170848,0.0166179,0.016157,0.015702,0.0152526,0.0148087,0.0143703,0.0139371,0.013509,0.0130859,0.0126676,0.012254,0.011845,0.0114403,0.01104,0.0106437,0.0102514,0.00986301,0.0094783,0.00909716,0.00871944,0.00834503,0.00797378,0.00760554,0.0072402,0.00687762,0.00651765,0.00616016,0.00580503,0.00545212,0.0051013,0.00475242,0.00440538,0.00406002,0.00371621,0.00337384,0.00303277,0.00269286,0.00235399,0.00201602,0.00167883,0.00134229,0.00100626,0.000670627
0,0.00494189,0.0098576,0.0147214,0.0195086,0.0241956,0.0287607,0.0331841,0.0374483,0.041538,0.0454404,0.0491454,0.052645,0.0559336,0.0590079,0.0618665,0.0645097,0.0669398,0.06916,0.0711751,0.0729908,0.0746135,0.0760503,0.077309,0.0783975,0.079324,0.0800968,0.0807244,0.081215,0.0815769,0.0818181,0.0819463,0.0819692,0.0818941,0.0817281,0.0814777,0.0811494,0.0807494,0.0802834,0.0797568,0.0791748,0.0785424,0.077864,0.077144,0.0763864,0.0755951,0.0747734,0.0739248,0.0730523,0.0721589,0.071247,0.0703194,0.0693781,0.0684255,0.0674635,0.0664939,0.0655184,0.0645386,0.0635559,0.0625717,0.0615872,0.0606034,0.0596216,0.0586425,0.0576672,0.0566962,0.0557305,0.0547705,0.053817,0.0528705,0.0519314,0.0510001,0.0500771,0.0491627,0.0482573,0.047361,0.0464741,0.0455968,0.0447293,0.0438717,0.0430242,0.0421868,0.0413596,0.0405427,0.0397361,0.0389399,0.0381539,0.0373783,0.036613,0.0358579,0.0351131,0.0343783,0.0336537,0.032939,0.0322343,0.0315394,0.0308541,0.0301785,0.0295124,0.0288557,0.0282082,0.0275698,0.0269404,0.0263199,0.0257081,0.0251049,0.0245102,0.0239237,0.0233454,0.0227751,0.0222126,0.0216579,0.0211107,0.0205709,0.0200383,0.0195128,0.0189942,0.0184825,0.0179773,0.0174786,0.0169863,0.0165001,0.0160198,0.0155455,0.0150768,0.0146137,0.0141559,0.0137034,0.0132559,0.0128134,0.0123756,0.0119425,0.0115138,0.0110894,0.0106692,0.010253,0.00984072,0.00943211,0.00902708,0.00862547,0.00822712,0.00783191,0.00743968,0.00705028,0.00666358,0.00627941,0.00589766,0.00551815,0.00514077,0.00476535,0.00439177,0.00401987,0.00364952,0.00328057,0.00291289,0.00254633,0.00218075,0.001816,0.00145196,0.00108848,0.000725422
0,0.00543388,0.0108378,0.0161823,0.0214392,0.0265817,0.0315852,0.0364274,0.0410888,0.0455525,0.0498046,0.0538341,0.0576328,0.0611949,0.0645176,0.0675999,0.070443,0.07305,0.0754253,0.0775748,0.0795053,0.0812245,0.0827408,0.084063,0.0852004,0.0861623,0.086958,0.0875971,0.0880887,0.0884421,0.0886661,0.0887693,0.0887601,0.0886464,0.0884359,0.0881359,0.0877534,0.0872949,0.0867666,0.0861745,0.0855241,0.0848206,0.084069,0.0832737,0.0824392,0.0815694,0.0806682,0.079739,0.078785,0.0778094,0.076815,0.0758044,0.07478,0.0737441,0.0726987,0.0716459,0.0705874,0.0695249,0.0684598,0.0673936,0.0663276,0.0652629,0.0642007,0.0631419,0.0620874,0.0610381,0.0599946,0.0589578,0.0579282,0.0569063,0.0558926,0.0548877,0.0538919,0.0529056,0.051929,0.0509625,0.0500063,0.0490606,0.0481256,0.0472014,0.0462881,0.0453858,0.0444947,0.0436147,0.0427459,0.0418883,0.0410419,0.0402067,0.0393827,0.0385697,0.0377678,0.0369768,0.0361967,0.0354275,0.0346689,0.033921,0.0331835,0.0324565,0.0317396,0.0310329,0.0303362,0.0296493,0.0289722,0.0283046,0.0276464,0.0269974,0.0263576,0.0257267,0.0251046,0.0244911,0.023886,0.0232893,0.0227007,0.0221201,0.0215473,0.0209821,0.0204244,0.0198739,0.0193306,0.0187943,0.0182648,0.0177419,0.0172255,0.0167153,0.0162113,0.0157132,0.015221,0.0147343,0.0142532,0.0137773,0.0133066,0.0128408,0.0123798,0.0119235,0.0114717,0.0110242,0.0105808,0.0101414,0.00970593,0.00927409,0.00884578,0.00842083,0.00799909,0.0075804,0.00716461,0.00675155,0.00634108,0.00593304,0.00552727,0.00512363,0.00472195,0.00432209,0.00392389,0.0035272,0.00313188,0.00273775,0.00234469,0.00195253,0.00156112,0.00117031,0.000779956
0,0.00595586,0.0118774,0.0177309,0.0234842,0.0291068,0.034571,0.0398517,0.0449271,0.0497788,0.0543916,0.0587538,0.0628571,0.0666959,0.0702678,0.0735726,0.0766126,0.0793921,0.0819166,0.0841936,0.0862312,0.0880386,0.0896255,0.0910022,0.0921791,0.0931669,0.0939761,0.0946173,0.0951009,0.0954369,0.0956351,0.095705,0.0956556,0.0954957,0.0952336,0.094877,0.0944336,0.0939104,0.0933141,0.0926509,0.0919268,0.0911474,0.0903179,0.0894431,0.0885276,0.0875757,0.0865914,0.0855783,0.0845398,0.0834793,0.0823996,0.0813036,0.0801937,0.0790724,0.0779419,0.0768041,0.075661,0.0745142,0.0733653,0.0722159,0.0710672,0.0699205,0.0687769,0.0676374,0.066503,0.0653745,0.0642527,0.0631384,0.062032,0.0609343,0.0598458,0.0587668,0.0576978,0.0566392,0.0555913,0.0545544,0.0535286,0.0525143,0.0515116,0.0505206,0.0495415,0.0485743,0.0476192,0.0466761,0.0457451,0.0448261,0.0439193,0.0430245,0.0421417,0.0412709,0.040412,0.0395649,0.0387295,0.0379057,0.0370935,0.0362927,0.0355031,0.0347247,0.0339573,0.0332007,0.0324549,0.0317197,0.0309948,0.0302803,0.0295758,0.0288813,0.0281965,0.0275213,0.0268555,0.026199,0.0255516,0.0249131,0.0242832,0.023662,0.023049,0.0224443,0.0218476,0.0212587,0.0206774,0.0201036,0.0195371,0.0189776,0.0184251,0.0178794,0.0173402,0.0168074,0.0162808,0.0157602,0.0152455,0.0147364,0.0142328,0.0137346,0.0132415,0.0127534,0.0122701,0.0117914,0.0113171,0.0108472,0.0103813,0.00991942,0.00946128,0.00900675,0.00855565,0.00810781,0.00766308,0.00722127,0.00678223,0.00634579,0.00591179,0.00548006,0.00505044,0.00462275,0.00419685,0.00377257,0.00334973,0.00292819,0.00250779,0.00208834,0.00166971,0.00125172,0.000834209
0,0.00651219,0.012985,0.0193798,0.0256598,0.0317905,0.0377403,0.0434813,0.0489893,0.054244,0.0592292,0.0639326,0.0683459,0.072464,0.0762851,0.0798103,0.0830431,0.0859891,0.0886558,0.091052,0.0931876,0.0950734,0.0967207,0.0981413,0.0993471,0.10035,0.101162,0.101796,0.102261,0.10257,0.102733,0.10276,0.102662,0.102448,0.102126,0.101705,0.101194,0.100599,0.0999287,0.0991886,0.0983853,0.0975248,0.0966125,0.0956536,0.0946529,0.0936149,0.0925437,0.0914433,0.0903172,0.0891687,0.0880011,0.0868171,0.0856194,0.0844106,0.0831928,0.0819681,0.0807386,0.079506,0.0782719,0.0770379,0.0758053,0.0745755,0.0733494,0.0721284,0.0709132,0.0697048,0.0685039,0.0673114,0.0661278,0.0649538,0.0637898,0.0626364,0.0614939,0.0603627,0.0592431,0.0581355,0.0570401,0.055957,0.0548864,0.0538286,0.0527835,0.0517513,0.0507321,0.0497259,0.0487326,0.0477524,0.0467851,0.0458308,0.0448894,0.0439608,0.043045,0.0421418,0.0412512,0.040373,0.0395072,0.0386536,0.037812,0.0369824,0.0361645,0.0353583,0.0345636,0.0337801,0.0330078,0.0322464,0.0314958,0.0307558,0.0300263,0.029307,0.0285978,0.0278984,0.0272087,0.0265285,0.0258577,0.0251959,0.0245431,0.023899,0.0232634,0.0226362,0.0220171,0.021406,0.0208026,0.0202069,0.0196185,0.0190373,0.0184631,0.0178957,0.0173349,0.0167805,0.0162324,0.0156903,0.0151541,0.0146236,0.0140985,0.0135788,0.0130641,0.0125544,0.0120495,0.0115491,0.011053,0.0105612,0.0100734,0.00958946,0.00910915,0.00863233,0.00815881,0.00768841,0.00722096,0.00675628,0.00629419,0.00583453,0.00537711,0.00492176,0.0044683,0.00401657,0.00356639,0.00311758,0.00266998,0.00222341,0.0017777,0.00133267,0.000888162
0,0.00710793,0.0141705,0.0211436,0.0279848,0.034655,0.0411186,0.0473441,0.0533048,0.0589788,0.0643486,0.0694018,0.0741301,0.0785292,0.0825985,0.0863405,0.0897604,0.0928657,0.0956657,0.0981712,0.100394,0.102347,0.104043,0.105495,0.106718,0.107725,0.108528,0.109142,0.109578,0.109849,0.109966,0.109942,0.109785,0.109507,0.109118,0.108625,0.108038,0.107365,0.106613,0.10579,0.104901,0.103954,0.102954,0.101906,0.100816,0.0996877,0.0985258,0.0973345,0.0961173,0.0948779,0.0936194,0.0923448,0.0910569,0.0897581,0.088451,0.0871376,0.0858199,0.0844999,0.083179,0.0818591,0.0805413,0.0792271,0.0779176,0.076614,0.0753172,0.074028,0.0727474,0.0714761,0.0702147,0.0689638,0.0677239,0.0664956,0.0652792,0.0640751,0.0628836,0.0617051,0.0605397,0.0593877,0.0582492,0.0571243,0.0560133,0.054916,0.0538327,0.0527633,0.0517078,0.0506663,0.0496386,0.0486248,0.0476248,0.0466385,0.0456659,0.0447067,0.043761,0.0428286,0.0419093,0.041003,0.0401096,0.0392289,0.0383608,0.037505,0.0366615,0.0358299,0.0350103,0.0342023,0.0334058,0.0326205,0.0318464,0.0310832,0.0303306,0.0295886,0.0288569,0.0281352,0.0274235,0.0267214,0.0260289,0.0253456,0.0246713,0.024006,0.0233493,0.0227011,0.0220611,0.0214291,0.020805,0.0201886,0.0195795,0.0189777,0.018383,0.017795,0.0172137,0.0166388,0.0160701,0.0155074,0.0149506,0.0143994,0.0138536,0.013313,0.0127775,0.0122468,0.0117208,0.0111993,0.010682,0.0101687,0.0096594,0.00915376,0.00865162,0.00815279,0.00765709,0.00716434,0.00667433,0.0061869,0.00570185,0.00521899,0.00473815,0.00425913,0.00378176,0.00330585,0.00283121,0.00235767,0.00188505,0.00141315,0.000941794
0,0.007749,0.0154457,0.0230392,0.030481,0.0377263,0.0447349,0.0514718,0.0579073,0.0640177,0.0697848,0.075196,0.0802436,0.0849244,0.0892394,0.093193,0.0967925,0.100048,0.10297,0.105573,0.107871,0.109877,0.111609,0.11308,0.114306,0.115303,0.116084,0.116666,0.11706,0.117282,0.117343,0.117255,0.11703,0.116679,0.116212,0.115639,0.114969,0.11421,0.11337,0.112456,0.111477,0.110437,0.109344,0.108202,0.107017,0.105795,0.104538,0.103252,0.10194,0.100607,0.0992543,0.0978863,0.0965056,0.0951147,0.093716,0.0923119,0.0909042,0.089495,0.0880859,0.0866785,0.0852743,0.0838746,0.0824806,0.0810934,0.079714,0.0783434,0.0769823,0.0756315,0.0742916,0.0729633,0.0716471,0.0703435,0.0690528,0.0677755,0.0665119,0.0652622,0.0640266,0.0628055,0.0615989,0.060407,0.0592298,0.0580674,0.05692,0.0557874,0.0546697,0.0535669,0.0524789,0.0514057,0.0503472,0.0493033,0.0482739,0.0472589,0.0462582,0.0452716,0.044299,0.0433402,0.0423951,0.0414635,0.0405452,0.0396401,0.0387479,0.0378685,0.0370017,0.0361473,0.035305,0.0344747,0.0336562,0.0328492,0.0320535,0.031269,0.0304954,0.0297325,0.0289801,0.028238,0.0275059,0.0267836,0.0260709,0.0253676,0.0246735,0.0239884,0.0233119,0.022644,0.0219844,0.0213329,0.0206892,0.0200532,0.0194246,0.0188033,0.0181889,0.0175814,0.0169804,0.0163858,0.0157973,0.0152149,0.0146381,0.0140669,0.013501,0.0129403,0.0123844,0.0118333,0.0112867,0.0107444,0.0102062,0.00967191,0.00914132,0.00861425,0.00809048,0.00756982,0.00705208,0.00653705,0.00602453,0.00551434,0.00500628,0.00450016,0.00399577,0.00349292,0.00299143,0.00249109,0.00199171,0.00149311,0.000995087
0,0.00844237,0.0168242,0.0250865,0.0331736,0.0410343,0.0486231,0.0559008,0.062835,0.0694,0.0755772,0.081354,0.0867239,0.0916855,0.0962418,0.1004,0.104169,0.107563,0.110595,0.113281,0.115638,0.117684,0.119435,0.120909,0.122124,0.123096,0.123841,0.124377,0.124717,0.124876,0.124868,0.124706,0.124402,0.123967,0.123414,0.122751,0.121989,0.121136,0.1202,0.11919,0.118113,0.116975,0.115782,0.114541,0.113258,0.111936,0.11058,0.109195,0.107786,0.106355,0.104905,0.103441,0.101965,0.10048,0.0989872,0.0974902,0.0959907,0.0944906,0.0929916,0.0914954,0.0900034,0.088517,0.0870374,0.0855657,0.0841028,0.0826498,0.0812075,0.0797765,0.0783577,0.0769514,0.0755584,0.074179,0.0728137,0.0714629,0.0701268,0.0688057,0.0674999,0.0662095,0.0649346,0.0636755,0.0624321,0.0612046,0.059993,0.0587973,0.0576174,0.0564533,0.0553051,0.0541725,0.0530556,0.0519542,0.0508682,0.0497974,0.0487418,0.0477012,0.0466754,0.0456643,0.0446677,0.0436853,0.0427171,0.0417628,0.0408222,0.0398951,0.0389814,0.0380807,0.0371929,0.0363177,0.035455,0.0346044,0.0337659,0.0329391,0.0321239,0.0313199,0.0305271,0.029745,0.0289736,0.0282125,0.0274616,0.0267206,0.0259893,0.0252674,0.0245548,0.0238511,0.0231562,0.0224698,0.0217917,0.0211217,0.0204595,0.0198049,0.0191578,0.0185178,0.0178847,0.0172584,0.0166385,0.016025,0.0154175,0.0148158,0.0142197,0.0136291,0.0130436,0.0124631,0.0118874,0.0113162,0.0107493,0.0101866,0.00962776,0.00907262,0.00852096,0.00797259,0.00742728,0.00688484,0.00634505,0.00580771,0.00527262,0.00473956,0.00420833,0.00367873,0.00315056,0.0026236,0.00209766,0.00157254,0.00104802
0,0.00919633,0.0183221,0.027309,0.0360926,0.0446144,0.0528226,0.0606735,0.0681318,0.0751703,0.08177,0.0879191,0.0936128,0.0988521,0.103643,0.107995,0.111922,0.11544,0.118565,0.121318,0.123718,0.125785,0.127538,0.128998,0.130184,0.131115,0.131809,0.132283,0.132554,0.132637,0.132547,0.132298,0.131904,0.131375,0.130725,0.129963,0.1291,0.128144,0.127105,0.125991,0.124809,0.123567,0.12227,0.120924,0.119536,0.118111,0.116652,0.115165,0.113653,0.112121,0.110572,0.109009,0.107434,0.105852,0.104264,0.102672,0.101078,0.0994857,0.0978953,0.0963088,0.0947277,0.0931533,0.0915869,0.0900296,0.0884825,0.0869463,0.085422,0.0839102,0.0824117,0.080927,0.0794567,0.0780012,0.0765609,0.0751362,0.0737274,0.0723347,0.0709584,0.0695985,0.0682554,0.0669289,0.0656194,0.0643267,0.0630509,0.061792,0.0605499,0.0593247,0.0581162,0.0569244,0.0557492,0.0545904,0.0534479,0.0523215,0.0512112,0.0501167,0.049038,0.0479747,0.0469267,0.0458938,0.0448758,0.0438725,0.0428837,0.0419091,0.0409486,0.0400018,0.0390687,0.0381489,0.0372422,0.0363483,0.0354671,0.0345983,0.0337416,0.0328969,0.0320637,0.031242,0.0304315,0.0296319,0.028843,0.0280645,0.0272961,0.0265378,0.0257891,0.0250499,0.0243199,0.0235989,0.0228866,0.0221828,0.0214872,0.0207997,0.0201199,0.0194476,0.0187827,0.0181248,0.0174738,0.0168294,0.0161913,0.0155594,0.0149334,0.014313,0.0136982,0.0130885,0.0124838,0.011884,0.0112886,0.0106976,0.0101107,0.00952772,0.00894838,0.00837248,0.00779981,0.00723015,0.00666328,0.00609899,0.00553705,0.00497725,0.00441938,0.00386322,0.00330855,0.00275517,0.00220286,0.00165139,0.00110057
0,0.0100208,0.0199591,0.0297349,0.0392736,0.048508,0.0573793,0.065839,0.0738486,0.0813797,0.0884134,0.0949398,0.100956,0.106467,0.111483,0.116016,0.120084,0.123708,0.126909,0.129709,0.132131,0.134199,0.135935,0.137362,0.1385,0.139372,0.139997,0.140393,0.140579,0.140572,0.140386,0.140038,0.13954,0.138906,0.138148,0.137277,0.136303,0.135237,0.134087,0.132861,0.131568,0.130214,0.128806,0.127351,0.125853,0.124319,0.122753,0.121159,0.119542,0.117906,0.116253,0.114588,0.112913,0.111231,0.109544,0.107855,0.106166,0.104479,0.102796,0.101117,0.0994458,0.0977823,0.0961281,0.0944842,0.0928518,0.0912316,0.0896246,0.0880314,0.0864527,0.084889,0.0833409,0.0818089,0.0802933,0.0787944,0.0773126,0.0758481,0.0744011,0.0729717,0.0715601,0.0701663,0.0687905,0.0674325,0.0660926,0.0647706,0.0634664,0.0621801,0.0609115,0.0596605,0.058427,0.057211,0.0560121,0.0548303,0.0536655,0.0525173,0.0513857,0.0502704,0.0491713,0.048088,0.0470205,0.0459684,0.0449316,0.0439097,0.0429027,0.0419101,0.0409319,0.0399676,0.0390172,0.0380802,0.0371566,0.036246,0.0353481,0.0344627,0.0335896,0.0327285,0.0318791,0.0310412,0.0302144,0.0293987,0.0285936,0.027799,0.0270145,0.02624,0.0254752,0.0247197,0.0239734,0.0232361,0.0225074,0.0217871,0.0210749,0.0203707,0.0196741,0.0189849,0.0183029,0.0176278,0.0169594,0.0162975,0.0156417,0.0149919,0.0143478,0.0137092,0.0130758,0.0124475,0.0118239,0.0112048,0.0105901,0.0099794,0.00937258,0.00876937,0.00816954,0.00757286,0.00697911,0.00638806,0.00579948,0.00521314,0.00462883,0.00404631,0.00346535,0.00288574,0.00230725,0.00172965,0.00115273
0,0.0109279,0.0217584,0.0323979,0.0427592,0.0527646,0.0623478,0.0714548,0.080044,0.0880864,0.0955644,0.10247,0.108806,0.114579,0.119804,0.124501,0.128692,0.132401,0.135654,0.138478,0.140899,0.142945,0.144642,0.146013,0.147084,0.147877,0.148413,0.148714,0.148799,0.148685,0.148389,0.147926,0.147313,0.146561,0.145684,0.144694,0.1436,0.142414,0.141144,0.139799,0.138387,0.136915,0.135391,0.13382,0.132207,0.13056,0.128882,0.127177,0.125451,0.123707,0.121948,0.120177,0.118399,0.116615,0.114827,0.113039,0.111253,0.10947,0.107691,0.10592,0.104157,0.102403,0.10066,0.0989282,0.0972095,0.0955046,0.0938141,0.0921388,0.0904793,0.0888362,0.0872099,0.0856009,0.0840097,0.0824364,0.0808813,0.0793448,0.0778269,0.0763278,0.0748477,0.0733865,0.0719444,0.0705213,0.0691172,0.067732,0.0663658,0.0650185,0.0636899,0.0623798,0.0610883,0.0598151,0.05856,0.057323,0.0561037,0.0549021,0.0537178,0.0525508,0.0514007,0.0502673,0.0491504,0.0480498,0.0469652,0.0458963,0.0448429,0.0438048,0.0427817,0.0417733,0.0407793,0.0397996,0.0388337,0.0378815,0.0369427,0.036017,0.0351041,0.0342038,0.0333158,0.0324398,0.0315756,0.0307228,0.0298812,0.0290506,0.0282306,0.027421,0.0266216,0.025832,0.0250519,0.0242813,0.0235196,0.0227668,0.0220225,0.0212865,0.0205585,0.0198383,0.0191255,0.01842,0.0177215,0.0170297,0.0163444,0.0156654,0.0149923,0.014325,0.0136631,0.0130065,0.0123549,0.011708,0.0110656,0.0104275,0.0097934,0.00916309,0.00853631,0.00791283,0.00729242,0.00667482,0.00605981,0.00544715,0.0048366,0.00422793,0.0036209,0.00301527,0.00241081,0.00180729,0.00120447
0,0.0119323,0.0237489,0.0353391,0.0466006,0.0574436,0.0677927,0.0775883,0.0867863,0.0953578,0.103287,0.110572,0.117217,0.123238,0.128655,0.133493,0.137781,0.141549,0.144828,0.147649,0.150043,0.152042,0.153673,0.154966,0.155945,0.156638,0.157066,0.157252,0.157217,0.15698,0.156558,0.155967,0.155224,0.154342,0.153335,0.152214,0.15099,0.149675,0.148276,0.146804,0.145266,0.14367,0.142023,0.14033,0.138598,0.136832,0.135037,0.133218,0.131379,0.129523,0.127654,0.125776,0.123891,0.122002,0.120112,0.118223,0.116337,0.114456,0.112581,0.110715,0.108859,0.107013,0.10518,0.10336,0.101554,0.0997638,0.0979892,0.0962312,0.0944903,0.0927672,0.0910624,0.0893761,0.0877088,0.0860608,0.0844324,0.0828236,0.0812348,0.0796659,0.0781171,0.0765885,0.0750801,0.0735917,0.0721236,0.0706754,0.0692473,0.067839,0.0664504,0.0650815,0.063732,0.0624019,0.0610908,0.0597987,0.0585252,0.0572703,0.0560336,0.054815,0.0536141,0.0524308,0.0512649,0.0501159,0.0489838,0.0478681,0.0467687,0.0456853,0.0446175,0.0435652,0.042528,0.0415057,0.0404979,0.0395044,0.0385249,0.0375591,0.0366068,0.0356675,0.0347412,0.0338274,0.0329259,0.0320363,0.0311585,0.0302921,0.0294369,0.0285925,0.0277587,0.0269351,0.0261217,0.0253179,0.0245236,0.0237385,0.0229623,0.0221948,0.0214356,0.0206845,0.0199413,0.0192056,0.0184773,0.0177559,0.0170413,0.0163333,0.0156314,0.0149356,0.0142455,0.0135608,0.0128814,0.0122069,0.0115372,0.0108718,0.0102107,0.0095535,0.0089,0.00824995,0.00760309,0.00695917,0.00631796,0.00567919,0.00504263,0.00440802,0.00377513,0.0031437,0.0025135,0.00188427,0.00125577
0,0.0130523,0.025966,0.0386089,0.0508605,0.0626165,0.0737913,0.0843195,0.0941553,0.103271,0.111656,0.119312,0.126253,0.132501,0.138085,0.143036,0.147391,0.151187,0.15446,0.157247,0.159584,0.161506,0.163044,0.164231,0.165095,0.165663,0.165961,0.166012,0.165839,0.16546,0.164895,0.164161,0.163275,0.16225,0.1611,0.159837,0.158473,0.157019,0.155483,0.153876,0.152205,0.150477,0.1487,0.14688,0.145023,0.143134,0.141218,0.13928,0.137323,0.135352,0.133371,0.131382,0.129388,0.127392,0.125397,0.123405,0.121417,0.119436,0.117464,0.115501,0.11355,0.111612,0.109688,0.107779,0.105885,0.104008,0.102149,0.100307,0.0984844,0.0966809,0.094897,0.0931331,0.0913896,0.0896666,0.0879645,0.0862834,0.0846234,0.0829847,0.0813673,0.0797712,0.0781964,0.076643,0.0751107,0.0735997,0.0721096,0.0706405,0.0691922,0.0677645,0.0663573,0.0649704,0.0636035,0.0622564,0.060929,0.059621,0.0583321,0.0570622,0.0558108,0.0545779,0.0533631,0.0521661,0.0509866,0.0498245,0.0486793,0.0475508,0.0464387,0.0453427,0.0442626,0.0431979,0.0421485,0.041114,0.0400941,0.0390885,0.0380969,0.0371191,0.0361547,0.0352033,0.0342648,0.0333388,0.032425,0.0315231,0.0306329,0.029754,0.0288861,0.0280289,0.0271822,0.0263456,0.0255189,0.0247018,0.023894,0.0230952,0.0223051,0.0215235,0.02075,0.0199844,0.0192264,0.0184757,0.0177321,0.0169953,0.016265,0.0155409,0.0148227,0.0141103,0.0134033,0.0127015,0.0120045,0.0113122,0.0106243,0.00994046,0.00926048,0.00858408,0.00791101,0.00724101,0.00657381,0.00590917,0.00524683,0.00458652,0.00392799,0.003271,0.00261527,0.00196056,0.00130662
0,0.0143109,0.028454,0.0422701,0.0556162,0.0683706,0.0804366,0.0917432,0.102244,0.111916,0.120754,0.128768,0.135983,0.14243,0.148147,0.153176,0.157561,0.161347,0.164577,0.167295,0.16954,0.171353,0.172768,0.17382,0.174541,0.17496,0.175104,0.174998,0.174665,0.174127,0.173402,0.172509,0.171464,0.170282,0.168977,0.167562,0.166047,0.164444,0.162763,0.161012,0.1592,0.157334,0.155422,0.153468,0.15148,0.149463,0.147422,0.14536,0.143283,0.141194,0.139096,0.136993,0.134887,0.132782,0.13068,0.128582,0.126491,0.124409,0.122337,0.120277,0.11823,0.116198,0.114182,0.112182,0.1102,0.108236,0.106291,0.104365,0.10246,0.100576,0.0987125,0.0968706,0.0950505,0.0932524,0.0914765,0.0897229,0.0879917,0.0862831,0.084597,0.0829334,0.0812924,0.0796738,0.0780776,0.0765037,0.074952,0.0734222,0.0719143,0.070428,0.0689632,0.0675197,0.0660971,0.0646954,0.0633143,0.0619534,0.0606126,0.0592916,0.05799,0.0567077,0.0554443,0.0541995,0.0529731,0.0517646,0.050574,0.0494007,0.0482446,0.0471053,0.0459824,0.0448758,0.043785,0.0427097,0.0416497,0.0406046,0.0395741,0.0385579,0.0375557,0.0365671,0.0355919,0.0346297,0.0336802,0.0327432,0.0318182,0.030905,0.0300033,0.0291128,0.0282332,0.0273641,0.0265053,0.0256564,0.0248172,0.0239874,0.0231667,0.0223548,0.0215513,0.020756,0.0199687,0.019189,0.0184166,0.0176512,0.0168927,0.0161406,0.0153947,0.0146547,0.0139204,0.0131914,0.0124676,0.0117485,0.0110341,0.0103238,0.0096176,0.0089151,0.00821606,0.00752021,0.00682729,0.00613701,0.00544912,0.00476335,0.00407943,0.0033971,0.0027161,0.00203615,0.00135699
0,0.0157372,0.0312689,0.0464015,0.0609636,0.0748131,0.0878413,0.0999726,0.111163,0.121395,0.130674,0.139024,0.14648,0.153088,0.158896,0.163959,0.168331,0.172063,0.175209,0.177816,0.179931,0.181597,0.182854,0.18374,0.184289,0.184531,0.184496,0.18421,0.183698,0.18298,0.182078,0.181009,0.179791,0.178439,0.176966,0.175386,0.17371,0.171949,0.170113,0.168211,0.16625,0.164239,0.162184,0.160092,0.157968,0.155818,0.153646,0.151457,0.149255,0.147044,0.144827,0.142607,0.140388,0.13817,0.135958,0.133753,0.131557,0.129372,0.127199,0.12504,0.122897,0.12077,0.11866,0.116569,0.114497,0.112445,0.110414,0.108404,0.106416,0.10445,0.102507,0.100587,0.0986904,0.096817,0.0949671,0.0931409,0.0913384,0.0895598,0.0878051,0.0860741,0.0843668,0.0826832,0.0810232,0.0793865,0.0777732,0.0761829,0.0746156,0.0730709,0.0715487,0.0700488,0.0685709,0.0671148,0.0656801,0.0642667,0.0628742,0.0615024,0.0601509,0.0588194,0.0575077,0.0562154,0.0549423,0.0536879,0.0524521,0.0512344,0.0500345,0.0488521,0.0476869,0.0465385,0.0454067,0.044291,0.0431912,0.0421069,0.0410378,0.0399836,0.0389438,0.0379183,0.0369067,0.0359086,0.0349238,0.0339518,0.0329924,0.0320453,0.0311101,0.0301865,0.0292742,0.0283728,0.0274822,0.0266019,0.0257316,0.0248711,0.02402,0.0231781,0.0223449,0.0215203,0.0207038,0.0198953,0.0190944,0.0183008,0.0175143,0.0167344,0.0159611,0.0151938,0.0144325,0.0136767,0.0129261,0.0121806,0.0114398,0.0107035,0.00997124,0.0092429,0.00851814,0.00779669,0.00707828,0.00636262,0.00564943,0.00493845,0.00422939,0.00352197,0.00281593,0.00211099,0.00140687
0,0.0173691,0.034483,0.0511034,0.0670235,0.0820772,0.0961431,0.109143,0.12104,0.131826,0.141525,0.150174,0.157827,0.164545,0.170392,0.175435,0.179739,0.183367,0.186378,0.188829,0.19077,0.19225,0.193313,0.193998,0.194343,0.19438,0.19414,0.19365,0.192936,0.192019,0.190921,0.18966,0.188253,0.186716,0.185063,0.183307,0.181459,0.17953,0.17753,0.175467,0.173351,0.171188,0.168985,0.166748,0.164482,0.162194,0.159888,0.157568,0.155238,0.152901,0.150562,0.148223,0.145886,0.143554,0.14123,0.138916,0.136613,0.134323,0.132048,0.129789,0.127547,0.125324,0.12312,0.120937,0.118775,0.116635,0.114517,0.112422,0.110351,0.108303,0.10628,0.104282,0.102308,0.100359,0.0984349,0.096536,0.0946623,0.0928137,0.0909903,0.0891919,0.0874185,0.08567,0.0839462,0.0822471,0.0805723,0.0789217,0.0772951,0.0756923,0.074113,0.0725569,0.0710239,0.0695136,0.0680257,0.06656,0.0651161,0.0636937,0.0622926,0.0609123,0.0595526,0.0582132,0.0568936,0.0555936,0.0543129,0.053051,0.0518077,0.0505826,0.0493753,0.0481856,0.047013,0.0458572,0.0447179,0.0435948,0.0424874,0.0413954,0.0403185,0.0392564,0.0382087,0.037175,0.0361551,0.0351485,0.034155,0.0331742,0.0322058,0.0312495,0.0303048,0.0293716,0.0284494,0.0275379,0.0266369,0.0257459,0.0248648,0.0239931,0.0231305,0.0222768,0.0214315,0.0205945,0.0197654,0.0189438,0.0181296,0.0173223,0.0165217,0.0157275,0.0149393,0.0141569,0.01338,0.0126083,0.0118414,0.0110792,0.0103213,0.00956733,0.00881712,0.00807034,0.0073267,0.00658591,0.00584769,0.00511175,0.00437781,0.00364556,0.00291475,0.00218506,0.00145624
0,0.0192564,0.0381906,0.0565057,0.07395,0.0903293,0.105511,0.119418,0.132026,0.143347,0.153424,0.16232,0.170109,0.176872,0.182692,0.18765,0.191824,0.195288,0.198109,0.200351,0.202071,0.203321,0.204149,0.204598,0.204706,0.204507,0.204034,0.203316,0.202376,0.20124,0.199927,0.198456,0.196846,0.19511,0.193264,0.191319,0.189289,0.187182,0.18501,0.182779,0.180499,0.178177,0.17582,0.173432,0.171021,0.16859,0.166145,0.163689,0.161228,0.158763,0.156298,0.153836,0.15138,0.148932,0.146494,0.144068,0.141657,0.139261,0.136882,0.134521,0.13218,0.12986,0.127561,0.125285,0.123032,0.120803,0.118598,0.116417,0.114262,0.112133,0.11003,0.107952,0.105901,0.103877,0.101879,0.099907,0.0979619,0.0960434,0.0941514,0.0922857,0.0904463,0.0886331,0.0868457,0.0850841,0.0833481,0.0816374,0.0799518,0.0782911,0.0766549,0.075043,0.0734551,0.0718909,0.0703501,0.0688323,0.0673373,0.0658648,0.0644143,0.0629855,0.0615782,0.0601919,0.0588263,0.057481,0.0561557,0.05485,0.0535636,0.0522961,0.0510472,0.0498164,0.0486034,0.0474078,0.0462294,0.0450677,0.0439223,0.042793,0.0416793,0.0405809,0.0394974,0.0384285,0.0373738,0.036333,0.0353057,0.0342915,0.0332903,0.0323014,0.0313248,0.0303599,0.0294065,0.0284642,0.0275326,0.0266116,0.0257006,0.0247995,0.0239078,0.0230253,0.0221515,0.0212863,0.0204292,0.01958,0.0187383,0.0179039,0.0170763,0.0162554,0.0154407,0.014632,0.013829,0.0130314,0.0122388,0.0114509,0.0106675,0.00988829,0.0091129,0.00834105,0.00757246,0.00680682,0.00604383,0.0052832,0.00452463,0.00376783,0.0030125,0.00225834,0.00150507
0,0.0214658,0.0425174,0.0627788,0.0819414,0.0997796,0.116152,0.130993,0.144299,0.156112,0.166505,0.175573,0.183418,0.190143,0.195855,0.200649,0.20462,0.207851,0.21042,0.212396,0.213842,0.214815,0.215366,0.215539,0.215374,0.214909,0.214175,0.213202,0.212015,0.210637,0.209091,0.207394,0.205564,0.203615,0.201563,0.199419,0.197195,0.194902,0.192547,0.190141,0.187691,0.185203,0.182685,0.180142,0.177579,0.175001,0.172413,0.169818,0.167221,0.164624,0.162031,0.159444,0.156866,0.1543,0.151746,0.149207,0.146686,0.144182,0.141698,0.139235,0.136794,0.134376,0.131981,0.129611,0.127266,0.124947,0.122655,0.120388,0.11815,0.115938,0.113754,0.111598,0.109469,0.107369,0.105297,0.103252,0.101236,0.0992477,0.0972872,0.0953543,0.0934491,0.0915712,0.0897204,0.0878967,0.0860996,0.0843291,0.0825847,0.0808663,0.0791735,0.077506,0.0758636,0.0742458,0.0726523,0.0710829,0.0695372,0.0680147,0.0665152,0.0650384,0.0635837,0.0621509,0.0607395,0.0593493,0.0579798,0.0566307,0.0553016,0.053992,0.0527017,0.0514302,0.0501772,0.0489422,0.047725,0.0465251,0.0453421,0.0441757,0.0430255,0.0418912,0.0407723,0.0396684,0.0385793,0.0375046,0.0364439,0.0353967,0.0343629,0.033342,0.0323336,0.0313374,0.0303531,0.0293802,0.0284186,0.0274677,0.0265273,0.025597,0.0246765,0.0237655,0.0228636,0.0219704,0.0210857,0.0202091,0.0193403,0.018479,0.0176248,0.0167774,0.0159366,0.0151019,0.014273,0.0134497,0.0126317,0.0118185,0.0110099,0.0102057,0.00940536,0.00860873,0.00781546,0.00702524,0.00623776,0.00545271,0.0046698,0.00388872,0.00310915,0.0023308,0.00155336
0,0.0240894,0.0476344,0.0701507,0.0912575,0.110696,0.128325,0.144103,0.158064,0.170295,0.180913,0.19005,0.197844,0.20443,0.209934,0.214473,0.218156,0.221077,0.223323,0.224971,0.226087,0.226733,0.22696,0.226817,0.226345,0.22558,0.224556,0.223302,0.221844,0.220205,0.218406,0.216465,0.2144,0.212225,0.209955,0.2076,0.205172,0.202682,0.200138,0.197548,0.19492,0.192261,0.189576,0.186872,0.184152,0.181423,0.178688,0.175951,0.173215,0.170483,0.167759,0.165045,0.162343,0.159655,0.156984,0.154331,0.151697,0.149085,0.146495,0.143928,0.141385,0.138868,0.136377,0.133913,0.131476,0.129067,0.126686,0.124334,0.12201,0.119716,0.117451,0.115216,0.11301,0.110834,0.108688,0.106571,0.104483,0.102425,0.100396,0.0983964,0.0964254,0.0944831,0.0925692,0.0906835,0.0888257,0.0869956,0.0851927,0.0834169,0.0816678,0.0799451,0.0782484,0.0765774,0.0749316,0.0733109,0.0717147,0.0701428,0.0685946,0.0670699,0.0655683,0.0640893,0.0626327,0.0611979,0.0597846,0.0583924,0.0570208,0.0556696,0.0543383,0.0530265,0.0517338,0.0504598,0.0492041,0.0479664,0.0467462,0.0455431,0.0443568,0.0431868,0.0420329,0.0408945,0.0397713,0.038663,0.0375692,0.0364894,0.0354233,0.0343706,0.0333309,0.0323037,0.0312888,0.0302858,0.0292943,0.028314,0.0273444,0.0263854,0.0254364,0.0244972,0.0235674,0.0226466,0.0217346,0.0208309,0.0199353,0.0190474,0.0181669,0.0172934,0.0164266,0.0155662,0.0147118,0.0138632,0.0130199,0.0121818,0.0113483,0.0105193,0.00969439,0.00887327,0.00805561,0.00724109,0.00642941,0.00562024,0.00481327,0.00400819,0.00320467,0.0024024,0.00160108
0,0.0272575,0.0537801,0.0789321,0.102242,0.123422,0.142349,0.15903,0.173561,0.186093,0.196801,0.205871,0.21348,0.219798,0.224977,0.229155,0.232453,0.234979,0.236826,0.238077,0.238803,0.239068,0.238926,0.238425,0.237608,0.236511,0.235168,0.233607,0.231855,0.229933,0.227863,0.225662,0.223347,0.220932,0.218431,0.215854,0.213213,0.210517,0.207775,0.204994,0.202182,0.199344,0.196488,0.193617,0.190737,0.187852,0.184966,0.182083,0.179205,0.176336,0.173478,0.170634,0.167806,0.164996,0.162205,0.159436,0.156689,0.153966,0.151269,0.148597,0.145952,0.143336,0.140747,0.138188,0.135658,0.133159,0.130689,0.128251,0.125843,0.123466,0.12112,0.118806,0.116523,0.114271,0.11205,0.109861,0.107702,0.105575,0.103477,0.101411,0.0993742,0.0973677,0.0953909,0.0934435,0.0915253,0.0896358,0.0877748,0.0859419,0.0841369,0.0823592,0.0806086,0.0788847,0.077187,0.0755153,0.0738691,0.072248,0.0706516,0.0690795,0.0675313,0.0660066,0.0645049,0.0630259,0.0615692,0.0601343,0.0587208,0.0573283,0.0559564,0.0546046,0.0532726,0.05196,0.0506662,0.049391,0.048134,0.0468946,0.0456725,0.0444674,0.0432787,0.0421062,0.0409493,0.0398078,0.0386812,0.0375691,0.0364712,0.0353871,0.0343163,0.0332585,0.0322134,0.0311805,0.0301596,0.0291501,0.0281518,0.0271642,0.0261871,0.02522,0.0242626,0.0233146,0.0223756,0.0214452,0.0205231,0.019609,0.0187024,0.0178031,0.0169107,0.0160249,0.0151453,0.0142716,0.0134035,0.0125406,0.0116826,0.0108291,0.00997989,0.00913457,0.00829282,0.00745431,0.00661872,0.00578572,0.00495498,0.00412619,0.00329901,0.00247313,0.00164821
0,0.0311606,0.0612965,0.0895556,0.115357,0.138401,0.158618,0.176106,0.191057,0.203713,0.214329,0.223151,0.230408,0.236305,0.241022,0.244716,0.247523,0.249559,0.250925,0.251708,0.251982,0.251811,0.251251,0.25035,0.24915,0.247689,0.245997,0.244104,0.242035,0.23981,0.237451,0.234974,0.232394,0.229726,0.226982,0.224173,0.221309,0.218399,0.215451,0.212472,0.209469,0.206448,0.203414,0.200373,0.197328,0.194283,0.191243,0.18821,0.185187,0.182178,0.179184,0.176208,0.173252,0.170317,0.167406,0.164519,0.161658,0.158824,0.156017,0.15324,0.150493,0.147776,0.14509,0.142435,0.139812,0.137221,0.134663,0.132138,0.129645,0.127186,0.124759,0.122366,0.120005,0.117678,0.115383,0.113121,0.110892,0.108694,0.106529,0.104396,0.102294,0.100224,0.0981843,0.0961756,0.0941971,0.0922487,0.0903298,0.0884403,0.0865796,0.0847474,0.0829432,0.0811668,0.0794176,0.0776953,0.0759994,0.0743296,0.0726853,0.0710662,0.0694718,0.0679017,0.0663555,0.0648328,0.063333,0.0618558,0.0604007,0.0589673,0.0575552,0.0561639,0.054793,0.0534421,0.0521108,0.0507985,0.049505,0.0482297,0.0469723,0.0457323,0.0445093,0.043303,0.0421128,0.0409385,0.0397795,0.0386355,0.0375061,0.0363909,0.0352895,0.0342015,0.0331265,0.0320641,0.031014,0.0299757,0.0289489,0.0279332,0.0269283,0.0259337,0.0249491,0.0239742,0.0230085,0.0220517,0.0211034,0.0201634,0.0192311,0.0183063,0.0173886,0.0164777,0.0155732,0.0146748,0.0137821,0.0128948,0.0120126,0.011135,0.0102617,0.00939253,0.00852699,0.0076648,0.0068056,0.00594908,0.00509488,0.00424269,0.00339215,0.00254295,0.00169475
0,0.0360886,0.0706896,0.102637,0.13123,0.156205,0.177618,0.195719,0.210849,0.223375,0.23365,0.241997,0.248697,0.253992,0.25809,0.261165,0.263363,0.264809,0.265608,0.265848,0.265605,0.264943,0.263917,0.262574,0.260956,0.259097,0.257029,0.254779,0.25237,0.249823,0.247157,0.244388,0.241531,0.238597,0.2356,0.232548,0.229452,0.22632,0.223159,0.219975,0.216776,0.213566,0.21035,0.207133,0.203918,0.20071,0.197512,0.194327,0.191157,0.188005,0.184873,0.181763,0.178677,0.175617,0.172583,0.169577,0.1666,0.163654,0.160738,0.157855,0.155004,0.152186,0.149401,0.146651,0.143935,0.141253,0.138606,0.135994,0.133416,0.130874,0.128366,0.125894,0.123456,0.121053,0.118684,0.11635,0.11405,0.111783,0.10955,0.107351,0.105184,0.10305,0.100948,0.0988784,0.0968401,0.094833,0.0928568,0.0909109,0.0889949,0.0871085,0.0852513,0.0834227,0.0816224,0.0798499,0.0781048,0.0763866,0.0746949,0.0730292,0.0713891,0.0697741,0.0681838,0.0666177,0.0650753,0.0635562,0.06206,0.0605861,0.0591343,0.0577039,0.0562945,0.0549057,0.0535371,0.0521883,0.0508586,0.0495479,0.0482555,0.0469811,0.0457242,0.0444844,0.0432614,0.0420546,0.0408636,0.0396881,0.0385276,0.0373817,0.03625,0.0351321,0.0340276,0.0329361,0.0318572,0.0307905,0.0297356,0.0286922,0.0276598,0.0266381,0.0256266,0.0246251,0.023633,0.0226502,0.0216761,0.0207104,0.0197528,0.0188029,0.0178602,0.0169246,0.0159955,0.0150727,0.0141558,0.0132444,0.0123381,0.0114368,0.0105398,0.00964706,0.00875805,0.00787248,0.00699,0.00611026,0.00523291,0.00435763,0.00348405,0.00261184,0.00174066
0,0.0425042,0.0827366,0.119072,0.150721,0.177572,0.199931,0.218303,0.233244,0.245286,0.254901,0.26249,0.268389,0.272877,0.276182,0.27849,0.279956,0.280708,0.280851,0.280473,0.279648,0.27844,0.2769,0.275074,0.273002,0.270715,0.268244,0.265613,0.262844,0.259957,0.256968,0.253892,0.250743,0.247533,0.244272,0.240969,0.237633,0.23427,0.230889,0.227495,0.224094,0.220689,0.217287,0.21389,0.210503,0.207129,0.20377,0.20043,0.19711,0.193813,0.190541,0.187296,0.184078,0.18089,0.177733,0.174607,0.171514,0.168454,0.165429,0.162438,0.159483,0.156564,0.15368,0.150834,0.148024,0.145251,0.142514,0.139815,0.137153,0.134528,0.13194,0.129388,0.126873,0.124395,0.121952,0.119546,0.117175,0.11484,0.112539,0.110274,0.108042,0.105845,0.103681,0.101551,0.0994531,0.0973878,0.0953545,0.0933526,0.0913819,0.0894418,0.0875318,0.0856516,0.0838006,0.0819783,0.0801844,0.0784184,0.0766797,0.0749678,0.0732824,0.0716229,0.0699889,0.0683799,0.0667953,0.0652349,0.0636979,0.0621841,0.0606928,0.0592238,0.0577764,0.0563502,0.0549448,0.0535597,0.0521944,0.0508486,0.0495217,0.0482132,0.0469229,0.0456501,0.0443945,0.0431557,0.0419331,0.0407265,0.0395353,0.0383591,0.0371975,0.0360501,0.0349165,0.0337962,0.0326889,0.0315942,0.0305116,0.0294408,0.0283813,0.0273327,0.0262948,0.025267,0.024249,0.0232404,0.0222409,0.0212499,0.0202673,0.0192925,0.0183253,0.0173652,0.0164119,0.0154651,0.0145242,0.0135891,0.0126592,0.0117344,0.0108141,0.00989805,0.0089859,0.00807728,0.00717183,0.0062692,0.00536903,0.00447097,0.00357467,0.00267977,0.00178593
0,0.0511918,0.0986805,0.140194,0.17501,0.20343,0.226232,0.244318,0.25854,0.269626,0.278177,0.284672,0.289494,0.292947,0.29527,0.296658,0.297264,0.297215,0.296614,0.295544,0.294076,0.292268,0.29017,0.287822,0.285262,0.282519,0.279619,0.276585,0.273437,0.270192,0.266865,0.26347,0.260019,0.256521,0.252986,0.249423,0.245839,0.242241,0.238634,0.235023,0.231415,0.227812,0.224219,0.22064,0.217077,0.213533,0.210011,0.206513,0.203042,0.199598,0.196184,0.192801,0.189451,0.186134,0.182852,0.179605,0.176395,0.173221,0.170085,0.166987,0.163927,0.160906,0.157924,0.154981,0.152077,0.149213,0.146387,0.143601,0.140854,0.138146,0.135477,0.132847,0.130255,0.127701,0.125185,0.122707,0.120266,0.117862,0.115495,0.113163,0.110868,0.108608,0.106382,0.104192,0.102035,0.0999118,0.0978218,0.0957645,0.0937394,0.091746,0.0897838,0.0878523,0.0859511,0.0840796,0.0822374,0.0804239,0.0786386,0.0768812,0.0751509,0.0734474,0.0717702,0.0701187,0.0684925,0.066891,0.0653138,0.0637604,0.0622303,0.060723,0.059238,0.0577749,0.0563332,0.0549123,0.0535118,0.0521313,0.0507703,0.0494283,0.0481049,0.0467995,0.0455119,0.0442414,0.0429877,0.0417503,0.0405288,0.0393227,0.0381316,0.0369551,0.0357928,0.0346442,0.0335089,0.0323865,0.0312765,0.0301787,0.0290925,0.0280175,0.0269534,0.0258997,0.0248561,0.0238222,0.0227975,0.0217817,0.0207744,0.0197752,0.0187837,0.0177995,0.0168224,0.0158517,0.0148873,0.0139288,0.0129757,0.0120276,0.0110844,0.0101454,0.00921045,0.00827911,0.00735103,0.00642583,0.00550317,0.00458267,0.00366397,0.00274672,0.00183054
0,0.0635826,0.1206,0.168013,0.205696,0.234906,0.257247,0.274199,0.28697,0.296502,0.303508,0.308528,0.311969,0.314145,0.315295,0.315607,0.315228,0.314276,0.312846,0.311014,0.308843,0.306387,0.303688,0.300784,0.297706,0.294479,0.291128,0.287672,0.284127,0.280509,0.276832,0.273105,0.26934,0.265546,0.26173,0.2579,0.254061,0.25022,0.246382,0.242551,0.238731,0.234926,0.231139,0.227374,0.223632,0.219916,0.216229,0.212571,0.208946,0.205354,0.201797,0.198275,0.194791,0.191345,0.187937,0.184568,0.18124,0.177952,0.174705,0.171499,0.168334,0.165211,0.16213,0.15909,0.156093,0.153136,0.150222,0.147349,0.144518,0.141727,0.138977,0.136269,0.1336,0.130971,0.128382,0.125832,0.123322,0.120849,0.118415,0.116019,0.113659,0.111337,0.10905,0.1068,0.104584,0.102404,0.100258,0.0981455,0.0960664,0.0940202,0.0920063,0.0900241,0.0880731,0.0861528,0.0842628,0.0824023,0.0805711,0.0787684,0.0769938,0.0752468,0.0735268,0.0718334,0.070166,0.068524,0.0669071,0.0653146,0.0637461,0.062201,0.0606789,0.0591793,0.0577017,0.0562455,0.0548103,0.0533956,0.0520009,0.0506258,0.0492697,0.0479322,0.0466129,0.0453112,0.0440268,0.0427591,0.0415077,0.0402721,0.039052,0.0378468,0.0366561,0.0354796,0.0343167,0.033167,0.0320301,0.0309056,0.029793,0.028692,0.0276022,0.026523,0.0254542,0.0243953,0.0233458,0.0223055,0.0212739,0.0202506,0.0192352,0.0182273,0.0172266,0.0162326,0.015245,0.0142634,0.0132873,0.0123165,0.0113506,0.010389,0.00943162,0.0084779,0.00752753,0.00658011,0.00563529,0.00469268,0.00375193,0.00281265,0.00187449
0,0.0825388,0.152123,0.205561,0.244855,0.273252,0.293653,0.308259,0.318641,0.325904,0.330826,0.333961,0.335711,0.336369,0.336159,0.335247,0.333766,0.331816,0.32948,0.326823,0.323898,0.320749,0.317413,0.313921,0.310298,0.306566,0.302743,0.298847,0.294891,0.290888,0.286848,0.28278,0.278692,0.274593,0.270489,0.266385,0.262286,0.258198,0.254124,0.250068,0.246033,0.242023,0.238039,0.234085,0.230161,0.226272,0.222417,0.218598,0.214818,0.211076,0.207374,0.203713,0.200094,0.196517,0.192983,0.189493,0.186046,0.182643,0.179284,0.17597,0.172701,0.169476,0.166295,0.163159,0.160067,0.15702,0.154017,0.151057,0.148141,0.145268,0.142438,0.139651,0.136906,0.134203,0.131541,0.12892,0.12634,0.1238,0.121299,0.118838,0.116415,0.11403,0.111683,0.109374,0.1071,0.104863,0.102661,0.100494,0.0983619,0.0962634,0.0941982,0.0921658,0.0901656,0.0881971,0.0862597,0.0843529,0.0824761,0.0806287,0.0788103,0.0770203,0.0752581,0.0735232,0.0718151,0.0701332,0.068477,0.0668459,0.0652395,0.0636572,0.0620985,0.0605628,0.0590497,0.0575587,0.0560893,0.0546408,0.053213,0.0518052,0.0504169,0.0490478,0.0476972,0.0463648,0.0450501,0.0437525,0.0424716,0.041207,0.0399582,0.0387248,0.0375062,0.0363021,0.035112,0.0339354,0.032772,0.0316213,0.0304828,0.0293561,0.0282409,0.0271366,0.026043,0.0249594,0.0238856,0.0228211,0.0217656,0.0207186,0.0196796,0.0186484,0.0176245,0.0166075,0.0155971,0.0145927,0.0135941,0.0126009,0.0116126,0.0106289,0.00964932,0.00867358,0.00770125,0.00673197,0.00576533,0.00480097,0.00383851,0.00287756,0.00191774
0,0.114449,0.199793,0.257254,0.294911,0.319594,0.335855,0.346542,0.35343,0.357647,0.359931,0.360781,0.360543,0.359463,0.357723,0.355458,0.352771,0.349743,0.346435,0.342899,0.339176,0.335299,0.331296,0.327189,0.322999,0.318743,0.314433,0.310083,0.305704,0.301304,0.296892,0.292474,0.288057,0.283647,0.279248,0.274865,0.270502,0.266162,0.261849,0.257565,0.253312,0.249093,0.24491,0.240765,0.236659,0.232593,0.22857,0.224589,0.220652,0.216759,0.212912,0.209111,0.205356,0.201648,0.197988,0.194375,0.190809,0.187291,0.183821,0.180398,0.177024,0.173697,0.170417,0.167185,0.163999,0.160861,0.157768,0.154722,0.151722,0.148768,0.145858,0.142993,0.140172,0.137394,0.13466,0.131969,0.129319,0.126712,0.124146,0.12162,0.119134,0.116688,0.114281,0.111912,0.109581,0.107288,0.105031,0.10281,0.100625,0.0984746,0.0963587,0.0942766,0.0922277,0.0902115,0.0882273,0.0862746,0.0843528,0.0824614,0.0805997,0.0787672,0.0769633,0.0751875,0.0734392,0.0717179,0.0700229,0.0683538,0.0667099,0.0650909,0.063496,0.0619249,0.0603769,0.0588515,0.0573482,0.0558666,0.054406,0.052966,0.0515461,0.0501457,0.0487644,0.0474017,0.0460571,0.0447301,0.0434202,0.042127,0.04085,0.0395887,0.0383427,0.0371114,0.0358945,0.0346915,0.033502,0.0323254,0.0311614,0.0300095,0.0288693,0.0277403,0.0266222,0.0255144,0.0244167,0.0233284,0.0222493,0.0211789,0.0201169,0.0190627,0.018016,0.0169764,0.0159434,0.0149167,0.0138959,0.0128806,0.0118703,0.0108648,0.00986346,0.00886605,0.00787214,0.00688134,0.00589325,0.00490749,0.00392367,0.0029414,0.00196029
0,0.175465,0.275346,0.328753,0.357939,0.374357,0.383631,0.388625,0.390891,0.391323,0.390471,0.388689,0.386216,0.383218,0.379813,0.376092,0.372119,0.367949,0.363619,0.359164,0.354609,0.349975,0.345281,0.340541,0.335768,0.330973,0.326164,0.32135,0.316538,0.311733,0.306942,0.302168,0.297416,0.29269,0.287992,0.283327,0.278696,0.274101,0.269546,0.265031,0.260558,0.256129,0.251745,0.247407,0.243117,0.238874,0.234681,0.230536,0.226442,0.222398,0.218405,0.214463,0.210573,0.206733,0.202946,0.19921,0.195525,0.191892,0.188311,0.18478,0.1813,0.177871,0.174493,0.171164,0.167885,0.164656,0.161475,0.158343,0.15526,0.152223,0.149234,0.146291,0.143395,0.140544,0.137738,0.134976,0.132258,0.129584,0.126952,0.124363,0.121815,0.119308,0.116841,0.114414,0.112026,0.109677,0.107366,0.105092,0.102854,0.100653,0.0984866,0.0963554,0.0942585,0.0921951,0.0901647,0.0881667,0.0862005,0.0842655,0.0823611,0.0804867,0.0786417,0.0768255,0.0750376,0.0732773,0.0715441,0.0698375,0.0681568,0.0665015,0.064871,0.0632649,0.0616825,0.0601233,0.0585867,0.0570723,0.0555795,0.0541078,0.0526566,0.0512255,0.049814,0.0484214,0.0470474,0.0456915,0.0443531,0.0430317,0.0417269,0.0404382,0.0391652,0.0379072,0.036664,0.035435,0.0342197,0.0330177,0.0318286,0.0306519,0.0294871,0.0283338,0.0271917,0.0260601,0.0249387,0.0238271,0.0227249,0.0216315,0.0205467,0.0194699,0.0184008,0.0173389,0.0162839,0.0152352,0.0141926,0.0131556,0.0121237,0.0110967,0.010074,0.00905526,0.00804013,0.00702817,0.006019,0.0050122,0.00400738,0.00300415,0.00200211
0,0.312066,0.397374,0.42447,0.433737,0.436265,0.435688,0.433438,0.430184,0.426283,0.421941,0.41729,0.412416,0.407378,0.402221,0.396976,0.391667,0.386313,0.38093,0.375529,0.370121,0.364713,0.359313,0.353927,0.34856,0.343217,0.337901,0.332616,0.327364,0.32215,0.316975,0.311841,0.30675,0.301705,0.296706,0.291755,0.286853,0.282002,0.277203,0.272455,0.267761,0.263121,0.258535,0.254004,0.249528,0.245107,0.240743,0.236435,0.232183,0.227987,0.223848,0.219765,0.215739,0.211768,0.207854,0.203995,0.200192,0.196443,0.19275,0.189112,0.185528,0.181997,0.17852,0.175096,0.171724,0.168404,0.165135,0.161918,0.15875,0.155633,0.152565,0.149545,0.146574,0.14365,0.140772,0.137941,0.135156,0.132415,0.129719,0.127066,0.124456,0.121889,0.119363,0.116879,0.114434,0.11203,0.109665,0.107338,0.105049,0.102797,0.100581,0.0984014,0.0962569,0.094147,0.092071,0.0900284,0.0880183,0.0860404,0.0840938,0.0821781,0.0802925,0.0784365,0.0766095,0.0748109,0.0730401,0.0712964,0.0695794,0.0678884,0.0662229,0.0645823,0.062966,0.0613735,0.0598042,0.0582575,0.056733,0.0552301,0.0537482,0.0522869,0.0508455,0.0494236,0.0480207,0.0466363,0.0452698,0.0439208,0.0425887,0.041273,0.0399734,0.0386892,0.0374201,0.0361655,0.0349249,0.033698,0.0324842,0.031283,0.0300941,0.028917,0.0277511,0.0265962,0.0254516,0.0243171,0.0231921,0.0220762,0.020969,0.01987,0.0187789,0.0176951,0.0166183,0.0155481,0.0144841,0.0134257,0.0123726,0.0113245,0.0102808,0.00924112,0.00820514,0.00717241,0.00614252,0.00511505,0.00408962,0.0030658,0.00204319
1,0.675425,0.577612,0.538019,0.516271,0.501279,0.489417,0.479254,0.470126,0.461683,0.453721,0.446114,0.438778,0.431659,0.424717,0.417924,0.411259,0.404708,0.398259,0.391902,0.385632,0.379443,0.373332,0.367295,0.361329,0.355434,0.349607,0.343848,0.338155,0.332528,0.326967,0.321471,0.31604,0.310674,0.305372,0.300134,0.294961,0.289853,0.284808,0.279828,0.274911,0.270059,0.26527,0.260545,0.255884,0.251286,0.246751,0.242278,0.237869,0.233521,0.229236,0.225012,0.22085,0.216748,0.212707,0.208725,0.204804,0.200941,0.197137,0.193391,0.189702,0.18607,0.182495,0.178976,0.175511,0.172101,0.168746,0.165443,0.162193,0.158995,0.155848,0.152753,0.149707,0.14671,0.143762,0.140862,0.138009,0.135203,0.132443,0.129727,0.127057,0.12443,0.121846,0.119304,0.116804,0.114345,0.111927,0.109547,0.107207,0.104905,0.102641,0.100413,0.0982222,0.0960663,0.0939454,0.0918586,0.0898054,0.0877851,0.085797,0.0838405,0.081915,0.0800198,0.0781543,0.0763179,0.07451,0.07273,0.0709772,0.0692511,0.0675511,0.0658766,0.0642269,0.0626016,0.0610001,0.0594217,0.057866,0.0563324,0.0548203,0.0533292,0.0518586,0.0504079,0.0489766,0.0475641,0.04617,0.0447938,0.0434349,0.0420928,0.040767,0.039457,0.0381624,0.0368827,0.0356173,0.0343659,0.0331278,0.0319027,0.0306901,0.0294895,0.0283004,0.0271225,0.0259552,0.0247981,0.0236507,0.0225127,0.0213835,0.0202627,0.01915,0.0180448,0.0169467,0.0158553,0.0147701,0.0136908,0.012617,0.0115481,0.0104837,0.00942357,0.00836713,0.007314,0.00626377,0.00521602,0.00417034,0.00312631,0.00208352
1,0.81202,0.69963,0.633724,0.592051,0.563165,0.541446,0.524034,0.509384,0.496603,0.485147,0.474665,0.464925,0.455763,0.447064,0.438744,0.430739,0.423001,0.415495,0.408189,0.401063,0.394097,0.387277,0.380591,0.374029,0.367583,0.361247,0.355014,0.34888,0.342842,0.336895,0.331037,0.325266,0.319579,0.313974,0.30845,0.303006,0.29764,0.29235,0.287137,0.281999,0.276934,0.271943,0.267025,0.262178,0.257402,0.252696,0.24806,0.243493,0.238995,0.234563,0.230199,0.225901,0.221669,0.217501,0.213398,0.209358,0.205381,0.201467,0.197614,0.193821,0.190089,0.186416,0.182802,0.179246,0.175746,0.172304,0.168917,0.165585,0.162307,0.159083,0.155911,0.152792,0.149723,0.146705,0.143737,0.140818,0.137946,0.135123,0.132346,0.129614,0.126928,0.124287,0.121689,0.119134,0.116621,0.11415,0.11172,0.109329,0.106978,0.104665,0.102391,0.100153,0.0979522,0.0957869,0.0936567,0.0915609,0.0894989,0.0874699,0.0854733,0.0835084,0.0815747,0.0796713,0.0777978,0.0759534,0.0741376,0.0723496,0.070589,0.068855,0.0671471,0.0654647,0.0638072,0.0621739,0.0605645,0.0589781,0.0574143,0.0558726,0.0543522,0.0528528,0.0513738,0.0499146,0.0484746,0.0470534,0.0456504,0.0442652,0.0428971,0.0415456,0.0402104,0.0388908,0.0375864,0.0362967,0.0350211,0.0337592,0.0325106,0.0312747,0.0300511,0.0288393,0.0276388,0.0264491,0.0252699,0.0241006,0.0229409,0.0217901,0.020648,0.019514,0.0183877,0.0172687,0.0161566,0.0150508,0.0139509,0.0128566,0.0117674,0.0106828,0.00960253,0.00852601,0.00745288,0.0063827,0.00531505,0.00424951,0.00318566,0.00212307
1,0.873027,0.775165,0.705194,0.655043,0.617883,0.589168,0.566054,0.546773,0.530198,0.515598,0.502477,0.490493,0.479404,0.469033,0.459249,0.449951,0.441065,0.432529,0.424298,0.416334,0.408605,0.401089,0.393764,0.386614,0.379624,0.372783,0.366082,0.359511,0.353065,0.346735,0.340518,0.334408,0.328402,0.322497,0.316688,0.310973,0.305351,0.299818,0.294372,0.289013,0.283738,0.278545,0.273434,0.268402,0.263449,0.258574,0.253775,0.249051,0.244401,0.239825,0.235321,0.230888,0.226525,0.222232,0.218008,0.213851,0.209761,0.205736,0.201777,0.197881,0.194049,0.19028,0.186572,0.182924,0.179336,0.175808,0.172337,0.168924,0.165567,0.162266,0.159019,0.155827,0.152687,0.1496,0.146564,0.143579,0.140644,0.137757,0.134919,0.132129,0.129384,0.126686,0.124033,0.121423,0.118858,0.116335,0.113853,0.111413,0.109014,0.106653,0.104332,0.102049,0.0998036,0.0975947,0.0954217,0.0932841,0.091181,0.0891117,0.0870757,0.0850721,0.0831004,0.0811598,0.0792498,0.0773695,0.0755185,0.073696,0.0719014,0.070134,0.0683934,0.0666788,0.0649896,0.0633253,0.0616852,0.0600687,0.0584753,0.0569044,0.0553554,0.0538278,0.0523209,0.0508343,0.0493674,0.0479196,0.0464904,0.0450792,0.0436856,0.0423091,0.040949,0.0396049,0.0382763,0.0369626,0.0356635,0.0343783,0.0331065,0.0318478,0.0306016,0.0293675,0.0281448,0.0269333,0.0257324,0.0245416,0.0233606,0.0221887,0.0210256,0.0198708,0.0187239,0.0175844,0.0164518,0.0153258,0.0142058,0.0130915,0.0119824,0.010878,0.00977792,0.00868173,0.00758899,0.00649926,0.00541211,0.00432711,0.00324383,0.00216184
1,0.904924,0.822807,0.756846,0.705043,0.664156,0.631288,0.604243,0.581454,0.561821,0.544569,0.529151,0.515167,0.502328,0.490416,0.479267,0.468754,0.458777,0.44926,0.440141,0.431368,0.422903,0.41471,0.406763,0.399038,0.391516,0.384182,0.37702,0.37002,0.36317,0.356464,0.349892,0.343448,0.337127,0.330923,0.324832,0.31885,0.312973,0.307199,0.301523,0.295944,0.290459,0.285066,0.279764,0.274549,0.26942,0.264376,0.259415,0.254535,0.249736,0.245015,0.240373,0.235806,0.231314,0.226896,0.222551,0.218278,0.214075,0.209942,0.205877,0.20188,0.197949,0.194083,0.190282,0.186544,0.182869,0.179255,0.175702,0.172208,0.168773,0.165395,0.162075,0.15881,0.155601,0.152445,0.149343,0.146292,0.143294,0.140346,0.137447,0.134598,0.131796,0.129041,0.126333,0.123671,0.121053,0.118478,0.115947,0.113458,0.111011,0.108604,0.106237,0.103909,0.10162,0.0993679,0.0971529,0.094974,0.0928306,0.0907218,0.0886469,0.0866054,0.0845963,0.0826192,0.0806732,0.0787577,0.0768721,0.0750157,0.0731877,0.0713877,0.0696149,0.0678686,0.0661484,0.0644535,0.0627834,0.0611374,0.059515,0.0579155,0.0563384,0.054783,0.0532489,0.0517354,0.050242,0.0487681,0.0473132,0.0458767,0.0444581,0.0430569,0.0416725,0.0403044,0.038952,0.037615,0.0362926,0.0349846,0.0336903,0.0324092,0.0311409,0.0298848,0.0286405,0.0274075,0.0261854,0.0249736,0.0237716,0.0225791,0.0213954,0.0202203,0.0190531,0.0178935,0.016741,0.0155952,0.0144555,0.0133216,0.0121929,0.0110691,0.00994969,0.00883423,0.00772228,0.00661341,0.00550716,0.0044031,0.00330079,0.0021998
1,0.923862,0.854294,0.79434,0.744129,0.70241,0.667584,0.638176,0.61298,0.591061,0.571709,0.554389,0.538697,0.524326,0.511038,0.49865,0.487019,0.476031,0.465595,0.455637,0.446097,0.436927,0.428086,0.41954,0.41126,0.403222,0.395407,0.387797,0.380377,0.373135,0.366058,0.359138,0.352366,0.345735,0.339237,0.332868,0.326622,0.320494,0.314481,0.308578,0.302782,0.29709,0.291499,0.286007,0.28061,0.275307,0.270096,0.264975,0.259941,0.254993,0.25013,0.245349,0.24065,0.23603,0.231489,0.227025,0.222636,0.218322,0.214081,0.209912,0.205813,0.201784,0.197824,0.19393,0.190103,0.186341,0.182643,0.179008,0.175435,0.171922,0.16847,0.165076,0.16174,0.158461,0.155238,0.15207,0.148956,0.145895,0.142886,0.139928,0.13702,0.134162,0.131352,0.12859,0.125875,0.123205,0.120581,0.118,0.115463,0.112969,0.110516,0.108104,0.105732,0.1034,0.101106,0.0988494,0.09663,0.0944469,0.0922993,0.0901863,0.0881074,0.0860618,0.0840487,0.0820675,0.0801175,0.0781979,0.0763082,0.0744475,0.0726154,0.070811,0.0690338,0.0672831,0.0655583,0.0638587,0.0621838,0.0605329,0.0589054,0.0573006,0.0557182,0.0541573,0.0526175,0.0510982,0.0495987,0.0481186,0.0466573,0.0452142,0.0437889,0.0423806,0.040989,0.0396134,0.0382534,0.0369084,0.035578,0.0342615,0.0329585,0.0316686,0.0303911,0.0291256,0.0278716,0.0266287,0.0253962,0.0241738,0.022961,0.0217573,0.0205622,0.0193753,0.018196,0.017024,0.0158587,0.0146998,0.0135466,0.0123989,0.0112561,0.0101178,0.00898344,0.00785271,0.0067251,0.00560016,0.00447746,0.00335653,0.00223695
1,0.93623,0.876167,0.822089,0.774723,0.733772,0.698463,0.667897,0.64123,0.617734,0.596817,0.578,0.560908,0.545239,0.530759,0.517277,0.504642,0.492733,0.481451,0.470715,0.460458,0.450624,0.441168,0.432051,0.423239,0.414707,0.406429,0.398385,0.390558,0.382933,0.375497,0.368237,0.361144,0.354209,0.347424,0.340782,0.334277,0.327903,0.321654,0.315527,0.309517,0.303621,0.297834,0.292155,0.286579,0.281104,0.275728,0.270448,0.265261,0.260167,0.255163,0.250246,0.245415,0.240669,0.236006,0.231424,0.226921,0.222497,0.218149,0.213877,0.209678,0.205552,0.201498,0.197514,0.193598,0.189751,0.18597,0.182254,0.178602,0.175013,0.171487,0.168021,0.164615,0.161267,0.157978,0.154745,0.151567,0.148445,0.145376,0.142359,0.139395,0.136481,0.133617,0.130802,0.128034,0.125314,0.12264,0.120012,0.117427,0.114887,0.112389,0.109933,0.107518,0.105143,0.102807,0.10051,0.0982512,0.0960292,0.0938434,0.0916931,0.0895776,0.087496,0.0854477,0.083432,0.0814481,0.0794952,0.0775728,0.0756802,0.0738165,0.0719813,0.0701737,0.0683931,0.066639,0.0649106,0.0632073,0.0615285,0.0598736,0.0582419,0.0566328,0.0550458,0.0534802,0.0519355,0.0504111,0.0489063,0.0474207,0.0459537,0.0445046,0.0430731,0.0416584,0.0402601,0.0388777,0.0375105,0.0361582,0.03482,0.0334957,0.0321845,0.0308861,0.0295999,0.0283253,0.027062,0.0258094,0.0245671,0.0233345,0.0221111,0.0208965,0.0196902,0.0184918,0.0173007,0.0161164,0.0149386,0.0137667,0.0126003,0.0114389,0.0102821,0.00912932,0.00798021,0.00683428,0.00569108,0.00455014,0.00341102,0.00227326
1,0.944889,0.892055,0.843128,0.798902,0.759492,0.724598,0.693721,0.666307,0.64183,0.619823,0.599888,0.581694,0.564966,0.549481,0.535056,0.52154,0.50881,0.496763,0.485315,0.474395,0.463943,0.453911,0.444256,0.434942,0.425937,0.417217,0.408757,0.400539,0.392545,0.38476,0.37717,0.369766,0.362535,0.355469,0.348561,0.341802,0.335186,0.328707,0.32236,0.31614,0.310043,0.304064,0.2982,0.292448,0.286803,0.281264,0.275828,0.270492,0.265252,0.260109,0.255058,0.250098,0.245227,0.240443,0.235744,0.231129,0.226596,0.222143,0.217769,0.213472,0.209251,0.205104,0.20103,0.197028,0.193095,0.189232,0.185437,0.181708,0.178044,0.174444,0.170907,0.167432,0.164017,0.160662,0.157366,0.154126,0.150943,0.147815,0.144741,0.14172,0.138752,0.135834,0.132967,0.130149,0.127379,0.124656,0.12198,0.119349,0.116763,0.114221,0.111722,0.109264,0.106848,0.104472,0.102135,0.0998369,0.0975767,0.0953535,0.0931666,0.0910152,0.0888984,0.0868156,0.084766,0.0827489,0.0807635,0.0788092,0.0768851,0.0749906,0.0731251,0.0712878,0.0694781,0.0676952,0.0659386,0.0642076,0.0625015,0.0608197,0.0591616,0.0575266,0.0559139,0.0543232,0.0527536,0.0512047,0.0496759,0.0481665,0.0466761,0.0452039,0.0437496,0.0423124,0.0408919,0.0394875,0.0380987,0.0367249,0.0353657,0.0340204,0.0326885,0.0313696,0.0300631,0.0287685,0.0274854,0.0262131,0.0249512,0.0236992,0.0224567,0.0212231,0.0199979,0.0187806,0.0175709,0.0163681,0.0151718,0.0139816,0.012797,0.0116174,0.0104425,0.00927179,0.00810474,0.00694092,0.00577988,0.00462114,0.00346424,0.00230872
1,0.951272,0.904037,0.859466,0.818263,0.780697,0.746718,0.71608,0.688447,0.663456,0.640758,0.620037,0.601013,0.58345,0.567145,0.551927,0.537653,0.524203,0.511476,0.499387,0.487863,0.476845,0.466279,0.456121,0.446334,0.436885,0.427744,0.418889,0.410296,0.401948,0.393827,0.38592,0.378214,0.370697,0.363359,0.356191,0.349184,0.342332,0.335629,0.329067,0.322641,0.316347,0.31018,0.304135,0.298209,0.292399,0.2867,0.28111,0.275625,0.270244,0.264963,0.25978,0.254693,0.249699,0.244796,0.239983,0.235257,0.230617,0.22606,0.221586,0.217192,0.212876,0.208638,0.204476,0.200388,0.196373,0.192429,0.188555,0.18475,0.181012,0.17734,0.173733,0.17019,0.16671,0.16329,0.159931,0.15663,0.153387,0.150201,0.147071,0.143995,0.140973,0.138003,0.135084,0.132216,0.129397,0.126627,0.123905,0.121228,0.118598,0.116012,0.11347,0.110971,0.108514,0.106098,0.103722,0.101386,0.0990886,0.0968288,0.0946061,0.0924195,0.0902683,0.0881517,0.086069,0.0840194,0.0820022,0.0800165,0.0780618,0.0761372,0.0742421,0.0723757,0.0705374,0.0687265,0.0669423,0.0651842,0.0634514,0.0617434,0.0600595,0.058399,0.0567614,0.055146,0.0535522,0.0519794,0.0504271,0.0488945,0.0473812,0.0458865,0.0444098,0.0429507,0.0415085,0.0400827,0.0386727,0.0372781,0.0358981,0.0345324,0.0331804,0.0318415,0.0305152,0.029201,0.0278984,0.0266069,0.025326,0.0240552,0.0227939,0.0215417,0.020298,0.0190625,0.0178345,0.0166137,0.0153994,0.0141913,0.0129889,0.0117916,0.0105991,0.00941079,0.00822624,0.00704497,0.00586652,0.0046904,0.00351616,0.00234333
1,0.956163,0.913356,0.872435,0.833987,0.798317,0.765496,0.735436,0.707946,0.68279,0.659717,0.638487,0.618873,0.600677,0.583721,0.567853,0.552942,0.538874,0.525552,0.512894,0.500828,0.489294,0.478239,0.467617,0.45739,0.447524,0.437988,0.428758,0.419809,0.411123,0.402682,0.39447,0.386474,0.37868,0.371079,0.363659,0.356413,0.349333,0.34241,0.335638,0.329012,0.322526,0.316174,0.309953,0.303857,0.297884,0.292028,0.286287,0.280657,0.275136,0.269721,0.264408,0.259195,0.25408,0.249061,0.244135,0.2393,0.234555,0.229896,0.225323,0.220834,0.216426,0.212098,0.207849,0.203677,0.19958,0.195557,0.191606,0.187726,0.183915,0.180173,0.176498,0.172888,0.169342,0.165859,0.162438,0.159078,0.155777,0.152534,0.149348,0.146218,0.143143,0.140121,0.137153,0.134236,0.131369,0.128552,0.125784,0.123063,0.120389,0.117761,0.115177,0.112637,0.11014,0.107686,0.105272,0.102898,0.100564,0.0982687,0.0960108,0.0937899,0.091605,0.0894554,0.0873403,0.085259,0.0832106,0.0811944,0.0792097,0.0772556,0.0753316,0.0734368,0.0715707,0.0697324,0.0679212,0.0661366,0.0643778,0.0626442,0.0609351,0.0592498,0.0575878,0.0559484,0.0543309,0.0527349,0.0511595,0.0496043,0.0480686,0.0465519,0.0450536,0.043573,0.0421097,0.040663,0.0392324,0.0378173,0.0364172,0.0350316,0.0336598,0.0323014,0.0309559,0.0296226,0.0283011,0.0269909,0.0256914,0.0244021,0.0231226,0.0218522,0.0205906,0.0193372,0.0180915,0.016853,0.0156213,0.0143957,0.013176,0.0119615,0.0107517,0.00954629,0.00834467,0.00714639,0.00595096,0.00475792,0.00356677,0.00237706
1,0.960024,0.920788,0.882932,0.846934,0.813085,0.781515,0.752221,0.72511,0.700039,0.676835,0.65532,0.635317,0.616663,0.59921,0.582825,0.567388,0.552799,0.538965,0.525809,0.513262,0.501264,0.489765,0.478719,0.468086,0.457833,0.447928,0.438345,0.429061,0.420055,0.411309,0.402806,0.394531,0.386473,0.378618,0.370956,0.363478,0.356176,0.34904,0.342065,0.335244,0.328571,0.32204,0.315646,0.309385,0.303251,0.297243,0.291354,0.285582,0.279924,0.274377,0.268937,0.263601,0.258368,0.253234,0.248198,0.243256,0.238407,0.233649,0.228979,0.224396,0.219897,0.215482,0.211147,0.206892,0.202715,0.198614,0.194587,0.190634,0.186752,0.182941,0.179198,0.175522,0.171913,0.168368,0.164887,0.161468,0.158109,0.154811,0.15157,0.148388,0.145261,0.142189,0.139171,0.136206,0.133293,0.13043,0.127617,0.124853,0.122136,0.119466,0.116842,0.114262,0.111727,0.109234,0.106783,0.104373,0.102003,0.0996723,0.0973802,0.0951256,0.0929079,0.0907261,0.0885794,0.086467,0.0843882,0.0823422,0.0803282,0.0783455,0.0763932,0.0744708,0.0725774,0.0707123,0.0688749,0.0670645,0.0652803,0.0635217,0.061788,0.0600786,0.0583928,0.05673,0.0550894,0.0534706,0.0518729,0.0502956,0.0487382,0.0472,0.0456805,0.0441791,0.0426951,0.0412281,0.0397774,0.0383424,0.0369227,0.0355177,0.0341267,0.0327494,0.031385,0.0300331,0.0286932,0.0273647,0.0260472,0.02474,0.0234426,0.0221546,0.0208755,0.0196047,0.0183417,0.0170861,0.0158373,0.0145948,0.0133581,0.0121268,0.0109003,0.00967821,0.00845998,0.00724513,0.00603319,0.00482365,0.00361605,0.0024099
1,0.963145,0.926839,0.891572,0.85773,0.825577,0.795258,0.766822,0.740236,0.715422,0.692266,0.67064,0.650411,0.631449,0.613632,0.596847,0.580989,0.565968,0.551701,0.538115,0.525146,0.512738,0.500839,0.489408,0.478404,0.467793,0.457546,0.447635,0.438036,0.428728,0.419693,0.410914,0.402375,0.394062,0.385964,0.37807,0.370369,0.362852,0.355512,0.34834,0.34133,0.334475,0.327769,0.321207,0.314785,0.308496,0.302338,0.296305,0.290395,0.284603,0.278927,0.273362,0.267907,0.262558,0.257312,0.252167,0.247121,0.242171,0.237314,0.232549,0.227874,0.223287,0.218785,0.214367,0.210031,0.205775,0.201598,0.197497,0.193472,0.189521,0.185641,0.181832,0.178093,0.174421,0.170815,0.167275,0.163798,0.160384,0.157031,0.153737,0.150503,0.147325,0.144204,0.141139,0.138127,0.135168,0.13226,0.129404,0.126597,0.123839,0.121128,0.118464,0.115845,0.113271,0.110741,0.108254,0.105808,0.103404,0.101039,0.0987134,0.0964262,0.0941763,0.0919631,0.0897856,0.087643,0.0855346,0.0834595,0.0814169,0.0794062,0.0774264,0.075477,0.0735571,0.071666,0.069803,0.0679674,0.0661585,0.0643756,0.0626179,0.060885,0.059176,0.0574904,0.0558274,0.0541865,0.0525669,0.0509682,0.0493896,0.0478305,0.0462904,0.0447686,0.0432646,0.0417778,0.0403075,0.0388532,0.0374144,0.0359905,0.0345809,0.033185,0.0318024,0.0304324,0.0290746,0.0277284,0.0263932,0.0250685,0.0237539,0.0224488,0.0211526,0.0198649,0.0185851,0.0173127,0.0160473,0.0147883,0.0135352,0.0122876,0.0110448,0.00980652,0.00857212,0.00734117,0.00611315,0.00488758,0.00366397,0.00244183
1,0.965716,0.931851,0.898787,0.866837,0.836233,0.807121,0.779571,0.753592,0.729147,0.706167,0.684563,0.664238,0.645092,0.627024,0.609941,0.593754,0.578384,0.563756,0.549805,0.536471,0.523701,0.511448,0.49967,0.488329,0.477392,0.466829,0.456613,0.44672,0.43713,0.427823,0.418782,0.409992,0.401438,0.393108,0.384991,0.377076,0.369354,0.361816,0.354454,0.347261,0.34023,0.333356,0.326631,0.320052,0.313613,0.307309,0.301136,0.295091,0.289168,0.283366,0.27768,0.272108,0.266645,0.26129,0.256039,0.250891,0.245841,0.240889,0.236032,0.231267,0.226593,0.222006,0.217507,0.213091,0.208759,0.204507,0.200334,0.196238,0.192218,0.188273,0.184399,0.180597,0.176864,0.173199,0.169601,0.166068,0.162599,0.159193,0.155847,0.152562,0.149335,0.146166,0.143053,0.139996,0.136992,0.134041,0.131142,0.128294,0.125495,0.122744,0.120042,0.117385,0.114774,0.112208,0.109685,0.107205,0.104766,0.102368,0.10001,0.0976908,0.0954097,0.0931658,0.0909583,0.0887863,0.086649,0.0845456,0.0824753,0.0804372,0.0784308,0.076455,0.0745093,0.0725929,0.070705,0.0688449,0.0670119,0.0652054,0.0634245,0.0616686,0.0599371,0.0582293,0.0565445,0.054882,0.0532413,0.0516216,0.0500225,0.0484431,0.046883,0.0453414,0.0438179,0.0423118,0.0408225,0.0393495,0.0378921,0.0364498,0.0350221,0.0336083,0.0322079,0.0308203,0.0294451,0.0280816,0.0267293,0.0253877,0.0240563,0.0227345,0.0214217,0.0201176,0.0188215,0.0175329,0.0162514,0.0149763,0.0137073,0.0124438,0.0111852,0.00993114,0.00868105,0.00743445,0.00619082,0.00494968,0.00371052,0.00247286
1,0.967868,0.936063,0.904888,0.8746,0.845398,0.817421,0.790749,0.765414,0.741407,0.718691,0.697208,0.676888,0.657655,0.639431,0.622138,0.605704,0.590057,0.575135,0.560878,0.547232,0.534148,0.521583,0.509496,0.497851,0.486617,0.475765,0.465268,0.455103,0.44525,0.435688,0.426401,0.417373,0.408591,0.400041,0.391711,0.383592,0.375673,0.367945,0.3604,0.353032,0.345831,0.338793,0.331911,0.32518,0.318595,0.31215,0.305841,0.299664,0.293615,0.28769,0.281886,0.276199,0.270627,0.265165,0.259811,0.254562,0.249417,0.244371,0.239423,0.234571,0.229811,0.225143,0.220563,0.216071,0.211663,0.207338,0.203095,0.19893,0.194844,0.190833,0.186897,0.183033,0.179241,0.175518,0.171864,0.168276,0.164753,0.161295,0.157899,0.154564,0.15129,0.148074,0.144915,0.141813,0.138765,0.135772,0.132832,0.129943,0.127104,0.124315,0.121574,0.118881,0.116234,0.113632,0.111075,0.108561,0.106089,0.103659,0.101269,0.0989189,0.0966074,0.0943337,0.092097,0.0898964,0.087731,0.0856001,0.0835028,0.0814382,0.0794057,0.0774045,0.0754337,0.0734926,0.0715805,0.0696967,0.0678403,0.0660107,0.0642073,0.0624292,0.0606758,0.0589464,0.0572404,0.055557,0.0538957,0.0522558,0.0506366,0.0490375,0.0474579,0.0458972,0.0443548,0.04283,0.0413223,0.039831,0.0383556,0.0368955,0.0354501,0.0340189,0.0326013,0.0311967,0.0298045,0.0284243,0.0270554,0.0256974,0.0243497,0.0230116,0.0216829,0.0203628,0.0190508,0.0177465,0.0164493,0.0151587,0.0138742,0.0125953,0.0113214,0.010052,0.00878672,0.00752494,0.00626617,0.00500992,0.00375568,0.00250295
1,0.969692,0.939645,0.910102,0.881276,0.853338,0.826415,0.800591,0.775908,0.752377,0.729983,0.70869,0.688452,0.669211,0.650907,0.633479,0.616865,0.601007,0.58585,0.571341,0.557431,0.544078,0.531239,0.518879,0.506963,0.495462,0.484346,0.473592,0.463176,0.453078,0.443279,0.433762,0.424511,0.415513,0.406754,0.398223,0.389909,0.381801,0.373892,0.366172,0.358634,0.351271,0.344076,0.337042,0.330164,0.323437,0.316856,0.310415,0.304111,0.297939,0.291895,0.285977,0.280179,0.274498,0.268933,0.263479,0.258133,0.252893,0.247757,0.242721,0.237783,0.232941,0.228192,0.223535,0.218967,0.214486,0.21009,0.205777,0.201546,0.197395,0.193321,0.189323,0.1854,0.18155,0.177771,0.174061,0.17042,0.166845,0.163336,0.159891,0.156508,0.153187,0.149925,0.146722,0.143576,0.140487,0.137452,0.134471,0.131543,0.128666,0.125839,0.123062,0.120332,0.11765,0.115014,0.112423,0.109876,0.107373,0.104911,0.10249,0.10011,0.0977689,0.0954662,0.0932012,0.0909727,0.0887801,0.0866224,0.0844989,0.0824087,0.0803509,0.0783249,0.0763298,0.0743648,0.0724292,0.0705223,0.0686432,0.0667913,0.0649659,0.0631663,0.0613916,0.0596414,0.0579148,0.0562112,0.0545299,0.0528703,0.0512317,0.0496135,0.0480151,0.0464358,0.044875,0.0433321,0.0418065,0.0402975,0.0388047,0.0373273,0.0358649,0.0344168,0.0329824,0.0315613,0.0301528,0.0287563,0.0273714,0.0259974,0.0246339,0.0232802,0.0219358,0.0206003,0.019273,0.0179535,0.0166411,0.0153354,0.0140359,0.0127421,0.0114533,0.0101692,0.00888909,0.0076126,0.00633916,0.00506828,0.00379943,0.0025321
1,0.971256,0.942722,0.9146,0.887064,0.860263,0.834312,0.809291,0.78525,0.76221,0.740173,0.719119,0.699018,0.679829,0.661508,0.644005,0.627271,0.611258,0.595917,0.581204,0.567076,0.553493,0.540419,0.527819,0.515663,0.503921,0.492567,0.481578,0.470932,0.460608,0.450588,0.440856,0.431397,0.422196,0.41324,0.404518,0.396019,0.387733,0.379651,0.371764,0.364064,0.356544,0.349197,0.342018,0.334999,0.328135,0.321422,0.314854,0.308427,0.302136,0.295977,0.289947,0.284042,0.278257,0.272591,0.267039,0.261599,0.256268,0.251043,0.245922,0.240901,0.235978,0.231151,0.226419,0.221777,0.217225,0.21276,0.208381,0.204084,0.199869,0.195734,0.191677,0.187696,0.183789,0.179955,0.176192,0.172499,0.168874,0.165315,0.161822,0.158393,0.155026,0.151719,0.148473,0.145285,0.142154,0.13908,0.136059,0.133093,0.130179,0.127315,0.124502,0.121738,0.119022,0.116353,0.113729,0.11115,0.108615,0.106123,0.103673,0.101263,0.0988934,0.0965628,0.0942702,0.0920148,0.0897958,0.0876122,0.0854632,0.0833481,0.0812658,0.0792158,0.0771971,0.0752089,0.0732506,0.0713213,0.0694203,0.0675468,0.0657002,0.0638796,0.0620844,0.0603139,0.0585674,0.0568441,0.0551435,0.0534649,0.0518076,0.0501709,0.0485542,0.0469569,0.0453784,0.0438179,0.042275,0.0407489,0.0392392,0.0377451,0.0362662,0.0348017,0.0333512,0.031914,0.0304897,0.0290775,0.027677,0.0262876,0.0249088,0.02354,0.0221806,0.0208301,0.0194879,0.0181536,0.0168266,0.0155064,0.0141924,0.0128841,0.0115809,0.0102825,0.00898812,0.0076974,0.00640977,0.00512473,0.00384174,0.0025603
1,0.972608,0.94539,0.91851,0.892117,0.86634,0.841279,0.817012,0.79359,0.771043,0.74938,0.728595,0.708671,0.689581,0.671291,0.653763,0.636958,0.620836,0.605357,0.590483,0.576176,0.562401,0.549124,0.536316,0.523948,0.511992,0.500425,0.489223,0.478366,0.467835,0.457611,0.44768,0.438026,0.428634,0.419494,0.410592,0.401918,0.393462,0.385215,0.377169,0.369315,0.361645,0.354154,0.346834,0.339679,0.332685,0.325845,0.319154,0.312608,0.306202,0.299932,0.293794,0.287785,0.2819,0.276136,0.27049,0.264959,0.259539,0.254228,0.249023,0.243922,0.238921,0.234019,0.229212,0.2245,0.219879,0.215347,0.210902,0.206543,0.202266,0.198071,0.193956,0.189919,0.185957,0.18207,0.178255,0.174511,0.170837,0.167231,0.163691,0.160216,0.156805,0.153456,0.150168,0.146939,0.143768,0.140654,0.137596,0.134592,0.131642,0.128743,0.125896,0.123098,0.120349,0.117647,0.114992,0.112382,0.109817,0.107295,0.104816,0.102378,0.0999806,0.0976228,0.0953036,0.0930221,0.0907775,0.0885688,0.0863953,0.084256,0.0821501,0.0800768,0.0780352,0.0760247,0.0740444,0.0720934,0.0701712,0.0682768,0.0664096,0.0645688,0.0627538,0.0609637,0.0591979,0.0574557,0.0557364,0.0540394,0.0523639,0.0507093,0.049075,0.0474603,0.0458646,0.0442872,0.0427275,0.041185,0.0396589,0.0381487,0.0366538,0.0351735,0.0337074,0.0322548,0.0308151,0.0293878,0.0279723,0.026568,0.0251744,0.0237909,0.0224169,0.021052,0.0196955,0.018347,0.0170058,0.0156715,0.0143435,0.0130212,0.0117042,0.0103919,0.00908376,0.0077793,0.00647797,0.00517925,0.00388261,0.00258754
1,0.973787,0.947719,0.921933,0.896556,0.871699,0.847452,0.823888,0.801056,0.778991,0.757708,0.737212,0.717492,0.698533,0.680311,0.662798,0.645962,0.629772,0.614194,0.599195,0.584744,0.57081,0.557363,0.544375,0.531821,0.519676,0.507917,0.496524,0.485475,0.474754,0.464344,0.454228,0.444392,0.434823,0.425509,0.416438,0.4076,0.398984,0.390581,0.382383,0.374382,0.36657,0.35894,0.351486,0.344202,0.337081,0.330119,0.32331,0.31665,0.310133,0.303756,0.297515,0.291405,0.285423,0.279565,0.273827,0.268207,0.262702,0.257308,0.252023,0.246844,0.241767,0.236792,0.231914,0.227133,0.222445,0.217848,0.21334,0.208919,0.204583,0.200331,0.196159,0.192067,0.188053,0.184114,0.180249,0.176456,0.172735,0.169082,0.165497,0.161978,0.158524,0.155133,0.151805,0.148536,0.145327,0.142175,0.13908,0.136041,0.133055,0.130122,0.127241,0.124411,0.12163,0.118897,0.116211,0.113572,0.110977,0.108427,0.105919,0.103454,0.10103,0.0986457,0.0963008,0.0939941,0.0917248,0.0894919,0.0872946,0.085132,0.0830032,0.0809074,0.0788439,0.0768117,0.0748101,0.0728383,0.0708955,0.068981,0.0670939,0.0652337,0.0633994,0.0615904,0.0598061,0.0580456,0.0563083,0.0545935,0.0529005,0.0512287,0.0495773,0.0479458,0.0463335,0.0447398,0.043164,0.0416055,0.0400636,0.0385378,0.0370275,0.0355321,0.0340509,0.0325833,0.0311289,0.029687,0.0282569,0.0268383,0.0254304,0.0240328,0.0226448,0.021266,0.0198957,0.0185334,0.0171786,0.0158307,0.0144891,0.0131534,0.011823,0.0104974,0.00917598,0.00785827,0.00654372,0.00523182,0.00392202,0.0026138
1,0.974822,0.949765,0.924947,0.900476,0.876448,0.852944,0.83003,0.807756,0.786156,0.765251,0.745051,0.725553,0.706749,0.688624,0.671155,0.654321,0.638096,0.622451,0.60736,0.592796,0.578732,0.565142,0.552001,0.539286,0.526975,0.515046,0.50348,0.492258,0.481364,0.470782,0.460496,0.450493,0.440759,0.431283,0.422054,0.41306,0.404293,0.395743,0.387401,0.37926,0.371313,0.363551,0.35597,0.348561,0.34132,0.334241,0.32732,0.32055,0.313927,0.307447,0.301105,0.294899,0.288823,0.282874,0.277049,0.271343,0.265756,0.260282,0.254919,0.249664,0.244515,0.239468,0.234522,0.229674,0.224921,0.220261,0.215692,0.211213,0.206819,0.202511,0.198285,0.19414,0.190074,0.186085,0.182172,0.178332,0.174564,0.170867,0.167239,0.163677,0.160182,0.156751,0.153383,0.150076,0.146829,0.143641,0.140511,0.137436,0.134417,0.131451,0.128538,0.125676,0.122864,0.120101,0.117386,0.114717,0.112095,0.109517,0.106982,0.104491,0.102041,0.0996311,0.0972614,0.0949304,0.0926372,0.0903809,0.0881607,0.0859756,0.0838248,0.0817074,0.0796226,0.0775696,0.0755475,0.0735556,0.071593,0.069659,0.0677529,0.0658738,0.064021,0.0621939,0.0603916,0.0586135,0.0568588,0.0551269,0.053417,0.0517286,0.0500609,0.0484132,0.046785,0.0451755,0.0435841,0.0420102,0.0404532,0.0389124,0.0373873,0.0358772,0.0343815,0.0328996,0.0314309,0.0299749,0.028531,0.0270985,0.0256769,0.0242657,0.0228642,0.021472,0.0200884,0.0187128,0.0173449,0.0159839,0.0146293,0.0132807,0.0119374,0.0105989,0.00926474,0.00793427,0.00660701,0.00528241,0.00395995,0.00263908
1,0.975734,0.951572,0.927614,0.903953,0.880673,0.857846,0.835534,0.813782,0.792627,0.772091,0.752187,0.732921,0.714288,0.696279,0.67888,0.662073,0.645839,0.630155,0.615,0.600349,0.586181,0.572473,0.559202,0.546348,0.533891,0.521812,0.510092,0.498715,0.487664,0.476925,0.466483,0.456325,0.446438,0.436811,0.427434,0.418295,0.409386,0.400697,0.39222,0.383947,0.375871,0.367985,0.360281,0.352754,0.345399,0.338208,0.331178,0.324303,0.317579,0.311,0.304563,0.298263,0.292097,0.286061,0.280151,0.274364,0.268697,0.263145,0.257708,0.25238,0.247161,0.242046,0.237034,0.232121,0.227306,0.222585,0.217958,0.213421,0.208972,0.20461,0.200332,0.196136,0.19202,0.187983,0.184023,0.180138,0.176325,0.172585,0.168915,0.165312,0.161777,0.158307,0.154901,0.151557,0.148275,0.145052,0.141887,0.138779,0.135727,0.132729,0.129785,0.126892,0.124051,0.121259,0.118515,0.115819,0.113169,0.110565,0.108004,0.105487,0.103012,0.100578,0.0981848,0.0958304,0.0935143,0.0912355,0.0889932,0.0867865,0.0846145,0.0824763,0.080371,0.0782979,0.0762561,0.0742449,0.0722633,0.0703106,0.0683861,0.0664889,0.0646184,0.0627737,0.0609542,0.0591591,0.0573878,0.0556394,0.0539133,0.0522089,0.0505254,0.0488623,0.0472187,0.0455941,0.0439877,0.0423991,0.0408275,0.0392723,0.037733,0.0362087,0.0346991,0.0332034,0.0317211,0.0302516,0.0287942,0.0273484,0.0259137,0.0244894,0.023075,0.0216698,0.0202734,0.0188852,0.0175046,0.0161311,0.014764,0.013403,0.0120473,0.0106965,0.00935,0.00800729,0.0066678,0.00533102,0.00399638,0.00266336
1,0.976543,0.953176,0.929984,0.907049,0.884444,0.862235,0.840476,0.819212,0.798478,0.778298,0.758687,0.739655,0.721202,0.703324,0.686012,0.669253,0.653032,0.637332,0.622135,0.607421,0.593171,0.579366,0.565987,0.553015,0.540431,0.52822,0.516363,0.504846,0.493653,0.482771,0.472186,0.461886,0.451858,0.442092,0.432577,0.423302,0.41426,0.405441,0.396836,0.388439,0.380241,0.372236,0.364417,0.356778,0.349313,0.342017,0.334883,0.327908,0.321086,0.314413,0.307884,0.301496,0.295243,0.289124,0.283132,0.277267,0.271523,0.265897,0.260388,0.254991,0.249704,0.244523,0.239447,0.234473,0.229597,0.224819,0.220135,0.215543,0.21104,0.206626,0.202298,0.198053,0.193889,0.189806,0.185801,0.181872,0.178017,0.174235,0.170524,0.166882,0.163309,0.159801,0.156359,0.15298,0.149662,0.146405,0.143208,0.140068,0.136984,0.133956,0.130981,0.12806,0.12519,0.12237,0.119599,0.116876,0.1142,0.11157,0.108985,0.106443,0.103944,0.101487,0.0990706,0.0966937,0.0943555,0.0920552,0.0897917,0.0875643,0.0853719,0.0832137,0.0810888,0.0789964,0.0769357,0.0749059,0.072906,0.0709354,0.0689933,0.0670787,0.0651912,0.0633297,0.0614937,0.0596823,0.057895,0.0561308,0.0543892,0.0526695,0.0509709,0.0492928,0.0476345,0.0459953,0.0443747,0.0427719,0.0411864,0.0396174,0.0380643,0.0365266,0.0350036,0.0334947,0.0319993,0.0305168,0.0290465,0.027588,0.0261407,0.0247038,0.023277,0.0218595,0.0204508,0.0190504,0.0176577,0.0162721,0.0148931,0.0135201,0.0121526,0.01079,0.00943172,0.00807727,0.00672608,0.0053776,0.0040313,0.00268663
1,0.977263,0.954604,0.932098,0.909815,0.88782,0.866173,0.844924,0.824113,0.803775,0.783935,0.76461,0.745811,0.727543,0.709805,0.692592,0.675895,0.659705,0.644007,0.628787,0.614029,0.599717,0.585835,0.572366,0.559293,0.5466,0.534273,0.522295,0.510653,0.499333,0.488322,0.477607,0.467176,0.457018,0.447122,0.437479,0.428079,0.418912,0.409971,0.401247,0.392732,0.38442,0.376303,0.368375,0.360629,0.353061,0.345663,0.338432,0.331361,0.324447,0.317683,0.311067,0.304594,0.298259,0.292059,0.28599,0.280049,0.274232,0.268536,0.262957,0.257493,0.252141,0.246898,0.241761,0.236727,0.231794,0.226959,0.222221,0.217576,0.213023,0.208559,0.204182,0.19989,0.195681,0.191553,0.187504,0.183533,0.179637,0.175815,0.172066,0.168386,0.164776,0.161233,0.157755,0.154342,0.150991,0.147702,0.144473,0.141302,0.138188,0.13513,0.132127,0.129178,0.12628,0.123433,0.120636,0.117888,0.115187,0.112533,0.109923,0.107358,0.104837,0.102357,0.0999183,0.0975199,0.0951606,0.0928396,0.0905559,0.0883085,0.0860966,0.0839192,0.0817756,0.0796648,0.077586,0.0755383,0.073521,0.0715332,0.0695741,0.067643,0.0657391,0.0638616,0.0620098,0.0601828,0.0583801,0.0566009,0.0548444,0.05311,0.0513969,0.0497046,0.0480322,0.0463792,0.0447448,0.0431285,0.0415296,0.0399474,0.0383812,0.0368306,0.0352948,0.0337732,0.0322653,0.0307704,0.0292879,0.0278172,0.0263577,0.0249089,0.0234702,0.0220409,0.0206205,0.0192085,0.0178042,0.0164071,0.0150166,0.0136322,0.0122533,0.0108794,0.00950988,0.0081442,0.0067818,0.00542216,0.0040647,0.00270889
1,0.977906,0.95588,0.933988,0.912291,0.89085,0.869715,0.848932,0.828542,0.808575,0.789057,0.770007,0.751437,0.733354,0.71576,0.698655,0.682032,0.665886,0.650204,0.634977,0.620192,0.605835,0.591892,0.578348,0.565191,0.552405,0.539977,0.527893,0.51614,0.504705,0.493577,0.482744,0.472193,0.461916,0.451902,0.44214,0.432623,0.423341,0.414285,0.405449,0.396824,0.388404,0.380182,0.372151,0.364305,0.356638,0.349145,0.341821,0.33466,0.327657,0.320808,0.314108,0.307554,0.301141,0.294865,0.288722,0.282709,0.276822,0.271058,0.265413,0.259886,0.254471,0.249168,0.243972,0.238882,0.233894,0.229006,0.224215,0.21952,0.214918,0.210406,0.205982,0.201645,0.197393,0.193222,0.189132,0.185121,0.181186,0.177326,0.173539,0.169823,0.166177,0.1626,0.159089,0.155643,0.152261,0.14894,0.145681,0.14248,0.139338,0.136252,0.133222,0.130245,0.127321,0.124449,0.121627,0.118854,0.116129,0.113452,0.110819,0.108232,0.105688,0.103187,0.100728,0.0983085,0.0959291,0.0935883,0.0912852,0.0890188,0.0867883,0.0845926,0.082431,0.0803026,0.0782065,0.0761419,0.0741078,0.0721036,0.0701285,0.0681815,0.066262,0.0643691,0.0625022,0.0606604,0.0588431,0.0570494,0.0552787,0.0535303,0.0518034,0.0500975,0.0484117,0.0467454,0.045098,0.0434687,0.041857,0.0402622,0.0386836,0.0371206,0.0355726,0.034039,0.0325191,0.0310123,0.0295181,0.0280358,0.0265648,0.0251046,0.0236545,0.0222139,0.0207824,0.0193592,0.0179439,0.0165358,0.0151344,0.0137391,0.0123494,0.0109647,0.00958444,0.00820804,0.00683497,0.00546466,0.00409656,0.00273012
1,0.978481,0.957022,0.935681,0.914514,0.893572,0.872903,0.852549,0.832547,0.812926,0.793713,0.774924,0.756576,0.738675,0.721228,0.704235,0.687695,0.671601,0.655948,0.640727,0.625928,0.611539,0.597549,0.583946,0.570719,0.557853,0.545338,0.53316,0.521309,0.509772,0.498539,0.487598,0.476939,0.466553,0.456429,0.446558,0.436933,0.427543,0.418382,0.409441,0.400713,0.392192,0.383871,0.375743,0.367803,0.360043,0.35246,0.345048,0.337801,0.330715,0.323785,0.317006,0.310375,0.303887,0.297538,0.291325,0.285244,0.27929,0.273462,0.267755,0.262166,0.256693,0.251332,0.246081,0.240936,0.235895,0.230956,0.226116,0.221373,0.216724,0.212166,0.207699,0.203319,0.199024,0.194813,0.190684,0.186633,0.182661,0.178765,0.174942,0.171192,0.167513,0.163902,0.160359,0.156882,0.15347,0.15012,0.146831,0.143603,0.140433,0.13732,0.134264,0.131261,0.128313,0.125416,0.12257,0.119774,0.117027,0.114326,0.111672,0.109064,0.106499,0.103977,0.101498,0.0990593,0.0966606,0.094301,0.0919794,0.0896949,0.0874466,0.0852336,0.0830549,0.0809097,0.0787971,0.0767162,0.0746663,0.0726465,0.070656,0.0686939,0.0667595,0.0648521,0.0629708,0.0611148,0.0592835,0.0574762,0.055692,0.0539302,0.0521902,0.0504713,0.0487727,0.0470938,0.045434,0.0437924,0.0421686,0.0405617,0.0389713,0.0373966,0.0358369,0.0342918,0.0327606,0.0312425,0.0297371,0.0282438,0.0267618,0.0252907,0.0238298,0.0223785,0.0209363,0.0195026,0.0180768,0.0166582,0.0152464,0.0138408,0.0124408,0.0110459,0.00965536,0.00826878,0.00688554,0.00550509,0.00412686,0.00275031
1,0.978997,0.958047,0.937202,0.916511,0.896022,0.875777,0.855815,0.836171,0.816872,0.797942,0.779403,0.761266,0.743544,0.726242,0.709364,0.69291,0.676877,0.661261,0.646056,0.631253,0.616844,0.60282,0.589171,0.575885,0.562952,0.550362,0.538103,0.526165,0.514537,0.503209,0.492171,0.481414,0.470928,0.460704,0.450733,0.441007,0.431518,0.422259,0.413221,0.404397,0.395782,0.387368,0.37915,0.37112,0.363274,0.355606,0.348111,0.340783,0.333618,0.326612,0.319758,0.313055,0.306496,0.300079,0.293798,0.287652,0.281636,0.275746,0.269979,0.264333,0.258804,0.253388,0.248084,0.242888,0.237797,0.23281,0.227922,0.223133,0.218439,0.213839,0.209329,0.204908,0.200574,0.196324,0.192157,0.18807,0.184062,0.180131,0.176275,0.172492,0.168781,0.165139,0.161566,0.158059,0.154618,0.15124,0.147924,0.144669,0.141473,0.138334,0.135253,0.132226,0.129254,0.126334,0.123466,0.120647,0.117878,0.115157,0.112482,0.109853,0.107269,0.104728,0.102229,0.0997716,0.0973547,0.0949772,0.0926381,0.0903364,0.0880712,0.0858416,0.0836467,0.0814856,0.0793574,0.0772612,0.0751962,0.0731615,0.0711564,0.06918,0.0672316,0.0653102,0.0634153,0.0615459,0.0597014,0.057881,0.056084,0.0543096,0.0525571,0.0508259,0.0491152,0.0474243,0.0457526,0.0440994,0.042464,0.0408458,0.0392441,0.0376583,0.0360876,0.0345316,0.0329896,0.0314609,0.0299449,0.028441,0.0269487,0.0254672,0.0239961,0.0225347,0.0210824,0.0196386,0.0182028,0.0167744,0.0153527,0.0139373,0.0125275,0.0111228,0.00972263,0.00832637,0.0069335,0.00554343,0.00415561,0.00276947
1,0.97946,0.958967,0.938568,0.918307,0.898228,0.878368,0.858765,0.839448,0.820447,0.801784,0.783477,0.765543,0.747993,0.730833,0.71407,0.697705,0.681737,0.666164,0.650982,0.636185,0.621766,0.607718,0.594032,0.580698,0.567709,0.555055,0.542725,0.530711,0.519002,0.50759,0.496465,0.485619,0.475042,0.464727,0.454664,0.444846,0.435266,0.425915,0.416787,0.407875,0.399172,0.390672,0.382368,0.374256,0.366328,0.358581,0.351008,0.343604,0.336365,0.329286,0.322363,0.31559,0.308965,0.302483,0.29614,0.289932,0.283856,0.277908,0.272086,0.266385,0.260802,0.255335,0.24998,0.244736,0.239598,0.234564,0.229632,0.2248,0.220064,0.215422,0.210873,0.206413,0.202041,0.197755,0.193552,0.189431,0.185389,0.181425,0.177537,0.173723,0.169981,0.16631,0.162708,0.159173,0.155704,0.152299,0.148958,0.145677,0.142456,0.139294,0.136189,0.133139,0.130144,0.127202,0.124312,0.121473,0.118683,0.115942,0.113248,0.1106,0.107996,0.105437,0.10292,0.100445,0.0980111,0.0956167,0.093261,0.090943,0.0886619,0.0864166,0.0842064,0.0820301,0.0798871,0.0777764,0.0756971,0.0736484,0.0716295,0.0696396,0.0676778,0.0657433,0.0638355,0.0619534,0.0600964,0.0582637,0.0564545,0.0546682,0.0529039,0.0511611,0.0494389,0.0477367,0.0460539,0.0443896,0.0427433,0.0411144,0.039502,0.0379056,0.0363246,0.0347583,0.033206,0.0316672,0.0301412,0.0286274,0.0271253,0.0256341,0.0241532,0.0226822,0.0212204,0.0197671,0.0183219,0.0168841,0.0154531,0.0140285,0.0126094,0.0111956,0.0097862,0.00838081,0.00697882,0.00557967,0.00418277,0.00278757
1,0.979875,0.959793,0.939795,0.919922,0.900213,0.880704,0.861427,0.842412,0.823685,0.805268,0.787181,0.769437,0.752051,0.735029,0.718379,0.702103,0.686202,0.670677,0.655524,0.640739,0.626318,0.612254,0.59854,0.585169,0.572133,0.559424,0.547033,0.534952,0.523172,0.511685,0.500482,0.489555,0.478897,0.468498,0.458351,0.448449,0.438784,0.42935,0.420139,0.411144,0.40236,0.393779,0.385397,0.377207,0.369204,0.361382,0.353736,0.346262,0.338953,0.331807,0.324817,0.317981,0.311293,0.30475,0.298347,0.292082,0.28595,0.279948,0.274072,0.268319,0.262687,0.257171,0.251769,0.246479,0.241296,0.236219,0.231245,0.226371,0.221596,0.216915,0.212328,0.207832,0.203425,0.199104,0.194867,0.190713,0.186639,0.182644,0.178726,0.174883,0.171112,0.167413,0.163784,0.160223,0.156728,0.153298,0.149932,0.146627,0.143383,0.140198,0.137071,0.133999,0.130983,0.128021,0.12511,0.122251,0.119442,0.116682,0.113969,0.111303,0.108682,0.106105,0.103572,0.10108,0.0986295,0.0962191,0.0938477,0.0915144,0.0892182,0.0869582,0.0847335,0.082543,0.0803861,0.0782616,0.0761689,0.074107,0.0720751,0.0700724,0.068098,0.0661512,0.0642312,0.0623372,0.0604684,0.0586241,0.0568035,0.0550059,0.0532305,0.0514767,0.0497437,0.0480309,0.0463375,0.0446629,0.0430063,0.0413672,0.0397448,0.0381386,0.0365477,0.0349717,0.0334098,0.0318615,0.0303261,0.028803,0.0272915,0.0257912,0.0243012,0.0228212,0.0213503,0.0198882,0.0184341,0.0169874,0.0155477,0.0141143,0.0126866,0.011264,0.00984606,0.00843207,0.0070215,0.00561379,0.00420835,0.00280462
1,0.980248,0.960534,0.940897,0.921374,0.902,0.882807,0.863827,0.845088,0.826613,0.808424,0.79054,0.772976,0.755744,0.738854,0.722313,0.706125,0.690293,0.674818,0.659698,0.644931,0.630514,0.616441,0.602707,0.589306,0.576231,0.563476,0.551032,0.538893,0.52705,0.515496,0.504224,0.493225,0.482492,0.472018,0.461795,0.451816,0.442074,0.432563,0.423275,0.414205,0.405345,0.396691,0.388235,0.379974,0.3719,0.364009,0.356295,0.348755,0.341382,0.334172,0.327121,0.320224,0.313478,0.306878,0.30042,0.2941,0.287916,0.281862,0.275937,0.270136,0.264456,0.258895,0.253449,0.248115,0.242891,0.237773,0.232759,0.227847,0.223034,0.218317,0.213695,0.209164,0.204723,0.20037,0.196102,0.191917,0.187813,0.183789,0.179842,0.175971,0.172174,0.168449,0.164794,0.161208,0.157689,0.154236,0.150846,0.147519,0.144253,0.141046,0.137898,0.134807,0.13177,0.128788,0.125859,0.122982,0.120154,0.117376,0.114646,0.111963,0.109325,0.106732,0.104182,0.101675,0.0992095,0.0967841,0.094398,0.0920503,0.08974,0.0874662,0.0852278,0.0830241,0.080854,0.0787167,0.0766113,0.074537,0.072493,0.0704783,0.0684921,0.0665337,0.0646023,0.0626971,0.0608172,0.058962,0.0571307,0.0553225,0.0535367,0.0517727,0.0500296,0.0483067,0.0466035,0.0449191,0.0432529,0.0416043,0.0399725,0.0383569,0.0367569,0.0351718,0.0336009,0.0320437,0.0304994,0.0289676,0.0274474,0.0259384,0.02444,0.0229514,0.0214722,0.0200016,0.0185392,0.0170843,0.0156364,0.0141948,0.0127589,0.0113282,0.00990217,0.00848012,0.00706151,0.00564577,0.00423233,0.0028206
1,0.980582,0.961199,0.941886,0.922677,0.903604,0.884698,0.865988,0.847499,0.829254,0.811275,0.793579,0.776182,0.759096,0.742331,0.725894,0.709793,0.694029,0.678605,0.66352,0.648775,0.634365,0.620289,0.606541,0.593117,0.580011,0.567216,0.554728,0.542538,0.53064,0.519028,0.507693,0.49663,0.48583,0.475288,0.464996,0.454947,0.445135,0.435553,0.426195,0.417055,0.408127,0.399404,0.390882,0.382554,0.374415,0.36646,0.358683,0.351081,0.343648,0.33638,0.329271,0.322319,0.315518,0.308865,0.302355,0.295985,0.289752,0.283651,0.277679,0.271833,0.266109,0.260505,0.255018,0.249644,0.24438,0.239224,0.234174,0.229226,0.224377,0.219627,0.214971,0.210409,0.205936,0.201552,0.197255,0.193041,0.18891,0.184858,0.180885,0.176988,0.173166,0.169416,0.165737,0.162128,0.158586,0.155111,0.1517,0.148352,0.145065,0.141839,0.138671,0.13556,0.132505,0.129505,0.126558,0.123663,0.120819,0.118024,0.115278,0.112578,0.109925,0.107317,0.104753,0.102231,0.0997508,0.0973114,0.0949116,0.0925505,0.090227,0.0879402,0.0856892,0.0834729,0.0812906,0.0791414,0.0770242,0.0749383,0.0728829,0.070857,0.0688598,0.0668906,0.0649486,0.0630328,0.0611427,0.0592773,0.057436,0.0556179,0.0538224,0.0520488,0.0502962,0.0485641,0.0468516,0.0451581,0.043483,0.0418255,0.0401849,0.0385607,0.0369521,0.0353585,0.0337792,0.0322136,0.0306611,0.0291211,0.0275929,0.0260758,0.0245694,0.0230729,0.0215858,0.0201075,0.0186373,0.0171747,0.0157191,0.0142698,0.0128264,0.0113881,0.00995452,0.00852495,0.00709884,0.00567561,0.00425469,0.0028355
1,0.98088,0.961793,0.94277,0.923843,0.905042,0.886394,0.867927,0.849666,0.831631,0.813844,0.796321,0.779078,0.762127,0.745479,0.729142,0.713123,0.697425,0.682052,0.667004,0.652283,0.637885,0.62381,0.610053,0.596611,0.583479,0.570652,0.558125,0.545892,0.533946,0.522282,0.510892,0.499771,0.488912,0.478309,0.467954,0.457842,0.447967,0.438321,0.428899,0.419696,0.410704,0.401919,0.393335,0.384946,0.376747,0.368733,0.360899,0.35324,0.345752,0.338429,0.331268,0.324264,0.317412,0.31071,0.304152,0.297736,0.291457,0.285311,0.279297,0.273409,0.267645,0.262001,0.256475,0.251063,0.245764,0.240572,0.235487,0.230506,0.225625,0.220843,0.216157,0.211564,0.207063,0.202651,0.198326,0.194085,0.189928,0.185851,0.181853,0.177932,0.174086,0.170314,0.166613,0.162982,0.159419,0.155923,0.152492,0.149125,0.145819,0.142574,0.139388,0.136259,0.133187,0.13017,0.127207,0.124296,0.121436,0.118625,0.115864,0.11315,0.110482,0.10786,0.105282,0.102746,0.100253,0.0978007,0.0953882,0.0930146,0.0906789,0.0883801,0.0861172,0.0838895,0.0816958,0.0795354,0.0774073,0.0753107,0.0732447,0.0712084,0.069201,0.0672218,0.0652698,0.0633444,0.0614446,0.0595698,0.0577192,0.055892,0.0540875,0.052305,0.0505436,0.0488028,0.0470818,0.0453799,0.0436964,0.0420307,0.040382,0.0387497,0.0371331,0.0355316,0.0339446,0.0323713,0.0308111,0.0292635,0.0277278,0.0262033,0.0246895,0.0231857,0.0216913,0.0202057,0.0187283,0.0172585,0.0157958,0.0143395,0.012889,0.0114437,0.0100031,0.00856653,0.00713346,0.00570329,0.00427544,0.00284933
1,0.981147,0.962323,0.94356,0.924884,0.906326,0.88791,0.869662,0.851605,0.833761,0.816148,0.798783,0.781681,0.764856,0.748317,0.732073,0.716131,0.700497,0.685174,0.670163,0.655467,0.641083,0.627012,0.613251,0.599796,0.586643,0.57379,0.56123,0.548959,0.536972,0.525262,0.513824,0.502652,0.49174,0.481082,0.470671,0.460503,0.450569,0.440866,0.431387,0.422125,0.413076,0.404234,0.395594,0.387149,0.378895,0.370828,0.362941,0.35523,0.347691,0.340319,0.333109,0.326057,0.319159,0.312412,0.30581,0.299351,0.29303,0.286844,0.280789,0.274863,0.269061,0.263381,0.25782,0.252374,0.24704,0.241816,0.2367,0.231687,0.226777,0.221965,0.217251,0.212631,0.208102,0.203664,0.199314,0.195049,0.190867,0.186767,0.182746,0.178803,0.174936,0.171142,0.167421,0.16377,0.160188,0.156673,0.153223,0.149838,0.146514,0.143252,0.140049,0.136904,0.133816,0.130784,0.127805,0.124879,0.122004,0.11918,0.116405,0.113677,0.110996,0.108361,0.10577,0.103222,0.100716,0.0982519,0.0958276,0.0934425,0.0910954,0.0887856,0.0865119,0.0842734,0.0820693,0.0798986,0.0777605,0.0756539,0.0735781,0.0715323,0.0695155,0.067527,0.0655659,0.0636315,0.061723,0.0598395,0.0579803,0.0561447,0.0543318,0.0525411,0.0507717,0.0490229,0.047294,0.0455843,0.0438931,0.0422198,0.0405636,0.0389239,0.0373,0.0356912,0.034097,0.0325166,0.0309494,0.0293948,0.0278521,0.0263208,0.0248001,0.0232895,0.0217884,0.0202962,0.0188122,0.0173358,0.0158665,0.0144036,0.0129466,0.0114949,0.0100478,0.00860485,0.00716537,0.0057288,0.00429457,0.00286207
1,0.981383,0.962794,0.94426,0.925809,0.907467,0.889258,0.871206,0.853333,0.83566,0.818204,0.800982,0.78401,0.767298,0.75086,0.734702,0.718833,0.703259,0.687983,0.673009,0.658338,0.643971,0.629906,0.616142,0.602678,0.58951,0.576634,0.564047,0.551745,0.539721,0.527972,0.516491,0.505274,0.494315,0.483608,0.473148,0.462928,0.452944,0.443189,0.433657,0.424344,0.415243,0.40635,0.397658,0.389163,0.38086,0.372743,0.364808,0.35705,0.349465,0.342047,0.334793,0.327698,0.320758,0.313969,0.307327,0.300829,0.294469,0.288246,0.282156,0.276194,0.270358,0.264644,0.25905,0.253573,0.248209,0.242955,0.237809,0.232769,0.227831,0.222993,0.218252,0.213607,0.209054,0.204592,0.200218,0.19593,0.191727,0.187605,0.183564,0.1796,0.175713,0.1719,0.16816,0.164491,0.160891,0.157359,0.153892,0.15049,0.147151,0.143873,0.140654,0.137495,0.134392,0.131345,0.128352,0.125413,0.122525,0.119687,0.116899,0.114159,0.111466,0.108819,0.106216,0.103657,0.10114,0.0986646,0.0962295,0.0938339,0.0914765,0.0891565,0.0868729,0.0846247,0.082411,0.0802309,0.0780835,0.0759679,0.0738832,0.0718286,0.0698032,0.0678062,0.0658368,0.0638942,0.0619775,0.0600861,0.0582191,0.0563757,0.0545553,0.052757,0.0509802,0.0492241,0.047488,0.0457712,0.044073,0.0423928,0.0407297,0.0390832,0.0374526,0.0358372,0.0342364,0.0326495,0.0310758,0.0295148,0.0279658,0.0264282,0.0249013,0.0233845,0.0218773,0.0203789,0.0188889,0.0174065,0.0159312,0.0144623,0.0129994,0.0115417,0.0100888,0.0086399,0.00719455,0.00575213,0.00431205,0.00287373
1,0.981591,0.963209,0.944879,0.926626,0.908475,0.890449,0.872571,0.854862,0.837341,0.820026,0.802933,0.786077,0.769469,0.753121,0.737043,0.721242,0.705723,0.690492,0.675553,0.660907,0.646556,0.632499,0.618736,0.605265,0.592085,0.579191,0.566581,0.554251,0.542197,0.530413,0.518896,0.50764,0.496639,0.48589,0.475385,0.465121,0.45509,0.445289,0.435711,0.426351,0.417204,0.408264,0.399527,0.390987,0.382639,0.374478,0.3665,0.3587,0.351072,0.343614,0.33632,0.329186,0.322207,0.315381,0.308703,0.302169,0.295775,0.289518,0.283395,0.277401,0.271534,0.26579,0.260167,0.25466,0.249268,0.243988,0.238816,0.233749,0.228787,0.223924,0.21916,0.214492,0.209917,0.205433,0.201038,0.19673,0.192506,0.188365,0.184305,0.180323,0.176418,0.172588,0.168831,0.165145,0.161529,0.15798,0.154499,0.151081,0.147727,0.144435,0.141203,0.13803,0.134914,0.131854,0.128848,0.125896,0.122996,0.120147,0.117348,0.114596,0.111892,0.109234,0.10662,0.104051,0.101524,0.0990386,0.0965938,0.0941886,0.0918219,0.0894927,0.0872,0.084943,0.0827206,0.080532,0.0783762,0.0762523,0.0741596,0.072097,0.0700638,0.0680592,0.0660822,0.0641321,0.0622082,0.0603095,0.0584354,0.0565851,0.0547578,0.0529527,0.0511692,0.0494065,0.0476638,0.0459406,0.044236,0.0425495,0.0408802,0.0392276,0.0375909,0.0359695,0.0343627,0.0327699,0.0311904,0.0296236,0.0280689,0.0265255,0.024993,0.0234706,0.0219578,0.0204539,0.0189583,0.0174705,0.0159897,0.0145155,0.0130472,0.0115841,0.0101258,0.00867165,0.00722099,0.00577327,0.0043279,0.00288429
1,0.981774,0.963572,0.94542,0.92734,0.909357,0.891493,0.873768,0.856203,0.838817,0.821627,0.804648,0.787895,0.77138,0.755115,0.739108,0.723367,0.7079,0.692711,0.677804,0.663182,0.648847,0.634799,0.621038,0.607564,0.594374,0.581465,0.568837,0.556484,0.544403,0.53259,0.521041,0.50975,0.498714,0.487927,0.477384,0.467079,0.457009,0.447167,0.437548,0.428147,0.418959,0.409978,0.4012,0.39262,0.384232,0.376032,0.368016,0.360177,0.352513,0.345018,0.337688,0.330519,0.323507,0.316647,0.309936,0.30337,0.296945,0.290658,0.284505,0.278483,0.272588,0.266817,0.261168,0.255636,0.250219,0.244914,0.239718,0.234629,0.229644,0.22476,0.219974,0.215285,0.21069,0.206187,0.201773,0.197447,0.193205,0.189047,0.184969,0.180971,0.17705,0.173204,0.169432,0.165731,0.1621,0.158538,0.155042,0.151612,0.148244,0.144939,0.141695,0.138509,0.135381,0.13231,0.129293,0.12633,0.123419,0.120559,0.117749,0.114988,0.112274,0.109606,0.106983,0.104404,0.101868,0.0993738,0.0969203,0.0945065,0.0921313,0.0897939,0.0874932,0.0852282,0.0829981,0.0808018,0.0786385,0.0765073,0.0744073,0.0723376,0.0702974,0.0682859,0.0663021,0.0643454,0.0624149,0.0605098,0.0586293,0.0567727,0.0549392,0.053128,0.0513385,0.0495698,0.0478214,0.0460923,0.0443821,0.0426899,0.041015,0.0393569,0.0377147,0.0360879,0.0344758,0.0328777,0.031293,0.029721,0.0281612,0.0266127,0.0250751,0.0235477,0.0220299,0.0205211,0.0190206,0.0175278,0.0160422,0.0145631,0.01309,0.0116222,0.0101591,0.0087001,0.00724468,0.00579221,0.00434209,0.00289375
1,0.981932,0.963887,0.945888,0.927959,0.910121,0.892397,0.874805,0.857366,0.840098,0.823017,0.806138,0.789476,0.773043,0.75685,0.740906,0.72522,0.709799,0.694648,0.679771,0.665171,0.650851,0.636813,0.623055,0.609578,0.596381,0.583461,0.570817,0.558445,0.546342,0.534504,0.522927,0.511608,0.500541,0.489721,0.479145,0.468806,0.4587,0.448823,0.439168,0.429731,0.420507,0.411491,0.402677,0.394062,0.385639,0.377405,0.369354,0.361483,0.353785,0.346258,0.338897,0.331697,0.324655,0.317766,0.311026,0.304432,0.29798,0.291666,0.285487,0.27944,0.27352,0.267726,0.262052,0.256498,0.251059,0.245732,0.240516,0.235406,0.230401,0.225498,0.220694,0.215987,0.211374,0.206854,0.202423,0.19808,0.193823,0.189649,0.185557,0.181544,0.177608,0.173749,0.169963,0.166249,0.162605,0.15903,0.155523,0.15208,0.148701,0.145385,0.142129,0.138933,0.135795,0.132713,0.129686,0.126713,0.123793,0.120924,0.118104,0.115334,0.112611,0.109935,0.107303,0.104716,0.102172,0.09967,0.0972087,0.0947873,0.0924048,0.0900601,0.0877522,0.0854802,0.0832432,0.0810402,0.0788702,0.0767325,0.0746261,0.0725501,0.0705037,0.0684861,0.0664964,0.0645338,0.0625975,0.0606866,0.0588005,0.0569384,0.0550994,0.0532829,0.0514881,0.0497142,0.0479605,0.0462264,0.0445111,0.0428139,0.0411342,0.0394711,0.0378242,0.0361926,0.0345758,0.032973,0.0313837,0.0298071,0.0282427,0.0266898,0.0251477,0.0236159,0.0220937,0.0205804,0.0190756,0.0175785,0.0160886,0.0146052,0.0131278,0.0116557,0.0101884,0.00872523,0.0072656,0.00580893,0.00435463,0.0029021
1,0.982066,0.964154,0.946287,0.928486,0.910773,0.893168,0.87569,0.858359,0.841191,0.824204,0.807412,0.790828,0.774466,0.758336,0.742448,0.72681,0.711429,0.696311,0.68146,0.666881,0.652576,0.638546,0.624792,0.611314,0.598112,0.585183,0.572526,0.560138,0.548017,0.536158,0.524558,0.513214,0.502121,0.491274,0.480669,0.470301,0.460165,0.450257,0.440572,0.431104,0.421849,0.412802,0.403958,0.395312,0.38686,0.378596,0.370516,0.362615,0.35489,0.347335,0.339946,0.332719,0.325651,0.318736,0.311972,0.305354,0.298878,0.292541,0.28634,0.28027,0.274329,0.268514,0.26282,0.257246,0.251788,0.246443,0.241208,0.236081,0.231059,0.226139,0.221319,0.216596,0.211968,0.207433,0.202988,0.198631,0.194359,0.190172,0.186067,0.182041,0.178093,0.174221,0.170424,0.166698,0.163044,0.159458,0.15594,0.152487,0.149098,0.145772,0.142507,0.139301,0.136153,0.133063,0.130027,0.127046,0.124117,0.12124,0.118412,0.115634,0.112904,0.11022,0.107581,0.104987,0.102436,0.099927,0.097459,0.0950311,0.0926421,0.090291,0.0879769,0.0856989,0.0834559,0.081247,0.0790713,0.0769279,0.074816,0.0727345,0.0706828,0.0686599,0.066665,0.0646972,0.0627559,0.0608401,0.0589491,0.0570822,0.0552385,0.0534173,0.0516178,0.0498394,0.0480813,0.0463427,0.044623,0.0429215,0.0412375,0.0395702,0.0379191,0.0362834,0.0346625,0.0330557,0.0314623,0.0298818,0.0283134,0.0267566,0.0252107,0.023675,0.0221489,0.0206319,0.0191233,0.0176225,0.0161288,0.0146417,0.0131606,0.0116849,0.0102139,0.00874703,0.00728375,0.00582344,0.00436551,0.00290935
1,0.982178,0.964377,0.94662,0.928926,0.911316,0.893811,0.876429,0.859188,0.842105,0.825197,0.808477,0.79196,0.775658,0.759581,0.74374,0.728142,0.712796,0.697707,0.68288,0.668318,0.654026,0.640004,0.626254,0.612776,0.59957,0.586634,0.573967,0.561566,0.54943,0.537554,0.525935,0.51457,0.503455,0.492586,0.481957,0.471564,0.461404,0.451471,0.441759,0.432266,0.422985,0.413912,0.405042,0.396371,0.387893,0.379604,0.371499,0.363574,0.355825,0.348246,0.340835,0.333586,0.326495,0.319559,0.312773,0.306135,0.299639,0.293282,0.287062,0.280974,0.275015,0.269182,0.263471,0.25788,0.252406,0.247045,0.241795,0.236653,0.231616,0.226682,0.221848,0.217112,0.212471,0.207923,0.203466,0.199097,0.194814,0.190615,0.186499,0.182462,0.178504,0.174622,0.170814,0.167079,0.163415,0.15982,0.156293,0.152831,0.149434,0.146099,0.142826,0.139613,0.136457,0.133359,0.130316,0.127327,0.124392,0.121507,0.118673,0.115889,0.113152,0.110461,0.107817,0.105216,0.102659,0.100145,0.097671,0.0952375,0.092843,0.0904866,0.0881673,0.0858841,0.083636,0.0814222,0.0792416,0.0770934,0.0749768,0.0728907,0.0708344,0.068807,0.0668077,0.0648357,0.0628901,0.0609701,0.059075,0.0572039,0.0553562,0.0535311,0.0517277,0.0499454,0.0481835,0.0464412,0.0447178,0.0430127,0.041325,0.0396542,0.0379995,0.0363603,0.0347359,0.0331257,0.031529,0.0299451,0.0283733,0.0268132,0.025264,0.023725,0.0221957,0.0206755,0.0191637,0.0176597,0.0161629,0.0146727,0.0131884,0.0117095,0.0102354,0.00876549,0.00729912,0.00583573,0.00437472,0.00291549
1,0.982269,0.964558,0.946889,0.929282,0.911756,0.894332,0.877027,0.859859,0.842845,0.826001,0.80934,0.792877,0.776624,0.760591,0.744788,0.729225,0.713907,0.698841,0.684034,0.669487,0.655206,0.641191,0.627444,0.613967,0.600758,0.587817,0.575142,0.562731,0.550583,0.538693,0.52706,0.515678,0.504546,0.493658,0.48301,0.472597,0.462417,0.452463,0.442731,0.433216,0.423914,0.41482,0.405929,0.397237,0.388738,0.380429,0.372304,0.364359,0.35659,0.348993,0.341562,0.334295,0.327186,0.320233,0.31343,0.306774,0.300262,0.29389,0.287654,0.28155,0.275577,0.269729,0.264004,0.2584,0.252912,0.247538,0.242276,0.237121,0.232073,0.227127,0.222282,0.217535,0.212883,0.208325,0.203857,0.199478,0.195186,0.190978,0.186852,0.182807,0.17884,0.17495,0.171134,0.167391,0.16372,0.160117,0.156582,0.153114,0.149709,0.146368,0.143088,0.139868,0.136706,0.133602,0.130553,0.127558,0.124617,0.121727,0.118887,0.116097,0.113355,0.110659,0.10801,0.105404,0.102842,0.100323,0.0978446,0.0954065,0.0930076,0.0906468,0.0883232,0.0860357,0.0837835,0.0815656,0.0793811,0.077229,0.0751084,0.0730186,0.0709586,0.0689275,0.0669246,0.064949,0.0629999,0.0610765,0.059178,0.0573037,0.0554527,0.0536243,0.0518177,0.0500323,0.0482672,0.0465219,0.0447955,0.0430873,0.0413967,0.0397229,0.0380654,0.0364233,0.0347961,0.033183,0.0315835,0.0299968,0.0284224,0.0268595,0.0253076,0.023766,0.0222341,0.0207112,0.0191968,0.0176902,0.0161908,0.014698,0.0132112,0.0117297,0.0102531,0.0087806,0.00731171,0.0058458,0.00438226,0.00292052
1,0.982338,0.964697,0.947096,0.929556,0.912095,0.894733,0.877488,0.860376,0.843416,0.826621,0.810007,0.793586,0.77737,0.761371,0.745599,0.730061,0.714766,0.699719,0.684927,0.670392,0.656119,0.642111,0.628367,0.61489,0.601679,0.588734,0.576053,0.563635,0.551478,0.539578,0.527933,0.516539,0.505393,0.494491,0.483828,0.4734,0.463204,0.453234,0.443486,0.433955,0.424637,0.415527,0.406619,0.397911,0.389396,0.381071,0.37293,0.36497,0.357186,0.349574,0.342129,0.334847,0.327724,0.320757,0.313941,0.307272,0.300747,0.294362,0.288114,0.281999,0.276014,0.270155,0.264419,0.258804,0.253306,0.247922,0.24265,0.237486,0.232428,0.227474,0.22262,0.217864,0.213204,0.208637,0.204162,0.199776,0.195476,0.191261,0.187128,0.183076,0.179102,0.175205,0.171383,0.167634,0.163956,0.160348,0.156807,0.153333,0.149923,0.146577,0.143292,0.140066,0.1369,0.13379,0.130737,0.127738,0.124792,0.121897,0.119054,0.116259,0.113513,0.110813,0.10816,0.105551,0.102985,0.100462,0.0979798,0.0955381,0.0931357,0.0907715,0.0884445,0.0861538,0.0838983,0.0816773,0.0794896,0.0773344,0.0752109,0.0731181,0.0710552,0.0690213,0.0670156,0.0650372,0.0630854,0.0611593,0.0592582,0.0573813,0.0555277,0.0536968,0.0518877,0.0500999,0.0483324,0.0465846,0.0448559,0.0431454,0.0414524,0.0397764,0.0381166,0.0364723,0.0348429,0.0332276,0.0316259,0.0300371,0.0284606,0.0268956,0.0253416,0.0237979,0.0222639,0.020739,0.0192225,0.0177139,0.0162125,0.0147177,0.0132289,0.0117454,0.0102668,0.00879237,0.0073215,0.00585363,0.00438813,0.00292443
1,0.982388,0.964796,0.947243,0.92975,0.912335,0.895017,0.877815,0.860744,0.843821,0.827062,0.81048,0.794089,0.777901,0.761926,0.746175,0.730656,0.715377,0.700344,0.685562,0.671036,0.65677,0.642765,0.629024,0.615548,0.602336,0.589388,0.576703,0.56428,0.552116,0.540209,0.528556,0.517153,0.505998,0.495085,0.484412,0.473974,0.463766,0.453785,0.444025,0.434483,0.425153,0.416031,0.407112,0.398392,0.389866,0.38153,0.373378,0.365407,0.357612,0.349989,0.342533,0.335241,0.328109,0.321132,0.314306,0.307628,0.301094,0.2947,0.288443,0.28232,0.276326,0.270459,0.264716,0.259093,0.253588,0.248197,0.242917,0.237747,0.232682,0.227721,0.222861,0.218099,0.213433,0.208861,0.20438,0.199988,0.195683,0.191463,0.187325,0.183268,0.179289,0.175388,0.171561,0.167808,0.164126,0.160513,0.156968,0.15349,0.150077,0.146726,0.143437,0.140208,0.137038,0.133925,0.130868,0.127866,0.124917,0.122019,0.119172,0.116375,0.113626,0.110923,0.108267,0.105655,0.103087,0.100561,0.0980763,0.0956321,0.0932272,0.0908606,0.0885312,0.0862381,0.0839804,0.081757,0.0795672,0.0774098,0.0752842,0.0731893,0.0711243,0.0690883,0.0670806,0.0651003,0.0631465,0.0612185,0.0593155,0.0574367,0.0555813,0.0537486,0.0519378,0.0501482,0.048379,0.0466295,0.044899,0.0431869,0.0414923,0.0398146,0.0381532,0.0365073,0.0348763,0.0332595,0.0316563,0.0300659,0.0284878,0.0269214,0.0253659,0.0238207,0.0222852,0.0207588,0.0192409,0.0177308,0.016228,0.0147317,0.0132415,0.0117567,0.0102766,0.00880077,0.0073285,0.00585922,0.00439233,0.00292722
1,0.982417,0.964854,0.947331,0.929866,0.912479,0.895188,0.87801,0.860963,0.844063,0.827325,0.810763,0.79439,0.778218,0.762258,0.74652,0.731012,0.715743,0.700718,0.685943,0.671422,0.65716,0.643158,0.629418,0.615942,0.602729,0.58978,0.577093,0.564666,0.552499,0.540587,0.528929,0.517521,0.50636,0.495442,0.484762,0.474318,0.464103,0.454115,0.444349,0.4348,0.425463,0.416334,0.407408,0.398681,0.390148,0.381805,0.373647,0.365669,0.357868,0.350238,0.342776,0.335478,0.32834,0.321357,0.314525,0.307841,0.301302,0.294903,0.288641,0.282512,0.276514,0.270642,0.264894,0.259267,0.253757,0.248362,0.243078,0.237903,0.232835,0.22787,0.223006,0.21824,0.213571,0.208995,0.204511,0.200115,0.195807,0.191584,0.187443,0.183383,0.179402,0.175498,0.171668,0.167912,0.164227,0.160612,0.157065,0.153584,0.150168,0.146816,0.143525,0.140294,0.137121,0.134007,0.130948,0.127943,0.124992,0.122093,0.119244,0.116445,0.113694,0.110989,0.108331,0.105718,0.103148,0.10062,0.0981343,0.0956886,0.0932822,0.0909141,0.0885832,0.0862888,0.0840296,0.0818049,0.0796137,0.0774551,0.0753281,0.0732319,0.0711657,0.0691286,0.0671196,0.0651381,0.0631832,0.0612541,0.0593499,0.05747,0.0556135,0.0537797,0.0519678,0.0501771,0.0484069,0.0466564,0.0449249,0.0432118,0.0415162,0.0398376,0.0381752,0.0365283,0.0348964,0.0332787,0.0316745,0.0300832,0.0285042,0.0269368,0.0253804,0.0238344,0.022298,0.0207708,0.019252,0.017741,0.0162373,0.0147402,0.0132491,0.0117634,0.0102825,0.00880582,0.0073327,0.00586258,0.00439484,0.0029289
1,0.982427,0.964874,0.94736,0.929905,0.912526,0.895244,0.878075,0.861036,0.844144,0.827412,0.810857,0.79449,0.778323,0.762368,0.746634,0.731131,0.715864,0.700842,0.686069,0.67155,0.657289,0.643288,0.629549,0.616073,0.60286,0.58991,0.577223,0.564795,0.552626,0.540713,0.529054,0.517644,0.506481,0.49556,0.484879,0.474432,0.464216,0.454226,0.444457,0.434905,0.425566,0.416435,0.407507,0.398778,0.390242,0.381897,0.373736,0.365756,0.357953,0.350321,0.342857,0.335557,0.328417,0.321432,0.314598,0.307913,0.301371,0.294971,0.288707,0.282576,0.276576,0.270703,0.264954,0.259325,0.253813,0.248416,0.243131,0.237955,0.232886,0.227919,0.223054,0.218287,0.213617,0.20904,0.204554,0.200158,0.195849,0.191624,0.187482,0.183421,0.179439,0.175534,0.171704,0.167947,0.164261,0.160645,0.157097,0.153616,0.150199,0.146846,0.143554,0.140322,0.137149,0.134034,0.130974,0.127969,0.125017,0.122117,0.119268,0.116468,0.113716,0.111012,0.108353,0.105739,0.103168,0.10064,0.0981536,0.0957074,0.0933005,0.0909319,0.0886006,0.0863056,0.0840461,0.0818209,0.0796292,0.0774702,0.0753428,0.0732462,0.0711795,0.069142,0.0671326,0.0651507,0.0631954,0.0612659,0.0593614,0.0574811,0.0556242,0.0537901,0.0519778,0.0501868,0.0484162,0.0466654,0.0449336,0.0432201,0.0415242,0.0398452,0.0381825,0.0365353,0.0349031,0.033285,0.0316806,0.030089,0.0285097,0.026942,0.0253853,0.0238389,0.0223023,0.0207747,0.0192556,0.0177444,0.0162404,0.014743,0.0132516,0.0117657,0.0102845,0.0088075,0.0073341,0.0058637,0.00439568,0.00292946
1,0.982417,0.964854,0.947331,0.929866,0.912479,0.895188,0.87801,0.860963,0.844063,0.827325,0.810763,0.79439,0.778218,0.762258,0.74652,0.731012,0.715743,0.700718,0.685943,0.671422,0.65716,0.643158,0.629418,0.615942,0.602729,0.58978,0.577093,0.564666,0.552499,0.540587,0.528929,0.517521,0.50636,0.495442,0.484762,0.474318,0.464103,0.454115,0.444349,0.4348,0.425463,0.416334,0.407408,0.398681,0.390148,0.381805,0.373647,0.365669,0.357868,0.350238,0.342776,0.335478,0.32834,0.321357,0.314525,0.307841,0.301302,0.294903,0.288641,0.282512,0.276514,0.270642,0.264894,0.259267,0.253757,0.248362,0.243078,0.237903,0.232835,0.22787,0.223006,0.21824,0.213571,0.208995,0.204511,0.200115,0.195807,0.191584,0.187443,0.183383,0.179402,0.175498,0.171668,0.167912,0.164227,0.160612,0.157065,0.153584,0.150168,0.146816,0.143525,0.140294,0.137121,0.134007,0.130948,0.127943,0.124992,0.122093,0.119244,0.116445,0.113694,0.110989,0.108331,0.105718,0.103148,0.10062,0.0981343,0.0956886,0.0932822,0.0909141,0.0885832,0.0862888,0.0840296,0.0818049,0.0796137,0.0774551,0.0753281,0.0732319,0.0711657,0.0691286,0.0671196,0.0651381,0.0631832,0.0612541,0.0593499,0.05747,0.0556135,0.0537797,0.0519678,0.0501771,0.0484069,0.0466564,0.0449249,0.0432118,0.0415162,0.0398376,0.0381752,0.0365283,0.0348964,0.0332787,0.0316745,0.0300832,0.0285042,0.0269368,0.0253804,0.0238344,0.022298,0.0207708,0.019252,0.017741,0.0162373,0.0147402,0.0132491,0.0117634,0.0102825,0.00880582,0.0073327,0.00586258,0.00439484,0.0029289
1,0.982388,0.964796,0.947243,0.92975,0.912335,0.895017,0.877815,0.860744,0.843821,0.827062,0.81048,0.794089,0.777901,0.761926,0.746175,0.730656,0.715377,0.700344,0.685562,0.671036,0.65677,0.642765,0.629024,0.615548,0.602336,0.589388,0.576703,0.56428,0.552116,0.540209,0.528556,0.517153,0.505998,0.495085,0.484412,0.473974,0.463766,0.453785,0.444025,0.434483,0.425153,0.416031,0.407112,0.398392,0.389866,0.38153,0.373378,0.365407,0.357612,0.349989,0.342533,0.335241,0.328109,0.321132,0.314306,0.307628,0.301094,0.2947,0.288443,0.28232,0.276326,0.270459,0.264716,0.259093,0.253588,0.248197,0.242917,0.237747,0.232682,0.227721,0.222861,0.218099,0.213433,0.208861,0.20438,0.199988,0.195683,0.191463,0.187325,0.183268,0.179289,0.175388,0.171561,0.167808,0.164126,0.160513,0.156968,0.15349,0.150077,0.146726,0.143437,0.140208,0.137038,0.133925,0.130868,0.127866,0.124917,0.122019,0.119172,0.116375,0.113626,0.110923,0.108267,0.105655,0.103087,0.100561,0.0980763,0.0956321,0.0932272,0.0908606,0.0885312,0.0862381,0.0839804,0.081757,0.0795672,0.0774098,0.0752842,0.0731893,0.0711243,0.0690883,0.0670806,0.0651003,0.0631465,0.0612185,0.0593155,0.0574367,0.0555813,0.0537486,0.0519378,0.0501482,0.048379,0.0466295,0.044899,0.0431869,0.0414923,0.0398146,0.0381532,0.0365073,0.0348763,0.0332595,0.0316563,0.0300659,0.0284878,0.0269214,0.0253659,0.0238207,0.0222852,0.0207588,0.0192409,0.0177308,0.016228,0.0147317,0.0132415,0.0117567,0.0102766,0.00880077,0.0073285,0.00585922,0.00439233,0.00292722
1,0.982338,0.964697,0.947096,0.929556,0.912095,0.894733,0.877488,0.860376,0.843416,0.826621,0.810007,0.793586,0.77737,0.761371,0.745599,0.730061,0.714766,0.699719,0.684927,0.670392,0.656119,0.642111,0.628367,0.61489,0.601679,0.588734,0.576053,0.563635,0.551478,0.539578,0.527933,0.516539,0.505393,0.494491,0.483828,0.4734,0.463204,0.453234,0.443486,0.433955,0.424637,0.415527,0.406619,0.397911,0.389396,0.381071,0.37293,0.36497,0.357186,0.349574,0.342129,0.334847,0.327724,0.320757,0.313941,0.307272,0.300747,0.294362,0.288114,0.281999,0.276014,0.270155,0.264419,0.258804,0.253306,0.247922,0.24265,0.237486,0.232428,0.227474,0.22262,0.217864,0.213204,0.208637,0.204162,0.199776,0.195476,0.191261,0.187128,0.183076,0.179102,0.175205,0.171383,0.167634,0.163956,0.160348,0.156807,0.153333,0.149923,0.146577,0.143292,0.140066,0.1369,0.13379,0.130737,0.127738,0.124792,0.121897,0.119054,0.116259,0.113513,0.110813,0.10816,0.105551,0.102985,0.100462,0.0979798,0.0955381,0.0931357,0.0907715,0.0884445,0.0861538,0.0838983,0.0816773,0.0794896,0.0773344,0.0752109,0.0731181,0.0710552,0.0690213,0.0670156,0.0650372,0.0630854,0.0611593,0.0592582,0.0573813,0.0555277,0.0536968,0.0518877,0.0500999,0.0483324,0.0465846,0.0448559,0.0431454,0.0414524,0.0397764,0.0381166,0.0364723,0.0348429,0.0332276,0.0316259,0.0300371,0.0284606,0.0268956,0.0253416,0.0237979,0.0222639,0.020739,0.0192225,0.0177139,0.0162125,0.0147177,0.0132289,0.0117454,0.0102668,0.00879237,0.0073215,0.00585363,0.00438813,0.00292443
1,0.982269,0.964558,0.946889,0.929282,0.911756,0.894332,0.877027,0.859859,0.842845,0.826001,0.80934,0.792877,0.776624,0.760591,0.744788,0.729225,0.713907,0.698841,0.684034,0.669487,0.655206,0.641191,0.627444,0.613967,0.600758,0.587817,0.575142,0.562731,0.550583,0.538693,0.52706,0.515678,0.504546,0.493658,0.48301,0.472597,0.462417,0.452463,0.442731,0.433216,0.423914,0.41482,0.405929,0.397237,0.388738,0.380429,0.372304,0.364359,0.35659,0.348993,0.341562,0.334295,0.327186,0.320233,0.31343,0.306774,0.300262,0.29389,0.287654,0.28155,0.275577,0.269729,0.264004,0.2584,0.252912,0.247538,0.242276,0.237121,0.232073,0.227127,0.222282,0.217535,0.212883,0.208325,0.203857,0.199478,0.195186,0.190978,0.186852,0.182807,0.17884,0.17495,0.171134,0.167391,0.16372,0.160117,0.156582,0.153114,0.149709,0.146368,0.143088,0.139868,0.136706,0.133602,0.130553,0.127558,0.124617,0.121727,0.118887,0.116097,0.113355,0.110659,0.10801,0.105404,0.102842,0.100323,0.0978446,0.0954065,0.0930076,0.0906468,0.0883232,0.0860357,0.0837835,0.0815656,0.0793811,0.077229,0.0751084,0.0730186,0.0709586,0.0689275,0.0669246,0.064949,0.0629999,0.0610765,0.059178,0.0573037,0.0554527,0.0536243,0.0518177,0.0500323,0.0482672,0.0465219,0.0447955,0.0430873,0.0413967,0.0397229,0.0380654,0.0364233,0.0347961,0.033183,0.0315835,0.0299968,0.0284224,0.0268595,0.0253076,0.023766,0.0222341,0.0207112,0.0191968,0.0176902,0.0161908,0.014698,0.0132112,0.0117297,0.0102531,0.0087806,0.00731171,0.0058458,0.00438226,0.00292052
1,0.982178,0.964377,0.94662,0.928926,0.911316,0.893811,0.876429,0.859188,0.842105,0.825197,0.808477,0.79196,0.775658,0.759581,0.74374,0.728142,0.712796,0.697707,0.68288,0.668318,0.654026,0.640004,0.626254,0.612776,0.59957,0.586634,0.573967,0.561566,0.54943,0.537554,0.525935,0.51457,0.503455,0.492586,0.481957,0.471564,0.461404,0.451471,0.441759,0.432266,0.422985,0.413912,0.405042,0.396371,0.387893,0.379604,0.371499,0.363574,0.355825,0.348246,0.340835,0.333586,0.326495,0.319559,0.312773,0.306135,0.299639,0.293282,0.287062,0.280974,0.275015,0.269182,0.263471,0.25788,0.252406,0.247045,0.241795,0.236653,0.231616,0.226682,0.221848,0.217112,0.212471,0.207923,0.203466,0.199097,0.194814,0.190615,0.186499,0.182462,0.178504,0.174622,0.170814,0.167079,0.163415,0.15982,0.156293,0.152831,0.149434,0.146099,0.142826,0.139613,0.136457,0.133359,0.130316,0.127327,0.124392,0.121507,0.118673,0.115889,0.113152,0.110461,0.107817,0.105216,0.102659,0.100145,0.097671,0.0952375,0.092843,0.0904866,0.0881673,0.0858841,0.083636,0.0814222,0.0792416,0.0770934,0.0749768,0.0728907,0.0708344,0.068807,0.0668077,0.0648357,0.0628901,0.0609701,0.059075,0.0572039,0.0553562,0.0535311,0.0517277,0.0499454,0.0481835,0.0464412,0.0447178,0.0430127,0.041325,0.0396542,0.0379995,0.0363603,0.0347359,0.0331257,0.031529,0.0299451,0.0283733,0.0268132,0.025264,0.023725,0.0221957,0.0206755,0.0191637,0.0176597,0.0161629,0.0146727,0.0131884,0.0117095,0.0102354,0.00876549,0.00729912,0.00583573,0.00437472,0.00291549
1,0.982066,0.964154,0.946287,0.928486,0.910773,0.893168,0.87569,0.858359,0.841191,0.824204,0.807412,0.790828,0.774466,0.758336,0.742448,0.72681,0.711429,0.696311,0.68146,0.666881,0.652576,0.638546,0.624792,0.611314,0.598112,0.585183,0.572526,0.560138,0.548017,0.536158,0.524558,0.513214,0.502121,0.491274,0.480669,0.470301,0.460165,0.450257,0.440572,0.431104,0.421849,0.412802,0.403958,0.395312,0.38686,0.378596,0.370516,0.362615,0.35489,0.347335,0.339946,0.332719,0.325651,0.318736,0.311972,0.305354,0.298878,0.292541,0.28634,0.28027,0.274329,0.268514,0.26282,0.257246,0.251788,0.246443,0.241208,0.236081,0.231059,0.226139,0.221319,0.216596,0.211968,0.207433,0.202988,0.198631,0.194359,0.190172,0.186067,0.182041,0.178093,0.174221,0.170424,0.166698,0.163044,0.159458,0.15594,0.152487,0.149098,0.145772,0.142507,0.139301,0.136153,0.133063,0.130027,0.127046,0.124117,0.12124,0.118412,0.115634,0.112904,0.11022,0.107581,0.104987,0.102436,0.099927,0.097459,0.0950311,0.0926421,0.090291,0.0879769,0.0856989,0.0834559,0.081247,0.0790713,0.0769279,0.074816,0.0727345,0.0706828,0.0686599,0.066665,0.0646972,0.0627559,0.0608401,0.0589491,0.0570822,0.0552385,0.0534173,0.0516178,0.0498394,0.0480813,0.0463427,0.044623,0.0429215,0.0412375,0.0395702,0.0379191,0.0362834,0.0346625,0.0330557,0.0314623,0.0298818,0.0283134,0.0267566,0.0252107,0.023675,0.0221489,0.0206319,0.0191233,0.0176225,0.0161288,0.0146417,0.0131606,0.0116849,0.0102139,0.00874703,0.00728375,0.00582344,0.00436551,0.00290935
1,0.981932,0.963887,0.945888,0.927959,0.910121,0.892397,0.874805,0.857366,0.840098,0.823017,0.806138,0.789476,0.773043,0.75685,0.740906,0.72522,0.709799,0.694648,0.679771,0.665171,0.650851,0.636813,0.623055,0.609578,0.596381,0.583461,0.570817,0.558445,0.546342,0.534504,0.522927,0.511608,0.500541,0.489721,0.479145,0.468806,0.4587,0.448823,0.439168,0.429731,0.420507,0.411491,0.402677,0.394062,0.385639,0.377405,0.369354,0.361483,0.353785,0.346258,0.338897,0.331697,0.324655,0.317766,0.311026,0.304432,0.29798,0.291666,0.285487,0.27944,0.27352,0.267726,0.262052,0.256498,0.251059,0.245732,0.240516,0.235406,0.230401,0.225498,0.220694,0.215987,0.211374,0.206854,0.202423,0.19808,0.193823,0.189649,0.185557,0.181544,0.177608,0.173749,0.169963,0.166249,0.162605,0.15903,0.155523,0.15208,0.148701,0.145385,0.142129,0.138933,0.135795,0.132713,0.129686,0.126713,0.123793,0.120924,0.118104,0.115334,0.112611,0.109935,0.107303,0.104716,0.102172,0.09967,0.0972087,0.0947873,0.0924048,0.0900601,0.0877522,0.0854802,0.0832432,0.0810402,0.0788702,0.0767325,0.0746261,0.0725501,0.0705037,0.0684861,0.0664964,0.0645338,0.0625975,0.0606866,0.0588005,0.0569384,0.0550994,0.0532829,0.0514881,0.0497142,0.0479605,0.0462264,0.0445111,0.0428139,0.0411342,0.0394711,0.0378242,0.0361926,0.0345758,0.032973,0.0313837,0.0298071,0.0282427,0.0266898,0.0251477,0.0236159,0.0220937,0.0205804,0.0190756,0.0175785,0.0160886,0.0146052,0.0131278,0.0116557,0.0101884,0.00872523,0.0072656,0.00580893,0.00435463,0.0029021
1,0.981774,0.963572,0.94542,0.92734,0.909357,0.891493,0.873768,0.856203,0.838817,0.821627,0.804648,0.787895,0.77138,0.755115,0.739108,0.723367,0.7079,0.692711,0.677804,0.663182,0.648847,0.634799,0.621038,0.607564,0.594374,0.581465,0.568837,0.556484,0.544403,0.53259,0.521041,0.50975,0.498714,0.487927,0.477384,0.467079,0.457009,0.447167,0.437548,0.428147,0.418959,0.409978,0.4012,0.39262,0.384232,0.376032,0.368016,0.360177,0.352513,0.345018,0.337688,0.330519,0.323507,0.316647,0.309936,0.30337,0.296945,0.290658,0.284505,0.278483,0.272588,0.266817,0.261168,0.255636,0.250219,0.244914,0.239718,0.234629,0.229644,0.22476,0.219974,0.215285,0.21069,0.206187,0.201773,0.197447,0.193205,0.189047,0.184969,0.180971,0.17705,0.173204,0.169432,0.165731,0.1621,0.158538,0.155042,0.151612,0.148244,0.144939,0.141695,0.138509,0.135381,0.13231,0.129293,0.12633,0.123419,0.120559,0.117749,0.114988,0.112274,0.109606,0.106983,0.104404,0.101868,0.0993738,0.0969203,0.0945065,0.0921313,0.0897939,0.0874932,0.0852282,0.0829981,0.0808018,0.0786385,0.0765073,0.0744073,0.0723376,0.0702974,0.0682859,0.0663021,0.0643454,0.0624149,0.0605098,0.0586293,0.0567727,0.0549392,0.053128,0.0513385,0.0495698,0.0478214,0.0460923,0.0443821,0.0426899,0.041015,0.0393569,0.0377147,0.0360879,0.0344758,0.0328777,0.031293,0.029721,0.0281612,0.0266127,0.0250751,0.0235477,0.0220299,0.0205211,0.0190206,0.0175278,0.0160422,0.0145631,0.01309,0.0116222,0.0101591,0.0087001,0.00724468,0.00579221,0.00434209,0.00289375
1,0.981591,0.963209,0.944879,0.926626,0.908475,0.890449,0.872571,0.854862,0.837341,0.820026,0.802933,0.786077,0.769469,0.753121,0.737043,0.721242,0.705723,0.690492,0.675553,0.660907,0.646556,0.632499,0.618736,0.605265,0.592085,0.579191,0.566581,0.554251,0.542197,0.530413,0.518896,0.50764,0.496639,0.48589,0.475385,0.465121,0.45509,0.445289,0.435711,0.426351,0.417204,0.408264,0.399527,0.390987,0.382639,0.374478,0.3665,0.3587,0.351072,0.343614,0.33632,0.329186,0.322207,0.315381,0.308703,0.302169,0.295775,0.289518,0.283395,0.277401,0.271534,0.26579,0.260167,0.25466,0.249268,0.243988,0.238816,0.233749,0.228787,0.223924,0.21916,0.214492,0.209917,0.205433,0.201038,0.19673,0.192506,0.188365,0.184305,0.180323,0.176418,0.172588,0.168831,0.165145,0.161529,0.15798,0.154499,0.151081,0.147727,0.144435,0.141203,0.13803,0.134914,0.131854,0.128848,0.125896,0.122996,0.120147,0.117348,0.114596,0.111892,0.109234,0.10662,0.104051,0.101524,0.0990386,0.0965938,0.0941886,0.0918219,0.0894927,0.0872,0.084943,0.0827206,0.080532,0.0783762,0.0762523,0.0741596,0.072097,0.0700638,0.0680592,0.0660822,0.0641321,0.0622082,0.0603095,0.0584354,0.0565851,0.0547578,0.0529527,0.0511692,0.0494065,0.0476638,0.0459406,0.044236,0.0425495,0.0408802,0.0392276,0.0375909,0.0359695,0.0343627,0.0327699,0.0311904,0.0296236,0.0280689,0.0265255,0.024993,0.0234706,0.0219578,0.0204539,0.0189583,0.0174705,0.0159897,0.0145155,0.0130472,0.0115841,0.0101258,0.00867165,0.00722099,0.00577327,0.0043279,0.00288429
1,0.981383,0.962794,0.94426,0.925809,0.907467,0.889258,0.871206,0.853333,0.83566,0.818204,0.800982,0.78401,0.767298,0.75086,0.734702,0.718833,0.703259,0.687983,0.673009,0.658338,0.643971,0.629906,0.616142,0.602678,0.58951,0.576634,0.564047,0.551745,0.539721,0.527972,0.516491,0.505274,0.494315,0.483608,0.473148,0.462928,0.452944,0.443189,0.433657,0.424344,0.415243,0.40635,0.397658,0.389163,0.38086,0.372743,0.364808,0.35705,0.349465,0.342047,0.334793,0.327698,0.320758,0.313969,0.307327,0.300829,0.294469,0.288246,0.282156,0.276194,0.270358,0.264644,0.25905,0.253573,0.248209,0.242955,0.237809,0.232769,0.227831,0.222993,0.218252,0.213607,0.209054,0.204592,0.200218,0.19593,0.191727,0.187605,0.183564,0.1796,0.175713,0.1719,0.16816,0.164491,0.160891,0.157359,0.153892,0.15049,0.147151,0.143873,0.140654,0.137495,0.134392,0.131345,0.128352,0.125413,0.122525,0.119687,0.116899,0.114159,0.111466,0.108819,0.106216,0.103657,0.10114,0.0986646,0.0962295,0.0938339,0.0914765,0.0891565,0.0868729,0.0846247,0.082411,0.0802309,0.0780835,0.0759679,0.0738832,0.0718286,0.0698032,0.0678062,0.0658368,0.0638942,0.0619775,0.0600861,0.0582191,0.0563757,0.0545553,0.052757,0.0509802,0.0492241,0.047488,0.0457712,0.044073,0.0423928,0.0407297,0.0390832,0.0374526,0.0358372,0.0342364,0.0326495,0.0310758,0.0295148,0.0279658,0.0264282,0.0249013,0.0233845,0.0218773,0.0203789,0.0188889,0.0174065,0.0159312,0.0144623,0.0129994,0.0115417,0.0100888,0.0086399,0.00719455,0.00575213,0.00431205,0.00287373
1,0.981147,0.962323,0.94356,0.924884,0.906326,0.88791,0.869662,0.851605,0.833761,0.816148,0.798783,0.781681,0.764856,0.748317,0.732073,0.716131,0.700497,0.685174,0.670163,0.655467,0.641083,0.627012,0.613251,0.599796,0.586643,0.57379,0.56123,0.548959,0.536972,0.525262,0.513824,0.502652,0.49174,0.481082,0.470671,0.460503,0.450569,0.440866,0.431387,0.422125,0.413076,0.404234,0.395594,0.387149,0.378895,0.370828,0.362941,0.35523,0.347691,0.340319,0.333109,0.326057,0.319159,0.312412,0.30581,0.299351,0.29303,0.286844,0.280789,0.274863,0.269061,0.263381,0.25782,0.252374,0.24704,0.241816,0.2367,0.231687,0.226777,0.221965,0.217251,0.212631,0.208102,0.203664,0.199314,0.195049,0.190867,0.186767,0.182746,0.178803,0.174936,0.171142,0.167421,0.16377,0.160188,0.156673,0.153223,0.149838,0.146514,0.143252,0.140049,0.136904,0.133816,0.130784,0.127805,0.124879,0.122004,0.11918,0.116405,0.113677,0.110996,0.108361,0.10577,0.103222,0.100716,0.0982519,0.0958276,0.0934425,0.0910954,0.0887856,0.0865119,0.0842734,0.0820693,0.0798986,0.0777605,0.0756539,0.0735781,0.0715323,0.0695155,0.067527,0.0655659,0.0636315,0.061723,0.0598395,0.0579803,0.0561447,0.0543318,0.0525411,0.0507717,0.0490229,0.047294,0.0455843,0.0438931,0.0422198,0.0405636,0.0389239,0.0373,0.0356912,0.034097,0.0325166,0.0309494,0.0293948,0.0278521,0.0263208,0.0248001,0.0232895,0.0217884,0.0202962,0.0188122,0.0173358,0.0158665,0.0144036,0.0129466,0.0114949,0.0100478,0.00860485,0.00716537,0.0057288,0.00429457,0.00286207
1,0.98088,0.961793,0.94277,0.923843,0.905042,0.886394,0.867927,0.849666,0.831631,0.813844,0.796321,0.779078,0.762127,0.745479,0.729142,0.713123,0.697425,0.682052,0.667004,0.652283,0.637885,0.62381,0.610053,0.596611,0.583479,0.570652,0.558125,0.545892,0.533946,0.522282,0.510892,0.499771,0.488912,0.478309,0.467954,0.457842,0.447967,0.438321,0.428899,0.419696,0.410704,0.401919,0.393335,0.384946,0.376747,0.368733,0.360899,0.35324,0.345752,0.338429,0.331268,0.324264,0.317412,0.31071,0.304152,0.297736,0.291457,0.285311,0.279297,0.273409,0.267645,0.262001,0.256475,0.251063,0.245764,0.240572,0.235487,0.230506,0.225625,0.220843,0.216157,0.211564,0.207063,0.202651,0.198326,0.194085,0.189928,0.185851,0.181853,0.177932,0.174086,0.170314,0.166613,0.162982,0.159419,0.155923,0.152492,0.149125,0.145819,0.142574,0.139388,0.136259,0.133187,0.13017,0.127207,0.124296,0.121436,0.118625,0.115864,0.11315,0.110482,0.10786,0.105282,0.102746,0.100253,0.0978007,0.0953882,0.0930146,0.0906789,0.0883801,0.0861172,0.0838895,0.0816958,0.0795354,0.0774073,0.0753107,0.0732447,0.0712084,0.069201,0.0672218,0.0652698,0.0633444,0.0614446,0.0595698,0.0577192,0.055892,0.0540875,0.052305,0.0505436,0.0488028,0.0470818,0.0453799,0.0436964,0.0420307,0.040382,0.0387497,0.0371331,0.0355316,0.0339446,0.0323713,0.0308111,0.0292635,0.0277278,0.0262033,0.0246895,0.0231857,0.0216913,0.0202057,0.0187283,0.0172585,0.0157958,0.0143395,0.012889,0.0114437,0.0100031,0.00856653,0.00713346,0.00570329,0.00427544,0.00284933
1,0.980582,0.961199,0.941886,0.922677,0.903604,0.884698,0.865988,0.847499,0.829254,0.811275,0.793579,0.776182,0.759096,0.742331,0.725894,0.709793,0.694029,0.678605,0.66352,0.648775,0.634365,0.620289,0.606541,0.593117,0.580011,0.567216,0.554728,0.542538,0.53064,0.519028,0.507693,0.49663,0.48583,0.475288,0.464996,0.454947,0.445135,0.435553,0.426195,0.417055,0.408127,0.399404,0.390882,0.382554,0.374415,0.36646,0.358683,0.351081,0.343648,0.33638,0.329271,0.322319,0.315518,0.308865,0.302355,0.295985,0.289752,0.283651,0.277679,0.271833,0.266109,0.260505,0.255018,0.249644,0.24438,0.239224,0.234174,0.229226,0.224377,0.219627,0.214971,0.210409,0.205936,0.201552,0.197255,0.193041,0.18891,0.184858,0.180885,0.176988,0.173166,0.169416,0.165737,0.162128,0.158586,0.155111,0.1517,0.148352,0.145065,0.141839,0.138671,0.13556,0.132505,0.129505,0.126558,0.123663,0.120819,0.118024,0.115278,0.112578,0.109925,0.107317,0.104753,0.102231,0.0997508,0.0973114,0.0949116,0.0925505,0.090227,0.0879402,0.0856892,0.0834729,0.0812906,0.0791414,0.0770242,0.0749383,0.0728829,0.070857,0.0688598,0.0668906,0.0649486,0.0630328,0.0611427,0.0592773,0.057436,0.0556179,0.0538224,0.0520488,0.0502962,0.0485641,0.0468516,0.0451581,0.043483,0.0418255,0.0401849,0.0385607,0.0369521,0.0353585,0.0337792,0.0322136,0.0306611,0.0291211,0.0275929,0.0260758,0.0245694,0.0230729,0.0215858,0.0201075,0.0186373,0.0171747,0.0157191,0.0142698,0.0128264,0.0113881,0.00995452,0.00852495,0.00709884,0.00567561,0.00425469,0.0028355
1,0.980248,0.960534,0.940897,0.921374,0.902,0.882807,0.863827,0.845088,0.826613,0.808424,0.79054,0.772976,0.755744,0.738854,0.722313,0.706125,0.690293,0.674818,0.659698,0.644931,0.630514,0.616441,0.602707,0.589306,0.576231,0.563476,0.551032,0.538893,0.52705,0.515496,0.504224,0.493225,0.482492,0.472018,0.461795,0.451816,0.442074,0.432563,0.423275,0.414205,0.405345,0.396691,0.388235,0.379974,0.3719,0.364009,0.356295,0.348755,0.341382,0.334172,0.327121,0.320224,0.313478,0.306878,0.30042,0.2941,0.287916,0.281862,0.275937,0.270136,0.264456,0.258895,0.253449,0.248115,0.242891,0.237773,0.232759,0.227847,0.223034,0.218317,0.213695,0.209164,0.204723,0.20037,0.196102,0.191917,0.187813,0.183789,0.179842,0.175971,0.172174,0.168449,0.164794,0.161208,0.157689,0.154236,0.150846,0.147519,0.144253,0.141046,0.137898,0.134807,0.13177,0.128788,0.125859,0.122982,0.120154,0.117376,0.114646,0.111963,0.109325,0.106732,0.104182,0.101675,0.0992095,0.0967841,0.094398,0.0920503,0.08974,0.0874662,0.0852278,0.0830241,0.080854,0.0787167,0.0766113,0.074537,0.072493,0.0704783,0.0684921,0.0665337,0.0646023,0.0626971,0.0608172,0.058962,0.0571307,0.0553225,0.0535367,0.0517727,0.0500296,0.0483067,0.0466035,0.0449191,0.0432529,0.0416043,0.0399725,0.0383569,0.0367569,0.0351718,0.0336009,0.0320437,0.0304994,0.0289676,0.0274474,0.0259384,0.02444,0.0229514,0.0214722,0.0200016,0.0185392,0.0170843,0.0156364,0.0141948,0.0127589,0.0113282,0.00990217,0.00848012,0.00706151,0.00564577,0.00423233,0.0028206
1,0.979875,0.959793,0.939795,0.919922,0.900213,0.880704,0.861427,0.842412,0.823685,0.805268,0.787181,0.769437,0.752051,0.735029,0.718379,0.702103,0.686202,0.670677,0.655524,0.640739,0.626318,0.612254,0.59854,0.585169,0.572133,0.559424,0.547033,0.534952,0.523172,0.511685,0.500482,0.489555,0.478897,0.468498,0.458351,0.448449,0.438784,0.42935,0.420139,0.411144,0.40236,0.393779,0.385397,0.377207,0.369204,0.361382,0.353736,0.346262,0.338953,0.331807,0.324817,0.317981,0.311293,0.30475,0.298347,0.292082,0.28595,0.279948,0.274072,0.268319,0.262687,0.257171,0.251769,0.246479,0.241296,0.236219,0.231245,0.226371,0.221596,0.216915,0.212328,0.207832,0.203425,0.199104,0.194867,0.190713,0.186639,0.182644,0.178726,0.174883,0.171112,0.167413,0.163784,0.160223,0.156728,0.153298,0.149932,0.146627,0.143383,0.140198,0.137071,0.133999,0.130983,0.128021,0.12511,0.122251,0.119442,0.116682,0.113969,0.111303,0.108682,0.106105,0.103572,0.10108,0.0986295,0.0962191,0.0938477,0.0915144,0.0892182,0.0869582,0.0847335,0.082543,0.0803861,0.0782616,0.0761689,0.074107,0.0720751,0.0700724,0.068098,0.0661512,0.0642312,0.0623372,0.0604684,0.0586241,0.0568035,0.0550059,0.0532305,0.0514767,0.0497437,0.0480309,0.0463375,0.0446629,0.0430063,0.0413672,0.0397448,0.0381386,0.0365477,0.0349717,0.0334098,0.0318615,0.0303261,0.028803,0.0272915,0.0257912,0.0243012,0.0228212,0.0213503,0.0198882,0.0184341,0.0169874,0.0155477,0.0141143,0.0126866,0.011264,0.00984606,0.00843207,0.0070215,0.00561379,0.00420835,0.00280462
1,0.97946,0.958967,0.938568,0.918307,0.898228,0.878368,0.858765,0.839448,0.820447,0.801784,0.783477,0.765543,0.747993,0.730833,0.71407,0.697705,0.681737,0.666164,0.650982,0.636185,0.621766,0.607718,0.594032,0.580698,0.567709,0.555055,0.542725,0.530711,0.519002,0.50759,0.496465,0.485619,0.475042,0.464727,0.454664,0.444846,0.435266,0.425915,0.416787,0.407875,0.399172,0.390672,0.382368,0.374256,0.366328,0.358581,0.351008,0.343604,0.336365,0.329286,0.322363,0.31559,0.308965,0.302483,0.29614,0.289932,0.283856,0.277908,0.272086,0.266385,0.260802,0.255335,0.24998,0.244736,0.239598,0.234564,0.229632,0.2248,0.220064,0.215422,0.210873,0.206413,0.202041,0.197755,0.193552,0.189431,0.185389,0.181425,0.177537,0.173723,0.169981,0.16631,0.162708,0.159173,0.155704,0.152299,0.148958,0.145677,0.142456,0.139294,0.136189,0.133139,0.130144,0.127202,0.124312,0.121473,0.118683,0.115942,0.113248,0.1106,0.107996,0.105437,0.10292,0.100445,0.0980111,0.0956167,0.093261,0.090943,0.0886619,0.0864166,0.0842064,0.0820301,0.0798871,0.0777764,0.0756971,0.0736484,0.0716295,0.0696396,0.0676778,0.0657433,0.0638355,0.0619534,0.0600964,0.0582637,0.0564545,0.0546682,0.0529039,0.0511611,0.0494389,0.0477367,0.0460539,0.0443896,0.0427433,0.0411144,0.039502,0.0379056,0.0363246,0.0347583,0.033206,0.0316672,0.0301412,0.0286274,0.0271253,0.0256341,0.0241532,0.0226822,0.0212204,0.0197671,0.0183219,0.0168841,0.0154531,0.0140285,0.0126094,0.0111956,0.0097862,0.00838081,0.00697882,0.00557967,0.00418277,0.00278757
1,0.978997,0.958047,0.937202,0.916511,0.896022,0.875777,0.855815,0.836171,0.816872,0.797942,0.779403,0.761266,0.743544,0.726242,0.709364,0.69291,0.676877,0.661261,0.646056,0.631253,0.616844,0.60282,0.589171,0.575885,0.562952,0.550362,0.538103,0.526165,0.514537,0.503209,0.492171,0.481414,0.470928,0.460704,0.450733,0.441007,0.431518,0.422259,0.413221,0.404397,0.395782,0.387368,0.37915,0.37112,0.363274,0.355606,0.348111,0.340783,0.333618,0.326612,0.319758,0.313055,0.306496,0.300079,0.293798,0.287652,0.281636,0.275746,0.269979,0.264333,0.258804,0.253388,0.248084,0.242888,0.237797,0.23281,0.227922,0.223133,0.218439,0.213839,0.209329,0.204908,0.200574,0.196324,0.192157,0.18807,0.184062,0.180131,0.176275,0.172492,0.168781,0.165139,0.161566,0.158059,0.154618,0.15124,0.147924,0.144669,0.141473,0.138334,0.135253,0.132226,0.129254,0.126334,0.123466,0.120647,0.117878,0.115157,0.112482,0.109853,0.107269,0.104728,0.102229,0.0997716,0.0973547,0.0949772,0.0926381,0.0903364,0.0880712,0.0858416,0.0836467,0.0814856,0.0793574,0.0772612,0.0751962,0.0731615,0.0711564,0.06918,0.0672316,0.0653102,0.0634153,0.0615459,0.0597014,0.057881,0.056084,0.0543096,0.0525571,0.0508259,0.0491152,0.0474243,0.0457526,0.0440994,0.042464,0.0408458,0.0392441,0.0376583,0.0360876,0.0345316,0.0329896,0.0314609,0.0299449,0.028441,0.0269487,0.0254672,0.0239961,0.0225347,0.0210824,0.0196386,0.0182028,0.0167744,0.0153527,0.0139373,0.0125275,0.0111228,0.00972263,0.00832637,0.0069335,0.00554343,0.00415561,0.00276947
1,0.978481,0.957022,0.935681,0.914514,0.893572,0.872903,0.852549,0.832547,0.812926,0.793713,0.774924,0.756576,0.738675,0.721228,0.704235,0.687695,0.671601,0.655948,0.640727,0.625928,0.611539,0.597549,0.583946,0.570719,0.557853,0.545338,0.53316,0.521309,0.509772,0.498539,0.487598,0.476939,0.466553,0.456429,0.446558,0.436933,0.427543,0.418382,0.409441,0.400713,0.392192,0.383871,0.375743,0.367803,0.360043,0.35246,0.345048,0.337801,0.330715,0.323785,0.317006,0.310375,0.303887,0.297538,0.291325,0.285244,0.27929,0.273462,0.267755,0.262166,0.256693,0.251332,0.246081,0.240936,0.235895,0.230956,0.226116,0.221373,0.216724,0.212166,0.207699,0.203319,0.199024,0.194813,0.190684,0.186633,0.182661,0.178765,0.174942,0.171192,0.167513,0.163902,0.160359,0.156882,0.15347,0.15012,0.146831,0.143603,0.140433,0.13732,0.134264,0.131261,0.128313,0.125416,0.12257,0.119774,0.117027,0.114326,0.111672,0.109064,0.106499,0.103977,0.101498,0.0990593,0.0966606,0.094301,0.0919794,0.0896949,0.0874466,0.0852336,0.0830549,0.0809097,0.0787971,0.0767162,0.0746663,0.0726465,0.070656,0.0686939,0.0667595,0.0648521,0.0629708,0.0611148,0.0592835,0.0574762,0.055692,0.0539302,0.0521902,0.0504713,0.0487727,0.0470938,0.045434,0.0437924,0.0421686,0.0405617,0.0389713,0.0373966,0.0358369,0.0342918,0.0327606,0.0312425,0.0297371,0.0282438,0.0267618,0.0252907,0.0238298,0.0223785,0.0209363,0.0195026,0.0180768,0.0166582,0.0152464,0.0138408,0.0124408,0.0110459,0.00965536,0.00826878,0.00688554,0.00550509,0.00412686,0.00275031
1,0.977906,0.95588,0.933988,0.912291,0.89085,0.869715,0.848932,0.828542,0.808575,0.789057,0.770007,0.751437,0.733354,0.71576,0.698655,0.682032,0.665886,0.650204,0.634977,0.620192,0.605835,0.591892,0.578348,0.565191,0.552405,0.539977,0.527893,0.51614,0.504705,0.493577,0.482744,0.472193,0.461916,0.451902,0.44214,0.432623,0.423341,0.414285,0.405449,0.396824,0.388404,0.380182,0.372151,0.364305,0.356638,0.349145,0.341821,0.33466,0.327657,0.320808,0.314108,0.307554,0.301141,0.294865,0.288722,0.282709,0.276822,0.271058,0.265413,0.259886,0.254471,0.249168,0.243972,0.238882,0.233894,0.229006,0.224215,0.21952,0.214918,0.210406,0.205982,0.201645,0.197393,0.193222,0.189132,0.185121,0.181186,0.177326,0.173539,0.169823,0.166177,0.1626,0.159089,0.155643,0.152261,0.14894,0.145681,0.14248,0.139338,0.136252,0.133222,0.130245,0.127321,0.124449,0.121627,0.118854,0.116129,0.113452,0.110819,0.108232,0.105688,0.103187,0.100728,0.0983085,0.0959291,0.0935883,0.0912852,0.0890188,0.0867883,0.0845926,0.082431,0.0803026,0.0782065,0.0761419,0.0741078,0.0721036,0.0701285,0.0681815,0.066262,0.0643691,0.0625022,0.0606604,0.0588431,0.0570494,0.0552787,0.0535303,0.0518034,0.0500975,0.0484117,0.0467454,0.045098,0.0434687,0.041857,0.0402622,0.0386836,0.0371206,0.0355726,0.034039,0.0325191,0.0310123,0.0295181,0.0280358,0.0265648,0.0251046,0.0236545,0.0222139,0.0207824,0.0193592,0.0179439,0.0165358,0.0151344,0.0137391,0.0123494,0.0109647,0.00958444,0.00820804,0.00683497,0.00546466,0.00409656,0.00273012
1,0.977263,0.954604,0.932098,0.909815,0.88782,0.866173,0.844924,0.824113,0.803775,0.783935,0.76461,0.745811,0.727543,0.709805,0.692592,0.675895,0.659705,0.644007,0.628787,0.614029,0.599717,0.585835,0.572366,0.559293,0.5466,0.534273,0.522295,0.510653,0.499333,0.488322,0.477607,0.467176,0.457018,0.447122,0.437479,0.428079,0.418912,0.409971,0.401247,0.392732,0.38442,0.376303,0.368375,0.360629,0.353061,0.345663,0.338432,0.331361,0.324447,0.317683,0.311067,0.304594,0.298259,0.292059,0.28599,0.280049,0.274232,0.268536,0.262957,0.257493,0.252141,0.246898,0.241761,0.236727,0.231794,0.226959,0.222221,0.217576,0.213023,0.208559,0.204182,0.19989,0.195681,0.191553,0.187504,0.183533,0.179637,0.175815,0.172066,0.168386,0.164776,0.161233,0.157755,0.154342,0.150991,0.147702,0.144473,0.141302,0.138188,0.13513,0.132127,0.129178,0.12628,0.123433,0.120636,0.117888,0.115187,0.112533,0.109923,0.107358,0.104837,0.102357,0.0999183,0.0975199,0.0951606,0.0928396,0.0905559,0.0883085,0.0860966,0.0839192,0.0817756,0.0796648,0.077586,0.0755383,0.073521,0.0715332,0.0695741,0.067643,0.0657391,0.0638616,0.0620098,0.0601828,0.0583801,0.0566009,0.0548444,0.05311,0.0513969,0.0497046,0.0480322,0.0463792,0.0447448,0.0431285,0.0415296,0.0399474,0.0383812,0.0368306,0.0352948,0.0337732,0.0322653,0.0307704,0.0292879,0.0278172,0.0263577,0.0249089,0.0234702,0.0220409,0.0206205,0.0192085,0.0178042,0.0164071,0.0150166,0.0136322,0.0122533,0.0108794,0.00950988,0.0081442,0.0067818,0.00542216,0.0040647,0.00270889
1,0.976543,0.953176,0.929984,0.907049,0.884444,0.862235,0.840476,0.819212,0.798478,0.778298,0.758687,0.739655,0.721202,0.703324,0.686012,0.669253,0.653032,0.637332,0.622135,0.607421,0.593171,0.579366,0.565987,0.553015,0.540431,0.52822,0.516363,0.504846,0.493653,0.482771,0.472186,0.461886,0.451858,0.442092,0.432577,0.423302,0.41426,0.405441,0.396836,0.388439,0.380241,0.372236,0.364417,0.356778,0.349313,0.342017,0.334883,0.327908,0.321086,0.314413,0.307884,0.301496,0.295243,0.289124,0.283132,0.277267,0.271523,0.265897,0.260388,0.254991,0.249704,0.244523,0.239447,0.234473,0.229597,0.224819,0.220135,0.215543,0.21104,0.206626,0.202298,0.198053,0.193889,0.189806,0.185801,0.181872,0.178017,0.174235,0.170524,0.166882,0.163309,0.159801,0.156359,0.15298,0.149662,0.146405,0.143208,0.140068,0.136984,0.133956,0.130981,0.12806,0.12519,0.12237,0.119599,0.116876,0.1142,0.11157,0.108985,0.106443,0.103944,0.101487,0.0990706,0.0966937,0.0943555,0.0920552,0.0897917,0.0875643,0.0853719,0.0832137,0.0810888,0.0789964,0.0769357,0.0749059,0.072906,0.0709354,0.0689933,0.0670787,0.0651912,0.0633297,0.0614937,0.0596823,0.057895,0.0561308,0.0543892,0.0526695,0.0509709,0.0492928,0.0476345,0.0459953,0.0443747,0.0427719,0.0411864,0.0396174,0.0380643,0.0365266,0.0350036,0.0334947,0.0319993,0.0305168,0.0290465,0.027588,0.0261407,0.0247038,0.023277,0.0218595,0.0204508,0.0190504,0.0176577,0.0162721,0.0148931,0.0135201,0.0121526,0.01079,0.00943172,0.00807727,0.00672608,0.0053776,0.0040313,0.00268663
1,0.975734,0.951572,0.927614,0.903953,0.880673,0.857846,0.835534,0.813782,0.792627,0.772091,0.752187,0.732921,0.714288,0.696279,0.67888,0.662073,0.645839,0.630155,0.615,0.600349,0.586181,0.572473,0.559202,0.546348,0.533891,0.521812,0.510092,0.498715,0.487664,0.476925,0.466483,0.456325,0.446438,0.436811,0.427434,0.418295,0.409386,0.400697,0.39222,0.383947,0.375871,0.367985,0.360281,0.352754,0.345399,0.338208,0.331178,0.324303,0.317579,0.311,0.304563,0.298263,0.292097,0.286061,0.280151,0.274364,0.268697,0.263145,0.257708,0.25238,0.247161,0.242046,0.237034,0.232121,0.227306,0.222585,0.217958,0.213421,0.208972,0.20461,0.200332,0.196136,0.19202,0.187983,0.184023,0.180138,0.176325,0.172585,0.168915,0.165312,0.161777,0.158307,0.154901,0.151557,0.148275,0.145052,0.141887,0.138779,0.135727,0.132729,0.129785,0.126892,0.124051,0.121259,0.118515,0.115819,0.113169,0.110565,0.108004,0.105487,0.103012,0.100578,0.0981848,0.0958304,0.0935143,0.0912355,0.0889932,0.0867865,0.0846145,0.0824763,0.080371,0.0782979,0.0762561,0.0742449,0.0722633,0.0703106,0.0683861,0.0664889,0.0646184,0.0627737,0.0609542,0.0591591,0.0573878,0.0556394,0.0539133,0.0522089,0.0505254,0.0488623,0.0472187,0.0455941,0.0439877,0.0423991,0.0408275,0.0392723,0.037733,0.0362087,0.0346991,0.0332034,0.0317211,0.0302516,0.0287942,0.0273484,0.0259137,0.0244894,0.023075,0.0216698,0.0202734,0.0188852,0.0175046,0.0161311,0.014764,0.013403,0.0120473,0.0106965,0.00935,0.00800729,0.0066678,0.00533102,0.00399638,0.00266336
1,0.974822,0.949765,0.924947,0.900476,0.876448,0.852944,0.83003,0.807756,0.786156,0.765251,0.745051,0.725553,0.706749,0.688624,0.671155,0.654321,0.638096,0.622451,0.60736,0.592796,0.578732,0.565142,0.552001,0.539286,0.526975,0.515046,0.50348,0.492258,0.481364,0.470782,0.460496,0.450493,0.440759,0.431283,0.422054,0.41306,0.404293,0.395743,0.387401,0.37926,0.371313,0.363551,0.35597,0.348561,0.34132,0.334241,0.32732,0.32055,0.313927,0.307447,0.301105,0.294899,0.288823,0.282874,0.277049,0.271343,0.265756,0.260282,0.254919,0.249664,0.244515,0.239468,0.234522,0.229674,0.224921,0.220261,0.215692,0.211213,0.206819,0.202511,0.198285,0.19414,0.190074,0.186085,0.182172,0.178332,0.174564,0.170867,0.167239,0.163677,0.160182,0.156751,0.153383,0.150076,0.146829,0.143641,0.140511,0.137436,0.134417,0.131451,0.128538,0.125676,0.122864,0.120101,0.117386,0.114717,0.112095,0.109517,0.106982,0.104491,0.102041,0.0996311,0.0972614,0.0949304,0.0926372,0.0903809,0.0881607,0.0859756,0.0838248,0.0817074,0.0796226,0.0775696,0.0755475,0.0735556,0.071593,0.069659,0.0677529,0.0658738,0.064021,0.0621939,0.0603916,0.0586135,0.0568588,0.0551269,0.053417,0.0517286,0.0500609,0.0484132,0.046785,0.0451755,0.0435841,0.0420102,0.0404532,0.0389124,0.0373873,0.0358772,0.0343815,0.0328996,0.0314309,0.0299749,0.028531,0.0270985,0.0256769,0.0242657,0.0228642,0.021472,0.0200884,0.0187128,0.0173449,0.0159839,0.0146293,0.0132807,0.0119374,0.0105989,0.00926474,0.00793427,0.00660701,0.00528241,0.00395995,0.00263908
1,0.973787,0.947719,0.921933,0.896556,0.871699,0.847452,0.823888,0.801056,0.778991,0.757708,0.737212,0.717492,0.698533,0.680311,0.662798,0.645962,0.629772,0.614194,0.599195,0.584744,0.57081,0.557363,0.544375,0.531821,0.519676,0.507917,0.496524,0.485475,0.474754,0.464344,0.454228,0.444392,0.434823,0.425509,0.416438,0.4076,0.398984,0.390581,0.382383,0.374382,0.36657,0.35894,0.351486,0.344202,0.337081,0.330119,0.32331,0.31665,0.310133,0.303756,0.297515,0.291405,0.285423,0.279565,0.273827,0.268207,0.262702,0.257308,0.252023,0.246844,0.241767,0.236792,0.231914,0.227133,0.222445,0.217848,0.21334,0.208919,0.204583,0.200331,0.196159,0.192067,0.188053,0.184114,0.180249,0.176456,0.172735,0.169082,0.165497,0.161978,0.158524,0.155133,0.151805,0.148536,0.145327,0.142175,0.13908,0.136041,0.133055,0.130122,0.127241,0.124411,0.12163,0.118897,0.116211,0.113572,0.110977,0.108427,0.105919,0.103454,0.10103,0.0986457,0.0963008,0.0939941,0.0917248,0.0894919,0.0872946,0.085132,0.0830032,0.0809074,0.0788439,0.0768117,0.0748101,0.0728383,0.0708955,0.068981,0.0670939,0.0652337,0.0633994,0.0615904,0.0598061,0.0580456,0.0563083,0.0545935,0.0529005,0.0512287,0.0495773,0.0479458,0.0463335,0.0447398,0.043164,0.0416055,0.0400636,0.0385378,0.0370275,0.0355321,0.0340509,0.0325833,0.0311289,0.029687,0.0282569,0.0268383,0.0254304,0.0240328,0.0226448,0.021266,0.0198957,0.0185334,0.0171786,0.0158307,0.0144891,0.0131534,0.011823,0.0104974,0.00917598,0.00785827,0.00654372,0.00523182,0.00392202,0.0026138
1,0.972608,0.94539,0.91851,0.892117,0.86634,0.841279,0.817012,0.79359,0.771043,0.74938,0.728595,0.708671,0.689581,0.671291,0.653763,0.636958,0.620836,0.605357,0.590483,0.576176,0.562401,0.549124,0.536316,0.523948,0.511992,0.500425,0.489223,0.478366,0.467835,0.457611,0.44768,0.438026,0.428634,0.419494,0.410592,0.401918,0.393462,0.385215,0.377169,0.369315,0.361645,0.354154,0.346834,0.339679,0.332685,0.325845,0.319154,0.312608,0.306202,0.299932,0.293794,0.287785,0.2819,0.276136,0.27049,0.264959,0.259539,0.254228,0.249023,0.243922,0.238921,0.234019,0.229212,0.2245,0.219879,0.215347,0.210902,0.206543,0.202266,0.198071,0.193956,0.189919,0.185957,0.18207,0.178255,0.174511,0.170837,0.167231,0.163691,0.160216,0.156805,0.153456,0.150168,0.146939,0.143768,0.140654,0.137596,0.134592,0.131642,0.128743,0.125896,0.123098,0.120349,0.117647,0.114992,0.112382,0.109817,0.107295,0.104816,0.102378,0.0999806,0.0976228,0.0953036,0.0930221,0.0907775,0.0885688,0.0863953,0.084256,0.0821501,0.0800768,0.0780352,0.0760247,0.0740444,0.0720934,0.0701712,0.0682768,0.0664096,0.0645688,0.0627538,0.0609637,0.0591979,0.0574557,0.0557364,0.0540394,0.0523639,0.0507093,0.049075,0.0474603,0.0458646,0.0442872,0.0427275,0.041185,0.0396589,0.0381487,0.0366538,0.0351735,0.0337074,0.0322548,0.0308151,0.0293878,0.0279723,0.026568,0.0251744,0.0237909,0.0224169,0.021052,0.0196955,0.018347,0.0170058,0.0156715,0.0143435,0.0130212,0.0117042,0.0103919,0.00908376,0.0077793,0.00647797,0.00517925,0.00388261,0.00258754
1,0.971256,0.942722,0.9146,0.887064,0.860263,0.834312,0.809291,0.78525,0.76221,0.740173,0.719119,0.699018,0.679829,0.661508,0.644005,0.627271,0.611258,0.595917,0.581204,0.567076,0.553493,0.540419,0.527819,0.515663,0.503921,0.492567,0.481578,0.470932,0.460608,0.450588,0.440856,0.431397,0.422196,0.41324,0.404518,0.396019,0.387733,0.379651,0.371764,0.364064,0.356544,0.349197,0.342018,0.334999,0.328135,0.321422,0.314854,0.308427,0.302136,0.295977,0.289947,0.284042,0.278257,0.272591,0.267039,0.261599,0.256268,0.251043,0.245922,0.240901,0.235978,0.231151,0.226419,0.221777,0.217225,0.21276,0.208381,0.204084,0.199869,0.195734,0.191677,0.187696,0.183789,0.179955,0.176192,0.172499,0.168874,0.165315,0.161822,0.158393,0.155026,0.151719,0.148473,0.145285,0.142154,0.13908,0.136059,0.133093,0.130179,0.127315,0.124502,0.121738,0.119022,0.116353,0.113729,0.11115,0.108615,0.106123,0.103673,0.101263,0.0988934,0.0965628,0.0942702,0.0920148,0.0897958,0.0876122,0.0854632,0.0833481,0.0812658,0.0792158,0.0771971,0.0752089,0.0732506,0.0713213,0.0694203,0.0675468,0.0657002,0.0638796,0.0620844,0.0603139,0.0585674,0.0568441,0.0551435,0.0534649,0.0518076,0.0501709,0.0485542,0.0469569,0.0453784,0.0438179,0.042275,0.0407489,0.0392392,0.0377451,0.0362662,0.0348017,0.0333512,0.031914,0.0304897,0.0290775,0.027677,0.0262876,0.0249088,0.02354,0.0221806,0.0208301,0.0194879,0.0181536,0.0168266,0.0155064,0.0141924,0.0128841,0.0115809,0.0102825,0.00898812,0.0076974,0.00640977,0.00512473,0.00384174,0.0025603
1,0.969692,0.939645,0.910102,0.881276,0.853338,0.826415,0.800591,0.775908,0.752377,0.729983,0.70869,0.688452,0.669211,0.650907,0.633479,0.616865,0.601007,0.58585,0.571341,0.557431,0.544078,0.531239,0.518879,0.506963,0.495462,0.484346,0.473592,0.463176,0.453078,0.443279,0.433762,0.424511,0.415513,0.406754,0.398223,0.389909,0.381801,0.373892,0.366172,0.358634,0.351271,0.344076,0.337042,0.330164,0.323437,0.316856,0.310415,0.304111,0.297939,0.291895,0.285977,0.280179,0.274498,0.268933,0.263479,0.258133,0.252893,0.247757,0.242721,0.237783,0.232941,0.228192,0.223535,0.218967,0.214486,0.21009,0.205777,0.201546,0.197395,0.193321,0.189323,0.1854,0.18155,0.177771,0.174061,0.17042,0.166845,0.163336,0.159891,0.156508,0.153187,0.149925,0.146722,0.143576,0.140487,0.137452,0.134471,0.131543,0.128666,0.125839,0.123062,0.120332,0.11765,0.115014,0.112423,0.109876,0.107373,0.104911,0.10249,0.10011,0.0977689,0.0954662,0.0932012,0.0909727,0.0887801,0.0866224,0.0844989,0.0824087,0.0803509,0.0783249,0.0763298,0.0743648,0.0724292,0.0705223,0.0686432,0.0667913,0.0649659,0.0631663,0.0613916,0.0596414,0.0579148,0.0562112,0.0545299,0.0528703,0.0512317,0.0496135,0.0480151,0.0464358,0.044875,0.0433321,0.0418065,0.0402975,0.0388047,0.0373273,0.0358649,0.0344168,0.0329824,0.0315613,0.0301528,0.0287563,0.0273714,0.0259974,0.0246339,0.0232802,0.0219358,0.0206003,0.019273,0.0179535,0.0166411,0.0153354,0.0140359,0.0127421,0.0114533,0.0101692,0.00888909,0.0076126,0.00633916,0.00506828,0.00379943,0.0025321
1,0.967868,0.936063,0.904888,0.8746,0.845398,0.817421,0.790749,0.765414,0.741407,0.718691,0.697208,0.676888,0.657655,0.639431,0.622138,0.605704,0.590057,0.575135,0.560878,0.547232,0.534148,0.521583,0.509496,0.497851,0.486617,0.475765,0.465268,0.455103,0.44525,0.435688,0.426401,0.417373,0.408591,0.400041,0.391711,0.383592,0.375673,0.367945,0.3604,0.353032,0.345831,0.338793,0.331911,0.32518,0.318595,0.31215,0.305841,0.299664,0.293615,0.28769,0.281886,0.276199,0.270627,0.265165,0.259811,0.254562,0.249417,0.244371,0.239423,0.234571,0.229811,0.225143,0.220563,0.216071,0.211663,0.207338,0.203095,0.19893,0.194844,0.190833,0.186897,0.183033,0.179241,0.175518,0.171864,0.168276,0.164753,0.161295,0.157899,0.154564,0.15129,0.148074,0.144915,0.141813,0.138765,0.135772,0.132832,0.129943,0.127104,0.124315,0.121574,0.118881,0.116234,0.113632,0.111075,0.108561,0.106089,0.103659,0.101269,0.0989189,0.0966074,0.0943337,0.092097,0.0898964,0.087731,0.0856001,0.0835028,0.0814382,0.0794057,0.0774045,0.0754337,0.0734926,0.0715805,0.0696967,0.0678403,0.0660107,0.0642073,0.0624292,0.0606758,0.0589464,0.0572404,0.055557,0.0538957,0.0522558,0.0506366,0.0490375,0.0474579,0.0458972,0.0443548,0.04283,0.0413223,0.039831,0.0383556,0.0368955,0.0354501,0.0340189,0.0326013,0.0311967,0.0298045,0.0284243,0.0270554,0.0256974,0.0243497,0.0230116,0.0216829,0.0203628,0.0190508,0.0177465,0.0164493,0.0151587,0.0138742,0.0125953,0.0113214,0.010052,0.00878672,0.00752494,0.00626617,0.00500992,0.00375568,0.00250295
1,0.965716,0.931851,0.898787,0.866837,0.836233,0.807121,0.779571,0.753592,0.729147,0.706167,0.684563,0.664238,0.645092,0.627024,0.609941,0.593754,0.578384,0.563756,0.549805,0.536471,0.523701,0.511448,0.49967,0.488329,0.477392,0.466829,0.456613,0.44672,0.43713,0.427823,0.418782,0.409992,0.401438,0.393108,0.384991,0.377076,0.369354,0.361816,0.354454,0.347261,0.34023,0.333356,0.326631,0.320052,0.313613,0.307309,0.301136,0.295091,0.289168,0.283366,0.27768,0.272108,0.266645,0.26129,0.256039,0.250891,0.245841,0.240889,0.236032,0.231267,0.226593,0.222006,0.217507,0.213091,0.208759,0.204507,0.200334,0.196238,0.192218,0.188273,0.184399,0.180597,0.176864,0.173199,0.169601,0.166068,0.162599,0.159193,0.155847,0.152562,0.149335,0.146166,0.143053,0.139996,0.136992,0.134041,0.131142,0.128294,0.125495,0.122744,0.120042,0.117385,0.114774,0.112208,0.109685,0.107205,0.104766,0.102368,0.10001,0.0976908,0.0954097,0.0931658,0.0909583,0.0887863,0.086649,0.0845456,0.0824753,0.0804372,0.0784308,0.076455,0.0745093,0.0725929,0.070705,0.0688449,0.0670119,0.0652054,0.0634245,0.0616686,0.0599371,0.0582293,0.0565445,0.054882,0.0532413,0.0516216,0.0500225,0.0484431,0.046883,0.0453414,0.0438179,0.0423118,0.0408225,0.0393495,0.0378921,0.0364498,0.0350221,0.0336083,0.0322079,0.0308203,0.0294451,0.0280816,0.0267293,0.0253877,0.0240563,0.0227345,0.0214217,0.0201176,0.0188215,0.0175329,0.0162514,0.0149763,0.0137073,0.0124438,0.0111852,0.00993114,0.00868105,0.00743445,0.00619082,0.00494968,0.00371052,0.00247286
1,0.963145,0.926839,0.891572,0.85773,0.825577,0.795258,0.766822,0.740236,0.715422,0.692266,0.67064,0.650411,0.631449,0.613632,0.596847,0.580989,0.565968,0.551701,0.538115,0.525146,0.512738,0.500839,0.489408,0.478404,0.467793,0.457546,0.447635,0.438036,0.428728,0.419693,0.410914,0.402375,0.394062,0.385964,0.37807,0.370369,0.362852,0.355512,0.34834,0.34133,0.334475,0.327769,0.321207,0.314785,0.308496,0.302338,0.296305,0.290395,0.284603,0.278927,0.273362,0.267907,0.262558,0.257312,0.252167,0.247121,0.242171,0.237314,0.232549,0.227874,0.223287,0.218785,0.214367,0.210031,0.205775,0.201598,0.197497,0.193472,0.189521,0.185641,0.181832,0.178093,0.174421,0.170815,0.167275,0.163798,0.160384,0.157031,0.153737,0.150503,0.147325,0.144204,0.141139,0.138127,0.135168,0.13226,0.129404,0.126597,0.123839,0.121128,0.118464,0.115845,0.113271,0.110741,0.108254,0.105808,0.103404,0.101039,0.0987134,0.0964262,0.0941763,0.0919631,0.0897856,0.087643,0.0855346,0.0834595,0.0814169,0.0794062,0.0774264,0.075477,0.0735571,0.071666,0.069803,0.0679674,0.0661585,0.0643756,0.0626179,0.060885,0.059176,0.0574904,0.0558274,0.0541865,0.0525669,0.0509682,0.0493896,0.0478305,0.0462904,0.0447686,0.0432646,0.0417778,0.0403075,0.0388532,0.0374144,0.0359905,0.0345809,0.033185,0.0318024,0.0304324,0.0290746,0.0277284,0.0263932,0.0250685,0.0237539,0.0224488,0.0211526,0.0198649,0.0185851,0.0173127,0.0160473,0.0147883,0.0135352,0.0122876,0.0110448,0.00980652,0.00857212,0.00734117,0.00611315,0.00488758,0.00366397,0.00244183
1,0.960024,0.920788,0.882932,0.846934,0.813085,0.781515,0.752221,0.72511,0.700039,0.676835,0.65532,0.635317,0.616663,0.59921,0.582825,0.567388,0.552799,0.538965,0.525809,0.513262,0.501264,0.489765,0.478719,0.468086,0.457833,0.447928,0.438345,0.429061,0.420055,0.411309,0.402806,0.394531,0.386473,0.378618,0.370956,0.363478,0.356176,0.34904,0.342065,0.335244,0.328571,0.32204,0.315646,0.309385,0.303251,0.297243,0.291354,0.285582,0.279924,0.274377,0.268937,0.263601,0.258368,0.253234,0.248198,0.243256,0.238407,0.233649,0.228979,0.224396,0.219897,0.215482,0.211147,0.206892,0.202715,0.198614,0.194587,0.190634,0.186752,0.182941,0.179198,0.175522,0.171913,0.168368,0.164887,0.161468,0.158109,0.154811,0.15157,0.148388,0.145261,0.142189,0.139171,0.136206,0.133293,0.13043,0.127617,0.124853,0.122136,0.119466,0.116842,0.114262,0.111727,0.109234,0.106783,0.104373,0.102003,0.0996723,0.0973802,0.0951256,0.0929079,0.0907261,0.0885794,0.086467,0.0843882,0.0823422,0.0803282,0.0783455,0.0763932,0.0744708,0.0725774,0.0707123,0.0688749,0.0670645,0.0652803,0.0635217,0.061788,0.0600786,0.0583928,0.05673,0.0550894,0.0534706,0.0518729,0.0502956,0.0487382,0.0472,0.0456805,0.0441791,0.0426951,0.0412281,0.0397774,0.0383424,0.0369227,0.0355177,0.0341267,0.0327494,0.031385,0.0300331,0.0286932,0.0273647,0.0260472,0.02474,0.0234426,0.0221546,0.0208755,0.0196047,0.0183417,0.0170861,0.0158373,0.0145948,0.0133581,0.0121268,0.0109003,0.00967821,0.00845998,0.00724513,0.00603319,0.00482365,0.00361605,0.0024099
1,0.956163,0.913356,0.872435,0.833987,0.798317,0.765496,0.735436,0.707946,0.68279,0.659717,0.638487,0.618873,0.600677,0.583721,0.567853,0.552942,0.538874,0.525552,0.512894,0.500828,0.489294,0.478239,0.467617,0.45739,0.447524,0.437988,0.428758,0.419809,0.411123,0.402682,0.39447,0.386474,0.37868,0.371079,0.363659,0.356413,0.349333,0.34241,0.335638,0.329012,0.322526,0.316174,0.309953,0.303857,0.297884,0.292028,0.286287,0.280657,0.275136,0.269721,0.264408,0.259195,0.25408,0.249061,0.244135,0.2393,0.234555,0.229896,0.225323,0.220834,0.216426,0.212098,0.207849,0.203677,0.19958,0.195557,0.191606,0.187726,0.183915,0.180173,0.176498,0.172888,0.169342,0.165859,0.162438,0.159078,0.155777,0.152534,0.149348,0.146218,0.143143,0.140121,0.137153,0.134236,0.131369,0.128552,0.125784,0.123063,0.120389,0.117761,0.115177,0.112637,0.11014,0.107686,0.105272,0.102898,0.100564,0.0982687,0.0960108,0.0937899,0.091605,0.0894554,0.0873403,0.085259,0.0832106,0.0811944,0.0792097,0.0772556,0.0753316,0.0734368,0.0715707,0.0697324,0.0679212,0.0661366,0.0643778,0.0626442,0.0609351,0.0592498,0.0575878,0.0559484,0.0543309,0.0527349,0.0511595,0.0496043,0.0480686,0.0465519,0.0450536,0.043573,0.0421097,0.040663,0.0392324,0.0378173,0.0364172,0.0350316,0.0336598,0.0323014,0.0309559,0.0296226,0.0283011,0.0269909,0.0256914,0.0244021,0.0231226,0.0218522,0.0205906,0.0193372,0.0180915,0.016853,0.0156213,0.0143957,0.013176,0.0119615,0.0107517,0.00954629,0.00834467,0.00714639,0.00595096,0.00475792,0.00356677,0.00237706
1,0.951272,0.904037,0.859466,0.818263,0.780697,0.746718,0.71608,0.688447,0.663456,0.640758,0.620037,0.601013,0.58345,0.567145,0.551927,0.537653,0.524203,0.511476,0.499387,0.487863,0.476845,0.466279,0.456121,0.446334,0.436885,0.427744,0.418889,0.410296,0.401948,0.393827,0.38592,0.378214,0.370697,0.363359,0.356191,0.349184,0.342332,0.335629,0.329067,0.322641,0.316347,0.31018,0.304135,0.298209,0.292399,0.2867,0.28111,0.275625,0.270244,0.264963,0.25978,0.254693,0.249699,0.244796,0.239983,0.235257,0.230617,0.22606,0.221586,0.217192,0.212876,0.208638,0.204476,0.200388,0.196373,0.192429,0.188555,0.18475,0.181012,0.17734,0.173733,0.17019,0.16671,0.16329,0.159931,0.15663,0.153387,0.150201,0.147071,0.143995,0.140973,0.138003,0.135084,0.132216,0.129397,0.126627,0.123905,0.121228,0.118598,0.116012,0.11347,0.110971,0.108514,0.106098,0.103722,0.101386,0.0990886,0.0968288,0.0946061,0.0924195,0.0902683,0.0881517,0.086069,0.0840194,0.0820022,0.0800165,0.0780618,0.0761372,0.0742421,0.0723757,0.0705374,0.0687265,0.0669423,0.0651842,0.0634514,0.0617434,0.0600595,0.058399,0.0567614,0.055146,0.0535522,0.0519794,0.0504271,0.0488945,0.0473812,0.0458865,0.0444098,0.0429507,0.0415085,0.0400827,0.0386727,0.0372781,0.0358981,0.0345324,0.0331804,0.0318415,0.0305152,0.029201,0.0278984,0.0266069,0.025326,0.0240552,0.0227939,0.0215417,0.020298,0.0190625,0.0178345,0.0166137,0.0153994,0.0141913,0.0129889,0.0117916,0.0105991,0.00941079,0.00822624,0.00704497,0.00586652,0.0046904,0.00351616,0.00234333
1,0.944889,0.892055,0.843128,0.798902,0.759492,0.724598,0.693721,0.666307,0.64183,0.619823,0.599888,0.581694,0.564966,0.549481,0.535056,0.52154,0.50881,0.496763,0.485315,0.474395,0.463943,0.453911,0.444256,0.434942,0.425937,0.417217,0.408757,0.400539,0.392545,0.38476,0.37717,0.369766,0.362535,0.355469,0.348561,0.341802,0.335186,0.328707,0.32236,0.31614,0.310043,0.304064,0.2982,0.292448,0.286803,0.281264,0.275828,0.270492,0.265252,0.260109,0.255058,0.250098,0.245227,0.240443,0.235744,0.231129,0.226596,0.222143,0.217769,0.213472,0.209251,0.205104,0.20103,0.197028,0.193095,0.189232,0.185437,0.181708,0.178044,0.174444,0.170907,0.167432,0.164017,0.160662,0.157366,0.154126,0.150943,0.147815,0.144741,0.14172,0.138752,0.135834,0.132967,0.130149,0.127379,0.124656,0.12198,0.119349,0.116763,0.114221,0.111722,0.109264,0.106848,0.104472,0.102135,0.0998369,0.0975767,0.0953535,0.0931666,0.0910152,0.0888984,0.0868156,0.084766,0.0827489,0.0807635,0.0788092,0.0768851,0.0749906,0.0731251,0.0712878,0.0694781,0.0676952,0.0659386,0.0642076,0.0625015,0.0608197,0.0591616,0.0575266,0.0559139,0.0543232,0.0527536,0.0512047,0.0496759,0.0481665,0.0466761,0.0452039,0.0437496,0.0423124,0.0408919,0.0394875,0.0380987,0.0367249,0.0353657,0.0340204,0.0326885,0.0313696,0.0300631,0.0287685,0.0274854,0.0262131,0.0249512,0.0236992,0.0224567,0.0212231,0.0199979,0.0187806,0.0175709,0.0163681,0.0151718,0.0139816,0.012797,0.0116174,0.0104425,0.00927179,0.00810474,0.00694092,0.00577988,0.00462114,0.00346424,0.00230872
1,0.93623,0.876167,0.822089,0.774723,0.733772,0.698463,0.667897,0.64123,0.617734,0.596817,0.578,0.560908,0.545239,0.530759,0.517277,0.504642,0.492733,0.481451,0.470715,0.460458,0.450624,0.441168,0.432051,0.423239,0.414707,0.406429,0.398385,0.390558,0.382933,0.375497,0.368237,0.361144,0.354209,0.347424,0.340782,0.334277,0.327903,0.321654,0.315527,0.309517,0.303621,0.297834,0.292155,0.286579,0.281104,0.275728,0.270448,0.265261,0.260167,0.255163,0.250246,0.245415,0.240669,0.236006,0.231424,0.226921,0.222497,0.218149,0.213877,0.209678,0.205552,0.201498,0.197514,0.193598,0.189751,0.18597,0.182254,0.178602,0.175013,0.171487,0.168021,0.164615,0.161267,0.157978,0.154745,0.151567,0.148445,0.145376,0.142359,0.139395,0.136481,0.133617,0.130802,0.128034,0.125314,0.12264,0.120012,0.117427,0.114887,0.112389,0.109933,0.107518,0.105143,0.102807,0.10051,0.0982512,0.0960292,0.0938434,0.0916931,0.0895776,0.087496,0.0854477,0.083432,0.0814481,0.0794952,0.0775728,0.0756802,0.0738165,0.0719813,0.0701737,0.0683931,0.066639,0.0649106,0.0632073,0.0615285,0.0598736,0.0582419,0.0566328,0.0550458,0.0534802,0.0519355,0.0504111,0.0489063,0.0474207,0.0459537,0.0445046,0.0430731,0.0416584,0.0402601,0.0388777,0.0375105,0.0361582,0.03482,0.0334957,0.0321845,0.0308861,0.0295999,0.0283253,0.027062,0.0258094,0.0245671,0.0233345,0.0221111,0.0208965,0.0196902,0.0184918,0.0173007,0.0161164,0.0149386,0.0137667,0.0126003,0.0114389,0.0102821,0.00912932,0.00798021,0.00683428,0.00569108,0.00455014,0.00341102,0.00227326
1,0.923862,0.854294,0.79434,0.744129,0.70241,0.667584,0.638176,0.61298,0.591061,0.571709,0.554389,0.538697,0.524326,0.511038,0.49865,0.487019,0.476031,0.465595,0.455637,0.446097,0.436927,0.428086,0.41954,0.41126,0.403222,0.395407,0.387797,0.380377,0.373135,0.366058,0.359138,0.352366,0.345735,0.339237,0.332868,0.326622,0.320494,0.314481,0.308578,0.302782,0.29709,0.291499,0.286007,0.28061,0.275307,0.270096,0.264975,0.259941,0.254993,0.25013,0.245349,0.24065,0.23603,0.231489,0.227025,0.222636,0.218322,0.214081,0.209912,0.205813,0.201784,0.197824,0.19393,0.190103,0.186341,0.182643,0.179008,0.175435,0.171922,0.16847,0.165076,0.16174,0.158461,0.155238,0.15207,0.148956,0.145895,0.142886,0.139928,0.13702,0.134162,0.131352,0.12859,0.125875,0.123205,0.120581,0.118,0.115463,0.112969,0.110516,0.108104,0.105732,0.1034,0.101106,0.0988494,0.09663,0.0944469,0.0922993,0.0901863,0.0881074,0.0860618,0.0840487,0.0820675,0.0801175,0.0781979,0.0763082,0.0744475,0.0726154,0.070811,0.0690338,0.0672831,0.0655583,0.0638587,0.0621838,0.0605329,0.0589054,0.0573006,0.0557182,0.0541573,0.0526175,0.0510982,0.0495987,0.0481186,0.0466573,0.0452142,0.0437889,0.0423806,0.040989,0.0396134,0.0382534,0.0369084,0.035578,0.0342615,0.0329585,0.0316686,0.0303911,0.0291256,0.0278716,0.0266287,0.0253962,0.0241738,0.022961,0.0217573,0.0205622,0.0193753,0.018196,0.017024,0.0158587,0.0146998,0.0135466,0.0123989,0.0112561,0.0101178,0.00898344,0.00785271,0.0067251,0.00560016,0.00447746,0.00335653,0.00223695
1,0.904924,0.822807,0.756846,0.705043,0.664156,0.631288,0.604243,0.581454,0.561821,0.544569,0.529151,0.515167,0.502328,0.490416,0.479267,0.468754,0.458777,0.44926,0.440141,0.431368,0.422903,0.41471,0.406763,0.399038,0.391516,0.384182,0.37702,0.37002,0.36317,0.356464,0.349892,0.343448,0.337127,0.330923,0.324832,0.31885,0.312973,0.307199,0.301523,0.295944,0.290459,0.285066,0.279764,0.274549,0.26942,0.264376,0.259415,0.254535,0.249736,0.245015,0.240373,0.235806,0.231314,0.226896,0.222551,0.218278,0.214075,0.209942,0.205877,0.20188,0.197949,0.194083,0.190282,0.186544,0.182869,0.179255,0.175702,0.172208,0.168773,0.165395,0.162075,0.15881,0.155601,0.152445,0.149343,0.146292,0.143294,0.140346,0.137447,0.134598,0.131796,0.129041,0.126333,0.123671,0.121053,0.118478,0.115947,0.113458,0.111011,0.108604,0.106237,0.103909,0.10162,0.0993679,0.0971529,0.094974,0.0928306,0.0907218,0.0886469,0.0866054,0.0845963,0.0826192,0.0806732,0.0787577,0.0768721,0.0750157,0.0731877,0.0713877,0.0696149,0.0678686,0.0661484,0.0644535,0.0627834,0.0611374,0.059515,0.0579155,0.0563384,0.054783,0.0532489,0.0517354,0.050242,0.0487681,0.0473132,0.0458767,0.0444581,0.0430569,0.0416725,0.0403044,0.038952,0.037615,0.0362926,0.0349846,0.0336903,0.0324092,0.0311409,0.0298848,0.0286405,0.0274075,0.0261854,0.0249736,0.0237716,0.0225791,0.0213954,0.0202203,0.0190531,0.0178935,0.016741,0.0155952,0.0144555,0.0133216,0.0121929,0.0110691,0.00994969,0.00883423,0.00772228,0.00661341,0.00550716,0.0044031,0.00330079,0.0021998
1,0.873027,0.775165,0.705194,0.655043,0.617883,0.589168,0.566054,0.546773,0.530198,0.515598,0.502477,0.490493,0.479404,0.469033,0.459249,0.449951,0.441065,0.432529,0.424298,0.416334,0.408605,0.401089,0.393764,0.386614,0.379624,0.372783,0.366082,0.359511,0.353065,0.346735,0.340518,0.334408,0.328402,0.322497,0.316688,0.310973,0.305351,0.299818,0.294372,0.289013,0.283738,0.278545,0.273434,0.268402,0.263449,0.258574,0.253775,0.249051,0.244401,0.239825,0.235321,0.230888,0.226525,0.222232,0.218008,0.213851,0.209761,0.205736,0.201777,0.197881,0.194049,0.19028,0.186572,0.182924,0.179336,0.175808,0.172337,0.168924,0.165567,0.162266,0.159019,0.155827,0.152687,0.1496,0.146564,0.143579,0.140644,0.137757,0.134919,0.132129,0.129384,0.126686,0.124033,0.121423,0.118858,0.116335,0.113853,0.111413,0.109014,0.106653,0.104332,0.102049,0.0998036,0.0975947,0.0954217,0.0932841,0.091181,0.0891117,0.0870757,0.0850721,0.0831004,0.0811598,0.0792498,0.0773695,0.0755185,0.073696,0.0719014,0.070134,0.0683934,0.0666788,0.0649896,0.0633253,0.0616852,0.0600687,0.0584753,0.0569044,0.0553554,0.0538278,0.0523209,0.0508343,0.0493674,0.0479196,0.0464904,0.0450792,0.0436856,0.0423091,0.040949,0.0396049,0.0382763,0.0369626,0.0356635,0.0343783,0.0331065,0.0318478,0.0306016,0.0293675,0.0281448,0.0269333,0.0257324,0.0245416,0.0233606,0.0221887,0.0210256,0.0198708,0.0187239,0.0175844,0.0164518,0.0153258,0.0142058,0.0130915,0.0119824,0.010878,0.00977792,0.00868173,0.00758899,0.00649926,0.00541211,0.00432711,0.00324383,0.00216184
1,0.81202,0.69963,0.633724,0.592051,0.563165,0.541446,0.524034,0.509384,0.496603,0.485147,0.474665,0.464925,0.455763,0.447064,0.438744,0.430739,0.423001,0.415495,0.408189,0.401063,0.394097,0.387277,0.380591,0.374029,0.367583,0.361247,0.355014,0.34888,0.342842,0.336895,0.331037,0.325266,0.319579,0.313974,0.30845,0.303006,0.29764,0.29235,0.287137,0.281999,0.276934,0.271943,0.267025,0.262178,0.257402,0.252696,0.24806,0.243493,0.238995,0.234563,0.230199,0.225901,0.221669,0.217501,0.213398,0.209358,0.205381,0.201467,0.197614,0.193821,0.190089,0.186416,0.182802,0.179246,0.175746,0.172304,0.168917,0.165585,0.162307,0.159083,0.155911,0.152792,0.149723,0.146705,0.143737,0.140818,0.137946,0.135123,0.132346,0.129614,0.126928,0.124287,0.121689,0.119134,0.116621,0.11415,0.11172,0.109329,0.106978,0.104665,0.102391,0.100153,0.0979522,0.0957869,0.0936567,0.0915609,0.0894989,0.0874699,0.0854733,0.0835084,0.0815747,0.0796713,0.0777978,0.0759534,0.0741376,0.0723496,0.070589,0.068855,0.0671471,0.0654647,0.0638072,0.0621739,0.0605645,0.0589781,0.0574143,0.0558726,0.0543522,0.0528528,0.0513738,0.0499146,0.0484746,0.0470534,0.0456504,0.0442652,0.0428971,0.0415456,0.0402104,0.0388908,0.0375864,0.0362967,0.0350211,0.0337592,0.0325106,0.0312747,0.0300511,0.0288393,0.0276388,0.0264491,0.0252699,0.0241006,0.0229409,0.0217901,0.020648,0.019514,0.0183877,0.0172687,0.0161566,0.0150508,0.0139509,0.0128566,0.0117674,0.0106828,0.00960253,0.00852601,0.00745288,0.0063827,0.00531505,0.00424951,0.00318566,0.00212307
1,0.675425,0.577612,0.538019,0.516271,0.501279,0.489417,0.479254,0.470126,0.461683,0.453721,0.446114,0.438778,0.431659,0.424717,0.417924,0.411259,0.404708,0.398259,0.391902,0.385632,0.379443,0.373332,0.367295,0.361329,0.355434,0.349607,0.343848,0.338155,0.332528,0.326967,0.321471,0.31604,0.310674,0.305372,0.300134,0.294961,0.289853,0.284808,0.279828,0.274911,0.270059,0.26527,0.260545,0.255884,0.251286,0.246751,0.242278,0.237869,0.233521,0.229236,0.225012,0.22085,0.216748,0.212707,0.208725,0.204804,0.200941,0.197137,0.193391,0.189702,0.18607,0.182495,0.178976,0.175511,0.172101,0.168746,0.165443,0.162193,0.158995,0.155848,0.152753,0.149707,0.14671,0.143762,0.140862,0.138009,0.135203,0.132443,0.129727,0.127057,0.12443,0.121846,0.119304,0.116804,0.114345,0.111927,0.109547,0.107207,0.104905,0.102641,0.100413,0.0982222,0.0960663,0.0939454,0.0918586,0.0898054,0.0877851,0.085797,0.0838405,0.081915,0.0800198,0.0781543,0.0763179,0.07451,0.07273,0.0709772,0.0692511,0.0675511,0.0658766,0.0642269,0.0626016,0.0610001,0.0594217,0.057866,0.0563324,0.0548203,0.0533292,0.0518586,0.0504079,0.0489766,0.0475641,0.04617,0.0447938,0.0434349,0.0420928,0.040767,0.039457,0.0381624,0.0368827,0.0356173,0.0343659,0.0331278,0.0319027,0.0306901,0.0294895,0.0283004,0.0271225,0.0259552,0.0247981,0.0236507,0.0225127,0.0213835,0.0202627,0.01915,0.0180448,0.0169467,0.0158553,0.0147701,0.0136908,0.012617,0.0115481,0.0104837,0.00942357,0.00836713,0.007314,0.00626377,0.00521602,0.00417034,0.00312631,0.00208352
0,0.312066,0.397374,0.42447,0.433737,0.436265,0.435688,0.433438,0.430184,0.426283,0.421941,0.41729,0.412416,0.407378,0.402221,0.396976,0.391667,0.386313,0.38093,0.375529,0.370121,0.364713,0.359313,0.353927,0.34856,0.343217,0.337901,0.332616,0.327364,0.32215,0.316975,0.311841,0.30675,0.301705,0.296706,0.291755,0.286853,0.282002,0.277203,0.272455,0.267761,0.263121,0.258535,0.254004,0.249528,0.245107,0.240743,0.236435,0.232183,0.227987,0.223848,0.219765,0.215739,0.211768,0.207854,0.203995,0.200192,0.196443,0.19275,0.189112,0.185528,0.181997,0.17852,0.175096,0.171724,0.168404,0.165135,0.161918,0.15875,0.155633,0.152565,0.149545,0.146574,0.14365,0.140772,0.137941,0.135156,0.132415,0.129719,0.127066,0.124456,0.121889,0.119363,0.116879,0.114434,0.11203,0.109665,0.107338,0.105049,0.102797,0.100581,0.0984014,0.0962569,0.094147,0.092071,0.0900284,0.0880183,0.0860404,0.0840938,0.0821781,0.0802925,0.0784365,0.0766095,0.0748109,0.0730401,0.0712964,0.0695794,0.0678884,0.0662229,0.0645823,0.062966,0.0613735,0.0598042,0.0582575,0.056733,0.0552301,0.0537482,0.0522869,0.0508455,0.0494236,0.0480207,0.0466363,0.0452698,0.0439208,0.0425887,0.041273,0.0399734,0.0386892,0.0374201,0.0361655,0.0349249,0.033698,0.0324842,0.031283,0.0300941,0.028917,0.0277511,0.0265962,0.0254516,0.0243171,0.0231921,0.0220762,0.020969,0.01987,0.0187789,0.0176951,0.0166183,0.0155481,0.0144841,0.0134257,0.0123726,0.0113245,0.0102808,0.00924112,0.00820514,0.00717241,0.00614252,0.00511505,0.00408962,0.0030658,0.00204319
0,0.175465,0.275346,0.328753,0.357939,0.374357,0.383631,0.388625,0.390891,0.391323,0.390471,0.388689,0.386216,0.383218,0.379813,0.376092,0.372119,0.367949,0.363619,0.359164,0.354609,0.349975,0.345281,0.340541,0.335768,0.330973,0.326164,0.32135,0.316538,0.311733,0.306942,0.302168,0.297416,0.29269,0.287992,0.283327,0.278696,0.274101,0.269546,0.265031,0.260558,0.256129,0.251745,0.247407,0.243117,0.238874,0.234681,0.230536,0.226442,0.222398,0.218405,0.214463,0.210573,0.206733,0.202946,0.19921,0.195525,0.191892,0.188311,0.18478,0.1813,0.177871,0.174493,0.171164,0.167885,0.164656,0.161475,0.158343,0.15526,0.152223,0.149234,0.146291,0.143395,0.140544,0.137738,0.134976,0.132258,0.129584,0.126952,0.124363,0.121815,0.119308,0.116841,0.114414,0.112026,0.109677,0.107366,0.105092,0.102854,0.100653,0.0984866,0.0963554,0.0942585,0.0921951,0.0901647,0.0881667,0.0862005,0.0842655,0.0823611,0.0804867,0.0786417,0.0768255,0.0750376,0.0732773,0.0715441,0.0698375,0.0681568,0.0665015,0.064871,0.0632649,0.0616825,0.0601233,0.0585867,0.0570723,0.0555795,0.0541078,0.0526566,0.0512255,0.049814,0.0484214,0.0470474,0.0456915,0.0443531,0.0430317,0.0417269,0.0404382,0.0391652,0.0379072,0.036664,0.035435,0.0342197,0.0330177,0.0318286,0.0306519,0.0294871,0.0283338,0.0271917,0.0260601,0.0249387,0.0238271,0.0227249,0.0216315,0.0205467,0.0194699,0.0184008,0.0173389,0.0162839,0.0152352,0.0141926,0.0131556,0.0121237,0.0110967,0.010074,0.00905526,0.00804013,0.00702817,0.006019,0.0050122,0.00400738,0.00300415,0.00200211
0,0.114449,0.199793,0.257254,0.294911,0.319594,0.335855,0.346542,0.35343,0.357647,0.359931,0.360781,0.360543,0.359463,0.357723,0.355458,0.352771,0.349743,0.346435,0.342899,0.339176,0.335299,0.331296,0.327189,0.322999,0.318743,0.314433,0.310083,0.305704,0.301304,0.296892,0.292474,0.288057,0.283647,0.279248,0.274865,0.270502,0.266162,0.261849,0.257565,0.253312,0.249093,0.24491,0.240765,0.236659,0.232593,0.22857,0.224589,0.220652,0.216759,0.212912,0.209111,0.205356,0.201648,0.197988,0.194375,0.190809,0.187291,0.183821,0.180398,0.177024,0.173697,0.170417,0.167185,0.163999,0.160861,0.157768,0.154722,0.151722,0.148768,0.145858,0.142993,0.140172,0.137394,0.13466,0.131969,0.129319,0.126712,0.124146,0.12162,0.119134,0.116688,0.114281,0.111912,0.109581,0.107288,0.105031,0.10281,0.100625,0.0984746,0.0963587,0.0942766,0.0922277,0.0902115,0.0882273,0.0862746,0.0843528,0.0824614,0.0805997,0.0787672,0.0769633,0.0751875,0.0734392,0.0717179,0.0700229,0.0683538,0.0667099,0.0650909,0.063496,0.0619249,0.0603769,0.0588515,0.0573482,0.0558666,0.054406,0.052966,0.0515461,0.0501457,0.0487644,0.0474017,0.0460571,0.0447301,0.0434202,0.042127,0.04085,0.0395887,0.0383427,0.0371114,0.0358945,0.0346915,0.033502,0.0323254,0.0311614,0.0300095,0.0288693,0.0277403,0.0266222,0.0255144,0.0244167,0.0233284,0.0222493,0.0211789,0.0201169,0.0190627,0.018016,0.0169764,0.0159434,0.0149167,0.0138959,0.0128806,0.0118703,0.0108648,0.00986346,0.00886605,0.00787214,0.00688134,0.00589325,0.00490749,0.00392367,0.0029414,0.00196029
0,0.0825388,0.152123,0.205561,0.244855,0.273252,0.293653,0.308259,0.318641,0.325904,0.330826,0.333961,0.335711,0.336369,0.336159,0.335247,0.333766,0.331816,0.32948,0.326823,0.323898,0.320749,0.317413,0.313921,0.310298,0.306566,0.302743,0.298847,0.294891,0.290888,0.286848,0.28278,0.278692,0.274593,0.270489,0.266385,0.262286,0.258198,0.254124,0.250068,0.246033,0.242023,0.238039,0.234085,0.230161,0.226272,0.222417,0.218598,0.214818,0.211076,0.207374,0.203713,0.200094,0.196517,0.192983,0.189493,0.186046,0.182643,0.179284,0.17597,0.172701,0.169476,0.166295,0.163159,0.160067,0.15702,0.154017,0.151057,0.148141,0.145268,0.142438,0.139651,0.136906,0.134203,0.131541,0.12892,0.12634,0.1238,0.121299,0.118838,0.116415,0.11403,0.111683,0.109374,0.1071,0.104863,0.102661,0.100494,0.0983619,0.0962634,0.0941982,0.0921658,0.0901656,0.0881971,0.0862597,0.0843529,0.0824761,0.0806287,0.0788103,0.0770203,0.0752581,0.0735232,0.0718151,0.0701332,0.068477,0.0668459,0.0652395,0.0636572,0.0620985,0.0605628,0.0590497,0.0575587,0.0560893,0.0546408,0.053213,0.0518052,0.0504169,0.0490478,0.0476972,0.0463648,0.0450501,0.0437525,0.0424716,0.041207,0.0399582,0.0387248,0.0375062,0.0363021,0.035112,0.0339354,0.032772,0.0316213,0.0304828,0.0293561,0.0282409,0.0271366,0.026043,0.0249594,0.0238856,0.0228211,0.0217656,0.0207186,0.0196796,0.0186484,0.0176245,0.0166075,0.0155971,0.0145927,0.0135941,0.0126009,0.0116126,0.0106289,0.00964932,0.00867358,0.00770125,0.00673197,0.00576533,0.00480097,0.00383851,0.00287756,0.00191774
0,0.0635826,0.1206,0.168013,0.205696,0.234906,0.257247,0.274199,0.28697,0.296502,0.303508,0.308528,0.311969,0.314145,0.315295,0.315607,0.315228,0.314276,0.312846,0.311014,0.308843,0.306387,0.303688,0.300784,0.297706,0.294479,0.291128,0.287672,0.284127,0.280509,0.276832,0.273105,0.26934,0.265546,0.26173,0.2579,0.254061,0.25022,0.246382,0.242551,0.238731,0.234926,0.231139,0.227374,0.223632,0.219916,0.216229,0.212571,0.208946,0.205354,0.201797,0.198275,0.194791,0.191345,0.187937,0.184568,0.18124,0.177952,0.174705,0.171499,0.168334,0.165211,0.16213,0.15909,0.156093,0.153136,0.150222,0.147349,0.144518,0.141727,0.138977,0.136269,0.1336,0.130971,0.128382,0.125832,0.123322,0.120849,0.118415,0.116019,0.113659,0.111337,0.10905,0.1068,0.104584,0.102404,0.100258,0.0981455,0.0960664,0.0940202,0.0920063,0.0900241,0.0880731,0.0861528,0.0842628,0.0824023,0.0805711,0.0787684,0.0769938,0.0752468,0.0735268,0.0718334,0.070166,0.068524,0.0669071,0.0653146,0.0637461,0.062201,0.0606789,0.0591793,0.0577017,0.0562455,0.0548103,0.0533956,0.0520009,0.0506258,0.0492697,0.0479322,0.0466129,0.0453112,0.0440268,0.0427591,0.0415077,0.0402721,0.039052,0.0378468,0.0366561,0.0354796,0.0343167,0.033167,0.0320301,0.0309056,0.029793,0.028692,0.0276022,0.026523,0.0254542,0.0243953,0.0233458,0.0223055,0.0212739,0.0202506,0.0192352,0.0182273,0.0172266,0.0162326,0.015245,0.0142634,0.0132873,0.0123165,0.0113506,0.010389,0.00943162,0.0084779,0.00752753,0.00658011,0.00563529,0.00469268,0.00375193,0.00281265,0.00187449
0,0.0511918,0.0986805,0.140194,0.17501,0.20343,0.226232,0.244318,0.25854,0.269626,0.278177,0.284672,0.289494,0.292947,0.29527,0.296658,0.297264,0.297215,0.296614,0.295544,0.294076,0.292268,0.29017,0.287822,0.285262,0.282519,0.279619,0.276585,0.273437,0.270192,0.266865,0.26347,0.260019,0.256521,0.252986,0.249423,0.245839,0.242241,0.238634,0.235023,0.231415,0.227812,0.224219,0.22064,0.217077,0.213533,0.210011,0.206513,0.203042,0.199598,0.196184,0.192801,0.189451,0.186134,0.182852,0.179605,0.176395,0.173221,0.170085,0.166987,0.163927,0.160906,0.157924,0.154981,0.152077,0.149213,0.146387,0.143601,0.140854,0.138146,0.135477,0.132847,0.130255,0.127701,0.125185,0.122707,0.120266,0.117862,0.115495,0.113163,0.110868,0.108608,0.106382,0.104192,0.102035,0.0999118,0.0978218,0.0957645,0.0937394,0.091746,0.0897838,0.0878523,0.0859511,0.0840796,0.0822374,0.0804239,0.0786386,0.0768812,0.0751509,0.0734474,0.0717702,0.0701187,0.0684925,0.066891,0.0653138,0.0637604,0.0622303,0.060723,0.059238,0.0577749,0.0563332,0.0549123,0.0535118,0.0521313,0.0507703,0.0494283,0.0481049,0.0467995,0.0455119,0.0442414,0.0429877,0.0417503,0.0405288,0.0393227,0.0381316,0.0369551,0.0357928,0.0346442,0.0335089,0.0323865,0.0312765,0.0301787,0.0290925,0.0280175,0.0269534,0.0258997,0.0248561,0.0238222,0.0227975,0.0217817,0.0207744,0.0197752,0.0187837,0.0177995,0.0168224,0.0158517,0.0148873,0.0139288,0.0129757,0.0120276,0.0110844,0.0101454,0.00921045,0.00827911,0.00735103,0.00642583,0.00550317,0.00458267,0.00366397,0.00274672,0.00183054
0,0.0425042,0.0827366,0.119072,0.150721,0.177572,0.199931,0.218303,0.233244,0.245286,0.254901,0.26249,0.268389,0.272877,0.276182,0.27849,0.279956,0.280708,0.280851,0.280473,0.279648,0.27844,0.2769,0.275074,0.273002,0.270715,0.268244,0.265613,0.262844,0.259957,0.256968,0.253892,0.250743,0.247533,0.244272,0.240969,0.237633,0.23427,0.230889,0.227495,0.224094,0.220689,0.217287,0.21389,0.210503,0.207129,0.20377,0.20043,0.19711,0.193813,0.190541,0.187296,0.184078,0.18089,0.177733,0.174607,0.171514,0.168454,0.165429,0.162438,0.159483,0.156564,0.15368,0.150834,0.148024,0.145251,0.142514,0.139815,0.137153,0.134528,0.13194,0.129388,0.126873,0.124395,0.121952,0.119546,0.117175,0.11484,0.112539,0.110274,0.108042,0.105845,0.103681,0.101551,0.0994531,0.0973878,0.0953545,0.0933526,0.0913819,0.0894418,0.0875318,0.0856516,0.0838006,0.0819783,0.0801844,0.0784184,0.0766797,0.0749678,0.0732824,0.0716229,0.0699889,0.0683799,0.0667953,0.0652349,0.0636979,0.0621841,0.0606928,0.0592238,0.0577764,0.0563502,0.0549448,0.0535597,0.0521944,0.0508486,0.0495217,0.0482132,0.0469229,0.0456501,0.0443945,0.0431557,0.0419331,0.0407265,0.0395353,0.0383591,0.0371975,0.0360501,0.0349165,0.0337962,0.0326889,0.0315942,0.0305116,0.0294408,0.0283813,0.0273327,0.0262948,0.025267,0.024249,0.0232404,0.0222409,0.0212499,0.0202673,0.0192925,0.0183253,0.0173652,0.0164119,0.0154651,0.0145242,0.0135891,0.0126592,0.0117344,0.0108141,0.00989805,0.0089859,0.00807728,0.00717183,0.0062692,0.00536903,0.00447097,0.00357467,0.00267977,0.00178593
0,0.0360886,0.0706896,0.102637,0.13123,0.156205,0.177618,0.195719,0.210849,0.223375,0.23365,0.241997,0.248697,0.253992,0.25809,0.261165,0.263363,0.264809,0.265608,0.265848,0.265605,0.264943,0.263917,0.262574,0.260956,0.259097,0.257029,0.254779,0.25237,0.249823,0.247157,0.244388,0.241531,0.238597,0.2356,0.232548,0.229452,0.22632,0.223159,0.219975,0.216776,0.213566,0.21035,0.207133,0.203918,0.20071,0.197512,0.194327,0.191157,0.188005,0.184873,0.181763,0.178677,0.175617,0.172583,0.169577,0.1666,0.163654,0.160738,0.157855,0.155004,0.152186,0.149401,0.146651,0.143935,0.141253,0.138606,0.135994,0.133416,0.130874,0.128366,0.125894,0.123456,0.121053,0.118684,0.11635,0.11405,0.111783,0.10955,0.107351,0.105184,0.10305,0.100948,0.0988784,0.0968401,0.094833,0.0928568,0.0909109,0.0889949,0.0871085,0.0852513,0.0834227,0.0816224,0.0798499,0.0781048,0.0763866,0.0746949,0.0730292,0.0713891,0.0697741,0.0681838,0.0666177,0.0650753,0.0635562,0.06206,0.0605861,0.0591343,0.0577039,0.0562945,0.0549057,0.0535371,0.0521883,0.0508586,0.0495479,0.0482555,0.0469811,0.0457242,0.0444844,0.0432614,0.0420546,0.0408636,0.0396881,0.0385276,0.0373817,0.03625,0.0351321,0.0340276,0.0329361,0.0318572,0.0307905,0.0297356,0.0286922,0.0276598,0.0266381,0.0256266,0.0246251,0.023633,0.0226502,0.0216761,0.0207104,0.0197528,0.0188029,0.0178602,0.0169246,0.0159955,0.0150727,0.0141558,0.0132444,0.0123381,0.0114368,0.0105398,0.00964706,0.00875805,0.00787248,0.00699,0.00611026,0.00523291,0.00435763,0.00348405,0.00261184,0.00174066
0,0.0311606,0.0612965,0.0895556,0.115357,0.138401,0.158618,0.176106,0.191057,0.203713,0.214329,0.223151,0.230408,0.236305,0.241022,0.244716,0.247523,0.249559,0.250925,0.251708,0.251982,0.251811,0.251251,0.25035,0.24915,0.247689,0.245997,0.244104,0.242035,0.23981,0.237451,0.234974,0.232394,0.229726,0.226982,0.224173,0.221309,0.218399,0.215451,0.212472,0.209469,0.206448,0.203414,0.200373,0.197328,0.194283,0.191243,0.18821,0.185187,0.182178,0.179184,0.176208,0.173252,0.170317,0.167406,0.164519,0.161658,0.158824,0.156017,0.15324,0.150493,0.147776,0.14509,0.142435,0.139812,0.137221,0.134663,0.132138,0.129645,0.127186,0.124759,0.122366,0.120005,0.117678,0.115383,0.113121,0.110892,0.108694,0.106529,0.104396,0.102294,0.100224,0.0981843,0.0961756,0.0941971,0.0922487,0.0903298,0.0884403,0.0865796,0.0847474,0.0829432,0.0811668,0.0794176,0.0776953,0.0759994,0.0743296,0.0726853,0.0710662,0.0694718,0.0679017,0.0663555,0.0648328,0.063333,0.0618558,0.0604007,0.0589673,0.0575552,0.0561639,0.054793,0.0534421,0.0521108,0.0507985,0.049505,0.0482297,0.0469723,0.0457323,0.0445093,0.043303,0.0421128,0.0409385,0.0397795,0.0386355,0.0375061,0.0363909,0.0352895,0.0342015,0.0331265,0.0320641,0.031014,0.0299757,0.0289489,0.0279332,0.0269283,0.0259337,0.0249491,0.0239742,0.0230085,0.0220517,0.0211034,0.0201634,0.0192311,0.0183063,0.0173886,0.0164777,0.0155732,0.0146748,0.0137821,0.0128948,0.0120126,0.011135,0.0102617,0.00939253,0.00852699,0.0076648,0.0068056,0.00594908,0.00509488,0.00424269,0.00339215,0.00254295,0.00169475
0,0.0272575,0.0537801,0.0789321,0.102242,0.123422,0.142349,0.15903,0.173561,0.186093,0.196801,0.205871,0.21348,0.219798,0.224977,0.229155,0.232453,0.234979,0.236826,0.238077,0.238803,0.239068,0.238926,0.238425,0.237608,0.236511,0.235168,0.233607,0.231855,0.229933,0.227863,0.225662,0.223347,0.220932,0.218431,0.215854,0.213213,0.210517,0.207775,0.204994,0.202182,0.199344,0.196488,0.193617,0.190737,0.187852,0.184966,0.182083,0.179205,0.176336,0.173478,0.170634,0.167806,0.164996,0.162205,0.159436,0.156689,0.153966,0.151269,0.148597,0.145952,0.143336,0.140747,0.138188,0.135658,0.133159,0.130689,0.128251,0.125843,0.123466,0.12112,0.118806,0.116523,0.114271,0.11205,0.109861,0.107702,0.105575,0.103477,0.101411,0.0993742,0.0973677,0.0953909,0.0934435,0.0915253,0.0896358,0.0877748,0.0859419,0.0841369,0.0823592,0.0806086,0.0788847,0.077187,0.0755153,0.0738691,0.072248,0.0706516,0.0690795,0.0675313,0.0660066,0.0645049,0.0630259,0.0615692,0.0601343,0.0587208,0.0573283,0.0559564,0.0546046,0.0532726,0.05196,0.0506662,0.049391,0.048134,0.0468946,0.0456725,0.0444674,0.0432787,0.0421062,0.0409493,0.0398078,0.0386812,0.0375691,0.0364712,0.0353871,0.0343163,0.0332585,0.0322134,0.0311805,0.0301596,0.0291501,0.0281518,0.0271642,0.0261871,0.02522,0.0242626,0.0233146,0.0223756,0.0214452,0.0205231,0.019609,0.0187024,0.0178031,0.0169107,0.0160249,0.0151453,0.0142716,0.0134035,0.0125406,0.0116826,0.0108291,0.00997989,0.00913457,0.00829282,0.00745431,0.00661872,0.00578572,0.00495498,0.00412619,0.00329901,0.00247313,0.00164821
0,0.0240894,0.0476344,0.0701507,0.0912575,0.110696,0.128325,0.144103,0.158064,0.170295,0.180913,0.19005,0.197844,0.20443,0.209934,0.214473,0.218156,0.221077,0.223323,0.224971,0.226087,0.226733,0.22696,0.226817,0.226345,0.22558,0.224556,0.223302,0.221844,0.220205,0.218406,0.216465,0.2144,0.212225,0.209955,0.2076,0.205172,0.202682,0.200138,0.197548,0.19492,0.192261,0.189576,0.186872,0.184152,0.181423,0.178688,0.175951,0.173215,0.170483,0.167759,0.165045,0.162343,0.159655,0.156984,0.154331,0.151697,0.149085,0.146495,0.143928,0.141385,0.138868,0.136377,0.133913,0.131476,0.129067,0.126686,0.124334,0.12201,0.119716,0.117451,0.115216,0.11301,0.110834,0.108688,0.106571,0.104483,0.102425,0.100396,0.0983964,0.0964254,0.0944831,0.0925692,0.0906835,0.0888257,0.0869956,0.0851927,0.0834169,0.0816678,0.0799451,0.0782484,0.0765774,0.0749316,0.0733109,0.0717147,0.0701428,0.0685946,0.0670699,0.0655683,0.0640893,0.0626327,0.0611979,0.0597846,0.0583924,0.0570208,0.0556696,0.0543383,0.0530265,0.0517338,0.0504598,0.0492041,0.0479664,0.0467462,0.0455431,0.0443568,0.0431868,0.0420329,0.0408945,0.0397713,0.038663,0.0375692,0.0364894,0.0354233,0.0343706,0.0333309,0.0323037,0.0312888,0.0302858,0.0292943,0.028314,0.0273444,0.0263854,0.0254364,0.0244972,0.0235674,0.0226466,0.0217346,0.0208309,0.0199353,0.0190474,0.0181669,0.0172934,0.0164266,0.0155662,0.0147118,0.0138632,0.0130199,0.0121818,0.0113483,0.0105193,0.00969439,0.00887327,0.00805561,0.00724109,0.00642941,0.00562024,0.00481327,0.00400819,0.00320467,0.0024024,0.00160108
0,0.0214658,0.0425174,0.0627788,0.0819414,0.0997796,0.116152,0.130993,0.144299,0.156112,0.166505,0.175573,0.183418,0.190143,0.195855,0.200649,0.20462,0.207851,0.21042,0.212396,0.213842,0.214815,0.215366,0.215539,0.215374,0.214909,0.214175,0.213202,0.212015,0.210637,0.209091,0.207394,0.205564,0.203615,0.201563,0.199419,0.197195,0.194902,0.192547,0.190141,0.187691,0.185203,0.182685,0.180142,0.177579,0.175001,0.172413,0.169818,0.167221,0.164624,0.162031,0.159444,0.156866,0.1543,0.151746,0.149207,0.146686,0.144182,0.141698,0.139235,0.136794,0.134376,0.131981,0.129611,0.127266,0.124947,0.122655,0.120388,0.11815,0.115938,0.113754,0.111598,0.109469,0.107369,0.105297,0.103252,0.101236,0.0992477,0.0972872,0.0953543,0.0934491,0.0915712,0.0897204,0.0878967,0.0860996,0.0843291,0.0825847,0.0808663,0.0791735,0.077506,0.0758636,0.0742458,0.0726523,0.0710829,0.0695372,0.0680147,0.0665152,0.0650384,0.0635837,0.0621509,0.0607395,0.0593493,0.0579798,0.0566307,0.0553016,0.053992,0.0527017,0.0514302,0.0501772,0.0489422,0.047725,0.0465251,0.0453421,0.0441757,0.0430255,0.0418912,0.0407723,0.0396684,0.0385793,0.0375046,0.0364439,0.0353967,0.0343629,0.033342,0.0323336,0.0313374,0.0303531,0.0293802,0.0284186,0.0274677,0.0265273,0.025597,0.0246765,0.0237655,0.0228636,0.0219704,0.0210857,0.0202091,0.0193403,0.018479,0.0176248,0.0167774,0.0159366,0.0151019,0.014273,0.0134497,0.0126317,0.0118185,0.0110099,0.0102057,0.00940536,0.00860873,0.00781546,0.00702524,0.00623776,0.00545271,0.0046698,0.00388872,0.00310915,0.0023308,0.00155336
0,0.0192564,0.0381906,0.0565057,0.07395,0.0903293,0.105511,0.119418,0.132026,0.143347,0.153424,0.16232,0.170109,0.176872,0.182692,0.18765,0.191824,0.195288,0.198109,0.200351,0.202071,0.203321,0.204149,0.204598,0.204706,0.204507,0.204034,0.203316,0.202376,0.20124,0.199927,0.198456,0.196846,0.19511,0.193264,0.191319,0.189289,0.187182,0.18501,0.182779,0.180499,0.178177,0.17582,0.173432,0.171021,0.16859,0.166145,0.163689,0.161228,0.158763,0.156298,0.153836,0.15138,0.148932,0.146494,0.144068,0.141657,0.139261,0.136882,0.134521,0.13218,0.12986,0.127561,0.125285,0.123032,0.120803,0.118598,0.116417,0.114262,0.112133,0.11003,0.107952,0.105901,0.103877,0.101879,0.099907,0.0979619,0.0960434,0.0941514,0.0922857,0.0904463,0.0886331,0.0868457,0.0850841,0.0833481,0.0816374,0.0799518,0.0782911,0.0766549,0.075043,0.0734551,0.0718909,0.0703501,0.0688323,0.0673373,0.0658648,0.0644143,0.0629855,0.0615782,0.0601919,0.0588263,0.057481,0.0561557,0.05485,0.0535636,0.0522961,0.0510472,0.0498164,0.0486034,0.0474078,0.0462294,0.0450677,0.0439223,0.042793,0.0416793,0.0405809,0.0394974,0.0384285,0.0373738,0.036333,0.0353057,0.0342915,0.0332903,0.0323014,0.0313248,0.0303599,0.0294065,0.0284642,0.0275326,0.0266116,0.0257006,0.0247995,0.0239078,0.0230253,0.0221515,0.0212863,0.0204292,0.01958,0.0187383,0.0179039,0.0170763,0.0162554,0.0154407,0.014632,0.013829,0.0130314,0.0122388,0.0114509,0.0106675,0.00988829,0.0091129,0.00834105,0.00757246,0.00680682,0.00604383,0.0052832,0.00452463,0.00376783,0.0030125,0.00225834,0.00150507
0,0.0173691,0.034483,0.0511034,0.0670235,0.0820772,0.0961431,0.109143,0.12104,0.131826,0.141525,0.150174,0.157827,0.164545,0.170392,0.175435,0.179739,0.183367,0.186378,0.188829,0.19077,0.19225,0.193313,0.193998,0.194343,0.19438,0.19414,0.19365,0.192936,0.192019,0.190921,0.18966,0.188253,0.186716,0.185063,0.183307,0.181459,0.17953,0.17753,0.175467,0.173351,0.171188,0.168985,0.166748,0.164482,0.162194,0.159888,0.157568,0.155238,0.152901,0.150562,0.148223,0.145886,0.143554,0.14123,0.138916,0.136613,0.134323,0.132048,0.129789,0.127547,0.125324,0.12312,0.120937,0.118775,0.116635,0.114517,0.112422,0.110351,0.108303,0.10628,0.104282,0.102308,0.100359,0.0984349,0.096536,0.0946623,0.0928137,0.0909903,0.0891919,0.0874185,0.08567,0.0839462,0.0822471,0.0805723,0.0789217,0.0772951,0.0756923,0.074113,0.0725569,0.0710239,0.0695136,0.0680257,0.06656,0.0651161,0.0636937,0.0622926,0.0609123,0.0595526,0.0582132,0.0568936,0.0555936,0.0543129,0.053051,0.0518077,0.0505826,0.0493753,0.0481856,0.047013,0.0458572,0.0447179,0.0435948,0.0424874,0.0413954,0.0403185,0.0392564,0.0382087,0.037175,0.0361551,0.0351485,0.034155,0.0331742,0.0322058,0.0312495,0.0303048,0.0293716,0.0284494,0.0275379,0.0266369,0.0257459,0.0248648,0.0239931,0.0231305,0.0222768,0.0214315,0.0205945,0.0197654,0.0189438,0.0181296,0.0173223,0.0165217,0.0157275,0.0149393,0.0141569,0.01338,0.0126083,0.0118414,0.0110792,0.0103213,0.00956733,0.00881712,0.00807034,0.0073267,0.00658591,0.00584769,0.00511175,0.00437781,0.00364556,0.00291475,0.00218506,0.00145624
0,0.0157372,0.0312689,0.0464015,0.0609636,0.0748131,0.0878413,0.0999726,0.111163,0.121395,0.130674,0.139024,0.14648,0.153088,0.158896,0.163959,0.168331,0.172063,0.175209,0.177816,0.179931,0.181597,0.182854,0.18374,0.184289,0.184531,0.184496,0.18421,0.183698,0.18298,0.182078,0.181009,0.179791,0.178439,0.176966,0.175386,0.17371,0.171949,0.170113,0.168211,0.16625,0.164239,0.162184,0.160092,0.157968,0.155818,0.153646,0.151457,0.149255,0.147044,0.144827,0.142607,0.140388,0.13817,0.135958,0.133753,0.131557,0.129372,0.127199,0.12504,0.122897,0.12077,0.11866,0.116569,0.114497,0.112445,0.110414,0.108404,0.106416,0.10445,0.102507,0.100587,0.0986904,0.096817,0.0949671,0.0931409,0.0913384,0.0895598,0.0878051,0.0860741,0.0843668,0.0826832,0.0810232,0.0793865,0.0777732,0.0761829,0.0746156,0.0730709,0.0715487,0.0700488,0.0685709,0.0671148,0.0656801,0.0642667,0.0628742,0.0615024,0.0601509,0.0588194,0.0575077,0.0562154,0.0549423,0.0536879,0.0524521,0.0512344,0.0500345,0.0488521,0.0476869,0.0465385,0.0454067,0.044291,0.0431912,0.0421069,0.0410378,0.0399836,0.0389438,0.0379183,0.0369067,0.0359086,0.0349238,0.0339518,0.0329924,0.0320453,0.0311101,0.0301865,0.0292742,0.0283728,0.0274822,0.0266019,0.0257316,0.0248711,0.02402,0.0231781,0.0223449,0.0215203,0.0207038,0.0198953,0.0190944,0.0183008,0.0175143,0.0167344,0.0159611,0.0151938,0.0144325,0.0136767,0.0129261,0.0121806,0.0114398,0.0107035,0.00997124,0.0092429,0.00851814,0.00779669,0.00707828,0.00636262,0.00564943,0.00493845,0.00422939,0.00352197,0.00281593,0.00211099,0.00140687
0,0.0143109,0.028454,0.0422701,0.0556162,0.0683706,0.0804366,0.0917432,0.102244,0.111916,0.120754,0.128768,0.135983,0.14243,0.148147,0.153176,0.157561,0.161347,0.164577,0.167295,0.16954,0.171353,0.172768,0.17382,0.174541,0.17496,0.175104,0.174998,0.174665,0.174127,0.173402,0.172509,0.171464,0.170282,0.168977,0.167562,0.166047,0.164444,0.162763,0.161012,0.1592,0.157334,0.155422,0.153468,0.15148,0.149463,0.147422,0.14536,0.143283,0.141194,0.139096,0.136993,0.134887,0.132782,0.13068,0.128582,0.126491,0.124409,0.122337,0.120277,0.11823,0.116198,0.114182,0.112182,0.1102,0.108236,0.106291,0.104365,0.10246,0.100576,0.0987125,0.0968706,0.0950505,0.0932524,0.0914765,0.0897229,0.0879917,0.0862831,0.084597,0.0829334,0.0812924,0.0796738,0.0780776,0.0765037,0.074952,0.0734222,0.0719143,0.070428,0.0689632,0.0675197,0.0660971,0.0646954,0.0633143,0.0619534,0.0606126,0.0592916,0.05799,0.0567077,0.0554443,0.0541995,0.0529731,0.0517646,0.050574,0.0494007,0.0482446,0.0471053,0.0459824,0.0448758,0.043785,0.0427097,0.0416497,0.0406046,0.0395741,0.0385579,0.0375557,0.0365671,0.0355919,0.0346297,0.0336802,0.0327432,0.0318182,0.030905,0.0300033,0.0291128,0.0282332,0.0273641,0.0265053,0.0256564,0.0248172,0.0239874,0.0231667,0.0223548,0.0215513,0.020756,0.0199687,0.019189,0.0184166,0.0176512,0.0168927,0.0161406,0.0153947,0.0146547,0.0139204,0.0131914,0.0124676,0.0117485,0.0110341,0.0103238,0.0096176,0.0089151,0.00821606,0.00752021,0.00682729,0.00613701,0.00544912,0.00476335,0.00407943,0.0033971,0.0027161,0.00203615,0.00135699
0,0.0130523,0.025966,0.0386089,0.0508605,0.0626165,0.0737913,0.0843195,0.0941553,0.103271,0.111656,0.119312,0.126253,0.132501,0.138085,0.143036,0.147391,0.151187,0.15446,0.157247,0.159584,0.161506,0.163044,0.164231,0.165095,0.165663,0.165961,0.166012,0.165839,0.16546,0.164895,0.164161,0.163275,0.16225,0.1611,0.159837,0.158473,0.157019,0.155483,0.153876,0.152205,0.150477,0.1487,0.14688,0.145023,0.143134,0.141218,0.13928,0.137323,0.135352,0.133371,0.131382,0.129388,0.127392,0.125397,0.123405,0.121417,0.119436,0.117464,0.115501,0.11355,0.111612,0.109688,0.107779,0.105885,0.104008,0.102149,0.100307,0.0984844,0.0966809,0.094897,0.0931331,0.0913896,0.0896666,0.0879645,0.0862834,0.0846234,0.0829847,0.0813673,0.0797712,0.0781964,0.076643,0.0751107,0.0735997,0.0721096,0.0706405,0.0691922,0.0677645,0.0663573,0.0649704,0.0636035,0.0622564,0.060929,0.059621,0.0583321,0.0570622,0.0558108,0.0545779,0.0533631,0.0521661,0.0509866,0.0498245,0.0486793,0.0475508,0.0464387,0.0453427,0.0442626,0.0431979,0.0421485,0.041114,0.0400941,0.0390885,0.0380969,0.0371191,0.0361547,0.0352033,0.0342648,0.0333388,0.032425,0.0315231,0.0306329,0.029754,0.0288861,0.0280289,0.0271822,0.0263456,0.0255189,0.0247018,0.023894,0.0230952,0.0223051,0.0215235,0.02075,0.0199844,0.0192264,0.0184757,0.0177321,0.0169953,0.016265,0.0155409,0.0148227,0.0141103,0.0134033,0.0127015,0.0120045,0.0113122,0.0106243,0.00994046,0.00926048,0.00858408,0.00791101,0.00724101,0.00657381,0.00590917,0.00524683,0.00458652,0.00392799,0.003271,0.00261527,0.00196056,0.00130662
0,0.0119323,0.0237489,0.0353391,0.0466006,0.0574436,0.0677927,0.0775883,0.0867863,0.0953578,0.103287,0.110572,0.117217,0.123238,0.128655,0.133493,0.137781,0.141549,0.144828,0.147649,0.150043,0.152042,0.153673,0.154966,0.155945,0.156638,0.157066,0.157252,0.157217,0.15698,0.156558,0.155967,0.155224,0.154342,0.153335,0.152214,0.15099,0.149675,0.148276,0.146804,0.145266,0.14367,0.142023,0.14033,0.138598,0.136832,0.135037,0.133218,0.131379,0.129523,0.127654,0.125776,0.123891,0.122002,0.120112,0.118223,0.116337,0.114456,0.112581,0.110715,0.108859,0.107013,0.10518,0.10336,0.101554,0.0997638,0.0979892,0.0962312,0.0944903,0.0927672,0.0910624,0.0893761,0.0877088,0.0860608,0.0844324,0.0828236,0.0812348,0.0796659,0.0781171,0.0765885,0.0750801,0.0735917,0.0721236,0.0706754,0.0692473,0.067839,0.0664504,0.0650815,0.063732,0.0624019,0.0610908,0.0597987,0.0585252,0.0572703,0.0560336,0.054815,0.0536141,0.0524308,0.0512649,0.0501159,0.0489838,0.0478681,0.0467687,0.0456853,0.0446175,0.0435652,0.042528,0.0415057,0.0404979,0.0395044,0.0385249,0.0375591,0.0366068,0.0356675,0.0347412,0.0338274,0.0329259,0.0320363,0.0311585,0.0302921,0.0294369,0.0285925,0.0277587,0.0269351,0.0261217,0.0253179,0.0245236,0.0237385,0.0229623,0.0221948,0.0214356,0.0206845,0.0199413,0.0192056,0.0184773,0.0177559,0.0170413,0.0163333,0.0156314,0.0149356,0.0142455,0.0135608,0.0128814,0.0122069,0.0115372,0.0108718,0.0102107,0.0095535,0.0089,0.00824995,0.00760309,0.00695917,0.00631796,0.00567919,0.00504263,0.00440802,0.00377513,0.0031437,0.0025135,0.00188427,0.00125577
0,0.0109279,0.0217584,0.0323979,0.0427592,0.0527646,0.0623478,0.0714548,0.080044,0.0880864,0.0955644,0.10247,0.108806,0.114579,0.119804,0.124501,0.128692,0.132401,0.135654,0.138478,0.140899,0.142945,0.144642,0.146013,0.147084,0.147877,0.148413,0.148714,0.148799,0.148685,0.148389,0.147926,0.147313,0.146561,0.145684,0.144694,0.1436,0.142414,0.141144,0.139799,0.138387,0.136915,0.135391,0.13382,0.132207,0.13056,0.128882,0.127177,0.125451,0.123707,0.121948,0.120177,0.118399,0.116615,0.114827,0.113039,0.111253,0.10947,0.107691,0.10592,0.104157,0.102403,0.10066,0.0989282,0.0972095,0.0955046,0.0938141,0.0921388,0.0904793,0.0888362,0.0872099,0.0856009,0.0840097,0.0824364,0.0808813,0.0793448,0.0778269,0.0763278,0.0748477,0.0733865,0.0719444,0.0705213,0.0691172,0.067732,0.0663658,0.0650185,0.0636899,0.0623798,0.0610883,0.0598151,0.05856,0.057323,0.0561037,0.0549021,0.0537178,0.0525508,0.0514007,0.0502673,0.0491504,0.0480498,0.0469652,0.0458963,0.0448429,0.0438048,0.0427817,0.0417733,0.0407793,0.0397996,0.0388337,0.0378815,0.0369427,0.036017,0.0351041,0.0342038,0.0333158,0.0324398,0.0315756,0.0307228,0.0298812,0.0290506,0.0282306,0.027421,0.0266216,0.025832,0.0250519,0.0242813,0.0235196,0.0227668,0.0220225,0.0212865,0.0205585,0.0198383,0.0191255,0.01842,0.0177215,0.0170297,0.0163444,0.0156654,0.0149923,0.014325,0.0136631,0.0130065,0.0123549,0.011708,0.0110656,0.0104275,0.0097934,0.00916309,0.00853631,0.00791283,0.00729242,0.00667482,0.00605981,0.00544715,0.0048366,0.00422793,0.0036209,0.00301527,0.00241081,0.00180729,0.00120447
0,0.0100208,0.0199591,0.0297349,0.0392736,0.048508,0.0573793,0.065839,0.0738486,0.0813797,0.0884134,0.0949398,0.100956,0.106467,0.111483,0.116016,0.120084,0.123708,0.126909,0.129709,0.132131,0.134199,0.135935,0.137362,0.1385,0.139372,0.139997,0.140393,0.140579,0.140572,0.140386,0.140038,0.13954,0.138906,0.138148,0.137277,0.136303,0.135237,0.134087,0.132861,0.131568,0.130214,0.128806,0.127351,0.125853,0.124319,0.122753,0.121159,0.119542,0.117906,0.116253,0.114588,0.112913,0.111231,0.109544,0.107855,0.106166,0.104479,0.102796,0.101117,0.0994458,0.0977823,0.0961281,0.0944842,0.0928518,0.0912316,0.0896246,0.0880314,0.0864527,0.084889,0.0833409,0.0818089,0.0802933,0.0787944,0.0773126,0.0758481,0.0744011,0.0729717,0.0715601,0.0701663,0.0687905,0.0674325,0.0660926,0.0647706,0.0634664,0.0621801,0.0609115,0.0596605,0.058427,0.057211,0.0560121,0.0548303,0.0536655,0.0525173,0.0513857,0.0502704,0.0491713,0.048088,0.0470205,0.0459684,0.0449316,0.0439097,0.0429027,0.0419101,0.0409319,0.0399676,0.0390172,0.0380802,0.0371566,0.036246,0.0353481,0.0344627,0.0335896,0.0327285,0.0318791,0.0310412,0.0302144,0.0293987,0.0285936,0.027799,0.0270145,0.02624,0.0254752,0.0247197,0.0239734,0.0232361,0.0225074,0.0217871,0.0210749,0.0203707,0.0196741,0.0189849,0.0183029,0.0176278,0.0169594,0.0162975,0.0156417,0.0149919,0.0143478,0.0137092,0.0130758,0.0124475,0.0118239,0.0112048,0.0105901,0.0099794,0.00937258,0.00876937,0.00816954,0.00757286,0.00697911,0.00638806,0.00579948,0.00521314,0.00462883,0.00404631,0.00346535,0.00288574,0.00230725,0.00172965,0.00115273
0,0.00919633,0.0183221,0.027309,0.0360926,0.0446144,0.0528226,0.0606735,0.0681318,0.0751703,0.08177,0.0879191,0.0936128,0.0988521,0.103643,0.107995,0.111922,0.11544,0.118565,0.121318,0.123718,0.125785,0.127538,0.128998,0.130184,0.131115,0.131809,0.132283,0.132554,0.132637,0.132547,0.132298,0.131904,0.131375,0.130725,0.129963,0.1291,0.128144,0.127105,0.125991,0.124809,0.123567,0.12227,0.120924,0.119536,0.118111,0.116652,0.115165,0.113653,0.112121,0.110572,0.109009,0.107434,0.105852,0.104264,0.102672,0.101078,0.0994857,0.0978953,0.0963088,0.0947277,0.0931533,0.0915869,0.0900296,0.0884825,0.0869463,0.085422,0.0839102,0.0824117,0.080927,0.0794567,0.0780012,0.0765609,0.0751362,0.0737274,0.0723347,0.0709584,0.0695985,0.0682554,0.0669289,0.0656194,0.0643267,0.0630509,0.061792,0.0605499,0.0593247,0.0581162,0.0569244,0.0557492,0.0545904,0.0534479,0.0523215,0.0512112,0.0501167,0.049038,0.0479747,0.0469267,0.0458938,0.0448758,0.0438725,0.0428837,0.0419091,0.0409486,0.0400018,0.0390687,0.0381489,0.0372422,0.0363483,0.0354671,0.0345983,0.0337416,0.0328969,0.0320637,0.031242,0.0304315,0.0296319,0.028843,0.0280645,0.0272961,0.0265378,0.0257891,0.0250499,0.0243199,0.0235989,0.0228866,0.0221828,0.0214872,0.0207997,0.0201199,0.0194476,0.0187827,0.0181248,0.0174738,0.0168294,0.0161913,0.0155594,0.0149334,0.014313,0.0136982,0.0130885,0.0124838,0.011884,0.0112886,0.0106976,0.0101107,0.00952772,0.00894838,0.00837248,0.00779981,0.00723015,0.00666328,0.00609899,0.00553705,0.00497725,0.00441938,0.00386322,0.00330855,0.00275517,0.00220286,0.00165139,0.00110057
0,0.00844237,0.0168242,0.0250865,0.0331736,0.0410343,0.0486231,0.0559008,0.062835,0.0694,0.0755772,0.081354,0.0867239,0.0916855,0.0962418,0.1004,0.104169,0.107563,0.110595,0.113281,0.115638,0.117684,0.119435,0.120909,0.122124,0.123096,0.123841,0.124377,0.124717,0.124876,0.124868,0.124706,0.124402,0.123967,0.123414,0.122751,0.121989,0.121136,0.1202,0.11919,0.118113,0.116975,0.115782,0.114541,0.113258,0.111936,0.11058,0.109195,0.107786,0.106355,0.104905,0.103441,0.101965,0.10048,0.0989872,0.0974902,0.0959907,0.0944906,0.0929916,0.0914954,0.0900034,0.088517,0.0870374,0.0855657,0.0841028,0.0826498,0.0812075,0.0797765,0.0783577,0.0769514,0.0755584,0.074179,0.0728137,0.0714629,0.0701268,0.0688057,0.0674999,0.0662095,0.0649346,0.0636755,0.0624321,0.0612046,0.059993,0.0587973,0.0576174,0.0564533,0.0553051,0.0541725,0.0530556,0.0519542,0.0508682,0.0497974,0.0487418,0.0477012,0.0466754,0.0456643,0.0446677,0.0436853,0.0427171,0.0417628,0.0408222,0.0398951,0.0389814,0.0380807,0.0371929,0.0363177,0.035455,0.0346044,0.0337659,0.0329391,0.0321239,0.0313199,0.0305271,0.029745,0.0289736,0.0282125,0.0274616,0.0267206,0.0259893,0.0252674,0.0245548,0.0238511,0.0231562,0.0224698,0.0217917,0.0211217,0.0204595,0.0198049,0.0191578,0.0185178,0.0178847,0.0172584,0.0166385,0.016025,0.0154175,0.0148158,0.0142197,0.0136291,0.0130436,0.0124631,0.0118874,0.0113162,0.0107493,0.0101866,0.00962776,0.00907262,0.00852096,0.00797259,0.00742728,0.00688484,0.00634505,0.00580771,0.00527262,0.00473956,0.00420833,0.00367873,0.00315056,0.0026236,0.00209766,0.00157254,0.00104802
0,0.007749,0.0154457,0.0230392,0.030481,0.0377263,0.0447349,0.0514718,0.0579073,0.0640177,0.0697848,0.075196,0.0802436,0.0849244,0.0892394,0.093193,0.0967925,0.100048,0.10297,0.105573,0.107871,0.109877,0.111609,0.11308,0.114306,0.115303,0.116084,0.116666,0.11706,0.117282,0.117343,0.117255,0.11703,0.116679,0.116212,0.115639,0.114969,0.11421,0.11337,0.112456,0.111477,0.110437,0.109344,0.108202,0.107017,0.105795,0.104538,0.103252,0.10194,0.100607,0.0992543,0.0978863,0.0965056,0.0951147,0.093716,0.0923119,0.0909042,0.089495,0.0880859,0.0866785,0.0852743,0.0838746,0.0824806,0.0810934,0.079714,0.0783434,0.0769823,0.0756315,0.0742916,0.0729633,0.0716471,0.0703435,0.0690528,0.0677755,0.0665119,0.0652622,0.0640266,0.0628055,0.0615989,0.060407,0.0592298,0.0580674,0.05692,0.0557874,0.0546697,0.0535669,0.0524789,0.0514057,0.0503472,0.0493033,0.0482739,0.0472589,0.0462582,0.0452716,0.044299,0.0433402,0.0423951,0.0414635,0.0405452,0.0396401,0.0387479,0.0378685,0.0370017,0.0361473,0.035305,0.0344747,0.0336562,0.0328492,0.0320535,0.031269,0.0304954,0.0297325,0.0289801,0.028238,0.0275059,0.0267836,0.0260709,0.0253676,0.0246735,0.0239884,0.0233119,0.022644,0.0219844,0.0213329,0.0206892,0.0200532,0.0194246,0.0188033,0.0181889,0.0175814,0.0169804,0.0163858,0.0157973,0.0152149,0.0146381,0.0140669,0.013501,0.0129403,0.0123844,0.0118333,0.0112867,0.0107444,0.0102062,0.00967191,0.00914132,0.00861425,0.00809048,0.00756982,0.00705208,0.00653705,0.00602453,0.00551434,0.00500628,0.00450016,0.00399577,0.00349292,0.00299143,0.00249109,0.00199171,0.00149311,0.000995087
0,0.00710793,0.0141705,0.0211436,0.0279848,0.034655,0.0411186,0.0473441,0.0533048,0.0589788,0.0643486,0.0694018,0.0741301,0.0785292,0.0825985,0.0863405,0.0897604,0.0928657,0.0956657,0.0981712,0.100394,0.102347,0.104043,0.105495,0.106718,0.107725,0.108528,0.109142,0.109578,0.109849,0.109966,0.109942,0.109785,0.109507,0.109118,0.108625,0.108038,0.107365,0.106613,0.10579,0.104901,0.103954,0.102954,0.101906,0.100816,0.0996877,0.0985258,0.0973345,0.0961173,0.0948779,0.0936194,0.0923448,0.0910569,0.0897581,0.088451,0.0871376,0.0858199,0.0844999,0.083179,0.0818591,0.0805413,0.0792271,0.0779176,0.076614,0.0753172,0.074028,0.0727474,0.0714761,0.0702147,0.0689638,0.0677239,0.0664956,0.0652792,0.0640751,0.0628836,0.0617051,0.0605397,0.0593877,0.0582492,0.0571243,0.0560133,0.054916,0.0538327,0.0527633,0.0517078,0.0506663,0.0496386,0.0486248,0.0476248,0.0466385,0.0456659,0.0447067,0.043761,0.0428286,0.0419093,0.041003,0.0401096,0.0392289,0.0383608,0.037505,0.0366615,0.0358299,0.0350103,0.0342023,0.0334058,0.0326205,0.0318464,0.0310832,0.0303306,0.0295886,0.0288569,0.0281352,0.0274235,0.0267214,0.0260289,0.0253456,0.0246713,0.024006,0.0233493,0.0227011,0.0220611,0.0214291,0.020805,0.0201886,0.0195795,0.0189777,0.018383,0.017795,0.0172137,0.0166388,0.0160701,0.0155074,0.0149506,0.0143994,0.0138536,0.013313,0.0127775,0.0122468,0.0117208,0.0111993,0.010682,0.0101687,0.0096594,0.00915376,0.00865162,0.00815279,0.00765709,0.00716434,0.00667433,0.0061869,0.00570185,0.00521899,0.00473815,0.00425913,0.00378176,0.00330585,0.00283121,0.00235767,0.00188505,0.00141315,0.000941794
0,0.00651219,0.012985,0.0193798,0.0256598,0.0317905,0.0377403,0.0434813,0.0489893,0.054244,0.0592292,0.0639326,0.0683459,0.072464,0.0762851,0.0798103,0.0830431,0.0859891,0.0886558,0.091052,0.0931876,0.0950734,0.0967207,0.0981413,0.0993471,0.10035,0.101162,0.101796,0.102261,0.10257,0.102733,0.10276,0.102662,0.102448,0.102126,0.101705,0.101194,0.100599,0.0999287,0.0991886,0.0983853,0.0975248,0.0966125,0.0956536,0.0946529,0.0936149,0.0925437,0.0914433,0.0903172,0.0891687,0.0880011,0.0868171,0.0856194,0.0844106,0.0831928,0.0819681,0.0807386,0.079506,0.0782719,0.0770379,0.0758053,0.0745755,0.0733494,0.0721284,0.0709132,0.0697048,0.0685039,0.0673114,0.0661278,0.0649538,0.0637898,0.0626364,0.0614939,0.0603627,0.0592431,0.0581355,0.0570401,0.055957,0.0548864,0.0538286,0.0527835,0.0517513,0.0507321,0.0497259,0.0487326,0.0477524,0.0467851,0.0458308,0.0448894,0.0439608,0.043045,0.0421418,0.0412512,0.040373,0.0395072,0.0386536,0.037812,0.0369824,0.0361645,0.0353583,0.0345636,0.0337801,0.0330078,0.0322464,0.0314958,0.0307558,0.0300263,0.029307,0.0285978,0.0278984,0.0272087,0.0265285,0.0258577,0.0251959,0.0245431,0.023899,0.0232634,0.0226362,0.0220171,0.021406,0.0208026,0.0202069,0.0196185,0.0190373,0.0184631,0.0178957,0.0173349,0.0167805,0.0162324,0.0156903,0.0151541,0.0146236,0.0140985,0.0135788,0.0130641,0.0125544,0.0120495,0.0115491,0.011053,0.0105612,0.0100734,0.00958946,0.00910915,0.00863233,0.00815881,0.00768841,0.00722096,0.00675628,0.00629419,0.00583453,0.00537711,0.00492176,0.0044683,0.00401657,0.00356639,0.00311758,0.00266998,0.00222341,0.0017777,0.00133267,0.000888162
0,0.00595586,0.0118774,0.0177309,0.0234842,0.0291068,0.034571,0.0398517,0.0449271,0.0497788,0.0543916,0.0587538,0.0628571,0.0666959,0.0702678,0.0735726,0.0766126,0.0793921,0.0819166,0.0841936,0.0862312,0.0880386,0.0896255,0.0910022,0.0921791,0.0931669,0.0939761,0.0946173,0.0951009,0.0954369,0.0956351,0.095705,0.0956556,0.0954957,0.0952336,0.094877,0.0944336,0.0939104,0.0933141,0.0926509,0.0919268,0.0911474,0.0903179,0.0894431,0.0885276,0.0875757,0.0865914,0.0855783,0.0845398,0.0834793,0.0823996,0.0813036,0.0801937,0.0790724,0.0779419,0.0768041,0.075661,0.0745142,0.0733653,0.0722159,0.0710672,0.0699205,0.0687769,0.0676374,0.066503,0.0653745,0.0642527,0.0631384,0.062032,0.0609343,0.0598458,0.0587668,0.0576978,0.0566392,0.0555913,0.0545544,0.0535286,0.0525143,0.0515116,0.0505206,0.0495415,0.0485743,0.0476192,0.0466761,0.0457451,0.0448261,0.0439193,0.0430245,0.0421417,0.0412709,0.040412,0.0395649,0.0387295,0.0379057,0.0370935,0.0362927,0.0355031,0.0347247,0.0339573,0.0332007,0.0324549,0.0317197,0.0309948,0.0302803,0.0295758,0.0288813,0.0281965,0.0275213,0.0268555,0.026199,0.0255516,0.0249131,0.0242832,0.023662,0.023049,0.0224443,0.0218476,0.0212587,0.0206774,0.0201036,0.0195371,0.0189776,0.0184251,0.0178794,0.0173402,0.0168074,0.0162808,0.0157602,0.0152455,0.0147364,0.0142328,0.0137346,0.0132415,0.0127534,0.0122701,0.0117914,0.0113171,0.0108472,0.0103813,0.00991942,0.00946128,0.00900675,0.00855565,0.00810781,0.00766308,0.00722127,0.00678223,0.00634579,0.00591179,0.00548006,0.00505044,0.00462275,0.00419685,0.00377257,0.00334973,0.00292819,0.00250779,0.00208834,0.00166971,0.00125172,0.000834209
0,0.00543388,0.0108378,0.0161823,0.0214392,0.0265817,0.0315852,0.0364274,0.0410888,0.0455525,0.0498046,0.0538341,0.0576328,0.0611949,0.0645176,0.0675999,0.070443,0.07305,0.0754253,0.0775748,0.0795053,0.0812245,0.0827408,0.084063,0.0852004,0.0861623,0.086958,0.0875971,0.0880887,0.0884421,0.0886661,0.0887693,0.0887601,0.0886464,0.0884359,0.0881359,0.0877534,0.0872949,0.0867666,0.0861745,0.0855241,0.0848206,0.084069,0.0832737,0.0824392,0.0815694,0.0806682,0.079739,0.078785,0.0778094,0.076815,0.0758044,0.07478,0.0737441,0.0726987,0.0716459,0.0705874,0.0695249,0.0684598,0.0673936,0.0663276,0.0652629,0.0642007,0.0631419,0.0620874,0.0610381,0.0599946,0.0589578,0.0579282,0.0569063,0.0558926,0.0548877,0.0538919,0.0529056,0.051929,0.0509625,0.0500063,0.0490606,0.0481256,0.0472014,0.0462881,0.0453858,0.0444947,0.0436147,0.0427459,0.0418883,0.0410419,0.0402067,0.0393827,0.0385697,0.0377678,0.0369768,0.0361967,0.0354275,0.0346689,0.033921,0.0331835,0.0324565,0.0317396,0.0310329,0.0303362,0.0296493,0.0289722,0.0283046,0.0276464,0.0269974,0.0263576,0.0257267,0.0251046,0.0244911,0.023886,0.0232893,0.0227007,0.0221201,0.0215473,0.0209821,0.0204244,0.0198739,0.0193306,0.0187943,0.0182648,0.0177419,0.0172255,0.0167153,0.0162113,0.0157132,0.015221,0.0147343,0.0142532,0.0137773,0.0133066,0.0128408,0.0123798,0.0119235,0.0114717,0.0110242,0.0105808,0.0101414,0.00970593,0.00927409,0.00884578,0.00842083,0.00799909,0.0075804,0.00716461,0.00675155,0.00634108,0.00593304,0.00552727,0.00512363,0.00472195,0.00432209,0.00392389,0.0035272,0.00313188,0.00273775,0.00234469,0.00195253,0.00156112,0.00117031,0.000779956
0,0.00494189,0.0098576,0.0147214,0.0195086,0.0241956,0.0287607,0.0331841,0.0374483,0.041538,0.0454404,0.0491454,0.052645,0.0559336,0.0590079,0.0618665,0.0645097,0.0669398,0.06916,0.0711751,0.0729908,0.0746135,0.0760503,0.077309,0.0783975,0.079324,0.0800968,0.0807244,0.081215,0.0815769,0.0818181,0.0819463,0.0819692,0.0818941,0.0817281,0.0814777,0.0811494,0.0807494,0.0802834,0.0797568,0.0791748,0.0785424,0.077864,0.077144,0.0763864,0.0755951,0.0747734,0.0739248,0.0730523,0.0721589,0.071247,0.0703194,0.0693781,0.0684255,0.0674635,0.0664939,0.0655184,0.0645386,0.0635559,0.0625717,0.0615872,0.0606034,0.0596216,0.0586425,0.0576672,0.0566962,0.0557305,0.0547705,0.053817,0.0528705,0.0519314,0.0510001,0.0500771,0.0491627,0.0482573,0.047361,0.0464741,0.0455968,0.0447293,0.0438717,0.0430242,0.0421868,0.0413596,0.0405427,0.0397361,0.0389399,0.0381539,0.0373783,0.036613,0.0358579,0.0351131,0.0343783,0.0336537,0.032939,0.0322343,0.0315394,0.0308541,0.0301785,0.0295124,0.0288557,0.0282082,0.0275698,0.0269404,0.0263199,0.0257081,0.0251049,0.0245102,0.0239237,0.0233454,0.0227751,0.0222126,0.0216579,0.0211107,0.0205709,0.0200383,0.0195128,0.0189942,0.0184825,0.0179773,0.0174786,0.0169863,0.0165001,0.0160198,0.0155455,0.0150768,0.0146137,0.0141559,0.0137034,0.0132559,0.0128134,0.0123756,0.0119425,0.0115138,0.0110894,0.0106692,0.010253,0.00984072,0.00943211,0.00902708,0.00862547,0.00822712,0.00783191,0.00743968,0.00705028,0.00666358,0.00627941,0.00589766,0.00551815,0.00514077,0.00476535,0.00439177,0.00401987,0.00364952,0.00328057,0.00291289,0.00254633,0.00218075,0.001816,0.00145196,0.00108848,0.000725422
0,0.00447608,0.00892932,0.0133372,0.0176782,0.0219314,0.0260779,0.0301001,0.0339822,0.0377107,0.0412738,0.0446622,0.0478683,0.0508868,0.0537141,0.0563485,0.0587899,0.0610395,0.0631,0.0649751,0.0666695,0.0681885,0.0695383,0.0707254,0.0717568,0.0726396,0.0733812,0.073989,0.0744704,0.0748327,0.0750832,0.0752289,0.0752767,0.0752332,0.0751048,0.0748976,0.0746176,0.0742703,0.073861,0.0733948,0.0728764,0.0723104,0.071701,0.0710522,0.0703678,0.0696513,0.068906,0.0681349,0.067341,0.066527,0.0656953,0.0648483,0.0639881,0.0631168,0.0622363,0.0613482,0.0604541,0.0595556,0.0586539,0.0577505,0.0568463,0.0559426,0.0550401,0.05414,0.0532429,0.0523497,0.0514609,0.0505773,0.0496994,0.0488277,0.0479627,0.0471047,0.0462542,0.0454115,0.0445768,0.0437505,0.0429327,0.0421236,0.0413235,0.0405325,0.0397506,0.038978,0.0382148,0.0374609,0.0367165,0.0359816,0.0352561,0.0345401,0.0338336,0.0331365,0.0324487,0.0317703,0.0311011,0.0304411,0.0297903,0.0291485,0.0285156,0.0278915,0.0272762,0.0266696,0.0260714,0.0254817,0.0249003,0.024327,0.0237618,0.0232045,0.0226549,0.022113,0.0215787,0.0210517,0.0205319,0.0200193,0.0195136,0.0190148,0.0185226,0.018037,0.0175577,0.0170848,0.0166179,0.016157,0.015702,0.0152526,0.0148087,0.0143703,0.0139371,0.013509,0.0130859,0.0126676,0.012254,0.011845,0.0114403,0.01104,0.0106437,0.0102514,0.00986301,0.0094783,0.00909716,0.00871944,0.00834503,0.00797378,0.00760554,0.0072402,0.00687762,0.00651765,0.00616016,0.00580503,0.00545212,0.0051013,0.00475242,0.00440538,0.00406002,0.00371621,0.00337384,0.00303277,0.00269286,0.00235399,0.00201602,0.00167883,0.00134229,0.00100626,0.000670627
0,0.00403314,0.00804637,0.0120201,0.0159354,0.0197742,0.0235196,0.0271562,0.03067,0.0340488,0.0372821,0.0403613,0.0432794,0.0460312,0.0486133,0.0510237,0.0532618,0.0553285,0.0572255,0.058956,0.0605236,0.0619329,0.0631891,0.0642978,0.0652649,0.0660967,0.0667996,0.0673802,0.067845,0.0682006,0.0684534,0.0686097,0.0686757,0.0686574,0.0685606,0.0683908,0.0681533,0.0678534,0.0674958,0.0670852,0.0666259,0.0661221,0.0655777,0.0649964,0.0643817,0.0637367,0.0630646,0.0623682,0.0616503,0.0609132,0.0601593,0.0593908,0.0586097,0.0578178,0.057017,0.0562088,0.0553947,0.0545761,0.0537543,0.0529304,0.0521055,0.0512807,0.0504569,0.0496348,0.0488153,0.047999,0.0471867,0.0463789,0.045576,0.0447787,0.0439873,0.0432023,0.0424239,0.0416525,0.0408884,0.0401318,0.039383,0.038642,0.0379092,0.0371845,0.0364682,0.0357603,0.0350609,0.0343701,0.0336879,0.0330142,0.0323493,0.0316929,0.0310452,0.030406,0.0297755,0.0291534,0.0285398,0.0279346,0.0273377,0.0267491,0.0261686,0.0255962,0.0250319,0.0244754,0.0239267,0.0233858,0.0228524,0.0223265,0.0218079,0.0212966,0.0207924,0.0202952,0.0198049,0.0193214,0.0188445,0.0183741,0.0179101,0.0174524,0.0170007,0.0165551,0.0161153,0.0156813,0.0152529,0.0148299,0.0144123,0.0139999,0.0135925,0.0131901,0.0127926,0.0123997,0.0120114,0.0116275,0.0112479,0.0108724,0.0105011,0.0101336,0.00976988,0.00940984,0.00905333,0.00870021,0.00835038,0.00800369,0.00766002,0.00731926,0.00698126,0.00664592,0.0063131,0.00598269,0.00565456,0.00532858,0.00500464,0.00468261,0.00436238,0.00404382,0.00372681,0.00341122,0.00309695,0.00278387,0.00247186,0.0021608,0.00185057,0.00154105,0.00123213,0.000923682,0.000615591
0,0.00361011,0.00720293,0.0107614,0.0142691,0.0177103,0.0210701,0.024335,0.0274928,0.0305324,0.0334447,0.0362216,0.0388568,0.0413456,0.0436844,0.0458713,0.0479054,0.0497872,0.0515179,0.0530999,0.0545362,0.0558307,0.0569876,0.0580118,0.0589084,0.0596828,0.0603405,0.0608874,0.0613292,0.0616715,0.0619203,0.062081,0.0621593,0.0621604,0.0620895,0.0619518,0.0617519,0.0614945,0.061184,0.0608246,0.0604202,0.0599747,0.0594917,0.0589744,0.058426,0.0578496,0.0572479,0.0566235,0.0559789,0.0553165,0.0546382,0.0539462,0.0532423,0.0525281,0.0518054,0.0510756,0.0503401,0.0496002,0.048857,0.0481116,0.0473651,0.0466183,0.0458722,0.0451274,0.0443848,0.0436449,0.0429084,0.0421758,0.0414476,0.0407242,0.0400061,0.0392936,0.0385871,0.0378868,0.037193,0.0365059,0.0358258,0.0351528,0.034487,0.0338287,0.0331778,0.0325346,0.031899,0.0312711,0.030651,0.0300387,0.0294342,0.0288375,0.0282486,0.0276675,0.0270941,0.0265285,0.0259705,0.0254201,0.0248772,0.0243419,0.023814,0.0232934,0.02278,0.0222738,0.0217747,0.0212826,0.0207974,0.0203189,0.0198472,0.019382,0.0189233,0.0184709,0.0180248,0.0175849,0.0171509,0.0167229,0.0163007,0.0158842,0.0154732,0.0150677,0.0146675,0.0142725,0.0138826,0.0134977,0.0131177,0.0127424,0.0123717,0.0120055,0.0116436,0.0112861,0.0109327,0.0105833,0.0102378,0.00989612,0.00955811,0.00922365,0.00889263,0.00856494,0.00824045,0.00791906,0.00760065,0.0072851,0.0069723,0.00666214,0.0063545,0.00604927,0.00574634,0.0054456,0.00514693,0.00485023,0.00455537,0.00426226,0.00397077,0.00368081,0.00339226,0.00310501,0.00281895,0.00253397,0.00224997,0.00196683,0.00168445,0.00140272,0.00112153,0.00084077,0.000560333
0,0.00320437,0.00639381,0.0095536,0.0126695,0.0157277,0.0187156,0.0216212,0.0244337,0.0271436,0.0297426,0.0322235,0.0345808,0.0368099,0.0389075,0.0408717,0.0427015,0.044397,0.045959,0.0473895,0.0486908,0.0498661,0.0509191,0.0518537,0.0526743,0.0533856,0.0539925,0.0544999,0.0549128,0.0552363,0.0554754,0.0556351,0.0557202,0.0557355,0.0556857,0.0555751,0.0554082,0.0551889,0.0549213,0.0546091,0.054256,0.0538652,0.0534401,0.0529836,0.0524987,0.051988,0.0514541,0.0508992,0.0503258,0.0497358,0.0491312,0.0485138,0.0478854,0.0472474,0.0466013,0.0459485,0.0452904,0.0446279,0.0439622,0.0432944,0.0426252,0.0419557,0.0412864,0.0406183,0.0399519,0.0392878,0.0386265,0.0379686,0.0373146,0.0366648,0.0360196,0.0353793,0.0347443,0.0341149,0.0334912,0.0328734,0.0322618,0.0316566,0.0310578,0.0304657,0.0298802,0.0293015,0.0287297,0.0281647,0.0276067,0.0270557,0.0265117,0.0259747,0.0254446,0.0249216,0.0244054,0.0238962,0.0233939,0.0228984,0.0224097,0.0219277,0.0214523,0.0209836,0.0205213,0.0200655,0.0196161,0.0191729,0.0187359,0.018305,0.0178802,0.0174612,0.0170481,0.0166407,0.0162389,0.0158426,0.0154518,0.0150662,0.0146859,0.0143107,0.0139406,0.0135753,0.0132148,0.012859,0.0125077,0.012161,0.0118186,0.0114805,0.0111466,0.0108167,0.0104907,0.0101686,0.0098502,0.00953543,0.00922418,0.00891635,0.00861182,0.00831049,0.00801226,0.00771702,0.00742468,0.00713512,0.00684824,0.00656394,0.00628211,0.00600266,0.00572549,0.00545048,0.00517754,0.00490657,0.00463747,0.00437014,0.00410448,0.00384038,0.00357775,0.00331649,0.0030565,0.00279768,0.00253994,0.00228317,0.00202728,0.00177217,0.00151773,0.00126389,0.00101053,0.000757555,0.000504874
0,0.00281358,0.00561436,0.00838972,0.0111274,0.0138156,0.0164434,0.0190004,0.0214773,0.0238658,0.0261585,0.0283493,0.030433,0.0324057,0.0342642,0.0360067,0.0376321,0.0391403,0.0405319,0.0418084,0.0429716,0.0440241,0.044969,0.0458096,0.0465497,0.0471931,0.0477442,0.048207,0.0485861,0.0488856,0.0491101,0.0492639,0.0493511,0.0493761,0.0493428,0.0492551,0.0491169,0.0489319,0.0487034,0.0484349,0.0481295,0.0477903,0.0474201,0.0470216,0.0465974,0.0461499,0.0456814,0.0451939,0.0446895,0.0441701,0.0436373,0.0430929,0.0425383,0.0419749,0.0414042,0.0408272,0.0402452,0.0396591,0.03907,0.0384787,0.0378861,0.037293,0.0367,0.0361078,0.0355169,0.0349281,0.0343416,0.033758,0.0331777,0.0326011,0.0320285,0.0314602,0.0308964,0.0303375,0.0297837,0.0292351,0.0286919,0.0281543,0.0276224,0.0270963,0.0265761,0.0260619,0.0255538,0.0250517,0.0245558,0.0240661,0.0235825,0.0231052,0.022634,0.022169,0.0217102,0.0212575,0.0208108,0.0203703,0.0199357,0.0195071,0.0190844,0.0186676,0.0182565,0.0178512,0.0174515,0.0170573,0.0166687,0.0162855,0.0159076,0.0155349,0.0151675,0.0148051,0.0144477,0.0140952,0.0137476,0.0134046,0.0130663,0.0127326,0.0124033,0.0120783,0.0117576,0.0114411,0.0111286,0.0108202,0.0105156,0.0102148,0.00991767,0.00962417,0.00933417,0.00904758,0.00876431,0.00848427,0.00820735,0.00793347,0.00766252,0.00739443,0.00712908,0.0068664,0.00660629,0.00634866,0.00609341,0.00584045,0.0055897,0.00534106,0.00509444,0.00484975,0.0046069,0.0043658,0.00412636,0.0038885,0.00365211,0.00341713,0.00318344,0.00295098,0.00271965,0.00248935,0.00226002,0.00203155,0.00180386,0.00157686,0.00135047,0.0011246,0.000899161,0.000674068,0.000449234
0,0.0024356,0.00486035,0.00726354,0.00963477,0.0119641,0.014242,0.0164598,0.0186094,0.0206838,0.0226765,0.0245822,0.0263965,0.0281156,0.029737,0.0312588,0.03268,0.0340003,0.0352202,0.0363406,0.0373631,0.0382899,0.0391233,0.0398662,0.0405218,0.0410932,0.0415842,0.0419982,0.0423389,0.0426102,0.0428158,0.0429593,0.0430446,0.0430751,0.0430543,0.0429858,0.0428728,0.0427184,0.0425258,0.0422978,0.0420372,0.0417466,0.0414286,0.0410856,0.0407197,0.0403331,0.0399278,0.0395057,0.0390685,0.0386179,0.0381553,0.0376823,0.0372002,0.0367102,0.0362135,0.0357112,0.0352042,0.0346936,0.0341801,0.0336646,0.0331478,0.0326304,0.032113,0.0315961,0.0310804,0.0305662,0.0300541,0.0295444,0.0290375,0.0285337,0.0280333,0.0275367,0.027044,0.0265555,0.0260713,0.0255917,0.0251167,0.0246466,0.0241815,0.0237214,0.0232664,0.0228166,0.0223721,0.0219329,0.0214991,0.0210706,0.0206475,0.0202298,0.0198175,0.0194106,0.0190091,0.0186129,0.018222,0.0178364,0.0174561,0.017081,0.016711,0.0163461,0.0159863,0.0156315,0.0152816,0.0149365,0.0145963,0.0142608,0.01393,0.0136038,0.0132821,0.0129648,0.0126519,0.0123433,0.0120389,0.0117386,0.0114424,0.0111502,0.0108618,0.0105773,0.0102965,0.0100193,0.00974575,0.00947564,0.00920893,0.00894554,0.00868537,0.00842836,0.00817442,0.00792346,0.0076754,0.00743017,0.00718767,0.00694782,0.00671055,0.00647578,0.00624341,0.00601337,0.00578559,0.00555997,0.00533644,0.00511491,0.00489532,0.00467757,0.00446159,0.0042473,0.00403462,0.00382348,0.00361378,0.00340547,0.00319845,0.00299266,0.002788,0.00258442,0.00238182,0.00218014,0.00197929,0.0017792,0.00157979,0.00138099,0.00118272,0.000984908,0.000787472,0.000590339,0.000393433
0,0.00206848,0.0041279,0.00616934,0.00818411,0.0101639,0.0121007,0.0139873,0.0158169,0.0175834,0.0192816,0.0209067,0.022455,0.0239234,0.0253095,0.0266116,0.0278289,0.0289609,0.0300079,0.0309707,0.0318505,0.032649,0.0333682,0.0340103,0.034578,0.035074,0.0355012,0.0358626,0.0361614,0.0364007,0.0365836,0.0367133,0.0367929,0.0368254,0.0368139,0.0367612,0.0366702,0.0365435,0.0363837,0.0361934,0.0359749,0.0357306,0.0354624,0.0351725,0.0348629,0.0345353,0.0341914,0.0338328,0.0334612,0.0330778,0.032684,0.0322811,0.0318702,0.0314524,0.0310287,0.0306,0.0301672,0.0297312,0.0292926,0.0288521,0.0284104,0.0279681,0.0275257,0.0270837,0.0266425,0.0262026,0.0257644,0.0253282,0.0248944,0.0244631,0.0240348,0.0236095,0.0231876,0.0227693,0.0223546,0.0219438,0.021537,0.0211342,0.0207357,0.0203415,0.0199517,0.0195663,0.0191854,0.018809,0.0184372,0.01807,0.0177073,0.0173493,0.0169959,0.0166471,0.0163029,0.0159633,0.0156282,0.0152976,0.0149715,0.0146499,0.0143327,0.0140198,0.0137113,0.0134071,0.0131071,0.0128112,0.0125195,0.0122318,0.0119481,0.0116683,0.0113924,0.0111204,0.010852,0.0105874,0.0103263,0.0100688,0.00981476,0.00956412,0.00931683,0.0090728,0.00883196,0.00859425,0.0083596,0.00812793,0.00789917,0.00767326,0.00745011,0.00722967,0.00701186,0.0067966,0.00658384,0.00637349,0.00616549,0.00595977,0.00575625,0.00555487,0.00535555,0.00515824,0.00496285,0.00476932,0.00457758,0.00438756,0.0041992,0.00401242,0.00382716,0.00364334,0.00346091,0.00327979,0.00309992,0.00292123,0.00274365,0.00256712,0.00239157,0.00221693,0.00204314,0.00187014,0.00169785,0.00152621,0.00135516,0.00118463,0.00101455,0.000844863,0.000675501,0.000506398,0.000337491
0,0.00171041,0.00341344,0.00510183,0.00676849,0.0084066,0.0100097,0.0115719,0.0130875,0.0145515,0.0159597,0.0173081,0.0185936,0.0198135,0.0209659,0.0220494,0.023063,0.0240065,0.02488,0.0256839,0.0264194,0.0270876,0.0276902,0.028229,0.0287061,0.0291237,0.0294841,0.0297899,0.0300435,0.0302476,0.0304047,0.0305175,0.0305884,0.03062,0.0306147,0.0305751,0.0305033,0.0304017,0.0302723,0.0301174,0.0299388,0.0297384,0.0295181,0.0292795,0.0290242,0.0287538,0.0284697,0.0281732,0.0278657,0.0275483,0.027222,0.0268881,0.0265473,0.0262007,0.025849,0.0254932,0.0251338,0.0247715,0.0244071,0.024041,0.0236738,0.0233061,0.0229382,0.0225705,0.0222035,0.0218376,0.0214729,0.0211099,0.0207488,0.0203899,0.0200333,0.0196793,0.019328,0.0189796,0.0186343,0.0182922,0.0179533,0.0176179,0.0172859,0.0169575,0.0166328,0.0163117,0.0159943,0.0156807,0.0153709,0.0150649,0.0147628,0.0144644,0.0141699,0.0138792,0.0135924,0.0133093,0.01303,0.0127545,0.0124827,0.0122146,0.0119502,0.0116895,0.0114323,0.0111787,0.0109286,0.010682,0.0104388,0.0101989,0.00996242,0.0097292,0.0094992,0.00927237,0.00904866,0.00882801,0.00861037,0.00839568,0.00818388,0.00797492,0.00776873,0.00756527,0.00736447,0.00716628,0.00697063,0.00677747,0.00658673,0.00639837,0.00621231,0.00602851,0.00584689,0.00566741,0.00549,0.00531461,0.00514118,0.00496964,0.00479994,0.00463202,0.00446582,0.00430129,0.00413837,0.003977,0.00381711,0.00365867,0.0035016,0.00334585,0.00319137,0.00303809,0.00288597,0.00273494,0.00258495,0.00243595,0.00228787,0.00214066,0.00199428,0.00184865,0.00170374,0.00155947,0.0014158,0.00127268,0.00113004,0.000987838,0.000846014,0.000704516,0.000563288,0.000422276,0.000281427
0,0.00135971,0.00271364,0.00405606,0.00538142,0.00668435,0.00795978,0.00920297,0.0104095,0.0115756,0.0126975,0.0137724,0.0147977,0.0157712,0.0166913,0.017557,0.0183674,0.0191222,0.0198215,0.0204657,0.0210555,0.0215919,0.0220761,0.0225095,0.0228937,0.0232305,0.0235218,0.0237694,0.0239753,0.0241416,0.0242703,0.0243636,0.0244233,0.0244515,0.0244502,0.0244212,0.0243665,0.0242877,0.0241867,0.0240651,0.0239245,0.0237664,0.0235921,0.0234032,0.0232008,0.0229862,0.0227605,0.0225249,0.0222803,0.0220277,0.021768,0.021502,0.0212304,0.0209542,0.0206738,0.02039,0.0201033,0.0198142,0.0195234,0.0192312,0.018938,0.0186444,0.0183506,0.0180569,0.0177638,0.0174714,0.01718,0.01689,0.0166014,0.0163145,0.0160294,0.0157464,0.0154656,0.0151871,0.014911,0.0146374,0.0143665,0.0140982,0.0138328,0.0135701,0.0133104,0.0130536,0.0127997,0.0125489,0.0123011,0.0120563,0.0118146,0.0115759,0.0113403,0.0111077,0.0108782,0.0106518,0.0104283,0.0102079,0.00999039,0.00977589,0.00956433,0.00935567,0.00914988,0.00894694,0.00874681,0.00854946,0.00835484,0.00816292,0.00797366,0.00778702,0.00760296,0.00742144,0.0072424,0.00706582,0.00689164,0.00671982,0.00655032,0.00638308,0.00621807,0.00605523,0.00589453,0.0057359,0.00557932,0.00542472,0.00527206,0.0051213,0.00497239,0.00482528,0.00467992,0.00453627,0.00439428,0.00425389,0.00411508,0.00397778,0.00384196,0.00370755,0.00357453,0.00344284,0.00331244,0.00318327,0.0030553,0.00292848,0.00280276,0.0026781,0.00255445,0.00243177,0.00231,0.00218912,0.00206906,0.0019498,0.00183127,0.00171345,0.00159628,0.00147971,0.00136372,0.00124825,0.00113325,0.00101869,0.000904518,0.000790695,0.000677175,0.000563916,0.000450873,0.000338003,0.000225263
0,0.00101481,0.00202534,0.00302737,0.00401678,0.00498961,0.00594209,0.0068707,0.00777222,0.0086437,0.00948254,0.0102865,0.0110536,0.0117823,0.0124713,0.0131199,0.0137274,0.0142935,0.0148183,0.015302,0.0157452,0.0161485,0.0165128,0.0168392,0.0171289,0.0173831,0.0176032,0.0177906,0.0179468,0.0180733,0.0181716,0.0182432,0.0182898,0.0183126,0.0183133,0.0182932,0.0182537,0.0181961,0.0181218,0.018032,0.0179279,0.0178105,0.017681,0.0175404,0.0173897,0.0172298,0.0170615,0.0168856,0.016703,0.0165144,0.0163203,0.0161215,0.0159185,0.0157119,0.0155021,0.0152898,0.0150752,0.0148589,0.0146412,0.0144224,0.0142029,0.013983,0.0137629,0.013543,0.0133233,0.0131043,0.012886,0.0126686,0.0124523,0.0122373,0.0120237,0.0118116,0.0116011,0.0113923,0.0111853,0.0109802,0.0107771,0.010576,0.0103769,0.01018,0.00998522,0.00979264,0.00960229,0.00941418,0.00922833,0.00904476,0.00886347,0.00868446,0.00850775,0.00833333,0.00816119,0.00799132,0.00782372,0.00765837,0.00749525,0.00733436,0.00717566,0.00701914,0.00686477,0.00671254,0.00656241,0.00641436,0.00626837,0.0061244,0.00598242,0.0058424,0.00570432,0.00556814,0.00543383,0.00530136,0.00517068,0.00504178,0.00491461,0.00478915,0.00466535,0.00454318,0.00442261,0.00430361,0.00418613,0.00407014,0.00395561,0.0038425,0.00373078,0.0036204,0.00351134,0.00340357,0.00329703,0.00319171,0.00308756,0.00298454,0.00288264,0.0027818,0.00268199,0.00258319,0.00248535,0.00238843,0.00229242,0.00219727,0.00210294,0.0020094,0.00191663,0.00182458,0.00173322,0.00164252,0.00155244,0.00146296,0.00137403,0.00128562,0.00119771,0.00111025,0.00102322,0.000936575,0.000850292,0.000764336,0.000678672,0.000593269,0.000508094,0.000423113,0.000338296,0.000253608,0.000169018
0,0.00067419,0.00134556,0.00201131,0.00266874,0.00331522,0.00394827,0.00456556,0.00516495,0.00574449,0.00630246,0.00683735,0.00734787,0.00783298,0.00829186,0.0087239,0.00912873,0.00950614,0.00985614,0.0101789,0.0104747,0.0107441,0.0109875,0.0112058,0.0113996,0.0115698,0.0117173,0.011843,0.011948,0.0120332,0.0120995,0.0121481,0.01218,0.012196,0.0121973,0.0121846,0.012159,0.0121214,0.0120725,0.0120133,0.0119445,0.0118669,0.0117811,0.0116879,0.011588,0.0114818,0.0113701,0.0112533,0.0111319,0.0110065,0.0108775,0.0107453,0.0106102,0.0104728,0.0103332,0.0101919,0.0100491,0.00990509,0.00976014,0.00961447,0.0094683,0.00932184,0.00917526,0.00902876,0.00888246,0.00873654,0.0085911,0.00844628,0.00830219,0.00815892,0.00801657,0.00787522,0.00773494,0.0075958,0.00745785,0.00732116,0.00718577,0.00705172,0.00691905,0.00678779,0.00665796,0.0065296,0.00640271,0.00627731,0.00615342,0.00603104,0.00591018,0.00579085,0.00567304,0.00555676,0.00544199,0.00532874,0.005217,0.00510676,0.00499801,0.00489073,0.00478492,0.00468056,0.00457764,0.00447614,0.00437604,0.00427732,0.00417998,0.00408398,0.00398931,0.00389595,0.00380388,0.00371308,0.00362352,0.00353518,0.00344805,0.0033621,0.0032773,0.00319364,0.00311109,0.00302963,0.00294923,0.00286987,0.00279153,0.00271419,0.00263782,0.00256239,0.00248789,0.00241429,0.00234156,0.00226969,0.00219865,0.00212842,0.00205897,0.00199027,0.00192232,0.00185507,0.00178852,0.00172263,0.00165738,0.00159276,0.00152873,0.00146527,0.00140237,0.00134,0.00127813,0.00121675,0.00115582,0.00109534,0.00103527,0.000975593,0.000916289,0.000857335,0.000798708,0.000740386,0.000682347,0.000624569,0.00056703,0.000509709,0.000452583,0.000395631,0.00033883,0.00028216,0.000225598,0.000169123,0.000112712
