0,0,0,0,0,0,0,0,0,0,0,0,0,0,0,0,0,0,0,0,0,0,0,0,0,0,0,0,0,0,0,0,0,0,0,0,0,0,0,0,0,0,0,0,0,0,0,0,0,0,0,0,0,0,0,0,0,0,0,0,0,0,0,0,0,0,0,0,0,0,0,0,0,0,0,0,0,0,0,0,0,0,0,0,0,0,0,0,0,0,0,0,0,0,0,0,0,0,0,0,0,0,0,0,0,0,0,0,0,0,0,0,0,0,0,0,0,0,0,0,0,0,0,0,0,0,0,0,0,0,0,0,0,0,0,0,0,0,0,0,0,0,0,0,0,0,0,0,0,0,0,0,0,0,0,0,0,0,0,0,0
0,0.000331962,0.000662523,0.000990299,0.00131394,0.00163215,0.00194369,0.00224741,0.00254224,0.00282721,0.00310146,0.00336425,0.00361493,0.00385299,0.00407801,0.00428968,0.00448783,0.00467234,0.00484321,0.00500053,0.00514446,0.00527521,0.00539307,0.0054984,0.00559155,0.00567297,0.00574308,0.00580237,0.00585132,0.00589042,0.00592017,0.00594109,0.00595367,0.0059584,0.00595577,0.00594625,0.00593031,0.00590839,0.00588092,0.00584831,0.00581097,0.00576926,0.00572354,0.00567417,0.00562147,0.00556573,0.00550725,0.00544631,0.00538316,0.00531803,0.00525117,0.00518277,0.00511304,0.00504216,0.00497031,0.00489763,0.00482429,0.00475042,0.00467614,0.00460159,0.00452686,0.00445206,0.00437728,0.00430261,0.00422813,0.00415391,0.00408001,0.0040065,0.00393344,0.00386087,0.00378883,0.00371738,0.00364655,0.00357637,0.00350687,0.00343808,0.00337002,0.00330272,0.00323619,0.00317045,0.0031055,0.00304137,0.00297807,0.00291559,0.00285395,0.00279315,0.00273319,0.00267407,0.0026158,0.00255838,0.00250179,0.00244605,0.00239114,0.00233705,0.0022838,0.00223136,0.00217973,0.00212891,0.00207888,0.00202964,0.00198118,0.00193349,0.00188656,0.00184037,0.00179493,0.00175021,0.00170621,0.00166291,0.00162031,0.00157838,0.00153713,0.00149654,0.00145659,0.00141727,0.00137858,0.00134049,0.001303,0.00126609,0.00122975,0.00119397,0.00115873,0.00112402,0.00108983,0.00105615,0.00102296,0.000990252,0.000958009,0.000926219,0.00089487,0.000863948,0.000833442,0.000803338,0.000773622,0.000744283,0.000715307,0.000686681,0.000658393,0.00063043,0.000602779,0.000575427,0.000548362,0.00052157,0.00049504,0.000468758,0.000442713,0.00041689,0.000391279,0.000365866,0.000340638,0.000315584,0.000290691,0.000265946,0.000241337,0.000216852,0.000192478,0.000168202,0.000144013,0.000119898,9.58442e-05,7.184e-05,4.78728e-05
0,0.000665329,0.00132784,0.00198474,0.00263333,0.00327099,0.00389523,0.00450373,0.00509436,0.00566517,0.00621444,0.00674065,0.00724255,0.00771907,0.00816941,0.00859296,0.00898935,0.00935838,0.00970005,0.0100145,0.0103022,0.0105634,0.0107988,0.011009,0.0111949,0.0113573,0.0114971,0.0116152,0.0117126,0.0117903,0.0118493,0.0118906,0.0119153,0.0119243,0.0119186,0.0118991,0.0118667,0.0118225,0.0117671,0.0117015,0.0116264,0.0115427,0.0114509,0.0113518,0.0112461,0.0111344,0.0110171,0.010895,0.0107685,0.010638,0.010504,0.0103671,0.0102274,0.0100855,0.00994161,0.00979612,0.00964929,0.00950143,0.00935276,0.00920354,0.00905398,0.00890429,0.00875465,0.00860523,0.00845619,0.00830769,0.00815983,0.00801276,0.00786658,0.0077214,0.00757729,0.00743435,0.00729265,0.00715226,0.00701324,0.00687563,0.0067395,0.00660487,0.0064718,0.0063403,0.0062104,0.00608213,0.00595551,0.00583055,0.00570726,0.00558566,0.00546573,0.00534751,0.00523097,0.00511611,0.00500295,0.00489146,0.00478164,0.00467348,0.00456698,0.00446211,0.00435886,0.00425722,0.00415717,0.0040587,0.00396179,0.00386641,0.00377255,0.0036802,0.00358931,0.00349988,0.00341189,0.0033253,0.0032401,0.00315627,0.00307378,0.0029926,0.00291271,0.00283409,0.0027567,0.00268054,0.00260557,0.00253176,0.00245909,0.00238754,0.00231707,0.00224767,0.0021793,0.00211195,0.00204558,0.00198017,0.00191569,0.00185212,0.00178943,0.0017276,0.0016666,0.0016064,0.00154698,0.00148831,0.00143037,0.00137312,0.00131656,0.00126064,0.00120535,0.00115065,0.00109653,0.00104296,0.000989906,0.000937352,0.000885269,0.000833634,0.00078242,0.000731602,0.000681156,0.000631057,0.000581279,0.000531798,0.000482589,0.000433627,0.000384887,0.000336344,0.000287975,0.000239753,0.000191654,0.000143654,9.57285e-05
0,0.00100152,0.00199878,0.00298753,0.00396369,0.00492328,0.00586255,0.00677799,0.00766637,0.00852476,0.00935054,0.0101415,0.0108956,0.0116114,0.0122877,0.0129235,0.0135184,0.0140719,0.0145842,0.0150556,0.0154864,0.0158776,0.0162298,0.0165442,0.0168221,0.0170645,0.017273,0.0174489,0.0175938,0.0177091,0.0177963,0.0178571,0.0178929,0.0179051,0.0178954,0.017865,0.0178154,0.0177479,0.0176639,0.0175645,0.0174509,0.0173244,0.0171859,0.0170365,0.0168771,0.0167088,0.0165323,0.0163484,0.016158,0.0159618,0.0157603,0.0155543,0.0153444,0.0151311,0.0149149,0.0146963,0.0144757,0.0142536,0.0140303,0.0138062,0.0135816,0.0133569,0.0131322,0.0129079,0.0126841,0.0124612,0.0122393,0.0120185,0.0117991,0.0115812,0.011365,0.0111505,0.0109379,0.0107272,0.0105186,0.0103121,0.0101079,0.00990589,0.00970624,0.00950895,0.00931408,0.00912166,0.00893171,0.00874425,0.0085593,0.00837689,0.008197,0.00801965,0.00784485,0.00767257,0.00750283,0.0073356,0.00717088,0.00700866,0.00684891,0.00669162,0.00653677,0.00638432,0.00623427,0.00608658,0.00594123,0.00579819,0.00565743,0.00551891,0.00538261,0.00524849,0.00511652,0.00498666,0.00485889,0.00473316,0.00460945,0.0044877,0.00436789,0.00424998,0.00413394,0.00401972,0.00390728,0.0037966,0.00368762,0.00358031,0.00347464,0.00337056,0.00326804,0.00316703,0.0030675,0.00296941,0.00287272,0.00277739,0.00268339,0.00259066,0.00249918,0.00240891,0.0023198,0.00223182,0.00214493,0.00205909,0.00197426,0.00189041,0.0018075,0.00172548,0.00164432,0.00156398,0.00148442,0.00140562,0.00132751,0.00125008,0.00117328,0.00109708,0.00102143,0.000946306,0.000871662,0.000797462,0.00072367,0.000650248,0.00057716,0.000504367,0.000431834,0.000359523,0.000287396,0.000215418,0.00014355
0,0.00134201,0.00267823,0.00400297,0.00531065,0.00659595,0.00785378,0.00907941,0.0102685,0.011417,0.0125216,0.0135792,0.0145872,0.0155435,0.0164466,0.0172953,0.0180888,0.0188269,0.0195096,0.0201373,0.0207107,0.0212308,0.0216989,0.0221164,0.0224848,0.022806,0.0230817,0.023314,0.0235049,0.0236562,0.0237702,0.0238489,0.0238943,0.0239084,0.0238932,0.0238505,0.0237823,0.0236904,0.0235764,0.023442,0.0232889,0.0231185,0.0229322,0.0227315,0.0225176,0.0222918,0.0220552,0.0218089,0.0215539,0.0212912,0.0210217,0.0207461,0.0204654,0.0201802,0.0198912,0.019599,0.0193043,0.0190075,0.0187092,0.0184099,0.01811,0.0178099,0.01751,0.0172105,0.0169119,0.0166143,0.0163181,0.0160236,0.0157308,0.0154401,0.0151515,0.0148654,0.0145817,0.0143007,0.0140224,0.013747,0.0134746,0.0132052,0.0129389,0.0126758,0.0124159,0.0121593,0.011906,0.0116561,0.0114094,0.0111662,0.0109263,0.0106899,0.0104568,0.0102271,0.0100008,0.00977784,0.00955823,0.00934196,0.00912898,0.00891929,0.00871284,0.00850962,0.00830958,0.00811271,0.00791894,0.00772825,0.00754061,0.00735596,0.00717426,0.00699548,0.00681956,0.00664647,0.00647615,0.00630856,0.00614365,0.00598137,0.00582168,0.00566451,0.00550983,0.00535759,0.00520772,0.00506019,0.00491493,0.0047719,0.00463105,0.00449233,0.00435568,0.00422105,0.00408839,0.00395765,0.00382878,0.00370172,0.00357642,0.00345283,0.00333091,0.00321059,0.00309182,0.00297456,0.00285875,0.00274434,0.00263128,0.00251952,0.00240901,0.0022997,0.00219153,0.00208445,0.00197842,0.00187339,0.00176929,0.00166609,0.00156374,0.00146217,0.00136135,0.00126122,0.00116174,0.00106284,0.000964494,0.000866639,0.000769228,0.000672212,0.00057554,0.000479165,0.000383036,0.000287105,0.000191321
0,0.00168828,0.00336921,0.0050355,0.00668008,0.00829617,0.0098773,0.0114175,0.0129112,0.0143535,0.0157399,0.0170667,0.0183306,0.0195291,0.0206602,0.0217224,0.022715,0.0236376,0.0244902,0.0252736,0.0259886,0.0266365,0.027219,0.0277379,0.0281952,0.0285932,0.0289344,0.029221,0.0294558,0.0296412,0.02978,0.0298745,0.0299275,0.0299415,0.0299189,0.0298621,0.0297735,0.0296554,0.0295098,0.0293389,0.0291447,0.028929,0.0286936,0.0284404,0.0281707,0.0278863,0.0275886,0.0272788,0.0269582,0.0266282,0.0262897,0.0259438,0.0255915,0.0252337,0.0248713,0.024505,0.0241356,0.0237637,0.02339,0.023015,0.0226394,0.0222636,0.021888,0.0215131,0.0211393,0.0207669,0.0203962,0.0200276,0.0196613,0.0192975,0.0189365,0.0185785,0.0182237,0.0178722,0.0175242,0.0171798,0.0168391,0.0165022,0.0161693,0.0158403,0.0155153,0.0151945,0.0148778,0.0145653,0.014257,0.0139529,0.0136531,0.0133575,0.0130662,0.0127791,0.0124962,0.0122175,0.0119431,0.0116727,0.0114066,0.0111445,0.0108865,0.0106325,0.0103825,0.0101365,0.00989432,0.00965603,0.00942153,0.00919079,0.00896374,0.00874033,0.00852051,0.00830421,0.00809139,0.00788197,0.00767591,0.00747313,0.00727359,0.00707721,0.00688394,0.0066937,0.00650645,0.00632211,0.00614062,0.00596191,0.00578592,0.00561259,0.00544186,0.00527365,0.0051079,0.00494455,0.00478353,0.00462478,0.00446823,0.00431382,0.00416149,0.00401116,0.00386277,0.00371627,0.00357158,0.00342864,0.00328739,0.00314776,0.00300969,0.00287311,0.00273797,0.00260419,0.00247173,0.0023405,0.00221045,0.00208151,0.00195364,0.00182675,0.00170079,0.00157569,0.0014514,0.00132785,0.00120498,0.00108272,0.000961023,0.000839817,0.000719042,0.000598637,0.00047854,0.00035869,0.000239024
0,0.00204195,0.00407485,0.0060898,0.0080781,0.0100314,0.0119419,0.0138022,0.0156056,0.0173459,0.019018,0.0206172,0.0221397,0.0235823,0.0249428,0.0262196,0.0274116,0.0285185,0.0295406,0.0304786,0.0313339,0.0321081,0.0328031,0.0334214,0.0339654,0.0344379,0.034842,0.0351805,0.0354566,0.0356735,0.0358344,0.0359423,0.0360004,0.0360118,0.0359794,0.0359063,0.035795,0.0356485,0.0354693,0.0352599,0.0350227,0.0347599,0.0344738,0.0341663,0.0338394,0.033495,0.0331347,0.0327602,0.032373,0.0319744,0.031566,0.0311488,0.030724,0.0302928,0.0298562,0.029415,0.0289702,0.0285226,0.0280729,0.0276218,0.02717,0.026718,0.0262663,0.0258156,0.0253663,0.0249187,0.0244732,0.0240303,0.0235902,0.0231532,0.0227196,0.0222896,0.0218634,0.0214413,0.0210234,0.0206099,0.0202008,0.0197964,0.0193967,0.0190017,0.0186117,0.0182266,0.0178465,0.0174714,0.0171014,0.0167365,0.0163767,0.0160219,0.0156723,0.0153278,0.0149884,0.014654,0.0143247,0.0140004,0.013681,0.0133666,0.0130571,0.0127524,0.0124525,0.0121573,0.0118668,0.0115809,0.0112996,0.0110228,0.0107505,0.0104825,0.0102188,0.00995937,0.00970408,0.0094529,0.00920573,0.00896251,0.00872316,0.00848762,0.0082558,0.00802764,0.00780304,0.00758195,0.00736427,0.00714993,0.00693886,0.00673098,0.00652621,0.00632447,0.00612568,0.00592977,0.00573666,0.00554627,0.00535852,0.00517333,0.00499063,0.00481035,0.00463239,0.00445669,0.00428317,0.00411175,0.00394235,0.00377489,0.00360931,0.00344552,0.00328345,0.00312302,0.00296416,0.00280679,0.00265082,0.0024962,0.00234285,0.00219068,0.00203962,0.0018896,0.00174055,0.00159238,0.00144503,0.00129842,0.00115248,0.00100712,0.000862289,0.000717897,0.000573874,0.000430147,0.000286642
0,0.00240468,0.00479851,0.00717081,0.00951119,0.0118097,0.0140569,0.016244,0.0183631,0.0204069,0.0223693,0.0242448,0.0260289,0.0277181,0.0293096,0.0308018,0.0321936,0.0334846,0.0346754,0.0357669,0.0367609,0.0376593,0.0384646,0.0391796,0.0398076,0.0403518,0.0408157,0.041203,0.0415174,0.0417626,0.0419424,0.0420606,0.0421208,0.0421266,0.0420816,0.0419892,0.0418527,0.0416752,0.0414598,0.0412096,0.0409271,0.0406151,0.0402762,0.0399126,0.0395267,0.0391205,0.0386961,0.0382553,0.0378,0.0373317,0.036852,0.0363623,0.0358641,0.0353585,0.0348467,0.0343298,0.0338089,0.0332847,0.0327583,0.0322304,0.0317018,0.0311731,0.030645,0.030118,0.0295927,0.0290695,0.0285489,0.0280313,0.0275171,0.0270067,0.0265002,0.025998,0.0255004,0.0250075,0.0245195,0.0240367,0.0235592,0.0230871,0.0226205,0.0221595,0.0217043,0.0212549,0.0208113,0.0203737,0.0199419,0.0195161,0.0190963,0.0186825,0.0182746,0.0178727,0.0174768,0.0170867,0.0167026,0.0163242,0.0159517,0.015585,0.015224,0.0148686,0.0145188,0.0141746,0.0138358,0.0135024,0.0131744,0.0128516,0.012534,0.0122214,0.011914,0.0116114,0.0113137,0.0110208,0.0107326,0.010449,0.0101699,0.00989529,0.00962499,0.00935895,0.00909708,0.00883928,0.00858548,0.00833558,0.00808949,0.00784711,0.00760836,0.00737315,0.00714139,0.00691297,0.00668783,0.00646585,0.00624697,0.00603106,0.00581807,0.00560788,0.00540041,0.00519557,0.00499327,0.00479342,0.00459593,0.00440071,0.00420768,0.00401673,0.00382779,0.00364075,0.00345555,0.00327209,0.00309027,0.00291001,0.00273123,0.00255383,0.00237773,0.00220284,0.00202908,0.00185635,0.00168458,0.00151366,0.00134352,0.00117407,0.00100523,0.000836901,0.000669004,0.000501452,0.000334158
0,0.00277827,0.00554376,0.00828384,0.0109863,0.0136394,0.016232,0.018754,0.021196,0.0235497,0.0258078,0.027964,0.0300133,0.0319517,0.0337763,0.0354849,0.0370767,0.0385515,0.0399099,0.0411534,0.042284,0.0433041,0.0442169,0.0450257,0.0457342,0.0463465,0.0468667,0.0472991,0.047648,0.0479178,0.048113,0.0482377,0.0482964,0.0482932,0.0482321,0.0481172,0.0479522,0.0477407,0.0474863,0.0471924,0.0468621,0.0464984,0.0461043,0.0456824,0.0452352,0.0447654,0.044275,0.0437662,0.0432411,0.0427015,0.0421492,0.0415857,0.0410127,0.0404316,0.0398436,0.03925,0.0386519,0.0380505,0.0374466,0.0368412,0.0362351,0.0356291,0.0350238,0.03442,0.0338183,0.0332191,0.032623,0.0320304,0.0314418,0.0308576,0.0302779,0.0297033,0.0291339,0.0285701,0.0280119,0.0274597,0.0269135,0.0263736,0.0258401,0.0253131,0.0247926,0.0242788,0.0237717,0.0232714,0.0227779,0.0222913,0.0218114,0.0213385,0.0208724,0.0204131,0.0199606,0.0195149,0.0190759,0.0186437,0.0182181,0.0177991,0.0173866,0.0169806,0.016581,0.0161877,0.0158007,0.0154199,0.0150451,0.0146764,0.0143136,0.0139566,0.0136054,0.0132598,0.0129198,0.0125853,0.0122561,0.0119322,0.0116134,0.0112997,0.010991,0.0106872,0.0103881,0.0100937,0.00980385,0.00951845,0.0092374,0.00896061,0.00868795,0.00841935,0.00815467,0.00789383,0.00763672,0.00738324,0.00713327,0.00688673,0.00664349,0.00640348,0.00616656,0.00593265,0.00570164,0.00547343,0.00524792,0.005025,0.00480457,0.00458653,0.00437077,0.00415721,0.00394573,0.00373624,0.00352862,0.00332279,0.00311865,0.00291609,0.002715,0.00251531,0.00231689,0.00211967,0.00192352,0.00172836,0.00153409,0.00134061,0.00114781,0.000955608,0.000763896,0.000572578,0.000381555
0,0.00316469,0.00631447,0.00943462,0.0125109,0.0155296,0.0184781,0.0213443,0.0241176,0.0267884,0.0293484,0.0317905,0.0341091,0.0362998,0.0383592,0.0402854,0.0420774,0.0437353,0.04526,0.0466535,0.0479181,0.049057,0.0500738,0.0509727,0.0517579,0.0524342,0.0530065,0.0534796,0.0538586,0.0541487,0.0543548,0.0544819,0.0545349,0.0545186,0.0544376,0.0542963,0.0540992,0.0538503,0.0535535,0.0532128,0.0528316,0.0524134,0.0519613,0.0514785,0.0509679,0.050432,0.0498736,0.0492948,0.0486981,0.0480855,0.0474589,0.0468201,0.046171,0.0455129,0.0448475,0.0441761,0.0434999,0.0428201,0.0421379,0.0414541,0.0407698,0.0400858,0.0394028,0.0387216,0.0380429,0.0373672,0.0366952,0.0360272,0.0353638,0.0347054,0.0340524,0.033405,0.0327637,0.0321286,0.0315,0.0308782,0.0302633,0.0296555,0.0290549,0.0284616,0.0278759,0.0272976,0.026727,0.026164,0.0256087,0.0250611,0.0245213,0.0239892,0.0234649,0.0229482,0.0224393,0.0219379,0.0214442,0.0209581,0.0204794,0.0200082,0.0195443,0.0190877,0.0186384,0.0181961,0.0177609,0.0173327,0.0169114,0.0164968,0.0160889,0.0156875,0.0152926,0.0149041,0.0145218,0.0141457,0.0137756,0.0134115,0.0130532,0.0127005,0.0123535,0.0120119,0.0116757,0.0113448,0.011019,0.0106981,0.0103822,0.0100711,0.00976462,0.00946269,0.0091652,0.008872,0.00858301,0.00829809,0.00801714,0.00774002,0.00746664,0.00719686,0.00693058,0.00666767,0.00640803,0.00615153,0.00589807,0.00564752,0.00539978,0.00515472,0.00491223,0.0046722,0.00443452,0.00419907,0.00396573,0.0037344,0.00350497,0.00327731,0.00305132,0.00282688,0.00260389,0.00238223,0.00216178,0.00194245,0.00172411,0.00150666,0.00128999,0.00107398,0.000858517,0.0006435,0.000428816
0,0.00356607,0.00711487,0.0106294,0.0140932,0.0174904,0.0208065,0.0240278,0.027142,0.0301382,0.0330072,0.035741,0.0383334,0.0407794,0.0430758,0.0452205,0.0472127,0.0490528,0.0507421,0.052283,0.0536786,0.0549327,0.0560496,0.0570341,0.0578914,0.0586269,0.0592462,0.0597551,0.0601592,0.0604645,0.0606766,0.0608012,0.0608438,0.0608098,0.0607044,0.0605326,0.0602992,0.0600089,0.0596661,0.0592749,0.0588395,0.0583635,0.0578506,0.057304,0.0567271,0.0561228,0.0554938,0.0548429,0.0541725,0.0534849,0.0527823,0.0520665,0.0513396,0.0506033,0.0498591,0.0491086,0.0483531,0.047594,0.0468323,0.0460693,0.045306,0.0445431,0.0437817,0.0430225,0.0422662,0.0415135,0.040765,0.0400212,0.0392826,0.0385497,0.0378229,0.0371025,0.0363889,0.0356824,0.0349832,0.0342916,0.0336078,0.0329319,0.0322642,0.0316046,0.0309534,0.0303107,0.0296764,0.0290507,0.0284336,0.0278252,0.0272253,0.0266341,0.0260515,0.0254775,0.0249121,0.0243552,0.0238067,0.0232667,0.022735,0.0222116,0.0216964,0.0211894,0.0206903,0.0201992,0.0197159,0.0192404,0.0187725,0.0183121,0.0178592,0.0174135,0.0169751,0.0165437,0.0161193,0.0157017,0.0152908,0.0148865,0.0144887,0.0140972,0.0137119,0.0133328,0.0129595,0.0125921,0.0122304,0.0118743,0.0115236,0.0111782,0.010838,0.0105028,0.0101726,0.00984716,0.00952637,0.00921011,0.00889825,0.00859066,0.0082872,0.00798776,0.00769219,0.00740038,0.00711219,0.0068275,0.00654617,0.00626808,0.0059931,0.0057211,0.00545196,0.00518556,0.00492175,0.00466042,0.00440144,0.00414469,0.00389004,0.00363737,0.00338655,0.00313745,0.00288996,0.00264394,0.00239928,0.00215585,0.00191352,0.00167218,0.0014317,0.00119196,0.000952831,0.000714194,0.000475924
0,0.00398476,0.00794963,0.011875,0.0157421,0.0195327,0.02323,0.0268186,0.0302846,0.0336157,0.0368015,0.0398334,0.0427044,0.0454093,0.0479448,0.0503088,0.0525009,0.0545217,0.0563733,0.0580587,0.0595815,0.0609465,0.0621587,0.0632237,0.0641477,0.0649367,0.0655974,0.0661363,0.0665598,0.0668746,0.0670872,0.0672038,0.0672306,0.0671737,0.0670389,0.0668317,0.0665575,0.0662214,0.0658283,0.0653828,0.0648894,0.0643521,0.0637749,0.0631615,0.0625153,0.0618397,0.0611378,0.0604122,0.0596659,0.0589011,0.0581204,0.0573259,0.0565195,0.0557033,0.0548788,0.0540479,0.0532118,0.0523721,0.0515301,0.0506868,0.0498435,0.049001,0.0481604,0.0473225,0.046488,0.0456576,0.0448321,0.0440119,0.0431977,0.0423899,0.041589,0.0407953,0.0400092,0.0392309,0.0384609,0.0376994,0.0369464,0.0362023,0.0354673,0.0347413,0.0340246,0.0333173,0.0326194,0.0319309,0.031252,0.0305826,0.0299227,0.0292724,0.0286316,0.0280002,0.0273784,0.0267659,0.0261628,0.025569,0.0249844,0.0244089,0.0238424,0.0232849,0.0227362,0.0221963,0.021665,0.0211423,0.0206279,0.0201219,0.019624,0.0191342,0.0186522,0.0181781,0.0177116,0.0172526,0.0168011,0.0163567,0.0159195,0.0154893,0.0150659,0.0146492,0.014239,0.0138353,0.0134378,0.0130464,0.0126611,0.0122815,0.0119077,0.0115394,0.0111766,0.010819,0.0104665,0.010119,0.00977631,0.00943833,0.00910491,0.00877589,0.00845115,0.00813052,0.00781388,0.00750108,0.00719198,0.00688644,0.00658432,0.00628548,0.00598978,0.00569708,0.00540725,0.00512013,0.0048356,0.00455352,0.00427375,0.00399614,0.00372058,0.00344691,0.003175,0.00290472,0.00263592,0.00236848,0.00210225,0.00183711,0.00157291,0.00130952,0.00104681,0.000784633,0.000522864
0,0.00442339,0.00882394,0.0131792,0.0174676,0.0216684,0.0257625,0.0297324,0.0335624,0.0372389,0.0407503,0.0440871,0.0472419,0.0502093,0.0529859,0.0555698,0.0579609,0.0601607,0.0621717,0.0639976,0.0656432,0.0671139,0.0684158,0.0695554,0.0705398,0.0713761,0.0720717,0.0726339,0.0730704,0.0733883,0.0735949,0.0736974,0.0737025,0.073617,0.0734472,0.0731993,0.0728792,0.0724925,0.0720445,0.0715403,0.0709847,0.0703822,0.0697371,0.0690534,0.0683348,0.0675849,0.066807,0.0660042,0.0651794,0.0643352,0.0634743,0.062599,0.0617113,0.0608134,0.0599071,0.0589942,0.0580763,0.0571548,0.0562311,0.0553065,0.0543822,0.0534592,0.0525385,0.0516211,0.0507077,0.0497991,0.048896,0.047999,0.0471086,0.0462255,0.04535,0.0444827,0.0436237,0.0427735,0.0419324,0.0411007,0.0402785,0.039466,0.0386635,0.037871,0.0370887,0.0363167,0.0355551,0.0348038,0.034063,0.0333327,0.0326128,0.0319033,0.0312043,0.0305157,0.0298375,0.0291695,0.0285118,0.0278642,0.0272267,0.0265992,0.0259816,0.0253737,0.0247755,0.0241869,0.0236077,0.0230378,0.0224771,0.0219255,0.0213828,0.0208488,0.0203236,0.0198068,0.0192983,0.0187981,0.0183059,0.0178217,0.0173452,0.0168763,0.0164149,0.0159608,0.0155138,0.0150738,0.0146407,0.0142143,0.0137943,0.0133808,0.0129734,0.0125721,0.0121767,0.0117871,0.011403,0.0110244,0.010651,0.0102828,0.00991947,0.00956099,0.00920716,0.00885783,0.00851284,0.00817204,0.00783528,0.00750239,0.00717323,0.00684765,0.00652549,0.0062066,0.00589083,0.00557803,0.00526805,0.00496074,0.00465593,0.0043535,0.00405329,0.00375514,0.00345892,0.00316446,0.00287163,0.00258027,0.00229023,0.00200138,0.00171356,0.00142662,0.00114041,0.000854792,0.000569616
0,0.00488489,0.00974362,0.0145505,0.0192808,0.023911,0.0284195,0.0327864,0.0369942,0.0410277,0.0448742,0.0485234,0.0519675,0.0552009,0.0582202,0.0610242,0.0636131,0.0659892,0.0681559,0.0701178,0.0718808,0.0734512,0.0748362,0.0760435,0.0770812,0.0779573,0.0786804,0.0792588,0.0797007,0.0800146,0.0802083,0.0802897,0.0802665,0.080146,0.0799351,0.0796407,0.0792691,0.0788265,0.0783186,0.077751,0.0771288,0.0764568,0.0757398,0.074982,0.0741874,0.07336,0.0725031,0.0716201,0.0707142,0.0697882,0.0688447,0.0678864,0.0669155,0.0659341,0.0649442,0.0639478,0.0629464,0.0619418,0.0609353,0.0599282,0.0589219,0.0579174,0.0569158,0.055918,0.054925,0.0539374,0.0529561,0.0519817,0.0510148,0.0500559,0.0491055,0.048164,0.0472319,0.0463095,0.045397,0.0444949,0.0436032,0.0427222,0.0418521,0.040993,0.040145,0.0393083,0.0384828,0.0376687,0.036866,0.0360747,0.0352948,0.0345263,0.0337691,0.0330233,0.0322887,0.0315653,0.030853,0.0301518,0.0294615,0.028782,0.0281133,0.0274552,0.0268076,0.0261703,0.0255433,0.0249264,0.0243195,0.0237224,0.023135,0.022557,0.0219885,0.0214292,0.0208789,0.0203376,0.0198049,0.0192809,0.0187652,0.0182578,0.0177585,0.0172671,0.0167835,0.0163074,0.0158387,0.0153773,0.0149229,0.0144754,0.0140347,0.0136005,0.0131727,0.0127511,0.0123356,0.011926,0.011522,0.0111236,0.0107306,0.0103428,0.00995998,0.00958206,0.00920884,0.00884015,0.00847583,0.00811571,0.00775963,0.00740741,0.00705891,0.00671394,0.00637235,0.00603397,0.00569864,0.00536619,0.00503648,0.00470932,0.00438456,0.00406204,0.0037416,0.00342308,0.00310631,0.00279114,0.0024774,0.00216494,0.00185359,0.0015432,0.00123361,0.000924647,0.000616166
0,0.0053726,0.0107153,0.0159986,0.0211943,0.0262758,0.0312183,0.0359998,0.0406006,0.0450039,0.0491959,0.0531654,0.0569044,0.0604072,0.0636707,0.0666943,0.0694791,0.0720281,0.0743458,0.0764381,0.0783119,0.0799749,0.0814355,0.0827025,0.0837852,0.084693,0.0854352,0.0860213,0.0864607,0.0867624,0.0869354,0.0869883,0.0869295,0.086767,0.0865083,0.086161,0.0857319,0.0852276,0.0846543,0.0840181,0.0833244,0.0825785,0.0817852,0.0809494,0.0800751,0.0791665,0.0782274,0.0772612,0.0762713,0.0752607,0.0742323,0.0731887,0.0721323,0.0710655,0.0699903,0.0689086,0.0678223,0.0667331,0.0656424,0.0645517,0.0634622,0.0623752,0.0612917,0.0602128,0.0591393,0.0580721,0.057012,0.0559595,0.0549155,0.0538803,0.0528545,0.0518387,0.0508331,0.0498381,0.048854,0.0478812,0.0469199,0.0459702,0.0450323,0.0441065,0.0431927,0.0422912,0.0414019,0.0405249,0.0396603,0.038808,0.0379681,0.0371405,0.0363252,0.0355222,0.0347313,0.0339525,0.0331858,0.0324309,0.0316879,0.0309566,0.0302369,0.0295286,0.0288317,0.0281459,0.0274712,0.0268075,0.0261544,0.025512,0.0248799,0.0242582,0.0236465,0.0230448,0.0224529,0.0218705,0.0212975,0.0207338,0.0201792,0.0196334,0.0190963,0.0185678,0.0180476,0.0175355,0.0170314,0.0165352,0.0160465,0.0155653,0.0150912,0.0146243,0.0141642,0.0137109,0.013264,0.0128235,0.0123891,0.0119607,0.011538,0.011121,0.0107093,0.010303,0.00990162,0.00950517,0.00911342,0.00872619,0.0083433,0.00796457,0.00758983,0.00721891,0.00685161,0.00648777,0.00612721,0.00576975,0.00541523,0.00506346,0.00471428,0.0043675,0.00402296,0.00368048,0.00333989,0.00300102,0.00266368,0.00232773,0.00199297,0.00165924,0.00132636,0.000994171,0.000662495
0,0.00589032,0.0117463,0.0175344,0.0232223,0.0287796,0.0341787,0.0393944,0.044405,0.0491921,0.0537405,0.0580386,0.0620781,0.0658534,0.0693621,0.0726041,0.0755817,0.0782991,0.0807621,0.082978,0.0849549,0.0867022,0.0882295,0.0895471,0.0906656,0.0915955,0.0923475,0.0929321,0.0933598,0.0936405,0.0937842,0.0938003,0.0936979,0.0934857,0.0931721,0.0927649,0.0922717,0.0916995,0.091055,0.0903447,0.0895743,0.0887495,0.0878755,0.0869573,0.0859993,0.0850058,0.083981,0.0829284,0.0818515,0.0807535,0.0796375,0.0785062,0.0773622,0.0762078,0.0750453,0.0738766,0.0727038,0.0715284,0.0703522,0.0691765,0.0680027,0.0668321,0.0656658,0.0645048,0.0633501,0.0622025,0.0610628,0.0599318,0.05881,0.0576981,0.0565966,0.0555059,0.0544264,0.0533586,0.0523027,0.051259,0.0502277,0.0492092,0.0482035,0.0472107,0.0462311,0.0452646,0.0443115,0.0433716,0.042445,0.0415318,0.0406319,0.0397453,0.0388719,0.0380117,0.0371646,0.0363305,0.0355093,0.034701,0.0339054,0.0331223,0.0323517,0.0315934,0.0308473,0.0301132,0.0293909,0.0286803,0.0279813,0.0272937,0.0266172,0.0259517,0.0252971,0.0246531,0.0240196,0.0233964,0.0227833,0.02218,0.0215865,0.0210025,0.0204278,0.0198623,0.0193057,0.0187578,0.0182185,0.0176875,0.0171647,0.0166498,0.0161427,0.0156431,0.0151509,0.0146659,0.0141878,0.0137166,0.0132519,0.0127935,0.0123414,0.0118953,0.011455,0.0110202,0.0105909,0.0101669,0.00974781,0.0093336,0.00892404,0.00851893,0.00811809,0.00772132,0.00732845,0.00693927,0.00655361,0.00617127,0.00579206,0.00541581,0.00504232,0.00467141,0.00430289,0.00393657,0.00357228,0.00320982,0.00284902,0.00248968,0.00213163,0.00177468,0.00141864,0.00106334,0.000708589
0,0.00644242,0.0128455,0.0191706,0.025381,0.0314422,0.0373227,0.0429945,0.0484335,0.0536194,0.058536,0.0631713,0.0675166,0.0715671,0.0753209,0.0787792,0.0819456,0.0848256,0.0874267,0.0897578,0.0918289,0.0936506,0.0952345,0.0965923,0.0977359,0.0986774,0.0994287,0.100002,0.100407,0.100657,0.100762,0.100733,0.100578,0.100308,0.0999313,0.0994569,0.0988925,0.0982457,0.0975238,0.0967334,0.0958808,0.094972,0.0940124,0.0930072,0.0919613,0.090879,0.0897647,0.0886223,0.0874552,0.0862669,0.0850606,0.0838391,0.082605,0.0813609,0.0801091,0.0788516,0.0775905,0.0763274,0.0750642,0.0738022,0.0725429,0.0712876,0.0700374,0.0687934,0.0675566,0.0663279,0.065108,0.0638978,0.0626978,0.0615086,0.0603308,0.0591649,0.0580112,0.0568702,0.0557421,0.0546273,0.053526,0.0524384,0.0513646,0.0503049,0.0492593,0.0482279,0.0472108,0.046208,0.0452195,0.0442453,0.0432854,0.0423398,0.0414084,0.0404911,0.0395878,0.0386985,0.0378231,0.0369613,0.0361132,0.0352785,0.0344571,0.0336489,0.0328537,0.0320714,0.0313017,0.0305445,0.0297996,0.0290669,0.0283461,0.0276371,0.0269397,0.0262536,0.0255787,0.0249148,0.0242616,0.023619,0.0229868,0.0223647,0.0217526,0.0211502,0.0205573,0.0199738,0.0193994,0.0188338,0.018277,0.0177287,0.0171886,0.0166566,0.0161324,0.0156159,0.0151068,0.0146049,0.0141101,0.013622,0.0131406,0.0126655,0.0121966,0.0117337,0.0112766,0.010825,0.0103788,0.00993773,0.00950163,0.00907028,0.00864347,0.00822101,0.00780269,0.00738832,0.00697768,0.00657059,0.00616684,0.00576623,0.00536856,0.00497365,0.00458128,0.00419126,0.00380339,0.00341748,0.00303333,0.00265075,0.00226953,0.00188949,0.00151042,0.00113213,0.000754428
0,0.00703395,0.0140226,0.0209218,0.0276892,0.0342857,0.0406757,0.0468279,0.0527155,0.0583165,0.0636137,0.0685945,0.0732508,0.0775782,0.0815762,0.0852473,0.0885967,0.091632,0.0943625,0.096799,0.0989534,0.100838,0.102467,0.103853,0.10501,0.105951,0.10669,0.10724,0.107613,0.107821,0.107877,0.107792,0.107575,0.107238,0.106791,0.106241,0.105598,0.104869,0.104063,0.103187,0.102246,0.101248,0.100197,0.0991004,0.097962,0.0967869,0.0955793,0.0943433,0.0930828,0.0918011,0.0905016,0.0891872,0.0878607,0.0865246,0.0851814,0.0838332,0.082482,0.0811296,0.0797779,0.0784283,0.0770822,0.075741,0.0744059,0.073078,0.0717583,0.0704476,0.0691468,0.0678566,0.0665778,0.0653109,0.0640564,0.0628148,0.0615865,0.060372,0.0591715,0.0579854,0.0568138,0.0556569,0.0545151,0.0533882,0.0522766,0.0511802,0.0500991,0.0490333,0.0479829,0.0469478,0.045928,0.0449234,0.043934,0.0429596,0.0420003,0.0410559,0.0401262,0.0392112,0.0383106,0.0374244,0.0365524,0.0356944,0.0348503,0.0340199,0.0332029,0.0323992,0.0316087,0.0308311,0.0300662,0.0293138,0.0285737,0.0278457,0.0271295,0.0264251,0.0257321,0.0250503,0.0243795,0.0237195,0.0230701,0.0224311,0.0218021,0.0211831,0.0205737,0.0199738,0.0193832,0.0188015,0.0182287,0.0176643,0.0171084,0.0165605,0.0160205,0.0154882,0.0149634,0.0144457,0.0139351,0.0134313,0.012934,0.012443,0.0119582,0.0114793,0.0110061,0.0105384,0.0100759,0.00961843,0.00916581,0.00871779,0.00827418,0.00783474,0.00739928,0.00696758,0.00653942,0.0061146,0.0056929,0.00527412,0.00485804,0.00444445,0.00403315,0.00362392,0.00321657,0.00281087,0.00240662,0.00200362,0.00160165,0.00120051,0.000799998
0,0.00767084,0.0152894,0.0228048,0.0301686,0.0373361,0.0442671,0.0509264,0.0572847,0.063318,0.0690084,0.0743432,0.0793146,0.0839196,0.0881593,0.092038,0.0955631,0.0987444,0.101594,0.104124,0.106349,0.108284,0.109944,0.111344,0.112501,0.113429,0.114142,0.114656,0.114984,0.11514,0.115135,0.114983,0.114695,0.114282,0.113754,0.11312,0.112391,0.111573,0.110676,0.109706,0.108671,0.107578,0.106431,0.105238,0.104002,0.10273,0.101425,0.100092,0.0987343,0.0973561,0.0959604,0.0945504,0.0931289,0.0916985,0.0902617,0.0888208,0.0873777,0.0859344,0.0844926,0.0830539,0.0816198,0.0801916,0.0787705,0.0773577,0.0759541,0.0745607,0.0731783,0.0718076,0.0704493,0.0691041,0.0677724,0.0664548,0.0651516,0.0638633,0.0625901,0.0613323,0.0600903,0.058864,0.0576538,0.0564598,0.055282,0.0541206,0.0529754,0.0518467,0.0507343,0.0496383,0.0485586,0.0474952,0.0464478,0.0454166,0.0444013,0.0434018,0.042418,0.0414498,0.040497,0.0395595,0.038637,0.0377294,0.0368365,0.0359581,0.035094,0.0342441,0.033408,0.0325856,0.0317768,0.0309812,0.0301986,0.0294288,0.0286716,0.0279268,0.0271941,0.0264733,0.0257642,0.0250665,0.02438,0.0237045,0.0230396,0.0223853,0.0217412,0.0211071,0.0204828,0.019868,0.0192625,0.0186661,0.0180785,0.0174994,0.0169287,0.0163662,0.0158115,0.0152645,0.0147248,0.0141924,0.0136668,0.013148,0.0126357,0.0121296,0.0116296,0.0111353,0.0106466,0.0101632,0.00968489,0.00921149,0.00874273,0.00827839,0.00781825,0.00736209,0.00690968,0.00646079,0.00601521,0.00557271,0.00513306,0.00469605,0.00426146,0.00382907,0.00339865,0.00296998,0.00254285,0.00211703,0.00169231,0.00126847,0.000845281
0,0.00836006,0.0166596,0.0248397,0.0328447,0.0406235,0.0481305,0.0553265,0.0621793,0.0686632,0.0747595,0.0804559,0.0857456,0.0906274,0.0951044,0.0991834,0.102875,0.10619,0.109145,0.111754,0.114036,0.116005,0.117682,0.119082,0.120223,0.121122,0.121796,0.12226,0.12253,0.12262,0.122543,0.122314,0.121943,0.121443,0.120825,0.120099,0.119274,0.118359,0.117363,0.116294,0.115158,0.113963,0.112715,0.11142,0.110082,0.108708,0.107302,0.105868,0.10441,0.102931,0.101437,0.0999281,0.0984091,0.096882,0.0953495,0.0938138,0.092277,0.090741,0.0892076,0.0876784,0.086155,0.0846385,0.0831304,0.0816316,0.0801433,0.0786663,0.0772015,0.0757496,0.0743114,0.0728873,0.071478,0.0700839,0.0687054,0.067343,0.0659968,0.0646672,0.0633545,0.0620587,0.0607801,0.0595188,0.0582748,0.0570482,0.0558391,0.0546474,0.0534731,0.0523162,0.0511767,0.0500544,0.0489492,0.0478611,0.04679,0.0457356,0.0446978,0.0436766,0.0426717,0.0416829,0.0407101,0.039753,0.0388115,0.0378853,0.0369743,0.0360782,0.0351969,0.03433,0.0334773,0.0326387,0.0318138,0.0310025,0.0302045,0.0294195,0.0286473,0.0278877,0.0271404,0.0264052,0.0256818,0.0249699,0.0242694,0.0235799,0.0229013,0.0222332,0.0215754,0.0209277,0.0202898,0.0196614,0.0190423,0.0184323,0.0178311,0.0172385,0.0166541,0.0160779,0.0155094,0.0149485,0.0143949,0.0138484,0.0133087,0.0127757,0.0122489,0.0117283,0.0112135,0.0107043,0.0102006,0.00970191,0.00920817,0.00871909,0.00823445,0.00775398,0.00727747,0.00680468,0.00633537,0.0058693,0.00540625,0.00494598,0.00448826,0.00403284,0.00357951,0.00312803,0.00267817,0.00222969,0.00178237,0.00133597,0.000890261
0,0.0091099,0.0181493,0.0270499,0.0357473,0.0441829,0.0523052,0.0600705,0.0674433,0.0743967,0.0809114,0.086976,0.0925856,0.0977411,0.102449,0.106718,0.110563,0.113998,0.117043,0.119715,0.122035,0.124022,0.125697,0.127079,0.128188,0.129043,0.129661,0.130061,0.130258,0.130268,0.130106,0.129787,0.129322,0.128725,0.128006,0.127178,0.126249,0.125229,0.124126,0.12295,0.121707,0.120405,0.119049,0.117646,0.116202,0.114722,0.11321,0.11167,0.110108,0.108527,0.10693,0.10532,0.103701,0.102074,0.100444,0.0988113,0.0971788,0.0955485,0.0939219,0.0923008,0.0906866,0.0890807,0.0874844,0.0858988,0.0843248,0.0827635,0.0812155,0.0796818,0.078163,0.0766596,0.0751721,0.0737012,0.0722471,0.0708102,0.0693908,0.0679892,0.0666056,0.0652401,0.063893,0.0625643,0.061254,0.0599623,0.0586891,0.0574345,0.0561983,0.0549806,0.0537813,0.0526002,0.0514373,0.0502925,0.0491656,0.0480564,0.0469649,0.0458907,0.0448338,0.043794,0.042771,0.0417647,0.0407747,0.039801,0.0388432,0.0379012,0.0369747,0.0360635,0.0351672,0.0342858,0.0334188,0.0325661,0.0317275,0.0309025,0.0300911,0.0292929,0.0285076,0.0277351,0.026975,0.026227,0.025491,0.0247666,0.0240536,0.0233517,0.0226607,0.0219802,0.02131,0.0206499,0.0199996,0.0193588,0.0187273,0.0181048,0.017491,0.0168857,0.0162885,0.0156994,0.0151179,0.0145439,0.0139771,0.0134172,0.0128639,0.0123171,0.0117765,0.0112417,0.0107126,0.0101889,0.00967035,0.0091567,0.0086477,0.00814311,0.00764267,0.00714614,0.00665326,0.0061638,0.00567751,0.00519414,0.00471344,0.00423517,0.00375909,0.00328496,0.00281253,0.00234155,0.00187178,0.00140299,0.000934921
0,0.0099303,0.0197781,0.0294635,0.038912,0.0480561,0.0568375,0.0652075,0.0731275,0.0805694,0.0875143,0.0939521,0.0998805,0.105304,0.110232,0.114678,0.118661,0.122199,0.125315,0.12803,0.130369,0.132353,0.134007,0.135352,0.13641,0.137202,0.137748,0.138066,0.138175,0.138091,0.13783,0.137407,0.136836,0.13613,0.135301,0.13436,0.133317,0.132183,0.130967,0.129676,0.128319,0.126902,0.125433,0.123918,0.122361,0.12077,0.119148,0.117499,0.115829,0.114141,0.112439,0.110725,0.109002,0.107275,0.105544,0.103812,0.102082,0.100356,0.0986344,0.0969199,0.0952137,0.0935172,0.0918316,0.090158,0.0884976,0.086851,0.0852193,0.0836031,0.082003,0.0804198,0.0788538,0.0773056,0.0757755,0.0742638,0.072771,0.0712971,0.0698425,0.0684072,0.0669915,0.0655953,0.0642187,0.0628618,0.0615246,0.060207,0.058909,0.0576306,0.0563716,0.0551318,0.0539114,0.0527099,0.0515274,0.0503636,0.0492184,0.0480915,0.0469828,0.0458921,0.0448191,0.0437637,0.0427255,0.0417044,0.0407001,0.0397124,0.0387409,0.0377855,0.036846,0.0359219,0.0350131,0.0341192,0.0332401,0.0323755,0.031525,0.0306884,0.0298654,0.0290557,0.0282591,0.0274753,0.026704,0.0259449,0.0251978,0.0244623,0.0237382,0.0230252,0.022323,0.0216314,0.02095,0.0202787,0.019617,0.0189648,0.0183217,0.0176876,0.017062,0.0164448,0.0158357,0.0152343,0.0146405,0.014054,0.0134744,0.0129016,0.0123353,0.0117751,0.0112208,0.0106723,0.0101291,0.00959104,0.00905788,0.00852933,0.00800514,0.00748504,0.00696878,0.00645609,0.00594673,0.00544043,0.00493693,0.00443598,0.00393733,0.00344071,0.00294588,0.00245256,0.00196053,0.0014695,0.000979246
0,0.0108333,0.0215693,0.0321143,0.0423813,0.0522926,0.0617818,0.0707949,0.0792907,0.0872399,0.094625,0.101438,0.107682,0.113363,0.118498,0.123104,0.127204,0.130824,0.133988,0.136724,0.139058,0.141017,0.142627,0.143914,0.1449,0.145609,0.146064,0.146283,0.146287,0.146093,0.145718,0.145178,0.144488,0.143661,0.14271,0.141646,0.140481,0.139224,0.137884,0.136471,0.134993,0.133455,0.131867,0.130233,0.128559,0.126852,0.125115,0.123354,0.121572,0.119774,0.117962,0.116141,0.114313,0.112481,0.110648,0.108816,0.106986,0.105162,0.103344,0.101535,0.099735,0.0979467,0.0961707,0.0944083,0.0926604,0.0909279,0.0892116,0.0875122,0.0858305,0.0841669,0.0825219,0.080896,0.0792896,0.077703,0.0761364,0.0745901,0.0730643,0.0715591,0.0700746,0.0686109,0.067168,0.0657459,0.0643447,0.0629642,0.0616045,0.0602653,0.0589467,0.0576485,0.0563705,0.0551126,0.0538746,0.0526563,0.0514576,0.0502782,0.0491179,0.0479765,0.0468537,0.0457494,0.0446632,0.0435949,0.0425443,0.0415111,0.0404949,0.0394956,0.0385129,0.0375464,0.036596,0.0356612,0.0347419,0.0338378,0.0329484,0.0320737,0.0312132,0.0303667,0.0295338,0.0287144,0.027908,0.0271144,0.0263334,0.0255645,0.0248076,0.0240623,0.0233283,0.0226054,0.0218932,0.0211914,0.0204999,0.0198182,0.0191461,0.0184833,0.0178295,0.0171844,0.0165478,0.0159194,0.0152988,0.0146858,0.0140802,0.0134815,0.0128897,0.0123043,0.0117251,0.0111518,0.0105842,0.010022,0.00946482,0.00891251,0.00836474,0.00782127,0.0072818,0.00674608,0.00621382,0.00568477,0.00515865,0.0046352,0.00411415,0.00359523,0.00307816,0.0025627,0.00204856,0.00153549,0.00102322
0,0.0118337,0.0235518,0.0350435,0.0462066,0.0569515,0.0672026,0.0769004,0.086001,0.0944753,0.102308,0.109496,0.116045,0.121971,0.127293,0.132037,0.136231,0.139905,0.143091,0.14582,0.148124,0.150032,0.151573,0.152777,0.153669,0.154274,0.154616,0.154718,0.154598,0.154278,0.153774,0.153102,0.15228,0.151319,0.150234,0.149037,0.147738,0.146349,0.144879,0.143335,0.141728,0.140063,0.138349,0.136591,0.134795,0.132967,0.131111,0.129232,0.127335,0.125423,0.1235,0.121568,0.119632,0.117694,0.115755,0.11382,0.111889,0.109965,0.108049,0.106144,0.104249,0.102368,0.100501,0.0986482,0.096812,0.0949928,0.0931912,0.0914081,0.0896441,0.0878996,0.0861752,0.0844713,0.0827883,0.0811264,0.0794859,0.077867,0.0762698,0.0746946,0.0731413,0.07161,0.0701008,0.0686136,0.0671484,0.0657051,0.0642836,0.0628839,0.0615058,0.0601492,0.0588138,0.0574996,0.0562063,0.0549337,0.0536817,0.05245,0.0512383,0.0500464,0.0488741,0.047721,0.0465871,0.0454719,0.0443751,0.0432966,0.042236,0.041193,0.0401674,0.0391588,0.038167,0.0371916,0.0362323,0.0352889,0.034361,0.0334483,0.0325506,0.0316674,0.0307986,0.0299437,0.0291025,0.0282747,0.02746,0.026658,0.0258685,0.0250911,0.0243255,0.0235715,0.0228287,0.0220968,0.0213756,0.0206646,0.0199637,0.0192725,0.0185907,0.017918,0.0172541,0.0165988,0.0159517,0.0153124,0.0146809,0.0140567,0.0134395,0.0128291,0.0122252,0.0116274,0.0110356,0.0104493,0.00986838,0.00929249,0.00872136,0.00815469,0.00759221,0.00703364,0.00647869,0.00592707,0.00537853,0.00483276,0.00428949,0.00374845,0.00320935,0.00267191,0.00213587,0.00160093,0.00106682
0,0.0129497,0.0257609,0.0383014,0.0504507,0.0621045,0.0731774,0.0836039,0.0933383,0.102353,0.110637,0.118193,0.125034,0.131183,0.136668,0.141521,0.145778,0.149476,0.152653,0.155344,0.157587,0.159414,0.16086,0.161954,0.162727,0.163204,0.163413,0.163375,0.163114,0.162649,0.161999,0.161181,0.160211,0.159104,0.157874,0.156532,0.15509,0.153559,0.151948,0.150267,0.148523,0.146725,0.144878,0.14299,0.141066,0.139112,0.137133,0.135133,0.133116,0.131087,0.129049,0.127004,0.124957,0.122909,0.120864,0.118824,0.116789,0.114764,0.112749,0.110745,0.108755,0.106779,0.10482,0.102877,0.100951,0.0990443,0.0971569,0.0952894,0.0934425,0.0916168,0.0898126,0.0880304,0.0862704,0.084533,0.0828183,0.0811267,0.0794581,0.0778127,0.0761906,0.0745918,0.0730162,0.0714639,0.0699347,0.0684287,0.0669457,0.0654855,0.064048,0.0626331,0.0612406,0.0598702,0.0585218,0.0571952,0.05589,0.0546061,0.0533432,0.0521011,0.0508794,0.049678,0.0484965,0.0473346,0.046192,0.0450684,0.0439636,0.0428773,0.041809,0.0407585,0.0397255,0.0387097,0.0377107,0.0367283,0.0357621,0.0348118,0.033877,0.0329575,0.0320529,0.0311629,0.0302871,0.0294254,0.0285772,0.0277423,0.0269204,0.0261112,0.0253144,0.0245295,0.0237563,0.0229946,0.0222438,0.0215039,0.0207744,0.020055,0.0193454,0.0186453,0.0179544,0.0172723,0.0165989,0.0159337,0.0152764,0.0146268,0.0139845,0.0133493,0.0127209,0.0120988,0.0114829,0.0108729,0.0102684,0.00966915,0.00907484,0.00848519,0.00789989,0.00731867,0.00674122,0.00616725,0.00559646,0.00502857,0.00446329,0.00390032,0.00333937,0.00278016,0.0022224,0.00166579,0.00111004
0,0.0142044,0.028241,0.0419508,0.0551906,0.0678389,0.0797991,0.0910001,0.101396,0.110963,0.119696,0.127606,0.134717,0.14106,0.146675,0.151602,0.155886,0.159571,0.162701,0.16532,0.167467,0.169181,0.170499,0.171455,0.172081,0.172406,0.172457,0.172259,0.171836,0.171208,0.170395,0.169414,0.168283,0.167016,0.165627,0.16413,0.162534,0.160852,0.159092,0.157265,0.155377,0.153438,0.151453,0.149429,0.147372,0.145287,0.14318,0.141054,0.138915,0.136765,0.134608,0.132447,0.130286,0.128127,0.125973,0.123825,0.121686,0.119557,0.117441,0.115338,0.113251,0.11118,0.109126,0.107092,0.105076,0.103081,0.101107,0.0991548,0.0972246,0.0953171,0.0934327,0.0915718,0.0897347,0.0879215,0.0861326,0.084368,0.0826279,0.0809124,0.0792214,0.077555,0.0759131,0.0742957,0.0727028,0.0711341,0.0695896,0.0680691,0.0665724,0.0650994,0.0636499,0.0622235,0.0608202,0.0594397,0.0580817,0.0567458,0.055432,0.0541399,0.0528692,0.0516195,0.0503907,0.0491823,0.0479942,0.0468259,0.0456771,0.0445476,0.043437,0.0423449,0.041271,0.0402151,0.0391767,0.0381555,0.0371513,0.0361636,0.0351921,0.0342364,0.0332963,0.0323714,0.0314614,0.0305659,0.0296846,0.0288171,0.0279631,0.0271223,0.0262944,0.0254789,0.0246757,0.0238842,0.0231043,0.0223356,0.0215777,0.0208304,0.0200932,0.019366,0.0186482,0.0179398,0.0172402,0.0165492,0.0158665,0.0151917,0.0145246,0.0138648,0.013212,0.0125659,0.0119262,0.0112926,0.0106647,0.0100423,0.00942507,0.00881264,0.00820474,0.00760107,0.00700133,0.00640519,0.00581238,0.00522257,0.00463547,0.00405078,0.00346819,0.00288741,0.00230813,0.00173004,0.00115286
0,0.0156268,0.0310482,0.0460705,0.0605224,0.074262,0.0871805,0.0992023,0.110283,0.120406,0.129577,0.137819,0.145168,0.151668,0.157371,0.162328,0.166594,0.170222,0.173264,0.175768,0.177781,0.179346,0.180503,0.181289,0.181739,0.181884,0.181753,0.181372,0.180765,0.179954,0.17896,0.177801,0.176493,0.175053,0.173494,0.171828,0.170068,0.168225,0.166308,0.164326,0.162287,0.1602,0.15807,0.155904,0.153709,0.151489,0.149249,0.146994,0.144727,0.142453,0.140175,0.137895,0.135618,0.133345,0.131079,0.128822,0.126576,0.124342,0.122123,0.11992,0.117735,0.115567,0.113419,0.111292,0.109186,0.107102,0.105041,0.103003,0.100989,0.0989992,0.0970343,0.0950944,0.0931799,0.0912908,0.0894274,0.0875899,0.0857782,0.0839924,0.0822326,0.0804986,0.0787905,0.0771082,0.0754514,0.0738203,0.0722144,0.0706337,0.069078,0.0675472,0.0660408,0.0645587,0.0631007,0.0616665,0.0602558,0.0588684,0.0575039,0.056162,0.0548424,0.0535449,0.052269,0.0510145,0.0497811,0.0485683,0.0473759,0.0462035,0.0450508,0.0439174,0.0428029,0.0417071,0.0406296,0.03957,0.038528,0.0375032,0.0364952,0.0355038,0.0345285,0.033569,0.0326249,0.031696,0.0307818,0.0298819,0.0289961,0.028124,0.0272653,0.0264195,0.0255864,0.0247656,0.0239567,0.0231595,0.0223735,0.0215984,0.020834,0.0200798,0.0193355,0.0186008,0.0178754,0.0171589,0.0164509,0.0157512,0.0150595,0.0143754,0.0136985,0.0130286,0.0123653,0.0117083,0.0110573,0.0104119,0.0097719,0.00913692,0.00850663,0.00788074,0.00725891,0.00664084,0.0060262,0.00541469,0.00480599,0.00419978,0.00359576,0.00299361,0.00239302,0.00179368,0.00119526
0,0.0172549,0.0342545,0.0507608,0.066567,0.0815069,0.0954591,0.108346,0.120129,0.130804,0.14039,0.148927,0.156469,0.163076,0.168813,0.173747,0.177942,0.181462,0.184366,0.186709,0.188545,0.18992,0.190879,0.191462,0.191705,0.191641,0.191301,0.190712,0.1899,0.188887,0.187694,0.186339,0.18484,0.183212,0.181469,0.179624,0.17769,0.175675,0.173591,0.171447,0.16925,0.167007,0.164727,0.162414,0.160075,0.157714,0.155337,0.152948,0.150551,0.14815,0.145747,0.143346,0.140949,0.13856,0.13618,0.133812,0.131458,0.129118,0.126795,0.12449,0.122205,0.11994,0.117697,0.115476,0.113278,0.111105,0.108956,0.106832,0.104734,0.102662,0.100616,0.0985968,0.0966047,0.0946395,0.0927016,0.090791,0.0889077,0.0870517,0.085223,0.0834216,0.0816473,0.0799001,0.0781798,0.0764862,0.0748192,0.0731785,0.071564,0.0699754,0.0684125,0.0668749,0.0653625,0.0638749,0.0624118,0.0609729,0.059558,0.0581667,0.0567986,0.0554534,0.0541308,0.0528304,0.051552,0.050295,0.0490593,0.0478443,0.0466498,0.0454754,0.0443207,0.0431853,0.042069,0.0409712,0.0398917,0.0388301,0.037786,0.036759,0.0357488,0.034755,0.0337772,0.0328151,0.0318683,0.0309364,0.0300191,0.0291159,0.0282267,0.0273508,0.0264882,0.0256382,0.0248007,0.0239752,0.0231613,0.0223589,0.0215674,0.0207865,0.0200159,0.0192553,0.0185042,0.0177624,0.0170295,0.0163051,0.015589,0.0148807,0.01418,0.0134865,0.0127998,0.0121197,0.0114458,0.0107777,0.0101152,0.0094579,0.00880546,0.00815756,0.00751388,0.00687408,0.00623785,0.00560485,0.00497477,0.00434727,0.00372203,0.00309873,0.00247705,0.00185666,0.00123723
0,0.0191383,0.0379545,0.0561516,0.0734781,0.0897399,0.104804,0.118594,0.131085,0.14229,0.152251,0.161032,0.168706,0.175354,0.181061,0.185905,0.189967,0.193319,0.196029,0.198161,0.199772,0.200914,0.201634,0.201977,0.201979,0.201676,0.2011,0.20028,0.19924,0.198003,0.196592,0.195025,0.193319,0.191489,0.18955,0.187514,0.185394,0.183199,0.18094,0.178624,0.176261,0.173857,0.171419,0.168954,0.166466,0.16396,0.161442,0.158916,0.156384,0.153852,0.151322,0.148796,0.146278,0.143771,0.141275,0.138794,0.136329,0.133882,0.131453,0.129046,0.126659,0.124296,0.121957,0.119641,0.117352,0.115088,0.112851,0.110641,0.108458,0.106303,0.104176,0.102078,0.100008,0.0979664,0.0959538,0.0939701,0.0920151,0.090089,0.0881915,0.0863227,0.0844824,0.0826704,0.0808866,0.0791309,0.0774029,0.0757025,0.0740293,0.0723833,0.070764,0.0691712,0.0676046,0.0660639,0.0645487,0.0630587,0.0615937,0.0601531,0.0587368,0.0573443,0.0559753,0.0546294,0.0533062,0.0520054,0.0507266,0.0494694,0.0482334,0.0470183,0.0458237,0.0446491,0.0434942,0.0423587,0.041242,0.0401439,0.0390639,0.0380018,0.0369569,0.0359291,0.0349179,0.0339229,0.0329438,0.0319802,0.0310316,0.0300977,0.0291782,0.0282726,0.0273806,0.0265018,0.0256359,0.0247824,0.023941,0.0231114,0.0222931,0.0214858,0.0206892,0.0199029,0.0191264,0.0183596,0.017602,0.0168532,0.0161129,0.0153808,0.0146565,0.0139396,0.0132298,0.0125268,0.0118302,0.0111397,0.0104549,0.00977548,0.00910111,0.00843144,0.00776612,0.00710484,0.00644724,0.00579299,0.00514174,0.00449318,0.00384695,0.00320273,0.00256018,0.00191897,0.00127876
0,0.0213439,0.0422737,0.0624134,0.0814545,0.0991713,0.115423,0.130143,0.143328,0.155021,0.165295,0.174244,0.181969,0.188577,0.194171,0.198849,0.202703,0.205819,0.208273,0.210136,0.21147,0.212331,0.212771,0.212834,0.212561,0.211988,0.211147,0.210069,0.208778,0.207298,0.20565,0.203853,0.201924,0.199879,0.197731,0.195493,0.193176,0.190791,0.188348,0.185854,0.183317,0.180745,0.178144,0.17552,0.172878,0.170223,0.16756,0.164892,0.162223,0.159557,0.156896,0.154244,0.151602,0.148974,0.146361,0.143765,0.141188,0.138631,0.136096,0.133584,0.131097,0.128634,0.126197,0.123787,0.121405,0.11905,0.116724,0.114427,0.112159,0.109921,0.107713,0.105535,0.103387,0.10127,0.0991827,0.0971258,0.0950993,0.093103,0.0911369,0.0892008,0.0872946,0.085418,0.083571,0.0817532,0.0799645,0.0782045,0.0764731,0.0747698,0.0730945,0.0714467,0.0698262,0.0682326,0.0666657,0.0651249,0.06361,0.0621206,0.0606564,0.0592169,0.0578018,0.0564107,0.0550432,0.0536988,0.0523773,0.0510782,0.0498011,0.0485456,0.0473113,0.0460979,0.0449048,0.0437317,0.0425783,0.041444,0.0403285,0.0392314,0.0381523,0.0370908,0.0360465,0.035019,0.0340079,0.0330127,0.0320332,0.0310689,0.0301195,0.0291844,0.0282634,0.0273561,0.026462,0.0255809,0.0247122,0.0238557,0.0230109,0.0221775,0.0213551,0.0205434,0.0197419,0.0189502,0.0181681,0.0173952,0.016631,0.0158753,0.0151276,0.0143877,0.013655,0.0129294,0.0122104,0.0114976,0.0107908,0.0100895,0.00939347,0.00870226,0.00801557,0.00733303,0.0066543,0.00597902,0.00530686,0.00463746,0.00397048,0.00330557,0.00264239,0.00198058,0.00131981
0,0.0239639,0.0473833,0.0697741,0.0907557,0.110069,0.127573,0.143227,0.157064,0.169171,0.179666,0.18868,0.196352,0.202816,0.208198,0.212618,0.21618,0.218983,0.221111,0.222642,0.223642,0.224172,0.224286,0.224029,0.223445,0.222569,0.221436,0.220073,0.218508,0.216763,0.21486,0.212816,0.210649,0.208374,0.206005,0.203553,0.20103,0.198446,0.19581,0.19313,0.190413,0.187666,0.184897,0.182109,0.179308,0.176499,0.173687,0.170874,0.168064,0.165261,0.162467,0.159685,0.156918,0.154167,0.151434,0.148722,0.146031,0.143364,0.140721,0.138104,0.135514,0.132951,0.130416,0.127911,0.125435,0.122989,0.120574,0.11819,0.115837,0.113516,0.111226,0.108968,0.106743,0.104549,0.102387,0.100257,0.0981589,0.0960926,0.0940579,0.0920547,0.0900827,0.0881419,0.0862317,0.0843522,0.082503,0.0806837,0.0788942,0.077134,0.0754029,0.0737005,0.0720264,0.0703803,0.0687619,0.0671707,0.0656063,0.0640684,0.0625566,0.0610705,0.0596096,0.0581737,0.0567621,0.0553746,0.0540107,0.0526701,0.0513522,0.0500567,0.0487831,0.0475311,0.0463002,0.04509,0.0439,0.0427299,0.0415793,0.0404476,0.0393346,0.0382397,0.0371626,0.0361029,0.0350601,0.0340338,0.0330237,0.0320293,0.0310502,0.030086,0.0291363,0.0282007,0.0272788,0.0263703,0.0254746,0.0245915,0.0237205,0.0228613,0.0220134,0.0211765,0.0203502,0.0195341,0.0187278,0.017931,0.0171432,0.0163641,0.0155934,0.0148306,0.0140753,0.0133273,0.0125861,0.0118514,0.0111228,0.0103999,0.00968242,0.00896994,0.0082621,0.00755856,0.00685894,0.00616289,0.00547005,0.00478006,0.00409257,0.00340721,0.00272363,0.00204148,0.00136039
0,0.0271283,0.0535217,0.0785445,0.101726,0.122777,0.141575,0.158128,0.172531,0.184936,0.195517,0.20446,0.211944,0.218136,0.223191,0.227245,0.23042,0.232823,0.234549,0.235679,0.236286,0.236432,0.236173,0.235555,0.234623,0.233412,0.231956,0.230284,0.228421,0.22639,0.224213,0.221906,0.219486,0.216968,0.214365,0.211689,0.208949,0.206157,0.20332,0.200446,0.197542,0.194616,0.191671,0.188715,0.185751,0.182784,0.179818,0.176857,0.173903,0.17096,0.168031,0.165117,0.162222,0.159346,0.156493,0.153662,0.150857,0.148078,0.145326,0.142603,0.139909,0.137245,0.134612,0.13201,0.12944,0.126903,0.124399,0.121927,0.119489,0.117084,0.114713,0.112375,0.110071,0.107801,0.105565,0.103362,0.101193,0.0990564,0.0969534,0.0948832,0.0928457,0.0908407,0.0888678,0.0869268,0.0850173,0.0831391,0.0812918,0.079475,0.0776884,0.0759316,0.0742044,0.0725061,0.0708365,0.0691952,0.0675817,0.0659957,0.0644367,0.0629043,0.0613981,0.0599175,0.0584624,0.0570321,0.0556262,0.0542443,0.0528861,0.0515509,0.0502384,0.0489482,0.0476798,0.0464328,0.0452068,0.0440012,0.0428157,0.0416499,0.0405032,0.0393753,0.0382658,0.0371742,0.0361001,0.035043,0.0340026,0.0329783,0.0319699,0.0309769,0.0299988,0.0290353,0.0280859,0.0271503,0.026228,0.0253186,0.0244217,0.0235369,0.0226638,0.0218021,0.0209512,0.0201109,0.0192807,0.0184603,0.0176492,0.016847,0.0160535,0.0152681,0.0144905,0.0137204,0.0129573,0.0122009,0.0114508,0.0107065,0.00996787,0.00923436,0.00850564,0.00778134,0.00706109,0.00634451,0.00563125,0.00492092,0.00421316,0.00350761,0.00280389,0.00210163,0.00140048
0,0.0310278,0.0610308,0.0891571,0.114826,0.137737,0.157823,0.175179,0.189999,0.202524,0.213009,0.221701,0.228829,0.234597,0.239186,0.242752,0.245432,0.247343,0.248584,0.249243,0.249394,0.249101,0.24842,0.2474,0.246082,0.244503,0.242695,0.240688,0.238505,0.236168,0.233698,0.231112,0.228425,0.225651,0.222803,0.219891,0.216926,0.213917,0.210871,0.207796,0.2047,0.201586,0.198462,0.195333,0.192201,0.189073,0.18595,0.182837,0.179736,0.176651,0.173584,0.170536,0.167511,0.164509,0.161533,0.158583,0.155662,0.15277,0.149908,0.147078,0.14428,0.141514,0.138782,0.136084,0.13342,0.13079,0.128196,0.125637,0.123113,0.120625,0.118172,0.115754,0.113373,0.111026,0.108715,0.10644,0.104199,0.101993,0.0998219,0.0976851,0.0955823,0.0935134,0.091478,0.0894758,0.0875064,0.0855695,0.0836647,0.0817917,0.07995,0.0781393,0.0763591,0.0746091,0.0728887,0.0711977,0.0695355,0.0679017,0.0662959,0.0647176,0.0631663,0.0616417,0.0601433,0.0586706,0.0572231,0.0558004,0.0544021,0.0530277,0.0516767,0.0503487,0.0490432,0.0477598,0.046498,0.0452573,0.0440373,0.0428377,0.0416578,0.0404972,0.0393556,0.0382325,0.0371273,0.0360398,0.0349694,0.0339158,0.0328784,0.0318568,0.0308507,0.0298596,0.028883,0.0279206,0.0269719,0.0260366,0.0251141,0.0242041,0.0233061,0.0224198,0.0215447,0.0206805,0.0198267,0.0189829,0.0181488,0.0173239,0.0165078,0.0157001,0.0149005,0.0141085,0.0133238,0.012546,0.0117746,0.0110093,0.0102497,0.00949543,0.00874609,0.0080013,0.00726067,0.00652384,0.0057904,0.00505999,0.00433223,0.00360673,0.00288312,0.00216102,0.00144005
0,0.0359522,0.0704167,0.102228,0.130685,0.155524,0.176802,0.194767,0.209762,0.222153,0.232295,0.240508,0.247075,0.252238,0.256204,0.259148,0.261217,0.262534,0.263204,0.263317,0.262948,0.26216,0.26101,0.259544,0.257804,0.255825,0.253638,0.25127,0.248745,0.246083,0.243304,0.240423,0.237455,0.234412,0.231308,0.228151,0.224951,0.221717,0.218455,0.215173,0.211877,0.208573,0.205264,0.201957,0.198654,0.19536,0.192077,0.18881,0.18556,0.18233,0.179122,0.175939,0.172782,0.169652,0.166552,0.163481,0.160443,0.157437,0.154465,0.151526,0.148623,0.145755,0.142924,0.140128,0.13737,0.134648,0.131964,0.129317,0.126708,0.124136,0.121601,0.119104,0.116645,0.114222,0.111837,0.109488,0.107177,0.104901,0.102662,0.100459,0.0982913,0.0961588,0.0940612,0.091998,0.0899691,0.0879739,0.0860121,0.0840831,0.0821867,0.0803224,0.0784898,0.0766883,0.0749177,0.0731773,0.0714668,0.0697856,0.0681334,0.0665096,0.0649138,0.0633454,0.0618042,0.0602894,0.0588008,0.0573377,0.0558998,0.0544865,0.0530974,0.0517319,0.0503898,0.0490703,0.0477731,0.0464977,0.0452437,0.0440105,0.0427978,0.041605,0.0404316,0.0392773,0.0381416,0.0370239,0.035924,0.0348412,0.0337752,0.0327255,0.0316917,0.0306733,0.0296699,0.028681,0.0277063,0.0267453,0.0257975,0.0248625,0.02394,0.0230295,0.0221305,0.0212426,0.0203655,0.0194987,0.0186418,0.0177944,0.0169561,0.0161264,0.0153051,0.0144915,0.0136855,0.0128865,0.0120941,0.011308,0.0105278,0.00975304,0.00898335,0.00821834,0.00745762,0.00670078,0.00594745,0.00519722,0.00444971,0.00370454,0.0029613,0.00221962,0.0014791
0,0.0423643,0.0824566,0.118652,0.150162,0.176873,0.199093,0.217326,0.232129,0.244033,0.25351,0.260962,0.266725,0.271078,0.274247,0.276421,0.277754,0.278373,0.278385,0.277876,0.276922,0.275585,0.273918,0.271966,0.269769,0.267359,0.264765,0.262013,0.259125,0.25612,0.253014,0.249824,0.246562,0.24324,0.239869,0.236457,0.233015,0.229548,0.226064,0.222569,0.219069,0.215567,0.21207,0.208581,0.205103,0.20164,0.198195,0.19477,0.191368,0.187991,0.184642,0.181321,0.17803,0.174771,0.171546,0.168354,0.165197,0.162077,0.158993,0.155946,0.152937,0.149967,0.147035,0.144143,0.141289,0.138475,0.135701,0.132966,0.130271,0.127616,0.125,0.122423,0.119886,0.117387,0.114928,0.112507,0.110124,0.10778,0.105473,0.103204,0.100971,0.0987756,0.0966161,0.0944926,0.0924044,0.0903513,0.0883327,0.0863484,0.0843976,0.0824802,0.0805955,0.078743,0.0769224,0.0751332,0.0733747,0.0716466,0.0699484,0.0682796,0.0666396,0.065028,0.0634443,0.061888,0.0603586,0.0588556,0.0573784,0.0559267,0.0544998,0.0530974,0.0517189,0.0503639,0.0490317,0.047722,0.0464343,0.0451681,0.0439228,0.0426981,0.0414934,0.0403084,0.0391423,0.037995,0.0368658,0.0357543,0.03466,0.0335825,0.0325213,0.031476,0.0304461,0.0294311,0.0284307,0.0274443,0.0264716,0.0255121,0.0245653,0.0236308,0.0227082,0.0217971,0.020897,0.0200075,0.0191281,0.0182585,0.0173983,0.0165469,0.0157041,0.0148693,0.0140421,0.0132223,0.0124092,0.0116026,0.0108021,0.0100071,0.00921734,0.00843239,0.00765183,0.00687528,0.00610232,0.00533255,0.00456557,0.00380099,0.0030384,0.00227741,0.00151761
0,0.0510484,0.0983936,0.139764,0.174437,0.202714,0.225373,0.243317,0.257397,0.268342,0.276751,0.283106,0.287789,0.291102,0.293288,0.294538,0.295008,0.294823,0.294087,0.292883,0.291282,0.289343,0.287114,0.284637,0.281949,0.279079,0.276054,0.272896,0.269625,0.26626,0.262814,0.259301,0.255733,0.252121,0.248474,0.2448,0.241107,0.237401,0.233689,0.229975,0.226265,0.222563,0.218873,0.215198,0.211542,0.207907,0.204297,0.200713,0.197157,0.193631,0.190138,0.186678,0.183253,0.179863,0.176511,0.173197,0.169921,0.166685,0.163489,0.160334,0.157219,0.154146,0.151114,0.148124,0.145175,0.142269,0.139405,0.136582,0.133801,0.131062,0.128365,0.125709,0.123094,0.12052,0.117987,0.115494,0.113041,0.110627,0.108253,0.105918,0.103621,0.101363,0.0991418,0.0969581,0.0948112,0.0927006,0.0906258,0.0885863,0.0865818,0.0846115,0.0826752,0.0807722,0.0789022,0.0770644,0.0752586,0.073484,0.0717403,0.0700268,0.0683432,0.0666887,0.0650631,0.0634656,0.0618959,0.0603533,0.0588374,0.0573477,0.0558836,0.0544446,0.0530302,0.0516399,0.0502733,0.0489297,0.0476087,0.0463098,0.0450325,0.0437762,0.0425406,0.0413251,0.0401293,0.0389525,0.0377945,0.0366546,0.0355324,0.0344275,0.0333393,0.0322674,0.0312114,0.0301707,0.0291449,0.0281335,0.0271362,0.0261524,0.0251817,0.0242236,0.0232778,0.0223437,0.0214209,0.020509,0.0196075,0.018716,0.0178341,0.0169614,0.0160973,0.0152416,0.0143937,0.0135533,0.0127199,0.011893,0.0110724,0.0102575,0.00944797,0.00864335,0.00784326,0.00704726,0.00625496,0.00546593,0.00467977,0.00389605,0.00311439,0.00233436,0.00155556
0,0.0634357,0.120306,0.167572,0.205109,0.234173,0.256368,0.273174,0.2858,0.295187,0.302049,0.306925,0.310223,0.312257,0.313265,0.313436,0.312918,0.311827,0.310258,0.308289,0.305983,0.303392,0.30056,0.297523,0.294314,0.290958,0.287478,0.283895,0.280225,0.276483,0.272683,0.268836,0.264953,0.261041,0.25711,0.253166,0.249216,0.245265,0.241319,0.237382,0.233458,0.229552,0.225665,0.221802,0.217965,0.214156,0.210378,0.206632,0.202921,0.199245,0.195606,0.192006,0.188445,0.184924,0.181445,0.178007,0.174612,0.17126,0.167952,0.164687,0.161466,0.158289,0.155157,0.152069,0.149026,0.146027,0.143073,0.140163,0.137296,0.134474,0.131695,0.12896,0.126268,0.123619,0.121012,0.118447,0.115924,0.113442,0.111001,0.1086,0.10624,0.103919,0.101637,0.0993936,0.0971883,0.0950206,0.09289,0.090796,0.088738,0.0867156,0.0847281,0.0827751,0.080856,0.0789703,0.0771175,0.0752969,0.0735081,0.0717506,0.0700237,0.0683269,0.0666597,0.0650216,0.063412,0.0618304,0.0602762,0.0587489,0.0572479,0.0557728,0.054323,0.052898,0.0514972,0.0501202,0.0487663,0.0474352,0.0461262,0.0448389,0.0435727,0.0423273,0.0411019,0.0398962,0.0387097,0.0375419,0.0363922,0.0352602,0.0341453,0.0330473,0.0319654,0.0308994,0.0298486,0.0288126,0.027791,0.0267833,0.025789,0.0248077,0.0238389,0.0228821,0.021937,0.021003,0.0200797,0.0191667,0.0182635,0.0173697,0.0164848,0.0156084,0.01474,0.0138793,0.0130258,0.0121791,0.0113387,0.0105042,0.00967513,0.00885116,0.00803181,0.00721667,0.00640531,0.00559731,0.00479224,0.00398969,0.00318924,0.00239046,0.00159294
0,0.0823885,0.151823,0.205111,0.244255,0.272502,0.292754,0.30721,0.317444,0.324559,0.329333,0.332322,0.333925,0.334438,0.334082,0.333027,0.331402,0.32931,0.326833,0.324036,0.320972,0.317685,0.314213,0.310585,0.306828,0.302963,0.29901,0.294984,0.2909,0.28677,0.282604,0.278413,0.274204,0.269985,0.265763,0.261543,0.25733,0.253129,0.248945,0.244781,0.24064,0.236525,0.23244,0.228385,0.224365,0.22038,0.216432,0.212523,0.208654,0.204827,0.201042,0.1973,0.193603,0.18995,0.186343,0.182781,0.179266,0.175798,0.172376,0.169002,0.165675,0.162395,0.159163,0.155977,0.152839,0.149748,0.146703,0.143706,0.140754,0.137849,0.134989,0.132175,0.129406,0.126682,0.124002,0.121365,0.118772,0.116222,0.113715,0.11125,0.108826,0.106443,0.1041,0.101798,0.0995347,0.0973104,0.0951245,0.0929764,0.0908656,0.0887913,0.0867533,0.0847507,0.0827831,0.0808499,0.0789506,0.0770846,0.0752513,0.07345,0.0716804,0.0699418,0.0682336,0.0665553,0.0649064,0.0632861,0.0616941,0.0601297,0.0585924,0.0570816,0.0555969,0.0541375,0.0527031,0.051293,0.0499068,0.0485438,0.0472036,0.0458856,0.0445894,0.0433143,0.0420599,0.0408257,0.0396111,0.0384157,0.0372389,0.0360802,0.0349391,0.0338152,0.032708,0.0316169,0.0305415,0.0294813,0.0284358,0.0274045,0.026387,0.0253827,0.0243914,0.0234123,0.0224451,0.0214894,0.0205446,0.0196104,0.0186862,0.0177716,0.0168662,0.0159694,0.015081,0.0142003,0.013327,0.0124607,0.0116008,0.010747,0.00989876,0.00905572,0.00821743,0.00738343,0.00655332,0.00572663,0.00490296,0.00408187,0.00326292,0.00244569,0.00162974
0,0.114296,0.199486,0.256794,0.294297,0.318827,0.334936,0.345471,0.352207,0.356272,0.358406,0.359105,0.358717,0.357489,0.355601,0.353189,0.350356,0.347182,0.34373,0.340051,0.336186,0.332168,0.328025,0.32378,0.319453,0.315061,0.310617,0.306135,0.301624,0.297095,0.292555,0.288011,0.28347,0.278937,0.274418,0.269916,0.265437,0.260982,0.256556,0.252161,0.2478,0.243475,0.239188,0.23494,0.230735,0.226572,0.222453,0.21838,0.214353,0.210373,0.20644,0.202556,0.198722,0.194936,0.191201,0.187515,0.18388,0.180295,0.176761,0.173277,0.169843,0.16646,0.163127,0.159845,0.156612,0.153428,0.150294,0.147209,0.144173,0.141185,0.138245,0.135352,0.132506,0.129707,0.126954,0.124247,0.121585,0.118968,0.116394,0.113864,0.111378,0.108933,0.106531,0.10417,0.101849,0.0995688,0.0973282,0.0951265,0.0929633,0.0908379,0.0887497,0.0866981,0.0846826,0.0827025,0.0807572,0.0788462,0.0769688,0.0751246,0.0733127,0.0715328,0.0697841,0.0680661,0.0663782,0.0647199,0.0630906,0.0614896,0.0599164,0.0583705,0.0568512,0.055358,0.0538904,0.0524477,0.0510295,0.0496352,0.0482642,0.0469161,0.0455901,0.0442859,0.0430029,0.0417405,0.0404983,0.0392757,0.0380721,0.0368872,0.0357203,0.034571,0.0334387,0.032323,0.0312233,0.0301392,0.0290702,0.0280157,0.0269753,0.0259486,0.0249349,0.0239339,0.0229451,0.021968,0.0210021,0.0200469,0.0191021,0.0181671,0.0172414,0.0163247,0.0154164,0.0145161,0.0136234,0.0127377,0.0118587,0.0109858,0.0101188,0.00925697,0.00840002,0.00754749,0.00669891,0.00585386,0.00501188,0.00417254,0.0033354,0.00250001,0.00166594
0,0.175309,0.275033,0.328282,0.357313,0.373575,0.382693,0.387531,0.389641,0.389919,0.388913,0.386978,0.384352,0.381202,0.377646,0.373774,0.369653,0.365333,0.360857,0.356255,0.351555,0.346778,0.341941,0.33706,0.332147,0.327213,0.322267,0.317318,0.312372,0.307435,0.302513,0.29761,0.292732,0.28788,0.28306,0.278273,0.273523,0.268811,0.26414,0.259512,0.254929,0.250391,0.245901,0.241459,0.237067,0.232725,0.228435,0.224196,0.22001,0.215876,0.211796,0.20777,0.203797,0.199879,0.196015,0.192205,0.18845,0.184748,0.181101,0.177507,0.173968,0.170482,0.167049,0.163669,0.160341,0.157066,0.153843,0.150671,0.14755,0.14448,0.14146,0.138489,0.135567,0.132694,0.129869,0.127091,0.12436,0.121676,0.119037,0.116443,0.113894,0.111389,0.108927,0.106508,0.10413,0.101795,0.0994999,0.0972453,0.0950303,0.0928542,0.0907165,0.0886164,0.0865535,0.084527,0.0825364,0.080581,0.0786601,0.0767733,0.0749198,0.073099,0.0713104,0.0695533,0.0678271,0.0661312,0.064465,0.0628279,0.0612193,0.0596387,0.0580854,0.0565589,0.0550586,0.0535839,0.0521342,0.050709,0.0493077,0.0479297,0.0465746,0.0452416,0.0439304,0.0426404,0.0413709,0.0401215,0.0388917,0.0376809,0.0364886,0.0353142,0.0341574,0.0330174,0.0318939,0.0307862,0.0296941,0.0286168,0.0275539,0.0265049,0.0254694,0.0244468,0.0234367,0.0224385,0.0214518,0.0204761,0.019511,0.0185559,0.0176103,0.0166739,0.0157462,0.0148266,0.0139147,0.01301,0.0121122,0.0112207,0.010335,0.00945481,0.00857954,0.00770877,0.00684205,0.00597893,0.00511896,0.00426168,0.00340665,0.00255342,0.00170153
0,0.311906,0.397054,0.423991,0.433097,0.435466,0.43473,0.432321,0.42891,0.42485,0.420352,0.415544,0.410514,0.405321,0.40001,0.394611,0.38915,0.383645,0.378111,0.372561,0.367005,0.36145,0.355905,0.350375,0.344865,0.33938,0.333925,0.328501,0.323113,0.317764,0.312456,0.307191,0.30197,0.296797,0.291673,0.286598,0.281575,0.276604,0.271687,0.266825,0.262017,0.257266,0.252572,0.247934,0.243355,0.238833,0.23437,0.229965,0.22562,0.221333,0.217105,0.212936,0.208825,0.204774,0.200782,0.196848,0.192972,0.189154,0.185394,0.181691,0.178046,0.174457,0.170924,0.167447,0.164026,0.160659,0.157347,0.154089,0.150884,0.147732,0.144632,0.141584,0.138587,0.13564,0.132743,0.129896,0.127097,0.124346,0.121642,0.118985,0.116374,0.113808,0.111288,0.108811,0.106378,0.103987,0.101639,0.0993317,0.0970654,0.0948393,0.0926526,0.0905048,0.088395,0.0863228,0.0842873,0.0822881,0.0803244,0.0783955,0.0765009,0.0746399,0.0728119,0.0710162,0.0692521,0.0675192,0.0658167,0.0641441,0.0625007,0.0608859,0.0592991,0.0577398,0.0562072,0.0547009,0.0532202,0.0517646,0.0503334,0.0489262,0.0475423,0.0461811,0.0448421,0.0435248,0.0422286,0.0409529,0.0396972,0.038461,0.0372436,0.0360447,0.0348636,0.0336998,0.0325528,0.0314221,0.0303071,0.0292074,0.0281224,0.0270516,0.0259946,0.0249508,0.0239197,0.0229008,0.0218937,0.0208978,0.0199127,0.0189379,0.0179728,0.0170171,0.0160701,0.0151316,0.0142009,0.0132776,0.0123613,0.0114514,0.0105475,0.00964917,0.00875589,0.00786721,0.00698266,0.0061018,0.00522415,0.00434925,0.00347665,0.00260588,0.00173649
1,0.675261,0.577286,0.53753,0.51562,0.500465,0.48844,0.478115,0.468827,0.460223,0.4521,0.444333,0.436839,0.429562,0.422462,0.415513,0.408693,0.401987,0.395385,0.388876,0.382455,0.376117,0.369857,0.363673,0.357562,0.351522,0.345553,0.339653,0.333821,0.328057,0.32236,0.31673,0.311167,0.30567,0.30024,0.294877,0.28958,0.284349,0.279185,0.274087,0.269055,0.26409,0.259191,0.254357,0.24959,0.244889,0.240253,0.235682,0.231177,0.226736,0.22236,0.218049,0.213801,0.209617,0.205496,0.201438,0.197442,0.193509,0.189636,0.185825,0.182074,0.178383,0.174751,0.171178,0.167663,0.164205,0.160805,0.157461,0.154173,0.150939,0.14776,0.144635,0.141563,0.138544,0.135576,0.132659,0.129792,0.126976,0.124208,0.121488,0.118816,0.116191,0.113612,0.111078,0.108589,0.106145,0.103743,0.101385,0.0990678,0.0967923,0.0945573,0.0923622,0.0902063,0.0880889,0.0860093,0.0839668,0.0819608,0.0799905,0.0780554,0.0761547,0.0742879,0.0724541,0.0706529,0.0688835,0.0671453,0.0654376,0.0637599,0.0621114,0.0604917,0.0589,0.0573358,0.0557984,0.0542872,0.0528016,0.0513411,0.0499051,0.0484929,0.0471039,0.0457377,0.0443936,0.043071,0.0417695,0.0404883,0.0392271,0.0379852,0.036762,0.0355571,0.0343699,0.0331998,0.0320464,0.0309091,0.0297873,0.0286806,0.0275884,0.0265103,0.0254456,0.0243939,0.0233548,0.0223276,0.0213119,0.0203071,0.0193129,0.0183287,0.0173539,0.0163882,0.015431,0.0144819,0.0135403,0.0126058,0.0116779,0.0107561,0.00983997,0.00892901,0.00802275,0.00712071,0.00622242,0.00532742,0.00443522,0.00354537,0.00265739,0.00177081
1,0.811854,0.699298,0.633225,0.591386,0.562335,0.540451,0.522875,0.50806,0.495115,0.483496,0.472852,0.462949,0.453626,0.444767,0.436288,0.428124,0.42023,0.412566,0.405106,0.397826,0.390708,0.383737,0.376901,0.370191,0.363598,0.357116,0.35074,0.344465,0.338286,0.332201,0.326207,0.320301,0.314481,0.308746,0.303094,0.297523,0.292033,0.286621,0.281288,0.276032,0.270853,0.265749,0.26072,0.255766,0.250884,0.246076,0.24134,0.236675,0.232082,0.227558,0.223104,0.21872,0.214403,0.210155,0.205973,0.201858,0.197809,0.193825,0.189905,0.186049,0.182256,0.178526,0.174857,0.171249,0.167702,0.164214,0.160785,0.157413,0.1541,0.150842,0.147641,0.144495,0.141403,0.138365,0.135379,0.132446,0.129564,0.126733,0.123951,0.121219,0.118535,0.115898,0.113308,0.110765,0.108267,0.105813,0.103403,0.101036,0.0987122,0.0964295,0.0941879,0.0919864,0.0898245,0.0877013,0.0856163,0.0835686,0.0815576,0.0795825,0.0776428,0.0757377,0.0738665,0.0720286,0.0702233,0.0684499,0.0667078,0.0649963,0.0633148,0.0616627,0.0600392,0.0584438,0.0568758,0.0553346,0.0538197,0.0523303,0.0508659,0.0494259,0.0480097,0.0466166,0.0452462,0.0438978,0.0425708,0.0412647,0.0399789,0.0387128,0.037466,0.0362377,0.0350275,0.0338348,0.032659,0.0314997,0.0303564,0.0292283,0.0281151,0.0270162,0.0259311,0.0248592,0.0238001,0.0227532,0.0217181,0.0206941,0.0196808,0.0186778,0.0176844,0.0167002,0.0157248,0.0147575,0.013798,0.0128457,0.0119001,0.0109607,0.0100271,0.00909884,0.00817533,0.00725612,0.00634074,0.00542871,0.00451955,0.00361277,0.00270791,0.00180448
1,0.872858,0.774826,0.704687,0.654366,0.617038,0.588155,0.564874,0.545425,0.528684,0.513917,0.50063,0.488482,0.477229,0.466695,0.456748,0.447289,0.438243,0.429548,0.421159,0.413038,0.405155,0.397484,0.390007,0.382706,0.375567,0.368578,0.361731,0.355016,0.348426,0.341956,0.3356,0.329353,0.323213,0.317174,0.311234,0.305391,0.299642,0.293985,0.288418,0.282939,0.277546,0.272239,0.267015,0.261874,0.256814,0.251834,0.246932,0.242109,0.237363,0.232693,0.228098,0.223577,0.219129,0.214753,0.210449,0.206215,0.202051,0.197956,0.193929,0.189969,0.186075,0.182247,0.178483,0.174783,0.171146,0.167571,0.164058,0.160604,0.157211,0.153876,0.150599,0.14738,0.144216,0.141109,0.138055,0.135056,0.13211,0.129216,0.126373,0.123581,0.120839,0.118145,0.1155,0.112903,0.110351,0.107846,0.105386,0.10297,0.100598,0.0982684,0.0959809,0.0937346,0.0915287,0.0893627,0.0872357,0.085147,0.0830958,0.0810816,0.0791034,0.0771607,0.0752527,0.0733787,0.0715381,0.0697302,0.0679542,0.0662095,0.0644955,0.0628115,0.0611568,0.0595307,0.0579327,0.0563621,0.0548183,0.0533006,0.0518083,0.0503411,0.048898,0.0474787,0.0460824,0.0447086,0.0433567,0.0420261,0.0407161,0.0394264,0.0381562,0.036905,0.0356722,0.0344573,0.0332597,0.0320789,0.0309142,0.0297653,0.0286315,0.0275122,0.026407,0.0253154,0.0242367,0.0231705,0.0221162,0.0210734,0.0200415,0.01902,0.0180084,0.0170061,0.0160127,0.0150277,0.0140506,0.0130808,0.0121178,0.0111613,0.0102106,0.0092653,0.00832488,0.00738885,0.00645672,0.005528,0.0046022,0.00367884,0.00275743,0.00183748
1,0.904752,0.822463,0.75633,0.704355,0.663296,0.630257,0.603042,0.580082,0.560279,0.542859,0.527272,0.513121,0.500115,0.488037,0.476723,0.466045,0.455906,0.446228,0.436947,0.428016,0.419392,0.411043,0.40294,0.395062,0.387388,0.379903,0.372593,0.365446,0.358451,0.351601,0.344888,0.338305,0.331847,0.325507,0.319283,0.31317,0.307165,0.301264,0.295465,0.289764,0.28416,0.27865,0.273233,0.267907,0.262669,0.257518,0.252453,0.247473,0.242575,0.237759,0.233024,0.228367,0.223789,0.219287,0.214861,0.210509,0.206232,0.202026,0.197893,0.193829,0.189836,0.18591,0.182053,0.178261,0.174536,0.170875,0.167278,0.163744,0.160271,0.15686,0.153508,0.150216,0.146982,0.143806,0.140685,0.137621,0.134611,0.131655,0.128752,0.125901,0.123101,0.120352,0.117652,0.115001,0.112398,0.109842,0.107333,0.104868,0.102449,0.100073,0.0977403,0.0954498,0.0932009,0.0909926,0.0888244,0.0866953,0.0846047,0.0825518,0.0805359,0.0785562,0.076612,0.0747026,0.0728273,0.0709854,0.0691762,0.0673989,0.065653,0.0639376,0.0622523,0.0605962,0.0589687,0.0573692,0.055797,0.0542514,0.052732,0.0512379,0.0497686,0.0483234,0.0469018,0.045503,0.0441267,0.042772,0.0414385,0.0401255,0.0388324,0.0375587,0.0363038,0.0350671,0.0338481,0.0326462,0.0314608,0.0302913,0.0291373,0.0279981,0.0268732,0.0257622,0.0246643,0.0235792,0.0225063,0.021445,0.0203948,0.0193552,0.0183257,0.0173057,0.0162948,0.0152923,0.014298,0.0133111,0.0123312,0.0113577,0.0103903,0.00942833,0.00847135,0.00751884,0.0065703,0.00562524,0.00468316,0.00374355,0.00280593,0.00186979
1,0.923687,0.853944,0.793815,0.74343,0.701536,0.666536,0.636955,0.611586,0.589494,0.56997,0.552479,0.536617,0.522075,0.508618,0.496063,0.484266,0.473112,0.462511,0.45239,0.442689,0.433358,0.424357,0.415653,0.407217,0.399025,0.391057,0.383296,0.375727,0.368337,0.361114,0.354051,0.347137,0.340366,0.333731,0.327227,0.320848,0.314589,0.308447,0.302418,0.296498,0.290685,0.284976,0.279367,0.273857,0.268443,0.263124,0.257897,0.25276,0.247713,0.242752,0.237877,0.233087,0.228379,0.223752,0.219205,0.214738,0.210347,0.206033,0.201793,0.197628,0.193535,0.189514,0.185563,0.181682,0.177869,0.174123,0.170443,0.166829,0.163278,0.159791,0.156366,0.153002,0.149699,0.146454,0.143268,0.140139,0.137067,0.13405,0.131087,0.128178,0.125322,0.122517,0.119764,0.11706,0.114406,0.1118,0.109242,0.10673,0.104264,0.101842,0.0994651,0.0971313,0.0948399,0.0925903,0.0903814,0.0882128,0.0860834,0.0839926,0.0819395,0.0799235,0.0779438,0.0759997,0.0740903,0.0722151,0.0703732,0.068564,0.0667867,0.0650407,0.0633252,0.0616396,0.0599832,0.0583554,0.0567554,0.0551826,0.0536363,0.052116,0.0506209,0.0491504,0.0477039,0.0462809,0.0448805,0.0435023,0.0421456,0.0408098,0.0394944,0.0381987,0.0369221,0.0356641,0.0344241,0.0332015,0.0319957,0.0308061,0.0296323,0.0284736,0.0273295,0.0261995,0.0250829,0.0239792,0.022888,0.0218086,0.0207405,0.0196832,0.0186362,0.0175989,0.0165707,0.0155513,0.01454,0.0135364,0.0125399,0.01155,0.0105661,0.00958787,0.00861468,0.00764604,0.00668145,0.00572039,0.00476237,0.00380687,0.00285338,0.00190142
1,0.936052,0.875811,0.821556,0.774012,0.732884,0.697398,0.666656,0.639813,0.616142,0.59505,0.576059,0.558793,0.542953,0.528301,0.514648,0.501844,0.489767,0.478318,0.467416,0.456994,0.446997,0.437379,0.428102,0.419132,0.410442,0.402009,0.393812,0.385833,0.378058,0.370474,0.363068,0.355831,0.348754,0.34183,0.33505,0.32841,0.321902,0.315523,0.309268,0.303133,0.297113,0.291206,0.285408,0.279717,0.274129,0.268643,0.263256,0.257965,0.25277,0.247666,0.242654,0.237731,0.232895,0.228145,0.223479,0.218895,0.214394,0.209971,0.205628,0.201361,0.197171,0.193055,0.189012,0.185042,0.181142,0.177312,0.173551,0.169858,0.16623,0.162669,0.159171,0.155736,0.152364,0.149053,0.145801,0.142609,0.139475,0.136398,0.133377,0.13041,0.127499,0.12464,0.121833,0.119078,0.116374,0.113719,0.111112,0.108553,0.106041,0.103575,0.101155,0.0987782,0.0964452,0.0941548,0.0919062,0.0896986,0.0875312,0.0854031,0.0833137,0.0812621,0.0792475,0.0772692,0.0753265,0.0734186,0.0715447,0.0697041,0.0678961,0.06612,0.0643751,0.0626606,0.0609759,0.0593202,0.057693,0.0560935,0.0545211,0.052975,0.0514547,0.0499594,0.0484886,0.0470416,0.0456178,0.0442165,0.0428372,0.0414791,0.0401418,0.0388245,0.0375268,0.0362479,0.0349873,0.0337445,0.0325188,0.0313096,0.0301164,0.0289386,0.0277757,0.026627,0.0254921,0.0243703,0.0232612,0.0221641,0.0210785,0.0200039,0.0189398,0.0178855,0.0168406,0.0158045,0.0147767,0.0137567,0.012744,0.0117379,0.010738,0.00974384,0.00875481,0.0077704,0.00679011,0.00581342,0.00483981,0.00386877,0.00289978,0.00193233
1,0.944709,0.891694,0.842586,0.79818,0.758591,0.723517,0.69246,0.664868,0.640213,0.618029,0.597917,0.579547,0.562644,0.546985,0.532387,0.518699,0.505798,0.493581,0.481964,0.470877,0.460261,0.450064,0.440246,0.430771,0.421607,0.412728,0.404113,0.39574,0.387594,0.379659,0.371921,0.364371,0.356996,0.349788,0.34274,0.335844,0.329093,0.322481,0.316004,0.309657,0.303434,0.297333,0.291349,0.28548,0.279721,0.274071,0.268525,0.263083,0.257741,0.252497,0.247348,0.242294,0.237332,0.23246,0.227677,0.22298,0.218368,0.213839,0.209393,0.205027,0.20074,0.19653,0.192397,0.188339,0.184354,0.180441,0.1766,0.172828,0.169125,0.16549,0.161921,0.158417,0.154976,0.151599,0.148284,0.145029,0.141834,0.138698,0.135619,0.132597,0.12963,0.126718,0.12386,0.121054,0.1183,0.115597,0.112943,0.110338,0.107781,0.105272,0.102808,0.10039,0.0980158,0.0956855,0.0933978,0.0911521,0.0889473,0.0867828,0.0846577,0.0825712,0.0805224,0.0785108,0.0765353,0.0745953,0.0726901,0.0708188,0.0689807,0.0671752,0.0654014,0.0636586,0.0619462,0.0602634,0.0586095,0.0569839,0.0553857,0.0538145,0.0522695,0.0507501,0.0492555,0.0477851,0.0463383,0.0449145,0.043513,0.0421332,0.0407744,0.0394361,0.0381176,0.0368183,0.0355376,0.034275,0.0330298,0.0318015,0.0305893,0.0293929,0.0282116,0.0270448,0.0258919,0.0247524,0.0236258,0.0225114,0.0214087,0.0203172,0.0192363,0.0181655,0.0171042,0.0160518,0.0150079,0.0139719,0.0129433,0.0119215,0.0109059,0.0098962,0.00889168,0.00789187,0.00689625,0.00590429,0.00491545,0.00392923,0.0029451,0.00196253
1,0.951089,0.903671,0.858916,0.81753,0.779782,0.745621,0.714801,0.686987,0.661815,0.638937,0.618036,0.598835,0.581094,0.564612,0.549218,0.534769,0.521146,0.508247,0.495987,0.484294,0.473107,0.462375,0.452052,0.442101,0.43249,0.423189,0.414175,0.405426,0.396924,0.388651,0.380593,0.372739,0.365075,0.357593,0.350283,0.343138,0.336149,0.329311,0.322617,0.316062,0.309641,0.303349,0.297183,0.291138,0.285211,0.279399,0.273699,0.268107,0.262621,0.257238,0.251956,0.246773,0.241687,0.236695,0.231795,0.226986,0.222266,0.217633,0.213085,0.208621,0.204239,0.199937,0.195715,0.19157,0.187501,0.183507,0.179587,0.175739,0.171961,0.168253,0.164614,0.161041,0.157534,0.154092,0.150714,0.147398,0.144144,0.140949,0.137814,0.134736,0.131716,0.128752,0.125842,0.122987,0.120184,0.117433,0.114733,0.112083,0.109483,0.10693,0.104424,0.101965,0.099551,0.0971815,0.0948556,0.0925724,0.0903312,0.0881309,0.0859709,0.0838501,0.081768,0.0797236,0.0777161,0.0757448,0.0738089,0.0719076,0.0700401,0.0682057,0.0664037,0.0646333,0.0628937,0.0611843,0.0595044,0.0578532,0.0562301,0.0546342,0.0530651,0.0515219,0.0500041,0.0485109,0.0470417,0.0455959,0.0441727,0.0427716,0.0413919,0.040033,0.0386943,0.037375,0.0360748,0.0347928,0.0335286,0.0322815,0.0310509,0.0298363,0.028637,0.0274524,0.0262821,0.0251253,0.0239816,0.0228503,0.021731,0.020623,0.0195257,0.0184387,0.0173614,0.0162932,0.0152335,0.0141819,0.0131378,0.0121006,0.0110698,0.0100449,0.00902524,0.0080104,0.00699982,0.00599295,0.00498926,0.00398823,0.00298932,0.001992
1,0.955977,0.912984,0.871878,0.833244,0.797388,0.764383,0.734139,0.706465,0.681125,0.657871,0.636458,0.616664,0.598287,0.581152,0.565106,0.550018,0.535773,0.522277,0.509445,0.497208,0.485503,0.474279,0.46349,0.453097,0.443066,0.433368,0.423977,0.41487,0.406028,0.397432,0.389067,0.38092,0.372979,0.365231,0.357668,0.350281,0.343061,0.336002,0.329096,0.322339,0.315724,0.309246,0.302901,0.296685,0.290594,0.284623,0.27877,0.273032,0.267404,0.261886,0.256473,0.251163,0.245954,0.240845,0.235831,0.230912,0.226085,0.221349,0.216702,0.212141,0.207666,0.203273,0.198963,0.194733,0.190582,0.186508,0.18251,0.178586,0.174736,0.170957,0.167248,0.163608,0.160036,0.156531,0.15309,0.149714,0.146401,0.14315,0.139959,0.136827,0.133754,0.130739,0.127779,0.124875,0.122024,0.119227,0.116482,0.113788,0.111144,0.108549,0.106002,0.103503,0.10105,0.0986421,0.0962787,0.093959,0.091682,0.0894468,0.0872525,0.0850984,0.0829836,0.0809072,0.0788684,0.0768665,0.0749006,0.0729699,0.0710737,0.0692112,0.0673815,0.0655841,0.0638181,0.0620827,0.0603773,0.0587012,0.0570536,0.0554338,0.053841,0.0522748,0.0507342,0.0492188,0.0477277,0.0462603,0.044816,0.0433942,0.041994,0.0406151,0.0392565,0.0379179,0.0365985,0.0352977,0.0340149,0.0327496,0.0315009,0.0302685,0.0290517,0.0278499,0.0266624,0.0254888,0.0243284,0.0231807,0.0220451,0.020921,0.0198079,0.0187051,0.0176121,0.0165285,0.0154535,0.0143866,0.0133274,0.0122752,0.0112295,0.0101898,0.00915543,0.00812595,0.00710077,0.00607938,0.00506121,0.00404574,0.00303242,0.00202072
1,0.959835,0.920411,0.882367,0.84618,0.812145,0.780387,0.750906,0.723609,0.698352,0.674963,0.653263,0.633077,0.614241,0.596606,0.58004,0.564424,0.549656,0.535645,0.522313,0.509592,0.497422,0.485751,0.474535,0.463734,0.453314,0.443245,0.433499,0.424055,0.41489,0.405987,0.397329,0.388902,0.380693,0.37269,0.364883,0.357262,0.349818,0.342545,0.335434,0.32848,0.321676,0.315017,0.308498,0.302114,0.295862,0.289737,0.283735,0.277852,0.272087,0.266435,0.260893,0.255459,0.250131,0.244905,0.23978,0.234753,0.229822,0.224985,0.220239,0.215584,0.211017,0.206536,0.20214,0.197826,0.193594,0.189442,0.185367,0.18137,0.177447,0.173598,0.169822,0.166116,0.16248,0.158912,0.155411,0.151976,0.148606,0.145298,0.142053,0.138869,0.135744,0.132678,0.129669,0.126717,0.12382,0.120978,0.118188,0.115451,0.112765,0.110129,0.107542,0.105003,0.102512,0.100066,0.0976666,0.0953111,0.0929991,0.0907298,0.0885022,0.0863154,0.0841686,0.082061,0.0799917,0.0779598,0.0759646,0.0740053,0.072081,0.070191,0.0683345,0.0665106,0.0647188,0.0629581,0.0612279,0.0595274,0.0578559,0.0562127,0.054597,0.0530082,0.0514455,0.0499083,0.0483959,0.0469076,0.0454427,0.0440005,0.0425805,0.041182,0.0398042,0.0384467,0.0371086,0.0357895,0.0344886,0.0332054,0.0319392,0.0306895,0.0294556,0.0282369,0.0270329,0.0258428,0.0246662,0.0235025,0.022351,0.0212113,0.0200826,0.0189645,0.0178563,0.0167576,0.0156676,0.014586,0.013512,0.0124452,0.011385,0.0103309,0.0092822,0.00823845,0.00719908,0.00616353,0.00513127,0.00410174,0.00307439,0.00204869
1,0.962954,0.926457,0.890999,0.856967,0.824624,0.794116,0.765489,0.738715,0.713713,0.690369,0.668556,0.648142,0.628995,0.610994,0.594025,0.577986,0.562784,0.548337,0.534574,0.521428,0.508844,0.496773,0.485169,0.473995,0.463216,0.452802,0.442725,0.432964,0.423495,0.414302,0.405365,0.396672,0.388207,0.379959,0.371917,0.364071,0.356412,0.348931,0.341622,0.334477,0.327489,0.320654,0.313966,0.307419,0.30101,0.294734,0.288586,0.282564,0.276663,0.270881,0.265213,0.259658,0.254213,0.248874,0.243639,0.238506,0.233473,0.228536,0.223695,0.218947,0.21429,0.209722,0.205242,0.200846,0.196535,0.192305,0.188156,0.184086,0.180093,0.176176,0.172333,0.168563,0.164864,0.161235,0.157675,0.154182,0.150756,0.147394,0.144095,0.140859,0.137684,0.134569,0.131512,0.128513,0.125571,0.122684,0.119851,0.117072,0.114344,0.111668,0.109042,0.106465,0.103936,0.101454,0.0990183,0.096628,0.0942819,0.0919792,0.089719,0.0875004,0.0853225,0.0831844,0.0810852,0.0790242,0.0770005,0.0750132,0.0730616,0.0711448,0.069262,0.0674125,0.0655954,0.0638101,0.0620557,0.0603315,0.0586367,0.0569707,0.0553326,0.0537219,0.0521376,0.0505793,0.0490461,0.0475373,0.0460524,0.0445906,0.0431512,0.0417336,0.0403371,0.0389611,0.0376049,0.0362679,0.0349494,0.0336489,0.0323656,0.031099,0.0298485,0.0286134,0.0273932,0.0261872,0.0249948,0.0238155,0.0226486,0.0214936,0.0203498,0.0192168,0.0180938,0.0169804,0.0158759,0.0147799,0.0136916,0.0126106,0.0115363,0.0104681,0.0094055,0.00834787,0.00729468,0.00624538,0.00519941,0.0041562,0.00311521,0.00207589
1,0.965523,0.931465,0.898207,0.866065,0.835268,0.805963,0.778222,0.752052,0.727416,0.704246,0.682454,0.661941,0.642606,0.624352,0.607084,0.590713,0.57516,0.56035,0.546219,0.532706,0.519759,0.50733,0.495378,0.483865,0.472757,0.462025,0.451642,0.441584,0.431831,0.422364,0.413164,0.404217,0.395509,0.387028,0.378761,0.370699,0.362833,0.355153,0.347651,0.340322,0.333157,0.326151,0.319299,0.312594,0.306032,0.299609,0.29332,0.287161,0.281128,0.275219,0.269429,0.263755,0.258195,0.252746,0.247404,0.242168,0.237034,0.232001,0.227066,0.222228,0.217483,0.21283,0.208266,0.203791,0.199402,0.195097,0.190875,0.186734,0.182673,0.178688,0.174781,0.170947,0.167187,0.163499,0.159881,0.156332,0.15285,0.149434,0.146084,0.142797,0.139573,0.13641,0.133306,0.130262,0.127275,0.124344,0.121469,0.118649,0.115881,0.113166,0.110501,0.107887,0.105321,0.102804,0.100333,0.0979089,0.0955297,0.0931945,0.0909025,0.0886529,0.0864446,0.0842768,0.0821487,0.0800592,0.0780077,0.0759932,0.074015,0.0720721,0.0701638,0.0682892,0.0664477,0.0646383,0.0628604,0.0611131,0.0593957,0.0577075,0.0560476,0.0544155,0.0528103,0.0512313,0.0496779,0.0481493,0.0466449,0.0451639,0.0437057,0.0422695,0.0408548,0.0394609,0.0380871,0.0367327,0.0353971,0.0340797,0.0327799,0.0314969,0.0302302,0.0289792,0.0277433,0.0265217,0.025314,0.0241195,0.0229377,0.0217678,0.0206094,0.0194619,0.0183245,0.0171969,0.0160783,0.0149682,0.0138661,0.0127713,0.0116833,0.0106014,0.00952528,0.00845417,0.00738756,0.00632489,0.0052656,0.00420911,0.00315487,0.00210231
1,0.967672,0.935672,0.904301,0.873818,0.844421,0.81625,0.789384,0.763855,0.739656,0.716747,0.695073,0.674563,0.65514,0.636727,0.619247,0.602626,0.586795,0.571689,0.557249,0.543422,0.530159,0.517415,0.505152,0.493333,0.481926,0.470903,0.460237,0.449906,0.439887,0.430163,0.420715,0.411529,0.402591,0.393887,0.385406,0.377138,0.369073,0.361201,0.353516,0.346009,0.338673,0.331502,0.32449,0.317632,0.310923,0.304357,0.29793,0.291639,0.285478,0.279445,0.273535,0.267747,0.262075,0.256518,0.251072,0.245735,0.240504,0.235376,0.23035,0.225423,0.220592,0.215856,0.211212,0.206659,0.202194,0.197816,0.193522,0.189312,0.185183,0.181134,0.177162,0.173268,0.169448,0.165701,0.162026,0.158422,0.154887,0.151419,0.148018,0.144682,0.141409,0.138199,0.13505,0.131961,0.128931,0.125959,0.123042,0.120181,0.117375,0.114621,0.111919,0.109268,0.106667,0.104115,0.101611,0.0991534,0.0967417,0.0943749,0.0920521,0.0897722,0.0875344,0.0853378,0.0831813,0.0810643,0.0789857,0.0769448,0.0749406,0.0729724,0.0710392,0.0691404,0.067275,0.0654423,0.0636415,0.0618718,0.0601324,0.0584226,0.0567416,0.0550888,0.0534632,0.0518643,0.0502912,0.0487433,0.0472199,0.0457203,0.0442438,0.0427897,0.0413573,0.0399459,0.038555,0.0371837,0.0358315,0.0344978,0.0331818,0.031883,0.0306006,0.0293342,0.0280829,0.0268463,0.0256238,0.0244146,0.0232182,0.022034,0.0208613,0.0196997,0.0185484,0.0174069,0.0162746,0.015151,0.0140353,0.0129271,0.0118258,0.0107308,0.00964147,0.00855729,0.00747767,0.00640203,0.00532981,0.00426044,0.00319334,0.00212794
1,0.969494,0.939249,0.909509,0.880485,0.85235,0.825231,0.79921,0.774331,0.750605,0.728017,0.706531,0.686099,0.666667,0.648172,0.630554,0.613752,0.597707,0.582364,0.56767,0.553578,0.540042,0.527024,0.514486,0.502393,0.490717,0.479428,0.468503,0.457918,0.447653,0.43769,0.42801,0.418599,0.409443,0.400529,0.391845,0.38338,0.375125,0.367071,0.359208,0.351531,0.34403,0.336701,0.329536,0.32253,0.315677,0.308973,0.302413,0.295993,0.289708,0.283555,0.27753,0.271628,0.265848,0.260186,0.254639,0.249204,0.243878,0.238658,0.233543,0.228529,0.223615,0.218798,0.214076,0.209446,0.204908,0.200458,0.196095,0.191817,0.187623,0.18351,0.179477,0.175522,0.171644,0.16784,0.16411,0.160453,0.156865,0.153347,0.149896,0.146512,0.143193,0.139937,0.136744,0.133612,0.130539,0.127525,0.124569,0.121669,0.118824,0.116033,0.113295,0.110609,0.107973,0.105387,0.10285,0.100361,0.0979174,0.0955199,0.0931671,0.0908579,0.0885914,0.0863667,0.0841828,0.0820389,0.0799341,0.0778675,0.0758382,0.0738453,0.0718881,0.0699656,0.0680771,0.0662218,0.0643988,0.0626073,0.0608466,0.0591158,0.0574144,0.0557413,0.054096,0.0524777,0.0508856,0.049319,0.0477773,0.0462596,0.0447653,0.0432938,0.0418442,0.040416,0.0390084,0.0376208,0.0362525,0.0349029,0.0335713,0.0322571,0.0309595,0.0296781,0.0284121,0.0271609,0.0259239,0.0247004,0.0234899,0.0222918,0.0211054,0.01993,0.0187653,0.0176104,0.0164648,0.015328,0.0141993,0.0130781,0.011964,0.0108561,0.00975406,0.0086572,0.00756497,0.00647676,0.00539202,0.00431016,0.00323061,0.00215278
1,0.971056,0.942322,0.914,0.886265,0.859265,0.833115,0.807895,0.783656,0.760419,0.738185,0.716936,0.69664,0.677257,0.658743,0.641048,0.624124,0.607921,0.592393,0.577493,0.56318,0.549413,0.536157,0.523377,0.511042,0.499124,0.487595,0.476434,0.465616,0.455124,0.444938,0.435042,0.42542,0.41606,0.406947,0.39807,0.389419,0.380984,0.372754,0.364723,0.356882,0.349224,0.341741,0.334429,0.32728,0.32029,0.313453,0.306764,0.30022,0.293815,0.287545,0.281407,0.275397,0.269512,0.263748,0.258102,0.252572,0.247153,0.241845,0.236643,0.231545,0.22655,0.221654,0.216855,0.212152,0.207541,0.203022,0.198591,0.194248,0.18999,0.185815,0.181722,0.177709,0.173774,0.169915,0.166132,0.162422,0.158784,0.155216,0.151718,0.148287,0.144922,0.141622,0.138385,0.135211,0.132098,0.129044,0.126049,0.123111,0.120229,0.117402,0.114628,0.111908,0.109239,0.10662,0.104051,0.10153,0.0990562,0.0966289,0.0942469,0.0919093,0.0896149,0.087363,0.0851526,0.0829827,0.0808524,0.0787609,0.0767072,0.0746905,0.0727098,0.0707645,0.0688536,0.0669763,0.0651317,0.0633192,0.0615378,0.0597868,0.0580654,0.0563729,0.0547085,0.0530714,0.0514608,0.0498761,0.0483166,0.0467815,0.04527,0.0437816,0.0423154,0.0408708,0.0394472,0.0380438,0.0366599,0.0352949,0.0339482,0.032619,0.0313068,0.0300108,0.0287305,0.0274652,0.0262142,0.024977,0.0237529,0.0225412,0.0213414,0.0201529,0.0189751,0.0178073,0.0166488,0.0154993,0.0143579,0.0132242,0.0120976,0.0109773,0.00986297,0.00875386,0.00764941,0.00654906,0.00545221,0.00435827,0.00326666,0.00217681
1,0.972406,0.944985,0.917904,0.89131,0.86533,0.840069,0.815601,0.791979,0.769233,0.747371,0.726389,0.706268,0.686982,0.668497,0.650775,0.633778,0.617464,0.601796,0.586733,0.572238,0.558278,0.544818,0.531828,0.519279,0.507145,0.495401,0.484024,0.472995,0.462293,0.451902,0.441804,0.431986,0.422434,0.413134,0.404076,0.395248,0.386642,0.378246,0.370054,0.362057,0.354248,0.346619,0.339165,0.33188,0.324757,0.317792,0.310979,0.304314,0.297793,0.291411,0.285165,0.27905,0.273063,0.2672,0.261459,0.255836,0.250328,0.244933,0.239647,0.234468,0.229394,0.224421,0.219549,0.214773,0.210093,0.205506,0.20101,0.196603,0.192283,0.188048,0.183897,0.179827,0.175837,0.171925,0.168089,0.164328,0.160641,0.157026,0.15348,0.150004,0.146595,0.143252,0.139974,0.136759,0.133606,0.130513,0.12748,0.124505,0.121587,0.118725,0.115918,0.113164,0.110462,0.107812,0.105212,0.102661,0.100157,0.0977013,0.0952911,0.0929258,0.0906046,0.0883263,0.0860901,0.083895,0.0817401,0.0796245,0.0775472,0.0755074,0.0735042,0.0715367,0.0696041,0.0677055,0.0658402,0.0640072,0.0622058,0.0604352,0.0586946,0.0569832,0.0553003,0.053645,0.0520166,0.0504144,0.0488377,0.0472857,0.0457576,0.0442528,0.0427706,0.0413103,0.0398711,0.0384523,0.0370534,0.0356736,0.0343123,0.0329687,0.0316423,0.0303323,0.0290381,0.0277591,0.0264947,0.0252441,0.0240068,0.0227822,0.0215695,0.0203682,0.0191778,0.0179974,0.0168266,0.0156647,0.0145112,0.0133653,0.0122266,0.0110944,0.00996817,0.00884721,0.00773099,0.00661889,0.00551034,0.00440473,0.00330149,0.00220001
1,0.973583,0.94731,0.921321,0.89574,0.87068,0.84623,0.822463,0.799429,0.777163,0.75568,0.734983,0.715065,0.695908,0.677489,0.65978,0.64275,0.626366,0.610596,0.595407,0.580767,0.566646,0.553013,0.539841,0.527105,0.51478,0.502843,0.491273,0.48005,0.469157,0.458577,0.448293,0.438292,0.428561,0.419086,0.409857,0.400863,0.392095,0.383542,0.375197,0.367051,0.359098,0.35133,0.34374,0.336324,0.329074,0.321985,0.315054,0.308273,0.30164,0.29515,0.288799,0.282582,0.276497,0.270539,0.264706,0.258993,0.253399,0.24792,0.242553,0.237295,0.232144,0.227098,0.222154,0.217309,0.212561,0.207908,0.203349,0.19888,0.1945,0.190207,0.185999,0.181874,0.177831,0.173867,0.169981,0.166171,0.162436,0.158774,0.155184,0.151664,0.148212,0.144827,0.141508,0.138254,0.135062,0.131932,0.128863,0.125852,0.1229,0.120004,0.117163,0.114377,0.111644,0.108963,0.106333,0.103752,0.101221,0.0987365,0.096299,0.0939071,0.0915598,0.0892561,0.086995,0.0847755,0.0825968,0.0804579,0.0783578,0.0762956,0.0742706,0.0722817,0.0703282,0.0684091,0.0665237,0.064671,0.0628503,0.0610608,0.0593016,0.057572,0.0558712,0.0541984,0.0525528,0.0509337,0.0493404,0.047772,0.0462279,0.0447074,0.0432097,0.0417341,0.0402799,0.0388464,0.037433,0.0360389,0.0346634,0.0333059,0.0319658,0.0306423,0.0293348,0.0280426,0.0267652,0.0255018,0.0242518,0.0230145,0.0217894,0.0205759,0.0193732,0.0181808,0.016998,0.0158243,0.0146589,0.0135014,0.0123511,0.0112074,0.0100696,0.00893724,0.00780964,0.00668623,0.00556639,0.00444954,0.00333507,0.00222239
1,0.974615,0.949353,0.924329,0.899652,0.875419,0.85171,0.828592,0.806114,0.78431,0.763203,0.742801,0.723103,0.704099,0.685775,0.668109,0.651079,0.634658,0.618819,0.603536,0.588782,0.574528,0.560751,0.547424,0.534525,0.522032,0.509923,0.498179,0.486781,0.475714,0.46496,0.454505,0.444334,0.434436,0.424799,0.41541,0.406259,0.397338,0.388637,0.380147,0.37186,0.36377,0.355869,0.34815,0.340608,0.333236,0.32603,0.318984,0.312093,0.305353,0.298758,0.292306,0.285992,0.279812,0.273762,0.26784,0.262041,0.256364,0.250803,0.245358,0.240024,0.2348,0.229682,0.224668,0.219756,0.214943,0.210227,0.205606,0.201077,0.19664,0.19229,0.188028,0.18385,0.179755,0.17574,0.171806,0.167949,0.164168,0.160461,0.156827,0.153264,0.149771,0.146346,0.142988,0.139695,0.136467,0.1333,0.130196,0.127151,0.124165,0.121236,0.118364,0.115546,0.112783,0.110072,0.107413,0.104804,0.102245,0.0997339,0.0972701,0.0948525,0.0924801,0.0901518,0.0878667,0.0856237,0.083422,0.0812606,0.0791385,0.0770549,0.0750088,0.0729993,0.0710256,0.0690867,0.0671819,0.0653102,0.063471,0.0616632,0.0598861,0.058139,0.0564209,0.0547312,0.0530691,0.0514337,0.0498244,0.0482403,0.0466808,0.045145,0.0436324,0.0421421,0.0406735,0.0392258,0.0377984,0.0363905,0.0350014,0.0336306,0.0322772,0.0309407,0.0296204,0.0283155,0.0270255,0.0257498,0.0244875,0.0232382,0.0220012,0.0207757,0.0195613,0.0183573,0.017163,0.0159778,0.0148012,0.0136324,0.0124709,0.011316,0.0101672,0.00902388,0.00788535,0.00675104,0.00562035,0.00449266,0.00336739,0.00224392
1,0.975526,0.951156,0.92699,0.903122,0.879634,0.856601,0.834082,0.812125,0.790764,0.770024,0.749917,0.730448,0.711613,0.693404,0.675805,0.658801,0.64237,0.626491,0.611141,0.596298,0.581939,0.568042,0.554583,0.541544,0.528903,0.516642,0.504743,0.493188,0.481962,0.47105,0.460437,0.45011,0.440058,0.430268,0.42073,0.411433,0.402368,0.393527,0.3849,0.37648,0.36826,0.360232,0.352391,0.344729,0.337242,0.329923,0.322767,0.31577,0.308927,0.302233,0.295683,0.289275,0.283004,0.276867,0.270859,0.264977,0.259219,0.253581,0.24806,0.242653,0.237358,0.232171,0.22709,0.222113,0.217237,0.21246,0.20778,0.203194,0.1987,0.194296,0.189981,0.185752,0.181607,0.177544,0.173563,0.16966,0.165834,0.162084,0.158408,0.154805,0.151272,0.147808,0.144412,0.141082,0.137818,0.134617,0.131478,0.1284,0.125381,0.122421,0.119518,0.116671,0.113878,0.111139,0.108452,0.105816,0.10323,0.100693,0.0982039,0.0957616,0.0933649,0.091013,0.0887047,0.0864392,0.0842154,0.0820323,0.0798891,0.0777848,0.0757184,0.0736891,0.0716959,0.069738,0.0678145,0.0659247,0.0640674,0.0622421,0.0604479,0.0586838,0.0569492,0.0552433,0.0535652,0.0519141,0.0502894,0.0486903,0.0471159,0.0455656,0.0440386,0.0425342,0.0410517,0.0395904,0.0381494,0.0367283,0.0353262,0.0339425,0.0325765,0.0312274,0.0298947,0.0285777,0.0272757,0.025988,0.024714,0.0234531,0.0222045,0.0209677,0.019742,0.0185268,0.0173215,0.0161253,0.0149378,0.0137582,0.012586,0.0114205,0.010261,0.00910712,0.00795808,0.0068133,0.00567217,0.00453409,0.00339844,0.00226461
1,0.976334,0.952756,0.929355,0.90621,0.883397,0.860979,0.839012,0.817541,0.796599,0.776213,0.756398,0.737161,0.718505,0.700425,0.682911,0.665952,0.649533,0.633636,0.618243,0.603335,0.588893,0.574897,0.561329,0.548169,0.5354,0.523005,0.510968,0.499272,0.487902,0.476846,0.466088,0.455618,0.445423,0.435492,0.425815,0.416381,0.407182,0.398209,0.389453,0.380907,0.372564,0.364417,0.356459,0.348684,0.341086,0.333659,0.3264,0.319301,0.31236,0.30557,0.298928,0.29243,0.286072,0.27985,0.27376,0.267799,0.261964,0.256251,0.250657,0.24518,0.239816,0.234563,0.229418,0.224378,0.219442,0.214606,0.209869,0.205227,0.20068,0.196224,0.191858,0.187579,0.183386,0.179277,0.17525,0.171304,0.167435,0.163644,0.159927,0.156284,0.152713,0.149212,0.145779,0.142414,0.139115,0.135881,0.132709,0.129599,0.12655,0.123559,0.120626,0.11775,0.114929,0.112163,0.109449,0.106787,0.104175,0.101613,0.0990999,0.0966337,0.0942139,0.0918392,0.0895088,0.0872215,0.0849765,0.0827726,0.0806091,0.0784849,0.076399,0.0743506,0.0723388,0.0703627,0.0684213,0.0665139,0.0646395,0.0627973,0.0609866,0.0592063,0.0574559,0.0557343,0.0540409,0.0523748,0.0507354,0.0491217,0.0475331,0.0459688,0.0444281,0.0429101,0.0414143,0.0399399,0.0384861,0.0370522,0.0356376,0.0342415,0.0328633,0.0315023,0.0301578,0.0288291,0.0275155,0.0262164,0.0249312,0.0236591,0.0223995,0.0211518,0.0199153,0.0186894,0.0174734,0.0162668,0.0150688,0.0138788,0.0126963,0.0115205,0.010351,0.00918691,0.0080278,0.00687298,0.00572186,0.0045738,0.00342821,0.00228445
1,0.977052,0.954181,0.931463,0.908969,0.886764,0.864907,0.843448,0.822428,0.801881,0.781833,0.762302,0.743297,0.724823,0.706881,0.689465,0.672568,0.656177,0.64028,0.624863,0.60991,0.595404,0.581329,0.567669,0.554407,0.541528,0.529016,0.516856,0.505033,0.493535,0.482348,0.471459,0.460857,0.45053,0.440469,0.430662,0.421101,0.411776,0.40268,0.393803,0.385139,0.37668,0.36842,0.360351,0.352468,0.344766,0.337238,0.329879,0.322684,0.315648,0.308768,0.302038,0.295454,0.289012,0.282709,0.276541,0.270504,0.264595,0.25881,0.253147,0.247602,0.242173,0.236856,0.231649,0.22655,0.221555,0.216663,0.211871,0.207176,0.202577,0.198071,0.193656,0.189331,0.185092,0.180938,0.176868,0.172879,0.168969,0.165138,0.161382,0.157701,0.154093,0.150556,0.147089,0.14369,0.140358,0.137091,0.133888,0.130748,0.127668,0.124649,0.121688,0.118784,0.115936,0.113143,0.110403,0.107716,0.10508,0.102494,0.0999576,0.0974687,0.0950265,0.0926301,0.0902783,0.0879703,0.0857048,0.0834812,0.0812981,0.0791549,0.0770504,0.0749838,0.0729541,0.0709604,0.0690019,0.0670777,0.0651869,0.0633286,0.061502,0.0597063,0.0579406,0.0562041,0.054496,0.0528156,0.051162,0.0495345,0.0479322,0.0463546,0.0448006,0.0432698,0.0417612,0.0402742,0.038808,0.037362,0.0359354,0.0345276,0.0331377,0.0317652,0.0304094,0.0290695,0.0277449,0.0264349,0.0251389,0.0238561,0.022586,0.0213278,0.020081,0.0188449,0.0176187,0.016402,0.015194,0.0139942,0.0128018,0.0116163,0.0104369,0.00926323,0.00809447,0.00693007,0.00576937,0.00461179,0.00345667,0.00230342
1,0.977693,0.955454,0.933348,0.91144,0.889785,0.868438,0.847445,0.826844,0.806667,0.78694,0.767681,0.748903,0.730613,0.712814,0.695505,0.678679,0.662331,0.646449,0.631023,0.616041,0.601488,0.587351,0.573616,0.560268,0.547294,0.53468,0.522411,0.510477,0.498862,0.487557,0.476548,0.465826,0.455378,0.445196,0.43527,0.425591,0.416149,0.406937,0.397948,0.389172,0.380605,0.372238,0.364065,0.356081,0.348279,0.340654,0.333201,0.325915,0.318791,0.311824,0.305009,0.298344,0.291823,0.285443,0.279199,0.27309,0.26711,0.261257,0.255527,0.249918,0.244426,0.239048,0.233783,0.228626,0.223576,0.21863,0.213785,0.20904,0.204391,0.199837,0.195376,0.191005,0.186722,0.182525,0.178413,0.174384,0.170435,0.166565,0.162773,0.159055,0.155412,0.151841,0.14834,0.144909,0.141545,0.138247,0.135014,0.131845,0.128737,0.125689,0.122701,0.119771,0.116897,0.114079,0.111315,0.108604,0.105944,0.103336,0.100777,0.0982658,0.0958023,0.0933851,0.091013,0.088685,0.0864002,0.0841575,0.0819559,0.0797944,0.0776721,0.075588,0.0735413,0.0715309,0.0695561,0.0676158,0.0657093,0.0638356,0.0619939,0.0601833,0.0584031,0.0566524,0.0549304,0.0532362,0.0515691,0.0499283,0.0483131,0.0467226,0.0451561,0.0436129,0.0420922,0.0405932,0.0391153,0.0376576,0.0362196,0.0348005,0.0333996,0.0320161,0.0306494,0.0292989,0.0279637,0.0266433,0.025337,0.0240441,0.0227639,0.0214958,0.0202391,0.0189932,0.0177574,0.0165311,0.0153136,0.0141042,0.0129025,0.0117076,0.010519,0.00933603,0.00815809,0.00698452,0.00581471,0.00464802,0.00348383,0.00232151
1,0.978267,0.956593,0.935038,0.913656,0.8925,0.871618,0.851051,0.830836,0.811004,0.791579,0.772581,0.754023,0.735915,0.718261,0.701062,0.684317,0.66802,0.652166,0.636744,0.621746,0.60716,0.592975,0.579179,0.56576,0.552705,0.540002,0.527639,0.515604,0.503887,0.492475,0.481357,0.470525,0.459967,0.449675,0.439638,0.429849,0.420299,0.41098,0.401885,0.393005,0.384336,0.375869,0.367598,0.359519,0.351623,0.343908,0.336366,0.328993,0.321784,0.314735,0.307841,0.301098,0.294501,0.288048,0.281733,0.275555,0.269508,0.263589,0.257796,0.252125,0.246574,0.241139,0.235817,0.230606,0.225502,0.220505,0.21561,0.210816,0.20612,0.201521,0.197015,0.1926,0.188275,0.184038,0.179886,0.175818,0.171832,0.167926,0.164097,0.160346,0.156669,0.153065,0.149532,0.14607,0.142676,0.139349,0.136087,0.132889,0.129754,0.12668,0.123666,0.120711,0.117813,0.11497,0.112183,0.109449,0.106767,0.104137,0.101556,0.0990247,0.0965409,0.0941039,0.0917124,0.0893655,0.0870621,0.0848013,0.082582,0.0804032,0.0782639,0.0761632,0.0741002,0.072074,0.0700835,0.068128,0.0662064,0.0643181,0.062462,0.0606374,0.0588433,0.057079,0.0553437,0.0536364,0.0519565,0.0503031,0.0486755,0.0470729,0.0454944,0.0439394,0.0424071,0.0408967,0.0394076,0.0379389,0.03649,0.0350602,0.0336486,0.0322548,0.0308778,0.0295171,0.0281719,0.0268416,0.0255255,0.0242229,0.0229332,0.0216556,0.0203895,0.0191343,0.0178893,0.0166538,0.0154272,0.0142089,0.0129982,0.0117945,0.010597,0.00940529,0.0082186,0.00703632,0.00585783,0.00468249,0.00350966,0.00233873
1,0.978781,0.957615,0.936553,0.915647,0.894943,0.874483,0.854307,0.834448,0.814936,0.795795,0.777043,0.758696,0.740765,0.723255,0.706169,0.689509,0.673272,0.657452,0.642045,0.627043,0.612436,0.598215,0.58437,0.570892,0.557768,0.544989,0.532543,0.520421,0.508611,0.497103,0.485888,0.474956,0.464297,0.453903,0.443765,0.433875,0.424225,0.414806,0.405612,0.396636,0.387871,0.379311,0.370949,0.362779,0.354796,0.346995,0.339369,0.331914,0.324626,0.317499,0.31053,0.303713,0.297046,0.290523,0.284141,0.277896,0.271786,0.265806,0.259952,0.254223,0.248615,0.243125,0.237749,0.232486,0.227333,0.222286,0.217344,0.212504,0.207763,0.20312,0.198572,0.194116,0.189751,0.185475,0.181286,0.177181,0.173159,0.169218,0.165356,0.161571,0.157862,0.154227,0.150665,0.147173,0.14375,0.140395,0.137106,0.133882,0.130721,0.127621,0.124583,0.121603,0.118682,0.115817,0.113007,0.110251,0.107548,0.104897,0.102296,0.0997451,0.097242,0.0947861,0.0923762,0.0900113,0.0876904,0.0854123,0.0831761,0.0809808,0.0788255,0.076709,0.0746306,0.0725892,0.0705839,0.0686139,0.0666782,0.0647759,0.0629062,0.0610681,0.0592609,0.0574838,0.0557358,0.0540161,0.052324,0.0506587,0.0490193,0.0474051,0.0458153,0.0442491,0.0427058,0.0411846,0.0396848,0.0382057,0.0367465,0.0353065,0.0338849,0.0324811,0.0310944,0.0297241,0.0283694,0.0270297,0.0257043,0.0243925,0.0230937,0.0218071,0.0205322,0.0192681,0.0180144,0.0167702,0.0155351,0.0143082,0.013089,0.0118769,0.0106711,0.00947098,0.00827599,0.00708545,0.00589873,0.00471518,0.00353416,0.00235505
1,0.979242,0.958532,0.937915,0.917438,0.897141,0.877066,0.857246,0.837715,0.818499,0.799622,0.781103,0.762957,0.745195,0.727826,0.710855,0.694282,0.678108,0.662331,0.646946,0.631947,0.617329,0.603083,0.5892,0.575673,0.562492,0.549647,0.53713,0.52493,0.513038,0.501445,0.490141,0.479119,0.468369,0.457882,0.447651,0.437668,0.427925,0.418414,0.40913,0.400064,0.39121,0.382562,0.374115,0.365861,0.357796,0.349914,0.342209,0.334678,0.327315,0.320115,0.313075,0.306189,0.299454,0.292866,0.28642,0.280114,0.273943,0.267904,0.261994,0.25621,0.250548,0.245005,0.23958,0.234267,0.229066,0.223973,0.218986,0.214102,0.209319,0.204634,0.200046,0.195551,0.191149,0.186836,0.182611,0.178471,0.174415,0.170441,0.166547,0.162731,0.158992,0.155328,0.151736,0.148216,0.144766,0.141385,0.13807,0.13482,0.131635,0.128512,0.12545,0.122448,0.119504,0.116617,0.113786,0.11101,0.108287,0.105616,0.102996,0.100426,0.0979051,0.0954313,0.093004,0.0906221,0.0882844,0.0859901,0.083738,0.0815271,0.0793565,0.0772251,0.0751321,0.0730764,0.0710571,0.0690734,0.0671242,0.0652087,0.0633261,0.0614754,0.0596558,0.0578664,0.0561065,0.0543751,0.0526715,0.0509948,0.0493443,0.0477192,0.0461186,0.0445419,0.0429882,0.0414568,0.0399469,0.0384579,0.0369889,0.0355393,0.0341083,0.0326951,0.0312992,0.0299197,0.0285561,0.0272075,0.0258733,0.0245529,0.0232454,0.0219504,0.020667,0.0193946,0.0181326,0.0168803,0.015637,0.0144021,0.0131749,0.0119547,0.010741,0.00953307,0.00833024,0.0071319,0.00593739,0.00474608,0.00355732,0.00237048
1,0.979656,0.959355,0.939138,0.919047,0.89912,0.879393,0.859899,0.840668,0.821725,0.803093,0.784792,0.766835,0.749237,0.732004,0.715144,0.698659,0.682552,0.666821,0.651464,0.636476,0.621854,0.607591,0.59368,0.580114,0.566884,0.553984,0.541404,0.529136,0.517172,0.505502,0.49412,0.483016,0.472183,0.461612,0.451296,0.441228,0.431399,0.421804,0.412435,0.403286,0.39435,0.385621,0.377094,0.368762,0.36062,0.352663,0.344885,0.337282,0.329849,0.322581,0.315474,0.308523,0.301724,0.295074,0.288569,0.282204,0.275977,0.269883,0.26392,0.258083,0.252371,0.246779,0.241306,0.235947,0.230701,0.225564,0.220534,0.215609,0.210786,0.206062,0.201436,0.196905,0.192467,0.188119,0.18386,0.179687,0.175599,0.171594,0.16767,0.163825,0.160057,0.156365,0.152746,0.1492,0.145724,0.142318,0.138978,0.135705,0.132497,0.129351,0.126267,0.123243,0.120279,0.117372,0.114521,0.111725,0.108983,0.106294,0.103656,0.101068,0.0985299,0.0960392,0.0935955,0.0911975,0.0888442,0.0865344,0.0842673,0.0820417,0.0798567,0.0777113,0.0756045,0.0735353,0.0715029,0.0695061,0.0675443,0.0656164,0.0637216,0.061859,0.0600277,0.0582268,0.0564556,0.0547132,0.0529987,0.0513114,0.0496504,0.048015,0.0464043,0.0448176,0.0432541,0.0417131,0.0401938,0.0386954,0.0372172,0.0357585,0.0343186,0.0328966,0.031492,0.030104,0.0287319,0.0273749,0.0260325,0.0247038,0.0233883,0.0220853,0.020794,0.0195137,0.018244,0.0169839,0.015733,0.0144904,0.0132557,0.0120281,0.0108069,0.00959152,0.00838132,0.00717562,0.00597379,0.00477517,0.00357913,0.00238501
1,0.980027,0.960094,0.940237,0.920494,0.900901,0.881489,0.862291,0.843334,0.824642,0.806237,0.788137,0.770359,0.752914,0.735812,0.71906,0.702662,0.686622,0.67094,0.655615,0.640644,0.626025,0.611751,0.597819,0.584222,0.570953,0.558005,0.545371,0.533044,0.521016,0.509279,0.497826,0.486649,0.475741,0.465093,0.4547,0.444554,0.434648,0.424975,0.415528,0.406302,0.39729,0.388487,0.379885,0.371481,0.363268,0.355241,0.347394,0.339724,0.332226,0.324894,0.317724,0.310713,0.303855,0.297148,0.290586,0.284167,0.277886,0.271741,0.265727,0.259842,0.254082,0.248445,0.242926,0.237524,0.232236,0.227058,0.221988,0.217024,0.212164,0.207403,0.202741,0.198176,0.193704,0.189323,0.185032,0.180829,0.176711,0.172677,0.168724,0.164852,0.161057,0.157338,0.153694,0.150123,0.146623,0.143193,0.139831,0.136536,0.133305,0.130138,0.127034,0.12399,0.121006,0.118079,0.11521,0.112396,0.109636,0.10693,0.104275,0.101671,0.0991159,0.0966096,0.0941503,0.0917372,0.0893691,0.087045,0.0847638,0.0825244,0.0803259,0.0781673,0.0760475,0.0739657,0.0719209,0.069912,0.0679383,0.0659988,0.0640925,0.0622187,0.0603764,0.0585648,0.056783,0.0550302,0.0533055,0.0516082,0.0499374,0.0482923,0.0466722,0.0450762,0.0435035,0.0419535,0.0404252,0.0389181,0.0374313,0.0359641,0.0345158,0.0330856,0.0316728,0.0302767,0.0288967,0.0275319,0.0261817,0.0248454,0.0235223,0.0222117,0.020913,0.0196254,0.0183483,0.0170811,0.0158229,0.0145733,0.0133315,0.0120968,0.0108686,0.00964633,0.0084292,0.00721661,0.00600791,0.00480245,0.00359957,0.00239864
1,0.98036,0.960756,0.941222,0.921792,0.902499,0.883374,0.864444,0.845736,0.827273,0.809077,0.791164,0.773552,0.756251,0.739273,0.722624,0.706312,0.690338,0.674706,0.659416,0.644465,0.629853,0.615575,0.601628,0.588007,0.574705,0.561717,0.549038,0.536659,0.524575,0.512778,0.501262,0.490019,0.479044,0.468327,0.457864,0.447647,0.43767,0.427926,0.418408,0.409112,0.40003,0.391157,0.382488,0.374016,0.365737,0.357646,0.349736,0.342004,0.334445,0.327053,0.319826,0.312758,0.305846,0.299084,0.29247,0.286,0.27967,0.273477,0.267416,0.261485,0.255681,0.250001,0.24444,0.238998,0.23367,0.228454,0.223347,0.218347,0.21345,0.208656,0.203961,0.199363,0.194859,0.190448,0.186128,0.181896,0.17775,0.173688,0.169709,0.16581,0.161991,0.158248,0.15458,0.150985,0.147463,0.144011,0.140627,0.137311,0.13406,0.130874,0.12775,0.124687,0.121684,0.11874,0.115853,0.113022,0.110246,0.107523,0.104853,0.102233,0.099663,0.0971419,0.0946683,0.092241,0.0898592,0.0875216,0.0852272,0.0829749,0.0807639,0.0785929,0.0764611,0.0743674,0.072311,0.0702908,0.068306,0.0663556,0.0644387,0.0625544,0.0607019,0.0588802,0.0570885,0.055326,0.0535919,0.0518852,0.0502052,0.0485511,0.0469221,0.0453174,0.0437362,0.0421777,0.0406412,0.0391259,0.037631,0.0361559,0.0346998,0.0332618,0.0318415,0.0304379,0.0290504,0.0276783,0.0263209,0.0249774,0.0236473,0.0223297,0.0210241,0.0197296,0.0184457,0.0171717,0.0159069,0.0146506,0.0134022,0.012161,0.0109263,0.00969746,0.00847388,0.00725486,0.00603975,0.00482789,0.00361864,0.00241134
1,0.980658,0.961349,0.942104,0.922955,0.903932,0.885063,0.866376,0.847894,0.82964,0.811635,0.793894,0.776435,0.759268,0.742406,0.725856,0.709625,0.693717,0.678135,0.66288,0.647952,0.633351,0.619073,0.605116,0.591476,0.578148,0.565127,0.552408,0.539985,0.527852,0.516002,0.50443,0.493129,0.482093,0.471315,0.460788,0.450507,0.440466,0.430657,0.421075,0.411714,0.402569,0.393633,0.384901,0.376368,0.368028,0.359877,0.351909,0.344119,0.336504,0.329058,0.321777,0.314657,0.307693,0.300882,0.29422,0.287703,0.281327,0.275089,0.268985,0.263012,0.257167,0.251446,0.245847,0.240366,0.235002,0.22975,0.224608,0.219575,0.214646,0.20982,0.205094,0.200465,0.195933,0.191493,0.187145,0.182886,0.178714,0.174627,0.170623,0.166701,0.162858,0.159092,0.155402,0.151786,0.148243,0.14477,0.141367,0.138031,0.134761,0.131556,0.128414,0.125334,0.122315,0.119354,0.116451,0.113604,0.110812,0.108074,0.105389,0.102755,0.100171,0.097636,0.0951489,0.0927087,0.090314,0.0879639,0.0856572,0.083393,0.0811702,0.0789878,0.0768448,0.0747402,0.072673,0.0706423,0.0686472,0.0666867,0.0647599,0.0628659,0.0610038,0.0591728,0.057372,0.0556005,0.0538575,0.0521422,0.0504537,0.0487913,0.047154,0.0455412,0.043952,0.0423857,0.0408415,0.0393186,0.0378163,0.0363339,0.0348704,0.0334254,0.031998,0.0305874,0.0291931,0.0278142,0.02645,0.0251,0.0237632,0.0224392,0.0211271,0.0198263,0.0185361,0.0172558,0.0159848,0.0147223,0.0134678,0.0122205,0.0109797,0.0097449,0.00851532,0.00729034,0.00606928,0.0048515,0.00363633,0.00242313
1,0.980923,0.961877,0.94289,0.923992,0.905211,0.886573,0.868104,0.849826,0.831762,0.813929,0.796346,0.779027,0.761985,0.74523,0.728773,0.712618,0.696773,0.68124,0.666021,0.651118,0.636529,0.622255,0.608292,0.594638,0.581289,0.56824,0.555488,0.543026,0.530851,0.518955,0.507334,0.495981,0.484891,0.474057,0.463474,0.453135,0.443035,0.433168,0.423528,0.414109,0.404905,0.395911,0.387123,0.378533,0.370138,0.361932,0.353911,0.346069,0.338402,0.330906,0.323576,0.316408,0.309397,0.302541,0.295834,0.289273,0.282855,0.276576,0.270432,0.26442,0.258537,0.252779,0.247145,0.241629,0.236231,0.230946,0.225773,0.220708,0.215749,0.210893,0.206139,0.201483,0.196923,0.192458,0.188084,0.1838,0.179604,0.175494,0.171467,0.167522,0.163657,0.159871,0.15616,0.152525,0.148962,0.14547,0.142049,0.138695,0.135408,0.132186,0.129027,0.125931,0.122896,0.11992,0.117001,0.11414,0.111334,0.108582,0.105883,0.103236,0.100639,0.0980915,0.0955921,0.0931398,0.0907333,0.0883716,0.0860537,0.0837785,0.0815449,0.0793519,0.0771986,0.0750838,0.0730068,0.0709663,0.0689617,0.0669919,0.065056,0.063153,0.0612822,0.0594426,0.0576333,0.0558535,0.0541024,0.0523791,0.0506828,0.0490126,0.0473678,0.0457475,0.044151,0.0425775,0.0410262,0.0394963,0.0379871,0.0364978,0.0350278,0.0335761,0.0321422,0.0307252,0.0293245,0.0279394,0.0265691,0.0252129,0.0238701,0.02254,0.021222,0.0199153,0.0186193,0.0173333,0.0160565,0.0147884,0.0135282,0.0122753,0.011029,0.00978861,0.00855352,0.00732303,0.0060965,0.00487325,0.00365264,0.002434
1,0.981159,0.962346,0.943588,0.924913,0.906348,0.887916,0.869642,0.851547,0.833652,0.815976,0.798535,0.781344,0.764416,0.747761,0.731388,0.715306,0.69952,0.684033,0.66885,0.653972,0.639398,0.62513,0.611164,0.5975,0.584134,0.571062,0.558282,0.545788,0.533575,0.521639,0.509975,0.498576,0.487438,0.476555,0.465922,0.455532,0.44538,0.43546,0.425767,0.416295,0.407039,0.397993,0.389153,0.380513,0.372067,0.363812,0.355742,0.347853,0.340139,0.332597,0.325222,0.31801,0.310957,0.304059,0.297311,0.290711,0.284254,0.277937,0.271757,0.265709,0.259791,0.254,0.248333,0.242786,0.237356,0.232041,0.226839,0.221745,0.216758,0.211876,0.207095,0.202414,0.19783,0.19334,0.188943,0.184637,0.180419,0.176287,0.172239,0.168274,0.164389,0.160584,0.156854,0.153201,0.14962,0.146111,0.142673,0.139303,0.136,0.132762,0.129588,0.126477,0.123427,0.120437,0.117505,0.114631,0.111812,0.109047,0.106336,0.103676,0.101067,0.0985083,0.0959976,0.0935342,0.0911169,0.0887447,0.0864165,0.0841311,0.0818876,0.079685,0.0775222,0.0753982,0.073312,0.0712628,0.0692494,0.0672711,0.0653268,0.0634157,0.0615368,0.0596893,0.0578723,0.056085,0.0543264,0.0525958,0.0508923,0.049215,0.0475633,0.0459362,0.044333,0.0427529,0.0411951,0.0396588,0.0381433,0.0366479,0.0351716,0.033714,0.0322741,0.0308513,0.0294448,0.0280539,0.0266779,0.0253161,0.0239678,0.0226323,0.0213089,0.0199968,0.0186955,0.0174042,0.0161222,0.0148488,0.0135835,0.0123254,0.011074,0.00982859,0.00858845,0.00735294,0.00612139,0.00489315,0.00366755,0.00244393
1,0.981366,0.962759,0.944204,0.925727,0.907351,0.889102,0.871001,0.85307,0.835327,0.817791,0.800478,0.783402,0.766576,0.750012,0.733718,0.717702,0.70197,0.686528,0.671379,0.656525,0.641967,0.627705,0.61374,0.600068,0.586689,0.573599,0.560795,0.548273,0.536029,0.524058,0.512356,0.500917,0.489738,0.478811,0.468133,0.457697,0.447498,0.437532,0.427792,0.418273,0.40897,0.399878,0.390991,0.382305,0.373815,0.365515,0.357401,0.349468,0.341713,0.334129,0.326714,0.319463,0.312371,0.305435,0.298651,0.292014,0.285523,0.279172,0.272958,0.266878,0.260929,0.255107,0.24941,0.243834,0.238377,0.233034,0.227805,0.222686,0.217674,0.212767,0.207963,0.203259,0.198652,0.194141,0.189723,0.185395,0.181157,0.177006,0.17294,0.168956,0.165053,0.16123,0.157484,0.153813,0.150217,0.146692,0.143239,0.139854,0.136536,0.133284,0.130097,0.126973,0.12391,0.120907,0.117962,0.115075,0.112244,0.109468,0.106746,0.104075,0.101456,0.0988861,0.0963652,0.0938917,0.0914646,0.0890828,0.0867452,0.0844507,0.0821983,0.0799869,0.0778155,0.0756831,0.0735887,0.0715314,0.0695102,0.0675241,0.0655722,0.0636537,0.0617676,0.0599129,0.0580889,0.0562947,0.0545294,0.0527921,0.0510821,0.0493985,0.0477405,0.0461072,0.0444979,0.0429118,0.0413481,0.0398061,0.0382849,0.0367838,0.035302,0.0338389,0.0323936,0.0309655,0.0295537,0.0281577,0.0267766,0.0254097,0.0240564,0.0227159,0.0213875,0.0200706,0.0187645,0.0174684,0.0161816,0.0149036,0.0136336,0.0123709,0.0111149,0.00986481,0.0086201,0.00738003,0.00614394,0.00491118,0.00368106,0.00245294
1,0.981548,0.963121,0.944743,0.926438,0.90823,0.890141,0.872193,0.854405,0.836796,0.819384,0.802185,0.785212,0.768478,0.751995,0.735771,0.719816,0.704135,0.688734,0.673616,0.658786,0.644243,0.62999,0.616026,0.60235,0.58896,0.575855,0.563031,0.550486,0.538215,0.526214,0.514479,0.503006,0.49179,0.480825,0.470108,0.459632,0.449393,0.439385,0.429603,0.420043,0.410698,0.401565,0.392637,0.38391,0.375379,0.36704,0.358887,0.350916,0.343123,0.335503,0.328051,0.320765,0.313638,0.306668,0.299851,0.293183,0.28666,0.280279,0.274035,0.267926,0.261949,0.2561,0.250376,0.244774,0.239292,0.233925,0.228672,0.22353,0.218495,0.213567,0.208741,0.204016,0.199389,0.194858,0.190421,0.186076,0.18182,0.177651,0.173567,0.169567,0.165649,0.161809,0.158048,0.154363,0.150752,0.147213,0.143746,0.140348,0.137017,0.133753,0.130553,0.127416,0.124342,0.121327,0.118372,0.115474,0.112632,0.109846,0.107113,0.104433,0.101804,0.0992247,0.0966945,0.0942121,0.0917762,0.0893859,0.0870398,0.0847372,0.0824767,0.0802574,0.0780783,0.0759384,0.0738366,0.0717721,0.0697438,0.0677508,0.0657922,0.063867,0.0619743,0.0601133,0.058283,0.0564826,0.0547112,0.0529681,0.0512522,0.0495629,0.0478992,0.0462604,0.0446456,0.0430542,0.0414852,0.039938,0.0384117,0.0369056,0.0354188,0.0339508,0.0325007,0.0310678,0.0296513,0.0282506,0.0268649,0.0254935,0.0241357,0.0227908,0.021458,0.0201368,0.0188263,0.0175259,0.0162349,0.0149527,0.0136784,0.0124116,0.0111514,0.00989727,0.00864845,0.0074043,0.00616415,0.00492733,0.00369317,0.002461
1,0.981705,0.963434,0.945209,0.927054,0.908991,0.891041,0.873225,0.855563,0.838071,0.820767,0.803667,0.786785,0.770133,0.753721,0.737561,0.721659,0.706023,0.690659,0.675571,0.660762,0.646235,0.63199,0.618028,0.60435,0.590952,0.577835,0.564995,0.55243,0.540136,0.52811,0.516347,0.504845,0.493597,0.482599,0.471848,0.461337,0.451062,0.441019,0.431201,0.421604,0.412223,0.403053,0.39409,0.385327,0.376761,0.368387,0.3602,0.352195,0.344369,0.336716,0.329233,0.321915,0.314758,0.307759,0.300913,0.294216,0.287665,0.281257,0.274987,0.268853,0.262851,0.256978,0.25123,0.245606,0.240101,0.234712,0.229438,0.224275,0.219221,0.214273,0.209429,0.204686,0.200041,0.195493,0.191039,0.186677,0.182405,0.178221,0.174122,0.170108,0.166175,0.162322,0.158547,0.154849,0.151225,0.147674,0.144194,0.140784,0.137442,0.134166,0.130956,0.127809,0.124724,0.121699,0.118734,0.115826,0.112975,0.11018,0.107438,0.104749,0.102111,0.0995239,0.0969856,0.0944952,0.0920516,0.0896536,0.0873002,0.0849902,0.0827227,0.0804964,0.0783106,0.076164,0.0740557,0.0719848,0.0699503,0.0679511,0.0659865,0.0640554,0.062157,0.0602903,0.0584545,0.0566486,0.0548719,0.0531235,0.0514025,0.0497081,0.0480394,0.0463957,0.0447762,0.04318,0.0416064,0.0400545,0.0385237,0.0370131,0.035522,0.0340497,0.0325953,0.0311582,0.0297376,0.0283328,0.026943,0.0255676,0.0242058,0.0228569,0.0215203,0.0201952,0.0188809,0.0175767,0.016282,0.014996,0.0137181,0.0124475,0.0111837,0.00992593,0.0086735,0.00742574,0.006182,0.00494159,0.00370386,0.00246813
1,0.981839,0.9637,0.945606,0.927579,0.90964,0.891809,0.874106,0.856551,0.83916,0.821949,0.804935,0.788131,0.771548,0.7552,0.739094,0.723239,0.707644,0.692312,0.67725,0.662461,0.647948,0.633711,0.619753,0.606073,0.59267,0.579543,0.56669,0.554108,0.541795,0.529748,0.517962,0.506434,0.49516,0.484135,0.473354,0.462814,0.452509,0.442434,0.432585,0.422957,0.413545,0.404344,0.395349,0.386556,0.37796,0.369555,0.361339,0.353305,0.34545,0.337769,0.330258,0.322913,0.31573,0.308705,0.301834,0.295113,0.288538,0.282106,0.275814,0.269658,0.263634,0.25774,0.251972,0.246327,0.240803,0.235396,0.230103,0.224923,0.219852,0.214887,0.210026,0.205267,0.200607,0.196044,0.191575,0.187199,0.182913,0.178716,0.174604,0.170577,0.166631,0.162766,0.15898,0.15527,0.151635,0.148073,0.144583,0.141163,0.137811,0.134526,0.131305,0.128149,0.125055,0.122022,0.119048,0.116132,0.113273,0.110469,0.10772,0.105023,0.102378,0.0997836,0.0972382,0.0947409,0.0922905,0.089886,0.0875261,0.0852098,0.0829361,0.0807039,0.078512,0.0763597,0.0742458,0.0721694,0.0701294,0.0681249,0.0661551,0.0642189,0.0623155,0.0604439,0.0586032,0.0567927,0.0550113,0.0532584,0.0515329,0.0498341,0.0481611,0.0465132,0.0448894,0.0432891,0.0417115,0.0401557,0.0386209,0.0371065,0.0356116,0.0341355,0.0326774,0.0312366,0.0298124,0.028404,0.0270107,0.0256318,0.0242666,0.0229144,0.0215743,0.0202459,0.0189283,0.0176208,0.0163228,0.0150336,0.0137525,0.0124788,0.0112118,0.00995081,0.00869523,0.00744435,0.00619748,0.00495397,0.00371314,0.00247431
1,0.981951,0.963923,0.945938,0.928017,0.910181,0.89245,0.874842,0.857376,0.840069,0.822937,0.805995,0.789257,0.772734,0.756438,0.740379,0.724565,0.709003,0.6937,0.678661,0.663889,0.649388,0.635159,0.621204,0.607524,0.594116,0.580982,0.568118,0.555524,0.543196,0.53113,0.519325,0.507777,0.49648,0.485432,0.474627,0.464062,0.453731,0.443631,0.433756,0.424102,0.414663,0.405436,0.396415,0.387596,0.378974,0.370545,0.362303,0.354245,0.346365,0.338661,0.331127,0.323759,0.316554,0.309507,0.302614,0.295872,0.289277,0.282826,0.276514,0.270339,0.264297,0.258385,0.2526,0.246939,0.241398,0.235975,0.230667,0.225472,0.220386,0.215406,0.210532,0.205759,0.201086,0.19651,0.19203,0.187641,0.183344,0.179135,0.175012,0.170974,0.167018,0.163143,0.159347,0.155627,0.151983,0.148412,0.144913,0.141484,0.138123,0.13483,0.131602,0.128438,0.125336,0.122295,0.119314,0.116391,0.113525,0.110715,0.107959,0.105256,0.102604,0.100004,0.0974522,0.094949,0.092493,0.0900828,0.0877175,0.0853958,0.0831169,0.0808795,0.0786828,0.0765255,0.0744068,0.0723256,0.0702811,0.0682721,0.0662979,0.0643574,0.0624497,0.060574,0.0587293,0.0569147,0.0551294,0.0533726,0.0516433,0.0499408,0.0482641,0.0466126,0.0449854,0.0433816,0.0418005,0.0402413,0.0387032,0.0371855,0.0356874,0.0342081,0.0327469,0.031303,0.0298758,0.0284643,0.0270681,0.0256862,0.0243181,0.022963,0.0216201,0.0202888,0.0189684,0.0176581,0.0163574,0.0150654,0.0137816,0.0125052,0.0112355,0.00997187,0.00871363,0.0074601,0.0062106,0.00496445,0.00372099,0.00247954
1,0.982041,0.964102,0.946206,0.928371,0.910619,0.892968,0.875437,0.858044,0.840805,0.823737,0.806854,0.790169,0.773695,0.757443,0.741422,0.725641,0.710108,0.694828,0.679808,0.665051,0.65056,0.636338,0.622386,0.608706,0.595295,0.582155,0.569284,0.556679,0.544338,0.532259,0.520439,0.508873,0.497559,0.486491,0.475667,0.465082,0.454731,0.44461,0.434714,0.425038,0.415578,0.40633,0.397288,0.388448,0.379805,0.371354,0.363092,0.355014,0.347115,0.339391,0.331838,0.324452,0.317228,0.310163,0.303253,0.296494,0.289883,0.283415,0.277088,0.270897,0.264841,0.258914,0.253115,0.24744,0.241885,0.23645,0.231129,0.225921,0.220823,0.215832,0.210946,0.206163,0.201479,0.196893,0.192402,0.188004,0.183697,0.179478,0.175346,0.171299,0.167335,0.163452,0.159647,0.15592,0.152268,0.148689,0.145183,0.141747,0.138379,0.135079,0.131844,0.128674,0.125566,0.122519,0.119532,0.116603,0.113732,0.110916,0.108154,0.105446,0.102789,0.100184,0.0976274,0.0951195,0.0926587,0.090244,0.0878742,0.0855482,0.0832649,0.0810234,0.0788225,0.0766613,0.0745386,0.0724537,0.0704053,0.0683927,0.0664148,0.0644708,0.0625596,0.0606805,0.0588324,0.0570146,0.0552261,0.0534661,0.0517337,0.0500281,0.0483485,0.046694,0.0450639,0.0434573,0.0418734,0.0403114,0.0387706,0.0372503,0.0357495,0.0342676,0.0328038,0.0313574,0.0299276,0.0285138,0.0271151,0.0257308,0.0243603,0.0230028,0.0216575,0.0203239,0.0190012,0.0176887,0.0163857,0.0150915,0.0138054,0.0125268,0.0112549,0.00998912,0.0087287,0.007473,0.00622133,0.00497304,0.00372742,0.00248383
1,0.98211,0.964241,0.946412,0.928644,0.910956,0.893367,0.875896,0.858559,0.841374,0.824355,0.807517,0.790874,0.774438,0.758219,0.742228,0.726473,0.710962,0.695701,0.680695,0.66595,0.651468,0.637251,0.623302,0.609622,0.59621,0.583065,0.570187,0.557575,0.545225,0.533135,0.521303,0.509725,0.498397,0.487315,0.476476,0.465875,0.455508,0.445371,0.435458,0.425766,0.41629,0.407025,0.397967,0.38911,0.380451,0.371985,0.363707,0.355613,0.347698,0.339959,0.332392,0.324991,0.317753,0.310674,0.303751,0.296979,0.290354,0.283874,0.277534,0.271332,0.265264,0.259326,0.253515,0.247829,0.242265,0.236819,0.231488,0.226271,0.221164,0.216164,0.211269,0.206477,0.201785,0.19719,0.192691,0.188286,0.183971,0.179746,0.175607,0.171553,0.167582,0.163692,0.159881,0.156147,0.152489,0.148905,0.145393,0.141951,0.138579,0.135273,0.132033,0.128858,0.125745,0.122693,0.119701,0.116768,0.113892,0.111072,0.108306,0.105594,0.102933,0.100324,0.0977638,0.0952521,0.0927877,0.0903694,0.0879961,0.0856667,0.0833802,0.0811354,0.0789313,0.0767669,0.0746413,0.0725533,0.070502,0.0684865,0.0665059,0.064559,0.0626452,0.0607634,0.0589127,0.0570923,0.0553014,0.0535389,0.0518041,0.0500961,0.0484142,0.0467574,0.045125,0.0435162,0.0419301,0.040366,0.0388231,0.0373006,0.0357978,0.0343139,0.0328481,0.0313997,0.029968,0.0285522,0.0271516,0.0257655,0.0243931,0.0230337,0.0216867,0.0203513,0.0190268,0.0177125,0.0164077,0.0151118,0.013824,0.0125436,0.0112701,0.0100025,0.00874043,0.00748304,0.00622969,0.00497971,0.00373243,0.00248716
1,0.982159,0.964339,0.946558,0.928837,0.911195,0.893651,0.876221,0.858925,0.841777,0.824793,0.807988,0.791375,0.774965,0.758771,0.742801,0.727064,0.711569,0.696321,0.681327,0.66659,0.652114,0.637902,0.623955,0.610275,0.596861,0.583714,0.570832,0.558214,0.545857,0.53376,0.52192,0.510332,0.498995,0.487903,0.477053,0.466441,0.456063,0.445914,0.43599,0.426287,0.416798,0.407522,0.398451,0.389583,0.380912,0.372435,0.364146,0.35604,0.348115,0.340365,0.332787,0.325376,0.318128,0.311039,0.304106,0.297325,0.290691,0.284202,0.277854,0.271643,0.265566,0.25962,0.253802,0.248108,0.242536,0.237083,0.231745,0.226521,0.221407,0.216401,0.2115,0.206701,0.202003,0.197403,0.192899,0.188487,0.184167,0.179937,0.175793,0.171734,0.167758,0.163864,0.160048,0.15631,0.152648,0.14906,0.145543,0.142098,0.138721,0.135412,0.132168,0.128989,0.125873,0.122818,0.119823,0.116886,0.114007,0.111184,0.108415,0.1057,0.103036,0.100424,0.0978612,0.0953469,0.0928799,0.0904591,0.0880833,0.0857515,0.0834625,0.0812154,0.079009,0.0768425,0.0747146,0.0726245,0.0705711,0.0685536,0.0665709,0.0646221,0.0627063,0.0608226,0.0589701,0.0571479,0.0553551,0.0535909,0.0518544,0.0501447,0.0484611,0.0468027,0.0451687,0.0435583,0.0419706,0.040405,0.0388606,0.0373366,0.0358323,0.034347,0.0328798,0.03143,0.0299969,0.0285797,0.0271777,0.0257903,0.0244165,0.0230559,0.0217075,0.0203708,0.0190451,0.0177295,0.0164235,0.0151263,0.0138373,0.0125557,0.0112809,0.0100121,0.00874881,0.00749021,0.00623566,0.00498449,0.00373601,0.00248955
1,0.982189,0.964398,0.946646,0.928953,0.911338,0.89382,0.876416,0.859143,0.842018,0.825055,0.808269,0.791674,0.775281,0.7591,0.743143,0.727418,0.711933,0.696693,0.681705,0.666973,0.652501,0.638291,0.624346,0.610666,0.597251,0.584102,0.571218,0.558597,0.546237,0.534135,0.522289,0.510697,0.499353,0.488255,0.477399,0.466781,0.456396,0.44624,0.436309,0.426599,0.417104,0.40782,0.398742,0.389867,0.38119,0.372705,0.364409,0.356297,0.348365,0.340609,0.333025,0.325607,0.318353,0.311259,0.30432,0.297532,0.290893,0.284399,0.278045,0.271829,0.265747,0.259797,0.253974,0.248275,0.242699,0.237241,0.2319,0.226671,0.221553,0.216543,0.211638,0.206836,0.202134,0.197531,0.193023,0.188608,0.184285,0.180051,0.175905,0.171843,0.167864,0.163967,0.160149,0.156408,0.152743,0.149152,0.145634,0.142186,0.138807,0.135495,0.132249,0.129068,0.12595,0.122892,0.119896,0.116957,0.114076,0.111251,0.10848,0.105763,0.103098,0.100484,0.0979198,0.0954038,0.0929353,0.0905129,0.0881356,0.0858023,0.083512,0.0812634,0.0790557,0.0768878,0.0747586,0.0726672,0.0706126,0.0685938,0.0666099,0.06466,0.062743,0.0608582,0.0590046,0.0571813,0.0553874,0.0536221,0.0518846,0.0501739,0.0484893,0.0468299,0.0451949,0.0435835,0.041995,0.0404284,0.0388831,0.0373582,0.0358531,0.0343668,0.0328988,0.0314481,0.0300142,0.0285962,0.0271934,0.0258051,0.0244306,0.0230692,0.0217201,0.0203826,0.019056,0.0177397,0.0164329,0.015135,0.0138452,0.0125629,0.0112873,0.0100179,0.00875384,0.00749451,0.00623925,0.00498735,0.00373816,0.00249098
1,0.982199,0.964417,0.946675,0.928991,0.911386,0.893876,0.87648,0.859216,0.842098,0.825142,0.808363,0.791773,0.775386,0.75921,0.743258,0.727536,0.712054,0.696817,0.681831,0.6671,0.65263,0.638421,0.624476,0.610796,0.597381,0.584232,0.571347,0.558724,0.546363,0.53426,0.522413,0.510818,0.499473,0.488373,0.477515,0.466894,0.456507,0.446349,0.436416,0.426703,0.417205,0.407919,0.398839,0.389962,0.381282,0.372795,0.364497,0.356383,0.348449,0.34069,0.333104,0.325684,0.318428,0.311332,0.304391,0.297602,0.290961,0.284464,0.278109,0.271891,0.265808,0.259856,0.254031,0.248331,0.242753,0.237294,0.231951,0.226721,0.221602,0.21659,0.211684,0.206881,0.202178,0.197573,0.193064,0.188649,0.184325,0.18009,0.175942,0.171879,0.167899,0.164001,0.160182,0.156441,0.152775,0.149183,0.145664,0.142215,0.138835,0.135523,0.132276,0.129094,0.125975,0.122917,0.11992,0.116981,0.114099,0.111273,0.108502,0.105784,0.103119,0.100504,0.0979392,0.0954228,0.0929537,0.0905309,0.0881531,0.0858193,0.0835284,0.0812795,0.0790713,0.0769029,0.0747733,0.0726815,0.0706264,0.0686073,0.0666229,0.0646726,0.0627553,0.0608701,0.059016,0.0571924,0.0553982,0.0536325,0.0518946,0.0501836,0.0484987,0.046839,0.0452036,0.043592,0.0420031,0.0404362,0.0388906,0.0373654,0.03586,0.0343734,0.0329051,0.0314542,0.0300199,0.0286017,0.0271986,0.0258101,0.0244353,0.0230736,0.0217242,0.0203865,0.0190597,0.0177431,0.0164361,0.0151379,0.0138479,0.0125653,0.0112895,0.0100198,0.00875551,0.00749595,0.00624044,0.00498831,0.00373887,0.00249146
1,0.982189,0.964398,0.946646,0.928953,0.911338,0.89382,0.876416,0.859143,0.842018,0.825055,0.808269,0.791674,0.775281,0.7591,0.743143,0.727418,0.711933,0.696693,0.681705,0.666973,0.652501,0.638291,0.624346,0.610666,0.597251,0.584102,0.571218,0.558597,0.546237,0.534135,0.522289,0.510697,0.499353,0.488255,0.477399,0.466781,0.456396,0.44624,0.436309,0.426599,0.417104,0.40782,0.398742,0.389867,0.38119,0.372705,0.364409,0.356297,0.348365,0.340609,0.333025,0.325607,0.318353,0.311259,0.30432,0.297532,0.290893,0.284399,0.278045,0.271829,0.265747,0.259797,0.253974,0.248275,0.242699,0.237241,0.2319,0.226671,0.221553,0.216543,0.211638,0.206836,0.202134,0.197531,0.193023,0.188608,0.184285,0.180051,0.175905,0.171843,0.167864,0.163967,0.160149,0.156408,0.152743,0.149152,0.145634,0.142186,0.138807,0.135495,0.132249,0.129068,0.12595,0.122892,0.119896,0.116957,0.114076,0.111251,0.10848,0.105763,0.103098,0.100484,0.0979198,0.0954038,0.0929353,0.0905129,0.0881356,0.0858023,0.083512,0.0812634,0.0790557,0.0768878,0.0747586,0.0726672,0.0706126,0.0685938,0.0666099,0.06466,0.062743,0.0608582,0.0590046,0.0571813,0.0553874,0.0536221,0.0518846,0.0501739,0.0484893,0.0468299,0.0451949,0.0435835,0.041995,0.0404284,0.0388831,0.0373582,0.0358531,0.0343668,0.0328988,0.0314481,0.0300142,0.0285962,0.0271934,0.0258051,0.0244306,0.0230692,0.0217201,0.0203826,0.019056,0.0177397,0.0164329,0.015135,0.0138452,0.0125629,0.0112873,0.0100179,0.00875384,0.00749451,0.00623925,0.00498735,0.00373816,0.00249098
1,0.982159,0.964339,0.946558,0.928837,0.911195,0.893651,0.876221,0.858925,0.841777,0.824793,0.807988,0.791375,0.774965,0.758771,0.742801,0.727064,0.711569,0.696321,0.681327,0.66659,0.652114,0.637902,0.623955,0.610275,0.596861,0.583714,0.570832,0.558214,0.545857,0.53376,0.52192,0.510332,0.498995,0.487903,0.477053,0.466441,0.456063,0.445914,0.43599,0.426287,0.416798,0.407522,0.398451,0.389583,0.380912,0.372435,0.364146,0.35604,0.348115,0.340365,0.332787,0.325376,0.318128,0.311039,0.304106,0.297325,0.290691,0.284202,0.277854,0.271643,0.265566,0.25962,0.253802,0.248108,0.242536,0.237083,0.231745,0.226521,0.221407,0.216401,0.2115,0.206701,0.202003,0.197403,0.192899,0.188487,0.184167,0.179937,0.175793,0.171734,0.167758,0.163864,0.160048,0.15631,0.152648,0.14906,0.145543,0.142098,0.138721,0.135412,0.132168,0.128989,0.125873,0.122818,0.119823,0.116886,0.114007,0.111184,0.108415,0.1057,0.103036,0.100424,0.0978612,0.0953469,0.0928799,0.0904591,0.0880833,0.0857515,0.0834625,0.0812154,0.079009,0.0768425,0.0747146,0.0726245,0.0705711,0.0685536,0.0665709,0.0646221,0.0627063,0.0608226,0.0589701,0.0571479,0.0553551,0.0535909,0.0518544,0.0501447,0.0484611,0.0468027,0.0451687,0.0435583,0.0419706,0.040405,0.0388606,0.0373366,0.0358323,0.034347,0.0328798,0.03143,0.0299969,0.0285797,0.0271777,0.0257903,0.0244165,0.0230559,0.0217075,0.0203708,0.0190451,0.0177295,0.0164235,0.0151263,0.0138373,0.0125557,0.0112809,0.0100121,0.00874881,0.00749021,0.00623566,0.00498449,0.00373601,0.00248955
1,0.98211,0.964241,0.946412,0.928644,0.910956,0.893367,0.875896,0.858559,0.841374,0.824355,0.807517,0.790874,0.774438,0.758219,0.742228,0.726473,0.710962,0.695701,0.680695,0.66595,0.651468,0.637251,0.623302,0.609622,0.59621,0.583065,0.570187,0.557575,0.545225,0.533135,0.521303,0.509725,0.498397,0.487315,0.476476,0.465875,0.455508,0.445371,0.435458,0.425766,0.41629,0.407025,0.397967,0.38911,0.380451,0.371985,0.363707,0.355613,0.347698,0.339959,0.332392,0.324991,0.317753,0.310674,0.303751,0.296979,0.290354,0.283874,0.277534,0.271332,0.265264,0.259326,0.253515,0.247829,0.242265,0.236819,0.231488,0.226271,0.221164,0.216164,0.211269,0.206477,0.201785,0.19719,0.192691,0.188286,0.183971,0.179746,0.175607,0.171553,0.167582,0.163692,0.159881,0.156147,0.152489,0.148905,0.145393,0.141951,0.138579,0.135273,0.132033,0.128858,0.125745,0.122693,0.119701,0.116768,0.113892,0.111072,0.108306,0.105594,0.102933,0.100324,0.0977638,0.0952521,0.0927877,0.0903694,0.0879961,0.0856667,0.0833802,0.0811354,0.0789313,0.0767669,0.0746413,0.0725533,0.070502,0.0684865,0.0665059,0.064559,0.0626452,0.0607634,0.0589127,0.0570923,0.0553014,0.0535389,0.0518041,0.0500961,0.0484142,0.0467574,0.045125,0.0435162,0.0419301,0.040366,0.0388231,0.0373006,0.0357978,0.0343139,0.0328481,0.0313997,0.029968,0.0285522,0.0271516,0.0257655,0.0243931,0.0230337,0.0216867,0.0203513,0.0190268,0.0177125,0.0164077,0.0151118,0.013824,0.0125436,0.0112701,0.0100025,0.00874043,0.00748304,0.00622969,0.00497971,0.00373243,0.00248716
1,0.982041,0.964102,0.946206,0.928371,0.910619,0.892968,0.875437,0.858044,0.840805,0.823737,0.806854,0.790169,0.773695,0.757443,0.741422,0.725641,0.710108,0.694828,0.679808,0.665051,0.65056,0.636338,0.622386,0.608706,0.595295,0.582155,0.569284,0.556679,0.544338,0.532259,0.520439,0.508873,0.497559,0.486491,0.475667,0.465082,0.454731,0.44461,0.434714,0.425038,0.415578,0.40633,0.397288,0.388448,0.379805,0.371354,0.363092,0.355014,0.347115,0.339391,0.331838,0.324452,0.317228,0.310163,0.303253,0.296494,0.289883,0.283415,0.277088,0.270897,0.264841,0.258914,0.253115,0.24744,0.241885,0.23645,0.231129,0.225921,0.220823,0.215832,0.210946,0.206163,0.201479,0.196893,0.192402,0.188004,0.183697,0.179478,0.175346,0.171299,0.167335,0.163452,0.159647,0.15592,0.152268,0.148689,0.145183,0.141747,0.138379,0.135079,0.131844,0.128674,0.125566,0.122519,0.119532,0.116603,0.113732,0.110916,0.108154,0.105446,0.102789,0.100184,0.0976274,0.0951195,0.0926587,0.090244,0.0878742,0.0855482,0.0832649,0.0810234,0.0788225,0.0766613,0.0745386,0.0724537,0.0704053,0.0683927,0.0664148,0.0644708,0.0625596,0.0606805,0.0588324,0.0570146,0.0552261,0.0534661,0.0517337,0.0500281,0.0483485,0.046694,0.0450639,0.0434573,0.0418734,0.0403114,0.0387706,0.0372503,0.0357495,0.0342676,0.0328038,0.0313574,0.0299276,0.0285138,0.0271151,0.0257308,0.0243603,0.0230028,0.0216575,0.0203239,0.0190012,0.0176887,0.0163857,0.0150915,0.0138054,0.0125268,0.0112549,0.00998912,0.0087287,0.007473,0.00622133,0.00497304,0.00372742,0.00248383
1,0.981951,0.963923,0.945938,0.928017,0.910181,0.89245,0.874842,0.857376,0.840069,0.822937,0.805995,0.789257,0.772734,0.756438,0.740379,0.724565,0.709003,0.6937,0.678661,0.663889,0.649388,0.635159,0.621204,0.607524,0.594116,0.580982,0.568118,0.555524,0.543196,0.53113,0.519325,0.507777,0.49648,0.485432,0.474627,0.464062,0.453731,0.443631,0.433756,0.424102,0.414663,0.405436,0.396415,0.387596,0.378974,0.370545,0.362303,0.354245,0.346365,0.338661,0.331127,0.323759,0.316554,0.309507,0.302614,0.295872,0.289277,0.282826,0.276514,0.270339,0.264297,0.258385,0.2526,0.246939,0.241398,0.235975,0.230667,0.225472,0.220386,0.215406,0.210532,0.205759,0.201086,0.19651,0.19203,0.187641,0.183344,0.179135,0.175012,0.170974,0.167018,0.163143,0.159347,0.155627,0.151983,0.148412,0.144913,0.141484,0.138123,0.13483,0.131602,0.128438,0.125336,0.122295,0.119314,0.116391,0.113525,0.110715,0.107959,0.105256,0.102604,0.100004,0.0974522,0.094949,0.092493,0.0900828,0.0877175,0.0853958,0.0831169,0.0808795,0.0786828,0.0765255,0.0744068,0.0723256,0.0702811,0.0682721,0.0662979,0.0643574,0.0624497,0.060574,0.0587293,0.0569147,0.0551294,0.0533726,0.0516433,0.0499408,0.0482641,0.0466126,0.0449854,0.0433816,0.0418005,0.0402413,0.0387032,0.0371855,0.0356874,0.0342081,0.0327469,0.031303,0.0298758,0.0284643,0.0270681,0.0256862,0.0243181,0.022963,0.0216201,0.0202888,0.0189684,0.0176581,0.0163574,0.0150654,0.0137816,0.0125052,0.0112355,0.00997187,0.00871363,0.0074601,0.0062106,0.00496445,0.00372099,0.00247954
1,0.981839,0.9637,0.945606,0.927579,0.90964,0.891809,0.874106,0.856551,0.83916,0.821949,0.804935,0.788131,0.771548,0.7552,0.739094,0.723239,0.707644,0.692312,0.67725,0.662461,0.647948,0.633711,0.619753,0.606073,0.59267,0.579543,0.56669,0.554108,0.541795,0.529748,0.517962,0.506434,0.49516,0.484135,0.473354,0.462814,0.452509,0.442434,0.432585,0.422957,0.413545,0.404344,0.395349,0.386556,0.37796,0.369555,0.361339,0.353305,0.34545,0.337769,0.330258,0.322913,0.31573,0.308705,0.301834,0.295113,0.288538,0.282106,0.275814,0.269658,0.263634,0.25774,0.251972,0.246327,0.240803,0.235396,0.230103,0.224923,0.219852,0.214887,0.210026,0.205267,0.200607,0.196044,0.191575,0.187199,0.182913,0.178716,0.174604,0.170577,0.166631,0.162766,0.15898,0.15527,0.151635,0.148073,0.144583,0.141163,0.137811,0.134526,0.131305,0.128149,0.125055,0.122022,0.119048,0.116132,0.113273,0.110469,0.10772,0.105023,0.102378,0.0997836,0.0972382,0.0947409,0.0922905,0.089886,0.0875261,0.0852098,0.0829361,0.0807039,0.078512,0.0763597,0.0742458,0.0721694,0.0701294,0.0681249,0.0661551,0.0642189,0.0623155,0.0604439,0.0586032,0.0567927,0.0550113,0.0532584,0.0515329,0.0498341,0.0481611,0.0465132,0.0448894,0.0432891,0.0417115,0.0401557,0.0386209,0.0371065,0.0356116,0.0341355,0.0326774,0.0312366,0.0298124,0.028404,0.0270107,0.0256318,0.0242666,0.0229144,0.0215743,0.0202459,0.0189283,0.0176208,0.0163228,0.0150336,0.0137525,0.0124788,0.0112118,0.00995081,0.00869523,0.00744435,0.00619748,0.00495397,0.00371314,0.00247431
1,0.981705,0.963434,0.945209,0.927054,0.908991,0.891041,0.873225,0.855563,0.838071,0.820767,0.803667,0.786785,0.770133,0.753721,0.737561,0.721659,0.706023,0.690659,0.675571,0.660762,0.646235,0.63199,0.618028,0.60435,0.590952,0.577835,0.564995,0.55243,0.540136,0.52811,0.516347,0.504845,0.493597,0.482599,0.471848,0.461337,0.451062,0.441019,0.431201,0.421604,0.412223,0.403053,0.39409,0.385327,0.376761,0.368387,0.3602,0.352195,0.344369,0.336716,0.329233,0.321915,0.314758,0.307759,0.300913,0.294216,0.287665,0.281257,0.274987,0.268853,0.262851,0.256978,0.25123,0.245606,0.240101,0.234712,0.229438,0.224275,0.219221,0.214273,0.209429,0.204686,0.200041,0.195493,0.191039,0.186677,0.182405,0.178221,0.174122,0.170108,0.166175,0.162322,0.158547,0.154849,0.151225,0.147674,0.144194,0.140784,0.137442,0.134166,0.130956,0.127809,0.124724,0.121699,0.118734,0.115826,0.112975,0.11018,0.107438,0.104749,0.102111,0.0995239,0.0969856,0.0944952,0.0920516,0.0896536,0.0873002,0.0849902,0.0827227,0.0804964,0.0783106,0.076164,0.0740557,0.0719848,0.0699503,0.0679511,0.0659865,0.0640554,0.062157,0.0602903,0.0584545,0.0566486,0.0548719,0.0531235,0.0514025,0.0497081,0.0480394,0.0463957,0.0447762,0.04318,0.0416064,0.0400545,0.0385237,0.0370131,0.035522,0.0340497,0.0325953,0.0311582,0.0297376,0.0283328,0.026943,0.0255676,0.0242058,0.0228569,0.0215203,0.0201952,0.0188809,0.0175767,0.016282,0.014996,0.0137181,0.0124475,0.0111837,0.00992593,0.0086735,0.00742574,0.006182,0.00494159,0.00370386,0.00246813
1,0.981548,0.963121,0.944743,0.926438,0.90823,0.890141,0.872193,0.854405,0.836796,0.819384,0.802185,0.785212,0.768478,0.751995,0.735771,0.719816,0.704135,0.688734,0.673616,0.658786,0.644243,0.62999,0.616026,0.60235,0.58896,0.575855,0.563031,0.550486,0.538215,0.526214,0.514479,0.503006,0.49179,0.480825,0.470108,0.459632,0.449393,0.439385,0.429603,0.420043,0.410698,0.401565,0.392637,0.38391,0.375379,0.36704,0.358887,0.350916,0.343123,0.335503,0.328051,0.320765,0.313638,0.306668,0.299851,0.293183,0.28666,0.280279,0.274035,0.267926,0.261949,0.2561,0.250376,0.244774,0.239292,0.233925,0.228672,0.22353,0.218495,0.213567,0.208741,0.204016,0.199389,0.194858,0.190421,0.186076,0.18182,0.177651,0.173567,0.169567,0.165649,0.161809,0.158048,0.154363,0.150752,0.147213,0.143746,0.140348,0.137017,0.133753,0.130553,0.127416,0.124342,0.121327,0.118372,0.115474,0.112632,0.109846,0.107113,0.104433,0.101804,0.0992247,0.0966945,0.0942121,0.0917762,0.0893859,0.0870398,0.0847372,0.0824767,0.0802574,0.0780783,0.0759384,0.0738366,0.0717721,0.0697438,0.0677508,0.0657922,0.063867,0.0619743,0.0601133,0.058283,0.0564826,0.0547112,0.0529681,0.0512522,0.0495629,0.0478992,0.0462604,0.0446456,0.0430542,0.0414852,0.039938,0.0384117,0.0369056,0.0354188,0.0339508,0.0325007,0.0310678,0.0296513,0.0282506,0.0268649,0.0254935,0.0241357,0.0227908,0.021458,0.0201368,0.0188263,0.0175259,0.0162349,0.0149527,0.0136784,0.0124116,0.0111514,0.00989727,0.00864845,0.0074043,0.00616415,0.00492733,0.00369317,0.002461
1,0.981366,0.962759,0.944204,0.925727,0.907351,0.889102,0.871001,0.85307,0.835327,0.817791,0.800478,0.783402,0.766576,0.750012,0.733718,0.717702,0.70197,0.686528,0.671379,0.656525,0.641967,0.627705,0.61374,0.600068,0.586689,0.573599,0.560795,0.548273,0.536029,0.524058,0.512356,0.500917,0.489738,0.478811,0.468133,0.457697,0.447498,0.437532,0.427792,0.418273,0.40897,0.399878,0.390991,0.382305,0.373815,0.365515,0.357401,0.349468,0.341713,0.334129,0.326714,0.319463,0.312371,0.305435,0.298651,0.292014,0.285523,0.279172,0.272958,0.266878,0.260929,0.255107,0.24941,0.243834,0.238377,0.233034,0.227805,0.222686,0.217674,0.212767,0.207963,0.203259,0.198652,0.194141,0.189723,0.185395,0.181157,0.177006,0.17294,0.168956,0.165053,0.16123,0.157484,0.153813,0.150217,0.146692,0.143239,0.139854,0.136536,0.133284,0.130097,0.126973,0.12391,0.120907,0.117962,0.115075,0.112244,0.109468,0.106746,0.104075,0.101456,0.0988861,0.0963652,0.0938917,0.0914646,0.0890828,0.0867452,0.0844507,0.0821983,0.0799869,0.0778155,0.0756831,0.0735887,0.0715314,0.0695102,0.0675241,0.0655722,0.0636537,0.0617676,0.0599129,0.0580889,0.0562947,0.0545294,0.0527921,0.0510821,0.0493985,0.0477405,0.0461072,0.0444979,0.0429118,0.0413481,0.0398061,0.0382849,0.0367838,0.035302,0.0338389,0.0323936,0.0309655,0.0295537,0.0281577,0.0267766,0.0254097,0.0240564,0.0227159,0.0213875,0.0200706,0.0187645,0.0174684,0.0161816,0.0149036,0.0136336,0.0123709,0.0111149,0.00986481,0.0086201,0.00738003,0.00614394,0.00491118,0.00368106,0.00245294
1,0.981159,0.962346,0.943588,0.924913,0.906348,0.887916,0.869642,0.851547,0.833652,0.815976,0.798535,0.781344,0.764416,0.747761,0.731388,0.715306,0.69952,0.684033,0.66885,0.653972,0.639398,0.62513,0.611164,0.5975,0.584134,0.571062,0.558282,0.545788,0.533575,0.521639,0.509975,0.498576,0.487438,0.476555,0.465922,0.455532,0.44538,0.43546,0.425767,0.416295,0.407039,0.397993,0.389153,0.380513,0.372067,0.363812,0.355742,0.347853,0.340139,0.332597,0.325222,0.31801,0.310957,0.304059,0.297311,0.290711,0.284254,0.277937,0.271757,0.265709,0.259791,0.254,0.248333,0.242786,0.237356,0.232041,0.226839,0.221745,0.216758,0.211876,0.207095,0.202414,0.19783,0.19334,0.188943,0.184637,0.180419,0.176287,0.172239,0.168274,0.164389,0.160584,0.156854,0.153201,0.14962,0.146111,0.142673,0.139303,0.136,0.132762,0.129588,0.126477,0.123427,0.120437,0.117505,0.114631,0.111812,0.109047,0.106336,0.103676,0.101067,0.0985083,0.0959976,0.0935342,0.0911169,0.0887447,0.0864165,0.0841311,0.0818876,0.079685,0.0775222,0.0753982,0.073312,0.0712628,0.0692494,0.0672711,0.0653268,0.0634157,0.0615368,0.0596893,0.0578723,0.056085,0.0543264,0.0525958,0.0508923,0.049215,0.0475633,0.0459362,0.044333,0.0427529,0.0411951,0.0396588,0.0381433,0.0366479,0.0351716,0.033714,0.0322741,0.0308513,0.0294448,0.0280539,0.0266779,0.0253161,0.0239678,0.0226323,0.0213089,0.0199968,0.0186955,0.0174042,0.0161222,0.0148488,0.0135835,0.0123254,0.011074,0.00982859,0.00858845,0.00735294,0.00612139,0.00489315,0.00366755,0.00244393
1,0.980923,0.961877,0.94289,0.923992,0.905211,0.886573,0.868104,0.849826,0.831762,0.813929,0.796346,0.779027,0.761985,0.74523,0.728773,0.712618,0.696773,0.68124,0.666021,0.651118,0.636529,0.622255,0.608292,0.594638,0.581289,0.56824,0.555488,0.543026,0.530851,0.518955,0.507334,0.495981,0.484891,0.474057,0.463474,0.453135,0.443035,0.433168,0.423528,0.414109,0.404905,0.395911,0.387123,0.378533,0.370138,0.361932,0.353911,0.346069,0.338402,0.330906,0.323576,0.316408,0.309397,0.302541,0.295834,0.289273,0.282855,0.276576,0.270432,0.26442,0.258537,0.252779,0.247145,0.241629,0.236231,0.230946,0.225773,0.220708,0.215749,0.210893,0.206139,0.201483,0.196923,0.192458,0.188084,0.1838,0.179604,0.175494,0.171467,0.167522,0.163657,0.159871,0.15616,0.152525,0.148962,0.14547,0.142049,0.138695,0.135408,0.132186,0.129027,0.125931,0.122896,0.11992,0.117001,0.11414,0.111334,0.108582,0.105883,0.103236,0.100639,0.0980915,0.0955921,0.0931398,0.0907333,0.0883716,0.0860537,0.0837785,0.0815449,0.0793519,0.0771986,0.0750838,0.0730068,0.0709663,0.0689617,0.0669919,0.065056,0.063153,0.0612822,0.0594426,0.0576333,0.0558535,0.0541024,0.0523791,0.0506828,0.0490126,0.0473678,0.0457475,0.044151,0.0425775,0.0410262,0.0394963,0.0379871,0.0364978,0.0350278,0.0335761,0.0321422,0.0307252,0.0293245,0.0279394,0.0265691,0.0252129,0.0238701,0.02254,0.021222,0.0199153,0.0186193,0.0173333,0.0160565,0.0147884,0.0135282,0.0122753,0.011029,0.00978861,0.00855352,0.00732303,0.0060965,0.00487325,0.00365264,0.002434
1,0.980658,0.961349,0.942104,0.922955,0.903932,0.885063,0.866376,0.847894,0.82964,0.811635,0.793894,0.776435,0.759268,0.742406,0.725856,0.709625,0.693717,0.678135,0.66288,0.647952,0.633351,0.619073,0.605116,0.591476,0.578148,0.565127,0.552408,0.539985,0.527852,0.516002,0.50443,0.493129,0.482093,0.471315,0.460788,0.450507,0.440466,0.430657,0.421075,0.411714,0.402569,0.393633,0.384901,0.376368,0.368028,0.359877,0.351909,0.344119,0.336504,0.329058,0.321777,0.314657,0.307693,0.300882,0.29422,0.287703,0.281327,0.275089,0.268985,0.263012,0.257167,0.251446,0.245847,0.240366,0.235002,0.22975,0.224608,0.219575,0.214646,0.20982,0.205094,0.200465,0.195933,0.191493,0.187145,0.182886,0.178714,0.174627,0.170623,0.166701,0.162858,0.159092,0.155402,0.151786,0.148243,0.14477,0.141367,0.138031,0.134761,0.131556,0.128414,0.125334,0.122315,0.119354,0.116451,0.113604,0.110812,0.108074,0.105389,0.102755,0.100171,0.097636,0.0951489,0.0927087,0.090314,0.0879639,0.0856572,0.083393,0.0811702,0.0789878,0.0768448,0.0747402,0.072673,0.0706423,0.0686472,0.0666867,0.0647599,0.0628659,0.0610038,0.0591728,0.057372,0.0556005,0.0538575,0.0521422,0.0504537,0.0487913,0.047154,0.0455412,0.043952,0.0423857,0.0408415,0.0393186,0.0378163,0.0363339,0.0348704,0.0334254,0.031998,0.0305874,0.0291931,0.0278142,0.02645,0.0251,0.0237632,0.0224392,0.0211271,0.0198263,0.0185361,0.0172558,0.0159848,0.0147223,0.0134678,0.0122205,0.0109797,0.0097449,0.00851532,0.00729034,0.00606928,0.0048515,0.00363633,0.00242313
1,0.98036,0.960756,0.941222,0.921792,0.902499,0.883374,0.864444,0.845736,0.827273,0.809077,0.791164,0.773552,0.756251,0.739273,0.722624,0.706312,0.690338,0.674706,0.659416,0.644465,0.629853,0.615575,0.601628,0.588007,0.574705,0.561717,0.549038,0.536659,0.524575,0.512778,0.501262,0.490019,0.479044,0.468327,0.457864,0.447647,0.43767,0.427926,0.418408,0.409112,0.40003,0.391157,0.382488,0.374016,0.365737,0.357646,0.349736,0.342004,0.334445,0.327053,0.319826,0.312758,0.305846,0.299084,0.29247,0.286,0.27967,0.273477,0.267416,0.261485,0.255681,0.250001,0.24444,0.238998,0.23367,0.228454,0.223347,0.218347,0.21345,0.208656,0.203961,0.199363,0.194859,0.190448,0.186128,0.181896,0.17775,0.173688,0.169709,0.16581,0.161991,0.158248,0.15458,0.150985,0.147463,0.144011,0.140627,0.137311,0.13406,0.130874,0.12775,0.124687,0.121684,0.11874,0.115853,0.113022,0.110246,0.107523,0.104853,0.102233,0.099663,0.0971419,0.0946683,0.092241,0.0898592,0.0875216,0.0852272,0.0829749,0.0807639,0.0785929,0.0764611,0.0743674,0.072311,0.0702908,0.068306,0.0663556,0.0644387,0.0625544,0.0607019,0.0588802,0.0570885,0.055326,0.0535919,0.0518852,0.0502052,0.0485511,0.0469221,0.0453174,0.0437362,0.0421777,0.0406412,0.0391259,0.037631,0.0361559,0.0346998,0.0332618,0.0318415,0.0304379,0.0290504,0.0276783,0.0263209,0.0249774,0.0236473,0.0223297,0.0210241,0.0197296,0.0184457,0.0171717,0.0159069,0.0146506,0.0134022,0.012161,0.0109263,0.00969746,0.00847388,0.00725486,0.00603975,0.00482789,0.00361864,0.00241134
1,0.980027,0.960094,0.940237,0.920494,0.900901,0.881489,0.862291,0.843334,0.824642,0.806237,0.788137,0.770359,0.752914,0.735812,0.71906,0.702662,0.686622,0.67094,0.655615,0.640644,0.626025,0.611751,0.597819,0.584222,0.570953,0.558005,0.545371,0.533044,0.521016,0.509279,0.497826,0.486649,0.475741,0.465093,0.4547,0.444554,0.434648,0.424975,0.415528,0.406302,0.39729,0.388487,0.379885,0.371481,0.363268,0.355241,0.347394,0.339724,0.332226,0.324894,0.317724,0.310713,0.303855,0.297148,0.290586,0.284167,0.277886,0.271741,0.265727,0.259842,0.254082,0.248445,0.242926,0.237524,0.232236,0.227058,0.221988,0.217024,0.212164,0.207403,0.202741,0.198176,0.193704,0.189323,0.185032,0.180829,0.176711,0.172677,0.168724,0.164852,0.161057,0.157338,0.153694,0.150123,0.146623,0.143193,0.139831,0.136536,0.133305,0.130138,0.127034,0.12399,0.121006,0.118079,0.11521,0.112396,0.109636,0.10693,0.104275,0.101671,0.0991159,0.0966096,0.0941503,0.0917372,0.0893691,0.087045,0.0847638,0.0825244,0.0803259,0.0781673,0.0760475,0.0739657,0.0719209,0.069912,0.0679383,0.0659988,0.0640925,0.0622187,0.0603764,0.0585648,0.056783,0.0550302,0.0533055,0.0516082,0.0499374,0.0482923,0.0466722,0.0450762,0.0435035,0.0419535,0.0404252,0.0389181,0.0374313,0.0359641,0.0345158,0.0330856,0.0316728,0.0302767,0.0288967,0.0275319,0.0261817,0.0248454,0.0235223,0.0222117,0.020913,0.0196254,0.0183483,0.0170811,0.0158229,0.0145733,0.0133315,0.0120968,0.0108686,0.00964633,0.0084292,0.00721661,0.00600791,0.00480245,0.00359957,0.00239864
1,0.979656,0.959355,0.939138,0.919047,0.89912,0.879393,0.859899,0.840668,0.821725,0.803093,0.784792,0.766835,0.749237,0.732004,0.715144,0.698659,0.682552,0.666821,0.651464,0.636476,0.621854,0.607591,0.59368,0.580114,0.566884,0.553984,0.541404,0.529136,0.517172,0.505502,0.49412,0.483016,0.472183,0.461612,0.451296,0.441228,0.431399,0.421804,0.412435,0.403286,0.39435,0.385621,0.377094,0.368762,0.36062,0.352663,0.344885,0.337282,0.329849,0.322581,0.315474,0.308523,0.301724,0.295074,0.288569,0.282204,0.275977,0.269883,0.26392,0.258083,0.252371,0.246779,0.241306,0.235947,0.230701,0.225564,0.220534,0.215609,0.210786,0.206062,0.201436,0.196905,0.192467,0.188119,0.18386,0.179687,0.175599,0.171594,0.16767,0.163825,0.160057,0.156365,0.152746,0.1492,0.145724,0.142318,0.138978,0.135705,0.132497,0.129351,0.126267,0.123243,0.120279,0.117372,0.114521,0.111725,0.108983,0.106294,0.103656,0.101068,0.0985299,0.0960392,0.0935955,0.0911975,0.0888442,0.0865344,0.0842673,0.0820417,0.0798567,0.0777113,0.0756045,0.0735353,0.0715029,0.0695061,0.0675443,0.0656164,0.0637216,0.061859,0.0600277,0.0582268,0.0564556,0.0547132,0.0529987,0.0513114,0.0496504,0.048015,0.0464043,0.0448176,0.0432541,0.0417131,0.0401938,0.0386954,0.0372172,0.0357585,0.0343186,0.0328966,0.031492,0.030104,0.0287319,0.0273749,0.0260325,0.0247038,0.0233883,0.0220853,0.020794,0.0195137,0.018244,0.0169839,0.015733,0.0144904,0.0132557,0.0120281,0.0108069,0.00959152,0.00838132,0.00717562,0.00597379,0.00477517,0.00357913,0.00238501
1,0.979242,0.958532,0.937915,0.917438,0.897141,0.877066,0.857246,0.837715,0.818499,0.799622,0.781103,0.762957,0.745195,0.727826,0.710855,0.694282,0.678108,0.662331,0.646946,0.631947,0.617329,0.603083,0.5892,0.575673,0.562492,0.549647,0.53713,0.52493,0.513038,0.501445,0.490141,0.479119,0.468369,0.457882,0.447651,0.437668,0.427925,0.418414,0.40913,0.400064,0.39121,0.382562,0.374115,0.365861,0.357796,0.349914,0.342209,0.334678,0.327315,0.320115,0.313075,0.306189,0.299454,0.292866,0.28642,0.280114,0.273943,0.267904,0.261994,0.25621,0.250548,0.245005,0.23958,0.234267,0.229066,0.223973,0.218986,0.214102,0.209319,0.204634,0.200046,0.195551,0.191149,0.186836,0.182611,0.178471,0.174415,0.170441,0.166547,0.162731,0.158992,0.155328,0.151736,0.148216,0.144766,0.141385,0.13807,0.13482,0.131635,0.128512,0.12545,0.122448,0.119504,0.116617,0.113786,0.11101,0.108287,0.105616,0.102996,0.100426,0.0979051,0.0954313,0.093004,0.0906221,0.0882844,0.0859901,0.083738,0.0815271,0.0793565,0.0772251,0.0751321,0.0730764,0.0710571,0.0690734,0.0671242,0.0652087,0.0633261,0.0614754,0.0596558,0.0578664,0.0561065,0.0543751,0.0526715,0.0509948,0.0493443,0.0477192,0.0461186,0.0445419,0.0429882,0.0414568,0.0399469,0.0384579,0.0369889,0.0355393,0.0341083,0.0326951,0.0312992,0.0299197,0.0285561,0.0272075,0.0258733,0.0245529,0.0232454,0.0219504,0.020667,0.0193946,0.0181326,0.0168803,0.015637,0.0144021,0.0131749,0.0119547,0.010741,0.00953307,0.00833024,0.0071319,0.00593739,0.00474608,0.00355732,0.00237048
1,0.978781,0.957615,0.936553,0.915647,0.894943,0.874483,0.854307,0.834448,0.814936,0.795795,0.777043,0.758696,0.740765,0.723255,0.706169,0.689509,0.673272,0.657452,0.642045,0.627043,0.612436,0.598215,0.58437,0.570892,0.557768,0.544989,0.532543,0.520421,0.508611,0.497103,0.485888,0.474956,0.464297,0.453903,0.443765,0.433875,0.424225,0.414806,0.405612,0.396636,0.387871,0.379311,0.370949,0.362779,0.354796,0.346995,0.339369,0.331914,0.324626,0.317499,0.31053,0.303713,0.297046,0.290523,0.284141,0.277896,0.271786,0.265806,0.259952,0.254223,0.248615,0.243125,0.237749,0.232486,0.227333,0.222286,0.217344,0.212504,0.207763,0.20312,0.198572,0.194116,0.189751,0.185475,0.181286,0.177181,0.173159,0.169218,0.165356,0.161571,0.157862,0.154227,0.150665,0.147173,0.14375,0.140395,0.137106,0.133882,0.130721,0.127621,0.124583,0.121603,0.118682,0.115817,0.113007,0.110251,0.107548,0.104897,0.102296,0.0997451,0.097242,0.0947861,0.0923762,0.0900113,0.0876904,0.0854123,0.0831761,0.0809808,0.0788255,0.076709,0.0746306,0.0725892,0.0705839,0.0686139,0.0666782,0.0647759,0.0629062,0.0610681,0.0592609,0.0574838,0.0557358,0.0540161,0.052324,0.0506587,0.0490193,0.0474051,0.0458153,0.0442491,0.0427058,0.0411846,0.0396848,0.0382057,0.0367465,0.0353065,0.0338849,0.0324811,0.0310944,0.0297241,0.0283694,0.0270297,0.0257043,0.0243925,0.0230937,0.0218071,0.0205322,0.0192681,0.0180144,0.0167702,0.0155351,0.0143082,0.013089,0.0118769,0.0106711,0.00947098,0.00827599,0.00708545,0.00589873,0.00471518,0.00353416,0.00235505
1,0.978267,0.956593,0.935038,0.913656,0.8925,0.871618,0.851051,0.830836,0.811004,0.791579,0.772581,0.754023,0.735915,0.718261,0.701062,0.684317,0.66802,0.652166,0.636744,0.621746,0.60716,0.592975,0.579179,0.56576,0.552705,0.540002,0.527639,0.515604,0.503887,0.492475,0.481357,0.470525,0.459967,0.449675,0.439638,0.429849,0.420299,0.41098,0.401885,0.393005,0.384336,0.375869,0.367598,0.359519,0.351623,0.343908,0.336366,0.328993,0.321784,0.314735,0.307841,0.301098,0.294501,0.288048,0.281733,0.275555,0.269508,0.263589,0.257796,0.252125,0.246574,0.241139,0.235817,0.230606,0.225502,0.220505,0.21561,0.210816,0.20612,0.201521,0.197015,0.1926,0.188275,0.184038,0.179886,0.175818,0.171832,0.167926,0.164097,0.160346,0.156669,0.153065,0.149532,0.14607,0.142676,0.139349,0.136087,0.132889,0.129754,0.12668,0.123666,0.120711,0.117813,0.11497,0.112183,0.109449,0.106767,0.104137,0.101556,0.0990247,0.0965409,0.0941039,0.0917124,0.0893655,0.0870621,0.0848013,0.082582,0.0804032,0.0782639,0.0761632,0.0741002,0.072074,0.0700835,0.068128,0.0662064,0.0643181,0.062462,0.0606374,0.0588433,0.057079,0.0553437,0.0536364,0.0519565,0.0503031,0.0486755,0.0470729,0.0454944,0.0439394,0.0424071,0.0408967,0.0394076,0.0379389,0.03649,0.0350602,0.0336486,0.0322548,0.0308778,0.0295171,0.0281719,0.0268416,0.0255255,0.0242229,0.0229332,0.0216556,0.0203895,0.0191343,0.0178893,0.0166538,0.0154272,0.0142089,0.0129982,0.0117945,0.010597,0.00940529,0.0082186,0.00703632,0.00585783,0.00468249,0.00350966,0.00233873
1,0.977693,0.955454,0.933348,0.91144,0.889785,0.868438,0.847445,0.826844,0.806667,0.78694,0.767681,0.748903,0.730613,0.712814,0.695505,0.678679,0.662331,0.646449,0.631023,0.616041,0.601488,0.587351,0.573616,0.560268,0.547294,0.53468,0.522411,0.510477,0.498862,0.487557,0.476548,0.465826,0.455378,0.445196,0.43527,0.425591,0.416149,0.406937,0.397948,0.389172,0.380605,0.372238,0.364065,0.356081,0.348279,0.340654,0.333201,0.325915,0.318791,0.311824,0.305009,0.298344,0.291823,0.285443,0.279199,0.27309,0.26711,0.261257,0.255527,0.249918,0.244426,0.239048,0.233783,0.228626,0.223576,0.21863,0.213785,0.20904,0.204391,0.199837,0.195376,0.191005,0.186722,0.182525,0.178413,0.174384,0.170435,0.166565,0.162773,0.159055,0.155412,0.151841,0.14834,0.144909,0.141545,0.138247,0.135014,0.131845,0.128737,0.125689,0.122701,0.119771,0.116897,0.114079,0.111315,0.108604,0.105944,0.103336,0.100777,0.0982658,0.0958023,0.0933851,0.091013,0.088685,0.0864002,0.0841575,0.0819559,0.0797944,0.0776721,0.075588,0.0735413,0.0715309,0.0695561,0.0676158,0.0657093,0.0638356,0.0619939,0.0601833,0.0584031,0.0566524,0.0549304,0.0532362,0.0515691,0.0499283,0.0483131,0.0467226,0.0451561,0.0436129,0.0420922,0.0405932,0.0391153,0.0376576,0.0362196,0.0348005,0.0333996,0.0320161,0.0306494,0.0292989,0.0279637,0.0266433,0.025337,0.0240441,0.0227639,0.0214958,0.0202391,0.0189932,0.0177574,0.0165311,0.0153136,0.0141042,0.0129025,0.0117076,0.010519,0.00933603,0.00815809,0.00698452,0.00581471,0.00464802,0.00348383,0.00232151
1,0.977052,0.954181,0.931463,0.908969,0.886764,0.864907,0.843448,0.822428,0.801881,0.781833,0.762302,0.743297,0.724823,0.706881,0.689465,0.672568,0.656177,0.64028,0.624863,0.60991,0.595404,0.581329,0.567669,0.554407,0.541528,0.529016,0.516856,0.505033,0.493535,0.482348,0.471459,0.460857,0.45053,0.440469,0.430662,0.421101,0.411776,0.40268,0.393803,0.385139,0.37668,0.36842,0.360351,0.352468,0.344766,0.337238,0.329879,0.322684,0.315648,0.308768,0.302038,0.295454,0.289012,0.282709,0.276541,0.270504,0.264595,0.25881,0.253147,0.247602,0.242173,0.236856,0.231649,0.22655,0.221555,0.216663,0.211871,0.207176,0.202577,0.198071,0.193656,0.189331,0.185092,0.180938,0.176868,0.172879,0.168969,0.165138,0.161382,0.157701,0.154093,0.150556,0.147089,0.14369,0.140358,0.137091,0.133888,0.130748,0.127668,0.124649,0.121688,0.118784,0.115936,0.113143,0.110403,0.107716,0.10508,0.102494,0.0999576,0.0974687,0.0950265,0.0926301,0.0902783,0.0879703,0.0857048,0.0834812,0.0812981,0.0791549,0.0770504,0.0749838,0.0729541,0.0709604,0.0690019,0.0670777,0.0651869,0.0633286,0.061502,0.0597063,0.0579406,0.0562041,0.054496,0.0528156,0.051162,0.0495345,0.0479322,0.0463546,0.0448006,0.0432698,0.0417612,0.0402742,0.038808,0.037362,0.0359354,0.0345276,0.0331377,0.0317652,0.0304094,0.0290695,0.0277449,0.0264349,0.0251389,0.0238561,0.022586,0.0213278,0.020081,0.0188449,0.0176187,0.016402,0.015194,0.0139942,0.0128018,0.0116163,0.0104369,0.00926323,0.00809447,0.00693007,0.00576937,0.00461179,0.00345667,0.00230342
1,0.976334,0.952756,0.929355,0.90621,0.883397,0.860979,0.839012,0.817541,0.796599,0.776213,0.756398,0.737161,0.718505,0.700425,0.682911,0.665952,0.649533,0.633636,0.618243,0.603335,0.588893,0.574897,0.561329,0.548169,0.5354,0.523005,0.510968,0.499272,0.487902,0.476846,0.466088,0.455618,0.445423,0.435492,0.425815,0.416381,0.407182,0.398209,0.389453,0.380907,0.372564,0.364417,0.356459,0.348684,0.341086,0.333659,0.3264,0.319301,0.31236,0.30557,0.298928,0.29243,0.286072,0.27985,0.27376,0.267799,0.261964,0.256251,0.250657,0.24518,0.239816,0.234563,0.229418,0.224378,0.219442,0.214606,0.209869,0.205227,0.20068,0.196224,0.191858,0.187579,0.183386,0.179277,0.17525,0.171304,0.167435,0.163644,0.159927,0.156284,0.152713,0.149212,0.145779,0.142414,0.139115,0.135881,0.132709,0.129599,0.12655,0.123559,0.120626,0.11775,0.114929,0.112163,0.109449,0.106787,0.104175,0.101613,0.0990999,0.0966337,0.0942139,0.0918392,0.0895088,0.0872215,0.0849765,0.0827726,0.0806091,0.0784849,0.076399,0.0743506,0.0723388,0.0703627,0.0684213,0.0665139,0.0646395,0.0627973,0.0609866,0.0592063,0.0574559,0.0557343,0.0540409,0.0523748,0.0507354,0.0491217,0.0475331,0.0459688,0.0444281,0.0429101,0.0414143,0.0399399,0.0384861,0.0370522,0.0356376,0.0342415,0.0328633,0.0315023,0.0301578,0.0288291,0.0275155,0.0262164,0.0249312,0.0236591,0.0223995,0.0211518,0.0199153,0.0186894,0.0174734,0.0162668,0.0150688,0.0138788,0.0126963,0.0115205,0.010351,0.00918691,0.0080278,0.00687298,0.00572186,0.0045738,0.00342821,0.00228445
1,0.975526,0.951156,0.92699,0.903122,0.879634,0.856601,0.834082,0.812125,0.790764,0.770024,0.749917,0.730448,0.711613,0.693404,0.675805,0.658801,0.64237,0.626491,0.611141,0.596298,0.581939,0.568042,0.554583,0.541544,0.528903,0.516642,0.504743,0.493188,0.481962,0.47105,0.460437,0.45011,0.440058,0.430268,0.42073,0.411433,0.402368,0.393527,0.3849,0.37648,0.36826,0.360232,0.352391,0.344729,0.337242,0.329923,0.322767,0.31577,0.308927,0.302233,0.295683,0.289275,0.283004,0.276867,0.270859,0.264977,0.259219,0.253581,0.24806,0.242653,0.237358,0.232171,0.22709,0.222113,0.217237,0.21246,0.20778,0.203194,0.1987,0.194296,0.189981,0.185752,0.181607,0.177544,0.173563,0.16966,0.165834,0.162084,0.158408,0.154805,0.151272,0.147808,0.144412,0.141082,0.137818,0.134617,0.131478,0.1284,0.125381,0.122421,0.119518,0.116671,0.113878,0.111139,0.108452,0.105816,0.10323,0.100693,0.0982039,0.0957616,0.0933649,0.091013,0.0887047,0.0864392,0.0842154,0.0820323,0.0798891,0.0777848,0.0757184,0.0736891,0.0716959,0.069738,0.0678145,0.0659247,0.0640674,0.0622421,0.0604479,0.0586838,0.0569492,0.0552433,0.0535652,0.0519141,0.0502894,0.0486903,0.0471159,0.0455656,0.0440386,0.0425342,0.0410517,0.0395904,0.0381494,0.0367283,0.0353262,0.0339425,0.0325765,0.0312274,0.0298947,0.0285777,0.0272757,0.025988,0.024714,0.0234531,0.0222045,0.0209677,0.019742,0.0185268,0.0173215,0.0161253,0.0149378,0.0137582,0.012586,0.0114205,0.010261,0.00910712,0.00795808,0.0068133,0.00567217,0.00453409,0.00339844,0.00226461
1,0.974615,0.949353,0.924329,0.899652,0.875419,0.85171,0.828592,0.806114,0.78431,0.763203,0.742801,0.723103,0.704099,0.685775,0.668109,0.651079,0.634658,0.618819,0.603536,0.588782,0.574528,0.560751,0.547424,0.534525,0.522032,0.509923,0.498179,0.486781,0.475714,0.46496,0.454505,0.444334,0.434436,0.424799,0.41541,0.406259,0.397338,0.388637,0.380147,0.37186,0.36377,0.355869,0.34815,0.340608,0.333236,0.32603,0.318984,0.312093,0.305353,0.298758,0.292306,0.285992,0.279812,0.273762,0.26784,0.262041,0.256364,0.250803,0.245358,0.240024,0.2348,0.229682,0.224668,0.219756,0.214943,0.210227,0.205606,0.201077,0.19664,0.19229,0.188028,0.18385,0.179755,0.17574,0.171806,0.167949,0.164168,0.160461,0.156827,0.153264,0.149771,0.146346,0.142988,0.139695,0.136467,0.1333,0.130196,0.127151,0.124165,0.121236,0.118364,0.115546,0.112783,0.110072,0.107413,0.104804,0.102245,0.0997339,0.0972701,0.0948525,0.0924801,0.0901518,0.0878667,0.0856237,0.083422,0.0812606,0.0791385,0.0770549,0.0750088,0.0729993,0.0710256,0.0690867,0.0671819,0.0653102,0.063471,0.0616632,0.0598861,0.058139,0.0564209,0.0547312,0.0530691,0.0514337,0.0498244,0.0482403,0.0466808,0.045145,0.0436324,0.0421421,0.0406735,0.0392258,0.0377984,0.0363905,0.0350014,0.0336306,0.0322772,0.0309407,0.0296204,0.0283155,0.0270255,0.0257498,0.0244875,0.0232382,0.0220012,0.0207757,0.0195613,0.0183573,0.017163,0.0159778,0.0148012,0.0136324,0.0124709,0.011316,0.0101672,0.00902388,0.00788535,0.00675104,0.00562035,0.00449266,0.00336739,0.00224392
1,0.973583,0.94731,0.921321,0.89574,0.87068,0.84623,0.822463,0.799429,0.777163,0.75568,0.734983,0.715065,0.695908,0.677489,0.65978,0.64275,0.626366,0.610596,0.595407,0.580767,0.566646,0.553013,0.539841,0.527105,0.51478,0.502843,0.491273,0.48005,0.469157,0.458577,0.448293,0.438292,0.428561,0.419086,0.409857,0.400863,0.392095,0.383542,0.375197,0.367051,0.359098,0.35133,0.34374,0.336324,0.329074,0.321985,0.315054,0.308273,0.30164,0.29515,0.288799,0.282582,0.276497,0.270539,0.264706,0.258993,0.253399,0.24792,0.242553,0.237295,0.232144,0.227098,0.222154,0.217309,0.212561,0.207908,0.203349,0.19888,0.1945,0.190207,0.185999,0.181874,0.177831,0.173867,0.169981,0.166171,0.162436,0.158774,0.155184,0.151664,0.148212,0.144827,0.141508,0.138254,0.135062,0.131932,0.128863,0.125852,0.1229,0.120004,0.117163,0.114377,0.111644,0.108963,0.106333,0.103752,0.101221,0.0987365,0.096299,0.0939071,0.0915598,0.0892561,0.086995,0.0847755,0.0825968,0.0804579,0.0783578,0.0762956,0.0742706,0.0722817,0.0703282,0.0684091,0.0665237,0.064671,0.0628503,0.0610608,0.0593016,0.057572,0.0558712,0.0541984,0.0525528,0.0509337,0.0493404,0.047772,0.0462279,0.0447074,0.0432097,0.0417341,0.0402799,0.0388464,0.037433,0.0360389,0.0346634,0.0333059,0.0319658,0.0306423,0.0293348,0.0280426,0.0267652,0.0255018,0.0242518,0.0230145,0.0217894,0.0205759,0.0193732,0.0181808,0.016998,0.0158243,0.0146589,0.0135014,0.0123511,0.0112074,0.0100696,0.00893724,0.00780964,0.00668623,0.00556639,0.00444954,0.00333507,0.00222239
1,0.972406,0.944985,0.917904,0.89131,0.86533,0.840069,0.815601,0.791979,0.769233,0.747371,0.726389,0.706268,0.686982,0.668497,0.650775,0.633778,0.617464,0.601796,0.586733,0.572238,0.558278,0.544818,0.531828,0.519279,0.507145,0.495401,0.484024,0.472995,0.462293,0.451902,0.441804,0.431986,0.422434,0.413134,0.404076,0.395248,0.386642,0.378246,0.370054,0.362057,0.354248,0.346619,0.339165,0.33188,0.324757,0.317792,0.310979,0.304314,0.297793,0.291411,0.285165,0.27905,0.273063,0.2672,0.261459,0.255836,0.250328,0.244933,0.239647,0.234468,0.229394,0.224421,0.219549,0.214773,0.210093,0.205506,0.20101,0.196603,0.192283,0.188048,0.183897,0.179827,0.175837,0.171925,0.168089,0.164328,0.160641,0.157026,0.15348,0.150004,0.146595,0.143252,0.139974,0.136759,0.133606,0.130513,0.12748,0.124505,0.121587,0.118725,0.115918,0.113164,0.110462,0.107812,0.105212,0.102661,0.100157,0.0977013,0.0952911,0.0929258,0.0906046,0.0883263,0.0860901,0.083895,0.0817401,0.0796245,0.0775472,0.0755074,0.0735042,0.0715367,0.0696041,0.0677055,0.0658402,0.0640072,0.0622058,0.0604352,0.0586946,0.0569832,0.0553003,0.053645,0.0520166,0.0504144,0.0488377,0.0472857,0.0457576,0.0442528,0.0427706,0.0413103,0.0398711,0.0384523,0.0370534,0.0356736,0.0343123,0.0329687,0.0316423,0.0303323,0.0290381,0.0277591,0.0264947,0.0252441,0.0240068,0.0227822,0.0215695,0.0203682,0.0191778,0.0179974,0.0168266,0.0156647,0.0145112,0.0133653,0.0122266,0.0110944,0.00996817,0.00884721,0.00773099,0.00661889,0.00551034,0.00440473,0.00330149,0.00220001
1,0.971056,0.942322,0.914,0.886265,0.859265,0.833115,0.807895,0.783656,0.760419,0.738185,0.716936,0.69664,0.677257,0.658743,0.641048,0.624124,0.607921,0.592393,0.577493,0.56318,0.549413,0.536157,0.523377,0.511042,0.499124,0.487595,0.476434,0.465616,0.455124,0.444938,0.435042,0.42542,0.41606,0.406947,0.39807,0.389419,0.380984,0.372754,0.364723,0.356882,0.349224,0.341741,0.334429,0.32728,0.32029,0.313453,0.306764,0.30022,0.293815,0.287545,0.281407,0.275397,0.269512,0.263748,0.258102,0.252572,0.247153,0.241845,0.236643,0.231545,0.22655,0.221654,0.216855,0.212152,0.207541,0.203022,0.198591,0.194248,0.18999,0.185815,0.181722,0.177709,0.173774,0.169915,0.166132,0.162422,0.158784,0.155216,0.151718,0.148287,0.144922,0.141622,0.138385,0.135211,0.132098,0.129044,0.126049,0.123111,0.120229,0.117402,0.114628,0.111908,0.109239,0.10662,0.104051,0.10153,0.0990562,0.0966289,0.0942469,0.0919093,0.0896149,0.087363,0.0851526,0.0829827,0.0808524,0.0787609,0.0767072,0.0746905,0.0727098,0.0707645,0.0688536,0.0669763,0.0651317,0.0633192,0.0615378,0.0597868,0.0580654,0.0563729,0.0547085,0.0530714,0.0514608,0.0498761,0.0483166,0.0467815,0.04527,0.0437816,0.0423154,0.0408708,0.0394472,0.0380438,0.0366599,0.0352949,0.0339482,0.032619,0.0313068,0.0300108,0.0287305,0.0274652,0.0262142,0.024977,0.0237529,0.0225412,0.0213414,0.0201529,0.0189751,0.0178073,0.0166488,0.0154993,0.0143579,0.0132242,0.0120976,0.0109773,0.00986297,0.00875386,0.00764941,0.00654906,0.00545221,0.00435827,0.00326666,0.00217681
1,0.969494,0.939249,0.909509,0.880485,0.85235,0.825231,0.79921,0.774331,0.750605,0.728017,0.706531,0.686099,0.666667,0.648172,0.630554,0.613752,0.597707,0.582364,0.56767,0.553578,0.540042,0.527024,0.514486,0.502393,0.490717,0.479428,0.468503,0.457918,0.447653,0.43769,0.42801,0.418599,0.409443,0.400529,0.391845,0.38338,0.375125,0.367071,0.359208,0.351531,0.34403,0.336701,0.329536,0.32253,0.315677,0.308973,0.302413,0.295993,0.289708,0.283555,0.27753,0.271628,0.265848,0.260186,0.254639,0.249204,0.243878,0.238658,0.233543,0.228529,0.223615,0.218798,0.214076,0.209446,0.204908,0.200458,0.196095,0.191817,0.187623,0.18351,0.179477,0.175522,0.171644,0.16784,0.16411,0.160453,0.156865,0.153347,0.149896,0.146512,0.143193,0.139937,0.136744,0.133612,0.130539,0.127525,0.124569,0.121669,0.118824,0.116033,0.113295,0.110609,0.107973,0.105387,0.10285,0.100361,0.0979174,0.0955199,0.0931671,0.0908579,0.0885914,0.0863667,0.0841828,0.0820389,0.0799341,0.0778675,0.0758382,0.0738453,0.0718881,0.0699656,0.0680771,0.0662218,0.0643988,0.0626073,0.0608466,0.0591158,0.0574144,0.0557413,0.054096,0.0524777,0.0508856,0.049319,0.0477773,0.0462596,0.0447653,0.0432938,0.0418442,0.040416,0.0390084,0.0376208,0.0362525,0.0349029,0.0335713,0.0322571,0.0309595,0.0296781,0.0284121,0.0271609,0.0259239,0.0247004,0.0234899,0.0222918,0.0211054,0.01993,0.0187653,0.0176104,0.0164648,0.015328,0.0141993,0.0130781,0.011964,0.0108561,0.00975406,0.0086572,0.00756497,0.00647676,0.00539202,0.00431016,0.00323061,0.00215278
1,0.967672,0.935672,0.904301,0.873818,0.844421,0.81625,0.789384,0.763855,0.739656,0.716747,0.695073,0.674563,0.65514,0.636727,0.619247,0.602626,0.586795,0.571689,0.557249,0.543422,0.530159,0.517415,0.505152,0.493333,0.481926,0.470903,0.460237,0.449906,0.439887,0.430163,0.420715,0.411529,0.402591,0.393887,0.385406,0.377138,0.369073,0.361201,0.353516,0.346009,0.338673,0.331502,0.32449,0.317632,0.310923,0.304357,0.29793,0.291639,0.285478,0.279445,0.273535,0.267747,0.262075,0.256518,0.251072,0.245735,0.240504,0.235376,0.23035,0.225423,0.220592,0.215856,0.211212,0.206659,0.202194,0.197816,0.193522,0.189312,0.185183,0.181134,0.177162,0.173268,0.169448,0.165701,0.162026,0.158422,0.154887,0.151419,0.148018,0.144682,0.141409,0.138199,0.13505,0.131961,0.128931,0.125959,0.123042,0.120181,0.117375,0.114621,0.111919,0.109268,0.106667,0.104115,0.101611,0.0991534,0.0967417,0.0943749,0.0920521,0.0897722,0.0875344,0.0853378,0.0831813,0.0810643,0.0789857,0.0769448,0.0749406,0.0729724,0.0710392,0.0691404,0.067275,0.0654423,0.0636415,0.0618718,0.0601324,0.0584226,0.0567416,0.0550888,0.0534632,0.0518643,0.0502912,0.0487433,0.0472199,0.0457203,0.0442438,0.0427897,0.0413573,0.0399459,0.038555,0.0371837,0.0358315,0.0344978,0.0331818,0.031883,0.0306006,0.0293342,0.0280829,0.0268463,0.0256238,0.0244146,0.0232182,0.022034,0.0208613,0.0196997,0.0185484,0.0174069,0.0162746,0.015151,0.0140353,0.0129271,0.0118258,0.0107308,0.00964147,0.00855729,0.00747767,0.00640203,0.00532981,0.00426044,0.00319334,0.00212794
1,0.965523,0.931465,0.898207,0.866065,0.835268,0.805963,0.778222,0.752052,0.727416,0.704246,0.682454,0.661941,0.642606,0.624352,0.607084,0.590713,0.57516,0.56035,0.546219,0.532706,0.519759,0.50733,0.495378,0.483865,0.472757,0.462025,0.451642,0.441584,0.431831,0.422364,0.413164,0.404217,0.395509,0.387028,0.378761,0.370699,0.362833,0.355153,0.347651,0.340322,0.333157,0.326151,0.319299,0.312594,0.306032,0.299609,0.29332,0.287161,0.281128,0.275219,0.269429,0.263755,0.258195,0.252746,0.247404,0.242168,0.237034,0.232001,0.227066,0.222228,0.217483,0.21283,0.208266,0.203791,0.199402,0.195097,0.190875,0.186734,0.182673,0.178688,0.174781,0.170947,0.167187,0.163499,0.159881,0.156332,0.15285,0.149434,0.146084,0.142797,0.139573,0.13641,0.133306,0.130262,0.127275,0.124344,0.121469,0.118649,0.115881,0.113166,0.110501,0.107887,0.105321,0.102804,0.100333,0.0979089,0.0955297,0.0931945,0.0909025,0.0886529,0.0864446,0.0842768,0.0821487,0.0800592,0.0780077,0.0759932,0.074015,0.0720721,0.0701638,0.0682892,0.0664477,0.0646383,0.0628604,0.0611131,0.0593957,0.0577075,0.0560476,0.0544155,0.0528103,0.0512313,0.0496779,0.0481493,0.0466449,0.0451639,0.0437057,0.0422695,0.0408548,0.0394609,0.0380871,0.0367327,0.0353971,0.0340797,0.0327799,0.0314969,0.0302302,0.0289792,0.0277433,0.0265217,0.025314,0.0241195,0.0229377,0.0217678,0.0206094,0.0194619,0.0183245,0.0171969,0.0160783,0.0149682,0.0138661,0.0127713,0.0116833,0.0106014,0.00952528,0.00845417,0.00738756,0.00632489,0.0052656,0.00420911,0.00315487,0.00210231
1,0.962954,0.926457,0.890999,0.856967,0.824624,0.794116,0.765489,0.738715,0.713713,0.690369,0.668556,0.648142,0.628995,0.610994,0.594025,0.577986,0.562784,0.548337,0.534574,0.521428,0.508844,0.496773,0.485169,0.473995,0.463216,0.452802,0.442725,0.432964,0.423495,0.414302,0.405365,0.396672,0.388207,0.379959,0.371917,0.364071,0.356412,0.348931,0.341622,0.334477,0.327489,0.320654,0.313966,0.307419,0.30101,0.294734,0.288586,0.282564,0.276663,0.270881,0.265213,0.259658,0.254213,0.248874,0.243639,0.238506,0.233473,0.228536,0.223695,0.218947,0.21429,0.209722,0.205242,0.200846,0.196535,0.192305,0.188156,0.184086,0.180093,0.176176,0.172333,0.168563,0.164864,0.161235,0.157675,0.154182,0.150756,0.147394,0.144095,0.140859,0.137684,0.134569,0.131512,0.128513,0.125571,0.122684,0.119851,0.117072,0.114344,0.111668,0.109042,0.106465,0.103936,0.101454,0.0990183,0.096628,0.0942819,0.0919792,0.089719,0.0875004,0.0853225,0.0831844,0.0810852,0.0790242,0.0770005,0.0750132,0.0730616,0.0711448,0.069262,0.0674125,0.0655954,0.0638101,0.0620557,0.0603315,0.0586367,0.0569707,0.0553326,0.0537219,0.0521376,0.0505793,0.0490461,0.0475373,0.0460524,0.0445906,0.0431512,0.0417336,0.0403371,0.0389611,0.0376049,0.0362679,0.0349494,0.0336489,0.0323656,0.031099,0.0298485,0.0286134,0.0273932,0.0261872,0.0249948,0.0238155,0.0226486,0.0214936,0.0203498,0.0192168,0.0180938,0.0169804,0.0158759,0.0147799,0.0136916,0.0126106,0.0115363,0.0104681,0.0094055,0.00834787,0.00729468,0.00624538,0.00519941,0.0041562,0.00311521,0.00207589
1,0.959835,0.920411,0.882367,0.84618,0.812145,0.780387,0.750906,0.723609,0.698352,0.674963,0.653263,0.633077,0.614241,0.596606,0.58004,0.564424,0.549656,0.535645,0.522313,0.509592,0.497422,0.485751,0.474535,0.463734,0.453314,0.443245,0.433499,0.424055,0.41489,0.405987,0.397329,0.388902,0.380693,0.37269,0.364883,0.357262,0.349818,0.342545,0.335434,0.32848,0.321676,0.315017,0.308498,0.302114,0.295862,0.289737,0.283735,0.277852,0.272087,0.266435,0.260893,0.255459,0.250131,0.244905,0.23978,0.234753,0.229822,0.224985,0.220239,0.215584,0.211017,0.206536,0.20214,0.197826,0.193594,0.189442,0.185367,0.18137,0.177447,0.173598,0.169822,0.166116,0.16248,0.158912,0.155411,0.151976,0.148606,0.145298,0.142053,0.138869,0.135744,0.132678,0.129669,0.126717,0.12382,0.120978,0.118188,0.115451,0.112765,0.110129,0.107542,0.105003,0.102512,0.100066,0.0976666,0.0953111,0.0929991,0.0907298,0.0885022,0.0863154,0.0841686,0.082061,0.0799917,0.0779598,0.0759646,0.0740053,0.072081,0.070191,0.0683345,0.0665106,0.0647188,0.0629581,0.0612279,0.0595274,0.0578559,0.0562127,0.054597,0.0530082,0.0514455,0.0499083,0.0483959,0.0469076,0.0454427,0.0440005,0.0425805,0.041182,0.0398042,0.0384467,0.0371086,0.0357895,0.0344886,0.0332054,0.0319392,0.0306895,0.0294556,0.0282369,0.0270329,0.0258428,0.0246662,0.0235025,0.022351,0.0212113,0.0200826,0.0189645,0.0178563,0.0167576,0.0156676,0.014586,0.013512,0.0124452,0.011385,0.0103309,0.0092822,0.00823845,0.00719908,0.00616353,0.00513127,0.00410174,0.00307439,0.00204869
1,0.955977,0.912984,0.871878,0.833244,0.797388,0.764383,0.734139,0.706465,0.681125,0.657871,0.636458,0.616664,0.598287,0.581152,0.565106,0.550018,0.535773,0.522277,0.509445,0.497208,0.485503,0.474279,0.46349,0.453097,0.443066,0.433368,0.423977,0.41487,0.406028,0.397432,0.389067,0.38092,0.372979,0.365231,0.357668,0.350281,0.343061,0.336002,0.329096,0.322339,0.315724,0.309246,0.302901,0.296685,0.290594,0.284623,0.27877,0.273032,0.267404,0.261886,0.256473,0.251163,0.245954,0.240845,0.235831,0.230912,0.226085,0.221349,0.216702,0.212141,0.207666,0.203273,0.198963,0.194733,0.190582,0.186508,0.18251,0.178586,0.174736,0.170957,0.167248,0.163608,0.160036,0.156531,0.15309,0.149714,0.146401,0.14315,0.139959,0.136827,0.133754,0.130739,0.127779,0.124875,0.122024,0.119227,0.116482,0.113788,0.111144,0.108549,0.106002,0.103503,0.10105,0.0986421,0.0962787,0.093959,0.091682,0.0894468,0.0872525,0.0850984,0.0829836,0.0809072,0.0788684,0.0768665,0.0749006,0.0729699,0.0710737,0.0692112,0.0673815,0.0655841,0.0638181,0.0620827,0.0603773,0.0587012,0.0570536,0.0554338,0.053841,0.0522748,0.0507342,0.0492188,0.0477277,0.0462603,0.044816,0.0433942,0.041994,0.0406151,0.0392565,0.0379179,0.0365985,0.0352977,0.0340149,0.0327496,0.0315009,0.0302685,0.0290517,0.0278499,0.0266624,0.0254888,0.0243284,0.0231807,0.0220451,0.020921,0.0198079,0.0187051,0.0176121,0.0165285,0.0154535,0.0143866,0.0133274,0.0122752,0.0112295,0.0101898,0.00915543,0.00812595,0.00710077,0.00607938,0.00506121,0.00404574,0.00303242,0.00202072
1,0.951089,0.903671,0.858916,0.81753,0.779782,0.745621,0.714801,0.686987,0.661815,0.638937,0.618036,0.598835,0.581094,0.564612,0.549218,0.534769,0.521146,0.508247,0.495987,0.484294,0.473107,0.462375,0.452052,0.442101,0.43249,0.423189,0.414175,0.405426,0.396924,0.388651,0.380593,0.372739,0.365075,0.357593,0.350283,0.343138,0.336149,0.329311,0.322617,0.316062,0.309641,0.303349,0.297183,0.291138,0.285211,0.279399,0.273699,0.268107,0.262621,0.257238,0.251956,0.246773,0.241687,0.236695,0.231795,0.226986,0.222266,0.217633,0.213085,0.208621,0.204239,0.199937,0.195715,0.19157,0.187501,0.183507,0.179587,0.175739,0.171961,0.168253,0.164614,0.161041,0.157534,0.154092,0.150714,0.147398,0.144144,0.140949,0.137814,0.134736,0.131716,0.128752,0.125842,0.122987,0.120184,0.117433,0.114733,0.112083,0.109483,0.10693,0.104424,0.101965,0.099551,0.0971815,0.0948556,0.0925724,0.0903312,0.0881309,0.0859709,0.0838501,0.081768,0.0797236,0.0777161,0.0757448,0.0738089,0.0719076,0.0700401,0.0682057,0.0664037,0.0646333,0.0628937,0.0611843,0.0595044,0.0578532,0.0562301,0.0546342,0.0530651,0.0515219,0.0500041,0.0485109,0.0470417,0.0455959,0.0441727,0.0427716,0.0413919,0.040033,0.0386943,0.037375,0.0360748,0.0347928,0.0335286,0.0322815,0.0310509,0.0298363,0.028637,0.0274524,0.0262821,0.0251253,0.0239816,0.0228503,0.021731,0.020623,0.0195257,0.0184387,0.0173614,0.0162932,0.0152335,0.0141819,0.0131378,0.0121006,0.0110698,0.0100449,0.00902524,0.0080104,0.00699982,0.00599295,0.00498926,0.00398823,0.00298932,0.001992
1,0.944709,0.891694,0.842586,0.79818,0.758591,0.723517,0.69246,0.664868,0.640213,0.618029,0.597917,0.579547,0.562644,0.546985,0.532387,0.518699,0.505798,0.493581,0.481964,0.470877,0.460261,0.450064,0.440246,0.430771,0.421607,0.412728,0.404113,0.39574,0.387594,0.379659,0.371921,0.364371,0.356996,0.349788,0.34274,0.335844,0.329093,0.322481,0.316004,0.309657,0.303434,0.297333,0.291349,0.28548,0.279721,0.274071,0.268525,0.263083,0.257741,0.252497,0.247348,0.242294,0.237332,0.23246,0.227677,0.22298,0.218368,0.213839,0.209393,0.205027,0.20074,0.19653,0.192397,0.188339,0.184354,0.180441,0.1766,0.172828,0.169125,0.16549,0.161921,0.158417,0.154976,0.151599,0.148284,0.145029,0.141834,0.138698,0.135619,0.132597,0.12963,0.126718,0.12386,0.121054,0.1183,0.115597,0.112943,0.110338,0.107781,0.105272,0.102808,0.10039,0.0980158,0.0956855,0.0933978,0.0911521,0.0889473,0.0867828,0.0846577,0.0825712,0.0805224,0.0785108,0.0765353,0.0745953,0.0726901,0.0708188,0.0689807,0.0671752,0.0654014,0.0636586,0.0619462,0.0602634,0.0586095,0.0569839,0.0553857,0.0538145,0.0522695,0.0507501,0.0492555,0.0477851,0.0463383,0.0449145,0.043513,0.0421332,0.0407744,0.0394361,0.0381176,0.0368183,0.0355376,0.034275,0.0330298,0.0318015,0.0305893,0.0293929,0.0282116,0.0270448,0.0258919,0.0247524,0.0236258,0.0225114,0.0214087,0.0203172,0.0192363,0.0181655,0.0171042,0.0160518,0.0150079,0.0139719,0.0129433,0.0119215,0.0109059,0.0098962,0.00889168,0.00789187,0.00689625,0.00590429,0.00491545,0.00392923,0.0029451,0.00196253
1,0.936052,0.875811,0.821556,0.774012,0.732884,0.697398,0.666656,0.639813,0.616142,0.59505,0.576059,0.558793,0.542953,0.528301,0.514648,0.501844,0.489767,0.478318,0.467416,0.456994,0.446997,0.437379,0.428102,0.419132,0.410442,0.402009,0.393812,0.385833,0.378058,0.370474,0.363068,0.355831,0.348754,0.34183,0.33505,0.32841,0.321902,0.315523,0.309268,0.303133,0.297113,0.291206,0.285408,0.279717,0.274129,0.268643,0.263256,0.257965,0.25277,0.247666,0.242654,0.237731,0.232895,0.228145,0.223479,0.218895,0.214394,0.209971,0.205628,0.201361,0.197171,0.193055,0.189012,0.185042,0.181142,0.177312,0.173551,0.169858,0.16623,0.162669,0.159171,0.155736,0.152364,0.149053,0.145801,0.142609,0.139475,0.136398,0.133377,0.13041,0.127499,0.12464,0.121833,0.119078,0.116374,0.113719,0.111112,0.108553,0.106041,0.103575,0.101155,0.0987782,0.0964452,0.0941548,0.0919062,0.0896986,0.0875312,0.0854031,0.0833137,0.0812621,0.0792475,0.0772692,0.0753265,0.0734186,0.0715447,0.0697041,0.0678961,0.06612,0.0643751,0.0626606,0.0609759,0.0593202,0.057693,0.0560935,0.0545211,0.052975,0.0514547,0.0499594,0.0484886,0.0470416,0.0456178,0.0442165,0.0428372,0.0414791,0.0401418,0.0388245,0.0375268,0.0362479,0.0349873,0.0337445,0.0325188,0.0313096,0.0301164,0.0289386,0.0277757,0.026627,0.0254921,0.0243703,0.0232612,0.0221641,0.0210785,0.0200039,0.0189398,0.0178855,0.0168406,0.0158045,0.0147767,0.0137567,0.012744,0.0117379,0.010738,0.00974384,0.00875481,0.0077704,0.00679011,0.00581342,0.00483981,0.00386877,0.00289978,0.00193233
1,0.923687,0.853944,0.793815,0.74343,0.701536,0.666536,0.636955,0.611586,0.589494,0.56997,0.552479,0.536617,0.522075,0.508618,0.496063,0.484266,0.473112,0.462511,0.45239,0.442689,0.433358,0.424357,0.415653,0.407217,0.399025,0.391057,0.383296,0.375727,0.368337,0.361114,0.354051,0.347137,0.340366,0.333731,0.327227,0.320848,0.314589,0.308447,0.302418,0.296498,0.290685,0.284976,0.279367,0.273857,0.268443,0.263124,0.257897,0.25276,0.247713,0.242752,0.237877,0.233087,0.228379,0.223752,0.219205,0.214738,0.210347,0.206033,0.201793,0.197628,0.193535,0.189514,0.185563,0.181682,0.177869,0.174123,0.170443,0.166829,0.163278,0.159791,0.156366,0.153002,0.149699,0.146454,0.143268,0.140139,0.137067,0.13405,0.131087,0.128178,0.125322,0.122517,0.119764,0.11706,0.114406,0.1118,0.109242,0.10673,0.104264,0.101842,0.0994651,0.0971313,0.0948399,0.0925903,0.0903814,0.0882128,0.0860834,0.0839926,0.0819395,0.0799235,0.0779438,0.0759997,0.0740903,0.0722151,0.0703732,0.068564,0.0667867,0.0650407,0.0633252,0.0616396,0.0599832,0.0583554,0.0567554,0.0551826,0.0536363,0.052116,0.0506209,0.0491504,0.0477039,0.0462809,0.0448805,0.0435023,0.0421456,0.0408098,0.0394944,0.0381987,0.0369221,0.0356641,0.0344241,0.0332015,0.0319957,0.0308061,0.0296323,0.0284736,0.0273295,0.0261995,0.0250829,0.0239792,0.022888,0.0218086,0.0207405,0.0196832,0.0186362,0.0175989,0.0165707,0.0155513,0.01454,0.0135364,0.0125399,0.01155,0.0105661,0.00958787,0.00861468,0.00764604,0.00668145,0.00572039,0.00476237,0.00380687,0.00285338,0.00190142
1,0.904752,0.822463,0.75633,0.704355,0.663296,0.630257,0.603042,0.580082,0.560279,0.542859,0.527272,0.513121,0.500115,0.488037,0.476723,0.466045,0.455906,0.446228,0.436947,0.428016,0.419392,0.411043,0.40294,0.395062,0.387388,0.379903,0.372593,0.365446,0.358451,0.351601,0.344888,0.338305,0.331847,0.325507,0.319283,0.31317,0.307165,0.301264,0.295465,0.289764,0.28416,0.27865,0.273233,0.267907,0.262669,0.257518,0.252453,0.247473,0.242575,0.237759,0.233024,0.228367,0.223789,0.219287,0.214861,0.210509,0.206232,0.202026,0.197893,0.193829,0.189836,0.18591,0.182053,0.178261,0.174536,0.170875,0.167278,0.163744,0.160271,0.15686,0.153508,0.150216,0.146982,0.143806,0.140685,0.137621,0.134611,0.131655,0.128752,0.125901,0.123101,0.120352,0.117652,0.115001,0.112398,0.109842,0.107333,0.104868,0.102449,0.100073,0.0977403,0.0954498,0.0932009,0.0909926,0.0888244,0.0866953,0.0846047,0.0825518,0.0805359,0.0785562,0.076612,0.0747026,0.0728273,0.0709854,0.0691762,0.0673989,0.065653,0.0639376,0.0622523,0.0605962,0.0589687,0.0573692,0.055797,0.0542514,0.052732,0.0512379,0.0497686,0.0483234,0.0469018,0.045503,0.0441267,0.042772,0.0414385,0.0401255,0.0388324,0.0375587,0.0363038,0.0350671,0.0338481,0.0326462,0.0314608,0.0302913,0.0291373,0.0279981,0.0268732,0.0257622,0.0246643,0.0235792,0.0225063,0.021445,0.0203948,0.0193552,0.0183257,0.0173057,0.0162948,0.0152923,0.014298,0.0133111,0.0123312,0.0113577,0.0103903,0.00942833,0.00847135,0.00751884,0.0065703,0.00562524,0.00468316,0.00374355,0.00280593,0.00186979
1,0.872858,0.774826,0.704687,0.654366,0.617038,0.588155,0.564874,0.545425,0.528684,0.513917,0.50063,0.488482,0.477229,0.466695,0.456748,0.447289,0.438243,0.429548,0.421159,0.413038,0.405155,0.397484,0.390007,0.382706,0.375567,0.368578,0.361731,0.355016,0.348426,0.341956,0.3356,0.329353,0.323213,0.317174,0.311234,0.305391,0.299642,0.293985,0.288418,0.282939,0.277546,0.272239,0.267015,0.261874,0.256814,0.251834,0.246932,0.242109,0.237363,0.232693,0.228098,0.223577,0.219129,0.214753,0.210449,0.206215,0.202051,0.197956,0.193929,0.189969,0.186075,0.182247,0.178483,0.174783,0.171146,0.167571,0.164058,0.160604,0.157211,0.153876,0.150599,0.14738,0.144216,0.141109,0.138055,0.135056,0.13211,0.129216,0.126373,0.123581,0.120839,0.118145,0.1155,0.112903,0.110351,0.107846,0.105386,0.10297,0.100598,0.0982684,0.0959809,0.0937346,0.0915287,0.0893627,0.0872357,0.085147,0.0830958,0.0810816,0.0791034,0.0771607,0.0752527,0.0733787,0.0715381,0.0697302,0.0679542,0.0662095,0.0644955,0.0628115,0.0611568,0.0595307,0.0579327,0.0563621,0.0548183,0.0533006,0.0518083,0.0503411,0.048898,0.0474787,0.0460824,0.0447086,0.0433567,0.0420261,0.0407161,0.0394264,0.0381562,0.036905,0.0356722,0.0344573,0.0332597,0.0320789,0.0309142,0.0297653,0.0286315,0.0275122,0.026407,0.0253154,0.0242367,0.0231705,0.0221162,0.0210734,0.0200415,0.01902,0.0180084,0.0170061,0.0160127,0.0150277,0.0140506,0.0130808,0.0121178,0.0111613,0.0102106,0.0092653,0.00832488,0.00738885,0.00645672,0.005528,0.0046022,0.00367884,0.00275743,0.00183748
1,0.811854,0.699298,0.633225,0.591386,0.562335,0.540451,0.522875,0.50806,0.495115,0.483496,0.472852,0.462949,0.453626,0.444767,0.436288,0.428124,0.42023,0.412566,0.405106,0.397826,0.390708,0.383737,0.376901,0.370191,0.363598,0.357116,0.35074,0.344465,0.338286,0.332201,0.326207,0.320301,0.314481,0.308746,0.303094,0.297523,0.292033,0.286621,0.281288,0.276032,0.270853,0.265749,0.26072,0.255766,0.250884,0.246076,0.24134,0.236675,0.232082,0.227558,0.223104,0.21872,0.214403,0.210155,0.205973,0.201858,0.197809,0.193825,0.189905,0.186049,0.182256,0.178526,0.174857,0.171249,0.167702,0.164214,0.160785,0.157413,0.1541,0.150842,0.147641,0.144495,0.141403,0.138365,0.135379,0.132446,0.129564,0.126733,0.123951,0.121219,0.118535,0.115898,0.113308,0.110765,0.108267,0.105813,0.103403,0.101036,0.0987122,0.0964295,0.0941879,0.0919864,0.0898245,0.0877013,0.0856163,0.0835686,0.0815576,0.0795825,0.0776428,0.0757377,0.0738665,0.0720286,0.0702233,0.0684499,0.0667078,0.0649963,0.0633148,0.0616627,0.0600392,0.0584438,0.0568758,0.0553346,0.0538197,0.0523303,0.0508659,0.0494259,0.0480097,0.0466166,0.0452462,0.0438978,0.0425708,0.0412647,0.0399789,0.0387128,0.037466,0.0362377,0.0350275,0.0338348,0.032659,0.0314997,0.0303564,0.0292283,0.0281151,0.0270162,0.0259311,0.0248592,0.0238001,0.0227532,0.0217181,0.0206941,0.0196808,0.0186778,0.0176844,0.0167002,0.0157248,0.0147575,0.013798,0.0128457,0.0119001,0.0109607,0.0100271,0.00909884,0.00817533,0.00725612,0.00634074,0.00542871,0.00451955,0.00361277,0.00270791,0.00180448
1,0.675261,0.577286,0.53753,0.51562,0.500465,0.48844,0.478115,0.468827,0.460223,0.4521,0.444333,0.436839,0.429562,0.422462,0.415513,0.408693,0.401987,0.395385,0.388876,0.382455,0.376117,0.369857,0.363673,0.357562,0.351522,0.345553,0.339653,0.333821,0.328057,0.32236,0.31673,0.311167,0.30567,0.30024,0.294877,0.28958,0.284349,0.279185,0.274087,0.269055,0.26409,0.259191,0.254357,0.24959,0.244889,0.240253,0.235682,0.231177,0.226736,0.22236,0.218049,0.213801,0.209617,0.205496,0.201438,0.197442,0.193509,0.189636,0.185825,0.182074,0.178383,0.174751,0.171178,0.167663,0.164205,0.160805,0.157461,0.154173,0.150939,0.14776,0.144635,0.141563,0.138544,0.135576,0.132659,0.129792,0.126976,0.124208,0.121488,0.118816,0.116191,0.113612,0.111078,0.108589,0.106145,0.103743,0.101385,0.0990678,0.0967923,0.0945573,0.0923622,0.0902063,0.0880889,0.0860093,0.0839668,0.0819608,0.0799905,0.0780554,0.0761547,0.0742879,0.0724541,0.0706529,0.0688835,0.0671453,0.0654376,0.0637599,0.0621114,0.0604917,0.0589,0.0573358,0.0557984,0.0542872,0.0528016,0.0513411,0.0499051,0.0484929,0.0471039,0.0457377,0.0443936,0.043071,0.0417695,0.0404883,0.0392271,0.0379852,0.036762,0.0355571,0.0343699,0.0331998,0.0320464,0.0309091,0.0297873,0.0286806,0.0275884,0.0265103,0.0254456,0.0243939,0.0233548,0.0223276,0.0213119,0.0203071,0.0193129,0.0183287,0.0173539,0.0163882,0.015431,0.0144819,0.0135403,0.0126058,0.0116779,0.0107561,0.00983997,0.00892901,0.00802275,0.00712071,0.00622242,0.00532742,0.00443522,0.00354537,0.00265739,0.00177081
0,0.311906,0.397054,0.423991,0.433097,0.435466,0.43473,0.432321,0.42891,0.42485,0.420352,0.415544,0.410514,0.405321,0.40001,0.394611,0.38915,0.383645,0.378111,0.372561,0.367005,0.36145,0.355905,0.350375,0.344865,0.33938,0.333925,0.328501,0.323113,0.317764,0.312456,0.307191,0.30197,0.296797,0.291673,0.286598,0.281575,0.276604,0.271687,0.266825,0.262017,0.257266,0.252572,0.247934,0.243355,0.238833,0.23437,0.229965,0.22562,0.221333,0.217105,0.212936,0.208825,0.204774,0.200782,0.196848,0.192972,0.189154,0.185394,0.181691,0.178046,0.174457,0.170924,0.167447,0.164026,0.160659,0.157347,0.154089,0.150884,0.147732,0.144632,0.141584,0.138587,0.13564,0.132743,0.129896,0.127097,0.124346,0.121642,0.118985,0.116374,0.113808,0.111288,0.108811,0.106378,0.103987,0.101639,0.0993317,0.0970654,0.0948393,0.0926526,0.0905048,0.088395,0.0863228,0.0842873,0.0822881,0.0803244,0.0783955,0.0765009,0.0746399,0.0728119,0.0710162,0.0692521,0.0675192,0.0658167,0.0641441,0.0625007,0.0608859,0.0592991,0.0577398,0.0562072,0.0547009,0.0532202,0.0517646,0.0503334,0.0489262,0.0475423,0.0461811,0.0448421,0.0435248,0.0422286,0.0409529,0.0396972,0.038461,0.0372436,0.0360447,0.0348636,0.0336998,0.0325528,0.0314221,0.0303071,0.0292074,0.0281224,0.0270516,0.0259946,0.0249508,0.0239197,0.0229008,0.0218937,0.0208978,0.0199127,0.0189379,0.0179728,0.0170171,0.0160701,0.0151316,0.0142009,0.0132776,0.0123613,0.0114514,0.0105475,0.00964917,0.00875589,0.00786721,0.00698266,0.0061018,0.00522415,0.00434925,0.00347665,0.00260588,0.00173649
0,0.175309,0.275033,0.328282,0.357313,0.373575,0.382693,0.387531,0.389641,0.389919,0.388913,0.386978,0.384352,0.381202,0.377646,0.373774,0.369653,0.365333,0.360857,0.356255,0.351555,0.346778,0.341941,0.33706,0.332147,0.327213,0.322267,0.317318,0.312372,0.307435,0.302513,0.29761,0.292732,0.28788,0.28306,0.278273,0.273523,0.268811,0.26414,0.259512,0.254929,0.250391,0.245901,0.241459,0.237067,0.232725,0.228435,0.224196,0.22001,0.215876,0.211796,0.20777,0.203797,0.199879,0.196015,0.192205,0.18845,0.184748,0.181101,0.177507,0.173968,0.170482,0.167049,0.163669,0.160341,0.157066,0.153843,0.150671,0.14755,0.14448,0.14146,0.138489,0.135567,0.132694,0.129869,0.127091,0.12436,0.121676,0.119037,0.116443,0.113894,0.111389,0.108927,0.106508,0.10413,0.101795,0.0994999,0.0972453,0.0950303,0.0928542,0.0907165,0.0886164,0.0865535,0.084527,0.0825364,0.080581,0.0786601,0.0767733,0.0749198,0.073099,0.0713104,0.0695533,0.0678271,0.0661312,0.064465,0.0628279,0.0612193,0.0596387,0.0580854,0.0565589,0.0550586,0.0535839,0.0521342,0.050709,0.0493077,0.0479297,0.0465746,0.0452416,0.0439304,0.0426404,0.0413709,0.0401215,0.0388917,0.0376809,0.0364886,0.0353142,0.0341574,0.0330174,0.0318939,0.0307862,0.0296941,0.0286168,0.0275539,0.0265049,0.0254694,0.0244468,0.0234367,0.0224385,0.0214518,0.0204761,0.019511,0.0185559,0.0176103,0.0166739,0.0157462,0.0148266,0.0139147,0.01301,0.0121122,0.0112207,0.010335,0.00945481,0.00857954,0.00770877,0.00684205,0.00597893,0.00511896,0.00426168,0.00340665,0.00255342,0.00170153
0,0.114296,0.199486,0.256794,0.294297,0.318827,0.334936,0.345471,0.352207,0.356272,0.358406,0.359105,0.358717,0.357489,0.355601,0.353189,0.350356,0.347182,0.34373,0.340051,0.336186,0.332168,0.328025,0.32378,0.319453,0.315061,0.310617,0.306135,0.301624,0.297095,0.292555,0.288011,0.28347,0.278937,0.274418,0.269916,0.265437,0.260982,0.256556,0.252161,0.2478,0.243475,0.239188,0.23494,0.230735,0.226572,0.222453,0.21838,0.214353,0.210373,0.20644,0.202556,0.198722,0.194936,0.191201,0.187515,0.18388,0.180295,0.176761,0.173277,0.169843,0.16646,0.163127,0.159845,0.156612,0.153428,0.150294,0.147209,0.144173,0.141185,0.138245,0.135352,0.132506,0.129707,0.126954,0.124247,0.121585,0.118968,0.116394,0.113864,0.111378,0.108933,0.106531,0.10417,0.101849,0.0995688,0.0973282,0.0951265,0.0929633,0.0908379,0.0887497,0.0866981,0.0846826,0.0827025,0.0807572,0.0788462,0.0769688,0.0751246,0.0733127,0.0715328,0.0697841,0.0680661,0.0663782,0.0647199,0.0630906,0.0614896,0.0599164,0.0583705,0.0568512,0.055358,0.0538904,0.0524477,0.0510295,0.0496352,0.0482642,0.0469161,0.0455901,0.0442859,0.0430029,0.0417405,0.0404983,0.0392757,0.0380721,0.0368872,0.0357203,0.034571,0.0334387,0.032323,0.0312233,0.0301392,0.0290702,0.0280157,0.0269753,0.0259486,0.0249349,0.0239339,0.0229451,0.021968,0.0210021,0.0200469,0.0191021,0.0181671,0.0172414,0.0163247,0.0154164,0.0145161,0.0136234,0.0127377,0.0118587,0.0109858,0.0101188,0.00925697,0.00840002,0.00754749,0.00669891,0.00585386,0.00501188,0.00417254,0.0033354,0.00250001,0.00166594
0,0.0823885,0.151823,0.205111,0.244255,0.272502,0.292754,0.30721,0.317444,0.324559,0.329333,0.332322,0.333925,0.334438,0.334082,0.333027,0.331402,0.32931,0.326833,0.324036,0.320972,0.317685,0.314213,0.310585,0.306828,0.302963,0.29901,0.294984,0.2909,0.28677,0.282604,0.278413,0.274204,0.269985,0.265763,0.261543,0.25733,0.253129,0.248945,0.244781,0.24064,0.236525,0.23244,0.228385,0.224365,0.22038,0.216432,0.212523,0.208654,0.204827,0.201042,0.1973,0.193603,0.18995,0.186343,0.182781,0.179266,0.175798,0.172376,0.169002,0.165675,0.162395,0.159163,0.155977,0.152839,0.149748,0.146703,0.143706,0.140754,0.137849,0.134989,0.132175,0.129406,0.126682,0.124002,0.121365,0.118772,0.116222,0.113715,0.11125,0.108826,0.106443,0.1041,0.101798,0.0995347,0.0973104,0.0951245,0.0929764,0.0908656,0.0887913,0.0867533,0.0847507,0.0827831,0.0808499,0.0789506,0.0770846,0.0752513,0.07345,0.0716804,0.0699418,0.0682336,0.0665553,0.0649064,0.0632861,0.0616941,0.0601297,0.0585924,0.0570816,0.0555969,0.0541375,0.0527031,0.051293,0.0499068,0.0485438,0.0472036,0.0458856,0.0445894,0.0433143,0.0420599,0.0408257,0.0396111,0.0384157,0.0372389,0.0360802,0.0349391,0.0338152,0.032708,0.0316169,0.0305415,0.0294813,0.0284358,0.0274045,0.026387,0.0253827,0.0243914,0.0234123,0.0224451,0.0214894,0.0205446,0.0196104,0.0186862,0.0177716,0.0168662,0.0159694,0.015081,0.0142003,0.013327,0.0124607,0.0116008,0.010747,0.00989876,0.00905572,0.00821743,0.00738343,0.00655332,0.00572663,0.00490296,0.00408187,0.00326292,0.00244569,0.00162974
0,0.0634357,0.120306,0.167572,0.205109,0.234173,0.256368,0.273174,0.2858,0.295187,0.302049,0.306925,0.310223,0.312257,0.313265,0.313436,0.312918,0.311827,0.310258,0.308289,0.305983,0.303392,0.30056,0.297523,0.294314,0.290958,0.287478,0.283895,0.280225,0.276483,0.272683,0.268836,0.264953,0.261041,0.25711,0.253166,0.249216,0.245265,0.241319,0.237382,0.233458,0.229552,0.225665,0.221802,0.217965,0.214156,0.210378,0.206632,0.202921,0.199245,0.195606,0.192006,0.188445,0.184924,0.181445,0.178007,0.174612,0.17126,0.167952,0.164687,0.161466,0.158289,0.155157,0.152069,0.149026,0.146027,0.143073,0.140163,0.137296,0.134474,0.131695,0.12896,0.126268,0.123619,0.121012,0.118447,0.115924,0.113442,0.111001,0.1086,0.10624,0.103919,0.101637,0.0993936,0.0971883,0.0950206,0.09289,0.090796,0.088738,0.0867156,0.0847281,0.0827751,0.080856,0.0789703,0.0771175,0.0752969,0.0735081,0.0717506,0.0700237,0.0683269,0.0666597,0.0650216,0.063412,0.0618304,0.0602762,0.0587489,0.0572479,0.0557728,0.054323,0.052898,0.0514972,0.0501202,0.0487663,0.0474352,0.0461262,0.0448389,0.0435727,0.0423273,0.0411019,0.0398962,0.0387097,0.0375419,0.0363922,0.0352602,0.0341453,0.0330473,0.0319654,0.0308994,0.0298486,0.0288126,0.027791,0.0267833,0.025789,0.0248077,0.0238389,0.0228821,0.021937,0.021003,0.0200797,0.0191667,0.0182635,0.0173697,0.0164848,0.0156084,0.01474,0.0138793,0.0130258,0.0121791,0.0113387,0.0105042,0.00967513,0.00885116,0.00803181,0.00721667,0.00640531,0.00559731,0.00479224,0.00398969,0.00318924,0.00239046,0.00159294
0,0.0510484,0.0983936,0.139764,0.174437,0.202714,0.225373,0.243317,0.257397,0.268342,0.276751,0.283106,0.287789,0.291102,0.293288,0.294538,0.295008,0.294823,0.294087,0.292883,0.291282,0.289343,0.287114,0.284637,0.281949,0.279079,0.276054,0.272896,0.269625,0.26626,0.262814,0.259301,0.255733,0.252121,0.248474,0.2448,0.241107,0.237401,0.233689,0.229975,0.226265,0.222563,0.218873,0.215198,0.211542,0.207907,0.204297,0.200713,0.197157,0.193631,0.190138,0.186678,0.183253,0.179863,0.176511,0.173197,0.169921,0.166685,0.163489,0.160334,0.157219,0.154146,0.151114,0.148124,0.145175,0.142269,0.139405,0.136582,0.133801,0.131062,0.128365,0.125709,0.123094,0.12052,0.117987,0.115494,0.113041,0.110627,0.108253,0.105918,0.103621,0.101363,0.0991418,0.0969581,0.0948112,0.0927006,0.0906258,0.0885863,0.0865818,0.0846115,0.0826752,0.0807722,0.0789022,0.0770644,0.0752586,0.073484,0.0717403,0.0700268,0.0683432,0.0666887,0.0650631,0.0634656,0.0618959,0.0603533,0.0588374,0.0573477,0.0558836,0.0544446,0.0530302,0.0516399,0.0502733,0.0489297,0.0476087,0.0463098,0.0450325,0.0437762,0.0425406,0.0413251,0.0401293,0.0389525,0.0377945,0.0366546,0.0355324,0.0344275,0.0333393,0.0322674,0.0312114,0.0301707,0.0291449,0.0281335,0.0271362,0.0261524,0.0251817,0.0242236,0.0232778,0.0223437,0.0214209,0.020509,0.0196075,0.018716,0.0178341,0.0169614,0.0160973,0.0152416,0.0143937,0.0135533,0.0127199,0.011893,0.0110724,0.0102575,0.00944797,0.00864335,0.00784326,0.00704726,0.00625496,0.00546593,0.00467977,0.00389605,0.00311439,0.00233436,0.00155556
0,0.0423643,0.0824566,0.118652,0.150162,0.176873,0.199093,0.217326,0.232129,0.244033,0.25351,0.260962,0.266725,0.271078,0.274247,0.276421,0.277754,0.278373,0.278385,0.277876,0.276922,0.275585,0.273918,0.271966,0.269769,0.267359,0.264765,0.262013,0.259125,0.25612,0.253014,0.249824,0.246562,0.24324,0.239869,0.236457,0.233015,0.229548,0.226064,0.222569,0.219069,0.215567,0.21207,0.208581,0.205103,0.20164,0.198195,0.19477,0.191368,0.187991,0.184642,0.181321,0.17803,0.174771,0.171546,0.168354,0.165197,0.162077,0.158993,0.155946,0.152937,0.149967,0.147035,0.144143,0.141289,0.138475,0.135701,0.132966,0.130271,0.127616,0.125,0.122423,0.119886,0.117387,0.114928,0.112507,0.110124,0.10778,0.105473,0.103204,0.100971,0.0987756,0.0966161,0.0944926,0.0924044,0.0903513,0.0883327,0.0863484,0.0843976,0.0824802,0.0805955,0.078743,0.0769224,0.0751332,0.0733747,0.0716466,0.0699484,0.0682796,0.0666396,0.065028,0.0634443,0.061888,0.0603586,0.0588556,0.0573784,0.0559267,0.0544998,0.0530974,0.0517189,0.0503639,0.0490317,0.047722,0.0464343,0.0451681,0.0439228,0.0426981,0.0414934,0.0403084,0.0391423,0.037995,0.0368658,0.0357543,0.03466,0.0335825,0.0325213,0.031476,0.0304461,0.0294311,0.0284307,0.0274443,0.0264716,0.0255121,0.0245653,0.0236308,0.0227082,0.0217971,0.020897,0.0200075,0.0191281,0.0182585,0.0173983,0.0165469,0.0157041,0.0148693,0.0140421,0.0132223,0.0124092,0.0116026,0.0108021,0.0100071,0.00921734,0.00843239,0.00765183,0.00687528,0.00610232,0.00533255,0.00456557,0.00380099,0.0030384,0.00227741,0.00151761
0,0.0359522,0.0704167,0.102228,0.130685,0.155524,0.176802,0.194767,0.209762,0.222153,0.232295,0.240508,0.247075,0.252238,0.256204,0.259148,0.261217,0.262534,0.263204,0.263317,0.262948,0.26216,0.26101,0.259544,0.257804,0.255825,0.253638,0.25127,0.248745,0.246083,0.243304,0.240423,0.237455,0.234412,0.231308,0.228151,0.224951,0.221717,0.218455,0.215173,0.211877,0.208573,0.205264,0.201957,0.198654,0.19536,0.192077,0.18881,0.18556,0.18233,0.179122,0.175939,0.172782,0.169652,0.166552,0.163481,0.160443,0.157437,0.154465,0.151526,0.148623,0.145755,0.142924,0.140128,0.13737,0.134648,0.131964,0.129317,0.126708,0.124136,0.121601,0.119104,0.116645,0.114222,0.111837,0.109488,0.107177,0.104901,0.102662,0.100459,0.0982913,0.0961588,0.0940612,0.091998,0.0899691,0.0879739,0.0860121,0.0840831,0.0821867,0.0803224,0.0784898,0.0766883,0.0749177,0.0731773,0.0714668,0.0697856,0.0681334,0.0665096,0.0649138,0.0633454,0.0618042,0.0602894,0.0588008,0.0573377,0.0558998,0.0544865,0.0530974,0.0517319,0.0503898,0.0490703,0.0477731,0.0464977,0.0452437,0.0440105,0.0427978,0.041605,0.0404316,0.0392773,0.0381416,0.0370239,0.035924,0.0348412,0.0337752,0.0327255,0.0316917,0.0306733,0.0296699,0.028681,0.0277063,0.0267453,0.0257975,0.0248625,0.02394,0.0230295,0.0221305,0.0212426,0.0203655,0.0194987,0.0186418,0.0177944,0.0169561,0.0161264,0.0153051,0.0144915,0.0136855,0.0128865,0.0120941,0.011308,0.0105278,0.00975304,0.00898335,0.00821834,0.00745762,0.00670078,0.00594745,0.00519722,0.00444971,0.00370454,0.0029613,0.00221962,0.0014791
0,0.0310278,0.0610308,0.0891571,0.114826,0.137737,0.157823,0.175179,0.189999,0.202524,0.213009,0.221701,0.228829,0.234597,0.239186,0.242752,0.245432,0.247343,0.248584,0.249243,0.249394,0.249101,0.24842,0.2474,0.246082,0.244503,0.242695,0.240688,0.238505,0.236168,0.233698,0.231112,0.228425,0.225651,0.222803,0.219891,0.216926,0.213917,0.210871,0.207796,0.2047,0.201586,0.198462,0.195333,0.192201,0.189073,0.18595,0.182837,0.179736,0.176651,0.173584,0.170536,0.167511,0.164509,0.161533,0.158583,0.155662,0.15277,0.149908,0.147078,0.14428,0.141514,0.138782,0.136084,0.13342,0.13079,0.128196,0.125637,0.123113,0.120625,0.118172,0.115754,0.113373,0.111026,0.108715,0.10644,0.104199,0.101993,0.0998219,0.0976851,0.0955823,0.0935134,0.091478,0.0894758,0.0875064,0.0855695,0.0836647,0.0817917,0.07995,0.0781393,0.0763591,0.0746091,0.0728887,0.0711977,0.0695355,0.0679017,0.0662959,0.0647176,0.0631663,0.0616417,0.0601433,0.0586706,0.0572231,0.0558004,0.0544021,0.0530277,0.0516767,0.0503487,0.0490432,0.0477598,0.046498,0.0452573,0.0440373,0.0428377,0.0416578,0.0404972,0.0393556,0.0382325,0.0371273,0.0360398,0.0349694,0.0339158,0.0328784,0.0318568,0.0308507,0.0298596,0.028883,0.0279206,0.0269719,0.0260366,0.0251141,0.0242041,0.0233061,0.0224198,0.0215447,0.0206805,0.0198267,0.0189829,0.0181488,0.0173239,0.0165078,0.0157001,0.0149005,0.0141085,0.0133238,0.012546,0.0117746,0.0110093,0.0102497,0.00949543,0.00874609,0.0080013,0.00726067,0.00652384,0.0057904,0.00505999,0.00433223,0.00360673,0.00288312,0.00216102,0.00144005
0,0.0271283,0.0535217,0.0785445,0.101726,0.122777,0.141575,0.158128,0.172531,0.184936,0.195517,0.20446,0.211944,0.218136,0.223191,0.227245,0.23042,0.232823,0.234549,0.235679,0.236286,0.236432,0.236173,0.235555,0.234623,0.233412,0.231956,0.230284,0.228421,0.22639,0.224213,0.221906,0.219486,0.216968,0.214365,0.211689,0.208949,0.206157,0.20332,0.200446,0.197542,0.194616,0.191671,0.188715,0.185751,0.182784,0.179818,0.176857,0.173903,0.17096,0.168031,0.165117,0.162222,0.159346,0.156493,0.153662,0.150857,0.148078,0.145326,0.142603,0.139909,0.137245,0.134612,0.13201,0.12944,0.126903,0.124399,0.121927,0.119489,0.117084,0.114713,0.112375,0.110071,0.107801,0.105565,0.103362,0.101193,0.0990564,0.0969534,0.0948832,0.0928457,0.0908407,0.0888678,0.0869268,0.0850173,0.0831391,0.0812918,0.079475,0.0776884,0.0759316,0.0742044,0.0725061,0.0708365,0.0691952,0.0675817,0.0659957,0.0644367,0.0629043,0.0613981,0.0599175,0.0584624,0.0570321,0.0556262,0.0542443,0.0528861,0.0515509,0.0502384,0.0489482,0.0476798,0.0464328,0.0452068,0.0440012,0.0428157,0.0416499,0.0405032,0.0393753,0.0382658,0.0371742,0.0361001,0.035043,0.0340026,0.0329783,0.0319699,0.0309769,0.0299988,0.0290353,0.0280859,0.0271503,0.026228,0.0253186,0.0244217,0.0235369,0.0226638,0.0218021,0.0209512,0.0201109,0.0192807,0.0184603,0.0176492,0.016847,0.0160535,0.0152681,0.0144905,0.0137204,0.0129573,0.0122009,0.0114508,0.0107065,0.00996787,0.00923436,0.00850564,0.00778134,0.00706109,0.00634451,0.00563125,0.00492092,0.00421316,0.00350761,0.00280389,0.00210163,0.00140048
0,0.0239639,0.0473833,0.0697741,0.0907557,0.110069,0.127573,0.143227,0.157064,0.169171,0.179666,0.18868,0.196352,0.202816,0.208198,0.212618,0.21618,0.218983,0.221111,0.222642,0.223642,0.224172,0.224286,0.224029,0.223445,0.222569,0.221436,0.220073,0.218508,0.216763,0.21486,0.212816,0.210649,0.208374,0.206005,0.203553,0.20103,0.198446,0.19581,0.19313,0.190413,0.187666,0.184897,0.182109,0.179308,0.176499,0.173687,0.170874,0.168064,0.165261,0.162467,0.159685,0.156918,0.154167,0.151434,0.148722,0.146031,0.143364,0.140721,0.138104,0.135514,0.132951,0.130416,0.127911,0.125435,0.122989,0.120574,0.11819,0.115837,0.113516,0.111226,0.108968,0.106743,0.104549,0.102387,0.100257,0.0981589,0.0960926,0.0940579,0.0920547,0.0900827,0.0881419,0.0862317,0.0843522,0.082503,0.0806837,0.0788942,0.077134,0.0754029,0.0737005,0.0720264,0.0703803,0.0687619,0.0671707,0.0656063,0.0640684,0.0625566,0.0610705,0.0596096,0.0581737,0.0567621,0.0553746,0.0540107,0.0526701,0.0513522,0.0500567,0.0487831,0.0475311,0.0463002,0.04509,0.0439,0.0427299,0.0415793,0.0404476,0.0393346,0.0382397,0.0371626,0.0361029,0.0350601,0.0340338,0.0330237,0.0320293,0.0310502,0.030086,0.0291363,0.0282007,0.0272788,0.0263703,0.0254746,0.0245915,0.0237205,0.0228613,0.0220134,0.0211765,0.0203502,0.0195341,0.0187278,0.017931,0.0171432,0.0163641,0.0155934,0.0148306,0.0140753,0.0133273,0.0125861,0.0118514,0.0111228,0.0103999,0.00968242,0.00896994,0.0082621,0.00755856,0.00685894,0.00616289,0.00547005,0.00478006,0.00409257,0.00340721,0.00272363,0.00204148,0.00136039
0,0.0213439,0.0422737,0.0624134,0.0814545,0.0991713,0.115423,0.130143,0.143328,0.155021,0.165295,0.174244,0.181969,0.188577,0.194171,0.198849,0.202703,0.205819,0.208273,0.210136,0.21147,0.212331,0.212771,0.212834,0.212561,0.211988,0.211147,0.210069,0.208778,0.207298,0.20565,0.203853,0.201924,0.199879,0.197731,0.195493,0.193176,0.190791,0.188348,0.185854,0.183317,0.180745,0.178144,0.17552,0.172878,0.170223,0.16756,0.164892,0.162223,0.159557,0.156896,0.154244,0.151602,0.148974,0.146361,0.143765,0.141188,0.138631,0.136096,0.133584,0.131097,0.128634,0.126197,0.123787,0.121405,0.11905,0.116724,0.114427,0.112159,0.109921,0.107713,0.105535,0.103387,0.10127,0.0991827,0.0971258,0.0950993,0.093103,0.0911369,0.0892008,0.0872946,0.085418,0.083571,0.0817532,0.0799645,0.0782045,0.0764731,0.0747698,0.0730945,0.0714467,0.0698262,0.0682326,0.0666657,0.0651249,0.06361,0.0621206,0.0606564,0.0592169,0.0578018,0.0564107,0.0550432,0.0536988,0.0523773,0.0510782,0.0498011,0.0485456,0.0473113,0.0460979,0.0449048,0.0437317,0.0425783,0.041444,0.0403285,0.0392314,0.0381523,0.0370908,0.0360465,0.035019,0.0340079,0.0330127,0.0320332,0.0310689,0.0301195,0.0291844,0.0282634,0.0273561,0.026462,0.0255809,0.0247122,0.0238557,0.0230109,0.0221775,0.0213551,0.0205434,0.0197419,0.0189502,0.0181681,0.0173952,0.016631,0.0158753,0.0151276,0.0143877,0.013655,0.0129294,0.0122104,0.0114976,0.0107908,0.0100895,0.00939347,0.00870226,0.00801557,0.00733303,0.0066543,0.00597902,0.00530686,0.00463746,0.00397048,0.00330557,0.00264239,0.00198058,0.00131981
0,0.0191383,0.0379545,0.0561516,0.0734781,0.0897399,0.104804,0.118594,0.131085,0.14229,0.152251,0.161032,0.168706,0.175354,0.181061,0.185905,0.189967,0.193319,0.196029,0.198161,0.199772,0.200914,0.201634,0.201977,0.201979,0.201676,0.2011,0.20028,0.19924,0.198003,0.196592,0.195025,0.193319,0.191489,0.18955,0.187514,0.185394,0.183199,0.18094,0.178624,0.176261,0.173857,0.171419,0.168954,0.166466,0.16396,0.161442,0.158916,0.156384,0.153852,0.151322,0.148796,0.146278,0.143771,0.141275,0.138794,0.136329,0.133882,0.131453,0.129046,0.126659,0.124296,0.121957,0.119641,0.117352,0.115088,0.112851,0.110641,0.108458,0.106303,0.104176,0.102078,0.100008,0.0979664,0.0959538,0.0939701,0.0920151,0.090089,0.0881915,0.0863227,0.0844824,0.0826704,0.0808866,0.0791309,0.0774029,0.0757025,0.0740293,0.0723833,0.070764,0.0691712,0.0676046,0.0660639,0.0645487,0.0630587,0.0615937,0.0601531,0.0587368,0.0573443,0.0559753,0.0546294,0.0533062,0.0520054,0.0507266,0.0494694,0.0482334,0.0470183,0.0458237,0.0446491,0.0434942,0.0423587,0.041242,0.0401439,0.0390639,0.0380018,0.0369569,0.0359291,0.0349179,0.0339229,0.0329438,0.0319802,0.0310316,0.0300977,0.0291782,0.0282726,0.0273806,0.0265018,0.0256359,0.0247824,0.023941,0.0231114,0.0222931,0.0214858,0.0206892,0.0199029,0.0191264,0.0183596,0.017602,0.0168532,0.0161129,0.0153808,0.0146565,0.0139396,0.0132298,0.0125268,0.0118302,0.0111397,0.0104549,0.00977548,0.00910111,0.00843144,0.00776612,0.00710484,0.00644724,0.00579299,0.00514174,0.00449318,0.00384695,0.00320273,0.00256018,0.00191897,0.00127876
0,0.0172549,0.0342545,0.0507608,0.066567,0.0815069,0.0954591,0.108346,0.120129,0.130804,0.14039,0.148927,0.156469,0.163076,0.168813,0.173747,0.177942,0.181462,0.184366,0.186709,0.188545,0.18992,0.190879,0.191462,0.191705,0.191641,0.191301,0.190712,0.1899,0.188887,0.187694,0.186339,0.18484,0.183212,0.181469,0.179624,0.17769,0.175675,0.173591,0.171447,0.16925,0.167007,0.164727,0.162414,0.160075,0.157714,0.155337,0.152948,0.150551,0.14815,0.145747,0.143346,0.140949,0.13856,0.13618,0.133812,0.131458,0.129118,0.126795,0.12449,0.122205,0.11994,0.117697,0.115476,0.113278,0.111105,0.108956,0.106832,0.104734,0.102662,0.100616,0.0985968,0.0966047,0.0946395,0.0927016,0.090791,0.0889077,0.0870517,0.085223,0.0834216,0.0816473,0.0799001,0.0781798,0.0764862,0.0748192,0.0731785,0.071564,0.0699754,0.0684125,0.0668749,0.0653625,0.0638749,0.0624118,0.0609729,0.059558,0.0581667,0.0567986,0.0554534,0.0541308,0.0528304,0.051552,0.050295,0.0490593,0.0478443,0.0466498,0.0454754,0.0443207,0.0431853,0.042069,0.0409712,0.0398917,0.0388301,0.037786,0.036759,0.0357488,0.034755,0.0337772,0.0328151,0.0318683,0.0309364,0.0300191,0.0291159,0.0282267,0.0273508,0.0264882,0.0256382,0.0248007,0.0239752,0.0231613,0.0223589,0.0215674,0.0207865,0.0200159,0.0192553,0.0185042,0.0177624,0.0170295,0.0163051,0.015589,0.0148807,0.01418,0.0134865,0.0127998,0.0121197,0.0114458,0.0107777,0.0101152,0.0094579,0.00880546,0.00815756,0.00751388,0.00687408,0.00623785,0.00560485,0.00497477,0.00434727,0.00372203,0.00309873,0.00247705,0.00185666,0.00123723
0,0.0156268,0.0310482,0.0460705,0.0605224,0.074262,0.0871805,0.0992023,0.110283,0.120406,0.129577,0.137819,0.145168,0.151668,0.157371,0.162328,0.166594,0.170222,0.173264,0.175768,0.177781,0.179346,0.180503,0.181289,0.181739,0.181884,0.181753,0.181372,0.180765,0.179954,0.17896,0.177801,0.176493,0.175053,0.173494,0.171828,0.170068,0.168225,0.166308,0.164326,0.162287,0.1602,0.15807,0.155904,0.153709,0.151489,0.149249,0.146994,0.144727,0.142453,0.140175,0.137895,0.135618,0.133345,0.131079,0.128822,0.126576,0.124342,0.122123,0.11992,0.117735,0.115567,0.113419,0.111292,0.109186,0.107102,0.105041,0.103003,0.100989,0.0989992,0.0970343,0.0950944,0.0931799,0.0912908,0.0894274,0.0875899,0.0857782,0.0839924,0.0822326,0.0804986,0.0787905,0.0771082,0.0754514,0.0738203,0.0722144,0.0706337,0.069078,0.0675472,0.0660408,0.0645587,0.0631007,0.0616665,0.0602558,0.0588684,0.0575039,0.056162,0.0548424,0.0535449,0.052269,0.0510145,0.0497811,0.0485683,0.0473759,0.0462035,0.0450508,0.0439174,0.0428029,0.0417071,0.0406296,0.03957,0.038528,0.0375032,0.0364952,0.0355038,0.0345285,0.033569,0.0326249,0.031696,0.0307818,0.0298819,0.0289961,0.028124,0.0272653,0.0264195,0.0255864,0.0247656,0.0239567,0.0231595,0.0223735,0.0215984,0.020834,0.0200798,0.0193355,0.0186008,0.0178754,0.0171589,0.0164509,0.0157512,0.0150595,0.0143754,0.0136985,0.0130286,0.0123653,0.0117083,0.0110573,0.0104119,0.0097719,0.00913692,0.00850663,0.00788074,0.00725891,0.00664084,0.0060262,0.00541469,0.00480599,0.00419978,0.00359576,0.00299361,0.00239302,0.00179368,0.00119526
0,0.0142044,0.028241,0.0419508,0.0551906,0.0678389,0.0797991,0.0910001,0.101396,0.110963,0.119696,0.127606,0.134717,0.14106,0.146675,0.151602,0.155886,0.159571,0.162701,0.16532,0.167467,0.169181,0.170499,0.171455,0.172081,0.172406,0.172457,0.172259,0.171836,0.171208,0.170395,0.169414,0.168283,0.167016,0.165627,0.16413,0.162534,0.160852,0.159092,0.157265,0.155377,0.153438,0.151453,0.149429,0.147372,0.145287,0.14318,0.141054,0.138915,0.136765,0.134608,0.132447,0.130286,0.128127,0.125973,0.123825,0.121686,0.119557,0.117441,0.115338,0.113251,0.11118,0.109126,0.107092,0.105076,0.103081,0.101107,0.0991548,0.0972246,0.0953171,0.0934327,0.0915718,0.0897347,0.0879215,0.0861326,0.084368,0.0826279,0.0809124,0.0792214,0.077555,0.0759131,0.0742957,0.0727028,0.0711341,0.0695896,0.0680691,0.0665724,0.0650994,0.0636499,0.0622235,0.0608202,0.0594397,0.0580817,0.0567458,0.055432,0.0541399,0.0528692,0.0516195,0.0503907,0.0491823,0.0479942,0.0468259,0.0456771,0.0445476,0.043437,0.0423449,0.041271,0.0402151,0.0391767,0.0381555,0.0371513,0.0361636,0.0351921,0.0342364,0.0332963,0.0323714,0.0314614,0.0305659,0.0296846,0.0288171,0.0279631,0.0271223,0.0262944,0.0254789,0.0246757,0.0238842,0.0231043,0.0223356,0.0215777,0.0208304,0.0200932,0.019366,0.0186482,0.0179398,0.0172402,0.0165492,0.0158665,0.0151917,0.0145246,0.0138648,0.013212,0.0125659,0.0119262,0.0112926,0.0106647,0.0100423,0.00942507,0.00881264,0.00820474,0.00760107,0.00700133,0.00640519,0.00581238,0.00522257,0.00463547,0.00405078,0.00346819,0.00288741,0.00230813,0.00173004,0.00115286
0,0.0129497,0.0257609,0.0383014,0.0504507,0.0621045,0.0731774,0.0836039,0.0933383,0.102353,0.110637,0.118193,0.125034,0.131183,0.136668,0.141521,0.145778,0.149476,0.152653,0.155344,0.157587,0.159414,0.16086,0.161954,0.162727,0.163204,0.163413,0.163375,0.163114,0.162649,0.161999,0.161181,0.160211,0.159104,0.157874,0.156532,0.15509,0.153559,0.151948,0.150267,0.148523,0.146725,0.144878,0.14299,0.141066,0.139112,0.137133,0.135133,0.133116,0.131087,0.129049,0.127004,0.124957,0.122909,0.120864,0.118824,0.116789,0.114764,0.112749,0.110745,0.108755,0.106779,0.10482,0.102877,0.100951,0.0990443,0.0971569,0.0952894,0.0934425,0.0916168,0.0898126,0.0880304,0.0862704,0.084533,0.0828183,0.0811267,0.0794581,0.0778127,0.0761906,0.0745918,0.0730162,0.0714639,0.0699347,0.0684287,0.0669457,0.0654855,0.064048,0.0626331,0.0612406,0.0598702,0.0585218,0.0571952,0.05589,0.0546061,0.0533432,0.0521011,0.0508794,0.049678,0.0484965,0.0473346,0.046192,0.0450684,0.0439636,0.0428773,0.041809,0.0407585,0.0397255,0.0387097,0.0377107,0.0367283,0.0357621,0.0348118,0.033877,0.0329575,0.0320529,0.0311629,0.0302871,0.0294254,0.0285772,0.0277423,0.0269204,0.0261112,0.0253144,0.0245295,0.0237563,0.0229946,0.0222438,0.0215039,0.0207744,0.020055,0.0193454,0.0186453,0.0179544,0.0172723,0.0165989,0.0159337,0.0152764,0.0146268,0.0139845,0.0133493,0.0127209,0.0120988,0.0114829,0.0108729,0.0102684,0.00966915,0.00907484,0.00848519,0.00789989,0.00731867,0.00674122,0.00616725,0.00559646,0.00502857,0.00446329,0.00390032,0.00333937,0.00278016,0.0022224,0.00166579,0.00111004
0,0.0118337,0.0235518,0.0350435,0.0462066,0.0569515,0.0672026,0.0769004,0.086001,0.0944753,0.102308,0.109496,0.116045,0.121971,0.127293,0.132037,0.136231,0.139905,0.143091,0.14582,0.148124,0.150032,0.151573,0.152777,0.153669,0.154274,0.154616,0.154718,0.154598,0.154278,0.153774,0.153102,0.15228,0.151319,0.150234,0.149037,0.147738,0.146349,0.144879,0.143335,0.141728,0.140063,0.138349,0.136591,0.134795,0.132967,0.131111,0.129232,0.127335,0.125423,0.1235,0.121568,0.119632,0.117694,0.115755,0.11382,0.111889,0.109965,0.108049,0.106144,0.104249,0.102368,0.100501,0.0986482,0.096812,0.0949928,0.0931912,0.0914081,0.0896441,0.0878996,0.0861752,0.0844713,0.0827883,0.0811264,0.0794859,0.077867,0.0762698,0.0746946,0.0731413,0.07161,0.0701008,0.0686136,0.0671484,0.0657051,0.0642836,0.0628839,0.0615058,0.0601492,0.0588138,0.0574996,0.0562063,0.0549337,0.0536817,0.05245,0.0512383,0.0500464,0.0488741,0.047721,0.0465871,0.0454719,0.0443751,0.0432966,0.042236,0.041193,0.0401674,0.0391588,0.038167,0.0371916,0.0362323,0.0352889,0.034361,0.0334483,0.0325506,0.0316674,0.0307986,0.0299437,0.0291025,0.0282747,0.02746,0.026658,0.0258685,0.0250911,0.0243255,0.0235715,0.0228287,0.0220968,0.0213756,0.0206646,0.0199637,0.0192725,0.0185907,0.017918,0.0172541,0.0165988,0.0159517,0.0153124,0.0146809,0.0140567,0.0134395,0.0128291,0.0122252,0.0116274,0.0110356,0.0104493,0.00986838,0.00929249,0.00872136,0.00815469,0.00759221,0.00703364,0.00647869,0.00592707,0.00537853,0.00483276,0.00428949,0.00374845,0.00320935,0.00267191,0.00213587,0.00160093,0.00106682
0,0.0108333,0.0215693,0.0321143,0.0423813,0.0522926,0.0617818,0.0707949,0.0792907,0.0872399,0.094625,0.101438,0.107682,0.113363,0.118498,0.123104,0.127204,0.130824,0.133988,0.136724,0.139058,0.141017,0.142627,0.143914,0.1449,0.145609,0.146064,0.146283,0.146287,0.146093,0.145718,0.145178,0.144488,0.143661,0.14271,0.141646,0.140481,0.139224,0.137884,0.136471,0.134993,0.133455,0.131867,0.130233,0.128559,0.126852,0.125115,0.123354,0.121572,0.119774,0.117962,0.116141,0.114313,0.112481,0.110648,0.108816,0.106986,0.105162,0.103344,0.101535,0.099735,0.0979467,0.0961707,0.0944083,0.0926604,0.0909279,0.0892116,0.0875122,0.0858305,0.0841669,0.0825219,0.080896,0.0792896,0.077703,0.0761364,0.0745901,0.0730643,0.0715591,0.0700746,0.0686109,0.067168,0.0657459,0.0643447,0.0629642,0.0616045,0.0602653,0.0589467,0.0576485,0.0563705,0.0551126,0.0538746,0.0526563,0.0514576,0.0502782,0.0491179,0.0479765,0.0468537,0.0457494,0.0446632,0.0435949,0.0425443,0.0415111,0.0404949,0.0394956,0.0385129,0.0375464,0.036596,0.0356612,0.0347419,0.0338378,0.0329484,0.0320737,0.0312132,0.0303667,0.0295338,0.0287144,0.027908,0.0271144,0.0263334,0.0255645,0.0248076,0.0240623,0.0233283,0.0226054,0.0218932,0.0211914,0.0204999,0.0198182,0.0191461,0.0184833,0.0178295,0.0171844,0.0165478,0.0159194,0.0152988,0.0146858,0.0140802,0.0134815,0.0128897,0.0123043,0.0117251,0.0111518,0.0105842,0.010022,0.00946482,0.00891251,0.00836474,0.00782127,0.0072818,0.00674608,0.00621382,0.00568477,0.00515865,0.0046352,0.00411415,0.00359523,0.00307816,0.0025627,0.00204856,0.00153549,0.00102322
0,0.0099303,0.0197781,0.0294635,0.038912,0.0480561,0.0568375,0.0652075,0.0731275,0.0805694,0.0875143,0.0939521,0.0998805,0.105304,0.110232,0.114678,0.118661,0.122199,0.125315,0.12803,0.130369,0.132353,0.134007,0.135352,0.13641,0.137202,0.137748,0.138066,0.138175,0.138091,0.13783,0.137407,0.136836,0.13613,0.135301,0.13436,0.133317,0.132183,0.130967,0.129676,0.128319,0.126902,0.125433,0.123918,0.122361,0.12077,0.119148,0.117499,0.115829,0.114141,0.112439,0.110725,0.109002,0.107275,0.105544,0.103812,0.102082,0.100356,0.0986344,0.0969199,0.0952137,0.0935172,0.0918316,0.090158,0.0884976,0.086851,0.0852193,0.0836031,0.082003,0.0804198,0.0788538,0.0773056,0.0757755,0.0742638,0.072771,0.0712971,0.0698425,0.0684072,0.0669915,0.0655953,0.0642187,0.0628618,0.0615246,0.060207,0.058909,0.0576306,0.0563716,0.0551318,0.0539114,0.0527099,0.0515274,0.0503636,0.0492184,0.0480915,0.0469828,0.0458921,0.0448191,0.0437637,0.0427255,0.0417044,0.0407001,0.0397124,0.0387409,0.0377855,0.036846,0.0359219,0.0350131,0.0341192,0.0332401,0.0323755,0.031525,0.0306884,0.0298654,0.0290557,0.0282591,0.0274753,0.026704,0.0259449,0.0251978,0.0244623,0.0237382,0.0230252,0.022323,0.0216314,0.02095,0.0202787,0.019617,0.0189648,0.0183217,0.0176876,0.017062,0.0164448,0.0158357,0.0152343,0.0146405,0.014054,0.0134744,0.0129016,0.0123353,0.0117751,0.0112208,0.0106723,0.0101291,0.00959104,0.00905788,0.00852933,0.00800514,0.00748504,0.00696878,0.00645609,0.00594673,0.00544043,0.00493693,0.00443598,0.00393733,0.00344071,0.00294588,0.00245256,0.00196053,0.0014695,0.000979246
0,0.0091099,0.0181493,0.0270499,0.0357473,0.0441829,0.0523052,0.0600705,0.0674433,0.0743967,0.0809114,0.086976,0.0925856,0.0977411,0.102449,0.106718,0.110563,0.113998,0.117043,0.119715,0.122035,0.124022,0.125697,0.127079,0.128188,0.129043,0.129661,0.130061,0.130258,0.130268,0.130106,0.129787,0.129322,0.128725,0.128006,0.127178,0.126249,0.125229,0.124126,0.12295,0.121707,0.120405,0.119049,0.117646,0.116202,0.114722,0.11321,0.11167,0.110108,0.108527,0.10693,0.10532,0.103701,0.102074,0.100444,0.0988113,0.0971788,0.0955485,0.0939219,0.0923008,0.0906866,0.0890807,0.0874844,0.0858988,0.0843248,0.0827635,0.0812155,0.0796818,0.078163,0.0766596,0.0751721,0.0737012,0.0722471,0.0708102,0.0693908,0.0679892,0.0666056,0.0652401,0.063893,0.0625643,0.061254,0.0599623,0.0586891,0.0574345,0.0561983,0.0549806,0.0537813,0.0526002,0.0514373,0.0502925,0.0491656,0.0480564,0.0469649,0.0458907,0.0448338,0.043794,0.042771,0.0417647,0.0407747,0.039801,0.0388432,0.0379012,0.0369747,0.0360635,0.0351672,0.0342858,0.0334188,0.0325661,0.0317275,0.0309025,0.0300911,0.0292929,0.0285076,0.0277351,0.026975,0.026227,0.025491,0.0247666,0.0240536,0.0233517,0.0226607,0.0219802,0.02131,0.0206499,0.0199996,0.0193588,0.0187273,0.0181048,0.017491,0.0168857,0.0162885,0.0156994,0.0151179,0.0145439,0.0139771,0.0134172,0.0128639,0.0123171,0.0117765,0.0112417,0.0107126,0.0101889,0.00967035,0.0091567,0.0086477,0.00814311,0.00764267,0.00714614,0.00665326,0.0061638,0.00567751,0.00519414,0.00471344,0.00423517,0.00375909,0.00328496,0.00281253,0.00234155,0.00187178,0.00140299,0.000934921
0,0.00836006,0.0166596,0.0248397,0.0328447,0.0406235,0.0481305,0.0553265,0.0621793,0.0686632,0.0747595,0.0804559,0.0857456,0.0906274,0.0951044,0.0991834,0.102875,0.10619,0.109145,0.111754,0.114036,0.116005,0.117682,0.119082,0.120223,0.121122,0.121796,0.12226,0.12253,0.12262,0.122543,0.122314,0.121943,0.121443,0.120825,0.120099,0.119274,0.118359,0.117363,0.116294,0.115158,0.113963,0.112715,0.11142,0.110082,0.108708,0.107302,0.105868,0.10441,0.102931,0.101437,0.0999281,0.0984091,0.096882,0.0953495,0.0938138,0.092277,0.090741,0.0892076,0.0876784,0.086155,0.0846385,0.0831304,0.0816316,0.0801433,0.0786663,0.0772015,0.0757496,0.0743114,0.0728873,0.071478,0.0700839,0.0687054,0.067343,0.0659968,0.0646672,0.0633545,0.0620587,0.0607801,0.0595188,0.0582748,0.0570482,0.0558391,0.0546474,0.0534731,0.0523162,0.0511767,0.0500544,0.0489492,0.0478611,0.04679,0.0457356,0.0446978,0.0436766,0.0426717,0.0416829,0.0407101,0.039753,0.0388115,0.0378853,0.0369743,0.0360782,0.0351969,0.03433,0.0334773,0.0326387,0.0318138,0.0310025,0.0302045,0.0294195,0.0286473,0.0278877,0.0271404,0.0264052,0.0256818,0.0249699,0.0242694,0.0235799,0.0229013,0.0222332,0.0215754,0.0209277,0.0202898,0.0196614,0.0190423,0.0184323,0.0178311,0.0172385,0.0166541,0.0160779,0.0155094,0.0149485,0.0143949,0.0138484,0.0133087,0.0127757,0.0122489,0.0117283,0.0112135,0.0107043,0.0102006,0.00970191,0.00920817,0.00871909,0.00823445,0.00775398,0.00727747,0.00680468,0.00633537,0.0058693,0.00540625,0.00494598,0.00448826,0.00403284,0.00357951,0.00312803,0.00267817,0.00222969,0.00178237,0.00133597,0.000890261
0,0.00767084,0.0152894,0.0228048,0.0301686,0.0373361,0.0442671,0.0509264,0.0572847,0.063318,0.0690084,0.0743432,0.0793146,0.0839196,0.0881593,0.092038,0.0955631,0.0987444,0.101594,0.104124,0.106349,0.108284,0.109944,0.111344,0.112501,0.113429,0.114142,0.114656,0.114984,0.11514,0.115135,0.114983,0.114695,0.114282,0.113754,0.11312,0.112391,0.111573,0.110676,0.109706,0.108671,0.107578,0.106431,0.105238,0.104002,0.10273,0.101425,0.100092,0.0987343,0.0973561,0.0959604,0.0945504,0.0931289,0.0916985,0.0902617,0.0888208,0.0873777,0.0859344,0.0844926,0.0830539,0.0816198,0.0801916,0.0787705,0.0773577,0.0759541,0.0745607,0.0731783,0.0718076,0.0704493,0.0691041,0.0677724,0.0664548,0.0651516,0.0638633,0.0625901,0.0613323,0.0600903,0.058864,0.0576538,0.0564598,0.055282,0.0541206,0.0529754,0.0518467,0.0507343,0.0496383,0.0485586,0.0474952,0.0464478,0.0454166,0.0444013,0.0434018,0.042418,0.0414498,0.040497,0.0395595,0.038637,0.0377294,0.0368365,0.0359581,0.035094,0.0342441,0.033408,0.0325856,0.0317768,0.0309812,0.0301986,0.0294288,0.0286716,0.0279268,0.0271941,0.0264733,0.0257642,0.0250665,0.02438,0.0237045,0.0230396,0.0223853,0.0217412,0.0211071,0.0204828,0.019868,0.0192625,0.0186661,0.0180785,0.0174994,0.0169287,0.0163662,0.0158115,0.0152645,0.0147248,0.0141924,0.0136668,0.013148,0.0126357,0.0121296,0.0116296,0.0111353,0.0106466,0.0101632,0.00968489,0.00921149,0.00874273,0.00827839,0.00781825,0.00736209,0.00690968,0.00646079,0.00601521,0.00557271,0.00513306,0.00469605,0.00426146,0.00382907,0.00339865,0.00296998,0.00254285,0.00211703,0.00169231,0.00126847,0.000845281
0,0.00703395,0.0140226,0.0209218,0.0276892,0.0342857,0.0406757,0.0468279,0.0527155,0.0583165,0.0636137,0.0685945,0.0732508,0.0775782,0.0815762,0.0852473,0.0885967,0.091632,0.0943625,0.096799,0.0989534,0.100838,0.102467,0.103853,0.10501,0.105951,0.10669,0.10724,0.107613,0.107821,0.107877,0.107792,0.107575,0.107238,0.106791,0.106241,0.105598,0.104869,0.104063,0.103187,0.102246,0.101248,0.100197,0.0991004,0.097962,0.0967869,0.0955793,0.0943433,0.0930828,0.0918011,0.0905016,0.0891872,0.0878607,0.0865246,0.0851814,0.0838332,0.082482,0.0811296,0.0797779,0.0784283,0.0770822,0.075741,0.0744059,0.073078,0.0717583,0.0704476,0.0691468,0.0678566,0.0665778,0.0653109,0.0640564,0.0628148,0.0615865,0.060372,0.0591715,0.0579854,0.0568138,0.0556569,0.0545151,0.0533882,0.0522766,0.0511802,0.0500991,0.0490333,0.0479829,0.0469478,0.045928,0.0449234,0.043934,0.0429596,0.0420003,0.0410559,0.0401262,0.0392112,0.0383106,0.0374244,0.0365524,0.0356944,0.0348503,0.0340199,0.0332029,0.0323992,0.0316087,0.0308311,0.0300662,0.0293138,0.0285737,0.0278457,0.0271295,0.0264251,0.0257321,0.0250503,0.0243795,0.0237195,0.0230701,0.0224311,0.0218021,0.0211831,0.0205737,0.0199738,0.0193832,0.0188015,0.0182287,0.0176643,0.0171084,0.0165605,0.0160205,0.0154882,0.0149634,0.0144457,0.0139351,0.0134313,0.012934,0.012443,0.0119582,0.0114793,0.0110061,0.0105384,0.0100759,0.00961843,0.00916581,0.00871779,0.00827418,0.00783474,0.00739928,0.00696758,0.00653942,0.0061146,0.0056929,0.00527412,0.00485804,0.00444445,0.00403315,0.00362392,0.00321657,0.00281087,0.00240662,0.00200362,0.00160165,0.00120051,0.000799998
0,0.00644242,0.0128455,0.0191706,0.025381,0.0314422,0.0373227,0.0429945,0.0484335,0.0536194,0.058536,0.0631713,0.0675166,0.0715671,0.0753209,0.0787792,0.0819456,0.0848256,0.0874267,0.0897578,0.0918289,0.0936506,0.0952345,0.0965923,0.0977359,0.0986774,0.0994287,0.100002,0.100407,0.100657,0.100762,0.100733,0.100578,0.100308,0.0999313,0.0994569,0.0988925,0.0982457,0.0975238,0.0967334,0.0958808,0.094972,0.0940124,0.0930072,0.0919613,0.090879,0.0897647,0.0886223,0.0874552,0.0862669,0.0850606,0.0838391,0.082605,0.0813609,0.0801091,0.0788516,0.0775905,0.0763274,0.0750642,0.0738022,0.0725429,0.0712876,0.0700374,0.0687934,0.0675566,0.0663279,0.065108,0.0638978,0.0626978,0.0615086,0.0603308,0.0591649,0.0580112,0.0568702,0.0557421,0.0546273,0.053526,0.0524384,0.0513646,0.0503049,0.0492593,0.0482279,0.0472108,0.046208,0.0452195,0.0442453,0.0432854,0.0423398,0.0414084,0.0404911,0.0395878,0.0386985,0.0378231,0.0369613,0.0361132,0.0352785,0.0344571,0.0336489,0.0328537,0.0320714,0.0313017,0.0305445,0.0297996,0.0290669,0.0283461,0.0276371,0.0269397,0.0262536,0.0255787,0.0249148,0.0242616,0.023619,0.0229868,0.0223647,0.0217526,0.0211502,0.0205573,0.0199738,0.0193994,0.0188338,0.018277,0.0177287,0.0171886,0.0166566,0.0161324,0.0156159,0.0151068,0.0146049,0.0141101,0.013622,0.0131406,0.0126655,0.0121966,0.0117337,0.0112766,0.010825,0.0103788,0.00993773,0.00950163,0.00907028,0.00864347,0.00822101,0.00780269,0.00738832,0.00697768,0.00657059,0.00616684,0.00576623,0.00536856,0.00497365,0.00458128,0.00419126,0.00380339,0.00341748,0.00303333,0.00265075,0.00226953,0.00188949,0.00151042,0.00113213,0.000754428
0,0.00589032,0.0117463,0.0175344,0.0232223,0.0287796,0.0341787,0.0393944,0.044405,0.0491921,0.0537405,0.0580386,0.0620781,0.0658534,0.0693621,0.0726041,0.0755817,0.0782991,0.0807621,0.082978,0.0849549,0.0867022,0.0882295,0.0895471,0.0906656,0.0915955,0.0923475,0.0929321,0.0933598,0.0936405,0.0937842,0.0938003,0.0936979,0.0934857,0.0931721,0.0927649,0.0922717,0.0916995,0.091055,0.0903447,0.0895743,0.0887495,0.0878755,0.0869573,0.0859993,0.0850058,0.083981,0.0829284,0.0818515,0.0807535,0.0796375,0.0785062,0.0773622,0.0762078,0.0750453,0.0738766,0.0727038,0.0715284,0.0703522,0.0691765,0.0680027,0.0668321,0.0656658,0.0645048,0.0633501,0.0622025,0.0610628,0.0599318,0.05881,0.0576981,0.0565966,0.0555059,0.0544264,0.0533586,0.0523027,0.051259,0.0502277,0.0492092,0.0482035,0.0472107,0.0462311,0.0452646,0.0443115,0.0433716,0.042445,0.0415318,0.0406319,0.0397453,0.0388719,0.0380117,0.0371646,0.0363305,0.0355093,0.034701,0.0339054,0.0331223,0.0323517,0.0315934,0.0308473,0.0301132,0.0293909,0.0286803,0.0279813,0.0272937,0.0266172,0.0259517,0.0252971,0.0246531,0.0240196,0.0233964,0.0227833,0.02218,0.0215865,0.0210025,0.0204278,0.0198623,0.0193057,0.0187578,0.0182185,0.0176875,0.0171647,0.0166498,0.0161427,0.0156431,0.0151509,0.0146659,0.0141878,0.0137166,0.0132519,0.0127935,0.0123414,0.0118953,0.011455,0.0110202,0.0105909,0.0101669,0.00974781,0.0093336,0.00892404,0.00851893,0.00811809,0.00772132,0.00732845,0.00693927,0.00655361,0.00617127,0.00579206,0.00541581,0.00504232,0.00467141,0.00430289,0.00393657,0.00357228,0.00320982,0.00284902,0.00248968,0.00213163,0.00177468,0.00141864,0.00106334,0.000708589
0,0.0053726,0.0107153,0.0159986,0.0211943,0.0262758,0.0312183,0.0359998,0.0406006,0.0450039,0.0491959,0.0531654,0.0569044,0.0604072,0.0636707,0.0666943,0.0694791,0.0720281,0.0743458,0.0764381,0.0783119,0.0799749,0.0814355,0.0827025,0.0837852,0.084693,0.0854352,0.0860213,0.0864607,0.0867624,0.0869354,0.0869883,0.0869295,0.086767,0.0865083,0.086161,0.0857319,0.0852276,0.0846543,0.0840181,0.0833244,0.0825785,0.0817852,0.0809494,0.0800751,0.0791665,0.0782274,0.0772612,0.0762713,0.0752607,0.0742323,0.0731887,0.0721323,0.0710655,0.0699903,0.0689086,0.0678223,0.0667331,0.0656424,0.0645517,0.0634622,0.0623752,0.0612917,0.0602128,0.0591393,0.0580721,0.057012,0.0559595,0.0549155,0.0538803,0.0528545,0.0518387,0.0508331,0.0498381,0.048854,0.0478812,0.0469199,0.0459702,0.0450323,0.0441065,0.0431927,0.0422912,0.0414019,0.0405249,0.0396603,0.038808,0.0379681,0.0371405,0.0363252,0.0355222,0.0347313,0.0339525,0.0331858,0.0324309,0.0316879,0.0309566,0.0302369,0.0295286,0.0288317,0.0281459,0.0274712,0.0268075,0.0261544,0.025512,0.0248799,0.0242582,0.0236465,0.0230448,0.0224529,0.0218705,0.0212975,0.0207338,0.0201792,0.0196334,0.0190963,0.0185678,0.0180476,0.0175355,0.0170314,0.0165352,0.0160465,0.0155653,0.0150912,0.0146243,0.0141642,0.0137109,0.013264,0.0128235,0.0123891,0.0119607,0.011538,0.011121,0.0107093,0.010303,0.00990162,0.00950517,0.00911342,0.00872619,0.0083433,0.00796457,0.00758983,0.00721891,0.00685161,0.00648777,0.00612721,0.00576975,0.00541523,0.00506346,0.00471428,0.0043675,0.00402296,0.00368048,0.00333989,0.00300102,0.00266368,0.00232773,0.00199297,0.00165924,0.00132636,0.000994171,0.000662495
0,0.00488489,0.00974362,0.0145505,0.0192808,0.023911,0.0284195,0.0327864,0.0369942,0.0410277,0.0448742,0.0485234,0.0519675,0.0552009,0.0582202,0.0610242,0.0636131,0.0659892,0.0681559,0.0701178,0.0718808,0.0734512,0.0748362,0.0760435,0.0770812,0.0779573,0.0786804,0.0792588,0.0797007,0.0800146,0.0802083,0.0802897,0.0802665,0.080146,0.0799351,0.0796407,0.0792691,0.0788265,0.0783186,0.077751,0.0771288,0.0764568,0.0757398,0.074982,0.0741874,0.07336,0.0725031,0.0716201,0.0707142,0.0697882,0.0688447,0.0678864,0.0669155,0.0659341,0.0649442,0.0639478,0.0629464,0.0619418,0.0609353,0.0599282,0.0589219,0.0579174,0.0569158,0.055918,0.054925,0.0539374,0.0529561,0.0519817,0.0510148,0.0500559,0.0491055,0.048164,0.0472319,0.0463095,0.045397,0.0444949,0.0436032,0.0427222,0.0418521,0.040993,0.040145,0.0393083,0.0384828,0.0376687,0.036866,0.0360747,0.0352948,0.0345263,0.0337691,0.0330233,0.0322887,0.0315653,0.030853,0.0301518,0.0294615,0.028782,0.0281133,0.0274552,0.0268076,0.0261703,0.0255433,0.0249264,0.0243195,0.0237224,0.023135,0.022557,0.0219885,0.0214292,0.0208789,0.0203376,0.0198049,0.0192809,0.0187652,0.0182578,0.0177585,0.0172671,0.0167835,0.0163074,0.0158387,0.0153773,0.0149229,0.0144754,0.0140347,0.0136005,0.0131727,0.0127511,0.0123356,0.011926,0.011522,0.0111236,0.0107306,0.0103428,0.00995998,0.00958206,0.00920884,0.00884015,0.00847583,0.00811571,0.00775963,0.00740741,0.00705891,0.00671394,0.00637235,0.00603397,0.00569864,0.00536619,0.00503648,0.00470932,0.00438456,0.00406204,0.0037416,0.00342308,0.00310631,0.00279114,0.0024774,0.00216494,0.00185359,0.0015432,0.00123361,0.000924647,0.000616166
0,0.00442339,0.00882394,0.0131792,0.0174676,0.0216684,0.0257625,0.0297324,0.0335624,0.0372389,0.0407503,0.0440871,0.0472419,0.0502093,0.0529859,0.0555698,0.0579609,0.0601607,0.0621717,0.0639976,0.0656432,0.0671139,0.0684158,0.0695554,0.0705398,0.0713761,0.0720717,0.0726339,0.0730704,0.0733883,0.0735949,0.0736974,0.0737025,0.073617,0.0734472,0.0731993,0.0728792,0.0724925,0.0720445,0.0715403,0.0709847,0.0703822,0.0697371,0.0690534,0.0683348,0.0675849,0.066807,0.0660042,0.0651794,0.0643352,0.0634743,0.062599,0.0617113,0.0608134,0.0599071,0.0589942,0.0580763,0.0571548,0.0562311,0.0553065,0.0543822,0.0534592,0.0525385,0.0516211,0.0507077,0.0497991,0.048896,0.047999,0.0471086,0.0462255,0.04535,0.0444827,0.0436237,0.0427735,0.0419324,0.0411007,0.0402785,0.039466,0.0386635,0.037871,0.0370887,0.0363167,0.0355551,0.0348038,0.034063,0.0333327,0.0326128,0.0319033,0.0312043,0.0305157,0.0298375,0.0291695,0.0285118,0.0278642,0.0272267,0.0265992,0.0259816,0.0253737,0.0247755,0.0241869,0.0236077,0.0230378,0.0224771,0.0219255,0.0213828,0.0208488,0.0203236,0.0198068,0.0192983,0.0187981,0.0183059,0.0178217,0.0173452,0.0168763,0.0164149,0.0159608,0.0155138,0.0150738,0.0146407,0.0142143,0.0137943,0.0133808,0.0129734,0.0125721,0.0121767,0.0117871,0.011403,0.0110244,0.010651,0.0102828,0.00991947,0.00956099,0.00920716,0.00885783,0.00851284,0.00817204,0.00783528,0.00750239,0.00717323,0.00684765,0.00652549,0.0062066,0.00589083,0.00557803,0.00526805,0.00496074,0.00465593,0.0043535,0.00405329,0.00375514,0.00345892,0.00316446,0.00287163,0.00258027,0.00229023,0.00200138,0.00171356,0.00142662,0.00114041,0.000854792,0.000569616
0,0.00398476,0.00794963,0.011875,0.0157421,0.0195327,0.02323,0.0268186,0.0302846,0.0336157,0.0368015,0.0398334,0.0427044,0.0454093,0.0479448,0.0503088,0.0525009,0.0545217,0.0563733,0.0580587,0.0595815,0.0609465,0.0621587,0.0632237,0.0641477,0.0649367,0.0655974,0.0661363,0.0665598,0.0668746,0.0670872,0.0672038,0.0672306,0.0671737,0.0670389,0.0668317,0.0665575,0.0662214,0.0658283,0.0653828,0.0648894,0.0643521,0.0637749,0.0631615,0.0625153,0.0618397,0.0611378,0.0604122,0.0596659,0.0589011,0.0581204,0.0573259,0.0565195,0.0557033,0.0548788,0.0540479,0.0532118,0.0523721,0.0515301,0.0506868,0.0498435,0.049001,0.0481604,0.0473225,0.046488,0.0456576,0.0448321,0.0440119,0.0431977,0.0423899,0.041589,0.0407953,0.0400092,0.0392309,0.0384609,0.0376994,0.0369464,0.0362023,0.0354673,0.0347413,0.0340246,0.0333173,0.0326194,0.0319309,0.031252,0.0305826,0.0299227,0.0292724,0.0286316,0.0280002,0.0273784,0.0267659,0.0261628,0.025569,0.0249844,0.0244089,0.0238424,0.0232849,0.0227362,0.0221963,0.021665,0.0211423,0.0206279,0.0201219,0.019624,0.0191342,0.0186522,0.0181781,0.0177116,0.0172526,0.0168011,0.0163567,0.0159195,0.0154893,0.0150659,0.0146492,0.014239,0.0138353,0.0134378,0.0130464,0.0126611,0.0122815,0.0119077,0.0115394,0.0111766,0.010819,0.0104665,0.010119,0.00977631,0.00943833,0.00910491,0.00877589,0.00845115,0.00813052,0.00781388,0.00750108,0.00719198,0.00688644,0.00658432,0.00628548,0.00598978,0.00569708,0.00540725,0.00512013,0.0048356,0.00455352,0.00427375,0.00399614,0.00372058,0.00344691,0.003175,0.00290472,0.00263592,0.00236848,0.00210225,0.00183711,0.00157291,0.00130952,0.00104681,0.000784633,0.000522864
0,0.00356607,0.00711487,0.0106294,0.0140932,0.0174904,0.0208065,0.0240278,0.027142,0.0301382,0.0330072,0.035741,0.0383334,0.0407794,0.0430758,0.0452205,0.0472127,0.0490528,0.0507421,0.052283,0.0536786,0.0549327,0.0560496,0.0570341,0.0578914,0.0586269,0.0592462,0.0597551,0.0601592,0.0604645,0.0606766,0.0608012,0.0608438,0.0608098,0.0607044,0.0605326,0.0602992,0.0600089,0.0596661,0.0592749,0.0588395,0.0583635,0.0578506,0.057304,0.0567271,0.0561228,0.0554938,0.0548429,0.0541725,0.0534849,0.0527823,0.0520665,0.0513396,0.0506033,0.0498591,0.0491086,0.0483531,0.047594,0.0468323,0.0460693,0.045306,0.0445431,0.0437817,0.0430225,0.0422662,0.0415135,0.040765,0.0400212,0.0392826,0.0385497,0.0378229,0.0371025,0.0363889,0.0356824,0.0349832,0.0342916,0.0336078,0.0329319,0.0322642,0.0316046,0.0309534,0.0303107,0.0296764,0.0290507,0.0284336,0.0278252,0.0272253,0.0266341,0.0260515,0.0254775,0.0249121,0.0243552,0.0238067,0.0232667,0.022735,0.0222116,0.0216964,0.0211894,0.0206903,0.0201992,0.0197159,0.0192404,0.0187725,0.0183121,0.0178592,0.0174135,0.0169751,0.0165437,0.0161193,0.0157017,0.0152908,0.0148865,0.0144887,0.0140972,0.0137119,0.0133328,0.0129595,0.0125921,0.0122304,0.0118743,0.0115236,0.0111782,0.010838,0.0105028,0.0101726,0.00984716,0.00952637,0.00921011,0.00889825,0.00859066,0.0082872,0.00798776,0.00769219,0.00740038,0.00711219,0.0068275,0.00654617,0.00626808,0.0059931,0.0057211,0.00545196,0.00518556,0.00492175,0.00466042,0.00440144,0.00414469,0.00389004,0.00363737,0.00338655,0.00313745,0.00288996,0.00264394,0.00239928,0.00215585,0.00191352,0.00167218,0.0014317,0.00119196,0.000952831,0.000714194,0.000475924
0,0.00316469,0.00631447,0.00943462,0.0125109,0.0155296,0.0184781,0.0213443,0.0241176,0.0267884,0.0293484,0.0317905,0.0341091,0.0362998,0.0383592,0.0402854,0.0420774,0.0437353,0.04526,0.0466535,0.0479181,0.049057,0.0500738,0.0509727,0.0517579,0.0524342,0.0530065,0.0534796,0.0538586,0.0541487,0.0543548,0.0544819,0.0545349,0.0545186,0.0544376,0.0542963,0.0540992,0.0538503,0.0535535,0.0532128,0.0528316,0.0524134,0.0519613,0.0514785,0.0509679,0.050432,0.0498736,0.0492948,0.0486981,0.0480855,0.0474589,0.0468201,0.046171,0.0455129,0.0448475,0.0441761,0.0434999,0.0428201,0.0421379,0.0414541,0.0407698,0.0400858,0.0394028,0.0387216,0.0380429,0.0373672,0.0366952,0.0360272,0.0353638,0.0347054,0.0340524,0.033405,0.0327637,0.0321286,0.0315,0.0308782,0.0302633,0.0296555,0.0290549,0.0284616,0.0278759,0.0272976,0.026727,0.026164,0.0256087,0.0250611,0.0245213,0.0239892,0.0234649,0.0229482,0.0224393,0.0219379,0.0214442,0.0209581,0.0204794,0.0200082,0.0195443,0.0190877,0.0186384,0.0181961,0.0177609,0.0173327,0.0169114,0.0164968,0.0160889,0.0156875,0.0152926,0.0149041,0.0145218,0.0141457,0.0137756,0.0134115,0.0130532,0.0127005,0.0123535,0.0120119,0.0116757,0.0113448,0.011019,0.0106981,0.0103822,0.0100711,0.00976462,0.00946269,0.0091652,0.008872,0.00858301,0.00829809,0.00801714,0.00774002,0.00746664,0.00719686,0.00693058,0.00666767,0.00640803,0.00615153,0.00589807,0.00564752,0.00539978,0.00515472,0.00491223,0.0046722,0.00443452,0.00419907,0.00396573,0.0037344,0.00350497,0.00327731,0.00305132,0.00282688,0.00260389,0.00238223,0.00216178,0.00194245,0.00172411,0.00150666,0.00128999,0.00107398,0.000858517,0.0006435,0.000428816
0,0.00277827,0.00554376,0.00828384,0.0109863,0.0136394,0.016232,0.018754,0.021196,0.0235497,0.0258078,0.027964,0.0300133,0.0319517,0.0337763,0.0354849,0.0370767,0.0385515,0.0399099,0.0411534,0.042284,0.0433041,0.0442169,0.0450257,0.0457342,0.0463465,0.0468667,0.0472991,0.047648,0.0479178,0.048113,0.0482377,0.0482964,0.0482932,0.0482321,0.0481172,0.0479522,0.0477407,0.0474863,0.0471924,0.0468621,0.0464984,0.0461043,0.0456824,0.0452352,0.0447654,0.044275,0.0437662,0.0432411,0.0427015,0.0421492,0.0415857,0.0410127,0.0404316,0.0398436,0.03925,0.0386519,0.0380505,0.0374466,0.0368412,0.0362351,0.0356291,0.0350238,0.03442,0.0338183,0.0332191,0.032623,0.0320304,0.0314418,0.0308576,0.0302779,0.0297033,0.0291339,0.0285701,0.0280119,0.0274597,0.0269135,0.0263736,0.0258401,0.0253131,0.0247926,0.0242788,0.0237717,0.0232714,0.0227779,0.0222913,0.0218114,0.0213385,0.0208724,0.0204131,0.0199606,0.0195149,0.0190759,0.0186437,0.0182181,0.0177991,0.0173866,0.0169806,0.016581,0.0161877,0.0158007,0.0154199,0.0150451,0.0146764,0.0143136,0.0139566,0.0136054,0.0132598,0.0129198,0.0125853,0.0122561,0.0119322,0.0116134,0.0112997,0.010991,0.0106872,0.0103881,0.0100937,0.00980385,0.00951845,0.0092374,0.00896061,0.00868795,0.00841935,0.00815467,0.00789383,0.00763672,0.00738324,0.00713327,0.00688673,0.00664349,0.00640348,0.00616656,0.00593265,0.00570164,0.00547343,0.00524792,0.005025,0.00480457,0.00458653,0.00437077,0.00415721,0.00394573,0.00373624,0.00352862,0.00332279,0.00311865,0.00291609,0.002715,0.00251531,0.00231689,0.00211967,0.00192352,0.00172836,0.00153409,0.00134061,0.00114781,0.000955608,0.000763896,0.000572578,0.000381555
0,0.00240468,0.00479851,0.00717081,0.00951119,0.0118097,0.0140569,0.016244,0.0183631,0.0204069,0.0223693,0.0242448,0.0260289,0.0277181,0.0293096,0.0308018,0.0321936,0.0334846,0.0346754,0.0357669,0.0367609,0.0376593,0.0384646,0.0391796,0.0398076,0.0403518,0.0408157,0.041203,0.0415174,0.0417626,0.0419424,0.0420606,0.0421208,0.0421266,0.0420816,0.0419892,0.0418527,0.0416752,0.0414598,0.0412096,0.0409271,0.0406151,0.0402762,0.0399126,0.0395267,0.0391205,0.0386961,0.0382553,0.0378,0.0373317,0.036852,0.0363623,0.0358641,0.0353585,0.0348467,0.0343298,0.0338089,0.0332847,0.0327583,0.0322304,0.0317018,0.0311731,0.030645,0.030118,0.0295927,0.0290695,0.0285489,0.0280313,0.0275171,0.0270067,0.0265002,0.025998,0.0255004,0.0250075,0.0245195,0.0240367,0.0235592,0.0230871,0.0226205,0.0221595,0.0217043,0.0212549,0.0208113,0.0203737,0.0199419,0.0195161,0.0190963,0.0186825,0.0182746,0.0178727,0.0174768,0.0170867,0.0167026,0.0163242,0.0159517,0.015585,0.015224,0.0148686,0.0145188,0.0141746,0.0138358,0.0135024,0.0131744,0.0128516,0.012534,0.0122214,0.011914,0.0116114,0.0113137,0.0110208,0.0107326,0.010449,0.0101699,0.00989529,0.00962499,0.00935895,0.00909708,0.00883928,0.00858548,0.00833558,0.00808949,0.00784711,0.00760836,0.00737315,0.00714139,0.00691297,0.00668783,0.00646585,0.00624697,0.00603106,0.00581807,0.00560788,0.00540041,0.00519557,0.00499327,0.00479342,0.00459593,0.00440071,0.00420768,0.00401673,0.00382779,0.00364075,0.00345555,0.00327209,0.00309027,0.00291001,0.00273123,0.00255383,0.00237773,0.00220284,0.00202908,0.00185635,0.00168458,0.00151366,0.00134352,0.00117407,0.00100523,0.000836901,0.000669004,0.000501452,0.000334158
0,0.00204195,0.00407485,0.0060898,0.0080781,0.0100314,0.0119419,0.0138022,0.0156056,0.0173459,0.019018,0.0206172,0.0221397,0.0235823,0.0249428,0.0262196,0.0274116,0.0285185,0.0295406,0.0304786,0.0313339,0.0321081,0.0328031,0.0334214,0.0339654,0.0344379,0.034842,0.0351805,0.0354566,0.0356735,0.0358344,0.0359423,0.0360004,0.0360118,0.0359794,0.0359063,0.035795,0.0356485,0.0354693,0.0352599,0.0350227,0.0347599,0.0344738,0.0341663,0.0338394,0.033495,0.0331347,0.0327602,0.032373,0.0319744,0.031566,0.0311488,0.030724,0.0302928,0.0298562,0.029415,0.0289702,0.0285226,0.0280729,0.0276218,0.02717,0.026718,0.0262663,0.0258156,0.0253663,0.0249187,0.0244732,0.0240303,0.0235902,0.0231532,0.0227196,0.0222896,0.0218634,0.0214413,0.0210234,0.0206099,0.0202008,0.0197964,0.0193967,0.0190017,0.0186117,0.0182266,0.0178465,0.0174714,0.0171014,0.0167365,0.0163767,0.0160219,0.0156723,0.0153278,0.0149884,0.014654,0.0143247,0.0140004,0.013681,0.0133666,0.0130571,0.0127524,0.0124525,0.0121573,0.0118668,0.0115809,0.0112996,0.0110228,0.0107505,0.0104825,0.0102188,0.00995937,0.00970408,0.0094529,0.00920573,0.00896251,0.00872316,0.00848762,0.0082558,0.00802764,0.00780304,0.00758195,0.00736427,0.00714993,0.00693886,0.00673098,0.00652621,0.00632447,0.00612568,0.00592977,0.00573666,0.00554627,0.00535852,0.00517333,0.00499063,0.00481035,0.00463239,0.00445669,0.00428317,0.00411175,0.00394235,0.00377489,0.00360931,0.00344552,0.00328345,0.00312302,0.00296416,0.00280679,0.00265082,0.0024962,0.00234285,0.00219068,0.00203962,0.0018896,0.00174055,0.00159238,0.00144503,0.00129842,0.00115248,0.00100712,0.000862289,0.000717897,0.000573874,0.000430147,0.000286642
0,0.00168828,0.00336921,0.0050355,0.00668008,0.00829617,0.0098773,0.0114175,0.0129112,0.0143535,0.0157399,0.0170667,0.0183306,0.0195291,0.0206602,0.0217224,0.022715,0.0236376,0.0244902,0.0252736,0.0259886,0.0266365,0.027219,0.0277379,0.0281952,0.0285932,0.0289344,0.029221,0.0294558,0.0296412,0.02978,0.0298745,0.0299275,0.0299415,0.0299189,0.0298621,0.0297735,0.0296554,0.0295098,0.0293389,0.0291447,0.028929,0.0286936,0.0284404,0.0281707,0.0278863,0.0275886,0.0272788,0.0269582,0.0266282,0.0262897,0.0259438,0.0255915,0.0252337,0.0248713,0.024505,0.0241356,0.0237637,0.02339,0.023015,0.0226394,0.0222636,0.021888,0.0215131,0.0211393,0.0207669,0.0203962,0.0200276,0.0196613,0.0192975,0.0189365,0.0185785,0.0182237,0.0178722,0.0175242,0.0171798,0.0168391,0.0165022,0.0161693,0.0158403,0.0155153,0.0151945,0.0148778,0.0145653,0.014257,0.0139529,0.0136531,0.0133575,0.0130662,0.0127791,0.0124962,0.0122175,0.0119431,0.0116727,0.0114066,0.0111445,0.0108865,0.0106325,0.0103825,0.0101365,0.00989432,0.00965603,0.00942153,0.00919079,0.00896374,0.00874033,0.00852051,0.00830421,0.00809139,0.00788197,0.00767591,0.00747313,0.00727359,0.00707721,0.00688394,0.0066937,0.00650645,0.00632211,0.00614062,0.00596191,0.00578592,0.00561259,0.00544186,0.00527365,0.0051079,0.00494455,0.00478353,0.00462478,0.00446823,0.00431382,0.00416149,0.00401116,0.00386277,0.00371627,0.00357158,0.00342864,0.00328739,0.00314776,0.00300969,0.00287311,0.00273797,0.00260419,0.00247173,0.0023405,0.00221045,0.00208151,0.00195364,0.00182675,0.00170079,0.00157569,0.0014514,0.00132785,0.00120498,0.00108272,0.000961023,0.000839817,0.000719042,0.000598637,0.00047854,0.00035869,0.000239024
0,0.00134201,0.00267823,0.00400297,0.00531065,0.00659595,0.00785378,0.00907941,0.0102685,0.011417,0.0125216,0.0135792,0.0145872,0.0155435,0.0164466,0.0172953,0.0180888,0.0188269,0.0195096,0.0201373,0.0207107,0.0212308,0.0216989,0.0221164,0.0224848,0.022806,0.0230817,0.023314,0.0235049,0.0236562,0.0237702,0.0238489,0.0238943,0.0239084,0.0238932,0.0238505,0.0237823,0.0236904,0.0235764,0.023442,0.0232889,0.0231185,0.0229322,0.0227315,0.0225176,0.0222918,0.0220552,0.0218089,0.0215539,0.0212912,0.0210217,0.0207461,0.0204654,0.0201802,0.0198912,0.019599,0.0193043,0.0190075,0.0187092,0.0184099,0.01811,0.0178099,0.01751,0.0172105,0.0169119,0.0166143,0.0163181,0.0160236,0.0157308,0.0154401,0.0151515,0.0148654,0.0145817,0.0143007,0.0140224,0.013747,0.0134746,0.0132052,0.0129389,0.0126758,0.0124159,0.0121593,0.011906,0.0116561,0.0114094,0.0111662,0.0109263,0.0106899,0.0104568,0.0102271,0.0100008,0.00977784,0.00955823,0.00934196,0.00912898,0.00891929,0.00871284,0.00850962,0.00830958,0.00811271,0.00791894,0.00772825,0.00754061,0.00735596,0.00717426,0.00699548,0.00681956,0.00664647,0.00647615,0.00630856,0.00614365,0.00598137,0.00582168,0.00566451,0.00550983,0.00535759,0.00520772,0.00506019,0.00491493,0.0047719,0.00463105,0.00449233,0.00435568,0.00422105,0.00408839,0.00395765,0.00382878,0.00370172,0.00357642,0.00345283,0.00333091,0.00321059,0.00309182,0.00297456,0.00285875,0.00274434,0.00263128,0.00251952,0.00240901,0.0022997,0.00219153,0.00208445,0.00197842,0.00187339,0.00176929,0.00166609,0.00156374,0.00146217,0.00136135,0.00126122,0.00116174,0.00106284,0.000964494,0.000866639,0.000769228,0.000672212,0.00057554,0.000479165,0.000383036,0.000287105,0.000191321
0,0.00100152,0.00199878,0.00298753,0.00396369,0.00492328,0.00586255,0.00677799,0.00766637,0.00852476,0.00935054,0.0101415,0.0108956,0.0116114,0.0122877,0.0129235,0.0135184,0.0140719,0.0145842,0.0150556,0.0154864,0.0158776,0.0162298,0.0165442,0.0168221,0.0170645,0.017273,0.0174489,0.0175938,0.0177091,0.0177963,0.0178571,0.0178929,0.0179051,0.0178954,0.017865,0.0178154,0.0177479,0.0176639,0.0175645,0.0174509,0.0173244,0.0171859,0.0170365,0.0168771,0.0167088,0.0165323,0.0163484,0.016158,0.0159618,0.0157603,0.0155543,0.0153444,0.0151311,0.0149149,0.0146963,0.0144757,0.0142536,0.0140303,0.0138062,0.0135816,0.0133569,0.0131322,0.0129079,0.0126841,0.0124612,0.0122393,0.0120185,0.0117991,0.0115812,0.011365,0.0111505,0.0109379,0.0107272,0.0105186,0.0103121,0.0101079,0.00990589,0.00970624,0.00950895,0.00931408,0.00912166,0.00893171,0.00874425,0.0085593,0.00837689,0.008197,0.00801965,0.00784485,0.00767257,0.00750283,0.0073356,0.00717088,0.00700866,0.00684891,0.00669162,0.00653677,0.00638432,0.00623427,0.00608658,0.00594123,0.00579819,0.00565743,0.00551891,0.00538261,0.00524849,0.00511652,0.00498666,0.00485889,0.00473316,0.00460945,0.0044877,0.00436789,0.00424998,0.00413394,0.00401972,0.00390728,0.0037966,0.00368762,0.00358031,0.00347464,0.00337056,0.00326804,0.00316703,0.0030675,0.00296941,0.00287272,0.00277739,0.00268339,0.00259066,0.00249918,0.00240891,0.0023198,0.00223182,0.00214493,0.00205909,0.00197426,0.00189041,0.0018075,0.00172548,0.00164432,0.00156398,0.00148442,0.00140562,0.00132751,0.00125008,0.00117328,0.00109708,0.00102143,0.000946306,0.000871662,0.000797462,0.00072367,0.000650248,0.00057716,0.000504367,0.000431834,0.000359523,0.000287396,0.000215418,0.00014355
0,0.000665329,0.00132784,0.00198474,0.00263333,0.00327099,0.00389523,0.00450373,0.00509436,0.00566517,0.00621444,0.00674065,0.00724255,0.00771907,0.00816941,0.00859296,0.00898935,0.00935838,0.00970005,0.0100145,0.0103022,0.0105634,0.0107988,0.011009,0.0111949,0.0113573,0.0114971,0.0116152,0.0117126,0.0117903,0.0118493,0.0118906,0.0119153,0.0119243,0.0119186,0.0118991,0.0118667,0.0118225,0.0117671,0.0117015,0.0116264,0.0115427,0.0114509,0.0113518,0.0112461,0.0111344,0.0110171,0.010895,0.0107685,0.010638,0.010504,0.0103671,0.0102274,0.0100855,0.00994161,0.00979612,0.00964929,0.00950143,0.00935276,0.00920354,0.00905398,0.00890429,0.00875465,0.00860523,0.00845619,0.00830769,0.00815983,0.00801276,0.00786658,0.0077214,0.00757729,0.00743435,0.00729265,0.00715226,0.00701324,0.00687563,0.0067395,0.00660487,0.0064718,0.0063403,0.0062104,0.00608213,0.00595551,0.00583055,0.00570726,0.00558566,0.00546573,0.00534751,0.00523097,0.00511611,0.00500295,0.00489146,0.00478164,0.00467348,0.00456698,0.00446211,0.00435886,0.00425722,0.00415717,0.0040587,0.00396179,0.00386641,0.00377255,0.0036802,0.00358931,0.00349988,0.00341189,0.0033253,0.0032401,0.00315627,0.00307378,0.0029926,0.00291271,0.00283409,0.0027567,0.00268054,0.00260557,0.00253176,0.00245909,0.00238754,0.00231707,0.00224767,0.0021793,0.00211195,0.00204558,0.00198017,0.00191569,0.00185212,0.00178943,0.0017276,0.0016666,0.0016064,0.00154698,0.00148831,0.00143037,0.00137312,0.00131656,0.00126064,0.00120535,0.00115065,0.00109653,0.00104296,0.000989906,0.000937352,0.000885269,0.000833634,0.00078242,0.000731602,0.000681156,0.000631057,0.000581279,0.000531798,0.000482589,0.000433627,0.000384887,0.000336344,0.000287975,0.000239753,0.000191654,0.000143654,9.57285e-05
