0,0,0,0,0,0,0,0,0,0,0,0,0,0,0,0,0,0,0,0,0,0,0,0,0,0,0,0,0,0,0,0,0,0,0,0,0,0,0,0,0,0,0,0,0,0,0,0,0,0,0,0,0,0,0,0,0,0,0,0,0,0,0,0,0,0,0,0,0,0,0,0,0,0,0,0,0,0,0,0,0,0,0,0,0,0,0,0,0,0,0,0,0,0,0,0,0,0,0,0,0,0,0,0,0,0,0,0,0,0,0,0,0,0,0,0,0,0,0,0,0,0,0,0,0,0,0,0,0,0,0,0,0,0,0,0,0,0,0,0,0,0,0,0,0,0,0,0,0,0,0,0,0,0,0,0,0,0,0,0,0
0,0.000327641,0.000653884,0.000977345,0.00129668,0.00161059,0.00191783,0.00221727,0.00250784,0.00278856,0.00305858,0.00331715,0.00356365,0.00379753,0.0040184,0.00422596,0.00442002,0.00460047,0.00476732,0.00492064,0.00506061,0.00518744,0.00530143,0.00540291,0.00549228,0.00556994,0.00563634,0.00569197,0.00573731,0.00577285,0.00579909,0.00581656,0.00582573,0.00582712,0.0058212,0.00580846,0.00578935,0.00576432,0.00573381,0.00569822,0.00565796,0.0056134,0.0055649,0.00551282,0.00545746,0.00539915,0.00533817,0.0052748,0.00520928,0.00514187,0.0050728,0.00500226,0.00493047,0.0048576,0.00478384,0.00470933,0.00463424,0.00455869,0.00448282,0.00440675,0.00433058,0.00425442,0.00417837,0.0041025,0.0040269,0.00395164,0.0038768,0.00380241,0.00372856,0.00365527,0.00358261,0.00351061,0.00343931,0.00336874,0.00329893,0.00322992,0.00316171,0.00309434,0.00302783,0.00296217,0.0028974,0.00283352,0.00277054,0.00270847,0.00264731,0.00258707,0.00252775,0.00246934,0.00241186,0.00235529,0.00229965,0.00224491,0.00219108,0.00213815,0.00208611,0.00203497,0.0019847,0.00193531,0.00188678,0.00183911,0.00179228,0.00174629,0.00170112,0.00165676,0.0016132,0.00157043,0.00152844,0.00148721,0.00144674,0.001407,0.001368,0.0013297,0.00129211,0.0012552,0.00121897,0.0011834,0.00114847,0.00111418,0.0010805,0.00104743,0.00101496,0.000983055,0.000951718,0.000920928,0.000890675,0.000860941,0.000831716,0.000802982,0.000774729,0.000746939,0.000719602,0.0006927,0.000666221,0.000640151,0.000614477,0.000589182,0.000564256,0.000539681,0.000515447,0.000491538,0.000467941,0.000444641,0.000421626,0.00039888,0.000376392,0.000354146,0.00033213,0.00031033,0.000288731,0.000267321,0.000246086,0.000225013,0.000204087,0.000183296,0.000162625,0.000142062,0.000121593,0.000101205,8.08834e-05,6.06155e-05,4.0388e-05
0,0.00065669,0.00131056,0.00195884,0.00259881,0.00322787,0.00384353,0.00444348,0.00502557,0.00558789,0.00612869,0.00664648,0.00713999,0.00760817,0.00805022,0.00846555,0.00885375,0.00921467,0.00954829,0.00985479,0.0101345,0.0103879,0.0106155,0.0108181,0.0109964,0.0111513,0.0112837,0.0113944,0.0114846,0.0115552,0.0116072,0.0116416,0.0116595,0.0116618,0.0116495,0.0116235,0.0115849,0.0115344,0.0114729,0.0114014,0.0113205,0.011231,0.0111337,0.0110292,0.0109182,0.0108013,0.010679,0.010552,0.0104208,0.0102857,0.0101474,0.0100061,0.00986234,0.00971644,0.00956875,0.00941959,0.00926926,0.00911804,0.00896619,0.00881393,0.0086615,0.0085091,0.0083569,0.00820509,0.00805382,0.00790324,0.00775348,0.00760466,0.0074569,0.00731029,0.00716492,0.00702088,0.00687825,0.00673708,0.00659744,0.00645939,0.00632296,0.0061882,0.00605515,0.00592383,0.00579428,0.00566651,0.00554054,0.00541639,0.00529407,0.00517358,0.00505493,0.00493813,0.00482316,0.00471003,0.00459873,0.00448926,0.00438159,0.00427574,0.00417168,0.00406939,0.00396887,0.00387009,0.00377304,0.0036777,0.00358405,0.00349207,0.00340174,0.00331303,0.00322592,0.00314039,0.00305642,0.00297398,0.00289303,0.00281358,0.00273557,0.00265899,0.00258381,0.00251001,0.00243755,0.00236642,0.00229658,0.002228,0.00216066,0.00209453,0.00202958,0.00196579,0.00190312,0.00184155,0.00178105,0.0017216,0.00166315,0.0016057,0.0015492,0.00149363,0.00143896,0.00138517,0.00133222,0.00128008,0.00122874,0.00117816,0.00112832,0.00107918,0.00103072,0.000982907,0.000935719,0.000889128,0.000843105,0.000797623,0.000752653,0.00070817,0.000664144,0.000620551,0.000577361,0.000534549,0.000492086,0.000449947,0.000408102,0.000366527,0.000325193,0.000284075,0.000243144,0.000202374,0.000161738,0.00012121,8.07618e-05
0,0.000988569,0.00197287,0.00294869,0.00391193,0.00485862,0.00578502,0.00668764,0.00756322,0.00840886,0.00922196,0.0100003,0.0107418,0.0114452,0.012109,0.0127325,0.013315,0.0138564,0.0143567,0.014816,0.015235,0.0156144,0.015955,0.0162579,0.0165244,0.0167556,0.0169529,0.0171179,0.0172519,0.0173565,0.0174333,0.0174837,0.0175093,0.0175115,0.0174919,0.0174518,0.0173927,0.0173159,0.0172227,0.0171144,0.0169921,0.016857,0.0167102,0.0165526,0.0163854,0.0162093,0.0160253,0.0158341,0.0156367,0.0154335,0.0152255,0.0150131,0.014797,0.0145777,0.0143558,0.0141317,0.0139059,0.0136787,0.0134506,0.013222,0.0129931,0.0127642,0.0125357,0.0123078,0.0120808,0.0118547,0.0116299,0.0114066,0.0111848,0.0109648,0.0107466,0.0105305,0.0103164,0.0101046,0.0098951,0.00968795,0.00948326,0.00928108,0.00908146,0.00888445,0.0086901,0.00849842,0.00830945,0.00812321,0.00793971,0.00775897,0.00758099,0.00740578,0.00723333,0.00706363,0.00689669,0.00673248,0.00657101,0.00641223,0.00625615,0.00610273,0.00595197,0.00580381,0.00565826,0.00551526,0.00537481,0.00523685,0.00510137,0.00496833,0.00483769,0.00470942,0.00458348,0.00445983,0.00433845,0.00421928,0.0041023,0.00398745,0.00387471,0.00376402,0.00365537,0.00354868,0.00344394,0.0033411,0.00324011,0.00314094,0.00304354,0.00294787,0.0028539,0.00276157,0.00267084,0.00258168,0.00249404,0.00240787,0.00232314,0.00223981,0.00215783,0.00207716,0.00199776,0.00191958,0.00184259,0.00176674,0.00169199,0.0016183,0.00154563,0.00147394,0.00140318,0.00133331,0.00126429,0.00119609,0.00112865,0.00106195,0.000995928,0.000930556,0.000865791,0.00080159,0.000737915,0.000674723,0.000611975,0.00054963,0.000487648,0.000425987,0.000364609,0.000303472,0.000242536,0.000181761,0.000121107
0,0.00132474,0.00264371,0.0039512,0.00524167,0.00650978,0.00775046,0.00895898,0.010131,0.0112626,0.0123503,0.013391,0.0143822,0.0153219,0.0162084,0.0170407,0.0178178,0.0185397,0.0192063,0.019818,0.0203756,0.0208801,0.0213327,0.0217348,0.0220881,0.0223942,0.0226552,0.0228729,0.0230492,0.0231864,0.0232864,0.0233513,0.0233831,0.0233838,0.0233554,0.0232999,0.023219,0.0231146,0.0229885,0.0228422,0.0226774,0.0224956,0.0222982,0.0220867,0.0218623,0.0216262,0.0213795,0.0211235,0.0208591,0.0205872,0.0203088,0.0200248,0.0197358,0.0194426,0.019146,0.0188465,0.0185448,0.0182413,0.0179367,0.0176313,0.0173257,0.0170201,0.0167151,0.0164108,0.0161077,0.015806,0.015506,0.015208,0.014912,0.0146185,0.0143274,0.0140391,0.0137535,0.0134709,0.0131915,0.0129152,0.0126421,0.0123725,0.0121063,0.0118435,0.0115843,0.0113287,0.0110767,0.0108284,0.0105837,0.0103427,0.0101054,0.00987173,0.0096418,0.00941555,0.00919296,0.00897404,0.00875874,0.00854707,0.00833898,0.00813445,0.00793345,0.00773595,0.0075419,0.00735128,0.00716404,0.00698014,0.00679953,0.00662218,0.00644803,0.00627704,0.00610916,0.00594434,0.00578253,0.00562369,0.00546775,0.00531467,0.00516438,0.00501685,0.00487201,0.00472982,0.0045902,0.00445312,0.00431852,0.00418633,0.00405651,0.003929,0.00380373,0.00368067,0.00355974,0.0034409,0.00332408,0.00320924,0.00309631,0.00298524,0.00287597,0.00276845,0.00266262,0.00255842,0.00245581,0.00235471,0.00225509,0.00215687,0.00206001,0.00196446,0.00187014,0.00177703,0.00168504,0.00159414,0.00150426,0.00141535,0.00132736,0.00124024,0.00115392,0.00106835,0.000983484,0.000899264,0.000815633,0.000732541,0.000649931,0.000567751,0.000485946,0.000404464,0.000323249,0.000242249,0.00016141
0,0.00166671,0.00332608,0.00497083,0.0065939,0.00818851,0.00974823,0.011267,0.0127395,0.0141605,0.0155258,0.0168315,0.0180745,0.0192522,0.0203626,0.0214043,0.0223765,0.0232788,0.0241113,0.0248748,0.02557,0.0261984,0.0267615,0.0272612,0.0276996,0.0280789,0.0284015,0.0286699,0.0288866,0.0290543,0.0291755,0.0292528,0.0292888,0.0292861,0.0292471,0.0291742,0.0290698,0.0289361,0.0287754,0.0285896,0.0283808,0.0281509,0.0279016,0.0276348,0.027352,0.0270547,0.0267444,0.0264225,0.0260902,0.0257487,0.0253992,0.0250426,0.02468,0.0243123,0.0239404,0.0235649,0.0231867,0.0228065,0.0224248,0.0220423,0.0216595,0.0212769,0.0208949,0.0205141,0.0201347,0.0197571,0.0193816,0.0190087,0.0186384,0.0182711,0.017907,0.0175462,0.0171891,0.0168356,0.0164861,0.0161406,0.0157991,0.0154619,0.015129,0.0148005,0.0144764,0.0141568,0.0138418,0.0135313,0.0132254,0.0129241,0.0126275,0.0123354,0.012048,0.0117652,0.011487,0.0112133,0.0109443,0.0106797,0.0104196,0.010164,0.00991279,0.00966596,0.00942345,0.00918522,0.00895123,0.00872141,0.00849571,0.00827408,0.00805646,0.00784278,0.007633,0.00742704,0.00722486,0.00702636,0.00683151,0.00664022,0.00645244,0.00626809,0.00608711,0.00590943,0.00573499,0.00556371,0.00539552,0.00523035,0.00506815,0.00490882,0.00475231,0.00459855,0.00444746,0.00429897,0.00415302,0.00400953,0.00386843,0.00372966,0.00359314,0.0034588,0.00332658,0.00319639,0.00306818,0.00294188,0.00281741,0.0026947,0.00257369,0.0024543,0.00233647,0.00222013,0.00210521,0.00199163,0.00187934,0.00176827,0.00165834,0.00154948,0.00144164,0.00133474,0.00122871,0.00112349,0.00101901,0.000915194,0.000811986,0.000709315,0.000607113,0.000505313,0.000403849,0.000302652,0.000201656
0,0.00201608,0.00402313,0.00601225,0.00797475,0.00990234,0.0117871,0.0136218,0.0153996,0.0171146,0.0187613,0.0203353,0.0218326,0.0232503,0.024586,0.0258381,0.0270056,0.0280882,0.0290862,0.0300004,0.030832,0.0315827,0.0322545,0.0328497,0.033371,0.0338211,0.0342029,0.0345196,0.0347741,0.0349697,0.0351095,0.0351967,0.0352345,0.0352259,0.0351738,0.0350813,0.0349511,0.034786,0.0345886,0.0343613,0.0341066,0.0338268,0.033524,0.0332003,0.0328576,0.0324977,0.0321225,0.0317334,0.031332,0.0309198,0.0304981,0.0300681,0.029631,0.0291879,0.0287398,0.0282877,0.0278324,0.0273748,0.0269155,0.0264553,0.0259949,0.0255348,0.0250755,0.0246176,0.0241615,0.0237077,0.0232566,0.0228084,0.0223636,0.0219223,0.0214849,0.0210517,0.0206227,0.0201983,0.0197785,0.0193636,0.0189537,0.0185489,0.0181492,0.0177548,0.0173658,0.0169822,0.0166041,0.0162314,0.0158643,0.0155027,0.0151467,0.0147963,0.0144514,0.014112,0.0137782,0.0134498,0.013127,0.0128095,0.0124975,0.0121908,0.0118894,0.0115933,0.0113024,0.0110166,0.0107359,0.0104602,0.0101894,0.00992355,0.0096625,0.00940619,0.00915454,0.00890749,0.00866496,0.00842687,0.00819314,0.0079637,0.00773846,0.00751735,0.00730027,0.00708717,0.00687793,0.0066725,0.00647077,0.00627268,0.00607812,0.00588704,0.00569932,0.00551491,0.00533369,0.00515561,0.00498056,0.00480847,0.00463925,0.00447282,0.00430909,0.00414798,0.0039894,0.00383327,0.00367951,0.00352804,0.00337876,0.0032316,0.00308647,0.0029433,0.00280198,0.00266246,0.00252464,0.00238844,0.00225377,0.00212057,0.00198873,0.00185819,0.00172886,0.00160066,0.00147351,0.00134732,0.00122202,0.00109753,0.000973756,0.00085063,0.000728066,0.000605985,0.000484306,0.000362948,0.000241832
0,0.00237452,0.00473822,0.00708041,0.00939072,0.0116592,0.0138764,0.0160337,0.018123,0.0201372,0.02207,0.0239161,0.0256709,0.027331,0.0288937,0.0303571,0.0317203,0.032983,0.0341457,0.0352094,0.0361757,0.0370468,0.037825,0.0385133,0.0391147,0.0396327,0.0400708,0.0404325,0.0407217,0.0409421,0.0410974,0.0411915,0.041228,0.0412104,0.0411425,0.0410275,0.0408689,0.0406697,0.0404332,0.0401621,0.0398593,0.0395274,0.039169,0.0387865,0.0383821,0.037958,0.0375161,0.0370583,0.0365865,0.0361023,0.0356071,0.0351026,0.0345899,0.0340705,0.0335454,0.0330157,0.0324825,0.0319467,0.0314091,0.0308707,0.030332,0.0297938,0.0292568,0.0287214,0.0281883,0.0276579,0.0271307,0.026607,0.0260873,0.0255718,0.025061,0.0245549,0.024054,0.0235584,0.0230683,0.0225839,0.0221054,0.0216328,0.0211663,0.020706,0.020252,0.0198043,0.019363,0.0189282,0.0184998,0.0180779,0.0176626,0.0172537,0.0168513,0.0164554,0.016066,0.015683,0.0153063,0.0149361,0.0145721,0.0142144,0.0138629,0.0135175,0.0131782,0.0128448,0.0125174,0.0121959,0.0118802,0.0115701,0.0112657,0.0109668,0.0106733,0.0103852,0.0101024,0.00982477,0.00955223,0.00928468,0.00902205,0.00876422,0.00851111,0.00826262,0.00801866,0.00777912,0.00754392,0.00731294,0.00708611,0.00686331,0.00664445,0.00642943,0.00621816,0.00601052,0.00580644,0.00560579,0.00540851,0.00521446,0.00502358,0.00483574,0.00465086,0.00446884,0.00428958,0.00411298,0.00393895,0.00376738,0.00359819,0.00343127,0.00326653,0.00310387,0.0029432,0.00278441,0.00262742,0.00247212,0.00231843,0.00216625,0.00201548,0.00186602,0.00171779,0.00157068,0.00142461,0.00127947,0.00113519,0.000991646,0.000848764,0.000706444,0.000564593,0.000423117,0.000281922
0,0.00274385,0.00547492,0.00818063,0.0108487,0.0134675,0.016026,0.0185139,0.0209219,0.0232417,0.0254661,0.0275887,0.0296047,0.0315098,0.0333013,0.0349772,0.0365364,0.0379788,0.0393052,0.0405168,0.0416159,0.0426048,0.0434866,0.0442648,0.0449431,0.0455255,0.0460162,0.0464194,0.0467395,0.046981,0.0471481,0.0472454,0.047277,0.0472471,0.0471598,0.0470192,0.0468289,0.0465927,0.0463141,0.0459964,0.0456428,0.0452565,0.0448401,0.0443966,0.0439284,0.043438,0.0429277,0.0423995,0.0418556,0.0412978,0.0407278,0.0401474,0.0395579,0.0389609,0.0383577,0.0377495,0.0371375,0.0365227,0.0359061,0.0352886,0.034671,0.0340542,0.0334388,0.0328255,0.0322148,0.0316074,0.0310037,0.0304042,0.0298092,0.0292193,0.0286347,0.0280557,0.0274825,0.0269156,0.026355,0.0258009,0.0252536,0.0247132,0.0241798,0.0236535,0.0231344,0.0226226,0.0221181,0.021621,0.0211314,0.0206492,0.0201744,0.0197071,0.0192472,0.0187948,0.0183498,0.0179121,0.0174818,0.0170587,0.0166428,0.0162341,0.0158325,0.0154379,0.0150502,0.0146694,0.0142954,0.0139281,0.0135674,0.0132132,0.0128655,0.0125241,0.0121889,0.0118598,0.0115368,0.0112196,0.0109083,0.0106028,0.0103028,0.0100083,0.00971923,0.00943544,0.0091568,0.00888323,0.00861461,0.00835083,0.00809177,0.00783733,0.00758738,0.00734183,0.00710054,0.00686343,0.00663036,0.00640124,0.00617593,0.00595435,0.00573636,0.00552186,0.00531074,0.00510288,0.00489818,0.00469652,0.00449778,0.00430187,0.00410867,0.00391807,0.00372994,0.00354421,0.00336073,0.00317942,0.00300015,0.00282282,0.00264732,0.00247355,0.00230139,0.00213073,0.00196146,0.00179349,0.00162669,0.00146097,0.00129621,0.00113231,0.000969163,0.000806655,0.000644681,0.000483137,0.000321913
0,0.003126,0.0062371,0.00931862,0.0123563,0.0153365,0.0182465,0.0210744,0.0238095,0.0264423,0.0289644,0.0313688,0.0336498,0.0358031,0.0378254,0.0397147,0.0414701,0.0430917,0.0445804,0.0459381,0.0471673,0.0482711,0.0492532,0.0501176,0.0508689,0.0515116,0.0520506,0.052491,0.0528377,0.0530959,0.0532705,0.0533667,0.0533893,0.053343,0.0532325,0.0530624,0.0528369,0.0525601,0.0522362,0.0518687,0.0514614,0.0510177,0.0505407,0.0500336,0.0494993,0.0489403,0.0483595,0.0477589,0.0471411,0.046508,0.0458616,0.0452037,0.044536,0.0438602,0.0431777,0.0424899,0.041798,0.0411032,0.0404067,0.0397093,0.0390121,0.0383159,0.0376216,0.0369296,0.0362409,0.035556,0.0348754,0.0341996,0.0335291,0.0328643,0.0322056,0.0315534,0.0309078,0.0302693,0.029638,0.0290141,0.0283979,0.0277895,0.027189,0.0265966,0.0260123,0.0254363,0.0248686,0.0243093,0.0237583,0.0232158,0.0226816,0.0221559,0.0216386,0.0211296,0.020629,0.0201367,0.0196527,0.0191768,0.0187091,0.0182495,0.0177978,0.017354,0.0169181,0.0164899,0.0160693,0.0156563,0.0152507,0.0148525,0.0144615,0.0140776,0.0137007,0.0133307,0.0129676,0.012611,0.0122611,0.0119175,0.0115803,0.0112492,0.0109243,0.0106052,0.010292,0.00998446,0.0096825,0.00938597,0.00909477,0.00880875,0.0085278,0.00825177,0.00798057,0.00771404,0.00745207,0.00719452,0.00694128,0.00669221,0.0064472,0.0062061,0.00596881,0.00573518,0.0055051,0.00527844,0.00505508,0.00483488,0.00461773,0.0044035,0.00419207,0.00398331,0.0037771,0.00357331,0.00337184,0.00317253,0.00297529,0.00277998,0.00258649,0.00239469,0.00220446,0.00201567,0.00182821,0.00164196,0.00145679,0.00127258,0.00108922,0.000906581,0.000724543,0.000542986,0.000361791
0,0.00352313,0.00702901,0.0105007,0.0139216,0.0172761,0.0205496,0.0237283,0.0268001,0.0297541,0.032581,0.035273,0.0378236,0.0402283,0.0424835,0.0445873,0.0465388,0.0483386,0.0499879,0.0514891,0.0528454,0.0540605,0.0551389,0.0560852,0.0569048,0.057603,0.0581854,0.0586579,0.0590262,0.0592961,0.0594733,0.0595636,0.0595724,0.0595052,0.0593671,0.0591632,0.0588983,0.0585771,0.0582041,0.0577833,0.0573189,0.0568146,0.056274,0.0557005,0.0550973,0.0544673,0.0538135,0.0531384,0.0524446,0.0517342,0.0510096,0.0502726,0.0495252,0.0487691,0.048006,0.0472373,0.0464644,0.0456886,0.0449111,0.044133,0.0433553,0.042579,0.0418049,0.0410338,0.0402664,0.0395034,0.0387454,0.0379929,0.0372465,0.0365065,0.0357734,0.0350476,0.0343293,0.033619,0.0329167,0.0322229,0.0315376,0.0308611,0.0301934,0.0295348,0.0288853,0.028245,0.027614,0.0269924,0.0263801,0.0257772,0.0251836,0.0245995,0.0240247,0.0234593,0.0229031,0.0223562,0.0218185,0.0212899,0.0207704,0.0202599,0.0197582,0.0192654,0.0187812,0.0183056,0.0178386,0.0173799,0.0169295,0.0164873,0.0160531,0.0156269,0.0152084,0.0147976,0.0143943,0.0139985,0.0136099,0.0132285,0.0128541,0.0124866,0.0121258,0.0117716,0.0114238,0.0110824,0.0107472,0.0104181,0.0100948,0.00977727,0.00946538,0.00915899,0.00885792,0.00856207,0.00827126,0.00798538,0.00770428,0.00742781,0.00715584,0.00688823,0.00662483,0.00636552,0.00611013,0.00585855,0.00561062,0.00536622,0.00512519,0.00488741,0.00465273,0.00442103,0.00419215,0.00396597,0.00374234,0.00352114,0.00330222,0.00308545,0.00287069,0.00265781,0.00244667,0.00223714,0.00202908,0.00182237,0.00161685,0.00141241,0.0012089,0.00100619,0.000804149,0.000602645,0.00040154
0,0.00393759,0.00785531,0.0117336,0.0155536,0.0192972,0.0229477,0.0264896,0.029909,0.0331937,0.0363334,0.0393192,0.0421444,0.0448039,0.0472941,0.0496132,0.0517606,0.0537371,0.0555448,0.0571865,0.0586662,0.0599883,0.0611581,0.0621813,0.0630638,0.0638119,0.0644321,0.064931,0.0653151,0.0655911,0.0657653,0.0658442,0.0658339,0.0657405,0.0655698,0.0653273,0.0650186,0.0646486,0.0642222,0.0637442,0.0632189,0.0626505,0.0620429,0.0613999,0.0607249,0.0600212,0.0592918,0.0585397,0.0577676,0.0569779,0.0561731,0.0553552,0.0545263,0.0536884,0.0528431,0.0519921,0.051137,0.050279,0.0494195,0.0485597,0.0477006,0.0468434,0.0459888,0.0451378,0.0442911,0.0434494,0.0426135,0.0417838,0.0409609,0.0401454,0.0393375,0.0385378,0.0377466,0.0369642,0.0361908,0.0354267,0.0346722,0.0339274,0.0331925,0.0324675,0.0317527,0.0310481,0.0303537,0.0296697,0.028996,0.0283327,0.0276798,0.0270372,0.026405,0.0257831,0.0251715,0.02457,0.0239787,0.0233974,0.0228261,0.0222648,0.0217132,0.0211713,0.020639,0.0201162,0.0196027,0.0190985,0.0186034,0.0181172,0.01764,0.0171714,0.0167115,0.0162599,0.0158167,0.0153816,0.0149545,0.0145353,0.0141239,0.0137199,0.0133234,0.0129342,0.012552,0.0121768,0.0118084,0.0114467,0.0110915,0.0107426,0.0103998,0.0100631,0.00973232,0.00940721,0.00908768,0.00877354,0.00846467,0.00816089,0.00786206,0.007568,0.0072786,0.00699366,0.00671307,0.00643664,0.00616424,0.0058957,0.00563088,0.00536963,0.00511179,0.00485721,0.00460575,0.00435724,0.00411155,0.00386851,0.00362799,0.00338983,0.00315388,0.00292,0.00268803,0.00245783,0.00222925,0.00200213,0.00177634,0.00155173,0.00132815,0.00110544,0.000883473,0.00066209,0.000441149
0,0.004372,0.0087212,0.0130252,0.0172623,0.0214119,0.025455,0.029374,0.0331533,0.0367793,0.0402403,0.043527,0.046632,0.0495498,0.052277,0.0548119,0.0571545,0.059306,0.0612691,0.0630475,0.0646461,0.0660702,0.0673259,0.0684199,0.0693591,0.0701508,0.0708022,0.071321,0.0717145,0.0719901,0.072155,0.0722163,0.072181,0.0720557,0.0718468,0.0715606,0.0712028,0.0707791,0.0702949,0.0697553,0.069165,0.0685287,0.0678504,0.0671344,0.0663844,0.0656038,0.0647961,0.0639644,0.0631115,0.0622402,0.061353,0.0604522,0.05954,0.0586185,0.0576895,0.0567548,0.055816,0.0548746,0.0539319,0.0529893,0.0520479,0.0511088,0.0501729,0.0492412,0.0483146,0.0473936,0.0464792,0.0455718,0.044672,0.0437804,0.0428975,0.0420236,0.041159,0.0403042,0.0394595,0.038625,0.0378011,0.0369878,0.0361855,0.0353941,0.0346138,0.0338448,0.033087,0.0323406,0.0316055,0.0308819,0.0301695,0.0294686,0.0287789,0.0281005,0.0274334,0.0267774,0.0261325,0.0254987,0.0248757,0.0242636,0.0236621,0.0230713,0.0224909,0.0219209,0.0213611,0.0208114,0.0202717,0.0197418,0.0192215,0.0187108,0.0182094,0.0177172,0.0172341,0.0167599,0.0162945,0.0158376,0.0153891,0.0149489,0.0145168,0.0140926,0.0136761,0.0132672,0.0128658,0.0124716,0.0120845,0.0117043,0.0113308,0.0109639,0.0106035,0.0102492,0.00990103,0.00955875,0.00922219,0.0088912,0.00856558,0.0082452,0.00792986,0.00761942,0.00731369,0.00701252,0.00671572,0.00642315,0.00613462,0.00584999,0.00556906,0.00529171,0.00501773,0.004747,0.00447931,0.00421454,0.00395249,0.00369303,0.00343597,0.00318116,0.00292844,0.00267765,0.00242862,0.00218119,0.00193521,0.00169051,0.00144693,0.00120431,0.000962483,0.000721303,0.000480602
0,0.00482931,0.00963249,0.0143839,0.0190587,0.0236337,0.0280869,0.0323987,0.0365517,0.0405305,0.0443225,0.0479176,0.0513077,0.0544875,0.0574535,0.0602045,0.0627409,0.0650647,0.0671796,0.0690902,0.0708022,0.0723222,0.0736573,0.0748153,0.0758041,0.076632,0.0773074,0.0778386,0.0782342,0.0785022,0.0786508,0.0786878,0.0786209,0.0784573,0.0782042,0.0778682,0.0774559,0.0769733,0.0764262,0.0758202,0.0751605,0.0744519,0.0736991,0.0729064,0.0720778,0.0712172,0.0703281,0.0694139,0.0684776,0.0675221,0.0665502,0.0655644,0.0645669,0.06356,0.0625456,0.0615256,0.0605017,0.0594755,0.0584484,0.0574219,0.0563971,0.0553751,0.0543571,0.0533439,0.0523365,0.0513356,0.050342,0.0493564,0.0483793,0.0474112,0.0464527,0.0455042,0.044566,0.0436386,0.0427222,0.0418171,0.0409236,0.0400417,0.0391718,0.0383139,0.0374681,0.0366346,0.0358134,0.0350045,0.034208,0.0334239,0.0326521,0.0318928,0.0311457,0.0304109,0.0296884,0.0289779,0.0282795,0.0275931,0.0269185,0.0262557,0.0256045,0.0249648,0.0243365,0.0237193,0.0231134,0.0225183,0.021934,0.0213604,0.0207973,0.0202444,0.0197018,0.0191691,0.0186462,0.018133,0.0176293,0.0171348,0.0166495,0.0161731,0.0157055,0.0152464,0.0147958,0.0143533,0.0139189,0.0134924,0.0130735,0.0126621,0.012258,0.0118611,0.011471,0.0110878,0.010711,0.0103407,0.00997659,0.00961847,0.0092662,0.00891957,0.00857842,0.00824255,0.0079118,0.00758597,0.00726489,0.00694836,0.00663624,0.0063283,0.00602441,0.00572435,0.00542798,0.00513509,0.00484552,0.00455908,0.00427561,0.00399493,0.00371685,0.00344121,0.00316783,0.00289653,0.00262714,0.00235949,0.0020934,0.00182869,0.0015652,0.00130274,0.00104116,0.00078026,0.000519885
0,0.00531285,0.0105958,0.0158194,0.0209556,0.0259775,0.0308608,0.0355831,0.0401249,0.0444694,0.0486028,0.0525141,0.056195,0.0596402,0.0628465,0.0658131,0.0685413,0.0710342,0.0732962,0.0753333,0.0771524,0.0787612,0.0801681,0.081382,0.0824122,0.0832681,0.083959,0.0844946,0.084884,0.0851365,0.085261,0.0852661,0.0851602,0.0849514,0.0846474,0.0842554,0.0837824,0.0832352,0.0826198,0.0819424,0.0812083,0.080423,0.0795913,0.0787179,0.077807,0.0768628,0.0758891,0.0748893,0.0738667,0.0728245,0.0717655,0.0706923,0.0696074,0.0685131,0.0674115,0.0663045,0.065194,0.0640816,0.0629688,0.0618571,0.0607478,0.059642,0.0585408,0.0574454,0.0563564,0.0552749,0.0542016,0.0531371,0.052082,0.051037,0.0500026,0.0489791,0.047967,0.0469667,0.0459784,0.0450024,0.044039,0.0430884,0.0421508,0.0412262,0.0403148,0.0394167,0.0385319,0.0376606,0.0368026,0.0359581,0.035127,0.0343092,0.0335048,0.0327137,0.0319357,0.0311709,0.030419,0.0296801,0.028954,0.0282406,0.0275397,0.0268512,0.026175,0.0255109,0.0248588,0.0242185,0.0235898,0.0229726,0.0223667,0.0217719,0.0211881,0.020615,0.0200525,0.0195004,0.0189585,0.0184266,0.0179045,0.0173921,0.0168891,0.0163953,0.0159106,0.0154347,0.0149675,0.0145087,0.0140582,0.0136158,0.0131812,0.0127542,0.0123348,0.0119226,0.0115174,0.0111192,0.0107276,0.0103425,0.00996364,0.0095909,0.00922403,0.00886286,0.00850718,0.00815681,0.00781154,0.00747118,0.00713554,0.00680443,0.00647765,0.00615501,0.00583632,0.00552139,0.00521002,0.00490204,0.00459723,0.00429543,0.00399643,0.00370005,0.0034061,0.00311439,0.00282474,0.00253695,0.00225084,0.00196623,0.00168291,0.00140072,0.00111946,0.000838943,0.000558984
0,0.00582642,0.0116186,0.0173428,0.022967,0.0284607,0.0337963,0.0389487,0.0438962,0.0486204,0.0531062,0.0573421,0.0613195,0.0650331,0.0684805,0.0716616,0.0745788,0.0772362,0.0796396,0.0817964,0.0837149,0.0854041,0.0868741,0.0881349,0.0891972,0.0900716,0.0907688,0.0912993,0.0916736,0.0919017,0.0919935,0.0919584,0.0918058,0.0915441,0.0911819,0.0907269,0.0901868,0.0895687,0.0888792,0.0881247,0.0873113,0.0864443,0.0855292,0.0845708,0.0835736,0.0825421,0.0814802,0.0803916,0.0792798,0.0781481,0.0769993,0.0758364,0.0746619,0.0734781,0.0722874,0.0710916,0.0698929,0.0686927,0.0674929,0.0662947,0.0650997,0.063909,0.0627238,0.0615451,0.0603739,0.059211,0.0580572,0.0569132,0.0557798,0.0546573,0.0535465,0.0524476,0.0513613,0.0502877,0.0492272,0.0481802,0.0471468,0.0461272,0.0451217,0.0441303,0.0431532,0.0421905,0.0412421,0.0403083,0.0393889,0.0384839,0.0375934,0.0367173,0.0358555,0.035008,0.0341748,0.0333556,0.0325504,0.0317591,0.0309815,0.0302176,0.0294671,0.02873,0.028006,0.0272951,0.026597,0.0259115,0.0252386,0.0245779,0.0239294,0.0232927,0.0226679,0.0220545,0.0214525,0.0208616,0.0202817,0.0197125,0.0191538,0.0186055,0.0180672,0.0175389,0.0170202,0.016511,0.0160111,0.0155202,0.0150382,0.0145648,0.0140999,0.0136431,0.0131943,0.0127533,0.0123199,0.0118939,0.0114749,0.0110629,0.0106577,0.0102589,0.00986648,0.00948011,0.00909963,0.00872482,0.00835549,0.0079914,0.00763238,0.00727818,0.00692864,0.00658352,0.00624263,0.00590575,0.00557271,0.00524326,0.00491724,0.00459441,0.0042746,0.00395758,0.00364317,0.00333115,0.00302134,0.00271352,0.00240749,0.00210307,0.00180004,0.0014982,0.00119737,0.000897328,0.000597887
0,0.00637439,0.0127094,0.0189666,0.0251092,0.0311027,0.0369156,0.04252,0.0478918,0.0530108,0.0578608,0.0624297,0.066709,0.0706938,0.0743824,0.0777759,0.0808778,0.083694,0.0862317,0.0885,0.0905087,0.0922688,0.0937915,0.0950889,0.0961727,0.0970551,0.097748,0.0982633,0.0986123,0.0988063,0.098856,0.0987718,0.0985636,0.0982408,0.0978125,0.0972872,0.0966729,0.0959773,0.0952074,0.0943701,0.0934716,0.0925179,0.0915145,0.0904666,0.089379,0.0882562,0.0871025,0.0859217,0.0847175,0.0834932,0.082252,0.0809968,0.0797303,0.078455,0.0771731,0.0758868,0.074598,0.0733086,0.0720202,0.0707344,0.0694524,0.0681757,0.0669054,0.0656426,0.0643882,0.0631432,0.0619083,0.0606843,0.0594718,0.0582714,0.0570837,0.0559091,0.0547481,0.0536009,0.052468,0.0513497,0.050246,0.0491574,0.0480838,0.0470256,0.0459827,0.0449552,0.0439432,0.0429468,0.0419659,0.0410006,0.0400507,0.0391163,0.0381972,0.0372935,0.0364049,0.0355315,0.034673,0.0338294,0.0330005,0.0321862,0.0313862,0.0306006,0.029829,0.0290713,0.0283273,0.0275968,0.0268797,0.0261757,0.0254847,0.0248064,0.0241406,0.0234871,0.0228458,0.0222163,0.0215985,0.0209921,0.020397,0.0198129,0.0192395,0.0186767,0.0181243,0.0175819,0.0170494,0.0165266,0.0160133,0.0155091,0.0150139,0.0145274,0.0140495,0.0135798,0.0131182,0.0126645,0.0122184,0.0117796,0.0113481,0.0109234,0.0105055,0.0100941,0.00968893,0.00928983,0.00889653,0.00850885,0.00812654,0.00774941,0.0073772,0.00700973,0.00664674,0.00628806,0.00593343,0.00558266,0.00523551,0.00489179,0.00455126,0.00421372,0.00387895,0.00354674,0.00321687,0.00288912,0.00256329,0.00223917,0.00191652,0.00159516,0.00127485,0.000955396,0.000636576
0,0.00696182,0.0138784,0.0207055,0.027401,0.0339257,0.0402441,0.0463248,0.0521412,0.0576712,0.0628978,0.0678083,0.0723945,0.0766523,0.0805811,0.0841835,0.0874647,0.0904322,0.0930955,0.0954653,0.0975536,0.0993731,0.100937,0.102259,0.103352,0.104231,0.104908,0.105397,0.105709,0.105858,0.105856,0.105713,0.10544,0.105047,0.104544,0.10394,0.103244,0.102464,0.101607,0.100681,0.0996915,0.0986456,0.0975488,0.0964066,0.0952241,0.0940059,0.0927565,0.09148,0.09018,0.0888602,0.0875237,0.0861736,0.0848127,0.0834434,0.0820684,0.0806896,0.0793091,0.0779288,0.0765504,0.0751754,0.0738054,0.0724415,0.0710851,0.0697372,0.0683988,0.0670709,0.0657542,0.0644494,0.0631573,0.0618785,0.0606135,0.0593627,0.0581267,0.0569057,0.0557001,0.0545101,0.0533361,0.0521781,0.0510365,0.0499112,0.0488024,0.0477101,0.0466345,0.0455755,0.0445332,0.0435074,0.0424982,0.0415055,0.0405292,0.0395692,0.0386255,0.0376979,0.0367862,0.0358904,0.0350103,0.0341457,0.0332964,0.0324623,0.0316432,0.0308389,0.0300492,0.0292739,0.0285128,0.0277656,0.0270322,0.0263124,0.0256059,0.0249124,0.0242319,0.0235639,0.0229084,0.022265,0.0216336,0.0210138,0.0204055,0.0198085,0.0192224,0.018647,0.0180822,0.0175275,0.0169829,0.0164481,0.0159228,0.0154068,0.0148999,0.0144017,0.0139121,0.0134308,0.0129576,0.0124923,0.0120346,0.0115842,0.0111409,0.0107046,0.0102749,0.0098516,0.0094345,0.00902333,0.00861789,0.00821792,0.0078232,0.00743347,0.00704854,0.00666814,0.00629207,0.00592008,0.00555195,0.00518743,0.00482632,0.00446837,0.00411337,0.00376107,0.00341126,0.00306371,0.00271819,0.00237447,0.00203233,0.00169154,0.00135188,0.00101312,0.000675041
0,0.00759464,0.0151371,0.0225764,0.0298642,0.0369558,0.0438111,0.0503949,0.0566779,0.0626363,0.068252,0.0735125,0.0784099,0.0829415,0.087108,0.0909141,0.0943671,0.0974768,0.100255,0.102715,0.10487,0.106736,0.108327,0.10966,0.11075,0.111611,0.11226,0.112709,0.112973,0.113066,0.113,0.112787,0.112439,0.111967,0.111381,0.11069,0.109904,0.109032,0.108081,0.107059,0.105973,0.104829,0.103633,0.102392,0.10111,0.0997918,0.0984428,0.0970667,0.0956676,0.094249,0.0928143,0.0913666,0.0899087,0.0884433,0.0869729,0.0854996,0.0840256,0.0825528,0.0810828,0.0796174,0.0781579,0.0767058,0.0752622,0.0738282,0.0724049,0.0709932,0.069594,0.0682079,0.0668356,0.0654779,0.064135,0.0628077,0.0614963,0.0602011,0.0589225,0.0576608,0.0564161,0.0551887,0.0539788,0.0527864,0.0516116,0.0504545,0.0493152,0.0481936,0.0470898,0.0460036,0.0449351,0.0438842,0.0428507,0.0418347,0.0408358,0.0398541,0.0388894,0.0379415,0.0370103,0.0360955,0.035197,0.0343147,0.0334482,0.0325974,0.0317622,0.0309421,0.0301372,0.029347,0.0285714,0.0278102,0.0270631,0.0263299,0.0256103,0.0249041,0.0242109,0.0235308,0.0228632,0.022208,0.0215649,0.0209337,0.0203142,0.019706,0.0191088,0.0185226,0.017947,0.0173817,0.0168264,0.016281,0.0157452,0.0152187,0.0147012,0.0141926,0.0136925,0.0132007,0.0127169,0.012241,0.0117725,0.0113114,0.0108573,0.01041,0.00996917,0.00953468,0.00910622,0.00868357,0.00826644,0.00785463,0.00744785,0.0070459,0.0066485,0.00625543,0.00586642,0.00548126,0.00509967,0.00472145,0.00434633,0.00397408,0.00360445,0.00323721,0.00287212,0.00250893,0.00214742,0.00178733,0.00142844,0.00107049,0.000713265
0,0.00827982,0.0164991,0.0245991,0.0325241,0.0402229,0.0476502,0.0547668,0.0615403,0.0679453,0.073963,0.0795811,0.084793,0.0895973,0.0939973,0.0979999,0.101615,0.104855,0.107735,0.110271,0.112478,0.114375,0.115979,0.117308,0.118379,0.119208,0.119813,0.12021,0.120412,0.120436,0.120294,0.12,0.119567,0.119005,0.118325,0.117539,0.116655,0.115683,0.114631,0.113506,0.112316,0.111068,0.109768,0.108423,0.107036,0.105614,0.104161,0.102682,0.10118,0.0996594,0.0981235,0.0965753,0.0950179,0.093454,0.091886,0.0903163,0.0887469,0.0871798,0.0856168,0.0840594,0.0825092,0.0809676,0.0794357,0.0779147,0.0764057,0.0749095,0.0734269,0.0719588,0.0705058,0.0690686,0.0676475,0.0662432,0.0648561,0.0634864,0.0621346,0.0608008,0.0594853,0.0581883,0.0569099,0.0556503,0.0544095,0.0531876,0.0519845,0.0508003,0.049635,0.0484885,0.0473608,0.0462517,0.0451611,0.044089,0.0430352,0.0419995,0.0409819,0.039982,0.0389998,0.038035,0.0370875,0.036157,0.0352434,0.0343463,0.0334656,0.032601,0.0317524,0.0309194,0.0301018,0.0292994,0.0285119,0.027739,0.0269806,0.0262362,0.0255058,0.0247889,0.0240854,0.0233949,0.0227172,0.0220521,0.0213992,0.0207584,0.0201292,0.0195115,0.018905,0.0183093,0.0177243,0.0171497,0.0165852,0.0160305,0.0154853,0.0149495,0.0144226,0.0139045,0.0133949,0.0128935,0.0124,0.0119142,0.0114359,0.0109647,0.0105004,0.0100427,0.00959138,0.00914616,0.0087068,0.00827301,0.00784456,0.00742117,0.00700259,0.00658856,0.00617883,0.00577314,0.00537123,0.00497285,0.00457775,0.00418567,0.00379636,0.00340956,0.00302503,0.00264251,0.00226174,0.00188248,0.00150448,0.00112748,0.000751238
0,0.00902564,0.0179808,0.0267972,0.0354106,0.0437624,0.051801,0.0594828,0.0667724,0.0736428,0.080075,0.0860575,0.0915852,0.0966594,0.101286,0.105475,0.10924,0.112597,0.115563,0.118157,0.1204,0.122311,0.12391,0.125217,0.126252,0.127034,0.12758,0.127908,0.128034,0.127975,0.127745,0.127358,0.126827,0.126164,0.125382,0.12449,0.123499,0.122419,0.121257,0.120023,0.118723,0.117365,0.115955,0.114499,0.113004,0.111473,0.109912,0.108325,0.106717,0.105091,0.103451,0.101799,0.10014,0.0984748,0.096807,0.0951388,0.0934721,0.0918091,0.0901514,0.0885007,0.0868585,0.0852261,0.0836049,0.0819959,0.0804002,0.0788186,0.0772521,0.0757013,0.074167,0.0726497,0.07115,0.0696683,0.0682051,0.0667606,0.0653353,0.0639292,0.0625428,0.061176,0.0598291,0.0585022,0.0571953,0.0559085,0.0546416,0.0533949,0.0521682,0.0509614,0.0497744,0.0486073,0.0474597,0.0463317,0.045223,0.0441335,0.043063,0.0420113,0.0409782,0.0399636,0.0389672,0.0379888,0.037028,0.0360849,0.0351589,0.03425,0.0333579,0.0324823,0.0316228,0.0307794,0.0299517,0.0291394,0.0283423,0.02756,0.0267923,0.026039,0.0252997,0.0245742,0.0238621,0.0231632,0.0224772,0.0218039,0.0211428,0.0204938,0.0198566,0.0192309,0.0186163,0.0180126,0.0174195,0.0168368,0.0162641,0.0157012,0.0151478,0.0146036,0.0140682,0.0135416,0.0130232,0.012513,0.0120105,0.0115156,0.0110279,0.0105472,0.0100732,0.00960557,0.00914409,0.0086885,0.0082385,0.00779383,0.00735421,0.00691938,0.00648905,0.00606298,0.00564088,0.0052225,0.00480755,0.00439579,0.00398692,0.00358071,0.00317687,0.00277514,0.00237526,0.00197697,0.00157999,0.00118407,0.000788941
0,0.00984205,0.0196016,0.0291989,0.0385594,0.0476157,0.0563094,0.064592,0.0724249,0.0797799,0.0866383,0.0929901,0.0988329,0.104171,0.109014,0.113377,0.117276,0.120731,0.123764,0.126398,0.128656,0.130561,0.132135,0.133402,0.134382,0.135098,0.135568,0.135811,0.135846,0.135689,0.135357,0.134864,0.134223,0.133449,0.132552,0.131545,0.130438,0.129241,0.127962,0.12661,0.125193,0.123719,0.122193,0.120622,0.119012,0.117367,0.115694,0.113996,0.112278,0.110543,0.108795,0.107038,0.105273,0.103505,0.101735,0.0999662,0.0982004,0.0964396,0.0946857,0.0929401,0.0912046,0.0894803,0.0877687,0.0860707,0.0843874,0.0827197,0.0810685,0.0794344,0.0778182,0.0762204,0.0746415,0.0730821,0.0715424,0.0700229,0.0685237,0.0670452,0.0655876,0.064151,0.0627355,0.0613412,0.0599681,0.0586163,0.0572858,0.0559765,0.0546884,0.0534213,0.0521753,0.0509501,0.0497457,0.0485618,0.0473984,0.0462552,0.045132,0.0440287,0.042945,0.0418806,0.0408355,0.0398093,0.0388017,0.0378126,0.0368416,0.0358886,0.0349531,0.034035,0.033134,0.0322498,0.031382,0.0305305,0.0296949,0.0288749,0.0280703,0.0272807,0.0265058,0.0257454,0.0249991,0.0242667,0.0235478,0.0228421,0.0221494,0.0214693,0.0208016,0.0201459,0.0195019,0.0188694,0.018248,0.0176374,0.0170374,0.0164476,0.0158678,0.0152976,0.0147367,0.0141849,0.0136419,0.0131074,0.012581,0.0120625,0.0115516,0.011048,0.0105514,0.0100616,0.00957819,0.00910092,0.00862954,0.00816373,0.00770323,0.00724774,0.00679699,0.00635067,0.00590854,0.00547029,0.00503565,0.00460433,0.00417607,0.00375058,0.00332758,0.00290679,0.00248794,0.00207075,0.00165494,0.00124024,0.000826365
0,0.0107411,0.021385,0.0318379,0.0420129,0.0518324,0.06123,0.0701519,0.0785566,0.0864151,0.0937098,0.100433,0.106587,0.11218,0.117226,0.121744,0.125757,0.12929,0.132368,0.135019,0.137269,0.139144,0.140672,0.141876,0.142781,0.143411,0.143786,0.143927,0.143854,0.143584,0.143134,0.142521,0.141758,0.14086,0.139838,0.138706,0.137473,0.136149,0.134745,0.133268,0.131727,0.130129,0.128481,0.12679,0.12506,0.123297,0.121507,0.119694,0.117862,0.116014,0.114156,0.112289,0.110417,0.108543,0.106669,0.104797,0.10293,0.10107,0.0992184,0.0973767,0.0955465,0.0937291,0.0919259,0.090138,0.0883662,0.0866116,0.0848749,0.083157,0.0814583,0.0797795,0.078121,0.0764835,0.074867,0.0732721,0.071699,0.0701479,0.0686189,0.0671123,0.0656281,0.0641663,0.0627271,0.0613104,0.0599161,0.0585443,0.0571949,0.0558677,0.0545626,0.0532795,0.0520183,0.0507788,0.0495607,0.048364,0.0471883,0.0460334,0.0448992,0.0437854,0.0426917,0.0416179,0.0405637,0.0395289,0.0385131,0.0375161,0.0365375,0.0355772,0.0346347,0.0337099,0.0328024,0.0319118,0.031038,0.0301805,0.0293391,0.0285134,0.0277032,0.0269081,0.0261278,0.0253621,0.0246104,0.0238727,0.0231485,0.0224376,0.0217395,0.0210541,0.0203809,0.0197197,0.0190701,0.0184319,0.0178048,0.0171883,0.0165822,0.0159863,0.0154001,0.0148234,0.0142559,0.0136972,0.0131471,0.0126052,0.0120712,0.011545,0.011026,0.0105141,0.0100089,0.00951015,0.00901753,0.00853076,0.00804953,0.00757355,0.0071025,0.00663612,0.00617409,0.00571614,0.00526195,0.00481125,0.00436373,0.00391911,0.0034771,0.0030374,0.00259973,0.00216379,0.0017293,0.00129596,0.000863493
0,0.0117376,0.0233596,0.0347553,0.0458226,0.0564718,0.0666275,0.0762301,0.0852357,0.0936155,0.101354,0.108448,0.114904,0.120737,0.125967,0.130619,0.134722,0.138306,0.141403,0.144043,0.146258,0.148079,0.149535,0.150653,0.15146,0.151982,0.152242,0.152262,0.152062,0.151662,0.15108,0.150332,0.149433,0.148399,0.147241,0.145971,0.144603,0.143144,0.141606,0.139996,0.138324,0.136596,0.13482,0.133001,0.131147,0.129261,0.127349,0.125417,0.123467,0.121504,0.119531,0.117553,0.11557,0.113588,0.111607,0.109631,0.107661,0.1057,0.103748,0.101809,0.0998828,0.0979712,0.0960754,0.0941965,0.0923355,0.0904932,0.0886704,0.0868678,0.0850862,0.0833259,0.0815875,0.0798713,0.0781779,0.0765073,0.07486,0.0732361,0.0716357,0.0700589,0.068506,0.0669767,0.0654713,0.0639896,0.0625317,0.0610975,0.0596868,0.0582995,0.0569355,0.0555947,0.0542768,0.0529817,0.0517092,0.0504591,0.0492311,0.0480249,0.0468405,0.0456773,0.0445353,0.0434141,0.0423135,0.0412331,0.0401727,0.0391319,0.0381106,0.0371082,0.0361246,0.0351594,0.0342123,0.0332829,0.0323711,0.0314763,0.0305983,0.0297368,0.0288915,0.028062,0.0272479,0.026449,0.0256649,0.0248953,0.0241399,0.0233982,0.0226701,0.0219551,0.0212529,0.0205633,0.0198858,0.0192201,0.018566,0.0179231,0.017291,0.0166695,0.0160581,0.0154567,0.0148648,0.0142822,0.0137085,0.0131434,0.0125867,0.0120378,0.0114967,0.0109629,0.0104361,0.009916,0.00940234,0.00889476,0.00839298,0.00789666,0.00740551,0.00691921,0.00643746,0.00595995,0.00548639,0.00501645,0.00454984,0.00408625,0.00362538,0.00316693,0.00271059,0.00225606,0.00180304,0.00135122,0.000900314
0,0.0128497,0.025561,0.0380016,0.0500512,0.0616054,0.072579,0.0829064,0.0925421,0.101459,0.109645,0.117103,0.123847,0.129899,0.135288,0.140046,0.144209,0.147813,0.150896,0.153496,0.155646,0.157383,0.158739,0.159744,0.160429,0.16082,0.160942,0.16082,0.160475,0.159928,0.159197,0.158299,0.15725,0.156066,0.154759,0.153343,0.151828,0.150225,0.148544,0.146793,0.144982,0.143118,0.141207,0.139256,0.137271,0.135257,0.13322,0.131163,0.129092,0.12701,0.12492,0.122826,0.120731,0.118638,0.116549,0.114465,0.112391,0.110327,0.108274,0.106236,0.104212,0.102205,0.100216,0.0982451,0.0962939,0.0943631,0.0924535,0.0905659,0.0887007,0.0868585,0.0850396,0.0832447,0.0814739,0.0797275,0.0780057,0.0763089,0.0746369,0.07299,0.0713681,0.0697714,0.0681998,0.0666533,0.0651317,0.0636351,0.0621632,0.060716,0.0592932,0.0578948,0.0565204,0.05517,0.0538432,0.0525399,0.0512597,0.0500025,0.0487679,0.0475557,0.0463655,0.0451972,0.0440504,0.0429247,0.0418199,0.0407357,0.0396716,0.0386275,0.0376029,0.0365976,0.0356112,0.0346433,0.0336936,0.0327618,0.0318476,0.0309505,0.0300702,0.0292065,0.0283589,0.0275271,0.0267108,0.0259095,0.025123,0.024351,0.0235929,0.0228486,0.0221177,0.0213998,0.0206946,0.0200017,0.0193209,0.0186517,0.0179938,0.0173469,0.0167106,0.0160846,0.0154686,0.0148623,0.0142652,0.0136771,0.0130976,0.0125265,0.0119633,0.0114078,0.0108596,0.0103184,0.00978381,0.00925562,0.00873344,0.00821697,0.00770587,0.00719984,0.00669853,0.00620165,0.00570886,0.00521986,0.00473432,0.00425193,0.00377237,0.00329533,0.00282048,0.00234753,0.00187613,0.001406,0.000936812
0,0.0141005,0.0280334,0.0416395,0.0547757,0.0673207,0.0791777,0.0902759,0.100569,0.110034,0.118665,0.126474,0.133484,0.139728,0.145242,0.150071,0.154256,0.157844,0.160877,0.1634,0.165451,0.167072,0.168297,0.169161,0.169695,0.16993,0.169892,0.169606,0.169096,0.168382,0.167485,0.166421,0.165208,0.163861,0.162393,0.160818,0.159146,0.157389,0.155557,0.153657,0.1517,0.149692,0.14764,0.145551,0.14343,0.141284,0.139116,0.136932,0.134736,0.132531,0.130321,0.128109,0.125898,0.123692,0.121491,0.119299,0.117118,0.114949,0.112794,0.110655,0.108533,0.10643,0.104346,0.102282,0.10024,0.0982201,0.0962231,0.0942497,0.0923005,0.0903759,0.0884764,0.0866023,0.0847539,0.0829314,0.0811351,0.0793651,0.0776215,0.0759043,0.0742136,0.0725494,0.0709117,0.0693003,0.0677152,0.0661563,0.0646234,0.0631163,0.0616349,0.060179,0.0587484,0.0573427,0.0559619,0.0546055,0.0532735,0.0519653,0.0506809,0.0494198,0.0481818,0.0469666,0.0457738,0.044603,0.0434541,0.0423266,0.0412202,0.0401346,0.0390693,0.0380241,0.0369986,0.0359924,0.0350052,0.0340366,0.0330863,0.0321539,0.031239,0.0303413,0.0294604,0.028596,0.0277476,0.026915,0.0260977,0.0252954,0.0245078,0.0237344,0.0229749,0.022229,0.0214963,0.0207764,0.020069,0.0193738,0.0186903,0.0180182,0.0173572,0.0167069,0.016067,0.0154371,0.0148168,0.0142059,0.013604,0.0130107,0.0124257,0.0118487,0.0112792,0.0107171,0.0101618,0.00961318,0.00907081,0.00853436,0.0080035,0.00747789,0.00695722,0.00644113,0.00592931,0.00542141,0.00491712,0.00441609,0.00391801,0.00342254,0.00292937,0.00243815,0.00194856,0.00146028,0.000972975
0,0.0155192,0.0308329,0.0457477,0.0600923,0.0737248,0.0865363,0.0984515,0.109426,0.119444,0.128509,0.136646,0.14389,0.150287,0.155886,0.16074,0.164905,0.168432,0.171373,0.173778,0.175692,0.177159,0.17822,0.17891,0.179266,0.179317,0.179094,0.178621,0.177924,0.177025,0.175944,0.174698,0.173306,0.171782,0.170141,0.168395,0.166556,0.164636,0.162643,0.160586,0.158475,0.156317,0.154118,0.151884,0.149623,0.147339,0.145036,0.14272,0.140395,0.138064,0.135731,0.133398,0.131069,0.128747,0.126433,0.12413,0.121841,0.119566,0.117307,0.115066,0.112844,0.110643,0.108464,0.106306,0.104172,0.102063,0.0999777,0.0979181,0.0958844,0.093877,0.0918964,0.0899429,0.0880166,0.0861179,0.0842469,0.0824037,0.0805883,0.0788009,0.0770414,0.0753098,0.0736059,0.0719298,0.0702812,0.0686601,0.0670663,0.0654996,0.0639597,0.0624465,0.0609597,0.0594992,0.0580644,0.0566553,0.0552715,0.0539128,0.0525787,0.051269,0.0499834,0.0487215,0.047483,0.0462675,0.0450747,0.0439043,0.0427557,0.0416288,0.0405231,0.0394383,0.038374,0.0373298,0.0363053,0.0353003,0.0343142,0.0333467,0.0323974,0.031466,0.0305521,0.0296552,0.0287751,0.0279113,0.0270635,0.0262313,0.0254142,0.024612,0.0238242,0.0230506,0.0222906,0.0215439,0.0208102,0.0200892,0.0193803,0.0186833,0.0179977,0.0173234,0.0166597,0.0160065,0.0153633,0.0147298,0.0141056,0.0134903,0.0128837,0.0122853,0.0116949,0.011112,0.0105362,0.00996734,0.00940494,0.00884871,0.00829827,0.00775329,0.00721342,0.00667831,0.00614762,0.00562102,0.00509815,0.00457867,0.00406225,0.00354854,0.0030372,0.0025279,0.00202029,0.00151403,0.00100879
0,0.0171435,0.0340318,0.0504268,0.0661218,0.0809509,0.0947925,0.107569,0.119242,0.129807,0.139284,0.147713,0.155146,0.161646,0.167276,0.172104,0.176193,0.179609,0.182409,0.18465,0.186383,0.187657,0.188516,0.189,0.189145,0.188984,0.188549,0.187866,0.186961,0.185856,0.184572,0.183128,0.181541,0.179827,0.177999,0.176071,0.174055,0.171961,0.169798,0.167577,0.165304,0.162989,0.160636,0.158253,0.155846,0.153419,0.150978,0.148526,0.146068,0.143607,0.141147,0.138691,0.136242,0.133801,0.131372,0.128957,0.126557,0.124174,0.12181,0.119466,0.117144,0.114844,0.112568,0.110316,0.10809,0.105889,0.103716,0.101569,0.0994509,0.0973604,0.0952984,0.0932652,0.0912609,0.0892858,0.08734,0.0854235,0.0835364,0.0816787,0.0798504,0.0780513,0.0762815,0.0745407,0.0728288,0.0711457,0.0694911,0.0678649,0.0662668,0.0646965,0.0631538,0.0616385,0.0601501,0.0586885,0.0572533,0.0558441,0.0544607,0.0531027,0.0517697,0.0504614,0.0491775,0.0479175,0.0466811,0.0454679,0.0442776,0.0431097,0.0419639,0.0408398,0.0397369,0.038655,0.0375936,0.0365522,0.0355306,0.0345283,0.033545,0.0325801,0.0316334,0.0307045,0.0297929,0.0288982,0.0280201,0.0271581,0.026312,0.0254811,0.0246653,0.0238641,0.0230771,0.0223039,0.0215442,0.0207975,0.0200635,0.0193418,0.018632,0.0179337,0.0172466,0.0165702,0.0159043,0.0152484,0.0146022,0.0139652,0.0133372,0.0127177,0.0121064,0.0115029,0.0109069,0.0103179,0.00973573,0.0091599,0.00859008,0.00802591,0.00746704,0.0069131,0.00636375,0.00581861,0.00527736,0.00473961,0.00420503,0.00367326,0.00314395,0.00261674,0.00209129,0.00156724,0.00104424
0,0.0190232,0.0377243,0.0558065,0.0730182,0.0891653,0.104115,0.117791,0.130168,0.14126,0.151109,0.159777,0.167339,0.173877,0.179472,0.184207,0.18816,0.191404,0.194007,0.196032,0.197538,0.198575,0.199193,0.199432,0.199333,0.198931,0.198256,0.197338,0.196202,0.194871,0.193366,0.191707,0.18991,0.187991,0.185964,0.183843,0.181638,0.17936,0.17702,0.174625,0.172184,0.169704,0.167192,0.164654,0.162096,0.159522,0.156937,0.154345,0.151751,0.149158,0.146569,0.143986,0.141414,0.138853,0.136307,0.133777,0.131265,0.128773,0.126302,0.123854,0.121429,0.11903,0.116656,0.114309,0.11199,0.109698,0.107436,0.105202,0.102998,0.100825,0.098681,0.0965679,0.0944854,0.0924338,0.0904131,0.0884233,0.0864645,0.0845365,0.0826394,0.0807731,0.0789373,0.077132,0.0753569,0.073612,0.0718969,0.0702114,0.0685552,0.0669281,0.0653297,0.0637599,0.0622181,0.0607043,0.0592178,0.0577586,0.0563261,0.05492,0.05354,0.0521856,0.0508565,0.0495524,0.0482727,0.0470171,0.0457852,0.0445767,0.043391,0.0422279,0.0410868,0.0399674,0.0388693,0.0377921,0.0367352,0.0356984,0.0346812,0.0336833,0.0327041,0.0317433,0.0308004,0.0298752,0.028967,0.0280757,0.0272006,0.0263415,0.0254979,0.0246694,0.0238556,0.0230562,0.0222707,0.0214986,0.0207397,0.0199935,0.0192597,0.0185378,0.0178274,0.0171282,0.0164397,0.0157616,0.0150936,0.0144351,0.0137859,0.0131455,0.0125135,0.0118897,0.0112736,0.0106648,0.010063,0.00946782,0.00887881,0.00829567,0.00771798,0.00714542,0.00657758,0.00601412,0.00545466,0.00489885,0.0043463,0.00379666,0.00324956,0.00270464,0.00216153,0.00161988,0.00107932
0,0.0212251,0.0420362,0.0620572,0.0809799,0.0985784,0.114712,0.129314,0.142382,0.153958,0.164116,0.172949,0.180559,0.187052,0.192532,0.197097,0.200839,0.203843,0.206186,0.207939,0.209164,0.209918,0.210251,0.210208,0.209831,0.209155,0.208212,0.207033,0.205643,0.204065,0.20232,0.200429,0.198406,0.196269,0.19403,0.191704,0.1893,0.18683,0.184302,0.181727,0.17911,0.17646,0.173782,0.171083,0.168369,0.165643,0.162911,0.160176,0.157442,0.154713,0.151991,0.14928,0.146582,0.143899,0.141234,0.138587,0.135962,0.133359,0.13078,0.128227,0.125699,0.123199,0.120728,0.118285,0.115871,0.113488,0.111136,0.108815,0.106526,0.104268,0.102043,0.0998495,0.0976888,0.0955606,0.093465,0.0914019,0.0893714,0.0873732,0.0854075,0.0834739,0.0815724,0.0797027,0.0778647,0.0760581,0.0742826,0.072538,0.070824,0.0691403,0.0674866,0.0658625,0.0642677,0.0627018,0.0611645,0.0596554,0.0581742,0.0567204,0.0552936,0.0538934,0.0525196,0.0511715,0.0498488,0.0485512,0.0472781,0.0460292,0.044804,0.0436022,0.0424232,0.0412667,0.0401322,0.0390192,0.0379275,0.0368565,0.0358058,0.034775,0.0337636,0.0327713,0.0317975,0.0308419,0.0299041,0.0289835,0.0280799,0.0271927,0.0263216,0.0254661,0.0246259,0.0238004,0.0229893,0.0221922,0.0214087,0.0206382,0.0198806,0.0191353,0.0184019,0.01768,0.0169693,0.0162693,0.0155796,0.0148999,0.0142297,0.0135686,0.0129163,0.0122723,0.0116363,0.0110079,0.0103867,0.00977234,0.00916437,0.00856243,0.00796616,0.00737516,0.00678906,0.00620747,0.00563002,0.00505632,0.004486,0.00391869,0.003354,0.00279157,0.00223101,0.00167194,0.001114
0,0.0238414,0.0471385,0.0694071,0.0902665,0.109458,0.12684,0.142373,0.156089,0.168076,0.17845,0.187345,0.194898,0.201244,0.206509,0.210812,0.214259,0.216946,0.21896,0.220378,0.221266,0.221685,0.221689,0.221323,0.220631,0.21965,0.218411,0.216945,0.215277,0.213431,0.211428,0.209287,0.207024,0.204654,0.202192,0.199648,0.197036,0.194363,0.191641,0.188876,0.186077,0.18325,0.180401,0.177536,0.174661,0.171779,0.168895,0.166013,0.163137,0.160269,0.157412,0.15457,0.151744,0.148937,0.14615,0.143386,0.140646,0.137931,0.135243,0.132583,0.129952,0.12735,0.124779,0.12224,0.119732,0.117257,0.114815,0.112406,0.110031,0.10769,0.105382,0.103109,0.10087,0.0986649,0.0964943,0.094358,0.0922558,0.0901876,0.0881533,0.0861527,0.0841856,0.0822518,0.0803509,0.0784829,0.0766473,0.074844,0.0730724,0.0713324,0.0696235,0.0679455,0.0662979,0.0646804,0.0630925,0.061534,0.0600042,0.058503,0.0570298,0.0555842,0.0541658,0.0527742,0.0514089,0.0500695,0.0487556,0.0474667,0.0462023,0.0449621,0.0437455,0.0425522,0.0413816,0.0402334,0.0391071,0.0380022,0.0369183,0.0358549,0.0348117,0.0337881,0.0327837,0.0317981,0.0308308,0.0298814,0.0289495,0.0280346,0.0271362,0.026254,0.0253875,0.0245363,0.0236999,0.022878,0.02207,0.0212757,0.0204945,0.019726,0.0189699,0.0182256,0.0174928,0.0167711,0.0160601,0.0153593,0.0146684,0.0139869,0.0133144,0.0126505,0.0119949,0.0113471,0.0107067,0.0100734,0.00944663,0.00882614,0.00821147,0.00760226,0.00699808,0.00639858,0.00580333,0.00521197,0.00462409,0.00403931,0.00345724,0.00287749,0.00229967,0.0017234,0.00114829
0,0.0270023,0.0532697,0.0781667,0.101222,0.122148,0.140821,0.157249,0.171528,0.183808,0.194266,0.203086,0.210448,0.216519,0.221452,0.225386,0.228442,0.230727,0.232335,0.233349,0.233841,0.233873,0.2335,0.23277,0.231727,0.230407,0.228843,0.227063,0.225095,0.222961,0.220681,0.218273,0.215755,0.213139,0.21044,0.20767,0.204838,0.201955,0.199029,0.196068,0.193079,0.190069,0.187044,0.184008,0.180967,0.177925,0.174886,0.171854,0.168831,0.165822,0.162828,0.159852,0.156896,0.153963,0.151054,0.14817,0.145314,0.142486,0.139687,0.13692,0.134184,0.13148,0.12881,0.126173,0.123571,0.121003,0.118471,0.115974,0.113513,0.111087,0.108698,0.106344,0.104027,0.101745,0.0994998,0.0972902,0.0951165,0.0929784,0.0908758,0.0888083,0.0867758,0.084778,0.0828147,0.0808855,0.0789901,0.0771282,0.0752994,0.0735034,0.0717398,0.0700081,0.0683081,0.0666392,0.0650011,0.0633934,0.0618156,0.0602672,0.058748,0.0572573,0.0557948,0.0543599,0.0529524,0.0515716,0.0502171,0.0488885,0.0475853,0.046307,0.0450532,0.0438234,0.0426172,0.041434,0.0402734,0.0391349,0.0380182,0.0369226,0.0358478,0.0347933,0.0337586,0.0327433,0.0317469,0.0307689,0.029809,0.0288666,0.0279413,0.0270326,0.0261402,0.0252635,0.0244022,0.0235557,0.0227237,0.0219056,0.0211011,0.0203098,0.0195311,0.0187647,0.0180102,0.017267,0.0165349,0.0158133,0.0151019,0.0144001,0.0137077,0.0130242,0.0123492,0.0116822,0.0110229,0.0103708,0.0097255,0.00908665,0.00845383,0.00782661,0.0072046,0.00658738,0.00597457,0.00536574,0.00476051,0.00415847,0.00355922,0.00296237,0.0023675,0.00177423,0.00118216
0,0.0308982,0.0607717,0.0887687,0.114308,0.137091,0.157048,0.174275,0.188967,0.201365,0.211723,0.220289,0.227291,0.232934,0.237398,0.240841,0.243399,0.245188,0.246308,0.246848,0.24688,0.246469,0.245672,0.244537,0.243105,0.241413,0.239495,0.237377,0.235086,0.232643,0.230067,0.227378,0.224589,0.221714,0.218768,0.215759,0.212699,0.209596,0.206459,0.203295,0.200111,0.196913,0.193705,0.190494,0.187283,0.184077,0.18088,0.177694,0.174522,0.171369,0.168235,0.165123,0.162036,0.158975,0.155941,0.152937,0.149963,0.147021,0.144111,0.141235,0.138394,0.135587,0.132817,0.130083,0.127385,0.124725,0.122102,0.119517,0.116969,0.114459,0.111988,0.109554,0.107158,0.1048,0.10248,0.100197,0.0979523,0.0957444,0.0935736,0.0914395,0.0893419,0.0872805,0.0852549,0.0832648,0.0813099,0.0793898,0.0775041,0.0756524,0.0738343,0.0720494,0.0702972,0.0685774,0.0668894,0.0652329,0.0636073,0.0620123,0.0604473,0.058912,0.0574057,0.055928,0.0544785,0.0530567,0.0516621,0.0502942,0.0489525,0.0476366,0.0463459,0.04508,0.0438383,0.0426205,0.041426,0.0402544,0.0391051,0.0379776,0.0368716,0.0357865,0.0347218,0.0336771,0.0326519,0.0316457,0.0306581,0.0296885,0.0287366,0.0278018,0.0268837,0.0259819,0.0250958,0.0242251,0.0233692,0.0225278,0.0217003,0.0208863,0.0200854,0.0192971,0.0185211,0.0177567,0.0170037,0.0162616,0.0155299,0.0148082,0.0140961,0.0133932,0.012699,0.0120131,0.011335,0.0106644,0.0100008,0.0093439,0.00869313,0.00804814,0.0074085,0.00677381,0.00614363,0.00551757,0.0048952,0.00427613,0.00365992,0.00304618,0.00243448,0.00182443,0.0012156
0,0.0358191,0.0701507,0.101829,0.130153,0.15486,0.176005,0.193839,0.208702,0.220963,0.230974,0.239057,0.245495,0.25053,0.254369,0.257186,0.259128,0.260321,0.260867,0.260857,0.260366,0.259458,0.258188,0.256604,0.254747,0.252652,0.250351,0.24787,0.245234,0.242463,0.239575,0.236588,0.233515,0.23037,0.227164,0.223907,0.22061,0.21728,0.213925,0.210551,0.207165,0.203773,0.200379,0.196988,0.193603,0.19023,0.18687,0.183528,0.180205,0.176905,0.173629,0.17038,0.167159,0.163968,0.160809,0.157683,0.15459,0.151533,0.148511,0.145526,0.142579,0.139669,0.136798,0.133966,0.131173,0.12842,0.125706,0.123032,0.120398,0.117804,0.11525,0.112737,0.110262,0.107828,0.105433,0.103078,0.100762,0.0984843,0.0962456,0.0940452,0.0918827,0.0897579,0.0876704,0.0856198,0.0836057,0.0816277,0.0796854,0.0777784,0.0759063,0.0740684,0.0722646,0.0704941,0.0687567,0.0670518,0.0653789,0.0637376,0.0621273,0.0605475,0.0589979,0.0574778,0.0559868,0.0545243,0.05309,0.0516831,0.0503033,0.0489501,0.0476229,0.0463213,0.0450447,0.0437926,0.0425645,0.04136,0.0401785,0.0390196,0.0378827,0.0367673,0.035673,0.0345992,0.0335456,0.0325114,0.0314965,0.0305001,0.0295218,0.0285612,0.0276178,0.0266911,0.0257806,0.0248859,0.0240065,0.0231419,0.0222917,0.0214554,0.0206325,0.0198227,0.0190254,0.0182401,0.0174665,0.0167041,0.0159524,0.015211,0.0144795,0.0137574,0.0130442,0.0123396,0.0116431,0.0109542,0.0102726,0.00959776,0.0089293,0.00826675,0.00760973,0.00695777,0.00631048,0.0056674,0.00502813,0.00439223,0.00375929,0.00312888,0.00250058,0.00187396,0.0012486
0,0.0422278,0.0821837,0.118243,0.149616,0.176192,0.198276,0.216374,0.231043,0.242812,0.252155,0.259474,0.265105,0.269326,0.272364,0.274408,0.275612,0.276103,0.275987,0.275352,0.274273,0.272813,0.271023,0.26895,0.266632,0.264104,0.261393,0.258525,0.255523,0.252405,0.249189,0.24589,0.24252,0.239093,0.235617,0.232104,0.228561,0.224997,0.221417,0.217827,0.214235,0.210644,0.207058,0.203483,0.199922,0.196377,0.192853,0.189352,0.185875,0.182426,0.179007,0.175618,0.172262,0.168941,0.165655,0.162405,0.159193,0.15602,0.152885,0.149791,0.146737,0.143723,0.140751,0.137821,0.134932,0.132086,0.129281,0.126519,0.123798,0.12112,0.118485,0.115891,0.113338,0.110828,0.108359,0.105931,0.103543,0.101197,0.0988905,0.096624,0.0943971,0.0922092,0.0900601,0.0879494,0.0858764,0.083841,0.0818425,0.0798806,0.0779547,0.0760645,0.0742092,0.0723887,0.0706021,0.0688493,0.0671294,0.0654422,0.063787,0.0621634,0.0605708,0.0590087,0.0574765,0.0559738,0.0545001,0.0530547,0.0516372,0.0502471,0.0488838,0.0475468,0.0462356,0.0449497,0.0436884,0.0424515,0.0412381,0.0400481,0.0388806,0.0377354,0.0366117,0.0355093,0.0344275,0.0333658,0.0323238,0.0313009,0.0302966,0.0293105,0.0283421,0.0273908,0.0264562,0.0255379,0.0246352,0.0237478,0.0228752,0.0220168,0.0211723,0.0203411,0.0195228,0.0187169,0.017923,0.0171406,0.0163692,0.0156083,0.0148576,0.0141166,0.0133848,0.0126617,0.011947,0.0112401,0.0105406,0.00984816,0.00916222,0.00848238,0.00780819,0.00713923,0.00647503,0.00581518,0.00515923,0.00450675,0.0038573,0.00321045,0.00256576,0.00192281,0.00128115
0,0.0509085,0.0981139,0.139344,0.173878,0.202016,0.224536,0.242342,0.256283,0.26709,0.275363,0.281582,0.286128,0.289307,0.291358,0.292475,0.292812,0.292496,0.291629,0.290296,0.288567,0.286501,0.284147,0.281546,0.278735,0.275743,0.272598,0.269322,0.265934,0.262453,0.258894,0.255269,0.251591,0.247871,0.244117,0.240339,0.236543,0.232737,0.228926,0.225116,0.221311,0.217517,0.213737,0.209974,0.206232,0.202514,0.198823,0.19516,0.191527,0.187928,0.184363,0.180834,0.177342,0.173888,0.170474,0.167101,0.163768,0.160478,0.15723,0.154026,0.150864,0.147747,0.144674,0.141645,0.138661,0.135721,0.132825,0.129974,0.127168,0.124406,0.121688,0.119014,0.116384,0.113798,0.111254,0.108754,0.106296,0.103881,0.101507,0.0991749,0.0968838,0.0946333,0.092423,0.0902524,0.0881211,0.0860286,0.0839744,0.0819579,0.0799789,0.0780365,0.0761304,0.0742601,0.072425,0.0706245,0.0688582,0.0671255,0.0654259,0.0637587,0.0621236,0.0605199,0.0589471,0.0574046,0.0558919,0.0544084,0.0529537,0.0515271,0.0501281,0.0487561,0.0474107,0.0460913,0.0447973,0.0435282,0.0422835,0.0410626,0.039865,0.0386902,0.0375377,0.0364069,0.0352973,0.0342084,0.0331397,0.0320906,0.0310607,0.0300494,0.0290563,0.0280808,0.0271225,0.0261807,0.0252552,0.0243452,0.0234505,0.0225704,0.0217045,0.0208522,0.0200133,0.019187,0.018373,0.0175709,0.01678,0.016,0.0152304,0.0144707,0.0137205,0.0129792,0.0122465,0.0115219,0.0108048,0.010095,0.00939183,0.00869492,0.00800383,0.00731808,0.00663724,0.00596084,0.00528845,0.00461962,0.0039539,0.00329085,0.00263002,0.00197096,0.00131323
0,0.0632925,0.12002,0.167143,0.204537,0.233458,0.255511,0.272175,0.28466,0.293906,0.300627,0.305363,0.308523,0.310418,0.31129,0.311324,0.31067,0.309444,0.307742,0.305641,0.303204,0.300483,0.297522,0.294358,0.291023,0.287542,0.28394,0.280235,0.276446,0.272586,0.26867,0.264708,0.260712,0.256689,0.252649,0.248598,0.244543,0.240489,0.236442,0.232407,0.228386,0.224385,0.220407,0.216454,0.212529,0.208635,0.204773,0.200947,0.197157,0.193405,0.189693,0.186022,0.182393,0.178806,0.175264,0.171766,0.168312,0.164905,0.161543,0.158228,0.15496,0.151738,0.148564,0.145436,0.142356,0.139323,0.136336,0.133397,0.130505,0.127659,0.124859,0.122106,0.119398,0.116736,0.114119,0.111547,0.109018,0.106534,0.104094,0.101696,0.0993416,0.0970289,0.0947578,0.0925279,0.0903386,0.0881895,0.08608,0.0840096,0.0819776,0.0799837,0.0780272,0.0761076,0.0742243,0.0723768,0.0705644,0.0687868,0.0670431,0.065333,0.0636558,0.0620109,0.0603978,0.058816,0.0572648,0.0557437,0.0542521,0.0527894,0.0513551,0.0499487,0.0485695,0.047217,0.0458906,0.0445898,0.0433141,0.0420628,0.0408355,0.0396316,0.0384505,0.0372917,0.0361547,0.0350389,0.0339439,0.032869,0.0318138,0.0307777,0.0297602,0.0287608,0.027779,0.0268143,0.0258661,0.0249339,0.0240173,0.0231158,0.0222288,0.0213559,0.0204965,0.0196502,0.0188165,0.0179948,0.0171848,0.0163859,0.0155976,0.0148196,0.0140512,0.013292,0.0125416,0.0117995,0.0110651,0.0103381,0.00961801,0.00890431,0.00819655,0.00749428,0.00679702,0.00610433,0.00541575,0.00473081,0.00404906,0.00337005,0.00269331,0.00201839,0.00134483
0,0.082242,0.15153,0.204672,0.243669,0.271771,0.291877,0.306188,0.316277,0.323248,0.327879,0.330725,0.332185,0.332557,0.332061,0.330866,0.329103,0.326873,0.324259,0.321327,0.318129,0.314709,0.311105,0.307348,0.303462,0.299469,0.29539,0.29124,0.287034,0.282783,0.278499,0.27419,0.269866,0.265534,0.2612,0.25687,0.25255,0.248244,0.243957,0.239691,0.235451,0.23124,0.22706,0.222914,0.218804,0.214732,0.210699,0.206707,0.202759,0.198854,0.194994,0.191179,0.187412,0.183692,0.18002,0.176396,0.172822,0.169297,0.165821,0.162395,0.15902,0.155694,0.152418,0.149192,0.146016,0.142889,0.139813,0.136785,0.133807,0.130878,0.127997,0.125164,0.122379,0.119641,0.116951,0.114307,0.111709,0.109157,0.10665,0.104187,0.101769,0.0993948,0.0970635,0.0947747,0.092528,0.0903227,0.0881584,0.0860344,0.0839502,0.0819051,0.0798987,0.0779303,0.0759994,0.0741052,0.0722474,0.0704252,0.0686381,0.0668854,0.0651666,0.063481,0.0618282,0.0602075,0.0586183,0.0570599,0.0555319,0.0540336,0.0525646,0.051124,0.0497114,0.0483263,0.046968,0.0456359,0.0443296,0.0430483,0.0417916,0.0405589,0.0393497,0.0381633,0.0369993,0.035857,0.034736,0.0336357,0.0325555,0.0314949,0.0304535,0.0294305,0.0284256,0.0274381,0.0264677,0.0255137,0.0245756,0.0236529,0.0227452,0.0218518,0.0209723,0.0201063,0.0192531,0.0184123,0.0175834,0.0167658,0.0159593,0.0151631,0.0143768,0.0136,0.0128321,0.0120728,0.0113214,0.0105775,0.00984071,0.00911045,0.00838629,0.00766773,0.00695433,0.0062456,0.00554107,0.00484028,0.00414275,0.00344802,0.00275562,0.00206508,0.00137595
0,0.114146,0.199187,0.256345,0.293699,0.31808,0.33404,0.344426,0.351015,0.354933,0.35692,0.357473,0.35694,0.355567,0.353536,0.350981,0.348006,0.344691,0.3411,0.337282,0.33328,0.329126,0.324849,0.320471,0.316012,0.31149,0.306918,0.302309,0.297673,0.29302,0.288359,0.283695,0.279036,0.274388,0.269755,0.265141,0.260551,0.255989,0.251458,0.246959,0.242497,0.238073,0.23369,0.229349,0.225051,0.220799,0.216594,0.212436,0.208327,0.204268,0.200259,0.196301,0.192395,0.18854,0.184739,0.18099,0.177294,0.173651,0.170061,0.166524,0.163041,0.159611,0.156234,0.15291,0.149638,0.146419,0.143252,0.140136,0.137073,0.13406,0.131098,0.128186,0.125324,0.122512,0.119748,0.117033,0.114366,0.111746,0.109173,0.106647,0.104166,0.10173,0.0993388,0.0969917,0.094688,0.0924272,0.0902085,0.0880316,0.0858955,0.0838,0.0817441,0.0797275,0.0777493,0.0758092,0.0739063,0.0720401,0.0702099,0.0684152,0.0666553,0.0649297,0.0632375,0.0615784,0.0599516,0.0583566,0.0567926,0.0552592,0.0537557,0.0522816,0.0508361,0.0494187,0.0480289,0.046666,0.0453294,0.0440187,0.042733,0.041472,0.040235,0.0390215,0.0378308,0.0366624,0.0355158,0.0343904,0.0332856,0.032201,0.0311358,0.0300897,0.029062,0.0280522,0.0270598,0.0260842,0.025125,0.0241815,0.0232533,0.0223398,0.0214406,0.0205551,0.0196827,0.018823,0.0179755,0.0171397,0.016315,0.0155011,0.0146972,0.013903,0.013118,0.0123417,0.0115735,0.0108131,0.0100598,0.00931327,0.00857295,0.0078384,0.00710909,0.00638458,0.00566436,0.00494797,0.00423492,0.00352473,0.00281692,0.00211102,0.00140655
0,0.175156,0.274727,0.327824,0.356702,0.372811,0.381778,0.386465,0.388424,0.388551,0.387396,0.385311,0.382537,0.379239,0.375537,0.371519,0.367253,0.36279,0.358171,0.353428,0.348588,0.343672,0.338698,0.333681,0.328633,0.323567,0.31849,0.313411,0.308337,0.303274,0.298228,0.293203,0.288204,0.283235,0.278298,0.273397,0.268534,0.263713,0.258934,0.254201,0.249514,0.244876,0.240287,0.235749,0.231263,0.22683,0.222451,0.218126,0.213856,0.209642,0.205484,0.201382,0.197336,0.193348,0.189416,0.185541,0.181724,0.177963,0.174259,0.170612,0.167022,0.163487,0.160009,0.156587,0.15322,0.149908,0.146651,0.143448,0.1403,0.137204,0.134161,0.131171,0.128233,0.125346,0.12251,0.119724,0.116988,0.114301,0.111663,0.109073,0.10653,0.104033,0.101583,0.0991778,0.0968178,0.0945018,0.0922295,0.09,0.0878128,0.0856672,0.0835625,0.0814981,0.0794734,0.0774877,0.0755404,0.0736307,0.0717581,0.0699218,0.0681214,0.066356,0.0646252,0.0629281,0.0612643,0.059633,0.0580336,0.0564656,0.0549282,0.0534208,0.051943,0.0504938,0.049073,0.0476797,0.0463134,0.0449734,0.0436593,0.0423703,0.041106,0.0398657,0.0386488,0.0374547,0.0362829,0.0351328,0.0340038,0.0328954,0.031807,0.030738,0.0296879,0.0286561,0.0276421,0.0266453,0.0256653,0.0247013,0.023753,0.0228198,0.0219011,0.0209964,0.0201052,0.019227,0.0183612,0.0175073,0.0166649,0.0158334,0.0150122,0.014201,0.0133991,0.0126061,0.0118214,0.0110446,0.0102752,0.00951267,0.0087565,0.00800618,0.00726127,0.00652123,0.00578559,0.00505385,0.00432554,0.00360015,0.0028772,0.00215619,0.00143665
0,0.31175,0.396742,0.423523,0.432474,0.434688,0.433796,0.431233,0.427667,0.423455,0.418803,0.413843,0.408662,0.403319,0.397857,0.39231,0.386701,0.38105,0.375371,0.369676,0.363977,0.358281,0.352596,0.346927,0.34128,0.33566,0.33007,0.324515,0.318997,0.313519,0.308084,0.302694,0.297351,0.292057,0.286814,0.281622,0.276485,0.271402,0.266375,0.261405,0.256492,0.251638,0.246843,0.242108,0.237433,0.232818,0.228264,0.223772,0.219341,0.214971,0.210663,0.206417,0.202233,0.19811,0.194048,0.190048,0.186109,0.182231,0.178413,0.174656,0.170958,0.16732,0.163741,0.160221,0.15676,0.153356,0.150009,0.146719,0.143486,0.140308,0.137185,0.134117,0.131103,0.128143,0.125235,0.122379,0.119574,0.116821,0.114118,0.111464,0.108859,0.106303,0.103794,0.101332,0.098916,0.0965457,0.0942201,0.0919388,0.089701,0.087506,0.085353,0.0832415,0.0811708,0.0791401,0.0771488,0.0751963,0.0732817,0.0714046,0.0695641,0.0677596,0.0659905,0.0642561,0.0625557,0.0608887,0.0592544,0.0576522,0.0560814,0.0545414,0.0530315,0.0515512,0.0500997,0.0486765,0.0472808,0.0459123,0.04457,0.0432536,0.0419623,0.0406957,0.0394529,0.0382336,0.037037,0.0358626,0.0347098,0.033578,0.0324667,0.0313753,0.0303031,0.0292497,0.0282144,0.0271968,0.0261963,0.0252122,0.0242441,0.0232914,0.0223536,0.0214301,0.0205203,0.0196239,0.0187401,0.0178686,0.0170087,0.0161599,0.0153218,0.0144937,0.0136753,0.0128659,0.012065,0.0112722,0.0104869,0.0097086,0.00893682,0.00817105,0.00741076,0.00665549,0.00590469,0.00515789,0.00441457,0.00367425,0.00293641,0.00220057,0.00146621
1,0.675102,0.576968,0.537053,0.514984,0.499671,0.487488,0.477006,0.46756,0.4588,0.450522,0.442599,0.434951,0.42752,0.420268,0.413167,0.406196,0.399341,0.39259,0.385935,0.379368,0.372886,0.366483,0.360157,0.353907,0.347729,0.341623,0.335588,0.329623,0.323728,0.317902,0.312145,0.306456,0.300837,0.295286,0.289803,0.28439,0.279045,0.273768,0.268561,0.263422,0.258352,0.25335,0.248417,0.243552,0.238756,0.234028,0.229367,0.224775,0.22025,0.215793,0.211403,0.207079,0.202822,0.198631,0.194505,0.190445,0.18645,0.182519,0.178651,0.174847,0.171106,0.167427,0.16381,0.160254,0.156759,0.153323,0.149947,0.146629,0.14337,0.140168,0.137022,0.133933,0.130899,0.12792,0.124995,0.122123,0.119304,0.116536,0.11382,0.111154,0.108538,0.105971,0.103453,0.100982,0.0985575,0.0961796,0.093847,0.0915592,0.0893153,0.0871148,0.0849567,0.0828406,0.0807655,0.078731,0.076736,0.0747802,0.0728626,0.0709827,0.0691397,0.0673329,0.0655617,0.0638253,0.0621231,0.0604544,0.0588185,0.0572149,0.0556427,0.0541014,0.0525902,0.0511087,0.0496559,0.0482315,0.0468347,0.0454649,0.0441214,0.0428037,0.041511,0.0402429,0.0389987,0.0377777,0.0365794,0.0354032,0.0342485,0.0331147,0.0320011,0.0309073,0.0298326,0.0287766,0.0277384,0.0267177,0.0257139,0.0247264,0.0237546,0.0227979,0.0218559,0.020928,0.0200136,0.0191122,0.0182233,0.0173462,0.0164806,0.0156257,0.0147812,0.0139464,0.0131209,0.0123042,0.0114956,0.0106947,0.00990095,0.00911387,0.0083329,0.00755755,0.00678729,0.00602162,0.00526002,0.00450198,0.00374699,0.00299455,0.00224413,0.00149524
1,0.811692,0.698974,0.632739,0.590739,0.561526,0.539481,0.521744,0.50677,0.493665,0.481887,0.471085,0.461025,0.451546,0.442531,0.433897,0.425581,0.417534,0.40972,0.40211,0.394681,0.387416,0.380299,0.373319,0.366467,0.359733,0.353113,0.346599,0.340188,0.333876,0.327659,0.321535,0.315502,0.309557,0.303698,0.297925,0.292235,0.286628,0.281103,0.275658,0.270293,0.265007,0.259798,0.254668,0.249614,0.244636,0.239734,0.234906,0.230153,0.225474,0.220867,0.216333,0.211871,0.20748,0.20316,0.19891,0.194729,0.190617,0.186573,0.182597,0.178687,0.174843,0.171064,0.167351,0.163701,0.160115,0.156591,0.153129,0.149728,0.146388,0.143107,0.139885,0.136721,0.133615,0.130565,0.127571,0.124632,0.121748,0.118917,0.116139,0.113413,0.110738,0.108114,0.105539,0.103014,0.100537,0.0981067,0.0957236,0.0933864,0.0910944,0.0888468,0.086643,0.084482,0.0823633,0.0802859,0.0782494,0.0762528,0.0742954,0.0723766,0.0704957,0.0686517,0.0668443,0.0650724,0.0633356,0.0616331,0.0599641,0.0583281,0.0567243,0.055152,0.0536106,0.0520994,0.0506177,0.0491649,0.0477404,0.0463434,0.0449734,0.0436296,0.0423115,0.0410184,0.0397497,0.0385048,0.0372831,0.0360838,0.0349066,0.0337506,0.0326154,0.0315003,0.0304048,0.0293282,0.0282699,0.0272295,0.0262062,0.0251996,0.024209,0.023234,0.0222738,0.021328,0.0203961,0.0194773,0.0185713,0.0176774,0.0167952,0.0159239,0.0150632,0.0142125,0.0133712,0.0125388,0.0117148,0.0108986,0.0100897,0.00928756,0.0084917,0.00770155,0.00691661,0.00613633,0.00536022,0.00458773,0.00381836,0.00305158,0.00228687,0.00152372
1,0.872693,0.774496,0.704192,0.653707,0.616214,0.587167,0.563723,0.544111,0.527207,0.512279,0.498831,0.486523,0.475111,0.464419,0.454315,0.4447,0.435498,0.42665,0.418108,0.409836,0.401803,0.393985,0.38636,0.378914,0.371632,0.364502,0.357515,0.350662,0.343936,0.337332,0.330844,0.324468,0.318199,0.312035,0.305972,0.300008,0.29414,0.288367,0.282686,0.277095,0.271594,0.26618,0.260853,0.25561,0.250452,0.245376,0.240382,0.235469,0.230636,0.225881,0.221204,0.216604,0.21208,0.207632,0.203258,0.198957,0.194729,0.190573,0.186488,0.182473,0.178527,0.17465,0.170841,0.167098,0.163422,0.15981,0.156263,0.15278,0.149359,0.146001,0.142703,0.139465,0.136287,0.133167,0.130106,0.127101,0.124152,0.121258,0.118419,0.115634,0.112901,0.11022,0.10759,0.105011,0.102481,0.100001,0.0975675,0.0951817,0.0928422,0.0905484,0.0882993,0.0860942,0.0839324,0.0818131,0.0797354,0.0776987,0.0757022,0.0737452,0.0718268,0.0699465,0.0681033,0.0662966,0.0645257,0.0627899,0.0610884,0.0594206,0.0577856,0.0561829,0.0546117,0.0530715,0.0515613,0.0500807,0.0486289,0.0472052,0.0458091,0.0444398,0.0430966,0.0417791,0.0404863,0.0392179,0.0379731,0.0367514,0.0355519,0.0343743,0.0332178,0.0320818,0.0309658,0.0298691,0.0287911,0.0277313,0.026689,0.0256636,0.0246546,0.0236615,0.0226835,0.0217202,0.020771,0.0198353,0.0189125,0.0180021,0.0171036,0.0162163,0.0153397,0.0144733,0.0136165,0.0127688,0.0119296,0.0110984,0.0102747,0.00945784,0.00864735,0.00784272,0.00704336,0.00624879,0.00545844,0.0046718,0.00388832,0.00310749,0.00232877,0.00155163
1,0.904584,0.822127,0.755827,0.703685,0.662459,0.629252,0.601871,0.578746,0.558778,0.541193,0.525442,0.511128,0.49796,0.485721,0.474247,0.463411,0.453114,0.443279,0.433843,0.424758,0.415982,0.407482,0.39923,0.391204,0.383385,0.375756,0.368303,0.361016,0.353883,0.346897,0.340049,0.333334,0.326746,0.320279,0.31393,0.307693,0.301567,0.295548,0.289633,0.283819,0.278104,0.272486,0.266964,0.261534,0.256196,0.250949,0.245789,0.240717,0.235731,0.230829,0.22601,0.221273,0.216618,0.212042,0.207545,0.203125,0.198782,0.194515,0.190322,0.186203,0.182156,0.178181,0.174277,0.170443,0.166677,0.162979,0.159348,0.155783,0.152283,0.148847,0.145474,0.142164,0.138915,0.135726,0.132597,0.129527,0.126515,0.123559,0.12066,0.117815,0.115025,0.112289,0.109605,0.106973,0.104391,0.10186,0.099378,0.0969442,0.094558,0.0922185,0.089925,0.0876764,0.0854723,0.0833115,0.0811935,0.0791174,0.0770824,0.0750877,0.0731326,0.0712163,0.0693382,0.0674972,0.0656929,0.0639243,0.0621909,0.0604917,0.0588263,0.0571937,0.0555933,0.0540244,0.0524864,0.0509784,0.0494998,0.04805,0.0466282,0.0452338,0.0438662,0.0425245,0.0412083,0.0399168,0.0386494,0.0374055,0.0361844,0.0349854,0.0338081,0.0326516,0.0315155,0.0303991,0.0293017,0.0282229,0.0271619,0.0261182,0.0250912,0.0240803,0.0230849,0.0221044,0.0211383,0.0201859,0.0192468,0.0183202,0.0174057,0.0165027,0.0156106,0.0147288,0.0138568,0.0129941,0.0121401,0.0112942,0.0104559,0.00962461,0.00879983,0.00798098,0.00716753,0.00635893,0.00555465,0.00475413,0.00395684,0.00316225,0.0023698,0.00157897
1,0.923516,0.853603,0.793303,0.742748,0.700685,0.665515,0.635764,0.610227,0.587967,0.568276,0.550618,0.53459,0.519884,0.506264,0.493546,0.481587,0.470273,0.459513,0.449234,0.439376,0.429891,0.420737,0.411881,0.403295,0.394955,0.386841,0.378935,0.371223,0.363692,0.356331,0.349131,0.342083,0.33518,0.328415,0.321783,0.315279,0.308898,0.302636,0.296489,0.290454,0.284528,0.278708,0.272992,0.267378,0.261862,0.256444,0.251121,0.245891,0.240753,0.235706,0.230746,0.225874,0.221088,0.216386,0.211767,0.20723,0.202773,0.198395,0.194096,0.189874,0.185727,0.181656,0.177658,0.173732,0.169878,0.166095,0.162381,0.158735,0.155156,0.151644,0.148198,0.144815,0.141496,0.13824,0.135044,0.13191,0.128835,0.125818,0.122859,0.119957,0.117111,0.114319,0.111582,0.108897,0.106265,0.103684,0.101154,0.0986729,0.0962407,0.0938564,0.0915191,0.0892279,0.086982,0.0847806,0.0826229,0.080508,0.0784351,0.0764036,0.0744124,0.0724609,0.0705482,0.0686737,0.0668364,0.0650358,0.0632709,0.0615412,0.0598457,0.0581838,0.0565548,0.0549579,0.0533924,0.0518576,0.0503528,0.0488773,0.0474304,0.0460115,0.0446197,0.0432545,0.0419152,0.0406011,0.0393116,0.038046,0.0368035,0.0355838,0.0343859,0.0332095,0.0320536,0.0309179,0.0298016,0.0287042,0.0276249,0.0265632,0.0255186,0.0244903,0.0234778,0.0224805,0.0214978,0.0205292,0.0195739,0.0186315,0.0177014,0.016783,0.0158756,0.0149788,0.014092,0.0132146,0.0123461,0.0114858,0.0106332,0.00978784,0.00894904,0.0081163,0.00728903,0.00646672,0.00564879,0.0048347,0.0040239,0.00321584,0.00240996,0.00160573
1,0.935878,0.875465,0.821036,0.773319,0.732019,0.69636,0.665447,0.638432,0.61459,0.593328,0.574169,0.556735,0.540727,0.525908,0.51209,0.499122,0.486882,0.475272,0.464209,0.453628,0.443474,0.433701,0.424269,0.415147,0.406306,0.397724,0.38938,0.381257,0.373339,0.365614,0.358069,0.350696,0.343485,0.336428,0.329519,0.322751,0.316119,0.309618,0.303243,0.296991,0.290857,0.284838,0.278931,0.273134,0.267443,0.261856,0.256371,0.250986,0.245698,0.240506,0.235408,0.230402,0.225487,0.22066,0.21592,0.211267,0.206698,0.202211,0.197807,0.193483,0.189238,0.18507,0.18098,0.176964,0.173023,0.169155,0.165359,0.161634,0.157978,0.154391,0.150871,0.147418,0.14403,0.140706,0.137446,0.134247,0.13111,0.128034,0.125016,0.122057,0.119155,0.11631,0.11352,0.110784,0.108102,0.105472,0.102894,0.100367,0.0978896,0.0954611,0.0930808,0.0907477,0.0884609,0.0862195,0.0840229,0.0818699,0.0797599,0.077692,0.0756655,0.0736794,0.071733,0.0698254,0.067956,0.0661238,0.0643282,0.0625683,0.0608435,0.0591529,0.0574958,0.0558714,0.0542791,0.052718,0.0511875,0.0496868,0.0482154,0.0467723,0.045357,0.0439687,0.0426068,0.0412706,0.0399594,0.0386724,0.0374093,0.036169,0.0349512,0.0337551,0.03258,0.0314254,0.0302905,0.0291748,0.0280777,0.0269984,0.0259365,0.0248912,0.023862,0.0228483,0.0218494,0.0208648,0.0198938,0.0189359,0.0179906,0.017057,0.0161348,0.0152233,0.014322,0.0134302,0.0125475,0.0116731,0.0108066,0.00994743,0.00909494,0.00824859,0.00740785,0.00657211,0.00574085,0.00491348,0.00408947,0.00326823,0.00244923,0.00163189
1,0.944533,0.891342,0.842058,0.797476,0.757712,0.722463,0.691232,0.663466,0.638638,0.616281,0.595998,0.577456,0.560384,0.544556,0.52979,0.515935,0.502868,0.490488,0.478708,0.46746,0.456683,0.446329,0.436354,0.426724,0.417407,0.408378,0.399613,0.391093,0.382802,0.374724,0.366845,0.359156,0.351645,0.344303,0.337123,0.330098,0.32322,0.316485,0.309886,0.30342,0.297081,0.290867,0.284772,0.278795,0.272931,0.267179,0.261534,0.255996,0.25056,0.245226,0.239991,0.234853,0.229809,0.22486,0.220001,0.215233,0.210553,0.205959,0.201451,0.197026,0.192684,0.188422,0.18424,0.180136,0.176109,0.172158,0.168281,0.164477,0.160745,0.157084,0.153492,0.149969,0.146513,0.143124,0.139799,0.136538,0.133341,0.130205,0.12713,0.124115,0.121158,0.11826,0.115418,0.112632,0.1099,0.107223,0.104598,0.102025,0.0995036,0.0970319,0.0946093,0.0922351,0.0899081,0.0876276,0.0853926,0.0832024,0.081056,0.0789526,0.0768913,0.0748713,0.0728917,0.0709519,0.0690508,0.0671879,0.0653621,0.0635728,0.0618191,0.0601004,0.0584158,0.0567645,0.0551459,0.0535591,0.0520034,0.0504782,0.0489826,0.047516,0.0460776,0.0446668,0.0432827,0.0419249,0.0405924,0.0392848,0.0380012,0.036741,0.0355036,0.0342883,0.0330944,0.0319213,0.0307682,0.0296348,0.0285201,0.0274237,0.0263448,0.025283,0.0242374,0.0232076,0.0221929,0.0211927,0.0202064,0.0192334,0.018273,0.0173248,0.016388,0.0154622,0.0145467,0.0136409,0.0127442,0.0118561,0.010976,0.0101033,0.00923746,0.00837784,0.0075239,0.00667507,0.00583077,0.00499044,0.00415351,0.00331942,0.00248758,0.00165744
1,0.95091,0.903313,0.85838,0.816816,0.77889,0.744551,0.713555,0.685564,0.660217,0.637163,0.616088,0.596713,0.5788,0.562146,0.546582,0.531964,0.518173,0.505108,0.492682,0.480826,0.469477,0.458584,0.448102,0.437995,0.428228,0.418774,0.409609,0.40071,0.39206,0.383642,0.375442,0.367446,0.359645,0.352027,0.344583,0.337307,0.33019,0.323225,0.316408,0.309732,0.303193,0.296787,0.290508,0.284354,0.278321,0.272405,0.266604,0.260914,0.255334,0.249859,0.244489,0.239221,0.234052,0.228981,0.224006,0.219125,0.214335,0.209636,0.205025,0.200502,0.196064,0.191709,0.187437,0.183246,0.179135,0.175101,0.171145,0.167263,0.163457,0.159722,0.15606,0.152468,0.148946,0.145491,0.142103,0.138781,0.135524,0.13233,0.129198,0.126128,0.123118,0.120167,0.117275,0.114439,0.111659,0.108935,0.106265,0.103647,0.101082,0.0985678,0.0961039,0.0936892,0.0913229,0.089004,0.0867316,0.0845048,0.0823227,0.0801844,0.0780892,0.076036,0.0740241,0.0720525,0.0701206,0.0682274,0.0663722,0.064554,0.0627722,0.0610259,0.0593144,0.0576368,0.0559925,0.0543805,0.0528003,0.051251,0.0497319,0.0482422,0.0467813,0.0453483,0.0439427,0.0425637,0.0412105,0.0398825,0.0385791,0.0372994,0.0360429,0.0348088,0.0335965,0.0324053,0.0312346,0.0300837,0.028952,0.0278388,0.0267434,0.0256653,0.0246038,0.0235583,0.0225282,0.0215127,0.0205114,0.0195236,0.0185487,0.0175861,0.0166352,0.0156953,0.0147659,0.0138464,0.0129363,0.0120347,0.0111414,0.0102555,0.00937655,0.00850397,0.00763716,0.00677553,0.00591853,0.00506554,0.00421602,0.00336936,0.00252501,0.00168238
1,0.955796,0.912622,0.871334,0.83252,0.796484,0.763299,0.732874,0.705021,0.679504,0.656071,0.634482,0.614512,0.59596,0.578651,0.562433,0.547173,0.532758,0.519093,0.506094,0.49369,0.481821,0.470434,0.459484,0.448932,0.438744,0.42889,0.419345,0.410087,0.401095,0.392352,0.383843,0.375553,0.367471,0.359585,0.351887,0.344367,0.337017,0.32983,0.322799,0.315919,0.309185,0.30259,0.296132,0.289805,0.283605,0.277529,0.271574,0.265737,0.260013,0.254402,0.248899,0.243503,0.238211,0.233021,0.227931,0.222938,0.218041,0.213238,0.208527,0.203906,0.199374,0.194928,0.190568,0.186291,0.182096,0.177982,0.173947,0.16999,0.16611,0.162304,0.158572,0.154913,0.151325,0.147807,0.144357,0.140975,0.137659,0.134408,0.131221,0.128097,0.125034,0.122032,0.119089,0.116205,0.113378,0.110608,0.107893,0.105232,0.102624,0.100068,0.0975636,0.0951094,0.0927046,0.0903481,0.088039,0.0857765,0.0835594,0.0813871,0.0792586,0.077173,0.0751293,0.0731269,0.0711647,0.069242,0.0673579,0.0655116,0.0637022,0.0619291,0.0601912,0.058488,0.0568185,0.055182,0.0535777,0.0520049,0.0504628,0.0489507,0.0474677,0.0460132,0.0445865,0.0431868,0.0418134,0.0404656,0.0391427,0.037844,0.0365688,0.0353164,0.0340861,0.0328774,0.0316894,0.0305215,0.0293731,0.0282435,0.0271321,0.0260382,0.0249611,0.0239003,0.022855,0.0218248,0.0208089,0.0198067,0.0188175,0.0178409,0.0168761,0.0159226,0.0149797,0.0140469,0.0131234,0.0122089,0.0113025,0.0104038,0.00951214,0.00862693,0.00774757,0.00687349,0.00600407,0.00513876,0.00427694,0.00341806,0.0025615,0.00170669
1,0.959652,0.920043,0.881816,0.845446,0.811228,0.779288,0.749624,0.722146,0.696709,0.67314,0.65126,0.630895,0.611882,0.594071,0.57733,0.56154,0.546599,0.532417,0.518916,0.506026,0.493689,0.481854,0.470474,0.459512,0.448932,0.438705,0.428804,0.419206,0.40989,0.400838,0.392033,0.383461,0.37511,0.366967,0.359023,0.351267,0.343691,0.336288,0.329051,0.321972,0.315047,0.30827,0.301636,0.29514,0.288778,0.282546,0.27644,0.270458,0.264595,0.258849,0.253216,0.247695,0.242282,0.236975,0.231772,0.22667,0.221668,0.216763,0.211953,0.207237,0.202612,0.198076,0.193629,0.189268,0.184992,0.180799,0.176688,0.172656,0.168703,0.164828,0.161028,0.157302,0.15365,0.150069,0.146558,0.143117,0.139744,0.136437,0.133196,0.130018,0.126904,0.123852,0.120861,0.117929,0.115056,0.112241,0.109481,0.106778,0.104128,0.101532,0.0989876,0.0964948,0.0940523,0.0916591,0.0893142,0.0870166,0.0847655,0.0825599,0.0803989,0.0782815,0.076207,0.0741742,0.0721826,0.070231,0.0683188,0.066445,0.0646088,0.0628093,0.0610459,0.0593175,0.0576235,0.055963,0.0543353,0.0527396,0.0511751,0.0496409,0.0481365,0.046661,0.0452137,0.0437939,0.0424008,0.0410336,0.0396918,0.0383745,0.0370811,0.0358109,0.0345631,0.0333372,0.0321324,0.0309479,0.0297833,0.0286377,0.0275106,0.0264013,0.0253091,0.0242333,0.0231734,0.0221287,0.0210985,0.0200823,0.0190793,0.018089,0.0171108,0.0161439,0.0151879,0.014242,0.0133058,0.0123784,0.0114595,0.0105483,0.00964419,0.00874667,0.0078551,0.00696886,0.00608738,0.00521005,0.00433628,0.00346547,0.00259703,0.00173037
1,0.962768,0.926085,0.890441,0.856223,0.823695,0.793002,0.764191,0.737233,0.712048,0.688522,0.666527,0.645932,0.626606,0.608426,0.59128,0.575064,0.559687,0.545067,0.531132,0.517816,0.505063,0.492824,0.481055,0.469717,0.458776,0.448203,0.437969,0.428052,0.41843,0.409085,0.4,0.391159,0.38255,0.374161,0.36598,0.357997,0.350204,0.342593,0.335155,0.327884,0.320774,0.313819,0.307014,0.300353,0.293833,0.287448,0.281196,0.275072,0.269073,0.263195,0.257436,0.251792,0.246261,0.24084,0.235526,0.230317,0.225212,0.220207,0.2153,0.21049,0.205775,0.201152,0.196619,0.192176,0.18782,0.18355,0.179363,0.175259,0.171235,0.167291,0.163424,0.159634,0.155918,0.152276,0.148706,0.145207,0.141777,0.138416,0.135122,0.131893,0.128728,0.125627,0.122588,0.11961,0.116692,0.113832,0.11103,0.108284,0.105594,0.102958,0.100375,0.0978448,0.0953654,0.0929363,0.0905564,0.0882248,0.0859403,0.0837022,0.0815095,0.0793612,0.0772564,0.0751943,0.0731737,0.0711941,0.0692544,0.0673538,0.0654914,0.0636664,0.0618778,0.0601251,0.0584071,0.0567233,0.0550727,0.0534547,0.0518683,0.0503128,0.0487874,0.0472915,0.0458241,0.0443847,0.0429723,0.0415864,0.0402261,0.0388908,0.0375796,0.036292,0.0350272,0.0337846,0.0325633,0.0313628,0.0301824,0.0290213,0.0278789,0.0267546,0.0256476,0.0245574,0.0234831,0.0224244,0.0213803,0.0203504,0.019334,0.0183304,0.017339,0.0163592,0.0153904,0.0144319,0.0134831,0.0125434,0.0116121,0.0106888,0.00977263,0.00886315,0.00795968,0.00706164,0.00616841,0.0052794,0.00439399,0.00351159,0.00263159,0.00175339
1,0.965334,0.931088,0.897642,0.865312,0.834327,0.804835,0.776907,0.750551,0.72573,0.702375,0.680399,0.659703,0.640187,0.621752,0.604304,0.587755,0.572024,0.557039,0.542734,0.529048,0.51593,0.503332,0.491212,0.479533,0.468262,0.457368,0.446825,0.43661,0.426702,0.417081,0.407731,0.398636,0.389782,0.381157,0.372749,0.364549,0.356547,0.348734,0.341103,0.333646,0.326357,0.31923,0.312259,0.305439,0.298765,0.292232,0.285837,0.279575,0.273443,0.267437,0.261553,0.25579,0.250143,0.24461,0.239189,0.233876,0.22867,0.223567,0.218566,0.213664,0.20886,0.204151,0.199536,0.195012,0.190578,0.186232,0.181971,0.177796,0.173703,0.169691,0.165759,0.161906,0.158129,0.154427,0.150799,0.147243,0.143759,0.140344,0.136998,0.133718,0.130505,0.127356,0.12427,0.121247,0.118284,0.115381,0.112538,0.109751,0.107021,0.104346,0.101726,0.0991584,0.0966432,0.0941791,0.0917651,0.0894001,0.0870833,0.0848135,0.0825899,0.0804114,0.0782772,0.0761862,0.0741378,0.0721307,0.0701643,0.0682375,0.0663496,0.0644996,0.0626868,0.0609102,0.059169,0.0574624,0.0557897,0.0541498,0.0525422,0.0509659,0.0494202,0.0479043,0.0464175,0.0449589,0.0435279,0.0421236,0.0407454,0.0393924,0.0380641,0.0367596,0.0354783,0.0342194,0.0329822,0.031766,0.0305702,0.029394,0.0282368,0.0270979,0.0259766,0.0248722,0.0237841,0.0227116,0.0216541,0.0206109,0.0195814,0.0185649,0.0175608,0.0165684,0.0155871,0.0146163,0.0136554,0.0127036,0.0117605,0.0108253,0.00989742,0.00897629,0.00806129,0.00715177,0.00624714,0.00534677,0.00445006,0.0035564,0.00266517,0.00177576
1,0.967481,0.93529,0.903729,0.873056,0.843469,0.815108,0.788053,0.762336,0.737949,0.714854,0.692994,0.672298,0.652692,0.634096,0.616434,0.599632,0.583621,0.568338,0.553722,0.53972,0.526284,0.513369,0.500936,0.488949,0.477377,0.46619,0.455363,0.444872,0.434696,0.424817,0.415217,0.405881,0.396794,0.387946,0.379322,0.370914,0.362712,0.354706,0.346889,0.339253,0.331791,0.324498,0.317366,0.310391,0.303568,0.296892,0.290357,0.283962,0.2777,0.271569,0.265565,0.259685,0.253926,0.248285,0.242758,0.237343,0.232038,0.22684,0.221747,0.216756,0.211866,0.207073,0.202376,0.197774,0.193263,0.188843,0.184511,0.180266,0.176105,0.172028,0.168033,0.164117,0.16028,0.15652,0.152835,0.149225,0.145686,0.142219,0.138822,0.135494,0.132232,0.129037,0.125906,0.122838,0.119832,0.116888,0.114003,0.111177,0.108408,0.105695,0.103038,0.100435,0.0978849,0.0953867,0.0929394,0.0905421,0.0881936,0.0858931,0.0836393,0.0814316,0.0792687,0.0771499,0.075074,0.0730404,0.0710479,0.0690958,0.067183,0.0653089,0.0634723,0.0616726,0.0599088,0.0581801,0.0564857,0.0548248,0.0531964,0.0515999,0.0500344,0.0484992,0.0469934,0.0455163,0.0440671,0.0426451,0.0412494,0.0398794,0.0385343,0.0372135,0.035916,0.0346413,0.0333886,0.0321573,0.0309465,0.0297557,0.0285841,0.027431,0.0262957,0.0251777,0.0240761,0.0229904,0.0219198,0.0208637,0.0198215,0.0187925,0.017776,0.0167714,0.015778,0.0147953,0.0138225,0.0128591,0.0119044,0.0109577,0.0100185,0.00908609,0.00815987,0.00723923,0.00632352,0.00541214,0.00450446,0.00359987,0.00269774,0.00179747
1,0.969301,0.938863,0.90893,0.879714,0.851387,0.824076,0.797864,0.772795,0.748879,0.726101,0.704427,0.683809,0.66419,0.64551,0.627708,0.610724,0.594497,0.578974,0.564102,0.549833,0.536123,0.522931,0.510221,0.497959,0.486115,0.474661,0.463573,0.452827,0.442403,0.432282,0.422448,0.412886,0.40358,0.394519,0.385691,0.377085,0.368691,0.360501,0.352505,0.344697,0.337069,0.329615,0.322329,0.315205,0.308238,0.301422,0.294753,0.288228,0.281841,0.275589,0.269468,0.263475,0.257606,0.251858,0.246229,0.240716,0.235315,0.230024,0.224841,0.219763,0.214788,0.209914,0.205138,0.200459,0.195874,0.191382,0.18698,0.182667,0.178441,0.1743,0.170242,0.166266,0.162371,0.158553,0.154814,0.151149,0.147559,0.144041,0.140595,0.137218,0.13391,0.130669,0.127494,0.124383,0.121336,0.11835,0.115426,0.112561,0.109754,0.107005,0.104312,0.101674,0.0990898,0.0965585,0.094079,0.0916501,0.089271,0.0869404,0.0846575,0.0824211,0.0802305,0.0780845,0.0759822,0.0739226,0.0719049,0.0699281,0.0679913,0.0660935,0.064234,0.0624118,0.0606261,0.0588759,0.0571606,0.0554791,0.0538307,0.0522146,0.0506299,0.0490759,0.0475517,0.0460566,0.0445898,0.0431505,0.041738,0.0403514,0.0389901,0.0376533,0.0363403,0.0350503,0.0337826,0.0325365,0.0313113,0.0301062,0.0289207,0.0277538,0.0266051,0.0254737,0.0243591,0.0232605,0.0221773,0.0211087,0.0200542,0.019013,0.0179845,0.0169681,0.015963,0.0149687,0.0139845,0.0130097,0.0120438,0.011086,0.0101358,0.00919246,0.00825539,0.00732395,0.00639753,0.00547547,0.00455717,0.00364199,0.00272931,0.0018185
1,0.97086,0.941932,0.913415,0.885485,0.858291,0.831947,0.806534,0.782103,0.758674,0.736249,0.714809,0.694324,0.674753,0.656052,0.638171,0.621062,0.604676,0.588966,0.573886,0.559394,0.545451,0.532019,0.519066,0.506559,0.494471,0.482776,0.471449,0.460469,0.449815,0.439471,0.429419,0.419644,0.410132,0.400871,0.391848,0.383054,0.374478,0.366112,0.357946,0.349973,0.342186,0.334578,0.327143,0.319875,0.312768,0.305818,0.29902,0.292369,0.28586,0.279491,0.273257,0.267154,0.261179,0.255329,0.2496,0.24399,0.238496,0.233115,0.227845,0.222683,0.217626,0.212672,0.20782,0.203066,0.198409,0.193846,0.189376,0.184997,0.180707,0.176504,0.172386,0.168351,0.164399,0.160526,0.156733,0.153016,0.149375,0.145808,0.142313,0.13889,0.135537,0.132251,0.129033,0.125881,0.122793,0.119768,0.116804,0.113902,0.111059,0.108274,0.105546,0.102874,0.100257,0.0976938,0.0951829,0.0927236,0.0903145,0.087955,0.0856436,0.0833797,0.081162,0.0789897,0.0768616,0.074777,0.0727348,0.0707341,0.0687739,0.0668533,0.0649715,0.0631276,0.0613205,0.0595496,0.0578139,0.0561125,0.0544447,0.0528096,0.0512063,0.0496341,0.0480921,0.0465796,0.0450957,0.0436398,0.0422108,0.0408083,0.0394312,0.038079,0.0367509,0.0354461,0.0341638,0.0329035,0.0316642,0.0304454,0.0292463,0.0280662,0.0269044,0.0257602,0.0246329,0.0235219,0.0224264,0.0213457,0.0202793,0.0192263,0.0181862,0.0171584,0.016142,0.0151365,0.0141412,0.0131555,0.0121787,0.0112102,0.0102493,0.00929538,0.0083478,0.00740593,0.00646912,0.00553675,0.00460816,0.00368274,0.00275984,0.00183885
1,0.972209,0.944591,0.917313,0.890522,0.864347,0.838889,0.814226,0.79041,0.767469,0.745414,0.72424,0.703928,0.684451,0.665777,0.647867,0.630684,0.614185,0.598333,0.583088,0.568413,0.554273,0.540636,0.527471,0.514749,0.502443,0.49053,0.478987,0.467793,0.456929,0.446377,0.436122,0.426149,0.416444,0.406994,0.397789,0.388817,0.380068,0.371534,0.363206,0.355076,0.347136,0.339381,0.331803,0.324397,0.317156,0.310077,0.303153,0.296381,0.289755,0.283273,0.276928,0.270719,0.264642,0.258692,0.252867,0.247164,0.24158,0.236112,0.230757,0.225512,0.220376,0.215345,0.210418,0.205592,0.200864,0.196234,0.191698,0.187255,0.182902,0.178639,0.174462,0.170371,0.166363,0.162437,0.158591,0.154824,0.151133,0.147518,0.143977,0.140509,0.137111,0.133783,0.130523,0.12733,0.124203,0.121139,0.118139,0.1152,0.112321,0.109502,0.10674,0.104036,0.101387,0.098792,0.0962508,0.0937617,0.0913239,0.0889361,0.0865974,0.0843066,0.0820628,0.0798649,0.0777121,0.0756031,0.0735372,0.0715133,0.0695305,0.0675878,0.0656845,0.0638194,0.0619918,0.0602007,0.0584454,0.0567248,0.0550382,0.0533846,0.0517634,0.0501736,0.0486144,0.047085,0.0455847,0.0441125,0.0426678,0.0412497,0.0398575,0.0384904,0.0371476,0.0358285,0.0345322,0.033258,0.0320053,0.0307731,0.029561,0.028368,0.0271936,0.026037,0.0248975,0.0237744,0.022667,0.0215747,0.0204967,0.0194324,0.0183812,0.0173422,0.0163149,0.0152986,0.0142926,0.0132963,0.012309,0.0113301,0.0103589,0.00939479,0.00843708,0.00748512,0.00653829,0.00559593,0.00465742,0.0037221,0.00278934,0.0018585
1,0.973384,0.946912,0.920724,0.894945,0.869686,0.845038,0.821074,0.797844,0.775381,0.753703,0.732813,0.712701,0.693352,0.674742,0.656843,0.639625,0.623054,0.607099,0.591726,0.576903,0.562601,0.548789,0.535441,0.52253,0.510032,0.497924,0.486185,0.474796,0.463739,0.452997,0.442554,0.432396,0.422511,0.412885,0.403507,0.394367,0.385455,0.376762,0.36828,0.36,0.351915,0.344019,0.336304,0.328766,0.321397,0.314193,0.307149,0.30026,0.293522,0.28693,0.28048,0.274168,0.267991,0.261946,0.256028,0.250235,0.244563,0.23901,0.233573,0.22825,0.223036,0.217931,0.212931,0.208035,0.20324,0.198543,0.193943,0.189438,0.185025,0.180703,0.17647,0.172323,0.168262,0.164284,0.160388,0.156571,0.152833,0.149172,0.145586,0.142073,0.138633,0.135263,0.131963,0.128731,0.125565,0.122464,0.119428,0.116454,0.113541,0.110688,0.107894,0.105157,0.102477,0.0998525,0.0972819,0.0947642,0.0922984,0.0898834,0.0875181,0.0852014,0.0829323,0.0807099,0.0785329,0.0764005,0.0743116,0.0722653,0.0702607,0.0682967,0.0663725,0.0644871,0.0626396,0.0608291,0.0590547,0.0573156,0.0556108,0.0539395,0.0523009,0.0506941,0.0491183,0.0475726,0.0460563,0.0445686,0.0431085,0.0416755,0.0402686,0.0388872,0.0375303,0.0361974,0.0348875,0.0336,0.0323342,0.0310893,0.0298645,0.0286591,0.0274725,0.0263039,0.0251526,0.0240179,0.0228991,0.0217955,0.0207065,0.0196312,0.0185691,0.0175195,0.0164816,0.0154549,0.0144386,0.0134321,0.0124347,0.0114458,0.0104647,0.00949067,0.00852316,0.00756149,0.00660498,0.00565302,0.00470492,0.00376007,0.00281779,0.00187745
1,0.974414,0.948951,0.923726,0.898849,0.874416,0.850507,0.82719,0.804513,0.782512,0.761208,0.74061,0.720716,0.701519,0.683002,0.665144,0.647924,0.631314,0.615288,0.59982,0.584881,0.570445,0.556487,0.542982,0.529906,0.517238,0.504957,0.493042,0.481477,0.470244,0.459327,0.448711,0.438382,0.428329,0.418538,0.408999,0.399701,0.390635,0.381792,0.373164,0.364741,0.356519,0.348488,0.340643,0.332978,0.325486,0.318164,0.311004,0.304003,0.297157,0.290459,0.283908,0.277497,0.271225,0.265087,0.259079,0.253199,0.247443,0.241809,0.236293,0.230892,0.225605,0.220427,0.215358,0.210394,0.205533,0.200772,0.196111,0.191545,0.187074,0.182696,0.178407,0.174208,0.170094,0.166066,0.162121,0.158257,0.154473,0.150767,0.147137,0.143582,0.140101,0.136691,0.133352,0.130082,0.126879,0.123742,0.120671,0.117662,0.114716,0.111831,0.109005,0.106238,0.103529,0.100875,0.0982757,0.0957303,0.0932376,0.0907963,0.0884054,0.0860637,0.0837702,0.0815239,0.0793238,0.0771686,0.0750577,0.0729898,0.0709641,0.0689796,0.0670353,0.0651302,0.0632636,0.0614343,0.0596416,0.0578845,0.0561623,0.0544739,0.0528185,0.0511953,0.0496035,0.0480422,0.0465105,0.0450077,0.043533,0.0420855,0.0406646,0.0392692,0.0378988,0.0365525,0.0352296,0.0339293,0.0326509,0.0313936,0.0301567,0.0289394,0.0277411,0.0265609,0.0253983,0.0242524,0.0231226,0.0220081,0.0209084,0.0198226,0.0187501,0.0176901,0.0166421,0.0156054,0.0145792,0.0135628,0.0125557,0.0115571,0.0105664,0.00958295,0.00860603,0.00763499,0.00666919,0.00570796,0.00475065,0.0037966,0.00284517,0.00189569
1,0.975323,0.950751,0.926382,0.902311,0.878622,0.855387,0.832667,0.81051,0.78895,0.768011,0.747706,0.72804,0.70901,0.690606,0.672814,0.655617,0.638996,0.622928,0.607391,0.592362,0.577819,0.563739,0.550101,0.536883,0.524066,0.511631,0.49956,0.487836,0.476443,0.465365,0.45459,0.444104,0.433895,0.42395,0.414261,0.404815,0.395605,0.38662,0.377853,0.369297,0.360942,0.352784,0.344815,0.337029,0.329421,0.321985,0.314715,0.307607,0.300656,0.293858,0.287209,0.280704,0.27434,0.268112,0.262019,0.256055,0.250218,0.244505,0.238913,0.233438,0.228079,0.222832,0.217695,0.212666,0.207741,0.20292,0.198198,0.193575,0.189048,0.184615,0.180273,0.176022,0.171859,0.167782,0.16379,0.15988,0.156051,0.152302,0.14863,0.145035,0.141513,0.138065,0.134688,0.131381,0.128143,0.124972,0.121866,0.118825,0.115847,0.112931,0.110075,0.107278,0.10454,0.101858,0.0992315,0.0966596,0.0941408,0.0916743,0.0892586,0.0868929,0.0845759,0.0823067,0.0800842,0.0779073,0.075775,0.0736864,0.0716404,0.0696361,0.0676724,0.0657485,0.0638633,0.0620161,0.0602057,0.0584315,0.0566924,0.0549875,0.053316,0.0516771,0.0500699,0.0484935,0.046947,0.0454298,0.0439409,0.0424796,0.041045,0.0396364,0.0382529,0.0368938,0.0355583,0.0342457,0.0329552,0.031686,0.0304374,0.0292087,0.0279991,0.0268078,0.0256343,0.0244777,0.0233373,0.0222124,0.0211023,0.0200064,0.0189239,0.0178541,0.0167963,0.0157499,0.0147142,0.0136884,0.0126719,0.0116641,0.0106642,0.00967162,0.00868564,0.00770562,0.00673086,0.00576075,0.00479458,0.00383171,0.00287147,0.00191322
1,0.976129,0.952347,0.928742,0.905393,0.882376,0.859755,0.837585,0.815912,0.794769,0.774182,0.754168,0.734733,0.715879,0.697602,0.679894,0.662741,0.64613,0.630042,0.61446,0.599365,0.584737,0.570557,0.556807,0.543468,0.530521,0.517951,0.50574,0.493873,0.482335,0.471112,0.460191,0.44956,0.439207,0.42912,0.41929,0.409706,0.40036,0.391242,0.382346,0.373662,0.365184,0.356905,0.348818,0.340918,0.333198,0.325653,0.318278,0.311068,0.304018,0.297123,0.290381,0.283785,0.277333,0.27102,0.264843,0.258799,0.252885,0.247096,0.241431,0.235885,0.230457,0.225144,0.219942,0.21485,0.209864,0.204983,0.200204,0.195525,0.190944,0.186458,0.182066,0.177766,0.173554,0.169431,0.165393,0.161439,0.157568,0.153777,0.150065,0.14643,0.14287,0.139385,0.135972,0.13263,0.129357,0.126152,0.123014,0.119942,0.116933,0.113987,0.111102,0.108277,0.10551,0.102802,0.100149,0.0975514,0.0950078,0.0925168,0.0900775,0.0876886,0.0853491,0.0830578,0.0808139,0.078616,0.0764633,0.0743547,0.0722893,0.0702659,0.0682837,0.0663416,0.0644387,0.0625741,0.0607469,0.0589561,0.0572008,0.0554801,0.0537933,0.0521392,0.0505172,0.0489263,0.0473657,0.0458346,0.0443321,0.0428575,0.0414099,0.0399884,0.0385925,0.0372211,0.0358736,0.0345491,0.033247,0.0319664,0.0307066,0.0294669,0.0282465,0.0270446,0.0258606,0.0246936,0.0235431,0.0224082,0.0212883,0.0201827,0.0190906,0.0180113,0.0169442,0.0158885,0.0148436,0.0138088,0.0127834,0.0117666,0.010758,0.00975662,0.00876197,0.00777331,0.00679,0.00581134,0.00483669,0.00386536,0.00289669,0.00193002
1,0.976846,0.953769,0.930845,0.908145,0.885735,0.863673,0.842009,0.820786,0.800036,0.779786,0.760053,0.740848,0.722176,0.704036,0.686423,0.66933,0.652746,0.636657,0.621049,0.605907,0.591214,0.576954,0.563111,0.549668,0.536609,0.52392,0.511585,0.499591,0.487922,0.476567,0.465514,0.454749,0.444263,0.434044,0.424084,0.414371,0.404898,0.395656,0.386637,0.377834,0.369239,0.360846,0.352648,0.344639,0.336813,0.329166,0.32169,0.314383,0.307238,0.300252,0.29342,0.286738,0.280201,0.273807,0.267551,0.261431,0.255441,0.249581,0.243845,0.238231,0.232737,0.22736,0.222096,0.216943,0.211899,0.206962,0.202128,0.197395,0.192762,0.188226,0.183785,0.179437,0.175179,0.171011,0.16693,0.162934,0.159021,0.15519,0.151439,0.147766,0.14417,0.140649,0.137201,0.133825,0.13052,0.127283,0.124114,0.121011,0.117973,0.114998,0.112085,0.109233,0.10644,0.103705,0.101027,0.0984053,0.0958377,0.0933235,0.0908614,0.0884503,0.0860892,0.0837769,0.0815123,0.0792944,0.0771221,0.0749944,0.0729102,0.0708687,0.0688686,0.0669092,0.0649893,0.0631082,0.0612647,0.0594581,0.0576873,0.0559516,0.0542498,0.0525813,0.0509451,0.0493404,0.0477662,0.0462219,0.0447064,0.043219,0.0417589,0.0403253,0.0389173,0.0375342,0.0361751,0.0348394,0.0335261,0.0322347,0.0309641,0.0297139,0.0284831,0.0272711,0.026077,0.0249002,0.02374,0.0225956,0.0214662,0.0203513,0.01925,0.0181617,0.0170856,0.0160211,0.0149674,0.013924,0.0128899,0.0118647,0.0108476,0.00983793,0.00883496,0.00783807,0.00684655,0.00585975,0.00487697,0.00389755,0.00292081,0.00194609
1,0.977485,0.955038,0.932725,0.910609,0.888748,0.867195,0.845995,0.825189,0.804807,0.784876,0.765415,0.746435,0.727945,0.709947,0.692439,0.675417,0.658873,0.642798,0.62718,0.612007,0.597266,0.582942,0.569022,0.555492,0.542337,0.529544,0.5171,0.504992,0.493206,0.481732,0.470557,0.459671,0.449063,0.438722,0.428641,0.418809,0.409218,0.39986,0.390727,0.381811,0.373106,0.364605,0.356302,0.348191,0.340265,0.33252,0.32495,0.31755,0.310316,0.303242,0.296325,0.28956,0.282944,0.276472,0.270141,0.263946,0.257886,0.251956,0.246153,0.240475,0.234918,0.229479,0.224156,0.218945,0.213845,0.208853,0.203967,0.199183,0.1945,0.189916,0.185428,0.181034,0.176733,0.172522,0.168399,0.164362,0.16041,0.156541,0.152753,0.149044,0.145412,0.141857,0.138376,0.134968,0.131631,0.128364,0.125165,0.122033,0.118966,0.115964,0.113024,0.110146,0.107328,0.104568,0.101866,0.0992208,0.0966304,0.0940938,0.09161,0.0891777,0.0867959,0.0844634,0.0821792,0.0799421,0.0777511,0.0756051,0.0735031,0.0714441,0.0694271,0.067451,0.065515,0.063618,0.0617591,0.0599373,0.0581518,0.0564015,0.0546857,0.0530033,0.0513536,0.0497356,0.0481485,0.0465914,0.0450636,0.043564,0.042092,0.0406467,0.0392273,0.0378329,0.0364629,0.0351163,0.0337925,0.0324906,0.0312099,0.0299496,0.0287089,0.0274871,0.0262836,0.0250974,0.0239279,0.0227743,0.021636,0.0205121,0.0194021,0.0183051,0.0172205,0.0161476,0.0150856,0.0140338,0.0129916,0.0119583,0.0109332,0.00991548,0.00890462,0.00789985,0.00690052,0.00590592,0.0049154,0.00392825,0.00294383,0.00196142
1,0.978057,0.956174,0.93441,0.912819,0.891455,0.870365,0.849591,0.829169,0.809131,0.789501,0.770299,0.751538,0.733227,0.715372,0.697974,0.681031,0.664538,0.648488,0.632873,0.617683,0.602907,0.588534,0.574552,0.560949,0.547712,0.534829,0.522289,0.510079,0.498189,0.486607,0.475322,0.464325,0.453605,0.443154,0.432961,0.423018,0.413317,0.403851,0.394611,0.385591,0.376783,0.368181,0.359779,0.351571,0.343551,0.335714,0.328054,0.320567,0.313247,0.306091,0.299093,0.29225,0.285557,0.279012,0.272608,0.266344,0.260216,0.254221,0.248354,0.242614,0.236996,0.231499,0.226119,0.220854,0.215701,0.210657,0.20572,0.200887,0.196157,0.191527,0.186994,0.182557,0.178213,0.173961,0.169799,0.165723,0.161734,0.157828,0.154004,0.150261,0.146596,0.143008,0.139495,0.136056,0.132689,0.129393,0.126166,0.123006,0.119913,0.116884,0.113919,0.111016,0.108173,0.10539,0.102665,0.0999975,0.0973851,0.0948274,0.0923228,0.0898703,0.0874688,0.0851171,0.0828141,0.0805588,0.0783499,0.0761865,0.0740675,0.0719919,0.0699587,0.0679668,0.0660153,0.0641032,0.0622295,0.0603934,0.0585937,0.0568298,0.0551004,0.0534049,0.0517423,0.0501118,0.0485123,0.0469432,0.0454035,0.0438924,0.042409,0.0409526,0.0395223,0.0381173,0.0367367,0.0353799,0.034046,0.0327342,0.0314437,0.0301738,0.0289238,0.0276928,0.0264801,0.0252849,0.0241066,0.0229444,0.0217975,0.0206652,0.0195468,0.0184416,0.0173489,0.0162679,0.015198,0.0141384,0.0130884,0.0120473,0.0110145,0.00998929,0.00897087,0.00795863,0.00695184,0.00594986,0.00495195,0.00395747,0.00296572,0.00197601
1,0.97857,0.957193,0.935921,0.914805,0.893891,0.873221,0.852836,0.83277,0.81305,0.793702,0.774745,0.756194,0.738059,0.720346,0.70306,0.6862,0.669765,0.653749,0.638147,0.622952,0.608153,0.593743,0.579711,0.566048,0.552741,0.539781,0.527156,0.514858,0.502874,0.491195,0.479812,0.468713,0.457892,0.447337,0.437042,0.426997,0.417195,0.407628,0.398289,0.389171,0.380267,0.37157,0.363076,0.354777,0.346668,0.338744,0.331,0.32343,0.316031,0.308796,0.301722,0.294805,0.28804,0.281424,0.274953,0.268623,0.262431,0.256373,0.250446,0.244646,0.238972,0.233419,0.227985,0.222668,0.217464,0.212371,0.207386,0.202507,0.197732,0.193058,0.188482,0.184004,0.17962,0.175329,0.171129,0.167017,0.162991,0.159051,0.155194,0.151417,0.147721,0.144102,0.140559,0.13709,0.133695,0.130371,0.127116,0.12393,0.120811,0.117758,0.114768,0.111842,0.108976,0.106171,0.103424,0.100735,0.0981018,0.0955237,0.0929995,0.0905278,0.0881076,0.0857376,0.0834168,0.081144,0.0789182,0.0767383,0.0746032,0.0725118,0.0704632,0.0684563,0.0664901,0.0645637,0.0626761,0.0608262,0.0590132,0.0572361,0.055494,0.053786,0.0521112,0.0504686,0.0488575,0.0472769,0.045726,0.0442039,0.0427098,0.0412428,0.0398021,0.038387,0.0369965,0.0356299,0.0342864,0.0329652,0.0316655,0.0303866,0.0291276,0.0278878,0.0266665,0.0254628,0.0242762,0.0231057,0.0219507,0.0208104,0.0196841,0.0185711,0.0174707,0.016382,0.0153046,0.0142375,0.0131801,0.0121318,0.0110917,0.0100593,0.00903373,0.00801437,0.00700054,0.00599152,0.00498663,0.00398518,0.00298648,0.00198984
1,0.97903,0.958107,0.937279,0.91659,0.896082,0.875796,0.855766,0.836026,0.816601,0.797516,0.77879,0.760438,0.742472,0.724899,0.707725,0.690952,0.674579,0.658604,0.643023,0.62783,0.613019,0.598582,0.584511,0.570798,0.557432,0.544406,0.531708,0.519331,0.507264,0.495499,0.484026,0.472836,0.461922,0.451274,0.440885,0.430746,0.42085,0.41119,0.401759,0.39255,0.383556,0.374772,0.366191,0.357807,0.349615,0.34161,0.333787,0.326139,0.318664,0.311356,0.30421,0.297223,0.290391,0.283708,0.277173,0.27078,0.264527,0.25841,0.252426,0.246571,0.240842,0.235237,0.229752,0.224385,0.219133,0.213994,0.208963,0.204041,0.199223,0.194507,0.189892,0.185374,0.180952,0.176624,0.172388,0.168241,0.164182,0.160209,0.156319,0.152512,0.148785,0.145136,0.141565,0.138069,0.134646,0.131296,0.128016,0.124805,0.121662,0.118585,0.115572,0.112623,0.109736,0.106909,0.104142,0.101432,0.0987796,0.0961825,0.0936395,0.0911497,0.0887117,0.0863245,0.0839868,0.0816976,0.0794558,0.0772602,0.0751098,0.0730035,0.0709403,0.0689192,0.0669391,0.0649992,0.0630982,0.0612354,0.0594098,0.0576203,0.0558661,0.0541463,0.0524599,0.0508061,0.0491838,0.0475924,0.0460309,0.0444984,0.0429941,0.0415172,0.0400667,0.038642,0.0372421,0.0358663,0.0345137,0.0331836,0.0318752,0.0305877,0.0293202,0.0280722,0.0268427,0.025631,0.0244364,0.0232582,0.0220955,0.0209476,0.0198139,0.0186935,0.0175857,0.0164899,0.0154053,0.0143312,0.0132669,0.0122116,0.0111647,0.0101254,0.00909313,0.00806707,0.00704656,0.00603091,0.00501941,0.00401138,0.00300611,0.00200292
1,0.979443,0.958928,0.938498,0.918195,0.898055,0.878116,0.858411,0.838968,0.819816,0.800975,0.782465,0.764301,0.746497,0.729059,0.711995,0.695309,0.679001,0.663071,0.647517,0.632334,0.617518,0.603063,0.588963,0.575209,0.561794,0.548711,0.53595,0.523503,0.511363,0.499521,0.487968,0.476696,0.465697,0.454964,0.444489,0.434264,0.424282,0.414536,0.40502,0.395727,0.38665,0.377784,0.369122,0.36066,0.35239,0.344309,0.336412,0.328692,0.321146,0.313768,0.306555,0.299503,0.292606,0.285862,0.279266,0.272815,0.266505,0.260332,0.254294,0.248386,0.242607,0.236952,0.231419,0.226006,0.220708,0.215524,0.210452,0.205487,0.200629,0.195874,0.191221,0.186666,0.182209,0.177846,0.173576,0.169396,0.165305,0.1613,0.157381,0.153544,0.149788,0.146112,0.142514,0.138991,0.135543,0.132168,0.128864,0.12563,0.122463,0.119364,0.11633,0.113359,0.110452,0.107605,0.104818,0.10209,0.0994185,0.0968032,0.0942428,0.0917357,0.0892811,0.0868775,0.084524,0.0822192,0.0799623,0.0777519,0.0755871,0.0734667,0.0713898,0.0693553,0.0673622,0.0654094,0.063496,0.0616209,0.0597834,0.0579822,0.0562167,0.0544857,0.0527884,0.0511239,0.0494913,0.0478896,0.0463181,0.0447758,0.0432619,0.0417755,0.0403159,0.0388821,0.0374734,0.0360889,0.0347278,0.0333893,0.0320727,0.030777,0.0295017,0.0282458,0.0270087,0.0257894,0.0245874,0.0234018,0.0222318,0.0210768,0.0199361,0.0188087,0.0176941,0.0165915,0.0155002,0.0144195,0.0133486,0.0122868,0.0112334,0.0101877,0.00914907,0.00811669,0.0070899,0.00606799,0.00505027,0.00403604,0.00302459,0.00201523
1,0.979813,0.959665,0.939593,0.919636,0.899829,0.880205,0.860794,0.841625,0.822722,0.804106,0.785798,0.767811,0.750159,0.732851,0.715894,0.699293,0.683052,0.66717,0.651646,0.636479,0.621664,0.607198,0.593075,0.57929,0.565834,0.552702,0.539887,0.52738,0.515175,0.503264,0.491639,0.480293,0.469218,0.458408,0.447854,0.437551,0.42749,0.417666,0.408071,0.398701,0.389547,0.380605,0.371869,0.363333,0.354992,0.34684,0.338873,0.331086,0.323474,0.316032,0.308756,0.301642,0.294686,0.287884,0.281231,0.274725,0.268361,0.262136,0.256047,0.250091,0.244263,0.238562,0.232984,0.227527,0.222187,0.216962,0.211849,0.206846,0.201949,0.197158,0.192469,0.18788,0.183388,0.178993,0.17469,0.17048,0.166359,0.162325,0.158377,0.154513,0.15073,0.147028,0.143404,0.139857,0.136385,0.132987,0.12966,0.126403,0.123216,0.120095,0.117041,0.114051,0.111123,0.108258,0.105453,0.102706,0.100018,0.0973857,0.0948087,0.0922856,0.0898152,0.0873964,0.0850278,0.0827086,0.0804373,0.0782131,0.0760348,0.0739013,0.0718114,0.0697644,0.0677589,0.0657942,0.063869,0.0619826,0.0601338,0.0583217,0.0565454,0.054804,0.0530965,0.051422,0.0497795,0.0481683,0.0465874,0.0450359,0.043513,0.0420179,0.0405496,0.0391073,0.0376903,0.0362976,0.0349285,0.0335822,0.0322578,0.0309547,0.0296718,0.0284086,0.0271642,0.0259379,0.0247289,0.0235364,0.0223597,0.021198,0.0200506,0.0189168,0.0177957,0.0166868,0.0155892,0.0145022,0.0134251,0.0123573,0.0112978,0.0102462,0.00920151,0.00816322,0.00713053,0.00610277,0.00507921,0.00405916,0.00304192,0.00202678
1,0.980145,0.960325,0.940575,0.92093,0.901422,0.882082,0.862939,0.844018,0.825343,0.806935,0.788812,0.77099,0.753481,0.736296,0.719442,0.702925,0.686749,0.670916,0.655426,0.640278,0.62547,0.610999,0.59686,0.583048,0.569559,0.556387,0.543524,0.530965,0.518703,0.506731,0.495043,0.48363,0.472487,0.461607,0.450983,0.440607,0.430475,0.420579,0.410913,0.40147,0.392247,0.383235,0.37443,0.365826,0.357418,0.349201,0.341171,0.333321,0.325647,0.318145,0.310811,0.30364,0.296629,0.289772,0.283067,0.276509,0.270095,0.263822,0.257686,0.251683,0.245811,0.240067,0.234447,0.228948,0.223569,0.218305,0.213154,0.208115,0.203183,0.198357,0.193635,0.189013,0.18449,0.180064,0.175732,0.171493,0.167343,0.163282,0.159308,0.155418,0.15161,0.147884,0.144236,0.140666,0.137172,0.133751,0.130403,0.127126,0.123918,0.120778,0.117705,0.114696,0.111751,0.108868,0.106045,0.103282,0.100578,0.0979295,0.0953371,0.0927989,0.0903138,0.0878806,0.0854982,0.0831653,0.0808809,0.0786437,0.0764527,0.0743068,0.072205,0.0701461,0.0681293,0.0661532,0.0642172,0.06232,0.0604608,0.0586385,0.0568523,0.055101,0.053384,0.0517001,0.0500486,0.0484284,0.0468387,0.0452786,0.0437474,0.042244,0.0407676,0.0393174,0.0378927,0.0364924,0.0351158,0.0337622,0.0324306,0.0311203,0.0298306,0.0285605,0.0273094,0.0260765,0.024861,0.023662,0.022479,0.0213111,0.0201575,0.0190176,0.0178906,0.0167757,0.0156722,0.0145794,0.0134966,0.012423,0.0113579,0.0103006,0.00925045,0.00820661,0.00716844,0.0061352,0.00510621,0.00408073,0.00305809,0.00203755
1,0.980441,0.960915,0.941454,0.922089,0.90285,0.883766,0.864864,0.846168,0.827701,0.809483,0.791531,0.773861,0.756485,0.739415,0.722659,0.706222,0.69011,0.674326,0.658871,0.643745,0.628947,0.614475,0.600325,0.586494,0.572978,0.559771,0.546868,0.534264,0.521952,0.509926,0.498181,0.48671,0.475505,0.464562,0.453874,0.443434,0.433236,0.423275,0.413543,0.404036,0.394747,0.385672,0.376804,0.368138,0.359669,0.351392,0.343302,0.335394,0.327664,0.320107,0.312719,0.305495,0.298432,0.291525,0.284771,0.278166,0.271706,0.265387,0.259207,0.253162,0.247249,0.241464,0.235805,0.230269,0.224852,0.219552,0.214367,0.209293,0.204329,0.199471,0.194717,0.190066,0.185514,0.181059,0.176699,0.172433,0.168258,0.164171,0.160172,0.156258,0.152427,0.148678,0.145009,0.141417,0.137902,0.134461,0.131093,0.127797,0.12457,0.121412,0.118321,0.115295,0.112333,0.109434,0.106595,0.103817,0.101097,0.0984343,0.0958275,0.0932754,0.0907767,0.0883302,0.0859348,0.0835893,0.0812925,0.0790433,0.0768406,0.0746833,0.0725702,0.0705005,0.0684729,0.0664865,0.0645403,0.0626332,0.0607643,0.0589325,0.057137,0.0553767,0.0536508,0.0519583,0.0502982,0.0486697,0.0470719,0.0455039,0.0439648,0.0424538,0.0409699,0.0395124,0.0380804,0.0366731,0.0352896,0.0339292,0.0325909,0.0312741,0.0299779,0.0287015,0.0274441,0.0262051,0.0249834,0.0237786,0.0225897,0.021416,0.0202567,0.0191111,0.0179785,0.0168581,0.0157492,0.014651,0.0135629,0.012484,0.0114137,0.0103512,0.00929584,0.00824689,0.00720361,0.0061653,0.00513125,0.00410075,0.00307308,0.00204754
1,0.980706,0.961441,0.942237,0.923122,0.904124,0.88527,0.866585,0.848092,0.829814,0.811768,0.793972,0.776442,0.759189,0.742226,0.725561,0.709201,0.69315,0.677414,0.661994,0.646892,0.632106,0.617636,0.60348,0.589634,0.576096,0.56286,0.549923,0.53728,0.524925,0.512852,0.501057,0.489533,0.478274,0.467275,0.456529,0.446031,0.435774,0.425753,0.415963,0.406397,0.397049,0.387916,0.37899,0.370267,0.361742,0.35341,0.345266,0.337305,0.329524,0.321916,0.314478,0.307206,0.300095,0.293142,0.286343,0.279694,0.273192,0.266832,0.260612,0.254527,0.248576,0.242754,0.237059,0.231487,0.226036,0.220704,0.215486,0.210381,0.205386,0.200499,0.195717,0.191037,0.186458,0.181977,0.177592,0.173301,0.169102,0.164992,0.16097,0.157034,0.153181,0.149411,0.145721,0.14211,0.138575,0.135116,0.13173,0.128416,0.125172,0.121997,0.11889,0.115848,0.11287,0.109956,0.107103,0.10431,0.101576,0.0988998,0.0962798,0.0937147,0.0912035,0.0887447,0.0863374,0.0839802,0.0816721,0.0794117,0.0771982,0.0750303,0.072907,0.0708272,0.0687898,0.0667938,0.0648382,0.0629219,0.0610441,0.0592035,0.0573995,0.0556308,0.0538967,0.0521962,0.0505283,0.0488922,0.0472869,0.0457115,0.0441653,0.0426472,0.0411564,0.0396921,0.0382535,0.0368397,0.0354498,0.0340831,0.0327387,0.0314158,0.0301136,0.0288314,0.0275683,0.0263235,0.0250964,0.023886,0.0226917,0.0215126,0.0203481,0.0191973,0.0180596,0.0169341,0.0158202,0.014717,0.013624,0.0125402,0.0114651,0.0103978,0.00933769,0.00828399,0.00723602,0.00619304,0.00515434,0.00411919,0.00308691,0.00205675
1,0.98094,0.961908,0.942933,0.92404,0.905256,0.886607,0.868117,0.849806,0.831697,0.813806,0.796152,0.778749,0.761609,0.744745,0.728164,0.711875,0.695883,0.680193,0.664808,0.649729,0.634957,0.620492,0.606332,0.592476,0.57892,0.565661,0.552695,0.540018,0.527626,0.515512,0.503673,0.492102,0.480795,0.469746,0.458949,0.448398,0.438089,0.428015,0.418171,0.408552,0.399152,0.389965,0.380988,0.372213,0.363638,0.355256,0.347063,0.339054,0.331224,0.323571,0.316087,0.308771,0.301618,0.294623,0.287783,0.281094,0.274552,0.268154,0.261897,0.255777,0.24979,0.243934,0.238206,0.232603,0.227121,0.221758,0.216511,0.211377,0.206355,0.20144,0.196632,0.191927,0.187323,0.182818,0.178409,0.174095,0.169874,0.165743,0.1617,0.157743,0.153871,0.150082,0.146373,0.142744,0.139192,0.135715,0.132313,0.128982,0.125723,0.122532,0.11941,0.116353,0.113362,0.110433,0.107567,0.104761,0.102015,0.0993258,0.0966936,0.0941168,0.091594,0.0891241,0.0867057,0.0843379,0.0820193,0.0797489,0.0775254,0.0753479,0.0732151,0.0711261,0.0690796,0.0670749,0.0651107,0.0631861,0.0613,0.0594515,0.0576396,0.0558633,0.0541217,0.0524139,0.0507388,0.0490957,0.0474835,0.0459015,0.0443486,0.0428241,0.041327,0.0398566,0.0384118,0.036992,0.0355963,0.0342239,0.0328738,0.0315454,0.0302378,0.0289502,0.0276818,0.0264319,0.0251996,0.0239843,0.022785,0.0216011,0.0204317,0.0192762,0.0181337,0.0170036,0.0158851,0.0147774,0.0136798,0.0125916,0.0115121,0.0104404,0.00937594,0.00831794,0.00726566,0.00621841,0.00517545,0.00413607,0.00309955,0.00206517
1,0.981147,0.96232,0.943546,0.92485,0.906256,0.887789,0.869471,0.851322,0.833364,0.815613,0.798086,0.780797,0.76376,0.746985,0.730481,0.714258,0.69832,0.682674,0.667322,0.652266,0.63751,0.623051,0.608891,0.595026,0.581456,0.568178,0.555188,0.542483,0.530058,0.517909,0.506031,0.49442,0.48307,0.471977,0.461135,0.450538,0.440182,0.43006,0.420169,0.410502,0.401054,0.391821,0.382796,0.373976,0.365355,0.356928,0.34869,0.340638,0.332766,0.32507,0.317546,0.31019,0.302998,0.295965,0.289087,0.282362,0.275785,0.269353,0.263063,0.25691,0.250892,0.245005,0.239247,0.233614,0.228104,0.222714,0.21744,0.212281,0.207233,0.202294,0.197462,0.192733,0.188107,0.18358,0.17915,0.174816,0.170574,0.166424,0.162362,0.158387,0.154497,0.15069,0.146965,0.143319,0.139751,0.136259,0.132841,0.129496,0.126222,0.123018,0.119882,0.116812,0.113807,0.110867,0.107988,0.10517,0.102412,0.0997119,0.0970688,0.0944812,0.091948,0.0894679,0.0870397,0.0846621,0.0823341,0.0800544,0.077822,0.0756356,0.0734943,0.0713969,0.0693424,0.0673296,0.0653577,0.0634254,0.061532,0.0596762,0.0578572,0.056074,0.0543256,0.0526111,0.0509296,0.0492801,0.0476617,0.0460735,0.0445148,0.0429844,0.0414816,0.0400055,0.0385553,0.0371301,0.0357291,0.0343514,0.0329963,0.0316628,0.0303503,0.0290579,0.0277847,0.0265301,0.0252932,0.0240733,0.0228695,0.0216812,0.0205075,0.0193476,0.0182009,0.0170666,0.0159439,0.0148321,0.0137305,0.0126382,0.0115547,0.010479,0.00941062,0.00834869,0.00729253,0.00624139,0.00519458,0.00415135,0.003111,0.0020728
1,0.981328,0.962681,0.944083,0.925559,0.907132,0.888824,0.870657,0.852652,0.834827,0.817199,0.799785,0.782599,0.765652,0.748958,0.732525,0.716361,0.700473,0.684867,0.669546,0.654514,0.639771,0.625321,0.611161,0.597291,0.583711,0.570417,0.557406,0.544677,0.532224,0.520045,0.508134,0.496488,0.485101,0.473969,0.463087,0.45245,0.442052,0.431889,0.421956,0.412247,0.402757,0.393482,0.384416,0.375554,0.366892,0.358425,0.350148,0.342057,0.334147,0.326414,0.318854,0.311462,0.304235,0.297168,0.290257,0.2835,0.276891,0.270428,0.264108,0.257926,0.251879,0.245965,0.24018,0.234522,0.228986,0.223571,0.218273,0.213091,0.20802,0.203059,0.198206,0.193457,0.18881,0.184264,0.179815,0.175462,0.171202,0.167034,0.162955,0.158964,0.155058,0.151236,0.147495,0.143835,0.140252,0.136746,0.133314,0.129956,0.12667,0.123453,0.120304,0.117223,0.114207,0.111255,0.108365,0.105537,0.102768,0.100058,0.097405,0.0948079,0.0922653,0.0897761,0.0873389,0.0849527,0.0826162,0.0803283,0.0780878,0.0758936,0.0737446,0.0716397,0.0695778,0.067558,0.065579,0.06364,0.0617398,0.0598776,0.0580522,0.0562628,0.0545083,0.0527879,0.0511005,0.0494454,0.0478214,0.0462278,0.0446636,0.043128,0.0416201,0.040139,0.0386838,0.0372538,0.035848,0.0344657,0.033106,0.0317681,0.0304511,0.0291543,0.0278769,0.0266181,0.0253771,0.0241531,0.0229453,0.021753,0.0205753,0.0194116,0.0182611,0.017123,0.0159966,0.0148811,0.0137758,0.01268,0.0115928,0.0105136,0.00944168,0.00837625,0.00731659,0.00626199,0.00521171,0.00416505,0.00312126,0.00207964
1,0.981484,0.962992,0.944547,0.926172,0.907889,0.88972,0.871686,0.853805,0.836096,0.818576,0.801261,0.784164,0.767299,0.750676,0.734305,0.718194,0.702351,0.686781,0.671489,0.656478,0.64175,0.627307,0.61315,0.599277,0.585688,0.572381,0.559354,0.546604,0.534129,0.521923,0.509984,0.498308,0.486889,0.475724,0.464807,0.454135,0.443701,0.433502,0.423532,0.413786,0.404259,0.394947,0.385845,0.376947,0.36825,0.359748,0.351436,0.343311,0.335368,0.327602,0.32001,0.312586,0.305328,0.298231,0.291291,0.284505,0.277869,0.271379,0.265032,0.258824,0.252753,0.246814,0.241005,0.235324,0.229766,0.224329,0.21901,0.213807,0.208716,0.203736,0.198863,0.194096,0.189432,0.184868,0.180403,0.176033,0.171758,0.167574,0.16348,0.159474,0.155554,0.151718,0.147964,0.14429,0.140695,0.137176,0.133733,0.130363,0.127065,0.123837,0.120678,0.117586,0.11456,0.111598,0.108699,0.105861,0.103083,0.100364,0.0977023,0.0950965,0.0925457,0.0900483,0.0876034,0.0852094,0.0828655,0.0805702,0.0783227,0.0761215,0.0739657,0.0718542,0.0697859,0.0677597,0.0657746,0.0638295,0.0619235,0.0600555,0.0582245,0.0564296,0.0546698,0.052944,0.0512516,0.0495913,0.0479625,0.046364,0.0447952,0.0432549,0.0417425,0.0402569,0.0387974,0.0373631,0.0359532,0.0345667,0.0332029,0.031861,0.0305402,0.0292396,0.0279584,0.0266958,0.0254512,0.0242235,0.0230122,0.0218164,0.0206353,0.0194682,0.0183143,0.0171729,0.0160432,0.0149244,0.0138159,0.0127168,0.0116265,0.0105442,0.00946913,0.00840058,0.00733785,0.00628018,0.00522686,0.00417714,0.00313033,0.00208568
1,0.981618,0.963258,0.944943,0.926695,0.908535,0.890485,0.872563,0.854789,0.83718,0.819753,0.802523,0.785504,0.768708,0.752147,0.73583,0.719766,0.703962,0.688425,0.673158,0.658167,0.643452,0.629017,0.614862,0.600988,0.587392,0.574075,0.561035,0.548269,0.535773,0.523546,0.511583,0.499881,0.488435,0.477242,0.466296,0.455593,0.445129,0.434899,0.424897,0.41512,0.405562,0.396218,0.387084,0.378156,0.369427,0.360895,0.352553,0.344399,0.336426,0.328632,0.321012,0.313562,0.306277,0.299154,0.292189,0.285378,0.278717,0.272204,0.265834,0.259604,0.253511,0.247551,0.241722,0.23602,0.230443,0.224987,0.21965,0.214428,0.209321,0.204323,0.199435,0.194651,0.189971,0.185393,0.180913,0.176529,0.17224,0.168043,0.163936,0.159917,0.155985,0.152137,0.148371,0.144686,0.141079,0.13755,0.134097,0.130717,0.127409,0.124171,0.121003,0.117902,0.114866,0.111896,0.108988,0.106142,0.103356,0.100629,0.0979601,0.0953471,0.092789,0.0902847,0.0878328,0.0854323,0.0830818,0.0807803,0.0785264,0.0763193,0.0741576,0.0720404,0.0699664,0.0679348,0.0659443,0.063994,0.0620828,0.0602099,0.058374,0.0565743,0.0548098,0.0530796,0.0513826,0.049718,0.0480849,0.0464823,0.0449093,0.043365,0.0418486,0.0403593,0.0388959,0.037458,0.0360443,0.0346543,0.033287,0.0319417,0.0306174,0.0293135,0.028029,0.0267633,0.0255154,0.0242847,0.0230702,0.0218714,0.0206873,0.0195173,0.0183604,0.0172161,0.0160836,0.014962,0.0138507,0.0127488,0.0116558,0.0105707,0.00949293,0.00842171,0.00735629,0.00629596,0.00523999,0.00418764,0.00313819,0.00209092
1,0.981729,0.963479,0.945273,0.927131,0.909074,0.891123,0.873295,0.85561,0.838085,0.820736,0.803578,0.786624,0.769887,0.753379,0.737108,0.721084,0.705314,0.689805,0.67456,0.659586,0.644883,0.630455,0.616303,0.602428,0.588828,0.575503,0.562452,0.549672,0.537161,0.524916,0.512933,0.50121,0.489742,0.478524,0.467554,0.456826,0.446336,0.43608,0.426052,0.416248,0.406663,0.397293,0.388133,0.379178,0.370424,0.361866,0.353499,0.34532,0.337323,0.329505,0.321861,0.314388,0.307081,0.299935,0.292949,0.286117,0.279436,0.272903,0.266513,0.260264,0.254153,0.248175,0.242329,0.23661,0.231016,0.225544,0.220192,0.214955,0.209833,0.204821,0.199918,0.195122,0.190429,0.185837,0.181345,0.176949,0.172648,0.16844,0.164322,0.160292,0.15635,0.152491,0.148716,0.145021,0.141405,0.137867,0.134404,0.131016,0.127699,0.124454,0.121277,0.118169,0.115126,0.112148,0.109233,0.10638,0.103588,0.100854,0.0981786,0.0955593,0.0929952,0.0904849,0.0880273,0.085621,0.0832651,0.0809581,0.0786991,0.0764868,0.0743202,0.072198,0.0701194,0.068083,0.0660881,0.0641333,0.0622179,0.0603406,0.0585006,0.0566969,0.0549285,0.0531943,0.0514936,0.0498253,0.0481886,0.0465824,0.045006,0.0434583,0.0419386,0.0404459,0.0389794,0.0375382,0.0361216,0.0347285,0.0333583,0.03201,0.0306829,0.0293761,0.0280889,0.0268204,0.0255699,0.0243364,0.0231194,0.021918,0.0207314,0.0195588,0.0183995,0.0172528,0.0161178,0.0149938,0.0138801,0.0127759,0.0116805,0.0105932,0.0095131,0.00843959,0.00737191,0.00630933,0.00525111,0.00419653,0.00314486,0.00209536
1,0.981819,0.963658,0.94554,0.927484,0.90951,0.891638,0.873888,0.856275,0.838818,0.821533,0.804433,0.787532,0.770844,0.754378,0.738145,0.722154,0.706412,0.690926,0.6757,0.66074,0.646048,0.631626,0.617477,0.603601,0.589998,0.576667,0.563607,0.550817,0.538293,0.526034,0.514036,0.502295,0.490809,0.479573,0.468583,0.457834,0.447324,0.437046,0.426997,0.417171,0.407565,0.398173,0.388992,0.380015,0.37124,0.362661,0.354274,0.346074,0.338057,0.33022,0.322557,0.315065,0.307739,0.300576,0.293572,0.286723,0.280025,0.273475,0.26707,0.260806,0.254679,0.248687,0.242826,0.237093,0.231486,0.226001,0.220635,0.215387,0.210252,0.205229,0.200315,0.195507,0.190803,0.186201,0.181699,0.177293,0.172983,0.168765,0.164638,0.1606,0.156648,0.152782,0.148998,0.145295,0.141672,0.138126,0.134657,0.131261,0.127938,0.124685,0.121503,0.118387,0.115339,0.112355,0.109434,0.106575,0.103777,0.101039,0.0983575,0.0957332,0.093164,0.0906489,0.0881865,0.0857757,0.0834151,0.0811039,0.0788405,0.076624,0.0744533,0.0723272,0.0702446,0.0682045,0.0662057,0.0642474,0.0623284,0.0604477,0.0586043,0.0567973,0.0550256,0.0532883,0.0515845,0.0499132,0.0482734,0.0466644,0.0450851,0.0435347,0.0420122,0.0405169,0.0390477,0.037604,0.0361848,0.0347893,0.0334166,0.032066,0.0307365,0.0294274,0.0281379,0.0268672,0.0256144,0.0243788,0.0231597,0.0219561,0.0207674,0.0195928,0.0184315,0.0172828,0.0161458,0.0150199,0.0139042,0.0127981,0.0117008,0.0106116,0.0095296,0.00845424,0.0073847,0.00632028,0.00526022,0.00420381,0.00315031,0.00209899
1,0.981888,0.963796,0.945745,0.927755,0.909846,0.892036,0.874344,0.856788,0.839384,0.822147,0.805092,0.788234,0.771582,0.75515,0.738947,0.722982,0.707262,0.691793,0.676582,0.661633,0.646949,0.632533,0.618387,0.60451,0.590905,0.57757,0.564504,0.551705,0.539172,0.526902,0.514892,0.503138,0.491638,0.480387,0.469382,0.458618,0.448091,0.437797,0.427731,0.417889,0.408266,0.398858,0.389659,0.380667,0.371875,0.36328,0.354876,0.346661,0.338629,0.330776,0.323098,0.315591,0.308251,0.301074,0.294056,0.287194,0.280483,0.273921,0.267503,0.261227,0.255089,0.249085,0.243213,0.23747,0.231852,0.226356,0.220981,0.215723,0.210579,0.205547,0.200624,0.195807,0.191095,0.186485,0.181974,0.177561,0.173243,0.169018,0.164884,0.160839,0.156881,0.153008,0.149218,0.145509,0.14188,0.138328,0.134853,0.131452,0.128123,0.124866,0.121678,0.118558,0.115504,0.112516,0.10959,0.106727,0.103925,0.101182,0.0984969,0.0958684,0.0932954,0.0907765,0.0883104,0.085896,0.083532,0.0812172,0.0789506,0.0767308,0.0745569,0.0724277,0.0703421,0.068299,0.0662974,0.0643362,0.0624144,0.060531,0.0586851,0.0568754,0.0551012,0.0533615,0.0516553,0.0499816,0.0483395,0.0467282,0.0451467,0.0435941,0.0420695,0.0405721,0.039101,0.0376552,0.036234,0.0348366,0.033462,0.0321095,0.0307782,0.0294673,0.028176,0.0269036,0.0256491,0.0244118,0.023191,0.0219858,0.0207955,0.0196193,0.0184564,0.0173061,0.0161676,0.0150401,0.013923,0.0128154,0.0117166,0.0106259,0.00954246,0.00846563,0.00739466,0.00632879,0.00526731,0.00420947,0.00315455,0.00210182
1,0.981937,0.963894,0.945891,0.927948,0.910084,0.892318,0.874668,0.857152,0.839785,0.822583,0.805561,0.788732,0.772107,0.755699,0.739517,0.72357,0.707866,0.69241,0.67721,0.662269,0.647591,0.633179,0.619034,0.605158,0.591552,0.578213,0.565143,0.552339,0.539799,0.527521,0.515502,0.50374,0.492229,0.480968,0.469952,0.459177,0.448639,0.438333,0.428256,0.418402,0.408767,0.399347,0.390136,0.381132,0.372328,0.363722,0.355307,0.34708,0.339037,0.331174,0.323485,0.315968,0.308617,0.30143,0.294403,0.287531,0.280811,0.27424,0.267813,0.261528,0.255381,0.24937,0.24349,0.237739,0.232113,0.226611,0.221228,0.215963,0.210812,0.205774,0.200844,0.196022,0.191304,0.186688,0.182171,0.177753,0.173429,0.169199,0.16506,0.16101,0.157047,0.15317,0.149375,0.145662,0.142028,0.138473,0.134993,0.131588,0.128256,0.124995,0.121803,0.11868,0.115622,0.112631,0.109702,0.106836,0.10403,0.101284,0.0985964,0.0959652,0.0933893,0.0908677,0.088399,0.085982,0.0836154,0.0812983,0.0790292,0.0768072,0.0746309,0.0724995,0.0704117,0.0683665,0.0663628,0.0643997,0.0624759,0.0605906,0.0587427,0.0569313,0.0551552,0.0534138,0.0517058,0.0500305,0.0483867,0.0467738,0.0451907,0.0436366,0.0421105,0.0406116,0.0391389,0.0376918,0.0362692,0.0348704,0.0334944,0.0321406,0.030808,0.0294958,0.0282033,0.0269296,0.0256739,0.0244354,0.0232134,0.0220071,0.0208156,0.0196382,0.0184742,0.0173228,0.0161832,0.0150546,0.0139364,0.0128277,0.0117279,0.0106361,0.00955163,0.00847378,0.00740176,0.00633488,0.00527237,0.00421352,0.00315759,0.00210384
1,0.981966,0.963952,0.945978,0.928063,0.910226,0.892487,0.874862,0.857369,0.840025,0.822844,0.805841,0.789029,0.772421,0.756027,0.739858,0.723922,0.708227,0.69278,0.677586,0.66265,0.647976,0.633566,0.619422,0.605547,0.591939,0.578599,0.565526,0.552718,0.540175,0.527892,0.515868,0.5041,0.492584,0.481317,0.470294,0.459513,0.448968,0.438655,0.42857,0.418709,0.409067,0.39964,0.390423,0.381411,0.372601,0.363987,0.355565,0.347332,0.339282,0.331412,0.323717,0.316194,0.308837,0.301644,0.294611,0.287733,0.281008,0.274431,0.267999,0.261709,0.255557,0.24954,0.243656,0.2379,0.23227,0.226763,0.221377,0.216107,0.210952,0.20591,0.200977,0.19615,0.191429,0.186809,0.18229,0.177868,0.173541,0.169308,0.165166,0.161113,0.157147,0.153266,0.149469,0.145754,0.142118,0.138559,0.135077,0.13167,0.128335,0.125072,0.121878,0.118753,0.115694,0.112699,0.109769,0.106901,0.104094,0.101346,0.0986562,0.0960232,0.0934457,0.0909224,0.0884522,0.0860336,0.0836656,0.0813469,0.0790764,0.0768529,0.0746754,0.0725426,0.0704535,0.068407,0.0664022,0.0644377,0.0625128,0.0606263,0.0587773,0.0569648,0.0551877,0.0534451,0.0517362,0.0500598,0.0484151,0.0468012,0.0452172,0.0436621,0.0421351,0.0406352,0.0391618,0.0377137,0.0362903,0.0348906,0.0335139,0.0321593,0.0308259,0.0295129,0.0282197,0.0269452,0.0256888,0.0244496,0.0232268,0.0220198,0.0208276,0.0196496,0.0184849,0.0173328,0.0161925,0.0150633,0.0139444,0.0128351,0.0117346,0.0106422,0.00955715,0.00847866,0.00740604,0.00633853,0.00527542,0.00421595,0.00315941,0.00210505
1,0.981976,0.963972,0.946007,0.928101,0.910274,0.892543,0.874926,0.857442,0.840105,0.822931,0.805934,0.789128,0.772525,0.756136,0.739971,0.724039,0.708347,0.692903,0.677711,0.662777,0.648104,0.633695,0.619552,0.605676,0.592068,0.578727,0.565653,0.552845,0.5403,0.528016,0.51599,0.50422,0.492702,0.481433,0.470408,0.459625,0.449077,0.438762,0.428675,0.418812,0.409167,0.399738,0.390518,0.381504,0.372691,0.364075,0.355652,0.347416,0.339364,0.331492,0.323795,0.316269,0.30891,0.301716,0.29468,0.287801,0.281073,0.274495,0.268061,0.261769,0.255616,0.249597,0.243711,0.237954,0.232322,0.226814,0.221426,0.216155,0.210999,0.205955,0.201021,0.196193,0.19147,0.18685,0.182329,0.177906,0.173578,0.169344,0.165201,0.161147,0.15718,0.153299,0.149501,0.145784,0.142147,0.138588,0.135106,0.131697,0.128362,0.125098,0.121903,0.118777,0.115717,0.112723,0.109792,0.106923,0.104115,0.101366,0.098676,0.0960426,0.0934645,0.0909407,0.0884699,0.0860508,0.0836823,0.0813631,0.0790921,0.0768682,0.0746902,0.072557,0.0704675,0.0684206,0.0664152,0.0644505,0.0625251,0.0606383,0.0587889,0.056976,0.0551985,0.0534556,0.0517462,0.0500696,0.0484245,0.0468103,0.0452259,0.0436706,0.0421432,0.0406432,0.0391694,0.0377211,0.0362973,0.0348974,0.0335204,0.0321655,0.0308318,0.0295187,0.0282251,0.0269504,0.0256937,0.0244543,0.0232313,0.022024,0.0208316,0.0196534,0.0184884,0.0173361,0.0161956,0.0150662,0.0139471,0.0128376,0.0117369,0.0106443,0.00955898,0.00848029,0.00740746,0.00633975,0.00527643,0.00421676,0.00316001,0.00210546
1,0.981966,0.963952,0.945978,0.928063,0.910226,0.892487,0.874862,0.857369,0.840025,0.822844,0.805841,0.789029,0.772421,0.756027,0.739858,0.723922,0.708227,0.69278,0.677586,0.66265,0.647976,0.633566,0.619422,0.605547,0.591939,0.578599,0.565526,0.552718,0.540175,0.527892,0.515868,0.5041,0.492584,0.481317,0.470294,0.459513,0.448968,0.438655,0.42857,0.418709,0.409067,0.39964,0.390423,0.381411,0.372601,0.363987,0.355565,0.347332,0.339282,0.331412,0.323717,0.316194,0.308837,0.301644,0.294611,0.287733,0.281008,0.274431,0.267999,0.261709,0.255557,0.24954,0.243656,0.2379,0.23227,0.226763,0.221377,0.216107,0.210952,0.20591,0.200977,0.19615,0.191429,0.186809,0.18229,0.177868,0.173541,0.169308,0.165166,0.161113,0.157147,0.153266,0.149469,0.145754,0.142118,0.138559,0.135077,0.13167,0.128335,0.125072,0.121878,0.118753,0.115694,0.112699,0.109769,0.106901,0.104094,0.101346,0.0986562,0.0960232,0.0934457,0.0909224,0.0884522,0.0860336,0.0836656,0.0813469,0.0790764,0.0768529,0.0746754,0.0725426,0.0704535,0.068407,0.0664022,0.0644377,0.0625128,0.0606263,0.0587773,0.0569648,0.0551877,0.0534451,0.0517362,0.0500598,0.0484151,0.0468012,0.0452172,0.0436621,0.0421351,0.0406352,0.0391618,0.0377137,0.0362903,0.0348906,0.0335139,0.0321593,0.0308259,0.0295129,0.0282197,0.0269452,0.0256888,0.0244496,0.0232268,0.0220198,0.0208276,0.0196496,0.0184849,0.0173328,0.0161925,0.0150633,0.0139444,0.0128351,0.0117346,0.0106422,0.00955715,0.00847866,0.00740604,0.00633853,0.00527542,0.00421595,0.00315941,0.00210505
1,0.981937,0.963894,0.945891,0.927948,0.910084,0.892318,0.874668,0.857152,0.839785,0.822583,0.805561,0.788732,0.772107,0.755699,0.739517,0.72357,0.707866,0.69241,0.67721,0.662269,0.647591,0.633179,0.619034,0.605158,0.591552,0.578213,0.565143,0.552339,0.539799,0.527521,0.515502,0.50374,0.492229,0.480968,0.469952,0.459177,0.448639,0.438333,0.428256,0.418402,0.408767,0.399347,0.390136,0.381132,0.372328,0.363722,0.355307,0.34708,0.339037,0.331174,0.323485,0.315968,0.308617,0.30143,0.294403,0.287531,0.280811,0.27424,0.267813,0.261528,0.255381,0.24937,0.24349,0.237739,0.232113,0.226611,0.221228,0.215963,0.210812,0.205774,0.200844,0.196022,0.191304,0.186688,0.182171,0.177753,0.173429,0.169199,0.16506,0.16101,0.157047,0.15317,0.149375,0.145662,0.142028,0.138473,0.134993,0.131588,0.128256,0.124995,0.121803,0.11868,0.115622,0.112631,0.109702,0.106836,0.10403,0.101284,0.0985964,0.0959652,0.0933893,0.0908677,0.088399,0.085982,0.0836154,0.0812983,0.0790292,0.0768072,0.0746309,0.0724995,0.0704117,0.0683665,0.0663628,0.0643997,0.0624759,0.0605906,0.0587427,0.0569313,0.0551552,0.0534138,0.0517058,0.0500305,0.0483867,0.0467738,0.0451907,0.0436366,0.0421105,0.0406116,0.0391389,0.0376918,0.0362692,0.0348704,0.0334944,0.0321406,0.030808,0.0294958,0.0282033,0.0269296,0.0256739,0.0244354,0.0232134,0.0220071,0.0208156,0.0196382,0.0184742,0.0173228,0.0161832,0.0150546,0.0139364,0.0128277,0.0117279,0.0106361,0.00955163,0.00847378,0.00740176,0.00633488,0.00527237,0.00421352,0.00315759,0.00210384
1,0.981888,0.963796,0.945745,0.927755,0.909846,0.892036,0.874344,0.856788,0.839384,0.822147,0.805092,0.788234,0.771582,0.75515,0.738947,0.722982,0.707262,0.691793,0.676582,0.661633,0.646949,0.632533,0.618387,0.60451,0.590905,0.57757,0.564504,0.551705,0.539172,0.526902,0.514892,0.503138,0.491638,0.480387,0.469382,0.458618,0.448091,0.437797,0.427731,0.417889,0.408266,0.398858,0.389659,0.380667,0.371875,0.36328,0.354876,0.346661,0.338629,0.330776,0.323098,0.315591,0.308251,0.301074,0.294056,0.287194,0.280483,0.273921,0.267503,0.261227,0.255089,0.249085,0.243213,0.23747,0.231852,0.226356,0.220981,0.215723,0.210579,0.205547,0.200624,0.195807,0.191095,0.186485,0.181974,0.177561,0.173243,0.169018,0.164884,0.160839,0.156881,0.153008,0.149218,0.145509,0.14188,0.138328,0.134853,0.131452,0.128123,0.124866,0.121678,0.118558,0.115504,0.112516,0.10959,0.106727,0.103925,0.101182,0.0984969,0.0958684,0.0932954,0.0907765,0.0883104,0.085896,0.083532,0.0812172,0.0789506,0.0767308,0.0745569,0.0724277,0.0703421,0.068299,0.0662974,0.0643362,0.0624144,0.060531,0.0586851,0.0568754,0.0551012,0.0533615,0.0516553,0.0499816,0.0483395,0.0467282,0.0451467,0.0435941,0.0420695,0.0405721,0.039101,0.0376552,0.036234,0.0348366,0.033462,0.0321095,0.0307782,0.0294673,0.028176,0.0269036,0.0256491,0.0244118,0.023191,0.0219858,0.0207955,0.0196193,0.0184564,0.0173061,0.0161676,0.0150401,0.013923,0.0128154,0.0117166,0.0106259,0.00954246,0.00846563,0.00739466,0.00632879,0.00526731,0.00420947,0.00315455,0.00210182
1,0.981819,0.963658,0.94554,0.927484,0.90951,0.891638,0.873888,0.856275,0.838818,0.821533,0.804433,0.787532,0.770844,0.754378,0.738145,0.722154,0.706412,0.690926,0.6757,0.66074,0.646048,0.631626,0.617477,0.603601,0.589998,0.576667,0.563607,0.550817,0.538293,0.526034,0.514036,0.502295,0.490809,0.479573,0.468583,0.457834,0.447324,0.437046,0.426997,0.417171,0.407565,0.398173,0.388992,0.380015,0.37124,0.362661,0.354274,0.346074,0.338057,0.33022,0.322557,0.315065,0.307739,0.300576,0.293572,0.286723,0.280025,0.273475,0.26707,0.260806,0.254679,0.248687,0.242826,0.237093,0.231486,0.226001,0.220635,0.215387,0.210252,0.205229,0.200315,0.195507,0.190803,0.186201,0.181699,0.177293,0.172983,0.168765,0.164638,0.1606,0.156648,0.152782,0.148998,0.145295,0.141672,0.138126,0.134657,0.131261,0.127938,0.124685,0.121503,0.118387,0.115339,0.112355,0.109434,0.106575,0.103777,0.101039,0.0983575,0.0957332,0.093164,0.0906489,0.0881865,0.0857757,0.0834151,0.0811039,0.0788405,0.076624,0.0744533,0.0723272,0.0702446,0.0682045,0.0662057,0.0642474,0.0623284,0.0604477,0.0586043,0.0567973,0.0550256,0.0532883,0.0515845,0.0499132,0.0482734,0.0466644,0.0450851,0.0435347,0.0420122,0.0405169,0.0390477,0.037604,0.0361848,0.0347893,0.0334166,0.032066,0.0307365,0.0294274,0.0281379,0.0268672,0.0256144,0.0243788,0.0231597,0.0219561,0.0207674,0.0195928,0.0184315,0.0172828,0.0161458,0.0150199,0.0139042,0.0127981,0.0117008,0.0106116,0.0095296,0.00845424,0.0073847,0.00632028,0.00526022,0.00420381,0.00315031,0.00209899
1,0.981729,0.963479,0.945273,0.927131,0.909074,0.891123,0.873295,0.85561,0.838085,0.820736,0.803578,0.786624,0.769887,0.753379,0.737108,0.721084,0.705314,0.689805,0.67456,0.659586,0.644883,0.630455,0.616303,0.602428,0.588828,0.575503,0.562452,0.549672,0.537161,0.524916,0.512933,0.50121,0.489742,0.478524,0.467554,0.456826,0.446336,0.43608,0.426052,0.416248,0.406663,0.397293,0.388133,0.379178,0.370424,0.361866,0.353499,0.34532,0.337323,0.329505,0.321861,0.314388,0.307081,0.299935,0.292949,0.286117,0.279436,0.272903,0.266513,0.260264,0.254153,0.248175,0.242329,0.23661,0.231016,0.225544,0.220192,0.214955,0.209833,0.204821,0.199918,0.195122,0.190429,0.185837,0.181345,0.176949,0.172648,0.16844,0.164322,0.160292,0.15635,0.152491,0.148716,0.145021,0.141405,0.137867,0.134404,0.131016,0.127699,0.124454,0.121277,0.118169,0.115126,0.112148,0.109233,0.10638,0.103588,0.100854,0.0981786,0.0955593,0.0929952,0.0904849,0.0880273,0.085621,0.0832651,0.0809581,0.0786991,0.0764868,0.0743202,0.072198,0.0701194,0.068083,0.0660881,0.0641333,0.0622179,0.0603406,0.0585006,0.0566969,0.0549285,0.0531943,0.0514936,0.0498253,0.0481886,0.0465824,0.045006,0.0434583,0.0419386,0.0404459,0.0389794,0.0375382,0.0361216,0.0347285,0.0333583,0.03201,0.0306829,0.0293761,0.0280889,0.0268204,0.0255699,0.0243364,0.0231194,0.021918,0.0207314,0.0195588,0.0183995,0.0172528,0.0161178,0.0149938,0.0138801,0.0127759,0.0116805,0.0105932,0.0095131,0.00843959,0.00737191,0.00630933,0.00525111,0.00419653,0.00314486,0.00209536
1,0.981618,0.963258,0.944943,0.926695,0.908535,0.890485,0.872563,0.854789,0.83718,0.819753,0.802523,0.785504,0.768708,0.752147,0.73583,0.719766,0.703962,0.688425,0.673158,0.658167,0.643452,0.629017,0.614862,0.600988,0.587392,0.574075,0.561035,0.548269,0.535773,0.523546,0.511583,0.499881,0.488435,0.477242,0.466296,0.455593,0.445129,0.434899,0.424897,0.41512,0.405562,0.396218,0.387084,0.378156,0.369427,0.360895,0.352553,0.344399,0.336426,0.328632,0.321012,0.313562,0.306277,0.299154,0.292189,0.285378,0.278717,0.272204,0.265834,0.259604,0.253511,0.247551,0.241722,0.23602,0.230443,0.224987,0.21965,0.214428,0.209321,0.204323,0.199435,0.194651,0.189971,0.185393,0.180913,0.176529,0.17224,0.168043,0.163936,0.159917,0.155985,0.152137,0.148371,0.144686,0.141079,0.13755,0.134097,0.130717,0.127409,0.124171,0.121003,0.117902,0.114866,0.111896,0.108988,0.106142,0.103356,0.100629,0.0979601,0.0953471,0.092789,0.0902847,0.0878328,0.0854323,0.0830818,0.0807803,0.0785264,0.0763193,0.0741576,0.0720404,0.0699664,0.0679348,0.0659443,0.063994,0.0620828,0.0602099,0.058374,0.0565743,0.0548098,0.0530796,0.0513826,0.049718,0.0480849,0.0464823,0.0449093,0.043365,0.0418486,0.0403593,0.0388959,0.037458,0.0360443,0.0346543,0.033287,0.0319417,0.0306174,0.0293135,0.028029,0.0267633,0.0255154,0.0242847,0.0230702,0.0218714,0.0206873,0.0195173,0.0183604,0.0172161,0.0160836,0.014962,0.0138507,0.0127488,0.0116558,0.0105707,0.00949293,0.00842171,0.00735629,0.00629596,0.00523999,0.00418764,0.00313819,0.00209092
1,0.981484,0.962992,0.944547,0.926172,0.907889,0.88972,0.871686,0.853805,0.836096,0.818576,0.801261,0.784164,0.767299,0.750676,0.734305,0.718194,0.702351,0.686781,0.671489,0.656478,0.64175,0.627307,0.61315,0.599277,0.585688,0.572381,0.559354,0.546604,0.534129,0.521923,0.509984,0.498308,0.486889,0.475724,0.464807,0.454135,0.443701,0.433502,0.423532,0.413786,0.404259,0.394947,0.385845,0.376947,0.36825,0.359748,0.351436,0.343311,0.335368,0.327602,0.32001,0.312586,0.305328,0.298231,0.291291,0.284505,0.277869,0.271379,0.265032,0.258824,0.252753,0.246814,0.241005,0.235324,0.229766,0.224329,0.21901,0.213807,0.208716,0.203736,0.198863,0.194096,0.189432,0.184868,0.180403,0.176033,0.171758,0.167574,0.16348,0.159474,0.155554,0.151718,0.147964,0.14429,0.140695,0.137176,0.133733,0.130363,0.127065,0.123837,0.120678,0.117586,0.11456,0.111598,0.108699,0.105861,0.103083,0.100364,0.0977023,0.0950965,0.0925457,0.0900483,0.0876034,0.0852094,0.0828655,0.0805702,0.0783227,0.0761215,0.0739657,0.0718542,0.0697859,0.0677597,0.0657746,0.0638295,0.0619235,0.0600555,0.0582245,0.0564296,0.0546698,0.052944,0.0512516,0.0495913,0.0479625,0.046364,0.0447952,0.0432549,0.0417425,0.0402569,0.0387974,0.0373631,0.0359532,0.0345667,0.0332029,0.031861,0.0305402,0.0292396,0.0279584,0.0266958,0.0254512,0.0242235,0.0230122,0.0218164,0.0206353,0.0194682,0.0183143,0.0171729,0.0160432,0.0149244,0.0138159,0.0127168,0.0116265,0.0105442,0.00946913,0.00840058,0.00733785,0.00628018,0.00522686,0.00417714,0.00313033,0.00208568
1,0.981328,0.962681,0.944083,0.925559,0.907132,0.888824,0.870657,0.852652,0.834827,0.817199,0.799785,0.782599,0.765652,0.748958,0.732525,0.716361,0.700473,0.684867,0.669546,0.654514,0.639771,0.625321,0.611161,0.597291,0.583711,0.570417,0.557406,0.544677,0.532224,0.520045,0.508134,0.496488,0.485101,0.473969,0.463087,0.45245,0.442052,0.431889,0.421956,0.412247,0.402757,0.393482,0.384416,0.375554,0.366892,0.358425,0.350148,0.342057,0.334147,0.326414,0.318854,0.311462,0.304235,0.297168,0.290257,0.2835,0.276891,0.270428,0.264108,0.257926,0.251879,0.245965,0.24018,0.234522,0.228986,0.223571,0.218273,0.213091,0.20802,0.203059,0.198206,0.193457,0.18881,0.184264,0.179815,0.175462,0.171202,0.167034,0.162955,0.158964,0.155058,0.151236,0.147495,0.143835,0.140252,0.136746,0.133314,0.129956,0.12667,0.123453,0.120304,0.117223,0.114207,0.111255,0.108365,0.105537,0.102768,0.100058,0.097405,0.0948079,0.0922653,0.0897761,0.0873389,0.0849527,0.0826162,0.0803283,0.0780878,0.0758936,0.0737446,0.0716397,0.0695778,0.067558,0.065579,0.06364,0.0617398,0.0598776,0.0580522,0.0562628,0.0545083,0.0527879,0.0511005,0.0494454,0.0478214,0.0462278,0.0446636,0.043128,0.0416201,0.040139,0.0386838,0.0372538,0.035848,0.0344657,0.033106,0.0317681,0.0304511,0.0291543,0.0278769,0.0266181,0.0253771,0.0241531,0.0229453,0.021753,0.0205753,0.0194116,0.0182611,0.017123,0.0159966,0.0148811,0.0137758,0.01268,0.0115928,0.0105136,0.00944168,0.00837625,0.00731659,0.00626199,0.00521171,0.00416505,0.00312126,0.00207964
1,0.981147,0.96232,0.943546,0.92485,0.906256,0.887789,0.869471,0.851322,0.833364,0.815613,0.798086,0.780797,0.76376,0.746985,0.730481,0.714258,0.69832,0.682674,0.667322,0.652266,0.63751,0.623051,0.608891,0.595026,0.581456,0.568178,0.555188,0.542483,0.530058,0.517909,0.506031,0.49442,0.48307,0.471977,0.461135,0.450538,0.440182,0.43006,0.420169,0.410502,0.401054,0.391821,0.382796,0.373976,0.365355,0.356928,0.34869,0.340638,0.332766,0.32507,0.317546,0.31019,0.302998,0.295965,0.289087,0.282362,0.275785,0.269353,0.263063,0.25691,0.250892,0.245005,0.239247,0.233614,0.228104,0.222714,0.21744,0.212281,0.207233,0.202294,0.197462,0.192733,0.188107,0.18358,0.17915,0.174816,0.170574,0.166424,0.162362,0.158387,0.154497,0.15069,0.146965,0.143319,0.139751,0.136259,0.132841,0.129496,0.126222,0.123018,0.119882,0.116812,0.113807,0.110867,0.107988,0.10517,0.102412,0.0997119,0.0970688,0.0944812,0.091948,0.0894679,0.0870397,0.0846621,0.0823341,0.0800544,0.077822,0.0756356,0.0734943,0.0713969,0.0693424,0.0673296,0.0653577,0.0634254,0.061532,0.0596762,0.0578572,0.056074,0.0543256,0.0526111,0.0509296,0.0492801,0.0476617,0.0460735,0.0445148,0.0429844,0.0414816,0.0400055,0.0385553,0.0371301,0.0357291,0.0343514,0.0329963,0.0316628,0.0303503,0.0290579,0.0277847,0.0265301,0.0252932,0.0240733,0.0228695,0.0216812,0.0205075,0.0193476,0.0182009,0.0170666,0.0159439,0.0148321,0.0137305,0.0126382,0.0115547,0.010479,0.00941062,0.00834869,0.00729253,0.00624139,0.00519458,0.00415135,0.003111,0.0020728
1,0.98094,0.961908,0.942933,0.92404,0.905256,0.886607,0.868117,0.849806,0.831697,0.813806,0.796152,0.778749,0.761609,0.744745,0.728164,0.711875,0.695883,0.680193,0.664808,0.649729,0.634957,0.620492,0.606332,0.592476,0.57892,0.565661,0.552695,0.540018,0.527626,0.515512,0.503673,0.492102,0.480795,0.469746,0.458949,0.448398,0.438089,0.428015,0.418171,0.408552,0.399152,0.389965,0.380988,0.372213,0.363638,0.355256,0.347063,0.339054,0.331224,0.323571,0.316087,0.308771,0.301618,0.294623,0.287783,0.281094,0.274552,0.268154,0.261897,0.255777,0.24979,0.243934,0.238206,0.232603,0.227121,0.221758,0.216511,0.211377,0.206355,0.20144,0.196632,0.191927,0.187323,0.182818,0.178409,0.174095,0.169874,0.165743,0.1617,0.157743,0.153871,0.150082,0.146373,0.142744,0.139192,0.135715,0.132313,0.128982,0.125723,0.122532,0.11941,0.116353,0.113362,0.110433,0.107567,0.104761,0.102015,0.0993258,0.0966936,0.0941168,0.091594,0.0891241,0.0867057,0.0843379,0.0820193,0.0797489,0.0775254,0.0753479,0.0732151,0.0711261,0.0690796,0.0670749,0.0651107,0.0631861,0.0613,0.0594515,0.0576396,0.0558633,0.0541217,0.0524139,0.0507388,0.0490957,0.0474835,0.0459015,0.0443486,0.0428241,0.041327,0.0398566,0.0384118,0.036992,0.0355963,0.0342239,0.0328738,0.0315454,0.0302378,0.0289502,0.0276818,0.0264319,0.0251996,0.0239843,0.022785,0.0216011,0.0204317,0.0192762,0.0181337,0.0170036,0.0158851,0.0147774,0.0136798,0.0125916,0.0115121,0.0104404,0.00937594,0.00831794,0.00726566,0.00621841,0.00517545,0.00413607,0.00309955,0.00206517
1,0.980706,0.961441,0.942237,0.923122,0.904124,0.88527,0.866585,0.848092,0.829814,0.811768,0.793972,0.776442,0.759189,0.742226,0.725561,0.709201,0.69315,0.677414,0.661994,0.646892,0.632106,0.617636,0.60348,0.589634,0.576096,0.56286,0.549923,0.53728,0.524925,0.512852,0.501057,0.489533,0.478274,0.467275,0.456529,0.446031,0.435774,0.425753,0.415963,0.406397,0.397049,0.387916,0.37899,0.370267,0.361742,0.35341,0.345266,0.337305,0.329524,0.321916,0.314478,0.307206,0.300095,0.293142,0.286343,0.279694,0.273192,0.266832,0.260612,0.254527,0.248576,0.242754,0.237059,0.231487,0.226036,0.220704,0.215486,0.210381,0.205386,0.200499,0.195717,0.191037,0.186458,0.181977,0.177592,0.173301,0.169102,0.164992,0.16097,0.157034,0.153181,0.149411,0.145721,0.14211,0.138575,0.135116,0.13173,0.128416,0.125172,0.121997,0.11889,0.115848,0.11287,0.109956,0.107103,0.10431,0.101576,0.0988998,0.0962798,0.0937147,0.0912035,0.0887447,0.0863374,0.0839802,0.0816721,0.0794117,0.0771982,0.0750303,0.072907,0.0708272,0.0687898,0.0667938,0.0648382,0.0629219,0.0610441,0.0592035,0.0573995,0.0556308,0.0538967,0.0521962,0.0505283,0.0488922,0.0472869,0.0457115,0.0441653,0.0426472,0.0411564,0.0396921,0.0382535,0.0368397,0.0354498,0.0340831,0.0327387,0.0314158,0.0301136,0.0288314,0.0275683,0.0263235,0.0250964,0.023886,0.0226917,0.0215126,0.0203481,0.0191973,0.0180596,0.0169341,0.0158202,0.014717,0.013624,0.0125402,0.0114651,0.0103978,0.00933769,0.00828399,0.00723602,0.00619304,0.00515434,0.00411919,0.00308691,0.00205675
1,0.980441,0.960915,0.941454,0.922089,0.90285,0.883766,0.864864,0.846168,0.827701,0.809483,0.791531,0.773861,0.756485,0.739415,0.722659,0.706222,0.69011,0.674326,0.658871,0.643745,0.628947,0.614475,0.600325,0.586494,0.572978,0.559771,0.546868,0.534264,0.521952,0.509926,0.498181,0.48671,0.475505,0.464562,0.453874,0.443434,0.433236,0.423275,0.413543,0.404036,0.394747,0.385672,0.376804,0.368138,0.359669,0.351392,0.343302,0.335394,0.327664,0.320107,0.312719,0.305495,0.298432,0.291525,0.284771,0.278166,0.271706,0.265387,0.259207,0.253162,0.247249,0.241464,0.235805,0.230269,0.224852,0.219552,0.214367,0.209293,0.204329,0.199471,0.194717,0.190066,0.185514,0.181059,0.176699,0.172433,0.168258,0.164171,0.160172,0.156258,0.152427,0.148678,0.145009,0.141417,0.137902,0.134461,0.131093,0.127797,0.12457,0.121412,0.118321,0.115295,0.112333,0.109434,0.106595,0.103817,0.101097,0.0984343,0.0958275,0.0932754,0.0907767,0.0883302,0.0859348,0.0835893,0.0812925,0.0790433,0.0768406,0.0746833,0.0725702,0.0705005,0.0684729,0.0664865,0.0645403,0.0626332,0.0607643,0.0589325,0.057137,0.0553767,0.0536508,0.0519583,0.0502982,0.0486697,0.0470719,0.0455039,0.0439648,0.0424538,0.0409699,0.0395124,0.0380804,0.0366731,0.0352896,0.0339292,0.0325909,0.0312741,0.0299779,0.0287015,0.0274441,0.0262051,0.0249834,0.0237786,0.0225897,0.021416,0.0202567,0.0191111,0.0179785,0.0168581,0.0157492,0.014651,0.0135629,0.012484,0.0114137,0.0103512,0.00929584,0.00824689,0.00720361,0.0061653,0.00513125,0.00410075,0.00307308,0.00204754
1,0.980145,0.960325,0.940575,0.92093,0.901422,0.882082,0.862939,0.844018,0.825343,0.806935,0.788812,0.77099,0.753481,0.736296,0.719442,0.702925,0.686749,0.670916,0.655426,0.640278,0.62547,0.610999,0.59686,0.583048,0.569559,0.556387,0.543524,0.530965,0.518703,0.506731,0.495043,0.48363,0.472487,0.461607,0.450983,0.440607,0.430475,0.420579,0.410913,0.40147,0.392247,0.383235,0.37443,0.365826,0.357418,0.349201,0.341171,0.333321,0.325647,0.318145,0.310811,0.30364,0.296629,0.289772,0.283067,0.276509,0.270095,0.263822,0.257686,0.251683,0.245811,0.240067,0.234447,0.228948,0.223569,0.218305,0.213154,0.208115,0.203183,0.198357,0.193635,0.189013,0.18449,0.180064,0.175732,0.171493,0.167343,0.163282,0.159308,0.155418,0.15161,0.147884,0.144236,0.140666,0.137172,0.133751,0.130403,0.127126,0.123918,0.120778,0.117705,0.114696,0.111751,0.108868,0.106045,0.103282,0.100578,0.0979295,0.0953371,0.0927989,0.0903138,0.0878806,0.0854982,0.0831653,0.0808809,0.0786437,0.0764527,0.0743068,0.072205,0.0701461,0.0681293,0.0661532,0.0642172,0.06232,0.0604608,0.0586385,0.0568523,0.055101,0.053384,0.0517001,0.0500486,0.0484284,0.0468387,0.0452786,0.0437474,0.042244,0.0407676,0.0393174,0.0378927,0.0364924,0.0351158,0.0337622,0.0324306,0.0311203,0.0298306,0.0285605,0.0273094,0.0260765,0.024861,0.023662,0.022479,0.0213111,0.0201575,0.0190176,0.0178906,0.0167757,0.0156722,0.0145794,0.0134966,0.012423,0.0113579,0.0103006,0.00925045,0.00820661,0.00716844,0.0061352,0.00510621,0.00408073,0.00305809,0.00203755
1,0.979813,0.959665,0.939593,0.919636,0.899829,0.880205,0.860794,0.841625,0.822722,0.804106,0.785798,0.767811,0.750159,0.732851,0.715894,0.699293,0.683052,0.66717,0.651646,0.636479,0.621664,0.607198,0.593075,0.57929,0.565834,0.552702,0.539887,0.52738,0.515175,0.503264,0.491639,0.480293,0.469218,0.458408,0.447854,0.437551,0.42749,0.417666,0.408071,0.398701,0.389547,0.380605,0.371869,0.363333,0.354992,0.34684,0.338873,0.331086,0.323474,0.316032,0.308756,0.301642,0.294686,0.287884,0.281231,0.274725,0.268361,0.262136,0.256047,0.250091,0.244263,0.238562,0.232984,0.227527,0.222187,0.216962,0.211849,0.206846,0.201949,0.197158,0.192469,0.18788,0.183388,0.178993,0.17469,0.17048,0.166359,0.162325,0.158377,0.154513,0.15073,0.147028,0.143404,0.139857,0.136385,0.132987,0.12966,0.126403,0.123216,0.120095,0.117041,0.114051,0.111123,0.108258,0.105453,0.102706,0.100018,0.0973857,0.0948087,0.0922856,0.0898152,0.0873964,0.0850278,0.0827086,0.0804373,0.0782131,0.0760348,0.0739013,0.0718114,0.0697644,0.0677589,0.0657942,0.063869,0.0619826,0.0601338,0.0583217,0.0565454,0.054804,0.0530965,0.051422,0.0497795,0.0481683,0.0465874,0.0450359,0.043513,0.0420179,0.0405496,0.0391073,0.0376903,0.0362976,0.0349285,0.0335822,0.0322578,0.0309547,0.0296718,0.0284086,0.0271642,0.0259379,0.0247289,0.0235364,0.0223597,0.021198,0.0200506,0.0189168,0.0177957,0.0166868,0.0155892,0.0145022,0.0134251,0.0123573,0.0112978,0.0102462,0.00920151,0.00816322,0.00713053,0.00610277,0.00507921,0.00405916,0.00304192,0.00202678
1,0.979443,0.958928,0.938498,0.918195,0.898055,0.878116,0.858411,0.838968,0.819816,0.800975,0.782465,0.764301,0.746497,0.729059,0.711995,0.695309,0.679001,0.663071,0.647517,0.632334,0.617518,0.603063,0.588963,0.575209,0.561794,0.548711,0.53595,0.523503,0.511363,0.499521,0.487968,0.476696,0.465697,0.454964,0.444489,0.434264,0.424282,0.414536,0.40502,0.395727,0.38665,0.377784,0.369122,0.36066,0.35239,0.344309,0.336412,0.328692,0.321146,0.313768,0.306555,0.299503,0.292606,0.285862,0.279266,0.272815,0.266505,0.260332,0.254294,0.248386,0.242607,0.236952,0.231419,0.226006,0.220708,0.215524,0.210452,0.205487,0.200629,0.195874,0.191221,0.186666,0.182209,0.177846,0.173576,0.169396,0.165305,0.1613,0.157381,0.153544,0.149788,0.146112,0.142514,0.138991,0.135543,0.132168,0.128864,0.12563,0.122463,0.119364,0.11633,0.113359,0.110452,0.107605,0.104818,0.10209,0.0994185,0.0968032,0.0942428,0.0917357,0.0892811,0.0868775,0.084524,0.0822192,0.0799623,0.0777519,0.0755871,0.0734667,0.0713898,0.0693553,0.0673622,0.0654094,0.063496,0.0616209,0.0597834,0.0579822,0.0562167,0.0544857,0.0527884,0.0511239,0.0494913,0.0478896,0.0463181,0.0447758,0.0432619,0.0417755,0.0403159,0.0388821,0.0374734,0.0360889,0.0347278,0.0333893,0.0320727,0.030777,0.0295017,0.0282458,0.0270087,0.0257894,0.0245874,0.0234018,0.0222318,0.0210768,0.0199361,0.0188087,0.0176941,0.0165915,0.0155002,0.0144195,0.0133486,0.0122868,0.0112334,0.0101877,0.00914907,0.00811669,0.0070899,0.00606799,0.00505027,0.00403604,0.00302459,0.00201523
1,0.97903,0.958107,0.937279,0.91659,0.896082,0.875796,0.855766,0.836026,0.816601,0.797516,0.77879,0.760438,0.742472,0.724899,0.707725,0.690952,0.674579,0.658604,0.643023,0.62783,0.613019,0.598582,0.584511,0.570798,0.557432,0.544406,0.531708,0.519331,0.507264,0.495499,0.484026,0.472836,0.461922,0.451274,0.440885,0.430746,0.42085,0.41119,0.401759,0.39255,0.383556,0.374772,0.366191,0.357807,0.349615,0.34161,0.333787,0.326139,0.318664,0.311356,0.30421,0.297223,0.290391,0.283708,0.277173,0.27078,0.264527,0.25841,0.252426,0.246571,0.240842,0.235237,0.229752,0.224385,0.219133,0.213994,0.208963,0.204041,0.199223,0.194507,0.189892,0.185374,0.180952,0.176624,0.172388,0.168241,0.164182,0.160209,0.156319,0.152512,0.148785,0.145136,0.141565,0.138069,0.134646,0.131296,0.128016,0.124805,0.121662,0.118585,0.115572,0.112623,0.109736,0.106909,0.104142,0.101432,0.0987796,0.0961825,0.0936395,0.0911497,0.0887117,0.0863245,0.0839868,0.0816976,0.0794558,0.0772602,0.0751098,0.0730035,0.0709403,0.0689192,0.0669391,0.0649992,0.0630982,0.0612354,0.0594098,0.0576203,0.0558661,0.0541463,0.0524599,0.0508061,0.0491838,0.0475924,0.0460309,0.0444984,0.0429941,0.0415172,0.0400667,0.038642,0.0372421,0.0358663,0.0345137,0.0331836,0.0318752,0.0305877,0.0293202,0.0280722,0.0268427,0.025631,0.0244364,0.0232582,0.0220955,0.0209476,0.0198139,0.0186935,0.0175857,0.0164899,0.0154053,0.0143312,0.0132669,0.0122116,0.0111647,0.0101254,0.00909313,0.00806707,0.00704656,0.00603091,0.00501941,0.00401138,0.00300611,0.00200292
1,0.97857,0.957193,0.935921,0.914805,0.893891,0.873221,0.852836,0.83277,0.81305,0.793702,0.774745,0.756194,0.738059,0.720346,0.70306,0.6862,0.669765,0.653749,0.638147,0.622952,0.608153,0.593743,0.579711,0.566048,0.552741,0.539781,0.527156,0.514858,0.502874,0.491195,0.479812,0.468713,0.457892,0.447337,0.437042,0.426997,0.417195,0.407628,0.398289,0.389171,0.380267,0.37157,0.363076,0.354777,0.346668,0.338744,0.331,0.32343,0.316031,0.308796,0.301722,0.294805,0.28804,0.281424,0.274953,0.268623,0.262431,0.256373,0.250446,0.244646,0.238972,0.233419,0.227985,0.222668,0.217464,0.212371,0.207386,0.202507,0.197732,0.193058,0.188482,0.184004,0.17962,0.175329,0.171129,0.167017,0.162991,0.159051,0.155194,0.151417,0.147721,0.144102,0.140559,0.13709,0.133695,0.130371,0.127116,0.12393,0.120811,0.117758,0.114768,0.111842,0.108976,0.106171,0.103424,0.100735,0.0981018,0.0955237,0.0929995,0.0905278,0.0881076,0.0857376,0.0834168,0.081144,0.0789182,0.0767383,0.0746032,0.0725118,0.0704632,0.0684563,0.0664901,0.0645637,0.0626761,0.0608262,0.0590132,0.0572361,0.055494,0.053786,0.0521112,0.0504686,0.0488575,0.0472769,0.045726,0.0442039,0.0427098,0.0412428,0.0398021,0.038387,0.0369965,0.0356299,0.0342864,0.0329652,0.0316655,0.0303866,0.0291276,0.0278878,0.0266665,0.0254628,0.0242762,0.0231057,0.0219507,0.0208104,0.0196841,0.0185711,0.0174707,0.016382,0.0153046,0.0142375,0.0131801,0.0121318,0.0110917,0.0100593,0.00903373,0.00801437,0.00700054,0.00599152,0.00498663,0.00398518,0.00298648,0.00198984
1,0.978057,0.956174,0.93441,0.912819,0.891455,0.870365,0.849591,0.829169,0.809131,0.789501,0.770299,0.751538,0.733227,0.715372,0.697974,0.681031,0.664538,0.648488,0.632873,0.617683,0.602907,0.588534,0.574552,0.560949,0.547712,0.534829,0.522289,0.510079,0.498189,0.486607,0.475322,0.464325,0.453605,0.443154,0.432961,0.423018,0.413317,0.403851,0.394611,0.385591,0.376783,0.368181,0.359779,0.351571,0.343551,0.335714,0.328054,0.320567,0.313247,0.306091,0.299093,0.29225,0.285557,0.279012,0.272608,0.266344,0.260216,0.254221,0.248354,0.242614,0.236996,0.231499,0.226119,0.220854,0.215701,0.210657,0.20572,0.200887,0.196157,0.191527,0.186994,0.182557,0.178213,0.173961,0.169799,0.165723,0.161734,0.157828,0.154004,0.150261,0.146596,0.143008,0.139495,0.136056,0.132689,0.129393,0.126166,0.123006,0.119913,0.116884,0.113919,0.111016,0.108173,0.10539,0.102665,0.0999975,0.0973851,0.0948274,0.0923228,0.0898703,0.0874688,0.0851171,0.0828141,0.0805588,0.0783499,0.0761865,0.0740675,0.0719919,0.0699587,0.0679668,0.0660153,0.0641032,0.0622295,0.0603934,0.0585937,0.0568298,0.0551004,0.0534049,0.0517423,0.0501118,0.0485123,0.0469432,0.0454035,0.0438924,0.042409,0.0409526,0.0395223,0.0381173,0.0367367,0.0353799,0.034046,0.0327342,0.0314437,0.0301738,0.0289238,0.0276928,0.0264801,0.0252849,0.0241066,0.0229444,0.0217975,0.0206652,0.0195468,0.0184416,0.0173489,0.0162679,0.015198,0.0141384,0.0130884,0.0120473,0.0110145,0.00998929,0.00897087,0.00795863,0.00695184,0.00594986,0.00495195,0.00395747,0.00296572,0.00197601
1,0.977485,0.955038,0.932725,0.910609,0.888748,0.867195,0.845995,0.825189,0.804807,0.784876,0.765415,0.746435,0.727945,0.709947,0.692439,0.675417,0.658873,0.642798,0.62718,0.612007,0.597266,0.582942,0.569022,0.555492,0.542337,0.529544,0.5171,0.504992,0.493206,0.481732,0.470557,0.459671,0.449063,0.438722,0.428641,0.418809,0.409218,0.39986,0.390727,0.381811,0.373106,0.364605,0.356302,0.348191,0.340265,0.33252,0.32495,0.31755,0.310316,0.303242,0.296325,0.28956,0.282944,0.276472,0.270141,0.263946,0.257886,0.251956,0.246153,0.240475,0.234918,0.229479,0.224156,0.218945,0.213845,0.208853,0.203967,0.199183,0.1945,0.189916,0.185428,0.181034,0.176733,0.172522,0.168399,0.164362,0.16041,0.156541,0.152753,0.149044,0.145412,0.141857,0.138376,0.134968,0.131631,0.128364,0.125165,0.122033,0.118966,0.115964,0.113024,0.110146,0.107328,0.104568,0.101866,0.0992208,0.0966304,0.0940938,0.09161,0.0891777,0.0867959,0.0844634,0.0821792,0.0799421,0.0777511,0.0756051,0.0735031,0.0714441,0.0694271,0.067451,0.065515,0.063618,0.0617591,0.0599373,0.0581518,0.0564015,0.0546857,0.0530033,0.0513536,0.0497356,0.0481485,0.0465914,0.0450636,0.043564,0.042092,0.0406467,0.0392273,0.0378329,0.0364629,0.0351163,0.0337925,0.0324906,0.0312099,0.0299496,0.0287089,0.0274871,0.0262836,0.0250974,0.0239279,0.0227743,0.021636,0.0205121,0.0194021,0.0183051,0.0172205,0.0161476,0.0150856,0.0140338,0.0129916,0.0119583,0.0109332,0.00991548,0.00890462,0.00789985,0.00690052,0.00590592,0.0049154,0.00392825,0.00294383,0.00196142
1,0.976846,0.953769,0.930845,0.908145,0.885735,0.863673,0.842009,0.820786,0.800036,0.779786,0.760053,0.740848,0.722176,0.704036,0.686423,0.66933,0.652746,0.636657,0.621049,0.605907,0.591214,0.576954,0.563111,0.549668,0.536609,0.52392,0.511585,0.499591,0.487922,0.476567,0.465514,0.454749,0.444263,0.434044,0.424084,0.414371,0.404898,0.395656,0.386637,0.377834,0.369239,0.360846,0.352648,0.344639,0.336813,0.329166,0.32169,0.314383,0.307238,0.300252,0.29342,0.286738,0.280201,0.273807,0.267551,0.261431,0.255441,0.249581,0.243845,0.238231,0.232737,0.22736,0.222096,0.216943,0.211899,0.206962,0.202128,0.197395,0.192762,0.188226,0.183785,0.179437,0.175179,0.171011,0.16693,0.162934,0.159021,0.15519,0.151439,0.147766,0.14417,0.140649,0.137201,0.133825,0.13052,0.127283,0.124114,0.121011,0.117973,0.114998,0.112085,0.109233,0.10644,0.103705,0.101027,0.0984053,0.0958377,0.0933235,0.0908614,0.0884503,0.0860892,0.0837769,0.0815123,0.0792944,0.0771221,0.0749944,0.0729102,0.0708687,0.0688686,0.0669092,0.0649893,0.0631082,0.0612647,0.0594581,0.0576873,0.0559516,0.0542498,0.0525813,0.0509451,0.0493404,0.0477662,0.0462219,0.0447064,0.043219,0.0417589,0.0403253,0.0389173,0.0375342,0.0361751,0.0348394,0.0335261,0.0322347,0.0309641,0.0297139,0.0284831,0.0272711,0.026077,0.0249002,0.02374,0.0225956,0.0214662,0.0203513,0.01925,0.0181617,0.0170856,0.0160211,0.0149674,0.013924,0.0128899,0.0118647,0.0108476,0.00983793,0.00883496,0.00783807,0.00684655,0.00585975,0.00487697,0.00389755,0.00292081,0.00194609
1,0.976129,0.952347,0.928742,0.905393,0.882376,0.859755,0.837585,0.815912,0.794769,0.774182,0.754168,0.734733,0.715879,0.697602,0.679894,0.662741,0.64613,0.630042,0.61446,0.599365,0.584737,0.570557,0.556807,0.543468,0.530521,0.517951,0.50574,0.493873,0.482335,0.471112,0.460191,0.44956,0.439207,0.42912,0.41929,0.409706,0.40036,0.391242,0.382346,0.373662,0.365184,0.356905,0.348818,0.340918,0.333198,0.325653,0.318278,0.311068,0.304018,0.297123,0.290381,0.283785,0.277333,0.27102,0.264843,0.258799,0.252885,0.247096,0.241431,0.235885,0.230457,0.225144,0.219942,0.21485,0.209864,0.204983,0.200204,0.195525,0.190944,0.186458,0.182066,0.177766,0.173554,0.169431,0.165393,0.161439,0.157568,0.153777,0.150065,0.14643,0.14287,0.139385,0.135972,0.13263,0.129357,0.126152,0.123014,0.119942,0.116933,0.113987,0.111102,0.108277,0.10551,0.102802,0.100149,0.0975514,0.0950078,0.0925168,0.0900775,0.0876886,0.0853491,0.0830578,0.0808139,0.078616,0.0764633,0.0743547,0.0722893,0.0702659,0.0682837,0.0663416,0.0644387,0.0625741,0.0607469,0.0589561,0.0572008,0.0554801,0.0537933,0.0521392,0.0505172,0.0489263,0.0473657,0.0458346,0.0443321,0.0428575,0.0414099,0.0399884,0.0385925,0.0372211,0.0358736,0.0345491,0.033247,0.0319664,0.0307066,0.0294669,0.0282465,0.0270446,0.0258606,0.0246936,0.0235431,0.0224082,0.0212883,0.0201827,0.0190906,0.0180113,0.0169442,0.0158885,0.0148436,0.0138088,0.0127834,0.0117666,0.010758,0.00975662,0.00876197,0.00777331,0.00679,0.00581134,0.00483669,0.00386536,0.00289669,0.00193002
1,0.975323,0.950751,0.926382,0.902311,0.878622,0.855387,0.832667,0.81051,0.78895,0.768011,0.747706,0.72804,0.70901,0.690606,0.672814,0.655617,0.638996,0.622928,0.607391,0.592362,0.577819,0.563739,0.550101,0.536883,0.524066,0.511631,0.49956,0.487836,0.476443,0.465365,0.45459,0.444104,0.433895,0.42395,0.414261,0.404815,0.395605,0.38662,0.377853,0.369297,0.360942,0.352784,0.344815,0.337029,0.329421,0.321985,0.314715,0.307607,0.300656,0.293858,0.287209,0.280704,0.27434,0.268112,0.262019,0.256055,0.250218,0.244505,0.238913,0.233438,0.228079,0.222832,0.217695,0.212666,0.207741,0.20292,0.198198,0.193575,0.189048,0.184615,0.180273,0.176022,0.171859,0.167782,0.16379,0.15988,0.156051,0.152302,0.14863,0.145035,0.141513,0.138065,0.134688,0.131381,0.128143,0.124972,0.121866,0.118825,0.115847,0.112931,0.110075,0.107278,0.10454,0.101858,0.0992315,0.0966596,0.0941408,0.0916743,0.0892586,0.0868929,0.0845759,0.0823067,0.0800842,0.0779073,0.075775,0.0736864,0.0716404,0.0696361,0.0676724,0.0657485,0.0638633,0.0620161,0.0602057,0.0584315,0.0566924,0.0549875,0.053316,0.0516771,0.0500699,0.0484935,0.046947,0.0454298,0.0439409,0.0424796,0.041045,0.0396364,0.0382529,0.0368938,0.0355583,0.0342457,0.0329552,0.031686,0.0304374,0.0292087,0.0279991,0.0268078,0.0256343,0.0244777,0.0233373,0.0222124,0.0211023,0.0200064,0.0189239,0.0178541,0.0167963,0.0157499,0.0147142,0.0136884,0.0126719,0.0116641,0.0106642,0.00967162,0.00868564,0.00770562,0.00673086,0.00576075,0.00479458,0.00383171,0.00287147,0.00191322
1,0.974414,0.948951,0.923726,0.898849,0.874416,0.850507,0.82719,0.804513,0.782512,0.761208,0.74061,0.720716,0.701519,0.683002,0.665144,0.647924,0.631314,0.615288,0.59982,0.584881,0.570445,0.556487,0.542982,0.529906,0.517238,0.504957,0.493042,0.481477,0.470244,0.459327,0.448711,0.438382,0.428329,0.418538,0.408999,0.399701,0.390635,0.381792,0.373164,0.364741,0.356519,0.348488,0.340643,0.332978,0.325486,0.318164,0.311004,0.304003,0.297157,0.290459,0.283908,0.277497,0.271225,0.265087,0.259079,0.253199,0.247443,0.241809,0.236293,0.230892,0.225605,0.220427,0.215358,0.210394,0.205533,0.200772,0.196111,0.191545,0.187074,0.182696,0.178407,0.174208,0.170094,0.166066,0.162121,0.158257,0.154473,0.150767,0.147137,0.143582,0.140101,0.136691,0.133352,0.130082,0.126879,0.123742,0.120671,0.117662,0.114716,0.111831,0.109005,0.106238,0.103529,0.100875,0.0982757,0.0957303,0.0932376,0.0907963,0.0884054,0.0860637,0.0837702,0.0815239,0.0793238,0.0771686,0.0750577,0.0729898,0.0709641,0.0689796,0.0670353,0.0651302,0.0632636,0.0614343,0.0596416,0.0578845,0.0561623,0.0544739,0.0528185,0.0511953,0.0496035,0.0480422,0.0465105,0.0450077,0.043533,0.0420855,0.0406646,0.0392692,0.0378988,0.0365525,0.0352296,0.0339293,0.0326509,0.0313936,0.0301567,0.0289394,0.0277411,0.0265609,0.0253983,0.0242524,0.0231226,0.0220081,0.0209084,0.0198226,0.0187501,0.0176901,0.0166421,0.0156054,0.0145792,0.0135628,0.0125557,0.0115571,0.0105664,0.00958295,0.00860603,0.00763499,0.00666919,0.00570796,0.00475065,0.0037966,0.00284517,0.00189569
1,0.973384,0.946912,0.920724,0.894945,0.869686,0.845038,0.821074,0.797844,0.775381,0.753703,0.732813,0.712701,0.693352,0.674742,0.656843,0.639625,0.623054,0.607099,0.591726,0.576903,0.562601,0.548789,0.535441,0.52253,0.510032,0.497924,0.486185,0.474796,0.463739,0.452997,0.442554,0.432396,0.422511,0.412885,0.403507,0.394367,0.385455,0.376762,0.36828,0.36,0.351915,0.344019,0.336304,0.328766,0.321397,0.314193,0.307149,0.30026,0.293522,0.28693,0.28048,0.274168,0.267991,0.261946,0.256028,0.250235,0.244563,0.23901,0.233573,0.22825,0.223036,0.217931,0.212931,0.208035,0.20324,0.198543,0.193943,0.189438,0.185025,0.180703,0.17647,0.172323,0.168262,0.164284,0.160388,0.156571,0.152833,0.149172,0.145586,0.142073,0.138633,0.135263,0.131963,0.128731,0.125565,0.122464,0.119428,0.116454,0.113541,0.110688,0.107894,0.105157,0.102477,0.0998525,0.0972819,0.0947642,0.0922984,0.0898834,0.0875181,0.0852014,0.0829323,0.0807099,0.0785329,0.0764005,0.0743116,0.0722653,0.0702607,0.0682967,0.0663725,0.0644871,0.0626396,0.0608291,0.0590547,0.0573156,0.0556108,0.0539395,0.0523009,0.0506941,0.0491183,0.0475726,0.0460563,0.0445686,0.0431085,0.0416755,0.0402686,0.0388872,0.0375303,0.0361974,0.0348875,0.0336,0.0323342,0.0310893,0.0298645,0.0286591,0.0274725,0.0263039,0.0251526,0.0240179,0.0228991,0.0217955,0.0207065,0.0196312,0.0185691,0.0175195,0.0164816,0.0154549,0.0144386,0.0134321,0.0124347,0.0114458,0.0104647,0.00949067,0.00852316,0.00756149,0.00660498,0.00565302,0.00470492,0.00376007,0.00281779,0.00187745
1,0.972209,0.944591,0.917313,0.890522,0.864347,0.838889,0.814226,0.79041,0.767469,0.745414,0.72424,0.703928,0.684451,0.665777,0.647867,0.630684,0.614185,0.598333,0.583088,0.568413,0.554273,0.540636,0.527471,0.514749,0.502443,0.49053,0.478987,0.467793,0.456929,0.446377,0.436122,0.426149,0.416444,0.406994,0.397789,0.388817,0.380068,0.371534,0.363206,0.355076,0.347136,0.339381,0.331803,0.324397,0.317156,0.310077,0.303153,0.296381,0.289755,0.283273,0.276928,0.270719,0.264642,0.258692,0.252867,0.247164,0.24158,0.236112,0.230757,0.225512,0.220376,0.215345,0.210418,0.205592,0.200864,0.196234,0.191698,0.187255,0.182902,0.178639,0.174462,0.170371,0.166363,0.162437,0.158591,0.154824,0.151133,0.147518,0.143977,0.140509,0.137111,0.133783,0.130523,0.12733,0.124203,0.121139,0.118139,0.1152,0.112321,0.109502,0.10674,0.104036,0.101387,0.098792,0.0962508,0.0937617,0.0913239,0.0889361,0.0865974,0.0843066,0.0820628,0.0798649,0.0777121,0.0756031,0.0735372,0.0715133,0.0695305,0.0675878,0.0656845,0.0638194,0.0619918,0.0602007,0.0584454,0.0567248,0.0550382,0.0533846,0.0517634,0.0501736,0.0486144,0.047085,0.0455847,0.0441125,0.0426678,0.0412497,0.0398575,0.0384904,0.0371476,0.0358285,0.0345322,0.033258,0.0320053,0.0307731,0.029561,0.028368,0.0271936,0.026037,0.0248975,0.0237744,0.022667,0.0215747,0.0204967,0.0194324,0.0183812,0.0173422,0.0163149,0.0152986,0.0142926,0.0132963,0.012309,0.0113301,0.0103589,0.00939479,0.00843708,0.00748512,0.00653829,0.00559593,0.00465742,0.0037221,0.00278934,0.0018585
1,0.97086,0.941932,0.913415,0.885485,0.858291,0.831947,0.806534,0.782103,0.758674,0.736249,0.714809,0.694324,0.674753,0.656052,0.638171,0.621062,0.604676,0.588966,0.573886,0.559394,0.545451,0.532019,0.519066,0.506559,0.494471,0.482776,0.471449,0.460469,0.449815,0.439471,0.429419,0.419644,0.410132,0.400871,0.391848,0.383054,0.374478,0.366112,0.357946,0.349973,0.342186,0.334578,0.327143,0.319875,0.312768,0.305818,0.29902,0.292369,0.28586,0.279491,0.273257,0.267154,0.261179,0.255329,0.2496,0.24399,0.238496,0.233115,0.227845,0.222683,0.217626,0.212672,0.20782,0.203066,0.198409,0.193846,0.189376,0.184997,0.180707,0.176504,0.172386,0.168351,0.164399,0.160526,0.156733,0.153016,0.149375,0.145808,0.142313,0.13889,0.135537,0.132251,0.129033,0.125881,0.122793,0.119768,0.116804,0.113902,0.111059,0.108274,0.105546,0.102874,0.100257,0.0976938,0.0951829,0.0927236,0.0903145,0.087955,0.0856436,0.0833797,0.081162,0.0789897,0.0768616,0.074777,0.0727348,0.0707341,0.0687739,0.0668533,0.0649715,0.0631276,0.0613205,0.0595496,0.0578139,0.0561125,0.0544447,0.0528096,0.0512063,0.0496341,0.0480921,0.0465796,0.0450957,0.0436398,0.0422108,0.0408083,0.0394312,0.038079,0.0367509,0.0354461,0.0341638,0.0329035,0.0316642,0.0304454,0.0292463,0.0280662,0.0269044,0.0257602,0.0246329,0.0235219,0.0224264,0.0213457,0.0202793,0.0192263,0.0181862,0.0171584,0.016142,0.0151365,0.0141412,0.0131555,0.0121787,0.0112102,0.0102493,0.00929538,0.0083478,0.00740593,0.00646912,0.00553675,0.00460816,0.00368274,0.00275984,0.00183885
1,0.969301,0.938863,0.90893,0.879714,0.851387,0.824076,0.797864,0.772795,0.748879,0.726101,0.704427,0.683809,0.66419,0.64551,0.627708,0.610724,0.594497,0.578974,0.564102,0.549833,0.536123,0.522931,0.510221,0.497959,0.486115,0.474661,0.463573,0.452827,0.442403,0.432282,0.422448,0.412886,0.40358,0.394519,0.385691,0.377085,0.368691,0.360501,0.352505,0.344697,0.337069,0.329615,0.322329,0.315205,0.308238,0.301422,0.294753,0.288228,0.281841,0.275589,0.269468,0.263475,0.257606,0.251858,0.246229,0.240716,0.235315,0.230024,0.224841,0.219763,0.214788,0.209914,0.205138,0.200459,0.195874,0.191382,0.18698,0.182667,0.178441,0.1743,0.170242,0.166266,0.162371,0.158553,0.154814,0.151149,0.147559,0.144041,0.140595,0.137218,0.13391,0.130669,0.127494,0.124383,0.121336,0.11835,0.115426,0.112561,0.109754,0.107005,0.104312,0.101674,0.0990898,0.0965585,0.094079,0.0916501,0.089271,0.0869404,0.0846575,0.0824211,0.0802305,0.0780845,0.0759822,0.0739226,0.0719049,0.0699281,0.0679913,0.0660935,0.064234,0.0624118,0.0606261,0.0588759,0.0571606,0.0554791,0.0538307,0.0522146,0.0506299,0.0490759,0.0475517,0.0460566,0.0445898,0.0431505,0.041738,0.0403514,0.0389901,0.0376533,0.0363403,0.0350503,0.0337826,0.0325365,0.0313113,0.0301062,0.0289207,0.0277538,0.0266051,0.0254737,0.0243591,0.0232605,0.0221773,0.0211087,0.0200542,0.019013,0.0179845,0.0169681,0.015963,0.0149687,0.0139845,0.0130097,0.0120438,0.011086,0.0101358,0.00919246,0.00825539,0.00732395,0.00639753,0.00547547,0.00455717,0.00364199,0.00272931,0.0018185
1,0.967481,0.93529,0.903729,0.873056,0.843469,0.815108,0.788053,0.762336,0.737949,0.714854,0.692994,0.672298,0.652692,0.634096,0.616434,0.599632,0.583621,0.568338,0.553722,0.53972,0.526284,0.513369,0.500936,0.488949,0.477377,0.46619,0.455363,0.444872,0.434696,0.424817,0.415217,0.405881,0.396794,0.387946,0.379322,0.370914,0.362712,0.354706,0.346889,0.339253,0.331791,0.324498,0.317366,0.310391,0.303568,0.296892,0.290357,0.283962,0.2777,0.271569,0.265565,0.259685,0.253926,0.248285,0.242758,0.237343,0.232038,0.22684,0.221747,0.216756,0.211866,0.207073,0.202376,0.197774,0.193263,0.188843,0.184511,0.180266,0.176105,0.172028,0.168033,0.164117,0.16028,0.15652,0.152835,0.149225,0.145686,0.142219,0.138822,0.135494,0.132232,0.129037,0.125906,0.122838,0.119832,0.116888,0.114003,0.111177,0.108408,0.105695,0.103038,0.100435,0.0978849,0.0953867,0.0929394,0.0905421,0.0881936,0.0858931,0.0836393,0.0814316,0.0792687,0.0771499,0.075074,0.0730404,0.0710479,0.0690958,0.067183,0.0653089,0.0634723,0.0616726,0.0599088,0.0581801,0.0564857,0.0548248,0.0531964,0.0515999,0.0500344,0.0484992,0.0469934,0.0455163,0.0440671,0.0426451,0.0412494,0.0398794,0.0385343,0.0372135,0.035916,0.0346413,0.0333886,0.0321573,0.0309465,0.0297557,0.0285841,0.027431,0.0262957,0.0251777,0.0240761,0.0229904,0.0219198,0.0208637,0.0198215,0.0187925,0.017776,0.0167714,0.015778,0.0147953,0.0138225,0.0128591,0.0119044,0.0109577,0.0100185,0.00908609,0.00815987,0.00723923,0.00632352,0.00541214,0.00450446,0.00359987,0.00269774,0.00179747
1,0.965334,0.931088,0.897642,0.865312,0.834327,0.804835,0.776907,0.750551,0.72573,0.702375,0.680399,0.659703,0.640187,0.621752,0.604304,0.587755,0.572024,0.557039,0.542734,0.529048,0.51593,0.503332,0.491212,0.479533,0.468262,0.457368,0.446825,0.43661,0.426702,0.417081,0.407731,0.398636,0.389782,0.381157,0.372749,0.364549,0.356547,0.348734,0.341103,0.333646,0.326357,0.31923,0.312259,0.305439,0.298765,0.292232,0.285837,0.279575,0.273443,0.267437,0.261553,0.25579,0.250143,0.24461,0.239189,0.233876,0.22867,0.223567,0.218566,0.213664,0.20886,0.204151,0.199536,0.195012,0.190578,0.186232,0.181971,0.177796,0.173703,0.169691,0.165759,0.161906,0.158129,0.154427,0.150799,0.147243,0.143759,0.140344,0.136998,0.133718,0.130505,0.127356,0.12427,0.121247,0.118284,0.115381,0.112538,0.109751,0.107021,0.104346,0.101726,0.0991584,0.0966432,0.0941791,0.0917651,0.0894001,0.0870833,0.0848135,0.0825899,0.0804114,0.0782772,0.0761862,0.0741378,0.0721307,0.0701643,0.0682375,0.0663496,0.0644996,0.0626868,0.0609102,0.059169,0.0574624,0.0557897,0.0541498,0.0525422,0.0509659,0.0494202,0.0479043,0.0464175,0.0449589,0.0435279,0.0421236,0.0407454,0.0393924,0.0380641,0.0367596,0.0354783,0.0342194,0.0329822,0.031766,0.0305702,0.029394,0.0282368,0.0270979,0.0259766,0.0248722,0.0237841,0.0227116,0.0216541,0.0206109,0.0195814,0.0185649,0.0175608,0.0165684,0.0155871,0.0146163,0.0136554,0.0127036,0.0117605,0.0108253,0.00989742,0.00897629,0.00806129,0.00715177,0.00624714,0.00534677,0.00445006,0.0035564,0.00266517,0.00177576
1,0.962768,0.926085,0.890441,0.856223,0.823695,0.793002,0.764191,0.737233,0.712048,0.688522,0.666527,0.645932,0.626606,0.608426,0.59128,0.575064,0.559687,0.545067,0.531132,0.517816,0.505063,0.492824,0.481055,0.469717,0.458776,0.448203,0.437969,0.428052,0.41843,0.409085,0.4,0.391159,0.38255,0.374161,0.36598,0.357997,0.350204,0.342593,0.335155,0.327884,0.320774,0.313819,0.307014,0.300353,0.293833,0.287448,0.281196,0.275072,0.269073,0.263195,0.257436,0.251792,0.246261,0.24084,0.235526,0.230317,0.225212,0.220207,0.2153,0.21049,0.205775,0.201152,0.196619,0.192176,0.18782,0.18355,0.179363,0.175259,0.171235,0.167291,0.163424,0.159634,0.155918,0.152276,0.148706,0.145207,0.141777,0.138416,0.135122,0.131893,0.128728,0.125627,0.122588,0.11961,0.116692,0.113832,0.11103,0.108284,0.105594,0.102958,0.100375,0.0978448,0.0953654,0.0929363,0.0905564,0.0882248,0.0859403,0.0837022,0.0815095,0.0793612,0.0772564,0.0751943,0.0731737,0.0711941,0.0692544,0.0673538,0.0654914,0.0636664,0.0618778,0.0601251,0.0584071,0.0567233,0.0550727,0.0534547,0.0518683,0.0503128,0.0487874,0.0472915,0.0458241,0.0443847,0.0429723,0.0415864,0.0402261,0.0388908,0.0375796,0.036292,0.0350272,0.0337846,0.0325633,0.0313628,0.0301824,0.0290213,0.0278789,0.0267546,0.0256476,0.0245574,0.0234831,0.0224244,0.0213803,0.0203504,0.019334,0.0183304,0.017339,0.0163592,0.0153904,0.0144319,0.0134831,0.0125434,0.0116121,0.0106888,0.00977263,0.00886315,0.00795968,0.00706164,0.00616841,0.0052794,0.00439399,0.00351159,0.00263159,0.00175339
1,0.959652,0.920043,0.881816,0.845446,0.811228,0.779288,0.749624,0.722146,0.696709,0.67314,0.65126,0.630895,0.611882,0.594071,0.57733,0.56154,0.546599,0.532417,0.518916,0.506026,0.493689,0.481854,0.470474,0.459512,0.448932,0.438705,0.428804,0.419206,0.40989,0.400838,0.392033,0.383461,0.37511,0.366967,0.359023,0.351267,0.343691,0.336288,0.329051,0.321972,0.315047,0.30827,0.301636,0.29514,0.288778,0.282546,0.27644,0.270458,0.264595,0.258849,0.253216,0.247695,0.242282,0.236975,0.231772,0.22667,0.221668,0.216763,0.211953,0.207237,0.202612,0.198076,0.193629,0.189268,0.184992,0.180799,0.176688,0.172656,0.168703,0.164828,0.161028,0.157302,0.15365,0.150069,0.146558,0.143117,0.139744,0.136437,0.133196,0.130018,0.126904,0.123852,0.120861,0.117929,0.115056,0.112241,0.109481,0.106778,0.104128,0.101532,0.0989876,0.0964948,0.0940523,0.0916591,0.0893142,0.0870166,0.0847655,0.0825599,0.0803989,0.0782815,0.076207,0.0741742,0.0721826,0.070231,0.0683188,0.066445,0.0646088,0.0628093,0.0610459,0.0593175,0.0576235,0.055963,0.0543353,0.0527396,0.0511751,0.0496409,0.0481365,0.046661,0.0452137,0.0437939,0.0424008,0.0410336,0.0396918,0.0383745,0.0370811,0.0358109,0.0345631,0.0333372,0.0321324,0.0309479,0.0297833,0.0286377,0.0275106,0.0264013,0.0253091,0.0242333,0.0231734,0.0221287,0.0210985,0.0200823,0.0190793,0.018089,0.0171108,0.0161439,0.0151879,0.014242,0.0133058,0.0123784,0.0114595,0.0105483,0.00964419,0.00874667,0.0078551,0.00696886,0.00608738,0.00521005,0.00433628,0.00346547,0.00259703,0.00173037
1,0.955796,0.912622,0.871334,0.83252,0.796484,0.763299,0.732874,0.705021,0.679504,0.656071,0.634482,0.614512,0.59596,0.578651,0.562433,0.547173,0.532758,0.519093,0.506094,0.49369,0.481821,0.470434,0.459484,0.448932,0.438744,0.42889,0.419345,0.410087,0.401095,0.392352,0.383843,0.375553,0.367471,0.359585,0.351887,0.344367,0.337017,0.32983,0.322799,0.315919,0.309185,0.30259,0.296132,0.289805,0.283605,0.277529,0.271574,0.265737,0.260013,0.254402,0.248899,0.243503,0.238211,0.233021,0.227931,0.222938,0.218041,0.213238,0.208527,0.203906,0.199374,0.194928,0.190568,0.186291,0.182096,0.177982,0.173947,0.16999,0.16611,0.162304,0.158572,0.154913,0.151325,0.147807,0.144357,0.140975,0.137659,0.134408,0.131221,0.128097,0.125034,0.122032,0.119089,0.116205,0.113378,0.110608,0.107893,0.105232,0.102624,0.100068,0.0975636,0.0951094,0.0927046,0.0903481,0.088039,0.0857765,0.0835594,0.0813871,0.0792586,0.077173,0.0751293,0.0731269,0.0711647,0.069242,0.0673579,0.0655116,0.0637022,0.0619291,0.0601912,0.058488,0.0568185,0.055182,0.0535777,0.0520049,0.0504628,0.0489507,0.0474677,0.0460132,0.0445865,0.0431868,0.0418134,0.0404656,0.0391427,0.037844,0.0365688,0.0353164,0.0340861,0.0328774,0.0316894,0.0305215,0.0293731,0.0282435,0.0271321,0.0260382,0.0249611,0.0239003,0.022855,0.0218248,0.0208089,0.0198067,0.0188175,0.0178409,0.0168761,0.0159226,0.0149797,0.0140469,0.0131234,0.0122089,0.0113025,0.0104038,0.00951214,0.00862693,0.00774757,0.00687349,0.00600407,0.00513876,0.00427694,0.00341806,0.0025615,0.00170669
1,0.95091,0.903313,0.85838,0.816816,0.77889,0.744551,0.713555,0.685564,0.660217,0.637163,0.616088,0.596713,0.5788,0.562146,0.546582,0.531964,0.518173,0.505108,0.492682,0.480826,0.469477,0.458584,0.448102,0.437995,0.428228,0.418774,0.409609,0.40071,0.39206,0.383642,0.375442,0.367446,0.359645,0.352027,0.344583,0.337307,0.33019,0.323225,0.316408,0.309732,0.303193,0.296787,0.290508,0.284354,0.278321,0.272405,0.266604,0.260914,0.255334,0.249859,0.244489,0.239221,0.234052,0.228981,0.224006,0.219125,0.214335,0.209636,0.205025,0.200502,0.196064,0.191709,0.187437,0.183246,0.179135,0.175101,0.171145,0.167263,0.163457,0.159722,0.15606,0.152468,0.148946,0.145491,0.142103,0.138781,0.135524,0.13233,0.129198,0.126128,0.123118,0.120167,0.117275,0.114439,0.111659,0.108935,0.106265,0.103647,0.101082,0.0985678,0.0961039,0.0936892,0.0913229,0.089004,0.0867316,0.0845048,0.0823227,0.0801844,0.0780892,0.076036,0.0740241,0.0720525,0.0701206,0.0682274,0.0663722,0.064554,0.0627722,0.0610259,0.0593144,0.0576368,0.0559925,0.0543805,0.0528003,0.051251,0.0497319,0.0482422,0.0467813,0.0453483,0.0439427,0.0425637,0.0412105,0.0398825,0.0385791,0.0372994,0.0360429,0.0348088,0.0335965,0.0324053,0.0312346,0.0300837,0.028952,0.0278388,0.0267434,0.0256653,0.0246038,0.0235583,0.0225282,0.0215127,0.0205114,0.0195236,0.0185487,0.0175861,0.0166352,0.0156953,0.0147659,0.0138464,0.0129363,0.0120347,0.0111414,0.0102555,0.00937655,0.00850397,0.00763716,0.00677553,0.00591853,0.00506554,0.00421602,0.00336936,0.00252501,0.00168238
1,0.944533,0.891342,0.842058,0.797476,0.757712,0.722463,0.691232,0.663466,0.638638,0.616281,0.595998,0.577456,0.560384,0.544556,0.52979,0.515935,0.502868,0.490488,0.478708,0.46746,0.456683,0.446329,0.436354,0.426724,0.417407,0.408378,0.399613,0.391093,0.382802,0.374724,0.366845,0.359156,0.351645,0.344303,0.337123,0.330098,0.32322,0.316485,0.309886,0.30342,0.297081,0.290867,0.284772,0.278795,0.272931,0.267179,0.261534,0.255996,0.25056,0.245226,0.239991,0.234853,0.229809,0.22486,0.220001,0.215233,0.210553,0.205959,0.201451,0.197026,0.192684,0.188422,0.18424,0.180136,0.176109,0.172158,0.168281,0.164477,0.160745,0.157084,0.153492,0.149969,0.146513,0.143124,0.139799,0.136538,0.133341,0.130205,0.12713,0.124115,0.121158,0.11826,0.115418,0.112632,0.1099,0.107223,0.104598,0.102025,0.0995036,0.0970319,0.0946093,0.0922351,0.0899081,0.0876276,0.0853926,0.0832024,0.081056,0.0789526,0.0768913,0.0748713,0.0728917,0.0709519,0.0690508,0.0671879,0.0653621,0.0635728,0.0618191,0.0601004,0.0584158,0.0567645,0.0551459,0.0535591,0.0520034,0.0504782,0.0489826,0.047516,0.0460776,0.0446668,0.0432827,0.0419249,0.0405924,0.0392848,0.0380012,0.036741,0.0355036,0.0342883,0.0330944,0.0319213,0.0307682,0.0296348,0.0285201,0.0274237,0.0263448,0.025283,0.0242374,0.0232076,0.0221929,0.0211927,0.0202064,0.0192334,0.018273,0.0173248,0.016388,0.0154622,0.0145467,0.0136409,0.0127442,0.0118561,0.010976,0.0101033,0.00923746,0.00837784,0.0075239,0.00667507,0.00583077,0.00499044,0.00415351,0.00331942,0.00248758,0.00165744
1,0.935878,0.875465,0.821036,0.773319,0.732019,0.69636,0.665447,0.638432,0.61459,0.593328,0.574169,0.556735,0.540727,0.525908,0.51209,0.499122,0.486882,0.475272,0.464209,0.453628,0.443474,0.433701,0.424269,0.415147,0.406306,0.397724,0.38938,0.381257,0.373339,0.365614,0.358069,0.350696,0.343485,0.336428,0.329519,0.322751,0.316119,0.309618,0.303243,0.296991,0.290857,0.284838,0.278931,0.273134,0.267443,0.261856,0.256371,0.250986,0.245698,0.240506,0.235408,0.230402,0.225487,0.22066,0.21592,0.211267,0.206698,0.202211,0.197807,0.193483,0.189238,0.18507,0.18098,0.176964,0.173023,0.169155,0.165359,0.161634,0.157978,0.154391,0.150871,0.147418,0.14403,0.140706,0.137446,0.134247,0.13111,0.128034,0.125016,0.122057,0.119155,0.11631,0.11352,0.110784,0.108102,0.105472,0.102894,0.100367,0.0978896,0.0954611,0.0930808,0.0907477,0.0884609,0.0862195,0.0840229,0.0818699,0.0797599,0.077692,0.0756655,0.0736794,0.071733,0.0698254,0.067956,0.0661238,0.0643282,0.0625683,0.0608435,0.0591529,0.0574958,0.0558714,0.0542791,0.052718,0.0511875,0.0496868,0.0482154,0.0467723,0.045357,0.0439687,0.0426068,0.0412706,0.0399594,0.0386724,0.0374093,0.036169,0.0349512,0.0337551,0.03258,0.0314254,0.0302905,0.0291748,0.0280777,0.0269984,0.0259365,0.0248912,0.023862,0.0228483,0.0218494,0.0208648,0.0198938,0.0189359,0.0179906,0.017057,0.0161348,0.0152233,0.014322,0.0134302,0.0125475,0.0116731,0.0108066,0.00994743,0.00909494,0.00824859,0.00740785,0.00657211,0.00574085,0.00491348,0.00408947,0.00326823,0.00244923,0.00163189
1,0.923516,0.853603,0.793303,0.742748,0.700685,0.665515,0.635764,0.610227,0.587967,0.568276,0.550618,0.53459,0.519884,0.506264,0.493546,0.481587,0.470273,0.459513,0.449234,0.439376,0.429891,0.420737,0.411881,0.403295,0.394955,0.386841,0.378935,0.371223,0.363692,0.356331,0.349131,0.342083,0.33518,0.328415,0.321783,0.315279,0.308898,0.302636,0.296489,0.290454,0.284528,0.278708,0.272992,0.267378,0.261862,0.256444,0.251121,0.245891,0.240753,0.235706,0.230746,0.225874,0.221088,0.216386,0.211767,0.20723,0.202773,0.198395,0.194096,0.189874,0.185727,0.181656,0.177658,0.173732,0.169878,0.166095,0.162381,0.158735,0.155156,0.151644,0.148198,0.144815,0.141496,0.13824,0.135044,0.13191,0.128835,0.125818,0.122859,0.119957,0.117111,0.114319,0.111582,0.108897,0.106265,0.103684,0.101154,0.0986729,0.0962407,0.0938564,0.0915191,0.0892279,0.086982,0.0847806,0.0826229,0.080508,0.0784351,0.0764036,0.0744124,0.0724609,0.0705482,0.0686737,0.0668364,0.0650358,0.0632709,0.0615412,0.0598457,0.0581838,0.0565548,0.0549579,0.0533924,0.0518576,0.0503528,0.0488773,0.0474304,0.0460115,0.0446197,0.0432545,0.0419152,0.0406011,0.0393116,0.038046,0.0368035,0.0355838,0.0343859,0.0332095,0.0320536,0.0309179,0.0298016,0.0287042,0.0276249,0.0265632,0.0255186,0.0244903,0.0234778,0.0224805,0.0214978,0.0205292,0.0195739,0.0186315,0.0177014,0.016783,0.0158756,0.0149788,0.014092,0.0132146,0.0123461,0.0114858,0.0106332,0.00978784,0.00894904,0.0081163,0.00728903,0.00646672,0.00564879,0.0048347,0.0040239,0.00321584,0.00240996,0.00160573
1,0.904584,0.822127,0.755827,0.703685,0.662459,0.629252,0.601871,0.578746,0.558778,0.541193,0.525442,0.511128,0.49796,0.485721,0.474247,0.463411,0.453114,0.443279,0.433843,0.424758,0.415982,0.407482,0.39923,0.391204,0.383385,0.375756,0.368303,0.361016,0.353883,0.346897,0.340049,0.333334,0.326746,0.320279,0.31393,0.307693,0.301567,0.295548,0.289633,0.283819,0.278104,0.272486,0.266964,0.261534,0.256196,0.250949,0.245789,0.240717,0.235731,0.230829,0.22601,0.221273,0.216618,0.212042,0.207545,0.203125,0.198782,0.194515,0.190322,0.186203,0.182156,0.178181,0.174277,0.170443,0.166677,0.162979,0.159348,0.155783,0.152283,0.148847,0.145474,0.142164,0.138915,0.135726,0.132597,0.129527,0.126515,0.123559,0.12066,0.117815,0.115025,0.112289,0.109605,0.106973,0.104391,0.10186,0.099378,0.0969442,0.094558,0.0922185,0.089925,0.0876764,0.0854723,0.0833115,0.0811935,0.0791174,0.0770824,0.0750877,0.0731326,0.0712163,0.0693382,0.0674972,0.0656929,0.0639243,0.0621909,0.0604917,0.0588263,0.0571937,0.0555933,0.0540244,0.0524864,0.0509784,0.0494998,0.04805,0.0466282,0.0452338,0.0438662,0.0425245,0.0412083,0.0399168,0.0386494,0.0374055,0.0361844,0.0349854,0.0338081,0.0326516,0.0315155,0.0303991,0.0293017,0.0282229,0.0271619,0.0261182,0.0250912,0.0240803,0.0230849,0.0221044,0.0211383,0.0201859,0.0192468,0.0183202,0.0174057,0.0165027,0.0156106,0.0147288,0.0138568,0.0129941,0.0121401,0.0112942,0.0104559,0.00962461,0.00879983,0.00798098,0.00716753,0.00635893,0.00555465,0.00475413,0.00395684,0.00316225,0.0023698,0.00157897
1,0.872693,0.774496,0.704192,0.653707,0.616214,0.587167,0.563723,0.544111,0.527207,0.512279,0.498831,0.486523,0.475111,0.464419,0.454315,0.4447,0.435498,0.42665,0.418108,0.409836,0.401803,0.393985,0.38636,0.378914,0.371632,0.364502,0.357515,0.350662,0.343936,0.337332,0.330844,0.324468,0.318199,0.312035,0.305972,0.300008,0.29414,0.288367,0.282686,0.277095,0.271594,0.26618,0.260853,0.25561,0.250452,0.245376,0.240382,0.235469,0.230636,0.225881,0.221204,0.216604,0.21208,0.207632,0.203258,0.198957,0.194729,0.190573,0.186488,0.182473,0.178527,0.17465,0.170841,0.167098,0.163422,0.15981,0.156263,0.15278,0.149359,0.146001,0.142703,0.139465,0.136287,0.133167,0.130106,0.127101,0.124152,0.121258,0.118419,0.115634,0.112901,0.11022,0.10759,0.105011,0.102481,0.100001,0.0975675,0.0951817,0.0928422,0.0905484,0.0882993,0.0860942,0.0839324,0.0818131,0.0797354,0.0776987,0.0757022,0.0737452,0.0718268,0.0699465,0.0681033,0.0662966,0.0645257,0.0627899,0.0610884,0.0594206,0.0577856,0.0561829,0.0546117,0.0530715,0.0515613,0.0500807,0.0486289,0.0472052,0.0458091,0.0444398,0.0430966,0.0417791,0.0404863,0.0392179,0.0379731,0.0367514,0.0355519,0.0343743,0.0332178,0.0320818,0.0309658,0.0298691,0.0287911,0.0277313,0.026689,0.0256636,0.0246546,0.0236615,0.0226835,0.0217202,0.020771,0.0198353,0.0189125,0.0180021,0.0171036,0.0162163,0.0153397,0.0144733,0.0136165,0.0127688,0.0119296,0.0110984,0.0102747,0.00945784,0.00864735,0.00784272,0.00704336,0.00624879,0.00545844,0.0046718,0.00388832,0.00310749,0.00232877,0.00155163
1,0.811692,0.698974,0.632739,0.590739,0.561526,0.539481,0.521744,0.50677,0.493665,0.481887,0.471085,0.461025,0.451546,0.442531,0.433897,0.425581,0.417534,0.40972,0.40211,0.394681,0.387416,0.380299,0.373319,0.366467,0.359733,0.353113,0.346599,0.340188,0.333876,0.327659,0.321535,0.315502,0.309557,0.303698,0.297925,0.292235,0.286628,0.281103,0.275658,0.270293,0.265007,0.259798,0.254668,0.249614,0.244636,0.239734,0.234906,0.230153,0.225474,0.220867,0.216333,0.211871,0.20748,0.20316,0.19891,0.194729,0.190617,0.186573,0.182597,0.178687,0.174843,0.171064,0.167351,0.163701,0.160115,0.156591,0.153129,0.149728,0.146388,0.143107,0.139885,0.136721,0.133615,0.130565,0.127571,0.124632,0.121748,0.118917,0.116139,0.113413,0.110738,0.108114,0.105539,0.103014,0.100537,0.0981067,0.0957236,0.0933864,0.0910944,0.0888468,0.086643,0.084482,0.0823633,0.0802859,0.0782494,0.0762528,0.0742954,0.0723766,0.0704957,0.0686517,0.0668443,0.0650724,0.0633356,0.0616331,0.0599641,0.0583281,0.0567243,0.055152,0.0536106,0.0520994,0.0506177,0.0491649,0.0477404,0.0463434,0.0449734,0.0436296,0.0423115,0.0410184,0.0397497,0.0385048,0.0372831,0.0360838,0.0349066,0.0337506,0.0326154,0.0315003,0.0304048,0.0293282,0.0282699,0.0272295,0.0262062,0.0251996,0.024209,0.023234,0.0222738,0.021328,0.0203961,0.0194773,0.0185713,0.0176774,0.0167952,0.0159239,0.0150632,0.0142125,0.0133712,0.0125388,0.0117148,0.0108986,0.0100897,0.00928756,0.0084917,0.00770155,0.00691661,0.00613633,0.00536022,0.00458773,0.00381836,0.00305158,0.00228687,0.00152372
1,0.675102,0.576968,0.537053,0.514984,0.499671,0.487488,0.477006,0.46756,0.4588,0.450522,0.442599,0.434951,0.42752,0.420268,0.413167,0.406196,0.399341,0.39259,0.385935,0.379368,0.372886,0.366483,0.360157,0.353907,0.347729,0.341623,0.335588,0.329623,0.323728,0.317902,0.312145,0.306456,0.300837,0.295286,0.289803,0.28439,0.279045,0.273768,0.268561,0.263422,0.258352,0.25335,0.248417,0.243552,0.238756,0.234028,0.229367,0.224775,0.22025,0.215793,0.211403,0.207079,0.202822,0.198631,0.194505,0.190445,0.18645,0.182519,0.178651,0.174847,0.171106,0.167427,0.16381,0.160254,0.156759,0.153323,0.149947,0.146629,0.14337,0.140168,0.137022,0.133933,0.130899,0.12792,0.124995,0.122123,0.119304,0.116536,0.11382,0.111154,0.108538,0.105971,0.103453,0.100982,0.0985575,0.0961796,0.093847,0.0915592,0.0893153,0.0871148,0.0849567,0.0828406,0.0807655,0.078731,0.076736,0.0747802,0.0728626,0.0709827,0.0691397,0.0673329,0.0655617,0.0638253,0.0621231,0.0604544,0.0588185,0.0572149,0.0556427,0.0541014,0.0525902,0.0511087,0.0496559,0.0482315,0.0468347,0.0454649,0.0441214,0.0428037,0.041511,0.0402429,0.0389987,0.0377777,0.0365794,0.0354032,0.0342485,0.0331147,0.0320011,0.0309073,0.0298326,0.0287766,0.0277384,0.0267177,0.0257139,0.0247264,0.0237546,0.0227979,0.0218559,0.020928,0.0200136,0.0191122,0.0182233,0.0173462,0.0164806,0.0156257,0.0147812,0.0139464,0.0131209,0.0123042,0.0114956,0.0106947,0.00990095,0.00911387,0.0083329,0.00755755,0.00678729,0.00602162,0.00526002,0.00450198,0.00374699,0.00299455,0.00224413,0.00149524
0,0.31175,0.396742,0.423523,0.432474,0.434688,0.433796,0.431233,0.427667,0.423455,0.418803,0.413843,0.408662,0.403319,0.397857,0.39231,0.386701,0.38105,0.375371,0.369676,0.363977,0.358281,0.352596,0.346927,0.34128,0.33566,0.33007,0.324515,0.318997,0.313519,0.308084,0.302694,0.297351,0.292057,0.286814,0.281622,0.276485,0.271402,0.266375,0.261405,0.256492,0.251638,0.246843,0.242108,0.237433,0.232818,0.228264,0.223772,0.219341,0.214971,0.210663,0.206417,0.202233,0.19811,0.194048,0.190048,0.186109,0.182231,0.178413,0.174656,0.170958,0.16732,0.163741,0.160221,0.15676,0.153356,0.150009,0.146719,0.143486,0.140308,0.137185,0.134117,0.131103,0.128143,0.125235,0.122379,0.119574,0.116821,0.114118,0.111464,0.108859,0.106303,0.103794,0.101332,0.098916,0.0965457,0.0942201,0.0919388,0.089701,0.087506,0.085353,0.0832415,0.0811708,0.0791401,0.0771488,0.0751963,0.0732817,0.0714046,0.0695641,0.0677596,0.0659905,0.0642561,0.0625557,0.0608887,0.0592544,0.0576522,0.0560814,0.0545414,0.0530315,0.0515512,0.0500997,0.0486765,0.0472808,0.0459123,0.04457,0.0432536,0.0419623,0.0406957,0.0394529,0.0382336,0.037037,0.0358626,0.0347098,0.033578,0.0324667,0.0313753,0.0303031,0.0292497,0.0282144,0.0271968,0.0261963,0.0252122,0.0242441,0.0232914,0.0223536,0.0214301,0.0205203,0.0196239,0.0187401,0.0178686,0.0170087,0.0161599,0.0153218,0.0144937,0.0136753,0.0128659,0.012065,0.0112722,0.0104869,0.0097086,0.00893682,0.00817105,0.00741076,0.00665549,0.00590469,0.00515789,0.00441457,0.00367425,0.00293641,0.00220057,0.00146621
0,0.175156,0.274727,0.327824,0.356702,0.372811,0.381778,0.386465,0.388424,0.388551,0.387396,0.385311,0.382537,0.379239,0.375537,0.371519,0.367253,0.36279,0.358171,0.353428,0.348588,0.343672,0.338698,0.333681,0.328633,0.323567,0.31849,0.313411,0.308337,0.303274,0.298228,0.293203,0.288204,0.283235,0.278298,0.273397,0.268534,0.263713,0.258934,0.254201,0.249514,0.244876,0.240287,0.235749,0.231263,0.22683,0.222451,0.218126,0.213856,0.209642,0.205484,0.201382,0.197336,0.193348,0.189416,0.185541,0.181724,0.177963,0.174259,0.170612,0.167022,0.163487,0.160009,0.156587,0.15322,0.149908,0.146651,0.143448,0.1403,0.137204,0.134161,0.131171,0.128233,0.125346,0.12251,0.119724,0.116988,0.114301,0.111663,0.109073,0.10653,0.104033,0.101583,0.0991778,0.0968178,0.0945018,0.0922295,0.09,0.0878128,0.0856672,0.0835625,0.0814981,0.0794734,0.0774877,0.0755404,0.0736307,0.0717581,0.0699218,0.0681214,0.066356,0.0646252,0.0629281,0.0612643,0.059633,0.0580336,0.0564656,0.0549282,0.0534208,0.051943,0.0504938,0.049073,0.0476797,0.0463134,0.0449734,0.0436593,0.0423703,0.041106,0.0398657,0.0386488,0.0374547,0.0362829,0.0351328,0.0340038,0.0328954,0.031807,0.030738,0.0296879,0.0286561,0.0276421,0.0266453,0.0256653,0.0247013,0.023753,0.0228198,0.0219011,0.0209964,0.0201052,0.019227,0.0183612,0.0175073,0.0166649,0.0158334,0.0150122,0.014201,0.0133991,0.0126061,0.0118214,0.0110446,0.0102752,0.00951267,0.0087565,0.00800618,0.00726127,0.00652123,0.00578559,0.00505385,0.00432554,0.00360015,0.0028772,0.00215619,0.00143665
0,0.114146,0.199187,0.256345,0.293699,0.31808,0.33404,0.344426,0.351015,0.354933,0.35692,0.357473,0.35694,0.355567,0.353536,0.350981,0.348006,0.344691,0.3411,0.337282,0.33328,0.329126,0.324849,0.320471,0.316012,0.31149,0.306918,0.302309,0.297673,0.29302,0.288359,0.283695,0.279036,0.274388,0.269755,0.265141,0.260551,0.255989,0.251458,0.246959,0.242497,0.238073,0.23369,0.229349,0.225051,0.220799,0.216594,0.212436,0.208327,0.204268,0.200259,0.196301,0.192395,0.18854,0.184739,0.18099,0.177294,0.173651,0.170061,0.166524,0.163041,0.159611,0.156234,0.15291,0.149638,0.146419,0.143252,0.140136,0.137073,0.13406,0.131098,0.128186,0.125324,0.122512,0.119748,0.117033,0.114366,0.111746,0.109173,0.106647,0.104166,0.10173,0.0993388,0.0969917,0.094688,0.0924272,0.0902085,0.0880316,0.0858955,0.0838,0.0817441,0.0797275,0.0777493,0.0758092,0.0739063,0.0720401,0.0702099,0.0684152,0.0666553,0.0649297,0.0632375,0.0615784,0.0599516,0.0583566,0.0567926,0.0552592,0.0537557,0.0522816,0.0508361,0.0494187,0.0480289,0.046666,0.0453294,0.0440187,0.042733,0.041472,0.040235,0.0390215,0.0378308,0.0366624,0.0355158,0.0343904,0.0332856,0.032201,0.0311358,0.0300897,0.029062,0.0280522,0.0270598,0.0260842,0.025125,0.0241815,0.0232533,0.0223398,0.0214406,0.0205551,0.0196827,0.018823,0.0179755,0.0171397,0.016315,0.0155011,0.0146972,0.013903,0.013118,0.0123417,0.0115735,0.0108131,0.0100598,0.00931327,0.00857295,0.0078384,0.00710909,0.00638458,0.00566436,0.00494797,0.00423492,0.00352473,0.00281692,0.00211102,0.00140655
0,0.082242,0.15153,0.204672,0.243669,0.271771,0.291877,0.306188,0.316277,0.323248,0.327879,0.330725,0.332185,0.332557,0.332061,0.330866,0.329103,0.326873,0.324259,0.321327,0.318129,0.314709,0.311105,0.307348,0.303462,0.299469,0.29539,0.29124,0.287034,0.282783,0.278499,0.27419,0.269866,0.265534,0.2612,0.25687,0.25255,0.248244,0.243957,0.239691,0.235451,0.23124,0.22706,0.222914,0.218804,0.214732,0.210699,0.206707,0.202759,0.198854,0.194994,0.191179,0.187412,0.183692,0.18002,0.176396,0.172822,0.169297,0.165821,0.162395,0.15902,0.155694,0.152418,0.149192,0.146016,0.142889,0.139813,0.136785,0.133807,0.130878,0.127997,0.125164,0.122379,0.119641,0.116951,0.114307,0.111709,0.109157,0.10665,0.104187,0.101769,0.0993948,0.0970635,0.0947747,0.092528,0.0903227,0.0881584,0.0860344,0.0839502,0.0819051,0.0798987,0.0779303,0.0759994,0.0741052,0.0722474,0.0704252,0.0686381,0.0668854,0.0651666,0.063481,0.0618282,0.0602075,0.0586183,0.0570599,0.0555319,0.0540336,0.0525646,0.051124,0.0497114,0.0483263,0.046968,0.0456359,0.0443296,0.0430483,0.0417916,0.0405589,0.0393497,0.0381633,0.0369993,0.035857,0.034736,0.0336357,0.0325555,0.0314949,0.0304535,0.0294305,0.0284256,0.0274381,0.0264677,0.0255137,0.0245756,0.0236529,0.0227452,0.0218518,0.0209723,0.0201063,0.0192531,0.0184123,0.0175834,0.0167658,0.0159593,0.0151631,0.0143768,0.0136,0.0128321,0.0120728,0.0113214,0.0105775,0.00984071,0.00911045,0.00838629,0.00766773,0.00695433,0.0062456,0.00554107,0.00484028,0.00414275,0.00344802,0.00275562,0.00206508,0.00137595
0,0.0632925,0.12002,0.167143,0.204537,0.233458,0.255511,0.272175,0.28466,0.293906,0.300627,0.305363,0.308523,0.310418,0.31129,0.311324,0.31067,0.309444,0.307742,0.305641,0.303204,0.300483,0.297522,0.294358,0.291023,0.287542,0.28394,0.280235,0.276446,0.272586,0.26867,0.264708,0.260712,0.256689,0.252649,0.248598,0.244543,0.240489,0.236442,0.232407,0.228386,0.224385,0.220407,0.216454,0.212529,0.208635,0.204773,0.200947,0.197157,0.193405,0.189693,0.186022,0.182393,0.178806,0.175264,0.171766,0.168312,0.164905,0.161543,0.158228,0.15496,0.151738,0.148564,0.145436,0.142356,0.139323,0.136336,0.133397,0.130505,0.127659,0.124859,0.122106,0.119398,0.116736,0.114119,0.111547,0.109018,0.106534,0.104094,0.101696,0.0993416,0.0970289,0.0947578,0.0925279,0.0903386,0.0881895,0.08608,0.0840096,0.0819776,0.0799837,0.0780272,0.0761076,0.0742243,0.0723768,0.0705644,0.0687868,0.0670431,0.065333,0.0636558,0.0620109,0.0603978,0.058816,0.0572648,0.0557437,0.0542521,0.0527894,0.0513551,0.0499487,0.0485695,0.047217,0.0458906,0.0445898,0.0433141,0.0420628,0.0408355,0.0396316,0.0384505,0.0372917,0.0361547,0.0350389,0.0339439,0.032869,0.0318138,0.0307777,0.0297602,0.0287608,0.027779,0.0268143,0.0258661,0.0249339,0.0240173,0.0231158,0.0222288,0.0213559,0.0204965,0.0196502,0.0188165,0.0179948,0.0171848,0.0163859,0.0155976,0.0148196,0.0140512,0.013292,0.0125416,0.0117995,0.0110651,0.0103381,0.00961801,0.00890431,0.00819655,0.00749428,0.00679702,0.00610433,0.00541575,0.00473081,0.00404906,0.00337005,0.00269331,0.00201839,0.00134483
0,0.0509085,0.0981139,0.139344,0.173878,0.202016,0.224536,0.242342,0.256283,0.26709,0.275363,0.281582,0.286128,0.289307,0.291358,0.292475,0.292812,0.292496,0.291629,0.290296,0.288567,0.286501,0.284147,0.281546,0.278735,0.275743,0.272598,0.269322,0.265934,0.262453,0.258894,0.255269,0.251591,0.247871,0.244117,0.240339,0.236543,0.232737,0.228926,0.225116,0.221311,0.217517,0.213737,0.209974,0.206232,0.202514,0.198823,0.19516,0.191527,0.187928,0.184363,0.180834,0.177342,0.173888,0.170474,0.167101,0.163768,0.160478,0.15723,0.154026,0.150864,0.147747,0.144674,0.141645,0.138661,0.135721,0.132825,0.129974,0.127168,0.124406,0.121688,0.119014,0.116384,0.113798,0.111254,0.108754,0.106296,0.103881,0.101507,0.0991749,0.0968838,0.0946333,0.092423,0.0902524,0.0881211,0.0860286,0.0839744,0.0819579,0.0799789,0.0780365,0.0761304,0.0742601,0.072425,0.0706245,0.0688582,0.0671255,0.0654259,0.0637587,0.0621236,0.0605199,0.0589471,0.0574046,0.0558919,0.0544084,0.0529537,0.0515271,0.0501281,0.0487561,0.0474107,0.0460913,0.0447973,0.0435282,0.0422835,0.0410626,0.039865,0.0386902,0.0375377,0.0364069,0.0352973,0.0342084,0.0331397,0.0320906,0.0310607,0.0300494,0.0290563,0.0280808,0.0271225,0.0261807,0.0252552,0.0243452,0.0234505,0.0225704,0.0217045,0.0208522,0.0200133,0.019187,0.018373,0.0175709,0.01678,0.016,0.0152304,0.0144707,0.0137205,0.0129792,0.0122465,0.0115219,0.0108048,0.010095,0.00939183,0.00869492,0.00800383,0.00731808,0.00663724,0.00596084,0.00528845,0.00461962,0.0039539,0.00329085,0.00263002,0.00197096,0.00131323
0,0.0422278,0.0821837,0.118243,0.149616,0.176192,0.198276,0.216374,0.231043,0.242812,0.252155,0.259474,0.265105,0.269326,0.272364,0.274408,0.275612,0.276103,0.275987,0.275352,0.274273,0.272813,0.271023,0.26895,0.266632,0.264104,0.261393,0.258525,0.255523,0.252405,0.249189,0.24589,0.24252,0.239093,0.235617,0.232104,0.228561,0.224997,0.221417,0.217827,0.214235,0.210644,0.207058,0.203483,0.199922,0.196377,0.192853,0.189352,0.185875,0.182426,0.179007,0.175618,0.172262,0.168941,0.165655,0.162405,0.159193,0.15602,0.152885,0.149791,0.146737,0.143723,0.140751,0.137821,0.134932,0.132086,0.129281,0.126519,0.123798,0.12112,0.118485,0.115891,0.113338,0.110828,0.108359,0.105931,0.103543,0.101197,0.0988905,0.096624,0.0943971,0.0922092,0.0900601,0.0879494,0.0858764,0.083841,0.0818425,0.0798806,0.0779547,0.0760645,0.0742092,0.0723887,0.0706021,0.0688493,0.0671294,0.0654422,0.063787,0.0621634,0.0605708,0.0590087,0.0574765,0.0559738,0.0545001,0.0530547,0.0516372,0.0502471,0.0488838,0.0475468,0.0462356,0.0449497,0.0436884,0.0424515,0.0412381,0.0400481,0.0388806,0.0377354,0.0366117,0.0355093,0.0344275,0.0333658,0.0323238,0.0313009,0.0302966,0.0293105,0.0283421,0.0273908,0.0264562,0.0255379,0.0246352,0.0237478,0.0228752,0.0220168,0.0211723,0.0203411,0.0195228,0.0187169,0.017923,0.0171406,0.0163692,0.0156083,0.0148576,0.0141166,0.0133848,0.0126617,0.011947,0.0112401,0.0105406,0.00984816,0.00916222,0.00848238,0.00780819,0.00713923,0.00647503,0.00581518,0.00515923,0.00450675,0.0038573,0.00321045,0.00256576,0.00192281,0.00128115
0,0.0358191,0.0701507,0.101829,0.130153,0.15486,0.176005,0.193839,0.208702,0.220963,0.230974,0.239057,0.245495,0.25053,0.254369,0.257186,0.259128,0.260321,0.260867,0.260857,0.260366,0.259458,0.258188,0.256604,0.254747,0.252652,0.250351,0.24787,0.245234,0.242463,0.239575,0.236588,0.233515,0.23037,0.227164,0.223907,0.22061,0.21728,0.213925,0.210551,0.207165,0.203773,0.200379,0.196988,0.193603,0.19023,0.18687,0.183528,0.180205,0.176905,0.173629,0.17038,0.167159,0.163968,0.160809,0.157683,0.15459,0.151533,0.148511,0.145526,0.142579,0.139669,0.136798,0.133966,0.131173,0.12842,0.125706,0.123032,0.120398,0.117804,0.11525,0.112737,0.110262,0.107828,0.105433,0.103078,0.100762,0.0984843,0.0962456,0.0940452,0.0918827,0.0897579,0.0876704,0.0856198,0.0836057,0.0816277,0.0796854,0.0777784,0.0759063,0.0740684,0.0722646,0.0704941,0.0687567,0.0670518,0.0653789,0.0637376,0.0621273,0.0605475,0.0589979,0.0574778,0.0559868,0.0545243,0.05309,0.0516831,0.0503033,0.0489501,0.0476229,0.0463213,0.0450447,0.0437926,0.0425645,0.04136,0.0401785,0.0390196,0.0378827,0.0367673,0.035673,0.0345992,0.0335456,0.0325114,0.0314965,0.0305001,0.0295218,0.0285612,0.0276178,0.0266911,0.0257806,0.0248859,0.0240065,0.0231419,0.0222917,0.0214554,0.0206325,0.0198227,0.0190254,0.0182401,0.0174665,0.0167041,0.0159524,0.015211,0.0144795,0.0137574,0.0130442,0.0123396,0.0116431,0.0109542,0.0102726,0.00959776,0.0089293,0.00826675,0.00760973,0.00695777,0.00631048,0.0056674,0.00502813,0.00439223,0.00375929,0.00312888,0.00250058,0.00187396,0.0012486
0,0.0308982,0.0607717,0.0887687,0.114308,0.137091,0.157048,0.174275,0.188967,0.201365,0.211723,0.220289,0.227291,0.232934,0.237398,0.240841,0.243399,0.245188,0.246308,0.246848,0.24688,0.246469,0.245672,0.244537,0.243105,0.241413,0.239495,0.237377,0.235086,0.232643,0.230067,0.227378,0.224589,0.221714,0.218768,0.215759,0.212699,0.209596,0.206459,0.203295,0.200111,0.196913,0.193705,0.190494,0.187283,0.184077,0.18088,0.177694,0.174522,0.171369,0.168235,0.165123,0.162036,0.158975,0.155941,0.152937,0.149963,0.147021,0.144111,0.141235,0.138394,0.135587,0.132817,0.130083,0.127385,0.124725,0.122102,0.119517,0.116969,0.114459,0.111988,0.109554,0.107158,0.1048,0.10248,0.100197,0.0979523,0.0957444,0.0935736,0.0914395,0.0893419,0.0872805,0.0852549,0.0832648,0.0813099,0.0793898,0.0775041,0.0756524,0.0738343,0.0720494,0.0702972,0.0685774,0.0668894,0.0652329,0.0636073,0.0620123,0.0604473,0.058912,0.0574057,0.055928,0.0544785,0.0530567,0.0516621,0.0502942,0.0489525,0.0476366,0.0463459,0.04508,0.0438383,0.0426205,0.041426,0.0402544,0.0391051,0.0379776,0.0368716,0.0357865,0.0347218,0.0336771,0.0326519,0.0316457,0.0306581,0.0296885,0.0287366,0.0278018,0.0268837,0.0259819,0.0250958,0.0242251,0.0233692,0.0225278,0.0217003,0.0208863,0.0200854,0.0192971,0.0185211,0.0177567,0.0170037,0.0162616,0.0155299,0.0148082,0.0140961,0.0133932,0.012699,0.0120131,0.011335,0.0106644,0.0100008,0.0093439,0.00869313,0.00804814,0.0074085,0.00677381,0.00614363,0.00551757,0.0048952,0.00427613,0.00365992,0.00304618,0.00243448,0.00182443,0.0012156
0,0.0270023,0.0532697,0.0781667,0.101222,0.122148,0.140821,0.157249,0.171528,0.183808,0.194266,0.203086,0.210448,0.216519,0.221452,0.225386,0.228442,0.230727,0.232335,0.233349,0.233841,0.233873,0.2335,0.23277,0.231727,0.230407,0.228843,0.227063,0.225095,0.222961,0.220681,0.218273,0.215755,0.213139,0.21044,0.20767,0.204838,0.201955,0.199029,0.196068,0.193079,0.190069,0.187044,0.184008,0.180967,0.177925,0.174886,0.171854,0.168831,0.165822,0.162828,0.159852,0.156896,0.153963,0.151054,0.14817,0.145314,0.142486,0.139687,0.13692,0.134184,0.13148,0.12881,0.126173,0.123571,0.121003,0.118471,0.115974,0.113513,0.111087,0.108698,0.106344,0.104027,0.101745,0.0994998,0.0972902,0.0951165,0.0929784,0.0908758,0.0888083,0.0867758,0.084778,0.0828147,0.0808855,0.0789901,0.0771282,0.0752994,0.0735034,0.0717398,0.0700081,0.0683081,0.0666392,0.0650011,0.0633934,0.0618156,0.0602672,0.058748,0.0572573,0.0557948,0.0543599,0.0529524,0.0515716,0.0502171,0.0488885,0.0475853,0.046307,0.0450532,0.0438234,0.0426172,0.041434,0.0402734,0.0391349,0.0380182,0.0369226,0.0358478,0.0347933,0.0337586,0.0327433,0.0317469,0.0307689,0.029809,0.0288666,0.0279413,0.0270326,0.0261402,0.0252635,0.0244022,0.0235557,0.0227237,0.0219056,0.0211011,0.0203098,0.0195311,0.0187647,0.0180102,0.017267,0.0165349,0.0158133,0.0151019,0.0144001,0.0137077,0.0130242,0.0123492,0.0116822,0.0110229,0.0103708,0.0097255,0.00908665,0.00845383,0.00782661,0.0072046,0.00658738,0.00597457,0.00536574,0.00476051,0.00415847,0.00355922,0.00296237,0.0023675,0.00177423,0.00118216
0,0.0238414,0.0471385,0.0694071,0.0902665,0.109458,0.12684,0.142373,0.156089,0.168076,0.17845,0.187345,0.194898,0.201244,0.206509,0.210812,0.214259,0.216946,0.21896,0.220378,0.221266,0.221685,0.221689,0.221323,0.220631,0.21965,0.218411,0.216945,0.215277,0.213431,0.211428,0.209287,0.207024,0.204654,0.202192,0.199648,0.197036,0.194363,0.191641,0.188876,0.186077,0.18325,0.180401,0.177536,0.174661,0.171779,0.168895,0.166013,0.163137,0.160269,0.157412,0.15457,0.151744,0.148937,0.14615,0.143386,0.140646,0.137931,0.135243,0.132583,0.129952,0.12735,0.124779,0.12224,0.119732,0.117257,0.114815,0.112406,0.110031,0.10769,0.105382,0.103109,0.10087,0.0986649,0.0964943,0.094358,0.0922558,0.0901876,0.0881533,0.0861527,0.0841856,0.0822518,0.0803509,0.0784829,0.0766473,0.074844,0.0730724,0.0713324,0.0696235,0.0679455,0.0662979,0.0646804,0.0630925,0.061534,0.0600042,0.058503,0.0570298,0.0555842,0.0541658,0.0527742,0.0514089,0.0500695,0.0487556,0.0474667,0.0462023,0.0449621,0.0437455,0.0425522,0.0413816,0.0402334,0.0391071,0.0380022,0.0369183,0.0358549,0.0348117,0.0337881,0.0327837,0.0317981,0.0308308,0.0298814,0.0289495,0.0280346,0.0271362,0.026254,0.0253875,0.0245363,0.0236999,0.022878,0.02207,0.0212757,0.0204945,0.019726,0.0189699,0.0182256,0.0174928,0.0167711,0.0160601,0.0153593,0.0146684,0.0139869,0.0133144,0.0126505,0.0119949,0.0113471,0.0107067,0.0100734,0.00944663,0.00882614,0.00821147,0.00760226,0.00699808,0.00639858,0.00580333,0.00521197,0.00462409,0.00403931,0.00345724,0.00287749,0.00229967,0.0017234,0.00114829
0,0.0212251,0.0420362,0.0620572,0.0809799,0.0985784,0.114712,0.129314,0.142382,0.153958,0.164116,0.172949,0.180559,0.187052,0.192532,0.197097,0.200839,0.203843,0.206186,0.207939,0.209164,0.209918,0.210251,0.210208,0.209831,0.209155,0.208212,0.207033,0.205643,0.204065,0.20232,0.200429,0.198406,0.196269,0.19403,0.191704,0.1893,0.18683,0.184302,0.181727,0.17911,0.17646,0.173782,0.171083,0.168369,0.165643,0.162911,0.160176,0.157442,0.154713,0.151991,0.14928,0.146582,0.143899,0.141234,0.138587,0.135962,0.133359,0.13078,0.128227,0.125699,0.123199,0.120728,0.118285,0.115871,0.113488,0.111136,0.108815,0.106526,0.104268,0.102043,0.0998495,0.0976888,0.0955606,0.093465,0.0914019,0.0893714,0.0873732,0.0854075,0.0834739,0.0815724,0.0797027,0.0778647,0.0760581,0.0742826,0.072538,0.070824,0.0691403,0.0674866,0.0658625,0.0642677,0.0627018,0.0611645,0.0596554,0.0581742,0.0567204,0.0552936,0.0538934,0.0525196,0.0511715,0.0498488,0.0485512,0.0472781,0.0460292,0.044804,0.0436022,0.0424232,0.0412667,0.0401322,0.0390192,0.0379275,0.0368565,0.0358058,0.034775,0.0337636,0.0327713,0.0317975,0.0308419,0.0299041,0.0289835,0.0280799,0.0271927,0.0263216,0.0254661,0.0246259,0.0238004,0.0229893,0.0221922,0.0214087,0.0206382,0.0198806,0.0191353,0.0184019,0.01768,0.0169693,0.0162693,0.0155796,0.0148999,0.0142297,0.0135686,0.0129163,0.0122723,0.0116363,0.0110079,0.0103867,0.00977234,0.00916437,0.00856243,0.00796616,0.00737516,0.00678906,0.00620747,0.00563002,0.00505632,0.004486,0.00391869,0.003354,0.00279157,0.00223101,0.00167194,0.001114
0,0.0190232,0.0377243,0.0558065,0.0730182,0.0891653,0.104115,0.117791,0.130168,0.14126,0.151109,0.159777,0.167339,0.173877,0.179472,0.184207,0.18816,0.191404,0.194007,0.196032,0.197538,0.198575,0.199193,0.199432,0.199333,0.198931,0.198256,0.197338,0.196202,0.194871,0.193366,0.191707,0.18991,0.187991,0.185964,0.183843,0.181638,0.17936,0.17702,0.174625,0.172184,0.169704,0.167192,0.164654,0.162096,0.159522,0.156937,0.154345,0.151751,0.149158,0.146569,0.143986,0.141414,0.138853,0.136307,0.133777,0.131265,0.128773,0.126302,0.123854,0.121429,0.11903,0.116656,0.114309,0.11199,0.109698,0.107436,0.105202,0.102998,0.100825,0.098681,0.0965679,0.0944854,0.0924338,0.0904131,0.0884233,0.0864645,0.0845365,0.0826394,0.0807731,0.0789373,0.077132,0.0753569,0.073612,0.0718969,0.0702114,0.0685552,0.0669281,0.0653297,0.0637599,0.0622181,0.0607043,0.0592178,0.0577586,0.0563261,0.05492,0.05354,0.0521856,0.0508565,0.0495524,0.0482727,0.0470171,0.0457852,0.0445767,0.043391,0.0422279,0.0410868,0.0399674,0.0388693,0.0377921,0.0367352,0.0356984,0.0346812,0.0336833,0.0327041,0.0317433,0.0308004,0.0298752,0.028967,0.0280757,0.0272006,0.0263415,0.0254979,0.0246694,0.0238556,0.0230562,0.0222707,0.0214986,0.0207397,0.0199935,0.0192597,0.0185378,0.0178274,0.0171282,0.0164397,0.0157616,0.0150936,0.0144351,0.0137859,0.0131455,0.0125135,0.0118897,0.0112736,0.0106648,0.010063,0.00946782,0.00887881,0.00829567,0.00771798,0.00714542,0.00657758,0.00601412,0.00545466,0.00489885,0.0043463,0.00379666,0.00324956,0.00270464,0.00216153,0.00161988,0.00107932
0,0.0171435,0.0340318,0.0504268,0.0661218,0.0809509,0.0947925,0.107569,0.119242,0.129807,0.139284,0.147713,0.155146,0.161646,0.167276,0.172104,0.176193,0.179609,0.182409,0.18465,0.186383,0.187657,0.188516,0.189,0.189145,0.188984,0.188549,0.187866,0.186961,0.185856,0.184572,0.183128,0.181541,0.179827,0.177999,0.176071,0.174055,0.171961,0.169798,0.167577,0.165304,0.162989,0.160636,0.158253,0.155846,0.153419,0.150978,0.148526,0.146068,0.143607,0.141147,0.138691,0.136242,0.133801,0.131372,0.128957,0.126557,0.124174,0.12181,0.119466,0.117144,0.114844,0.112568,0.110316,0.10809,0.105889,0.103716,0.101569,0.0994509,0.0973604,0.0952984,0.0932652,0.0912609,0.0892858,0.08734,0.0854235,0.0835364,0.0816787,0.0798504,0.0780513,0.0762815,0.0745407,0.0728288,0.0711457,0.0694911,0.0678649,0.0662668,0.0646965,0.0631538,0.0616385,0.0601501,0.0586885,0.0572533,0.0558441,0.0544607,0.0531027,0.0517697,0.0504614,0.0491775,0.0479175,0.0466811,0.0454679,0.0442776,0.0431097,0.0419639,0.0408398,0.0397369,0.038655,0.0375936,0.0365522,0.0355306,0.0345283,0.033545,0.0325801,0.0316334,0.0307045,0.0297929,0.0288982,0.0280201,0.0271581,0.026312,0.0254811,0.0246653,0.0238641,0.0230771,0.0223039,0.0215442,0.0207975,0.0200635,0.0193418,0.018632,0.0179337,0.0172466,0.0165702,0.0159043,0.0152484,0.0146022,0.0139652,0.0133372,0.0127177,0.0121064,0.0115029,0.0109069,0.0103179,0.00973573,0.0091599,0.00859008,0.00802591,0.00746704,0.0069131,0.00636375,0.00581861,0.00527736,0.00473961,0.00420503,0.00367326,0.00314395,0.00261674,0.00209129,0.00156724,0.00104424
0,0.0155192,0.0308329,0.0457477,0.0600923,0.0737248,0.0865363,0.0984515,0.109426,0.119444,0.128509,0.136646,0.14389,0.150287,0.155886,0.16074,0.164905,0.168432,0.171373,0.173778,0.175692,0.177159,0.17822,0.17891,0.179266,0.179317,0.179094,0.178621,0.177924,0.177025,0.175944,0.174698,0.173306,0.171782,0.170141,0.168395,0.166556,0.164636,0.162643,0.160586,0.158475,0.156317,0.154118,0.151884,0.149623,0.147339,0.145036,0.14272,0.140395,0.138064,0.135731,0.133398,0.131069,0.128747,0.126433,0.12413,0.121841,0.119566,0.117307,0.115066,0.112844,0.110643,0.108464,0.106306,0.104172,0.102063,0.0999777,0.0979181,0.0958844,0.093877,0.0918964,0.0899429,0.0880166,0.0861179,0.0842469,0.0824037,0.0805883,0.0788009,0.0770414,0.0753098,0.0736059,0.0719298,0.0702812,0.0686601,0.0670663,0.0654996,0.0639597,0.0624465,0.0609597,0.0594992,0.0580644,0.0566553,0.0552715,0.0539128,0.0525787,0.051269,0.0499834,0.0487215,0.047483,0.0462675,0.0450747,0.0439043,0.0427557,0.0416288,0.0405231,0.0394383,0.038374,0.0373298,0.0363053,0.0353003,0.0343142,0.0333467,0.0323974,0.031466,0.0305521,0.0296552,0.0287751,0.0279113,0.0270635,0.0262313,0.0254142,0.024612,0.0238242,0.0230506,0.0222906,0.0215439,0.0208102,0.0200892,0.0193803,0.0186833,0.0179977,0.0173234,0.0166597,0.0160065,0.0153633,0.0147298,0.0141056,0.0134903,0.0128837,0.0122853,0.0116949,0.011112,0.0105362,0.00996734,0.00940494,0.00884871,0.00829827,0.00775329,0.00721342,0.00667831,0.00614762,0.00562102,0.00509815,0.00457867,0.00406225,0.00354854,0.0030372,0.0025279,0.00202029,0.00151403,0.00100879
0,0.0141005,0.0280334,0.0416395,0.0547757,0.0673207,0.0791777,0.0902759,0.100569,0.110034,0.118665,0.126474,0.133484,0.139728,0.145242,0.150071,0.154256,0.157844,0.160877,0.1634,0.165451,0.167072,0.168297,0.169161,0.169695,0.16993,0.169892,0.169606,0.169096,0.168382,0.167485,0.166421,0.165208,0.163861,0.162393,0.160818,0.159146,0.157389,0.155557,0.153657,0.1517,0.149692,0.14764,0.145551,0.14343,0.141284,0.139116,0.136932,0.134736,0.132531,0.130321,0.128109,0.125898,0.123692,0.121491,0.119299,0.117118,0.114949,0.112794,0.110655,0.108533,0.10643,0.104346,0.102282,0.10024,0.0982201,0.0962231,0.0942497,0.0923005,0.0903759,0.0884764,0.0866023,0.0847539,0.0829314,0.0811351,0.0793651,0.0776215,0.0759043,0.0742136,0.0725494,0.0709117,0.0693003,0.0677152,0.0661563,0.0646234,0.0631163,0.0616349,0.060179,0.0587484,0.0573427,0.0559619,0.0546055,0.0532735,0.0519653,0.0506809,0.0494198,0.0481818,0.0469666,0.0457738,0.044603,0.0434541,0.0423266,0.0412202,0.0401346,0.0390693,0.0380241,0.0369986,0.0359924,0.0350052,0.0340366,0.0330863,0.0321539,0.031239,0.0303413,0.0294604,0.028596,0.0277476,0.026915,0.0260977,0.0252954,0.0245078,0.0237344,0.0229749,0.022229,0.0214963,0.0207764,0.020069,0.0193738,0.0186903,0.0180182,0.0173572,0.0167069,0.016067,0.0154371,0.0148168,0.0142059,0.013604,0.0130107,0.0124257,0.0118487,0.0112792,0.0107171,0.0101618,0.00961318,0.00907081,0.00853436,0.0080035,0.00747789,0.00695722,0.00644113,0.00592931,0.00542141,0.00491712,0.00441609,0.00391801,0.00342254,0.00292937,0.00243815,0.00194856,0.00146028,0.000972975
0,0.0128497,0.025561,0.0380016,0.0500512,0.0616054,0.072579,0.0829064,0.0925421,0.101459,0.109645,0.117103,0.123847,0.129899,0.135288,0.140046,0.144209,0.147813,0.150896,0.153496,0.155646,0.157383,0.158739,0.159744,0.160429,0.16082,0.160942,0.16082,0.160475,0.159928,0.159197,0.158299,0.15725,0.156066,0.154759,0.153343,0.151828,0.150225,0.148544,0.146793,0.144982,0.143118,0.141207,0.139256,0.137271,0.135257,0.13322,0.131163,0.129092,0.12701,0.12492,0.122826,0.120731,0.118638,0.116549,0.114465,0.112391,0.110327,0.108274,0.106236,0.104212,0.102205,0.100216,0.0982451,0.0962939,0.0943631,0.0924535,0.0905659,0.0887007,0.0868585,0.0850396,0.0832447,0.0814739,0.0797275,0.0780057,0.0763089,0.0746369,0.07299,0.0713681,0.0697714,0.0681998,0.0666533,0.0651317,0.0636351,0.0621632,0.060716,0.0592932,0.0578948,0.0565204,0.05517,0.0538432,0.0525399,0.0512597,0.0500025,0.0487679,0.0475557,0.0463655,0.0451972,0.0440504,0.0429247,0.0418199,0.0407357,0.0396716,0.0386275,0.0376029,0.0365976,0.0356112,0.0346433,0.0336936,0.0327618,0.0318476,0.0309505,0.0300702,0.0292065,0.0283589,0.0275271,0.0267108,0.0259095,0.025123,0.024351,0.0235929,0.0228486,0.0221177,0.0213998,0.0206946,0.0200017,0.0193209,0.0186517,0.0179938,0.0173469,0.0167106,0.0160846,0.0154686,0.0148623,0.0142652,0.0136771,0.0130976,0.0125265,0.0119633,0.0114078,0.0108596,0.0103184,0.00978381,0.00925562,0.00873344,0.00821697,0.00770587,0.00719984,0.00669853,0.00620165,0.00570886,0.00521986,0.00473432,0.00425193,0.00377237,0.00329533,0.00282048,0.00234753,0.00187613,0.001406,0.000936812
0,0.0117376,0.0233596,0.0347553,0.0458226,0.0564718,0.0666275,0.0762301,0.0852357,0.0936155,0.101354,0.108448,0.114904,0.120737,0.125967,0.130619,0.134722,0.138306,0.141403,0.144043,0.146258,0.148079,0.149535,0.150653,0.15146,0.151982,0.152242,0.152262,0.152062,0.151662,0.15108,0.150332,0.149433,0.148399,0.147241,0.145971,0.144603,0.143144,0.141606,0.139996,0.138324,0.136596,0.13482,0.133001,0.131147,0.129261,0.127349,0.125417,0.123467,0.121504,0.119531,0.117553,0.11557,0.113588,0.111607,0.109631,0.107661,0.1057,0.103748,0.101809,0.0998828,0.0979712,0.0960754,0.0941965,0.0923355,0.0904932,0.0886704,0.0868678,0.0850862,0.0833259,0.0815875,0.0798713,0.0781779,0.0765073,0.07486,0.0732361,0.0716357,0.0700589,0.068506,0.0669767,0.0654713,0.0639896,0.0625317,0.0610975,0.0596868,0.0582995,0.0569355,0.0555947,0.0542768,0.0529817,0.0517092,0.0504591,0.0492311,0.0480249,0.0468405,0.0456773,0.0445353,0.0434141,0.0423135,0.0412331,0.0401727,0.0391319,0.0381106,0.0371082,0.0361246,0.0351594,0.0342123,0.0332829,0.0323711,0.0314763,0.0305983,0.0297368,0.0288915,0.028062,0.0272479,0.026449,0.0256649,0.0248953,0.0241399,0.0233982,0.0226701,0.0219551,0.0212529,0.0205633,0.0198858,0.0192201,0.018566,0.0179231,0.017291,0.0166695,0.0160581,0.0154567,0.0148648,0.0142822,0.0137085,0.0131434,0.0125867,0.0120378,0.0114967,0.0109629,0.0104361,0.009916,0.00940234,0.00889476,0.00839298,0.00789666,0.00740551,0.00691921,0.00643746,0.00595995,0.00548639,0.00501645,0.00454984,0.00408625,0.00362538,0.00316693,0.00271059,0.00225606,0.00180304,0.00135122,0.000900314
0,0.0107411,0.021385,0.0318379,0.0420129,0.0518324,0.06123,0.0701519,0.0785566,0.0864151,0.0937098,0.100433,0.106587,0.11218,0.117226,0.121744,0.125757,0.12929,0.132368,0.135019,0.137269,0.139144,0.140672,0.141876,0.142781,0.143411,0.143786,0.143927,0.143854,0.143584,0.143134,0.142521,0.141758,0.14086,0.139838,0.138706,0.137473,0.136149,0.134745,0.133268,0.131727,0.130129,0.128481,0.12679,0.12506,0.123297,0.121507,0.119694,0.117862,0.116014,0.114156,0.112289,0.110417,0.108543,0.106669,0.104797,0.10293,0.10107,0.0992184,0.0973767,0.0955465,0.0937291,0.0919259,0.090138,0.0883662,0.0866116,0.0848749,0.083157,0.0814583,0.0797795,0.078121,0.0764835,0.074867,0.0732721,0.071699,0.0701479,0.0686189,0.0671123,0.0656281,0.0641663,0.0627271,0.0613104,0.0599161,0.0585443,0.0571949,0.0558677,0.0545626,0.0532795,0.0520183,0.0507788,0.0495607,0.048364,0.0471883,0.0460334,0.0448992,0.0437854,0.0426917,0.0416179,0.0405637,0.0395289,0.0385131,0.0375161,0.0365375,0.0355772,0.0346347,0.0337099,0.0328024,0.0319118,0.031038,0.0301805,0.0293391,0.0285134,0.0277032,0.0269081,0.0261278,0.0253621,0.0246104,0.0238727,0.0231485,0.0224376,0.0217395,0.0210541,0.0203809,0.0197197,0.0190701,0.0184319,0.0178048,0.0171883,0.0165822,0.0159863,0.0154001,0.0148234,0.0142559,0.0136972,0.0131471,0.0126052,0.0120712,0.011545,0.011026,0.0105141,0.0100089,0.00951015,0.00901753,0.00853076,0.00804953,0.00757355,0.0071025,0.00663612,0.00617409,0.00571614,0.00526195,0.00481125,0.00436373,0.00391911,0.0034771,0.0030374,0.00259973,0.00216379,0.0017293,0.00129596,0.000863493
0,0.00984205,0.0196016,0.0291989,0.0385594,0.0476157,0.0563094,0.064592,0.0724249,0.0797799,0.0866383,0.0929901,0.0988329,0.104171,0.109014,0.113377,0.117276,0.120731,0.123764,0.126398,0.128656,0.130561,0.132135,0.133402,0.134382,0.135098,0.135568,0.135811,0.135846,0.135689,0.135357,0.134864,0.134223,0.133449,0.132552,0.131545,0.130438,0.129241,0.127962,0.12661,0.125193,0.123719,0.122193,0.120622,0.119012,0.117367,0.115694,0.113996,0.112278,0.110543,0.108795,0.107038,0.105273,0.103505,0.101735,0.0999662,0.0982004,0.0964396,0.0946857,0.0929401,0.0912046,0.0894803,0.0877687,0.0860707,0.0843874,0.0827197,0.0810685,0.0794344,0.0778182,0.0762204,0.0746415,0.0730821,0.0715424,0.0700229,0.0685237,0.0670452,0.0655876,0.064151,0.0627355,0.0613412,0.0599681,0.0586163,0.0572858,0.0559765,0.0546884,0.0534213,0.0521753,0.0509501,0.0497457,0.0485618,0.0473984,0.0462552,0.045132,0.0440287,0.042945,0.0418806,0.0408355,0.0398093,0.0388017,0.0378126,0.0368416,0.0358886,0.0349531,0.034035,0.033134,0.0322498,0.031382,0.0305305,0.0296949,0.0288749,0.0280703,0.0272807,0.0265058,0.0257454,0.0249991,0.0242667,0.0235478,0.0228421,0.0221494,0.0214693,0.0208016,0.0201459,0.0195019,0.0188694,0.018248,0.0176374,0.0170374,0.0164476,0.0158678,0.0152976,0.0147367,0.0141849,0.0136419,0.0131074,0.012581,0.0120625,0.0115516,0.011048,0.0105514,0.0100616,0.00957819,0.00910092,0.00862954,0.00816373,0.00770323,0.00724774,0.00679699,0.00635067,0.00590854,0.00547029,0.00503565,0.00460433,0.00417607,0.00375058,0.00332758,0.00290679,0.00248794,0.00207075,0.00165494,0.00124024,0.000826365
0,0.00902564,0.0179808,0.0267972,0.0354106,0.0437624,0.051801,0.0594828,0.0667724,0.0736428,0.080075,0.0860575,0.0915852,0.0966594,0.101286,0.105475,0.10924,0.112597,0.115563,0.118157,0.1204,0.122311,0.12391,0.125217,0.126252,0.127034,0.12758,0.127908,0.128034,0.127975,0.127745,0.127358,0.126827,0.126164,0.125382,0.12449,0.123499,0.122419,0.121257,0.120023,0.118723,0.117365,0.115955,0.114499,0.113004,0.111473,0.109912,0.108325,0.106717,0.105091,0.103451,0.101799,0.10014,0.0984748,0.096807,0.0951388,0.0934721,0.0918091,0.0901514,0.0885007,0.0868585,0.0852261,0.0836049,0.0819959,0.0804002,0.0788186,0.0772521,0.0757013,0.074167,0.0726497,0.07115,0.0696683,0.0682051,0.0667606,0.0653353,0.0639292,0.0625428,0.061176,0.0598291,0.0585022,0.0571953,0.0559085,0.0546416,0.0533949,0.0521682,0.0509614,0.0497744,0.0486073,0.0474597,0.0463317,0.045223,0.0441335,0.043063,0.0420113,0.0409782,0.0399636,0.0389672,0.0379888,0.037028,0.0360849,0.0351589,0.03425,0.0333579,0.0324823,0.0316228,0.0307794,0.0299517,0.0291394,0.0283423,0.02756,0.0267923,0.026039,0.0252997,0.0245742,0.0238621,0.0231632,0.0224772,0.0218039,0.0211428,0.0204938,0.0198566,0.0192309,0.0186163,0.0180126,0.0174195,0.0168368,0.0162641,0.0157012,0.0151478,0.0146036,0.0140682,0.0135416,0.0130232,0.012513,0.0120105,0.0115156,0.0110279,0.0105472,0.0100732,0.00960557,0.00914409,0.0086885,0.0082385,0.00779383,0.00735421,0.00691938,0.00648905,0.00606298,0.00564088,0.0052225,0.00480755,0.00439579,0.00398692,0.00358071,0.00317687,0.00277514,0.00237526,0.00197697,0.00157999,0.00118407,0.000788941
0,0.00827982,0.0164991,0.0245991,0.0325241,0.0402229,0.0476502,0.0547668,0.0615403,0.0679453,0.073963,0.0795811,0.084793,0.0895973,0.0939973,0.0979999,0.101615,0.104855,0.107735,0.110271,0.112478,0.114375,0.115979,0.117308,0.118379,0.119208,0.119813,0.12021,0.120412,0.120436,0.120294,0.12,0.119567,0.119005,0.118325,0.117539,0.116655,0.115683,0.114631,0.113506,0.112316,0.111068,0.109768,0.108423,0.107036,0.105614,0.104161,0.102682,0.10118,0.0996594,0.0981235,0.0965753,0.0950179,0.093454,0.091886,0.0903163,0.0887469,0.0871798,0.0856168,0.0840594,0.0825092,0.0809676,0.0794357,0.0779147,0.0764057,0.0749095,0.0734269,0.0719588,0.0705058,0.0690686,0.0676475,0.0662432,0.0648561,0.0634864,0.0621346,0.0608008,0.0594853,0.0581883,0.0569099,0.0556503,0.0544095,0.0531876,0.0519845,0.0508003,0.049635,0.0484885,0.0473608,0.0462517,0.0451611,0.044089,0.0430352,0.0419995,0.0409819,0.039982,0.0389998,0.038035,0.0370875,0.036157,0.0352434,0.0343463,0.0334656,0.032601,0.0317524,0.0309194,0.0301018,0.0292994,0.0285119,0.027739,0.0269806,0.0262362,0.0255058,0.0247889,0.0240854,0.0233949,0.0227172,0.0220521,0.0213992,0.0207584,0.0201292,0.0195115,0.018905,0.0183093,0.0177243,0.0171497,0.0165852,0.0160305,0.0154853,0.0149495,0.0144226,0.0139045,0.0133949,0.0128935,0.0124,0.0119142,0.0114359,0.0109647,0.0105004,0.0100427,0.00959138,0.00914616,0.0087068,0.00827301,0.00784456,0.00742117,0.00700259,0.00658856,0.00617883,0.00577314,0.00537123,0.00497285,0.00457775,0.00418567,0.00379636,0.00340956,0.00302503,0.00264251,0.00226174,0.00188248,0.00150448,0.00112748,0.000751238
0,0.00759464,0.0151371,0.0225764,0.0298642,0.0369558,0.0438111,0.0503949,0.0566779,0.0626363,0.068252,0.0735125,0.0784099,0.0829415,0.087108,0.0909141,0.0943671,0.0974768,0.100255,0.102715,0.10487,0.106736,0.108327,0.10966,0.11075,0.111611,0.11226,0.112709,0.112973,0.113066,0.113,0.112787,0.112439,0.111967,0.111381,0.11069,0.109904,0.109032,0.108081,0.107059,0.105973,0.104829,0.103633,0.102392,0.10111,0.0997918,0.0984428,0.0970667,0.0956676,0.094249,0.0928143,0.0913666,0.0899087,0.0884433,0.0869729,0.0854996,0.0840256,0.0825528,0.0810828,0.0796174,0.0781579,0.0767058,0.0752622,0.0738282,0.0724049,0.0709932,0.069594,0.0682079,0.0668356,0.0654779,0.064135,0.0628077,0.0614963,0.0602011,0.0589225,0.0576608,0.0564161,0.0551887,0.0539788,0.0527864,0.0516116,0.0504545,0.0493152,0.0481936,0.0470898,0.0460036,0.0449351,0.0438842,0.0428507,0.0418347,0.0408358,0.0398541,0.0388894,0.0379415,0.0370103,0.0360955,0.035197,0.0343147,0.0334482,0.0325974,0.0317622,0.0309421,0.0301372,0.029347,0.0285714,0.0278102,0.0270631,0.0263299,0.0256103,0.0249041,0.0242109,0.0235308,0.0228632,0.022208,0.0215649,0.0209337,0.0203142,0.019706,0.0191088,0.0185226,0.017947,0.0173817,0.0168264,0.016281,0.0157452,0.0152187,0.0147012,0.0141926,0.0136925,0.0132007,0.0127169,0.012241,0.0117725,0.0113114,0.0108573,0.01041,0.00996917,0.00953468,0.00910622,0.00868357,0.00826644,0.00785463,0.00744785,0.0070459,0.0066485,0.00625543,0.00586642,0.00548126,0.00509967,0.00472145,0.00434633,0.00397408,0.00360445,0.00323721,0.00287212,0.00250893,0.00214742,0.00178733,0.00142844,0.00107049,0.000713265
0,0.00696182,0.0138784,0.0207055,0.027401,0.0339257,0.0402441,0.0463248,0.0521412,0.0576712,0.0628978,0.0678083,0.0723945,0.0766523,0.0805811,0.0841835,0.0874647,0.0904322,0.0930955,0.0954653,0.0975536,0.0993731,0.100937,0.102259,0.103352,0.104231,0.104908,0.105397,0.105709,0.105858,0.105856,0.105713,0.10544,0.105047,0.104544,0.10394,0.103244,0.102464,0.101607,0.100681,0.0996915,0.0986456,0.0975488,0.0964066,0.0952241,0.0940059,0.0927565,0.09148,0.09018,0.0888602,0.0875237,0.0861736,0.0848127,0.0834434,0.0820684,0.0806896,0.0793091,0.0779288,0.0765504,0.0751754,0.0738054,0.0724415,0.0710851,0.0697372,0.0683988,0.0670709,0.0657542,0.0644494,0.0631573,0.0618785,0.0606135,0.0593627,0.0581267,0.0569057,0.0557001,0.0545101,0.0533361,0.0521781,0.0510365,0.0499112,0.0488024,0.0477101,0.0466345,0.0455755,0.0445332,0.0435074,0.0424982,0.0415055,0.0405292,0.0395692,0.0386255,0.0376979,0.0367862,0.0358904,0.0350103,0.0341457,0.0332964,0.0324623,0.0316432,0.0308389,0.0300492,0.0292739,0.0285128,0.0277656,0.0270322,0.0263124,0.0256059,0.0249124,0.0242319,0.0235639,0.0229084,0.022265,0.0216336,0.0210138,0.0204055,0.0198085,0.0192224,0.018647,0.0180822,0.0175275,0.0169829,0.0164481,0.0159228,0.0154068,0.0148999,0.0144017,0.0139121,0.0134308,0.0129576,0.0124923,0.0120346,0.0115842,0.0111409,0.0107046,0.0102749,0.0098516,0.0094345,0.00902333,0.00861789,0.00821792,0.0078232,0.00743347,0.00704854,0.00666814,0.00629207,0.00592008,0.00555195,0.00518743,0.00482632,0.00446837,0.00411337,0.00376107,0.00341126,0.00306371,0.00271819,0.00237447,0.00203233,0.00169154,0.00135188,0.00101312,0.000675041
0,0.00637439,0.0127094,0.0189666,0.0251092,0.0311027,0.0369156,0.04252,0.0478918,0.0530108,0.0578608,0.0624297,0.066709,0.0706938,0.0743824,0.0777759,0.0808778,0.083694,0.0862317,0.0885,0.0905087,0.0922688,0.0937915,0.0950889,0.0961727,0.0970551,0.097748,0.0982633,0.0986123,0.0988063,0.098856,0.0987718,0.0985636,0.0982408,0.0978125,0.0972872,0.0966729,0.0959773,0.0952074,0.0943701,0.0934716,0.0925179,0.0915145,0.0904666,0.089379,0.0882562,0.0871025,0.0859217,0.0847175,0.0834932,0.082252,0.0809968,0.0797303,0.078455,0.0771731,0.0758868,0.074598,0.0733086,0.0720202,0.0707344,0.0694524,0.0681757,0.0669054,0.0656426,0.0643882,0.0631432,0.0619083,0.0606843,0.0594718,0.0582714,0.0570837,0.0559091,0.0547481,0.0536009,0.052468,0.0513497,0.050246,0.0491574,0.0480838,0.0470256,0.0459827,0.0449552,0.0439432,0.0429468,0.0419659,0.0410006,0.0400507,0.0391163,0.0381972,0.0372935,0.0364049,0.0355315,0.034673,0.0338294,0.0330005,0.0321862,0.0313862,0.0306006,0.029829,0.0290713,0.0283273,0.0275968,0.0268797,0.0261757,0.0254847,0.0248064,0.0241406,0.0234871,0.0228458,0.0222163,0.0215985,0.0209921,0.020397,0.0198129,0.0192395,0.0186767,0.0181243,0.0175819,0.0170494,0.0165266,0.0160133,0.0155091,0.0150139,0.0145274,0.0140495,0.0135798,0.0131182,0.0126645,0.0122184,0.0117796,0.0113481,0.0109234,0.0105055,0.0100941,0.00968893,0.00928983,0.00889653,0.00850885,0.00812654,0.00774941,0.0073772,0.00700973,0.00664674,0.00628806,0.00593343,0.00558266,0.00523551,0.00489179,0.00455126,0.00421372,0.00387895,0.00354674,0.00321687,0.00288912,0.00256329,0.00223917,0.00191652,0.00159516,0.00127485,0.000955396,0.000636576
0,0.00582642,0.0116186,0.0173428,0.022967,0.0284607,0.0337963,0.0389487,0.0438962,0.0486204,0.0531062,0.0573421,0.0613195,0.0650331,0.0684805,0.0716616,0.0745788,0.0772362,0.0796396,0.0817964,0.0837149,0.0854041,0.0868741,0.0881349,0.0891972,0.0900716,0.0907688,0.0912993,0.0916736,0.0919017,0.0919935,0.0919584,0.0918058,0.0915441,0.0911819,0.0907269,0.0901868,0.0895687,0.0888792,0.0881247,0.0873113,0.0864443,0.0855292,0.0845708,0.0835736,0.0825421,0.0814802,0.0803916,0.0792798,0.0781481,0.0769993,0.0758364,0.0746619,0.0734781,0.0722874,0.0710916,0.0698929,0.0686927,0.0674929,0.0662947,0.0650997,0.063909,0.0627238,0.0615451,0.0603739,0.059211,0.0580572,0.0569132,0.0557798,0.0546573,0.0535465,0.0524476,0.0513613,0.0502877,0.0492272,0.0481802,0.0471468,0.0461272,0.0451217,0.0441303,0.0431532,0.0421905,0.0412421,0.0403083,0.0393889,0.0384839,0.0375934,0.0367173,0.0358555,0.035008,0.0341748,0.0333556,0.0325504,0.0317591,0.0309815,0.0302176,0.0294671,0.02873,0.028006,0.0272951,0.026597,0.0259115,0.0252386,0.0245779,0.0239294,0.0232927,0.0226679,0.0220545,0.0214525,0.0208616,0.0202817,0.0197125,0.0191538,0.0186055,0.0180672,0.0175389,0.0170202,0.016511,0.0160111,0.0155202,0.0150382,0.0145648,0.0140999,0.0136431,0.0131943,0.0127533,0.0123199,0.0118939,0.0114749,0.0110629,0.0106577,0.0102589,0.00986648,0.00948011,0.00909963,0.00872482,0.00835549,0.0079914,0.00763238,0.00727818,0.00692864,0.00658352,0.00624263,0.00590575,0.00557271,0.00524326,0.00491724,0.00459441,0.0042746,0.00395758,0.00364317,0.00333115,0.00302134,0.00271352,0.00240749,0.00210307,0.00180004,0.0014982,0.00119737,0.000897328,0.000597887
0,0.00531285,0.0105958,0.0158194,0.0209556,0.0259775,0.0308608,0.0355831,0.0401249,0.0444694,0.0486028,0.0525141,0.056195,0.0596402,0.0628465,0.0658131,0.0685413,0.0710342,0.0732962,0.0753333,0.0771524,0.0787612,0.0801681,0.081382,0.0824122,0.0832681,0.083959,0.0844946,0.084884,0.0851365,0.085261,0.0852661,0.0851602,0.0849514,0.0846474,0.0842554,0.0837824,0.0832352,0.0826198,0.0819424,0.0812083,0.080423,0.0795913,0.0787179,0.077807,0.0768628,0.0758891,0.0748893,0.0738667,0.0728245,0.0717655,0.0706923,0.0696074,0.0685131,0.0674115,0.0663045,0.065194,0.0640816,0.0629688,0.0618571,0.0607478,0.059642,0.0585408,0.0574454,0.0563564,0.0552749,0.0542016,0.0531371,0.052082,0.051037,0.0500026,0.0489791,0.047967,0.0469667,0.0459784,0.0450024,0.044039,0.0430884,0.0421508,0.0412262,0.0403148,0.0394167,0.0385319,0.0376606,0.0368026,0.0359581,0.035127,0.0343092,0.0335048,0.0327137,0.0319357,0.0311709,0.030419,0.0296801,0.028954,0.0282406,0.0275397,0.0268512,0.026175,0.0255109,0.0248588,0.0242185,0.0235898,0.0229726,0.0223667,0.0217719,0.0211881,0.020615,0.0200525,0.0195004,0.0189585,0.0184266,0.0179045,0.0173921,0.0168891,0.0163953,0.0159106,0.0154347,0.0149675,0.0145087,0.0140582,0.0136158,0.0131812,0.0127542,0.0123348,0.0119226,0.0115174,0.0111192,0.0107276,0.0103425,0.00996364,0.0095909,0.00922403,0.00886286,0.00850718,0.00815681,0.00781154,0.00747118,0.00713554,0.00680443,0.00647765,0.00615501,0.00583632,0.00552139,0.00521002,0.00490204,0.00459723,0.00429543,0.00399643,0.00370005,0.0034061,0.00311439,0.00282474,0.00253695,0.00225084,0.00196623,0.00168291,0.00140072,0.00111946,0.000838943,0.000558984
0,0.00482931,0.00963249,0.0143839,0.0190587,0.0236337,0.0280869,0.0323987,0.0365517,0.0405305,0.0443225,0.0479176,0.0513077,0.0544875,0.0574535,0.0602045,0.0627409,0.0650647,0.0671796,0.0690902,0.0708022,0.0723222,0.0736573,0.0748153,0.0758041,0.076632,0.0773074,0.0778386,0.0782342,0.0785022,0.0786508,0.0786878,0.0786209,0.0784573,0.0782042,0.0778682,0.0774559,0.0769733,0.0764262,0.0758202,0.0751605,0.0744519,0.0736991,0.0729064,0.0720778,0.0712172,0.0703281,0.0694139,0.0684776,0.0675221,0.0665502,0.0655644,0.0645669,0.06356,0.0625456,0.0615256,0.0605017,0.0594755,0.0584484,0.0574219,0.0563971,0.0553751,0.0543571,0.0533439,0.0523365,0.0513356,0.050342,0.0493564,0.0483793,0.0474112,0.0464527,0.0455042,0.044566,0.0436386,0.0427222,0.0418171,0.0409236,0.0400417,0.0391718,0.0383139,0.0374681,0.0366346,0.0358134,0.0350045,0.034208,0.0334239,0.0326521,0.0318928,0.0311457,0.0304109,0.0296884,0.0289779,0.0282795,0.0275931,0.0269185,0.0262557,0.0256045,0.0249648,0.0243365,0.0237193,0.0231134,0.0225183,0.021934,0.0213604,0.0207973,0.0202444,0.0197018,0.0191691,0.0186462,0.018133,0.0176293,0.0171348,0.0166495,0.0161731,0.0157055,0.0152464,0.0147958,0.0143533,0.0139189,0.0134924,0.0130735,0.0126621,0.012258,0.0118611,0.011471,0.0110878,0.010711,0.0103407,0.00997659,0.00961847,0.0092662,0.00891957,0.00857842,0.00824255,0.0079118,0.00758597,0.00726489,0.00694836,0.00663624,0.0063283,0.00602441,0.00572435,0.00542798,0.00513509,0.00484552,0.00455908,0.00427561,0.00399493,0.00371685,0.00344121,0.00316783,0.00289653,0.00262714,0.00235949,0.0020934,0.00182869,0.0015652,0.00130274,0.00104116,0.00078026,0.000519885
0,0.004372,0.0087212,0.0130252,0.0172623,0.0214119,0.025455,0.029374,0.0331533,0.0367793,0.0402403,0.043527,0.046632,0.0495498,0.052277,0.0548119,0.0571545,0.059306,0.0612691,0.0630475,0.0646461,0.0660702,0.0673259,0.0684199,0.0693591,0.0701508,0.0708022,0.071321,0.0717145,0.0719901,0.072155,0.0722163,0.072181,0.0720557,0.0718468,0.0715606,0.0712028,0.0707791,0.0702949,0.0697553,0.069165,0.0685287,0.0678504,0.0671344,0.0663844,0.0656038,0.0647961,0.0639644,0.0631115,0.0622402,0.061353,0.0604522,0.05954,0.0586185,0.0576895,0.0567548,0.055816,0.0548746,0.0539319,0.0529893,0.0520479,0.0511088,0.0501729,0.0492412,0.0483146,0.0473936,0.0464792,0.0455718,0.044672,0.0437804,0.0428975,0.0420236,0.041159,0.0403042,0.0394595,0.038625,0.0378011,0.0369878,0.0361855,0.0353941,0.0346138,0.0338448,0.033087,0.0323406,0.0316055,0.0308819,0.0301695,0.0294686,0.0287789,0.0281005,0.0274334,0.0267774,0.0261325,0.0254987,0.0248757,0.0242636,0.0236621,0.0230713,0.0224909,0.0219209,0.0213611,0.0208114,0.0202717,0.0197418,0.0192215,0.0187108,0.0182094,0.0177172,0.0172341,0.0167599,0.0162945,0.0158376,0.0153891,0.0149489,0.0145168,0.0140926,0.0136761,0.0132672,0.0128658,0.0124716,0.0120845,0.0117043,0.0113308,0.0109639,0.0106035,0.0102492,0.00990103,0.00955875,0.00922219,0.0088912,0.00856558,0.0082452,0.00792986,0.00761942,0.00731369,0.00701252,0.00671572,0.00642315,0.00613462,0.00584999,0.00556906,0.00529171,0.00501773,0.004747,0.00447931,0.00421454,0.00395249,0.00369303,0.00343597,0.00318116,0.00292844,0.00267765,0.00242862,0.00218119,0.00193521,0.00169051,0.00144693,0.00120431,0.000962483,0.000721303,0.000480602
0,0.00393759,0.00785531,0.0117336,0.0155536,0.0192972,0.0229477,0.0264896,0.029909,0.0331937,0.0363334,0.0393192,0.0421444,0.0448039,0.0472941,0.0496132,0.0517606,0.0537371,0.0555448,0.0571865,0.0586662,0.0599883,0.0611581,0.0621813,0.0630638,0.0638119,0.0644321,0.064931,0.0653151,0.0655911,0.0657653,0.0658442,0.0658339,0.0657405,0.0655698,0.0653273,0.0650186,0.0646486,0.0642222,0.0637442,0.0632189,0.0626505,0.0620429,0.0613999,0.0607249,0.0600212,0.0592918,0.0585397,0.0577676,0.0569779,0.0561731,0.0553552,0.0545263,0.0536884,0.0528431,0.0519921,0.051137,0.050279,0.0494195,0.0485597,0.0477006,0.0468434,0.0459888,0.0451378,0.0442911,0.0434494,0.0426135,0.0417838,0.0409609,0.0401454,0.0393375,0.0385378,0.0377466,0.0369642,0.0361908,0.0354267,0.0346722,0.0339274,0.0331925,0.0324675,0.0317527,0.0310481,0.0303537,0.0296697,0.028996,0.0283327,0.0276798,0.0270372,0.026405,0.0257831,0.0251715,0.02457,0.0239787,0.0233974,0.0228261,0.0222648,0.0217132,0.0211713,0.020639,0.0201162,0.0196027,0.0190985,0.0186034,0.0181172,0.01764,0.0171714,0.0167115,0.0162599,0.0158167,0.0153816,0.0149545,0.0145353,0.0141239,0.0137199,0.0133234,0.0129342,0.012552,0.0121768,0.0118084,0.0114467,0.0110915,0.0107426,0.0103998,0.0100631,0.00973232,0.00940721,0.00908768,0.00877354,0.00846467,0.00816089,0.00786206,0.007568,0.0072786,0.00699366,0.00671307,0.00643664,0.00616424,0.0058957,0.00563088,0.00536963,0.00511179,0.00485721,0.00460575,0.00435724,0.00411155,0.00386851,0.00362799,0.00338983,0.00315388,0.00292,0.00268803,0.00245783,0.00222925,0.00200213,0.00177634,0.00155173,0.00132815,0.00110544,0.000883473,0.00066209,0.000441149
0,0.00352313,0.00702901,0.0105007,0.0139216,0.0172761,0.0205496,0.0237283,0.0268001,0.0297541,0.032581,0.035273,0.0378236,0.0402283,0.0424835,0.0445873,0.0465388,0.0483386,0.0499879,0.0514891,0.0528454,0.0540605,0.0551389,0.0560852,0.0569048,0.057603,0.0581854,0.0586579,0.0590262,0.0592961,0.0594733,0.0595636,0.0595724,0.0595052,0.0593671,0.0591632,0.0588983,0.0585771,0.0582041,0.0577833,0.0573189,0.0568146,0.056274,0.0557005,0.0550973,0.0544673,0.0538135,0.0531384,0.0524446,0.0517342,0.0510096,0.0502726,0.0495252,0.0487691,0.048006,0.0472373,0.0464644,0.0456886,0.0449111,0.044133,0.0433553,0.042579,0.0418049,0.0410338,0.0402664,0.0395034,0.0387454,0.0379929,0.0372465,0.0365065,0.0357734,0.0350476,0.0343293,0.033619,0.0329167,0.0322229,0.0315376,0.0308611,0.0301934,0.0295348,0.0288853,0.028245,0.027614,0.0269924,0.0263801,0.0257772,0.0251836,0.0245995,0.0240247,0.0234593,0.0229031,0.0223562,0.0218185,0.0212899,0.0207704,0.0202599,0.0197582,0.0192654,0.0187812,0.0183056,0.0178386,0.0173799,0.0169295,0.0164873,0.0160531,0.0156269,0.0152084,0.0147976,0.0143943,0.0139985,0.0136099,0.0132285,0.0128541,0.0124866,0.0121258,0.0117716,0.0114238,0.0110824,0.0107472,0.0104181,0.0100948,0.00977727,0.00946538,0.00915899,0.00885792,0.00856207,0.00827126,0.00798538,0.00770428,0.00742781,0.00715584,0.00688823,0.00662483,0.00636552,0.00611013,0.00585855,0.00561062,0.00536622,0.00512519,0.00488741,0.00465273,0.00442103,0.00419215,0.00396597,0.00374234,0.00352114,0.00330222,0.00308545,0.00287069,0.00265781,0.00244667,0.00223714,0.00202908,0.00182237,0.00161685,0.00141241,0.0012089,0.00100619,0.000804149,0.000602645,0.00040154
0,0.003126,0.0062371,0.00931862,0.0123563,0.0153365,0.0182465,0.0210744,0.0238095,0.0264423,0.0289644,0.0313688,0.0336498,0.0358031,0.0378254,0.0397147,0.0414701,0.0430917,0.0445804,0.0459381,0.0471673,0.0482711,0.0492532,0.0501176,0.0508689,0.0515116,0.0520506,0.052491,0.0528377,0.0530959,0.0532705,0.0533667,0.0533893,0.053343,0.0532325,0.0530624,0.0528369,0.0525601,0.0522362,0.0518687,0.0514614,0.0510177,0.0505407,0.0500336,0.0494993,0.0489403,0.0483595,0.0477589,0.0471411,0.046508,0.0458616,0.0452037,0.044536,0.0438602,0.0431777,0.0424899,0.041798,0.0411032,0.0404067,0.0397093,0.0390121,0.0383159,0.0376216,0.0369296,0.0362409,0.035556,0.0348754,0.0341996,0.0335291,0.0328643,0.0322056,0.0315534,0.0309078,0.0302693,0.029638,0.0290141,0.0283979,0.0277895,0.027189,0.0265966,0.0260123,0.0254363,0.0248686,0.0243093,0.0237583,0.0232158,0.0226816,0.0221559,0.0216386,0.0211296,0.020629,0.0201367,0.0196527,0.0191768,0.0187091,0.0182495,0.0177978,0.017354,0.0169181,0.0164899,0.0160693,0.0156563,0.0152507,0.0148525,0.0144615,0.0140776,0.0137007,0.0133307,0.0129676,0.012611,0.0122611,0.0119175,0.0115803,0.0112492,0.0109243,0.0106052,0.010292,0.00998446,0.0096825,0.00938597,0.00909477,0.00880875,0.0085278,0.00825177,0.00798057,0.00771404,0.00745207,0.00719452,0.00694128,0.00669221,0.0064472,0.0062061,0.00596881,0.00573518,0.0055051,0.00527844,0.00505508,0.00483488,0.00461773,0.0044035,0.00419207,0.00398331,0.0037771,0.00357331,0.00337184,0.00317253,0.00297529,0.00277998,0.00258649,0.00239469,0.00220446,0.00201567,0.00182821,0.00164196,0.00145679,0.00127258,0.00108922,0.000906581,0.000724543,0.000542986,0.000361791
0,0.00274385,0.00547492,0.00818063,0.0108487,0.0134675,0.016026,0.0185139,0.0209219,0.0232417,0.0254661,0.0275887,0.0296047,0.0315098,0.0333013,0.0349772,0.0365364,0.0379788,0.0393052,0.0405168,0.0416159,0.0426048,0.0434866,0.0442648,0.0449431,0.0455255,0.0460162,0.0464194,0.0467395,0.046981,0.0471481,0.0472454,0.047277,0.0472471,0.0471598,0.0470192,0.0468289,0.0465927,0.0463141,0.0459964,0.0456428,0.0452565,0.0448401,0.0443966,0.0439284,0.043438,0.0429277,0.0423995,0.0418556,0.0412978,0.0407278,0.0401474,0.0395579,0.0389609,0.0383577,0.0377495,0.0371375,0.0365227,0.0359061,0.0352886,0.034671,0.0340542,0.0334388,0.0328255,0.0322148,0.0316074,0.0310037,0.0304042,0.0298092,0.0292193,0.0286347,0.0280557,0.0274825,0.0269156,0.026355,0.0258009,0.0252536,0.0247132,0.0241798,0.0236535,0.0231344,0.0226226,0.0221181,0.021621,0.0211314,0.0206492,0.0201744,0.0197071,0.0192472,0.0187948,0.0183498,0.0179121,0.0174818,0.0170587,0.0166428,0.0162341,0.0158325,0.0154379,0.0150502,0.0146694,0.0142954,0.0139281,0.0135674,0.0132132,0.0128655,0.0125241,0.0121889,0.0118598,0.0115368,0.0112196,0.0109083,0.0106028,0.0103028,0.0100083,0.00971923,0.00943544,0.0091568,0.00888323,0.00861461,0.00835083,0.00809177,0.00783733,0.00758738,0.00734183,0.00710054,0.00686343,0.00663036,0.00640124,0.00617593,0.00595435,0.00573636,0.00552186,0.00531074,0.00510288,0.00489818,0.00469652,0.00449778,0.00430187,0.00410867,0.00391807,0.00372994,0.00354421,0.00336073,0.00317942,0.00300015,0.00282282,0.00264732,0.00247355,0.00230139,0.00213073,0.00196146,0.00179349,0.00162669,0.00146097,0.00129621,0.00113231,0.000969163,0.000806655,0.000644681,0.000483137,0.000321913
0,0.00237452,0.00473822,0.00708041,0.00939072,0.0116592,0.0138764,0.0160337,0.018123,0.0201372,0.02207,0.0239161,0.0256709,0.027331,0.0288937,0.0303571,0.0317203,0.032983,0.0341457,0.0352094,0.0361757,0.0370468,0.037825,0.0385133,0.0391147,0.0396327,0.0400708,0.0404325,0.0407217,0.0409421,0.0410974,0.0411915,0.041228,0.0412104,0.0411425,0.0410275,0.0408689,0.0406697,0.0404332,0.0401621,0.0398593,0.0395274,0.039169,0.0387865,0.0383821,0.037958,0.0375161,0.0370583,0.0365865,0.0361023,0.0356071,0.0351026,0.0345899,0.0340705,0.0335454,0.0330157,0.0324825,0.0319467,0.0314091,0.0308707,0.030332,0.0297938,0.0292568,0.0287214,0.0281883,0.0276579,0.0271307,0.026607,0.0260873,0.0255718,0.025061,0.0245549,0.024054,0.0235584,0.0230683,0.0225839,0.0221054,0.0216328,0.0211663,0.020706,0.020252,0.0198043,0.019363,0.0189282,0.0184998,0.0180779,0.0176626,0.0172537,0.0168513,0.0164554,0.016066,0.015683,0.0153063,0.0149361,0.0145721,0.0142144,0.0138629,0.0135175,0.0131782,0.0128448,0.0125174,0.0121959,0.0118802,0.0115701,0.0112657,0.0109668,0.0106733,0.0103852,0.0101024,0.00982477,0.00955223,0.00928468,0.00902205,0.00876422,0.00851111,0.00826262,0.00801866,0.00777912,0.00754392,0.00731294,0.00708611,0.00686331,0.00664445,0.00642943,0.00621816,0.00601052,0.00580644,0.00560579,0.00540851,0.00521446,0.00502358,0.00483574,0.00465086,0.00446884,0.00428958,0.00411298,0.00393895,0.00376738,0.00359819,0.00343127,0.00326653,0.00310387,0.0029432,0.00278441,0.00262742,0.00247212,0.00231843,0.00216625,0.00201548,0.00186602,0.00171779,0.00157068,0.00142461,0.00127947,0.00113519,0.000991646,0.000848764,0.000706444,0.000564593,0.000423117,0.000281922
0,0.00201608,0.00402313,0.00601225,0.00797475,0.00990234,0.0117871,0.0136218,0.0153996,0.0171146,0.0187613,0.0203353,0.0218326,0.0232503,0.024586,0.0258381,0.0270056,0.0280882,0.0290862,0.0300004,0.030832,0.0315827,0.0322545,0.0328497,0.033371,0.0338211,0.0342029,0.0345196,0.0347741,0.0349697,0.0351095,0.0351967,0.0352345,0.0352259,0.0351738,0.0350813,0.0349511,0.034786,0.0345886,0.0343613,0.0341066,0.0338268,0.033524,0.0332003,0.0328576,0.0324977,0.0321225,0.0317334,0.031332,0.0309198,0.0304981,0.0300681,0.029631,0.0291879,0.0287398,0.0282877,0.0278324,0.0273748,0.0269155,0.0264553,0.0259949,0.0255348,0.0250755,0.0246176,0.0241615,0.0237077,0.0232566,0.0228084,0.0223636,0.0219223,0.0214849,0.0210517,0.0206227,0.0201983,0.0197785,0.0193636,0.0189537,0.0185489,0.0181492,0.0177548,0.0173658,0.0169822,0.0166041,0.0162314,0.0158643,0.0155027,0.0151467,0.0147963,0.0144514,0.014112,0.0137782,0.0134498,0.013127,0.0128095,0.0124975,0.0121908,0.0118894,0.0115933,0.0113024,0.0110166,0.0107359,0.0104602,0.0101894,0.00992355,0.0096625,0.00940619,0.00915454,0.00890749,0.00866496,0.00842687,0.00819314,0.0079637,0.00773846,0.00751735,0.00730027,0.00708717,0.00687793,0.0066725,0.00647077,0.00627268,0.00607812,0.00588704,0.00569932,0.00551491,0.00533369,0.00515561,0.00498056,0.00480847,0.00463925,0.00447282,0.00430909,0.00414798,0.0039894,0.00383327,0.00367951,0.00352804,0.00337876,0.0032316,0.00308647,0.0029433,0.00280198,0.00266246,0.00252464,0.00238844,0.00225377,0.00212057,0.00198873,0.00185819,0.00172886,0.00160066,0.00147351,0.00134732,0.00122202,0.00109753,0.000973756,0.00085063,0.000728066,0.000605985,0.000484306,0.000362948,0.000241832
0,0.00166671,0.00332608,0.00497083,0.0065939,0.00818851,0.00974823,0.011267,0.0127395,0.0141605,0.0155258,0.0168315,0.0180745,0.0192522,0.0203626,0.0214043,0.0223765,0.0232788,0.0241113,0.0248748,0.02557,0.0261984,0.0267615,0.0272612,0.0276996,0.0280789,0.0284015,0.0286699,0.0288866,0.0290543,0.0291755,0.0292528,0.0292888,0.0292861,0.0292471,0.0291742,0.0290698,0.0289361,0.0287754,0.0285896,0.0283808,0.0281509,0.0279016,0.0276348,0.027352,0.0270547,0.0267444,0.0264225,0.0260902,0.0257487,0.0253992,0.0250426,0.02468,0.0243123,0.0239404,0.0235649,0.0231867,0.0228065,0.0224248,0.0220423,0.0216595,0.0212769,0.0208949,0.0205141,0.0201347,0.0197571,0.0193816,0.0190087,0.0186384,0.0182711,0.017907,0.0175462,0.0171891,0.0168356,0.0164861,0.0161406,0.0157991,0.0154619,0.015129,0.0148005,0.0144764,0.0141568,0.0138418,0.0135313,0.0132254,0.0129241,0.0126275,0.0123354,0.012048,0.0117652,0.011487,0.0112133,0.0109443,0.0106797,0.0104196,0.010164,0.00991279,0.00966596,0.00942345,0.00918522,0.00895123,0.00872141,0.00849571,0.00827408,0.00805646,0.00784278,0.007633,0.00742704,0.00722486,0.00702636,0.00683151,0.00664022,0.00645244,0.00626809,0.00608711,0.00590943,0.00573499,0.00556371,0.00539552,0.00523035,0.00506815,0.00490882,0.00475231,0.00459855,0.00444746,0.00429897,0.00415302,0.00400953,0.00386843,0.00372966,0.00359314,0.0034588,0.00332658,0.00319639,0.00306818,0.00294188,0.00281741,0.0026947,0.00257369,0.0024543,0.00233647,0.00222013,0.00210521,0.00199163,0.00187934,0.00176827,0.00165834,0.00154948,0.00144164,0.00133474,0.00122871,0.00112349,0.00101901,0.000915194,0.000811986,0.000709315,0.000607113,0.000505313,0.000403849,0.000302652,0.000201656
0,0.00132474,0.00264371,0.0039512,0.00524167,0.00650978,0.00775046,0.00895898,0.010131,0.0112626,0.0123503,0.013391,0.0143822,0.0153219,0.0162084,0.0170407,0.0178178,0.0185397,0.0192063,0.019818,0.0203756,0.0208801,0.0213327,0.0217348,0.0220881,0.0223942,0.0226552,0.0228729,0.0230492,0.0231864,0.0232864,0.0233513,0.0233831,0.0233838,0.0233554,0.0232999,0.023219,0.0231146,0.0229885,0.0228422,0.0226774,0.0224956,0.0222982,0.0220867,0.0218623,0.0216262,0.0213795,0.0211235,0.0208591,0.0205872,0.0203088,0.0200248,0.0197358,0.0194426,0.019146,0.0188465,0.0185448,0.0182413,0.0179367,0.0176313,0.0173257,0.0170201,0.0167151,0.0164108,0.0161077,0.015806,0.015506,0.015208,0.014912,0.0146185,0.0143274,0.0140391,0.0137535,0.0134709,0.0131915,0.0129152,0.0126421,0.0123725,0.0121063,0.0118435,0.0115843,0.0113287,0.0110767,0.0108284,0.0105837,0.0103427,0.0101054,0.00987173,0.0096418,0.00941555,0.00919296,0.00897404,0.00875874,0.00854707,0.00833898,0.00813445,0.00793345,0.00773595,0.0075419,0.00735128,0.00716404,0.00698014,0.00679953,0.00662218,0.00644803,0.00627704,0.00610916,0.00594434,0.00578253,0.00562369,0.00546775,0.00531467,0.00516438,0.00501685,0.00487201,0.00472982,0.0045902,0.00445312,0.00431852,0.00418633,0.00405651,0.003929,0.00380373,0.00368067,0.00355974,0.0034409,0.00332408,0.00320924,0.00309631,0.00298524,0.00287597,0.00276845,0.00266262,0.00255842,0.00245581,0.00235471,0.00225509,0.00215687,0.00206001,0.00196446,0.00187014,0.00177703,0.00168504,0.00159414,0.00150426,0.00141535,0.00132736,0.00124024,0.00115392,0.00106835,0.000983484,0.000899264,0.000815633,0.000732541,0.000649931,0.000567751,0.000485946,0.000404464,0.000323249,0.000242249,0.00016141
0,0.000988569,0.00197287,0.00294869,0.00391193,0.00485862,0.00578502,0.00668764,0.00756322,0.00840886,0.00922196,0.0100003,0.0107418,0.0114452,0.012109,0.0127325,0.013315,0.0138564,0.0143567,0.014816,0.015235,0.0156144,0.015955,0.0162579,0.0165244,0.0167556,0.0169529,0.0171179,0.0172519,0.0173565,0.0174333,0.0174837,0.0175093,0.0175115,0.0174919,0.0174518,0.0173927,0.0173159,0.0172227,0.0171144,0.0169921,0.016857,0.0167102,0.0165526,0.0163854,0.0162093,0.0160253,0.0158341,0.0156367,0.0154335,0.0152255,0.0150131,0.014797,0.0145777,0.0143558,0.0141317,0.0139059,0.0136787,0.0134506,0.013222,0.0129931,0.0127642,0.0125357,0.0123078,0.0120808,0.0118547,0.0116299,0.0114066,0.0111848,0.0109648,0.0107466,0.0105305,0.0103164,0.0101046,0.0098951,0.00968795,0.00948326,0.00928108,0.00908146,0.00888445,0.0086901,0.00849842,0.00830945,0.00812321,0.00793971,0.00775897,0.00758099,0.00740578,0.00723333,0.00706363,0.00689669,0.00673248,0.00657101,0.00641223,0.00625615,0.00610273,0.00595197,0.00580381,0.00565826,0.00551526,0.00537481,0.00523685,0.00510137,0.00496833,0.00483769,0.00470942,0.00458348,0.00445983,0.00433845,0.00421928,0.0041023,0.00398745,0.00387471,0.00376402,0.00365537,0.00354868,0.00344394,0.0033411,0.00324011,0.00314094,0.00304354,0.00294787,0.0028539,0.00276157,0.00267084,0.00258168,0.00249404,0.00240787,0.00232314,0.00223981,0.00215783,0.00207716,0.00199776,0.00191958,0.00184259,0.00176674,0.00169199,0.0016183,0.00154563,0.00147394,0.00140318,0.00133331,0.00126429,0.00119609,0.00112865,0.00106195,0.000995928,0.000930556,0.000865791,0.00080159,0.000737915,0.000674723,0.000611975,0.00054963,0.000487648,0.000425987,0.000364609,0.000303472,0.000242536,0.000181761,0.000121107
0,0.00065669,0.00131056,0.00195884,0.00259881,0.00322787,0.00384353,0.00444348,0.00502557,0.00558789,0.00612869,0.00664648,0.00713999,0.00760817,0.00805022,0.00846555,0.00885375,0.00921467,0.00954829,0.00985479,0.0101345,0.0103879,0.0106155,0.0108181,0.0109964,0.0111513,0.0112837,0.0113944,0.0114846,0.0115552,0.0116072,0.0116416,0.0116595,0.0116618,0.0116495,0.0116235,0.0115849,0.0115344,0.0114729,0.0114014,0.0113205,0.011231,0.0111337,0.0110292,0.0109182,0.0108013,0.010679,0.010552,0.0104208,0.0102857,0.0101474,0.0100061,0.00986234,0.00971644,0.00956875,0.00941959,0.00926926,0.00911804,0.00896619,0.00881393,0.0086615,0.0085091,0.0083569,0.00820509,0.00805382,0.00790324,0.00775348,0.00760466,0.0074569,0.00731029,0.00716492,0.00702088,0.00687825,0.00673708,0.00659744,0.00645939,0.00632296,0.0061882,0.00605515,0.00592383,0.00579428,0.00566651,0.00554054,0.00541639,0.00529407,0.00517358,0.00505493,0.00493813,0.00482316,0.00471003,0.00459873,0.00448926,0.00438159,0.00427574,0.00417168,0.00406939,0.00396887,0.00387009,0.00377304,0.0036777,0.00358405,0.00349207,0.00340174,0.00331303,0.00322592,0.00314039,0.00305642,0.00297398,0.00289303,0.00281358,0.00273557,0.00265899,0.00258381,0.00251001,0.00243755,0.00236642,0.00229658,0.002228,0.00216066,0.00209453,0.00202958,0.00196579,0.00190312,0.00184155,0.00178105,0.0017216,0.00166315,0.0016057,0.0015492,0.00149363,0.00143896,0.00138517,0.00133222,0.00128008,0.00122874,0.00117816,0.00112832,0.00107918,0.00103072,0.000982907,0.000935719,0.000889128,0.000843105,0.000797623,0.000752653,0.00070817,0.000664144,0.000620551,0.000577361,0.000534549,0.000492086,0.000449947,0.000408102,0.000366527,0.000325193,0.000284075,0.000243144,0.000202374,0.000161738,0.00012121,8.07618e-05
